topology,layout,permutation,route_status,paths,routed_paths,failed_paths,drc_violation_count,crossing_count,braid_pair_count,max_pair_crossing_count,repeated_crossing_pairs,topology_wiring_um,physical_wiring_um,wiring_delta_um,topology_worst_il_db,physical_worst_il_db,worst_il_delta_db,avg_il_delta_db,grid_pitch_um,grid_merge_tol_um,min_spacing_um,mrr_keepout_um,port_escape_um,crossing_penalty_um,turn_guard_um,turn_timing_penalty_um,backtrack_penalty_um,hairpin_penalty_um,loss_aware_cost,prop_loss_db_per_um,bend_loss_db_per_bend,crossing_loss_db_per_cross,repeated_crossing_loss_db,jog_penalty_db,bend_placement_penalty_db,max_astar_pops,ripup_max_astar_pops,local_repair_max_shift_tracks,route_window_max_detour_tracks,effective_route_window_slack_um,grid_margin_tracks,stage_pitch_um,wire_pitch_um,x_start_um,x_end_um,astar_calls,ripup_passes,ripup_passes_executed,early_stop_enabled,early_stopped,n_logical,layer,perm_idx,seed,runtime_s,failure_rate
padded_benes_4x4,default,1-2-0,routed,3,3,0,0,4,1,2,I0-I1:2,1183.000000,2280.867229,1097.867229,1.175565,2.338892,1.163327,0.901911,8.0,3.5,4.0,6.0,10.0,20.0,16.0,48.0,80.0,200.0,False,0.002,0.005,0.1,0.0,0.0,0.0,8000,4000,8,4,37.0,12,105.0,36.0,20.0,365.000000,3,3,1,True,False,3,physical,0,42,0.430923,0.0
padded_benes_4x4,default,0-2-1,routed,3,3,0,0,5,2,2,I0-I1:2;I0-I2:2,1183.000000,2325.159265,1142.159265,1.175565,2.399600,1.224035,0.994773,8.0,3.5,4.0,6.0,10.0,20.0,16.0,48.0,80.0,200.0,False,0.002,0.005,0.1,0.0,0.0,0.0,8000,4000,8,4,37.0,12,105.0,36.0,20.0,365.000000,4,3,1,True,False,3,physical,1,42,0.500327,0.0
padded_benes_4x4,default,1-0-2,failed,3,2,1,0,2,1,2,I0-I2:2,1207.000000,1302.787596,95.787596,1.280232,1.820686,0.540455,0.587788,8.0,3.5,4.0,6.0,10.0,20.0,16.0,48.0,80.0,200.0,False,0.002,0.005,0.1,0.0,0.0,0.0,8000,4000,8,4,37.0,12,105.0,36.0,20.0,365.000000,7,3,4,True,True,3,physical,2,42,2.614456,0.3333333333333333
padded_benes_4x4,default,2-0-1,routed,3,3,0,0,6,2,3,I0-I1:3;I1-I2:2,1207.000000,2107.451302,900.451302,1.280232,2.272727,0.992496,0.763634,8.0,3.5,4.0,6.0,10.0,20.0,16.0,48.0,80.0,200.0,False,0.002,0.005,0.1,0.0,0.0,0.0,8000,4000,8,4,37.0,12,105.0,36.0,20.0,365.000000,2,3,1,True,False,3,physical,3,42,0.117029,0.0
padded_benes_4x4,default,0-1-2,routed,3,3,0,0,8,3,4,I0-I1:4;I0-I2:2;I1-I2:2,1207.000000,2160.619449,953.619449,1.292899,2.609394,1.316496,0.985746,8.0,3.5,4.0,6.0,10.0,20.0,16.0,48.0,80.0,200.0,False,0.002,0.005,0.1,0.0,0.0,0.0,8000,4000,8,4,37.0,12,105.0,36.0,20.0,365.000000,3,3,1,True,False,3,physical,4,42,0.616545,0.0
padded_benes_4x4,default,2-1-0,routed,3,3,0,0,7,2,3,I0-I1:3;I1-I2:3,1207.000000,2127.889357,920.889357,1.292899,2.577394,1.284496,0.838926,8.0,3.5,4.0,6.0,10.0,20.0,16.0,48.0,80.0,200.0,False,0.002,0.005,0.1,0.0,0.0,0.0,8000,4000,8,4,37.0,12,105.0,36.0,20.0,365.000000,3,3,1,True,False,3,physical,5,42,0.298068,0.0
waksman_3x3,default,1-2-0,routed,3,3,0,0,6,2,3,I0-I1:2;I0-I2:3,1071.000000,1932.765467,861.765467,1.022598,2.171053,1.148455,0.822844,8.0,3.5,4.0,6.0,10.0,20.0,16.0,48.0,80.0,200.0,False,0.002,0.005,0.1,0.0,0.0,0.0,8000,4000,8,4,37.0,12,105.0,36.0,20.0,365.000000,2,3,1,True,False,3,physical,0,42,0.097734,0.0
waksman_3x3,default,0-2-1,routed,3,3,0,0,5,2,2,I0-I1:2;I0-I2:2,1071.000000,1912.327412,841.327412,1.022598,1.866386,0.843788,0.747552,8.0,3.5,4.0,6.0,10.0,20.0,16.0,48.0,80.0,200.0,False,0.002,0.005,0.1,0.0,0.0,0.0,8000,4000,8,4,37.0,12,105.0,36.0,20.0,365.000000,1,3,1,True,False,3,physical,1,42,0.073820,0.0
waksman_3x3,default,1-0-2,routed,3,3,0,0,5,2,3,I0-I1:3;I0-I2:2,1071.000000,2174.619449,1103.619449,1.104232,2.317177,1.212945,0.919080,8.0,3.5,4.0,6.0,10.0,20.0,16.0,48.0,80.0,200.0,False,0.002,0.005,0.1,0.0,0.0,0.0,8000,4000,8,4,37.0,12,105.0,36.0,20.0,365.000000,3,3,1,True,False,3,physical,2,42,0.239062,0.0
waksman_3x3,default,2-0-1,routed,3,3,0,0,4,1,2,I1-I2:2,1071.000000,1916.619449,845.619449,1.022598,1.943761,0.921163,0.680413,8.0,3.5,4.0,6.0,10.0,20.0,16.0,48.0,80.0,200.0,False,0.002,0.005,0.1,0.0,0.0,0.0,8000,4000,8,4,37.0,12,105.0,36.0,20.0,365.000000,1,3,1,True,False,3,physical,3,42,0.110805,0.0
waksman_3x3,default,0-1-2,routed,3,3,0,0,4,2,2,I0-I1:2;I0-I2:2,1071.000000,1903.933614,832.933614,1.052899,1.837596,0.784697,0.656956,8.0,3.5,4.0,6.0,10.0,20.0,16.0,48.0,80.0,200.0,False,0.002,0.005,0.1,0.0,0.0,0.0,8000,4000,8,4,37.0,12,105.0,36.0,20.0,365.000000,2,3,1,True,False,3,physical,4,42,0.192083,0.0
waksman_3x3,default,2-1-0,routed,3,3,0,0,5,1,3,I1-I2:3,1071.000000,1937.057504,866.057504,1.011933,2.248428,1.236496,0.755705,8.0,3.5,4.0,6.0,10.0,20.0,16.0,48.0,80.0,200.0,False,0.002,0.005,0.1,0.0,0.0,0.0,8000,4000,8,4,37.0,12,105.0,36.0,20.0,365.000000,2,3,1,True,False,3,physical,5,42,0.136150,0.0
spanke_benes_3x3,default,1-2-0,routed,3,3,0,0,4,1,2,I0-I1:2,1091.000000,1841.203522,750.203522,0.855265,1.874345,1.019080,0.810136,8.0,3.5,4.0,6.0,10.0,20.0,16.0,48.0,80.0,200.0,False,0.002,0.005,0.1,0.0,0.0,0.0,8000,4000,8,4,37.0,12,105.0,36.0,20.0,365.000000,1,3,1,True,False,3,physical,0,42,0.104322,0.0
spanke_benes_3x3,default,0-2-1,routed,3,3,0,0,5,2,2,I0-I1:2;I0-I2:2,1091.000000,1885.495559,794.495559,0.855265,1.963053,1.107788,0.902997,8.0,3.5,4.0,6.0,10.0,20.0,16.0,48.0,80.0,200.0,False,0.002,0.005,0.1,0.0,0.0,0.0,8000,4000,8,4,37.0,12,105.0,36.0,20.0,365.000000,2,3,1,True,False,3,physical,1,42,0.154309,0.0
spanke_benes_3x3,default,1-0-2,routed,3,3,0,0,5,2,3,I0-I1:3;I0-I2:2,1091.000000,1895.641578,804.641578,0.908232,2.220019,1.311788,0.908094,8.0,3.5,4.0,6.0,10.0,20.0,16.0,48.0,80.0,200.0,False,0.002,0.005,0.1,0.0,0.0,0.0,8000,4000,8,4,37.0,12,105.0,36.0,20.0,365.000000,3,3,1,True,False,3,physical,2,42,0.094502,0.0
spanke_benes_3x3,default,2-0-1,routed,3,3,0,0,4,1,2,I1-I2:2,1091.000000,1861.203522,770.203522,0.855265,1.914345,1.059080,0.823469,8.0,3.5,4.0,6.0,10.0,20.0,16.0,48.0,80.0,200.0,False,0.002,0.005,0.1,0.0,0.0,0.0,8000,4000,8,4,37.0,12,105.0,36.0,20.0,365.000000,1,3,1,True,False,3,physical,3,42,0.059421,0.0
spanke_benes_3x3,default,0-1-2,routed,3,3,0,0,6,2,4,I0-I1:4;I1-I2:2,1091.000000,1919.933614,828.933614,0.920899,2.537394,1.616496,0.987622,8.0,3.5,4.0,6.0,10.0,20.0,16.0,48.0,80.0,200.0,False,0.002,0.005,0.1,0.0,0.0,0.0,8000,4000,8,4,37.0,12,105.0,36.0,20.0,365.000000,4,3,1,True,False,3,physical,4,42,0.270654,0.0
spanke_benes_3x3,default,2-1-0,routed,3,3,0,0,3,0,1,,1091.000000,1816.911486,725.911486,0.842598,1.626386,0.783788,0.730608,8.0,3.5,4.0,6.0,10.0,20.0,16.0,48.0,80.0,200.0,False,0.002,0.005,0.1,0.0,0.0,0.0,8000,4000,8,4,37.0,12,105.0,36.0,20.0,365.000000,0,3,1,True,False,3,physical,5,42,0.028975,0.0
spanke_benes_rect_3x3,default,1-2-0,routed,3,3,0,0,4,1,2,I0-I1:2,1091.000000,1841.203522,750.203522,0.855265,1.874345,1.019080,0.810136,8.0,3.5,4.0,6.0,10.0,20.0,16.0,48.0,80.0,200.0,False,0.002,0.005,0.1,0.0,0.0,0.0,8000,4000,8,4,37.0,12,105.0,36.0,20.0,365.000000,1,3,1,True,False,3,physical,0,42,0.105143,0.0
spanke_benes_rect_3x3,default,0-2-1,routed,3,3,0,0,5,2,2,I0-I1:2;I0-I2:2,1091.000000,1885.495559,794.495559,0.855265,1.963053,1.107788,0.902997,8.0,3.5,4.0,6.0,10.0,20.0,16.0,48.0,80.0,200.0,False,0.002,0.005,0.1,0.0,0.0,0.0,8000,4000,8,4,37.0,12,105.0,36.0,20.0,365.000000,2,3,1,True,False,3,physical,1,42,0.155293,0.0
spanke_benes_rect_3x3,default,1-0-2,routed,3,3,0,0,5,2,3,I0-I1:3;I0-I2:2,1091.000000,1895.641578,804.641578,0.908232,2.220019,1.311788,0.908094,8.0,3.5,4.0,6.0,10.0,20.0,16.0,48.0,80.0,200.0,False,0.002,0.005,0.1,0.0,0.0,0.0,8000,4000,8,4,37.0,12,105.0,36.0,20.0,365.000000,3,3,1,True,False,3,physical,2,42,0.095223,0.0
spanke_benes_rect_3x3,default,2-0-1,routed,3,3,0,0,4,1,2,I1-I2:2,1091.000000,1861.203522,770.203522,0.855265,1.914345,1.059080,0.823469,8.0,3.5,4.0,6.0,10.0,20.0,16.0,48.0,80.0,200.0,False,0.002,0.005,0.1,0.0,0.0,0.0,8000,4000,8,4,37.0,12,105.0,36.0,20.0,365.000000,1,3,1,True,False,3,physical,3,42,0.059403,0.0
spanke_benes_rect_3x3,default,0-1-2,routed,3,3,0,0,6,2,4,I0-I1:4;I1-I2:2,1091.000000,1919.933614,828.933614,0.920899,2.537394,1.616496,0.987622,8.0,3.5,4.0,6.0,10.0,20.0,16.0,48.0,80.0,200.0,False,0.002,0.005,0.1,0.0,0.0,0.0,8000,4000,8,4,37.0,12,105.0,36.0,20.0,365.000000,4,3,1,True,False,3,physical,4,42,0.268816,0.0
spanke_benes_rect_3x3,default,2-1-0,routed,3,3,0,0,3,0,1,,1091.000000,1816.911486,725.911486,0.842598,1.626386,0.783788,0.730608,8.0,3.5,4.0,6.0,10.0,20.0,16.0,48.0,80.0,200.0,False,0.002,0.005,0.1,0.0,0.0,0.0,8000,4000,8,4,37.0,12,105.0,36.0,20.0,365.000000,0,3,1,True,False,3,physical,5,42,0.028982,0.0
padded_benes_4x4,default,2-1-3-0,routed,4,4,0,0,20,5,6,I0-I1:3;I0-I2:6;I1-I2:4;I1-I3:3;I2-I3:3,1636.000000,3407.092880,1771.092880,1.292899,3.685683,2.392784,1.711796,8.0,3.5,4.0,6.0,10.0,20.0,16.0,48.0,80.0,200.0,False,0.002,0.005,0.1,0.0,0.0,0.0,8000,4000,8,4,37.0,12,105.0,36.0,20.0,365.000000,7,3,1,True,False,4,physical,0,42,1.316748,0.0
padded_benes_4x4,default,0-3-2-1,routed,4,4,0,0,13,5,3,I0-I1:2;I0-I2:2;I0-I3:2;I1-I2:3;I2-I3:3,1636.000000,3296.407045,1660.407045,1.288232,2.863559,1.575327,1.295204,8.0,3.5,4.0,6.0,10.0,20.0,16.0,48.0,80.0,200.0,False,0.002,0.005,0.1,0.0,0.0,0.0,8000,4000,8,4,37.0,12,105.0,36.0,20.0,365.000000,6,3,1,True,False,4,physical,1,42,1.012215,0.0
padded_benes_4x4,default,3-0-1-2,failed,4,3,1,0,10,3,5,I0-I1:3;I0-I3:5;I1-I3:2,1636.000000,2562.429174,926.429174,1.280232,2.944975,1.664743,1.387953,8.0,3.5,4.0,6.0,10.0,20.0,16.0,48.0,80.0,200.0,False,0.002,0.005,0.1,0.0,0.0,0.0,8000,4000,8,4,37.0,12,105.0,36.0,20.0,365.000000,7,3,4,True,True,4,physical,2,42,2.056437,0.25
padded_benes_4x4,default,3-2-1-0,routed,4,4,0,0,12,2,5,I0-I1:5;I2-I3:3,1636.000000,3240.946861,1604.946861,1.275565,2.738892,1.463327,1.179973,8.0,3.5,4.0,6.0,10.0,20.0,16.0,48.0,80.0,200.0,False,0.002,0.005,0.1,0.0,0.0,0.0,8000,4000,8,4,37.0,12,105.0,36.0,20.0,365.000000,4,3,1,True,False,4,physical,3,42,0.503337,0.0
padded_benes_4x4,default,2-0-3-1,routed,4,4,0,0,19,5,6,I0-I1:3;I0-I2:6;I1-I2:4;I1-I3:2;I2-I3:3,1636.000000,3386.654825,1750.654825,1.280232,3.685683,2.405451,1.655327,8.0,3.5,4.0,6.0,10.0,20.0,16.0,48.0,80.0,200.0,False,0.002,0.005,0.1,0.0,0.0,0.0,8000,4000,8,4,37.0,12,105.0,36.0,20.0,365.000000,6,3,1,True,False,4,physical,4,42,1.255494,0.0
padded_benes_4x4,default,1-3-0-2,routed,4,4,0,0,11,4,3,I0-I1:2;I0-I3:2;I1-I3:3;I2-I3:2,1636.000000,3275.530935,1639.530935,1.288232,2.863559,1.575327,1.192265,8.0,3.5,4.0,6.0,10.0,20.0,16.0,48.0,80.0,200.0,False,0.002,0.005,0.1,0.0,0.0,0.0,8000,4000,8,4,37.0,12,105.0,36.0,20.0,365.000000,5,3,1,True,False,4,physical,5,42,0.839513,0.0
padded_benes_4x4,default,2-3-1-0,routed,4,4,0,0,13,2,6,I0-I1:6;I2-I3:3,1636.000000,3295.238898,1659.238898,1.288232,3.104975,1.816743,1.254619,8.0,3.5,4.0,6.0,10.0,20.0,16.0,48.0,80.0,200.0,False,0.002,0.005,0.1,0.0,0.0,0.0,8000,4000,8,4,37.0,12,105.0,36.0,20.0,365.000000,5,3,1,True,False,4,physical,6,42,0.910445,0.0
padded_benes_4x4,default,1-3-2-0,failed,4,3,1,0,6,2,3,I0-I2:2;I2-I3:3,1636.000000,2187.451302,551.451302,1.288232,2.374892,1.086660,0.891634,8.0,3.5,4.0,6.0,10.0,20.0,16.0,48.0,80.0,200.0,False,0.002,0.005,0.1,0.0,0.0,0.0,8000,4000,8,4,37.0,12,105.0,36.0,20.0,365.000000,5,3,4,True,True,4,physical,7,42,1.836299,0.25
padded_benes_4x4,default,2-1-0-3,routed,4,4,0,0,23,5,6,I0-I1:3;I0-I3:6;I1-I2:3;I1-I3:4;I2-I3:6,1636.000000,3435.384916,1799.384916,1.292899,4.139058,2.846159,1.873442,8.0,3.5,4.0,6.0,10.0,20.0,16.0,48.0,80.0,200.0,False,0.002,0.005,0.1,0.0,0.0,0.0,8000,4000,8,4,37.0,12,105.0,36.0,20.0,365.000000,7,3,1,True,False,4,physical,8,42,1.058299,0.0
padded_benes_4x4,default,2-3-0-1,routed,4,4,0,0,14,2,6,I0-I1:4;I2-I3:6,1636.000000,3323.530935,1687.530935,1.288232,3.150391,1.862159,1.316265,8.0,3.5,4.0,6.0,10.0,20.0,16.0,48.0,80.0,200.0,False,0.002,0.005,0.1,0.0,0.0,0.0,8000,4000,8,4,37.0,12,105.0,36.0,20.0,365.000000,6,3,1,True,False,4,physical,9,42,1.175811,0.0
padded_benes_4x4,default,0-1-3-2,routed,4,4,0,0,17,6,5,I0-I1:4;I0-I2:2;I0-I3:2;I1-I2:2;I1-I3:2;I2-I3:5,1636.000000,3654.115008,2018.115008,1.292899,3.935807,2.642908,1.726558,8.0,3.5,4.0,6.0,10.0,20.0,16.0,48.0,80.0,200.0,False,0.002,0.005,0.1,0.0,0.0,0.0,8000,4000,8,4,37.0,12,105.0,36.0,20.0,365.000000,8,3,1,True,False,4,physical,10,42,1.644252,0.0
padded_benes_4x4,default,2-0-1-3,routed,4,4,0,0,16,5,4,I0-I1:3;I0-I3:4;I1-I2:2;I1-I3:2;I2-I3:4,1636.000000,3432.946861,1796.946861,1.280232,3.469642,2.189410,1.525973,8.0,3.5,4.0,6.0,10.0,20.0,16.0,48.0,80.0,200.0,False,0.002,0.005,0.1,0.0,0.0,0.0,8000,4000,8,4,37.0,12,105.0,36.0,20.0,365.000000,6,3,1,True,False,4,physical,11,42,1.030835,0.0
padded_benes_4x4,default,3-1-2-0,routed,4,4,0,0,15,5,3,I0-I1:3;I0-I2:3;I1-I2:2;I1-I3:3;I2-I3:3,1636.000000,3319.676953,1683.676953,1.292899,2.891600,1.598701,1.413088,8.0,3.5,4.0,6.0,10.0,20.0,16.0,48.0,80.0,200.0,False,0.002,0.005,0.1,0.0,0.0,0.0,8000,4000,8,4,37.0,12,105.0,36.0,20.0,365.000000,10,3,2,True,False,4,physical,12,42,2.127687,0.0
padded_benes_4x4,default,1-0-2-3,routed,4,4,0,0,17,6,6,I0-I1:3;I0-I2:2;I0-I3:2;I1-I2:2;I1-I3:2;I2-I3:6,1636.000000,3618.946861,1982.946861,1.280232,3.901890,2.621658,1.718973,8.0,3.5,4.0,6.0,10.0,20.0,16.0,48.0,80.0,200.0,False,0.002,0.005,0.1,0.0,0.0,0.0,8000,4000,8,4,37.0,12,105.0,36.0,20.0,365.000000,7,3,1,True,False,4,physical,13,42,1.470902,0.0
padded_benes_4x4,default,1-2-3-0,routed,4,4,0,0,11,4,3,I0-I1:2;I0-I2:2;I1-I2:2;I2-I3:3,1636.000000,3198.115008,1562.115008,1.280232,2.569435,1.289204,1.148558,8.0,3.5,4.0,6.0,10.0,20.0,16.0,48.0,80.0,200.0,False,0.002,0.005,0.1,0.0,0.0,0.0,8000,4000,8,4,37.0,12,105.0,36.0,20.0,365.000000,4,3,1,True,False,4,physical,14,42,0.818618,0.0
padded_benes_4x4,default,0-2-1-3,routed,4,4,0,0,11,5,2,I0-I1:2;I0-I2:2;I0-I3:2;I1-I3:2;I2-I3:2,1636.000000,3265.822972,1629.822972,1.331565,2.686892,1.355327,1.184911,8.0,3.5,4.0,6.0,10.0,20.0,16.0,48.0,80.0,200.0,False,0.002,0.005,0.1,0.0,0.0,0.0,8000,4000,8,4,37.0,12,105.0,36.0,20.0,365.000000,5,3,1,True,False,4,physical,15,42,0.967453,0.0
padded_benes_4x4,default,3-2-0-1,routed,4,4,0,0,13,2,5,I0-I1:5;I2-I3:4,1636.000000,3255.530935,1619.530935,1.288232,2.811559,1.523327,1.232265,8.0,3.5,4.0,6.0,10.0,20.0,16.0,48.0,80.0,200.0,False,0.002,0.005,0.1,0.0,0.0,0.0,8000,4000,8,4,37.0,12,105.0,36.0,20.0,365.000000,5,3,1,True,False,4,physical,16,42,0.467328,0.0
padded_benes_4x4,default,0-3-1-2,routed,4,4,0,0,14,6,3,I0-I1:2;I0-I2:2;I0-I3:2;I1-I2:3;I1-I3:3;I2-I3:2,1636.000000,3336.115008,1700.115008,1.288232,3.168975,1.880743,1.367558,8.0,3.5,4.0,6.0,10.0,20.0,16.0,48.0,80.0,200.0,False,0.002,0.005,0.1,0.0,0.0,0.0,8000,4000,8,4,37.0,12,105.0,36.0,20.0,365.000000,6,3,1,True,False,4,physical,17,42,1.043855,0.0
padded_benes_4x4,default,3-0-2-1,routed,4,4,0,0,14,5,3,I0-I1:3;I0-I2:3;I1-I2:2;I1-I3:2;I2-I3:3,1636.000000,3314.946861,1678.946861,1.280232,2.891600,1.611368,1.366973,8.0,3.5,4.0,6.0,10.0,20.0,16.0,48.0,80.0,200.0,False,0.002,0.005,0.1,0.0,0.0,0.0,8000,4000,8,4,37.0,12,105.0,36.0,20.0,365.000000,5,3,1,True,False,4,physical,18,42,0.862945,0.0
padded_benes_4x4,default,1-0-3-2,routed,4,4,0,0,16,6,5,I0-I1:3;I0-I2:2;I0-I3:2;I1-I2:2;I1-I3:2;I2-I3:5,1636.000000,3599.822972,1963.822972,1.280232,3.915807,2.635575,1.651911,8.0,3.5,4.0,6.0,10.0,20.0,16.0,48.0,80.0,200.0,False,0.002,0.005,0.1,0.0,0.0,0.0,8000,4000,8,4,37.0,12,105.0,36.0,20.0,365.000000,7,3,1,True,False,4,physical,19,42,1.523630,0.0
padded_benes_4x4,default,1-2-0-3,failed,4,3,1,0,5,2,2,I0-I3:2;I2-I3:2,1636.000000,2278.867229,642.867229,1.331565,2.434892,1.103327,0.881911,8.0,3.5,4.0,6.0,10.0,20.0,16.0,48.0,80.0,200.0,False,0.002,0.005,0.1,0.0,0.0,0.0,8000,4000,8,4,37.0,12,105.0,36.0,20.0,365.000000,5,3,4,True,True,4,physical,20,42,1.740996,0.25
padded_benes_4x4,default,0-1-2-3,routed,4,4,0,0,16,6,4,I0-I1:4;I0-I2:2;I0-I3:2;I1-I2:2;I1-I3:2;I2-I3:4,1636.000000,3335.575192,1699.575192,1.292899,3.306810,2.013911,1.504788,8.0,3.5,4.0,6.0,10.0,20.0,16.0,48.0,80.0,200.0,False,0.002,0.005,0.1,0.0,0.0,0.0,8000,4000,8,4,37.0,12,105.0,36.0,20.0,365.000000,6,3,1,True,False,4,physical,21,42,1.381816,0.0
padded_benes_4x4,default,0-2-3-1,routed,4,4,0,0,12,5,3,I0-I1:2;I0-I2:2;I0-I3:2;I1-I2:2;I2-I3:3,1636.000000,3242.407045,1606.407045,1.288232,2.811559,1.523327,1.218204,8.0,3.5,4.0,6.0,10.0,20.0,16.0,48.0,80.0,200.0,False,0.002,0.005,0.1,0.0,0.0,0.0,8000,4000,8,4,37.0,12,105.0,36.0,20.0,365.000000,5,3,1,True,False,4,physical,22,42,0.950468,0.0
padded_benes_4x4,default,3-1-0-2,failed,4,3,1,0,10,3,5,I0-I1:3;I0-I3:5;I1-I3:2,1636.000000,2674.429174,1038.429174,1.292899,2.944975,1.652076,1.451953,8.0,3.5,4.0,6.0,10.0,20.0,16.0,48.0,80.0,200.0,False,0.002,0.005,0.1,0.0,0.0,0.0,8000,4000,8,4,37.0,12,105.0,36.0,20.0,365.000000,8,3,4,True,True,4,physical,23,42,2.159592,0.25
waksman_4x4,default,2-1-3-0,routed,4,4,0,0,14,5,3,I0-I1:3;I0-I2:2;I1-I2:2;I1-I3:3;I2-I3:3,1572.000000,3063.137137,1491.137137,1.192899,2.777394,1.584496,1.354319,8.0,3.5,4.0,6.0,10.0,20.0,16.0,48.0,80.0,200.0,False,0.002,0.005,0.1,0.0,0.0,0.0,8000,4000,8,4,37.0,12,105.0,36.0,20.0,365.000000,10,3,2,True,False,4,physical,0,42,1.303912,0.0
waksman_4x4,default,0-3-2-1,routed,4,4,0,0,11,4,3,I0-I1:2;I0-I2:2;I0-I3:2;I2-I3:3,1572.000000,2931.867229,1359.867229,1.091265,2.811559,1.720294,1.132434,8.0,3.5,4.0,6.0,10.0,20.0,16.0,48.0,80.0,200.0,False,0.002,0.005,0.1,0.0,0.0,0.0,8000,4000,8,4,37.0,12,105.0,36.0,20.0,365.000000,4,3,1,True,False,4,physical,1,42,0.578600,0.0
waksman_4x4,default,3-0-1-2,routed,4,4,0,0,9,3,2,I1-I2:2;I1-I3:2;I2-I3:2,1572.000000,2930.991118,1358.991118,1.091265,2.558184,1.466919,1.039496,8.0,3.5,4.0,6.0,10.0,20.0,16.0,48.0,80.0,200.0,False,0.002,0.005,0.1,0.0,0.0,0.0,8000,4000,8,4,37.0,12,105.0,36.0,20.0,365.000000,3,3,1,True,False,4,physical,2,42,0.268546,0.0
waksman_4x4,default,3-2-1-0,routed,4,4,0,0,12,2,5,I0-I3:3;I2-I3:5,1572.000000,2944.407045,1372.407045,1.111565,3.028308,1.916743,1.201204,8.0,3.5,4.0,6.0,10.0,20.0,16.0,48.0,80.0,200.0,False,0.002,0.005,0.1,0.0,0.0,0.0,8000,4000,8,4,37.0,12,105.0,36.0,20.0,365.000000,3,3,1,True,False,4,physical,3,42,0.554178,0.0
waksman_4x4,default,2-0-3-1,failed,4,3,1,0,7,3,3,I0-I1:3;I0-I2:2;I1-I2:2,1572.000000,2232.035376,660.035376,1.180232,2.314143,1.133911,1.102690,8.0,3.5,4.0,6.0,10.0,20.0,16.0,48.0,80.0,200.0,False,0.002,0.005,0.1,0.0,0.0,0.0,8000,4000,8,4,37.0,12,105.0,36.0,20.0,365.000000,8,3,3,True,True,4,physical,4,42,2.099485,0.25
waksman_4x4,default,1-3-0-2,routed,4,4,0,0,9,3,2,I0-I1:2;I0-I3:2;I2-I3:2,1572.000000,2910.991118,1338.991118,1.091265,2.221517,1.130252,1.029496,8.0,3.5,4.0,6.0,10.0,20.0,16.0,48.0,80.0,200.0,False,0.002,0.005,0.1,0.0,0.0,0.0,8000,4000,8,4,37.0,12,105.0,36.0,20.0,365.000000,3,3,1,True,False,4,physical,5,42,0.395876,0.0
waksman_4x4,default,2-3-1-0,routed,4,4,0,0,11,2,4,I0-I1:4;I2-I3:3,1572.000000,2990.699082,1418.699082,1.111565,2.558892,1.447327,1.171850,8.0,3.5,4.0,6.0,10.0,20.0,16.0,48.0,80.0,200.0,False,0.002,0.005,0.1,0.0,0.0,0.0,8000,4000,8,4,37.0,12,105.0,36.0,20.0,365.000000,3,3,1,True,False,4,physical,6,42,0.575930,0.0
waksman_4x4,default,1-3-2-0,routed,4,4,0,0,10,3,3,I0-I1:2;I0-I2:2;I2-I3:3,1572.000000,2903.283155,1331.283155,1.091265,2.474892,1.383627,1.073142,8.0,3.5,4.0,6.0,10.0,20.0,16.0,48.0,80.0,200.0,False,0.002,0.005,0.1,0.0,0.0,0.0,8000,4000,8,4,37.0,12,105.0,36.0,20.0,365.000000,3,3,1,True,False,4,physical,7,42,0.421933,0.0
waksman_4x4,default,2-1-0-3,routed,4,4,0,0,15,5,4,I0-I1:3;I0-I3:2;I1-I2:3;I1-I3:2;I2-I3:4,1572.000000,3107.137137,1535.137137,1.192899,2.818810,1.625911,1.426319,8.0,3.5,4.0,6.0,10.0,20.0,16.0,48.0,80.0,200.0,False,0.002,0.005,0.1,0.0,0.0,0.0,8000,4000,8,4,37.0,12,105.0,36.0,20.0,365.000000,7,3,1,True,False,4,physical,8,42,0.927908,0.0
waksman_4x4,default,2-3-0-1,routed,4,4,0,0,12,2,6,I0-I1:2;I2-I3:6,1572.000000,3014.699082,1442.699082,1.091265,3.178391,2.087126,1.233850,8.0,3.5,4.0,6.0,10.0,20.0,16.0,48.0,80.0,200.0,False,0.002,0.005,0.1,0.0,0.0,0.0,8000,4000,8,4,37.0,12,105.0,36.0,20.0,365.000000,5,3,1,True,False,4,physical,9,42,0.894627,0.0
waksman_4x4,default,0-1-3-2,routed,4,4,0,0,15,5,4,I0-I1:4;I0-I3:2;I1-I2:2;I1-I3:4;I2-I3:3,1572.000000,3029.575192,1457.575192,1.192899,3.009394,1.816496,1.383788,8.0,3.5,4.0,6.0,10.0,20.0,16.0,48.0,80.0,200.0,False,0.002,0.005,0.1,0.0,0.0,0.0,8000,4000,8,4,37.0,12,105.0,36.0,20.0,365.000000,6,3,1,True,False,4,physical,10,42,0.999890,0.0
waksman_4x4,default,2-0-1-3,routed,4,4,0,0,14,5,4,I0-I1:3;I0-I3:2;I1-I2:2;I1-I3:2;I2-I3:4,1572.000000,3086.699082,1514.699082,1.180232,2.652428,1.472196,1.369850,8.0,3.5,4.0,6.0,10.0,20.0,16.0,48.0,80.0,200.0,False,0.002,0.005,0.1,0.0,0.0,0.0,8000,4000,8,4,37.0,12,105.0,36.0,20.0,365.000000,6,3,1,True,False,4,physical,11,42,0.891916,0.0
waksman_4x4,default,3-1-2-0,routed,4,4,0,0,11,3,3,I0-I3:3;I1-I2:2;I2-I3:3,1572.000000,2908.699082,1336.699082,1.078598,2.702892,1.624294,1.130850,8.0,3.5,4.0,6.0,10.0,20.0,16.0,48.0,80.0,200.0,False,0.002,0.005,0.1,0.0,0.0,0.0,8000,4000,8,4,37.0,12,105.0,36.0,20.0,365.000000,2,3,1,True,False,4,physical,12,42,0.207623,0.0
waksman_4x4,default,1-0-2-3,routed,4,4,0,0,19,6,7,I0-I1:7;I0-I2:2;I0-I3:2;I1-I2:2;I1-I3:2;I2-I3:4,1572.000000,3445.822972,1873.822972,1.180232,3.623807,2.443575,1.806911,8.0,3.5,4.0,6.0,10.0,20.0,16.0,48.0,80.0,200.0,False,0.002,0.005,0.1,0.0,0.0,0.0,8000,4000,8,4,37.0,12,105.0,36.0,20.0,365.000000,7,3,1,True,False,4,physical,13,42,1.409903,0.0
waksman_4x4,default,1-2-3-0,routed,4,4,0,0,13,5,3,I0-I1:2;I0-I2:2;I0-I3:3;I1-I2:2;I2-I3:3,1572.000000,3038.845100,1466.845100,1.180232,2.460019,1.279788,1.294673,8.0,3.5,4.0,6.0,10.0,20.0,16.0,48.0,80.0,200.0,False,0.002,0.005,0.1,0.0,0.0,0.0,8000,4000,8,4,37.0,12,105.0,36.0,20.0,365.000000,9,3,2,True,False,4,physical,14,42,1.048581,0.0
waksman_4x4,default,0-2-1-3,routed,4,4,0,0,13,5,4,I0-I1:2;I0-I2:2;I0-I3:2;I1-I3:2;I2-I3:4,1572.000000,3062.407045,1490.407045,1.167565,2.652428,1.484863,1.310204,8.0,3.5,4.0,6.0,10.0,20.0,16.0,48.0,80.0,200.0,False,0.002,0.005,0.1,0.0,0.0,0.0,8000,4000,8,4,37.0,12,105.0,36.0,20.0,365.000000,5,3,1,True,False,4,physical,15,42,0.544113,0.0
waksman_4x4,default,3-2-0-1,routed,4,4,0,0,11,1,6,I2-I3:6,1572.000000,3014.261027,1442.261027,1.088232,3.108975,2.020743,1.187381,8.0,3.5,4.0,6.0,10.0,20.0,16.0,48.0,80.0,200.0,False,0.002,0.005,0.1,0.0,0.0,0.0,8000,4000,8,4,37.0,12,105.0,36.0,20.0,365.000000,5,3,1,True,False,4,physical,16,42,0.716475,0.0
waksman_4x4,default,0-3-1-2,routed,4,4,0,0,12,4,4,I0-I1:2;I0-I2:2;I0-I3:2;I2-I3:4,1572.000000,2981.575192,1409.575192,1.091265,2.790184,1.698919,1.209788,8.0,3.5,4.0,6.0,10.0,20.0,16.0,48.0,80.0,200.0,False,0.002,0.005,0.1,0.0,0.0,0.0,8000,4000,8,4,37.0,12,105.0,36.0,20.0,365.000000,5,3,1,True,False,4,physical,17,42,0.745528,0.0
waksman_4x4,default,3-0-2-1,routed,4,4,0,0,10,3,3,I1-I2:2;I1-I3:2;I2-I3:3,1572.000000,2938.991118,1366.991118,1.088232,2.811559,1.723327,1.093496,8.0,3.5,4.0,6.0,10.0,20.0,16.0,48.0,80.0,200.0,False,0.002,0.005,0.1,0.0,0.0,0.0,8000,4000,8,4,37.0,12,105.0,36.0,20.0,365.000000,3,3,1,True,False,4,physical,18,42,0.329598,0.0
waksman_4x4,default,1-0-3-2,routed,4,4,0,0,16,5,7,I0-I1:3;I0-I3:2;I1-I2:2;I1-I3:2;I2-I3:7,1572.000000,3058.699082,1486.699082,1.180232,2.937177,1.756945,1.455850,8.0,3.5,4.0,6.0,10.0,20.0,16.0,48.0,80.0,200.0,False,0.002,0.005,0.1,0.0,0.0,0.0,8000,4000,8,4,37.0,12,105.0,36.0,20.0,365.000000,12,3,3,True,False,4,physical,19,42,6.782433,0.0
waksman_4x4,default,1-2-0-3,routed,4,4,0,0,14,5,4,I0-I1:2;I0-I2:3;I0-I3:2;I1-I3:2;I2-I3:4,1572.000000,3082.845100,1510.845100,1.180232,2.652428,1.472196,1.366673,8.0,3.5,4.0,6.0,10.0,20.0,16.0,48.0,80.0,200.0,False,0.002,0.005,0.1,0.0,0.0,0.0,8000,4000,8,4,37.0,12,105.0,36.0,20.0,365.000000,6,3,1,True,False,4,physical,20,42,0.629609,0.0
waksman_4x4,default,0-1-2-3,routed,4,4,0,0,16,6,4,I0-I1:4;I0-I2:2;I0-I3:2;I1-I2:2;I1-I3:2;I2-I3:4,1572.000000,3155.283155,1583.283155,1.192899,2.973844,1.780945,1.499142,8.0,3.5,4.0,6.0,10.0,20.0,16.0,48.0,80.0,200.0,False,0.002,0.005,0.1,0.0,0.0,0.0,8000,4000,8,4,37.0,12,105.0,36.0,20.0,365.000000,7,3,1,True,False,4,physical,21,42,1.279645,0.0
waksman_4x4,default,0-2-3-1,routed,4,4,0,0,12,5,3,I0-I1:2;I0-I2:2;I0-I3:2;I1-I2:2;I2-I3:3,1572.000000,3018.407045,1446.407045,1.167565,2.443641,1.276076,1.238204,8.0,3.5,4.0,6.0,10.0,20.0,16.0,48.0,80.0,200.0,False,0.002,0.005,0.1,0.0,0.0,0.0,8000,4000,8,4,37.0,12,105.0,36.0,20.0,365.000000,8,3,2,True,False,4,physical,22,42,1.006976,0.0
waksman_4x4,default,3-1-0-2,routed,4,4,0,0,10,2,4,I1-I3:4;I2-I3:2,1572.000000,2896.991118,1324.991118,1.091265,2.463761,1.372496,1.072496,8.0,3.5,4.0,6.0,10.0,20.0,16.0,48.0,80.0,200.0,False,0.002,0.005,0.1,0.0,0.0,0.0,8000,4000,8,4,37.0,12,105.0,36.0,20.0,365.000000,2,3,1,True,False,4,physical,23,42,0.282983,0.0
spanke_benes_4x4,default,2-1-3-0,routed,4,4,0,0,8,2,3,I0-I1:3;I0-I2:2,2388.000000,3792.991118,1404.991118,1.432531,3.031150,1.598619,1.162496,8.0,3.5,4.0,6.0,10.0,20.0,16.0,48.0,80.0,200.0,False,0.002,0.005,0.1,0.0,0.0,0.0,8000,4000,8,4,37.0,12,105.0,36.0,20.0,575.000000,3,3,1,True,False,4,physical,0,42,0.632886,0.0
spanke_benes_4x4,default,0-3-2-1,routed,4,4,0,0,9,3,2,I0-I1:2;I0-I2:2;I0-I3:2,2388.000000,3839.283155,1451.283155,1.379565,2.814184,1.434619,1.233142,8.0,3.5,4.0,6.0,10.0,20.0,16.0,48.0,80.0,200.0,False,0.002,0.005,0.1,0.0,0.0,0.0,8000,4000,8,4,37.0,12,105.0,36.0,20.0,575.000000,4,3,1,True,False,4,physical,1,42,0.839022,0.0
spanke_benes_4x4,default,3-0-1-2,routed,4,4,0,0,9,2,4,I1-I2:4;I2-I3:2,2388.000000,3845.283155,1457.283155,1.445198,3.396525,1.951327,1.236142,8.0,3.5,4.0,6.0,10.0,20.0,16.0,48.0,80.0,200.0,False,0.002,0.005,0.1,0.0,0.0,0.0,8000,4000,8,4,37.0,12,105.0,36.0,20.0,575.000000,3,3,1,True,False,4,physical,2,42,0.510832,0.0
spanke_benes_4x4,default,3-2-1-0,routed,4,4,0,0,6,0,1,,2388.000000,3754.115008,1366.115008,1.366898,2.469517,1.102619,1.050558,8.0,3.5,4.0,6.0,10.0,20.0,16.0,48.0,80.0,200.0,False,0.002,0.005,0.1,0.0,0.0,0.0,8000,4000,8,4,37.0,12,105.0,36.0,20.0,575.000000,1,3,1,True,False,4,physical,3,42,0.374530,0.0
spanke_benes_4x4,default,2-0-3-1,routed,4,4,0,0,9,3,3,I0-I1:3;I0-I2:2;I1-I3:2,2388.000000,3841.283155,1453.283155,1.432531,3.031150,1.598619,1.234142,8.0,3.5,4.0,6.0,10.0,20.0,16.0,48.0,80.0,200.0,False,0.002,0.005,0.1,0.0,0.0,0.0,8000,4000,8,4,37.0,12,105.0,36.0,20.0,575.000000,4,3,1,True,False,4,physical,4,42,0.686882,0.0
spanke_benes_4x4,default,1-3-0-2,routed,4,4,0,0,9,3,3,I0-I1:2;I0-I2:3;I0-I3:2,2388.000000,3833.137137,1445.137137,1.379565,2.844986,1.465421,1.231319,8.0,3.5,4.0,6.0,10.0,20.0,16.0,48.0,80.0,200.0,False,0.002,0.005,0.1,0.0,0.0,0.0,8000,4000,8,4,37.0,12,105.0,36.0,20.0,575.000000,3,3,1,True,False,4,physical,5,42,0.360561,0.0
spanke_benes_4x4,default,2-3-1-0,routed,4,4,0,0,7,1,2,I0-I1:2,2388.000000,3778.407045,1390.407045,1.379565,2.717476,1.337911,1.110204,8.0,3.5,4.0,6.0,10.0,20.0,16.0,48.0,80.0,200.0,False,0.002,0.005,0.1,0.0,0.0,0.0,8000,4000,8,4,37.0,12,105.0,36.0,20.0,575.000000,2,3,1,True,False,4,physical,6,42,0.546436,0.0
spanke_benes_4x4,default,1-3-2-0,routed,4,4,0,0,8,2,2,I0-I1:2;I0-I2:2,2388.000000,3790.991118,1402.991118,1.379565,2.725476,1.345911,1.161496,8.0,3.5,4.0,6.0,10.0,20.0,16.0,48.0,80.0,200.0,False,0.002,0.005,0.1,0.0,0.0,0.0,8000,4000,8,4,37.0,12,105.0,36.0,20.0,575.000000,3,3,1,True,False,4,physical,7,42,0.589204,0.0
spanke_benes_4x4,default,2-1-0-3,routed,4,4,0,0,11,3,4,I0-I1:3;I0-I3:4;I1-I2:3,2388.000000,3904.991118,1516.991118,1.432531,3.364566,1.932035,1.368496,8.0,3.5,4.0,6.0,10.0,20.0,16.0,48.0,80.0,200.0,False,0.002,0.005,0.1,0.0,0.0,0.0,8000,4000,8,4,37.0,12,105.0,36.0,20.0,575.000000,5,3,1,True,False,4,physical,8,42,0.477629,0.0
spanke_benes_4x4,default,2-3-0-1,routed,4,4,0,0,8,2,2,I0-I1:2;I2-I3:2,2388.000000,3826.699082,1438.699082,1.379565,2.814184,1.434619,1.181850,8.0,3.5,4.0,6.0,10.0,20.0,16.0,48.0,80.0,200.0,False,0.002,0.005,0.1,0.0,0.0,0.0,8000,4000,8,4,37.0,12,105.0,36.0,20.0,575.000000,3,3,1,True,False,4,physical,9,42,0.636875,0.0
spanke_benes_4x4,default,0-1-3-2,routed,4,4,0,0,11,3,6,I0-I1:6;I1-I2:2;I1-I3:2,2388.000000,3895.867229,1507.867229,1.510831,4.019575,2.508743,1.356434,8.0,3.5,4.0,6.0,10.0,20.0,16.0,48.0,80.0,200.0,False,0.002,0.005,0.1,0.0,0.0,0.0,8000,4000,8,4,37.0,12,105.0,36.0,20.0,575.000000,6,3,1,True,False,4,physical,10,42,1.170219,0.0
spanke_benes_4x4,default,2-0-1-3,routed,4,4,0,0,12,3,4,I0-I2:3;I0-I3:4;I1-I2:4,2388.000000,3941.429174,1553.429174,1.445198,3.396525,1.951327,1.432965,8.0,3.5,4.0,6.0,10.0,20.0,16.0,48.0,80.0,200.0,False,0.002,0.005,0.1,0.0,0.0,0.0,8000,4000,8,4,37.0,12,105.0,36.0,20.0,575.000000,6,3,1,True,False,4,physical,11,42,0.734864,0.0
spanke_benes_4x4,default,3-1-2-0,routed,4,4,0,0,7,1,2,I1-I2:2,2388.000000,3766.699082,1378.699082,1.379565,2.725476,1.345911,1.101850,8.0,3.5,4.0,6.0,10.0,20.0,16.0,48.0,80.0,200.0,False,0.002,0.005,0.1,0.0,0.0,0.0,8000,4000,8,4,37.0,12,105.0,36.0,20.0,575.000000,2,3,1,True,False,4,physical,12,42,0.563729,0.0
spanke_benes_4x4,default,1-0-2-3,routed,4,4,0,0,13,3,5,I0-I1:5;I0-I2:4;I2-I3:4,2388.000000,3967.721210,1579.721210,1.498164,3.702200,2.204035,1.493611,8.0,3.5,4.0,6.0,10.0,20.0,16.0,48.0,80.0,200.0,False,0.002,0.005,0.1,0.0,0.0,0.0,8000,4000,8,4,37.0,12,105.0,36.0,20.0,575.000000,7,3,1,True,False,4,physical,13,42,0.836336,0.0
spanke_benes_4x4,default,1-2-3-0,routed,4,4,0,0,9,2,4,I0-I1:4;I1-I2:2,2388.000000,3817.283155,1429.283155,1.445198,3.348525,1.903327,1.222142,8.0,3.5,4.0,6.0,10.0,20.0,16.0,48.0,80.0,200.0,False,0.002,0.005,0.1,0.0,0.0,0.0,8000,4000,8,4,37.0,12,105.0,36.0,20.0,575.000000,4,3,1,True,False,4,physical,14,42,0.893554,0.0
spanke_benes_4x4,default,0-2-1-3,routed,4,4,0,0,13,4,4,I0-I1:2;I0-I2:4;I1-I2:3;I1-I3:4,2388.000000,3965.721210,1577.721210,1.445198,3.681941,2.236743,1.492611,8.0,3.5,4.0,6.0,10.0,20.0,16.0,48.0,80.0,200.0,False,0.002,0.005,0.1,0.0,0.0,0.0,8000,4000,8,4,37.0,12,105.0,36.0,20.0,575.000000,7,3,1,True,False,4,physical,15,42,0.878137,0.0
spanke_benes_4x4,default,3-2-0-1,routed,4,4,0,0,7,1,2,I2-I3:2,2388.000000,3802.407045,1414.407045,1.379565,2.765476,1.385911,1.122204,8.0,3.5,4.0,6.0,10.0,20.0,16.0,48.0,80.0,200.0,False,0.002,0.005,0.1,0.0,0.0,0.0,8000,4000,8,4,37.0,12,105.0,36.0,20.0,575.000000,1,3,1,True,False,4,physical,16,42,0.163912,0.0
spanke_benes_4x4,default,0-3-1-2,routed,4,4,0,0,10,3,4,I0-I1:2;I0-I2:4;I2-I3:2,2388.000000,3869.575192,1481.575192,1.445198,3.396525,1.951327,1.295788,8.0,3.5,4.0,6.0,10.0,20.0,16.0,48.0,80.0,200.0,False,0.002,0.005,0.1,0.0,0.0,0.0,8000,4000,8,4,37.0,12,105.0,36.0,20.0,575.000000,4,3,1,True,False,4,physical,17,42,0.755337,0.0
spanke_benes_4x4,default,3-0-2-1,routed,4,4,0,0,8,2,2,I1-I2:2;I1-I3:2,2388.000000,3814.991118,1426.991118,1.379565,2.765476,1.385911,1.173496,8.0,3.5,4.0,6.0,10.0,20.0,16.0,48.0,80.0,200.0,False,0.002,0.005,0.1,0.0,0.0,0.0,8000,4000,8,4,37.0,12,105.0,36.0,20.0,575.000000,2,3,1,True,False,4,physical,18,42,0.202052,0.0
spanke_benes_4x4,default,1-0-3-2,routed,4,4,0,0,10,3,5,I0-I1:5;I0-I2:2;I0-I3:2,2388.000000,3871.575192,1483.575192,1.498164,3.702200,2.204035,1.296788,8.0,3.5,4.0,6.0,10.0,20.0,16.0,48.0,80.0,200.0,False,0.002,0.005,0.1,0.0,0.0,0.0,8000,4000,8,4,37.0,12,105.0,36.0,20.0,575.000000,5,3,1,True,False,4,physical,19,42,0.884690,0.0
spanke_benes_4x4,default,1-2-0-3,routed,4,4,0,0,12,3,4,I0-I1:4;I0-I2:3;I1-I3:4,2388.000000,3929.283155,1541.283155,1.445198,3.681941,2.236743,1.428142,8.0,3.5,4.0,6.0,10.0,20.0,16.0,48.0,80.0,200.0,False,0.002,0.005,0.1,0.0,0.0,0.0,8000,4000,8,4,37.0,12,105.0,36.0,20.0,575.000000,6,3,1,True,False,4,physical,20,42,0.967588,0.0
spanke_benes_4x4,default,0-1-2-3,routed,4,4,0,0,14,3,6,I0-I1:6;I1-I2:4;I2-I3:4,2388.000000,3992.013247,1604.013247,1.510831,4.019575,2.508743,1.553257,8.0,3.5,4.0,6.0,10.0,20.0,16.0,48.0,80.0,200.0,False,0.002,0.005,0.1,0.0,0.0,0.0,8000,4000,8,4,37.0,12,105.0,36.0,20.0,575.000000,8,3,1,True,False,4,physical,21,42,1.280010,0.0
spanke_benes_4x4,default,0-2-3-1,routed,4,4,0,0,10,3,4,I0-I1:4;I0-I3:2;I1-I2:2,2388.000000,3865.575192,1477.575192,1.445198,3.348525,1.903327,1.293788,8.0,3.5,4.0,6.0,10.0,20.0,16.0,48.0,80.0,200.0,False,0.002,0.005,0.1,0.0,0.0,0.0,8000,4000,8,4,37.0,12,105.0,36.0,20.0,575.000000,5,3,1,True,False,4,physical,22,42,1.056369,0.0
spanke_benes_4x4,default,3-1-0-2,routed,4,4,0,0,8,2,3,I1-I2:3;I1-I3:2,2388.000000,3808.845100,1420.845100,1.376531,2.962442,1.585911,1.171673,8.0,3.5,4.0,6.0,10.0,20.0,16.0,48.0,80.0,200.0,False,0.002,0.005,0.1,0.0,0.0,0.0,8000,4000,8,4,37.0,12,105.0,36.0,20.0,575.000000,2,3,1,True,False,4,physical,23,42,0.228406,0.0
spanke_benes_rect_4x4,default,2-1-3-0,routed,4,4,0,0,10,2,4,I0-I1:3;I0-I2:4,1968.000000,3557.822972,1589.822972,1.222531,3.186566,1.964035,1.364911,8.0,3.5,4.0,6.0,10.0,20.0,16.0,48.0,80.0,200.0,False,0.002,0.005,0.1,0.0,0.0,0.0,8000,4000,8,4,37.0,12,105.0,36.0,20.0,470.000000,5,3,1,True,False,4,physical,0,42,0.449623,0.0
spanke_benes_rect_4x4,default,0-3-2-1,routed,4,4,0,0,9,3,3,I0-I1:2;I0-I3:2;I2-I3:3,1968.000000,3468.845100,1500.845100,1.222531,2.894566,1.672035,1.261673,8.0,3.5,4.0,6.0,10.0,20.0,16.0,48.0,80.0,200.0,False,0.002,0.005,0.1,0.0,0.0,0.0,8000,4000,8,4,37.0,12,105.0,36.0,20.0,470.000000,4,3,1,True,False,4,physical,1,42,0.770381,0.0
spanke_benes_rect_4x4,default,3-0-1-2,routed,4,4,0,0,9,2,4,I1-I2:2;I2-I3:4,1968.000000,3498.845100,1530.845100,1.171198,2.945559,1.774361,1.276673,8.0,3.5,4.0,6.0,10.0,20.0,16.0,48.0,80.0,200.0,False,0.002,0.005,0.1,0.0,0.0,0.0,8000,4000,8,4,37.0,12,105.0,36.0,20.0,470.000000,3,3,1,True,False,4,physical,2,42,0.580322,0.0
spanke_benes_rect_4x4,default,3-2-1-0,routed,4,4,0,0,6,0,1,,1968.000000,3393.530935,1425.530935,1.156898,2.293641,1.136743,1.085265,8.0,3.5,4.0,6.0,10.0,20.0,16.0,48.0,80.0,200.0,False,0.002,0.005,0.1,0.0,0.0,0.0,8000,4000,8,4,37.0,12,105.0,36.0,20.0,470.000000,1,3,1,True,False,4,physical,3,42,0.135781,0.0
spanke_benes_rect_4x4,default,2-0-3-1,routed,4,4,0,0,11,3,4,I0-I2:4;I0-I3:3;I1-I3:2,1968.000000,3562.553063,1594.553063,1.222531,3.154566,1.932035,1.411027,8.0,3.5,4.0,6.0,10.0,20.0,16.0,48.0,80.0,200.0,False,0.002,0.005,0.1,0.0,0.0,0.0,8000,4000,8,4,37.0,12,105.0,36.0,20.0,470.000000,6,3,1,True,False,4,physical,4,42,0.690589,0.0
spanke_benes_rect_4x4,default,1-3-0-2,routed,4,4,0,0,9,3,2,I0-I1:2;I0-I3:2;I2-I3:2,1968.000000,3526.407045,1558.407045,1.169565,2.977559,1.807994,1.294204,8.0,3.5,4.0,6.0,10.0,20.0,16.0,48.0,80.0,200.0,False,0.002,0.005,0.1,0.0,0.0,0.0,8000,4000,8,4,37.0,12,105.0,36.0,20.0,470.000000,3,3,1,True,False,4,physical,5,42,0.482436,0.0
spanke_benes_rect_4x4,default,2-3-1-0,routed,4,4,0,0,7,1,2,I0-I1:2,1968.000000,3417.822972,1449.822972,1.169565,2.507476,1.337911,1.144911,8.0,3.5,4.0,6.0,10.0,20.0,16.0,48.0,80.0,200.0,False,0.002,0.005,0.1,0.0,0.0,0.0,8000,4000,8,4,37.0,12,105.0,36.0,20.0,470.000000,2,3,1,True,False,4,physical,6,42,0.274886,0.0
spanke_benes_rect_4x4,default,1-3-2-0,routed,4,4,0,0,8,2,2,I0-I1:2;I0-I2:2,1968.000000,3440.261027,1472.261027,1.169565,2.568184,1.398619,1.202381,8.0,3.5,4.0,6.0,10.0,20.0,16.0,48.0,80.0,200.0,False,0.002,0.005,0.1,0.0,0.0,0.0,8000,4000,8,4,37.0,12,105.0,36.0,20.0,470.000000,3,3,1,True,False,4,physical,7,42,0.373098,0.0
spanke_benes_rect_4x4,default,2-1-0-3,routed,4,4,0,0,11,3,4,I0-I1:3;I0-I3:4;I2-I3:2,1968.000000,3620.115008,1652.115008,1.222531,3.243982,2.021451,1.443558,8.0,3.5,4.0,6.0,10.0,20.0,16.0,48.0,80.0,200.0,False,0.002,0.005,0.1,0.0,0.0,0.0,8000,4000,8,4,37.0,12,105.0,36.0,20.0,470.000000,5,3,1,True,False,4,physical,8,42,0.539832,0.0
spanke_benes_rect_4x4,default,2-3-0-1,routed,4,4,0,0,8,2,2,I0-I1:2;I2-I3:2,1968.000000,3472.115008,1504.115008,1.169565,2.636892,1.467327,1.219558,8.0,3.5,4.0,6.0,10.0,20.0,16.0,48.0,80.0,200.0,False,0.002,0.005,0.1,0.0,0.0,0.0,8000,4000,8,4,37.0,12,105.0,36.0,20.0,470.000000,2,3,1,True,False,4,physical,9,42,0.451077,0.0
spanke_benes_rect_4x4,default,0-1-3-2,routed,4,4,0,0,13,3,5,I0-I1:4;I1-I3:4;I2-I3:5,1968.000000,3621.283155,1653.283155,1.235198,3.507941,2.272743,1.534142,8.0,3.5,4.0,6.0,10.0,20.0,16.0,48.0,80.0,200.0,False,0.002,0.005,0.1,0.0,0.0,0.0,8000,4000,8,4,37.0,12,105.0,36.0,20.0,470.000000,8,3,1,True,False,4,physical,10,42,1.097817,0.0
spanke_benes_rect_4x4,default,2-0-1-3,routed,4,4,0,0,12,4,4,I0-I2:3;I0-I3:4;I1-I2:2;I2-I3:2,1968.000000,3648.699082,1680.699082,1.222531,3.243982,2.021451,1.502850,8.0,3.5,4.0,6.0,10.0,20.0,16.0,48.0,80.0,200.0,False,0.002,0.005,0.1,0.0,0.0,0.0,8000,4000,8,4,37.0,12,105.0,36.0,20.0,470.000000,6,3,1,True,False,4,physical,11,42,0.749948,0.0
spanke_benes_rect_4x4,default,3-1-2-0,routed,4,4,0,0,7,1,2,I1-I2:2,1968.000000,3439.822972,1471.822972,1.156898,2.600184,1.443287,1.155911,8.0,3.5,4.0,6.0,10.0,20.0,16.0,48.0,80.0,200.0,False,0.002,0.005,0.1,0.0,0.0,0.0,8000,4000,8,4,37.0,12,105.0,36.0,20.0,470.000000,2,3,1,True,False,4,physical,12,42,0.210636,0.0
spanke_benes_rect_4x4,default,1-0-2-3,routed,4,4,0,0,13,3,6,I0-I1:3;I0-I2:4;I2-I3:6,1968.000000,3627.429174,1659.429174,1.183865,3.358485,2.174619,1.535965,8.0,3.5,4.0,6.0,10.0,20.0,16.0,48.0,80.0,200.0,False,0.002,0.005,0.1,0.0,0.0,0.0,8000,4000,8,4,37.0,12,105.0,36.0,20.0,470.000000,7,3,1,True,False,4,physical,13,42,0.908349,0.0
spanke_benes_rect_4x4,default,1-2-3-0,routed,4,4,0,0,11,2,4,I0-I1:4;I1-I2:4,1968.000000,3582.115008,1614.115008,1.235198,3.503941,2.268743,1.424558,8.0,3.5,4.0,6.0,10.0,20.0,16.0,48.0,80.0,200.0,False,0.002,0.005,0.1,0.0,0.0,0.0,8000,4000,8,4,37.0,12,105.0,36.0,20.0,470.000000,6,3,1,True,False,4,physical,14,42,0.585339,0.0
spanke_benes_rect_4x4,default,0-2-1-3,routed,4,4,0,0,13,5,4,I0-I1:2;I0-I2:2;I1-I2:3;I1-I3:4;I2-I3:2,1968.000000,3649.137137,1681.137137,1.235198,3.471941,2.236743,1.549319,8.0,3.5,4.0,6.0,10.0,20.0,16.0,48.0,80.0,200.0,False,0.002,0.005,0.1,0.0,0.0,0.0,8000,4000,8,4,37.0,12,105.0,36.0,20.0,470.000000,7,3,1,True,False,4,physical,15,42,0.972897,0.0
spanke_benes_rect_4x4,default,3-2-0-1,routed,4,4,0,0,7,1,2,I2-I3:2,1968.000000,3447.822972,1479.822972,1.156898,2.636892,1.479994,1.159911,8.0,3.5,4.0,6.0,10.0,20.0,16.0,48.0,80.0,200.0,False,0.002,0.005,0.1,0.0,0.0,0.0,8000,4000,8,4,37.0,12,105.0,36.0,20.0,470.000000,1,3,1,True,False,4,physical,16,42,0.251670,0.0
spanke_benes_rect_4x4,default,0-3-1-2,routed,4,4,0,0,10,3,4,I0-I1:2;I0-I2:2;I2-I3:4,1968.000000,3523.137137,1555.137137,1.171198,2.945559,1.774361,1.336319,8.0,3.5,4.0,6.0,10.0,20.0,16.0,48.0,80.0,200.0,False,0.002,0.005,0.1,0.0,0.0,0.0,8000,4000,8,4,37.0,12,105.0,36.0,20.0,470.000000,4,3,1,True,False,4,physical,17,42,0.808571,0.0
spanke_benes_rect_4x4,default,3-0-2-1,routed,4,4,0,0,8,2,3,I1-I3:2;I2-I3:3,1968.000000,3444.553063,1476.553063,1.222531,2.853150,1.630619,1.202027,8.0,3.5,4.0,6.0,10.0,20.0,16.0,48.0,80.0,200.0,False,0.002,0.005,0.1,0.0,0.0,0.0,8000,4000,8,4,37.0,12,105.0,36.0,20.0,470.000000,3,3,1,True,False,4,physical,18,42,0.461902,0.0
spanke_benes_rect_4x4,default,1-0-3-2,routed,4,4,0,0,12,3,5,I0-I1:3;I0-I3:4;I2-I3:5,1968.000000,3596.991118,1628.991118,1.235198,3.507941,2.272743,1.474496,8.0,3.5,4.0,6.0,10.0,20.0,16.0,48.0,80.0,200.0,False,0.002,0.005,0.1,0.0,0.0,0.0,8000,4000,8,4,37.0,12,105.0,36.0,20.0,470.000000,7,3,1,True,False,4,physical,19,42,0.886431,0.0
spanke_benes_rect_4x4,default,1-2-0-3,routed,4,4,0,0,12,3,4,I0-I1:4;I1-I3:4;I2-I3:2,1968.000000,3644.407045,1676.407045,1.235198,3.503941,2.268743,1.503204,8.0,3.5,4.0,6.0,10.0,20.0,16.0,48.0,80.0,200.0,False,0.002,0.005,0.1,0.0,0.0,0.0,8000,4000,8,4,37.0,12,105.0,36.0,20.0,470.000000,6,3,1,True,False,4,physical,20,42,0.673709,0.0
spanke_benes_rect_4x4,default,0-1-2-3,routed,4,4,0,0,14,3,6,I0-I1:4;I1-I2:4;I2-I3:6,1968.000000,3675.575192,1707.575192,1.183865,3.390485,2.206619,1.608788,8.0,3.5,4.0,6.0,10.0,20.0,16.0,48.0,80.0,200.0,False,0.002,0.005,0.1,0.0,0.0,0.0,8000,4000,8,4,37.0,12,105.0,36.0,20.0,470.000000,8,3,1,True,False,4,physical,21,42,1.157634,0.0
spanke_benes_rect_4x4,default,0-2-3-1,routed,4,4,0,0,12,4,4,I0-I1:2;I0-I3:2;I1-I2:4;I1-I3:3,1968.000000,3586.845100,1618.845100,1.235198,3.471941,2.236743,1.470673,8.0,3.5,4.0,6.0,10.0,20.0,16.0,48.0,80.0,200.0,False,0.002,0.005,0.1,0.0,0.0,0.0,8000,4000,8,4,37.0,12,105.0,36.0,20.0,470.000000,7,3,1,True,False,4,physical,22,42,0.883422,0.0
spanke_benes_rect_4x4,default,3-1-0-2,routed,4,4,0,0,8,2,2,I1-I3:2;I2-I3:2,1968.000000,3494.115008,1526.115008,1.156898,2.977559,1.820662,1.230558,8.0,3.5,4.0,6.0,10.0,20.0,16.0,48.0,80.0,200.0,False,0.002,0.005,0.1,0.0,0.0,0.0,8000,4000,8,4,37.0,12,105.0,36.0,20.0,470.000000,2,3,1,True,False,4,physical,23,42,0.276460,0.0
padded_benes_8x8,default,0-2-3-4-1,routed,5,5,0,0,23,7,4,I0-I1:2;I0-I2:4;I0-I3:2;I0-I4:2;I1-I2:4;I1-I3:2;I2-I3:4,3691.000000,6914.791961,3223.791961,2.758164,4.766447,2.008283,1.580517,8.0,3.5,4.0,6.0,10.0,20.0,16.0,48.0,80.0,200.0,False,0.002,0.005,0.1,0.0,0.0,0.0,8000,4000,8,4,37.0,12,105.0,36.0,20.0,575.000000,11,3,1,True,False,5,physical,0,42,4.458656,0.0
padded_benes_8x8,default,3-2-0-1-4,routed,5,5,0,0,35,10,6,I0-I1:5;I0-I2:3;I0-I3:3;I0-I4:2;I1-I2:5;I1-I3:3;I1-I4:2;I2-I3:6;I2-I4:2;I3-I4:4,3699.000000,6605.668072,2906.668072,2.838164,5.703403,2.865239,1.687667,8.0,3.5,4.0,6.0,10.0,20.0,16.0,48.0,80.0,200.0,False,0.002,0.005,0.1,0.0,0.0,0.0,8000,4000,8,4,37.0,12,105.0,36.0,20.0,575.000000,12,3,1,True,False,5,physical,1,42,5.449423,0.0
padded_benes_8x8,default,3-4-2-1-0,failed,5,4,1,0,13,4,3,I0-I1:2;I0-I2:3;I1-I2:3;I2-I4:3,3787.000000,5171.296402,1384.296402,2.940830,4.431196,1.490366,1.010398,8.0,3.5,4.0,6.0,10.0,20.0,16.0,48.0,80.0,200.0,False,0.002,0.005,0.1,0.0,0.0,0.0,8000,4000,8,4,37.0,12,105.0,36.0,20.0,575.000000,12,3,4,True,True,5,physical,2,42,5.390437,0.2
padded_benes_8x8,default,4-3-0-1-2,routed,5,5,0,0,33,9,6,I0-I1:3;I0-I2:3;I0-I3:3;I1-I2:5;I1-I3:3;I1-I4:5;I2-I3:6;I2-I4:2;I3-I4:2,3699.000000,6768.499925,3069.499925,2.838164,5.431403,2.593239,1.640800,8.0,3.5,4.0,6.0,10.0,20.0,16.0,48.0,80.0,200.0,False,0.002,0.005,0.1,0.0,0.0,0.0,8000,4000,8,4,37.0,12,105.0,36.0,20.0,575.000000,13,3,1,True,False,5,physical,3,42,5.016057,0.0
padded_benes_8x8,default,3-4-1-0-2,routed,5,5,0,0,27,9,5,I0-I1:2;I0-I2:3;I0-I3:3;I0-I4:3;I1-I2:3;I1-I3:3;I2-I3:5;I2-I4:2;I3-I4:2,3787.000000,6823.623814,3036.623814,2.889497,5.162736,2.273239,1.473650,8.0,3.5,4.0,6.0,10.0,20.0,16.0,48.0,80.0,200.0,False,0.002,0.005,0.1,0.0,0.0,0.0,8000,4000,8,4,37.0,12,105.0,36.0,20.0,575.000000,10,3,1,True,False,5,physical,4,42,4.300205,0.0
padded_benes_8x8,default,1-2-0-3-4,routed,5,5,0,0,30,10,4,I0-I1:2;I0-I2:3;I0-I3:4;I0-I4:2;I1-I2:3;I1-I3:4;I1-I4:2;I2-I3:4;I2-I4:4;I3-I4:2,3699.000000,6454.252145,2755.252145,3.009497,5.023945,2.014448,1.463101,8.0,3.5,4.0,6.0,10.0,20.0,16.0,48.0,80.0,200.0,False,0.002,0.005,0.1,0.0,0.0,0.0,8000,4000,8,4,37.0,12,105.0,36.0,20.0,575.000000,9,3,1,True,False,5,physical,5,42,3.990367,0.0
padded_benes_8x8,default,3-4-1-2-0,failed,5,4,1,0,13,4,3,I0-I1:2;I0-I3:3;I1-I3:3;I3-I4:3,3787.000000,5247.150384,1460.150384,2.889497,4.568571,1.679074,1.041575,8.0,3.5,4.0,6.0,10.0,20.0,16.0,48.0,80.0,200.0,False,0.002,0.005,0.1,0.0,0.0,0.0,8000,4000,8,4,37.0,12,105.0,36.0,20.0,575.000000,14,3,3,True,True,5,physical,6,42,7.873965,0.2
padded_benes_8x8,default,3-2-1-4-0,routed,5,5,0,0,23,6,5,I0-I1:3;I0-I3:2;I1-I2:3;I1-I3:2;I2-I3:4;I2-I4:5,3603.000000,6582.353906,2979.353906,2.753497,4.749780,1.996283,1.365742,8.0,3.5,4.0,6.0,10.0,20.0,16.0,48.0,80.0,200.0,False,0.002,0.005,0.1,0.0,0.0,0.0,8000,4000,8,4,37.0,12,105.0,36.0,20.0,575.000000,10,3,1,True,False,5,physical,7,42,3.495327,0.0
padded_benes_8x8,default,4-0-1-2-3,failed,5,4,1,0,17,4,6,I0-I1:3;I1-I3:4;I1-I4:2;I3-I4:6,3699.000000,5052.026494,1353.026494,2.889497,4.768571,1.879074,1.080513,8.0,3.5,4.0,6.0,10.0,20.0,16.0,48.0,80.0,200.0,False,0.002,0.005,0.1,0.0,0.0,0.0,8000,4000,8,4,37.0,12,105.0,36.0,20.0,575.000000,10,3,4,True,True,5,physical,8,42,6.257241,0.2
padded_benes_8x8,default,4-2-0-3-1,routed,5,5,0,0,27,8,4,I0-I1:3;I0-I2:3;I0-I3:3;I1-I2:3;I1-I3:4;I2-I3:4;I2-I4:2;I3-I4:3,3699.000000,6624.791961,2925.791961,3.009497,4.862488,1.852991,1.381317,8.0,3.5,4.0,6.0,10.0,20.0,16.0,48.0,80.0,200.0,False,0.002,0.005,0.1,0.0,0.0,0.0,8000,4000,8,4,37.0,12,105.0,36.0,20.0,575.000000,11,3,1,True,False,5,physical,9,42,4.121773,0.0
padded_benes_8x8,default,1-4-3-2-0,routed,5,5,0,0,31,8,7,I0-I1:2;I0-I2:4;I0-I3:4;I1-I2:3;I1-I3:3;I2-I3:7;I2-I4:3;I3-I4:3,3787.000000,7244.207888,3457.207888,2.958164,6.492819,3.534655,1.877883,8.0,3.5,4.0,6.0,10.0,20.0,16.0,48.0,80.0,200.0,False,0.002,0.005,0.1,0.0,0.0,0.0,8000,4000,8,4,37.0,12,105.0,36.0,20.0,575.000000,13,3,1,True,False,5,physical,10,42,6.983975,0.0
padded_benes_8x8,default,3-1-0-4-2,routed,5,5,0,0,29,9,5,I0-I1:3;I0-I2:3;I0-I3:2;I0-I4:5;I1-I2:5;I1-I3:2;I1-I4:2;I2-I3:4;I2-I4:2,3691.000000,7338.601686,3647.601686,2.638164,5.282358,2.644193,2.005041,8.0,3.5,4.0,6.0,10.0,20.0,16.0,48.0,80.0,200.0,False,0.002,0.005,0.1,0.0,0.0,0.0,8000,4000,8,4,37.0,12,105.0,36.0,20.0,575.000000,15,3,1,True,False,5,physical,11,42,5.964336,0.0
padded_benes_8x8,default,3-2-4-0-1,routed,5,5,0,0,25,7,5,I0-I1:3;I0-I2:2;I0-I3:3;I1-I2:2;I1-I3:3;I2-I3:5;I3-I4:4,3603.000000,6682.207888,3079.207888,2.753497,5.239904,2.486407,1.486683,8.0,3.5,4.0,6.0,10.0,20.0,16.0,48.0,80.0,200.0,False,0.002,0.005,0.1,0.0,0.0,0.0,8000,4000,8,4,37.0,12,105.0,36.0,20.0,575.000000,9,3,1,True,False,5,physical,12,42,4.576232,0.0
padded_benes_8x8,default,1-2-3-0-4,routed,5,5,0,0,31,10,5,I0-I1:2;I0-I2:4;I0-I3:3;I0-I4:2;I1-I2:4;I1-I3:3;I1-I4:2;I2-I3:5;I2-I4:2;I3-I4:4,3699.000000,6534.544182,2835.544182,2.958164,5.390736,2.432572,1.533218,8.0,3.5,4.0,6.0,10.0,20.0,16.0,48.0,80.0,200.0,False,0.002,0.005,0.1,0.0,0.0,0.0,8000,4000,8,4,37.0,12,105.0,36.0,20.0,575.000000,9,3,1,True,False,5,physical,13,42,4.248819,0.0
padded_benes_8x8,default,0-3-4-1-2,routed,5,5,0,0,28,9,7,I0-I1:2;I0-I2:2;I0-I3:2;I0-I4:2;I1-I2:2;I1-I3:3;I1-I4:3;I2-I3:7;I3-I4:4,3603.000000,6816.499925,3213.499925,2.766164,5.260571,2.494407,1.698400,8.0,3.5,4.0,6.0,10.0,20.0,16.0,48.0,80.0,200.0,False,0.002,0.005,0.1,0.0,0.0,0.0,8000,4000,8,4,37.0,12,105.0,36.0,20.0,575.000000,12,3,1,True,False,5,physical,14,42,6.149889,0.0
padded_benes_8x8,default,2-3-1-0-4,routed,5,5,0,0,33,10,6,I0-I1:6;I0-I2:3;I0-I3:3;I0-I4:2;I1-I2:3;I1-I3:3;I1-I4:2;I2-I3:5;I2-I4:2;I3-I4:4,3699.000000,6617.668072,2918.668072,2.889497,5.488152,2.598655,1.612467,8.0,3.5,4.0,6.0,10.0,20.0,16.0,48.0,80.0,200.0,False,0.002,0.005,0.1,0.0,0.0,0.0,8000,4000,8,4,37.0,12,105.0,36.0,20.0,575.000000,11,3,1,True,False,5,physical,15,42,5.146735,0.0
padded_benes_8x8,default,3-1-4-0-2,routed,5,5,0,0,24,8,5,I0-I1:3;I0-I3:3;I0-I4:3;I1-I2:2;I1-I3:5;I1-I4:2;I2-I3:3;I3-I4:2,3691.000000,7152.893723,3461.893723,2.689497,5.018358,2.328861,1.728757,8.0,3.5,4.0,6.0,10.0,20.0,16.0,48.0,80.0,200.0,False,0.002,0.005,0.1,0.0,0.0,0.0,8000,4000,8,4,37.0,12,105.0,36.0,20.0,575.000000,13,3,1,True,False,5,physical,16,42,6.251425,0.0
padded_benes_8x8,default,4-0-1-3-2,failed,5,3,2,0,8,2,4,I0-I1:3;I1-I3:4,3699.000000,3947.508806,248.508806,2.889497,4.512070,1.622573,0.914006,8.0,3.5,4.0,6.0,10.0,20.0,16.0,48.0,80.0,200.0,False,0.002,0.005,0.1,0.0,0.0,0.0,8000,4000,8,4,37.0,12,105.0,36.0,20.0,575.000000,15,3,3,True,True,5,physical,17,42,12.691138,0.4
padded_benes_8x8,default,2-0-3-4-1,failed,5,4,1,0,11,4,3,I0-I1:3;I0-I3:2;I1-I3:2;I1-I4:2,3603.000000,4908.858347,1305.858347,2.612830,3.804653,1.191823,0.876929,8.0,3.5,4.0,6.0,10.0,20.0,16.0,48.0,80.0,200.0,False,0.002,0.005,0.1,0.0,0.0,0.0,8000,4000,8,4,37.0,12,105.0,36.0,20.0,575.000000,13,3,4,True,True,5,physical,18,42,9.057146,0.2
padded_benes_8x8,default,2-4-1-0-3,routed,5,5,0,0,28,9,5,I0-I1:2;I0-I2:3;I0-I3:3;I0-I4:4;I1-I2:3;I1-I3:3;I2-I3:5;I2-I4:2;I3-I4:2,3787.000000,7000.207888,3213.207888,2.889497,5.564152,2.674655,1.580283,8.0,3.5,4.0,6.0,10.0,20.0,16.0,48.0,80.0,200.0,False,0.002,0.005,0.1,0.0,0.0,0.0,8000,4000,8,4,37.0,12,105.0,36.0,20.0,575.000000,12,3,1,True,False,5,physical,19,42,5.826062,0.0
padded_benes_8x8,default,0-2-3-1-4,routed,5,5,0,0,32,10,5,I0-I1:2;I0-I2:4;I0-I3:4;I0-I4:2;I1-I2:4;I1-I3:3;I1-I4:2;I2-I3:5;I2-I4:2;I3-I4:4,3699.000000,6582.836218,2883.836218,2.958164,5.735403,2.777239,1.590534,8.0,3.5,4.0,6.0,10.0,20.0,16.0,48.0,80.0,200.0,False,0.002,0.005,0.1,0.0,0.0,0.0,8000,4000,8,4,37.0,12,105.0,36.0,20.0,575.000000,10,3,1,True,False,5,physical,20,42,4.715764,0.0
padded_benes_8x8,default,2-3-0-4-1,routed,5,5,0,0,25,7,4,I0-I1:4;I0-I2:3;I0-I3:2;I1-I2:3;I1-I3:2;I2-I3:4;I2-I4:4,3603.000000,6797.915851,3194.915851,2.740830,4.958529,2.217699,1.534966,8.0,3.5,4.0,6.0,10.0,20.0,16.0,48.0,80.0,200.0,False,0.002,0.005,0.1,0.0,0.0,0.0,8000,4000,8,4,37.0,12,105.0,36.0,20.0,575.000000,10,3,1,True,False,5,physical,21,42,5.278502,0.0
padded_benes_8x8,default,4-0-2-1-3,failed,5,4,1,0,17,4,6,I0-I1:3;I1-I2:4;I1-I4:2;I2-I4:6,3699.000000,4991.880476,1292.880476,2.940830,4.631196,1.690366,1.059690,8.0,3.5,4.0,6.0,10.0,20.0,16.0,48.0,80.0,200.0,False,0.002,0.005,0.1,0.0,0.0,0.0,8000,4000,8,4,37.0,12,105.0,36.0,20.0,575.000000,12,3,4,True,True,5,physical,22,42,6.225064,0.2
padded_benes_8x8,default,4-2-0-1-3,routed,5,5,0,0,32,9,6,I0-I1:3;I0-I2:3;I0-I3:3;I1-I2:5;I1-I3:3;I1-I4:4;I2-I3:6;I2-I4:2;I3-I4:2,3699.000000,6674.791961,2975.791961,2.838164,5.389987,2.551823,1.561317,8.0,3.5,4.0,6.0,10.0,20.0,16.0,48.0,80.0,200.0,False,0.002,0.005,0.1,0.0,0.0,0.0,8000,4000,8,4,37.0,12,105.0,36.0,20.0,575.000000,12,3,1,True,False,5,physical,23,42,4.682402,0.0
padded_benes_8x8,default,0-2-1-4-3,routed,5,5,0,0,24,9,4,I0-I1:2;I0-I2:2;I0-I3:2;I0-I4:2;I1-I2:3;I1-I3:2;I1-I4:2;I2-I3:4;I2-I4:4,3603.000000,6736.499925,3133.499925,2.753497,4.781780,2.028283,1.506400,8.0,3.5,4.0,6.0,10.0,20.0,16.0,48.0,80.0,200.0,False,0.002,0.005,0.1,0.0,0.0,0.0,8000,4000,8,4,37.0,12,105.0,36.0,20.0,575.000000,11,3,1,True,False,5,physical,24,42,5.607823,0.0
padded_benes_8x8,default,0-1-2-4-3,routed,5,5,0,0,25,8,4,I0-I1:4;I0-I3:2;I0-I4:2;I1-I2:4;I1-I3:2;I1-I4:2;I2-I3:4;I2-I4:4,3603.000000,6782.499925,3179.499925,2.612830,4.731196,2.118366,1.604800,8.0,3.5,4.0,6.0,10.0,20.0,16.0,48.0,80.0,200.0,False,0.002,0.005,0.1,0.0,0.0,0.0,8000,4000,8,4,37.0,12,105.0,36.0,20.0,575.000000,11,3,1,True,False,5,physical,25,42,5.630978,0.0
padded_benes_8x8,default,3-1-0-2-4,routed,5,5,0,0,34,10,6,I0-I1:3;I0-I2:3;I0-I3:5;I0-I4:2;I1-I2:5;I1-I3:4;I1-I4:2;I2-I3:6;I2-I4:2;I3-I4:2,3699.000000,6269.274274,2570.274274,2.838164,5.207155,2.368991,1.542110,8.0,3.5,4.0,6.0,10.0,20.0,16.0,48.0,80.0,200.0,False,0.002,0.005,0.1,0.0,0.0,0.0,8000,4000,8,4,37.0,12,105.0,36.0,20.0,575.000000,9,3,1,True,False,5,physical,26,42,3.956622,0.0
padded_benes_8x8,default,2-4-3-0-1,failed,5,3,2,0,4,1,2,I0-I1:2,3787.000000,3549.946861,-237.053139,2.889497,3.226488,0.336991,0.395965,8.0,3.5,4.0,6.0,10.0,20.0,16.0,48.0,80.0,200.0,False,0.002,0.005,0.1,0.0,0.0,0.0,8000,4000,8,4,37.0,12,105.0,36.0,20.0,575.000000,15,3,4,True,True,5,physical,27,42,11.596166,0.4
padded_benes_8x8,default,1-0-3-2-4,routed,5,5,0,0,36,10,7,I0-I1:3;I0-I2:4;I0-I3:4;I0-I4:2;I1-I2:4;I1-I3:4;I1-I4:2;I2-I3:7;I2-I4:2;I3-I4:4,3699.000000,6940.252145,3241.252145,2.958164,6.855651,3.897487,1.937501,8.0,3.5,4.0,6.0,10.0,20.0,16.0,48.0,80.0,200.0,False,0.002,0.005,0.1,0.0,0.0,0.0,8000,4000,8,4,37.0,12,105.0,36.0,20.0,575.000000,12,3,1,True,False,5,physical,28,42,6.894600,0.0
padded_benes_8x8,default,3-1-2-0-4,failed,5,4,1,0,20,6,5,I0-I1:3;I0-I2:5;I0-I4:2;I1-I2:4;I1-I4:2;I2-I4:4,3699.000000,4995.048623,1296.048623,2.889497,4.847196,1.957699,1.243274,8.0,3.5,4.0,6.0,10.0,20.0,16.0,48.0,80.0,200.0,False,0.002,0.005,0.1,0.0,0.0,0.0,8000,4000,8,4,37.0,12,105.0,36.0,20.0,575.000000,12,3,4,True,True,5,physical,29,42,6.325597,0.2
padded_benes_8x8,default,0-4-2-3-1,routed,5,5,0,0,33,9,8,I0-I1:2;I0-I2:4;I0-I3:4;I0-I4:2;I1-I2:3;I1-I3:3;I2-I3:8;I2-I4:3;I3-I4:3,3787.000000,7296.499925,3509.499925,2.906831,6.445486,3.538655,1.976800,8.0,3.5,4.0,6.0,10.0,20.0,16.0,48.0,80.0,200.0,False,0.002,0.005,0.1,0.0,0.0,0.0,8000,4000,8,4,37.0,12,105.0,36.0,20.0,575.000000,14,3,1,True,False,5,physical,30,42,7.290243,0.0
padded_benes_8x8,default,2-0-4-1-3,routed,5,5,0,0,28,9,4,I0-I1:3;I0-I2:2;I0-I3:3;I0-I4:4;I1-I2:2;I1-I3:4;I1-I4:4;I2-I3:3;I3-I4:2,3691.000000,7047.331778,3356.331778,2.740830,5.046777,2.305947,1.843533,8.0,3.5,4.0,6.0,10.0,20.0,16.0,48.0,80.0,200.0,False,0.002,0.005,0.1,0.0,0.0,0.0,8000,4000,8,4,37.0,12,105.0,36.0,20.0,575.000000,11,3,1,True,False,5,physical,31,42,5.490987,0.0
padded_benes_8x8,default,1-3-4-2-0,routed,5,5,0,0,22,6,5,I0-I1:2;I0-I2:2;I0-I3:4;I1-I2:2;I1-I3:5;I2-I3:3,3691.000000,6940.207888,3249.207888,2.758164,4.787155,2.028991,1.554683,8.0,3.5,4.0,6.0,10.0,20.0,16.0,48.0,80.0,200.0,False,0.002,0.005,0.1,0.0,0.0,0.0,8000,4000,8,4,37.0,12,105.0,36.0,20.0,575.000000,11,3,1,True,False,5,physical,32,42,4.417424,0.0
padded_benes_8x8,default,2-0-3-1-4,failed,5,4,1,0,16,6,4,I0-I1:3;I0-I3:3;I0-I4:2;I1-I3:4;I1-I4:2;I3-I4:2,3699.000000,4619.194641,920.194641,2.940830,4.163237,1.222407,0.764097,8.0,3.5,4.0,6.0,10.0,20.0,16.0,48.0,80.0,200.0,False,0.002,0.005,0.1,0.0,0.0,0.0,8000,4000,8,4,37.0,12,105.0,36.0,20.0,575.000000,12,3,4,True,True,5,physical,33,42,9.750110,0.2
padded_benes_8x8,default,2-4-0-1-3,routed,5,5,0,0,31,9,8,I0-I1:2;I0-I2:3;I0-I3:3;I0-I4:2;I1-I2:3;I1-I3:3;I2-I3:8;I2-I4:2;I3-I4:4,3787.000000,6898.499925,3111.499925,2.838164,5.772571,2.934407,1.657600,8.0,3.5,4.0,6.0,10.0,20.0,16.0,48.0,80.0,200.0,False,0.002,0.005,0.1,0.0,0.0,0.0,8000,4000,8,4,37.0,12,105.0,36.0,20.0,575.000000,12,3,1,True,False,5,physical,34,42,5.154187,0.0
padded_benes_8x8,default,1-3-2-4-0,routed,5,5,0,0,23,6,5,I0-I1:2;I0-I2:4;I0-I3:2;I1-I2:5;I1-I3:2;I2-I3:4,3691.000000,6923.623814,3232.623814,2.706831,4.915485,2.208654,1.592050,8.0,3.5,4.0,6.0,10.0,20.0,16.0,48.0,80.0,200.0,False,0.002,0.005,0.1,0.0,0.0,0.0,8000,4000,8,4,37.0,12,105.0,36.0,20.0,575.000000,11,3,1,True,False,5,physical,35,42,3.585188,0.0
padded_benes_8x8,default,2-4-0-3-1,failed,5,3,2,0,7,2,3,I1-I3:3;I3-I4:3,3787.000000,4503.756586,716.756586,2.838164,4.612070,1.773906,1.115504,8.0,3.5,4.0,6.0,10.0,20.0,16.0,48.0,80.0,200.0,False,0.002,0.005,0.1,0.0,0.0,0.0,8000,4000,8,4,37.0,12,105.0,36.0,20.0,575.000000,17,3,3,True,True,5,physical,36,42,9.842628,0.4
padded_benes_8x8,default,1-2-4-0-3,routed,5,5,0,0,26,9,5,I0-I1:2;I0-I2:2;I0-I3:3;I0-I4:2;I1-I2:2;I1-I3:3;I1-I4:4;I2-I3:5;I3-I4:2,3603.000000,6774.791961,3171.791961,2.753497,4.954488,2.200991,1.599717,8.0,3.5,4.0,6.0,10.0,20.0,16.0,48.0,80.0,200.0,False,0.002,0.005,0.1,0.0,0.0,0.0,8000,4000,8,4,37.0,12,105.0,36.0,20.0,575.000000,11,3,1,True,False,5,physical,37,42,5.694867,0.0
padded_benes_8x8,default,2-3-0-1-4,routed,5,5,0,0,34,10,8,I0-I1:4;I0-I2:3;I0-I3:3;I0-I4:2;I1-I2:3;I1-I3:3;I1-I4:2;I2-I3:8;I2-I4:2;I3-I4:4,3699.000000,6671.960108,2972.960108,2.838164,6.110235,3.272071,1.672184,8.0,3.5,4.0,6.0,10.0,20.0,16.0,48.0,80.0,200.0,False,0.002,0.005,0.1,0.0,0.0,0.0,8000,4000,8,4,37.0,12,105.0,36.0,20.0,575.000000,12,3,1,True,False,5,physical,38,42,5.937095,0.0
padded_benes_8x8,default,1-3-2-0-4,routed,5,5,0,0,32,10,5,I0-I1:2;I0-I2:4;I0-I3:3;I0-I4:2;I1-I2:5;I1-I3:3;I1-I4:2;I2-I3:5;I2-I4:2;I3-I4:4,3699.000000,6575.960108,2876.960108,2.906831,5.314736,2.407905,1.593784,8.0,3.5,4.0,6.0,10.0,20.0,16.0,48.0,80.0,200.0,False,0.002,0.005,0.1,0.0,0.0,0.0,8000,4000,8,4,37.0,12,105.0,36.0,20.0,575.000000,10,3,1,True,False,5,physical,39,42,3.631963,0.0
padded_benes_8x8,default,2-1-4-3-0,failed,5,3,2,0,12,3,6,I1-I3:6;I1-I4:3;I3-I4:3,3603.000000,4306.486678,703.486678,2.561497,4.912070,2.350573,1.466324,8.0,3.5,4.0,6.0,10.0,20.0,16.0,48.0,80.0,200.0,False,0.002,0.005,0.1,0.0,0.0,0.0,8000,4000,8,4,37.0,12,105.0,36.0,20.0,575.000000,17,3,3,True,True,5,physical,40,42,13.046337,0.4
padded_benes_8x8,default,2-1-0-4-3,routed,5,5,0,0,30,9,5,I0-I1:3;I0-I2:3;I0-I3:2;I0-I4:4;I1-I2:5;I1-I3:2;I1-I4:4;I2-I3:4;I2-I4:2,3691.000000,7076.061870,3385.061870,2.638164,5.129609,2.491445,1.930025,8.0,3.5,4.0,6.0,10.0,20.0,16.0,48.0,80.0,200.0,False,0.002,0.005,0.1,0.0,0.0,0.0,8000,4000,8,4,37.0,12,105.0,36.0,20.0,575.000000,12,3,1,True,False,5,physical,41,42,6.109077,0.0
padded_benes_8x8,default,3-0-4-1-2,routed,5,5,0,0,27,9,5,I0-I1:3;I0-I2:2;I0-I3:3;I0-I4:5;I1-I2:2;I1-I3:4;I1-I4:2;I2-I3:3;I3-I4:2,3691.000000,7325.871594,3634.871594,2.740830,5.282358,2.541528,1.924949,8.0,3.5,4.0,6.0,10.0,20.0,16.0,48.0,80.0,200.0,False,0.002,0.005,0.1,0.0,0.0,0.0,8000,4000,8,4,37.0,12,105.0,36.0,20.0,575.000000,13,3,1,True,False,5,physical,42,42,5.484444,0.0
padded_benes_8x8,default,0-4-3-1-2,routed,5,5,0,0,27,8,5,I0-I1:2;I0-I2:4;I0-I3:4;I1-I2:3;I1-I3:3;I2-I3:5;I2-I4:3;I3-I4:2,3787.000000,6902.499925,3115.499925,2.958164,5.372571,2.414407,1.539200,8.0,3.5,4.0,6.0,10.0,20.0,16.0,48.0,80.0,200.0,False,0.002,0.005,0.1,0.0,0.0,0.0,8000,4000,8,4,37.0,12,105.0,36.0,20.0,575.000000,11,3,1,True,False,5,physical,43,42,5.790350,0.0
padded_benes_8x8,default,2-3-1-4-0,routed,5,5,0,0,26,6,5,I0-I1:4;I0-I3:2;I1-I2:5;I1-I3:2;I2-I3:4;I2-I4:5,3603.000000,6749.769833,3146.769833,2.753497,4.949780,2.196283,1.556708,8.0,3.5,4.0,6.0,10.0,20.0,16.0,48.0,80.0,200.0,False,0.002,0.005,0.1,0.0,0.0,0.0,8000,4000,8,4,37.0,12,105.0,36.0,20.0,575.000000,11,3,1,True,False,5,physical,44,42,4.568724,0.0
padded_benes_8x8,default,2-3-4-1-0,routed,5,5,0,0,27,6,7,I0-I1:4;I0-I2:2;I1-I2:2;I1-I3:3;I2-I3:7;I3-I4:5,3603.000000,6726.353906,3123.353906,2.766164,5.228571,2.462407,1.583342,8.0,3.5,4.0,6.0,10.0,20.0,16.0,48.0,80.0,200.0,False,0.002,0.005,0.1,0.0,0.0,0.0,8000,4000,8,4,37.0,12,105.0,36.0,20.0,575.000000,11,3,1,True,False,5,physical,45,42,4.629063,0.0
padded_benes_8x8,default,0-4-3-2-1,routed,5,5,0,0,32,9,7,I0-I1:2;I0-I2:4;I0-I3:4;I0-I4:2;I1-I2:3;I1-I3:3;I2-I3:7;I2-I4:3;I3-I4:3,3787.000000,7302.499925,3515.499925,2.958164,6.492819,3.534655,1.939200,8.0,3.5,4.0,6.0,10.0,20.0,16.0,48.0,80.0,200.0,False,0.002,0.005,0.1,0.0,0.0,0.0,8000,4000,8,4,37.0,12,105.0,36.0,20.0,575.000000,14,3,1,True,False,5,physical,46,42,7.203032,0.0
padded_benes_8x8,default,1-3-4-0-2,routed,5,5,0,0,27,9,5,I0-I1:2;I0-I2:2;I0-I3:3;I0-I4:2;I1-I2:2;I1-I3:3;I1-I4:5;I2-I3:5;I3-I4:2,3603.000000,6848.499925,3245.499925,2.753497,4.995904,2.242407,1.671200,8.0,3.5,4.0,6.0,10.0,20.0,16.0,48.0,80.0,200.0,False,0.002,0.005,0.1,0.0,0.0,0.0,8000,4000,8,4,37.0,12,105.0,36.0,20.0,575.000000,12,3,1,True,False,5,physical,47,42,6.676646,0.0
padded_benes_8x8,default,4-0-2-3-1,routed,5,5,0,0,34,9,8,I0-I1:3;I0-I2:3;I0-I3:3;I1-I2:4;I1-I3:4;I1-I4:2;I2-I3:8;I2-I4:3;I3-I4:3,3699.000000,7034.207888,3335.207888,2.906831,6.504318,3.597487,1.869083,8.0,3.5,4.0,6.0,10.0,20.0,16.0,48.0,80.0,200.0,False,0.002,0.005,0.1,0.0,0.0,0.0,8000,4000,8,4,37.0,12,105.0,36.0,20.0,575.000000,16,3,1,True,False,5,physical,48,42,6.759301,0.0
padded_benes_8x8,default,4-2-3-0-1,routed,5,5,0,0,28,8,5,I0-I1:3;I0-I2:3;I0-I3:3;I1-I2:4;I1-I3:3;I2-I3:5;I2-I4:3;I3-I4:2,3699.000000,6609.083998,2910.083998,2.958164,5.045320,2.087156,1.413034,8.0,3.5,4.0,6.0,10.0,20.0,16.0,48.0,80.0,200.0,False,0.002,0.005,0.1,0.0,0.0,0.0,8000,4000,8,4,37.0,12,105.0,36.0,20.0,575.000000,11,3,1,True,False,5,physical,49,42,4.121523,0.0
padded_benes_8x8,default,1-0-2-3-4,routed,5,5,0,0,37,10,8,I0-I1:5;I0-I2:4;I0-I3:4;I0-I4:2;I1-I2:4;I1-I3:4;I1-I4:2;I2-I3:8;I2-I4:2;I3-I4:2,3699.000000,7064.499925,3365.499925,2.906831,6.504318,3.597487,2.039200,8.0,3.5,4.0,6.0,10.0,20.0,16.0,48.0,80.0,200.0,False,0.002,0.005,0.1,0.0,0.0,0.0,8000,4000,8,4,37.0,12,105.0,36.0,20.0,575.000000,16,3,1,True,False,5,physical,50,42,6.875397,0.0
padded_benes_8x8,default,0-2-1-3-4,routed,5,5,0,0,31,10,4,I0-I1:2;I0-I2:4;I0-I3:4;I0-I4:2;I1-I2:3;I1-I3:4;I1-I4:2;I2-I3:4;I2-I4:4;I3-I4:2,3699.000000,6554.836218,2855.836218,3.009497,5.400612,2.391115,1.539334,8.0,3.5,4.0,6.0,10.0,20.0,16.0,48.0,80.0,200.0,False,0.002,0.005,0.1,0.0,0.0,0.0,8000,4000,8,4,37.0,12,105.0,36.0,20.0,575.000000,10,3,1,True,False,5,physical,51,42,4.675325,0.0
padded_benes_8x8,default,2-1-3-0-4,failed,5,4,1,0,24,6,6,I1-I2:6;I1-I3:5;I1-I4:2;I2-I3:5;I2-I4:4;I3-I4:2,3699.000000,5513.880476,1814.880476,2.889497,5.390695,2.501198,1.524690,8.0,3.5,4.0,6.0,10.0,20.0,16.0,48.0,80.0,200.0,False,0.002,0.005,0.1,0.0,0.0,0.0,8000,4000,8,4,37.0,12,105.0,36.0,20.0,575.000000,16,3,3,True,True,5,physical,52,42,13.467447,0.2
padded_benes_8x8,default,3-4-0-1-2,routed,5,5,0,0,28,9,6,I0-I1:2;I0-I2:3;I0-I3:3;I0-I4:3;I1-I2:3;I1-I3:3;I2-I3:6;I2-I4:2;I3-I4:2,3787.000000,6849.915851,3062.915851,2.838164,5.463403,2.625239,1.522166,8.0,3.5,4.0,6.0,10.0,20.0,16.0,48.0,80.0,200.0,False,0.002,0.005,0.1,0.0,0.0,0.0,8000,4000,8,4,37.0,12,105.0,36.0,20.0,575.000000,12,3,1,True,False,5,physical,53,42,5.336525,0.0
padded_benes_8x8,default,0-4-1-2-3,routed,5,5,0,0,29,8,4,I0-I1:2;I0-I2:4;I0-I3:4;I1-I2:3;I1-I3:3;I2-I3:4;I2-I4:4;I3-I4:4,3787.000000,6897.376035,3110.376035,2.958164,5.261780,2.303616,1.611150,8.0,3.5,4.0,6.0,10.0,20.0,16.0,48.0,80.0,200.0,False,0.002,0.005,0.1,0.0,0.0,0.0,8000,4000,8,4,37.0,12,105.0,36.0,20.0,575.000000,12,3,1,True,False,5,physical,54,42,4.922560,0.0
padded_benes_8x8,default,2-0-1-4-3,routed,5,5,0,0,31,9,6,I0-I1:3;I0-I2:3;I0-I3:2;I0-I4:6;I1-I2:4;I1-I3:2;I1-I4:4;I2-I3:4;I2-I4:2,3691.000000,7146.747704,3455.747704,2.689497,5.393609,2.704112,2.007299,8.0,3.5,4.0,6.0,10.0,20.0,16.0,48.0,80.0,200.0,False,0.002,0.005,0.1,0.0,0.0,0.0,8000,4000,8,4,37.0,12,105.0,36.0,20.0,575.000000,12,3,1,True,False,5,physical,55,42,5.123969,0.0
padded_benes_8x8,default,4-3-2-0-1,routed,5,5,0,0,29,8,5,I0-I1:3;I0-I2:3;I0-I3:3;I1-I2:5;I1-I3:3;I2-I3:5;I2-I4:3;I3-I4:2,3699.000000,6667.083998,2968.083998,2.906831,5.086736,2.179905,1.476234,8.0,3.5,4.0,6.0,10.0,20.0,16.0,48.0,80.0,200.0,False,0.002,0.005,0.1,0.0,0.0,0.0,8000,4000,8,4,37.0,12,105.0,36.0,20.0,575.000000,12,3,1,True,False,5,physical,56,42,4.236721,0.0
padded_benes_8x8,default,1-4-0-2-3,routed,5,5,0,0,26,8,4,I0-I1:2;I0-I2:3;I0-I3:4;I1-I2:3;I1-I3:3;I2-I3:4;I2-I4:2;I3-I4:4,3787.000000,7014.499925,3227.499925,2.958164,5.137361,2.179197,1.544000,8.0,3.5,4.0,6.0,10.0,20.0,16.0,48.0,80.0,200.0,False,0.002,0.005,0.1,0.0,0.0,0.0,8000,4000,8,4,37.0,12,105.0,36.0,20.0,575.000000,11,3,1,True,False,5,physical,57,42,4.400172,0.0
padded_benes_8x8,default,0-1-3-2-4,routed,5,5,0,0,37,10,7,I0-I1:4;I0-I2:4;I0-I3:4;I0-I4:2;I1-I2:4;I1-I3:4;I1-I4:2;I2-I3:7;I2-I4:2;I3-I4:4,3699.000000,6998.544182,3299.544182,2.958164,6.875651,3.917487,1.998818,8.0,3.5,4.0,6.0,10.0,20.0,16.0,48.0,80.0,200.0,False,0.002,0.005,0.1,0.0,0.0,0.0,8000,4000,8,4,37.0,12,105.0,36.0,20.0,575.000000,13,3,1,True,False,5,physical,58,42,7.150487,0.0
padded_benes_8x8,default,4-1-0-3-2,failed,5,3,2,0,10,2,6,I0-I1:3;I1-I3:6,3699.000000,4032.092880,333.092880,2.838164,4.712070,1.873906,1.086395,8.0,3.5,4.0,6.0,10.0,20.0,16.0,48.0,80.0,200.0,False,0.002,0.005,0.1,0.0,0.0,0.0,8000,4000,8,4,37.0,12,105.0,36.0,20.0,575.000000,14,3,3,True,True,5,physical,59,42,10.938598,0.4
padded_benes_8x8,default,3-0-1-2-4,routed,5,5,0,0,33,10,6,I0-I1:3;I0-I2:3;I0-I3:5;I0-I4:2;I1-I2:4;I1-I3:4;I1-I4:2;I2-I3:6;I2-I4:2;I3-I4:2,3699.000000,6244.836218,2545.836218,2.889497,5.207155,2.317658,1.495334,8.0,3.5,4.0,6.0,10.0,20.0,16.0,48.0,80.0,200.0,False,0.002,0.005,0.1,0.0,0.0,0.0,8000,4000,8,4,37.0,12,105.0,36.0,20.0,575.000000,8,3,1,True,False,5,physical,60,42,3.643278,0.0
padded_benes_8x8,default,3-0-1-4-2,routed,5,5,0,0,28,9,5,I0-I1:3;I0-I2:3;I0-I3:2;I0-I4:5;I1-I2:4;I1-I3:2;I1-I4:2;I2-I3:4;I2-I4:2,3691.000000,7314.163631,3623.163631,2.689497,5.282358,2.592861,1.958265,8.0,3.5,4.0,6.0,10.0,20.0,16.0,48.0,80.0,200.0,False,0.002,0.005,0.1,0.0,0.0,0.0,8000,4000,8,4,37.0,12,105.0,36.0,20.0,575.000000,14,3,1,True,False,5,physical,61,42,5.721566,0.0
padded_benes_8x8,default,1-3-0-2-4,routed,5,5,0,0,31,10,5,I0-I1:2;I0-I2:3;I0-I3:4;I0-I4:2;I1-I2:3;I1-I3:5;I1-I4:2;I2-I3:4;I2-I4:4;I3-I4:2,3699.000000,6564.544182,2865.544182,2.958164,5.097361,2.139197,1.545218,8.0,3.5,4.0,6.0,10.0,20.0,16.0,48.0,80.0,200.0,False,0.002,0.005,0.1,0.0,0.0,0.0,8000,4000,8,4,37.0,12,105.0,36.0,20.0,575.000000,10,3,1,True,False,5,physical,62,42,4.442634,0.0
padded_benes_8x8,default,1-4-3-0-2,routed,5,5,0,0,26,8,5,I0-I1:2;I0-I2:4;I0-I3:3;I1-I2:3;I1-I3:3;I2-I3:5;I2-I4:3;I3-I4:2,3787.000000,6806.791961,3019.791961,2.958164,4.966447,2.008283,1.458917,8.0,3.5,4.0,6.0,10.0,20.0,16.0,48.0,80.0,200.0,False,0.002,0.005,0.1,0.0,0.0,0.0,8000,4000,8,4,37.0,12,105.0,36.0,20.0,575.000000,10,3,1,True,False,5,physical,63,42,5.109336,0.0
padded_benes_8x8,default,1-3-0-4-2,routed,5,5,0,0,26,9,5,I0-I1:2;I0-I2:3;I0-I3:2;I0-I4:2;I1-I2:3;I1-I3:2;I1-I4:5;I2-I3:4;I2-I4:2,3603.000000,6864.207888,3261.207888,2.740830,4.758529,2.017699,1.639483,8.0,3.5,4.0,6.0,10.0,20.0,16.0,48.0,80.0,200.0,False,0.002,0.005,0.1,0.0,0.0,0.0,8000,4000,8,4,37.0,12,105.0,36.0,20.0,575.000000,12,3,1,True,False,5,physical,64,42,6.695224,0.0
padded_benes_8x8,default,0-2-4-1-3,routed,5,5,0,0,27,9,7,I0-I1:2;I0-I2:2;I0-I3:2;I0-I4:2;I1-I2:2;I1-I3:3;I1-I4:2;I2-I3:7;I3-I4:4,3603.000000,6742.791961,3139.791961,2.766164,5.219155,2.452991,1.626917,8.0,3.5,4.0,6.0,10.0,20.0,16.0,48.0,80.0,200.0,False,0.002,0.005,0.1,0.0,0.0,0.0,8000,4000,8,4,37.0,12,105.0,36.0,20.0,575.000000,11,3,1,True,False,5,physical,65,42,5.521632,0.0
padded_benes_8x8,default,3-0-2-1-4,routed,5,5,0,0,34,10,7,I0-I1:3;I0-I2:5;I0-I3:3;I0-I4:2;I1-I2:4;I1-I3:4;I1-I4:2;I2-I3:7;I2-I4:2;I3-I4:2,3699.000000,6343.960108,2644.960108,2.940830,5.356612,2.415782,1.580984,8.0,3.5,4.0,6.0,10.0,20.0,16.0,48.0,80.0,200.0,False,0.002,0.005,0.1,0.0,0.0,0.0,8000,4000,8,4,37.0,12,105.0,36.0,20.0,575.000000,8,3,1,True,False,5,physical,66,42,3.886425,0.0
padded_benes_8x8,default,0-3-2-4-1,routed,5,5,0,0,24,7,5,I0-I1:2;I0-I2:4;I0-I3:2;I0-I4:2;I1-I2:5;I1-I3:2;I2-I3:4,3691.000000,6972.791961,3281.791961,2.706831,4.707237,2.000406,1.643717,8.0,3.5,4.0,6.0,10.0,20.0,16.0,48.0,80.0,200.0,False,0.002,0.005,0.1,0.0,0.0,0.0,8000,4000,8,4,37.0,12,105.0,36.0,20.0,575.000000,12,3,1,True,False,5,physical,67,42,4.600096,0.0
padded_benes_8x8,default,2-1-4-0-3,routed,5,5,0,0,27,8,5,I0-I1:3;I0-I3:3;I0-I4:4;I1-I2:2;I1-I3:5;I1-I4:4;I2-I3:3;I3-I4:2,3691.000000,6979.477796,3288.477796,2.689497,5.046777,2.357280,1.775391,8.0,3.5,4.0,6.0,10.0,20.0,16.0,48.0,80.0,200.0,False,0.002,0.005,0.1,0.0,0.0,0.0,8000,4000,8,4,37.0,12,105.0,36.0,20.0,575.000000,12,3,1,True,False,5,physical,68,42,5.164378,0.0
padded_benes_8x8,default,0-1-4-3-2,failed,5,4,1,0,21,5,7,I0-I1:4;I0-I2:2;I1-I2:2;I1-I3:6;I2-I3:7,3603.000000,5407.150384,1804.150384,2.561497,5.312070,2.750573,1.681575,8.0,3.5,4.0,6.0,10.0,20.0,16.0,48.0,80.0,200.0,False,0.002,0.005,0.1,0.0,0.0,0.0,8000,4000,8,4,37.0,12,105.0,36.0,20.0,575.000000,13,3,3,True,True,5,physical,69,42,11.750494,0.2
padded_benes_8x8,default,1-2-3-4-0,routed,5,5,0,0,22,6,4,I0-I1:2;I0-I2:4;I0-I3:2;I1-I2:4;I1-I3:2;I2-I3:4,3691.000000,6866.499925,3175.499925,2.758164,4.766447,2.008283,1.523200,8.0,3.5,4.0,6.0,10.0,20.0,16.0,48.0,80.0,200.0,False,0.002,0.005,0.1,0.0,0.0,0.0,8000,4000,8,4,37.0,12,105.0,36.0,20.0,575.000000,10,3,1,True,False,5,physical,70,42,4.229145,0.0
padded_benes_8x8,default,1-4-2-0-3,routed,5,5,0,0,27,8,5,I0-I1:2;I0-I2:4;I0-I3:3;I1-I2:3;I1-I3:3;I2-I3:5;I2-I4:4;I3-I4:2,3787.000000,6962.499925,3175.499925,2.906831,5.524152,2.617321,1.563200,8.0,3.5,4.0,6.0,10.0,20.0,16.0,48.0,80.0,200.0,False,0.002,0.005,0.1,0.0,0.0,0.0,8000,4000,8,4,37.0,12,105.0,36.0,20.0,575.000000,11,3,1,True,False,5,physical,71,42,4.549115,0.0
padded_benes_8x8,default,1-4-2-3-0,routed,5,5,0,0,34,9,8,I0-I1:2;I0-I2:4;I0-I3:4;I0-I4:3;I1-I2:3;I1-I3:3;I2-I3:8;I2-I4:3;I3-I4:3,3787.000000,7239.623814,3452.623814,2.906831,6.504318,3.597487,2.000050,8.0,3.5,4.0,6.0,10.0,20.0,16.0,48.0,80.0,200.0,False,0.002,0.005,0.1,0.0,0.0,0.0,8000,4000,8,4,37.0,12,105.0,36.0,20.0,575.000000,15,3,1,True,False,5,physical,72,42,7.733777,0.0
padded_benes_8x8,default,0-3-1-2-4,routed,5,5,0,0,34,10,5,I0-I1:2;I0-I2:4;I0-I3:4;I0-I4:2;I1-I2:5;I1-I3:5;I1-I4:2;I2-I3:4;I2-I4:4;I3-I4:2,3699.000000,6626.836218,2927.836218,2.958164,5.600612,2.642448,1.688134,8.0,3.5,4.0,6.0,10.0,20.0,16.0,48.0,80.0,200.0,False,0.002,0.005,0.1,0.0,0.0,0.0,8000,4000,8,4,37.0,12,105.0,36.0,20.0,575.000000,11,3,1,True,False,5,physical,73,42,4.840187,0.0
padded_benes_8x8,default,2-0-1-3-4,failed,5,4,1,0,16,6,4,I0-I1:3;I0-I2:3;I0-I4:2;I1-I2:4;I1-I4:2;I2-I4:2,3699.000000,4669.048623,970.048623,2.889497,3.988364,1.098867,0.798274,8.0,3.5,4.0,6.0,10.0,20.0,16.0,48.0,80.0,200.0,False,0.002,0.005,0.1,0.0,0.0,0.0,8000,4000,8,4,37.0,12,105.0,36.0,20.0,575.000000,14,3,4,True,True,5,physical,74,42,8.910952,0.2
padded_benes_8x8,default,4-0-3-2-1,routed,5,5,0,0,33,9,7,I0-I1:3;I0-I2:3;I0-I3:3;I1-I2:4;I1-I3:4;I1-I4:2;I2-I3:7;I2-I4:3;I3-I4:3,3699.000000,7030.499925,3331.499925,2.958164,6.510235,3.552071,1.825600,8.0,3.5,4.0,6.0,10.0,20.0,16.0,48.0,80.0,200.0,False,0.002,0.005,0.1,0.0,0.0,0.0,8000,4000,8,4,37.0,12,105.0,36.0,20.0,575.000000,16,3,1,True,False,5,physical,75,42,7.354592,0.0
padded_benes_8x8,default,4-2-1-0-3,routed,5,5,0,0,31,9,5,I0-I1:3;I0-I2:3;I0-I3:3;I1-I2:5;I1-I3:3;I1-I4:4;I2-I3:5;I2-I4:2;I3-I4:2,3699.000000,6764.207888,3065.207888,2.889497,5.330736,2.441239,1.561083,8.0,3.5,4.0,6.0,10.0,20.0,16.0,48.0,80.0,200.0,False,0.002,0.005,0.1,0.0,0.0,0.0,8000,4000,8,4,37.0,12,105.0,36.0,20.0,575.000000,12,3,1,True,False,5,physical,76,42,5.192859,0.0
padded_benes_8x8,default,4-3-2-1-0,routed,5,5,0,0,30,8,5,I0-I1:3;I0-I2:3;I0-I3:3;I1-I2:5;I1-I3:3;I2-I3:5;I2-I4:3;I3-I4:3,3699.000000,6775.522053,3076.522053,2.906831,5.399403,2.492572,1.556609,8.0,3.5,4.0,6.0,10.0,20.0,16.0,48.0,80.0,200.0,False,0.002,0.005,0.1,0.0,0.0,0.0,8000,4000,8,4,37.0,12,105.0,36.0,20.0,575.000000,13,3,1,True,False,5,physical,77,42,4.670214,0.0
padded_benes_8x8,default,4-0-3-1-2,failed,5,4,1,0,22,5,6,I0-I1:3;I0-I3:3;I1-I2:6;I1-I3:4;I2-I3:5,3699.000000,5339.150384,1640.150384,2.940830,5.074695,2.133865,1.433575,8.0,3.5,4.0,6.0,10.0,20.0,16.0,48.0,80.0,200.0,False,0.002,0.005,0.1,0.0,0.0,0.0,8000,4000,8,4,37.0,12,105.0,36.0,20.0,575.000000,24,3,3,True,True,5,physical,78,42,14.254773,0.2
padded_benes_8x8,default,0-4-1-3-2,routed,5,5,0,0,26,8,4,I0-I1:2;I0-I2:4;I0-I3:4;I1-I2:3;I1-I3:3;I2-I3:4;I2-I4:2;I3-I4:3,3787.000000,6870.791961,3083.791961,3.009497,5.083904,2.074407,1.484517,8.0,3.5,4.0,6.0,10.0,20.0,16.0,48.0,80.0,200.0,False,0.002,0.005,0.1,0.0,0.0,0.0,8000,4000,8,4,37.0,12,105.0,36.0,20.0,575.000000,11,3,1,True,False,5,physical,79,42,5.677057,0.0
padded_benes_8x8,default,3-2-0-4-1,routed,5,5,0,0,24,7,4,I0-I1:3;I0-I2:3;I0-I3:2;I1-I2:3;I1-I3:2;I2-I3:4;I2-I4:4,3603.000000,6701.915851,3098.915851,2.740830,4.885113,2.144283,1.456566,8.0,3.5,4.0,6.0,10.0,20.0,16.0,48.0,80.0,200.0,False,0.002,0.005,0.1,0.0,0.0,0.0,8000,4000,8,4,37.0,12,105.0,36.0,20.0,575.000000,10,3,1,True,False,5,physical,80,42,4.779171,0.0
padded_benes_8x8,default,1-4-0-3-2,routed,5,5,0,0,25,8,4,I0-I1:2;I0-I2:3;I0-I3:4;I1-I2:3;I1-I3:3;I2-I3:4;I2-I4:2;I3-I4:3,3787.000000,6821.623814,3034.623814,3.009497,4.925361,1.915864,1.432850,8.0,3.5,4.0,6.0,10.0,20.0,16.0,48.0,80.0,200.0,False,0.002,0.005,0.1,0.0,0.0,0.0,8000,4000,8,4,37.0,12,105.0,36.0,20.0,575.000000,10,3,1,True,False,5,physical,81,42,4.668042,0.0
padded_benes_8x8,default,4-1-2-0-3,failed,5,4,1,0,17,4,6,I0-I1:3;I1-I2:4;I1-I4:2;I2-I4:6,3699.000000,5092.172512,1393.172512,2.889497,4.631196,1.741699,1.099336,8.0,3.5,4.0,6.0,10.0,20.0,16.0,48.0,80.0,200.0,False,0.002,0.005,0.1,0.0,0.0,0.0,8000,4000,8,4,37.0,12,105.0,36.0,20.0,575.000000,13,3,4,True,True,5,physical,82,42,6.147509,0.2
padded_benes_8x8,default,0-4-2-1-3,routed,5,5,0,0,30,8,5,I0-I1:2;I0-I2:4;I0-I3:4;I1-I2:3;I1-I3:3;I2-I3:5;I2-I4:4;I3-I4:4,3787.000000,6929.083998,3142.083998,2.906831,5.572571,2.665740,1.665834,8.0,3.5,4.0,6.0,10.0,20.0,16.0,48.0,80.0,200.0,False,0.002,0.005,0.1,0.0,0.0,0.0,8000,4000,8,4,37.0,12,105.0,36.0,20.0,575.000000,12,3,1,True,False,5,physical,83,42,5.017323,0.0
padded_benes_8x8,default,0-1-2-3-4,routed,5,5,0,0,36,10,6,I0-I1:4;I0-I2:4;I0-I3:4;I0-I4:2;I1-I2:4;I1-I3:4;I1-I4:2;I2-I3:6;I2-I4:2;I3-I4:4,3699.000000,6779.712329,3080.712329,2.906831,6.109238,3.202407,1.863285,8.0,3.5,4.0,6.0,10.0,20.0,16.0,48.0,80.0,200.0,False,0.002,0.005,0.1,0.0,0.0,0.0,8000,4000,8,4,37.0,12,105.0,36.0,20.0,575.000000,12,3,1,True,False,5,physical,84,42,6.801521,0.0
padded_benes_8x8,default,4-3-0-2-1,routed,5,5,0,0,28,8,5,I0-I1:3;I0-I2:3;I0-I3:3;I1-I2:3;I1-I3:5;I2-I3:4;I2-I4:2;I3-I4:3,3699.000000,6682.791961,2983.791961,2.958164,4.849361,1.891197,1.444517,8.0,3.5,4.0,6.0,10.0,20.0,16.0,48.0,80.0,200.0,False,0.002,0.005,0.1,0.0,0.0,0.0,8000,4000,8,4,37.0,12,105.0,36.0,20.0,575.000000,12,3,1,True,False,5,physical,85,42,4.263836,0.0
padded_benes_8x8,default,4-1-2-3-0,failed,5,4,1,0,27,6,8,I0-I1:3;I0-I2:3;I0-I3:3;I1-I2:4;I1-I3:6;I2-I3:8,3699.000000,5873.150384,2174.150384,2.906831,6.330902,3.424071,1.928575,8.0,3.5,4.0,6.0,10.0,20.0,16.0,48.0,80.0,200.0,False,0.002,0.005,0.1,0.0,0.0,0.0,8000,4000,8,4,37.0,12,105.0,36.0,20.0,575.000000,29,3,3,True,True,5,physical,86,42,18.741566,0.2
padded_benes_8x8,default,2-1-3-4-0,failed,5,4,1,0,19,5,6,I1-I2:6;I1-I3:2;I1-I4:3;I2-I3:4;I2-I4:3,3603.000000,5795.544182,2192.544182,2.612830,5.174695,2.561865,1.633522,8.0,3.5,4.0,6.0,10.0,20.0,16.0,48.0,80.0,200.0,False,0.002,0.005,0.1,0.0,0.0,0.0,8000,4000,8,4,37.0,12,105.0,36.0,20.0,575.000000,17,3,3,True,True,5,physical,87,42,12.584136,0.2
padded_benes_8x8,default,4-2-3-1-0,routed,5,5,0,0,29,8,5,I0-I1:3;I0-I2:3;I0-I3:3;I1-I2:4;I1-I3:3;I2-I3:5;I2-I4:3;I3-I4:3,3699.000000,6717.522053,3018.522053,2.958164,5.357987,2.399823,1.493409,8.0,3.5,4.0,6.0,10.0,20.0,16.0,48.0,80.0,200.0,False,0.002,0.005,0.1,0.0,0.0,0.0,8000,4000,8,4,37.0,12,105.0,36.0,20.0,575.000000,12,3,1,True,False,5,physical,88,42,4.544755,0.0
padded_benes_8x8,default,2-0-4-3-1,failed,5,3,2,0,7,3,3,I0-I1:3;I0-I2:2;I1-I2:2,3603.000000,3479.946861,-123.053139,2.561497,3.531196,0.969699,0.687965,8.0,3.5,4.0,6.0,10.0,20.0,16.0,48.0,80.0,200.0,False,0.002,0.005,0.1,0.0,0.0,0.0,8000,4000,8,4,37.0,12,105.0,36.0,20.0,575.000000,15,3,4,True,True,5,physical,89,42,11.565353,0.4
padded_benes_8x8,default,4-1-3-2-0,routed,5,5,0,0,34,9,7,I0-I1:3;I0-I2:3;I0-I3:3;I1-I2:4;I1-I3:4;I1-I4:3;I2-I3:7;I2-I4:3;I3-I4:3,3699.000000,7146.791961,3447.791961,2.958164,6.510235,3.552071,1.910117,8.0,3.5,4.0,6.0,10.0,20.0,16.0,48.0,80.0,200.0,False,0.002,0.005,0.1,0.0,0.0,0.0,8000,4000,8,4,37.0,12,105.0,36.0,20.0,575.000000,17,3,1,True,False,5,physical,90,42,7.613344,0.0
padded_benes_8x8,default,3-2-4-1-0,failed,5,4,1,0,14,3,5,I0-I1:3;I1-I3:3;I3-I4:5,3603.000000,5093.296402,1490.296402,2.766164,4.487155,1.720991,1.073398,8.0,3.5,4.0,6.0,10.0,20.0,16.0,48.0,80.0,200.0,False,0.002,0.005,0.1,0.0,0.0,0.0,8000,4000,8,4,37.0,12,105.0,36.0,20.0,575.000000,10,3,4,True,True,5,physical,91,42,5.818856,0.2
padded_benes_8x8,default,3-1-4-2-0,failed,5,3,2,0,12,3,5,I0-I1:3;I0-I3:5;I1-I3:4,3603.000000,3977.508806,374.508806,2.561497,4.568571,2.007074,1.347339,8.0,3.5,4.0,6.0,10.0,20.0,16.0,48.0,80.0,200.0,False,0.002,0.005,0.1,0.0,0.0,0.0,8000,4000,8,4,37.0,12,105.0,36.0,20.0,575.000000,13,3,4,True,True,5,physical,92,42,9.350116,0.4
padded_benes_8x8,default,3-4-0-2-1,failed,5,4,1,0,13,4,3,I0-I1:2;I0-I3:3;I1-I3:3;I3-I4:3,3787.000000,5363.150384,1576.150384,2.838164,4.568571,1.730407,1.091575,8.0,3.5,4.0,6.0,10.0,20.0,16.0,48.0,80.0,200.0,False,0.002,0.005,0.1,0.0,0.0,0.0,8000,4000,8,4,37.0,12,105.0,36.0,20.0,575.000000,15,3,3,True,True,5,physical,93,42,8.137923,0.2
padded_benes_8x8,default,1-0-2-4-3,routed,5,5,0,0,24,8,4,I0-I1:3;I0-I3:2;I0-I4:2;I1-I2:4;I1-I3:2;I1-I4:2;I2-I3:4;I2-I4:4,3603.000000,6749.915851,3146.915851,2.612830,4.731196,2.118366,1.555766,8.0,3.5,4.0,6.0,10.0,20.0,16.0,48.0,80.0,200.0,False,0.002,0.005,0.1,0.0,0.0,0.0,8000,4000,8,4,37.0,12,105.0,36.0,20.0,575.000000,10,3,1,True,False,5,physical,94,42,5.120774,0.0
padded_benes_8x8,default,2-4-3-1-0,failed,5,3,2,0,4,1,2,I0-I1:2,3787.000000,3433.946861,-353.053139,2.940830,3.226488,0.285658,0.329298,8.0,3.5,4.0,6.0,10.0,20.0,16.0,48.0,80.0,200.0,False,0.002,0.005,0.1,0.0,0.0,0.0,8000,4000,8,4,37.0,12,105.0,36.0,20.0,575.000000,14,3,4,True,True,5,physical,95,42,10.718333,0.4
padded_benes_8x8,default,4-1-0-2-3,failed,5,4,1,0,17,4,6,I0-I1:3;I1-I3:4;I1-I4:2;I3-I4:6,3699.000000,5168.026494,1469.026494,2.838164,4.768571,1.930407,1.130513,8.0,3.5,4.0,6.0,10.0,20.0,16.0,48.0,80.0,200.0,False,0.002,0.005,0.1,0.0,0.0,0.0,8000,4000,8,4,37.0,12,105.0,36.0,20.0,575.000000,11,3,4,True,True,5,physical,96,42,6.416580,0.2
padded_benes_8x8,default,3-0-4-2-1,failed,5,3,2,0,12,3,5,I0-I1:3;I0-I3:5;I1-I3:4,3603.000000,3861.508806,258.508806,2.561497,4.568571,2.007074,1.280673,8.0,3.5,4.0,6.0,10.0,20.0,16.0,48.0,80.0,200.0,False,0.002,0.005,0.1,0.0,0.0,0.0,8000,4000,8,4,37.0,12,105.0,36.0,20.0,575.000000,12,3,4,True,True,5,physical,97,42,9.192021,0.4
padded_benes_8x8,default,2-3-4-0-1,routed,5,5,0,0,26,7,5,I0-I1:4;I0-I2:2;I0-I3:3;I1-I2:2;I1-I3:3;I2-I3:5;I3-I4:4,3603.000000,6782.207888,3179.207888,2.753497,5.195904,2.442407,1.566683,8.0,3.5,4.0,6.0,10.0,20.0,16.0,48.0,80.0,200.0,False,0.002,0.005,0.1,0.0,0.0,0.0,8000,4000,8,4,37.0,12,105.0,36.0,20.0,575.000000,10,3,1,True,False,5,physical,98,42,5.226047,0.0
padded_benes_8x8,default,1-0-4-3-2,failed,5,4,1,0,16,5,5,I0-I1:3;I0-I2:2;I1-I2:2;I1-I3:4;I2-I3:5,3603.000000,5390.274274,1787.274274,2.561497,4.912070,2.350573,1.430637,8.0,3.5,4.0,6.0,10.0,20.0,16.0,48.0,80.0,200.0,False,0.002,0.005,0.1,0.0,0.0,0.0,8000,4000,8,4,37.0,12,105.0,36.0,20.0,575.000000,12,3,3,True,True,5,physical,99,42,11.754689,0.2
padded_benes_8x8,default,1-0-3-4-2,failed,5,4,1,0,17,5,6,I0-I1:3;I0-I3:2;I1-I2:6;I1-I3:2;I2-I3:4,3603.000000,5352.566310,1749.566310,2.612830,4.874695,2.261865,1.459283,8.0,3.5,4.0,6.0,10.0,20.0,16.0,48.0,80.0,200.0,False,0.002,0.005,0.1,0.0,0.0,0.0,8000,4000,8,4,37.0,12,105.0,36.0,20.0,575.000000,12,3,3,True,True,5,physical,100,42,11.301513,0.2
padded_benes_8x8,default,4-1-3-0-2,failed,5,4,1,0,23,5,6,I0-I1:3;I0-I3:3;I1-I2:6;I1-I3:5;I2-I3:5,3699.000000,5363.588439,1664.588439,2.889497,5.074695,2.185198,1.492044,8.0,3.5,4.0,6.0,10.0,20.0,16.0,48.0,80.0,200.0,False,0.002,0.005,0.1,0.0,0.0,0.0,8000,4000,8,4,37.0,12,105.0,36.0,20.0,575.000000,25,3,3,True,True,5,physical,101,42,14.355297,0.2
padded_benes_8x8,default,4-3-1-2-0,routed,5,5,0,0,31,8,5,I0-I1:3;I0-I2:3;I0-I3:3;I1-I2:5;I1-I3:5;I2-I3:4;I2-I4:3;I3-I4:3,3699.000000,6805.230016,3106.230016,2.958164,5.320612,2.362448,1.610492,8.0,3.5,4.0,6.0,10.0,20.0,16.0,48.0,80.0,200.0,False,0.002,0.005,0.1,0.0,0.0,0.0,8000,4000,8,4,37.0,12,105.0,36.0,20.0,575.000000,14,3,1,True,False,5,physical,102,42,4.874612,0.0
padded_benes_8x8,default,0-1-4-2-3,routed,5,5,0,0,28,8,7,I0-I1:4;I0-I2:2;I0-I4:2;I1-I2:2;I1-I3:4;I1-I4:2;I2-I3:7;I3-I4:4,3603.000000,6788.791961,3185.791961,2.612830,5.168571,2.555741,1.725317,8.0,3.5,4.0,6.0,10.0,20.0,16.0,48.0,80.0,200.0,False,0.002,0.005,0.1,0.0,0.0,0.0,8000,4000,8,4,37.0,12,105.0,36.0,20.0,575.000000,11,3,1,True,False,5,physical,103,42,5.613469,0.0
padded_benes_8x8,default,2-1-0-3-4,failed,5,3,2,0,10,3,6,I1-I3:6;I1-I4:2;I3-I4:2,3699.000000,4323.508806,624.508806,2.838164,4.812070,1.973906,1.167339,8.0,3.5,4.0,6.0,10.0,20.0,16.0,48.0,80.0,200.0,False,0.002,0.005,0.1,0.0,0.0,0.0,8000,4000,8,4,37.0,12,105.0,36.0,20.0,575.000000,17,3,3,True,True,5,physical,104,42,16.379408,0.4
padded_benes_8x8,default,3-0-2-4-1,failed,5,4,1,0,20,6,5,I0-I1:3;I0-I2:5;I0-I3:2;I1-I2:4;I1-I3:2;I2-I3:4,3603.000000,5282.274274,1679.274274,2.612830,4.831196,2.218366,1.512637,8.0,3.5,4.0,6.0,10.0,20.0,16.0,48.0,80.0,200.0,False,0.002,0.005,0.1,0.0,0.0,0.0,8000,4000,8,4,37.0,12,105.0,36.0,20.0,575.000000,12,3,4,True,True,5,physical,105,42,7.379567,0.2
padded_benes_8x8,default,0-2-4-3-1,routed,5,5,0,0,22,7,4,I0-I1:2;I0-I2:2;I0-I3:4;I0-I4:2;I1-I2:2;I1-I3:4;I2-I3:3,3691.000000,6930.499925,3239.499925,2.809497,4.883904,2.074407,1.548800,8.0,3.5,4.0,6.0,10.0,20.0,16.0,48.0,80.0,200.0,False,0.002,0.005,0.1,0.0,0.0,0.0,8000,4000,8,4,37.0,12,105.0,36.0,20.0,575.000000,11,3,1,True,False,5,physical,106,42,4.508411,0.0
padded_benes_8x8,default,2-4-1-3-0,failed,5,3,2,0,7,2,3,I1-I3:3;I3-I4:3,3787.000000,4387.756586,600.756586,2.889497,4.612070,1.722573,1.048838,8.0,3.5,4.0,6.0,10.0,20.0,16.0,48.0,80.0,200.0,False,0.002,0.005,0.1,0.0,0.0,0.0,8000,4000,8,4,37.0,12,105.0,36.0,20.0,575.000000,16,3,3,True,True,5,physical,107,42,9.491991,0.4
padded_benes_8x8,default,4-2-1-3-0,routed,5,5,0,0,28,8,4,I0-I1:3;I0-I2:3;I0-I3:3;I1-I2:3;I1-I3:4;I2-I3:4;I2-I4:3;I3-I4:3,3699.000000,6733.230016,3034.230016,3.009497,5.120612,2.111115,1.461692,8.0,3.5,4.0,6.0,10.0,20.0,16.0,48.0,80.0,200.0,False,0.002,0.005,0.1,0.0,0.0,0.0,8000,4000,8,4,37.0,12,105.0,36.0,20.0,575.000000,12,3,1,True,False,5,physical,108,42,4.606658,0.0
padded_benes_8x8,default,3-2-1-0-4,routed,5,5,0,0,34,10,5,I0-I1:5;I0-I2:3;I0-I3:3;I0-I4:2;I1-I2:5;I1-I3:3;I1-I4:2;I2-I3:5;I2-I4:2;I3-I4:4,3699.000000,6581.376035,2882.376035,2.889497,5.532152,2.642655,1.639950,8.0,3.5,4.0,6.0,10.0,20.0,16.0,48.0,80.0,200.0,False,0.002,0.005,0.1,0.0,0.0,0.0,8000,4000,8,4,37.0,12,105.0,36.0,20.0,575.000000,10,3,1,True,False,5,physical,109,42,5.051551,0.0
padded_benes_8x8,default,0-3-1-4-2,routed,5,5,0,0,27,9,5,I0-I1:2;I0-I2:2;I0-I3:2;I0-I4:2;I1-I2:5;I1-I3:2;I1-I4:3;I2-I3:4;I2-I4:4,3603.000000,6839.915851,3236.915851,2.753497,4.981780,2.228283,1.671766,8.0,3.5,4.0,6.0,10.0,20.0,16.0,48.0,80.0,200.0,False,0.002,0.005,0.1,0.0,0.0,0.0,8000,4000,8,4,37.0,12,105.0,36.0,20.0,575.000000,12,3,1,True,False,5,physical,110,42,6.339610,0.0
padded_benes_8x8,default,4-3-1-0-2,failed,5,4,1,0,16,5,5,I0-I2:3;I0-I3:3;I2-I3:5;I2-I4:2;I3-I4:2,3699.000000,5308.712329,1609.712329,2.889497,4.818736,1.929239,1.064106,8.0,3.5,4.0,6.0,10.0,20.0,16.0,48.0,80.0,200.0,False,0.002,0.005,0.1,0.0,0.0,0.0,8000,4000,8,4,37.0,12,105.0,36.0,20.0,575.000000,28,3,4,True,True,5,physical,111,42,30.726528,0.2
padded_benes_8x8,default,0-3-4-2-1,routed,5,5,0,0,23,7,5,I0-I1:2;I0-I2:2;I0-I3:4;I0-I4:2;I1-I2:2;I1-I3:5;I2-I3:3,3691.000000,6988.499925,3297.499925,2.758164,4.787155,2.028991,1.612000,8.0,3.5,4.0,6.0,10.0,20.0,16.0,48.0,80.0,200.0,False,0.002,0.005,0.1,0.0,0.0,0.0,8000,4000,8,4,37.0,12,105.0,36.0,20.0,575.000000,12,3,1,True,False,5,physical,112,42,4.643135,0.0
padded_benes_8x8,default,1-0-4-2-3,routed,5,5,0,0,27,8,7,I0-I1:3;I0-I2:2;I0-I4:2;I1-I2:2;I1-I3:4;I1-I4:2;I2-I3:7;I3-I4:4,3603.000000,6740.499925,3137.499925,2.612830,5.168571,2.555741,1.668000,8.0,3.5,4.0,6.0,10.0,20.0,16.0,48.0,80.0,200.0,False,0.002,0.005,0.1,0.0,0.0,0.0,8000,4000,8,4,37.0,12,105.0,36.0,20.0,575.000000,10,3,1,True,False,5,physical,113,42,5.229281,0.0
padded_benes_8x8,default,1-2-0-4-3,routed,5,5,0,0,25,9,4,I0-I1:2;I0-I2:3;I0-I3:2;I0-I4:2;I1-I2:3;I1-I3:2;I1-I4:4;I2-I3:4;I2-I4:2,3603.000000,6790.499925,3187.499925,2.740830,4.717113,1.976283,1.568000,8.0,3.5,4.0,6.0,10.0,20.0,16.0,48.0,80.0,200.0,False,0.002,0.005,0.1,0.0,0.0,0.0,8000,4000,8,4,37.0,12,105.0,36.0,20.0,575.000000,11,3,1,True,False,5,physical,114,42,6.141077,0.0
padded_benes_8x8,default,1-2-4-3-0,routed,5,5,0,0,21,6,4,I0-I1:2;I0-I2:2;I0-I3:4;I1-I2:2;I1-I3:4;I2-I3:3,3691.000000,6881.331778,3190.331778,2.809497,4.678110,1.868613,1.497133,8.0,3.5,4.0,6.0,10.0,20.0,16.0,48.0,80.0,200.0,False,0.002,0.005,0.1,0.0,0.0,0.0,8000,4000,8,4,37.0,12,105.0,36.0,20.0,575.000000,10,3,1,True,False,5,physical,115,42,3.506340,0.0
padded_benes_8x8,default,3-4-2-0-1,failed,5,4,1,0,13,4,3,I0-I1:2;I0-I2:3;I1-I2:3;I2-I4:3,3787.000000,5287.296402,1500.296402,2.889497,4.431196,1.541699,1.060398,8.0,3.5,4.0,6.0,10.0,20.0,16.0,48.0,80.0,200.0,False,0.002,0.005,0.1,0.0,0.0,0.0,8000,4000,8,4,37.0,12,105.0,36.0,20.0,575.000000,13,3,4,True,True,5,physical,116,42,6.360132,0.2
padded_benes_8x8,default,0-1-3-4-2,failed,5,4,1,0,18,5,6,I0-I1:4;I0-I3:2;I1-I2:6;I1-I3:2;I2-I3:4,3603.000000,5400.858347,1797.858347,2.612830,4.874695,2.261865,1.530929,8.0,3.5,4.0,6.0,10.0,20.0,16.0,48.0,80.0,200.0,False,0.002,0.005,0.1,0.0,0.0,0.0,8000,4000,8,4,37.0,12,105.0,36.0,20.0,575.000000,13,3,3,True,True,5,physical,117,42,11.604228,0.2
padded_benes_8x8,default,0-3-2-1-4,routed,5,5,0,0,33,10,5,I0-I1:2;I0-I2:4;I0-I3:4;I0-I4:2;I1-I2:5;I1-I3:3;I1-I4:2;I2-I3:5;I2-I4:2;I3-I4:4,3699.000000,6714.252145,3015.252145,2.906831,5.776819,2.869988,1.687101,8.0,3.5,4.0,6.0,10.0,20.0,16.0,48.0,80.0,200.0,False,0.002,0.005,0.1,0.0,0.0,0.0,8000,4000,8,4,37.0,12,105.0,36.0,20.0,575.000000,11,3,1,True,False,5,physical,118,42,4.486803,0.0
padded_benes_8x8,default,3-1-2-4-0,failed,5,4,1,0,20,6,5,I0-I1:3;I0-I2:5;I0-I3:2;I1-I2:4;I1-I3:2;I2-I3:4,3603.000000,5382.566310,1779.566310,2.612830,4.831196,2.218366,1.552283,8.0,3.5,4.0,6.0,10.0,20.0,16.0,48.0,80.0,200.0,False,0.002,0.005,0.1,0.0,0.0,0.0,8000,4000,8,4,37.0,12,105.0,36.0,20.0,575.000000,13,3,4,True,True,5,physical,119,42,7.423601,0.2
waksman_5x5,default,0-2-3-4-1,failed,5,4,1,0,16,5,4,I0-I1:4;I0-I2:2;I0-I4:2;I1-I2:4;I1-I4:3,3103.000000,4452.654825,1349.654825,2.118898,3.930690,1.811793,1.448327,8.0,3.5,4.0,6.0,10.0,20.0,16.0,48.0,80.0,200.0,False,0.002,0.005,0.1,0.0,0.0,0.0,8000,4000,8,4,37.0,12,105.0,36.0,20.0,575.000000,8,3,4,True,True,5,physical,0,42,3.551711,0.2
waksman_5x5,default,3-2-0-1-4,failed,5,4,1,0,12,3,6,I1-I4:2;I2-I3:6;I2-I4:2,3103.000000,4497.238898,1394.238898,2.369497,3.558391,1.188894,1.268619,8.0,3.5,4.0,6.0,10.0,20.0,16.0,48.0,80.0,200.0,False,0.002,0.005,0.1,0.0,0.0,0.0,8000,4000,8,4,37.0,12,105.0,36.0,20.0,575.000000,11,3,3,True,True,5,physical,1,42,6.006064,0.2
waksman_5x5,default,3-4-2-1-0,routed,5,5,0,0,19,5,3,I0-I1:2;I0-I2:3;I2-I3:3;I2-I4:3;I3-I4:3,3103.000000,5515.464549,2412.464549,2.009865,3.793900,1.784035,1.283986,8.0,3.5,4.0,6.0,10.0,20.0,16.0,48.0,80.0,200.0,False,0.002,0.005,0.1,0.0,0.0,0.0,8000,4000,8,4,37.0,12,105.0,36.0,20.0,575.000000,10,3,1,True,False,5,physical,2,42,3.901952,0.0
waksman_5x5,default,4-3-0-1-2,routed,5,5,0,0,25,6,8,I0-I1:3;I0-I2:3;I1-I4:3;I2-I3:8;I2-I4:2;I3-I4:2,3103.000000,5434.048623,2331.048623,1.967565,3.904525,1.936961,1.487419,8.0,3.5,4.0,6.0,10.0,20.0,16.0,48.0,80.0,200.0,False,0.002,0.005,0.1,0.0,0.0,0.0,8000,4000,8,4,37.0,12,105.0,36.0,20.0,575.000000,9,3,1,True,False,5,physical,3,42,2.819738,0.0
waksman_5x5,default,3-4-1-0-2,failed,5,4,1,0,10,3,3,I0-I1:2;I0-I4:3;I2-I4:2,3103.000000,4217.384916,1114.384916,1.992531,3.074184,1.081653,0.923442,8.0,3.5,4.0,6.0,10.0,20.0,16.0,48.0,80.0,200.0,False,0.002,0.005,0.1,0.0,0.0,0.0,8000,4000,8,4,37.0,12,105.0,36.0,20.0,575.000000,7,3,4,True,True,5,physical,4,42,3.874047,0.2
waksman_5x5,default,1-2-0-3-4,routed,5,5,0,0,20,8,5,I0-I1:2;I0-I2:5;I0-I3:2;I0-I4:2;I1-I3:2;I1-I4:2;I2-I3:2;I3-I4:2,3103.000000,5540.194641,2437.194641,2.262164,3.705765,1.443601,1.328878,8.0,3.5,4.0,6.0,10.0,20.0,16.0,48.0,80.0,200.0,False,0.002,0.005,0.1,0.0,0.0,0.0,8000,4000,8,4,37.0,12,105.0,36.0,20.0,575.000000,7,3,1,True,False,5,physical,5,42,3.535671,0.0
waksman_5x5,default,3-4-1-2-0,routed,5,5,0,0,18,5,3,I0-I1:2;I0-I3:3;I2-I3:2;I2-I4:3;I3-I4:3,3103.000000,5525.318531,2422.318531,2.061198,3.911357,1.850159,1.248927,8.0,3.5,4.0,6.0,10.0,20.0,16.0,48.0,80.0,200.0,False,0.002,0.005,0.1,0.0,0.0,0.0,8000,4000,8,4,37.0,12,105.0,36.0,20.0,575.000000,9,3,1,True,False,5,physical,6,42,3.436411,0.0
waksman_5x5,default,3-2-1-4-0,failed,5,4,1,0,14,3,5,I0-I1:5;I0-I2:3;I2-I4:3,3103.000000,4373.092880,1270.092880,2.118898,3.677982,1.559085,1.254796,8.0,3.5,4.0,6.0,10.0,20.0,16.0,48.0,80.0,200.0,False,0.002,0.005,0.1,0.0,0.0,0.0,8000,4000,8,4,37.0,12,105.0,36.0,20.0,575.000000,8,3,4,True,True,5,physical,7,42,2.405079,0.2
waksman_5x5,default,4-0-1-2-3,failed,5,4,1,0,11,4,3,I0-I1:3;I1-I3:2;I1-I4:2;I3-I4:2,3103.000000,4203.238898,1100.238898,2.018898,3.282391,1.263493,1.034619,8.0,3.5,4.0,6.0,10.0,20.0,16.0,48.0,80.0,200.0,False,0.002,0.005,0.1,0.0,0.0,0.0,8000,4000,8,4,37.0,12,105.0,36.0,20.0,575.000000,6,3,4,True,True,5,physical,8,42,3.075202,0.2
waksman_5x5,default,4-2-0-3-1,routed,5,5,0,0,17,5,3,I0-I1:3;I1-I3:2;I2-I3:2;I2-I4:2;I3-I4:3,3103.000000,5475.026494,2372.026494,2.112531,4.008106,1.895575,1.190811,8.0,3.5,4.0,6.0,10.0,20.0,16.0,48.0,80.0,200.0,False,0.002,0.005,0.1,0.0,0.0,0.0,8000,4000,8,4,37.0,12,105.0,36.0,20.0,575.000000,9,3,1,True,False,5,physical,9,42,3.733157,0.0
waksman_5x5,default,1-4-3-2-0,routed,5,5,0,0,19,5,4,I0-I1:2;I0-I2:2;I0-I3:4;I0-I4:3;I2-I3:3,3103.000000,5384.486678,2281.486678,2.061198,3.734391,1.673193,1.264595,8.0,3.5,4.0,6.0,10.0,20.0,16.0,48.0,80.0,200.0,False,0.002,0.005,0.1,0.0,0.0,0.0,8000,4000,8,4,37.0,12,105.0,36.0,20.0,575.000000,5,3,1,True,False,5,physical,10,42,1.748099,0.0
waksman_5x5,default,3-1-0-4-2,failed,5,4,1,0,11,4,3,I0-I3:2;I0-I4:3;I1-I3:2;I1-I4:2,3103.000000,4292.362788,1189.362788,2.118898,3.074184,0.955287,1.011681,8.0,3.5,4.0,6.0,10.0,20.0,16.0,48.0,80.0,200.0,False,0.002,0.005,0.1,0.0,0.0,0.0,8000,4000,8,4,37.0,12,105.0,36.0,20.0,575.000000,8,3,4,True,True,5,physical,11,42,3.897829,0.2
waksman_5x5,default,3-2-4-0-1,routed,5,5,0,0,23,6,5,I0-I1:5;I0-I2:4;I0-I3:3;I1-I2:2;I2-I3:3;I3-I4:2,3103.000000,5387.464549,2284.464549,2.067565,4.077982,2.010418,1.392786,8.0,3.5,4.0,6.0,10.0,20.0,16.0,48.0,80.0,200.0,False,0.002,0.005,0.1,0.0,0.0,0.0,8000,4000,8,4,37.0,12,105.0,36.0,20.0,575.000000,5,3,1,True,False,5,physical,12,42,1.520788,0.0
waksman_5x5,default,1-2-3-0-4,routed,5,5,0,0,21,8,5,I0-I1:2;I0-I2:2;I0-I3:5;I0-I4:2;I1-I2:2;I1-I4:2;I2-I3:3;I2-I4:2,3103.000000,5522.486678,2419.486678,2.262164,3.939140,1.676976,1.359795,8.0,3.5,4.0,6.0,10.0,20.0,16.0,48.0,80.0,200.0,False,0.002,0.005,0.1,0.0,0.0,0.0,8000,4000,8,4,37.0,12,105.0,36.0,20.0,575.000000,7,3,1,True,False,5,physical,13,42,3.570403,0.0
waksman_5x5,default,0-3-4-1-2,failed,5,4,1,0,12,5,3,I0-I1:2;I0-I3:2;I0-I4:2;I1-I4:3;I3-I4:2,3103.000000,4531.632696,1428.632696,2.067565,3.306391,1.238826,1.238566,8.0,3.5,4.0,6.0,10.0,20.0,16.0,48.0,80.0,200.0,False,0.002,0.005,0.1,0.0,0.0,0.0,8000,4000,8,4,37.0,12,105.0,36.0,20.0,575.000000,12,3,4,True,True,5,physical,14,42,5.540359,0.2
waksman_5x5,default,2-3-1-0-4,routed,5,5,0,0,25,6,7,I0-I1:4;I0-I2:3;I0-I4:4;I1-I4:2;I2-I3:7;I2-I4:2,3103.000000,5907.318531,2804.318531,2.318164,4.419398,2.101234,1.681727,8.0,3.5,4.0,6.0,10.0,20.0,16.0,48.0,80.0,200.0,False,0.002,0.005,0.1,0.0,0.0,0.0,8000,4000,8,4,37.0,12,105.0,36.0,20.0,575.000000,10,3,1,True,False,5,physical,15,42,3.718307,0.0
waksman_5x5,default,3-1-4-0-2,failed,5,4,1,0,11,4,3,I0-I2:2;I0-I4:3;I1-I2:2;I1-I4:2,3103.000000,4200.800843,1097.800843,2.067565,3.074184,1.006619,0.970150,8.0,3.5,4.0,6.0,10.0,20.0,16.0,48.0,80.0,200.0,False,0.002,0.005,0.1,0.0,0.0,0.0,8000,4000,8,4,37.0,12,105.0,36.0,20.0,575.000000,8,3,4,True,True,5,physical,16,42,3.991330,0.2
waksman_5x5,default,4-0-1-3-2,failed,5,4,1,0,16,4,6,I0-I2:3;I2-I3:6;I2-I4:2;I3-I4:3,3103.000000,4399.092880,1296.092880,1.992531,3.897642,1.905111,1.372796,8.0,3.5,4.0,6.0,10.0,20.0,16.0,48.0,80.0,200.0,False,0.002,0.005,0.1,0.0,0.0,0.0,8000,4000,8,4,37.0,12,105.0,36.0,20.0,575.000000,21,3,3,True,True,5,physical,17,42,11.996619,0.2
waksman_5x5,default,2-0-3-4-1,failed,5,4,1,0,17,5,5,I0-I1:5;I0-I2:4;I0-I4:3;I1-I2:2;I1-I4:2,3103.000000,4476.946861,1373.946861,2.118898,3.813233,1.694336,1.507973,8.0,3.5,4.0,6.0,10.0,20.0,16.0,48.0,80.0,200.0,False,0.002,0.005,0.1,0.0,0.0,0.0,8000,4000,8,4,37.0,12,105.0,36.0,20.0,575.000000,9,3,4,True,True,5,physical,18,42,3.395867,0.2
waksman_5x5,default,2-4-1-0-3,failed,5,4,1,0,9,3,2,I0-I1:2;I0-I4:2;I2-I4:2,3103.000000,4175.092880,1072.092880,2.018898,3.053982,1.035085,0.854796,8.0,3.5,4.0,6.0,10.0,20.0,16.0,48.0,80.0,200.0,False,0.002,0.005,0.1,0.0,0.0,0.0,8000,4000,8,4,37.0,12,105.0,36.0,20.0,575.000000,6,3,4,True,True,5,physical,19,42,3.868858,0.2
waksman_5x5,default,0-2-3-1-4,routed,5,5,0,0,20,9,3,I0-I1:2;I0-I2:2;I0-I3:2;I0-I4:2;I1-I2:2;I1-I4:2;I2-I3:3;I2-I4:2;I3-I4:2,3103.000000,5337.070751,2234.070751,2.210831,3.606391,1.395560,1.241628,8.0,3.5,4.0,6.0,10.0,20.0,16.0,48.0,80.0,200.0,False,0.002,0.005,0.1,0.0,0.0,0.0,8000,4000,8,4,37.0,12,105.0,36.0,20.0,575.000000,7,3,1,True,False,5,physical,20,42,3.654742,0.0
waksman_5x5,default,2-3-0-4-1,routed,5,5,0,0,23,6,6,I0-I1:6;I0-I3:2;I0-I4:5;I1-I3:2;I2-I3:2;I2-I4:2,3103.000000,5616.734457,2513.734457,2.118898,3.981233,1.862336,1.489494,8.0,3.5,4.0,6.0,10.0,20.0,16.0,48.0,80.0,200.0,False,0.002,0.005,0.1,0.0,0.0,0.0,8000,4000,8,4,37.0,12,105.0,36.0,20.0,575.000000,9,3,1,True,False,5,physical,21,42,3.803841,0.0
waksman_5x5,default,4-0-2-1-3,failed,5,4,1,0,16,4,5,I0-I3:3;I2-I3:5;I2-I4:2;I3-I4:4,3103.000000,4444.216769,1341.216769,2.043864,4.350271,2.306407,1.402858,8.0,3.5,4.0,6.0,10.0,20.0,16.0,48.0,80.0,200.0,False,0.002,0.005,0.1,0.0,0.0,0.0,8000,4000,8,4,37.0,12,105.0,36.0,20.0,575.000000,9,3,4,True,True,5,physical,22,42,7.909001,0.2
waksman_5x5,default,4-2-0-1-3,routed,5,5,0,0,24,6,8,I0-I1:3;I0-I2:3;I1-I4:2;I2-I3:8;I2-I4:2;I3-I4:2,3103.000000,5383.902604,2280.902604,2.018898,3.945941,1.927044,1.428361,8.0,3.5,4.0,6.0,10.0,20.0,16.0,48.0,80.0,200.0,False,0.002,0.005,0.1,0.0,0.0,0.0,8000,4000,8,4,37.0,12,105.0,36.0,20.0,575.000000,7,3,1,True,False,5,physical,23,42,2.527241,0.0
waksman_5x5,default,0-2-1-4-3,failed,5,4,1,0,11,5,2,I0-I1:2;I0-I2:2;I0-I4:2;I1-I4:2;I2-I4:2,3103.000000,4361.778714,1258.778714,2.118898,3.173016,1.054118,1.110389,8.0,3.5,4.0,6.0,10.0,20.0,16.0,48.0,80.0,200.0,False,0.002,0.005,0.1,0.0,0.0,0.0,8000,4000,8,4,37.0,12,105.0,36.0,20.0,575.000000,10,3,4,True,True,5,physical,24,42,4.252775,0.2
waksman_5x5,default,0-1-2-4-3,failed,5,4,1,0,16,6,6,I0-I1:6;I0-I2:2;I0-I4:2;I1-I2:2;I1-I4:2;I2-I4:2,3103.000000,4392.800843,1289.800843,2.118898,3.446810,1.327913,1.417150,8.0,3.5,4.0,6.0,10.0,20.0,16.0,48.0,80.0,200.0,False,0.002,0.005,0.1,0.0,0.0,0.0,8000,4000,8,4,37.0,12,105.0,36.0,20.0,575.000000,8,3,4,True,True,5,physical,25,42,3.191019,0.2
waksman_5x5,default,3-1-0-2-4,failed,5,4,1,0,15,5,5,I1-I2:5;I1-I3:2;I2-I3:4;I2-I4:2;I3-I4:2,3103.000000,4545.238898,1442.238898,2.369497,3.631357,1.261860,1.492619,8.0,3.5,4.0,6.0,10.0,20.0,16.0,48.0,80.0,200.0,False,0.002,0.005,0.1,0.0,0.0,0.0,8000,4000,8,4,37.0,12,105.0,36.0,20.0,575.000000,18,3,3,True,True,5,physical,26,42,18.074512,0.2
waksman_5x5,default,2-4-3-0-1,routed,5,5,0,0,19,6,3,I0-I1:2;I0-I2:2;I0-I3:3;I2-I3:3;I2-I4:3;I3-I4:2,3103.000000,5475.026494,2372.026494,2.061198,3.890649,1.829451,1.270811,8.0,3.5,4.0,6.0,10.0,20.0,16.0,48.0,80.0,200.0,False,0.002,0.005,0.1,0.0,0.0,0.0,8000,4000,8,4,37.0,12,105.0,36.0,20.0,575.000000,7,3,1,True,False,5,physical,27,42,3.722001,0.0
waksman_5x5,default,1-0-3-2-4,failed,5,4,1,0,15,5,5,I1-I2:4;I1-I3:2;I2-I3:5;I2-I4:2;I3-I4:2,3103.000000,4714.800843,1611.800843,2.262164,4.217481,1.955317,1.559150,8.0,3.5,4.0,6.0,10.0,20.0,16.0,48.0,80.0,200.0,False,0.002,0.005,0.1,0.0,0.0,0.0,8000,4000,8,4,37.0,12,105.0,36.0,20.0,575.000000,18,3,3,True,True,5,physical,28,42,18.586996,0.2
waksman_5x5,default,3-1-2-0-4,failed,5,4,1,0,14,5,5,I1-I2:2;I1-I3:5;I2-I3:3;I2-I4:2;I3-I4:2,3103.000000,4568.946861,1465.946861,2.369497,3.780814,1.411317,1.456973,8.0,3.5,4.0,6.0,10.0,20.0,16.0,48.0,80.0,200.0,False,0.002,0.005,0.1,0.0,0.0,0.0,8000,4000,8,4,37.0,12,105.0,36.0,20.0,575.000000,16,3,3,True,True,5,physical,29,42,12.623677,0.2
waksman_5x5,default,0-4-2-3-1,routed,5,5,0,0,27,7,8,I0-I1:2;I0-I2:2;I0-I3:2;I0-I4:2;I1-I2:3;I2-I3:8;I2-I4:5,3103.000000,5647.172512,2544.172512,2.009865,4.703316,2.693451,1.698669,8.0,3.5,4.0,6.0,10.0,20.0,16.0,48.0,80.0,200.0,False,0.002,0.005,0.1,0.0,0.0,0.0,8000,4000,8,4,37.0,12,105.0,36.0,20.0,575.000000,9,3,1,True,False,5,physical,30,42,3.115502,0.0
waksman_5x5,default,2-0-4-1-3,failed,5,4,1,0,10,4,2,I0-I4:2;I1-I3:2;I1-I4:2;I3-I4:2,3103.000000,4411.632696,1308.632696,2.067565,3.338391,1.270826,1.078566,8.0,3.5,4.0,6.0,10.0,20.0,16.0,48.0,80.0,200.0,False,0.002,0.005,0.1,0.0,0.0,0.0,8000,4000,8,4,37.0,12,105.0,36.0,20.0,575.000000,13,3,4,True,True,5,physical,31,42,5.061130,0.2
waksman_5x5,default,1-3-4-2-0,failed,5,4,1,0,18,5,4,I0-I1:4;I0-I3:4;I0-I4:3;I1-I3:3;I1-I4:3,3103.000000,4528.946861,1425.946861,2.067565,3.986023,1.918458,1.575973,8.0,3.5,4.0,6.0,10.0,20.0,16.0,48.0,80.0,200.0,False,0.002,0.005,0.1,0.0,0.0,0.0,8000,4000,8,4,37.0,12,105.0,36.0,20.0,575.000000,8,3,4,True,True,5,physical,32,42,3.247039,0.2
waksman_5x5,default,2-0-3-1-4,routed,5,5,0,0,25,9,4,I0-I1:3;I0-I2:2;I0-I3:3;I0-I4:4;I1-I2:2;I1-I3:4;I2-I3:3;I2-I4:2;I3-I4:2,3103.000000,5575.318531,2472.318531,2.318164,4.198271,1.880107,1.588927,8.0,3.5,4.0,6.0,10.0,20.0,16.0,48.0,80.0,200.0,False,0.002,0.005,0.1,0.0,0.0,0.0,8000,4000,8,4,37.0,12,105.0,36.0,20.0,575.000000,8,3,1,True,False,5,physical,33,42,2.959970,0.0
waksman_5x5,default,2-4-0-1-3,routed,5,5,0,0,23,6,8,I0-I1:2;I0-I4:2;I1-I2:3;I2-I3:8;I2-I4:2;I3-I4:2,3103.000000,5375.318531,2272.318531,2.018898,3.945941,1.927044,1.388927,8.0,3.5,4.0,6.0,10.0,20.0,16.0,48.0,80.0,200.0,False,0.002,0.005,0.1,0.0,0.0,0.0,8000,4000,8,4,37.0,12,105.0,36.0,20.0,575.000000,6,3,1,True,False,5,physical,34,42,2.834132,0.0
waksman_5x5,default,1-3-2-4-0,failed,5,4,1,0,16,5,4,I0-I1:4;I0-I2:2;I0-I4:3;I1-I2:3;I1-I4:3,3103.000000,4423.092880,1320.092880,2.118898,3.986023,1.867126,1.429796,8.0,3.5,4.0,6.0,10.0,20.0,16.0,48.0,80.0,200.0,False,0.002,0.005,0.1,0.0,0.0,0.0,8000,4000,8,4,37.0,12,105.0,36.0,20.0,575.000000,9,3,4,True,True,5,physical,35,42,3.445372,0.2
waksman_5x5,default,2-4-0-3-1,routed,5,5,0,0,16,5,3,I0-I1:2;I0-I3:2;I2-I3:2;I2-I4:2;I3-I4:3,3103.000000,5450.734457,2347.734457,2.112531,4.008106,1.895575,1.143094,8.0,3.5,4.0,6.0,10.0,20.0,16.0,48.0,80.0,200.0,False,0.002,0.005,0.1,0.0,0.0,0.0,8000,4000,8,4,37.0,12,105.0,36.0,20.0,575.000000,8,3,1,True,False,5,physical,36,42,3.567534,0.0
waksman_5x5,default,1-2-4-0-3,failed,5,4,1,0,11,5,2,I0-I1:2;I0-I2:2;I0-I4:2;I1-I2:2;I1-I4:2,3103.000000,4236.508806,1133.508806,2.067565,3.058892,0.991327,0.990504,8.0,3.5,4.0,6.0,10.0,20.0,16.0,48.0,80.0,200.0,False,0.002,0.005,0.1,0.0,0.0,0.0,8000,4000,8,4,37.0,12,105.0,36.0,20.0,575.000000,8,3,4,True,True,5,physical,37,42,4.130102,0.2
waksman_5x5,default,2-3-0-1-4,failed,5,4,1,0,12,3,6,I1-I4:2;I2-I3:6;I2-I4:2,3103.000000,4623.238898,1520.238898,2.318164,3.558391,1.240227,1.323619,8.0,3.5,4.0,6.0,10.0,20.0,16.0,48.0,80.0,200.0,False,0.002,0.005,0.1,0.0,0.0,0.0,8000,4000,8,4,37.0,12,105.0,36.0,20.0,575.000000,14,3,3,True,True,5,physical,38,42,8.723275,0.2
waksman_5x5,default,1-3-2-0-4,routed,5,5,0,0,22,8,5,I0-I1:2;I0-I2:2;I0-I3:5;I0-I4:2;I1-I2:3;I1-I4:2;I2-I3:3;I2-I4:2,3103.000000,5564.778714,2461.778714,2.262164,3.939140,1.676976,1.414711,8.0,3.5,4.0,6.0,10.0,20.0,16.0,48.0,80.0,200.0,False,0.002,0.005,0.1,0.0,0.0,0.0,8000,4000,8,4,37.0,12,105.0,36.0,20.0,575.000000,8,3,1,True,False,5,physical,39,42,3.537265,0.0
waksman_5x5,default,2-1-4-3-0,failed,5,4,1,0,18,5,5,I0-I1:5;I0-I3:4;I0-I4:3;I1-I3:2;I1-I4:3,3103.000000,4585.238898,1482.238898,2.067565,3.813233,1.745669,1.601619,8.0,3.5,4.0,6.0,10.0,20.0,16.0,48.0,80.0,200.0,False,0.002,0.005,0.1,0.0,0.0,0.0,8000,4000,8,4,37.0,12,105.0,36.0,20.0,575.000000,10,3,4,True,True,5,physical,40,42,4.532479,0.2
waksman_5x5,default,2-1-0-4-3,failed,5,4,1,0,10,4,2,I0-I3:2;I0-I4:2;I1-I3:2;I1-I4:2,3103.000000,4250.070751,1147.070751,2.118898,3.042772,0.923874,0.943035,8.0,3.5,4.0,6.0,10.0,20.0,16.0,48.0,80.0,200.0,False,0.002,0.005,0.1,0.0,0.0,0.0,8000,4000,8,4,37.0,12,105.0,36.0,20.0,575.000000,7,3,4,True,True,5,physical,41,42,3.697417,0.2
waksman_5x5,default,3-0-4-1-2,failed,5,4,1,0,11,4,3,I0-I4:3;I1-I3:2;I1-I4:2;I3-I4:2,3103.000000,4507.632696,1404.632696,2.067565,3.338391,1.270826,1.176566,8.0,3.5,4.0,6.0,10.0,20.0,16.0,48.0,80.0,200.0,False,0.002,0.005,0.1,0.0,0.0,0.0,8000,4000,8,4,37.0,12,105.0,36.0,20.0,575.000000,14,3,4,True,True,5,physical,42,42,5.369066,0.2
waksman_5x5,default,0-4-3-1-2,failed,5,4,1,0,11,4,3,I0-I1:2;I0-I2:2;I0-I4:2;I2-I4:3,3103.000000,4137.384916,1034.384916,2.043864,3.461683,1.417819,1.008442,8.0,3.5,4.0,6.0,10.0,20.0,16.0,48.0,80.0,200.0,False,0.002,0.005,0.1,0.0,0.0,0.0,8000,4000,8,4,37.0,12,105.0,36.0,20.0,575.000000,6,3,4,True,True,5,physical,43,42,2.360534,0.2
waksman_5x5,default,2-3-1-4-0,failed,5,4,1,0,15,3,6,I0-I1:6;I0-I2:3;I2-I4:3,3103.000000,4415.384916,1312.384916,2.118898,3.581233,1.462336,1.323442,8.0,3.5,4.0,6.0,10.0,20.0,16.0,48.0,80.0,200.0,False,0.002,0.005,0.1,0.0,0.0,0.0,8000,4000,8,4,37.0,12,105.0,36.0,20.0,575.000000,9,3,4,True,True,5,physical,44,42,2.667215,0.2
waksman_5x5,default,2-3-4-1-0,failed,5,4,1,0,15,3,6,I0-I1:6;I0-I3:3;I3-I4:3,3103.000000,4489.238898,1386.238898,2.067565,3.581233,1.513669,1.353619,8.0,3.5,4.0,6.0,10.0,20.0,16.0,48.0,80.0,200.0,False,0.002,0.005,0.1,0.0,0.0,0.0,8000,4000,8,4,37.0,12,105.0,36.0,20.0,575.000000,9,3,4,True,True,5,physical,45,42,3.343802,0.2
waksman_5x5,default,0-4-3-2-1,routed,5,5,0,0,18,5,4,I0-I1:2;I0-I2:2;I0-I3:4;I0-I4:2;I2-I3:3,3103.000000,5360.048623,2257.048623,2.061198,3.734391,1.673193,1.217819,8.0,3.5,4.0,6.0,10.0,20.0,16.0,48.0,80.0,200.0,False,0.002,0.005,0.1,0.0,0.0,0.0,8000,4000,8,4,37.0,12,105.0,36.0,20.0,575.000000,4,3,1,True,False,5,physical,46,42,1.634572,0.0
waksman_5x5,default,1-3-4-0-2,failed,5,4,1,0,12,5,3,I0-I1:2;I0-I2:2;I0-I4:2;I1-I2:2;I1-I4:3,3103.000000,4225.092880,1122.092880,2.067565,3.391559,1.323994,1.029796,8.0,3.5,4.0,6.0,10.0,20.0,16.0,48.0,80.0,200.0,False,0.002,0.005,0.1,0.0,0.0,0.0,8000,4000,8,4,37.0,12,105.0,36.0,20.0,575.000000,9,3,4,True,True,5,physical,47,42,3.826156,0.2
waksman_5x5,default,4-0-2-3-1,failed,5,4,1,0,10,3,3,I0-I1:3;I1-I2:2;I1-I4:2,3103.000000,3948.845100,845.845100,2.009865,2.934143,0.924278,0.728673,8.0,3.5,4.0,6.0,10.0,20.0,16.0,48.0,80.0,200.0,False,0.002,0.005,0.1,0.0,0.0,0.0,8000,4000,8,4,37.0,12,105.0,36.0,20.0,575.000000,15,3,4,True,False,5,physical,48,42,10.133694,0.2
waksman_5x5,default,4-2-3-0-1,routed,5,5,0,0,18,5,3,I0-I1:3;I1-I2:2;I2-I3:3;I2-I4:3;I3-I4:2,3103.000000,5457.318531,2354.318531,2.061198,3.890649,1.829451,1.221727,8.0,3.5,4.0,6.0,10.0,20.0,16.0,48.0,80.0,200.0,False,0.002,0.005,0.1,0.0,0.0,0.0,8000,4000,8,4,37.0,12,105.0,36.0,20.0,575.000000,9,3,1,True,False,5,physical,49,42,3.798280,0.0
waksman_5x5,default,1-0-2-3-4,failed,5,4,1,0,18,5,8,I0-I2:4;I0-I4:2;I2-I3:8;I2-I4:2;I3-I4:2,3103.000000,4485.822972,1382.822972,2.262164,4.303316,2.041152,1.509911,8.0,3.5,4.0,6.0,10.0,20.0,16.0,48.0,80.0,200.0,False,0.002,0.005,0.1,0.0,0.0,0.0,8000,4000,8,4,37.0,12,105.0,36.0,20.0,575.000000,15,3,3,True,True,5,physical,50,42,8.474613,0.2
waksman_5x5,default,0-2-1-3-4,routed,5,5,0,0,19,9,2,I0-I1:2;I0-I2:2;I0-I3:2;I0-I4:2;I1-I3:2;I1-I4:2;I2-I3:2;I2-I4:2;I3-I4:2,3103.000000,5354.778714,2251.778714,2.210831,3.657274,1.446443,1.210711,8.0,3.5,4.0,6.0,10.0,20.0,16.0,48.0,80.0,200.0,False,0.002,0.005,0.1,0.0,0.0,0.0,8000,4000,8,4,37.0,12,105.0,36.0,20.0,575.000000,7,3,1,True,False,5,physical,51,42,3.654117,0.0
waksman_5x5,default,2-1-3-0-4,routed,5,5,0,0,26,9,5,I0-I1:3;I0-I2:2;I0-I3:3;I0-I4:4;I1-I2:2;I1-I3:5;I2-I3:3;I2-I4:2;I3-I4:2,3103.000000,5599.756586,2496.756586,2.318164,4.080814,1.762650,1.635703,8.0,3.5,4.0,6.0,10.0,20.0,16.0,48.0,80.0,200.0,False,0.002,0.005,0.1,0.0,0.0,0.0,8000,4000,8,4,37.0,12,105.0,36.0,20.0,575.000000,9,3,1,True,False,5,physical,52,42,3.128580,0.0
waksman_5x5,default,3-4-0-1-2,routed,5,5,0,0,24,6,8,I0-I1:2;I0-I4:3;I1-I2:3;I2-I3:8;I2-I4:2;I3-I4:2,3103.000000,5417.610567,2314.610567,1.967565,3.904525,1.936961,1.443844,8.0,3.5,4.0,6.0,10.0,20.0,16.0,48.0,80.0,200.0,False,0.002,0.005,0.1,0.0,0.0,0.0,8000,4000,8,4,37.0,12,105.0,36.0,20.0,575.000000,7,3,1,True,False,5,physical,53,42,2.737971,0.0
waksman_5x5,default,0-4-1-2-3,routed,5,5,0,0,21,7,4,I0-I1:2;I0-I2:4;I0-I3:4;I0-I4:2;I2-I3:2;I2-I4:2;I3-I4:2,3103.000000,5702.588439,2599.588439,2.018898,4.123398,2.104501,1.484835,8.0,3.5,4.0,6.0,10.0,20.0,16.0,48.0,80.0,200.0,False,0.002,0.005,0.1,0.0,0.0,0.0,8000,4000,8,4,37.0,12,105.0,36.0,20.0,575.000000,5,3,1,True,False,5,physical,54,42,1.794937,0.0
waksman_5x5,default,2-0-1-4-3,failed,5,4,1,0,14,5,4,I0-I1:3;I0-I3:2;I1-I2:4;I1-I3:2;I2-I3:2,3103.000000,4306.362788,1203.362788,2.118898,3.320607,1.201710,1.202681,8.0,3.5,4.0,6.0,10.0,20.0,16.0,48.0,80.0,200.0,False,0.002,0.005,0.1,0.0,0.0,0.0,8000,4000,8,4,37.0,12,105.0,36.0,20.0,575.000000,12,3,4,True,True,5,physical,55,42,4.409050,0.2
waksman_5x5,default,4-3-2-0-1,routed,5,5,0,0,19,5,3,I0-I1:3;I1-I2:3;I2-I3:3;I2-I4:3;I3-I4:2,3103.000000,5499.610567,2396.610567,2.009865,3.793900,1.784035,1.276644,8.0,3.5,4.0,6.0,10.0,20.0,16.0,48.0,80.0,200.0,False,0.002,0.005,0.1,0.0,0.0,0.0,8000,4000,8,4,37.0,12,105.0,36.0,20.0,575.000000,10,3,1,True,False,5,physical,56,42,3.719288,0.0
waksman_5x5,default,1-4-0-2-3,routed,5,5,0,0,18,7,3,I0-I1:2;I0-I2:3;I0-I3:2;I0-I4:2;I2-I3:2;I2-I4:2;I3-I4:2,3103.000000,5648.588439,2545.588439,2.018898,3.534391,1.515493,1.343235,8.0,3.5,4.0,6.0,10.0,20.0,16.0,48.0,80.0,200.0,False,0.002,0.005,0.1,0.0,0.0,0.0,8000,4000,8,4,37.0,12,105.0,36.0,20.0,575.000000,11,3,2,True,False,5,physical,57,42,6.536323,0.0
waksman_5x5,default,0-1-3-2-4,routed,5,5,0,0,27,8,6,I0-I1:6;I0-I2:4;I0-I4:2;I1-I2:4;I1-I3:2;I2-I3:5;I2-I4:2;I3-I4:2,3103.000000,5600.340659,2497.340659,2.210831,4.617481,2.406650,1.671936,8.0,3.5,4.0,6.0,10.0,20.0,16.0,48.0,80.0,200.0,False,0.002,0.005,0.1,0.0,0.0,0.0,8000,4000,8,4,37.0,12,105.0,36.0,20.0,575.000000,9,3,1,True,False,5,physical,58,42,3.479471,0.0
waksman_5x5,default,4-1-0-3-2,failed,5,4,1,0,12,4,3,I0-I1:3;I1-I3:2;I1-I4:2;I3-I4:3,3103.000000,4361.530935,1258.530935,1.967565,3.615058,1.647493,1.153265,8.0,3.5,4.0,6.0,10.0,20.0,16.0,48.0,80.0,200.0,False,0.002,0.005,0.1,0.0,0.0,0.0,8000,4000,8,4,37.0,12,105.0,36.0,20.0,575.000000,8,3,4,True,True,5,physical,59,42,3.226729,0.2
waksman_5x5,default,3-0-1-2-4,failed,5,4,1,0,14,5,4,I1-I2:4;I1-I3:2;I2-I3:4;I2-I4:2;I3-I4:2,3103.000000,4520.800843,1417.800843,2.369497,3.748814,1.379317,1.434150,8.0,3.5,4.0,6.0,10.0,20.0,16.0,48.0,80.0,200.0,False,0.002,0.005,0.1,0.0,0.0,0.0,8000,4000,8,4,37.0,12,105.0,36.0,20.0,575.000000,17,3,3,True,True,5,physical,60,42,17.726021,0.2
waksman_5x5,default,3-0-1-4-2,routed,5,5,0,0,22,7,4,I0-I1:3;I0-I3:2;I0-I4:3;I1-I2:4;I1-I3:2;I1-I4:4;I2-I3:2,3103.000000,5584.588439,2481.588439,2.118898,3.931439,1.812541,1.437635,8.0,3.5,4.0,6.0,10.0,20.0,16.0,48.0,80.0,200.0,False,0.002,0.005,0.1,0.0,0.0,0.0,8000,4000,8,4,37.0,12,105.0,36.0,20.0,575.000000,13,3,2,True,False,5,physical,61,42,5.197452,0.0
waksman_5x5,default,1-3-0-2-4,routed,5,5,0,0,21,8,5,I0-I1:2;I0-I2:5;I0-I3:2;I0-I4:2;I1-I3:3;I1-I4:2;I2-I3:2;I3-I4:2,3103.000000,5582.486678,2479.486678,2.262164,3.705765,1.443601,1.383795,8.0,3.5,4.0,6.0,10.0,20.0,16.0,48.0,80.0,200.0,False,0.002,0.005,0.1,0.0,0.0,0.0,8000,4000,8,4,37.0,12,105.0,36.0,20.0,575.000000,8,3,1,True,False,5,physical,62,42,3.529771,0.0
waksman_5x5,default,1-4-3-0-2,routed,5,5,0,0,20,7,3,I0-I1:2;I0-I2:2;I0-I3:3;I0-I4:2;I2-I3:3;I2-I4:3;I3-I4:2,3103.000000,5583.172512,2480.172512,1.992531,3.761683,1.769152,1.393069,8.0,3.5,4.0,6.0,10.0,20.0,16.0,48.0,80.0,200.0,False,0.002,0.005,0.1,0.0,0.0,0.0,8000,4000,8,4,37.0,12,105.0,36.0,20.0,575.000000,12,3,2,True,False,5,physical,63,42,6.756696,0.0
waksman_5x5,default,1-3-0-4-2,failed,5,4,1,0,14,5,4,I0-I1:4;I0-I3:2;I0-I4:2;I1-I3:2;I1-I4:3,3103.000000,4352.508806,1249.508806,2.118898,3.591559,1.472662,1.190504,8.0,3.5,4.0,6.0,10.0,20.0,16.0,48.0,80.0,200.0,False,0.002,0.005,0.1,0.0,0.0,0.0,8000,4000,8,4,37.0,12,105.0,36.0,20.0,575.000000,9,3,4,True,True,5,physical,64,42,4.260581,0.2
waksman_5x5,default,0-2-4-1-3,failed,5,4,1,0,11,5,2,I0-I1:2;I0-I3:2;I0-I4:2;I1-I4:2;I3-I4:2,3103.000000,4435.632696,1332.632696,2.067565,3.306391,1.238826,1.140566,8.0,3.5,4.0,6.0,10.0,20.0,16.0,48.0,80.0,200.0,False,0.002,0.005,0.1,0.0,0.0,0.0,8000,4000,8,4,37.0,12,105.0,36.0,20.0,575.000000,10,3,4,True,True,5,physical,65,42,4.963677,0.2
waksman_5x5,default,3-0-2-1-4,failed,5,4,1,0,17,5,5,I0-I3:3;I0-I4:4;I2-I3:5;I2-I4:2;I3-I4:2,3103.000000,4464.654825,1361.654825,2.369497,3.939439,1.569942,1.459327,8.0,3.5,4.0,6.0,10.0,20.0,16.0,48.0,80.0,200.0,False,0.002,0.005,0.1,0.0,0.0,0.0,8000,4000,8,4,37.0,12,105.0,36.0,20.0,575.000000,11,3,4,True,True,5,physical,66,42,8.564607,0.2
waksman_5x5,default,0-3-2-4-1,failed,5,4,1,0,15,5,4,I0-I1:4;I0-I2:2;I0-I4:2;I1-I2:3;I1-I4:3,3103.000000,4394.654825,1291.654825,2.118898,3.986023,1.867126,1.369327,8.0,3.5,4.0,6.0,10.0,20.0,16.0,48.0,80.0,200.0,False,0.002,0.005,0.1,0.0,0.0,0.0,8000,4000,8,4,37.0,12,105.0,36.0,20.0,575.000000,7,3,4,True,True,5,physical,67,42,3.009541,0.2
waksman_5x5,default,2-1-4-0-3,failed,5,4,1,0,10,4,2,I0-I2:2;I0-I4:2;I1-I2:2;I1-I4:2,3103.000000,4158.508806,1055.508806,2.067565,3.042772,0.975207,0.901504,8.0,3.5,4.0,6.0,10.0,20.0,16.0,48.0,80.0,200.0,False,0.002,0.005,0.1,0.0,0.0,0.0,8000,4000,8,4,37.0,12,105.0,36.0,20.0,575.000000,7,3,4,True,True,5,physical,68,42,3.942828,0.2
waksman_5x5,default,0-1-4-3-2,failed,5,4,1,0,17,6,6,I0-I1:6;I0-I3:2;I0-I4:2;I1-I3:2;I1-I4:2;I3-I4:3,3103.000000,4518.946861,1415.946861,2.067565,3.715058,1.647493,1.520973,8.0,3.5,4.0,6.0,10.0,20.0,16.0,48.0,80.0,200.0,False,0.002,0.005,0.1,0.0,0.0,0.0,8000,4000,8,4,37.0,12,105.0,36.0,20.0,575.000000,9,3,4,True,True,5,physical,69,42,3.951899,0.2
waksman_5x5,default,1-2-3-4-0,failed,5,4,1,0,17,5,4,I0-I1:4;I0-I2:2;I0-I4:3;I1-I2:4;I1-I4:3,3103.000000,4477.092880,1374.092880,2.118898,3.930690,1.811793,1.506796,8.0,3.5,4.0,6.0,10.0,20.0,16.0,48.0,80.0,200.0,False,0.002,0.005,0.1,0.0,0.0,0.0,8000,4000,8,4,37.0,12,105.0,36.0,20.0,575.000000,9,3,4,True,True,5,physical,70,42,3.674722,0.2
waksman_5x5,default,1-4-2-0-3,routed,5,5,0,0,19,7,3,I0-I1:2;I0-I2:2;I0-I3:3;I0-I4:2;I2-I3:3;I2-I4:2;I3-I4:2,3103.000000,5437.026494,2334.026494,2.018898,3.603398,1.584501,1.295611,8.0,3.5,4.0,6.0,10.0,20.0,16.0,48.0,80.0,200.0,False,0.002,0.005,0.1,0.0,0.0,0.0,8000,4000,8,4,37.0,12,105.0,36.0,20.0,575.000000,6,3,1,True,False,5,physical,71,42,2.555886,0.0
waksman_5x5,default,1-4-2-3-0,routed,5,5,0,0,26,7,8,I0-I1:2;I0-I2:2;I0-I3:2;I0-I4:3;I1-I2:3;I2-I3:8;I2-I4:3,3103.000000,5635.756586,2532.756586,2.009865,4.503316,2.493451,1.650103,8.0,3.5,4.0,6.0,10.0,20.0,16.0,48.0,80.0,200.0,False,0.002,0.005,0.1,0.0,0.0,0.0,8000,4000,8,4,37.0,12,105.0,36.0,20.0,575.000000,13,3,2,True,False,5,physical,72,42,7.106419,0.0
waksman_5x5,default,0-3-1-2-4,routed,5,5,0,0,22,10,3,I0-I1:2;I0-I2:2;I0-I3:2;I0-I4:2;I1-I2:3;I1-I3:3;I1-I4:2;I2-I3:2;I2-I4:2;I3-I4:2,3103.000000,5438.778714,2335.778714,2.210831,3.804975,1.594144,1.364311,8.0,3.5,4.0,6.0,10.0,20.0,16.0,48.0,80.0,200.0,False,0.002,0.005,0.1,0.0,0.0,0.0,8000,4000,8,4,37.0,12,105.0,36.0,20.0,575.000000,9,3,1,True,False,5,physical,73,42,3.942402,0.0
waksman_5x5,default,2-0-1-3-4,failed,5,4,1,0,19,6,6,I0-I2:3;I0-I3:2;I0-I4:4;I2-I3:6;I2-I4:2;I3-I4:2,3103.000000,4514.946861,1411.946861,2.318164,3.897642,1.579478,1.581973,8.0,3.5,4.0,6.0,10.0,20.0,16.0,48.0,80.0,200.0,False,0.002,0.005,0.1,0.0,0.0,0.0,8000,4000,8,4,37.0,12,105.0,36.0,20.0,575.000000,23,3,3,True,True,5,physical,74,42,13.519072,0.2
waksman_5x5,default,4-0-3-2-1,failed,5,4,1,0,10,3,3,I0-I1:3;I1-I3:2;I1-I4:2,3103.000000,4091.530935,988.530935,2.061198,3.182391,1.121193,0.948265,8.0,3.5,4.0,6.0,10.0,20.0,16.0,48.0,80.0,200.0,False,0.002,0.005,0.1,0.0,0.0,0.0,8000,4000,8,4,37.0,12,105.0,36.0,20.0,575.000000,6,3,4,True,True,5,physical,75,42,3.069538,0.2
waksman_5x5,default,4-2-1-0-3,failed,5,4,1,0,10,3,3,I0-I1:3;I1-I4:2;I2-I4:2,3103.000000,4199.384916,1096.384916,2.018898,3.058892,1.039994,0.914442,8.0,3.5,4.0,6.0,10.0,20.0,16.0,48.0,80.0,200.0,False,0.002,0.005,0.1,0.0,0.0,0.0,8000,4000,8,4,37.0,12,105.0,36.0,20.0,575.000000,7,3,4,True,True,5,physical,76,42,3.250924,0.2
waksman_5x5,default,4-3-2-1-0,routed,5,5,0,0,20,5,3,I0-I1:3;I1-I2:3;I2-I3:3;I2-I4:3;I3-I4:3,3103.000000,5524.048623,2421.048623,2.009865,3.793900,1.784035,1.323419,8.0,3.5,4.0,6.0,10.0,20.0,16.0,48.0,80.0,200.0,False,0.002,0.005,0.1,0.0,0.0,0.0,8000,4000,8,4,37.0,12,105.0,36.0,20.0,575.000000,11,3,1,True,False,5,physical,77,42,4.098927,0.0
waksman_5x5,default,4-0-3-1-2,failed,5,4,1,0,12,4,3,I0-I1:3;I1-I2:2;I1-I4:2;I2-I4:3,3103.000000,4161.676953,1058.676953,2.043864,3.461683,1.417819,1.068088,8.0,3.5,4.0,6.0,10.0,20.0,16.0,48.0,80.0,200.0,False,0.002,0.005,0.1,0.0,0.0,0.0,8000,4000,8,4,37.0,12,105.0,36.0,20.0,575.000000,7,3,4,True,True,5,physical,78,42,2.675012,0.2
waksman_5x5,default,0-4-1-3-2,routed,5,5,0,0,22,7,4,I0-I1:2;I0-I2:4;I0-I3:2;I0-I4:2;I2-I3:4;I2-I4:2;I3-I4:3,3103.000000,5692.588439,2589.588439,1.992531,4.272814,2.280283,1.520835,8.0,3.5,4.0,6.0,10.0,20.0,16.0,48.0,80.0,200.0,False,0.002,0.005,0.1,0.0,0.0,0.0,8000,4000,8,4,37.0,12,105.0,36.0,20.0,575.000000,8,3,1,True,False,5,physical,79,42,2.726659,0.0
waksman_5x5,default,3-2-0-4-1,routed,5,5,0,0,22,6,5,I0-I1:5;I0-I2:3;I0-I3:4;I1-I3:2;I2-I3:2;I2-I4:2,3103.000000,5405.172512,2302.172512,2.118898,4.077982,1.959085,1.361869,8.0,3.5,4.0,6.0,10.0,20.0,16.0,48.0,80.0,200.0,False,0.002,0.005,0.1,0.0,0.0,0.0,8000,4000,8,4,37.0,12,105.0,36.0,20.0,575.000000,5,3,1,True,False,5,physical,80,42,1.542569,0.0
waksman_5x5,default,1-4-0-3-2,failed,5,4,1,0,9,3,3,I0-I1:2;I0-I3:2;I3-I4:3,3103.000000,4428.654825,1325.654825,1.967565,3.497642,1.530077,1.044327,8.0,3.5,4.0,6.0,10.0,20.0,16.0,48.0,80.0,200.0,False,0.002,0.005,0.1,0.0,0.0,0.0,8000,4000,8,4,37.0,12,105.0,36.0,20.0,575.000000,15,3,4,True,True,5,physical,81,42,17.099596,0.2
waksman_5x5,default,4-1-2-0-3,failed,5,4,1,0,11,4,3,I0-I1:3;I1-I2:2;I1-I4:2;I2-I4:2,3103.000000,4235.384916,1132.384916,2.018898,3.146810,1.127913,1.049442,8.0,3.5,4.0,6.0,10.0,20.0,16.0,48.0,80.0,200.0,False,0.002,0.005,0.1,0.0,0.0,0.0,8000,4000,8,4,37.0,12,105.0,36.0,20.0,575.000000,7,3,4,True,True,5,physical,82,42,2.566688,0.2
waksman_5x5,default,0-4-2-1-3,failed,5,4,1,0,10,4,2,I0-I1:2;I0-I2:2;I0-I4:2;I2-I4:2,3103.000000,4095.092880,992.092880,2.043864,3.129016,1.085152,0.939796,8.0,3.5,4.0,6.0,10.0,20.0,16.0,48.0,80.0,200.0,False,0.002,0.005,0.1,0.0,0.0,0.0,8000,4000,8,4,37.0,12,105.0,36.0,20.0,575.000000,5,3,4,True,True,5,physical,83,42,2.279847,0.2
waksman_5x5,default,0-1-2-3-4,failed,5,4,1,0,16,5,6,I1-I2:4;I1-I3:2;I2-I3:6;I2-I4:2;I3-I4:2,3103.000000,4888.800843,1785.800843,2.210831,4.162148,1.951317,1.688150,8.0,3.5,4.0,6.0,10.0,20.0,16.0,48.0,80.0,200.0,False,0.002,0.005,0.1,0.0,0.0,0.0,8000,4000,8,4,37.0,12,105.0,36.0,20.0,575.000000,20,3,3,True,True,5,physical,84,42,19.457562,0.2
waksman_5x5,default,4-3-0-2-1,routed,5,5,0,0,18,5,3,I0-I1:3;I1-I3:3;I2-I3:2;I2-I4:2;I3-I4:3,3103.000000,5517.318531,2414.318531,2.061198,3.911357,1.850159,1.245727,8.0,3.5,4.0,6.0,10.0,20.0,16.0,48.0,80.0,200.0,False,0.002,0.005,0.1,0.0,0.0,0.0,8000,4000,8,4,37.0,12,105.0,36.0,20.0,575.000000,10,3,1,True,False,5,physical,85,42,3.660092,0.0
waksman_5x5,default,4-1-2-3-0,failed,5,4,1,0,11,3,3,I0-I1:3;I1-I3:2;I1-I4:3,3103.000000,4241.968990,1138.968990,2.009865,3.415058,1.405193,1.061734,8.0,3.5,4.0,6.0,10.0,20.0,16.0,48.0,80.0,200.0,False,0.002,0.005,0.1,0.0,0.0,0.0,8000,4000,8,4,37.0,12,105.0,36.0,20.0,575.000000,8,3,4,True,True,5,physical,86,42,3.274194,0.2
waksman_5x5,default,2-1-3-4-0,failed,5,4,1,0,18,5,5,I0-I1:5;I0-I2:4;I0-I4:3;I1-I2:2;I1-I4:3,3103.000000,4501.384916,1398.384916,2.118898,3.813233,1.694336,1.566442,8.0,3.5,4.0,6.0,10.0,20.0,16.0,48.0,80.0,200.0,False,0.002,0.005,0.1,0.0,0.0,0.0,8000,4000,8,4,37.0,12,105.0,36.0,20.0,575.000000,10,3,4,True,True,5,physical,87,42,3.526667,0.2
waksman_5x5,default,4-2-3-1-0,routed,5,5,0,0,19,5,3,I0-I1:3;I1-I2:2;I2-I3:3;I2-I4:3;I3-I4:3,3103.000000,5481.756586,2378.756586,2.061198,3.890649,1.829451,1.268503,8.0,3.5,4.0,6.0,10.0,20.0,16.0,48.0,80.0,200.0,False,0.002,0.005,0.1,0.0,0.0,0.0,8000,4000,8,4,37.0,12,105.0,36.0,20.0,575.000000,10,3,1,True,False,5,physical,88,42,4.144433,0.0
waksman_5x5,default,2-0-4-3-1,failed,5,3,2,0,8,2,4,I0-I3:4;I0-I4:3,3103.000000,3478.137137,375.137137,2.067565,3.397642,1.330077,1.307091,8.0,3.5,4.0,6.0,10.0,20.0,16.0,48.0,80.0,200.0,False,0.002,0.005,0.1,0.0,0.0,0.0,8000,4000,8,4,37.0,12,105.0,36.0,20.0,575.000000,23,3,3,True,True,5,physical,89,42,16.437980,0.4
waksman_5x5,default,4-1-3-2-0,failed,5,4,1,0,11,3,3,I0-I1:3;I1-I3:2;I1-I4:3,3103.000000,4115.968990,1012.968990,2.061198,3.246810,1.185612,1.006734,8.0,3.5,4.0,6.0,10.0,20.0,16.0,48.0,80.0,200.0,False,0.002,0.005,0.1,0.0,0.0,0.0,8000,4000,8,4,37.0,12,105.0,36.0,20.0,575.000000,7,3,4,True,True,5,physical,90,42,3.178477,0.2
waksman_5x5,default,3-2-4-1-0,failed,5,4,1,0,14,3,5,I0-I1:5;I0-I3:3;I3-I4:3,3103.000000,4446.946861,1343.946861,2.067565,3.677982,1.610418,1.284973,8.0,3.5,4.0,6.0,10.0,20.0,16.0,48.0,80.0,200.0,False,0.002,0.005,0.1,0.0,0.0,0.0,8000,4000,8,4,37.0,12,105.0,36.0,20.0,575.000000,8,3,4,True,True,5,physical,91,42,3.016792,0.2
waksman_5x5,default,3-1-4-2-0,failed,5,4,1,0,17,5,5,I0-I1:5;I0-I3:3;I0-I4:3;I1-I3:2;I1-I4:3,3103.000000,4527.238898,1424.238898,2.067565,3.868566,1.801002,1.522619,8.0,3.5,4.0,6.0,10.0,20.0,16.0,48.0,80.0,200.0,False,0.002,0.005,0.1,0.0,0.0,0.0,8000,4000,8,4,37.0,12,105.0,36.0,20.0,575.000000,9,3,4,True,True,5,physical,92,42,4.050326,0.2
waksman_5x5,default,3-4-0-2-1,routed,5,5,0,0,17,5,3,I0-I1:2;I0-I3:3;I2-I3:2;I2-I4:2;I3-I4:3,3103.000000,5500.880476,2397.880476,2.061198,3.911357,1.850159,1.202152,8.0,3.5,4.0,6.0,10.0,20.0,16.0,48.0,80.0,200.0,False,0.002,0.005,0.1,0.0,0.0,0.0,8000,4000,8,4,37.0,12,105.0,36.0,20.0,575.000000,8,3,1,True,False,5,physical,93,42,3.306353,0.0
waksman_5x5,default,1-0-2-4-3,failed,5,3,2,0,8,3,4,I0-I2:2;I0-I4:4;I2-I4:2,3103.000000,3351.407045,248.407045,2.118898,3.242731,1.123833,1.241605,8.0,3.5,4.0,6.0,10.0,20.0,16.0,48.0,80.0,200.0,False,0.002,0.005,0.1,0.0,0.0,0.0,8000,4000,8,4,37.0,12,105.0,36.0,20.0,575.000000,11,3,4,True,True,5,physical,94,42,8.217352,0.4
waksman_5x5,default,2-4-3-1-0,routed,5,5,0,0,18,5,3,I0-I1:2;I0-I2:2;I2-I3:3;I2-I4:3;I3-I4:3,3103.000000,5473.172512,2370.172512,2.061198,3.890649,1.829451,1.229069,8.0,3.5,4.0,6.0,10.0,20.0,16.0,48.0,80.0,200.0,False,0.002,0.005,0.1,0.0,0.0,0.0,8000,4000,8,4,37.0,12,105.0,36.0,20.0,575.000000,9,3,1,True,False,5,physical,95,42,3.921303,0.0
waksman_5x5,default,4-1-0-2-3,failed,5,4,1,0,11,4,3,I0-I1:3;I1-I3:2;I1-I4:2;I3-I4:2,3103.000000,4319.238898,1216.238898,2.018898,3.282391,1.263493,1.084619,8.0,3.5,4.0,6.0,10.0,20.0,16.0,48.0,80.0,200.0,False,0.002,0.005,0.1,0.0,0.0,0.0,8000,4000,8,4,37.0,12,105.0,36.0,20.0,575.000000,7,3,4,True,True,5,physical,96,42,3.297731,0.2
waksman_5x5,default,3-0-4-2-1,failed,5,4,1,0,16,5,5,I0-I1:5;I0-I3:3;I0-I4:3;I1-I3:2;I1-I4:2,3103.000000,4502.800843,1399.800843,2.067565,3.868566,1.801002,1.464150,8.0,3.5,4.0,6.0,10.0,20.0,16.0,48.0,80.0,200.0,False,0.002,0.005,0.1,0.0,0.0,0.0,8000,4000,8,4,37.0,12,105.0,36.0,20.0,575.000000,8,3,4,True,True,5,physical,97,42,4.267982,0.2
waksman_5x5,default,2-3-4-0-1,routed,5,5,0,0,22,6,5,I0-I1:4;I0-I2:2;I0-I4:3;I1-I2:2;I2-I3:5;I3-I4:2,3103.000000,5526.734457,2423.734457,2.067565,3.559140,1.491575,1.413494,8.0,3.5,4.0,6.0,10.0,20.0,16.0,48.0,80.0,200.0,False,0.002,0.005,0.1,0.0,0.0,0.0,8000,4000,8,4,37.0,12,105.0,36.0,20.0,575.000000,9,3,1,True,False,5,physical,98,42,4.308753,0.0
waksman_5x5,default,1-0-4-3-2,failed,5,3,2,0,7,3,3,I0-I3:2;I0-I4:2;I3-I4:3,3103.000000,3411.845100,308.845100,2.067565,3.397642,1.330077,1.199563,8.0,3.5,4.0,6.0,10.0,20.0,16.0,48.0,80.0,200.0,False,0.002,0.005,0.1,0.0,0.0,0.0,8000,4000,8,4,37.0,12,105.0,36.0,20.0,575.000000,22,3,3,True,True,5,physical,99,42,16.926808,0.4
waksman_5x5,default,1-0-3-4-2,failed,5,4,1,0,16,6,5,I0-I1:5;I0-I2:2;I0-I4:2;I1-I2:2;I1-I4:2;I2-I4:3,3103.000000,4410.654825,1307.654825,2.118898,3.561683,1.442785,1.427327,8.0,3.5,4.0,6.0,10.0,20.0,16.0,48.0,80.0,200.0,False,0.002,0.005,0.1,0.0,0.0,0.0,8000,4000,8,4,37.0,12,105.0,36.0,20.0,575.000000,8,3,4,True,True,5,physical,100,42,2.916904,0.2
waksman_5x5,default,4-1-3-0-2,failed,5,4,1,0,12,4,3,I0-I1:3;I1-I2:2;I1-I4:2;I2-I4:3,3103.000000,4277.676953,1174.676953,1.992531,3.461683,1.469152,1.118088,8.0,3.5,4.0,6.0,10.0,20.0,16.0,48.0,80.0,200.0,False,0.002,0.005,0.1,0.0,0.0,0.0,8000,4000,8,4,37.0,12,105.0,36.0,20.0,575.000000,8,3,4,True,True,5,physical,101,42,2.663053,0.2
waksman_5x5,default,4-3-1-2-0,routed,5,5,0,0,19,5,3,I0-I1:3;I1-I3:3;I2-I3:2;I2-I4:3;I3-I4:3,3103.000000,5549.610567,2446.610567,2.061198,3.911357,1.850159,1.296644,8.0,3.5,4.0,6.0,10.0,20.0,16.0,48.0,80.0,200.0,False,0.002,0.005,0.1,0.0,0.0,0.0,8000,4000,8,4,37.0,12,105.0,36.0,20.0,575.000000,10,3,1,True,False,5,physical,102,42,3.770756,0.0
waksman_5x5,default,0-1-4-2-3,failed,5,4,1,0,18,6,6,I0-I1:6;I0-I3:4;I0-I4:2;I1-I3:2;I1-I4:2;I3-I4:2,3103.000000,4476.654825,1373.654825,2.067565,3.614391,1.546826,1.552327,8.0,3.5,4.0,6.0,10.0,20.0,16.0,48.0,80.0,200.0,False,0.002,0.005,0.1,0.0,0.0,0.0,8000,4000,8,4,37.0,12,105.0,36.0,20.0,575.000000,8,3,4,True,True,5,physical,103,42,4.242450,0.2
waksman_5x5,default,2-1-0-3-4,failed,5,4,1,0,15,5,5,I1-I2:5;I1-I3:2;I2-I3:4;I2-I4:2;I3-I4:2,3103.000000,4671.238898,1568.238898,2.318164,3.697642,1.379478,1.547619,8.0,3.5,4.0,6.0,10.0,20.0,16.0,48.0,80.0,200.0,False,0.002,0.005,0.1,0.0,0.0,0.0,8000,4000,8,4,37.0,12,105.0,36.0,20.0,575.000000,19,3,3,True,True,5,physical,104,42,18.532294,0.2
waksman_5x5,default,3-0-2-4-1,failed,5,3,2,0,7,2,3,I0-I2:3;I0-I4:3,3103.000000,3322.283155,219.283155,2.118898,3.368566,1.249669,1.145522,8.0,3.5,4.0,6.0,10.0,20.0,16.0,48.0,80.0,200.0,False,0.002,0.005,0.1,0.0,0.0,0.0,8000,4000,8,4,37.0,12,105.0,36.0,20.0,575.000000,12,3,4,True,True,5,physical,105,42,9.165771,0.4
waksman_5x5,default,0-2-4-3-1,routed,5,5,0,0,26,8,5,I0-I1:4;I0-I2:2;I0-I3:2;I0-I4:2;I1-I2:2;I1-I3:4;I1-I4:3;I2-I3:5,3103.000000,5588.734457,2485.734457,2.067565,4.206690,2.139126,1.638294,8.0,3.5,4.0,6.0,10.0,20.0,16.0,48.0,80.0,200.0,False,0.002,0.005,0.1,0.0,0.0,0.0,8000,4000,8,4,37.0,12,105.0,36.0,20.0,575.000000,9,3,1,True,False,5,physical,106,42,4.643976,0.0
waksman_5x5,default,2-4-1-3-0,routed,5,5,0,0,17,5,3,I0-I1:2;I0-I3:2;I2-I3:2;I2-I4:3;I3-I4:3,3103.000000,5483.026494,2380.026494,2.112531,4.008106,1.895575,1.194011,8.0,3.5,4.0,6.0,10.0,20.0,16.0,48.0,80.0,200.0,False,0.002,0.005,0.1,0.0,0.0,0.0,8000,4000,8,4,37.0,12,105.0,36.0,20.0,575.000000,8,3,1,True,False,5,physical,107,42,3.400048,0.0
waksman_5x5,default,4-2-1-3-0,routed,5,5,0,0,18,5,3,I0-I1:3;I1-I3:2;I2-I3:2;I2-I4:3;I3-I4:3,3103.000000,5499.464549,2396.464549,2.112531,4.008106,1.895575,1.237586,8.0,3.5,4.0,6.0,10.0,20.0,16.0,48.0,80.0,200.0,False,0.002,0.005,0.1,0.0,0.0,0.0,8000,4000,8,4,37.0,12,105.0,36.0,20.0,575.000000,10,3,1,True,False,5,physical,108,42,4.030143,0.0
waksman_5x5,default,3-2-1-0-4,routed,5,5,0,0,24,6,7,I0-I1:3;I0-I2:3;I0-I4:4;I1-I4:2;I2-I3:7;I2-I4:2,3103.000000,5849.318531,2746.318531,2.369497,4.419398,2.049901,1.618527,8.0,3.5,4.0,6.0,10.0,20.0,16.0,48.0,80.0,200.0,False,0.002,0.005,0.1,0.0,0.0,0.0,8000,4000,8,4,37.0,12,105.0,36.0,20.0,575.000000,9,3,1,True,False,5,physical,109,42,3.141088,0.0
waksman_5x5,default,0-3-1-4-2,failed,5,4,1,0,12,5,3,I0-I1:2;I0-I2:2;I0-I4:2;I1-I4:3;I2-I4:2,3103.000000,4457.778714,1354.778714,2.118898,3.311559,1.192662,1.208389,8.0,3.5,4.0,6.0,10.0,20.0,16.0,48.0,80.0,200.0,False,0.002,0.005,0.1,0.0,0.0,0.0,8000,4000,8,4,37.0,12,105.0,36.0,20.0,575.000000,12,3,4,True,True,5,physical,110,42,4.983221,0.2
waksman_5x5,default,4-3-1-0-2,failed,5,4,1,0,11,3,3,I0-I1:3;I1-I4:3;I2-I4:2,3103.000000,4241.676953,1138.676953,1.992531,3.391559,1.399028,0.983088,8.0,3.5,4.0,6.0,10.0,20.0,16.0,48.0,80.0,200.0,False,0.002,0.005,0.1,0.0,0.0,0.0,8000,4000,8,4,37.0,12,105.0,36.0,20.0,575.000000,8,3,4,True,True,5,physical,111,42,3.473895,0.2
waksman_5x5,default,0-3-4-2-1,failed,5,4,1,0,17,5,4,I0-I1:4;I0-I3:4;I0-I4:2;I1-I3:3;I1-I4:3,3103.000000,4504.508806,1401.508806,2.067565,3.986023,1.918458,1.517504,8.0,3.5,4.0,6.0,10.0,20.0,16.0,48.0,80.0,200.0,False,0.002,0.005,0.1,0.0,0.0,0.0,8000,4000,8,4,37.0,12,105.0,36.0,20.0,575.000000,7,3,4,True,True,5,physical,112,42,3.104856,0.2
waksman_5x5,default,1-0-4-2-3,failed,5,4,1,0,15,6,5,I0-I1:5;I0-I3:2;I0-I4:2;I1-I3:2;I1-I4:2;I3-I4:2,3103.000000,4452.216769,1349.216769,2.067565,3.382391,1.314826,1.393858,8.0,3.5,4.0,6.0,10.0,20.0,16.0,48.0,80.0,200.0,False,0.002,0.005,0.1,0.0,0.0,0.0,8000,4000,8,4,37.0,12,105.0,36.0,20.0,575.000000,7,3,4,True,True,5,physical,113,42,4.036377,0.2
waksman_5x5,default,1-2-0-4-3,failed,5,4,1,0,15,5,4,I0-I1:4;I0-I3:2;I0-I4:4;I1-I3:2;I1-I4:2,3103.000000,4382.070751,1279.070751,2.118898,3.610731,1.491833,1.259035,8.0,3.5,4.0,6.0,10.0,20.0,16.0,48.0,80.0,200.0,False,0.002,0.005,0.1,0.0,0.0,0.0,8000,4000,8,4,37.0,12,105.0,36.0,20.0,575.000000,7,3,4,True,True,5,physical,114,42,3.331094,0.2
waksman_5x5,default,1-2-4-3-0,routed,5,5,0,0,27,8,5,I0-I1:4;I0-I2:2;I0-I3:2;I0-I4:3;I1-I2:2;I1-I3:4;I1-I4:3;I2-I3:5,3103.000000,5613.172512,2510.172512,2.067565,4.206690,2.139126,1.685069,8.0,3.5,4.0,6.0,10.0,20.0,16.0,48.0,80.0,200.0,False,0.002,0.005,0.1,0.0,0.0,0.0,8000,4000,8,4,37.0,12,105.0,36.0,20.0,575.000000,10,3,1,True,False,5,physical,115,42,4.794561,0.0
waksman_5x5,default,3-4-2-0-1,routed,5,5,0,0,20,6,3,I0-I1:2;I0-I2:3;I0-I3:3;I2-I3:3;I2-I4:3;I3-I4:2,3103.000000,5517.318531,2414.318531,2.009865,3.793900,1.784035,1.325727,8.0,3.5,4.0,6.0,10.0,20.0,16.0,48.0,80.0,200.0,False,0.002,0.005,0.1,0.0,0.0,0.0,8000,4000,8,4,37.0,12,105.0,36.0,20.0,575.000000,8,3,1,True,False,5,physical,116,42,3.611470,0.0
waksman_5x5,default,0-1-3-4-2,failed,5,4,1,0,19,6,6,I0-I1:6;I0-I2:4;I0-I4:2;I1-I2:2;I1-I4:2;I2-I4:3,3103.000000,4435.092880,1332.092880,2.118898,3.793683,1.674785,1.585796,8.0,3.5,4.0,6.0,10.0,20.0,16.0,48.0,80.0,200.0,False,0.002,0.005,0.1,0.0,0.0,0.0,8000,4000,8,4,37.0,12,105.0,36.0,20.0,575.000000,9,3,4,True,True,5,physical,117,42,3.566086,0.2
waksman_5x5,default,0-3-2-1-4,routed,5,5,0,0,21,9,3,I0-I1:2;I0-I2:2;I0-I3:2;I0-I4:2;I1-I2:3;I1-I4:2;I2-I3:3;I2-I4:2;I3-I4:2,3103.000000,5395.362788,2292.362788,2.210831,3.638391,1.427560,1.302945,8.0,3.5,4.0,6.0,10.0,20.0,16.0,48.0,80.0,200.0,False,0.002,0.005,0.1,0.0,0.0,0.0,8000,4000,8,4,37.0,12,105.0,36.0,20.0,575.000000,8,3,1,True,False,5,physical,118,42,3.667223,0.0
waksman_5x5,default,3-1-2-4-0,failed,5,4,1,0,17,5,5,I0-I1:5;I0-I2:3;I0-I4:3;I1-I2:2;I1-I4:3,3103.000000,4443.384916,1340.384916,2.118898,3.868566,1.749669,1.487442,8.0,3.5,4.0,6.0,10.0,20.0,16.0,48.0,80.0,200.0,False,0.002,0.005,0.1,0.0,0.0,0.0,8000,4000,8,4,37.0,12,105.0,36.0,20.0,575.000000,9,3,4,True,True,5,physical,119,42,3.406899,0.2
spanke_benes_5x5,default,0-2-3-4-1,routed,5,5,0,0,17,4,6,I0-I1:6;I0-I4:2;I1-I2:4;I2-I3:2,4161.000000,6616.486678,2455.486678,2.035131,4.830706,2.795575,1.734195,8.0,3.5,4.0,6.0,10.0,20.0,16.0,48.0,80.0,200.0,False,0.002,0.005,0.1,0.0,0.0,0.0,8000,4000,8,4,37.0,12,105.0,36.0,20.0,785.000000,8,3,1,True,False,5,physical,0,42,2.448438,0.0
spanke_benes_5x5,default,3-2-0-1-4,routed,5,5,0,0,17,4,4,I0-I1:3;I0-I4:4;I1-I3:3;I2-I3:4,4161.000000,6613.464549,2452.464549,1.969497,4.265072,2.295575,1.739986,8.0,3.5,4.0,6.0,10.0,20.0,16.0,48.0,80.0,200.0,False,0.002,0.005,0.1,0.0,0.0,0.0,8000,4000,8,4,37.0,12,105.0,36.0,20.0,785.000000,8,3,1,True,False,5,physical,1,42,1.414684,0.0
spanke_benes_5x5,default,3-4-2-1-0,routed,5,5,0,0,11,1,2,I0-I1:2,4161.000000,6406.150384,2245.150384,1.903864,3.560607,1.656743,1.426060,8.0,3.5,4.0,6.0,10.0,20.0,16.0,48.0,80.0,200.0,False,0.002,0.005,0.1,0.0,0.0,0.0,8000,4000,8,4,37.0,12,105.0,36.0,20.0,785.000000,2,3,1,True,False,5,physical,2,42,1.072441,0.0
spanke_benes_5x5,default,4-3-0-1-2,routed,5,5,0,0,13,2,4,I2-I3:4;I3-I4:2,4161.000000,6483.026494,2322.026494,1.969497,4.223656,2.254159,1.530811,8.0,3.5,4.0,6.0,10.0,20.0,16.0,48.0,80.0,200.0,False,0.002,0.005,0.1,0.0,0.0,0.0,8000,4000,8,4,37.0,12,105.0,36.0,20.0,785.000000,5,3,1,True,False,5,physical,3,42,0.953537,0.0
spanke_benes_5x5,default,3-4-1-0-2,routed,5,5,0,0,13,3,3,I0-I1:2;I2-I3:3;I2-I4:2,4161.000000,6466.880476,2305.880476,1.903864,3.781573,1.877710,1.525352,8.0,3.5,4.0,6.0,10.0,20.0,16.0,48.0,80.0,200.0,False,0.002,0.005,0.1,0.0,0.0,0.0,8000,4000,8,4,37.0,12,105.0,36.0,20.0,785.000000,5,3,1,True,False,5,physical,4,42,1.185227,0.0
spanke_benes_5x5,default,1-2-0-3-4,routed,5,5,0,0,20,4,6,I0-I1:6;I0-I2:5;I1-I3:4;I3-I4:4,4161.000000,6760.194641,2599.194641,2.035131,4.926706,2.891575,1.913678,8.0,3.5,4.0,6.0,10.0,20.0,16.0,48.0,80.0,200.0,False,0.002,0.005,0.1,0.0,0.0,0.0,8000,4000,8,4,37.0,12,105.0,36.0,20.0,785.000000,12,3,1,True,False,5,physical,5,42,2.544934,0.0
spanke_benes_5x5,default,3-4-1-2-0,routed,5,5,0,0,12,2,2,I0-I1:2;I2-I3:2,4161.000000,6422.734457,2261.734457,1.903864,3.576607,1.672743,1.468694,8.0,3.5,4.0,6.0,10.0,20.0,16.0,48.0,80.0,200.0,False,0.002,0.005,0.1,0.0,0.0,0.0,8000,4000,8,4,37.0,12,105.0,36.0,20.0,785.000000,3,3,1,True,False,5,physical,6,42,1.246164,0.0
spanke_benes_5x5,default,3-2-1-4-0,routed,5,5,0,0,13,3,3,I0-I1:3;I0-I3:2;I1-I2:3,4161.000000,6471.318531,2310.318531,1.956830,3.938281,1.981451,1.524127,8.0,3.5,4.0,6.0,10.0,20.0,16.0,48.0,80.0,200.0,False,0.002,0.005,0.1,0.0,0.0,0.0,8000,4000,8,4,37.0,12,105.0,36.0,20.0,785.000000,4,3,1,True,False,5,physical,7,42,1.258231,0.0
spanke_benes_5x5,default,4-0-1-2-3,routed,5,5,0,0,16,3,6,I1-I2:6;I2-I3:4;I3-I4:2,4161.000000,6588.194641,2427.194641,2.035131,4.854706,2.819575,1.684878,8.0,3.5,4.0,6.0,10.0,20.0,16.0,48.0,80.0,200.0,False,0.002,0.005,0.1,0.0,0.0,0.0,8000,4000,8,4,37.0,12,105.0,36.0,20.0,785.000000,8,3,1,True,False,5,physical,8,42,1.858454,0.0
spanke_benes_5x5,default,4-2-0-3-1,routed,5,5,0,0,13,3,3,I1-I2:3;I1-I3:2;I2-I4:2,4161.000000,6479.318531,2318.318531,1.903864,3.805573,1.901710,1.527327,8.0,3.5,4.0,6.0,10.0,20.0,16.0,48.0,80.0,200.0,False,0.002,0.005,0.1,0.0,0.0,0.0,8000,4000,8,4,37.0,12,105.0,36.0,20.0,785.000000,4,3,1,True,False,5,physical,9,42,0.643517,0.0
spanke_benes_5x5,default,1-4-3-2-0,routed,5,5,0,0,13,3,2,I0-I1:2;I0-I2:2;I0-I3:2,4161.000000,6435.318531,2274.318531,1.903864,3.618023,1.714159,1.509727,8.0,3.5,4.0,6.0,10.0,20.0,16.0,48.0,80.0,200.0,False,0.002,0.005,0.1,0.0,0.0,0.0,8000,4000,8,4,37.0,12,105.0,36.0,20.0,785.000000,4,3,1,True,False,5,physical,10,42,1.441989,0.0
spanke_benes_5x5,default,3-1-0-4-2,routed,5,5,0,0,15,4,5,I0-I1:3;I0-I3:2;I1-I2:5;I1-I4:2,4161.000000,6605.464549,2444.464549,1.966463,4.420623,2.454159,1.656786,8.0,3.5,4.0,6.0,10.0,20.0,16.0,48.0,80.0,200.0,False,0.002,0.005,0.1,0.0,0.0,0.0,8000,4000,8,4,37.0,12,105.0,36.0,20.0,785.000000,8,3,1,True,False,5,physical,11,42,2.018811,0.0
spanke_benes_5x5,default,3-2-4-0-1,routed,5,5,0,0,13,3,3,I0-I1:3;I0-I2:2;I3-I4:2,4161.000000,6487.026494,2326.026494,1.956830,3.915697,1.958867,1.532411,8.0,3.5,4.0,6.0,10.0,20.0,16.0,48.0,80.0,200.0,False,0.002,0.005,0.1,0.0,0.0,0.0,8000,4000,8,4,37.0,12,105.0,36.0,20.0,785.000000,4,3,1,True,False,5,physical,12,42,1.188966,0.0
spanke_benes_5x5,default,1-2-3-0-4,routed,5,5,0,0,19,4,6,I0-I1:6;I0-I3:3;I1-I2:4;I2-I4:4,4161.000000,6666.194641,2505.194641,2.035131,4.862706,2.827575,1.836078,8.0,3.5,4.0,6.0,10.0,20.0,16.0,48.0,80.0,200.0,False,0.002,0.005,0.1,0.0,0.0,0.0,8000,4000,8,4,37.0,12,105.0,36.0,20.0,785.000000,10,3,1,True,False,5,physical,13,42,2.056408,0.0
spanke_benes_5x5,default,0-3-4-1-2,routed,5,5,0,0,16,4,4,I0-I1:4;I0-I3:4;I1-I2:2;I3-I4:2,4161.000000,6576.194641,2415.194641,1.969497,4.265072,2.295575,1.680078,8.0,3.5,4.0,6.0,10.0,20.0,16.0,48.0,80.0,200.0,False,0.002,0.005,0.1,0.0,0.0,0.0,8000,4000,8,4,37.0,12,105.0,36.0,20.0,785.000000,8,3,1,True,False,5,physical,14,42,2.103878,0.0
spanke_benes_5x5,default,2-3-1-0-4,routed,5,5,0,0,17,4,4,I0-I1:4;I0-I2:3;I1-I4:4;I2-I3:3,4161.000000,6597.318531,2436.318531,1.969497,4.529072,2.559575,1.734527,8.0,3.5,4.0,6.0,10.0,20.0,16.0,48.0,80.0,200.0,False,0.002,0.005,0.1,0.0,0.0,0.0,8000,4000,8,4,37.0,12,105.0,36.0,20.0,785.000000,8,3,1,True,False,5,physical,15,42,1.645704,0.0
spanke_benes_5x5,default,3-1-4-0-2,routed,5,5,0,0,14,4,3,I0-I1:3;I0-I2:2;I1-I3:3;I1-I4:2,4161.000000,6511.464549,2350.464549,1.956830,3.915697,1.958867,1.579186,8.0,3.5,4.0,6.0,10.0,20.0,16.0,48.0,80.0,200.0,False,0.002,0.005,0.1,0.0,0.0,0.0,8000,4000,8,4,37.0,12,105.0,36.0,20.0,785.000000,6,3,1,True,False,5,physical,16,42,1.729527,0.0
spanke_benes_5x5,default,4-0-1-3-2,routed,5,5,0,0,17,4,6,I1-I2:6;I1-I4:2;I2-I3:2;I2-I4:2,4161.000000,6641.610567,2480.610567,2.035131,4.854706,2.819575,1.750244,8.0,3.5,4.0,6.0,10.0,20.0,16.0,48.0,80.0,200.0,False,0.002,0.005,0.1,0.0,0.0,0.0,8000,4000,8,4,37.0,12,105.0,36.0,20.0,785.000000,7,3,1,True,False,5,physical,17,42,1.763441,0.0
spanke_benes_5x5,default,2-0-3-4-1,routed,5,5,0,0,16,4,5,I0-I1:5;I0-I2:4;I1-I4:2;I2-I3:2,4161.000000,6592.194641,2431.194641,2.022463,4.513331,2.490867,1.686478,8.0,3.5,4.0,6.0,10.0,20.0,16.0,48.0,80.0,200.0,False,0.002,0.005,0.1,0.0,0.0,0.0,8000,4000,8,4,37.0,12,105.0,36.0,20.0,785.000000,7,3,1,True,False,5,physical,18,42,2.055645,0.0
spanke_benes_5x5,default,2-4-1-0-3,routed,5,5,0,0,14,4,3,I0-I1:2;I0-I2:3;I0-I4:2;I2-I3:3,4161.000000,6499.172512,2338.172512,1.903864,3.781573,1.877710,1.576269,8.0,3.5,4.0,6.0,10.0,20.0,16.0,48.0,80.0,200.0,False,0.002,0.005,0.1,0.0,0.0,0.0,8000,4000,8,4,37.0,12,105.0,36.0,20.0,785.000000,6,3,1,True,False,5,physical,19,42,1.405264,0.0
spanke_benes_5x5,default,0-2-3-1-4,routed,5,5,0,0,20,5,4,I0-I1:4;I0-I3:4;I1-I2:4;I1-I3:3;I2-I4:4,4161.000000,6706.632696,2545.632696,2.035131,4.862706,2.827575,1.889253,8.0,3.5,4.0,6.0,10.0,20.0,16.0,48.0,80.0,200.0,False,0.002,0.005,0.1,0.0,0.0,0.0,8000,4000,8,4,37.0,12,105.0,36.0,20.0,785.000000,11,3,1,True,False,5,physical,20,42,1.845921,0.0
spanke_benes_5x5,default,2-3-0-4-1,routed,5,5,0,0,15,4,4,I0-I1:4;I0-I2:3;I1-I3:2;I2-I4:2,4161.000000,6531.902604,2370.902604,1.969497,4.255656,2.286159,1.624361,8.0,3.5,4.0,6.0,10.0,20.0,16.0,48.0,80.0,200.0,False,0.002,0.005,0.1,0.0,0.0,0.0,8000,4000,8,4,37.0,12,105.0,36.0,20.0,785.000000,6,3,1,True,False,5,physical,21,42,1.666597,0.0
spanke_benes_5x5,default,4-0-2-1-3,routed,5,5,0,0,15,4,4,I1-I2:2;I1-I3:4;I2-I3:3;I2-I4:2,4161.000000,6527.902604,2366.902604,1.969497,4.265072,2.295575,1.622761,8.0,3.5,4.0,6.0,10.0,20.0,16.0,48.0,80.0,200.0,False,0.002,0.005,0.1,0.0,0.0,0.0,8000,4000,8,4,37.0,12,105.0,36.0,20.0,785.000000,7,3,1,True,False,5,physical,22,42,1.233852,0.0
spanke_benes_5x5,default,4-2-0-1-3,routed,5,5,0,0,14,3,4,I1-I3:3;I1-I4:2;I2-I3:4,4161.000000,6515.318531,2354.318531,1.969497,4.265072,2.295575,1.581727,8.0,3.5,4.0,6.0,10.0,20.0,16.0,48.0,80.0,200.0,False,0.002,0.005,0.1,0.0,0.0,0.0,8000,4000,8,4,37.0,12,105.0,36.0,20.0,785.000000,6,3,1,True,False,5,physical,23,42,1.129559,0.0
spanke_benes_5x5,default,0-2-1-4-3,routed,5,5,0,0,18,5,6,I0-I1:2;I0-I2:6;I1-I2:5;I1-I3:2;I1-I4:2,4161.000000,6640.778714,2479.778714,2.035131,4.968122,2.932991,1.781911,8.0,3.5,4.0,6.0,10.0,20.0,16.0,48.0,80.0,200.0,False,0.002,0.005,0.1,0.0,0.0,0.0,8000,4000,8,4,37.0,12,105.0,36.0,20.0,785.000000,10,3,1,True,False,5,physical,24,42,2.474661,0.0
spanke_benes_5x5,default,0-1-2-4-3,routed,5,5,0,0,19,4,8,I0-I1:8;I1-I2:6;I2-I3:2;I2-I4:2,4161.000000,6681.362788,2520.362788,2.100764,5.477755,3.376991,1.834145,8.0,3.5,4.0,6.0,10.0,20.0,16.0,48.0,80.0,200.0,False,0.002,0.005,0.1,0.0,0.0,0.0,8000,4000,8,4,37.0,12,105.0,36.0,20.0,785.000000,11,3,1,True,False,5,physical,25,42,3.183742,0.0
spanke_benes_5x5,default,3-1-0-2-4,routed,5,5,0,0,18,4,5,I0-I3:3;I0-I4:4;I1-I2:5;I1-I3:4,4161.000000,6707.610567,2546.610567,1.966463,4.420623,2.454159,1.816644,8.0,3.5,4.0,6.0,10.0,20.0,16.0,48.0,80.0,200.0,False,0.002,0.005,0.1,0.0,0.0,0.0,8000,4000,8,4,37.0,12,105.0,36.0,20.0,785.000000,10,3,1,True,False,5,physical,26,42,2.184369,0.0
spanke_benes_5x5,default,2-4-3-0-1,routed,5,5,0,0,13,3,2,I0-I1:2;I0-I2:2;I3-I4:2,4161.000000,6455.026494,2294.026494,1.903864,3.633315,1.729451,1.519611,8.0,3.5,4.0,6.0,10.0,20.0,16.0,48.0,80.0,200.0,False,0.002,0.005,0.1,0.0,0.0,0.0,8000,4000,8,4,37.0,12,105.0,36.0,20.0,785.000000,4,3,1,True,False,5,physical,27,42,1.214878,0.0
spanke_benes_5x5,default,1-0-3-2-4,routed,5,5,0,0,20,5,7,I0-I1:7;I0-I2:2;I0-I3:4;I2-I3:3;I2-I4:4,4161.000000,6726.924733,2565.924733,2.088097,5.160380,3.072283,1.895370,8.0,3.5,4.0,6.0,10.0,20.0,16.0,48.0,80.0,200.0,False,0.002,0.005,0.1,0.0,0.0,0.0,8000,4000,8,4,37.0,12,105.0,36.0,20.0,785.000000,11,3,1,True,False,5,physical,28,42,2.065061,0.0
spanke_benes_5x5,default,3-1-2-0-4,routed,5,5,0,0,17,4,4,I0-I2:3;I0-I4:4;I1-I2:4;I1-I3:3,4161.000000,6585.610567,2424.610567,1.969497,4.239656,2.270159,1.727844,8.0,3.5,4.0,6.0,10.0,20.0,16.0,48.0,80.0,200.0,False,0.002,0.005,0.1,0.0,0.0,0.0,8000,4000,8,4,37.0,12,105.0,36.0,20.0,785.000000,8,3,1,True,False,5,physical,29,42,1.693709,0.0
spanke_benes_5x5,default,0-4-2-3-1,routed,5,5,0,0,15,4,4,I0-I1:2;I0-I2:4;I0-I4:2;I2-I3:2,4161.000000,6516.194641,2355.194641,1.969497,4.207656,2.238159,1.616078,8.0,3.5,4.0,6.0,10.0,20.0,16.0,48.0,80.0,200.0,False,0.002,0.005,0.1,0.0,0.0,0.0,8000,4000,8,4,37.0,12,105.0,36.0,20.0,785.000000,6,3,1,True,False,5,physical,30,42,1.903964,0.0
spanke_benes_5x5,default,2-0-4-1-3,routed,5,5,0,0,16,5,4,I0-I1:3;I0-I2:2;I0-I3:3;I0-I4:2;I1-I3:4,4161.000000,6592.194641,2431.194641,2.022463,4.602747,2.580283,1.686478,8.0,3.5,4.0,6.0,10.0,20.0,16.0,48.0,80.0,200.0,False,0.002,0.005,0.1,0.0,0.0,0.0,8000,4000,8,4,37.0,12,105.0,36.0,20.0,785.000000,8,3,1,True,False,5,physical,31,42,1.565510,0.0
spanke_benes_5x5,default,1-3-4-2-0,routed,5,5,0,0,14,3,4,I0-I1:4;I0-I3:2;I1-I2:2,4161.000000,6491.610567,2330.610567,1.969497,4.233072,2.263575,1.570244,8.0,3.5,4.0,6.0,10.0,20.0,16.0,48.0,80.0,200.0,False,0.002,0.005,0.1,0.0,0.0,0.0,8000,4000,8,4,37.0,12,105.0,36.0,20.0,785.000000,5,3,1,True,False,5,physical,32,42,1.717963,0.0
spanke_benes_5x5,default,2-0-3-1-4,routed,5,5,0,0,19,5,4,I0-I1:3;I0-I2:4;I0-I3:3;I1-I3:4;I2-I4:4,4161.000000,6690.340659,2529.340659,2.022463,4.602747,2.580283,1.844736,8.0,3.5,4.0,6.0,10.0,20.0,16.0,48.0,80.0,200.0,False,0.002,0.005,0.1,0.0,0.0,0.0,8000,4000,8,4,37.0,12,105.0,36.0,20.0,785.000000,10,3,1,True,False,5,physical,33,42,1.661376,0.0
spanke_benes_5x5,default,2-4-0-1-3,routed,5,5,0,0,15,4,4,I0-I1:2;I0-I3:3;I0-I4:2;I2-I3:4,4161.000000,6539.610567,2378.610567,1.969497,4.265072,2.295575,1.629444,8.0,3.5,4.0,6.0,10.0,20.0,16.0,48.0,80.0,200.0,False,0.002,0.005,0.1,0.0,0.0,0.0,8000,4000,8,4,37.0,12,105.0,36.0,20.0,785.000000,7,3,1,True,False,5,physical,34,42,1.430931,0.0
spanke_benes_5x5,default,1-3-2-4-0,routed,5,5,0,0,17,4,4,I0-I1:4;I0-I2:4;I1-I2:3;I1-I3:2,4161.000000,6593.318531,2432.318531,1.969497,4.529072,2.559575,1.732927,8.0,3.5,4.0,6.0,10.0,20.0,16.0,48.0,80.0,200.0,False,0.002,0.005,0.1,0.0,0.0,0.0,8000,4000,8,4,37.0,12,105.0,36.0,20.0,785.000000,7,3,1,True,False,5,physical,35,42,2.157963,0.0
spanke_benes_5x5,default,2-4-0-3-1,routed,5,5,0,0,14,4,3,I0-I1:2;I0-I2:3;I0-I3:2;I2-I4:2,4161.000000,6511.610567,2350.610567,1.903864,3.745533,1.841669,1.578244,8.0,3.5,4.0,6.0,10.0,20.0,16.0,48.0,80.0,200.0,False,0.002,0.005,0.1,0.0,0.0,0.0,8000,4000,8,4,37.0,12,105.0,36.0,20.0,785.000000,5,3,1,True,False,5,physical,36,42,1.550651,0.0
spanke_benes_5x5,default,1-2-4-0-3,routed,5,5,0,0,16,4,6,I0-I1:6;I0-I3:3;I1-I2:2;I1-I4:2,4161.000000,6568.048623,2407.048623,2.035131,4.862706,2.827575,1.677819,8.0,3.5,4.0,6.0,10.0,20.0,16.0,48.0,80.0,200.0,False,0.002,0.005,0.1,0.0,0.0,0.0,8000,4000,8,4,37.0,12,105.0,36.0,20.0,785.000000,8,3,1,True,False,5,physical,37,42,1.771690,0.0
spanke_benes_5x5,default,2-3-0-1-4,routed,5,5,0,0,18,4,4,I0-I1:4;I0-I3:3;I1-I4:4;I2-I3:4,4161.000000,6637.756586,2476.756586,1.969497,4.529072,2.559575,1.787703,8.0,3.5,4.0,6.0,10.0,20.0,16.0,48.0,80.0,200.0,False,0.002,0.005,0.1,0.0,0.0,0.0,8000,4000,8,4,37.0,12,105.0,36.0,20.0,785.000000,9,3,1,True,False,5,physical,38,42,1.642840,0.0
spanke_benes_5x5,default,1-3-2-0-4,routed,5,5,0,0,18,5,4,I0-I1:2;I0-I2:4;I0-I3:3;I1-I2:3;I1-I4:4,4161.000000,6609.902604,2448.902604,1.969497,4.529072,2.559575,1.775561,8.0,3.5,4.0,6.0,10.0,20.0,16.0,48.0,80.0,200.0,False,0.002,0.005,0.1,0.0,0.0,0.0,8000,4000,8,4,37.0,12,105.0,36.0,20.0,785.000000,9,3,1,True,False,5,physical,39,42,1.212061,0.0
spanke_benes_5x5,default,2-1-4-3-0,routed,5,5,0,0,14,3,5,I0-I1:5;I0-I2:2;I0-I3:2,4161.000000,6511.902604,2350.902604,2.022463,4.513331,2.490867,1.576361,8.0,3.5,4.0,6.0,10.0,20.0,16.0,48.0,80.0,200.0,False,0.002,0.005,0.1,0.0,0.0,0.0,8000,4000,8,4,37.0,12,105.0,36.0,20.0,785.000000,5,3,1,True,False,5,physical,40,42,1.747229,0.0
spanke_benes_5x5,default,2-1-0-4-3,routed,5,5,0,0,18,5,5,I0-I1:5;I0-I2:3;I0-I3:2;I0-I4:2;I1-I2:5,4161.000000,6649.464549,2488.464549,2.022463,4.882747,2.860283,1.794386,8.0,3.5,4.0,6.0,10.0,20.0,16.0,48.0,80.0,200.0,False,0.002,0.005,0.1,0.0,0.0,0.0,8000,4000,8,4,37.0,12,105.0,36.0,20.0,785.000000,8,3,1,True,False,5,physical,41,42,2.157538,0.0
spanke_benes_5x5,default,3-0-4-1-2,routed,5,5,0,0,15,4,4,I0-I1:3;I0-I2:2;I1-I3:4;I3-I4:2,4161.000000,6551.902604,2390.902604,1.969497,4.223656,2.254159,1.632361,8.0,3.5,4.0,6.0,10.0,20.0,16.0,48.0,80.0,200.0,False,0.002,0.005,0.1,0.0,0.0,0.0,8000,4000,8,4,37.0,12,105.0,36.0,20.0,785.000000,7,3,1,True,False,5,physical,42,42,1.706918,0.0
spanke_benes_5x5,default,0-4-3-1-2,routed,5,5,0,0,15,4,4,I0-I1:2;I0-I2:2;I0-I3:4;I3-I4:2,4161.000000,6519.902604,2358.902604,1.969497,4.265072,2.295575,1.619561,8.0,3.5,4.0,6.0,10.0,20.0,16.0,48.0,80.0,200.0,False,0.002,0.005,0.1,0.0,0.0,0.0,8000,4000,8,4,37.0,12,105.0,36.0,20.0,785.000000,7,3,1,True,False,5,physical,43,42,1.593072,0.0
spanke_benes_5x5,default,2-3-1-4-0,routed,5,5,0,0,14,3,4,I0-I1:4;I0-I2:3;I1-I3:2,4161.000000,6495.610567,2334.610567,1.969497,4.255656,2.286159,1.571844,8.0,3.5,4.0,6.0,10.0,20.0,16.0,48.0,80.0,200.0,False,0.002,0.005,0.1,0.0,0.0,0.0,8000,4000,8,4,37.0,12,105.0,36.0,20.0,785.000000,5,3,1,True,False,5,physical,44,42,1.487594,0.0
spanke_benes_5x5,default,2-3-4-1-0,routed,5,5,0,0,13,2,4,I0-I1:4;I1-I2:2,4161.000000,6475.026494,2314.026494,1.969497,4.191656,2.222159,1.527611,8.0,3.5,4.0,6.0,10.0,20.0,16.0,48.0,80.0,200.0,False,0.002,0.005,0.1,0.0,0.0,0.0,8000,4000,8,4,37.0,12,105.0,36.0,20.0,785.000000,4,3,1,True,False,5,physical,45,42,1.427407,0.0
spanke_benes_5x5,default,0-4-3-2-1,routed,5,5,0,0,14,4,2,I0-I1:2;I0-I2:2;I0-I3:2;I0-I4:2,4161.000000,6471.610567,2310.610567,1.903864,3.633315,1.729451,1.562244,8.0,3.5,4.0,6.0,10.0,20.0,16.0,48.0,80.0,200.0,False,0.002,0.005,0.1,0.0,0.0,0.0,8000,4000,8,4,37.0,12,105.0,36.0,20.0,785.000000,5,3,1,True,False,5,physical,46,42,1.596649,0.0
spanke_benes_5x5,default,1-3-4-0-2,routed,5,5,0,0,15,4,4,I0-I1:4;I0-I3:3;I0-I4:2;I1-I2:2,4161.000000,6535.756586,2374.756586,1.969497,4.191656,2.222159,1.626903,8.0,3.5,4.0,6.0,10.0,20.0,16.0,48.0,80.0,200.0,False,0.002,0.005,0.1,0.0,0.0,0.0,8000,4000,8,4,37.0,12,105.0,36.0,20.0,785.000000,7,3,1,True,False,5,physical,47,42,2.042251,0.0
spanke_benes_5x5,default,4-0-2-3-1,routed,5,5,0,0,14,3,4,I1-I2:4;I1-I4:2;I2-I3:2,4161.000000,6565.318531,2404.318531,1.969497,4.207656,2.238159,1.601727,8.0,3.5,4.0,6.0,10.0,20.0,16.0,48.0,80.0,200.0,False,0.002,0.005,0.1,0.0,0.0,0.0,8000,4000,8,4,37.0,12,105.0,36.0,20.0,785.000000,6,3,1,True,False,5,physical,48,42,1.280196,0.0
spanke_benes_5x5,default,4-2-3-0-1,routed,5,5,0,0,12,2,2,I1-I2:2;I3-I4:2,4161.000000,6430.734457,2269.734457,1.903864,3.584607,1.680743,1.471894,8.0,3.5,4.0,6.0,10.0,20.0,16.0,48.0,80.0,200.0,False,0.002,0.005,0.1,0.0,0.0,0.0,8000,4000,8,4,37.0,12,105.0,36.0,20.0,785.000000,3,3,1,True,False,5,physical,49,42,0.684348,0.0
spanke_benes_5x5,default,1-0-2-3-4,routed,5,5,0,0,21,4,7,I0-I1:7;I0-I2:6;I2-I3:4;I3-I4:4,4161.000000,6770.924733,2609.924733,2.088097,5.160380,3.072283,1.952970,8.0,3.5,4.0,6.0,10.0,20.0,16.0,48.0,80.0,200.0,False,0.002,0.005,0.1,0.0,0.0,0.0,8000,4000,8,4,37.0,12,105.0,36.0,20.0,785.000000,12,3,1,True,False,5,physical,50,42,2.220962,0.0
spanke_benes_5x5,default,0-2-1-3-4,routed,5,5,0,0,21,5,6,I0-I1:2;I0-I2:6;I1-I2:5;I1-I3:4;I3-I4:4,4161.000000,6723.216769,2562.216769,2.035131,4.926706,2.891575,1.931887,8.0,3.5,4.0,6.0,10.0,20.0,16.0,48.0,80.0,200.0,False,0.002,0.005,0.1,0.0,0.0,0.0,8000,4000,8,4,37.0,12,105.0,36.0,20.0,785.000000,12,3,1,True,False,5,physical,51,42,2.258690,0.0
spanke_benes_5x5,default,2-1-3-0-4,routed,5,5,0,0,18,4,5,I0-I1:5;I0-I2:4;I1-I3:3;I2-I4:4,4161.000000,6641.902604,2480.902604,2.022463,4.545331,2.522867,1.788361,8.0,3.5,4.0,6.0,10.0,20.0,16.0,48.0,80.0,200.0,False,0.002,0.005,0.1,0.0,0.0,0.0,8000,4000,8,4,37.0,12,105.0,36.0,20.0,785.000000,9,3,1,True,False,5,physical,52,42,1.714518,0.0
spanke_benes_5x5,default,3-4-0-1-2,routed,5,5,0,0,14,3,4,I0-I1:2;I2-I3:4;I3-I4:2,4161.000000,6507.318531,2346.318531,1.969497,4.223656,2.254159,1.578527,8.0,3.5,4.0,6.0,10.0,20.0,16.0,48.0,80.0,200.0,False,0.002,0.005,0.1,0.0,0.0,0.0,8000,4000,8,4,37.0,12,105.0,36.0,20.0,785.000000,6,3,1,True,False,5,physical,53,42,1.272195,0.0
spanke_benes_5x5,default,0-4-1-2-3,routed,5,5,0,0,17,4,6,I0-I1:2;I0-I2:6;I2-I3:4;I3-I4:2,4161.000000,6612.486678,2451.486678,2.035131,4.854706,2.819575,1.732595,8.0,3.5,4.0,6.0,10.0,20.0,16.0,48.0,80.0,200.0,False,0.002,0.005,0.1,0.0,0.0,0.0,8000,4000,8,4,37.0,12,105.0,36.0,20.0,785.000000,9,3,1,True,False,5,physical,54,42,2.186458,0.0
spanke_benes_5x5,default,2-0-1-4-3,routed,5,5,0,0,17,4,6,I0-I2:5;I0-I3:2;I0-I4:2;I1-I2:6,4161.000000,6616.486678,2455.486678,2.035131,4.854706,2.819575,1.734195,8.0,3.5,4.0,6.0,10.0,20.0,16.0,48.0,80.0,200.0,False,0.002,0.005,0.1,0.0,0.0,0.0,8000,4000,8,4,37.0,12,105.0,36.0,20.0,785.000000,9,3,1,True,False,5,physical,55,42,2.009528,0.0
spanke_benes_5x5,default,4-3-2-0-1,routed,5,5,0,0,11,1,2,I3-I4:2,4161.000000,6418.150384,2257.150384,1.903864,3.584607,1.680743,1.430860,8.0,3.5,4.0,6.0,10.0,20.0,16.0,48.0,80.0,200.0,False,0.002,0.005,0.1,0.0,0.0,0.0,8000,4000,8,4,37.0,12,105.0,36.0,20.0,785.000000,2,3,1,True,False,5,physical,56,42,0.508284,0.0
spanke_benes_5x5,default,1-4-0-2-3,routed,5,5,0,0,16,4,5,I0-I1:2;I0-I2:5;I0-I3:4;I3-I4:2,4161.000000,6649.464549,2488.464549,1.915131,4.303166,2.388035,1.714386,8.0,3.5,4.0,6.0,10.0,20.0,16.0,48.0,80.0,200.0,False,0.002,0.005,0.1,0.0,0.0,0.0,8000,4000,8,4,37.0,12,105.0,36.0,20.0,785.000000,9,3,1,True,False,5,physical,57,42,1.966552,0.0
spanke_benes_5x5,default,0-1-3-2-4,routed,5,5,0,0,23,6,8,I0-I1:8;I0-I3:2;I1-I2:2;I1-I3:4;I2-I3:3;I2-I4:4,4161.000000,6852.632696,2691.632696,2.100764,5.477755,3.376991,2.067653,8.0,3.5,4.0,6.0,10.0,20.0,16.0,48.0,80.0,200.0,False,0.002,0.005,0.1,0.0,0.0,0.0,8000,4000,8,4,37.0,12,105.0,36.0,20.0,785.000000,12,3,1,True,False,5,physical,58,42,2.467865,0.0
spanke_benes_5x5,default,4-1-0-3-2,routed,5,5,0,0,14,3,5,I1-I2:5;I1-I3:2;I1-I4:2,4161.000000,6577.172512,2416.172512,1.966463,4.420623,2.454159,1.607469,8.0,3.5,4.0,6.0,10.0,20.0,16.0,48.0,80.0,200.0,False,0.002,0.005,0.1,0.0,0.0,0.0,8000,4000,8,4,37.0,12,105.0,36.0,20.0,785.000000,7,3,1,True,False,5,physical,59,42,1.694296,0.0
spanke_benes_5x5,default,3-0-1-2-4,routed,5,5,0,0,19,4,6,I0-I3:3;I0-I4:4;I1-I2:6;I2-I3:4,4161.000000,6670.632696,2509.632696,2.035131,4.854706,2.819575,1.834853,8.0,3.5,4.0,6.0,10.0,20.0,16.0,48.0,80.0,200.0,False,0.002,0.005,0.1,0.0,0.0,0.0,8000,4000,8,4,37.0,12,105.0,36.0,20.0,785.000000,10,3,1,True,False,5,physical,60,42,1.975964,0.0
spanke_benes_5x5,default,3-0-1-4-2,routed,5,5,0,0,18,5,6,I0-I2:3;I0-I3:2;I1-I2:6;I1-I4:2;I2-I4:2,4161.000000,6669.902604,2508.902604,2.035131,4.854706,2.819575,1.799561,8.0,3.5,4.0,6.0,10.0,20.0,16.0,48.0,80.0,200.0,False,0.002,0.005,0.1,0.0,0.0,0.0,8000,4000,8,4,37.0,12,105.0,36.0,20.0,785.000000,8,3,1,True,False,5,physical,61,42,2.090535,0.0
spanke_benes_5x5,default,1-3-0-2-4,routed,5,5,0,0,19,5,5,I0-I1:2;I0-I2:5;I0-I3:4;I1-I3:3;I1-I4:4,4161.000000,6731.902604,2570.902604,1.969497,4.529072,2.559575,1.864361,8.0,3.5,4.0,6.0,10.0,20.0,16.0,48.0,80.0,200.0,False,0.002,0.005,0.1,0.0,0.0,0.0,8000,4000,8,4,37.0,12,105.0,36.0,20.0,785.000000,11,3,1,True,False,5,physical,62,42,2.171537,0.0
spanke_benes_5x5,default,1-4-3-0-2,routed,5,5,0,0,14,4,3,I0-I1:2;I0-I2:2;I0-I3:3;I0-I4:2,4161.000000,6479.464549,2318.464549,1.903864,3.609315,1.705451,1.566386,8.0,3.5,4.0,6.0,10.0,20.0,16.0,48.0,80.0,200.0,False,0.002,0.005,0.1,0.0,0.0,0.0,8000,4000,8,4,37.0,12,105.0,36.0,20.0,785.000000,6,3,1,True,False,5,physical,63,42,1.485692,0.0
spanke_benes_5x5,default,1-3-0-4-2,routed,5,5,0,0,16,4,5,I0-I1:4;I0-I2:5;I0-I4:2;I1-I3:2,4161.000000,6629.756586,2468.756586,1.969497,4.303166,2.333669,1.704503,8.0,3.5,4.0,6.0,10.0,20.0,16.0,48.0,80.0,200.0,False,0.002,0.005,0.1,0.0,0.0,0.0,8000,4000,8,4,37.0,12,105.0,36.0,20.0,785.000000,9,3,1,True,False,5,physical,64,42,2.336635,0.0
spanke_benes_5x5,default,0-2-4-1-3,routed,5,5,0,0,17,5,4,I0-I1:4;I0-I3:4;I1-I2:2;I1-I3:3;I1-I4:2,4161.000000,6608.486678,2447.486678,2.035131,4.862706,2.827575,1.730995,8.0,3.5,4.0,6.0,10.0,20.0,16.0,48.0,80.0,200.0,False,0.002,0.005,0.1,0.0,0.0,0.0,8000,4000,8,4,37.0,12,105.0,36.0,20.0,785.000000,9,3,1,True,False,5,physical,65,42,1.720586,0.0
spanke_benes_5x5,default,3-0-2-1-4,routed,5,5,0,0,18,5,4,I0-I2:3;I0-I4:4;I1-I2:2;I1-I3:4;I2-I3:3,4161.000000,6626.048623,2465.048623,1.969497,4.265072,2.295575,1.781019,8.0,3.5,4.0,6.0,10.0,20.0,16.0,48.0,80.0,200.0,False,0.002,0.005,0.1,0.0,0.0,0.0,8000,4000,8,4,37.0,12,105.0,36.0,20.0,785.000000,9,3,1,True,False,5,physical,66,42,1.451037,0.0
spanke_benes_5x5,default,0-3-2-4-1,routed,5,5,0,0,16,5,4,I0-I1:2;I0-I2:4;I0-I4:2;I1-I2:3;I1-I3:2,4161.000000,6544.486678,2383.486678,1.969497,4.255656,2.286159,1.665395,8.0,3.5,4.0,6.0,10.0,20.0,16.0,48.0,80.0,200.0,False,0.002,0.005,0.1,0.0,0.0,0.0,8000,4000,8,4,37.0,12,105.0,36.0,20.0,785.000000,7,3,1,True,False,5,physical,67,42,1.827320,0.0
spanke_benes_5x5,default,2-1-4-0-3,routed,5,5,0,0,15,4,5,I0-I1:5;I0-I2:2;I0-I4:2;I1-I3:3,4161.000000,6543.756586,2382.756586,2.022463,4.545331,2.522867,1.630103,8.0,3.5,4.0,6.0,10.0,20.0,16.0,48.0,80.0,200.0,False,0.002,0.005,0.1,0.0,0.0,0.0,8000,4000,8,4,37.0,12,105.0,36.0,20.0,785.000000,7,3,1,True,False,5,physical,68,42,1.671264,0.0
spanke_benes_5x5,default,0-1-4-3-2,routed,5,5,0,0,19,5,8,I0-I1:8;I0-I4:2;I1-I2:2;I1-I3:2;I1-I4:2,4161.000000,6722.194641,2561.194641,2.100764,5.477755,3.376991,1.858478,8.0,3.5,4.0,6.0,10.0,20.0,16.0,48.0,80.0,200.0,False,0.002,0.005,0.1,0.0,0.0,0.0,8000,4000,8,4,37.0,12,105.0,36.0,20.0,785.000000,9,3,1,True,False,5,physical,69,42,2.582227,0.0
spanke_benes_5x5,default,1-2-3-4-0,routed,5,5,0,0,16,3,6,I0-I1:6;I1-I2:4;I2-I3:2,4161.000000,6580.194641,2419.194641,2.035131,4.830706,2.795575,1.681678,8.0,3.5,4.0,6.0,10.0,20.0,16.0,48.0,80.0,200.0,False,0.002,0.005,0.1,0.0,0.0,0.0,8000,4000,8,4,37.0,12,105.0,36.0,20.0,785.000000,7,3,1,True,False,5,physical,70,42,2.287388,0.0
spanke_benes_5x5,default,1-4-2-0-3,routed,5,5,0,0,15,4,4,I0-I1:2;I0-I2:4;I0-I3:3;I2-I4:2,4161.000000,6511.756586,2350.756586,1.969497,4.239656,2.270159,1.617303,8.0,3.5,4.0,6.0,10.0,20.0,16.0,48.0,80.0,200.0,False,0.002,0.005,0.1,0.0,0.0,0.0,8000,4000,8,4,37.0,12,105.0,36.0,20.0,785.000000,7,3,1,True,False,5,physical,71,42,1.046039,0.0
spanke_benes_5x5,default,1-4-2-3-0,routed,5,5,0,0,14,3,4,I0-I1:2;I0-I2:4;I2-I3:2,4161.000000,6553.318531,2392.318531,1.969497,4.207656,2.238159,1.596927,8.0,3.5,4.0,6.0,10.0,20.0,16.0,48.0,80.0,200.0,False,0.002,0.005,0.1,0.0,0.0,0.0,8000,4000,8,4,37.0,12,105.0,36.0,20.0,785.000000,6,3,1,True,False,5,physical,72,42,1.867336,0.0
spanke_benes_5x5,default,0-3-1-2-4,routed,5,5,0,0,20,5,6,I0-I1:2;I0-I2:6;I1-I3:3;I1-I4:4;I2-I3:4,4161.000000,6694.924733,2533.924733,2.035131,4.854706,2.819575,1.882570,8.0,3.5,4.0,6.0,10.0,20.0,16.0,48.0,80.0,200.0,False,0.002,0.005,0.1,0.0,0.0,0.0,8000,4000,8,4,37.0,12,105.0,36.0,20.0,785.000000,11,3,1,True,False,5,physical,73,42,2.290994,0.0
spanke_benes_5x5,default,2-0-1-3-4,routed,5,5,0,0,20,4,6,I0-I2:5;I0-I3:4;I1-I2:6;I3-I4:4,4161.000000,6698.924733,2537.924733,2.035131,4.854706,2.819575,1.884170,8.0,3.5,4.0,6.0,10.0,20.0,16.0,48.0,80.0,200.0,False,0.002,0.005,0.1,0.0,0.0,0.0,8000,4000,8,4,37.0,12,105.0,36.0,20.0,785.000000,11,3,1,True,False,5,physical,74,42,1.893203,0.0
spanke_benes_5x5,default,4-0-3-2-1,routed,5,5,0,0,13,3,2,I1-I2:2;I1-I3:2;I1-I4:2,4161.000000,6447.318531,2286.318531,1.903864,3.618023,1.714159,1.514527,8.0,3.5,4.0,6.0,10.0,20.0,16.0,48.0,80.0,200.0,False,0.002,0.005,0.1,0.0,0.0,0.0,8000,4000,8,4,37.0,12,105.0,36.0,20.0,785.000000,4,3,1,True,False,5,physical,75,42,0.868333,0.0
spanke_benes_5x5,default,4-2-1-0-3,routed,5,5,0,0,13,3,3,I1-I2:3;I1-I4:2;I2-I3:3,4161.000000,6474.880476,2313.880476,1.900830,3.837573,1.936743,1.528552,8.0,3.5,4.0,6.0,10.0,20.0,16.0,48.0,80.0,200.0,False,0.002,0.005,0.1,0.0,0.0,0.0,8000,4000,8,4,37.0,12,105.0,36.0,20.0,785.000000,5,3,1,True,False,5,physical,76,42,0.715324,0.0
spanke_benes_5x5,default,4-3-2-1-0,routed,5,5,0,0,10,0,1,,4161.000000,6381.858347,2220.858347,1.891197,3.312648,1.421451,1.378343,8.0,3.5,4.0,6.0,10.0,20.0,16.0,48.0,80.0,200.0,False,0.002,0.005,0.1,0.0,0.0,0.0,8000,4000,8,4,37.0,12,105.0,36.0,20.0,785.000000,1,3,1,True,False,5,physical,77,42,0.837023,0.0
spanke_benes_5x5,default,4-0-3-1-2,routed,5,5,0,0,14,3,4,I1-I2:2;I1-I3:4;I3-I4:2,4161.000000,6495.610567,2334.610567,1.969497,4.265072,2.295575,1.571844,8.0,3.5,4.0,6.0,10.0,20.0,16.0,48.0,80.0,200.0,False,0.002,0.005,0.1,0.0,0.0,0.0,8000,4000,8,4,37.0,12,105.0,36.0,20.0,785.000000,6,3,1,True,False,5,physical,78,42,1.323889,0.0
spanke_benes_5x5,default,0-4-1-3-2,routed,5,5,0,0,18,5,6,I0-I1:2;I0-I2:6;I0-I4:2;I2-I3:2;I2-I4:2,4161.000000,6665.902604,2504.902604,2.035131,4.854706,2.819575,1.797961,8.0,3.5,4.0,6.0,10.0,20.0,16.0,48.0,80.0,200.0,False,0.002,0.005,0.1,0.0,0.0,0.0,8000,4000,8,4,37.0,12,105.0,36.0,20.0,785.000000,8,3,1,True,False,5,physical,79,42,2.103613,0.0
spanke_benes_5x5,default,3-2-0-4-1,routed,5,5,0,0,14,4,3,I0-I1:3;I0-I3:2;I1-I2:3;I2-I4:2,4161.000000,6507.610567,2346.610567,1.956830,3.938281,1.981451,1.576644,8.0,3.5,4.0,6.0,10.0,20.0,16.0,48.0,80.0,200.0,False,0.002,0.005,0.1,0.0,0.0,0.0,8000,4000,8,4,37.0,12,105.0,36.0,20.0,785.000000,5,3,1,True,False,5,physical,80,42,1.095836,0.0
spanke_benes_5x5,default,1-4-0-3-2,routed,5,5,0,0,15,4,5,I0-I1:2;I0-I2:5;I0-I3:2;I0-I4:2,4161.000000,6601.464549,2440.464549,1.915131,4.303166,2.388035,1.655186,8.0,3.5,4.0,6.0,10.0,20.0,16.0,48.0,80.0,200.0,False,0.002,0.005,0.1,0.0,0.0,0.0,8000,4000,8,4,37.0,12,105.0,36.0,20.0,785.000000,8,3,1,True,False,5,physical,81,42,1.990550,0.0
spanke_benes_5x5,default,4-1-2-0-3,routed,5,5,0,0,14,3,4,I1-I2:4;I1-I3:3;I2-I4:2,4161.000000,6487.464549,2326.464549,1.969497,4.239656,2.270159,1.569586,8.0,3.5,4.0,6.0,10.0,20.0,16.0,48.0,80.0,200.0,False,0.002,0.005,0.1,0.0,0.0,0.0,8000,4000,8,4,37.0,12,105.0,36.0,20.0,785.000000,6,3,1,True,False,5,physical,82,42,1.481601,0.0
spanke_benes_5x5,default,0-4-2-1-3,routed,5,5,0,0,16,5,4,I0-I1:2;I0-I2:2;I0-I3:4;I2-I3:3;I2-I4:2,4161.000000,6552.194641,2391.194641,1.969497,4.265072,2.295575,1.670478,8.0,3.5,4.0,6.0,10.0,20.0,16.0,48.0,80.0,200.0,False,0.002,0.005,0.1,0.0,0.0,0.0,8000,4000,8,4,37.0,12,105.0,36.0,20.0,785.000000,8,3,1,True,False,5,physical,83,42,1.700972,0.0
spanke_benes_5x5,default,0-1-2-3-4,routed,5,5,0,0,22,4,8,I0-I1:8;I1-I2:6;I2-I3:4;I3-I4:4,4161.000000,6795.216769,2634.216769,2.100764,5.477755,3.376991,2.000687,8.0,3.5,4.0,6.0,10.0,20.0,16.0,48.0,80.0,200.0,False,0.002,0.005,0.1,0.0,0.0,0.0,8000,4000,8,4,37.0,12,105.0,36.0,20.0,785.000000,13,3,1,True,False,5,physical,84,42,2.779791,0.0
spanke_benes_5x5,default,4-3-0-2-1,routed,5,5,0,0,12,2,2,I2-I3:2;I2-I4:2,4161.000000,6434.734457,2273.734457,1.903864,3.584607,1.680743,1.473494,8.0,3.5,4.0,6.0,10.0,20.0,16.0,48.0,80.0,200.0,False,0.002,0.005,0.1,0.0,0.0,0.0,8000,4000,8,4,37.0,12,105.0,36.0,20.0,785.000000,3,3,1,True,False,5,physical,85,42,0.554047,0.0
spanke_benes_5x5,default,4-1-2-3-0,routed,5,5,0,0,13,2,4,I1-I2:4;I2-I3:2,4161.000000,6455.610567,2294.610567,1.969497,4.207656,2.238159,1.515844,8.0,3.5,4.0,6.0,10.0,20.0,16.0,48.0,80.0,200.0,False,0.002,0.005,0.1,0.0,0.0,0.0,8000,4000,8,4,37.0,12,105.0,36.0,20.0,785.000000,4,3,1,True,False,5,physical,86,42,1.479335,0.0
spanke_benes_5x5,default,2-1-3-4-0,routed,5,5,0,0,15,3,5,I0-I1:5;I0-I2:4;I2-I3:2,4161.000000,6555.902604,2394.902604,2.022463,4.513331,2.490867,1.633961,8.0,3.5,4.0,6.0,10.0,20.0,16.0,48.0,80.0,200.0,False,0.002,0.005,0.1,0.0,0.0,0.0,8000,4000,8,4,37.0,12,105.0,36.0,20.0,785.000000,6,3,1,True,False,5,physical,87,42,1.929321,0.0
spanke_benes_5x5,default,4-2-3-1-0,routed,5,5,0,0,11,1,2,I1-I2:2,4161.000000,6394.442421,2233.442421,1.903864,3.568607,1.664743,1.419377,8.0,3.5,4.0,6.0,10.0,20.0,16.0,48.0,80.0,200.0,False,0.002,0.005,0.1,0.0,0.0,0.0,8000,4000,8,4,37.0,12,105.0,36.0,20.0,785.000000,2,3,1,True,False,5,physical,88,42,0.984786,0.0
spanke_benes_5x5,default,2-0-4-3-1,routed,5,5,0,0,15,4,5,I0-I1:5;I0-I2:2;I0-I3:2;I1-I4:2,4161.000000,6548.194641,2387.194641,2.022463,4.513331,2.490867,1.628878,8.0,3.5,4.0,6.0,10.0,20.0,16.0,48.0,80.0,200.0,False,0.002,0.005,0.1,0.0,0.0,0.0,8000,4000,8,4,37.0,12,105.0,36.0,20.0,785.000000,6,3,1,True,False,5,physical,89,42,1.884587,0.0
spanke_benes_5x5,default,4-1-3-2-0,routed,5,5,0,0,12,2,2,I1-I2:2;I1-I3:2,4161.000000,6411.026494,2250.026494,1.903864,3.618023,1.714159,1.462011,8.0,3.5,4.0,6.0,10.0,20.0,16.0,48.0,80.0,200.0,False,0.002,0.005,0.1,0.0,0.0,0.0,8000,4000,8,4,37.0,12,105.0,36.0,20.0,785.000000,3,3,1,True,False,5,physical,90,42,1.206635,0.0
spanke_benes_5x5,default,3-2-4-1-0,routed,5,5,0,0,12,2,3,I0-I1:3;I0-I2:2,4161.000000,6450.734457,2289.734457,1.956830,3.915697,1.958867,1.479894,8.0,3.5,4.0,6.0,10.0,20.0,16.0,48.0,80.0,200.0,False,0.002,0.005,0.1,0.0,0.0,0.0,8000,4000,8,4,37.0,12,105.0,36.0,20.0,785.000000,3,3,1,True,False,5,physical,91,42,1.206528,0.0
spanke_benes_5x5,default,3-1-4-2-0,routed,5,5,0,0,13,3,3,I0-I1:3;I0-I2:2;I1-I3:2,4161.000000,6467.318531,2306.318531,1.956830,3.915697,1.958867,1.522527,8.0,3.5,4.0,6.0,10.0,20.0,16.0,48.0,80.0,200.0,False,0.002,0.005,0.1,0.0,0.0,0.0,8000,4000,8,4,37.0,12,105.0,36.0,20.0,785.000000,4,3,1,True,False,5,physical,92,42,1.377740,0.0
spanke_benes_5x5,default,3-4-0-2-1,routed,5,5,0,0,13,3,2,I0-I1:2;I2-I3:2;I2-I4:2,4161.000000,6459.026494,2298.026494,1.903864,3.633315,1.729451,1.521211,8.0,3.5,4.0,6.0,10.0,20.0,16.0,48.0,80.0,200.0,False,0.002,0.005,0.1,0.0,0.0,0.0,8000,4000,8,4,37.0,12,105.0,36.0,20.0,785.000000,4,3,1,True,False,5,physical,93,42,1.276188,0.0
spanke_benes_5x5,default,1-0-2-4-3,routed,5,5,0,0,18,4,7,I0-I1:7;I0-I2:6;I2-I3:2;I2-I4:2,4161.000000,6657.070751,2496.070751,2.088097,5.160380,3.072283,1.786428,8.0,3.5,4.0,6.0,10.0,20.0,16.0,48.0,80.0,200.0,False,0.002,0.005,0.1,0.0,0.0,0.0,8000,4000,8,4,37.0,12,105.0,36.0,20.0,785.000000,10,3,1,True,False,5,physical,94,42,2.315335,0.0
spanke_benes_5x5,default,2-4-3-1-0,routed,5,5,0,0,12,2,2,I0-I1:2;I0-I2:2,4161.000000,6418.734457,2257.734457,1.903864,3.568607,1.664743,1.467094,8.0,3.5,4.0,6.0,10.0,20.0,16.0,48.0,80.0,200.0,False,0.002,0.005,0.1,0.0,0.0,0.0,8000,4000,8,4,37.0,12,105.0,36.0,20.0,785.000000,3,3,1,True,False,5,physical,95,42,1.140576,0.0
spanke_benes_5x5,default,4-1-0-2-3,routed,5,5,0,0,15,3,5,I1-I2:5;I1-I3:4;I3-I4:2,4161.000000,6625.172512,2464.172512,1.966463,4.420623,2.454159,1.666669,8.0,3.5,4.0,6.0,10.0,20.0,16.0,48.0,80.0,200.0,False,0.002,0.005,0.1,0.0,0.0,0.0,8000,4000,8,4,37.0,12,105.0,36.0,20.0,785.000000,8,3,1,True,False,5,physical,96,42,1.994520,0.0
spanke_benes_5x5,default,3-0-4-2-1,routed,5,5,0,0,14,4,3,I0-I1:3;I0-I2:2;I1-I3:2;I1-I4:2,4161.000000,6503.610567,2342.610567,1.956830,3.915697,1.958867,1.575044,8.0,3.5,4.0,6.0,10.0,20.0,16.0,48.0,80.0,200.0,False,0.002,0.005,0.1,0.0,0.0,0.0,8000,4000,8,4,37.0,12,105.0,36.0,20.0,785.000000,5,3,1,True,False,5,physical,97,42,1.378169,0.0
spanke_benes_5x5,default,2-3-4-0-1,routed,5,5,0,0,14,3,4,I0-I1:4;I1-I2:2;I3-I4:2,4161.000000,6511.318531,2350.318531,1.969497,4.191656,2.222159,1.580127,8.0,3.5,4.0,6.0,10.0,20.0,16.0,48.0,80.0,200.0,False,0.002,0.005,0.1,0.0,0.0,0.0,8000,4000,8,4,37.0,12,105.0,36.0,20.0,785.000000,5,3,1,True,False,5,physical,98,42,1.584375,0.0
spanke_benes_5x5,default,1-0-4-3-2,routed,5,5,0,0,18,5,7,I0-I1:7;I0-I2:2;I0-I3:2;I0-I4:2;I1-I4:2,4161.000000,6697.902604,2536.902604,2.088097,5.160380,3.072283,1.810761,8.0,3.5,4.0,6.0,10.0,20.0,16.0,48.0,80.0,200.0,False,0.002,0.005,0.1,0.0,0.0,0.0,8000,4000,8,4,37.0,12,105.0,36.0,20.0,785.000000,8,3,1,True,False,5,physical,99,42,2.565105,0.0
spanke_benes_5x5,default,1-0-3-4-2,routed,5,5,0,0,19,5,7,I0-I1:7;I0-I2:4;I0-I4:2;I1-I4:2;I2-I3:2,4161.000000,6741.902604,2580.902604,2.088097,5.160380,3.072283,1.868361,8.0,3.5,4.0,6.0,10.0,20.0,16.0,48.0,80.0,200.0,False,0.002,0.005,0.1,0.0,0.0,0.0,8000,4000,8,4,37.0,12,105.0,36.0,20.0,785.000000,9,3,1,True,False,5,physical,100,42,2.836357,0.0
spanke_benes_5x5,default,4-1-3-0-2,routed,5,5,0,0,13,3,3,I1-I2:2;I1-I3:3;I1-I4:2,4161.000000,6455.172512,2294.172512,1.903864,3.587409,1.683545,1.518669,8.0,3.5,4.0,6.0,10.0,20.0,16.0,48.0,80.0,200.0,False,0.002,0.005,0.1,0.0,0.0,0.0,8000,4000,8,4,37.0,12,105.0,36.0,20.0,785.000000,5,3,1,True,False,5,physical,101,42,1.288620,0.0
spanke_benes_5x5,default,4-3-1-2-0,routed,5,5,0,0,11,1,2,I2-I3:2,4161.000000,6398.442421,2237.442421,1.903864,3.576607,1.672743,1.420977,8.0,3.5,4.0,6.0,10.0,20.0,16.0,48.0,80.0,200.0,False,0.002,0.005,0.1,0.0,0.0,0.0,8000,4000,8,4,37.0,12,105.0,36.0,20.0,785.000000,2,3,1,True,False,5,physical,102,42,1.014702,0.0
spanke_benes_5x5,default,0-1-4-2-3,routed,5,5,0,0,20,5,8,I0-I1:8;I0-I3:2;I1-I2:2;I1-I3:4;I3-I4:2,4161.000000,6770.194641,2609.194641,2.100764,5.477755,3.376991,1.917678,8.0,3.5,4.0,6.0,10.0,20.0,16.0,48.0,80.0,200.0,False,0.002,0.005,0.1,0.0,0.0,0.0,8000,4000,8,4,37.0,12,105.0,36.0,20.0,785.000000,10,3,1,True,False,5,physical,103,42,2.414047,0.0
spanke_benes_5x5,default,2-1-0-3-4,routed,5,5,0,0,21,5,5,I0-I1:5;I0-I2:3;I0-I3:4;I1-I2:5;I3-I4:4,4161.000000,6731.902604,2570.902604,2.022463,4.841331,2.818867,1.944361,8.0,3.5,4.0,6.0,10.0,20.0,16.0,48.0,80.0,200.0,False,0.002,0.005,0.1,0.0,0.0,0.0,8000,4000,8,4,37.0,12,105.0,36.0,20.0,785.000000,10,3,1,True,False,5,physical,104,42,2.037822,0.0
spanke_benes_5x5,default,3-0-2-4-1,routed,5,5,0,0,17,5,4,I0-I1:3;I0-I2:3;I0-I3:2;I1-I2:4;I1-I4:2,4161.000000,6605.318531,2444.318531,1.969497,4.211697,2.242200,1.737727,8.0,3.5,4.0,6.0,10.0,20.0,16.0,48.0,80.0,200.0,False,0.002,0.005,0.1,0.0,0.0,0.0,8000,4000,8,4,37.0,12,105.0,36.0,20.0,785.000000,7,3,1,True,False,5,physical,105,42,1.974549,0.0
spanke_benes_5x5,default,0-2-4-3-1,routed,5,5,0,0,16,4,6,I0-I1:6;I0-I4:2;I1-I2:2;I1-I3:2,4161.000000,6572.486678,2411.486678,2.035131,4.830706,2.795575,1.676595,8.0,3.5,4.0,6.0,10.0,20.0,16.0,48.0,80.0,200.0,False,0.002,0.005,0.1,0.0,0.0,0.0,8000,4000,8,4,37.0,12,105.0,36.0,20.0,785.000000,7,3,1,True,False,5,physical,106,42,2.047098,0.0
spanke_benes_5x5,default,2-4-1-3-0,routed,5,5,0,0,13,3,3,I0-I1:2;I0-I2:3;I0-I3:2,4161.000000,6475.318531,2314.318531,1.903864,3.745533,1.841669,1.525727,8.0,3.5,4.0,6.0,10.0,20.0,16.0,48.0,80.0,200.0,False,0.002,0.005,0.1,0.0,0.0,0.0,8000,4000,8,4,37.0,12,105.0,36.0,20.0,785.000000,4,3,1,True,False,5,physical,107,42,1.377402,0.0
spanke_benes_5x5,default,4-2-1-3-0,routed,5,5,0,0,12,2,3,I1-I2:3;I1-I3:2,4161.000000,6451.026494,2290.026494,1.900830,3.862989,1.962159,1.478011,8.0,3.5,4.0,6.0,10.0,20.0,16.0,48.0,80.0,200.0,False,0.002,0.005,0.1,0.0,0.0,0.0,8000,4000,8,4,37.0,12,105.0,36.0,20.0,785.000000,3,3,1,True,False,5,physical,108,42,1.127961,0.0
spanke_benes_5x5,default,3-2-1-0-4,routed,5,5,0,0,16,4,4,I0-I1:3;I0-I4:4;I1-I2:3;I2-I3:3,4161.000000,6573.026494,2412.026494,1.956830,4.211697,2.254867,1.686811,8.0,3.5,4.0,6.0,10.0,20.0,16.0,48.0,80.0,200.0,False,0.002,0.005,0.1,0.0,0.0,0.0,8000,4000,8,4,37.0,12,105.0,36.0,20.0,785.000000,7,3,1,True,False,5,physical,109,42,0.981824,0.0
spanke_benes_5x5,default,0-3-1-4-2,routed,5,5,0,0,19,6,6,I0-I1:2;I0-I2:6;I0-I4:2;I1-I2:3;I1-I3:2;I2-I4:2,4161.000000,6694.194641,2533.194641,2.035131,4.854706,2.819575,1.847278,8.0,3.5,4.0,6.0,10.0,20.0,16.0,48.0,80.0,200.0,False,0.002,0.005,0.1,0.0,0.0,0.0,8000,4000,8,4,37.0,12,105.0,36.0,20.0,785.000000,9,3,1,True,False,5,physical,110,42,2.373350,0.0
spanke_benes_5x5,default,4-3-1-0-2,routed,5,5,0,0,12,2,3,I2-I3:3;I2-I4:2,4161.000000,6442.588439,2281.588439,1.900830,3.781573,1.880743,1.477635,8.0,3.5,4.0,6.0,10.0,20.0,16.0,48.0,80.0,200.0,False,0.002,0.005,0.1,0.0,0.0,0.0,8000,4000,8,4,37.0,12,105.0,36.0,20.0,785.000000,4,3,1,True,False,5,physical,111,42,0.959131,0.0
spanke_benes_5x5,default,0-3-4-2-1,routed,5,5,0,0,15,4,4,I0-I1:4;I0-I3:2;I0-I4:2;I1-I2:2,4161.000000,6527.902604,2366.902604,1.969497,4.233072,2.263575,1.622761,8.0,3.5,4.0,6.0,10.0,20.0,16.0,48.0,80.0,200.0,False,0.002,0.005,0.1,0.0,0.0,0.0,8000,4000,8,4,37.0,12,105.0,36.0,20.0,785.000000,6,3,1,True,False,5,physical,112,42,1.892764,0.0
spanke_benes_5x5,default,1-0-4-2-3,routed,5,5,0,0,17,4,7,I0-I1:7;I0-I2:2;I0-I3:4;I3-I4:2,4161.000000,6644.486678,2483.486678,2.088097,5.160380,3.072283,1.745395,8.0,3.5,4.0,6.0,10.0,20.0,16.0,48.0,80.0,200.0,False,0.002,0.005,0.1,0.0,0.0,0.0,8000,4000,8,4,37.0,12,105.0,36.0,20.0,785.000000,9,3,1,True,False,5,physical,113,42,2.019212,0.0
spanke_benes_5x5,default,1-2-0-4-3,routed,5,5,0,0,17,4,6,I0-I1:6;I0-I2:5;I1-I3:2;I1-I4:2,4161.000000,6677.756586,2516.756586,2.035131,4.968122,2.932991,1.763703,8.0,3.5,4.0,6.0,10.0,20.0,16.0,48.0,80.0,200.0,False,0.002,0.005,0.1,0.0,0.0,0.0,8000,4000,8,4,37.0,12,105.0,36.0,20.0,785.000000,10,3,1,True,False,5,physical,114,42,2.634345,0.0
spanke_benes_5x5,default,1-2-4-3-0,routed,5,5,0,0,15,3,6,I0-I1:6;I1-I2:2;I1-I3:2,4161.000000,6536.194641,2375.194641,2.035131,4.830706,2.795575,1.624078,8.0,3.5,4.0,6.0,10.0,20.0,16.0,48.0,80.0,200.0,False,0.002,0.005,0.1,0.0,0.0,0.0,8000,4000,8,4,37.0,12,105.0,36.0,20.0,785.000000,6,3,1,True,False,5,physical,115,42,1.889544,0.0
spanke_benes_5x5,default,3-4-2-0-1,routed,5,5,0,0,12,2,2,I0-I1:2;I3-I4:2,4161.000000,6442.442421,2281.442421,1.903864,3.633315,1.729451,1.478577,8.0,3.5,4.0,6.0,10.0,20.0,16.0,48.0,80.0,200.0,False,0.002,0.005,0.1,0.0,0.0,0.0,8000,4000,8,4,37.0,12,105.0,36.0,20.0,785.000000,3,3,1,True,False,5,physical,116,42,1.170051,0.0
spanke_benes_5x5,default,0-1-3-4-2,routed,5,5,0,0,20,5,8,I0-I1:8;I0-I4:2;I1-I2:4;I1-I4:2;I2-I3:2,4161.000000,6766.194641,2605.194641,2.100764,5.477755,3.376991,1.916078,8.0,3.5,4.0,6.0,10.0,20.0,16.0,48.0,80.0,200.0,False,0.002,0.005,0.1,0.0,0.0,0.0,8000,4000,8,4,37.0,12,105.0,36.0,20.0,785.000000,10,3,1,True,False,5,physical,117,42,2.886883,0.0
spanke_benes_5x5,default,0-3-2-1-4,routed,5,5,0,0,19,6,4,I0-I1:2;I0-I2:2;I0-I3:4;I1-I2:3;I1-I4:4;I2-I3:3,4161.000000,6650.340659,2489.340659,1.969497,4.529072,2.559575,1.828736,8.0,3.5,4.0,6.0,10.0,20.0,16.0,48.0,80.0,200.0,False,0.002,0.005,0.1,0.0,0.0,0.0,8000,4000,8,4,37.0,12,105.0,36.0,20.0,785.000000,10,3,1,True,False,5,physical,118,42,1.818463,0.0
spanke_benes_5x5,default,3-1-2-4-0,routed,5,5,0,0,14,3,4,I0-I2:3;I0-I3:2;I1-I2:4,4161.000000,6483.902604,2322.902604,1.969497,4.207656,2.238159,1.565161,8.0,3.5,4.0,6.0,10.0,20.0,16.0,48.0,80.0,200.0,False,0.002,0.005,0.1,0.0,0.0,0.0,8000,4000,8,4,37.0,12,105.0,36.0,20.0,785.000000,5,3,1,True,False,5,physical,119,42,1.454158,0.0
spanke_benes_rect_5x5,default,0-2-3-4-1,routed,5,5,0,0,19,4,6,I0-I1:4;I0-I4:2;I1-I2:4;I2-I3:6,3111.000000,5709.610567,2598.610567,1.498164,4.087616,2.589451,1.877444,8.0,3.5,4.0,6.0,10.0,20.0,16.0,48.0,80.0,200.0,False,0.002,0.005,0.1,0.0,0.0,0.0,8000,4000,8,4,37.0,12,105.0,36.0,20.0,575.000000,10,3,1,True,False,5,physical,0,42,1.403288,0.0
spanke_benes_rect_5x5,default,3-2-0-1-4,routed,5,5,0,0,17,4,4,I0-I1:3;I0-I4:4;I2-I3:4;I3-I4:2,3111.000000,5755.858347,2644.858347,1.549497,4.061361,2.511864,1.827943,8.0,3.5,4.0,6.0,10.0,20.0,16.0,48.0,80.0,200.0,False,0.002,0.005,0.1,0.0,0.0,0.0,8000,4000,8,4,37.0,12,105.0,36.0,20.0,575.000000,8,3,1,True,False,5,physical,1,42,1.291373,0.0
spanke_benes_rect_5x5,default,3-4-2-1-0,routed,5,5,0,0,11,1,2,I0-I1:2,3111.000000,5415.566310,2304.566310,1.483864,3.182023,1.698159,1.453827,8.0,3.5,4.0,6.0,10.0,20.0,16.0,48.0,80.0,200.0,False,0.002,0.005,0.1,0.0,0.0,0.0,8000,4000,8,4,37.0,12,105.0,36.0,20.0,575.000000,2,3,1,True,False,5,physical,2,42,0.426997,0.0
spanke_benes_rect_5x5,default,4-3-0-1-2,routed,5,5,0,0,13,2,4,I2-I3:4;I3-I4:2,3111.000000,5579.566310,2468.566310,1.549497,3.811656,2.262159,1.599427,8.0,3.5,4.0,6.0,10.0,20.0,16.0,48.0,80.0,200.0,False,0.002,0.005,0.1,0.0,0.0,0.0,8000,4000,8,4,37.0,12,105.0,36.0,20.0,575.000000,4,3,1,True,False,5,physical,3,42,0.773530,0.0
spanke_benes_rect_5x5,default,3-4-1-0-2,routed,5,5,0,0,13,3,3,I0-I1:2;I2-I3:3;I2-I4:2,3111.000000,5496.296402,2385.296402,1.536830,3.462281,1.925451,1.561119,8.0,3.5,4.0,6.0,10.0,20.0,16.0,48.0,80.0,200.0,False,0.002,0.005,0.1,0.0,0.0,0.0,8000,4000,8,4,37.0,12,105.0,36.0,20.0,575.000000,3,3,1,True,False,5,physical,4,42,0.631558,0.0
spanke_benes_rect_5x5,default,1-2-0-3-4,routed,5,5,0,0,20,5,6,I0-I1:4;I0-I2:3;I1-I3:4;I2-I3:2;I3-I4:6,3111.000000,5781.610567,2670.610567,1.510831,4.316991,2.806159,1.946244,8.0,3.5,4.0,6.0,10.0,20.0,16.0,48.0,80.0,200.0,False,0.002,0.005,0.1,0.0,0.0,0.0,8000,4000,8,4,37.0,12,105.0,36.0,20.0,575.000000,11,3,1,True,False,5,physical,5,42,2.004671,0.0
spanke_benes_rect_5x5,default,3-4-1-2-0,routed,5,5,0,0,12,2,2,I0-I1:2;I2-I3:2,3111.000000,5499.274274,2388.274274,1.483864,3.320855,1.836991,1.529310,8.0,3.5,4.0,6.0,10.0,20.0,16.0,48.0,80.0,200.0,False,0.002,0.005,0.1,0.0,0.0,0.0,8000,4000,8,4,37.0,12,105.0,36.0,20.0,575.000000,4,3,1,True,False,5,physical,6,42,0.726395,0.0
spanke_benes_rect_5x5,default,3-2-1-4-0,routed,5,5,0,0,15,3,4,I0-I1:3;I0-I3:4;I2-I3:2,3111.000000,5643.274274,2532.274274,1.536830,4.003945,2.467115,1.706910,8.0,3.5,4.0,6.0,10.0,20.0,16.0,48.0,80.0,200.0,False,0.002,0.005,0.1,0.0,0.0,0.0,8000,4000,8,4,37.0,12,105.0,36.0,20.0,575.000000,7,3,1,True,False,5,physical,7,42,0.790518,0.0
spanke_benes_rect_5x5,default,4-0-1-2-3,routed,5,5,0,0,16,3,4,I1-I2:4;I2-I3:4;I3-I4:4,3111.000000,5676.880476,2565.880476,1.498164,3.759616,2.261451,1.749352,8.0,3.5,4.0,6.0,10.0,20.0,16.0,48.0,80.0,200.0,False,0.002,0.005,0.1,0.0,0.0,0.0,8000,4000,8,4,37.0,12,105.0,36.0,20.0,575.000000,7,3,1,True,False,5,physical,8,42,1.492321,0.0
spanke_benes_rect_5x5,default,4-2-0-3-1,routed,5,5,0,0,13,3,2,I1-I3:2;I2-I3:2;I2-I4:2,3111.000000,5547.712329,2436.712329,1.483864,3.522690,2.038826,1.585685,8.0,3.5,4.0,6.0,10.0,20.0,16.0,48.0,80.0,200.0,False,0.002,0.005,0.1,0.0,0.0,0.0,8000,4000,8,4,37.0,12,105.0,36.0,20.0,575.000000,5,3,1,True,False,5,physical,9,42,0.581769,0.0
spanke_benes_rect_5x5,default,1-4-3-2-0,routed,5,5,0,0,13,3,3,I0-I1:2;I0-I3:2;I2-I3:3,3111.000000,5452.588439,2341.588439,1.536830,3.454281,1.917451,1.541635,8.0,3.5,4.0,6.0,10.0,20.0,16.0,48.0,80.0,200.0,False,0.002,0.005,0.1,0.0,0.0,0.0,8000,4000,8,4,37.0,12,105.0,36.0,20.0,575.000000,4,3,1,True,False,5,physical,10,42,0.743405,0.0
spanke_benes_rect_5x5,default,3-1-0-4-2,routed,5,5,0,0,17,5,4,I0-I3:4;I0-I4:3;I1-I2:3;I1-I4:2;I2-I3:2,3111.000000,5720.296402,2609.296402,1.536830,4.061361,2.524531,1.810719,8.0,3.5,4.0,6.0,10.0,20.0,16.0,48.0,80.0,200.0,False,0.002,0.005,0.1,0.0,0.0,0.0,8000,4000,8,4,37.0,12,105.0,36.0,20.0,575.000000,9,3,1,True,False,5,physical,11,42,1.191529,0.0
spanke_benes_rect_5x5,default,3-2-4-0-1,routed,5,5,0,0,15,3,4,I0-I1:3;I0-I2:4;I3-I4:2,3111.000000,5615.858347,2504.858347,1.536830,3.922529,2.385699,1.691943,8.0,3.5,4.0,6.0,10.0,20.0,16.0,48.0,80.0,200.0,False,0.002,0.005,0.1,0.0,0.0,0.0,8000,4000,8,4,37.0,12,105.0,36.0,20.0,575.000000,6,3,1,True,False,5,physical,12,42,0.827299,0.0
spanke_benes_rect_5x5,default,1-2-3-0-4,routed,5,5,0,0,19,4,6,I0-I1:4;I0-I3:3;I1-I2:4;I2-I4:6,3111.000000,5721.756586,2610.756586,1.498164,4.031616,2.533451,1.881303,8.0,3.5,4.0,6.0,10.0,20.0,16.0,48.0,80.0,200.0,False,0.002,0.005,0.1,0.0,0.0,0.0,8000,4000,8,4,37.0,12,105.0,36.0,20.0,575.000000,9,3,1,True,False,5,physical,13,42,1.378886,0.0
spanke_benes_rect_5x5,default,0-3-4-1-2,routed,5,5,0,0,18,5,4,I0-I1:2;I0-I3:4;I1-I2:4;I1-I4:3;I3-I4:2,3111.000000,5697.318531,2586.318531,1.549497,4.198488,2.648991,1.834527,8.0,3.5,4.0,6.0,10.0,20.0,16.0,48.0,80.0,200.0,False,0.002,0.005,0.1,0.0,0.0,0.0,8000,4000,8,4,37.0,12,105.0,36.0,20.0,575.000000,9,3,1,True,False,5,physical,14,42,1.737786,0.0
spanke_benes_rect_5x5,default,2-3-1-0-4,routed,5,5,0,0,17,4,4,I0-I1:4;I1-I4:4;I2-I3:3;I2-I4:2,3111.000000,5672.588439,2561.588439,1.549497,4.198488,2.648991,1.789635,8.0,3.5,4.0,6.0,10.0,20.0,16.0,48.0,80.0,200.0,False,0.002,0.005,0.1,0.0,0.0,0.0,8000,4000,8,4,37.0,12,105.0,36.0,20.0,575.000000,7,3,1,True,False,5,physical,15,42,0.958224,0.0
spanke_benes_rect_5x5,default,3-1-4-0-2,routed,5,5,0,0,16,4,4,I0-I2:4;I0-I4:3;I1-I3:3;I1-I4:2,3111.000000,5636.588439,2525.588439,1.536830,3.922529,2.385699,1.735235,8.0,3.5,4.0,6.0,10.0,20.0,16.0,48.0,80.0,200.0,False,0.002,0.005,0.1,0.0,0.0,0.0,8000,4000,8,4,37.0,12,105.0,36.0,20.0,575.000000,7,3,1,True,False,5,physical,16,42,0.908608,0.0
spanke_benes_rect_5x5,default,4-0-1-3-2,routed,5,5,0,0,15,4,4,I1-I2:4;I2-I3:2;I2-I4:2;I3-I4:3,3111.000000,5620.588439,2509.588439,1.498164,3.702200,2.204035,1.688835,8.0,3.5,4.0,6.0,10.0,20.0,16.0,48.0,80.0,200.0,False,0.002,0.005,0.1,0.0,0.0,0.0,8000,4000,8,4,37.0,12,105.0,36.0,20.0,575.000000,7,3,1,True,False,5,physical,17,42,1.155735,0.0
spanke_benes_rect_5x5,default,2-0-3-4-1,routed,5,5,0,0,18,4,6,I0-I1:3;I0-I2:4;I1-I4:2;I2-I3:6,3111.000000,5661.464549,2550.464549,1.498164,4.055616,2.557451,1.819186,8.0,3.5,4.0,6.0,10.0,20.0,16.0,48.0,80.0,200.0,False,0.002,0.005,0.1,0.0,0.0,0.0,8000,4000,8,4,37.0,12,105.0,36.0,20.0,575.000000,9,3,1,True,False,5,physical,18,42,1.048368,0.0
spanke_benes_rect_5x5,default,2-4-1-0-3,routed,5,5,0,0,14,4,3,I0-I1:2;I0-I4:2;I2-I3:3;I2-I4:2,3111.000000,5528.734457,2417.734457,1.536830,3.462281,1.925451,1.611094,8.0,3.5,4.0,6.0,10.0,20.0,16.0,48.0,80.0,200.0,False,0.002,0.005,0.1,0.0,0.0,0.0,8000,4000,8,4,37.0,12,105.0,36.0,20.0,575.000000,4,3,1,True,False,5,physical,19,42,0.639459,0.0
spanke_benes_rect_5x5,default,0-2-3-1-4,routed,5,5,0,0,20,5,6,I0-I1:2;I0-I3:4;I1-I2:4;I1-I3:3;I2-I4:6,3111.000000,5758.194641,2647.194641,1.549497,4.031616,2.482118,1.932878,8.0,3.5,4.0,6.0,10.0,20.0,16.0,48.0,80.0,200.0,False,0.002,0.005,0.1,0.0,0.0,0.0,8000,4000,8,4,37.0,12,105.0,36.0,20.0,575.000000,10,3,1,True,False,5,physical,20,42,1.858630,0.0
spanke_benes_rect_5x5,default,2-3-0-4-1,routed,5,5,0,0,17,4,4,I0-I1:4;I1-I3:4;I2-I3:2;I2-I4:2,3111.000000,5715.858347,2604.858347,1.549497,4.321320,2.771823,1.811943,8.0,3.5,4.0,6.0,10.0,20.0,16.0,48.0,80.0,200.0,False,0.002,0.005,0.1,0.0,0.0,0.0,8000,4000,8,4,37.0,12,105.0,36.0,20.0,575.000000,9,3,1,True,False,5,physical,21,42,1.192029,0.0
spanke_benes_rect_5x5,default,4-0-2-1-3,routed,5,5,0,0,15,3,4,I1-I3:4;I2-I3:3;I2-I4:4,3111.000000,5601.318531,2490.318531,1.549497,3.819656,2.270159,1.676127,8.0,3.5,4.0,6.0,10.0,20.0,16.0,48.0,80.0,200.0,False,0.002,0.005,0.1,0.0,0.0,0.0,8000,4000,8,4,37.0,12,105.0,36.0,20.0,575.000000,5,3,1,True,False,5,physical,22,42,1.098868,0.0
spanke_benes_rect_5x5,default,4-2-0-1-3,routed,5,5,0,0,14,3,4,I1-I4:2;I2-I3:4;I3-I4:2,3111.000000,5604.004365,2493.004365,1.549497,3.853072,2.303575,1.646202,8.0,3.5,4.0,6.0,10.0,20.0,16.0,48.0,80.0,200.0,False,0.002,0.005,0.1,0.0,0.0,0.0,8000,4000,8,4,37.0,12,105.0,36.0,20.0,575.000000,5,3,1,True,False,5,physical,23,42,0.899072,0.0
spanke_benes_rect_5x5,default,0-2-1-4-3,routed,5,5,0,0,20,6,5,I0-I1:2;I0-I2:4;I1-I2:3;I1-I4:4;I2-I3:2;I3-I4:5,3111.000000,5761.756586,2650.756586,1.498164,3.898447,2.400283,1.937303,8.0,3.5,4.0,6.0,10.0,20.0,16.0,48.0,80.0,200.0,False,0.002,0.005,0.1,0.0,0.0,0.0,8000,4000,8,4,37.0,12,105.0,36.0,20.0,575.000000,12,3,1,True,False,5,physical,24,42,2.488466,0.0
spanke_benes_rect_5x5,default,0-1-2-4-3,routed,5,5,0,0,21,5,6,I0-I1:6;I1-I2:4;I2-I3:2;I2-I4:4;I3-I4:5,3111.000000,5766.778714,2655.778714,1.510831,4.019575,2.508743,1.972311,8.0,3.5,4.0,6.0,10.0,20.0,16.0,48.0,80.0,200.0,False,0.002,0.005,0.1,0.0,0.0,0.0,8000,4000,8,4,37.0,12,105.0,36.0,20.0,575.000000,12,3,1,True,False,5,physical,25,42,2.183566,0.0
spanke_benes_rect_5x5,default,3-1-0-2-4,routed,5,5,0,0,18,6,4,I0-I3:3;I0-I4:4;I1-I2:3;I1-I3:2;I2-I3:2;I3-I4:2,3111.000000,5776.588439,2665.588439,1.536830,4.061361,2.524531,1.871235,8.0,3.5,4.0,6.0,10.0,20.0,16.0,48.0,80.0,200.0,False,0.002,0.005,0.1,0.0,0.0,0.0,8000,4000,8,4,37.0,12,105.0,36.0,20.0,575.000000,9,3,1,True,False,5,physical,26,42,1.386255,0.0
spanke_benes_rect_5x5,default,2-4-3-0-1,routed,5,5,0,0,13,3,2,I0-I1:2;I0-I2:2;I3-I4:2,3111.000000,5488.296402,2377.296402,1.483864,3.271439,1.787575,1.557919,8.0,3.5,4.0,6.0,10.0,20.0,16.0,48.0,80.0,200.0,False,0.002,0.005,0.1,0.0,0.0,0.0,8000,4000,8,4,37.0,12,105.0,36.0,20.0,575.000000,4,3,1,True,False,5,physical,27,42,0.576971,0.0
spanke_benes_rect_5x5,default,1-0-3-2-4,routed,5,5,0,0,20,4,6,I0-I1:5;I0-I3:4;I2-I3:5;I2-I4:6,3111.000000,5766.340659,2655.340659,1.498164,3.999616,2.501451,1.935136,8.0,3.5,4.0,6.0,10.0,20.0,16.0,48.0,80.0,200.0,False,0.002,0.005,0.1,0.0,0.0,0.0,8000,4000,8,4,37.0,12,105.0,36.0,20.0,575.000000,10,3,1,True,False,5,physical,28,42,1.827463,0.0
spanke_benes_rect_5x5,default,3-1-2-0-4,routed,5,5,0,0,17,5,4,I0-I2:3;I0-I4:4;I1-I2:2;I1-I3:3;I2-I4:2,3111.000000,5692.880476,2581.880476,1.536830,3.922529,2.385699,1.795752,8.0,3.5,4.0,6.0,10.0,20.0,16.0,48.0,80.0,200.0,False,0.002,0.005,0.1,0.0,0.0,0.0,8000,4000,8,4,37.0,12,105.0,36.0,20.0,575.000000,7,3,1,True,False,5,physical,29,42,0.905060,0.0
spanke_benes_rect_5x5,default,0-4-2-3-1,routed,5,5,0,0,15,4,4,I0-I1:2;I0-I2:2;I0-I4:2;I2-I3:4,3111.000000,5584.588439,2473.588439,1.485497,3.522690,2.037193,1.674435,8.0,3.5,4.0,6.0,10.0,20.0,16.0,48.0,80.0,200.0,False,0.002,0.005,0.1,0.0,0.0,0.0,8000,4000,8,4,37.0,12,105.0,36.0,20.0,575.000000,7,3,1,True,False,5,physical,30,42,1.102546,0.0
spanke_benes_rect_5x5,default,2-0-4-1-3,routed,5,5,0,0,16,4,4,I0-I3:3;I0-I4:4;I1-I3:4;I2-I4:3,3111.000000,5609.756586,2498.756586,1.549497,3.861072,2.311575,1.716503,8.0,3.5,4.0,6.0,10.0,20.0,16.0,48.0,80.0,200.0,False,0.002,0.005,0.1,0.0,0.0,0.0,8000,4000,8,4,37.0,12,105.0,36.0,20.0,575.000000,8,3,1,True,False,5,physical,31,42,1.723044,0.0
spanke_benes_rect_5x5,default,1-3-4-2-0,routed,5,5,0,0,16,4,4,I0-I1:2;I0-I3:2;I1-I2:4;I1-I3:3,3111.000000,5596.442421,2485.442421,1.549497,4.182488,2.632991,1.720177,8.0,3.5,4.0,6.0,10.0,20.0,16.0,48.0,80.0,200.0,False,0.002,0.005,0.1,0.0,0.0,0.0,8000,4000,8,4,37.0,12,105.0,36.0,20.0,575.000000,7,3,1,True,False,5,physical,32,42,1.115633,0.0
spanke_benes_rect_5x5,default,2-0-3-1-4,routed,5,5,0,0,19,4,6,I0-I2:4;I0-I3:3;I1-I3:4;I2-I4:6,3111.000000,5710.048623,2599.048623,1.549497,3.999616,2.450118,1.874619,8.0,3.5,4.0,6.0,10.0,20.0,16.0,48.0,80.0,200.0,False,0.002,0.005,0.1,0.0,0.0,0.0,8000,4000,8,4,37.0,12,105.0,36.0,20.0,575.000000,9,3,1,True,False,5,physical,33,42,1.605401,0.0
spanke_benes_rect_5x5,default,2-4-0-1-3,routed,5,5,0,0,15,4,4,I0-I1:2;I0-I4:2;I2-I3:4;I3-I4:2,3111.000000,5628.296402,2517.296402,1.549497,3.853072,2.303575,1.693919,8.0,3.5,4.0,6.0,10.0,20.0,16.0,48.0,80.0,200.0,False,0.002,0.005,0.1,0.0,0.0,0.0,8000,4000,8,4,37.0,12,105.0,36.0,20.0,575.000000,6,3,1,True,False,5,physical,34,42,1.216432,0.0
spanke_benes_rect_5x5,default,1-3-2-4-0,routed,5,5,0,0,17,5,4,I0-I1:2;I0-I2:2;I1-I2:3;I1-I3:4;I2-I3:2,3111.000000,5680.150384,2569.150384,1.549497,4.321320,2.771823,1.795660,8.0,3.5,4.0,6.0,10.0,20.0,16.0,48.0,80.0,200.0,False,0.002,0.005,0.1,0.0,0.0,0.0,8000,4000,8,4,37.0,12,105.0,36.0,20.0,575.000000,9,3,1,True,False,5,physical,35,42,1.388407,0.0
spanke_benes_rect_5x5,default,2-4-0-3-1,routed,5,5,0,0,14,4,2,I0-I1:2;I0-I3:2;I2-I3:2;I2-I4:2,3111.000000,5572.004365,2461.004365,1.483864,3.522690,2.038826,1.633402,8.0,3.5,4.0,6.0,10.0,20.0,16.0,48.0,80.0,200.0,False,0.002,0.005,0.1,0.0,0.0,0.0,8000,4000,8,4,37.0,12,105.0,36.0,20.0,575.000000,6,3,1,True,False,5,physical,36,42,0.825960,0.0
spanke_benes_rect_5x5,default,1-2-4-0-3,routed,5,5,0,0,18,5,4,I0-I1:4;I0-I3:3;I1-I2:2;I1-I4:4;I2-I4:3,3111.000000,5701.026494,2590.026494,1.498164,3.959616,2.461451,1.838011,8.0,3.5,4.0,6.0,10.0,20.0,16.0,48.0,80.0,200.0,False,0.002,0.005,0.1,0.0,0.0,0.0,8000,4000,8,4,37.0,12,105.0,36.0,20.0,575.000000,8,3,1,True,False,5,physical,37,42,1.449393,0.0
spanke_benes_rect_5x5,default,2-3-0-1-4,routed,5,5,0,0,18,4,4,I0-I1:4;I1-I4:4;I2-I3:4;I3-I4:2,3111.000000,5736.442421,2625.442421,1.549497,4.182488,2.632991,1.856177,8.0,3.5,4.0,6.0,10.0,20.0,16.0,48.0,80.0,200.0,False,0.002,0.005,0.1,0.0,0.0,0.0,8000,4000,8,4,37.0,12,105.0,36.0,20.0,575.000000,8,3,1,True,False,5,physical,38,42,1.484073,0.0
spanke_benes_rect_5x5,default,1-3-2-0-4,routed,5,5,0,0,18,6,4,I0-I1:2;I0-I2:2;I0-I3:3;I1-I2:3;I1-I4:4;I2-I4:2,3111.000000,5717.172512,2606.172512,1.549497,4.198488,2.648991,1.843469,8.0,3.5,4.0,6.0,10.0,20.0,16.0,48.0,80.0,200.0,False,0.002,0.005,0.1,0.0,0.0,0.0,8000,4000,8,4,37.0,12,105.0,36.0,20.0,575.000000,8,3,1,True,False,5,physical,39,42,1.078640,0.0
spanke_benes_rect_5x5,default,2-1-4-3-0,routed,5,5,0,0,14,3,4,I0-I1:3;I0-I3:4;I2-I3:3,3111.000000,5529.172512,2418.172512,1.549497,3.843656,2.294159,1.608269,8.0,3.5,4.0,6.0,10.0,20.0,16.0,48.0,80.0,200.0,False,0.002,0.005,0.1,0.0,0.0,0.0,8000,4000,8,4,37.0,12,105.0,36.0,20.0,575.000000,6,3,1,True,False,5,physical,40,42,1.184144,0.0
spanke_benes_rect_5x5,default,2-1-0-4-3,routed,5,5,0,0,18,5,5,I0-I1:3;I0-I4:4;I1-I2:3;I2-I3:2;I3-I4:5,3111.000000,5701.026494,2590.026494,1.485497,3.693941,2.208444,1.838011,8.0,3.5,4.0,6.0,10.0,20.0,16.0,48.0,80.0,200.0,False,0.002,0.005,0.1,0.0,0.0,0.0,8000,4000,8,4,37.0,12,105.0,36.0,20.0,575.000000,10,3,1,True,False,5,physical,41,42,1.656737,0.0
spanke_benes_rect_5x5,default,3-0-4-1-2,routed,5,5,0,0,17,4,4,I0-I2:4;I0-I4:3;I1-I3:4;I3-I4:2,3111.000000,5673.026494,2562.026494,1.549497,3.922529,2.373032,1.786811,8.0,3.5,4.0,6.0,10.0,20.0,16.0,48.0,80.0,200.0,False,0.002,0.005,0.1,0.0,0.0,0.0,8000,4000,8,4,37.0,12,105.0,36.0,20.0,575.000000,8,3,1,True,False,5,physical,42,42,1.392182,0.0
spanke_benes_rect_5x5,default,0-4-3-1-2,routed,5,5,0,0,15,4,4,I0-I1:2;I0-I3:4;I2-I4:3;I3-I4:2,3111.000000,5561.172512,2450.172512,1.549497,3.819656,2.270159,1.661069,8.0,3.5,4.0,6.0,10.0,20.0,16.0,48.0,80.0,200.0,False,0.002,0.005,0.1,0.0,0.0,0.0,8000,4000,8,4,37.0,12,105.0,36.0,20.0,575.000000,6,3,1,True,False,5,physical,43,42,1.435671,0.0
spanke_benes_rect_5x5,default,2-3-1-4-0,routed,5,5,0,0,16,3,4,I0-I1:4;I1-I3:4;I2-I3:2,3111.000000,5667.566310,2556.566310,1.549497,4.321320,2.771823,1.754627,8.0,3.5,4.0,6.0,10.0,20.0,16.0,48.0,80.0,200.0,False,0.002,0.005,0.1,0.0,0.0,0.0,8000,4000,8,4,37.0,12,105.0,36.0,20.0,575.000000,8,3,1,True,False,5,physical,44,42,1.039690,0.0
spanke_benes_rect_5x5,default,2-3-4-1-0,routed,5,5,0,0,15,2,4,I0-I1:4;I1-I2:4,3111.000000,5583.858347,2472.858347,1.549497,4.141072,2.591575,1.679143,8.0,3.5,4.0,6.0,10.0,20.0,16.0,48.0,80.0,200.0,False,0.002,0.005,0.1,0.0,0.0,0.0,8000,4000,8,4,37.0,12,105.0,36.0,20.0,575.000000,6,3,1,True,False,5,physical,45,42,0.725539,0.0
spanke_benes_rect_5x5,default,0-4-3-2-1,routed,5,5,0,0,14,4,3,I0-I1:2;I0-I3:2;I0-I4:2;I2-I3:3,3111.000000,5500.880476,2389.880476,1.536830,3.454281,1.917451,1.598952,8.0,3.5,4.0,6.0,10.0,20.0,16.0,48.0,80.0,200.0,False,0.002,0.005,0.1,0.0,0.0,0.0,8000,4000,8,4,37.0,12,105.0,36.0,20.0,575.000000,5,3,1,True,False,5,physical,46,42,0.872300,0.0
spanke_benes_rect_5x5,default,1-3-4-0-2,routed,5,5,0,0,17,5,4,I0-I1:2;I0-I3:3;I0-I4:2;I1-I2:4;I1-I4:3,3111.000000,5660.880476,2549.880476,1.549497,4.198488,2.648991,1.782952,8.0,3.5,4.0,6.0,10.0,20.0,16.0,48.0,80.0,200.0,False,0.002,0.005,0.1,0.0,0.0,0.0,8000,4000,8,4,37.0,12,105.0,36.0,20.0,575.000000,8,3,1,True,False,5,physical,47,42,1.100274,0.0
spanke_benes_rect_5x5,default,4-0-2-3-1,routed,5,5,0,0,14,3,4,I1-I2:2;I1-I4:2;I2-I3:4,3111.000000,5560.296402,2449.296402,1.485497,3.522690,2.037193,1.626719,8.0,3.5,4.0,6.0,10.0,20.0,16.0,48.0,80.0,200.0,False,0.002,0.005,0.1,0.0,0.0,0.0,8000,4000,8,4,37.0,12,105.0,36.0,20.0,575.000000,6,3,1,True,False,5,physical,48,42,0.639294,0.0
spanke_benes_rect_5x5,default,4-2-3-0-1,routed,5,5,0,0,12,2,2,I1-I2:2;I3-I4:2,3111.000000,5487.858347,2376.858347,1.483864,3.237315,1.753451,1.520743,8.0,3.5,4.0,6.0,10.0,20.0,16.0,48.0,80.0,200.0,False,0.002,0.005,0.1,0.0,0.0,0.0,8000,4000,8,4,37.0,12,105.0,36.0,20.0,575.000000,3,3,1,True,False,5,physical,49,42,0.422426,0.0
spanke_benes_rect_5x5,default,1-0-2-3-4,routed,5,5,0,0,21,4,6,I0-I1:5;I0-I2:4;I2-I3:6;I3-I4:6,3111.000000,5798.778714,2687.778714,1.510831,4.348991,2.838159,1.985111,8.0,3.5,4.0,6.0,10.0,20.0,16.0,48.0,80.0,200.0,False,0.002,0.005,0.1,0.0,0.0,0.0,8000,4000,8,4,37.0,12,105.0,36.0,20.0,575.000000,11,3,1,True,False,5,physical,50,42,2.045356,0.0
spanke_benes_rect_5x5,default,0-2-1-3-4,routed,5,5,0,0,21,6,6,I0-I1:2;I0-I2:4;I1-I2:3;I1-I3:4;I2-I3:2;I3-I4:6,3111.000000,5818.048623,2707.048623,1.510831,4.316991,2.806159,1.997819,8.0,3.5,4.0,6.0,10.0,20.0,16.0,48.0,80.0,200.0,False,0.002,0.005,0.1,0.0,0.0,0.0,8000,4000,8,4,37.0,12,105.0,36.0,20.0,575.000000,12,3,1,True,False,5,physical,51,42,2.580384,0.0
spanke_benes_rect_5x5,default,2-1-3-0-4,routed,5,5,0,0,18,4,6,I0-I1:3;I0-I2:4;I1-I3:3;I2-I4:6,3111.000000,5673.610567,2562.610567,1.498164,3.999616,2.501451,1.823044,8.0,3.5,4.0,6.0,10.0,20.0,16.0,48.0,80.0,200.0,False,0.002,0.005,0.1,0.0,0.0,0.0,8000,4000,8,4,37.0,12,105.0,36.0,20.0,575.000000,8,3,1,True,False,5,physical,52,42,1.106737,0.0
spanke_benes_rect_5x5,default,3-4-0-1-2,routed,5,5,0,0,14,3,4,I0-I1:2;I2-I3:4;I3-I4:2,3111.000000,5603.858347,2492.858347,1.549497,3.811656,2.262159,1.647143,8.0,3.5,4.0,6.0,10.0,20.0,16.0,48.0,80.0,200.0,False,0.002,0.005,0.1,0.0,0.0,0.0,8000,4000,8,4,37.0,12,105.0,36.0,20.0,575.000000,5,3,1,True,False,5,physical,53,42,1.061194,0.0
spanke_benes_rect_5x5,default,0-4-1-2-3,routed,5,5,0,0,17,4,4,I0-I1:2;I0-I2:4;I2-I3:4;I3-I4:4,3111.000000,5701.172512,2590.172512,1.498164,3.759616,2.261451,1.797069,8.0,3.5,4.0,6.0,10.0,20.0,16.0,48.0,80.0,200.0,False,0.002,0.005,0.1,0.0,0.0,0.0,8000,4000,8,4,37.0,12,105.0,36.0,20.0,575.000000,8,3,1,True,False,5,physical,54,42,1.901213,0.0
spanke_benes_rect_5x5,default,2-0-1-4-3,routed,5,5,0,0,19,5,5,I0-I2:3;I0-I4:4;I1-I2:4;I2-I3:2;I3-I4:5,3111.000000,5737.464549,2626.464549,1.498164,3.702200,2.204035,1.889586,8.0,3.5,4.0,6.0,10.0,20.0,16.0,48.0,80.0,200.0,False,0.002,0.005,0.1,0.0,0.0,0.0,8000,4000,8,4,37.0,12,105.0,36.0,20.0,575.000000,11,3,1,True,False,5,physical,55,42,1.985657,0.0
spanke_benes_rect_5x5,default,4-3-2-0-1,routed,5,5,0,0,11,1,2,I3-I4:2,3111.000000,5439.566310,2328.566310,1.483864,3.230023,1.746159,1.463427,8.0,3.5,4.0,6.0,10.0,20.0,16.0,48.0,80.0,200.0,False,0.002,0.005,0.1,0.0,0.0,0.0,8000,4000,8,4,37.0,12,105.0,36.0,20.0,575.000000,2,3,1,True,False,5,physical,56,42,0.311641,0.0
spanke_benes_rect_5x5,default,1-4-0-2-3,routed,5,5,0,0,16,5,4,I0-I1:2;I0-I2:3;I0-I3:2;I2-I3:2;I3-I4:4,3111.000000,5664.734457,2553.734457,1.498164,3.759616,2.261451,1.745494,8.0,3.5,4.0,6.0,10.0,20.0,16.0,48.0,80.0,200.0,False,0.002,0.005,0.1,0.0,0.0,0.0,8000,4000,8,4,37.0,12,105.0,36.0,20.0,575.000000,7,3,1,True,False,5,physical,57,42,1.406642,0.0
spanke_benes_rect_5x5,default,0-1-3-2-4,routed,5,5,0,0,21,4,6,I0-I1:6;I1-I3:4;I2-I3:5;I2-I4:6,3111.000000,5790.632696,2679.632696,1.510831,4.019575,2.508743,1.982853,8.0,3.5,4.0,6.0,10.0,20.0,16.0,48.0,80.0,200.0,False,0.002,0.005,0.1,0.0,0.0,0.0,8000,4000,8,4,37.0,12,105.0,36.0,20.0,575.000000,11,3,1,True,False,5,physical,58,42,2.012269,0.0
spanke_benes_rect_5x5,default,4-1-0-3-2,routed,5,5,0,0,14,4,3,I1-I2:3;I1-I4:2;I2-I3:2;I3-I4:3,3111.000000,5584.150384,2473.150384,1.471197,3.522690,2.051493,1.637260,8.0,3.5,4.0,6.0,10.0,20.0,16.0,48.0,80.0,200.0,False,0.002,0.005,0.1,0.0,0.0,0.0,8000,4000,8,4,37.0,12,105.0,36.0,20.0,575.000000,6,3,1,True,False,5,physical,59,42,0.927110,0.0
spanke_benes_rect_5x5,default,3-0-1-2-4,routed,5,5,0,0,19,5,4,I0-I3:3;I0-I4:4;I1-I2:4;I2-I3:4;I3-I4:2,3111.000000,5813.026494,2702.026494,1.536830,4.061361,2.524531,1.922811,8.0,3.5,4.0,6.0,10.0,20.0,16.0,48.0,80.0,200.0,False,0.002,0.005,0.1,0.0,0.0,0.0,8000,4000,8,4,37.0,12,105.0,36.0,20.0,575.000000,10,3,1,True,False,5,physical,60,42,1.661508,0.0
spanke_benes_rect_5x5,default,3-0-1-4-2,routed,5,5,0,0,18,5,4,I0-I3:4;I0-I4:3;I1-I2:4;I2-I3:2;I2-I4:2,3111.000000,5756.734457,2645.734457,1.536830,4.061361,2.524531,1.862294,8.0,3.5,4.0,6.0,10.0,20.0,16.0,48.0,80.0,200.0,False,0.002,0.005,0.1,0.0,0.0,0.0,8000,4000,8,4,37.0,12,105.0,36.0,20.0,575.000000,10,3,1,True,False,5,physical,61,42,1.412107,0.0
spanke_benes_rect_5x5,default,1-3-0-2-4,routed,5,5,0,0,19,7,4,I0-I1:2;I0-I2:3;I0-I3:2;I1-I3:3;I1-I4:4;I2-I3:2;I3-I4:2,3111.000000,5800.880476,2689.880476,1.549497,4.378736,2.829239,1.918952,8.0,3.5,4.0,6.0,10.0,20.0,16.0,48.0,80.0,200.0,False,0.002,0.005,0.1,0.0,0.0,0.0,8000,4000,8,4,37.0,12,105.0,36.0,20.0,575.000000,10,3,1,True,False,5,physical,62,42,1.670699,0.0
spanke_benes_rect_5x5,default,1-4-3-0-2,routed,5,5,0,0,14,4,3,I0-I1:2;I0-I3:3;I0-I4:2;I2-I4:3,3111.000000,5524.734457,2413.734457,1.483864,3.205315,1.721451,1.609494,8.0,3.5,4.0,6.0,10.0,20.0,16.0,48.0,80.0,200.0,False,0.002,0.005,0.1,0.0,0.0,0.0,8000,4000,8,4,37.0,12,105.0,36.0,20.0,575.000000,5,3,1,True,False,5,physical,63,42,0.861746,0.0
spanke_benes_rect_5x5,default,1-3-0-4-2,routed,5,5,0,0,18,6,4,I0-I1:2;I0-I2:3;I0-I4:2;I1-I3:4;I1-I4:3;I2-I3:2,3111.000000,5744.588439,2633.588439,1.549497,4.378736,2.829239,1.858435,8.0,3.5,4.0,6.0,10.0,20.0,16.0,48.0,80.0,200.0,False,0.002,0.005,0.1,0.0,0.0,0.0,8000,4000,8,4,37.0,12,105.0,36.0,20.0,575.000000,10,3,1,True,False,5,physical,64,42,1.434765,0.0
spanke_benes_rect_5x5,default,0-2-4-1-3,routed,5,5,0,0,19,6,4,I0-I1:2;I0-I3:4;I1-I2:2;I1-I3:3;I1-I4:4;I2-I4:3,3111.000000,5737.464549,2626.464549,1.549497,3.959616,2.410118,1.889586,8.0,3.5,4.0,6.0,10.0,20.0,16.0,48.0,80.0,200.0,False,0.002,0.005,0.1,0.0,0.0,0.0,8000,4000,8,4,37.0,12,105.0,36.0,20.0,575.000000,9,3,1,True,False,5,physical,65,42,1.932708,0.0
spanke_benes_rect_5x5,default,3-0-2-1-4,routed,5,5,0,0,18,5,4,I0-I2:3;I0-I4:4;I1-I3:4;I2-I3:3;I2-I4:2,3111.000000,5729.318531,2618.318531,1.549497,3.922529,2.373032,1.847327,8.0,3.5,4.0,6.0,10.0,20.0,16.0,48.0,80.0,200.0,False,0.002,0.005,0.1,0.0,0.0,0.0,8000,4000,8,4,37.0,12,105.0,36.0,20.0,575.000000,8,3,1,True,False,5,physical,66,42,1.302987,0.0
spanke_benes_rect_5x5,default,0-3-2-4-1,routed,5,5,0,0,18,6,4,I0-I1:2;I0-I2:2;I0-I4:2;I1-I2:3;I1-I3:4;I2-I3:2,3111.000000,5728.442421,2617.442421,1.549497,4.321320,2.771823,1.852977,8.0,3.5,4.0,6.0,10.0,20.0,16.0,48.0,80.0,200.0,False,0.002,0.005,0.1,0.0,0.0,0.0,8000,4000,8,4,37.0,12,105.0,36.0,20.0,575.000000,10,3,1,True,False,5,physical,67,42,1.645175,0.0
spanke_benes_rect_5x5,default,2-1-4-0-3,routed,5,5,0,0,15,4,4,I0-I1:3;I0-I4:4;I1-I3:3;I2-I4:3,3111.000000,5573.318531,2462.318531,1.485497,3.442241,1.956743,1.664927,8.0,3.5,4.0,6.0,10.0,20.0,16.0,48.0,80.0,200.0,False,0.002,0.005,0.1,0.0,0.0,0.0,8000,4000,8,4,37.0,12,105.0,36.0,20.0,575.000000,7,3,1,True,False,5,physical,68,42,1.214294,0.0
spanke_benes_rect_5x5,default,0-1-4-3-2,routed,5,5,0,0,17,5,6,I0-I1:6;I1-I3:2;I1-I4:2;I2-I3:3;I3-I4:3,3111.000000,5662.048623,2551.048623,1.549497,4.019575,2.470077,1.775419,8.0,3.5,4.0,6.0,10.0,20.0,16.0,48.0,80.0,200.0,False,0.002,0.005,0.1,0.0,0.0,0.0,8000,4000,8,4,37.0,12,105.0,36.0,20.0,575.000000,9,3,1,True,False,5,physical,69,42,1.917419,0.0
spanke_benes_rect_5x5,default,1-2-3-4-0,routed,5,5,0,0,18,3,6,I0-I1:4;I1-I2:4;I2-I3:6,3111.000000,5661.318531,2550.318531,1.498164,4.087616,2.589451,1.820127,8.0,3.5,4.0,6.0,10.0,20.0,16.0,48.0,80.0,200.0,False,0.002,0.005,0.1,0.0,0.0,0.0,8000,4000,8,4,37.0,12,105.0,36.0,20.0,575.000000,9,3,1,True,False,5,physical,70,42,1.253815,0.0
spanke_benes_rect_5x5,default,1-4-2-0-3,routed,5,5,0,0,15,4,4,I0-I1:2;I0-I2:2;I0-I3:3;I2-I4:4,3111.000000,5589.172512,2478.172512,1.485497,3.421533,1.936035,1.672269,8.0,3.5,4.0,6.0,10.0,20.0,16.0,48.0,80.0,200.0,False,0.002,0.005,0.1,0.0,0.0,0.0,8000,4000,8,4,37.0,12,105.0,36.0,20.0,575.000000,5,3,1,True,False,5,physical,71,42,0.837551,0.0
spanke_benes_rect_5x5,default,1-4-2-3-0,routed,5,5,0,0,14,3,4,I0-I1:2;I0-I2:2;I2-I3:4,3111.000000,5536.296402,2425.296402,1.485497,3.522690,2.037193,1.617119,8.0,3.5,4.0,6.0,10.0,20.0,16.0,48.0,80.0,200.0,False,0.002,0.005,0.1,0.0,0.0,0.0,8000,4000,8,4,37.0,12,105.0,36.0,20.0,575.000000,6,3,1,True,False,5,physical,72,42,0.750508,0.0
spanke_benes_rect_5x5,default,0-3-1-2-4,routed,5,5,0,0,20,6,4,I0-I1:2;I0-I2:4;I1-I3:3;I1-I4:4;I2-I3:4;I3-I4:2,3111.000000,5837.318531,2726.318531,1.549497,4.378736,2.829239,1.970527,8.0,3.5,4.0,6.0,10.0,20.0,16.0,48.0,80.0,200.0,False,0.002,0.005,0.1,0.0,0.0,0.0,8000,4000,8,4,37.0,12,105.0,36.0,20.0,575.000000,11,3,1,True,False,5,physical,73,42,1.988913,0.0
spanke_benes_rect_5x5,default,2-0-1-3-4,routed,5,5,0,0,20,5,6,I0-I2:3;I0-I3:4;I1-I2:4;I2-I3:2;I3-I4:6,3111.000000,5793.756586,2682.756586,1.510831,4.316991,2.806159,1.950103,8.0,3.5,4.0,6.0,10.0,20.0,16.0,48.0,80.0,200.0,False,0.002,0.005,0.1,0.0,0.0,0.0,8000,4000,8,4,37.0,12,105.0,36.0,20.0,575.000000,11,3,1,True,False,5,physical,74,42,2.099621,0.0
spanke_benes_rect_5x5,default,4-0-3-2-1,routed,5,5,0,0,13,3,3,I1-I3:2;I1-I4:2;I2-I3:3,3111.000000,5476.588439,2365.588439,1.536830,3.454281,1.917451,1.551235,8.0,3.5,4.0,6.0,10.0,20.0,16.0,48.0,80.0,200.0,False,0.002,0.005,0.1,0.0,0.0,0.0,8000,4000,8,4,37.0,12,105.0,36.0,20.0,575.000000,4,3,1,True,False,5,physical,75,42,0.617859,0.0
spanke_benes_rect_5x5,default,4-2-1-0-3,routed,5,5,0,0,13,3,3,I1-I4:2;I2-I3:3;I2-I4:2,3111.000000,5496.442421,2385.442421,1.536830,3.503697,1.966867,1.560177,8.0,3.5,4.0,6.0,10.0,20.0,16.0,48.0,80.0,200.0,False,0.002,0.005,0.1,0.0,0.0,0.0,8000,4000,8,4,37.0,12,105.0,36.0,20.0,575.000000,3,3,1,True,False,5,physical,76,42,0.393670,0.0
spanke_benes_rect_5x5,default,4-3-2-1-0,routed,5,5,0,0,10,0,1,,3111.000000,5391.274274,2280.274274,1.471197,2.926772,1.455575,1.406110,8.0,3.5,4.0,6.0,10.0,20.0,16.0,48.0,80.0,200.0,False,0.002,0.005,0.1,0.0,0.0,0.0,8000,4000,8,4,37.0,12,105.0,36.0,20.0,575.000000,1,3,1,True,False,5,physical,77,42,0.203283,0.0
spanke_benes_rect_5x5,default,4-0-3-1-2,routed,5,5,0,0,14,3,4,I1-I3:4;I2-I4:3;I3-I4:2,3111.000000,5536.880476,2425.880476,1.549497,3.819656,2.270159,1.613352,8.0,3.5,4.0,6.0,10.0,20.0,16.0,48.0,80.0,200.0,False,0.002,0.005,0.1,0.0,0.0,0.0,8000,4000,8,4,37.0,12,105.0,36.0,20.0,575.000000,5,3,1,True,False,5,physical,78,42,1.130122,0.0
spanke_benes_rect_5x5,default,0-4-1-3-2,routed,5,5,0,0,16,5,4,I0-I1:2;I0-I2:4;I2-I3:2;I2-I4:2;I3-I4:3,3111.000000,5644.880476,2533.880476,1.498164,3.702200,2.204035,1.736552,8.0,3.5,4.0,6.0,10.0,20.0,16.0,48.0,80.0,200.0,False,0.002,0.005,0.1,0.0,0.0,0.0,8000,4000,8,4,37.0,12,105.0,36.0,20.0,575.000000,8,3,1,True,False,5,physical,79,42,1.471103,0.0
spanke_benes_rect_5x5,default,3-2-0-4-1,routed,5,5,0,0,16,4,4,I0-I1:3;I0-I3:4;I2-I3:2;I2-I4:2,3111.000000,5699.566310,2588.566310,1.536830,4.061361,2.524531,1.767427,8.0,3.5,4.0,6.0,10.0,20.0,16.0,48.0,80.0,200.0,False,0.002,0.005,0.1,0.0,0.0,0.0,8000,4000,8,4,37.0,12,105.0,36.0,20.0,575.000000,8,3,1,True,False,5,physical,80,42,0.994783,0.0
spanke_benes_rect_5x5,default,1-4-0-3-2,routed,5,5,0,0,15,5,3,I0-I1:2;I0-I2:3;I0-I4:2;I2-I3:2;I3-I4:3,3111.000000,5608.442421,2497.442421,1.483864,3.522690,2.038826,1.684977,8.0,3.5,4.0,6.0,10.0,20.0,16.0,48.0,80.0,200.0,False,0.002,0.005,0.1,0.0,0.0,0.0,8000,4000,8,4,37.0,12,105.0,36.0,20.0,575.000000,7,3,1,True,False,5,physical,81,42,1.153858,0.0
spanke_benes_rect_5x5,default,4-1-2-0-3,routed,5,5,0,0,14,3,4,I1-I2:2;I1-I3:3;I2-I4:4,3111.000000,5564.880476,2453.880476,1.485497,3.421533,1.936035,1.624552,8.0,3.5,4.0,6.0,10.0,20.0,16.0,48.0,80.0,200.0,False,0.002,0.005,0.1,0.0,0.0,0.0,8000,4000,8,4,37.0,12,105.0,36.0,20.0,575.000000,4,3,1,True,False,5,physical,82,42,0.672396,0.0
spanke_benes_rect_5x5,default,0-4-2-1-3,routed,5,5,0,0,16,4,4,I0-I1:2;I0-I3:4;I2-I3:3;I2-I4:4,3111.000000,5625.610567,2514.610567,1.549497,3.819656,2.270159,1.723844,8.0,3.5,4.0,6.0,10.0,20.0,16.0,48.0,80.0,200.0,False,0.002,0.005,0.1,0.0,0.0,0.0,8000,4000,8,4,37.0,12,105.0,36.0,20.0,575.000000,6,3,1,True,False,5,physical,83,42,1.448519,0.0
spanke_benes_rect_5x5,default,0-1-2-3-4,routed,5,5,0,0,22,4,6,I0-I1:6;I1-I2:4;I2-I3:6;I3-I4:6,3111.000000,5823.070751,2712.070751,1.510831,4.348991,2.838159,2.032828,8.0,3.5,4.0,6.0,10.0,20.0,16.0,48.0,80.0,200.0,False,0.002,0.005,0.1,0.0,0.0,0.0,8000,4000,8,4,37.0,12,105.0,36.0,20.0,575.000000,12,3,1,True,False,5,physical,84,42,2.401440,0.0
spanke_benes_rect_5x5,default,4-3-0-2-1,routed,5,5,0,0,12,2,2,I2-I3:2;I2-I4:2,3111.000000,5523.274274,2412.274274,1.483864,3.230023,1.746159,1.538910,8.0,3.5,4.0,6.0,10.0,20.0,16.0,48.0,80.0,200.0,False,0.002,0.005,0.1,0.0,0.0,0.0,8000,4000,8,4,37.0,12,105.0,36.0,20.0,575.000000,4,3,1,True,False,5,physical,85,42,0.537771,0.0
spanke_benes_rect_5x5,default,4-1-2-3-0,routed,5,5,0,0,13,2,4,I1-I2:2;I2-I3:4,3111.000000,5512.004365,2401.004365,1.485497,3.522690,2.037193,1.569402,8.0,3.5,4.0,6.0,10.0,20.0,16.0,48.0,80.0,200.0,False,0.002,0.005,0.1,0.0,0.0,0.0,8000,4000,8,4,37.0,12,105.0,36.0,20.0,575.000000,5,3,1,True,False,5,physical,86,42,0.702898,0.0
spanke_benes_rect_5x5,default,2-1-3-4-0,routed,5,5,0,0,17,3,6,I0-I1:3;I0-I2:4;I2-I3:6,3111.000000,5613.172512,2502.172512,1.498164,4.055616,2.557451,1.761869,8.0,3.5,4.0,6.0,10.0,20.0,16.0,48.0,80.0,200.0,False,0.002,0.005,0.1,0.0,0.0,0.0,8000,4000,8,4,37.0,12,105.0,36.0,20.0,575.000000,8,3,1,True,False,5,physical,87,42,0.897759,0.0
spanke_benes_rect_5x5,default,4-2-3-1-0,routed,5,5,0,0,11,1,2,I1-I2:2,3111.000000,5439.566310,2328.566310,1.471197,3.237315,1.766118,1.463427,8.0,3.5,4.0,6.0,10.0,20.0,16.0,48.0,80.0,200.0,False,0.002,0.005,0.1,0.0,0.0,0.0,8000,4000,8,4,37.0,12,105.0,36.0,20.0,575.000000,2,3,1,True,False,5,physical,88,42,0.312848,0.0
spanke_benes_rect_5x5,default,2-0-4-3-1,routed,5,5,0,0,15,4,4,I0-I1:3;I0-I3:4;I1-I4:2;I2-I3:3,3111.000000,5577.464549,2466.464549,1.549497,3.843656,2.294159,1.665586,8.0,3.5,4.0,6.0,10.0,20.0,16.0,48.0,80.0,200.0,False,0.002,0.005,0.1,0.0,0.0,0.0,8000,4000,8,4,37.0,12,105.0,36.0,20.0,575.000000,7,3,1,True,False,5,physical,89,42,1.296322,0.0
spanke_benes_rect_5x5,default,4-1-3-2-0,routed,5,5,0,0,12,2,3,I1-I3:2;I2-I3:3,3111.000000,5428.296402,2317.296402,1.536830,3.454281,1.917451,1.493919,8.0,3.5,4.0,6.0,10.0,20.0,16.0,48.0,80.0,200.0,False,0.002,0.005,0.1,0.0,0.0,0.0,8000,4000,8,4,37.0,12,105.0,36.0,20.0,575.000000,3,3,1,True,False,5,physical,90,42,0.507456,0.0
spanke_benes_rect_5x5,default,3-2-4-1-0,routed,5,5,0,0,14,2,4,I0-I1:3;I0-I2:4,3111.000000,5559.566310,2448.566310,1.536830,3.865113,2.328283,1.631427,8.0,3.5,4.0,6.0,10.0,20.0,16.0,48.0,80.0,200.0,False,0.002,0.005,0.1,0.0,0.0,0.0,8000,4000,8,4,37.0,12,105.0,36.0,20.0,575.000000,5,3,1,True,False,5,physical,91,42,0.651321,0.0
spanke_benes_rect_5x5,default,3-1-4-2-0,routed,5,5,0,0,15,3,4,I0-I2:4;I0-I3:3;I1-I3:2,3111.000000,5572.150384,2461.150384,1.536830,3.865113,2.328283,1.672460,8.0,3.5,4.0,6.0,10.0,20.0,16.0,48.0,80.0,200.0,False,0.002,0.005,0.1,0.0,0.0,0.0,8000,4000,8,4,37.0,12,105.0,36.0,20.0,575.000000,6,3,1,True,False,5,physical,92,42,0.899912,0.0
spanke_benes_rect_5x5,default,3-4-0-2-1,routed,5,5,0,0,13,3,2,I0-I1:2;I2-I3:2;I2-I4:2,3111.000000,5547.566310,2436.566310,1.483864,3.320855,1.836991,1.586627,8.0,3.5,4.0,6.0,10.0,20.0,16.0,48.0,80.0,200.0,False,0.002,0.005,0.1,0.0,0.0,0.0,8000,4000,8,4,37.0,12,105.0,36.0,20.0,575.000000,5,3,1,True,False,5,physical,93,42,0.755536,0.0
spanke_benes_rect_5x5,default,1-0-2-4-3,routed,5,5,0,0,20,5,5,I0-I1:5;I0-I2:4;I2-I3:2;I2-I4:4;I3-I4:5,3111.000000,5742.486678,2631.486678,1.498164,3.725941,2.227777,1.924595,8.0,3.5,4.0,6.0,10.0,20.0,16.0,48.0,80.0,200.0,False,0.002,0.005,0.1,0.0,0.0,0.0,8000,4000,8,4,37.0,12,105.0,36.0,20.0,575.000000,11,3,1,True,False,5,physical,94,42,1.970735,0.0
spanke_benes_rect_5x5,default,2-4-3-1-0,routed,5,5,0,0,12,2,2,I0-I1:2;I0-I2:2,3111.000000,5440.004365,2329.004365,1.483864,3.205315,1.721451,1.500602,8.0,3.5,4.0,6.0,10.0,20.0,16.0,48.0,80.0,200.0,False,0.002,0.005,0.1,0.0,0.0,0.0,8000,4000,8,4,37.0,12,105.0,36.0,20.0,575.000000,3,3,1,True,False,5,physical,95,42,0.482866,0.0
spanke_benes_rect_5x5,default,4-1-0-2-3,routed,5,5,0,0,15,4,4,I1-I2:3;I1-I3:2;I2-I3:2;I3-I4:4,3111.000000,5640.442421,2529.442421,1.498164,3.759616,2.261451,1.697777,8.0,3.5,4.0,6.0,10.0,20.0,16.0,48.0,80.0,200.0,False,0.002,0.005,0.1,0.0,0.0,0.0,8000,4000,8,4,37.0,12,105.0,36.0,20.0,575.000000,6,3,1,True,False,5,physical,96,42,1.168582,0.0
spanke_benes_rect_5x5,default,3-0-4-2-1,routed,5,5,0,0,16,4,4,I0-I2:4;I0-I3:3;I1-I3:2;I1-I4:2,3111.000000,5628.442421,2517.442421,1.536830,3.922529,2.385699,1.732977,8.0,3.5,4.0,6.0,10.0,20.0,16.0,48.0,80.0,200.0,False,0.002,0.005,0.1,0.0,0.0,0.0,8000,4000,8,4,37.0,12,105.0,36.0,20.0,575.000000,7,3,1,True,False,5,physical,97,42,1.054036,0.0
spanke_benes_rect_5x5,default,2-3-4-0-1,routed,5,5,0,0,16,3,4,I0-I1:4;I1-I2:4;I3-I4:2,3111.000000,5632.150384,2521.150384,1.549497,4.141072,2.591575,1.736460,8.0,3.5,4.0,6.0,10.0,20.0,16.0,48.0,80.0,200.0,False,0.002,0.005,0.1,0.0,0.0,0.0,8000,4000,8,4,37.0,12,105.0,36.0,20.0,575.000000,7,3,1,True,False,5,physical,98,42,0.868244,0.0
spanke_benes_rect_5x5,default,1-0-4-3-2,routed,5,5,0,0,16,5,5,I0-I1:5;I0-I3:2;I0-I4:2;I2-I3:3;I3-I4:3,3111.000000,5637.756586,2526.756586,1.549497,3.843656,2.294159,1.727703,8.0,3.5,4.0,6.0,10.0,20.0,16.0,48.0,80.0,200.0,False,0.002,0.005,0.1,0.0,0.0,0.0,8000,4000,8,4,37.0,12,105.0,36.0,20.0,575.000000,8,3,1,True,False,5,physical,99,42,1.723991,0.0
spanke_benes_rect_5x5,default,1-0-3-4-2,routed,5,5,0,0,19,5,6,I0-I1:5;I0-I2:2;I0-I4:2;I2-I3:6;I2-I4:3,3111.000000,5706.048623,2595.048623,1.498164,4.055616,2.557451,1.873019,8.0,3.5,4.0,6.0,10.0,20.0,16.0,48.0,80.0,200.0,False,0.002,0.005,0.1,0.0,0.0,0.0,8000,4000,8,4,37.0,12,105.0,36.0,20.0,575.000000,10,3,1,True,False,5,physical,100,42,1.345504,0.0
spanke_benes_rect_5x5,default,4-1-3-0-2,routed,5,5,0,0,13,3,3,I1-I3:3;I1-I4:2;I2-I4:3,3111.000000,5500.442421,2389.442421,1.471197,3.205315,1.734118,1.561777,8.0,3.5,4.0,6.0,10.0,20.0,16.0,48.0,80.0,200.0,False,0.002,0.005,0.1,0.0,0.0,0.0,8000,4000,8,4,37.0,12,105.0,36.0,20.0,575.000000,4,3,1,True,False,5,physical,101,42,0.615376,0.0
spanke_benes_rect_5x5,default,4-3-1-2-0,routed,5,5,0,0,11,1,2,I2-I3:2,3111.000000,5474.982237,2363.982237,1.471197,3.210023,1.738826,1.481593,8.0,3.5,4.0,6.0,10.0,20.0,16.0,48.0,80.0,200.0,False,0.002,0.005,0.1,0.0,0.0,0.0,8000,4000,8,4,37.0,12,105.0,36.0,20.0,575.000000,3,3,1,True,False,5,physical,102,42,0.484661,0.0
spanke_benes_rect_5x5,default,0-1-4-2-3,routed,5,5,0,0,18,4,6,I0-I1:6;I1-I3:4;I2-I4:3;I3-I4:4,3111.000000,5690.340659,2579.340659,1.510831,4.019575,2.508743,1.824736,8.0,3.5,4.0,6.0,10.0,20.0,16.0,48.0,80.0,200.0,False,0.002,0.005,0.1,0.0,0.0,0.0,8000,4000,8,4,37.0,12,105.0,36.0,20.0,575.000000,10,3,1,True,False,5,physical,103,42,2.004268,0.0
spanke_benes_rect_5x5,default,2-1-0-3-4,routed,5,5,0,0,19,5,6,I0-I1:3;I0-I3:4;I1-I2:3;I2-I3:2;I3-I4:6,3111.000000,5757.318531,2646.318531,1.510831,4.316991,2.806159,1.898527,8.0,3.5,4.0,6.0,10.0,20.0,16.0,48.0,80.0,200.0,False,0.002,0.005,0.1,0.0,0.0,0.0,8000,4000,8,4,37.0,12,105.0,36.0,20.0,575.000000,10,3,1,True,False,5,physical,104,42,1.677754,0.0
spanke_benes_rect_5x5,default,3-0-2-4-1,routed,5,5,0,0,17,5,4,I0-I2:3;I0-I3:4;I1-I2:2;I1-I4:2;I2-I3:2,3111.000000,5712.150384,2601.150384,1.536830,4.061361,2.524531,1.808460,8.0,3.5,4.0,6.0,10.0,20.0,16.0,48.0,80.0,200.0,False,0.002,0.005,0.1,0.0,0.0,0.0,8000,4000,8,4,37.0,12,105.0,36.0,20.0,575.000000,9,3,1,True,False,5,physical,105,42,1.339251,0.0
spanke_benes_rect_5x5,default,0-2-4-3-1,routed,5,5,0,0,18,5,4,I0-I1:4;I0-I4:2;I1-I2:2;I1-I3:4;I2-I3:3,3111.000000,5705.172512,2594.172512,1.549497,3.854200,2.304702,1.838669,8.0,3.5,4.0,6.0,10.0,20.0,16.0,48.0,80.0,200.0,False,0.002,0.005,0.1,0.0,0.0,0.0,8000,4000,8,4,37.0,12,105.0,36.0,20.0,575.000000,8,3,1,True,False,5,physical,106,42,1.723943,0.0
spanke_benes_rect_5x5,default,2-4-1-3-0,routed,5,5,0,0,13,3,2,I0-I1:2;I0-I3:2;I2-I3:2,3111.000000,5523.712329,2412.712329,1.483864,3.522690,2.038826,1.576085,8.0,3.5,4.0,6.0,10.0,20.0,16.0,48.0,80.0,200.0,False,0.002,0.005,0.1,0.0,0.0,0.0,8000,4000,8,4,37.0,12,105.0,36.0,20.0,575.000000,5,3,1,True,False,5,physical,107,42,0.683875,0.0
spanke_benes_rect_5x5,default,4-2-1-3-0,routed,5,5,0,0,12,2,2,I1-I3:2;I2-I3:2,3111.000000,5499.420292,2388.420292,1.471197,3.522690,2.051493,1.528368,8.0,3.5,4.0,6.0,10.0,20.0,16.0,48.0,80.0,200.0,False,0.002,0.005,0.1,0.0,0.0,0.0,8000,4000,8,4,37.0,12,105.0,36.0,20.0,575.000000,4,3,1,True,False,5,physical,108,42,0.433488,0.0
spanke_benes_rect_5x5,default,3-2-1-0-4,routed,5,5,0,0,16,4,4,I0-I1:3;I0-I4:4;I2-I3:3;I2-I4:2,3111.000000,5648.296402,2537.296402,1.536830,3.922529,2.385699,1.741919,8.0,3.5,4.0,6.0,10.0,20.0,16.0,48.0,80.0,200.0,False,0.002,0.005,0.1,0.0,0.0,0.0,8000,4000,8,4,37.0,12,105.0,36.0,20.0,575.000000,6,3,1,True,False,5,physical,109,42,0.783153,0.0
spanke_benes_rect_5x5,default,0-3-1-4-2,routed,5,5,0,0,19,6,4,I0-I1:2;I0-I2:4;I1-I3:4;I1-I4:3;I2-I3:2;I2-I4:2,3111.000000,5781.026494,2670.026494,1.549497,4.378736,2.829239,1.910011,8.0,3.5,4.0,6.0,10.0,20.0,16.0,48.0,80.0,200.0,False,0.002,0.005,0.1,0.0,0.0,0.0,8000,4000,8,4,37.0,12,105.0,36.0,20.0,575.000000,11,3,1,True,False,5,physical,110,42,1.730186,0.0
spanke_benes_rect_5x5,default,4-3-1-0-2,routed,5,5,0,0,12,2,3,I2-I3:3;I2-I4:2,3111.000000,5472.004365,2361.004365,1.536830,3.462281,1.925451,1.513402,8.0,3.5,4.0,6.0,10.0,20.0,16.0,48.0,80.0,200.0,False,0.002,0.005,0.1,0.0,0.0,0.0,8000,4000,8,4,37.0,12,105.0,36.0,20.0,575.000000,2,3,1,True,False,5,physical,111,42,0.389358,0.0
spanke_benes_rect_5x5,default,0-3-4-2-1,routed,5,5,0,0,17,5,4,I0-I1:2;I0-I3:2;I0-I4:2;I1-I2:4;I1-I3:3,3111.000000,5644.734457,2533.734457,1.549497,4.182488,2.632991,1.777494,8.0,3.5,4.0,6.0,10.0,20.0,16.0,48.0,80.0,200.0,False,0.002,0.005,0.1,0.0,0.0,0.0,8000,4000,8,4,37.0,12,105.0,36.0,20.0,575.000000,8,3,1,True,False,5,physical,112,42,1.255995,0.0
spanke_benes_rect_5x5,default,1-0-4-2-3,routed,5,5,0,0,17,4,5,I0-I1:5;I0-I3:4;I2-I4:3;I3-I4:4,3111.000000,5666.048623,2555.048623,1.498164,3.865031,2.366867,1.777019,8.0,3.5,4.0,6.0,10.0,20.0,16.0,48.0,80.0,200.0,False,0.002,0.005,0.1,0.0,0.0,0.0,8000,4000,8,4,37.0,12,105.0,36.0,20.0,575.000000,9,3,1,True,False,5,physical,113,42,1.846232,0.0
spanke_benes_rect_5x5,default,1-2-0-4-3,routed,5,5,0,0,19,5,5,I0-I1:4;I0-I2:3;I1-I4:4;I2-I3:2;I3-I4:5,3111.000000,5725.318531,2614.318531,1.498164,3.898447,2.400283,1.885727,8.0,3.5,4.0,6.0,10.0,20.0,16.0,48.0,80.0,200.0,False,0.002,0.005,0.1,0.0,0.0,0.0,8000,4000,8,4,37.0,12,105.0,36.0,20.0,575.000000,11,3,1,True,False,5,physical,114,42,1.861196,0.0
spanke_benes_rect_5x5,default,1-2-4-3-0,routed,5,5,0,0,17,4,4,I0-I1:4;I1-I2:2;I1-I3:4;I2-I3:3,3111.000000,5656.880476,2545.880476,1.549497,3.854200,2.304702,1.781352,8.0,3.5,4.0,6.0,10.0,20.0,16.0,48.0,80.0,200.0,False,0.002,0.005,0.1,0.0,0.0,0.0,8000,4000,8,4,37.0,12,105.0,36.0,20.0,575.000000,7,3,1,True,False,5,physical,115,42,1.525769,0.0
spanke_benes_rect_5x5,default,3-4-2-0-1,routed,5,5,0,0,12,2,2,I0-I1:2;I3-I4:2,3111.000000,5463.858347,2352.858347,1.483864,3.271439,1.787575,1.511143,8.0,3.5,4.0,6.0,10.0,20.0,16.0,48.0,80.0,200.0,False,0.002,0.005,0.1,0.0,0.0,0.0,8000,4000,8,4,37.0,12,105.0,36.0,20.0,575.000000,3,3,1,True,False,5,physical,116,42,0.514189,0.0
spanke_benes_rect_5x5,default,0-1-3-4-2,routed,5,5,0,0,20,5,6,I0-I1:6;I1-I2:2;I1-I4:2;I2-I3:6;I2-I4:3,3111.000000,5730.340659,2619.340659,1.510831,4.055616,2.544784,1.920736,8.0,3.5,4.0,6.0,10.0,20.0,16.0,48.0,80.0,200.0,False,0.002,0.005,0.1,0.0,0.0,0.0,8000,4000,8,4,37.0,12,105.0,36.0,20.0,575.000000,11,3,1,True,False,5,physical,117,42,1.559095,0.0
spanke_benes_rect_5x5,default,0-3-2-1-4,routed,5,5,0,0,19,6,4,I0-I1:2;I0-I3:4;I1-I2:3;I1-I4:4;I2-I3:3;I2-I4:2,3111.000000,5753.610567,2642.610567,1.549497,4.198488,2.648991,1.895044,8.0,3.5,4.0,6.0,10.0,20.0,16.0,48.0,80.0,200.0,False,0.002,0.005,0.1,0.0,0.0,0.0,8000,4000,8,4,37.0,12,105.0,36.0,20.0,575.000000,9,3,1,True,False,5,physical,118,42,1.675550,0.0
spanke_benes_rect_5x5,default,3-1-2-4-0,routed,5,5,0,0,16,4,4,I0-I2:3;I0-I3:4;I1-I2:2;I2-I3:2,3111.000000,5655.858347,2544.858347,1.536830,4.003945,2.467115,1.747943,8.0,3.5,4.0,6.0,10.0,20.0,16.0,48.0,80.0,200.0,False,0.002,0.005,0.1,0.0,0.0,0.0,8000,4000,8,4,37.0,12,105.0,36.0,20.0,575.000000,8,3,1,True,False,5,physical,119,42,1.279568,0.0
padded_benes_8x8,default,3-1-2-4-0-5,failed,6,5,1,0,30,10,5,I0-I1:3;I0-I2:5;I0-I3:2;I0-I5:2;I1-I2:4;I1-I3:2;I1-I5:2;I2-I3:4;I2-I5:2;I3-I5:4,4466.000000,7146.353906,2680.353906,2.970831,5.031196,2.060365,1.724142,8.0,3.5,4.0,6.0,10.0,20.0,16.0,48.0,80.0,200.0,False,0.002,0.005,0.1,0.0,0.0,0.0,8000,4000,8,4,37.0,12,105.0,36.0,20.0,575.000000,18,3,4,True,True,6,physical,0,42,10.139654,0.16666666666666666
padded_benes_8x8,default,3-0-2-4-5-1,failed,6,5,1,0,30,10,5,I0-I1:3;I0-I2:5;I0-I3:2;I0-I4:2;I1-I2:4;I1-I3:2;I1-I4:2;I2-I3:4;I2-I4:2;I3-I4:4,4466.000000,6920.207888,2454.207888,2.958164,5.031196,2.073032,1.647483,8.0,3.5,4.0,6.0,10.0,20.0,16.0,48.0,80.0,200.0,False,0.002,0.005,0.1,0.0,0.0,0.0,8000,4000,8,4,37.0,12,105.0,36.0,20.0,575.000000,16,3,4,True,True,6,physical,1,42,10.359997,0.16666666666666666
padded_benes_8x8,default,3-1-2-0-4-5,failed,6,5,1,0,32,10,6,I0-I1:3;I0-I2:5;I0-I4:2;I0-I5:2;I1-I2:4;I1-I4:2;I1-I5:2;I2-I4:4;I2-I5:2;I4-I5:6,4562.000000,6790.544182,2228.544182,3.089497,5.222028,2.132531,1.651618,8.0,3.5,4.0,6.0,10.0,20.0,16.0,48.0,80.0,200.0,False,0.002,0.005,0.1,0.0,0.0,0.0,8000,4000,8,4,37.0,12,105.0,36.0,20.0,575.000000,25,3,3,True,True,6,physical,2,42,22.200447,0.16666666666666666
padded_benes_8x8,default,1-2-3-4-5-0,routed,6,6,0,0,35,11,4,I0-I1:2;I0-I2:4;I0-I3:2;I0-I4:2;I1-I2:4;I1-I3:2;I1-I4:2;I2-I3:4;I2-I4:2;I3-I4:4;I4-I5:3,4466.000000,8284.287521,3818.287521,2.958164,5.343485,2.385321,1.651929,8.0,3.5,4.0,6.0,10.0,20.0,16.0,48.0,80.0,200.0,False,0.002,0.005,0.1,0.0,0.0,0.0,8000,4000,8,4,37.0,12,105.0,36.0,20.0,575.000000,12,3,1,True,False,6,physical,3,42,5.900184,0.0
padded_benes_8x8,default,1-3-2-0-5-4,routed,6,6,0,0,45,15,5,I0-I1:2;I0-I2:4;I0-I3:3;I0-I4:2;I0-I5:2;I1-I2:5;I1-I3:3;I1-I4:2;I1-I5:2;I2-I3:5;I2-I4:2;I2-I5:2;I3-I4:4;I3-I5:2;I4-I5:5,4562.000000,8416.871594,3854.871594,3.106831,5.808152,2.701321,1.894124,8.0,3.5,4.0,6.0,10.0,20.0,16.0,48.0,80.0,200.0,False,0.002,0.005,0.1,0.0,0.0,0.0,8000,4000,8,4,37.0,12,105.0,36.0,20.0,575.000000,16,3,1,True,False,6,physical,4,42,7.767693,0.0
padded_benes_8x8,default,2-1-0-3-4-5,failed,6,4,2,0,22,6,6,I1-I3:6;I1-I4:2;I1-I5:2;I3-I4:2;I3-I5:4;I4-I5:6,4562.000000,6083.004365,1521.004365,3.038164,5.212070,2.173906,1.678752,8.0,3.5,4.0,6.0,10.0,20.0,16.0,48.0,80.0,200.0,False,0.002,0.005,0.1,0.0,0.0,0.0,8000,4000,8,4,37.0,12,105.0,36.0,20.0,575.000000,23,3,3,True,True,6,physical,5,42,22.523049,0.3333333333333333
padded_benes_8x8,default,5-1-3-0-2-4,failed,6,4,2,0,22,6,6,I1-I2:6;I1-I3:5;I1-I5:2;I2-I3:5;I2-I5:2;I3-I5:2,4562.000000,5942.858347,1380.858347,3.089497,5.174695,2.085198,1.545929,8.0,3.5,4.0,6.0,10.0,20.0,16.0,48.0,80.0,200.0,False,0.002,0.005,0.1,0.0,0.0,0.0,8000,4000,8,4,37.0,12,105.0,36.0,20.0,575.000000,32,3,3,True,True,6,physical,6,42,35.142673,0.3333333333333333
padded_benes_8x8,default,4-3-0-1-5-2,failed,6,5,1,0,34,10,6,I1-I2:5;I1-I3:3;I1-I4:2;I1-I5:5;I2-I3:6;I2-I4:2;I2-I5:2;I3-I4:2;I3-I5:2;I4-I5:5,4562.000000,7772.893723,3210.893723,3.038164,5.660819,2.622655,1.933557,8.0,3.5,4.0,6.0,10.0,20.0,16.0,48.0,80.0,200.0,False,0.002,0.005,0.1,0.0,0.0,0.0,8000,4000,8,4,37.0,12,105.0,36.0,20.0,575.000000,24,3,3,True,True,6,physical,7,42,18.511368,0.16666666666666666
padded_benes_8x8,default,2-1-4-3-5-0,failed,6,4,2,0,19,6,6,I1-I3:6;I1-I4:2;I1-I5:3;I3-I4:2;I3-I5:3;I4-I5:3,4466.000000,6035.982237,1569.982237,2.958164,5.112070,2.153906,1.537991,8.0,3.5,4.0,6.0,10.0,20.0,16.0,48.0,80.0,200.0,False,0.002,0.005,0.1,0.0,0.0,0.0,8000,4000,8,4,37.0,12,105.0,36.0,20.0,575.000000,21,3,3,True,True,6,physical,8,42,17.524651,0.3333333333333333
padded_benes_8x8,default,3-1-0-5-4-2,failed,6,5,1,0,30,10,5,I0-I1:3;I0-I2:3;I0-I3:2;I0-I4:2;I1-I2:5;I1-I3:2;I1-I4:2;I2-I3:4;I2-I4:2;I3-I4:5,4466.000000,6664.106127,2198.106127,2.838164,5.544152,2.705988,1.556042,8.0,3.5,4.0,6.0,10.0,20.0,16.0,48.0,80.0,200.0,False,0.002,0.005,0.1,0.0,0.0,0.0,8000,4000,8,4,37.0,12,105.0,36.0,20.0,575.000000,17,3,3,True,True,6,physical,9,42,10.488292,0.16666666666666666
waksman_6x6,default,3-1-2-4-0-5,failed,6,5,1,0,26,7,5,I0-I2:5;I0-I3:2;I2-I3:4;I2-I4:3;I2-I5:4;I3-I5:4;I4-I5:2,3866.000000,6112.588439,2246.588439,2.550831,5.020814,2.469983,1.824835,8.0,3.5,4.0,6.0,10.0,20.0,16.0,48.0,80.0,200.0,False,0.002,0.005,0.1,0.0,0.0,0.0,8000,4000,8,4,37.0,12,105.0,36.0,20.0,575.000000,20,3,4,True,True,6,physical,0,42,13.784472,0.16666666666666666
waksman_6x6,default,3-0-2-4-5-1,failed,6,5,1,0,32,9,7,I0-I1:5;I0-I2:7;I0-I3:2;I1-I2:4;I1-I3:2;I1-I4:2;I2-I3:4;I2-I4:2;I3-I4:4,3866.000000,6197.420292,2331.420292,2.538164,4.812814,2.274650,2.015568,8.0,3.5,4.0,6.0,10.0,20.0,16.0,48.0,80.0,200.0,False,0.002,0.005,0.1,0.0,0.0,0.0,8000,4000,8,4,37.0,12,105.0,36.0,20.0,575.000000,27,3,3,True,True,6,physical,1,42,33.684832,0.16666666666666666
waksman_6x6,default,3-1-2-0-4-5,failed,6,5,1,0,32,10,5,I0-I1:5;I0-I2:5;I0-I4:4;I0-I5:2;I1-I2:4;I1-I4:2;I1-I5:2;I2-I4:2;I2-I5:4;I4-I5:2,3866.000000,6276.734457,2410.734457,2.550831,5.299646,2.748815,1.995894,8.0,3.5,4.0,6.0,10.0,20.0,16.0,48.0,80.0,200.0,False,0.002,0.005,0.1,0.0,0.0,0.0,8000,4000,8,4,37.0,12,105.0,36.0,20.0,575.000000,18,3,4,True,True,6,physical,2,42,6.615087,0.16666666666666666
waksman_6x6,default,1-2-3-4-5-0,failed,6,4,2,0,20,6,4,I0-I2:4;I0-I3:2;I0-I4:2;I2-I3:4;I2-I4:4;I3-I4:4,3866.000000,5155.340659,1289.340659,2.538164,4.964313,2.426149,1.799920,8.0,3.5,4.0,6.0,10.0,20.0,16.0,48.0,80.0,200.0,False,0.002,0.005,0.1,0.0,0.0,0.0,8000,4000,8,4,37.0,12,105.0,36.0,20.0,575.000000,18,3,3,True,True,6,physical,3,42,11.956021,0.3333333333333333
waksman_6x6,default,1-3-2-0-5-4,failed,6,5,1,0,26,9,5,I0-I1:2;I0-I2:4;I0-I4:2;I0-I5:2;I1-I2:3;I1-I4:2;I1-I5:4;I2-I5:2;I4-I5:5,3866.000000,5814.588439,1948.588439,2.446164,4.187155,1.740991,1.584835,8.0,3.5,4.0,6.0,10.0,20.0,16.0,48.0,80.0,200.0,False,0.002,0.005,0.1,0.0,0.0,0.0,8000,4000,8,4,37.0,12,105.0,36.0,20.0,575.000000,22,3,3,True,True,6,physical,4,42,10.109891,0.16666666666666666
waksman_6x6,default,2-1-0-3-4-5,failed,6,5,1,0,31,10,5,I0-I1:5;I0-I3:4;I0-I4:4;I0-I5:2;I1-I3:4;I1-I4:2;I1-I5:2;I3-I4:2;I3-I5:4;I4-I5:2,3866.000000,6107.610567,2241.610567,2.550831,4.969440,2.418609,1.875844,8.0,3.5,4.0,6.0,10.0,20.0,16.0,48.0,80.0,200.0,False,0.002,0.005,0.1,0.0,0.0,0.0,8000,4000,8,4,37.0,12,105.0,36.0,20.0,575.000000,17,3,4,True,True,6,physical,5,42,6.900223,0.16666666666666666
waksman_6x6,default,5-1-3-0-2-4,failed,6,5,1,0,17,5,4,I1-I2:2;I1-I5:2;I2-I4:3;I2-I5:2;I4-I5:4,3866.000000,5529.172512,1663.172512,2.113497,3.720065,1.606568,1.106669,8.0,3.5,4.0,6.0,10.0,20.0,16.0,48.0,80.0,200.0,False,0.002,0.005,0.1,0.0,0.0,0.0,8000,4000,8,4,37.0,12,105.0,36.0,20.0,575.000000,9,3,3,True,True,6,physical,6,42,6.998596,0.16666666666666666
waksman_6x6,default,4-3-0-1-5-2,failed,6,5,1,0,26,8,5,I0-I1:3;I0-I4:4;I1-I3:5;I1-I4:2;I1-I5:3;I3-I4:2;I3-I5:2;I4-I5:3,3866.000000,6084.734457,2218.734457,2.446164,4.387155,1.940991,1.672694,8.0,3.5,4.0,6.0,10.0,20.0,16.0,48.0,80.0,200.0,False,0.002,0.005,0.1,0.0,0.0,0.0,8000,4000,8,4,37.0,12,105.0,36.0,20.0,575.000000,16,3,4,True,True,6,physical,7,42,7.068589,0.16666666666666666
waksman_6x6,default,2-1-4-3-5-0,failed,6,4,2,0,21,6,5,I1-I2:2;I1-I3:4;I1-I4:2;I2-I3:5;I2-I4:4;I3-I4:4,3866.000000,5162.902604,1296.902604,2.550831,4.909688,2.358857,1.849451,8.0,3.5,4.0,6.0,10.0,20.0,16.0,48.0,80.0,200.0,False,0.002,0.005,0.1,0.0,0.0,0.0,8000,4000,8,4,37.0,12,105.0,36.0,20.0,575.000000,31,3,3,True,True,6,physical,8,42,38.118133,0.3333333333333333
waksman_6x6,default,3-1-0-5-4-2,failed,6,5,1,0,23,7,5,I0-I1:5;I0-I4:4;I0-I5:3;I1-I3:2;I1-I4:2;I1-I5:2;I4-I5:3,3866.000000,5904.296402,2038.296402,2.269497,4.206690,1.937193,1.483519,8.0,3.5,4.0,6.0,10.0,20.0,16.0,48.0,80.0,200.0,False,0.002,0.005,0.1,0.0,0.0,0.0,8000,4000,8,4,37.0,12,105.0,36.0,20.0,575.000000,12,3,4,True,True,6,physical,9,42,6.346187,0.16666666666666666
spanke_benes_6x6,default,3-1-2-4-0-5,routed,6,6,0,0,24,5,6,I0-I1:5;I1-I2:6;I2-I3:4;I3-I4:3;I4-I5:2,6410.000000,10070.915851,3660.915851,2.559430,5.657837,3.098407,2.117805,8.0,3.5,4.0,6.0,10.0,20.0,16.0,48.0,80.0,200.0,False,0.002,0.005,0.1,0.0,0.0,0.0,8000,4000,8,4,37.0,12,105.0,36.0,20.0,995.000000,11,3,1,True,False,6,physical,0,42,2.867030,0.0
spanke_benes_6x6,default,3-0-2-4-5-1,routed,6,6,0,0,24,5,6,I0-I1:5;I1-I2:6;I1-I5:2;I2-I3:4;I3-I4:2,6410.000000,10086.477796,3676.477796,2.559430,5.657837,3.098407,2.125493,8.0,3.5,4.0,6.0,10.0,20.0,16.0,48.0,80.0,200.0,False,0.002,0.005,0.1,0.0,0.0,0.0,8000,4000,8,4,37.0,12,105.0,36.0,20.0,995.000000,11,3,1,True,False,6,physical,1,42,4.524567,0.0
spanke_benes_6x6,default,3-1-2-0-4-5,routed,6,6,0,0,27,6,6,I0-I1:5;I0-I4:2;I1-I2:6;I2-I3:5;I3-I4:4;I4-I5:2,6410.000000,10138.477796,3728.477796,2.559430,5.657837,3.098407,2.242826,8.0,3.5,4.0,6.0,10.0,20.0,16.0,48.0,80.0,200.0,False,0.002,0.005,0.1,0.0,0.0,0.0,8000,4000,8,4,37.0,12,105.0,36.0,20.0,995.000000,13,3,1,True,False,6,physical,2,42,3.932004,0.0
spanke_benes_6x6,default,1-2-3-4-5-0,routed,6,6,0,0,25,4,8,I0-I1:8;I1-I2:6;I2-I3:4;I3-I4:2,6410.000000,9952.522053,3542.522053,2.625063,6.288886,3.663823,2.102507,8.0,3.5,4.0,6.0,10.0,20.0,16.0,48.0,80.0,200.0,False,0.002,0.005,0.1,0.0,0.0,0.0,8000,4000,8,4,37.0,12,105.0,36.0,20.0,995.000000,11,3,1,True,False,6,physical,3,42,5.506431,0.0
spanke_benes_6x6,default,1-3-2-0-5-4,routed,6,6,0,0,27,7,6,I0-I1:6;I0-I2:2;I1-I2:5;I1-I5:2;I2-I3:5;I3-I4:2;I3-I5:2,6410.000000,10001.791961,3591.791961,2.559430,5.955961,3.396531,2.189764,8.0,3.5,4.0,6.0,10.0,20.0,16.0,48.0,80.0,200.0,False,0.002,0.005,0.1,0.0,0.0,0.0,8000,4000,8,4,37.0,12,105.0,36.0,20.0,995.000000,12,3,1,True,False,6,physical,4,42,4.454423,0.0
spanke_benes_6x6,default,2-1-0-3-4-5,routed,6,6,0,0,27,5,7,I0-I1:7;I1-I2:7;I2-I3:6;I3-I4:4;I4-I5:2,6410.000000,10203.061870,3793.061870,2.612396,6.021635,3.409239,2.261021,8.0,3.5,4.0,6.0,10.0,20.0,16.0,48.0,80.0,200.0,False,0.002,0.005,0.1,0.0,0.0,0.0,8000,4000,8,4,37.0,12,105.0,36.0,20.0,995.000000,14,3,1,True,False,6,physical,5,42,4.018976,0.0
spanke_benes_6x6,default,5-1-3-0-2-4,routed,6,6,0,0,24,6,4,I1-I2:4;I1-I3:3;I2-I3:3;I2-I5:2;I3-I4:4;I4-I5:2,6410.000000,9877.207888,3467.207888,2.546763,5.414586,2.867823,2.051569,8.0,3.5,4.0,6.0,10.0,20.0,16.0,48.0,80.0,200.0,False,0.002,0.005,0.1,0.0,0.0,0.0,8000,4000,8,4,37.0,12,105.0,36.0,20.0,995.000000,9,3,1,True,False,6,physical,6,42,3.873351,0.0
spanke_benes_6x6,default,4-3-0-1-5-2,routed,6,6,0,0,22,5,6,I0-I1:3;I1-I2:3;I2-I3:6;I3-I4:2;I3-I5:2,6410.000000,10041.017612,3631.017612,2.559430,5.783253,3.223823,2.052006,8.0,3.5,4.0,6.0,10.0,20.0,16.0,48.0,80.0,200.0,False,0.002,0.005,0.1,0.0,0.0,0.0,8000,4000,8,4,37.0,12,105.0,36.0,20.0,995.000000,10,3,1,True,False,6,physical,7,42,4.325667,0.0
spanke_benes_6x6,default,2-1-4-3-5-0,routed,6,6,0,0,23,5,7,I0-I1:7;I1-I2:4;I1-I3:2;I2-I3:3;I3-I4:2,6410.000000,10111.309649,3701.309649,2.556396,5.902803,3.346407,2.107103,8.0,3.5,4.0,6.0,10.0,20.0,16.0,48.0,80.0,200.0,False,0.002,0.005,0.1,0.0,0.0,0.0,8000,4000,8,4,37.0,12,105.0,36.0,20.0,995.000000,11,3,1,True,False,6,physical,8,42,4.620463,0.0
spanke_benes_6x6,default,3-1-0-5-4-2,routed,6,6,0,0,23,5,7,I0-I1:5;I1-I2:7;I2-I3:2;I2-I4:2;I2-I5:2,6410.000000,10022.477796,3612.477796,2.612396,5.984219,3.371823,2.070826,8.0,3.5,4.0,6.0,10.0,20.0,16.0,48.0,80.0,200.0,False,0.002,0.005,0.1,0.0,0.0,0.0,8000,4000,8,4,37.0,12,105.0,36.0,20.0,995.000000,10,3,1,True,False,6,physical,9,42,4.137888,0.0
spanke_benes_rect_6x6,default,3-1-2-4-0-5,routed,6,6,0,0,26,6,6,I0-I2:3;I0-I3:4;I1-I2:4;I2-I3:2;I3-I5:6;I4-I5:2,4520.000000,8395.893723,3875.893723,1.825131,5.014122,3.188991,2.261965,8.0,3.5,4.0,6.0,10.0,20.0,16.0,48.0,80.0,200.0,False,0.002,0.005,0.1,0.0,0.0,0.0,8000,4000,8,4,37.0,12,105.0,36.0,20.0,680.000000,10,3,1,True,False,6,physical,0,42,2.396437,0.0
spanke_benes_rect_6x6,default,3-0-2-4-5-1,routed,6,6,0,0,26,7,6,I0-I2:3;I0-I3:4;I1-I2:2;I1-I5:2;I2-I3:2;I2-I5:3;I3-I4:6,4520.000000,8342.331778,3822.331778,1.851129,5.014122,3.162992,2.241611,8.0,3.5,4.0,6.0,10.0,20.0,16.0,48.0,80.0,200.0,False,0.002,0.005,0.1,0.0,0.0,0.0,8000,4000,8,4,37.0,12,105.0,36.0,20.0,680.000000,11,3,1,True,False,6,physical,1,42,3.290675,0.0
spanke_benes_rect_6x6,default,3-1-2-0-4-5,routed,6,6,0,0,27,6,8,I0-I2:3;I0-I4:4;I1-I2:4;I1-I3:3;I2-I4:2;I4-I5:8,4520.000000,8414.331778,3894.331778,1.812463,4.840665,3.028201,2.298944,8.0,3.5,4.0,6.0,10.0,20.0,16.0,48.0,80.0,200.0,False,0.002,0.005,0.1,0.0,0.0,0.0,8000,4000,8,4,37.0,12,105.0,36.0,20.0,680.000000,12,3,1,True,False,6,physical,2,42,3.127882,0.0
spanke_benes_rect_6x6,default,1-2-3-4-5-0,routed,6,6,0,0,27,4,6,I0-I1:6;I1-I2:4;I2-I3:6;I3-I4:6,4520.000000,8376.623814,3856.623814,1.825131,5.046122,3.220991,2.284708,8.0,3.5,4.0,6.0,10.0,20.0,16.0,48.0,80.0,200.0,False,0.002,0.005,0.1,0.0,0.0,0.0,8000,4000,8,4,37.0,12,105.0,36.0,20.0,680.000000,12,3,1,True,False,6,physical,3,42,2.675503,0.0
spanke_benes_rect_6x6,default,1-3-2-0-5-4,routed,6,6,0,0,27,7,7,I0-I1:2;I0-I2:4;I0-I3:3;I1-I2:3;I1-I5:4;I2-I5:2;I4-I5:7,4520.000000,8360.477796,3840.477796,1.825131,4.958122,3.132991,2.280159,8.0,3.5,4.0,6.0,10.0,20.0,16.0,48.0,80.0,200.0,False,0.002,0.005,0.1,0.0,0.0,0.0,8000,4000,8,4,37.0,12,105.0,36.0,20.0,680.000000,13,3,1,True,False,6,physical,4,42,3.966811,0.0
spanke_benes_rect_6x6,default,2-1-0-3-4-5,routed,6,6,0,0,29,6,8,I0-I1:5;I0-I3:4;I1-I2:3;I2-I3:2;I3-I4:6;I4-I5:8,4520.000000,8467.937980,3947.937980,1.812463,4.872665,3.060201,2.374313,8.0,3.5,4.0,6.0,10.0,20.0,16.0,48.0,80.0,200.0,False,0.002,0.005,0.1,0.0,0.0,0.0,8000,4000,8,4,37.0,12,105.0,36.0,20.0,680.000000,13,3,1,True,False,6,physical,5,42,2.942269,0.0
spanke_benes_rect_6x6,default,5-1-3-0-2-4,routed,6,6,0,0,22,5,4,I1-I3:3;I1-I4:4;I2-I4:3;I2-I5:4;I4-I5:2,4520.000000,8201.747704,3681.747704,1.812463,4.368747,2.556283,2.064749,8.0,3.5,4.0,6.0,10.0,20.0,16.0,48.0,80.0,200.0,False,0.002,0.005,0.1,0.0,0.0,0.0,8000,4000,8,4,37.0,12,105.0,36.0,20.0,680.000000,7,3,1,True,False,6,physical,6,42,2.023513,0.0
spanke_benes_rect_6x6,default,4-3-0-1-5-2,routed,6,6,0,0,22,5,4,I0-I1:3;I0-I4:2;I2-I3:4;I3-I5:4;I4-I5:3,4520.000000,8304.871594,3784.871594,1.863796,4.462203,2.598407,2.104124,8.0,3.5,4.0,6.0,10.0,20.0,16.0,48.0,80.0,200.0,False,0.002,0.005,0.1,0.0,0.0,0.0,8000,4000,8,4,37.0,12,105.0,36.0,20.0,680.000000,10,3,1,True,False,6,physical,7,42,2.089423,0.0
spanke_benes_rect_6x6,default,2-1-4-3-5-0,routed,6,6,0,0,25,4,6,I0-I1:5;I0-I3:4;I2-I3:5;I2-I4:6,4520.000000,8298.039741,3778.039741,1.812463,4.668747,2.856283,2.195180,8.0,3.5,4.0,6.0,10.0,20.0,16.0,48.0,80.0,200.0,False,0.002,0.005,0.1,0.0,0.0,0.0,8000,4000,8,4,37.0,12,105.0,36.0,20.0,680.000000,10,3,1,True,False,6,physical,8,42,2.360464,0.0
spanke_benes_rect_6x6,default,3-1-0-5-4-2,routed,6,6,0,0,23,6,4,I0-I4:4;I0-I5:3;I1-I2:3;I1-I5:4;I2-I3:2;I3-I4:3,4520.000000,8230.331778,3710.331778,1.863796,4.511619,2.647823,2.104277,8.0,3.5,4.0,6.0,10.0,20.0,16.0,48.0,80.0,200.0,False,0.002,0.005,0.1,0.0,0.0,0.0,8000,4000,8,4,37.0,12,105.0,36.0,20.0,680.000000,11,3,1,True,False,6,physical,9,42,3.121275,0.0
padded_benes_8x8,default,1-3-4-2-6-0-5,failed,7,6,1,0,35,11,5,I0-I1:2;I0-I2:2;I0-I3:4;I0-I4:2;I1-I2:2;I1-I3:5;I1-I4:4;I2-I3:3;I2-I4:2;I3-I4:2;I4-I5:3,5201.000000,8473.703447,3272.703447,2.958164,4.962110,2.003946,1.625734,8.0,3.5,4.0,6.0,10.0,20.0,16.0,48.0,80.0,200.0,False,0.002,0.005,0.1,0.0,0.0,0.0,8000,4000,8,4,37.0,12,105.0,36.0,20.0,575.000000,17,3,4,True,True,7,physical,0,42,9.912305,0.14285714285714285
padded_benes_8x8,default,3-6-2-4-0-5-1,failed,7,5,2,0,27,7,6,I0-I2:3;I0-I3:2;I2-I3:6;I2-I5:2;I2-I6:3;I3-I5:6;I5-I6:3,5177.000000,7480.163631,2303.163631,2.812830,5.019904,2.207074,1.850265,8.0,3.5,4.0,6.0,10.0,20.0,16.0,48.0,80.0,200.0,False,0.002,0.005,0.1,0.0,0.0,0.0,8000,4000,8,4,37.0,12,105.0,36.0,20.0,575.000000,31,3,3,True,True,7,physical,1,42,33.740157,0.2857142857142857
padded_benes_8x8,default,3-2-4-1-5-6-0,failed,7,6,1,0,36,11,5,I0-I1:5;I0-I3:3;I0-I4:2;I0-I5:2;I1-I3:5;I1-I4:2;I1-I5:2;I3-I4:2;I3-I5:2;I4-I5:4;I5-I6:3,5273.000000,8102.579557,2829.579557,3.140830,4.970488,1.829658,1.494360,8.0,3.5,4.0,6.0,10.0,20.0,16.0,48.0,80.0,200.0,False,0.002,0.005,0.1,0.0,0.0,0.0,8000,4000,8,4,37.0,12,105.0,36.0,20.0,575.000000,18,3,3,True,True,7,physical,2,42,13.291444,0.14285714285714285
padded_benes_8x8,default,2-5-0-3-6-1-4,failed,7,4,3,0,13,3,5,I0-I1:2;I1-I6:5;I5-I6:4,5297.000000,5413.150384,116.150384,3.038164,4.175863,1.137699,0.949575,8.0,3.5,4.0,6.0,10.0,20.0,16.0,48.0,80.0,200.0,False,0.002,0.005,0.1,0.0,0.0,0.0,8000,4000,8,4,37.0,12,105.0,36.0,20.0,575.000000,32,3,4,True,True,7,physical,3,42,22.498505,0.42857142857142855
padded_benes_8x8,default,6-3-5-1-0-2-4,failed,7,6,1,0,44,12,5,I0-I1:3;I0-I2:5;I0-I3:3;I0-I6:3;I1-I2:2;I1-I3:5;I1-I5:5;I2-I3:3;I2-I6:5;I3-I5:2;I3-I6:2;I5-I6:4,5201.000000,8678.827337,3477.827337,2.940830,5.593361,2.652531,2.007776,8.0,3.5,4.0,6.0,10.0,20.0,16.0,48.0,80.0,200.0,False,0.002,0.005,0.1,0.0,0.0,0.0,8000,4000,8,4,37.0,12,105.0,36.0,20.0,575.000000,21,3,3,True,True,7,physical,4,42,18.410089,0.14285714285714285
padded_benes_8x8,default,5-0-3-4-1-6-2,failed,7,5,2,0,28,9,6,I1-I2:4;I1-I3:2;I1-I4:2;I1-I5:2;I2-I3:4;I2-I4:3;I2-I5:2;I3-I5:2;I4-I5:6,5273.000000,7270.061870,1997.061870,3.158164,4.854069,1.695905,1.610025,8.0,3.5,4.0,6.0,10.0,20.0,16.0,48.0,80.0,200.0,False,0.002,0.005,0.1,0.0,0.0,0.0,8000,4000,8,4,37.0,12,105.0,36.0,20.0,575.000000,26,3,3,True,True,7,physical,5,42,18.775930,0.2857142857142857
padded_benes_8x8,default,4-5-1-2-6-3-0,failed,7,5,2,0,34,9,5,I1-I2:3;I1-I3:3;I1-I4:4;I2-I3:4;I2-I4:4;I2-I5:4;I3-I4:2;I3-I5:4;I4-I5:5,5297.000000,7753.477796,2456.477796,3.158164,5.197780,2.039616,1.770591,8.0,3.5,4.0,6.0,10.0,20.0,16.0,48.0,80.0,200.0,False,0.002,0.005,0.1,0.0,0.0,0.0,8000,4000,8,4,37.0,12,105.0,36.0,20.0,575.000000,37,3,3,True,True,7,physical,6,42,27.530921,0.2857142857142857
padded_benes_8x8,default,2-4-1-5-3-0-6,routed,7,7,0,0,53,16,6,I0-I1:2;I0-I3:2;I0-I4:2;I0-I6:2;I1-I2:3;I1-I3:6;I1-I6:2;I2-I3:6;I2-I4:4;I2-I5:5;I2-I6:2;I3-I4:3;I3-I6:2;I4-I5:3;I4-I6:2;I5-I6:2,5297.000000,9759.446786,4462.446786,3.153497,5.836234,2.682737,1.728556,8.0,3.5,4.0,6.0,10.0,20.0,16.0,48.0,80.0,200.0,False,0.002,0.005,0.1,0.0,0.0,0.0,8000,4000,8,4,37.0,12,105.0,36.0,20.0,575.000000,14,3,1,True,False,7,physical,7,42,8.503316,0.0
padded_benes_8x8,default,1-0-3-5-6-2-4,failed,7,5,2,0,27,10,4,I0-I1:3;I0-I2:4;I0-I3:2;I0-I4:2;I1-I2:4;I1-I3:2;I1-I4:2;I2-I3:4;I2-I4:2;I3-I4:2,5201.000000,6825.668072,1624.668072,2.958164,5.332152,2.373988,1.466067,8.0,3.5,4.0,6.0,10.0,20.0,16.0,48.0,80.0,200.0,False,0.002,0.005,0.1,0.0,0.0,0.0,8000,4000,8,4,37.0,12,105.0,36.0,20.0,575.000000,18,3,3,True,True,7,physical,8,42,12.705750,0.2857142857142857
padded_benes_8x8,default,2-4-3-1-6-0-5,failed,7,5,2,0,22,7,5,I0-I1:2;I0-I4:2;I1-I4:2;I1-I6:2;I4-I5:5;I4-I6:5;I5-I6:2,5297.000000,6534.791961,1237.791961,3.140830,4.515863,1.375033,1.042917,8.0,3.5,4.0,6.0,10.0,20.0,16.0,48.0,80.0,200.0,False,0.002,0.005,0.1,0.0,0.0,0.0,8000,4000,8,4,37.0,12,105.0,36.0,20.0,575.000000,24,3,4,True,True,7,physical,9,42,17.781709,0.2857142857142857
waksman_7x7,default,1-3-4-2-6-0-5,failed,7,6,1,0,41,11,7,I0-I1:6;I0-I3:4;I0-I6:2;I1-I2:2;I1-I3:7;I1-I6:6;I2-I3:3;I2-I4:2;I2-I6:4;I3-I4:2;I3-I6:2,4829.000000,7813.207888,2984.207888,3.358164,5.987605,2.629441,1.854236,8.0,3.5,4.0,6.0,10.0,20.0,16.0,48.0,80.0,200.0,False,0.002,0.005,0.1,0.0,0.0,0.0,8000,4000,8,4,37.0,12,105.0,36.0,20.0,575.000000,17,3,3,True,True,7,physical,0,42,12.958769,0.14285714285714285
waksman_7x7,default,3-6-2-4-0-5-1,failed,7,6,1,0,35,8,7,I0-I1:2;I0-I2:7;I0-I3:2;I0-I5:6;I2-I3:2;I2-I5:2;I3-I5:4;I5-I6:3,4829.000000,7698.185759,2869.185759,2.723864,5.491646,2.767782,1.549729,8.0,3.5,4.0,6.0,10.0,20.0,16.0,48.0,80.0,200.0,False,0.002,0.005,0.1,0.0,0.0,0.0,8000,4000,8,4,37.0,12,105.0,36.0,20.0,575.000000,26,3,3,True,True,7,physical,1,42,18.407770,0.14285714285714285
waksman_7x7,default,3-2-4-1-5-6-0,failed,7,5,2,0,27,8,5,I0-I1:5;I0-I3:3;I0-I4:2;I0-I6:3;I1-I3:3;I1-I4:2;I3-I4:2;I3-I6:5,4829.000000,6682.544182,1853.544182,3.289497,4.590189,1.300692,1.445218,8.0,3.5,4.0,6.0,10.0,20.0,16.0,48.0,80.0,200.0,False,0.002,0.005,0.1,0.0,0.0,0.0,8000,4000,8,4,37.0,12,105.0,36.0,20.0,575.000000,24,3,3,True,True,7,physical,2,42,17.821031,0.2857142857142857
waksman_7x7,default,2-5-0-3-6-1-4,failed,7,4,3,0,13,3,6,I0-I3:6;I3-I5:3;I4-I5:3,4829.000000,5086.902604,257.902604,3.238164,4.398856,1.160692,1.239451,8.0,3.5,4.0,6.0,10.0,20.0,16.0,48.0,80.0,200.0,False,0.002,0.005,0.1,0.0,0.0,0.0,8000,4000,8,4,37.0,12,105.0,36.0,20.0,575.000000,34,3,3,True,True,7,physical,3,42,28.287619,0.42857142857142855
waksman_7x7,default,6-3-5-1-0-2-4,routed,7,7,0,0,48,13,6,I0-I1:3;I0-I2:3;I1-I2:2;I1-I3:3;I1-I4:3;I1-I5:3;I1-I6:4;I2-I6:5;I3-I5:2;I3-I6:2;I4-I5:6;I4-I6:2;I5-I6:2,4829.000000,8979.287521,4150.287521,2.812830,5.460773,2.647943,1.739368,8.0,3.5,4.0,6.0,10.0,20.0,16.0,48.0,80.0,200.0,False,0.002,0.005,0.1,0.0,0.0,0.0,8000,4000,8,4,37.0,12,105.0,36.0,20.0,575.000000,16,3,1,True,False,7,physical,4,42,8.397034,0.0
waksman_7x7,default,5-0-3-4-1-6-2,failed,7,4,3,0,9,3,3,I0-I5:2;I2-I4:3;I4-I5:2,4829.000000,5306.756586,477.756586,3.220830,3.745481,0.524651,1.051628,8.0,3.5,4.0,6.0,10.0,20.0,16.0,48.0,80.0,200.0,False,0.002,0.005,0.1,0.0,0.0,0.0,8000,4000,8,4,37.0,12,105.0,36.0,20.0,575.000000,27,3,3,True,True,7,physical,5,42,22.161118,0.42857142857142855
waksman_7x7,default,4-5-1-2-6-3-0,failed,7,6,1,0,37,10,6,I0-I1:6;I0-I3:3;I0-I4:2;I1-I3:3;I1-I4:2;I2-I3:4;I2-I5:4;I3-I4:2;I3-I5:4;I4-I5:3,4829.000000,8033.207888,3204.207888,3.358164,4.969739,1.611575,1.706236,8.0,3.5,4.0,6.0,10.0,20.0,16.0,48.0,80.0,200.0,False,0.002,0.005,0.1,0.0,0.0,0.0,8000,4000,8,4,37.0,12,105.0,36.0,20.0,575.000000,29,3,3,True,True,7,physical,6,42,31.893513,0.14285714285714285
waksman_7x7,default,2-4-1-5-3-0-6,failed,7,3,4,0,6,2,4,I2-I4:4;I4-I6:2,4829.000000,3958.822972,-870.177028,3.238164,3.732147,0.493983,1.097215,8.0,3.5,4.0,6.0,10.0,20.0,16.0,48.0,80.0,200.0,False,0.002,0.005,0.1,0.0,0.0,0.0,8000,4000,8,4,37.0,12,105.0,36.0,20.0,575.000000,28,3,3,True,True,7,physical,7,42,21.802150,0.5714285714285714
waksman_7x7,default,1-0-3-5-6-2-4,routed,7,7,0,0,48,15,5,I0-I1:5;I0-I2:4;I0-I6:2;I1-I2:4;I1-I3:2;I1-I5:2;I1-I6:4;I2-I3:4;I2-I4:2;I2-I5:3;I2-I6:2;I3-I4:2;I3-I6:5;I4-I5:3;I5-I6:2,4829.000000,8860.995484,4031.995484,3.358164,5.249031,1.890867,1.735570,8.0,3.5,4.0,6.0,10.0,20.0,16.0,48.0,80.0,200.0,False,0.002,0.005,0.1,0.0,0.0,0.0,8000,4000,8,4,37.0,12,105.0,36.0,20.0,575.000000,14,3,1,True,False,7,physical,8,42,7.985715,0.0
waksman_7x7,default,2-4-3-1-6-0-5,failed,7,4,3,0,13,3,6,I0-I2:6;I2-I5:3;I4-I5:3,4829.000000,4887.048623,58.048623,3.340830,4.245481,0.904651,1.154274,8.0,3.5,4.0,6.0,10.0,20.0,16.0,48.0,80.0,200.0,False,0.002,0.005,0.1,0.0,0.0,0.0,8000,4000,8,4,37.0,12,105.0,36.0,20.0,575.000000,36,3,3,True,True,7,physical,9,42,31.342572,0.42857142857142855
spanke_benes_7x7,default,1-3-4-2-6-0-5,routed,7,7,0,0,34,7,6,I0-I1:4;I0-I3:6;I0-I5:3;I1-I2:6;I1-I3:5;I2-I4:2;I2-I6:2,9135.000000,14122.221135,4987.221135,3.149362,7.229433,4.080071,2.507777,8.0,3.5,4.0,6.0,10.0,20.0,16.0,48.0,80.0,200.0,False,0.002,0.005,0.1,0.0,0.0,0.0,8000,4000,8,4,37.0,12,105.0,36.0,20.0,1205.000000,16,3,1,True,False,7,physical,0,42,7.257561,0.0
spanke_benes_7x7,default,3-6-2-4-0-5-1,routed,7,7,0,0,29,6,5,I0-I1:2;I0-I2:5;I0-I3:4;I2-I4:3;I3-I5:2;I4-I6:2,9135.000000,13929.052988,4794.052988,2.963729,6.110844,3.147115,2.315444,8.0,3.5,4.0,6.0,10.0,20.0,16.0,48.0,80.0,200.0,False,0.002,0.005,0.1,0.0,0.0,0.0,8000,4000,8,4,37.0,12,105.0,36.0,20.0,1205.000000,9,3,1,True,False,7,physical,1,42,4.674470,0.0
spanke_benes_7x7,default,3-2-4-1-5-6-0,routed,7,7,0,0,34,6,7,I0-I1:7;I0-I2:6;I0-I3:3;I1-I3:5;I2-I4:4;I4-I5:2,9135.000000,14115.345025,4980.345025,3.136695,7.241474,4.104779,2.510099,8.0,3.5,4.0,6.0,10.0,20.0,16.0,48.0,80.0,200.0,False,0.002,0.005,0.1,0.0,0.0,0.0,8000,4000,8,4,37.0,12,105.0,36.0,20.0,1205.000000,13,3,1,True,False,7,physical,2,42,7.166319,0.0
spanke_benes_7x7,default,2-5-0-3-6-1-4,routed,7,7,0,0,33,8,6,I0-I1:2;I0-I2:5;I0-I3:6;I0-I5:3;I1-I3:3;I1-I4:2;I2-I5:4;I3-I6:2,9135.000000,14102.221135,4967.221135,3.029362,6.733893,3.704531,2.473492,8.0,3.5,4.0,6.0,10.0,20.0,16.0,48.0,80.0,200.0,False,0.002,0.005,0.1,0.0,0.0,0.0,8000,4000,8,4,37.0,12,105.0,36.0,20.0,1205.000000,15,3,1,True,False,7,physical,3,42,6.383900,0.0
spanke_benes_7x7,default,6-3-5-1-0-2-4,routed,7,7,0,0,28,5,5,I1-I2:2;I1-I5:3;I1-I6:2;I3-I4:5;I3-I5:4,9135.000000,14009.154749,4874.154749,3.015062,6.148301,3.133239,2.319044,8.0,3.5,4.0,6.0,10.0,20.0,16.0,48.0,80.0,200.0,False,0.002,0.005,0.1,0.0,0.0,0.0,8000,4000,8,4,37.0,12,105.0,36.0,20.0,1205.000000,11,3,1,True,False,7,physical,4,42,5.098038,0.0
spanke_benes_7x7,default,5-0-3-4-1-6-2,routed,7,7,0,0,34,8,6,I0-I3:3;I0-I5:2;I1-I2:4;I1-I4:6;I1-I6:2;I2-I3:4;I2-I4:3;I4-I6:2,9135.000000,14103.929098,4968.929098,3.083729,6.607800,3.524071,2.503980,8.0,3.5,4.0,6.0,10.0,20.0,16.0,48.0,80.0,200.0,False,0.002,0.005,0.1,0.0,0.0,0.0,8000,4000,8,4,37.0,12,105.0,36.0,20.0,1205.000000,13,3,1,True,False,7,physical,5,42,6.971537,0.0
spanke_benes_7x7,default,4-5-1-2-6-3-0,routed,7,7,0,0,29,5,6,I0-I1:4;I0-I3:3;I1-I4:2;I2-I3:6;I3-I5:2,9135.000000,13909.052988,4774.052988,3.083729,6.500968,3.417239,2.309729,8.0,3.5,4.0,6.0,10.0,20.0,16.0,48.0,80.0,200.0,False,0.002,0.005,0.1,0.0,0.0,0.0,8000,4000,8,4,37.0,12,105.0,36.0,20.0,1205.000000,9,3,1,True,False,7,physical,6,42,5.348366,0.0
spanke_benes_7x7,default,2-4-1-5-3-0-6,routed,7,7,0,0,33,7,7,I0-I1:4;I0-I2:7;I0-I4:4;I1-I3:4;I1-I4:3;I2-I5:3;I3-I6:2,9135.000000,14067.783080,4932.783080,3.083729,6.717893,3.634164,2.465795,8.0,3.5,4.0,6.0,10.0,20.0,16.0,48.0,80.0,200.0,False,0.002,0.005,0.1,0.0,0.0,0.0,8000,4000,8,4,37.0,12,105.0,36.0,20.0,1205.000000,15,3,1,True,False,7,physical,7,42,7.354544,0.0
spanke_benes_7x7,default,1-0-3-5-6-2-4,routed,7,7,0,0,38,8,11,I0-I1:11;I0-I2:6;I0-I5:4;I1-I5:2;I2-I3:4;I2-I5:3;I2-I6:2;I3-I4:2,9135.000000,14320.805208,5185.805208,3.267962,8.100741,4.832779,2.675944,8.0,3.5,4.0,6.0,10.0,20.0,16.0,48.0,80.0,200.0,False,0.002,0.005,0.1,0.0,0.0,0.0,8000,4000,8,4,37.0,12,105.0,36.0,20.0,1205.000000,18,3,1,True,False,7,physical,8,42,10.110039,0.0
spanke_benes_7x7,default,2-4-3-1-6-0-5,routed,7,7,0,0,32,7,6,I0-I1:2;I0-I2:6;I0-I3:5;I1-I2:5;I1-I4:2;I1-I6:2;I3-I5:3,9135.000000,14041.345025,4906.345025,3.083729,6.585676,3.501947,2.431813,8.0,3.5,4.0,6.0,10.0,20.0,16.0,48.0,80.0,200.0,False,0.002,0.005,0.1,0.0,0.0,0.0,8000,4000,8,4,37.0,12,105.0,36.0,20.0,1205.000000,14,3,1,True,False,7,physical,9,42,5.394766,0.0
spanke_benes_rect_7x7,default,1-3-4-2-6-0-5,routed,7,7,0,0,34,7,6,I0-I1:2;I0-I3:4;I0-I5:3;I1-I2:4;I1-I3:5;I2-I6:6;I4-I6:5,6195.000000,11303.199006,5108.199006,2.139430,5.311253,3.171823,2.547343,8.0,3.5,4.0,6.0,10.0,20.0,16.0,48.0,80.0,200.0,False,0.002,0.005,0.1,0.0,0.0,0.0,8000,4000,8,4,37.0,12,105.0,36.0,20.0,785.000000,15,3,1,True,False,7,physical,0,42,5.524509,0.0
spanke_benes_rect_7x7,default,3-6-2-4-0-5-1,routed,7,7,0,0,29,7,4,I0-I1:2;I0-I2:3;I0-I3:2;I2-I3:2;I3-I5:4;I4-I5:2;I4-I6:2,6195.000000,11259.256510,5064.256510,2.126763,5.043294,2.916531,2.411216,8.0,3.5,4.0,6.0,10.0,20.0,16.0,48.0,80.0,200.0,False,0.002,0.005,0.1,0.0,0.0,0.0,8000,4000,8,4,37.0,12,105.0,36.0,20.0,785.000000,11,3,1,True,False,7,physical,1,42,3.169240,0.0
spanke_benes_rect_7x7,default,3-2-4-1-5-6-0,routed,7,7,0,0,34,5,8,I0-I1:5;I0-I2:4;I1-I3:3;I2-I4:6;I4-I5:8,6195.000000,11352.176878,5157.176878,2.126763,5.541796,3.415033,2.566336,8.0,3.5,4.0,6.0,10.0,20.0,16.0,48.0,80.0,200.0,False,0.002,0.005,0.1,0.0,0.0,0.0,8000,4000,8,4,37.0,12,105.0,36.0,20.0,785.000000,13,3,1,True,False,7,physical,2,42,2.914641,0.0
spanke_benes_rect_7x7,default,2-5-0-3-6-1-4,routed,7,7,0,0,33,9,4,I0-I1:2;I0-I3:4;I0-I5:3;I1-I4:2;I1-I6:3;I2-I3:2;I2-I5:4;I3-I6:4;I4-I6:3,6195.000000,11405.300768,5210.300768,2.178096,5.471830,3.293734,2.557229,8.0,3.5,4.0,6.0,10.0,20.0,16.0,48.0,80.0,200.0,False,0.002,0.005,0.1,0.0,0.0,0.0,8000,4000,8,4,37.0,12,105.0,36.0,20.0,785.000000,16,3,1,True,False,7,physical,3,42,5.393948,0.0
spanke_benes_rect_7x7,default,6-3-5-1-0-2-4,routed,7,7,0,0,28,7,3,I1-I5:3;I1-I6:2;I2-I6:3;I3-I4:3;I3-I5:2;I4-I5:2;I5-I6:2,6195.000000,11173.986602,4978.986602,2.126763,5.043294,2.916531,2.354710,8.0,3.5,4.0,6.0,10.0,20.0,16.0,48.0,80.0,200.0,False,0.002,0.005,0.1,0.0,0.0,0.0,8000,4000,8,4,37.0,12,105.0,36.0,20.0,785.000000,9,3,1,True,False,7,physical,4,42,3.132274,0.0
spanke_benes_rect_7x7,default,5-0-3-4-1-6-2,routed,7,7,0,0,32,9,4,I0-I3:3;I0-I5:2;I1-I2:2;I1-I4:4;I2-I3:4;I2-I6:3;I3-I5:2;I4-I5:2;I4-I6:2,6195.000000,11353.008731,5158.008731,2.165429,5.057039,2.891611,2.515145,8.0,3.5,4.0,6.0,10.0,20.0,16.0,48.0,80.0,200.0,False,0.002,0.005,0.1,0.0,0.0,0.0,8000,4000,8,4,37.0,12,105.0,36.0,20.0,785.000000,15,3,1,True,False,7,physical,5,42,4.371978,0.0
spanke_benes_rect_7x7,default,4-5-1-2-6-3-0,routed,7,7,0,0,29,5,4,I0-I1:4;I1-I4:2;I2-I3:4;I3-I5:4;I4-I5:3,6195.000000,11263.986602,5068.986602,2.178096,5.332998,3.154903,2.408996,8.0,3.5,4.0,6.0,10.0,20.0,16.0,48.0,80.0,200.0,False,0.002,0.005,0.1,0.0,0.0,0.0,8000,4000,8,4,37.0,12,105.0,36.0,20.0,785.000000,11,3,1,True,False,7,physical,6,42,3.334980,0.0
spanke_benes_rect_7x7,default,2-4-1-5-3-0-6,routed,7,7,0,0,35,9,6,I0-I1:2;I0-I2:3;I0-I4:4;I1-I3:4;I1-I4:3;I2-I3:2;I2-I5:3;I3-I6:6;I4-I6:2,6195.000000,11439.300768,5244.300768,2.139430,5.652669,3.513239,2.624086,8.0,3.5,4.0,6.0,10.0,20.0,16.0,48.0,80.0,200.0,False,0.002,0.005,0.1,0.0,0.0,0.0,8000,4000,8,4,37.0,12,105.0,36.0,20.0,785.000000,14,3,1,True,False,7,physical,7,42,4.651156,0.0
spanke_benes_rect_7x7,default,1-0-3-5-6-2-4,routed,7,7,0,0,38,8,7,I0-I1:7;I0-I2:2;I0-I5:4;I2-I3:2;I2-I5:5;I2-I6:4;I3-I4:6;I3-I6:5,6195.000000,11497.929098,5302.929098,2.139430,5.684669,3.545239,2.713694,8.0,3.5,4.0,6.0,10.0,20.0,16.0,48.0,80.0,200.0,False,0.002,0.005,0.1,0.0,0.0,0.0,8000,4000,8,4,37.0,12,105.0,36.0,20.0,785.000000,17,3,1,True,False,7,physical,8,42,6.164021,0.0
spanke_benes_rect_7x7,default,2-4-3-1-6-0-5,routed,7,7,0,0,32,8,5,I0-I1:2;I0-I2:4;I0-I3:3;I1-I2:3;I1-I6:4;I2-I6:2;I3-I5:3;I4-I6:5,6195.000000,11281.592804,5086.592804,2.126763,5.223541,3.096779,2.491884,8.0,3.5,4.0,6.0,10.0,20.0,16.0,48.0,80.0,200.0,False,0.002,0.005,0.1,0.0,0.0,0.0,8000,4000,8,4,37.0,12,105.0,36.0,20.0,785.000000,14,3,1,True,False,7,physical,9,42,5.062087,0.0
padded_benes_8x8,default,3-4-6-7-2-5-0-1,failed,8,7,1,0,60,14,10,I0-I1:2;I0-I2:2;I0-I3:2;I0-I5:2;I1-I2:4;I1-I3:6;I1-I5:2;I2-I3:10;I2-I5:3;I2-I7:3;I3-I5:5;I3-I7:3;I4-I5:2;I4-I7:7,6040.000000,10406.322896,4366.322896,3.030164,7.615651,4.585487,2.193664,8.0,3.5,4.0,6.0,10.0,20.0,16.0,48.0,80.0,200.0,False,0.002,0.005,0.1,0.0,0.0,0.0,8000,4000,8,4,37.0,12,105.0,36.0,20.0,575.000000,23,3,3,True,True,8,physical,0,42,22.018275,0.125
padded_benes_8x8,default,3-7-2-0-4-6-5-1,failed,8,5,3,0,28,9,5,I0-I1:2;I0-I2:3;I0-I5:2;I1-I2:3;I1-I4:5;I1-I5:5;I2-I4:2;I2-I5:2;I4-I5:4,6040.000000,7356.455668,1316.455668,3.089497,5.085320,1.995823,1.705982,8.0,3.5,4.0,6.0,10.0,20.0,16.0,48.0,80.0,200.0,False,0.002,0.005,0.1,0.0,0.0,0.0,8000,4000,8,4,37.0,12,105.0,36.0,20.0,575.000000,24,3,3,True,True,8,physical,1,42,14.734678,0.375
padded_benes_8x8,default,3-5-2-4-1-6-7-0,failed,8,5,3,0,31,9,6,I0-I2:3;I0-I3:2;I0-I6:2;I2-I3:6;I2-I5:2;I2-I6:2;I3-I5:4;I3-I6:4;I5-I6:6,6040.000000,7872.703447,1832.703447,3.196830,5.296901,2.100071,2.031681,8.0,3.5,4.0,6.0,10.0,20.0,16.0,48.0,80.0,200.0,False,0.002,0.005,0.1,0.0,0.0,0.0,8000,4000,8,4,37.0,12,105.0,36.0,20.0,575.000000,39,3,3,True,True,8,physical,2,42,40.046881,0.375
padded_benes_8x8,default,2-1-0-7-4-6-5-3,failed,8,6,2,0,47,15,6,I0-I1:3;I0-I2:3;I0-I3:2;I0-I4:2;I0-I5:2;I1-I2:5;I1-I3:2;I1-I4:2;I1-I5:2;I2-I3:4;I2-I4:2;I2-I5:2;I3-I4:5;I3-I5:5;I4-I5:6,6040.000000,8493.601686,2453.601686,3.145497,6.432819,3.287322,1.905534,8.0,3.5,4.0,6.0,10.0,20.0,16.0,48.0,80.0,200.0,False,0.002,0.005,0.1,0.0,0.0,0.0,8000,4000,8,4,37.0,12,105.0,36.0,20.0,575.000000,30,3,3,True,True,8,physical,3,42,23.612036,0.25
padded_benes_8x8,default,5-2-7-3-1-0-6-4,failed,8,7,1,0,61,14,7,I0-I1:3;I0-I2:6;I0-I3:3;I0-I6:6;I1-I2:2;I1-I3:4;I2-I3:5;I2-I6:7;I3-I4:3;I3-I5:3;I3-I6:2;I4-I5:5;I4-I6:4;I5-I6:2,6040.000000,10288.468915,4248.468915,3.209497,6.796860,3.587363,2.258134,8.0,3.5,4.0,6.0,10.0,20.0,16.0,48.0,80.0,200.0,False,0.002,0.005,0.1,0.0,0.0,0.0,8000,4000,8,4,37.0,12,105.0,36.0,20.0,575.000000,31,3,3,True,True,8,physical,4,42,26.269148,0.125
padded_benes_8x8,default,5-3-6-4-0-7-1-2,failed,8,6,2,0,44,12,6,I0-I1:3;I0-I3:3;I0-I5:4;I0-I6:3;I0-I7:3;I1-I3:2;I1-I5:2;I1-I7:5;I3-I5:4;I5-I6:3;I5-I7:3;I6-I7:6,6040.000000,9289.805208,3249.805208,3.081497,5.508571,2.427074,2.058602,8.0,3.5,4.0,6.0,10.0,20.0,16.0,48.0,80.0,200.0,False,0.002,0.005,0.1,0.0,0.0,0.0,8000,4000,8,4,37.0,12,105.0,36.0,20.0,575.000000,28,3,4,True,True,8,physical,5,42,19.339603,0.25
padded_benes_8x8,default,3-1-0-7-4-2-6-5,failed,8,6,2,0,40,13,7,I0-I1:3;I0-I2:3;I0-I4:2;I0-I7:2;I1-I2:5;I1-I4:2;I1-I7:2;I2-I4:2;I2-I6:2;I2-I7:2;I4-I6:4;I4-I7:4;I6-I7:7,6040.000000,7951.207888,1911.207888,3.066164,5.713987,2.647823,1.508903,8.0,3.5,4.0,6.0,10.0,20.0,16.0,48.0,80.0,200.0,False,0.002,0.005,0.1,0.0,0.0,0.0,8000,4000,8,4,37.0,12,105.0,36.0,20.0,575.000000,27,3,3,True,True,8,physical,6,42,22.132804,0.25
padded_benes_8x8,default,5-7-6-2-4-0-3-1,failed,8,4,4,0,14,3,6,I3-I4:2;I3-I6:6;I4-I6:3,6040.000000,6010.668072,-29.331928,3.081497,4.822276,1.740779,1.318584,8.0,3.5,4.0,6.0,10.0,20.0,16.0,48.0,80.0,200.0,False,0.002,0.005,0.1,0.0,0.0,0.0,8000,4000,8,4,37.0,12,105.0,36.0,20.0,575.000000,63,3,4,True,True,8,physical,7,42,59.633721,0.5
padded_benes_8x8,default,2-4-7-1-6-0-5-3,failed,8,6,2,0,43,12,9,I0-I2:2;I0-I3:3;I0-I4:2;I2-I3:3;I2-I4:9;I2-I6:5;I3-I4:2;I3-I5:3;I3-I6:2;I4-I5:3;I4-I6:3;I5-I6:4,6040.000000,8641.557429,2601.557429,3.140830,6.750276,3.609446,1.869852,8.0,3.5,4.0,6.0,10.0,20.0,16.0,48.0,80.0,200.0,False,0.002,0.005,0.1,0.0,0.0,0.0,8000,4000,8,4,37.0,12,105.0,36.0,20.0,575.000000,29,3,3,True,True,8,physical,8,42,29.504012,0.25
padded_benes_8x8,default,5-4-1-2-7-0-6-3,failed,8,4,4,0,22,6,5,I1-I3:3;I1-I4:4;I1-I6:4;I3-I4:4;I3-I6:2;I4-I6:5,6040.000000,6739.937980,699.937980,3.089497,5.458028,2.368531,2.128469,8.0,3.5,4.0,6.0,10.0,20.0,16.0,48.0,80.0,200.0,False,0.002,0.005,0.1,0.0,0.0,0.0,8000,4000,8,4,37.0,12,105.0,36.0,20.0,575.000000,33,3,3,True,True,8,physical,9,42,26.524489,0.5
waksman_8x8,default,3-4-6-7-2-5-0-1,routed,8,8,0,0,64,15,10,I0-I1:2;I0-I2:2;I0-I3:2;I0-I5:2;I1-I2:2;I1-I3:2;I1-I5:2;I2-I3:6;I3-I5:3;I4-I5:2;I4-I6:5;I4-I7:5;I5-I6:3;I5-I7:3;I6-I7:10,5776.000000,10747.760951,4971.760951,3.000163,6.123904,3.123741,1.996690,8.0,3.5,4.0,6.0,10.0,20.0,16.0,48.0,80.0,200.0,False,0.002,0.005,0.1,0.0,0.0,0.0,8000,4000,8,4,37.0,12,105.0,36.0,20.0,575.000000,19,3,1,True,False,8,physical,0,42,11.400799,0.0
waksman_8x8,default,3-7-2-0-4-6-5-1,failed,8,5,3,0,26,7,6,I0-I1:2;I0-I3:3;I0-I4:4;I0-I6:4;I3-I4:2;I3-I6:2;I4-I6:6,5776.000000,6406.544182,630.544182,3.089497,4.289982,1.200485,1.221218,8.0,3.5,4.0,6.0,10.0,20.0,16.0,48.0,80.0,200.0,False,0.002,0.005,0.1,0.0,0.0,0.0,8000,4000,8,4,37.0,12,105.0,36.0,20.0,575.000000,19,3,3,True,True,8,physical,1,42,17.583277,0.375
waksman_8x8,default,3-5-2-4-1-6-7-0,failed,8,4,4,0,17,6,7,I0-I2:7;I0-I5:2;I0-I6:2;I2-I5:2;I2-I6:2;I5-I6:2,5776.000000,5965.004365,189.004365,3.089497,4.589780,1.500283,1.680752,8.0,3.5,4.0,6.0,10.0,20.0,16.0,48.0,80.0,200.0,False,0.002,0.005,0.1,0.0,0.0,0.0,8000,4000,8,4,37.0,12,105.0,36.0,20.0,575.000000,38,3,3,True,True,8,physical,2,42,32.051146,0.5
waksman_8x8,default,2-1-0-7-4-6-5-3,failed,8,6,2,0,41,13,6,I0-I1:3;I0-I2:3;I0-I3:2;I0-I4:4;I0-I6:2;I1-I2:5;I1-I3:2;I1-I4:2;I1-I6:2;I2-I3:4;I2-I4:2;I2-I6:2;I4-I6:6,5776.000000,7712.376035,1936.376035,3.038164,4.489982,1.451818,1.589959,8.0,3.5,4.0,6.0,10.0,20.0,16.0,48.0,80.0,200.0,False,0.002,0.005,0.1,0.0,0.0,0.0,8000,4000,8,4,37.0,12,105.0,36.0,20.0,575.000000,22,3,3,True,True,8,physical,3,42,21.896838,0.25
waksman_8x8,default,5-2-7-3-1-0-6-4,failed,8,6,2,0,35,10,5,I1-I2:2;I1-I3:4;I1-I7:4;I2-I3:3;I2-I6:3;I3-I6:2;I3-I7:2;I5-I6:2;I5-I7:4;I6-I7:5,5776.000000,8605.017612,2829.017612,3.209497,5.220354,2.010857,1.714006,8.0,3.5,4.0,6.0,10.0,20.0,16.0,48.0,80.0,200.0,False,0.002,0.005,0.1,0.0,0.0,0.0,8000,4000,8,4,37.0,12,105.0,36.0,20.0,575.000000,28,3,3,True,True,8,physical,4,42,22.271064,0.25
waksman_8x8,default,5-3-6-4-0-7-1-2,failed,8,6,2,0,36,10,5,I1-I2:2;I1-I3:2;I1-I5:2;I1-I6:3;I2-I3:5;I2-I5:4;I3-I5:2;I4-I5:4;I4-I6:4;I5-I6:3,5776.000000,8324.579557,2548.579557,3.066164,4.920819,1.854655,1.713027,8.0,3.5,4.0,6.0,10.0,20.0,16.0,48.0,80.0,200.0,False,0.002,0.005,0.1,0.0,0.0,0.0,8000,4000,8,4,37.0,12,105.0,36.0,20.0,575.000000,37,3,3,True,True,8,physical,5,42,35.604065,0.25
waksman_8x8,default,3-1-0-7-4-2-6-5,failed,8,7,1,0,58,19,6,I0-I1:3;I0-I2:3;I0-I4:2;I0-I5:3;I0-I7:2;I1-I2:5;I1-I4:2;I1-I5:2;I1-I7:2;I2-I4:2;I2-I5:2;I2-I6:2;I2-I7:2;I4-I5:5;I4-I6:2;I4-I7:6;I5-I6:4;I5-I7:6;I6-I7:3,5776.000000,9578.995484,3802.995484,3.038164,6.835733,3.797568,2.114427,8.0,3.5,4.0,6.0,10.0,20.0,16.0,48.0,80.0,200.0,False,0.002,0.005,0.1,0.0,0.0,0.0,8000,4000,8,4,37.0,12,105.0,36.0,20.0,575.000000,23,3,3,True,True,8,physical,6,42,17.158170,0.125
waksman_8x8,default,5-7-6-2-4-0-3-1,failed,8,7,1,0,57,13,9,I0-I1:4;I0-I2:4;I0-I4:5;I0-I7:3;I1-I2:3;I1-I6:3;I1-I7:3;I2-I3:3;I3-I4:2;I3-I6:2;I4-I6:3;I4-I7:5;I6-I7:9,5776.000000,9767.097245,3991.097245,2.981497,6.221320,3.239823,2.112885,8.0,3.5,4.0,6.0,10.0,20.0,16.0,48.0,80.0,200.0,False,0.002,0.005,0.1,0.0,0.0,0.0,8000,4000,8,4,37.0,12,105.0,36.0,20.0,575.000000,23,3,4,True,True,8,physical,7,42,13.599798,0.125
waksman_8x8,default,2-4-7-1-6-0-5-3,routed,8,8,0,0,69,20,7,I0-I1:2;I0-I2:2;I0-I3:3;I0-I6:2;I0-I7:4;I1-I2:4;I1-I3:3;I1-I4:2;I1-I6:2;I2-I3:3;I2-I6:3;I3-I4:2;I3-I5:3;I3-I6:2;I3-I7:2;I4-I5:5;I4-I7:5;I5-I6:2;I5-I7:4;I6-I7:7,5776.000000,11171.760951,5395.760951,3.140830,6.950235,3.809405,2.252690,8.0,3.5,4.0,6.0,10.0,20.0,16.0,48.0,80.0,200.0,False,0.002,0.005,0.1,0.0,0.0,0.0,8000,4000,8,4,37.0,12,105.0,36.0,20.0,575.000000,20,3,1,True,False,8,physical,8,42,15.193348,0.0
waksman_8x8,default,5-4-1-2-7-0-6-3,failed,8,5,3,0,30,9,5,I1-I2:3;I1-I3:3;I1-I6:2;I2-I3:4;I2-I6:2;I2-I7:4;I3-I6:2;I3-I7:4;I6-I7:5,5776.000000,7412.937980,1636.937980,3.158164,5.199485,2.041321,1.681175,8.0,3.5,4.0,6.0,10.0,20.0,16.0,48.0,80.0,200.0,False,0.002,0.005,0.1,0.0,0.0,0.0,8000,4000,8,4,37.0,12,105.0,36.0,20.0,575.000000,42,3,3,True,True,8,physical,9,42,34.194172,0.375
spanke_benes_8x8,default,3-4-6-7-2-5-0-1,routed,8,8,0,0,38,6,8,I0-I1:8;I0-I4:3;I1-I2:4;I1-I5:2;I2-I3:2;I6-I7:2,12336.000000,18658.999849,6322.999849,3.673661,7.979148,4.305487,2.672000,8.0,3.5,4.0,6.0,10.0,20.0,16.0,48.0,80.0,200.0,False,0.002,0.005,0.1,0.0,0.0,0.0,8000,4000,8,4,37.0,12,105.0,36.0,20.0,1415.000000,11,3,1,True,False,8,physical,0,42,8.731885,0.0
spanke_benes_8x8,default,3-7-2-0-4-6-5-1,routed,8,8,0,0,41,7,7,I0-I1:2;I0-I2:7;I0-I4:6;I2-I3:7;I3-I7:2;I4-I5:2;I4-I6:2,12336.000000,18770.167996,6434.167996,3.604994,7.565065,3.960071,2.769792,8.0,3.5,4.0,6.0,10.0,20.0,16.0,48.0,80.0,200.0,False,0.002,0.005,0.1,0.0,0.0,0.0,8000,4000,8,4,37.0,12,105.0,36.0,20.0,1415.000000,14,3,1,True,False,8,physical,1,42,9.686573,0.0
spanke_benes_8x8,default,3-5-2-4-1-6-7-0,routed,8,8,0,0,42,7,7,I0-I1:2;I0-I2:7;I0-I3:6;I1-I3:5;I1-I5:4;I2-I4:5;I5-I6:2,12336.000000,18776.752070,6440.752070,3.608028,7.521024,3.912996,2.793938,8.0,3.5,4.0,6.0,10.0,20.0,16.0,48.0,80.0,200.0,False,0.002,0.005,0.1,0.0,0.0,0.0,8000,4000,8,4,37.0,12,105.0,36.0,20.0,1415.000000,15,3,1,True,False,8,physical,2,42,10.373916,0.0
spanke_benes_8x8,default,2-1-0-7-4-6-5-3,routed,8,8,0,0,47,8,11,I0-I1:11;I0-I3:2;I0-I4:6;I0-I7:2;I1-I2:11;I1-I7:2;I4-I5:2;I4-I6:2,12336.000000,19102.314015,6766.314015,3.792261,9.043164,5.250903,3.002204,8.0,3.5,4.0,6.0,10.0,20.0,16.0,48.0,80.0,200.0,False,0.002,0.005,0.1,0.0,0.0,0.0,8000,4000,8,4,37.0,12,105.0,36.0,20.0,1415.000000,19,3,1,True,False,8,physical,3,42,13.335663,0.0
spanke_benes_8x8,default,5-2-7-3-1-0-6-4,routed,8,8,0,0,42,8,8,I0-I1:3;I0-I2:2;I0-I3:3;I0-I6:2;I1-I3:8;I1-I4:5;I3-I7:2;I4-I5:5,12336.000000,18827.145868,6491.145868,3.608028,7.680099,4.072071,2.813411,8.0,3.5,4.0,6.0,10.0,20.0,16.0,48.0,80.0,200.0,False,0.002,0.005,0.1,0.0,0.0,0.0,8000,4000,8,4,37.0,12,105.0,36.0,20.0,1415.000000,15,3,1,True,False,8,physical,4,42,7.574480,0.0
spanke_benes_8x8,default,5-3-6-4-0-7-1-2,routed,8,8,0,0,39,8,4,I0-I1:3;I0-I2:4;I0-I3:3;I1-I3:4;I1-I4:3;I2-I5:2;I4-I6:4;I6-I7:2,12336.000000,18677.583923,6341.583923,3.595361,7.218972,3.623611,2.699146,8.0,3.5,4.0,6.0,10.0,20.0,16.0,48.0,80.0,200.0,False,0.002,0.005,0.1,0.0,0.0,0.0,8000,4000,8,4,37.0,12,105.0,36.0,20.0,1415.000000,12,3,1,True,False,8,physical,5,42,7.972854,0.0
spanke_benes_8x8,default,3-1-0-7-4-2-6-5,routed,8,8,0,0,46,8,11,I0-I1:5;I0-I3:2;I0-I4:6;I0-I5:5;I1-I2:11;I1-I5:6;I4-I6:2;I4-I7:2,12336.000000,19108.460033,6772.460033,3.736261,8.843164,5.106903,2.978115,8.0,3.5,4.0,6.0,10.0,20.0,16.0,48.0,80.0,200.0,False,0.002,0.005,0.1,0.0,0.0,0.0,8000,4000,8,4,37.0,12,105.0,36.0,20.0,1415.000000,21,3,1,True,False,8,physical,6,42,13.260960,0.0
spanke_benes_8x8,default,5-7-6-2-4-0-3-1,routed,8,8,0,0,34,6,3,I0-I1:2;I0-I2:2;I3-I4:2;I3-I5:3;I3-I6:2;I5-I7:2,12336.000000,18521.247629,6185.247629,3.476762,6.222248,2.745487,2.545062,8.0,3.5,4.0,6.0,10.0,20.0,16.0,48.0,80.0,200.0,False,0.002,0.005,0.1,0.0,0.0,0.0,8000,4000,8,4,37.0,12,105.0,36.0,20.0,1415.000000,7,3,1,True,False,8,physical,7,42,6.478540,0.0
spanke_benes_8x8,default,2-4-7-1-6-0-5-3,routed,8,8,0,0,43,8,8,I0-I1:8;I0-I3:7;I0-I7:2;I1-I2:2;I1-I4:2;I1-I6:2;I3-I5:5;I3-I7:2,12336.000000,18871.437904,6535.437904,3.673661,8.072564,4.398903,2.848234,8.0,3.5,4.0,6.0,10.0,20.0,16.0,48.0,80.0,200.0,False,0.002,0.005,0.1,0.0,0.0,0.0,8000,4000,8,4,37.0,12,105.0,36.0,20.0,1415.000000,15,3,1,True,False,8,physical,8,42,8.717033,0.0
spanke_benes_8x8,default,5-4-1-2-7-0-6-3,routed,8,8,0,0,43,8,8,I0-I1:5;I0-I4:2;I0-I6:2;I1-I3:5;I2-I3:8;I2-I5:5;I2-I7:2;I3-I7:2,12336.000000,18889.729941,6553.729941,3.673661,7.983148,4.309487,2.851557,8.0,3.5,4.0,6.0,10.0,20.0,16.0,48.0,80.0,200.0,False,0.002,0.005,0.1,0.0,0.0,0.0,8000,4000,8,4,37.0,12,105.0,36.0,20.0,1415.000000,15,3,1,True,False,8,physical,9,42,8.974649,0.0
spanke_benes_rect_8x8,default,3-4-6-7-2-5-0-1,routed,8,8,0,0,38,7,6,I0-I1:6;I1-I2:2;I1-I5:2;I2-I3:4;I2-I5:3;I4-I5:2;I6-I7:2,8136.000000,14846.079482,6710.079482,2.453729,5.898968,3.445239,2.781270,8.0,3.5,4.0,6.0,10.0,20.0,16.0,48.0,80.0,200.0,False,0.002,0.005,0.1,0.0,0.0,0.0,8000,4000,8,4,37.0,12,105.0,36.0,20.0,890.000000,13,3,1,True,False,8,physical,0,42,5.267486,0.0
spanke_benes_rect_8x8,default,3-7-2-0-4-6-5-1,routed,8,8,0,0,41,10,5,I0-I1:2;I0-I2:3;I0-I4:4;I2-I3:3;I2-I4:2;I2-I7:3;I3-I7:2;I4-I5:2;I4-I6:4;I5-I6:5,8136.000000,14916.809574,6780.809574,2.479728,5.733511,3.253783,2.870827,8.0,3.5,4.0,6.0,10.0,20.0,16.0,48.0,80.0,200.0,False,0.002,0.005,0.1,0.0,0.0,0.0,8000,4000,8,4,37.0,12,105.0,36.0,20.0,890.000000,17,3,1,True,False,8,physical,1,42,8.521148,0.0
spanke_benes_rect_8x8,default,3-5-2-4-1-6-7-0,routed,8,8,0,0,44,10,8,I0-I1:2;I0-I2:3;I0-I3:4;I1-I3:3;I1-I5:4;I2-I3:2;I2-I4:3;I3-I5:2;I4-I5:2;I5-I6:8,8136.000000,15038.809574,6902.809574,2.453729,6.476302,4.022573,2.976327,8.0,3.5,4.0,6.0,10.0,20.0,16.0,48.0,80.0,200.0,False,0.002,0.005,0.1,0.0,0.0,0.0,8000,4000,8,4,37.0,12,105.0,36.0,20.0,890.000000,17,3,1,True,False,8,physical,2,42,6.963261,0.0
spanke_benes_rect_8x8,default,2-1-0-7-4-6-5-3,routed,8,8,0,0,45,10,7,I0-I1:7;I0-I4:2;I0-I7:4;I1-I2:5;I2-I3:2;I3-I5:3;I4-I5:2;I4-I6:4;I4-I7:5;I5-I6:5,8136.000000,15057.145868,6921.145868,2.441062,5.880672,3.439611,2.995911,8.0,3.5,4.0,6.0,10.0,20.0,16.0,48.0,80.0,200.0,False,0.002,0.005,0.1,0.0,0.0,0.0,8000,4000,8,4,37.0,12,105.0,36.0,20.0,890.000000,21,3,1,True,False,8,physical,3,42,10.132161,0.0
spanke_benes_rect_8x8,default,5-2-7-3-1-0-6-4,routed,8,8,0,0,40,9,4,I0-I6:4;I0-I7:3;I1-I3:4;I1-I4:3;I2-I6:3;I3-I7:4;I4-I5:3;I4-I7:2;I6-I7:3,8136.000000,14801.393647,6665.393647,2.453729,5.882968,3.429239,2.814473,8.0,3.5,4.0,6.0,10.0,20.0,16.0,48.0,80.0,200.0,False,0.002,0.005,0.1,0.0,0.0,0.0,8000,4000,8,4,37.0,12,105.0,36.0,20.0,890.000000,16,3,1,True,False,8,physical,4,42,7.953422,0.0
spanke_benes_rect_8x8,default,5-3-6-4-0-7-1-2,routed,8,8,0,0,39,7,4,I0-I2:4;I0-I3:3;I1-I3:4;I2-I5:4;I4-I5:2;I4-I6:2;I6-I7:4,8136.000000,14814.809574,6678.809574,2.492395,5.667050,3.174655,2.795327,8.0,3.5,4.0,6.0,10.0,20.0,16.0,48.0,80.0,200.0,False,0.002,0.005,0.1,0.0,0.0,0.0,8000,4000,8,4,37.0,12,105.0,36.0,20.0,890.000000,13,3,1,True,False,8,physical,5,42,6.395173,0.0
spanke_benes_rect_8x8,default,3-1-0-7-4-2-6-5,routed,8,8,0,0,46,8,7,I0-I4:6;I0-I5:5;I1-I2:5;I1-I5:6;I2-I3:2;I3-I6:3;I4-I7:6;I6-I7:7,8136.000000,15077.145868,6941.145868,2.453729,5.960343,3.506614,3.025911,8.0,3.5,4.0,6.0,10.0,20.0,16.0,48.0,80.0,200.0,False,0.002,0.005,0.1,0.0,0.0,0.0,8000,4000,8,4,37.0,12,105.0,36.0,20.0,890.000000,22,3,1,True,False,8,physical,6,42,10.909814,0.0
spanke_benes_rect_8x8,default,5-7-6-2-4-0-3-1,routed,8,8,0,0,34,6,3,I0-I1:2;I0-I2:2;I3-I6:2;I3-I7:3;I4-I6:3;I5-I7:2,8136.000000,14612.765317,6476.765317,2.479728,5.576754,3.097026,2.628566,8.0,3.5,4.0,6.0,10.0,20.0,16.0,48.0,80.0,200.0,False,0.002,0.005,0.1,0.0,0.0,0.0,8000,4000,8,4,37.0,12,105.0,36.0,20.0,890.000000,9,3,1,True,False,8,physical,7,42,5.206580,0.0
spanke_benes_rect_8x8,default,2-4-7-1-6-0-5-3,routed,8,8,0,0,41,8,5,I0-I1:2;I0-I3:5;I0-I7:4;I1-I6:4;I1-I7:5;I2-I4:3;I3-I5:3;I4-I6:5,8136.000000,14788.269757,6652.269757,2.453729,5.888384,3.434655,2.832442,8.0,3.5,4.0,6.0,10.0,20.0,16.0,48.0,80.0,200.0,False,0.002,0.005,0.1,0.0,0.0,0.0,8000,4000,8,4,37.0,12,105.0,36.0,20.0,890.000000,17,3,1,True,False,8,physical,8,42,8.550753,0.0
spanke_benes_rect_8x8,default,5-4-1-2-7-0-6-3,routed,8,8,0,0,41,8,6,I0-I1:3;I0-I6:4;I1-I7:3;I2-I3:6;I2-I5:3;I3-I7:4;I4-I6:5;I6-I7:3,8136.000000,14917.101611,6781.101611,2.453729,5.938968,3.485239,2.869650,8.0,3.5,4.0,6.0,10.0,20.0,16.0,48.0,80.0,200.0,False,0.002,0.005,0.1,0.0,0.0,0.0,8000,4000,8,4,37.0,12,105.0,36.0,20.0,890.000000,17,3,1,True,False,8,physical,9,42,8.309205,0.0
padded_benes_16x16,default,3-6-7-4-8-2-5-0-1,failed,9,6,3,0,46,10,7,I0-I2:2;I0-I5:3;I0-I6:4;I2-I3:7;I2-I5:5;I2-I6:5;I3-I5:3;I3-I6:4;I5-I6:6;I6-I8:3,10961.000000,12314.256510,1353.256510,5.699430,7.364497,1.665067,1.056419,8.0,3.5,4.0,6.0,10.0,20.0,16.0,48.0,80.0,200.0,False,0.002,0.005,0.1,0.0,0.0,0.0,8000,4000,8,4,37.0,12,105.0,36.0,20.0,785.000000,40,3,3,True,True,9,physical,0,42,66.584843,0.3333333333333333
padded_benes_16x16,default,7-2-5-6-0-3-4-1-8,failed,9,4,5,0,17,6,5,I1-I3:2;I1-I6:4;I1-I8:2;I3-I6:5;I3-I8:2;I6-I8:2,11041.000000,8117.061870,-2923.938130,5.750763,6.847541,1.096779,0.204531,8.0,3.5,4.0,6.0,10.0,20.0,16.0,48.0,80.0,200.0,False,0.002,0.005,0.1,0.0,0.0,0.0,8000,4000,8,4,37.0,12,105.0,36.0,20.0,785.000000,49,3,3,True,True,9,physical,1,42,56.762435,0.5555555555555556
padded_benes_16x16,default,2-5-7-8-6-1-4-0-3,failed,9,7,2,0,75,18,11,I0-I1:2;I0-I2:2;I0-I3:2;I0-I6:4;I0-I8:4;I1-I2:4;I1-I3:4;I1-I4:4;I1-I6:5;I2-I3:6;I2-I4:11;I2-I6:5;I2-I8:3;I3-I4:3;I3-I6:5;I4-I6:3;I4-I8:3;I6-I8:3,11289.000000,14956.977721,3667.977721,5.648097,8.107541,2.459445,1.895565,8.0,3.5,4.0,6.0,10.0,20.0,16.0,48.0,80.0,200.0,False,0.002,0.005,0.1,0.0,0.0,0.0,8000,4000,8,4,37.0,12,105.0,36.0,20.0,785.000000,37,3,3,True,True,9,physical,2,42,63.342526,0.2222222222222222
padded_benes_16x16,default,8-7-5-2-3-1-6-0-4,failed,9,6,3,0,65,15,7,I1-I2:7;I1-I3:5;I1-I4:3;I1-I6:5;I1-I8:3;I2-I3:5;I2-I4:3;I2-I6:4;I2-I8:5;I3-I4:6;I3-I6:4;I3-I8:2;I4-I6:6;I4-I8:2;I6-I8:5,11041.000000,12773.380400,1732.380400,5.722763,7.514711,1.791948,1.654460,8.0,3.5,4.0,6.0,10.0,20.0,16.0,48.0,80.0,200.0,False,0.002,0.005,0.1,0.0,0.0,0.0,8000,4000,8,4,37.0,12,105.0,36.0,20.0,785.000000,64,3,3,True,True,9,physical,3,42,90.757835,0.3333333333333333
padded_benes_16x16,default,4-2-1-7-8-6-0-5-3,failed,9,6,3,0,45,12,7,I0-I1:3;I0-I4:2;I0-I5:6;I1-I2:3;I1-I4:2;I1-I5:4;I1-I8:2;I2-I4:4;I2-I5:4;I2-I8:2;I4-I5:7;I5-I8:3,10801.000000,11520.052988,719.052988,5.763430,8.010085,2.246655,0.820684,8.0,3.5,4.0,6.0,10.0,20.0,16.0,48.0,80.0,200.0,False,0.002,0.005,0.1,0.0,0.0,0.0,8000,4000,8,4,37.0,12,105.0,36.0,20.0,785.000000,43,3,3,True,True,9,physical,4,42,66.759167,0.3333333333333333
padded_benes_16x16,default,2-6-1-7-8-3-5-0-4,failed,9,5,4,0,34,8,6,I0-I1:2;I0-I5:4;I1-I2:3;I1-I5:5;I1-I6:5;I2-I5:6;I2-I6:4;I5-I6:4,10801.000000,10572.075117,-228.924883,5.735430,7.833164,2.097734,1.147830,8.0,3.5,4.0,6.0,10.0,20.0,16.0,48.0,80.0,200.0,False,0.002,0.005,0.1,0.0,0.0,0.0,8000,4000,8,4,37.0,12,105.0,36.0,20.0,785.000000,64,3,3,True,True,9,physical,5,42,86.327604,0.4444444444444444
padded_benes_16x16,default,1-0-3-2-7-5-6-4-8,failed,9,6,3,0,54,15,7,I0-I1:3;I0-I2:4;I0-I3:4;I0-I5:4;I0-I8:2;I1-I2:6;I1-I3:4;I1-I5:4;I1-I8:2;I2-I3:7;I2-I5:4;I2-I8:2;I3-I5:4;I3-I8:2;I5-I8:2,11041.000000,11691.367153,650.367153,5.899430,7.872415,1.972986,1.112289,8.0,3.5,4.0,6.0,10.0,20.0,16.0,48.0,80.0,200.0,False,0.002,0.005,0.1,0.0,0.0,0.0,8000,4000,8,4,37.0,12,105.0,36.0,20.0,785.000000,57,3,3,True,True,9,physical,6,42,93.563136,0.3333333333333333
padded_benes_16x16,default,6-4-3-7-2-8-5-0-1,failed,9,5,4,0,49,10,10,I0-I1:5;I0-I2:3;I0-I3:10;I0-I4:3;I1-I2:5;I1-I3:6;I1-I4:3;I2-I3:6;I2-I4:5;I3-I4:3,10801.000000,10062.075117,-738.924883,5.710096,8.000415,2.290320,1.475830,8.0,3.5,4.0,6.0,10.0,20.0,16.0,48.0,80.0,200.0,False,0.002,0.005,0.1,0.0,0.0,0.0,8000,4000,8,4,37.0,12,105.0,36.0,20.0,785.000000,47,3,3,True,True,9,physical,7,42,72.254108,0.4444444444444444
padded_benes_16x16,default,0-7-8-1-2-5-3-4-6,failed,9,6,3,0,54,12,8,I0-I2:4;I0-I3:2;I0-I4:4;I2-I3:3;I2-I4:3;I2-I5:3;I3-I4:6;I3-I5:4;I3-I8:6;I4-I5:8;I4-I8:2;I5-I8:8,11201.000000,12704.256510,1503.256510,5.899430,8.183500,2.284071,1.506419,8.0,3.5,4.0,6.0,10.0,20.0,16.0,48.0,80.0,200.0,False,0.002,0.005,0.1,0.0,0.0,0.0,8000,4000,8,4,37.0,12,105.0,36.0,20.0,785.000000,55,3,3,True,True,9,physical,8,42,78.420470,0.3333333333333333
padded_benes_16x16,default,8-7-2-1-0-6-5-4-3,failed,9,5,4,0,46,9,7,I1-I2:3;I1-I4:5;I1-I5:7;I2-I4:5;I2-I5:4;I2-I8:6;I4-I5:6;I4-I8:6;I5-I8:3,11041.000000,10424.906970,-616.093030,5.899430,7.256957,1.357528,1.156963,8.0,3.5,4.0,6.0,10.0,20.0,16.0,48.0,80.0,200.0,False,0.002,0.005,0.1,0.0,0.0,0.0,8000,4000,8,4,37.0,12,105.0,36.0,20.0,785.000000,42,3,3,True,True,9,physical,9,42,59.201014,0.4444444444444444
waksman_9x9,default,3-6-7-4-8-2-5-0-1,failed,9,7,2,0,53,13,6,I0-I1:2;I0-I3:2;I0-I5:3;I0-I6:2;I0-I8:3;I1-I3:3;I1-I6:3;I1-I7:3;I3-I6:4;I5-I6:4;I5-I7:5;I6-I7:5;I7-I8:6,8537.000000,11967.008731,3430.008731,3.937129,6.876901,2.939772,1.826002,8.0,3.5,4.0,6.0,10.0,20.0,16.0,48.0,80.0,200.0,False,0.002,0.005,0.1,0.0,0.0,0.0,8000,4000,8,4,37.0,12,105.0,36.0,20.0,785.000000,31,3,3,True,True,9,physical,0,42,34.886080,0.2222222222222222
waksman_9x9,default,7-2-5-6-0-3-4-1-8,failed,9,7,2,0,42,10,7,I1-I3:2;I1-I5:2;I1-I6:2;I3-I8:2;I4-I5:4;I4-I6:2;I4-I7:6;I5-I6:6;I5-I7:7;I6-I7:3,8537.000000,11435.345025,2898.345025,5.050763,6.036952,0.986190,1.446670,8.0,3.5,4.0,6.0,10.0,20.0,16.0,48.0,80.0,200.0,False,0.002,0.005,0.1,0.0,0.0,0.0,8000,4000,8,4,37.0,12,105.0,36.0,20.0,785.000000,32,3,3,True,True,9,physical,1,42,38.819323,0.2222222222222222
waksman_9x9,default,2-5-7-8-6-1-4-0-3,failed,9,6,3,0,25,8,3,I0-I3:2;I0-I4:2;I0-I6:2;I0-I8:2;I4-I5:3;I4-I8:3;I5-I6:2;I6-I8:3,8537.000000,9542.725576,1005.725576,4.019131,4.942069,0.922939,0.685575,8.0,3.5,4.0,6.0,10.0,20.0,16.0,48.0,80.0,200.0,False,0.002,0.005,0.1,0.0,0.0,0.0,8000,4000,8,4,37.0,12,105.0,36.0,20.0,785.000000,34,3,4,True,False,9,physical,2,42,45.964074,0.3333333333333333
waksman_9x9,default,8-7-5-2-3-1-6-0-4,failed,9,8,1,0,71,18,7,I0-I1:3;I0-I3:3;I1-I2:3;I1-I6:5;I1-I7:3;I2-I3:3;I2-I6:2;I2-I7:3;I2-I8:3;I3-I4:4;I3-I6:2;I3-I8:2;I4-I6:4;I4-I7:7;I4-I8:2;I6-I7:5;I6-I8:3;I7-I8:4,8537.000000,13327.132621,4790.132621,3.900531,7.032901,3.132370,1.917783,8.0,3.5,4.0,6.0,10.0,20.0,16.0,48.0,80.0,200.0,False,0.002,0.005,0.1,0.0,0.0,0.0,8000,4000,8,4,37.0,12,105.0,36.0,20.0,785.000000,29,3,4,True,True,9,physical,3,42,30.189258,0.1111111111111111
waksman_9x9,default,4-2-1-7-8-6-0-5-3,failed,9,5,4,0,20,7,4,I1-I2:3;I1-I7:2;I1-I8:2;I2-I5:2;I2-I7:4;I2-I8:2;I5-I7:3,8537.000000,8348.791961,-188.208039,3.900531,5.163605,1.263074,1.090117,8.0,3.5,4.0,6.0,10.0,20.0,16.0,48.0,80.0,200.0,False,0.002,0.005,0.1,0.0,0.0,0.0,8000,4000,8,4,37.0,12,105.0,36.0,20.0,785.000000,55,3,3,True,True,9,physical,4,42,83.923321,0.4444444444444444
waksman_9x9,default,2-6-1-7-8-3-5-0-4,failed,9,6,3,0,44,12,5,I1-I4:2;I1-I7:3;I2-I4:2;I2-I5:4;I2-I6:2;I2-I7:3;I4-I5:5;I4-I6:3;I4-I7:5;I5-I6:4;I5-I7:5;I6-I7:3,8537.000000,10250.681319,1713.681319,3.900531,6.314736,2.414205,1.693227,8.0,3.5,4.0,6.0,10.0,20.0,16.0,48.0,80.0,200.0,False,0.002,0.005,0.1,0.0,0.0,0.0,8000,4000,8,4,37.0,12,105.0,36.0,20.0,785.000000,43,3,3,True,True,9,physical,5,42,48.535216,0.3333333333333333
waksman_9x9,default,1-0-3-2-7-5-6-4-8,failed,9,5,4,0,19,6,5,I1-I3:4;I1-I4:2;I1-I5:2;I3-I4:2;I3-I5:4;I4-I5:5,8537.000000,8296.252145,-240.747855,4.564097,5.145987,0.581890,0.984701,8.0,3.5,4.0,6.0,10.0,20.0,16.0,48.0,80.0,200.0,False,0.002,0.005,0.1,0.0,0.0,0.0,8000,4000,8,4,37.0,12,105.0,36.0,20.0,785.000000,47,3,3,True,True,9,physical,6,42,45.645306,0.4444444444444444
waksman_9x9,default,6-4-3-7-2-8-5-0-1,failed,9,6,3,0,36,7,7,I1-I2:3;I1-I3:4;I2-I3:4;I2-I4:3;I2-I8:3;I4-I7:7;I7-I8:4,8537.000000,10211.265392,1674.265392,3.951864,6.074317,2.122453,1.439422,8.0,3.5,4.0,6.0,10.0,20.0,16.0,48.0,80.0,200.0,False,0.002,0.005,0.1,0.0,0.0,0.0,8000,4000,8,4,37.0,12,105.0,36.0,20.0,785.000000,31,3,3,True,True,9,physical,7,42,29.780344,0.3333333333333333
waksman_9x9,default,0-7-8-1-2-5-3-4-6,failed,9,5,4,0,23,6,5,I1-I2:2;I2-I3:3;I2-I5:3;I3-I5:2;I3-I6:4;I5-I6:5,8537.000000,8543.477796,6.477796,3.907864,5.431444,1.523580,1.230591,8.0,3.5,4.0,6.0,10.0,20.0,16.0,48.0,80.0,200.0,False,0.002,0.005,0.1,0.0,0.0,0.0,8000,4000,8,4,37.0,12,105.0,36.0,20.0,785.000000,29,3,3,True,True,9,physical,8,42,26.308325,0.4444444444444444
waksman_9x9,default,8-7-2-1-0-6-5-4-3,failed,9,7,2,0,47,14,5,I0-I1:3;I0-I3:3;I0-I5:3;I0-I7:3;I1-I5:3;I1-I6:3;I2-I3:3;I2-I5:4;I2-I7:2;I3-I5:2;I3-I6:2;I3-I7:2;I5-I6:3;I6-I7:5,8537.000000,11709.491043,3172.491043,4.070463,5.933770,1.863306,1.505997,8.0,3.5,4.0,6.0,10.0,20.0,16.0,48.0,80.0,200.0,False,0.002,0.005,0.1,0.0,0.0,0.0,8000,4000,8,4,37.0,12,105.0,36.0,20.0,785.000000,29,3,3,True,True,9,physical,9,42,31.873528,0.2222222222222222
spanke_benes_9x9,default,3-6-7-4-8-2-5-0-1,routed,9,9,0,0,50,8,6,I0-I1:6;I0-I3:6;I0-I5:3;I1-I2:4;I1-I3:3;I2-I4:2;I3-I6:2;I7-I8:2,16013.000000,24197.486527,8184.486527,4.132327,8.607478,4.475150,3.095441,8.0,3.5,4.0,6.0,10.0,20.0,16.0,48.0,80.0,200.0,False,0.002,0.005,0.1,0.0,0.0,0.0,8000,4000,8,4,37.0,12,105.0,36.0,20.0,1625.000000,14,3,1,True,False,9,physical,0,42,13.031345,0.0
spanke_benes_9x9,default,7-2-5-6-0-3-4-1-8,routed,9,9,0,0,55,10,6,I0-I3:3;I0-I8:2;I1-I2:4;I1-I4:5;I1-I5:6;I1-I7:3;I2-I3:4;I2-I6:3;I4-I7:4;I5-I6:6,16013.000000,24460.800692,8447.800692,4.132327,8.294062,4.161734,3.260067,8.0,3.5,4.0,6.0,10.0,20.0,16.0,48.0,80.0,200.0,False,0.002,0.005,0.1,0.0,0.0,0.0,8000,4000,8,4,37.0,12,105.0,36.0,20.0,1625.000000,23,3,1,True,False,9,physical,1,42,14.331213,0.0
spanke_benes_9x9,default,2-5-7-8-6-1-4-0-3,routed,9,9,0,0,49,8,8,I0-I1:8;I0-I5:5;I0-I6:2;I0-I8:2;I1-I2:4;I1-I4:2;I2-I3:2;I5-I7:3,16013.000000,24179.924582,8166.924582,4.197961,8.859695,4.661734,3.067650,8.0,3.5,4.0,6.0,10.0,20.0,16.0,48.0,80.0,200.0,False,0.002,0.005,0.1,0.0,0.0,0.0,8000,4000,8,4,37.0,12,105.0,36.0,20.0,1625.000000,15,3,1,True,False,9,physical,2,42,12.148507,0.0
spanke_benes_9x9,default,8-7-5-2-3-1-6-0-4,routed,9,9,0,0,47,7,6,I2-I4:3;I2-I6:2;I3-I4:6;I3-I5:5;I3-I8:2;I4-I8:2;I5-I7:3,16013.000000,24157.880325,8144.880325,4.132327,8.251230,4.118903,3.026085,8.0,3.5,4.0,6.0,10.0,20.0,16.0,48.0,80.0,200.0,False,0.002,0.005,0.1,0.0,0.0,0.0,8000,4000,8,4,37.0,12,105.0,36.0,20.0,1625.000000,12,3,1,True,False,9,physical,3,42,8.146173,0.0
spanke_benes_9x9,default,4-2-1-7-8-6-0-5-3,routed,9,9,0,0,53,8,11,I0-I1:9;I0-I3:4;I0-I5:2;I0-I7:2;I1-I2:11;I1-I8:2;I2-I6:5;I3-I4:2,16013.000000,24363.676802,8350.676802,4.260560,9.823711,5.563150,3.190706,8.0,3.5,4.0,6.0,10.0,20.0,16.0,48.0,80.0,200.0,False,0.002,0.005,0.1,0.0,0.0,0.0,8000,4000,8,4,37.0,12,105.0,36.0,20.0,1625.000000,20,3,1,True,False,9,physical,4,42,17.856833,0.0
spanke_benes_9x9,default,2-6-1-7-8-3-5-0-4,routed,9,9,0,0,55,9,11,I0-I1:6;I0-I2:11;I0-I5:6;I0-I8:2;I1-I3:4;I2-I7:3;I3-I4:2;I5-I6:2;I5-I8:2,16013.000000,24421.092729,8408.092729,4.209227,9.842254,5.633026,3.250132,8.0,3.5,4.0,6.0,10.0,20.0,16.0,48.0,80.0,200.0,False,0.002,0.005,0.1,0.0,0.0,0.0,8000,4000,8,4,37.0,12,105.0,36.0,20.0,1625.000000,20,3,1,True,False,9,physical,5,42,17.064592,0.0
spanke_benes_9x9,default,1-0-3-2-7-5-6-4-8,routed,9,9,0,0,67,12,15,I0-I1:15;I0-I2:2;I0-I3:12;I2-I3:11;I2-I4:2;I2-I5:4;I2-I7:4;I3-I7:2;I4-I6:3;I4-I8:2;I5-I6:4;I5-I7:3,16013.000000,24871.765317,8858.765317,4.447827,11.041101,6.593274,3.599170,8.0,3.5,4.0,6.0,10.0,20.0,16.0,48.0,80.0,200.0,False,0.002,0.005,0.1,0.0,0.0,0.0,8000,4000,8,4,37.0,12,105.0,36.0,20.0,1625.000000,33,3,1,True,False,9,physical,6,42,25.194311,0.0
spanke_benes_9x9,default,6-4-3-7-2-8-5-0-1,routed,9,9,0,0,50,8,7,I0-I1:5;I0-I3:4;I1-I2:7;I1-I4:3;I1-I6:2;I2-I4:5;I3-I5:2;I7-I8:2,16013.000000,24209.194490,8196.194490,4.129294,8.941860,4.812566,3.099154,8.0,3.5,4.0,6.0,10.0,20.0,16.0,48.0,80.0,200.0,False,0.002,0.005,0.1,0.0,0.0,0.0,8000,4000,8,4,37.0,12,105.0,36.0,20.0,1625.000000,14,3,1,True,False,9,physical,7,42,12.824564,0.0
spanke_benes_9x9,default,0-7-8-1-2-5-3-4-6,routed,9,9,0,0,62,10,12,I0-I1:4;I0-I3:12;I1-I2:2;I3-I4:10;I3-I6:2;I4-I5:2;I4-I6:6;I5-I7:3;I5-I8:2;I6-I7:6,16013.000000,24607.429023,8594.429023,4.329227,10.304378,5.975150,3.438206,8.0,3.5,4.0,6.0,10.0,20.0,16.0,48.0,80.0,200.0,False,0.002,0.005,0.1,0.0,0.0,0.0,8000,4000,8,4,37.0,12,105.0,36.0,20.0,1625.000000,27,3,1,True,False,9,physical,8,42,22.698227,0.0
spanke_benes_9x9,default,8-7-2-1-0-6-5-4-3,routed,9,9,0,0,48,6,9,I2-I3:9;I2-I5:2;I2-I6:2;I2-I7:2;I2-I8:2;I3-I4:9,16013.000000,24296.756435,8283.756435,4.194927,9.271245,5.076319,3.075835,8.0,3.5,4.0,6.0,10.0,20.0,16.0,48.0,80.0,200.0,False,0.002,0.005,0.1,0.0,0.0,0.0,8000,4000,8,4,37.0,12,105.0,36.0,20.0,1625.000000,17,3,1,True,False,9,physical,9,42,13.282458,0.0
spanke_benes_rect_9x9,default,3-6-7-4-8-2-5-0-1,routed,9,9,0,0,48,8,4,I0-I1:2;I0-I3:4;I0-I5:3;I1-I2:4;I1-I6:3;I2-I4:4;I3-I6:4;I7-I8:2,10343.000000,18725.150233,8382.150233,2.755361,6.379680,3.624319,3.103811,8.0,3.5,4.0,6.0,10.0,20.0,16.0,48.0,80.0,200.0,False,0.002,0.005,0.1,0.0,0.0,0.0,8000,4000,8,4,37.0,12,105.0,36.0,20.0,995.000000,15,3,1,True,False,9,physical,0,42,7.171976,0.0
spanke_benes_rect_9x9,default,7-2-5-6-0-3-4-1-8,routed,9,9,0,0,53,12,4,I0-I3:3;I0-I8:2;I1-I2:2;I1-I5:4;I1-I7:3;I2-I3:4;I2-I6:3;I3-I8:2;I4-I5:2;I4-I7:4;I5-I6:4;I6-I8:4,10343.000000,19079.734307,8736.734307,2.806694,6.534511,3.727817,3.291497,8.0,3.5,4.0,6.0,10.0,20.0,16.0,48.0,80.0,200.0,False,0.002,0.005,0.1,0.0,0.0,0.0,8000,4000,8,4,37.0,12,105.0,36.0,20.0,995.000000,21,3,1,True,False,9,physical,1,42,9.804899,0.0
spanke_benes_rect_9x9,default,2-5-7-8-6-1-4-0-3,routed,9,9,0,0,49,10,4,I0-I1:4;I0-I5:3;I0-I8:4;I1-I2:2;I1-I4:2;I1-I6:3;I2-I3:4;I2-I4:3;I5-I7:3;I6-I8:3,10343.000000,18807.880325,8464.880325,2.768028,6.593515,3.825487,3.141640,8.0,3.5,4.0,6.0,10.0,20.0,16.0,48.0,80.0,200.0,False,0.002,0.005,0.1,0.0,0.0,0.0,8000,4000,8,4,37.0,12,105.0,36.0,20.0,995.000000,17,3,1,True,False,9,physical,2,42,8.090191,0.0
spanke_benes_rect_9x9,default,8-7-5-2-3-1-6-0-4,routed,9,9,0,0,45,7,4,I2-I6:2;I2-I8:3;I3-I4:4;I3-I5:3;I4-I8:4;I5-I7:3;I6-I8:3,10343.000000,18713.544031,8370.544031,2.794027,6.248469,3.454442,3.040676,8.0,3.5,4.0,6.0,10.0,20.0,16.0,48.0,80.0,200.0,False,0.002,0.005,0.1,0.0,0.0,0.0,8000,4000,8,4,37.0,12,105.0,36.0,20.0,995.000000,11,3,1,True,False,9,physical,3,42,4.866279,0.0
spanke_benes_rect_9x9,default,4-2-1-7-8-6-0-5-3,routed,9,9,0,0,53,12,5,I0-I1:3;I0-I5:2;I0-I7:4;I0-I8:3;I1-I2:5;I1-I8:4;I2-I3:2;I2-I6:3;I3-I4:4;I3-I5:5;I5-I7:3;I6-I7:2,10343.000000,18883.486527,8540.486527,2.768028,6.618931,3.850903,3.241219,8.0,3.5,4.0,6.0,10.0,20.0,16.0,48.0,80.0,200.0,False,0.002,0.005,0.1,0.0,0.0,0.0,8000,4000,8,4,37.0,12,105.0,36.0,20.0,995.000000,21,3,1,True,False,9,physical,4,42,11.114190,0.0
spanke_benes_rect_9x9,default,2-6-1-7-8-3-5-0-4,routed,9,9,0,0,53,10,6,I0-I1:2;I0-I2:5;I0-I5:6;I1-I3:4;I1-I6:3;I2-I3:2;I2-I7:3;I3-I4:4;I5-I8:4;I6-I8:5,10343.000000,18946.756435,8603.756435,2.768028,6.628347,3.860319,3.258057,8.0,3.5,4.0,6.0,10.0,20.0,16.0,48.0,80.0,200.0,False,0.002,0.005,0.1,0.0,0.0,0.0,8000,4000,8,4,37.0,12,105.0,36.0,20.0,995.000000,21,3,1,True,False,9,physical,5,42,12.222000,0.0
spanke_benes_rect_9x9,default,1-0-3-2-7-5-6-4-8,routed,9,9,0,0,67,10,9,I0-I1:9;I0-I3:8;I2-I3:9;I2-I5:2;I2-I7:6;I4-I6:7;I4-I8:8;I5-I6:6;I5-I7:7;I6-I8:2,10343.000000,19404.743188,9061.743188,2.729362,6.984224,4.254862,3.648165,8.0,3.5,4.0,6.0,10.0,20.0,16.0,48.0,80.0,200.0,False,0.002,0.005,0.1,0.0,0.0,0.0,8000,4000,8,4,37.0,12,105.0,36.0,20.0,995.000000,30,3,1,True,False,9,physical,6,42,17.849472,0.0
spanke_benes_rect_9x9,default,6-4-3-7-2-8-5-0-1,routed,9,9,0,0,48,9,4,I0-I3:4;I0-I6:3;I1-I2:3;I1-I6:4;I2-I3:2;I2-I4:3;I3-I5:4;I4-I5:2;I7-I8:2,10343.000000,18855.544031,8512.544031,2.768028,6.725763,3.957734,3.138899,8.0,3.5,4.0,6.0,10.0,20.0,16.0,48.0,80.0,200.0,False,0.002,0.005,0.1,0.0,0.0,0.0,8000,4000,8,4,37.0,12,105.0,36.0,20.0,995.000000,17,3,1,True,False,9,physical,7,42,8.403913,0.0
spanke_benes_rect_9x9,default,0-7-8-1-2-5-3-4-6,routed,9,9,0,0,58,11,8,I0-I1:2;I0-I3:8;I1-I2:2;I1-I8:3;I3-I4:6;I4-I5:2;I4-I6:6;I5-I7:5;I5-I8:4;I6-I7:6;I7-I8:2,10343.000000,19148.800692,8805.800692,2.806694,6.744017,3.937323,3.406289,8.0,3.5,4.0,6.0,10.0,20.0,16.0,48.0,80.0,200.0,False,0.002,0.005,0.1,0.0,0.0,0.0,8000,4000,8,4,37.0,12,105.0,36.0,20.0,995.000000,25,3,1,True,False,9,physical,8,42,14.687254,0.0
spanke_benes_rect_9x9,default,8-7-2-1-0-6-5-4-3,routed,9,9,0,0,48,8,5,I2-I3:5;I2-I7:2;I2-I8:4;I3-I4:5;I4-I5:2;I5-I6:3;I6-I7:5;I7-I8:3,10343.000000,18873.982086,8530.982086,2.755361,6.325556,3.570195,3.141329,8.0,3.5,4.0,6.0,10.0,20.0,16.0,48.0,80.0,200.0,False,0.002,0.005,0.1,0.0,0.0,0.0,8000,4000,8,4,37.0,12,105.0,36.0,20.0,995.000000,17,3,1,True,False,9,physical,9,42,10.489822,0.0
padded_benes_16x16,default,7-3-2-8-5-6-9-4-0-1,failed,10,7,3,0,63,15,7,I0-I1:3;I0-I2:3;I0-I3:2;I0-I5:7;I0-I9:3;I1-I2:7;I1-I3:2;I1-I5:4;I2-I3:4;I2-I5:4;I2-I8:3;I3-I5:3;I5-I8:3;I5-I9:3;I8-I9:6,12290.000000,14332.729941,2042.729941,5.963430,8.239748,2.276319,1.236637,8.0,3.5,4.0,6.0,10.0,20.0,16.0,48.0,80.0,200.0,False,0.002,0.005,0.1,0.0,0.0,0.0,8000,4000,8,4,37.0,12,105.0,36.0,20.0,785.000000,39,3,3,True,True,10,physical,0,42,46.121020,0.3
padded_benes_16x16,default,3-5-2-4-1-8-7-0-6-9,failed,10,5,5,0,30,9,6,I0-I2:3;I0-I8:2;I0-I9:2;I2-I6:6;I2-I8:2;I2-I9:2;I6-I8:5;I6-I9:4;I8-I9:4,12130.000000,10867.637061,-1262.362939,5.927430,7.959955,2.032525,0.971455,8.0,3.5,4.0,6.0,10.0,20.0,16.0,48.0,80.0,200.0,False,0.002,0.005,0.1,0.0,0.0,0.0,8000,4000,8,4,37.0,12,105.0,36.0,20.0,785.000000,50,3,3,True,True,10,physical,1,42,66.703167,0.5
padded_benes_16x16,default,7-5-0-2-4-9-1-6-3-8,failed,10,6,4,0,51,14,6,I0-I2:3;I0-I3:3;I0-I4:5;I0-I9:2;I2-I3:6;I2-I4:4;I2-I8:4;I2-I9:2;I3-I4:4;I3-I8:4;I3-I9:2;I4-I8:5;I4-I9:4;I8-I9:2,12130.000000,11963.380400,-166.619600,5.558763,6.917377,1.358614,1.006460,8.0,3.5,4.0,6.0,10.0,20.0,16.0,48.0,80.0,200.0,False,0.002,0.005,0.1,0.0,0.0,0.0,8000,4000,8,4,37.0,12,105.0,36.0,20.0,785.000000,50,3,3,True,True,10,physical,2,42,65.311379,0.4
padded_benes_16x16,default,7-8-3-0-2-9-1-4-5-6,failed,10,6,4,0,58,15,7,I2-I3:7;I2-I4:5;I2-I6:7;I2-I8:2;I2-I9:2;I3-I4:4;I3-I6:6;I3-I8:2;I3-I9:2;I4-I6:7;I4-I8:2;I4-I9:2;I6-I8:2;I6-I9:2;I8-I9:6,12290.000000,13125.336143,835.336143,5.710096,7.534373,1.824278,1.421445,8.0,3.5,4.0,6.0,10.0,20.0,16.0,48.0,80.0,200.0,False,0.002,0.005,0.1,0.0,0.0,0.0,8000,4000,8,4,37.0,12,105.0,36.0,20.0,785.000000,56,3,3,True,True,10,physical,3,42,93.583183,0.4
padded_benes_16x16,default,9-6-7-3-0-2-4-8-5-1,failed,10,5,5,0,28,7,6,I0-I4:3;I0-I6:3;I4-I6:6;I4-I7:2;I4-I9:4;I6-I7:4;I6-I9:3,12290.000000,10104.951227,-2185.048773,5.848097,6.524957,0.676861,0.494980,8.0,3.5,4.0,6.0,10.0,20.0,16.0,48.0,80.0,200.0,False,0.002,0.005,0.1,0.0,0.0,0.0,8000,4000,8,4,37.0,12,105.0,36.0,20.0,785.000000,58,3,3,True,True,10,physical,4,42,85.929464,0.5
padded_benes_16x16,default,8-0-3-2-7-5-9-4-1-6,failed,10,7,3,0,84,19,9,I0-I1:3;I0-I2:3;I0-I3:3;I0-I7:5;I0-I8:3;I1-I2:6;I1-I3:4;I1-I5:2;I1-I7:4;I1-I8:2;I2-I3:7;I2-I5:6;I2-I7:4;I2-I8:3;I3-I5:6;I3-I7:4;I3-I8:3;I5-I7:9;I7-I8:5,12130.000000,14568.774198,2438.774198,5.899430,8.883500,2.984071,2.030650,8.0,3.5,4.0,6.0,10.0,20.0,16.0,48.0,80.0,200.0,False,0.002,0.005,0.1,0.0,0.0,0.0,8000,4000,8,4,37.0,12,105.0,36.0,20.0,785.000000,47,3,3,True,True,10,physical,5,42,69.706406,0.3
padded_benes_16x16,default,5-7-4-9-8-2-6-3-0-1,failed,10,7,3,0,56,15,7,I0-I1:2;I0-I3:2;I0-I4:2;I0-I6:2;I1-I2:7;I1-I3:4;I1-I4:2;I1-I6:5;I2-I3:4;I2-I4:2;I2-I6:4;I3-I4:5;I3-I6:3;I4-I6:3;I6-I9:3,12290.000000,14243.460033,1953.460033,5.658763,7.114711,1.455948,1.036131,8.0,3.5,4.0,6.0,10.0,20.0,16.0,48.0,80.0,200.0,False,0.002,0.005,0.1,0.0,0.0,0.0,8000,4000,8,4,37.0,12,105.0,36.0,20.0,785.000000,41,3,3,True,True,10,physical,6,42,58.676434,0.3
padded_benes_16x16,default,0-3-9-6-8-2-1-5-7-4,failed,10,7,3,0,62,17,7,I0-I1:2;I0-I4:2;I0-I5:2;I0-I7:4;I1-I3:2;I1-I4:2;I1-I5:7;I1-I7:4;I3-I4:2;I3-I5:3;I3-I7:5;I3-I8:6;I4-I5:7;I4-I7:3;I5-I7:4;I5-I8:2;I7-I8:4,12290.000000,14546.145868,2256.145868,5.950763,8.032497,2.081734,1.337613,8.0,3.5,4.0,6.0,10.0,20.0,16.0,48.0,80.0,200.0,False,0.002,0.005,0.1,0.0,0.0,0.0,8000,4000,8,4,37.0,12,105.0,36.0,20.0,785.000000,57,3,3,True,True,10,physical,7,42,110.546877,0.3
padded_benes_16x16,default,6-0-4-8-5-7-9-3-2-1,failed,10,5,5,0,53,9,12,I0-I1:5;I0-I4:7;I0-I5:12;I1-I4:4;I1-I5:6;I1-I8:2;I4-I5:10;I4-I8:3;I5-I8:3,12450.000000,10795.199006,-1654.800994,5.917429,9.269583,3.352155,1.969480,8.0,3.5,4.0,6.0,10.0,20.0,16.0,48.0,80.0,200.0,False,0.002,0.005,0.1,0.0,0.0,0.0,8000,4000,8,4,37.0,12,105.0,36.0,20.0,785.000000,52,3,3,True,True,10,physical,8,42,71.370335,0.5
padded_benes_16x16,default,4-9-1-7-2-8-6-3-0-5,failed,10,5,5,0,44,8,13,I0-I7:3;I0-I9:2;I2-I6:4;I2-I7:8;I2-I9:2;I6-I7:13;I6-I9:7;I7-I9:4,12130.000000,11517.446786,-612.553214,5.910096,9.684745,3.774649,1.651179,8.0,3.5,4.0,6.0,10.0,20.0,16.0,48.0,80.0,200.0,False,0.002,0.005,0.1,0.0,0.0,0.0,8000,4000,8,4,37.0,12,105.0,36.0,20.0,785.000000,67,3,3,True,True,10,physical,9,42,97.216460,0.5
waksman_10x10,default,7-3-2-8-5-6-9-4-0-1,failed,10,7,3,0,44,11,6,I1-I2:5;I1-I3:4;I1-I5:2;I1-I6:2;I2-I3:6;I2-I5:2;I2-I6:2;I2-I9:3;I3-I6:2;I5-I6:2;I8-I9:4,9818.000000,11899.738823,2081.738823,4.093796,5.827196,1.733400,1.120925,8.0,3.5,4.0,6.0,10.0,20.0,16.0,48.0,80.0,200.0,False,0.002,0.005,0.1,0.0,0.0,0.0,8000,4000,8,4,37.0,12,105.0,36.0,20.0,785.000000,42,3,3,True,True,10,physical,0,42,60.403041,0.3
waksman_10x10,default,3-5-2-4-1-8-7-0-6-9,failed,10,5,5,0,33,8,6,I2-I3:6;I2-I6:2;I3-I6:6;I3-I8:4;I3-I9:2;I6-I8:5;I6-I9:4;I8-I9:4,9818.000000,9608.995484,-209.004516,5.332097,6.694565,1.362468,2.021798,8.0,3.5,4.0,6.0,10.0,20.0,16.0,48.0,80.0,200.0,False,0.002,0.005,0.1,0.0,0.0,0.0,8000,4000,8,4,37.0,12,105.0,36.0,20.0,785.000000,47,3,3,True,True,10,physical,1,42,49.913254,0.5
waksman_10x10,default,7-5-0-2-4-9-1-6-3-8,failed,10,7,3,0,57,17,6,I0-I2:3;I0-I3:3;I0-I4:5;I0-I5:2;I0-I9:4;I2-I3:4;I2-I4:2;I2-I5:4;I2-I8:6;I2-I9:2;I3-I4:2;I3-I5:2;I3-I8:2;I4-I5:4;I4-I9:2;I5-I9:3;I8-I9:4,9818.000000,11625.491043,1807.491043,4.850763,6.138529,1.287767,1.429997,8.0,3.5,4.0,6.0,10.0,20.0,16.0,48.0,80.0,200.0,False,0.002,0.005,0.1,0.0,0.0,0.0,8000,4000,8,4,37.0,12,105.0,36.0,20.0,785.000000,47,3,3,True,True,10,physical,2,42,50.092077,0.3
waksman_10x10,default,7-8-3-0-2-9-1-4-5-6,failed,10,8,2,0,57,17,6,I0-I1:2;I0-I5:2;I0-I6:3;I0-I8:5;I0-I9:5;I1-I3:3;I1-I5:2;I2-I3:3;I2-I5:2;I2-I8:2;I2-I9:2;I3-I5:2;I3-I6:2;I5-I6:3;I6-I8:2;I6-I9:2;I8-I9:6,9818.000000,13613.380400,3795.380400,4.564163,6.201361,1.637198,1.271345,8.0,3.5,4.0,6.0,10.0,20.0,16.0,48.0,80.0,200.0,False,0.002,0.005,0.1,0.0,0.0,0.0,8000,4000,8,4,37.0,12,105.0,36.0,20.0,785.000000,28,3,4,True,True,10,physical,3,42,25.328753,0.2
waksman_10x10,default,9-6-7-3-0-2-4-8-5-1,failed,10,9,1,0,97,24,8,I0-I1:3;I0-I2:3;I0-I3:3;I0-I7:3;I1-I2:8;I1-I6:3;I1-I7:2;I1-I8:3;I2-I3:3;I2-I6:5;I2-I7:4;I3-I5:3;I3-I6:6;I3-I7:2;I3-I8:2;I3-I9:3;I5-I6:4;I5-I7:2;I5-I8:2;I5-I9:5;I6-I7:2;I6-I8:6;I6-I9:3;I8-I9:5,9818.000000,16357.371519,6539.371519,4.356830,7.614327,3.257497,2.289860,8.0,3.5,4.0,6.0,10.0,20.0,16.0,48.0,80.0,200.0,False,0.002,0.005,0.1,0.0,0.0,0.0,8000,4000,8,4,37.0,12,105.0,36.0,20.0,785.000000,38,3,4,True,True,10,physical,4,42,47.454257,0.1
waksman_10x10,default,8-0-3-2-7-5-9-4-1-6,failed,10,7,3,0,45,13,7,I0-I2:3;I0-I3:3;I2-I3:7;I2-I4:2;I2-I5:2;I2-I8:3;I3-I4:2;I3-I5:2;I3-I8:3;I3-I9:2;I4-I5:5;I5-I9:2;I8-I9:2,9818.000000,12358.468915,2540.468915,4.116163,7.034235,2.918072,1.427277,8.0,3.5,4.0,6.0,10.0,20.0,16.0,48.0,80.0,200.0,False,0.002,0.005,0.1,0.0,0.0,0.0,8000,4000,8,4,37.0,12,105.0,36.0,20.0,785.000000,55,3,3,True,True,10,physical,5,42,74.736792,0.3
waksman_10x10,default,5-7-4-9-8-2-6-3-0-1,failed,10,8,2,0,61,12,7,I0-I2:7;I0-I3:2;I0-I6:2;I2-I3:4;I2-I6:4;I5-I6:2;I5-I7:6;I5-I9:3;I6-I7:3;I6-I8:3;I6-I9:3;I8-I9:6,9818.000000,14041.628180,4223.628180,4.217129,6.604492,2.387363,1.557907,8.0,3.5,4.0,6.0,10.0,20.0,16.0,48.0,80.0,200.0,False,0.002,0.005,0.1,0.0,0.0,0.0,8000,4000,8,4,37.0,12,105.0,36.0,20.0,785.000000,30,3,3,True,True,10,physical,6,42,29.813811,0.2
waksman_10x10,default,0-3-9-6-8-2-1-5-7-4,failed,10,6,4,0,38,12,5,I0-I2:2;I0-I3:4;I0-I5:2;I0-I7:2;I0-I8:2;I2-I3:3;I2-I7:3;I3-I7:5;I3-I8:4;I5-I7:2;I5-I8:2;I7-I8:4,9818.000000,10957.322896,1139.322896,4.356830,5.998984,1.642154,1.437274,8.0,3.5,4.0,6.0,10.0,20.0,16.0,48.0,80.0,200.0,False,0.002,0.005,0.1,0.0,0.0,0.0,8000,4000,8,4,37.0,12,105.0,36.0,20.0,785.000000,46,3,3,True,True,10,physical,7,42,86.625887,0.4
waksman_10x10,default,6-0-4-8-5-7-9-3-2-1,failed,10,6,4,0,37,12,5,I1-I4:2;I1-I5:2;I1-I6:2;I1-I7:4;I1-I8:2;I4-I5:2;I4-I7:3;I4-I8:3;I5-I6:4;I5-I7:3;I6-I7:5;I7-I8:3,9818.000000,10643.075117,825.075117,4.181129,6.124901,1.943772,1.332525,8.0,3.5,4.0,6.0,10.0,20.0,16.0,48.0,80.0,200.0,False,0.002,0.005,0.1,0.0,0.0,0.0,8000,4000,8,4,37.0,12,105.0,36.0,20.0,785.000000,51,3,3,True,True,10,physical,8,42,97.326038,0.4
waksman_10x10,default,4-9-1-7-2-8-6-3-0-5,failed,10,5,5,0,30,9,8,I2-I3:8;I2-I4:2;I2-I6:2;I2-I9:2;I3-I6:5;I3-I9:3;I4-I6:2;I4-I9:2;I6-I9:3,9818.000000,10132.951227,314.951227,4.233497,6.264901,2.031404,1.831780,8.0,3.5,4.0,6.0,10.0,20.0,16.0,48.0,80.0,200.0,False,0.002,0.005,0.1,0.0,0.0,0.0,8000,4000,8,4,37.0,12,105.0,36.0,20.0,785.000000,54,3,3,True,True,10,physical,9,42,85.111229,0.5
spanke_benes_10x10,default,7-3-2-8-5-6-9-4-0-1,routed,10,10,0,0,62,9,11,I0-I1:3;I0-I3:4;I0-I5:3;I1-I2:11;I1-I4:6;I1-I7:2;I3-I6:2;I4-I5:4;I8-I9:2,20166.000000,30225.725425,10059.725425,4.784859,10.570842,5.785982,3.430945,8.0,3.5,4.0,6.0,10.0,20.0,16.0,48.0,80.0,200.0,False,0.002,0.005,0.1,0.0,0.0,0.0,8000,4000,8,4,37.0,12,105.0,36.0,20.0,1835.000000,18,3,1,True,False,10,physical,0,42,21.526461,0.0
spanke_benes_10x10,default,3-5-2-4-1-8-7-0-6-9,routed,10,10,0,0,75,12,11,I0-I1:2;I0-I2:11;I0-I3:10;I1-I3:9;I1-I5:2;I1-I6:2;I1-I8:4;I2-I4:9;I4-I7:5;I5-I6:3;I5-I9:2;I6-I8:5,20166.000000,30796.061719,10630.061719,4.787893,10.643509,5.855616,3.797012,8.0,3.5,4.0,6.0,10.0,20.0,16.0,48.0,80.0,200.0,False,0.002,0.005,0.1,0.0,0.0,0.0,8000,4000,8,4,37.0,12,105.0,36.0,20.0,1835.000000,33,3,1,True,False,10,physical,1,42,31.632343,0.0
spanke_benes_10x10,default,7-5-0-2-4-9-1-6-3-8,routed,10,10,0,0,70,12,8,I0-I1:3;I0-I5:2;I0-I7:3;I0-I9:2;I1-I4:7;I1-I7:4;I2-I3:6;I2-I6:8;I3-I4:6;I3-I6:7;I3-I8:4;I4-I8:3,20166.000000,30569.915700,10403.915700,4.853527,10.895509,6.041982,3.652283,8.0,3.5,4.0,6.0,10.0,20.0,16.0,48.0,80.0,200.0,False,0.002,0.005,0.1,0.0,0.0,0.0,8000,4000,8,4,37.0,12,105.0,36.0,20.0,1835.000000,29,3,1,True,False,10,physical,2,42,37.385315,0.0
spanke_benes_10x10,default,7-8-3-0-2-9-1-4-5-6,routed,10,10,0,0,68,10,9,I0-I1:4;I0-I2:3;I1-I5:2;I2-I4:9;I2-I7:6;I3-I4:4;I3-I6:8;I4-I6:7;I7-I8:4;I8-I9:2,20166.000000,30477.331627,10311.331627,4.787893,10.297875,5.509982,3.595766,8.0,3.5,4.0,6.0,10.0,20.0,16.0,48.0,80.0,200.0,False,0.002,0.005,0.1,0.0,0.0,0.0,8000,4000,8,4,37.0,12,105.0,36.0,20.0,1835.000000,26,3,1,True,False,10,physical,3,42,26.203219,0.0
spanke_benes_10x10,default,9-6-7-3-0-2-4-8-5-1,routed,10,10,0,0,61,8,8,I1-I2:4;I1-I6:3;I2-I7:2;I3-I5:7;I3-I6:6;I4-I5:8;I4-I9:2;I6-I8:2,20166.000000,30207.725425,10041.725425,4.722260,9.702826,4.980566,3.407345,8.0,3.5,4.0,6.0,10.0,20.0,16.0,48.0,80.0,200.0,False,0.002,0.005,0.1,0.0,0.0,0.0,8000,4000,8,4,37.0,12,105.0,36.0,20.0,1835.000000,17,3,1,True,False,10,physical,4,42,16.167133,0.0
spanke_benes_10x10,default,8-0-3-2-7-5-9-4-1-6,routed,10,10,0,0,69,13,11,I0-I4:3;I0-I6:2;I1-I2:2;I1-I3:10;I1-I8:4;I2-I3:11;I2-I4:2;I2-I5:4;I2-I7:4;I3-I8:3;I4-I5:3;I5-I7:3;I5-I9:2,20166.000000,30434.645792,10268.645792,4.853527,10.960925,6.107398,3.602729,8.0,3.5,4.0,6.0,10.0,20.0,16.0,48.0,80.0,200.0,False,0.002,0.005,0.1,0.0,0.0,0.0,8000,4000,8,4,37.0,12,105.0,36.0,20.0,1835.000000,27,3,1,True,False,10,physical,5,42,26.242740,0.0
spanke_benes_10x10,default,5-7-4-9-8-2-6-3-0-1,routed,10,10,0,0,57,8,7,I0-I1:6;I0-I2:7;I0-I6:2;I1-I3:2;I1-I4:2;I2-I5:3;I5-I7:2;I8-I9:2,20166.000000,30172.805058,10006.805058,4.656627,9.244702,4.588076,3.330361,8.0,3.5,4.0,6.0,10.0,20.0,16.0,48.0,80.0,200.0,False,0.002,0.005,0.1,0.0,0.0,0.0,8000,4000,8,4,37.0,12,105.0,36.0,20.0,1835.000000,13,3,1,True,False,10,physical,6,42,18.670118,0.0
spanke_benes_10x10,default,0-3-9-6-8-2-1-5-7-4,routed,10,10,0,0,69,12,8,I0-I1:8;I0-I5:2;I0-I6:8;I1-I2:2;I1-I3:4;I1-I5:7;I1-I7:4;I1-I9:2;I3-I4:2;I3-I7:3;I3-I8:2;I5-I6:7,20166.000000,30408.645792,10242.645792,4.919160,11.767974,6.848814,3.597529,8.0,3.5,4.0,6.0,10.0,20.0,16.0,48.0,80.0,200.0,False,0.002,0.005,0.1,0.0,0.0,0.0,8000,4000,8,4,37.0,12,105.0,36.0,20.0,1835.000000,26,3,1,True,False,10,physical,7,42,26.144608,0.0
spanke_benes_10x10,default,6-0-4-8-5-7-9-3-2-1,routed,10,10,0,0,64,11,10,I0-I2:3;I0-I3:2;I0-I4:5;I0-I5:4;I1-I2:10;I1-I7:2;I1-I8:2;I1-I9:2;I2-I4:6;I3-I5:3;I3-I6:2,20166.000000,30246.601535,10080.601535,4.787893,10.292460,5.504566,3.472120,8.0,3.5,4.0,6.0,10.0,20.0,16.0,48.0,80.0,200.0,False,0.002,0.005,0.1,0.0,0.0,0.0,8000,4000,8,4,37.0,12,105.0,36.0,20.0,1835.000000,20,3,1,True,False,10,physical,8,42,23.047111,0.0
spanke_benes_10x10,default,4-9-1-7-2-8-6-3-0-5,routed,10,10,0,0,65,12,10,I0-I1:2;I0-I2:3;I0-I3:4;I0-I4:5;I0-I6:2;I0-I7:3;I0-I9:2;I2-I4:10;I2-I7:2;I2-I8:3;I3-I5:2;I4-I7:4,20166.000000,30364.995333,10198.995333,4.787893,10.280460,5.492566,3.521299,8.0,3.5,4.0,6.0,10.0,20.0,16.0,48.0,80.0,200.0,False,0.002,0.005,0.1,0.0,0.0,0.0,8000,4000,8,4,37.0,12,105.0,36.0,20.0,1835.000000,21,3,1,True,False,10,physical,9,42,20.641739,0.0
spanke_benes_rect_10x10,default,7-3-2-8-5-6-9-4-0-1,routed,10,10,0,0,62,11,6,I0-I3:4;I0-I5:3;I1-I2:5;I1-I4:2;I1-I7:4;I2-I3:2;I3-I6:4;I4-I5:6;I4-I7:3;I5-I6:2;I8-I9:2,12816.000000,23482.468764,10666.468764,3.120993,7.329478,4.208484,3.570294,8.0,3.5,4.0,6.0,10.0,20.0,16.0,48.0,80.0,200.0,False,0.002,0.005,0.1,0.0,0.0,0.0,8000,4000,8,4,37.0,12,105.0,36.0,20.0,1100.000000,19,3,1,True,False,10,physical,0,42,14.256112,0.0
spanke_benes_rect_10x10,default,3-5-2-4-1-8-7-0-6-9,routed,10,10,0,0,73,15,7,I0-I1:2;I0-I2:5;I0-I3:6;I1-I3:5;I1-I8:6;I2-I3:2;I2-I4:5;I3-I8:2;I4-I5:2;I4-I7:3;I5-I6:7;I5-I9:6;I6-I8:7;I6-I9:2;I8-I9:2,12816.000000,23866.411260,11050.411260,3.043661,7.549396,4.505734,3.853582,8.0,3.5,4.0,6.0,10.0,20.0,16.0,48.0,80.0,200.0,False,0.002,0.005,0.1,0.0,0.0,0.0,8000,4000,8,4,37.0,12,105.0,36.0,20.0,1100.000000,30,3,1,True,False,10,physical,1,42,24.031625,0.0
spanke_benes_rect_10x10,default,7-5-0-2-4-9-1-6-3-8,routed,10,10,0,0,70,16,5,I0-I7:3;I0-I9:4;I1-I4:3;I1-I7:4;I2-I3:4;I2-I6:4;I3-I4:2;I3-I6:5;I3-I8:4;I4-I5:2;I4-I7:2;I4-I8:5;I5-I9:5;I6-I7:2;I7-I9:4;I8-I9:2,12816.000000,23870.074966,11054.074966,3.056993,7.547980,4.490987,3.802315,8.0,3.5,4.0,6.0,10.0,20.0,16.0,48.0,80.0,200.0,False,0.002,0.005,0.1,0.0,0.0,0.0,8000,4000,8,4,37.0,12,105.0,36.0,20.0,1100.000000,29,3,1,True,False,10,physical,2,42,24.400782,0.0
spanke_benes_rect_10x10,default,7-8-3-0-2-9-1-4-5-6,routed,10,10,0,0,68,12,8,I0-I1:4;I1-I5:2;I2-I4:5;I2-I7:6;I3-I4:2;I3-I6:4;I4-I5:2;I4-I6:5;I5-I9:3;I6-I7:2;I7-I8:6;I8-I9:8,12816.000000,23854.906819,11038.906819,3.120993,7.590303,4.469310,3.763281,8.0,3.5,4.0,6.0,10.0,20.0,16.0,48.0,80.0,200.0,False,0.002,0.005,0.1,0.0,0.0,0.0,8000,4000,8,4,37.0,12,105.0,36.0,20.0,1100.000000,28,3,1,True,False,10,physical,3,42,22.944729,0.0
spanke_benes_rect_10x10,default,9-6-7-3-0-2-4-8-5-1,routed,10,10,0,0,61,12,4,I1-I2:2;I1-I8:3;I2-I7:4;I3-I5:3;I3-I6:4;I4-I5:4;I4-I9:2;I5-I6:2;I5-I9:3;I6-I7:2;I6-I8:4;I7-I8:3,12816.000000,23574.570525,10758.570525,3.108326,7.309478,4.201152,3.575214,8.0,3.5,4.0,6.0,10.0,20.0,16.0,48.0,80.0,200.0,False,0.002,0.005,0.1,0.0,0.0,0.0,8000,4000,8,4,37.0,12,105.0,36.0,20.0,1100.000000,20,3,1,True,False,10,physical,4,42,14.169385,0.0
spanke_benes_rect_10x10,default,8-0-3-2-7-5-9-4-1-6,routed,10,10,0,0,69,13,7,I0-I4:3;I0-I6:2;I1-I3:6;I1-I8:2;I2-I3:7;I2-I5:2;I2-I7:6;I3-I8:3;I4-I6:4;I4-I9:5;I5-I7:5;I5-I9:6;I8-I9:2,12816.000000,23767.389131,10951.389131,3.108326,7.390564,4.282238,3.757278,8.0,3.5,4.0,6.0,10.0,20.0,16.0,48.0,80.0,200.0,False,0.002,0.005,0.1,0.0,0.0,0.0,8000,4000,8,4,37.0,12,105.0,36.0,20.0,1100.000000,28,3,1,True,False,10,physical,5,42,21.033281,0.0
spanke_benes_rect_10x10,default,5-7-4-9-8-2-6-3-0-1,routed,10,10,0,0,57,10,4,I0-I1:2;I0-I2:3;I0-I6:4;I1-I4:4;I1-I6:3;I2-I3:2;I2-I7:3;I3-I4:3;I5-I7:2;I8-I9:2,12816.000000,23276.132470,10460.132470,3.108326,7.094935,3.986608,3.437026,8.0,3.5,4.0,6.0,10.0,20.0,16.0,48.0,80.0,200.0,False,0.002,0.005,0.1,0.0,0.0,0.0,8000,4000,8,4,37.0,12,105.0,36.0,20.0,1100.000000,16,3,1,True,False,10,physical,6,42,13.338427,0.0
spanke_benes_rect_10x10,default,0-3-9-6-8-2-1-5-7-4,routed,10,10,0,0,69,14,6,I0-I1:4;I0-I5:2;I0-I6:4;I1-I3:2;I1-I5:5;I1-I9:6;I2-I4:3;I3-I7:5;I3-I8:4;I4-I8:5;I5-I6:5;I6-I7:2;I7-I8:2;I7-I9:5,12816.000000,23582.557278,10766.557278,3.082327,7.352399,4.270072,3.716311,8.0,3.5,4.0,6.0,10.0,20.0,16.0,48.0,80.0,200.0,False,0.002,0.005,0.1,0.0,0.0,0.0,8000,4000,8,4,37.0,12,105.0,36.0,20.0,1100.000000,28,3,1,True,False,10,physical,7,42,23.890429,0.0
spanke_benes_rect_10x10,default,6-0-4-8-5-7-9-3-2-1,routed,10,10,0,0,64,13,5,I0-I4:5;I0-I5:4;I1-I2:4;I1-I7:2;I1-I9:2;I2-I3:2;I2-I4:4;I2-I7:3;I3-I5:5;I3-I6:4;I4-I5:2;I5-I6:2;I8-I9:3,12816.000000,23515.490892,10699.490892,3.108326,7.361478,4.253152,3.613398,8.0,3.5,4.0,6.0,10.0,20.0,16.0,48.0,80.0,200.0,False,0.002,0.005,0.1,0.0,0.0,0.0,8000,4000,8,4,37.0,12,105.0,36.0,20.0,1100.000000,22,3,1,True,False,10,physical,8,42,17.096158,0.0
spanke_benes_rect_10x10,default,4-9-1-7-2-8-6-3-0-5,routed,10,10,0,0,63,11,6,I0-I1:2;I0-I7:5;I0-I9:4;I2-I3:2;I2-I4:6;I3-I5:4;I3-I6:3;I4-I5:2;I4-I7:4;I6-I9:5;I8-I9:2,12816.000000,23516.176727,10700.176727,3.069660,7.113519,4.043858,3.598035,8.0,3.5,4.0,6.0,10.0,20.0,16.0,48.0,80.0,200.0,False,0.002,0.005,0.1,0.0,0.0,0.0,8000,4000,8,4,37.0,12,105.0,36.0,20.0,1100.000000,20,3,1,True,False,10,physical,9,42,15.665554,0.0
padded_benes_16x16,default,7-3-2-8-5-6-9-4-0-1-10,failed,11,8,3,0,82,20,7,I0-I1:3;I0-I2:3;I0-I5:7;I0-I6:2;I0-I9:3;I1-I2:7;I1-I5:4;I1-I6:2;I2-I5:4;I2-I6:2;I2-I8:3;I2-I10:2;I5-I6:6;I5-I8:3;I5-I9:3;I5-I10:2;I6-I10:4;I8-I9:6;I8-I10:6;I9-I10:4,13747.000000,16426.517537,2679.517537,6.163430,8.551500,2.388071,1.312504,8.0,3.5,4.0,6.0,10.0,20.0,16.0,48.0,80.0,200.0,False,0.002,0.005,0.1,0.0,0.0,0.0,8000,4000,8,4,37.0,12,105.0,36.0,20.0,785.000000,61,3,3,True,True,11,physical,0,42,103.048204,0.2727272727272727
padded_benes_16x16,default,4-3-2-10-5-1-7-8-0-6-9,failed,11,6,5,0,48,13,7,I1-I2:7;I1-I4:4;I1-I5:3;I1-I10:2;I2-I4:4;I2-I5:5;I2-I10:2;I4-I5:7;I4-I8:3;I4-I10:2;I5-I8:3;I5-I10:2;I8-I10:2,13723.000000,12411.424657,-1311.575343,6.068097,7.570291,1.502195,0.750142,8.0,3.5,4.0,6.0,10.0,20.0,16.0,48.0,80.0,200.0,False,0.002,0.005,0.1,0.0,0.0,0.0,8000,4000,8,4,37.0,12,105.0,36.0,20.0,785.000000,60,3,3,True,True,11,physical,1,42,96.990723,0.45454545454545453
padded_benes_16x16,default,5-1-9-0-2-4-7-3-6-8-10,failed,11,7,4,0,64,19,8,I0-I1:3;I0-I2:2;I0-I4:3;I0-I5:7;I0-I9:2;I1-I2:2;I1-I4:4;I1-I5:4;I1-I9:2;I2-I4:5;I2-I5:3;I2-I9:3;I2-I10:2;I4-I5:8;I4-I9:2;I4-I10:2;I5-I9:2;I5-I10:2;I9-I10:6,13987.000000,14016.132621,29.132621,6.268097,7.927920,1.659823,0.900895,8.0,3.5,4.0,6.0,10.0,20.0,16.0,48.0,80.0,200.0,False,0.002,0.005,0.1,0.0,0.0,0.0,8000,4000,8,4,37.0,12,105.0,36.0,20.0,785.000000,47,3,3,True,True,11,physical,2,42,96.331804,0.36363636363636365
padded_benes_16x16,default,10-7-1-9-0-8-6-3-2-4-5,failed,11,6,5,0,65,14,7,I1-I2:3;I1-I4:5;I1-I6:5;I1-I7:3;I2-I4:5;I2-I6:4;I2-I7:6;I2-I8:2;I4-I6:6;I4-I7:6;I4-I8:2;I6-I7:7;I6-I8:3;I7-I8:7,13747.000000,13068.606051,-678.393949,6.255430,8.962161,2.706731,1.530702,8.0,3.5,4.0,6.0,10.0,20.0,16.0,48.0,80.0,200.0,False,0.002,0.005,0.1,0.0,0.0,0.0,8000,4000,8,4,37.0,12,105.0,36.0,20.0,785.000000,55,3,3,True,True,11,physical,3,42,99.944583,0.45454545454545453
padded_benes_16x16,default,2-6-1-7-8-3-9-0-4-10-5,failed,11,6,5,0,42,13,6,I0-I1:2;I0-I5:4;I0-I8:2;I0-I9:2;I1-I2:3;I1-I5:5;I1-I9:2;I2-I5:6;I2-I8:2;I2-I9:2;I5-I8:4;I5-I9:2;I8-I9:4,13323.000000,11769.030859,-1553.969141,5.935430,7.586332,1.650903,0.598844,8.0,3.5,4.0,6.0,10.0,20.0,16.0,48.0,80.0,200.0,False,0.002,0.005,0.1,0.0,0.0,0.0,8000,4000,8,4,37.0,12,105.0,36.0,20.0,785.000000,69,3,3,True,True,11,physical,4,42,98.811329,0.45454545454545453
padded_benes_16x16,default,2-9-7-1-6-0-10-3-5-4-8,failed,11,6,5,0,43,13,7,I0-I2:2;I0-I3:3;I0-I8:2;I2-I3:5;I2-I4:7;I2-I8:3;I2-I10:2;I3-I4:4;I3-I8:2;I3-I10:2;I4-I8:5;I4-I10:2;I8-I10:4,13587.000000,12261.278639,-1325.721361,6.127430,7.274793,1.147363,0.805593,8.0,3.5,4.0,6.0,10.0,20.0,16.0,48.0,80.0,200.0,False,0.002,0.005,0.1,0.0,0.0,0.0,8000,4000,8,4,37.0,12,105.0,36.0,20.0,785.000000,58,3,3,True,True,11,physical,5,42,96.767801,0.45454545454545453
padded_benes_16x16,default,0-7-8-9-2-5-10-4-6-1-3,failed,11,7,4,0,70,16,7,I0-I2:4;I0-I4:4;I0-I7:4;I0-I9:2;I2-I4:3;I2-I5:3;I2-I7:5;I4-I5:6;I4-I7:6;I4-I8:2;I4-I9:5;I5-I7:3;I5-I8:6;I5-I9:3;I7-I8:4;I8-I9:7,13723.000000,15246.539666,1523.539666,5.899430,8.035040,2.135611,1.503297,8.0,3.5,4.0,6.0,10.0,20.0,16.0,48.0,80.0,200.0,False,0.002,0.005,0.1,0.0,0.0,0.0,8000,4000,8,4,37.0,12,105.0,36.0,20.0,785.000000,85,3,3,True,True,11,physical,6,42,148.399162,0.36363636363636365
padded_benes_16x16,default,0-7-10-6-8-5-9-2-1-4-3,failed,11,6,5,0,60,14,11,I0-I1:2;I0-I2:2;I0-I3:2;I0-I6:2;I1-I2:2;I1-I3:11;I1-I5:7;I1-I6:4;I2-I3:5;I2-I5:5;I2-I6:5;I3-I5:7;I3-I6:2;I5-I6:4,13323.000000,12960.942345,-362.057655,5.991430,8.183500,2.192071,1.868147,8.0,3.5,4.0,6.0,10.0,20.0,16.0,48.0,80.0,200.0,False,0.002,0.005,0.1,0.0,0.0,0.0,8000,4000,8,4,37.0,12,105.0,36.0,20.0,785.000000,48,3,3,True,True,11,physical,7,42,71.550691,0.45454545454545453
padded_benes_16x16,default,9-2-10-7-1-0-6-5-3-8-4,failed,11,5,6,0,39,10,7,I1-I3:2;I1-I6:4;I1-I7:4;I1-I9:2;I3-I6:7;I3-I7:7;I3-I9:2;I6-I7:7;I6-I9:2;I7-I9:2,13827.000000,11184.075117,-2642.924883,6.455430,8.102999,1.647570,0.847830,8.0,3.5,4.0,6.0,10.0,20.0,16.0,48.0,80.0,200.0,False,0.002,0.005,0.1,0.0,0.0,0.0,8000,4000,8,4,37.0,12,105.0,36.0,20.0,785.000000,51,3,3,True,True,11,physical,8,42,93.668712,0.5454545454545454
padded_benes_16x16,default,0-6-2-10-8-7-9-5-3-1-4,failed,11,6,5,0,51,12,7,I0-I4:2;I0-I5:4;I0-I9:2;I2-I4:2;I2-I5:6;I2-I7:4;I2-I9:3;I4-I5:7;I4-I7:7;I5-I7:7;I5-I9:3;I7-I9:3,13347.000000,13788.942345,441.942345,5.783430,9.300497,3.517067,1.652147,8.0,3.5,4.0,6.0,10.0,20.0,16.0,48.0,80.0,200.0,False,0.002,0.005,0.1,0.0,0.0,0.0,8000,4000,8,4,37.0,12,105.0,36.0,20.0,785.000000,57,3,3,True,True,11,physical,9,42,103.054554,0.45454545454545453
waksman_11x11,default,7-3-2-8-5-6-9-4-0-1-10,failed,11,5,6,0,22,7,4,I2-I3:4;I2-I5:2;I2-I8:3;I2-I10:2;I3-I10:2;I5-I8:3;I8-I10:4,11151.000000,8524.937980,-2626.062020,5.808764,5.434534,-0.374230,0.305175,8.0,3.5,4.0,6.0,10.0,20.0,16.0,48.0,80.0,200.0,False,0.002,0.005,0.1,0.0,0.0,0.0,8000,4000,8,4,37.0,12,105.0,36.0,20.0,785.000000,64,3,3,True,True,11,physical,0,42,112.857011,0.5454545454545454
waksman_11x11,default,4-3-2-10-5-1-7-8-0-6-9,failed,11,7,4,0,42,14,5,I0-I3:2;I0-I4:2;I0-I6:4;I0-I10:2;I1-I3:2;I1-I4:2;I1-I5:3;I1-I10:2;I3-I6:3;I4-I5:5;I4-I6:4;I5-I6:2;I5-I10:2;I6-I10:2,11151.000000,11971.199006,820.199006,4.716163,6.010246,1.294082,0.936485,8.0,3.5,4.0,6.0,10.0,20.0,16.0,48.0,80.0,200.0,False,0.002,0.005,0.1,0.0,0.0,0.0,8000,4000,8,4,37.0,12,105.0,36.0,20.0,785.000000,39,3,3,True,True,11,physical,1,42,86.242197,0.36363636363636365
waksman_11x11,default,5-1-9-0-2-4-7-3-6-8-10,failed,11,5,6,0,24,7,6,I1-I2:2;I1-I6:6;I1-I9:2;I2-I9:3;I2-I10:4;I6-I9:4;I9-I10:2,11151.000000,8739.814090,-2411.185910,5.791430,6.061077,0.269648,0.873926,8.0,3.5,4.0,6.0,10.0,20.0,16.0,48.0,80.0,200.0,False,0.002,0.005,0.1,0.0,0.0,0.0,8000,4000,8,4,37.0,12,105.0,36.0,20.0,785.000000,47,3,3,True,True,11,physical,2,42,65.001298,0.5454545454545454
waksman_11x11,default,10-7-1-9-0-8-6-3-2-4-5,failed,11,5,6,0,31,8,7,I0-I1:3;I0-I5:3;I0-I6:3;I1-I5:2;I1-I6:7;I1-I9:5;I5-I6:3;I6-I9:3,11151.000000,8770.061870,-2380.938130,4.820830,6.364152,1.543322,0.850825,8.0,3.5,4.0,6.0,10.0,20.0,16.0,48.0,80.0,200.0,False,0.002,0.005,0.1,0.0,0.0,0.0,8000,4000,8,4,37.0,12,105.0,36.0,20.0,785.000000,58,3,3,True,True,11,physical,3,42,94.539616,0.5454545454545454
waksman_11x11,default,2-6-1-7-8-3-9-0-4-10-5,failed,11,6,5,0,36,11,6,I1-I4:2;I1-I6:2;I1-I8:3;I1-I9:6;I2-I4:2;I2-I6:2;I2-I8:2;I4-I6:6;I4-I9:2;I6-I9:4;I8-I9:2,11151.000000,10434.097245,-716.902755,5.534763,5.880901,0.346138,0.951032,8.0,3.5,4.0,6.0,10.0,20.0,16.0,48.0,80.0,200.0,False,0.002,0.005,0.1,0.0,0.0,0.0,8000,4000,8,4,37.0,12,105.0,36.0,20.0,785.000000,54,3,3,True,True,11,physical,4,42,96.171324,0.45454545454545453
waksman_11x11,default,2-9-7-1-6-0-10-3-5-4-8,failed,11,6,5,0,32,10,4,I2-I3:3;I2-I4:3;I2-I8:3;I2-I10:4;I3-I4:2;I3-I6:2;I4-I6:4;I4-I8:3;I4-I10:2;I8-I10:4,11151.000000,10984.345025,-166.654975,4.958096,5.736073,0.777977,1.048448,8.0,3.5,4.0,6.0,10.0,20.0,16.0,48.0,80.0,200.0,False,0.002,0.005,0.1,0.0,0.0,0.0,8000,4000,8,4,37.0,12,105.0,36.0,20.0,785.000000,51,3,3,True,True,11,physical,5,42,62.798467,0.45454545454545453
waksman_11x11,default,0-7-8-9-2-5-10-4-6-1-3,failed,11,8,3,0,73,21,7,I0-I1:6;I0-I2:2;I0-I4:4;I0-I5:2;I0-I6:4;I0-I7:2;I0-I8:2;I1-I2:2;I1-I5:3;I1-I6:2;I1-I7:5;I1-I8:7;I2-I6:2;I4-I5:2;I4-I6:4;I4-I7:4;I5-I6:2;I5-I7:3;I5-I8:2;I6-I7:5;I7-I8:2,11151.000000,14526.314015,3375.314015,4.554164,7.405568,2.851404,1.755204,8.0,3.5,4.0,6.0,10.0,20.0,16.0,48.0,80.0,200.0,False,0.002,0.005,0.1,0.0,0.0,0.0,8000,4000,8,4,37.0,12,105.0,36.0,20.0,785.000000,52,3,3,True,True,11,physical,6,42,128.841190,0.2727272727272727
waksman_11x11,default,0-7-10-6-8-5-9-2-1-4-3,failed,11,5,6,0,33,8,7,I0-I4:2;I0-I5:4;I0-I7:4;I0-I9:2;I4-I7:7;I4-I9:3;I5-I7:5;I5-I9:5,11151.000000,9236.557429,-1914.442571,4.820830,6.418984,1.598154,1.259023,8.0,3.5,4.0,6.0,10.0,20.0,16.0,48.0,80.0,200.0,False,0.002,0.005,0.1,0.0,0.0,0.0,8000,4000,8,4,37.0,12,105.0,36.0,20.0,785.000000,40,3,3,True,True,11,physical,7,42,68.533217,0.5454545454545454
waksman_11x11,default,9-2-10-7-1-0-6-5-3-8-4,failed,11,6,5,0,43,12,9,I1-I3:2;I1-I5:3;I1-I7:2;I1-I9:2;I3-I6:7;I3-I7:5;I3-I9:2;I5-I6:2;I5-I7:4;I6-I7:9;I6-I9:2;I7-I9:2,11151.000000,11612.637061,461.637061,5.135430,6.974493,1.839064,1.539546,8.0,3.5,4.0,6.0,10.0,20.0,16.0,48.0,80.0,200.0,False,0.002,0.005,0.1,0.0,0.0,0.0,8000,4000,8,4,37.0,12,105.0,36.0,20.0,785.000000,43,3,3,True,True,11,physical,8,42,69.654662,0.45454545454545453
waksman_11x11,default,0-6-2-10-8-7-9-5-3-1-4,failed,11,7,4,0,43,12,6,I0-I3:2;I0-I4:2;I0-I5:2;I0-I8:2;I0-I10:2;I2-I3:6;I2-I4:2;I2-I5:4;I2-I8:4;I2-I10:2;I5-I10:3;I8-I10:4,11151.000000,12058.906970,907.906970,4.617796,5.873619,1.255823,0.937831,8.0,3.5,4.0,6.0,10.0,20.0,16.0,48.0,80.0,200.0,False,0.002,0.005,0.1,0.0,0.0,0.0,8000,4000,8,4,37.0,12,105.0,36.0,20.0,785.000000,45,3,3,True,True,11,physical,9,42,99.125209,0.36363636363636365
spanke_benes_11x11,default,7-3-2-8-5-6-9-4-0-1-10,failed,11,10,1,0,76,12,13,I0-I1:3;I0-I3:8;I0-I5:5;I1-I2:13;I1-I4:6;I1-I7:4;I2-I7:2;I3-I6:4;I3-I10:2;I4-I5:6;I4-I7:3;I6-I10:4,24795.000000,34011.928947,9216.928947,5.374792,11.937022,6.562230,4.019586,8.0,3.5,4.0,6.0,10.0,20.0,16.0,48.0,80.0,200.0,False,0.002,0.005,0.1,0.0,0.0,0.0,8000,4000,8,4,37.0,12,105.0,36.0,20.0,2045.000000,34,3,4,True,True,11,physical,0,42,38.046278,0.09090909090909091
spanke_benes_11x11,default,4-3-2-10-5-1-7-8-0-6-9,routed,11,11,0,0,93,12,13,I0-I1:13;I0-I3:2;I0-I4:10;I1-I2:13;I2-I5:9;I4-I6:4;I4-I9:4;I5-I8:5;I6-I7:6;I6-I9:3;I7-I9:5;I7-I10:2,24795.000000,37824.942194,13029.942194,5.430792,12.375854,6.945062,4.253171,8.0,3.5,4.0,6.0,10.0,20.0,16.0,48.0,80.0,200.0,False,0.002,0.005,0.1,0.0,0.0,0.0,8000,4000,8,4,37.0,12,105.0,36.0,20.0,2045.000000,39,3,1,True,False,11,physical,1,42,48.545873,0.0
spanke_benes_11x11,default,5-1-9-0-2-4-7-3-6-8-10,failed,11,10,1,0,90,13,15,I0-I1:3;I0-I2:2;I0-I5:9;I0-I6:2;I1-I3:15;I1-I4:14;I2-I9:3;I2-I10:4;I4-I5:4;I4-I7:8;I5-I7:7;I6-I9:6;I9-I10:4,24795.000000,35122.513021,10327.513021,5.365159,12.425390,7.060231,4.497303,8.0,3.5,4.0,6.0,10.0,20.0,16.0,48.0,80.0,200.0,False,0.002,0.005,0.1,0.0,0.0,0.0,8000,4000,8,4,37.0,12,105.0,36.0,20.0,2045.000000,50,3,4,True,True,11,physical,2,42,59.360997,0.09090909090909091
spanke_benes_11x11,default,10-7-1-9-0-8-6-3-2-4-5,routed,11,11,0,0,85,12,13,I1-I2:5;I1-I3:2;I1-I5:2;I2-I4:13;I2-I6:2;I2-I7:2;I2-I8:8;I4-I7:2;I4-I8:6;I7-I8:5;I7-I9:4;I9-I10:2,24795.000000,37617.787295,12822.787295,5.267459,11.993441,6.725982,4.092325,8.0,3.5,4.0,6.0,10.0,20.0,16.0,48.0,80.0,200.0,False,0.002,0.005,0.1,0.0,0.0,0.0,8000,4000,8,4,37.0,12,105.0,36.0,20.0,2045.000000,27,3,1,True,False,11,physical,3,42,38.351399,0.0
spanke_benes_11x11,default,2-6-1-7-8-3-9-0-4-10-5,routed,11,11,0,0,91,13,15,I0-I1:6;I0-I2:15;I0-I5:10;I0-I8:2;I1-I3:8;I1-I5:3;I1-I8:3;I2-I7:7;I3-I4:6;I4-I6:4;I5-I8:6;I6-I9:2;I8-I10:2,24795.000000,37864.694415,13069.694415,5.389092,12.894614,7.505522,4.218581,8.0,3.5,4.0,6.0,10.0,20.0,16.0,48.0,80.0,200.0,False,0.002,0.005,0.1,0.0,0.0,0.0,8000,4000,8,4,37.0,12,105.0,36.0,20.0,2045.000000,39,3,1,True,False,11,physical,4,42,45.355695,0.0
spanke_benes_11x11,default,2-9-7-1-6-0-10-3-5-4-8,routed,11,11,0,0,88,15,13,I0-I1:2;I0-I2:2;I0-I3:13;I0-I4:4;I0-I7:8;I0-I9:2;I1-I2:3;I1-I6:2;I2-I4:5;I2-I10:4;I3-I5:11;I4-I8:3;I7-I8:2;I7-I9:4;I8-I9:3,24795.000000,37924.313864,13129.313864,5.216126,12.147984,6.931858,4.188512,8.0,3.5,4.0,6.0,10.0,20.0,16.0,48.0,80.0,200.0,False,0.002,0.005,0.1,0.0,0.0,0.0,8000,4000,8,4,37.0,12,105.0,36.0,20.0,2045.000000,39,3,1,True,False,11,physical,5,42,43.952678,0.0
spanke_benes_11x11,default,0-7-8-9-2-5-10-4-6-1-3,routed,11,11,0,0,80,13,10,I0-I1:6;I0-I4:10;I0-I9:4;I1-I2:6;I1-I5:3;I2-I3:4;I3-I6:2;I4-I5:4;I4-I7:4;I4-I9:3;I4-I10:2;I5-I7:3;I5-I8:2,24795.000000,37373.628029,12578.628029,5.377826,11.806640,6.428814,3.938841,8.0,3.5,4.0,6.0,10.0,20.0,16.0,48.0,80.0,200.0,False,0.002,0.005,0.1,0.0,0.0,0.0,8000,4000,8,4,37.0,12,105.0,36.0,20.0,2045.000000,27,3,1,True,False,11,physical,6,42,34.421543,0.0
spanke_benes_11x11,default,0-7-10-6-8-5-9-2-1-4-3,routed,11,11,0,0,76,13,6,I0-I1:4;I0-I3:4;I0-I5:4;I0-I7:2;I0-I8:6;I1-I2:2;I1-I3:5;I1-I4:4;I3-I5:3;I4-I6:2;I7-I8:5;I7-I9:2;I7-I10:2,24795.000000,37144.459882,12349.459882,5.246559,10.742205,5.495646,3.828084,8.0,3.5,4.0,6.0,10.0,20.0,16.0,48.0,80.0,200.0,False,0.002,0.005,0.1,0.0,0.0,0.0,8000,4000,8,4,37.0,12,105.0,36.0,20.0,2045.000000,23,3,1,True,False,11,physical,7,42,25.713122,0.0
spanke_benes_11x11,default,9-2-10-7-1-0-6-5-3-8-4,routed,11,11,0,0,80,14,11,I0-I1:3;I0-I2:2;I1-I3:2;I1-I4:11;I1-I6:2;I1-I7:2;I1-I8:6;I1-I10:2;I3-I6:3;I3-I9:2;I4-I5:11;I6-I7:3;I7-I8:3;I8-I10:2,24795.000000,37638.853680,12843.853680,5.309159,11.456227,6.147069,3.995701,8.0,3.5,4.0,6.0,10.0,20.0,16.0,48.0,80.0,200.0,False,0.002,0.005,0.1,0.0,0.0,0.0,8000,4000,8,4,37.0,12,105.0,36.0,20.0,2045.000000,30,3,1,True,False,11,physical,8,42,34.202495,0.0
spanke_benes_11x11,default,0-6-2-10-8-7-9-5-3-1-4,routed,11,11,0,0,82,14,14,I0-I1:2;I0-I2:14;I0-I9:4;I1-I2:9;I1-I3:2;I1-I4:2;I1-I5:4;I2-I7:2;I2-I8:4;I2-I9:3;I2-I10:2;I4-I5:3;I4-I6:2;I8-I10:2,24795.000000,37425.043956,12630.043956,5.509092,13.276738,7.767646,3.986372,8.0,3.5,4.0,6.0,10.0,20.0,16.0,48.0,80.0,200.0,False,0.002,0.005,0.1,0.0,0.0,0.0,8000,4000,8,4,37.0,12,105.0,36.0,20.0,2045.000000,28,3,1,True,False,11,physical,9,42,29.676411,0.0
spanke_benes_rect_11x11,default,7-3-2-8-5-6-9-4-0-1-10,routed,11,11,0,0,84,13,10,I0-I3:4;I0-I5:5;I1-I2:7;I1-I4:2;I1-I7:4;I2-I3:2;I3-I6:6;I4-I5:6;I4-I7:5;I5-I6:2;I6-I10:10;I8-I9:4;I9-I10:2,15555.000000,28911.933313,13356.933313,3.435292,8.249648,4.814355,4.170806,8.0,3.5,4.0,6.0,10.0,20.0,16.0,48.0,80.0,200.0,False,0.002,0.005,0.1,0.0,0.0,0.0,8000,4000,8,4,37.0,12,105.0,36.0,20.0,1205.000000,31,3,1,True,False,11,physical,0,42,26.747358,0.0
spanke_benes_rect_11x11,default,4-3-2-10-5-1-7-8-0-6-9,routed,11,11,0,0,89,14,10,I0-I1:7;I0-I4:8;I1-I2:7;I2-I3:2;I2-I5:5;I3-I10:3;I4-I6:2;I4-I9:6;I5-I8:3;I6-I7:8;I6-I9:7;I7-I10:10;I8-I9:2;I9-I10:2,15555.000000,28929.437754,13374.437754,3.306628,8.421070,5.114442,4.253989,8.0,3.5,4.0,6.0,10.0,20.0,16.0,48.0,80.0,200.0,False,0.002,0.005,0.1,0.0,0.0,0.0,8000,4000,8,4,37.0,12,105.0,36.0,20.0,1205.000000,35,3,1,True,False,11,physical,1,42,28.753422,0.0
spanke_benes_rect_11x11,default,5-1-9-0-2-4-7-3-6-8-10,routed,11,11,0,0,96,14,9,I0-I5:7;I0-I8:6;I1-I3:9;I1-I4:8;I2-I9:5;I2-I10:4;I4-I5:2;I4-I7:8;I5-I7:7;I5-I8:2;I6-I8:9;I6-I9:8;I8-I9:2;I9-I10:8,15555.000000,29435.189974,13880.189974,3.383960,8.566864,5.182905,4.467762,8.0,3.5,4.0,6.0,10.0,20.0,16.0,48.0,80.0,200.0,False,0.002,0.005,0.1,0.0,0.0,0.0,8000,4000,8,4,37.0,12,105.0,36.0,20.0,1205.000000,47,3,1,True,False,11,physical,2,42,45.093678,0.0
spanke_benes_rect_11x11,default,10-7-1-9-0-8-6-3-2-4-5,routed,11,11,0,0,79,14,7,I1-I5:2;I1-I6:3;I2-I3:2;I2-I4:7;I2-I7:2;I2-I8:4;I3-I5:3;I4-I5:2;I4-I8:4;I6-I10:3;I7-I8:5;I7-I9:4;I8-I9:2;I9-I10:6,15555.000000,28686.574890,13131.574890,3.396627,8.134609,4.737982,4.049377,8.0,3.5,4.0,6.0,10.0,20.0,16.0,48.0,80.0,200.0,False,0.002,0.005,0.1,0.0,0.0,0.0,8000,4000,8,4,37.0,12,105.0,36.0,20.0,1205.000000,27,3,1,True,False,11,physical,3,42,28.092306,0.0
spanke_benes_rect_11x11,default,2-6-1-7-8-3-9-0-4-10-5,routed,11,11,0,0,91,13,10,I0-I1:2;I0-I2:7;I0-I5:8;I1-I3:6;I1-I10:5;I2-I3:2;I2-I7:5;I3-I4:6;I4-I6:8;I5-I8:6;I6-I9:10;I8-I9:2;I8-I10:6,15555.000000,28982.459882,13427.459882,3.357961,8.259654,4.901694,4.296811,8.0,3.5,4.0,6.0,10.0,20.0,16.0,48.0,80.0,200.0,False,0.002,0.005,0.1,0.0,0.0,0.0,8000,4000,8,4,37.0,12,105.0,36.0,20.0,1205.000000,39,3,1,True,False,11,physical,4,42,31.550982,0.0
spanke_benes_rect_11x11,default,2-9-7-1-6-0-10-3-5-4-8,routed,11,11,0,0,84,14,8,I0-I1:2;I0-I3:7;I0-I7:8;I1-I6:2;I1-I10:3;I2-I4:5;I2-I10:4;I3-I5:7;I4-I8:5;I4-I10:2;I6-I10:5;I7-I9:6;I8-I9:7;I8-I10:2,15555.000000,28893.977570,13338.977570,3.435292,8.088602,4.653310,4.161178,8.0,3.5,4.0,6.0,10.0,20.0,16.0,48.0,80.0,200.0,False,0.002,0.005,0.1,0.0,0.0,0.0,8000,4000,8,4,37.0,12,105.0,36.0,20.0,1205.000000,35,3,1,True,False,11,physical,5,42,33.805240,0.0
spanke_benes_rect_11x11,default,0-7-8-9-2-5-10-4-6-1-3,routed,11,11,0,0,80,15,6,I0-I1:4;I0-I4:4;I0-I9:4;I1-I2:4;I1-I8:3;I2-I3:6;I3-I6:4;I4-I5:2;I4-I7:2;I4-I9:3;I4-I10:4;I5-I7:5;I5-I8:4;I6-I8:3;I7-I10:3,15555.000000,28620.955441,13065.955441,3.435292,8.261688,4.826396,4.041992,8.0,3.5,4.0,6.0,10.0,20.0,16.0,48.0,80.0,200.0,False,0.002,0.005,0.1,0.0,0.0,0.0,8000,4000,8,4,37.0,12,105.0,36.0,20.0,1205.000000,30,3,1,True,False,11,physical,6,42,25.759722,0.0
spanke_benes_rect_11x11,default,0-7-10-6-8-5-9-2-1-4-3,routed,11,11,0,0,76,15,6,I0-I1:2;I0-I3:2;I0-I5:2;I0-I7:2;I0-I8:4;I1-I3:5;I1-I4:4;I2-I6:3;I3-I5:3;I4-I6:6;I5-I9:3;I7-I8:3;I7-I10:4;I8-I9:2;I9-I10:3,15555.000000,28405.933313,12850.933313,3.435292,7.984025,4.548732,3.933352,8.0,3.5,4.0,6.0,10.0,20.0,16.0,48.0,80.0,200.0,False,0.002,0.005,0.1,0.0,0.0,0.0,8000,4000,8,4,37.0,12,105.0,36.0,20.0,1205.000000,25,3,1,True,False,11,physical,7,42,25.354355,0.0
spanke_benes_rect_11x11,default,9-2-10-7-1-0-6-5-3-8-4,routed,11,11,0,0,80,14,7,I0-I2:2;I0-I9:3;I1-I3:2;I1-I4:5;I1-I8:6;I3-I6:3;I3-I9:2;I4-I5:7;I4-I7:2;I6-I7:5;I6-I9:6;I7-I10:5;I8-I9:2;I8-I10:4,15555.000000,28785.057203,13230.057203,3.435292,7.834361,4.399069,4.077738,8.0,3.5,4.0,6.0,10.0,20.0,16.0,48.0,80.0,200.0,False,0.002,0.005,0.1,0.0,0.0,0.0,8000,4000,8,4,37.0,12,105.0,36.0,20.0,1205.000000,30,3,1,True,False,11,physical,8,42,25.190680,0.0
spanke_benes_rect_11x11,default,0-6-2-10-8-7-9-5-3-1-4,routed,11,11,0,0,80,15,6,I0-I1:2;I0-I2:6;I0-I9:4;I1-I2:3;I1-I5:6;I1-I7:3;I2-I3:2;I2-I7:2;I2-I8:4;I2-I9:3;I3-I6:3;I4-I5:5;I4-I6:6;I7-I10:3;I8-I10:4,15555.000000,28535.831552,12980.831552,3.435292,7.921152,4.485860,4.023788,8.0,3.5,4.0,6.0,10.0,20.0,16.0,48.0,80.0,200.0,False,0.002,0.005,0.1,0.0,0.0,0.0,8000,4000,8,4,37.0,12,105.0,36.0,20.0,1205.000000,28,3,1,True,False,11,physical,9,42,25.454592,0.0
padded_benes_16x16,default,7-5-2-8-9-6-11-3-4-0-1-10,failed,12,6,6,0,53,15,7,I0-I1:3;I0-I2:3;I0-I3:2;I0-I5:3;I0-I11:2;I1-I2:5;I1-I3:2;I1-I5:6;I1-I11:4;I2-I3:6;I2-I5:4;I2-I11:2;I3-I5:7;I3-I11:2;I5-I11:2,14812.000000,12947.088364,-1864.911636,6.030763,8.333164,2.302402,1.292029,8.0,3.5,4.0,6.0,10.0,20.0,16.0,48.0,80.0,200.0,False,0.002,0.005,0.1,0.0,0.0,0.0,8000,4000,8,4,37.0,12,105.0,36.0,20.0,785.000000,69,3,3,True,True,12,physical,0,42,119.158241,0.5
padded_benes_16x16,default,5-7-2-9-10-6-4-8-3-1-11-0,failed,12,8,4,0,84,23,6,I0-I1:2;I0-I2:3;I0-I3:2;I0-I4:2;I0-I5:2;I0-I8:3;I1-I2:5;I1-I3:2;I1-I4:4;I1-I5:5;I2-I3:6;I2-I4:2;I2-I5:4;I2-I8:6;I2-I10:2;I3-I4:6;I3-I5:3;I3-I10:2;I4-I5:3;I4-I10:6;I5-I8:3;I5-I10:2;I8-I10:6,14812.000000,17228.181243,2416.181243,6.268097,8.159871,1.891774,1.455420,8.0,3.5,4.0,6.0,10.0,20.0,16.0,48.0,80.0,200.0,False,0.002,0.005,0.1,0.0,0.0,0.0,8000,4000,8,4,37.0,12,105.0,36.0,20.0,785.000000,53,3,3,True,True,12,physical,1,42,98.327396,0.3333333333333333
padded_benes_16x16,default,8-10-5-2-11-1-6-0-4-9-7-3,failed,12,7,5,0,69,18,8,I0-I1:4;I0-I2:3;I0-I3:3;I0-I6:5;I0-I9:4;I1-I2:3;I1-I3:3;I1-I6:3;I1-I9:5;I2-I3:3;I2-I6:4;I2-I9:2;I3-I6:4;I3-I9:2;I3-I11:8;I6-I9:4;I6-I11:3;I9-I11:3,15052.000000,15144.393647,92.393647,6.142763,8.248538,2.105775,1.379398,8.0,3.5,4.0,6.0,10.0,20.0,16.0,48.0,80.0,200.0,False,0.002,0.005,0.1,0.0,0.0,0.0,8000,4000,8,4,37.0,12,105.0,36.0,20.0,785.000000,98,3,3,True,True,12,physical,2,42,177.794252,0.4166666666666667
padded_benes_16x16,default,11-8-7-4-10-2-0-6-9-1-5-3,failed,12,7,5,0,68,16,9,I0-I2:3;I0-I5:3;I0-I7:3;I0-I8:5;I2-I3:9;I2-I5:3;I2-I7:7;I2-I8:2;I3-I5:3;I3-I7:4;I3-I8:2;I5-I7:4;I5-I8:2;I5-I11:6;I7-I8:2;I8-I11:5,15052.000000,15905.473280,853.473280,6.058763,7.892249,1.833487,1.435135,8.0,3.5,4.0,6.0,10.0,20.0,16.0,48.0,80.0,200.0,False,0.002,0.005,0.1,0.0,0.0,0.0,8000,4000,8,4,37.0,12,105.0,36.0,20.0,785.000000,67,3,3,True,True,12,physical,3,42,120.537273,0.4166666666666667
padded_benes_16x16,default,11-0-3-2-7-5-9-4-10-6-1-8,failed,12,6,6,0,56,14,9,I1-I2:6;I1-I3:4;I1-I5:4;I1-I8:2;I2-I3:9;I2-I5:4;I2-I8:2;I2-I9:2;I3-I5:6;I3-I8:2;I3-I9:4;I5-I8:2;I5-I9:6;I8-I9:3,15052.000000,12766.840584,-2285.159416,6.163430,8.065583,1.902154,1.170614,8.0,3.5,4.0,6.0,10.0,20.0,16.0,48.0,80.0,200.0,False,0.002,0.005,0.1,0.0,0.0,0.0,8000,4000,8,4,37.0,12,105.0,36.0,20.0,785.000000,65,3,3,True,True,12,physical,4,42,123.017752,0.5
padded_benes_16x16,default,7-2-5-8-6-10-9-4-3-0-1-11,failed,12,8,4,0,80,21,9,I0-I1:3;I0-I2:5;I0-I3:2;I0-I4:9;I0-I11:2;I1-I2:4;I1-I3:2;I1-I4:4;I1-I8:2;I1-I11:2;I2-I3:4;I2-I4:4;I2-I11:2;I3-I4:3;I3-I8:3;I3-I11:2;I4-I8:3;I4-I11:2;I8-I10:7;I8-I11:4;I10-I11:4,14812.000000,16662.765317,1850.765317,6.150763,7.972710,1.821947,1.291066,8.0,3.5,4.0,6.0,10.0,20.0,16.0,48.0,80.0,200.0,False,0.002,0.005,0.1,0.0,0.0,0.0,8000,4000,8,4,37.0,12,105.0,36.0,20.0,785.000000,51,3,3,True,True,12,physical,5,42,86.519207,0.3333333333333333
padded_benes_16x16,default,6-3-4-0-9-7-1-8-11-2-5-10,failed,12,6,6,0,47,13,6,I1-I2:4;I1-I3:3;I1-I5:4;I1-I9:3;I2-I3:5;I2-I5:4;I2-I11:2;I3-I5:6;I3-I9:2;I3-I11:2;I5-I9:3;I5-I11:2;I9-I11:6,14812.000000,12724.986602,-2087.013398,6.176097,7.718752,1.542655,0.835829,8.0,3.5,4.0,6.0,10.0,20.0,16.0,48.0,80.0,200.0,False,0.002,0.005,0.1,0.0,0.0,0.0,8000,4000,8,4,37.0,12,105.0,36.0,20.0,785.000000,74,3,3,True,True,12,physical,6,42,117.777668,0.5
padded_benes_16x16,default,0-10-11-1-4-5-9-6-7-2-3-8,failed,12,6,6,0,42,13,7,I0-I2:2;I0-I3:2;I0-I5:4;I0-I8:2;I2-I3:3;I2-I5:3;I2-I11:7;I3-I5:4;I3-I8:2;I3-I11:2;I5-I8:4;I5-I11:4;I8-I11:2,15052.000000,12799.030859,-2252.969141,6.480764,7.583419,1.102655,0.616177,8.0,3.5,4.0,6.0,10.0,20.0,16.0,48.0,80.0,200.0,False,0.002,0.005,0.1,0.0,0.0,0.0,8000,4000,8,4,37.0,12,105.0,36.0,20.0,785.000000,77,3,3,True,True,12,physical,7,42,115.534114,0.5
padded_benes_16x16,default,10-4-8-7-1-9-2-6-5-11-3-0,failed,12,7,5,0,73,19,8,I1-I3:8;I1-I4:3;I1-I7:2;I1-I9:2;I1-I10:5;I3-I4:3;I3-I7:7;I3-I9:2;I3-I10:3;I4-I7:4;I4-I9:2;I4-I10:4;I4-I11:3;I7-I9:2;I7-I10:3;I7-I11:3;I9-I10:5;I9-I11:3;I10-I11:7,15052.000000,15829.955592,777.955592,6.005429,7.791040,1.785612,1.561987,8.0,3.5,4.0,6.0,10.0,20.0,16.0,48.0,80.0,200.0,False,0.002,0.005,0.1,0.0,0.0,0.0,8000,4000,8,4,37.0,12,105.0,36.0,20.0,785.000000,71,3,3,True,True,12,physical,8,42,116.837643,0.4166666666666667
padded_benes_16x16,default,0-5-3-8-9-11-1-4-2-7-10-6,failed,12,6,6,0,41,13,7,I0-I1:2;I0-I3:2;I0-I7:2;I0-I10:2;I1-I3:4;I1-I7:7;I1-I9:6;I1-I10:2;I3-I7:3;I3-I10:2;I7-I9:4;I7-I10:2;I9-I10:2,14812.000000,13032.796327,-1779.203673,6.022763,7.916916,1.894154,1.076932,8.0,3.5,4.0,6.0,10.0,20.0,16.0,48.0,80.0,200.0,False,0.002,0.005,0.1,0.0,0.0,0.0,8000,4000,8,4,37.0,12,105.0,36.0,20.0,785.000000,55,3,3,True,True,12,physical,9,42,104.168439,0.5
waksman_12x12,default,7-5-2-8-9-6-11-3-4-0-1-10,failed,12,7,5,0,38,8,6,I3-I4:4;I3-I6:2;I3-I11:2;I4-I6:4;I4-I11:4;I8-I10:3;I8-I11:6;I10-I11:2,12324.000000,11890.760951,-433.239049,5.297429,5.541361,0.243933,0.786503,8.0,3.5,4.0,6.0,10.0,20.0,16.0,48.0,80.0,200.0,False,0.002,0.005,0.1,0.0,0.0,0.0,8000,4000,8,4,37.0,12,105.0,36.0,20.0,785.000000,42,3,3,True,True,12,physical,0,42,63.602993,0.4166666666666667
waksman_12x12,default,5-7-2-9-10-6-4-8-3-1-11-0,failed,12,5,7,0,24,8,4,I2-I5:2;I2-I7:2;I2-I8:4;I2-I10:2;I5-I7:4;I5-I10:2;I7-I10:4;I8-I10:2,12324.000000,9430.163631,-2893.836369,5.299430,5.607702,0.308273,0.951065,8.0,3.5,4.0,6.0,10.0,20.0,16.0,48.0,80.0,200.0,False,0.002,0.005,0.1,0.0,0.0,0.0,8000,4000,8,4,37.0,12,105.0,36.0,20.0,785.000000,58,3,3,True,True,12,physical,1,42,84.979024,0.5833333333333334
waksman_12x12,default,8-10-5-2-11-1-6-0-4-9-7-3,failed,12,8,4,0,81,19,7,I0-I3:3;I0-I4:2;I0-I9:2;I2-I3:5;I2-I6:6;I2-I9:2;I2-I10:4;I3-I4:2;I3-I6:6;I3-I9:2;I3-I10:4;I3-I11:4;I4-I6:5;I6-I9:2;I6-I10:6;I6-I11:3;I9-I10:3;I9-I11:5;I10-I11:7,12324.000000,15296.853831,2972.853831,4.989129,7.551283,2.562154,2.012588,8.0,3.5,4.0,6.0,10.0,20.0,16.0,48.0,80.0,200.0,False,0.002,0.005,0.1,0.0,0.0,0.0,8000,4000,8,4,37.0,12,105.0,36.0,20.0,785.000000,52,3,3,True,True,12,physical,2,42,111.441730,0.3333333333333333
waksman_12x12,default,11-8-7-4-10-2-0-6-9-1-5-3,failed,12,7,5,0,69,15,7,I0-I3:3;I0-I6:3;I2-I3:7;I2-I6:3;I2-I7:7;I2-I8:4;I2-I10:5;I3-I6:7;I3-I7:4;I3-I8:4;I3-I10:4;I6-I7:4;I6-I8:4;I6-I10:2;I8-I10:3,12324.000000,13909.314015,1585.314015,5.110096,8.015283,2.905187,2.133375,8.0,3.5,4.0,6.0,10.0,20.0,16.0,48.0,80.0,200.0,False,0.002,0.005,0.1,0.0,0.0,0.0,8000,4000,8,4,37.0,12,105.0,36.0,20.0,785.000000,52,3,3,True,True,12,physical,3,42,88.617151,0.4166666666666667
waksman_12x12,default,11-0-3-2-7-5-9-4-10-6-1-8,failed,12,8,4,0,53,16,4,I0-I2:3;I0-I6:3;I1-I2:4;I1-I4:2;I1-I5:2;I1-I10:2;I2-I4:2;I2-I5:4;I2-I6:2;I2-I8:2;I4-I5:3;I5-I6:4;I5-I8:2;I5-I10:3;I6-I8:4;I8-I10:3,12324.000000,14138.796327,1814.796327,5.660097,6.965118,1.305022,1.024199,8.0,3.5,4.0,6.0,10.0,20.0,16.0,48.0,80.0,200.0,False,0.002,0.005,0.1,0.0,0.0,0.0,8000,4000,8,4,37.0,12,105.0,36.0,20.0,785.000000,41,3,3,True,True,12,physical,4,42,69.937793,0.3333333333333333
waksman_12x12,default,7-2-5-8-6-10-9-4-3-0-1-11,failed,12,5,7,0,20,8,4,I1-I4:2;I1-I6:2;I1-I8:4;I1-I11:2;I4-I6:2;I4-I8:3;I6-I11:2;I8-I11:2,12324.000000,9093.039741,-3230.960259,5.555430,5.328669,-0.226761,0.431016,8.0,3.5,4.0,6.0,10.0,20.0,16.0,48.0,80.0,200.0,False,0.002,0.005,0.1,0.0,0.0,0.0,8000,4000,8,4,37.0,12,105.0,36.0,20.0,785.000000,55,3,3,True,True,12,physical,5,42,79.466240,0.5833333333333334
waksman_12x12,default,6-3-4-0-9-7-1-8-11-2-5-10,failed,12,5,7,0,42,9,10,I2-I5:4;I2-I7:4;I2-I10:10;I2-I11:4;I5-I7:4;I5-I10:5;I5-I11:4;I7-I11:2;I10-I11:4,12324.000000,10124.221135,-2199.778865,5.555430,6.852369,1.296940,1.820488,8.0,3.5,4.0,6.0,10.0,20.0,16.0,48.0,80.0,200.0,False,0.002,0.005,0.1,0.0,0.0,0.0,8000,4000,8,4,37.0,12,105.0,36.0,20.0,785.000000,63,3,3,True,True,12,physical,6,42,85.669034,0.5833333333333334
waksman_12x12,default,0-10-11-1-4-5-9-6-7-2-3-8,failed,12,8,4,0,68,15,8,I0-I1:4;I0-I2:2;I0-I5:4;I0-I8:2;I0-I9:2;I0-I10:2;I0-I11:2;I1-I2:6;I5-I8:6;I8-I9:5;I8-I10:3;I8-I11:4;I9-I10:8;I9-I11:2;I10-I11:4,12324.000000,14695.336143,2371.336143,4.927430,7.027283,2.099853,1.357084,8.0,3.5,4.0,6.0,10.0,20.0,16.0,48.0,80.0,200.0,False,0.002,0.005,0.1,0.0,0.0,0.0,8000,4000,8,4,37.0,12,105.0,36.0,20.0,785.000000,48,3,3,True,True,12,physical,7,42,59.914819,0.3333333333333333
waksman_12x12,default,10-4-8-7-1-9-2-6-5-11-3-0,failed,12,5,7,0,33,8,9,I3-I5:2;I3-I7:9;I3-I8:3;I3-I10:3;I5-I7:3;I7-I8:3;I7-I10:3;I8-I10:5,12324.000000,9930.557429,-2393.442571,4.948097,6.848168,1.900071,1.072623,8.0,3.5,4.0,6.0,10.0,20.0,16.0,48.0,80.0,200.0,False,0.002,0.005,0.1,0.0,0.0,0.0,8000,4000,8,4,37.0,12,105.0,36.0,20.0,785.000000,65,3,3,True,True,12,physical,8,42,108.631663,0.5833333333333334
waksman_12x12,default,0-5-3-8-9-11-1-4-2-7-10-6,failed,12,7,5,0,45,13,5,I0-I2:4;I0-I3:2;I0-I9:2;I0-I11:2;I2-I3:4;I2-I9:2;I2-I10:2;I2-I11:4;I3-I5:2;I3-I10:2;I9-I10:4;I9-I11:5;I10-I11:5,12324.000000,12183.446786,-140.553214,5.660097,6.544781,0.884684,0.939413,8.0,3.5,4.0,6.0,10.0,20.0,16.0,48.0,80.0,200.0,False,0.002,0.005,0.1,0.0,0.0,0.0,8000,4000,8,4,37.0,12,105.0,36.0,20.0,785.000000,47,3,3,True,True,12,physical,9,42,78.429443,0.4166666666666667
spanke_benes_12x12,default,7-5-2-8-9-6-11-3-4-0-1-10,failed,12,11,1,0,84,12,9,I0-I1:5;I0-I3:8;I0-I4:2;I0-I5:5;I1-I2:9;I1-I5:6;I1-I8:3;I2-I7:6;I3-I4:8;I4-I6:2;I4-I11:2;I7-I8:4,29900.000000,40905.933313,11005.933313,5.833458,12.221812,6.388354,4.208624,8.0,3.5,4.0,6.0,10.0,20.0,16.0,48.0,80.0,200.0,False,0.002,0.005,0.1,0.0,0.0,0.0,8000,4000,8,4,37.0,12,105.0,36.0,20.0,2255.000000,35,3,4,True,True,12,physical,0,42,64.947476,0.08333333333333333
spanke_benes_12x12,default,5-7-2-9-10-6-4-8-3-1-11-0,routed,12,12,0,0,93,14,7,I0-I1:6;I0-I2:7;I0-I5:6;I0-I6:5;I1-I3:4;I1-I5:5;I1-I7:4;I2-I6:4;I2-I8:4;I2-I9:3;I3-I4:4;I3-I7:3;I4-I10:2;I6-I8:3,29900.000000,44731.486376,14831.486376,5.836492,12.181063,6.344571,4.240248,8.0,3.5,4.0,6.0,10.0,20.0,16.0,48.0,80.0,200.0,False,0.002,0.005,0.1,0.0,0.0,0.0,8000,4000,8,4,37.0,12,105.0,36.0,20.0,2255.000000,28,3,1,True,False,12,physical,1,42,43.968880,0.0
spanke_benes_12x12,default,8-10-5-2-11-1-6-0-4-9-7-3,routed,12,12,0,0,95,14,11,I0-I1:4;I0-I2:3;I0-I6:3;I0-I9:2;I1-I4:2;I2-I3:5;I2-I6:6;I2-I8:5;I3-I5:11;I3-I8:6;I3-I11:2;I5-I7:9;I5-I11:2;I6-I10:2,29900.000000,44989.296101,15089.296101,5.767825,11.997523,6.229699,4.322799,8.0,3.5,4.0,6.0,10.0,20.0,16.0,48.0,80.0,200.0,False,0.002,0.005,0.1,0.0,0.0,0.0,8000,4000,8,4,37.0,12,105.0,36.0,20.0,2255.000000,29,3,1,True,False,12,physical,2,42,43.302293,0.0
spanke_benes_12x12,default,11-8-7-4-10-2-0-6-9-1-5-3,routed,12,12,0,0,86,12,7,I1-I2:5;I1-I4:2;I1-I8:2;I2-I3:3;I2-I7:3;I3-I5:7;I3-I7:4;I3-I10:2;I5-I6:5;I5-I9:5;I5-I11:2;I6-I9:6,29900.000000,44643.397862,14743.397862,5.767825,11.626055,5.858230,4.120566,8.0,3.5,4.0,6.0,10.0,20.0,16.0,48.0,80.0,200.0,False,0.002,0.005,0.1,0.0,0.0,0.0,8000,4000,8,4,37.0,12,105.0,36.0,20.0,2255.000000,22,3,1,True,False,12,physical,3,42,34.671941,0.0
spanke_benes_12x12,default,11-0-3-2-7-5-9-4-10-6-1-8,routed,12,12,0,0,105,15,17,I1-I2:2;I1-I3:14;I1-I10:4;I2-I3:17;I2-I4:2;I2-I5:4;I2-I7:8;I3-I10:3;I4-I5:5;I4-I6:4;I4-I9:3;I4-I11:2;I5-I7:7;I5-I9:4;I6-I8:2,29900.000000,45107.428872,15207.428872,6.033392,14.230701,8.197310,4.491655,8.0,3.5,4.0,6.0,10.0,20.0,16.0,48.0,80.0,200.0,False,0.002,0.005,0.1,0.0,0.0,0.0,8000,4000,8,4,37.0,12,105.0,36.0,20.0,2255.000000,42,3,1,True,False,12,physical,4,42,61.776158,0.0
spanke_benes_12x12,default,7-2-5-8-6-10-9-4-3-0-1-11,failed,12,11,1,0,89,15,10,I0-I2:3;I0-I3:8;I0-I4:7;I0-I6:2;I1-I2:10;I1-I7:2;I1-I8:4;I2-I4:8;I2-I7:3;I3-I5:2;I3-I6:6;I5-I6:3;I5-I11:4;I6-I11:2;I7-I8:3,29900.000000,41006.663405,11106.663405,5.902125,12.582479,6.680354,4.315575,8.0,3.5,4.0,6.0,10.0,20.0,16.0,48.0,80.0,200.0,False,0.002,0.005,0.1,0.0,0.0,0.0,8000,4000,8,4,37.0,12,105.0,36.0,20.0,2255.000000,36,3,4,True,True,12,physical,5,42,63.013399,0.08333333333333333
spanke_benes_12x12,default,6-3-4-0-9-7-1-8-11-2-5-10,routed,12,12,0,0,117,17,14,I0-I2:9;I0-I4:2;I0-I5:10;I0-I10:3;I1-I2:14;I1-I3:5;I1-I6:5;I1-I9:7;I1-I10:2;I2-I10:4;I3-I6:12;I4-I7:5;I4-I8:2;I4-I11:2;I5-I7:6;I5-I10:5;I6-I9:6,29900.000000,45388.012946,15488.012946,5.967758,13.378236,7.410478,4.736752,8.0,3.5,4.0,6.0,10.0,20.0,16.0,48.0,80.0,200.0,False,0.002,0.005,0.1,0.0,0.0,0.0,8000,4000,8,4,37.0,12,105.0,36.0,20.0,2255.000000,47,3,1,True,False,12,physical,6,42,75.050191,0.0
spanke_benes_12x12,default,0-10-11-1-4-5-9-6-7-2-3-8,routed,12,12,0,0,103,12,18,I0-I1:4;I0-I3:18;I1-I2:2;I3-I4:10;I3-I9:6;I4-I5:10;I4-I10:3;I5-I6:2;I5-I7:6;I7-I8:4;I8-I11:2;I9-I10:6,29900.000000,44979.968688,15079.968688,6.099025,14.526919,8.427894,4.441245,8.0,3.5,4.0,6.0,10.0,20.0,16.0,48.0,80.0,200.0,False,0.002,0.005,0.1,0.0,0.0,0.0,8000,4000,8,4,37.0,12,105.0,36.0,20.0,2255.000000,40,3,1,True,False,12,physical,7,42,64.570864,0.0
spanke_benes_12x12,default,10-4-8-7-1-9-2-6-5-11-3-0,routed,12,12,0,0,90,14,10,I0-I5:3;I0-I9:2;I1-I2:2;I1-I3:4;I1-I4:3;I1-I6:7;I1-I7:2;I1-I8:4;I2-I3:5;I2-I5:4;I3-I7:3;I4-I6:10;I6-I10:2;I7-I8:3,29900.000000,44608.610266,14708.610266,5.836492,12.061554,6.225062,4.172268,8.0,3.5,4.0,6.0,10.0,20.0,16.0,48.0,80.0,200.0,False,0.002,0.005,0.1,0.0,0.0,0.0,8000,4000,8,4,37.0,12,105.0,36.0,20.0,2255.000000,25,3,1,True,False,12,physical,8,42,41.766795,0.0
spanke_benes_12x12,default,0-5-3-8-9-11-1-4-2-7-10-6,routed,12,12,0,0,109,16,12,I0-I1:2;I0-I2:8;I0-I6:12;I1-I2:7;I1-I3:6;I1-I7:7;I1-I9:4;I1-I11:2;I2-I6:3;I2-I7:8;I2-I8:9;I3-I4:6;I3-I9:3;I4-I5:2;I4-I10:2;I6-I8:8,29900.000000,45238.597019,15338.597019,6.033392,14.231869,8.198478,4.576850,8.0,3.5,4.0,6.0,10.0,20.0,16.0,48.0,80.0,200.0,False,0.002,0.005,0.1,0.0,0.0,0.0,8000,4000,8,4,37.0,12,105.0,36.0,20.0,2255.000000,45,3,1,True,False,12,physical,9,42,67.699839,0.0
spanke_benes_rect_12x12,default,7-5-2-8-9-6-11-3-4-0-1-10,routed,12,12,0,0,95,15,8,I0-I3:6;I0-I5:5;I1-I2:3;I1-I5:6;I1-I8:3;I2-I3:2;I2-I7:4;I2-I10:3;I3-I4:6;I4-I11:8;I6-I11:7;I7-I8:4;I8-I11:2;I9-I10:2;I10-I11:2,18560.000000,34170.229715,15610.229715,3.710926,8.708826,4.997900,4.418372,8.0,3.5,4.0,6.0,10.0,20.0,16.0,48.0,80.0,200.0,False,0.002,0.005,0.1,0.0,0.0,0.0,8000,4000,8,4,37.0,12,105.0,36.0,20.0,1310.000000,31,3,1,True,False,12,physical,0,42,32.993616,0.0
spanke_benes_rect_12x12,default,5-7-2-9-10-6-4-8-3-1-11-0,routed,12,12,0,0,95,17,8,I0-I1:2;I0-I2:3;I0-I5:6;I0-I6:3;I1-I5:5;I1-I7:6;I2-I3:2;I2-I6:2;I2-I8:2;I2-I9:3;I3-I4:6;I3-I7:5;I4-I10:8;I6-I7:2;I6-I8:3;I7-I10:2;I8-I10:2,18560.000000,34182.769531,15622.769531,3.710926,8.750283,5.039357,4.424628,8.0,3.5,4.0,6.0,10.0,20.0,16.0,48.0,80.0,200.0,False,0.002,0.005,0.1,0.0,0.0,0.0,8000,4000,8,4,37.0,12,105.0,36.0,20.0,1310.000000,30,3,1,True,False,12,physical,1,42,28.042475,0.0
spanke_benes_rect_12x12,default,8-10-5-2-11-1-6-0-4-9-7-3,routed,12,12,0,0,95,16,7,I0-I1:2;I0-I9:2;I0-I10:3;I1-I4:4;I1-I9:3;I2-I6:6;I2-I8:5;I3-I5:7;I3-I8:2;I3-I11:4;I4-I9:3;I5-I7:5;I6-I10:6;I8-I9:2;I8-I11:5;I9-I10:5,18560.000000,34391.017311,15831.017311,3.749592,9.235397,5.485805,4.464336,8.0,3.5,4.0,6.0,10.0,20.0,16.0,48.0,80.0,200.0,False,0.002,0.005,0.1,0.0,0.0,0.0,8000,4000,8,4,37.0,12,105.0,36.0,20.0,1310.000000,35,3,1,True,False,12,physical,2,42,37.113511,0.0
spanke_benes_rect_12x12,default,11-8-7-4-10-2-0-6-9-1-5-3,routed,12,12,0,0,86,13,5,I1-I2:3;I1-I8:2;I2-I7:3;I2-I8:2;I3-I10:4;I3-I11:5;I4-I8:5;I5-I9:5;I5-I11:4;I6-I7:2;I6-I9:4;I7-I8:2;I7-I10:5,18560.000000,33983.703146,15423.703146,3.710926,8.537444,4.826519,4.250201,8.0,3.5,4.0,6.0,10.0,20.0,16.0,48.0,80.0,200.0,False,0.002,0.005,0.1,0.0,0.0,0.0,8000,4000,8,4,37.0,12,105.0,36.0,20.0,1310.000000,24,3,1,True,False,12,physical,3,42,27.154890,0.0
spanke_benes_rect_12x12,default,11-0-3-2-7-5-9-4-10-6-1-8,routed,12,12,0,0,103,13,9,I1-I3:8;I1-I10:2;I2-I3:9;I2-I5:2;I2-I7:8;I3-I10:3;I4-I9:7;I4-I11:8;I5-I7:7;I5-I9:8;I6-I8:8;I6-I11:7;I10-I11:2,18560.000000,34453.588137,15893.588137,3.685592,8.895658,5.210066,4.589348,8.0,3.5,4.0,6.0,10.0,20.0,16.0,48.0,80.0,200.0,False,0.002,0.005,0.1,0.0,0.0,0.0,8000,4000,8,4,37.0,12,105.0,36.0,20.0,1310.000000,42,3,1,True,False,12,physical,4,42,49.225769,0.0
spanke_benes_rect_12x12,default,7-2-5-8-6-10-9-4-3-0-1-11,routed,12,12,0,0,98,18,8,I0-I3:6;I0-I4:5;I1-I2:4;I1-I7:2;I1-I8:2;I1-I10:3;I2-I3:2;I2-I4:6;I2-I7:3;I3-I6:6;I4-I5:2;I5-I6:7;I5-I11:8;I6-I11:2;I7-I8:3;I8-I11:2;I9-I10:2;I10-I11:2,18560.000000,34296.521752,15736.521752,3.749592,9.086242,5.336650,4.488587,8.0,3.5,4.0,6.0,10.0,20.0,16.0,48.0,80.0,200.0,False,0.002,0.005,0.1,0.0,0.0,0.0,8000,4000,8,4,37.0,12,105.0,36.0,20.0,1310.000000,32,3,1,True,False,12,physical,5,42,33.894990,0.0
spanke_benes_rect_12x12,default,6-3-4-0-9-7-1-8-11-2-5-10,routed,12,12,0,0,107,16,9,I0-I5:6;I0-I10:7;I1-I2:8;I1-I3:3;I1-I9:5;I2-I5:2;I2-I10:6;I3-I6:6;I4-I7:7;I4-I11:8;I5-I7:8;I6-I7:2;I6-I9:6;I7-I11:2;I8-I11:9;I10-I11:2,18560.000000,34545.778413,15985.778413,3.710926,8.855328,5.144403,4.665130,8.0,3.5,4.0,6.0,10.0,20.0,16.0,48.0,80.0,200.0,False,0.002,0.005,0.1,0.0,0.0,0.0,8000,4000,8,4,37.0,12,105.0,36.0,20.0,1310.000000,45,3,1,True,False,12,physical,6,42,50.392390,0.0
spanke_benes_rect_12x12,default,0-10-11-1-4-5-9-6-7-2-3-8,routed,12,12,0,0,103,14,10,I0-I1:2;I0-I3:10;I1-I2:4;I1-I6:3;I3-I4:4;I3-I9:6;I4-I5:8;I4-I10:5;I5-I7:8;I6-I11:5;I7-I8:6;I8-I11:8;I9-I10:4;I10-I11:2,18560.000000,34461.004064,15901.004064,3.749592,8.957733,5.208142,4.592251,8.0,3.5,4.0,6.0,10.0,20.0,16.0,48.0,80.0,200.0,False,0.002,0.005,0.1,0.0,0.0,0.0,8000,4000,8,4,37.0,12,105.0,36.0,20.0,1310.000000,41,3,1,True,False,12,physical,7,42,44.324235,0.0
spanke_benes_rect_12x12,default,10-4-8-7-1-9-2-6-5-11-3-0,routed,12,12,0,0,92,17,6,I0-I5:3;I0-I9:4;I1-I3:2;I1-I6:3;I1-I8:4;I1-I10:3;I2-I3:5;I2-I5:4;I3-I7:3;I4-I5:2;I4-I6:6;I5-I9:4;I6-I7:2;I6-I10:2;I7-I8:5;I7-I9:2;I8-I9:2,18560.000000,34201.017311,15641.017311,3.736925,8.737774,5.000849,4.382670,8.0,3.5,4.0,6.0,10.0,20.0,16.0,48.0,80.0,200.0,False,0.002,0.005,0.1,0.0,0.0,0.0,8000,4000,8,4,37.0,12,105.0,36.0,20.0,1310.000000,29,3,1,True,False,12,physical,8,42,29.118372,0.0
spanke_benes_rect_12x12,default,0-5-3-8-9-11-1-4-2-7-10-6,routed,12,12,0,0,109,21,7,I0-I1:2;I0-I2:4;I0-I6:6;I1-I2:3;I1-I3:2;I1-I7:5;I1-I11:6;I2-I3:2;I2-I7:6;I2-I8:5;I3-I4:6;I3-I9:5;I4-I5:2;I4-I10:6;I5-I10:5;I6-I7:2;I6-I8:6;I7-I11:2;I8-I9:2;I9-I10:6;I9-I11:7,18560.000000,34636.216468,16076.216468,3.672260,9.056077,5.383817,4.712286,8.0,3.5,4.0,6.0,10.0,20.0,16.0,48.0,80.0,200.0,False,0.002,0.005,0.1,0.0,0.0,0.0,8000,4000,8,4,37.0,12,105.0,36.0,20.0,1310.000000,45,3,1,True,False,12,physical,9,42,51.161229,0.0
padded_benes_16x16,default,7-6-2-9-12-5-11-8-3-4-0-1-10,failed,13,5,8,0,27,8,6,I0-I3:2;I0-I12:2;I2-I3:6;I2-I5:4;I2-I12:2;I3-I5:3;I3-I12:2;I5-I12:4,16029.000000,10418.322896,-5610.677104,6.310096,6.404998,0.094903,0.221529,8.0,3.5,4.0,6.0,10.0,20.0,16.0,48.0,80.0,200.0,False,0.002,0.005,0.1,0.0,0.0,0.0,8000,4000,8,4,37.0,12,105.0,36.0,20.0,785.000000,69,3,3,True,True,13,physical,0,42,106.749407,0.6153846153846154
padded_benes_16x16,default,2-5-7-8-6-10-4-11-9-3-1-12-0,failed,13,8,5,0,83,22,7,I0-I1:2;I0-I6:4;I0-I7:2;I0-I8:2;I0-I9:2;I1-I4:4;I1-I6:5;I1-I7:2;I1-I8:4;I4-I6:3;I4-I7:6;I4-I8:2;I4-I9:3;I4-I10:3;I6-I7:4;I6-I8:2;I6-I9:7;I6-I10:3;I7-I8:5;I8-I9:3;I8-I10:3;I9-I10:7,16085.000000,17185.013096,1100.013096,6.048097,8.128078,2.079981,1.435128,8.0,3.5,4.0,6.0,10.0,20.0,16.0,48.0,80.0,200.0,False,0.002,0.005,0.1,0.0,0.0,0.0,8000,4000,8,4,37.0,12,105.0,36.0,20.0,785.000000,63,3,3,True,True,13,physical,1,42,119.938907,0.38461538461538464
padded_benes_16x16,default,11-3-10-8-7-1-12-5-6-2-0-4-9,failed,13,6,7,0,59,15,8,I1-I2:2;I1-I3:4;I1-I4:4;I1-I7:2;I1-I12:2;I2-I3:7;I2-I4:5;I2-I7:3;I2-I12:3;I3-I4:5;I3-I7:3;I3-I12:8;I4-I7:7;I4-I12:2;I7-I12:2,16509.000000,13926.314015,-2582.685985,6.342763,7.942373,1.599611,1.342271,8.0,3.5,4.0,6.0,10.0,20.0,16.0,48.0,80.0,200.0,False,0.002,0.005,0.1,0.0,0.0,0.0,8000,4000,8,4,37.0,12,105.0,36.0,20.0,785.000000,83,3,3,True,True,13,physical,2,42,145.909379,0.5384615384615384
padded_benes_16x16,default,2-12-11-7-8-3-9-0-4-10-5-1-6,failed,13,7,6,0,67,18,9,I0-I2:2;I0-I3:2;I0-I5:4;I0-I6:2;I0-I12:2;I2-I3:5;I2-I5:3;I2-I6:7;I2-I9:9;I3-I5:5;I3-I6:2;I3-I9:2;I3-I12:3;I5-I6:4;I5-I9:2;I5-I12:4;I6-I9:4;I9-I12:3,16269.000000,16137.079482,-131.920518,6.399430,8.637872,2.238442,1.392880,8.0,3.5,4.0,6.0,10.0,20.0,16.0,48.0,80.0,200.0,False,0.002,0.005,0.1,0.0,0.0,0.0,8000,4000,8,4,37.0,12,105.0,36.0,20.0,785.000000,62,3,3,True,True,13,physical,3,42,104.281271,0.46153846153846156
padded_benes_16x16,default,2-11-7-1-6-0-12-3-5-9-10-4-8,failed,13,7,6,0,60,19,7,I0-I2:2;I0-I3:3;I0-I8:2;I0-I12:2;I2-I3:5;I2-I4:7;I2-I8:3;I2-I10:2;I2-I12:4;I3-I4:4;I3-I8:2;I3-I10:2;I3-I12:2;I4-I8:5;I4-I10:2;I4-I12:2;I8-I10:4;I8-I12:2;I10-I12:5,16421.000000,14332.628180,-2088.371820,6.527430,7.718793,1.191363,0.762179,8.0,3.5,4.0,6.0,10.0,20.0,16.0,48.0,80.0,200.0,False,0.002,0.005,0.1,0.0,0.0,0.0,8000,4000,8,4,37.0,12,105.0,36.0,20.0,785.000000,66,3,3,True,True,13,physical,4,42,122.160778,0.46153846153846156
padded_benes_16x16,default,0-12-9-10-8-2-11-5-7-4-6-1-3,failed,13,7,6,0,53,14,7,I0-I1:2;I0-I5:4;I0-I9:2;I1-I3:3;I1-I5:3;I1-I8:3;I3-I5:3;I3-I7:3;I5-I7:4;I5-I8:2;I5-I9:2;I7-I8:6;I7-I9:5;I8-I9:7,16269.000000,15309.663555,-959.336445,6.222763,7.853583,1.630821,0.927332,8.0,3.5,4.0,6.0,10.0,20.0,16.0,48.0,80.0,200.0,False,0.002,0.005,0.1,0.0,0.0,0.0,8000,4000,8,4,37.0,12,105.0,36.0,20.0,785.000000,65,3,3,True,True,13,physical,5,42,122.087548,0.46153846153846156
padded_benes_16x16,default,6-0-4-8-5-7-9-3-2-1-12-10-11,failed,13,4,9,0,12,5,3,I0-I1:3;I0-I10:2;I1-I8:2;I1-I10:2;I8-I10:2,16181.000000,7303.791961,-8877.208039,6.376097,5.640372,-0.735725,-0.507354,8.0,3.5,4.0,6.0,10.0,20.0,16.0,48.0,80.0,200.0,False,0.002,0.005,0.1,0.0,0.0,0.0,8000,4000,8,4,37.0,12,105.0,36.0,20.0,785.000000,68,3,4,True,False,13,physical,6,42,111.367767,0.6923076923076923
padded_benes_16x16,default,4-6-7-1-8-2-9-11-12-3-0-5-10,failed,13,8,5,0,73,21,7,I0-I1:2;I0-I2:4;I0-I5:3;I0-I8:2;I0-I9:3;I1-I2:4;I1-I3:3;I1-I5:3;I1-I8:2;I2-I3:7;I2-I5:3;I2-I8:2;I3-I5:4;I3-I8:2;I3-I9:4;I5-I8:2;I5-I9:4;I5-I12:2;I8-I9:3;I8-I12:7;I9-I12:4,15701.000000,15827.203372,126.203372,6.000097,7.150414,1.150317,0.968301,8.0,3.5,4.0,6.0,10.0,20.0,16.0,48.0,80.0,200.0,False,0.002,0.005,0.1,0.0,0.0,0.0,8000,4000,8,4,37.0,12,105.0,36.0,20.0,785.000000,75,3,3,True,True,13,physical,7,42,146.637973,0.38461538461538464
padded_benes_16x16,default,0-4-12-9-5-1-8-2-11-6-7-10-3,failed,13,8,5,0,80,24,7,I0-I1:2;I0-I4:4;I0-I5:4;I0-I8:2;I0-I11:2;I0-I12:2;I1-I3:2;I1-I4:4;I1-I5:3;I1-I8:4;I1-I11:2;I1-I12:3;I3-I4:3;I3-I5:3;I3-I8:2;I3-I11:2;I4-I5:7;I4-I8:4;I4-I11:2;I4-I12:5;I5-I8:4;I5-I11:4;I5-I12:4;I8-I11:3,16325.000000,16568.663555,243.663555,6.340097,8.364168,2.024071,1.072916,8.0,3.5,4.0,6.0,10.0,20.0,16.0,48.0,80.0,200.0,False,0.002,0.005,0.1,0.0,0.0,0.0,8000,4000,8,4,37.0,12,105.0,36.0,20.0,785.000000,58,3,3,True,True,13,physical,8,42,122.480237,0.38461538461538464
padded_benes_16x16,default,12-4-8-1-10-11-0-7-2-3-5-6-9,failed,13,6,7,0,41,11,5,I1-I3:5;I1-I5:2;I1-I7:4;I1-I11:2;I3-I5:4;I3-I7:4;I3-I9:2;I5-I7:3;I7-I9:3;I7-I11:5;I9-I11:4,15941.000000,13516.752070,-2424.247930,6.174096,7.194166,1.020071,0.803251,8.0,3.5,4.0,6.0,10.0,20.0,16.0,48.0,80.0,200.0,False,0.002,0.005,0.1,0.0,0.0,0.0,8000,4000,8,4,37.0,12,105.0,36.0,20.0,785.000000,66,3,3,True,True,13,physical,9,42,104.627922,0.5384615384615384
waksman_13x13,default,7-6-2-9-12-5-11-8-3-4-0-1-10,failed,13,7,6,0,46,13,9,I0-I5:9;I0-I12:2;I3-I6:2;I3-I7:3;I3-I8:3;I3-I12:2;I5-I6:2;I5-I7:2;I5-I8:3;I6-I7:7;I6-I12:3;I7-I12:2;I8-I12:2,13965.000000,13391.942345,-573.057655,5.546096,6.391621,0.845525,0.855555,8.0,3.5,4.0,6.0,10.0,20.0,16.0,48.0,80.0,200.0,False,0.002,0.005,0.1,0.0,0.0,0.0,8000,4000,8,4,37.0,12,105.0,36.0,20.0,785.000000,55,3,3,True,True,13,physical,0,42,109.954996,0.46153846153846156
waksman_13x13,default,2-5-7-8-6-10-4-11-9-3-1-12-0,failed,13,8,5,0,64,18,7,I0-I3:2;I0-I6:4;I0-I8:2;I0-I12:3;I3-I6:3;I3-I7:2;I3-I8:2;I3-I11:2;I6-I7:6;I6-I8:4;I6-I10:3;I7-I11:2;I8-I10:7;I8-I11:2;I8-I12:3;I10-I11:4;I10-I12:3;I11-I12:3,13965.000000,15214.314015,1249.314015,7.066096,7.213325,0.147230,1.292704,8.0,3.5,4.0,6.0,10.0,20.0,16.0,48.0,80.0,200.0,False,0.002,0.005,0.1,0.0,0.0,0.0,8000,4000,8,4,37.0,12,105.0,36.0,20.0,785.000000,54,3,3,True,True,13,physical,1,42,92.477510,0.38461538461538464
waksman_13x13,default,11-3-10-8-7-1-12-5-6-2-0-4-9,failed,13,8,5,0,75,17,12,I0-I3:3;I1-I4:2;I1-I5:3;I1-I7:2;I1-I8:2;I1-I12:2;I3-I12:2;I4-I5:9;I4-I7:7;I4-I8:5;I4-I12:2;I5-I7:12;I5-I8:6;I5-I12:2;I7-I8:2;I7-I12:2;I8-I12:2,13965.000000,15849.101611,1884.101611,5.886763,8.862197,2.975434,1.617150,8.0,3.5,4.0,6.0,10.0,20.0,16.0,48.0,80.0,200.0,False,0.002,0.005,0.1,0.0,0.0,0.0,8000,4000,8,4,37.0,12,105.0,36.0,20.0,785.000000,70,3,3,True,True,13,physical,2,42,159.982968,0.38461538461538464
waksman_13x13,default,2-12-11-7-8-3-9-0-4-10-5-1-6,failed,13,7,6,0,40,11,6,I0-I1:2;I0-I4:2;I0-I6:2;I1-I4:3;I1-I6:3;I4-I6:4;I4-I9:2;I6-I9:2;I8-I9:6;I8-I11:3;I9-I11:3,13965.000000,11915.592804,-2049.407196,5.446096,5.517522,0.071426,0.335884,8.0,3.5,4.0,6.0,10.0,20.0,16.0,48.0,80.0,200.0,False,0.002,0.005,0.1,0.0,0.0,0.0,8000,4000,8,4,37.0,12,105.0,36.0,20.0,785.000000,53,3,3,True,True,13,physical,3,42,74.055357,0.46153846153846156
waksman_13x13,default,2-11-7-1-6-0-12-3-5-9-10-4-8,failed,13,7,6,0,46,15,6,I0-I1:2;I0-I4:2;I0-I8:2;I0-I9:2;I0-I12:2;I3-I4:2;I3-I8:2;I3-I9:2;I3-I12:2;I4-I8:3;I4-I9:2;I4-I12:2;I8-I9:6;I8-I12:4;I9-I12:5,13965.000000,12397.199006,-1567.800994,5.730763,6.152710,0.421947,0.428485,8.0,3.5,4.0,6.0,10.0,20.0,16.0,48.0,80.0,200.0,False,0.002,0.005,0.1,0.0,0.0,0.0,8000,4000,8,4,37.0,12,105.0,36.0,20.0,785.000000,66,3,3,True,True,13,physical,4,42,97.031123,0.46153846153846156
waksman_13x13,default,0-12-9-10-8-2-11-5-7-4-6-1-3,failed,13,7,6,0,53,14,5,I0-I3:2;I0-I6:4;I0-I7:4;I0-I8:2;I0-I9:2;I0-I12:2;I3-I6:4;I3-I7:3;I6-I7:5;I7-I8:2;I7-I9:5;I8-I9:5;I8-I12:3;I9-I12:3,13965.000000,13817.021978,-147.978022,5.974096,6.787283,0.813187,0.927863,8.0,3.5,4.0,6.0,10.0,20.0,16.0,48.0,80.0,200.0,False,0.002,0.005,0.1,0.0,0.0,0.0,8000,4000,8,4,37.0,12,105.0,36.0,20.0,785.000000,53,3,3,True,True,13,physical,5,42,91.053784,0.46153846153846156
waksman_13x13,default,6-0-4-8-5-7-9-3-2-1-12-10-11,failed,13,5,8,0,26,9,5,I0-I1:3;I0-I4:5;I0-I12:2;I1-I4:4;I1-I11:2;I1-I12:2;I4-I11:2;I4-I12:4;I11-I12:2,13965.000000,9224.309649,-4740.690351,7.117429,6.218575,-0.898853,0.474124,8.0,3.5,4.0,6.0,10.0,20.0,16.0,48.0,80.0,200.0,False,0.002,0.005,0.1,0.0,0.0,0.0,8000,4000,8,4,37.0,12,105.0,36.0,20.0,785.000000,70,3,3,True,True,13,physical,6,42,149.925108,0.6153846153846154
waksman_13x13,default,4-6-7-1-8-2-9-11-12-3-0-5-10,failed,13,7,6,0,36,13,4,I0-I11:2;I0-I12:2;I3-I4:2;I3-I7:2;I3-I11:2;I3-I12:2;I4-I7:4;I4-I8:2;I4-I12:2;I7-I8:2;I7-I12:3;I8-I12:3;I11-I12:4,13965.000000,12692.570676,-1272.429324,6.858763,5.965867,-0.892896,0.561734,8.0,3.5,4.0,6.0,10.0,20.0,16.0,48.0,80.0,200.0,False,0.002,0.005,0.1,0.0,0.0,0.0,8000,4000,8,4,37.0,12,105.0,36.0,20.0,785.000000,67,3,3,True,True,13,physical,7,42,145.718947,0.46153846153846156
waksman_13x13,default,0-4-12-9-5-1-8-2-11-6-7-10-3,failed,13,7,6,0,51,15,8,I1-I2:2;I1-I4:2;I1-I7:3;I1-I8:2;I1-I10:4;I1-I11:4;I4-I7:3;I4-I8:2;I4-I10:2;I7-I8:2;I7-I10:2;I7-I11:2;I8-I10:5;I8-I11:3;I10-I11:8,13965.000000,13135.256510,-829.743490,5.622096,6.782575,1.160480,0.800359,8.0,3.5,4.0,6.0,10.0,20.0,16.0,48.0,80.0,200.0,False,0.002,0.005,0.1,0.0,0.0,0.0,8000,4000,8,4,37.0,12,105.0,36.0,20.0,785.000000,52,3,3,True,True,13,physical,8,42,84.270729,0.46153846153846156
waksman_13x13,default,12-4-8-1-10-11-0-7-2-3-5-6-9,failed,13,6,7,0,37,13,7,I1-I2:2;I1-I3:7;I1-I5:2;I1-I7:4;I1-I12:2;I2-I3:3;I2-I5:2;I2-I7:3;I2-I12:2;I3-I5:2;I3-I7:2;I3-I12:2;I7-I12:2,13965.000000,11599.278639,-2365.721361,5.646096,6.769448,1.123352,0.786926,8.0,3.5,4.0,6.0,10.0,20.0,16.0,48.0,80.0,200.0,False,0.002,0.005,0.1,0.0,0.0,0.0,8000,4000,8,4,37.0,12,105.0,36.0,20.0,785.000000,55,3,3,True,True,13,physical,9,42,87.777949,0.5384615384615384
spanke_benes_13x13,default,7-6-2-9-12-5-11-8-3-4-0-1-10,failed,13,12,1,0,103,15,11,I0-I1:11;I0-I3:6;I0-I7:6;I1-I2:5;I1-I5:7;I1-I7:2;I2-I5:6;I2-I8:6;I3-I4:2;I3-I6:2;I3-I7:3;I3-I12:4;I5-I9:3;I7-I12:2;I8-I9:6,35481.000000,48978.185458,13497.185458,6.413757,13.545191,7.131434,4.671531,8.0,3.5,4.0,6.0,10.0,20.0,16.0,48.0,80.0,200.0,False,0.002,0.005,0.1,0.0,0.0,0.0,8000,4000,8,4,37.0,12,105.0,36.0,20.0,2465.000000,39,3,4,True,True,13,physical,0,42,76.462996,0.07692307692307693
spanke_benes_13x13,default,2-5-7-8-6-10-4-11-9-3-1-12-0,routed,13,13,0,0,117,15,10,I0-I1:10;I0-I6:6;I0-I9:4;I0-I10:3;I1-I2:4;I1-I4:10;I1-I6:7;I2-I3:10;I2-I4:9;I3-I5:4;I3-I8:4;I5-I7:4;I5-I8:3;I6-I9:3;I7-I11:2,35481.000000,53315.388980,17834.388980,6.557691,14.965832,8.408142,4.774521,8.0,3.5,4.0,6.0,10.0,20.0,16.0,48.0,80.0,200.0,False,0.002,0.005,0.1,0.0,0.0,0.0,8000,4000,8,4,37.0,12,105.0,36.0,20.0,2465.000000,40,3,1,True,False,13,physical,1,42,61.971263,0.0
spanke_benes_13x13,default,11-3-10-8-7-1-12-5-6-2-0-4-9,routed,13,13,0,0,106,17,7,I0-I2:3;I0-I6:2;I1-I2:2;I1-I3:2;I1-I4:4;I1-I5:7;I1-I7:4;I1-I9:5;I1-I11:4;I2-I3:3;I3-I4:5;I3-I12:2;I4-I8:3;I5-I9:6;I5-I10:5;I7-I8:4;I7-I11:3,35481.000000,53303.897787,17822.897787,6.229524,12.484325,6.254800,4.628523,8.0,3.5,4.0,6.0,10.0,20.0,16.0,48.0,80.0,200.0,False,0.002,0.005,0.1,0.0,0.0,0.0,8000,4000,8,4,37.0,12,105.0,36.0,20.0,2465.000000,36,3,1,True,False,13,physical,2,42,65.512417,0.0
spanke_benes_13x13,default,2-12-11-7-8-3-9-0-4-10-5-1-6,routed,13,13,0,0,113,17,12,I0-I1:2;I0-I2:2;I0-I3:4;I0-I5:12;I0-I7:7;I0-I8:2;I0-I11:3;I3-I4:6;I3-I5:3;I3-I8:3;I4-I6:4;I5-I8:8;I6-I9:2;I7-I11:4;I8-I10:4;I8-I12:2;I10-I12:2,35481.000000,53432.964172,17951.964172,6.426424,13.612902,7.186478,4.747994,8.0,3.5,4.0,6.0,10.0,20.0,16.0,48.0,80.0,200.0,False,0.002,0.005,0.1,0.0,0.0,0.0,8000,4000,8,4,37.0,12,105.0,36.0,20.0,2465.000000,37,3,1,True,False,13,physical,3,42,58.969247,0.0
spanke_benes_13x13,default,2-11-7-1-6-0-12-3-5-9-10-4-8,routed,13,13,0,0,124,17,17,I0-I1:2;I0-I2:2;I0-I3:17;I0-I4:4;I0-I7:12;I0-I11:2;I1-I2:3;I1-I6:2;I2-I4:9;I2-I9:4;I2-I12:2;I3-I5:15;I4-I8:7;I7-I8:6;I7-I11:4;I8-I11:3;I9-I10:2,35481.000000,54056.906668,18575.906668,6.395991,15.200345,8.804354,5.002832,8.0,3.5,4.0,6.0,10.0,20.0,16.0,48.0,80.0,200.0,False,0.002,0.005,0.1,0.0,0.0,0.0,8000,4000,8,4,37.0,12,105.0,36.0,20.0,2465.000000,55,3,1,True,False,13,physical,4,42,91.433544,0.0
spanke_benes_13x13,default,0-12-9-10-8-2-11-5-7-4-6-1-3,routed,13,13,0,0,104,16,12,I0-I1:2;I0-I2:4;I0-I4:2;I0-I5:12;I0-I11:4;I2-I3:4;I2-I4:3;I3-I6:2;I4-I5:3;I5-I7:4;I5-I9:4;I5-I11:3;I5-I12:2;I7-I8:2;I7-I9:3;I7-I10:2,35481.000000,52916.672136,17435.672136,6.492057,14.115951,7.623894,4.530873,8.0,3.5,4.0,6.0,10.0,20.0,16.0,48.0,80.0,200.0,False,0.002,0.005,0.1,0.0,0.0,0.0,8000,4000,8,4,37.0,12,105.0,36.0,20.0,2465.000000,28,3,1,True,False,13,physical,5,42,47.045203,0.0
spanke_benes_13x13,default,6-0-4-8-5-7-9-3-2-1-12-10-11,failed,13,12,1,0,109,14,12,I0-I2:3;I0-I4:11;I0-I5:10;I1-I2:10;I1-I7:2;I1-I8:2;I1-I9:8;I2-I4:12;I2-I7:9;I6-I10:2;I6-I11:6;I7-I8:7;I8-I9:7;I11-I12:2,35481.000000,49295.194339,13814.194339,6.557691,15.186540,8.628849,4.809032,8.0,3.5,4.0,6.0,10.0,20.0,16.0,48.0,80.0,200.0,False,0.002,0.005,0.1,0.0,0.0,0.0,8000,4000,8,4,37.0,12,105.0,36.0,20.0,2465.000000,57,3,3,True,True,13,physical,6,42,104.620967,0.07692307692307693
spanke_benes_13x13,default,4-6-7-1-8-2-9-11-12-3-0-5-10,failed,13,12,1,0,124,16,14,I0-I1:12;I0-I3:3;I0-I5:7;I0-I9:7;I1-I2:12;I1-I4:2;I2-I4:12;I3-I5:14;I3-I9:2;I3-I10:5;I4-I6:8;I4-I12:2;I5-I9:6;I6-I7:4;I6-I12:4;I7-I8:2,35481.000000,50139.397862,14658.397862,6.492057,14.223491,7.731434,5.187233,8.0,3.5,4.0,6.0,10.0,20.0,16.0,48.0,80.0,200.0,False,0.002,0.005,0.1,0.0,0.0,0.0,8000,4000,8,4,37.0,12,105.0,36.0,20.0,2465.000000,55,3,4,True,True,13,physical,7,42,90.411199,0.07692307692307693
spanke_benes_13x13,default,0-4-12-9-5-1-8-2-11-6-7-10-3,routed,13,13,0,0,124,17,16,I0-I1:8;I0-I5:16;I0-I7:2;I1-I2:2;I1-I3:2;I1-I4:12;I1-I5:3;I1-I7:9;I3-I6:5;I3-I8:2;I3-I11:2;I4-I6:4;I4-I9:6;I5-I7:12;I6-I10:3;I7-I12:2;I9-I10:4,35481.000000,53543.433238,18062.433238,6.623324,15.386050,8.762726,4.911913,8.0,3.5,4.0,6.0,10.0,20.0,16.0,48.0,80.0,200.0,False,0.002,0.005,0.1,0.0,0.0,0.0,8000,4000,8,4,37.0,12,105.0,36.0,20.0,2465.000000,46,3,1,True,False,13,physical,8,42,74.523663,0.0
spanke_benes_13x13,default,12-4-8-1-10-11-0-7-2-3-5-6-9,routed,13,13,0,0,126,15,13,I1-I2:6;I1-I3:7;I1-I7:2;I1-I9:9;I1-I10:6;I2-I4:4;I2-I7:3;I2-I12:2;I3-I6:13;I3-I8:10;I4-I5:2;I6-I8:10;I7-I11:3;I8-I9:8;I10-I11:4,35481.000000,53702.526117,18221.526117,6.316057,14.112633,7.796576,4.990619,8.0,3.5,4.0,6.0,10.0,20.0,16.0,48.0,80.0,200.0,False,0.002,0.005,0.1,0.0,0.0,0.0,8000,4000,8,4,37.0,12,105.0,36.0,20.0,2465.000000,46,3,1,True,False,13,physical,9,42,102.394833,0.0
spanke_benes_rect_13x13,default,7-6-2-9-12-5-11-8-3-4-0-1-10,routed,13,13,0,0,109,15,7,I0-I1:7;I0-I7:6;I1-I5:5;I2-I3:2;I2-I5:4;I2-I8:4;I3-I7:7;I3-I12:6;I4-I6:5;I5-I9:3;I6-I12:7;I8-I9:4;I9-I12:2;I10-I11:4;I11-I12:2,21831.000000,40185.021676,18354.021676,4.063891,9.367373,5.303482,4.758696,8.0,3.5,4.0,6.0,10.0,20.0,16.0,48.0,80.0,200.0,False,0.002,0.005,0.1,0.0,0.0,0.0,8000,4000,8,4,37.0,12,105.0,36.0,20.0,1415.000000,35,3,1,True,False,13,physical,0,42,44.749586,0.0
spanke_benes_rect_13x13,default,2-5-7-8-6-10-4-11-9-3-1-12-0,routed,13,13,0,0,119,17,10,I0-I1:6;I0-I6:2;I0-I9:4;I1-I2:2;I1-I4:6;I1-I6:5;I2-I3:8;I2-I4:7;I3-I8:8;I4-I5:2;I5-I7:8;I5-I8:7;I6-I7:2;I6-I9:3;I7-I11:10;I8-I11:2;I10-I11:2,21831.000000,40405.650007,18574.650007,4.063891,9.831291,5.767401,4.939562,8.0,3.5,4.0,6.0,10.0,20.0,16.0,48.0,80.0,200.0,False,0.002,0.005,0.1,0.0,0.0,0.0,8000,4000,8,4,37.0,12,105.0,36.0,20.0,1415.000000,44,3,1,True,False,13,physical,1,42,50.192945,0.0
spanke_benes_rect_13x13,default,11-3-10-8-7-1-12-5-6-2-0-4-9,routed,13,13,0,0,108,21,5,I0-I2:3;I0-I6:4;I1-I3:2;I1-I5:3;I1-I7:2;I1-I9:5;I1-I11:4;I2-I6:2;I2-I12:3;I3-I4:3;I3-I12:4;I4-I8:5;I4-I12:2;I5-I9:4;I5-I10:3;I6-I12:3;I7-I8:4;I7-I11:5;I8-I12:2;I10-I11:2;I11-I12:2,21831.000000,40182.831401,18351.831401,4.051224,9.394494,5.343270,4.748743,8.0,3.5,4.0,6.0,10.0,20.0,16.0,48.0,80.0,200.0,False,0.002,0.005,0.1,0.0,0.0,0.0,8000,4000,8,4,37.0,12,105.0,36.0,20.0,1415.000000,32,3,1,True,False,13,physical,2,42,37.649642,0.0
spanke_benes_rect_13x13,default,2-12-11-7-8-3-9-0-4-10-5-1-6,routed,13,13,0,0,109,15,8,I0-I1:2;I0-I3:2;I0-I5:8;I0-I7:3;I0-I11:3;I2-I9:3;I3-I4:4;I3-I12:5;I4-I6:6;I5-I8:6;I6-I9:6;I7-I11:4;I8-I9:2;I8-I10:6;I10-I12:6,21831.000000,40126.875658,18295.875658,4.063891,9.356541,5.292650,4.750135,8.0,3.5,4.0,6.0,10.0,20.0,16.0,48.0,80.0,200.0,False,0.002,0.005,0.1,0.0,0.0,0.0,8000,4000,8,4,37.0,12,105.0,36.0,20.0,1415.000000,35,3,1,True,False,13,physical,3,42,41.964075,0.0
spanke_benes_rect_13x13,default,2-11-7-1-6-0-12-3-5-9-10-4-8,routed,13,13,0,0,124,17,10,I0-I1:2;I0-I3:9;I0-I7:10;I1-I6:4;I1-I10:3;I2-I4:7;I2-I12:6;I3-I5:9;I4-I8:7;I4-I12:2;I6-I10:5;I7-I8:2;I7-I11:6;I8-I9:2;I8-I11:7;I9-I10:8;I9-I12:9,21831.000000,40933.942044,19102.942044,4.063891,9.913944,5.850053,5.096991,8.0,3.5,4.0,6.0,10.0,20.0,16.0,48.0,80.0,200.0,False,0.002,0.005,0.1,0.0,0.0,0.0,8000,4000,8,4,37.0,12,105.0,36.0,20.0,1415.000000,55,3,1,True,False,13,physical,4,42,79.174727,0.0
spanke_benes_rect_13x13,default,0-12-9-10-8-2-11-5-7-4-6-1-3,routed,13,13,0,0,104,17,6,I0-I1:2;I0-I2:2;I0-I5:6;I0-I11:4;I2-I3:4;I2-I4:3;I3-I6:4;I4-I6:2;I4-I8:3;I5-I7:2;I5-I9:2;I5-I11:3;I5-I12:4;I7-I9:5;I7-I10:4;I8-I10:5;I9-I12:3,21831.000000,39972.685383,18141.685383,4.063891,9.216032,5.152142,4.655259,8.0,3.5,4.0,6.0,10.0,20.0,16.0,48.0,80.0,200.0,False,0.002,0.005,0.1,0.0,0.0,0.0,8000,4000,8,4,37.0,12,105.0,36.0,20.0,1415.000000,30,3,1,True,False,13,physical,5,42,39.548315,0.0
spanke_benes_rect_13x13,default,6-0-4-8-5-7-9-3-2-1-12-10-11,routed,13,13,0,0,128,18,12,I0-I4:7;I0-I5:8;I1-I2:4;I1-I7:2;I1-I9:6;I2-I3:2;I2-I4:8;I2-I7:5;I3-I5:7;I3-I6:8;I4-I5:2;I5-I6:2;I6-I11:10;I7-I8:5;I8-I9:5;I8-I11:2;I10-I12:11;I11-I12:12,21831.000000,40833.446485,19002.446485,4.025225,10.135416,6.110191,5.133838,8.0,3.5,4.0,6.0,10.0,20.0,16.0,48.0,80.0,200.0,False,0.002,0.005,0.1,0.0,0.0,0.0,8000,4000,8,4,37.0,12,105.0,36.0,20.0,1415.000000,55,3,1,True,False,13,physical,6,42,74.062632,0.0
spanke_benes_rect_13x13,default,4-6-7-1-8-2-9-11-12-3-0-5-10,routed,13,13,0,0,126,17,10,I0-I1:4;I0-I5:3;I0-I9:5;I0-I11:6;I1-I2:8;I1-I11:5;I2-I4:8;I3-I5:8;I3-I10:3;I4-I6:10;I5-I9:6;I6-I7:2;I6-I12:8;I7-I8:10;I7-I12:9;I10-I11:2;I11-I12:2,21831.000000,40569.344723,18738.344723,4.025225,9.863291,5.838066,5.057438,8.0,3.5,4.0,6.0,10.0,20.0,16.0,48.0,80.0,200.0,False,0.002,0.005,0.1,0.0,0.0,0.0,8000,4000,8,4,37.0,12,105.0,36.0,20.0,1415.000000,49,3,1,True,False,13,physical,7,42,62.603378,0.0
spanke_benes_rect_13x13,default,0-4-12-9-5-1-8-2-11-6-7-10-3,routed,13,13,0,0,122,17,10,I0-I1:4;I0-I5:10;I1-I3:2;I1-I4:8;I1-I7:5;I1-I12:3;I2-I8:3;I3-I6:5;I3-I11:4;I4-I9:8;I5-I7:8;I6-I10:7;I6-I11:4;I7-I12:4;I8-I11:9;I9-I10:8;I10-I11:2,21831.000000,40541.738521,18710.738521,4.025225,9.537456,5.512231,4.995883,8.0,3.5,4.0,6.0,10.0,20.0,16.0,48.0,80.0,200.0,False,0.002,0.005,0.1,0.0,0.0,0.0,8000,4000,8,4,37.0,12,105.0,36.0,20.0,1415.000000,51,3,1,True,False,13,physical,8,42,62.342223,0.0
spanke_benes_rect_13x13,default,12-4-8-1-10-11-0-7-2-3-5-6-9,routed,13,13,0,0,118,19,8,I1-I2:2;I1-I3:3;I1-I9:5;I1-I10:6;I2-I4:2;I2-I7:3;I2-I12:4;I3-I6:7;I3-I8:6;I4-I5:6;I4-I12:3;I6-I7:2;I6-I8:4;I7-I11:5;I7-I12:2;I8-I9:8;I9-I10:2;I10-I11:8;I11-I12:4,21831.000000,40509.167695,18678.167695,4.025225,9.636081,5.610856,4.946641,8.0,3.5,4.0,6.0,10.0,20.0,16.0,48.0,80.0,200.0,False,0.002,0.005,0.1,0.0,0.0,0.0,8000,4000,8,4,37.0,12,105.0,36.0,20.0,1415.000000,40,3,1,True,False,13,physical,9,42,51.337309,0.0
padded_benes_16x16,default,8-12-7-6-13-11-5-2-9-3-4-0-1-10,failed,14,6,8,0,52,13,8,I3-I5:2;I3-I6:3;I3-I8:2;I3-I13:4;I5-I6:3;I5-I8:5;I5-I13:7;I6-I8:2;I6-I12:3;I6-I13:4;I8-I12:3;I8-I13:8;I12-I13:4,17574.000000,14227.190125,-3346.809875,6.506763,8.545913,2.039150,0.858230,8.0,3.5,4.0,6.0,10.0,20.0,16.0,48.0,80.0,200.0,False,0.002,0.005,0.1,0.0,0.0,0.0,8000,4000,8,4,37.0,12,105.0,36.0,20.0,785.000000,75,3,3,True,True,14,physical,0,42,138.743072,0.5714285714285714
padded_benes_16x16,default,2-5-7-9-6-11-4-12-8-10-3-1-13-0,failed,14,8,6,0,79,24,6,I0-I6:4;I0-I8:2;I0-I9:2;I0-I10:4;I3-I4:3;I3-I6:3;I3-I8:3;I3-I9:4;I3-I12:2;I4-I6:3;I4-I8:2;I4-I9:2;I4-I10:3;I4-I12:2;I6-I8:2;I6-I9:2;I6-I10:5;I6-I12:2;I8-I9:4;I8-I10:3;I8-I12:4;I9-I10:5;I9-I12:6;I10-I12:6,17430.000000,17005.495408,-424.504592,6.343430,8.566120,2.222690,0.935624,8.0,3.5,4.0,6.0,10.0,20.0,16.0,48.0,80.0,200.0,False,0.002,0.005,0.1,0.0,0.0,0.0,8000,4000,8,4,37.0,12,105.0,36.0,20.0,785.000000,67,3,3,True,True,14,physical,1,42,127.900988,0.42857142857142855
padded_benes_16x16,default,7-8-3-11-10-13-1-12-5-6-2-0-4-9,failed,14,9,5,0,121,30,10,I0-I1:2;I0-I2:3;I0-I3:2;I0-I6:3;I0-I8:7;I0-I9:7;I0-I10:3;I0-I13:2;I1-I2:3;I1-I3:10;I1-I6:3;I1-I13:6;I2-I3:4;I2-I6:5;I2-I8:2;I2-I9:4;I2-I10:3;I2-I13:2;I3-I6:3;I3-I13:5;I6-I8:2;I6-I9:2;I6-I10:4;I6-I13:4;I8-I9:4;I8-I10:9;I8-I13:2;I9-I10:3;I9-I13:2;I10-I13:4,17238.000000,20545.544031,3307.544031,6.222763,8.901205,2.678442,2.213121,8.0,3.5,4.0,6.0,10.0,20.0,16.0,48.0,80.0,200.0,False,0.002,0.005,0.1,0.0,0.0,0.0,8000,4000,8,4,37.0,12,105.0,36.0,20.0,785.000000,94,3,3,True,True,14,physical,2,42,204.965041,0.35714285714285715
padded_benes_16x16,default,6-13-2-11-3-8-10-7-0-4-9-12-5-1,failed,14,6,8,0,43,12,8,I0-I2:3;I0-I3:2;I0-I7:8;I2-I3:4;I2-I7:4;I2-I11:2;I3-I7:3;I3-I10:5;I3-I11:2;I7-I10:2;I7-I11:4;I10-I11:4,17334.000000,13521.482162,-3812.517838,6.422763,8.330580,1.907817,0.830661,8.0,3.5,4.0,6.0,10.0,20.0,16.0,48.0,80.0,200.0,False,0.002,0.005,0.1,0.0,0.0,0.0,8000,4000,8,4,37.0,12,105.0,36.0,20.0,785.000000,90,3,3,True,True,14,physical,3,42,158.551982,0.5714285714285714
padded_benes_16x16,default,4-8-6-2-7-12-0-1-3-11-5-9-10-13,failed,14,7,7,0,57,14,10,I0-I1:2;I0-I2:4;I1-I2:3;I1-I3:3;I1-I9:4;I1-I13:4;I2-I3:7;I2-I4:10;I2-I9:2;I3-I4:4;I3-I9:2;I4-I9:2;I4-I13:4;I9-I13:4,17670.000000,15510.729941,-2159.270059,6.650763,8.097624,1.446862,1.050351,8.0,3.5,4.0,6.0,10.0,20.0,16.0,48.0,80.0,200.0,False,0.002,0.005,0.1,0.0,0.0,0.0,8000,4000,8,4,37.0,12,105.0,36.0,20.0,785.000000,67,3,3,True,True,14,physical,4,42,124.630281,0.5
padded_benes_16x16,default,10-0-3-8-12-11-9-2-5-7-4-6-1-13,failed,14,8,6,0,77,19,8,I1-I2:6;I1-I3:2;I1-I4:2;I1-I6:2;I1-I13:2;I2-I3:4;I2-I4:4;I2-I6:2;I2-I11:2;I2-I13:2;I3-I4:6;I3-I6:4;I3-I13:2;I4-I6:7;I4-I13:8;I6-I13:2;I10-I11:8;I10-I13:4;I11-I13:2,17430.000000,17813.451151,383.451151,6.519430,7.622085,1.102655,1.084363,8.0,3.5,4.0,6.0,10.0,20.0,16.0,48.0,80.0,200.0,False,0.002,0.005,0.1,0.0,0.0,0.0,8000,4000,8,4,37.0,12,105.0,36.0,20.0,785.000000,69,3,3,True,True,14,physical,5,42,126.369624,0.42857142857142855
padded_benes_16x16,default,0-6-5-1-4-12-13-7-11-3-8-2-10-9,failed,14,9,5,0,112,29,9,I0-I2:2;I0-I3:2;I0-I6:2;I0-I7:4;I0-I11:2;I2-I3:5;I2-I4:9;I2-I6:4;I2-I7:4;I2-I10:2;I3-I4:4;I3-I6:2;I3-I7:4;I3-I9:4;I3-I10:2;I3-I11:2;I4-I6:6;I4-I7:4;I4-I9:3;I4-I10:2;I4-I11:5;I6-I7:3;I6-I10:7;I7-I9:3;I7-I10:2;I7-I11:3;I9-I10:4;I9-I11:7;I10-I11:5,17574.000000,20611.836068,3037.836068,6.558096,8.945205,2.387109,1.828519,8.0,3.5,4.0,6.0,10.0,20.0,16.0,48.0,80.0,200.0,False,0.002,0.005,0.1,0.0,0.0,0.0,8000,4000,8,4,37.0,12,105.0,36.0,20.0,785.000000,75,3,3,True,True,14,physical,6,42,158.470769,0.35714285714285715
padded_benes_16x16,default,10-4-8-7-1-9-2-6-5-11-3-0-12-13,failed,14,7,7,0,68,16,10,I1-I2:4;I1-I3:10;I1-I7:4;I1-I9:2;I2-I3:5;I2-I7:3;I2-I9:2;I2-I12:2;I3-I7:7;I3-I9:4;I7-I9:4;I7-I11:3;I7-I12:2;I9-I11:5;I9-I12:6;I11-I12:2,17430.000000,15357.999849,-2072.000151,6.356097,8.050999,1.694903,1.027429,8.0,3.5,4.0,6.0,10.0,20.0,16.0,48.0,80.0,200.0,False,0.002,0.005,0.1,0.0,0.0,0.0,8000,4000,8,4,37.0,12,105.0,36.0,20.0,785.000000,95,3,3,True,True,14,physical,7,42,201.158425,0.5
padded_benes_16x16,default,0-1-11-8-13-9-5-3-12-4-2-7-10-6,failed,14,7,7,0,63,19,9,I0-I1:4;I0-I2:4;I0-I8:2;I0-I12:2;I1-I2:4;I1-I3:2;I1-I6:2;I1-I8:2;I1-I12:2;I2-I3:9;I2-I6:3;I2-I8:4;I2-I12:5;I3-I6:3;I3-I8:2;I3-I12:2;I6-I8:6;I6-I12:2;I8-I12:3,17670.000000,13885.650308,-3784.349692,6.410096,7.980208,1.570113,0.640329,8.0,3.5,4.0,6.0,10.0,20.0,16.0,48.0,80.0,200.0,False,0.002,0.005,0.1,0.0,0.0,0.0,8000,4000,8,4,37.0,12,105.0,36.0,20.0,785.000000,58,3,3,True,True,14,physical,8,42,107.114878,0.5
padded_benes_16x16,default,10-4-13-1-11-12-0-7-8-2-3-5-6-9,failed,14,5,9,0,39,10,7,I1-I3:7;I1-I6:3;I1-I7:4;I1-I8:2;I3-I6:7;I3-I7:4;I3-I8:2;I6-I7:6;I6-I8:2;I7-I8:2,17478.000000,10369.052988,-7108.947012,6.558096,7.197954,0.639858,0.439221,8.0,3.5,4.0,6.0,10.0,20.0,16.0,48.0,80.0,200.0,False,0.002,0.005,0.1,0.0,0.0,0.0,8000,4000,8,4,37.0,12,105.0,36.0,20.0,785.000000,72,3,3,True,True,14,physical,9,42,134.646114,0.6428571428571429
waksman_14x14,default,8-12-7-6-13-11-5-2-9-3-4-0-1-10,failed,14,7,7,0,61,14,7,I0-I5:4;I0-I8:2;I0-I13:2;I5-I8:3;I5-I13:7;I6-I8:2;I6-I9:3;I6-I13:4;I8-I9:5;I8-I12:5;I8-I13:2;I9-I12:5;I9-I13:4;I12-I13:6,15518.000000,14047.460033,-1470.539967,5.722763,7.144653,1.421890,1.247560,8.0,3.5,4.0,6.0,10.0,20.0,16.0,48.0,80.0,200.0,False,0.002,0.005,0.1,0.0,0.0,0.0,8000,4000,8,4,37.0,12,105.0,36.0,20.0,785.000000,68,3,3,True,True,14,physical,0,42,128.449775,0.5
waksman_14x14,default,2-5-7-9-6-11-4-12-8-10-3-1-13-0,failed,14,7,7,0,51,17,6,I0-I4:4;I0-I7:2;I0-I8:2;I0-I9:2;I4-I7:6;I4-I8:2;I4-I9:2;I4-I11:3;I4-I12:2;I7-I9:3;I7-I12:4;I8-I9:4;I8-I11:3;I8-I12:2;I9-I11:3;I9-I12:2;I11-I12:2,15518.000000,13653.008731,-1864.991269,6.850763,7.423541,0.572779,0.621431,8.0,3.5,4.0,6.0,10.0,20.0,16.0,48.0,80.0,200.0,False,0.002,0.005,0.1,0.0,0.0,0.0,8000,4000,8,4,37.0,12,105.0,36.0,20.0,785.000000,91,3,3,True,True,14,physical,1,42,192.138386,0.5
waksman_14x14,default,7-8-3-11-10-13-1-12-5-6-2-0-4-9,failed,14,9,5,0,115,26,14,I1-I2:3;I1-I4:4;I1-I5:4;I1-I7:4;I1-I13:2;I2-I4:2;I2-I5:2;I2-I6:7;I2-I7:2;I2-I8:2;I2-I9:2;I2-I13:2;I4-I5:14;I4-I6:3;I4-I7:4;I4-I13:3;I5-I6:5;I5-I7:7;I5-I13:3;I6-I7:4;I6-I8:2;I6-I9:2;I6-I13:4;I8-I9:12;I8-I13:4;I9-I13:2,15518.000000,18682.070600,3164.070600,5.597429,8.454437,2.857008,2.267571,8.0,3.5,4.0,6.0,10.0,20.0,16.0,48.0,80.0,200.0,False,0.002,0.005,0.1,0.0,0.0,0.0,8000,4000,8,4,37.0,12,105.0,36.0,20.0,785.000000,85,3,3,True,True,14,physical,2,42,195.042837,0.35714285714285715
waksman_14x14,default,6-13-2-11-3-8-10-7-0-4-9-12-5-1,failed,14,9,5,0,87,22,8,I0-I1:4;I0-I2:3;I0-I5:2;I0-I7:6;I0-I9:3;I1-I2:3;I1-I5:3;I2-I5:2;I2-I7:2;I2-I9:2;I2-I10:2;I2-I11:2;I2-I13:3;I5-I10:8;I5-I11:4;I7-I10:2;I9-I10:2;I9-I11:4;I9-I13:5;I10-I11:6;I10-I13:3;I11-I13:5,15518.000000,17846.013096,2328.013096,6.574096,6.904163,0.330067,1.268114,8.0,3.5,4.0,6.0,10.0,20.0,16.0,48.0,80.0,200.0,False,0.002,0.005,0.1,0.0,0.0,0.0,8000,4000,8,4,37.0,12,105.0,36.0,20.0,785.000000,71,3,3,True,True,14,physical,3,42,179.074122,0.35714285714285715
waksman_14x14,default,4-8-6-2-7-12-0-1-3-11-5-9-10-13,failed,14,8,6,0,72,21,9,I0-I4:2;I0-I10:2;I0-I12:2;I3-I4:4;I3-I8:4;I3-I9:2;I3-I10:2;I3-I12:2;I4-I9:2;I4-I10:5;I4-I12:2;I8-I9:6;I8-I10:4;I8-I12:2;I8-I13:4;I9-I10:5;I9-I12:9;I9-I13:2;I10-I12:2;I10-I13:2;I12-I13:4,15518.000000,16185.685684,667.685684,6.735430,7.655403,0.919973,1.423796,8.0,3.5,4.0,6.0,10.0,20.0,16.0,48.0,80.0,200.0,False,0.002,0.005,0.1,0.0,0.0,0.0,8000,4000,8,4,37.0,12,105.0,36.0,20.0,785.000000,73,3,3,True,True,14,physical,4,42,138.840125,0.42857142857142855
waksman_14x14,default,10-0-3-8-12-11-9-2-5-7-4-6-1-13,failed,14,7,7,0,53,16,6,I1-I2:6;I1-I3:4;I1-I6:2;I1-I9:2;I1-I10:2;I1-I13:2;I2-I3:6;I2-I6:2;I2-I9:2;I2-I10:2;I3-I6:6;I3-I13:2;I6-I13:2;I9-I10:5;I9-I13:2;I10-I13:2,15518.000000,14251.898088,-1266.101912,6.686763,6.699035,0.012273,0.938114,8.0,3.5,4.0,6.0,10.0,20.0,16.0,48.0,80.0,200.0,False,0.002,0.005,0.1,0.0,0.0,0.0,8000,4000,8,4,37.0,12,105.0,36.0,20.0,785.000000,59,3,3,True,True,14,physical,5,42,96.189981,0.5
waksman_14x14,default,0-6-5-1-4-12-13-7-11-3-8-2-10-9,failed,14,9,5,0,107,30,8,I0-I2:2;I0-I3:4;I0-I5:2;I0-I6:2;I0-I7:6;I0-I8:2;I0-I9:2;I0-I13:4;I2-I3:5;I2-I5:2;I2-I6:2;I2-I7:6;I2-I8:2;I2-I13:2;I3-I5:2;I3-I6:2;I3-I7:6;I3-I8:2;I3-I9:4;I3-I13:2;I5-I6:8;I5-I7:5;I5-I8:3;I5-I13:3;I6-I7:3;I7-I8:2;I7-I13:2;I8-I9:5;I8-I13:7;I9-I13:2,15518.000000,17977.575041,2459.575041,6.068097,7.889118,1.821022,1.750128,8.0,3.5,4.0,6.0,10.0,20.0,16.0,48.0,80.0,200.0,False,0.002,0.005,0.1,0.0,0.0,0.0,8000,4000,8,4,37.0,12,105.0,36.0,20.0,785.000000,65,3,3,True,True,14,physical,6,42,130.538401,0.35714285714285715
waksman_14x14,default,10-4-8-7-1-9-2-6-5-11-3-0-12-13,failed,14,8,6,0,82,20,9,I1-I2:4;I1-I3:8;I1-I5:2;I1-I7:4;I1-I8:4;I1-I11:3;I1-I12:2;I2-I3:5;I2-I5:8;I2-I7:3;I2-I12:4;I3-I5:2;I3-I7:9;I3-I8:3;I5-I7:3;I5-I12:2;I7-I8:3;I8-I11:3;I8-I12:2;I11-I12:2,15518.000000,15913.437904,395.437904,6.827430,8.065583,1.238154,1.243234,8.0,3.5,4.0,6.0,10.0,20.0,16.0,48.0,80.0,200.0,False,0.002,0.005,0.1,0.0,0.0,0.0,8000,4000,8,4,37.0,12,105.0,36.0,20.0,785.000000,92,3,3,True,True,14,physical,7,42,147.023700,0.42857142857142855
waksman_14x14,default,0-1-11-8-13-9-5-3-12-4-2-7-10-6,failed,14,8,6,0,83,23,7,I0-I1:6;I0-I2:4;I0-I3:2;I0-I6:6;I0-I9:4;I0-I11:2;I0-I12:2;I1-I2:4;I1-I3:2;I1-I6:2;I1-I9:2;I1-I12:2;I2-I3:7;I2-I6:3;I2-I12:3;I3-I6:3;I3-I12:2;I6-I9:5;I6-I11:4;I6-I12:2;I9-I11:6;I9-I12:2;I11-I12:4,15518.000000,16254.517537,736.517537,5.959430,7.125665,1.166236,1.449004,8.0,3.5,4.0,6.0,10.0,20.0,16.0,48.0,80.0,200.0,False,0.002,0.005,0.1,0.0,0.0,0.0,8000,4000,8,4,37.0,12,105.0,36.0,20.0,785.000000,91,3,3,True,True,14,physical,8,42,224.857909,0.42857142857142855
waksman_14x14,default,10-4-13-1-11-12-0-7-8-2-3-5-6-9,failed,14,9,5,0,91,24,8,I0-I1:5;I0-I2:4;I0-I5:4;I0-I7:3;I0-I13:3;I1-I2:2;I1-I5:2;I1-I7:6;I1-I11:2;I1-I12:2;I1-I13:2;I2-I5:3;I3-I5:2;I3-I11:2;I3-I12:2;I3-I13:2;I5-I7:3;I5-I13:3;I7-I11:5;I7-I12:3;I7-I13:4;I11-I12:8;I11-I13:4;I12-I13:4,15518.000000,17597.181243,2079.181243,5.989429,7.565747,1.576319,1.336818,8.0,3.5,4.0,6.0,10.0,20.0,16.0,48.0,80.0,200.0,False,0.002,0.005,0.1,0.0,0.0,0.0,8000,4000,8,4,37.0,12,105.0,36.0,20.0,785.000000,63,3,3,True,True,14,physical,9,42,139.309729,0.35714285714285715
spanke_benes_14x14,default,8-12-7-6-13-11-5-2-9-3-4-0-1-10,failed,14,13,1,0,105,13,9,I0-I1:4;I0-I2:9;I0-I5:2;I0-I8:6;I1-I4:2;I2-I3:9;I2-I8:2;I3-I6:5;I6-I7:3;I6-I10:3;I7-I9:6;I8-I13:2;I9-I10:4,41538.000000,57121.911034,15583.911034,6.816423,13.627857,6.811434,4.751371,8.0,3.5,4.0,6.0,10.0,20.0,16.0,48.0,80.0,200.0,False,0.002,0.005,0.1,0.0,0.0,0.0,8000,4000,8,4,37.0,12,105.0,36.0,20.0,2675.000000,33,3,4,True,True,14,physical,0,42,78.103571,0.07142857142857142
spanke_benes_14x14,default,2-5-7-9-6-11-4-12-8-10-3-1-13-0,routed,14,14,0,0,137,17,12,I0-I1:10;I0-I6:8;I0-I10:4;I0-I11:3;I1-I2:4;I1-I4:12;I1-I6:9;I2-I3:6;I2-I4:11;I2-I8:6;I3-I5:4;I3-I8:5;I3-I9:4;I5-I7:4;I5-I9:3;I6-I10:3;I7-I12:2,41538.000000,62156.955291,20618.955291,7.147623,16.214597,9.066973,5.149851,8.0,3.5,4.0,6.0,10.0,20.0,16.0,48.0,80.0,200.0,False,0.002,0.005,0.1,0.0,0.0,0.0,8000,4000,8,4,37.0,12,105.0,36.0,20.0,2675.000000,47,3,1,True,False,14,physical,1,42,90.832376,0.0
spanke_benes_14x14,default,7-8-3-11-10-13-1-12-5-6-2-0-4-9,routed,14,14,0,0,128,17,12,I0-I1:12;I0-I2:9;I0-I9:3;I1-I3:2;I1-I4:6;I1-I13:2;I2-I6:7;I2-I8:4;I2-I10:5;I2-I12:4;I3-I4:5;I3-I5:2;I3-I7:2;I6-I10:6;I6-I11:5;I8-I9:4;I8-I12:3,41538.000000,62178.194189,20640.194189,6.950723,14.472281,7.521557,5.045742,8.0,3.5,4.0,6.0,10.0,20.0,16.0,48.0,80.0,200.0,False,0.002,0.005,0.1,0.0,0.0,0.0,8000,4000,8,4,37.0,12,105.0,36.0,20.0,2675.000000,42,3,1,True,False,14,physical,2,42,77.745490,0.0
spanke_benes_14x14,default,6-13-2-11-3-8-10-7-0-4-9-12-5-1,routed,14,14,0,0,130,18,16,I0-I1:2;I0-I2:3;I0-I3:2;I0-I4:7;I0-I5:4;I0-I7:6;I0-I9:5;I2-I4:16;I2-I8:9;I3-I6:3;I3-I11:2;I4-I9:8;I5-I6:2;I5-I7:5;I5-I10:4;I6-I10:3;I8-I13:2;I9-I12:2,41538.000000,62080.282703,20542.282703,7.081990,15.526132,8.444142,5.050326,8.0,3.5,4.0,6.0,10.0,20.0,16.0,48.0,80.0,200.0,False,0.002,0.005,0.1,0.0,0.0,0.0,8000,4000,8,4,37.0,12,105.0,36.0,20.0,2675.000000,40,3,1,True,False,14,physical,3,42,77.447038,0.0
spanke_benes_14x14,default,4-8-6-2-7-12-0-1-3-11-5-9-10-13,routed,14,14,0,0,168,22,14,I0-I1:2;I0-I2:8;I0-I3:5;I0-I8:11;I0-I10:8;I1-I4:11;I1-I5:2;I1-I9:2;I1-I11:8;I2-I4:14;I2-I10:7;I3-I7:13;I3-I8:12;I4-I10:5;I4-I11:4;I5-I9:3;I5-I13:4;I6-I7:14;I9-I12:3;I9-I13:2;I11-I12:4;I12-I13:2,41538.000000,62933.583621,21395.583621,7.016357,15.345914,8.329557,5.697226,8.0,3.5,4.0,6.0,10.0,20.0,16.0,48.0,80.0,200.0,False,0.002,0.005,0.1,0.0,0.0,0.0,8000,4000,8,4,37.0,12,105.0,36.0,20.0,2675.000000,65,3,1,True,False,14,physical,4,42,146.110128,0.0
spanke_benes_14x14,default,10-0-3-8-12-11-9-2-5-7-4-6-1-13,failed,14,13,1,0,124,19,11,I0-I3:5;I0-I4:2;I0-I5:4;I0-I6:3;I1-I2:10;I1-I7:10;I2-I3:8;I2-I7:11;I2-I8:4;I2-I10:6;I3-I6:4;I3-I9:3;I4-I5:3;I4-I13:4;I5-I13:2;I8-I9:2;I8-I10:5;I8-I11:4;I9-I11:5,41538.000000,57570.380099,16032.380099,7.213257,16.732230,9.518973,5.090366,8.0,3.5,4.0,6.0,10.0,20.0,16.0,48.0,80.0,200.0,False,0.002,0.005,0.1,0.0,0.0,0.0,8000,4000,8,4,37.0,12,105.0,36.0,20.0,2675.000000,52,3,4,True,True,14,physical,5,42,103.645763,0.07142857142857142
spanke_benes_14x14,default,0-6-5-1-4-12-13-7-11-3-8-2-10-9,routed,14,14,0,0,151,18,22,I0-I1:2;I0-I2:2;I0-I3:22;I1-I2:15;I1-I5:4;I1-I7:12;I2-I4:15;I3-I4:10;I3-I9:4;I3-I11:6;I4-I9:7;I5-I6:2;I7-I8:2;I7-I10:6;I7-I13:2;I9-I11:5;I10-I12:2;I10-I13:2,41538.000000,62611.437603,21073.437603,7.278890,17.451279,10.172389,5.408705,8.0,3.5,4.0,6.0,10.0,20.0,16.0,48.0,80.0,200.0,False,0.002,0.005,0.1,0.0,0.0,0.0,8000,4000,8,4,37.0,12,105.0,36.0,20.0,2675.000000,62,3,1,True,False,14,physical,6,42,116.710572,0.0
spanke_benes_14x14,default,10-4-8-7-1-9-2-6-5-11-3-0-12-13,routed,14,14,0,0,160,22,14,I0-I5:7;I0-I9:8;I1-I2:2;I1-I3:4;I1-I4:3;I1-I6:7;I1-I7:2;I1-I8:8;I1-I10:5;I2-I3:9;I2-I5:10;I3-I5:4;I3-I7:7;I4-I6:14;I4-I10:2;I4-I11:5;I5-I9:4;I6-I10:6;I7-I8:7;I9-I12:6;I9-I13:2;I12-I13:4,41538.000000,62829.742887,21291.742887,7.016357,14.977914,7.961557,5.582392,8.0,3.5,4.0,6.0,10.0,20.0,16.0,48.0,80.0,200.0,False,0.002,0.005,0.1,0.0,0.0,0.0,8000,4000,8,4,37.0,12,105.0,36.0,20.0,2675.000000,56,3,1,True,False,14,physical,7,42,118.368337,0.0
spanke_benes_14x14,default,0-1-11-8-13-9-5-3-12-4-2-7-10-6,routed,14,14,0,0,140,20,26,I0-I1:26;I1-I2:2;I1-I3:6;I1-I6:2;I1-I7:6;I1-I10:8;I2-I3:3;I2-I4:2;I2-I5:3;I2-I8:2;I3-I5:6;I3-I6:3;I3-I11:3;I5-I12:2;I6-I7:3;I6-I9:7;I6-I11:4;I6-I13:2;I7-I9:8;I7-I10:7,41538.000000,62207.831401,20669.831401,7.410157,18.705378,11.295221,5.197833,8.0,3.5,4.0,6.0,10.0,20.0,16.0,48.0,80.0,200.0,False,0.002,0.005,0.1,0.0,0.0,0.0,8000,4000,8,4,37.0,12,105.0,36.0,20.0,2675.000000,52,3,1,True,False,14,physical,8,42,86.278294,0.0
spanke_benes_14x14,default,10-4-13-1-11-12-0-7-8-2-3-5-6-9,routed,14,14,0,0,140,17,15,I0-I1:7;I0-I2:2;I0-I4:4;I1-I3:9;I1-I7:4;I1-I10:7;I1-I11:6;I3-I6:15;I3-I9:10;I4-I5:2;I7-I8:4;I7-I11:5;I7-I12:5;I7-I13:2;I8-I13:2;I9-I10:8;I11-I12:4,41538.000000,62684.587987,21146.587987,6.905990,14.959300,8.053310,5.293441,8.0,3.5,4.0,6.0,10.0,20.0,16.0,48.0,80.0,200.0,False,0.002,0.005,0.1,0.0,0.0,0.0,8000,4000,8,4,37.0,12,105.0,36.0,20.0,2675.000000,47,3,1,True,False,14,physical,9,42,96.653471,0.0
spanke_benes_rect_14x14,default,8-12-7-6-13-11-5-2-9-3-4-0-1-10,routed,14,14,0,0,118,19,8,I0-I1:2;I0-I2:5;I0-I8:4;I1-I4:2;I1-I5:3;I2-I3:5;I2-I5:2;I3-I6:3;I4-I5:3;I5-I13:3;I6-I8:2;I6-I10:3;I7-I9:4;I7-I12:3;I8-I13:8;I9-I10:4;I10-I13:2;I11-I12:2;I12-I13:2,25368.000000,46520.118921,21152.118921,4.378190,10.050827,5.672637,5.000660,8.0,3.5,4.0,6.0,10.0,20.0,16.0,48.0,80.0,200.0,False,0.002,0.005,0.1,0.0,0.0,0.0,8000,4000,8,4,37.0,12,105.0,36.0,20.0,1520.000000,31,3,1,True,False,14,physical,0,42,47.330574,0.0
spanke_benes_rect_14x14,default,2-5-7-9-6-11-4-12-8-10-3-1-13-0,routed,14,14,0,0,139,21,10,I0-I1:6;I0-I6:4;I0-I10:2;I0-I11:3;I1-I2:2;I1-I4:8;I1-I6:5;I2-I3:2;I2-I4:7;I2-I8:8;I3-I8:7;I3-I9:8;I4-I5:2;I5-I7:8;I5-I9:7;I6-I7:2;I6-I10:3;I7-I12:10;I8-I9:2;I9-I12:2;I10-I12:2,25368.000000,46997.464097,21629.464097,4.314190,10.577838,6.263648,5.345995,8.0,3.5,4.0,6.0,10.0,20.0,16.0,48.0,80.0,200.0,False,0.002,0.005,0.1,0.0,0.0,0.0,8000,4000,8,4,37.0,12,105.0,36.0,20.0,1520.000000,48,3,1,True,False,14,physical,1,42,62.560116,0.0
spanke_benes_rect_14x14,default,7-8-3-11-10-13-1-12-5-6-2-0-4-9,routed,14,14,0,0,128,23,8,I0-I1:8;I0-I2:3;I0-I9:3;I1-I4:2;I1-I13:4;I2-I3:2;I2-I6:3;I2-I8:2;I2-I10:3;I2-I12:4;I3-I4:5;I3-I7:6;I4-I5:2;I4-I13:5;I5-I7:5;I6-I7:2;I6-I10:4;I6-I11:3;I8-I9:6;I8-I12:3;I9-I13:2;I10-I12:2;I12-I13:4,25368.000000,46749.959656,21381.959656,4.339524,10.103336,5.763812,5.162066,8.0,3.5,4.0,6.0,10.0,20.0,16.0,48.0,80.0,200.0,False,0.002,0.005,0.1,0.0,0.0,0.0,8000,4000,8,4,37.0,12,105.0,36.0,20.0,1520.000000,40,3,1,True,False,14,physical,2,42,57.146735,0.0
spanke_benes_rect_14x14,default,6-13-2-11-3-8-10-7-0-4-9-12-5-1,routed,14,14,0,0,130,21,8,I0-I1:2;I0-I4:3;I0-I7:6;I0-I12:5;I2-I3:2;I2-I4:8;I2-I8:3;I2-I13:3;I3-I6:3;I3-I11:4;I4-I5:2;I4-I9:6;I5-I7:7;I5-I10:6;I6-I10:7;I6-I11:4;I8-I9:2;I8-I13:2;I9-I10:2;I9-I12:4;I10-I11:4,25368.000000,46844.397711,21476.397711,4.365523,10.195336,5.829813,5.203057,8.0,3.5,4.0,6.0,10.0,20.0,16.0,48.0,80.0,200.0,False,0.002,0.005,0.1,0.0,0.0,0.0,8000,4000,8,4,37.0,12,105.0,36.0,20.0,1520.000000,43,3,1,True,False,14,physical,3,42,58.947441,0.0
spanke_benes_rect_14x14,default,4-8-6-2-7-12-0-1-3-11-5-9-10-13,routed,14,14,0,0,152,24,12,I0-I1:2;I0-I2:2;I0-I3:3;I0-I8:7;I0-I10:6;I1-I4:7;I1-I11:6;I2-I4:8;I2-I10:7;I3-I7:7;I3-I8:6;I4-I5:2;I4-I11:2;I5-I9:7;I5-I13:8;I6-I7:8;I7-I8:2;I8-I9:2;I8-I10:2;I9-I12:9;I9-I13:4;I10-I11:4;I11-I12:12;I12-I13:4,25368.000000,47759.698630,22391.698630,4.300858,11.037495,6.736637,5.630243,8.0,3.5,4.0,6.0,10.0,20.0,16.0,48.0,80.0,200.0,False,0.002,0.005,0.1,0.0,0.0,0.0,8000,4000,8,4,37.0,12,105.0,36.0,20.0,1520.000000,65,3,1,True,False,14,physical,4,42,94.950116,0.0
spanke_benes_rect_14x14,default,10-0-3-8-12-11-9-2-5-7-4-6-1-13,routed,14,14,0,0,137,24,8,I0-I5:4;I0-I6:5;I1-I2:4;I1-I7:6;I1-I12:2;I2-I3:4;I2-I7:7;I2-I8:2;I2-I10:6;I3-I5:2;I3-I6:4;I3-I9:5;I4-I5:7;I4-I13:8;I6-I13:2;I7-I12:3;I8-I9:2;I8-I10:5;I8-I11:6;I9-I11:5;I9-I13:2;I10-I11:2;I11-I13:2;I12-I13:2,25368.000000,47035.902152,21667.902152,4.326857,10.202209,5.875352,5.321843,8.0,3.5,4.0,6.0,10.0,20.0,16.0,48.0,80.0,200.0,False,0.002,0.005,0.1,0.0,0.0,0.0,8000,4000,8,4,37.0,12,105.0,36.0,20.0,1520.000000,46,3,1,True,False,14,physical,5,42,65.124668,0.0
spanke_benes_rect_14x14,default,0-6-5-1-4-12-13-7-11-3-8-2-10-9,routed,14,14,0,0,149,18,12,I0-I1:2;I0-I3:12;I1-I2:9;I1-I7:8;I2-I4:9;I2-I7:2;I3-I4:4;I3-I9:2;I3-I11:6;I4-I5:2;I4-I9:7;I5-I6:8;I5-I8:7;I7-I10:10;I8-I12:7;I9-I11:5;I10-I13:10;I12-I13:11,25368.000000,47186.472978,21818.472978,4.339524,10.579584,6.240060,5.498710,8.0,3.5,4.0,6.0,10.0,20.0,16.0,48.0,80.0,200.0,False,0.002,0.005,0.1,0.0,0.0,0.0,8000,4000,8,4,37.0,12,105.0,36.0,20.0,1520.000000,61,3,1,True,False,14,physical,6,42,91.876474,0.0
spanke_benes_rect_14x14,default,10-4-8-7-1-9-2-6-5-11-3-0-12-13,routed,14,14,0,0,148,21,18,I0-I5:5;I0-I9:6;I1-I3:2;I1-I6:3;I1-I8:6;I1-I10:5;I2-I3:7;I2-I5:6;I3-I7:5;I4-I5:2;I4-I6:8;I4-I11:3;I5-I9:6;I6-I7:2;I6-I10:4;I7-I8:7;I7-I9:2;I8-I9:2;I9-I12:12;I10-I12:2;I12-I13:18,25368.000000,47395.756134,22027.756134,4.326857,11.143132,6.816274,5.530751,8.0,3.5,4.0,6.0,10.0,20.0,16.0,48.0,80.0,200.0,False,0.002,0.005,0.1,0.0,0.0,0.0,8000,4000,8,4,37.0,12,105.0,36.0,20.0,1520.000000,54,3,1,True,False,14,physical,7,42,73.075292,0.0
spanke_benes_rect_14x14,default,0-1-11-8-13-9-5-3-12-4-2-7-10-6,routed,14,14,0,0,140,18,14,I0-I1:14;I1-I3:4;I1-I7:4;I1-I10:6;I2-I8:6;I2-I12:5;I3-I5:6;I3-I11:5;I4-I8:5;I5-I12:6;I6-I9:7;I6-I13:8;I7-I9:8;I7-I10:5;I8-I12:3;I10-I11:2;I11-I12:4;I11-I13:7,25368.000000,47028.384464,21660.384464,4.300858,10.436678,6.135820,5.357555,8.0,3.5,4.0,6.0,10.0,20.0,16.0,48.0,80.0,200.0,False,0.002,0.005,0.1,0.0,0.0,0.0,8000,4000,8,4,37.0,12,105.0,36.0,20.0,1520.000000,55,3,1,True,False,14,physical,8,42,85.026405,0.0
spanke_benes_rect_14x14,default,10-4-13-1-11-12-0-7-8-2-3-5-6-9,routed,14,14,0,0,132,18,8,I0-I1:3;I0-I4:4;I0-I13:3;I1-I3:3;I1-I10:7;I1-I11:6;I2-I5:3;I3-I6:7;I3-I9:8;I4-I5:6;I6-I7:2;I7-I8:6;I7-I12:5;I8-I13:6;I9-I10:6;I10-I11:2;I11-I12:8;I12-I13:4,25368.000000,46978.689748,21610.689748,4.326857,10.111755,5.784898,5.250099,8.0,3.5,4.0,6.0,10.0,20.0,16.0,48.0,80.0,200.0,False,0.002,0.005,0.1,0.0,0.0,0.0,8000,4000,8,4,37.0,12,105.0,36.0,20.0,1520.000000,45,3,1,True,False,14,physical,9,42,62.072752,0.0
padded_benes_16x16,default,8-13-7-6-14-12-5-2-9-3-4-11-0-1-10,failed,15,9,6,0,111,27,12,I0-I2:3;I0-I6:3;I0-I7:3;I0-I11:6;I0-I13:5;I0-I14:2;I2-I3:7;I2-I6:5;I2-I7:3;I2-I11:2;I3-I6:3;I3-I7:3;I3-I11:2;I6-I7:7;I6-I11:2;I6-I12:3;I6-I13:3;I6-I14:2;I7-I11:2;I7-I12:3;I7-I14:2;I11-I12:3;I11-I13:5;I11-I14:5;I12-I13:12;I12-I14:4;I13-I14:4,18671.000000,20386.712178,1715.712178,6.706763,9.179830,2.473067,1.762714,8.0,3.5,4.0,6.0,10.0,20.0,16.0,48.0,80.0,200.0,False,0.002,0.005,0.1,0.0,0.0,0.0,8000,4000,8,4,37.0,12,105.0,36.0,20.0,785.000000,77,3,3,True,True,15,physical,0,42,191.684323,0.4
padded_benes_16x16,default,2-12-9-7-4-6-5-10-13-8-11-3-1-14-0,failed,15,8,7,0,77,22,6,I0-I2:2;I0-I4:4;I0-I5:4;I0-I10:2;I0-I11:4;I2-I4:3;I2-I5:3;I2-I9:5;I2-I10:2;I4-I5:6;I4-I9:2;I4-I10:2;I4-I12:3;I5-I9:2;I5-I10:2;I5-I11:3;I5-I12:3;I9-I10:4;I9-I11:3;I9-I12:3;I10-I11:5;I11-I12:5,18671.000000,17339.260876,-1331.739124,6.455430,8.626161,2.170731,1.027190,8.0,3.5,4.0,6.0,10.0,20.0,16.0,48.0,80.0,200.0,False,0.002,0.005,0.1,0.0,0.0,0.0,8000,4000,8,4,37.0,12,105.0,36.0,20.0,785.000000,77,3,3,True,True,15,physical,1,42,146.802115,0.4666666666666667
padded_benes_16x16,default,7-8-3-11-10-14-1-13-5-6-2-0-12-4-9,failed,15,8,7,0,84,21,10,I0-I1:2;I0-I3:2;I0-I7:2;I0-I8:5;I0-I9:5;I1-I3:6;I1-I7:4;I1-I8:3;I1-I12:2;I3-I6:3;I3-I7:4;I3-I12:2;I6-I7:6;I6-I8:2;I6-I9:2;I6-I12:2;I7-I8:3;I7-I12:7;I8-I9:10;I8-I12:2;I9-I12:4,18551.000000,17952.822821,-598.177179,6.322763,8.923748,2.600986,1.453956,8.0,3.5,4.0,6.0,10.0,20.0,16.0,48.0,80.0,200.0,False,0.002,0.005,0.1,0.0,0.0,0.0,8000,4000,8,4,37.0,12,105.0,36.0,20.0,785.000000,66,3,3,True,True,15,physical,2,42,127.356479,0.4666666666666667
padded_benes_16x16,default,12-8-6-2-10-11-3-14-7-0-4-9-13-5-1,failed,15,7,8,0,58,17,5,I2-I3:5;I2-I5:2;I2-I8:4;I2-I11:2;I2-I13:5;I3-I5:2;I3-I8:2;I3-I11:2;I3-I13:2;I5-I11:3;I5-I12:2;I8-I11:4;I8-I12:2;I8-I13:5;I11-I12:4;I11-I13:5;I12-I13:5,18551.000000,16854.933464,-1696.066536,6.850763,8.799411,1.948648,1.286695,8.0,3.5,4.0,6.0,10.0,20.0,16.0,48.0,80.0,200.0,False,0.002,0.005,0.1,0.0,0.0,0.0,8000,4000,8,4,37.0,12,105.0,36.0,20.0,785.000000,102,3,3,True,True,15,physical,3,42,215.436295,0.5333333333333333
padded_benes_16x16,default,8-2-5-14-10-7-6-12-4-13-0-1-11-3-9,failed,15,6,9,0,43,13,4,I1-I2:4;I1-I6:4;I1-I7:2;I1-I12:2;I2-I6:4;I2-I7:4;I2-I11:3;I2-I12:2;I6-I7:4;I6-I11:3;I6-I12:2;I7-I12:3;I11-I12:4,18527.000000,13324.066235,-5202.933765,6.422763,7.297913,0.875150,0.586189,8.0,3.5,4.0,6.0,10.0,20.0,16.0,48.0,80.0,200.0,False,0.002,0.005,0.1,0.0,0.0,0.0,8000,4000,8,4,37.0,12,105.0,36.0,20.0,785.000000,89,3,3,True,True,15,physical,4,42,127.879345,0.6
padded_benes_16x16,default,8-7-11-1-0-6-9-4-3-14-12-2-5-13-10,failed,15,8,7,0,80,23,7,I0-I1:3;I0-I3:3;I0-I5:3;I0-I6:6;I0-I8:3;I0-I9:4;I0-I13:2;I1-I3:5;I1-I5:5;I1-I6:2;I3-I5:4;I3-I6:4;I3-I8:2;I3-I9:2;I5-I6:2;I5-I8:3;I5-I9:2;I5-I13:2;I6-I9:2;I6-I13:2;I8-I9:6;I8-I13:4;I9-I13:7,18455.000000,16722.181243,-1732.818757,6.517429,7.577665,1.060237,1.016420,8.0,3.5,4.0,6.0,10.0,20.0,16.0,48.0,80.0,200.0,False,0.002,0.005,0.1,0.0,0.0,0.0,8000,4000,8,4,37.0,12,105.0,36.0,20.0,785.000000,89,3,3,True,True,15,physical,5,42,193.134966,0.4666666666666667
padded_benes_16x16,default,9-14-11-13-1-0-12-5-3-8-10-4-6-7-2,failed,15,7,8,0,70,17,11,I3-I4:7;I3-I5:3;I3-I7:7;I3-I8:3;I3-I10:3;I4-I5:11;I4-I7:4;I4-I8:2;I4-I9:2;I4-I10:2;I5-I7:8;I5-I8:2;I5-I9:2;I7-I9:2;I7-I10:2;I8-I9:2;I9-I10:6,18767.000000,16655.765317,-2111.234683,6.527430,8.437706,1.910276,1.534933,8.0,3.5,4.0,6.0,10.0,20.0,16.0,48.0,80.0,200.0,False,0.002,0.005,0.1,0.0,0.0,0.0,8000,4000,8,4,37.0,12,105.0,36.0,20.0,785.000000,98,3,3,True,True,15,physical,6,42,188.326696,0.5333333333333333
padded_benes_16x16,default,14-8-0-2-13-11-10-6-7-12-5-9-3-1-4,failed,15,6,9,0,43,13,4,I1-I3:3;I1-I7:3;I1-I11:4;I3-I7:4;I3-I8:2;I3-I11:2;I3-I12:4;I7-I8:4;I7-I11:2;I7-I12:3;I8-I11:4;I8-I12:3;I11-I12:3,18551.000000,13143.380400,-5407.619600,6.850763,7.392249,0.541487,0.319127,8.0,3.5,4.0,6.0,10.0,20.0,16.0,48.0,80.0,200.0,False,0.002,0.005,0.1,0.0,0.0,0.0,8000,4000,8,4,37.0,12,105.0,36.0,20.0,785.000000,74,3,3,True,True,15,physical,7,42,132.861882,0.6
padded_benes_16x16,default,7-2-0-3-14-12-1-5-10-6-9-4-13-8-11,failed,15,8,7,0,93,26,7,I1-I2:3;I1-I3:6;I1-I5:2;I1-I9:4;I1-I14:2;I2-I3:6;I2-I5:2;I2-I7:6;I2-I9:2;I2-I10:2;I2-I14:2;I3-I5:2;I3-I7:6;I3-I9:2;I3-I10:2;I3-I14:4;I5-I7:7;I5-I9:3;I5-I10:5;I5-I14:3;I7-I9:4;I7-I10:2;I7-I14:2;I9-I10:4;I9-I14:4;I10-I14:6,18671.000000,18845.216619,174.216619,6.463430,8.694999,2.231570,1.840929,8.0,3.5,4.0,6.0,10.0,20.0,16.0,48.0,80.0,200.0,False,0.002,0.005,0.1,0.0,0.0,0.0,8000,4000,8,4,37.0,12,105.0,36.0,20.0,785.000000,94,3,3,True,True,15,physical,8,42,217.261899,0.4666666666666667
padded_benes_16x16,default,8-0-5-11-7-4-3-9-14-6-12-10-2-1-13,failed,15,7,8,0,60,17,6,I0-I1:3;I0-I4:3;I0-I7:4;I0-I11:6;I0-I14:2;I1-I4:4;I1-I5:2;I1-I7:4;I4-I5:5;I4-I7:4;I4-I11:2;I5-I7:4;I5-I11:2;I5-I14:2;I7-I11:4;I7-I14:2;I11-I14:6,18455.000000,15278.729941,-3176.270059,6.668097,8.023329,1.355232,0.990351,8.0,3.5,4.0,6.0,10.0,20.0,16.0,48.0,80.0,200.0,False,0.002,0.005,0.1,0.0,0.0,0.0,8000,4000,8,4,37.0,12,105.0,36.0,20.0,785.000000,86,3,3,True,True,15,physical,9,42,167.385114,0.5333333333333333
waksman_15x15,default,8-13-7-6-14-12-5-2-9-3-4-11-0-1-10,failed,15,7,8,0,57,13,7,I0-I4:4;I0-I11:4;I0-I14:2;I4-I6:3;I4-I14:3;I6-I10:3;I6-I14:2;I10-I11:4;I10-I13:7;I10-I14:4;I11-I13:3;I11-I14:5;I13-I14:6,17323.000000,15071.021978,-2251.978022,6.086763,6.864653,0.777890,1.025578,8.0,3.5,4.0,6.0,10.0,20.0,16.0,48.0,80.0,200.0,False,0.002,0.005,0.1,0.0,0.0,0.0,8000,4000,8,4,37.0,12,105.0,36.0,20.0,785.000000,79,3,3,True,True,15,physical,0,42,117.503328,0.5333333333333333
waksman_15x15,default,2-12-9-7-4-6-5-10-13-8-11-3-1-14-0,failed,15,7,8,0,40,10,5,I1-I13:4;I2-I5:3;I2-I9:5;I4-I5:4;I4-I9:2;I5-I9:2;I5-I12:3;I9-I12:3;I9-I13:2;I12-I13:4,17323.000000,13393.694566,-3929.305434,6.699430,6.218085,-0.481345,0.145770,8.0,3.5,4.0,6.0,10.0,20.0,16.0,48.0,80.0,200.0,False,0.002,0.005,0.1,0.0,0.0,0.0,8000,4000,8,4,37.0,12,105.0,36.0,20.0,785.000000,65,3,3,True,True,15,physical,1,42,97.919831,0.5333333333333333
waksman_15x15,default,7-8-3-11-10-14-1-13-5-6-2-0-12-4-9,failed,15,7,8,0,52,14,5,I1-I3:4;I1-I7:4;I1-I12:2;I1-I14:4;I3-I7:4;I3-I12:2;I3-I14:5;I7-I12:3;I8-I9:2;I8-I12:2;I8-I14:2;I9-I12:2;I9-I14:4;I12-I14:5,17323.000000,13736.672437,-3586.327563,6.358763,6.802069,0.443306,0.797335,8.0,3.5,4.0,6.0,10.0,20.0,16.0,48.0,80.0,200.0,False,0.002,0.005,0.1,0.0,0.0,0.0,8000,4000,8,4,37.0,12,105.0,36.0,20.0,785.000000,66,3,3,True,True,15,physical,2,42,115.570207,0.5333333333333333
waksman_15x15,default,12-8-6-2-10-11-3-14-7-0-4-9-13-5-1,failed,15,8,7,0,80,24,8,I3-I6:8;I3-I8:2;I3-I10:4;I3-I11:2;I3-I14:3;I5-I6:3;I5-I11:3;I5-I12:2;I5-I14:3;I6-I8:4;I6-I10:2;I6-I11:2;I6-I12:2;I6-I14:3;I8-I10:3;I8-I11:4;I8-I12:2;I8-I14:3;I10-I11:6;I10-I12:2;I10-I14:5;I11-I12:2;I11-I14:5;I12-I14:3,17323.000000,16932.079482,-390.920518,6.618096,7.872290,1.254195,1.145270,8.0,3.5,4.0,6.0,10.0,20.0,16.0,48.0,80.0,200.0,False,0.002,0.005,0.1,0.0,0.0,0.0,8000,4000,8,4,37.0,12,105.0,36.0,20.0,785.000000,87,3,3,True,True,15,physical,3,42,170.301242,0.4666666666666667
waksman_15x15,default,8-2-5-14-10-7-6-12-4-13-0-1-11-3-9,failed,15,6,9,0,34,10,5,I1-I6:4;I1-I12:2;I4-I6:3;I4-I9:2;I4-I12:4;I6-I9:2;I6-I11:3;I6-I12:2;I9-I11:5;I11-I12:4,17323.000000,12564.110492,-4758.889508,6.646096,7.105706,0.459611,0.523870,8.0,3.5,4.0,6.0,10.0,20.0,16.0,48.0,80.0,200.0,False,0.002,0.005,0.1,0.0,0.0,0.0,8000,4000,8,4,37.0,12,105.0,36.0,20.0,785.000000,73,3,3,True,True,15,physical,4,42,145.988276,0.6
waksman_15x15,default,8-7-11-1-0-6-9-4-3-14-12-2-5-13-10,failed,15,7,8,0,54,17,5,I0-I3:3;I0-I4:3;I0-I6:4;I0-I13:2;I0-I14:4;I3-I4:5;I3-I12:4;I3-I14:2;I4-I6:4;I4-I12:2;I4-I13:2;I4-I14:2;I6-I13:2;I6-I14:2;I12-I13:4;I12-I14:4;I13-I14:3,17323.000000,13600.964474,-3722.035526,6.714763,6.488710,-0.226053,0.562847,8.0,3.5,4.0,6.0,10.0,20.0,16.0,48.0,80.0,200.0,False,0.002,0.005,0.1,0.0,0.0,0.0,8000,4000,8,4,37.0,12,105.0,36.0,20.0,785.000000,91,3,3,True,True,15,physical,5,42,188.832199,0.5333333333333333
waksman_15x15,default,9-14-11-13-1-0-12-5-3-8-10-4-6-7-2,failed,15,7,8,0,50,10,6,I0-I2:4;I0-I3:6;I0-I10:4;I2-I3:4;I2-I10:5;I7-I11:3;I7-I13:4;I10-I11:3;I10-I13:3;I11-I13:4,17323.000000,14683.021978,-2639.978022,6.105129,6.587702,0.482573,0.822149,8.0,3.5,4.0,6.0,10.0,20.0,16.0,48.0,80.0,200.0,False,0.002,0.005,0.1,0.0,0.0,0.0,8000,4000,8,4,37.0,12,105.0,36.0,20.0,785.000000,83,3,3,True,True,15,physical,6,42,112.778983,0.5333333333333333
waksman_15x15,default,14-8-0-2-13-11-10-6-7-12-5-9-3-1-4,failed,15,7,8,0,58,16,8,I2-I3:2;I2-I7:4;I2-I11:2;I2-I14:2;I3-I5:2;I3-I7:4;I3-I10:2;I3-I11:2;I3-I14:2;I5-I7:5;I7-I10:3;I7-I11:2;I7-I14:5;I10-I11:8;I10-I14:7;I11-I14:3,17323.000000,14994.831702,-2328.168298,6.658763,8.159081,1.500319,1.034523,8.0,3.5,4.0,6.0,10.0,20.0,16.0,48.0,80.0,200.0,False,0.002,0.005,0.1,0.0,0.0,0.0,8000,4000,8,4,37.0,12,105.0,36.0,20.0,785.000000,65,3,3,True,True,15,physical,7,42,135.531625,0.5333333333333333
waksman_15x15,default,7-2-0-3-14-12-1-5-10-6-9-4-13-8-11,failed,15,9,6,0,76,27,6,I0-I2:3;I0-I5:2;I0-I9:5;I0-I10:2;I0-I13:2;I1-I2:3;I1-I3:2;I1-I5:2;I1-I9:2;I1-I10:2;I1-I13:2;I2-I3:6;I2-I5:2;I2-I9:2;I2-I10:2;I2-I13:2;I3-I5:2;I3-I9:2;I3-I10:2;I3-I13:2;I5-I12:2;I9-I10:4;I9-I12:2;I9-I13:4;I10-I12:2;I10-I13:5;I12-I13:3,17323.000000,17317.079482,-5.920518,6.750763,7.599582,0.848820,0.776240,8.0,3.5,4.0,6.0,10.0,20.0,16.0,48.0,80.0,200.0,False,0.002,0.005,0.1,0.0,0.0,0.0,8000,4000,8,4,37.0,12,105.0,36.0,20.0,785.000000,79,3,3,True,True,15,physical,8,42,158.440708,0.4
waksman_15x15,default,8-0-5-11-7-4-3-9-14-6-12-10-2-1-13,failed,15,7,8,0,55,18,7,I1-I3:2;I1-I5:4;I1-I7:2;I1-I9:2;I1-I11:2;I3-I5:3;I3-I7:7;I3-I11:3;I3-I14:2;I5-I7:4;I5-I9:4;I5-I11:2;I5-I14:2;I7-I11:4;I7-I14:2;I9-I11:4;I9-I14:2;I11-I14:2,17323.000000,15122.539666,-2200.460334,6.868097,7.227920,0.359823,0.977011,8.0,3.5,4.0,6.0,10.0,20.0,16.0,48.0,80.0,200.0,False,0.002,0.005,0.1,0.0,0.0,0.0,8000,4000,8,4,37.0,12,105.0,36.0,20.0,785.000000,85,3,3,True,True,15,physical,9,42,158.606070,0.5333333333333333
spanke_benes_15x15,default,8-13-7-6-14-12-5-2-9-3-4-11-0-1-10,routed,15,15,0,0,140,15,11,I0-I1:4;I0-I2:11;I0-I5:2;I0-I8:6;I1-I4:2;I2-I3:11;I3-I6:7;I6-I7:3;I6-I10:5;I7-I9:8;I7-I13:3;I8-I11:2;I8-I14:2;I9-I10:6;I12-I13:4,48071.000000,71742.605599,23671.605599,7.406356,15.242244,7.835888,5.320547,8.0,3.5,4.0,6.0,10.0,20.0,16.0,48.0,80.0,200.0,False,0.002,0.005,0.1,0.0,0.0,0.0,8000,4000,8,4,37.0,12,105.0,36.0,20.0,2885.000000,41,3,1,True,False,15,physical,0,42,100.859014,0.0
spanke_benes_15x15,default,2-12-9-7-4-6-5-10-13-8-11-3-1-14-0,routed,15,15,0,0,154,20,14,I0-I1:2;I0-I2:2;I0-I3:2;I0-I4:14;I0-I11:4;I0-I12:3;I1-I7:3;I1-I8:4;I1-I10:3;I2-I3:5;I2-I7:8;I2-I9:5;I3-I5:11;I3-I9:6;I4-I5:2;I4-I6:12;I4-I11:3;I5-I6:11;I7-I10:4;I8-I13:2,48071.000000,71908.972903,23837.972903,7.606289,16.361263,8.754973,5.505730,8.0,3.5,4.0,6.0,10.0,20.0,16.0,48.0,80.0,200.0,False,0.002,0.005,0.1,0.0,0.0,0.0,8000,4000,8,4,37.0,12,105.0,36.0,20.0,2885.000000,50,3,1,True,False,15,physical,1,42,98.794292,0.0
spanke_benes_15x15,default,7-8-3-11-10-14-1-13-5-6-2-0-12-4-9,routed,15,15,0,0,152,18,14,I0-I1:14;I0-I2:9;I0-I9:5;I1-I3:2;I1-I4:8;I1-I14:2;I2-I6:7;I2-I8:6;I2-I10:7;I2-I13:4;I3-I4:7;I3-I5:2;I3-I7:2;I3-I12:2;I6-I10:8;I6-I11:7;I8-I9:6;I8-I13:3,48071.000000,72310.256058,24239.256058,7.540656,16.230001,8.689345,5.547901,8.0,3.5,4.0,6.0,10.0,20.0,16.0,48.0,80.0,200.0,False,0.002,0.005,0.1,0.0,0.0,0.0,8000,4000,8,4,37.0,12,105.0,36.0,20.0,2885.000000,56,3,1,True,False,15,physical,2,42,134.547481,0.0
spanke_benes_15x15,default,12-8-6-2-10-11-3-14-7-0-4-9-13-5-1,routed,15,15,0,0,149,18,14,I0-I5:5;I0-I7:2;I0-I12:2;I1-I2:7;I1-I4:6;I1-I8:5;I1-I11:4;I2-I3:5;I2-I6:5;I2-I8:6;I2-I10:5;I3-I6:14;I3-I9:9;I4-I5:6;I4-I11:3;I6-I10:8;I9-I14:2;I10-I13:2,48071.000000,71955.176426,23884.176426,7.540656,15.986213,8.445557,5.453890,8.0,3.5,4.0,6.0,10.0,20.0,16.0,48.0,80.0,200.0,False,0.002,0.005,0.1,0.0,0.0,0.0,8000,4000,8,4,37.0,12,105.0,36.0,20.0,2885.000000,48,3,1,True,False,15,physical,3,42,100.768057,0.0
spanke_benes_15x15,default,8-2-5-14-10-7-6-12-4-13-0-1-11-3-9,routed,15,15,0,0,153,18,12,I0-I2:5;I0-I3:2;I0-I4:8;I0-I5:9;I0-I14:2;I1-I2:12;I1-I8:6;I1-I11:7;I1-I13:4;I2-I5:2;I2-I6:10;I2-I8:7;I4-I7:4;I4-I12:2;I5-I6:9;I7-I9:2;I8-I13:3;I10-I11:8,48071.000000,72003.074664,23932.074664,7.671923,17.136312,9.464389,5.509277,8.0,3.5,4.0,6.0,10.0,20.0,16.0,48.0,80.0,200.0,False,0.002,0.005,0.1,0.0,0.0,0.0,8000,4000,8,4,37.0,12,105.0,36.0,20.0,2885.000000,53,3,1,True,False,15,physical,4,42,123.333993,0.0
spanke_benes_15x15,default,8-7-11-1-0-6-9-4-3-14-12-2-5-13-10,failed,15,14,1,0,153,19,21,I1-I5:11;I2-I6:7;I2-I9:2;I2-I10:4;I3-I4:21;I3-I5:4;I3-I7:2;I3-I8:6;I3-I11:10;I4-I7:2;I4-I8:6;I4-I11:8;I5-I7:5;I5-I12:5;I6-I14:4;I7-I8:11;I7-I12:6;I8-I11:7;I10-I13:2,48071.000000,67297.756134,19226.756134,7.734522,17.968327,10.233805,5.687322,8.0,3.5,4.0,6.0,10.0,20.0,16.0,48.0,80.0,200.0,False,0.002,0.005,0.1,0.0,0.0,0.0,8000,4000,8,4,37.0,12,105.0,36.0,20.0,2885.000000,74,3,3,True,True,15,physical,5,42,190.960818,0.06666666666666667
spanke_benes_15x15,default,9-14-11-13-1-0-12-5-3-8-10-4-6-7-2,routed,15,15,0,0,159,19,19,I0-I1:2;I0-I2:6;I0-I4:3;I0-I9:3;I0-I10:2;I2-I3:2;I2-I6:2;I4-I5:19;I4-I7:2;I4-I8:12;I4-I14:4;I5-I8:12;I5-I14:2;I7-I8:5;I7-I9:4;I7-I11:5;I7-I12:4;I8-I11:6;I12-I13:2,48071.000000,72258.167544,24187.167544,7.668889,17.445278,9.776389,5.643622,8.0,3.5,4.0,6.0,10.0,20.0,16.0,48.0,80.0,200.0,False,0.002,0.005,0.1,0.0,0.0,0.0,8000,4000,8,4,37.0,12,105.0,36.0,20.0,2885.000000,47,3,1,True,False,15,physical,6,42,109.311635,0.0
spanke_benes_15x15,default,14-8-0-2-13-11-10-6-7-12-5-9-3-1-4,routed,15,15,0,0,144,18,20,I1-I3:7;I1-I4:2;I1-I5:2;I1-I6:4;I1-I8:5;I1-I11:2;I2-I3:20;I2-I13:4;I3-I7:6;I3-I10:4;I3-I12:4;I3-I13:3;I3-I14:2;I5-I6:3;I5-I9:2;I7-I8:6;I7-I10:3;I12-I14:2,48071.000000,71784.941893,23713.941893,7.803189,18.526410,10.723221,5.374192,8.0,3.5,4.0,6.0,10.0,20.0,16.0,48.0,80.0,200.0,False,0.002,0.005,0.1,0.0,0.0,0.0,8000,4000,8,4,37.0,12,105.0,36.0,20.0,2885.000000,40,3,1,True,False,15,physical,7,42,78.567626,0.0
spanke_benes_15x15,default,7-2-0-3-14-12-1-5-10-6-9-4-13-8-11,routed,15,15,0,0,178,22,22,I0-I3:5;I0-I4:2;I0-I5:2;I0-I7:3;I0-I8:2;I0-I9:9;I0-I10:4;I0-I13:6;I1-I2:7;I1-I3:22;I1-I6:19;I1-I11:2;I2-I6:18;I3-I7:8;I3-I11:8;I5-I8:3;I5-I12:2;I7-I9:10;I7-I11:7;I8-I10:5;I8-I14:2;I10-I13:3,48071.000000,72951.499472,24880.499472,7.800155,19.686704,11.886549,5.954400,8.0,3.5,4.0,6.0,10.0,20.0,16.0,48.0,80.0,200.0,False,0.002,0.005,0.1,0.0,0.0,0.0,8000,4000,8,4,37.0,12,105.0,36.0,20.0,2885.000000,74,3,1,True,False,15,physical,8,42,186.084444,0.0
spanke_benes_15x15,default,8-0-5-11-7-4-3-9-14-6-12-10-2-1-13,failed,15,14,1,0,149,21,13,I0-I2:3;I0-I3:2;I0-I4:11;I0-I7:10;I0-I11:2;I1-I2:6;I1-I5:2;I1-I6:12;I1-I12:2;I2-I4:6;I2-I5:13;I2-I9:8;I3-I7:5;I3-I8:2;I3-I10:4;I3-I11:3;I4-I9:7;I5-I6:13;I6-I12:3;I7-I11:6;I10-I14:2,48071.000000,67240.428721,19169.428721,7.671923,16.949728,9.277805,5.592847,8.0,3.5,4.0,6.0,10.0,20.0,16.0,48.0,80.0,200.0,False,0.002,0.005,0.1,0.0,0.0,0.0,8000,4000,8,4,37.0,12,105.0,36.0,20.0,2885.000000,66,3,4,True,True,15,physical,9,42,153.740200,0.06666666666666667
spanke_benes_rect_15x15,default,8-13-7-6-14-12-5-2-9-3-4-11-0-1-10,routed,15,15,0,0,140,19,9,I0-I1:2;I0-I2:5;I0-I8:6;I1-I4:2;I1-I5:3;I2-I3:7;I2-I5:2;I3-I6:3;I4-I5:3;I5-I11:3;I6-I8:2;I6-I10:5;I7-I9:6;I8-I14:8;I9-I10:4;I10-I11:2;I11-I14:9;I12-I13:4;I13-I14:2,29171.000000,53466.618846,24295.618846,4.692489,10.673374,5.980885,5.417416,8.0,3.5,4.0,6.0,10.0,20.0,16.0,48.0,80.0,200.0,False,0.002,0.005,0.1,0.0,0.0,0.0,8000,4000,8,4,37.0,12,105.0,36.0,20.0,1625.000000,40,3,1,True,False,15,physical,0,42,60.341929,0.0
spanke_benes_rect_15x15,default,2-12-9-7-4-6-5-10-13-8-11-3-1-14-0,routed,15,15,0,0,156,22,12,I0-I1:2;I0-I3:2;I0-I4:6;I0-I11:4;I1-I8:4;I1-I10:3;I2-I7:6;I2-I9:7;I3-I5:7;I3-I9:6;I4-I5:2;I4-I6:8;I4-I11:3;I5-I6:7;I5-I9:2;I6-I7:2;I7-I9:3;I7-I10:10;I8-I10:7;I8-I13:12;I10-I13:2;I12-I13:2,29171.000000,53998.313562,24827.313562,4.692489,11.000097,6.307607,5.688642,8.0,3.5,4.0,6.0,10.0,20.0,16.0,48.0,80.0,200.0,False,0.002,0.005,0.1,0.0,0.0,0.0,8000,4000,8,4,37.0,12,105.0,36.0,20.0,1625.000000,57,3,1,True,False,15,physical,1,42,90.352151,0.0
spanke_benes_rect_15x15,default,7-8-3-11-10-14-1-13-5-6-2-0-12-4-9,routed,15,15,0,0,154,25,8,I0-I1:8;I0-I2:3;I0-I9:5;I1-I4:2;I1-I14:6;I2-I3:2;I2-I6:3;I2-I8:2;I2-I10:5;I2-I13:4;I3-I4:7;I3-I12:6;I4-I5:2;I4-I14:5;I5-I7:5;I6-I7:2;I6-I10:4;I6-I11:5;I7-I12:7;I8-I9:6;I8-I13:5;I9-I14:2;I10-I13:2;I12-I14:7;I13-I14:2,29171.000000,54049.145415,24878.145415,4.615158,10.849842,6.234685,5.671419,8.0,3.5,4.0,6.0,10.0,20.0,16.0,48.0,80.0,200.0,False,0.002,0.005,0.1,0.0,0.0,0.0,8000,4000,8,4,37.0,12,105.0,36.0,20.0,1625.000000,56,3,1,True,False,15,physical,2,42,90.645141,0.0
spanke_benes_rect_15x15,default,12-8-6-2-10-11-3-14-7-0-4-9-13-5-1,routed,15,15,0,0,151,21,8,I0-I5:3;I0-I12:4;I1-I8:5;I1-I11:6;I2-I3:3;I2-I4:2;I2-I8:6;I2-I13:5;I3-I6:8;I3-I9:5;I4-I5:8;I4-I11:5;I5-I12:4;I6-I7:2;I6-I10:6;I7-I12:7;I8-I11:2;I9-I14:2;I10-I11:2;I10-I13:6;I11-I12:6,29171.000000,53931.831250,24760.831250,4.653823,11.084138,6.430314,5.618778,8.0,3.5,4.0,6.0,10.0,20.0,16.0,48.0,80.0,200.0,False,0.002,0.005,0.1,0.0,0.0,0.0,8000,4000,8,4,37.0,12,105.0,36.0,20.0,1625.000000,52,3,1,True,False,15,physical,3,42,78.001280,0.0
spanke_benes_rect_15x15,default,8-2-5-14-10-7-6-12-4-13-0-1-11-3-9,routed,15,15,0,0,153,23,8,I0-I5:7;I0-I14:8;I1-I2:6;I1-I8:2;I1-I11:3;I1-I13:4;I2-I3:2;I2-I5:2;I2-I6:6;I2-I8:5;I3-I9:3;I4-I12:8;I4-I14:7;I5-I6:7;I6-I7:2;I7-I9:8;I7-I12:7;I8-I9:2;I8-I13:3;I10-I11:6;I11-I13:2;I12-I14:3;I13-I14:2,29171.000000,53896.313562,24725.313562,4.653823,10.787629,6.133805,5.635042,8.0,3.5,4.0,6.0,10.0,20.0,16.0,48.0,80.0,200.0,False,0.002,0.005,0.1,0.0,0.0,0.0,8000,4000,8,4,37.0,12,105.0,36.0,20.0,1625.000000,55,3,1,True,False,15,physical,4,42,91.179730,0.0
spanke_benes_rect_15x15,default,8-7-11-1-0-6-9-4-3-14-12-2-5-13-10,routed,15,15,0,0,175,23,12,I0-I1:7;I0-I6:8;I1-I5:7;I2-I10:8;I2-I14:7;I3-I4:11;I3-I7:2;I3-I8:2;I3-I11:6;I4-I5:2;I4-I8:2;I4-I11:6;I5-I6:2;I5-I12:7;I6-I14:10;I7-I8:7;I7-I12:8;I8-I9:2;I8-I11:7;I9-I13:9;I10-I13:12;I10-I14:5;I12-I13:2,29171.000000,54546.694113,25375.694113,4.602490,11.513004,6.910513,6.005093,8.0,3.5,4.0,6.0,10.0,20.0,16.0,48.0,80.0,200.0,False,0.002,0.005,0.1,0.0,0.0,0.0,8000,4000,8,4,37.0,12,105.0,36.0,20.0,1625.000000,71,3,1,True,False,15,physical,5,42,136.546155,0.0
spanke_benes_rect_15x15,default,9-14-11-13-1-0-12-5-3-8-10-4-6-7-2,routed,15,15,0,0,151,23,11,I0-I1:2;I0-I2:2;I0-I9:3;I0-I10:2;I2-I3:2;I2-I6:2;I2-I10:3;I3-I6:3;I4-I5:11;I4-I7:2;I4-I8:6;I4-I14:2;I5-I8:6;I5-I14:2;I6-I10:3;I7-I11:7;I7-I12:6;I8-I9:2;I8-I11:6;I8-I14:3;I9-I10:4;I9-I13:5;I12-I13:8,29171.000000,53946.428571,24775.428571,4.641156,11.381594,6.740438,5.633057,8.0,3.5,4.0,6.0,10.0,20.0,16.0,48.0,80.0,200.0,False,0.002,0.005,0.1,0.0,0.0,0.0,8000,4000,8,4,37.0,12,105.0,36.0,20.0,1625.000000,51,3,1,True,False,15,physical,6,42,90.695267,0.0
spanke_benes_rect_15x15,default,14-8-0-2-13-11-10-6-7-12-5-9-3-1-4,routed,15,15,0,0,142,20,10,I1-I8:5;I1-I11:6;I2-I3:10;I2-I13:4;I3-I5:2;I3-I7:4;I3-I10:2;I3-I12:4;I3-I13:3;I4-I9:5;I5-I6:5;I5-I9:4;I6-I9:2;I6-I11:5;I7-I8:6;I7-I10:3;I8-I9:2;I10-I11:2;I10-I14:3;I12-I14:4,29171.000000,53561.933011,24390.933011,4.692489,10.861891,6.169402,5.453791,8.0,3.5,4.0,6.0,10.0,20.0,16.0,48.0,80.0,200.0,False,0.002,0.005,0.1,0.0,0.0,0.0,8000,4000,8,4,37.0,12,105.0,36.0,20.0,1625.000000,44,3,1,True,False,15,physical,7,42,67.047922,0.0
spanke_benes_rect_15x15,default,7-2-0-3-14-12-1-5-10-6-9-4-13-8-11,routed,15,15,0,0,176,22,12,I0-I9:9;I0-I13:8;I1-I2:3;I1-I3:12;I1-I6:11;I2-I3:2;I2-I6:10;I3-I5:2;I3-I7:2;I3-I11:8;I4-I12:5;I5-I12:6;I5-I14:5;I6-I7:2;I7-I9:10;I7-I11:9;I8-I10:9;I8-I14:10;I9-I13:2;I10-I13:11;I10-I14:2;I12-I14:9,29171.000000,54813.468462,25642.468462,4.602490,11.179176,6.576686,6.047662,8.0,3.5,4.0,6.0,10.0,20.0,16.0,48.0,80.0,200.0,False,0.002,0.005,0.1,0.0,0.0,0.0,8000,4000,8,4,37.0,12,105.0,36.0,20.0,1625.000000,75,3,1,True,False,15,physical,8,42,128.984619,0.0
spanke_benes_rect_15x15,default,8-0-5-11-7-4-3-9-14-6-12-10-2-1-13,routed,15,15,0,0,165,22,12,I0-I4:7;I0-I7:8;I1-I2:2;I1-I5:2;I1-I6:6;I1-I13:4;I2-I3:2;I2-I5:9;I2-I9:8;I3-I10:8;I3-I11:7;I4-I7:2;I4-I9:9;I5-I6:7;I6-I7:2;I6-I12:3;I7-I11:10;I8-I14:9;I10-I11:5;I10-I14:12;I12-I13:3;I12-I14:2,29171.000000,54120.154297,24949.154297,4.692489,11.259547,6.567058,5.811554,8.0,3.5,4.0,6.0,10.0,20.0,16.0,48.0,80.0,200.0,False,0.002,0.005,0.1,0.0,0.0,0.0,8000,4000,8,4,37.0,12,105.0,36.0,20.0,1625.000000,63,3,1,True,False,15,physical,9,42,107.887344,0.0
padded_benes_16x16,default,7-9-5-6-14-10-12-8-1-2-13-15-4-11-0-3,failed,16,8,8,0,70,20,8,I0-I1:2;I0-I3:3;I0-I12:3;I0-I13:2;I1-I3:3;I1-I5:4;I1-I10:2;I1-I13:2;I3-I5:2;I3-I10:4;I3-I12:3;I3-I13:2;I5-I10:2;I5-I13:4;I8-I10:4;I8-I12:8;I8-I13:2;I10-I12:3;I10-I13:5;I12-I13:4,19920.000000,17819.698931,-2100.301069,6.522763,8.153453,1.630690,0.964925,8.0,3.5,4.0,6.0,10.0,20.0,16.0,48.0,80.0,200.0,False,0.002,0.005,0.1,0.0,0.0,0.0,8000,4000,8,4,37.0,12,105.0,36.0,20.0,785.000000,88,3,3,True,True,16,physical,0,42,168.200900,0.5
padded_benes_16x16,default,5-1-13-12-2-4-15-10-6-11-3-14-0-9-8-7,failed,16,7,9,0,76,18,9,I1-I4:4;I1-I5:2;I1-I9:2;I1-I10:4;I4-I5:4;I4-I8:2;I4-I9:2;I4-I10:6;I5-I8:6;I5-I9:2;I5-I10:7;I5-I13:2;I8-I9:6;I8-I10:9;I8-I13:2;I9-I10:9;I9-I13:5;I10-I13:2,19920.000000,16088.933464,-3831.066536,6.566096,9.724704,3.158608,1.483838,8.0,3.5,4.0,6.0,10.0,20.0,16.0,48.0,80.0,200.0,False,0.002,0.005,0.1,0.0,0.0,0.0,8000,4000,8,4,37.0,12,105.0,36.0,20.0,785.000000,93,3,3,True,True,16,physical,1,42,216.969506,0.5625
padded_benes_16x16,default,12-7-0-11-14-8-13-9-6-15-1-5-3-2-4-10,failed,16,9,7,0,115,26,9,I1-I2:5;I1-I3:2;I1-I5:2;I1-I8:3;I1-I9:2;I1-I11:3;I2-I3:6;I2-I5:2;I2-I8:2;I2-I9:2;I2-I10:4;I2-I11:2;I2-I12:2;I3-I5:7;I3-I9:2;I5-I9:4;I8-I9:4;I8-I10:3;I8-I11:7;I8-I12:3;I9-I10:7;I9-I11:5;I9-I12:3;I10-I11:8;I10-I12:6;I11-I12:9,19920.000000,20543.690049,623.690049,6.691430,10.321075,3.629645,1.716153,8.0,3.5,4.0,6.0,10.0,20.0,16.0,48.0,80.0,200.0,False,0.002,0.005,0.1,0.0,0.0,0.0,8000,4000,8,4,37.0,12,105.0,36.0,20.0,785.000000,87,3,3,True,True,16,physical,2,42,166.615431,0.4375
padded_benes_16x16,default,2-10-7-12-13-0-11-15-5-9-4-8-1-6-14-3,failed,16,8,8,0,70,21,8,I0-I1:2;I0-I2:2;I0-I6:2;I0-I14:2;I1-I2:3;I1-I5:3;I1-I6:8;I1-I9:5;I1-I14:4;I2-I5:5;I2-I6:2;I2-I13:5;I2-I14:2;I5-I6:4;I5-I9:2;I5-I13:4;I5-I14:2;I6-I9:3;I6-I14:2;I9-I14:2;I13-I14:2,19920.000000,17817.362637,-2102.637363,6.894096,7.765246,0.871150,0.977841,8.0,3.5,4.0,6.0,10.0,20.0,16.0,48.0,80.0,200.0,False,0.002,0.005,0.1,0.0,0.0,0.0,8000,4000,8,4,37.0,12,105.0,36.0,20.0,785.000000,75,3,3,True,True,16,physical,3,42,154.614714,0.5
padded_benes_16x16,default,10-3-11-0-12-14-8-9-2-5-15-4-6-1-13-7,failed,16,8,8,0,81,23,9,I1-I2:2;I1-I3:7;I1-I7:2;I1-I10:2;I1-I12:2;I1-I15:2;I2-I3:3;I2-I7:9;I2-I10:2;I2-I15:3;I3-I7:2;I3-I9:2;I3-I10:2;I3-I12:2;I3-I15:2;I7-I10:4;I7-I15:3;I9-I10:2;I9-I12:4;I9-I15:6;I10-I12:3;I10-I15:3;I12-I15:8,19920.000000,18681.216619,-1238.783381,6.518096,9.300745,2.782649,1.238929,8.0,3.5,4.0,6.0,10.0,20.0,16.0,48.0,80.0,200.0,False,0.002,0.005,0.1,0.0,0.0,0.0,8000,4000,8,4,37.0,12,105.0,36.0,20.0,785.000000,97,3,3,True,True,16,physical,4,42,168.751404,0.5
padded_benes_16x16,default,9-14-11-13-1-0-12-5-3-8-10-4-6-15-2-7,failed,16,6,10,0,55,11,11,I5-I6:8;I5-I7:4;I5-I8:2;I5-I9:2;I6-I7:11;I6-I9:9;I6-I10:5;I7-I9:2;I7-I10:2;I8-I9:2;I9-I10:6,19920.000000,14098.606051,-5821.393949,6.637429,9.128456,2.491028,1.245369,8.0,3.5,4.0,6.0,10.0,20.0,16.0,48.0,80.0,200.0,False,0.002,0.005,0.1,0.0,0.0,0.0,8000,4000,8,4,37.0,12,105.0,36.0,20.0,785.000000,84,3,3,True,True,16,physical,5,42,169.324228,0.625
padded_benes_16x16,default,4-15-0-2-14-12-10-6-7-13-5-11-9-3-1-8,failed,16,8,8,0,81,24,6,I0-I2:3;I0-I3:3;I0-I4:2;I0-I6:2;I0-I11:2;I0-I13:3;I2-I3:6;I2-I4:4;I2-I6:2;I2-I8:2;I2-I11:2;I2-I13:4;I3-I4:4;I3-I6:2;I3-I8:4;I3-I11:2;I3-I13:6;I4-I6:5;I4-I8:3;I4-I11:5;I6-I11:2;I8-I11:4;I8-I13:3;I11-I13:3,19920.000000,16932.429023,-2987.570977,6.505429,8.033872,1.528444,0.975982,8.0,3.5,4.0,6.0,10.0,20.0,16.0,48.0,80.0,200.0,False,0.002,0.005,0.1,0.0,0.0,0.0,8000,4000,8,4,37.0,12,105.0,36.0,20.0,785.000000,81,3,3,True,True,16,physical,6,42,143.082244,0.5
padded_benes_16x16,default,1-7-14-10-0-15-4-2-3-5-12-13-6-9-11-8,failed,16,7,9,0,63,19,8,I0-I1:2;I0-I4:3;I0-I6:4;I0-I10:2;I0-I11:2;I1-I2:2;I1-I4:3;I1-I6:5;I1-I10:2;I1-I11:2;I2-I4:3;I2-I6:5;I2-I11:5;I4-I6:6;I4-I10:2;I4-I11:2;I6-I10:2;I6-I11:2;I10-I11:8,19920.000000,14718.729941,-5201.270059,6.635430,7.655748,1.020319,0.744066,8.0,3.5,4.0,6.0,10.0,20.0,16.0,48.0,80.0,200.0,False,0.002,0.005,0.1,0.0,0.0,0.0,8000,4000,8,4,37.0,12,105.0,36.0,20.0,785.000000,71,3,3,True,True,16,physical,7,42,140.721817,0.5625
padded_benes_16x16,default,13-3-15-0-8-2-4-7-11-14-1-9-6-10-12-5,failed,16,8,8,0,93,23,9,I1-I2:2;I1-I3:7;I1-I6:4;I1-I15:2;I2-I3:3;I2-I6:3;I2-I7:3;I2-I9:7;I2-I14:5;I3-I6:4;I3-I7:4;I3-I9:2;I3-I15:2;I6-I7:8;I6-I9:2;I6-I14:2;I6-I15:6;I7-I9:2;I7-I14:2;I7-I15:9;I9-I14:5;I9-I15:3;I14-I15:5,19920.000000,18931.508655,-988.491345,6.622763,8.522992,1.900229,1.663752,8.0,3.5,4.0,6.0,10.0,20.0,16.0,48.0,80.0,200.0,False,0.002,0.005,0.1,0.0,0.0,0.0,8000,4000,8,4,37.0,12,105.0,36.0,20.0,785.000000,115,3,3,True,True,16,physical,8,42,205.055983,0.5
padded_benes_16x16,default,3-9-13-11-15-14-0-7-2-6-4-1-5-10-12-8,failed,16,7,9,0,59,15,8,I0-I13:2;I6-I8:2;I6-I10:2;I6-I11:8;I6-I13:2;I6-I14:2;I8-I10:6;I8-I11:7;I8-I13:4;I8-I14:2;I10-I11:7;I10-I13:2;I10-I14:2;I11-I13:4;I11-I14:4,19920.000000,14786.977721,-5133.022279,6.471430,8.687748,2.216319,0.802994,8.0,3.5,4.0,6.0,10.0,20.0,16.0,48.0,80.0,200.0,False,0.002,0.005,0.1,0.0,0.0,0.0,8000,4000,8,4,37.0,12,105.0,36.0,20.0,785.000000,111,3,3,True,True,16,physical,9,42,202.319535,0.5625
waksman_16x16,default,7-9-5-6-14-10-12-8-1-2-13-15-4-11-0-3,failed,16,9,7,0,104,27,10,I0-I2:9;I0-I3:7;I0-I5:2;I0-I6:4;I0-I7:2;I0-I9:5;I0-I13:2;I2-I3:10;I2-I6:2;I2-I7:2;I2-I9:3;I2-I13:4;I3-I5:2;I3-I6:2;I3-I7:2;I3-I11:2;I3-I13:2;I5-I6:4;I5-I7:5;I5-I11:2;I5-I13:4;I6-I7:3;I6-I11:2;I7-I13:6;I9-I11:4;I9-I13:4;I11-I13:3,18968.000000,20157.880325,1189.880325,6.434763,8.423500,1.988738,1.997196,8.0,3.5,4.0,6.0,10.0,20.0,16.0,48.0,80.0,200.0,False,0.002,0.005,0.1,0.0,0.0,0.0,8000,4000,8,4,37.0,12,105.0,36.0,20.0,785.000000,87,3,3,True,True,16,physical,0,42,185.565875,0.4375
waksman_16x16,default,5-1-13-12-2-4-15-10-6-11-3-14-0-9-8-7,failed,16,8,8,0,53,16,7,I1-I2:2;I1-I4:2;I1-I5:2;I1-I8:2;I1-I9:2;I1-I12:7;I2-I11:2;I4-I5:2;I4-I8:2;I5-I8:2;I8-I9:4;I8-I11:4;I8-I12:5;I9-I11:2;I9-I12:3;I11-I12:3,18968.000000,15461.145868,-3506.854132,6.354096,6.572710,0.218614,0.326911,8.0,3.5,4.0,6.0,10.0,20.0,16.0,48.0,80.0,200.0,False,0.002,0.005,0.1,0.0,0.0,0.0,8000,4000,8,4,37.0,12,105.0,36.0,20.0,785.000000,91,3,3,True,True,16,physical,1,42,192.956311,0.5
waksman_16x16,default,12-7-0-11-14-8-13-9-6-15-1-5-3-2-4-10,failed,16,10,6,0,118,26,7,I1-I2:3;I1-I3:2;I1-I5:2;I1-I6:2;I1-I7:2;I1-I8:5;I1-I11:7;I1-I13:3;I2-I3:4;I2-I6:2;I2-I7:2;I2-I8:2;I2-I10:6;I2-I11:2;I2-I13:4;I3-I5:5;I3-I6:4;I3-I7:5;I5-I6:4;I5-I7:4;I6-I7:3;I8-I10:3;I8-I11:7;I10-I11:6;I10-I13:4;I11-I13:7,18968.000000,22322.601535,3354.601535,6.499430,10.039411,3.539981,1.830920,8.0,3.5,4.0,6.0,10.0,20.0,16.0,48.0,80.0,200.0,False,0.002,0.005,0.1,0.0,0.0,0.0,8000,4000,8,4,37.0,12,105.0,36.0,20.0,785.000000,108,3,3,True,True,16,physical,2,42,228.861113,0.375
waksman_16x16,default,2-10-7-12-13-0-11-15-5-9-4-8-1-6-14-3,failed,16,8,8,0,76,18,8,I0-I2:4;I0-I7:4;I0-I8:2;I0-I9:2;I0-I11:4;I0-I13:4;I0-I14:2;I2-I9:2;I2-I11:2;I2-I13:5;I8-I9:6;I8-I11:4;I8-I13:6;I8-I14:4;I9-I11:5;I9-I13:3;I11-I13:3;I13-I14:8,18968.000000,17004.911335,-1963.088665,6.786763,9.315577,2.528814,1.187478,8.0,3.5,4.0,6.0,10.0,20.0,16.0,48.0,80.0,200.0,False,0.002,0.005,0.1,0.0,0.0,0.0,8000,4000,8,4,37.0,12,105.0,36.0,20.0,785.000000,111,3,3,True,True,16,physical,3,42,211.067762,0.5
waksman_16x16,default,10-3-11-0-12-14-8-9-2-5-15-4-6-1-13-7,failed,16,9,7,0,101,24,10,I3-I4:4;I3-I6:2;I3-I7:2;I3-I8:4;I3-I9:2;I3-I12:2;I3-I14:2;I3-I15:2;I4-I6:3;I4-I7:5;I4-I14:2;I6-I7:6;I6-I15:3;I7-I14:2;I8-I9:6;I8-I12:6;I8-I14:4;I8-I15:2;I9-I12:4;I9-I14:4;I9-I15:6;I12-I14:2;I12-I15:10;I14-I15:5,18968.000000,19284.508655,316.508655,7.014763,9.307329,2.292566,1.498891,8.0,3.5,4.0,6.0,10.0,20.0,16.0,48.0,80.0,200.0,False,0.002,0.005,0.1,0.0,0.0,0.0,8000,4000,8,4,37.0,12,105.0,36.0,20.0,785.000000,77,3,3,True,True,16,physical,4,42,150.419266,0.4375
waksman_16x16,default,9-14-11-13-1-0-12-5-3-8-10-4-6-15-2-7,failed,16,6,10,0,51,13,8,I4-I7:4;I4-I10:2;I4-I11:2;I4-I12:2;I7-I10:2;I7-I11:7;I7-I12:6;I7-I13:2;I10-I11:3;I10-I12:3;I10-I13:2;I11-I12:8;I12-I13:8,18968.000000,13464.066235,-5503.933765,6.478763,8.460456,1.981694,1.428189,8.0,3.5,4.0,6.0,10.0,20.0,16.0,48.0,80.0,200.0,False,0.002,0.005,0.1,0.0,0.0,0.0,8000,4000,8,4,37.0,12,105.0,36.0,20.0,785.000000,106,3,3,True,True,16,physical,5,42,168.796977,0.625
waksman_16x16,default,4-15-0-2-14-12-10-6-7-13-5-11-9-3-1-8,failed,16,9,7,0,105,29,9,I2-I3:2;I2-I5:2;I2-I7:4;I2-I8:2;I2-I12:2;I2-I13:2;I3-I5:2;I3-I7:4;I3-I8:2;I3-I12:2;I3-I13:4;I5-I6:5;I5-I7:9;I5-I8:3;I5-I12:3;I5-I13:3;I6-I7:5;I6-I11:4;I6-I12:3;I7-I8:6;I7-I11:2;I7-I12:4;I7-I13:3;I8-I11:4;I8-I12:2;I8-I13:3;I11-I12:5;I11-I13:5;I12-I13:5,18968.000000,19900.902453,932.902453,6.606763,8.978833,2.372071,1.790867,8.0,3.5,4.0,6.0,10.0,20.0,16.0,48.0,80.0,200.0,False,0.002,0.005,0.1,0.0,0.0,0.0,8000,4000,8,4,37.0,12,105.0,36.0,20.0,785.000000,90,3,3,True,True,16,physical,6,42,171.162070,0.4375
waksman_16x16,default,1-7-14-10-0-15-4-2-3-5-12-13-6-9-11-8,failed,16,9,7,0,92,28,8,I0-I1:2;I0-I2:2;I0-I4:5;I0-I7:4;I0-I9:2;I0-I13:2;I0-I14:2;I1-I2:2;I1-I4:3;I1-I7:3;I1-I9:3;I1-I13:2;I1-I14:2;I2-I7:3;I4-I7:6;I4-I9:2;I4-I10:2;I4-I13:2;I4-I14:2;I7-I9:2;I7-I10:2;I7-I13:6;I7-I14:2;I9-I10:4;I9-I13:2;I9-I14:4;I10-I13:5;I13-I14:8,18968.000000,18682.698931,-285.301069,6.418096,8.633246,2.215150,1.162600,8.0,3.5,4.0,6.0,10.0,20.0,16.0,48.0,80.0,200.0,False,0.002,0.005,0.1,0.0,0.0,0.0,8000,4000,8,4,37.0,12,105.0,36.0,20.0,785.000000,63,3,3,True,True,16,physical,7,42,153.171574,0.4375
waksman_16x16,default,13-3-15-0-8-2-4-7-11-14-1-9-6-10-12-5,failed,16,9,7,0,96,26,8,I0-I1:3;I0-I2:4;I0-I6:5;I0-I7:3;I0-I14:5;I1-I2:2;I1-I6:4;I1-I8:2;I1-I11:2;I2-I7:3;I2-I8:3;I6-I7:8;I6-I8:2;I6-I10:3;I6-I11:2;I6-I14:2;I7-I8:4;I7-I10:3;I7-I11:2;I7-I14:2;I8-I10:5;I8-I11:5;I8-I14:4;I10-I11:6;I10-I14:2;I11-I14:2,18968.000000,19272.114858,304.114858,6.550763,8.376957,1.826195,1.393137,8.0,3.5,4.0,6.0,10.0,20.0,16.0,48.0,80.0,200.0,False,0.002,0.005,0.1,0.0,0.0,0.0,8000,4000,8,4,37.0,12,105.0,36.0,20.0,785.000000,89,3,3,True,True,16,physical,8,42,171.529973,0.4375
waksman_16x16,default,3-9-13-11-15-14-0-7-2-6-4-1-5-10-12-8,failed,16,8,8,0,76,22,8,I0-I1:4;I0-I3:4;I0-I7:4;I0-I8:5;I0-I13:2;I1-I3:8;I1-I7:3;I1-I13:2;I1-I14:2;I3-I7:3;I3-I13:5;I3-I14:2;I7-I8:3;I7-I11:3;I7-I13:2;I7-I14:2;I8-I11:5;I8-I13:4;I8-I14:2;I11-I13:2;I11-I14:2;I13-I14:2,18968.000000,17261.349390,-1706.650610,6.491430,8.138033,1.646603,1.121212,8.0,3.5,4.0,6.0,10.0,20.0,16.0,48.0,80.0,200.0,False,0.002,0.005,0.1,0.0,0.0,0.0,8000,4000,8,4,37.0,12,105.0,36.0,20.0,785.000000,104,3,3,True,True,16,physical,9,42,167.957103,0.5
spanke_benes_16x16,default,7-9-5-6-14-10-12-8-1-2-13-15-4-11-0-3,routed,16,16,0,0,175,19,16,I0-I1:8;I0-I3:15;I0-I7:8;I1-I4:2;I1-I5:10;I1-I7:7;I2-I3:16;I2-I9:5;I2-I12:3;I4-I10:3;I4-I11:2;I5-I6:6;I5-I13:2;I6-I10:4;I8-I9:12;I8-I14:3;I8-I15:2;I9-I12:4;I9-I15:2,55080.000000,82188.844497,27108.844497,8.130588,17.344394,9.213805,5.873918,8.0,3.5,4.0,6.0,10.0,20.0,16.0,48.0,80.0,200.0,False,0.002,0.005,0.1,0.0,0.0,0.0,8000,4000,8,4,37.0,12,105.0,36.0,20.0,3095.000000,55,3,1,True,False,16,physical,0,42,145.308417,0.0
spanke_benes_16x16,default,5-1-13-12-2-4-15-10-6-11-3-14-0-9-8-7,routed,16,16,0,0,184,22,22,I0-I1:5;I0-I2:2;I0-I3:4;I0-I5:17;I0-I7:2;I0-I8:12;I0-I15:2;I1-I4:22;I1-I10:2;I1-I12:7;I2-I3:5;I2-I6:2;I2-I11:2;I3-I9:3;I4-I5:10;I4-I10:10;I5-I10:9;I7-I8:5;I7-I9:4;I8-I13:2;I8-I14:2;I8-I15:2,55080.000000,82612.698479,27532.698479,8.327488,19.730786,11.403297,6.039712,8.0,3.5,4.0,6.0,10.0,20.0,16.0,48.0,80.0,200.0,False,0.002,0.005,0.1,0.0,0.0,0.0,8000,4000,8,4,37.0,12,105.0,36.0,20.0,3095.000000,64,3,1,True,False,16,physical,1,42,153.887581,0.0
spanke_benes_16x16,default,12-7-0-11-14-8-13-9-6-15-1-5-3-2-4-10,failed,16,15,1,0,157,21,12,I0-I3:7;I0-I4:2;I0-I6:4;I1-I2:11;I1-I3:4;I1-I5:10;I1-I7:2;I1-I8:5;I2-I8:4;I2-I10:12;I3-I5:3;I3-I7:3;I4-I6:3;I4-I9:2;I5-I7:8;I7-I15:2;I8-I11:3;I10-I11:2;I10-I12:2;I10-I13:6;I12-I13:7,55080.000000,77067.247177,21987.247177,8.061921,17.101850,9.039929,5.787233,8.0,3.5,4.0,6.0,10.0,20.0,16.0,48.0,80.0,200.0,False,0.002,0.005,0.1,0.0,0.0,0.0,8000,4000,8,4,37.0,12,105.0,36.0,20.0,3095.000000,54,3,4,True,True,16,physical,2,42,153.131448,0.0625
spanke_benes_16x16,default,2-10-7-12-13-0-11-15-5-9-4-8-1-6-14-3,routed,16,16,0,0,177,24,13,I0-I1:2;I0-I2:10;I0-I5:13;I0-I8:4;I0-I10:8;I0-I12:7;I0-I15:2;I1-I2:9;I1-I3:4;I1-I6:6;I1-I9:3;I2-I8:5;I2-I9:2;I2-I11:4;I2-I13:3;I3-I4:6;I3-I6:5;I4-I7:2;I4-I14:2;I5-I12:8;I8-I10:7;I8-I13:4;I9-I11:3;I12-I15:2,55080.000000,82548.070148,27468.070148,8.130588,17.400458,9.269870,5.949759,8.0,3.5,4.0,6.0,10.0,20.0,16.0,48.0,80.0,200.0,False,0.002,0.005,0.1,0.0,0.0,0.0,8000,4000,8,4,37.0,12,105.0,36.0,20.0,3095.000000,57,3,1,True,False,16,physical,3,42,144.031231,0.0
spanke_benes_16x16,default,10-3-11-0-12-14-8-9-2-5-15-4-6-1-13-7,routed,16,16,0,0,182,22,15,I0-I1:7;I0-I2:10;I0-I7:5;I1-I3:9;I1-I6:4;I1-I8:15;I1-I9:4;I1-I11:8;I2-I4:8;I3-I8:10;I3-I13:6;I4-I5:4;I4-I14:2;I5-I10:2;I6-I7:6;I6-I9:3;I6-I12:3;I8-I13:5;I9-I11:7;I9-I12:6;I9-I15:2;I12-I15:2,55080.000000,82469.574589,27389.574589,8.151488,18.862710,10.711221,5.994947,8.0,3.5,4.0,6.0,10.0,20.0,16.0,48.0,80.0,200.0,False,0.002,0.005,0.1,0.0,0.0,0.0,8000,4000,8,4,37.0,12,105.0,36.0,20.0,3095.000000,63,3,1,True,False,16,physical,4,42,145.481961,0.0
spanke_benes_16x16,default,9-14-11-13-1-0-12-5-3-8-10-4-6-15-2-7,routed,16,16,0,0,176,24,21,I0-I1:2;I0-I2:6;I0-I4:3;I0-I9:5;I0-I10:4;I1-I3:3;I1-I13:2;I2-I3:2;I2-I6:4;I2-I10:3;I3-I6:3;I4-I5:21;I4-I7:2;I4-I8:12;I4-I14:4;I7-I8:5;I7-I9:4;I7-I11:7;I7-I12:6;I7-I15:2;I8-I11:8;I8-I14:5;I9-I12:3;I12-I15:2,55080.000000,82719.251542,27639.251542,8.258821,18.727458,10.468637,5.968969,8.0,3.5,4.0,6.0,10.0,20.0,16.0,48.0,80.0,200.0,False,0.002,0.005,0.1,0.0,0.0,0.0,8000,4000,8,4,37.0,12,105.0,36.0,20.0,3095.000000,57,3,1,True,False,16,physical,5,42,133.143435,0.0
spanke_benes_16x16,default,4-15-0-2-14-12-10-6-7-13-5-11-9-3-1-8,routed,16,16,0,0,172,20,22,I0-I1:2;I0-I3:19;I0-I4:2;I0-I5:2;I0-I6:2;I0-I7:6;I0-I10:8;I0-I13:3;I2-I3:22;I2-I14:4;I3-I13:4;I3-I14:3;I5-I6:3;I5-I9:2;I6-I8:5;I6-I11:2;I7-I8:10;I7-I10:7;I8-I12:2;I8-I15:2,55080.000000,82136.946258,27056.946258,8.393122,19.740591,11.347469,5.833993,8.0,3.5,4.0,6.0,10.0,20.0,16.0,48.0,80.0,200.0,False,0.002,0.005,0.1,0.0,0.0,0.0,8000,4000,8,4,37.0,12,105.0,36.0,20.0,3095.000000,56,3,1,True,False,16,physical,6,42,150.329162,0.0
spanke_benes_16x16,default,1-7-14-10-0-15-4-2-3-5-12-13-6-9-11-8,routed,16,16,0,0,193,20,23,I0-I1:8;I0-I4:23;I0-I6:2;I0-I7:18;I1-I2:2;I1-I3:8;I1-I9:5;I1-I12:7;I1-I13:4;I1-I15:2;I2-I3:3;I2-I5:2;I3-I10:4;I3-I13:3;I3-I14:2;I6-I8:15;I6-I9:14;I7-I8:18;I9-I12:8;I10-I11:2,55080.000000,83241.720607,28161.720607,8.196222,18.844721,10.648499,6.228653,8.0,3.5,4.0,6.0,10.0,20.0,16.0,48.0,80.0,200.0,False,0.002,0.005,0.1,0.0,0.0,0.0,8000,4000,8,4,37.0,12,105.0,36.0,20.0,3095.000000,76,3,1,True,False,16,physical,7,42,203.581680,0.0
spanke_benes_16x16,default,13-3-15-0-8-2-4-7-11-14-1-9-6-10-12-5,routed,16,16,0,0,188,22,21,I0-I1:3;I0-I2:2;I0-I8:3;I0-I9:2;I1-I3:3;I1-I4:2;I1-I5:21;I1-I6:18;I1-I15:2;I3-I5:10;I3-I10:12;I4-I7:11;I4-I8:4;I4-I11:6;I5-I10:11;I6-I7:8;I6-I12:6;I6-I15:2;I7-I12:5;I8-I13:3;I8-I14:2;I11-I13:4,55080.000000,82688.056901,27608.056901,8.261855,19.421081,11.159226,6.091945,8.0,3.5,4.0,6.0,10.0,20.0,16.0,48.0,80.0,200.0,False,0.002,0.005,0.1,0.0,0.0,0.0,8000,4000,8,4,37.0,12,105.0,36.0,20.0,3095.000000,68,3,1,True,False,16,physical,8,42,172.982919,0.0
spanke_benes_16x16,default,3-9-13-11-15-14-0-7-2-6-4-1-5-10-12-8,routed,16,16,0,0,180,23,15,I0-I1:10;I0-I6:3;I0-I7:2;I0-I8:15;I0-I9:2;I0-I10:10;I0-I12:2;I1-I2:2;I1-I3:6;I1-I7:5;I1-I13:4;I2-I3:5;I2-I4:2;I2-I5:2;I3-I13:3;I3-I14:2;I6-I8:6;I6-I11:10;I7-I9:7;I7-I15:2;I8-I11:9;I9-I12:7;I10-I12:8,55080.000000,82382.114405,27302.114405,8.064955,16.985592,8.920637,5.962139,8.0,3.5,4.0,6.0,10.0,20.0,16.0,48.0,80.0,200.0,False,0.002,0.005,0.1,0.0,0.0,0.0,8000,4000,8,4,37.0,12,105.0,36.0,20.0,3095.000000,61,3,1,True,False,16,physical,9,42,160.552397,0.0
spanke_benes_rect_16x16,default,7-9-5-6-14-10-12-8-1-2-13-15-4-11-0-3,routed,16,16,0,0,175,21,10,I0-I1:2;I0-I3:7;I0-I7:8;I1-I5:8;I1-I7:7;I2-I3:10;I2-I12:3;I3-I5:2;I4-I10:7;I4-I11:8;I5-I13:8;I6-I10:8;I6-I13:9;I8-I9:8;I9-I10:2;I9-I12:2;I9-I15:2;I10-I11:6;I12-I13:2;I12-I15:3;I14-I15:2,33240.000000,61542.039138,28302.039138,4.955456,11.676637,6.721181,6.046192,8.0,3.5,4.0,6.0,10.0,20.0,16.0,48.0,80.0,200.0,False,0.002,0.005,0.1,0.0,0.0,0.0,8000,4000,8,4,37.0,12,105.0,36.0,20.0,1730.000000,59,3,1,True,False,16,physical,0,42,109.853985,0.0
spanke_benes_rect_16x16,default,5-1-13-12-2-4-15-10-6-11-3-14-0-9-8-7,routed,16,16,0,0,180,23,12,I0-I1:3;I0-I3:2;I0-I5:9;I0-I8:10;I1-I4:12;I1-I12:3;I2-I3:5;I2-I11:6;I3-I9:5;I4-I5:6;I4-I10:6;I5-I7:2;I5-I10:7;I6-I11:7;I7-I9:6;I7-I13:7;I8-I9:2;I8-I15:8;I9-I11:4;I10-I11:2;I12-I13:2;I13-I14:7;I14-I15:9,33240.000000,61515.689597,28275.689597,4.968123,11.597805,6.629682,6.097586,8.0,3.5,4.0,6.0,10.0,20.0,16.0,48.0,80.0,200.0,False,0.002,0.005,0.1,0.0,0.0,0.0,8000,4000,8,4,37.0,12,105.0,36.0,20.0,1730.000000,67,3,1,True,False,16,physical,1,42,137.794927,0.0
spanke_benes_rect_16x16,default,12-7-0-11-14-8-13-9-6-15-1-5-3-2-4-10,routed,16,16,0,0,169,24,8,I0-I3:5;I0-I6:4;I1-I2:5;I1-I5:8;I1-I8:3;I2-I3:2;I2-I8:2;I2-I10:6;I3-I6:2;I3-I15:5;I4-I6:7;I4-I9:8;I5-I7:6;I6-I9:2;I7-I15:6;I8-I9:2;I8-I11:3;I10-I11:2;I10-I13:6;I11-I14:3;I11-I15:2;I12-I13:5;I12-I14:6;I14-I15:4,33240.000000,61205.309046,27965.309046,4.968123,11.501887,6.533764,5.930664,8.0,3.5,4.0,6.0,10.0,20.0,16.0,48.0,80.0,200.0,False,0.002,0.005,0.1,0.0,0.0,0.0,8000,4000,8,4,37.0,12,105.0,36.0,20.0,1730.000000,49,3,1,True,False,16,physical,2,42,100.739080,0.0
spanke_benes_rect_16x16,default,2-10-7-12-13-0-11-15-5-9-4-8-1-6-14-3,routed,16,16,0,0,175,29,8,I0-I1:2;I0-I2:4;I0-I5:7;I0-I8:2;I0-I10:2;I0-I12:5;I0-I15:4;I1-I2:3;I1-I6:6;I1-I9:5;I2-I3:2;I2-I11:6;I2-I13:5;I3-I4:6;I3-I6:7;I4-I14:8;I5-I12:4;I6-I7:2;I7-I14:7;I8-I9:2;I8-I10:5;I8-I13:6;I9-I11:5;I9-I14:2;I10-I11:2;I10-I15:5;I11-I14:2;I12-I13:2;I13-I14:2,33240.000000,61443.645340,28203.645340,4.955456,11.541846,6.586390,6.030456,8.0,3.5,4.0,6.0,10.0,20.0,16.0,48.0,80.0,200.0,False,0.002,0.005,0.1,0.0,0.0,0.0,8000,4000,8,4,37.0,12,105.0,36.0,20.0,1730.000000,58,3,1,True,False,16,physical,3,42,117.506208,0.0
spanke_benes_rect_16x16,default,10-3-11-0-12-14-8-9-2-5-15-4-6-1-13-7,routed,16,16,0,0,180,24,8,I0-I1:3;I0-I2:6;I0-I7:5;I1-I3:5;I1-I6:2;I1-I8:7;I1-I11:8;I2-I4:8;I3-I8:4;I3-I13:4;I4-I5:2;I4-I14:6;I5-I10:8;I5-I14:7;I6-I7:6;I6-I15:5;I7-I14:2;I8-I9:2;I8-I13:5;I9-I11:7;I9-I12:8;I10-I14:5;I12-I15:8;I14-I15:5,33240.000000,61552.127652,28312.127652,4.955456,12.059510,7.104054,6.101203,8.0,3.5,4.0,6.0,10.0,20.0,16.0,48.0,80.0,200.0,False,0.002,0.005,0.1,0.0,0.0,0.0,8000,4000,8,4,37.0,12,105.0,36.0,20.0,1730.000000,63,3,1,True,False,16,physical,4,42,125.394221,0.0
spanke_benes_rect_16x16,default,9-14-11-13-1-0-12-5-3-8-10-4-6-15-2-7,routed,16,16,0,0,172,28,11,I0-I1:2;I0-I2:2;I0-I9:3;I0-I10:4;I1-I3:3;I1-I13:2;I2-I3:2;I2-I6:4;I2-I10:3;I3-I6:3;I3-I13:2;I4-I5:11;I4-I7:2;I4-I8:6;I4-I14:4;I6-I10:3;I6-I13:4;I7-I11:7;I7-I12:8;I8-I9:2;I8-I11:8;I8-I14:3;I9-I10:4;I9-I15:7;I10-I13:4;I12-I13:2;I12-I15:6;I14-I15:2,33240.000000,61620.972752,28380.972752,5.006788,11.590004,6.583216,6.025122,8.0,3.5,4.0,6.0,10.0,20.0,16.0,48.0,80.0,200.0,False,0.002,0.005,0.1,0.0,0.0,0.0,8000,4000,8,4,37.0,12,105.0,36.0,20.0,1730.000000,58,3,1,True,False,16,physical,5,42,97.542229,0.0
spanke_benes_rect_16x16,default,4-15-0-2-14-12-10-6-7-13-5-11-9-3-1-8,routed,16,16,0,0,172,23,12,I0-I1:2;I0-I3:7;I0-I7:4;I0-I10:6;I0-I13:5;I2-I3:12;I2-I14:2;I3-I5:2;I3-I13:4;I3-I14:3;I4-I9:5;I5-I9:4;I5-I11:5;I6-I11:6;I6-I12:7;I7-I8:8;I7-I10:7;I8-I9:2;I8-I15:8;I9-I11:3;I10-I11:2;I12-I15:7;I14-I15:2,33240.000000,61257.791358,28017.791358,4.968123,11.815689,6.847566,5.969411,8.0,3.5,4.0,6.0,10.0,20.0,16.0,48.0,80.0,200.0,False,0.002,0.005,0.1,0.0,0.0,0.0,8000,4000,8,4,37.0,12,105.0,36.0,20.0,1730.000000,59,3,1,True,False,16,physical,6,42,111.869201,0.0
spanke_benes_rect_16x16,default,1-7-14-10-0-15-4-2-3-5-12-13-6-9-11-8,routed,16,16,0,0,191,23,12,I0-I1:4;I0-I4:11;I0-I7:12;I1-I3:2;I1-I12:7;I1-I15:8;I2-I5:4;I2-I11:5;I3-I13:7;I3-I14:6;I4-I5:2;I6-I8:11;I6-I9:10;I7-I8:10;I8-I9:2;I9-I10:2;I9-I12:10;I10-I11:10;I10-I14:9;I12-I13:2;I12-I15:2;I13-I14:4;I13-I15:9,33240.000000,62143.340056,28903.340056,4.955456,11.856438,6.900982,6.305730,8.0,3.5,4.0,6.0,10.0,20.0,16.0,48.0,80.0,200.0,False,0.002,0.005,0.1,0.0,0.0,0.0,8000,4000,8,4,37.0,12,105.0,36.0,20.0,1730.000000,78,3,1,True,False,16,physical,7,42,155.916579,0.0
spanke_benes_rect_16x16,default,13-3-15-0-8-2-4-7-11-14-1-9-6-10-12-5,routed,16,16,0,0,186,24,12,I0-I9:4;I0-I14:3;I1-I5:11;I1-I6:12;I2-I9:3;I3-I5:6;I3-I10:6;I4-I7:9;I4-I11:8;I5-I10:7;I6-I7:4;I6-I12:2;I6-I15:6;I7-I8:2;I7-I12:7;I8-I9:2;I8-I13:7;I8-I14:8;I9-I14:5;I10-I11:2;I11-I13:10;I12-I13:2;I12-I15:7;I13-I14:6,33240.000000,61804.025891,28564.025891,4.942788,11.981187,7.038398,6.203628,8.0,3.5,4.0,6.0,10.0,20.0,16.0,48.0,80.0,200.0,False,0.002,0.005,0.1,0.0,0.0,0.0,8000,4000,8,4,37.0,12,105.0,36.0,20.0,1730.000000,72,3,1,True,False,16,physical,8,42,148.493312,0.0
spanke_benes_rect_16x16,default,3-9-13-11-15-14-0-7-2-6-4-1-5-10-12-8,routed,16,16,0,0,178,26,10,I0-I1:6;I0-I8:7;I0-I10:8;I1-I3:4;I1-I13:4;I1-I15:3;I2-I3:3;I2-I5:6;I2-I14:3;I3-I13:3;I3-I14:4;I4-I5:5;I6-I7:2;I6-I8:2;I6-I11:6;I7-I9:5;I7-I15:6;I8-I9:2;I8-I11:7;I9-I12:7;I9-I15:2;I10-I12:8;I12-I13:2;I12-I15:2;I13-I14:10;I13-I15:7,33240.000000,61380.959505,28140.959505,4.968123,11.925187,6.957064,6.057307,8.0,3.5,4.0,6.0,10.0,20.0,16.0,48.0,80.0,200.0,False,0.002,0.005,0.1,0.0,0.0,0.0,8000,4000,8,4,37.0,12,105.0,36.0,20.0,1730.000000,60,3,1,True,False,16,physical,9,42,126.630877,0.0
