record_type,topology,N,config,layout_mode,crossing_index,edge_a,edge_b,x_um,y_um,nearest_crossing_distance_um,edge_a_arm_before_um,edge_a_arm_after_um,edge_b_arm_before_um,edge_b_arm_after_um,min_arm_clearance_um,arm_violation_5um,crossing_spacing_violation_5um,any_violation_5um,arm_violation_10um,crossing_spacing_violation_10um,any_violation_10um,arm_violation_15um,crossing_spacing_violation_15um,any_violation_15um
crossing,padded_benes,3,B_db_placeholder,template,0,input:w0->padded_benes_4x4_s0_w0_1.in,input:w1->padded_benes_4x4_s0_w0_1.add,165.0,132.0,24.0,8.0,112.0,52.0,64.0,8.0,0,0,0,1,0,1,1,0,1
crossing,padded_benes,3,B_db_placeholder,template,1,input:w0->padded_benes_4x4_s0_w0_1.in,input:w1->padded_benes_4x4_s0_w0_1.add,407.0,164.0,74.0,130.0,10.0,20.0,36.0,10.0,0,0,0,0,0,0,1,0,1
crossing,padded_benes,3,B_db_placeholder,template,2,input:w0->padded_benes_4x4_s0_w0_1.in,input:w1->padded_benes_4x4_s0_w0_1.add,61.0,164.0,108.81176406988355,29.0,96.0,8.0,20.0,8.0,0,0,0,1,0,1,1,0,1
crossing,padded_benes,3,B_db_placeholder,template,3,input:w0->padded_benes_4x4_s0_w0_1.in,input:w1->padded_benes_4x4_s0_w0_1.add,333.0,164.0,40.0,56.0,84.0,8.0,20.0,8.0,0,0,0,1,0,1,1,0,1
crossing,padded_benes,3,B_db_placeholder,template,4,input:w0->padded_benes_4x4_s0_w0_1.in,input:w2->padded_benes_4x4_s0_w2_3.in,277.0,152.0,26.832815729997478,20.0,12.0,80.0,24.0,12.0,0,0,0,0,0,0,1,0,1
crossing,padded_benes,3,B_db_placeholder,template,5,input:w0->padded_benes_4x4_s0_w0_1.in,input:w2->padded_benes_4x4_s0_w2_3.in,197.0,132.0,32.0,40.0,80.0,8.0,20.0,8.0,0,0,0,1,0,1,1,0,1
crossing,padded_benes,3,B_db_placeholder,template,6,input:w1->padded_benes_4x4_s0_w0_1.add,input:w2->padded_benes_4x4_s0_w2_3.in,165.0,108.0,24.0,76.0,40.0,24.0,80.0,24.0,0,0,0,0,0,0,0,0,0
crossing,padded_benes,3,B_db_placeholder,template,7,input:w1->padded_benes_4x4_s0_w0_1.add,input:w2->padded_benes_4x4_s0_w2_3.in,301.0,140.0,26.832815729997478,16.0,80.0,12.0,104.0,12.0,0,0,0,0,0,0,1,0,1
crossing,padded_benes,3,B_db_placeholder,template,8,input:w1->padded_benes_4x4_s0_w0_1.add,input:w3->padded_benes_4x4_s0_w2_3.add,285.0,88.0,54.405882034941776,20.0,52.0,88.0,8.0,8.0,0,0,0,1,0,1,1,0,1
crossing,padded_benes,3,B_db_placeholder,template,9,input:w1->padded_benes_4x4_s0_w0_1.add,input:w3->padded_benes_4x4_s0_w2_3.add,197.0,68.0,51.22499389946279,32.0,88.0,8.0,20.0,8.0,0,0,0,1,0,1,1,0,1
crossing,padded_benes,3,B_db_placeholder,template,10,input:w2->padded_benes_4x4_s0_w2_3.in,input:w3->padded_benes_4x4_s0_w2_3.add,141.0,56.0,57.271284253105414,20.0,52.0,80.0,8.0,8.0,0,0,0,1,0,1,1,0,1
crossing,padded_benes,3,B_db_placeholder,template,11,input:w2->padded_benes_4x4_s0_w2_3.in,input:w3->padded_benes_4x4_s0_w2_3.add,407.0,36.0,74.0,106.0,10.0,20.0,36.0,10.0,0,0,0,0,0,0,1,0,1
crossing,padded_benes,3,B_db_placeholder,template,12,input:w2->padded_benes_4x4_s0_w2_3.in,input:w3->padded_benes_4x4_s0_w2_3.add,61.0,36.0,82.46211251235322,29.0,80.0,8.0,20.0,8.0,0,0,0,1,0,1,1,0,1
crossing,padded_benes,3,B_db_placeholder,template,13,input:w2->padded_benes_4x4_s0_w2_3.in,input:w3->padded_benes_4x4_s0_w2_3.add,333.0,36.0,70.76722405181653,32.0,84.0,8.0,20.0,8.0,0,0,0,1,0,1,1,0,1
crossing,padded_benes,3,C_db_realistic,template,0,input:w0->padded_benes_4x4_s0_w0_1.in,input:w1->padded_benes_4x4_s0_w0_1.add,165.0,132.0,24.0,8.0,112.0,52.0,64.0,8.0,0,0,0,1,0,1,1,0,1
crossing,padded_benes,3,C_db_realistic,template,1,input:w0->padded_benes_4x4_s0_w0_1.in,input:w1->padded_benes_4x4_s0_w0_1.add,407.0,164.0,74.0,130.0,10.0,20.0,36.0,10.0,0,0,0,0,0,0,1,0,1
crossing,padded_benes,3,C_db_realistic,template,2,input:w0->padded_benes_4x4_s0_w0_1.in,input:w1->padded_benes_4x4_s0_w0_1.add,61.0,164.0,108.81176406988355,29.0,96.0,8.0,20.0,8.0,0,0,0,1,0,1,1,0,1
crossing,padded_benes,3,C_db_realistic,template,3,input:w0->padded_benes_4x4_s0_w0_1.in,input:w1->padded_benes_4x4_s0_w0_1.add,333.0,164.0,40.0,56.0,84.0,8.0,20.0,8.0,0,0,0,1,0,1,1,0,1
crossing,padded_benes,3,C_db_realistic,template,4,input:w0->padded_benes_4x4_s0_w0_1.in,input:w2->padded_benes_4x4_s0_w2_3.in,277.0,152.0,26.832815729997478,20.0,12.0,80.0,24.0,12.0,0,0,0,0,0,0,1,0,1
crossing,padded_benes,3,C_db_realistic,template,5,input:w0->padded_benes_4x4_s0_w0_1.in,input:w2->padded_benes_4x4_s0_w2_3.in,197.0,132.0,32.0,40.0,80.0,8.0,20.0,8.0,0,0,0,1,0,1,1,0,1
crossing,padded_benes,3,C_db_realistic,template,6,input:w1->padded_benes_4x4_s0_w0_1.add,input:w2->padded_benes_4x4_s0_w2_3.in,165.0,108.0,24.0,76.0,40.0,24.0,80.0,24.0,0,0,0,0,0,0,0,0,0
crossing,padded_benes,3,C_db_realistic,template,7,input:w1->padded_benes_4x4_s0_w0_1.add,input:w2->padded_benes_4x4_s0_w2_3.in,301.0,140.0,26.832815729997478,16.0,80.0,12.0,104.0,12.0,0,0,0,0,0,0,1,0,1
crossing,padded_benes,3,C_db_realistic,template,8,input:w1->padded_benes_4x4_s0_w0_1.add,input:w3->padded_benes_4x4_s0_w2_3.add,285.0,88.0,54.405882034941776,20.0,52.0,88.0,8.0,8.0,0,0,0,1,0,1,1,0,1
crossing,padded_benes,3,C_db_realistic,template,9,input:w1->padded_benes_4x4_s0_w0_1.add,input:w3->padded_benes_4x4_s0_w2_3.add,197.0,68.0,51.22499389946279,32.0,88.0,8.0,20.0,8.0,0,0,0,1,0,1,1,0,1
crossing,padded_benes,3,C_db_realistic,template,10,input:w2->padded_benes_4x4_s0_w2_3.in,input:w3->padded_benes_4x4_s0_w2_3.add,141.0,56.0,57.271284253105414,20.0,52.0,80.0,8.0,8.0,0,0,0,1,0,1,1,0,1
crossing,padded_benes,3,C_db_realistic,template,11,input:w2->padded_benes_4x4_s0_w2_3.in,input:w3->padded_benes_4x4_s0_w2_3.add,407.0,36.0,74.0,106.0,10.0,20.0,36.0,10.0,0,0,0,0,0,0,1,0,1
crossing,padded_benes,3,C_db_realistic,template,12,input:w2->padded_benes_4x4_s0_w2_3.in,input:w3->padded_benes_4x4_s0_w2_3.add,61.0,36.0,82.46211251235322,29.0,80.0,8.0,20.0,8.0,0,0,0,1,0,1,1,0,1
crossing,padded_benes,3,C_db_realistic,template,13,input:w2->padded_benes_4x4_s0_w2_3.in,input:w3->padded_benes_4x4_s0_w2_3.add,333.0,36.0,70.76722405181653,32.0,84.0,8.0,20.0,8.0,0,0,0,1,0,1,1,0,1
crossing,padded_benes,4,B_db_placeholder,template,0,input:w0->padded_benes_4x4_s0_w0_1.in,input:w1->padded_benes_4x4_s0_w0_1.add,165.0,132.0,24.0,8.0,112.0,52.0,64.0,8.0,0,0,0,1,0,1,1,0,1
crossing,padded_benes,4,B_db_placeholder,template,1,input:w0->padded_benes_4x4_s0_w0_1.in,input:w1->padded_benes_4x4_s0_w0_1.add,407.0,164.0,74.0,130.0,10.0,20.0,36.0,10.0,0,0,0,0,0,0,1,0,1
crossing,padded_benes,4,B_db_placeholder,template,2,input:w0->padded_benes_4x4_s0_w0_1.in,input:w1->padded_benes_4x4_s0_w0_1.add,61.0,164.0,108.81176406988355,29.0,96.0,8.0,20.0,8.0,0,0,0,1,0,1,1,0,1
crossing,padded_benes,4,B_db_placeholder,template,3,input:w0->padded_benes_4x4_s0_w0_1.in,input:w1->padded_benes_4x4_s0_w0_1.add,333.0,164.0,40.0,56.0,84.0,8.0,20.0,8.0,0,0,0,1,0,1,1,0,1
crossing,padded_benes,4,B_db_placeholder,template,4,input:w0->padded_benes_4x4_s0_w0_1.in,input:w2->padded_benes_4x4_s0_w2_3.in,277.0,152.0,26.832815729997478,20.0,12.0,80.0,24.0,12.0,0,0,0,0,0,0,1,0,1
crossing,padded_benes,4,B_db_placeholder,template,5,input:w0->padded_benes_4x4_s0_w0_1.in,input:w2->padded_benes_4x4_s0_w2_3.in,197.0,132.0,32.0,40.0,80.0,8.0,20.0,8.0,0,0,0,1,0,1,1,0,1
crossing,padded_benes,4,B_db_placeholder,template,6,input:w1->padded_benes_4x4_s0_w0_1.add,input:w2->padded_benes_4x4_s0_w2_3.in,165.0,108.0,24.0,76.0,40.0,24.0,80.0,24.0,0,0,0,0,0,0,0,0,0
crossing,padded_benes,4,B_db_placeholder,template,7,input:w1->padded_benes_4x4_s0_w0_1.add,input:w2->padded_benes_4x4_s0_w2_3.in,301.0,140.0,26.832815729997478,16.0,80.0,12.0,104.0,12.0,0,0,0,0,0,0,1,0,1
crossing,padded_benes,4,B_db_placeholder,template,8,input:w1->padded_benes_4x4_s0_w0_1.add,input:w3->padded_benes_4x4_s0_w2_3.add,285.0,88.0,54.405882034941776,20.0,52.0,88.0,8.0,8.0,0,0,0,1,0,1,1,0,1
crossing,padded_benes,4,B_db_placeholder,template,9,input:w1->padded_benes_4x4_s0_w0_1.add,input:w3->padded_benes_4x4_s0_w2_3.add,197.0,68.0,51.22499389946279,32.0,88.0,8.0,20.0,8.0,0,0,0,1,0,1,1,0,1
crossing,padded_benes,4,B_db_placeholder,template,10,input:w2->padded_benes_4x4_s0_w2_3.in,input:w3->padded_benes_4x4_s0_w2_3.add,141.0,56.0,57.271284253105414,20.0,52.0,80.0,8.0,8.0,0,0,0,1,0,1,1,0,1
crossing,padded_benes,4,B_db_placeholder,template,11,input:w2->padded_benes_4x4_s0_w2_3.in,input:w3->padded_benes_4x4_s0_w2_3.add,407.0,36.0,74.0,106.0,10.0,20.0,36.0,10.0,0,0,0,0,0,0,1,0,1
crossing,padded_benes,4,B_db_placeholder,template,12,input:w2->padded_benes_4x4_s0_w2_3.in,input:w3->padded_benes_4x4_s0_w2_3.add,61.0,36.0,82.46211251235322,29.0,80.0,8.0,20.0,8.0,0,0,0,1,0,1,1,0,1
crossing,padded_benes,4,B_db_placeholder,template,13,input:w2->padded_benes_4x4_s0_w2_3.in,input:w3->padded_benes_4x4_s0_w2_3.add,333.0,36.0,70.76722405181653,32.0,84.0,8.0,20.0,8.0,0,0,0,1,0,1,1,0,1
crossing,padded_benes,4,C_db_realistic,template,0,input:w0->padded_benes_4x4_s0_w0_1.in,input:w1->padded_benes_4x4_s0_w0_1.add,165.0,132.0,24.0,8.0,112.0,52.0,64.0,8.0,0,0,0,1,0,1,1,0,1
crossing,padded_benes,4,C_db_realistic,template,1,input:w0->padded_benes_4x4_s0_w0_1.in,input:w1->padded_benes_4x4_s0_w0_1.add,407.0,164.0,74.0,130.0,10.0,20.0,36.0,10.0,0,0,0,0,0,0,1,0,1
crossing,padded_benes,4,C_db_realistic,template,2,input:w0->padded_benes_4x4_s0_w0_1.in,input:w1->padded_benes_4x4_s0_w0_1.add,61.0,164.0,108.81176406988355,29.0,96.0,8.0,20.0,8.0,0,0,0,1,0,1,1,0,1
crossing,padded_benes,4,C_db_realistic,template,3,input:w0->padded_benes_4x4_s0_w0_1.in,input:w1->padded_benes_4x4_s0_w0_1.add,333.0,164.0,40.0,56.0,84.0,8.0,20.0,8.0,0,0,0,1,0,1,1,0,1
crossing,padded_benes,4,C_db_realistic,template,4,input:w0->padded_benes_4x4_s0_w0_1.in,input:w2->padded_benes_4x4_s0_w2_3.in,277.0,152.0,26.832815729997478,20.0,12.0,80.0,24.0,12.0,0,0,0,0,0,0,1,0,1
crossing,padded_benes,4,C_db_realistic,template,5,input:w0->padded_benes_4x4_s0_w0_1.in,input:w2->padded_benes_4x4_s0_w2_3.in,197.0,132.0,32.0,40.0,80.0,8.0,20.0,8.0,0,0,0,1,0,1,1,0,1
crossing,padded_benes,4,C_db_realistic,template,6,input:w1->padded_benes_4x4_s0_w0_1.add,input:w2->padded_benes_4x4_s0_w2_3.in,165.0,108.0,24.0,76.0,40.0,24.0,80.0,24.0,0,0,0,0,0,0,0,0,0
crossing,padded_benes,4,C_db_realistic,template,7,input:w1->padded_benes_4x4_s0_w0_1.add,input:w2->padded_benes_4x4_s0_w2_3.in,301.0,140.0,26.832815729997478,16.0,80.0,12.0,104.0,12.0,0,0,0,0,0,0,1,0,1
crossing,padded_benes,4,C_db_realistic,template,8,input:w1->padded_benes_4x4_s0_w0_1.add,input:w3->padded_benes_4x4_s0_w2_3.add,285.0,88.0,54.405882034941776,20.0,52.0,88.0,8.0,8.0,0,0,0,1,0,1,1,0,1
crossing,padded_benes,4,C_db_realistic,template,9,input:w1->padded_benes_4x4_s0_w0_1.add,input:w3->padded_benes_4x4_s0_w2_3.add,197.0,68.0,51.22499389946279,32.0,88.0,8.0,20.0,8.0,0,0,0,1,0,1,1,0,1
crossing,padded_benes,4,C_db_realistic,template,10,input:w2->padded_benes_4x4_s0_w2_3.in,input:w3->padded_benes_4x4_s0_w2_3.add,141.0,56.0,57.271284253105414,20.0,52.0,80.0,8.0,8.0,0,0,0,1,0,1,1,0,1
crossing,padded_benes,4,C_db_realistic,template,11,input:w2->padded_benes_4x4_s0_w2_3.in,input:w3->padded_benes_4x4_s0_w2_3.add,407.0,36.0,74.0,106.0,10.0,20.0,36.0,10.0,0,0,0,0,0,0,1,0,1
crossing,padded_benes,4,C_db_realistic,template,12,input:w2->padded_benes_4x4_s0_w2_3.in,input:w3->padded_benes_4x4_s0_w2_3.add,61.0,36.0,82.46211251235322,29.0,80.0,8.0,20.0,8.0,0,0,0,1,0,1,1,0,1
crossing,padded_benes,4,C_db_realistic,template,13,input:w2->padded_benes_4x4_s0_w2_3.in,input:w3->padded_benes_4x4_s0_w2_3.add,333.0,36.0,70.76722405181653,32.0,84.0,8.0,20.0,8.0,0,0,0,1,0,1,1,0,1
crossing,padded_benes,5,B_db_placeholder,template,0,input:w0->padded_benes_8x8_s0_w0_1.in,input:w1->padded_benes_8x8_s0_w0_1.add,197.0,388.0,24.0,8.0,160.0,52.0,64.0,8.0,0,0,0,1,0,1,1,0,1
crossing,padded_benes,5,B_db_placeholder,template,1,input:w0->padded_benes_8x8_s0_w0_1.in,input:w1->padded_benes_8x8_s0_w0_1.add,807.0,420.0,74.0,162.0,10.0,20.0,36.0,10.0,0,0,0,0,0,0,1,0,1
crossing,padded_benes,5,B_db_placeholder,template,2,input:w0->padded_benes_8x8_s0_w0_1.in,input:w1->padded_benes_8x8_s0_w0_1.add,61.0,420.0,128.0,29.0,128.0,8.0,20.0,8.0,0,0,0,1,0,1,1,0,1
crossing,padded_benes,5,B_db_placeholder,template,3,input:w0->padded_benes_8x8_s0_w0_1.in,input:w1->padded_benes_8x8_s0_w0_1.add,733.0,420.0,40.0,88.0,84.0,8.0,20.0,8.0,0,0,0,1,0,1,1,0,1
crossing,padded_benes,5,B_db_placeholder,template,4,input:w0->padded_benes_8x8_s0_w0_1.in,input:w2->padded_benes_8x8_s0_w2_3.in,365.0,324.0,24.0,8.0,112.0,84.0,128.0,8.0,0,0,0,1,0,1,1,0,1
crossing,padded_benes,5,B_db_placeholder,template,5,input:w0->padded_benes_8x8_s0_w0_1.in,input:w2->padded_benes_8x8_s0_w2_3.in,645.0,408.0,57.271284253105414,20.0,12.0,80.0,56.0,12.0,0,0,0,0,0,0,1,0,1
crossing,padded_benes,5,B_db_placeholder,template,6,input:w0->padded_benes_8x8_s0_w0_1.in,input:w2->padded_benes_8x8_s0_w2_3.in,229.0,388.0,32.0,40.0,128.0,8.0,20.0,8.0,0,0,0,1,0,1,1,0,1
crossing,padded_benes,5,B_db_placeholder,template,7,input:w0->padded_benes_8x8_s0_w0_1.in,input:w2->padded_benes_8x8_s0_w2_3.in,565.0,388.0,64.0,88.0,80.0,8.0,20.0,8.0,0,0,0,1,0,1,1,0,1
crossing,padded_benes,5,B_db_placeholder,template,8,input:w0->padded_benes_8x8_s0_w0_1.in,input:w4->padded_benes_8x8_s0_w4_5.in,477.0,344.0,16.0,20.0,44.0,80.0,56.0,20.0,0,0,0,0,0,0,0,0,0
crossing,padded_benes,5,B_db_placeholder,template,9,input:w0->padded_benes_8x8_s0_w0_1.in,input:w4->padded_benes_8x8_s0_w4_5.in,397.0,324.0,32.0,40.0,80.0,8.0,20.0,8.0,0,0,0,1,0,1,1,0,1
crossing,padded_benes,5,B_db_placeholder,template,10,input:w1->padded_benes_8x8_s0_w0_1.add,input:w2->padded_benes_8x8_s0_w2_3.in,197.0,364.0,24.0,76.0,40.0,56.0,80.0,40.0,0,0,0,0,0,0,0,0,0
crossing,padded_benes,5,B_db_placeholder,template,11,input:w1->padded_benes_8x8_s0_w0_1.add,input:w2->padded_benes_8x8_s0_w2_3.in,365.0,260.0,16.0,24.0,120.0,148.0,64.0,24.0,0,0,0,0,0,0,0,0,0
crossing,padded_benes,5,B_db_placeholder,template,12,input:w1->padded_benes_8x8_s0_w0_1.add,input:w2->padded_benes_8x8_s0_w2_3.in,493.0,324.0,20.0,8.0,160.0,128.0,40.0,8.0,0,0,0,1,0,1,1,0,1
crossing,padded_benes,5,B_db_placeholder,template,13,input:w1->padded_benes_8x8_s0_w0_1.add,input:w2->padded_benes_8x8_s0_w2_3.in,701.0,396.0,40.0,48.0,80.0,12.0,104.0,12.0,0,0,0,0,0,0,1,0,1
crossing,padded_benes,5,B_db_placeholder,template,14,input:w1->padded_benes_8x8_s0_w0_1.add,input:w3->padded_benes_8x8_s0_w2_3.add,349.0,260.0,16.0,8.0,136.0,84.0,128.0,8.0,0,0,0,1,0,1,1,0,1
crossing,padded_benes,5,B_db_placeholder,template,15,input:w1->padded_benes_8x8_s0_w0_1.add,input:w3->padded_benes_8x8_s0_w2_3.add,653.0,344.0,64.4980619863884,20.0,52.0,88.0,40.0,20.0,0,0,0,0,0,0,0,0,0
crossing,padded_benes,5,B_db_placeholder,template,16,input:w1->padded_benes_8x8_s0_w0_1.add,input:w3->padded_benes_8x8_s0_w2_3.add,229.0,324.0,51.22499389946279,32.0,112.0,8.0,20.0,8.0,0,0,0,1,0,1,1,0,1
crossing,padded_benes,5,B_db_placeholder,template,17,input:w1->padded_benes_8x8_s0_w0_1.add,input:w3->padded_benes_8x8_s0_w2_3.add,565.0,324.0,32.0,80.0,88.0,8.0,20.0,8.0,0,0,0,1,0,1,1,0,1
crossing,padded_benes,5,B_db_placeholder,template,18,input:w1->padded_benes_8x8_s0_w0_1.add,input:w4->padded_benes_8x8_s0_w4_5.in,341.0,300.0,8.0,24.0,40.0,24.0,104.0,24.0,0,0,0,0,1,1,0,1,1
crossing,padded_benes,5,B_db_placeholder,template,19,input:w1->padded_benes_8x8_s0_w0_1.add,input:w4->padded_benes_8x8_s0_w4_5.in,533.0,324.0,24.0,48.0,120.0,20.0,192.0,20.0,0,0,0,0,0,0,0,0,0
crossing,padded_benes,5,B_db_placeholder,template,20,input:w1->padded_benes_8x8_s0_w0_1.add,input:w5->padded_benes_8x8_s0_w4_5.add,485.0,280.0,8.0,20.0,44.0,88.0,40.0,20.0,0,0,0,0,1,1,0,1,1
crossing,padded_benes,5,B_db_placeholder,template,21,input:w1->padded_benes_8x8_s0_w0_1.add,input:w5->padded_benes_8x8_s0_w4_5.add,397.0,260.0,32.0,56.0,88.0,8.0,20.0,8.0,0,0,0,1,0,1,1,0,1
crossing,padded_benes,5,B_db_placeholder,template,22,input:w2->padded_benes_8x8_s0_w2_3.in,input:w3->padded_benes_8x8_s0_w2_3.add,141.0,312.0,76.4198926981712,20.0,52.0,80.0,40.0,20.0,0,0,0,0,0,0,0,0,0
crossing,padded_benes,5,B_db_placeholder,template,23,input:w2->padded_benes_8x8_s0_w2_3.in,input:w3->padded_benes_8x8_s0_w2_3.add,807.0,292.0,74.0,106.0,10.0,20.0,36.0,10.0,0,0,0,0,0,0,1,0,1
crossing,padded_benes,5,B_db_placeholder,template,24,input:w2->padded_benes_8x8_s0_w2_3.in,input:w3->padded_benes_8x8_s0_w2_3.add,61.0,292.0,82.46211251235322,29.0,80.0,8.0,20.0,8.0,0,0,0,1,0,1,1,0,1
crossing,padded_benes,5,B_db_placeholder,template,25,input:w2->padded_benes_8x8_s0_w2_3.in,input:w3->padded_benes_8x8_s0_w2_3.add,733.0,292.0,74.0,32.0,84.0,8.0,20.0,8.0,0,0,0,1,0,1,1,0,1
crossing,padded_benes,5,B_db_placeholder,template,26,input:w2->padded_benes_8x8_s0_w2_3.in,input:w4->padded_benes_8x8_s0_w4_5.in,365.0,300.0,16.0,108.0,104.0,48.0,80.0,48.0,0,0,0,0,0,0,0,0,0
crossing,padded_benes,5,B_db_placeholder,template,27,input:w2->padded_benes_8x8_s0_w2_3.in,input:w4->padded_benes_8x8_s0_w4_5.in,493.0,344.0,16.0,148.0,20.0,96.0,40.0,20.0,0,0,0,0,0,0,0,0,0
crossing,padded_benes,5,B_db_placeholder,template,28,input:w2->padded_benes_8x8_s0_w2_3.in,input:w5->padded_benes_8x8_s0_w4_5.add,365.0,236.0,16.0,172.0,40.0,32.0,80.0,32.0,0,0,0,0,0,0,0,0,0
crossing,padded_benes,5,B_db_placeholder,template,29,input:w2->padded_benes_8x8_s0_w2_3.in,input:w5->padded_benes_8x8_s0_w4_5.add,493.0,280.0,8.0,84.0,84.0,96.0,32.0,32.0,0,0,0,0,1,1,0,1,1
crossing,padded_benes,5,B_db_placeholder,template,30,input:w2->padded_benes_8x8_s0_w2_3.in,input:w6->padded_benes_8x8_s0_w6_7.in,493.0,216.0,8.0,20.0,148.0,96.0,24.0,20.0,0,0,0,0,1,1,0,1,1
crossing,padded_benes,5,B_db_placeholder,template,31,input:w2->padded_benes_8x8_s0_w2_3.in,input:w6->padded_benes_8x8_s0_w6_7.in,397.0,196.0,51.22499389946279,32.0,96.0,8.0,20.0,8.0,0,0,0,1,0,1,1,0,1
crossing,padded_benes,5,B_db_placeholder,template,32,input:w3->padded_benes_8x8_s0_w2_3.add,input:w4->padded_benes_8x8_s0_w4_5.in,349.0,300.0,8.0,44.0,168.0,32.0,96.0,32.0,0,0,0,0,1,1,0,1,1
crossing,padded_benes,5,B_db_placeholder,template,33,input:w3->padded_benes_8x8_s0_w2_3.add,input:w4->padded_benes_8x8_s0_w4_5.in,533.0,300.0,24.0,32.0,80.0,44.0,168.0,32.0,0,0,0,0,0,0,0,0,0
crossing,padded_benes,5,B_db_placeholder,template,34,input:w3->padded_benes_8x8_s0_w2_3.add,input:w5->padded_benes_8x8_s0_w4_5.add,349.0,236.0,16.0,108.0,104.0,16.0,96.0,16.0,0,0,0,0,0,0,0,0,0
crossing,padded_benes,5,B_db_placeholder,template,35,input:w3->padded_benes_8x8_s0_w2_3.add,input:w5->padded_benes_8x8_s0_w4_5.add,501.0,280.0,8.0,148.0,20.0,104.0,24.0,20.0,0,0,0,0,1,1,0,1,1
crossing,padded_benes,5,B_db_placeholder,template,36,input:w3->padded_benes_8x8_s0_w2_3.add,input:w6->padded_benes_8x8_s0_w6_7.in,349.0,172.0,16.0,172.0,40.0,40.0,96.0,40.0,0,0,0,0,0,0,0,0,0
crossing,padded_benes,5,B_db_placeholder,template,37,input:w3->padded_benes_8x8_s0_w2_3.add,input:w6->padded_benes_8x8_s0_w6_7.in,501.0,216.0,8.0,84.0,84.0,104.0,16.0,16.0,0,0,0,0,1,1,0,1,1
crossing,padded_benes,5,B_db_placeholder,template,38,input:w3->padded_benes_8x8_s0_w2_3.add,input:w7->padded_benes_8x8_s0_w6_7.add,501.0,152.0,50.11985634456667,20.0,148.0,104.0,8.0,8.0,0,0,0,1,0,1,1,0,1
crossing,padded_benes,5,B_db_placeholder,template,39,input:w3->padded_benes_8x8_s0_w2_3.add,input:w7->padded_benes_8x8_s0_w6_7.add,397.0,132.0,62.48199740725323,48.0,104.0,8.0,20.0,8.0,0,0,0,1,0,1,1,0,1
crossing,padded_benes,5,B_db_placeholder,template,40,input:w4->padded_benes_8x8_s0_w4_5.in,input:w5->padded_benes_8x8_s0_w4_5.add,173.0,132.0,24.0,8.0,144.0,52.0,64.0,8.0,0,0,0,1,0,1,1,0,1
crossing,padded_benes,5,B_db_placeholder,template,41,input:w4->padded_benes_8x8_s0_w4_5.in,input:w5->padded_benes_8x8_s0_w4_5.add,807.0,164.0,74.0,146.0,10.0,20.0,36.0,10.0,0,0,0,0,0,0,1,0,1
crossing,padded_benes,5,B_db_placeholder,template,42,input:w4->padded_benes_8x8_s0_w4_5.in,input:w5->padded_benes_8x8_s0_w4_5.add,61.0,164.0,116.48175822848829,29.0,104.0,8.0,20.0,8.0,0,0,0,1,0,1,1,0,1
crossing,padded_benes,5,B_db_placeholder,template,43,input:w4->padded_benes_8x8_s0_w4_5.in,input:w5->padded_benes_8x8_s0_w4_5.add,733.0,164.0,53.665631459994955,72.0,84.0,8.0,20.0,8.0,0,0,0,1,0,1,1,0,1
crossing,padded_benes,5,B_db_placeholder,template,44,input:w4->padded_benes_8x8_s0_w4_5.in,input:w6->padded_benes_8x8_s0_w6_7.in,317.0,172.0,16.0,40.0,128.0,8.0,128.0,8.0,0,0,0,1,0,1,1,0,1
crossing,padded_benes,5,B_db_placeholder,template,45,input:w4->padded_benes_8x8_s0_w4_5.in,input:w6->padded_benes_8x8_s0_w6_7.in,661.0,152.0,26.832815729997478,20.0,12.0,96.0,24.0,12.0,0,0,0,0,0,0,1,0,1
crossing,padded_benes,5,B_db_placeholder,template,46,input:w4->padded_benes_8x8_s0_w4_5.in,input:w6->padded_benes_8x8_s0_w6_7.in,229.0,132.0,56.0,64.0,88.0,8.0,20.0,8.0,0,0,0,1,0,1,1,0,1
crossing,padded_benes,5,B_db_placeholder,template,47,input:w4->padded_benes_8x8_s0_w4_5.in,input:w6->padded_benes_8x8_s0_w6_7.in,565.0,132.0,46.647615158762406,32.0,96.0,8.0,20.0,8.0,0,0,0,1,0,1,1,0,1
crossing,padded_benes,5,B_db_placeholder,template,48,input:w5->padded_benes_8x8_s0_w4_5.add,input:w6->padded_benes_8x8_s0_w6_7.in,173.0,108.0,24.0,76.0,40.0,24.0,104.0,24.0,0,0,0,0,0,0,0,0,0
crossing,padded_benes,5,B_db_placeholder,template,49,input:w5->padded_benes_8x8_s0_w4_5.add,input:w6->padded_benes_8x8_s0_w6_7.in,333.0,172.0,16.0,104.0,64.0,24.0,112.0,24.0,0,0,0,0,0,0,0,0,0
crossing,padded_benes,5,B_db_placeholder,template,50,input:w5->padded_benes_8x8_s0_w4_5.add,input:w6->padded_benes_8x8_s0_w6_7.in,525.0,108.0,46.647615158762406,172.0,40.0,8.0,88.0,8.0,0,0,0,1,0,1,1,0,1
crossing,padded_benes,5,B_db_placeholder,template,51,input:w5->padded_benes_8x8_s0_w4_5.add,input:w6->padded_benes_8x8_s0_w6_7.in,685.0,140.0,26.832815729997478,16.0,96.0,12.0,104.0,12.0,0,0,0,0,0,0,1,0,1
crossing,padded_benes,5,B_db_placeholder,template,52,input:w5->padded_benes_8x8_s0_w4_5.add,input:w7->padded_benes_8x8_s0_w6_7.add,333.0,108.0,64.0,40.0,128.0,8.0,112.0,8.0,0,0,0,1,0,1,1,0,1
crossing,padded_benes,5,B_db_placeholder,template,53,input:w5->padded_benes_8x8_s0_w4_5.add,input:w7->padded_benes_8x8_s0_w6_7.add,669.0,88.0,54.405882034941776,20.0,52.0,104.0,8.0,8.0,0,0,0,1,0,1,1,0,1
crossing,padded_benes,5,B_db_placeholder,template,54,input:w5->padded_benes_8x8_s0_w4_5.add,input:w7->padded_benes_8x8_s0_w6_7.add,229.0,68.0,64.0,56.0,104.0,8.0,20.0,8.0,0,0,0,1,0,1,1,0,1
crossing,padded_benes,5,B_db_placeholder,template,55,input:w5->padded_benes_8x8_s0_w4_5.add,input:w7->padded_benes_8x8_s0_w6_7.add,565.0,68.0,56.568542494923804,40.0,104.0,8.0,20.0,8.0,0,0,0,1,0,1,1,0,1
crossing,padded_benes,5,B_db_placeholder,template,56,input:w6->padded_benes_8x8_s0_w6_7.in,input:w7->padded_benes_8x8_s0_w6_7.add,149.0,56.0,57.271284253105414,20.0,52.0,88.0,8.0,8.0,0,0,0,1,0,1,1,0,1
crossing,padded_benes,5,B_db_placeholder,template,57,input:w6->padded_benes_8x8_s0_w6_7.in,input:w7->padded_benes_8x8_s0_w6_7.add,807.0,36.0,74.0,122.0,10.0,20.0,36.0,10.0,0,0,0,0,0,0,1,0,1
crossing,padded_benes,5,B_db_placeholder,template,58,input:w6->padded_benes_8x8_s0_w6_7.in,input:w7->padded_benes_8x8_s0_w6_7.add,61.0,36.0,90.24411338142782,29.0,88.0,8.0,20.0,8.0,0,0,0,1,0,1,1,0,1
crossing,padded_benes,5,B_db_placeholder,template,59,input:w6->padded_benes_8x8_s0_w6_7.in,input:w7->padded_benes_8x8_s0_w6_7.add,733.0,36.0,74.0,48.0,84.0,8.0,20.0,8.0,0,0,0,1,0,1,1,0,1
crossing,padded_benes,5,C_db_realistic,template,0,input:w0->padded_benes_8x8_s0_w0_1.in,input:w1->padded_benes_8x8_s0_w0_1.add,197.0,388.0,24.0,8.0,160.0,52.0,64.0,8.0,0,0,0,1,0,1,1,0,1
crossing,padded_benes,5,C_db_realistic,template,1,input:w0->padded_benes_8x8_s0_w0_1.in,input:w1->padded_benes_8x8_s0_w0_1.add,807.0,420.0,74.0,162.0,10.0,20.0,36.0,10.0,0,0,0,0,0,0,1,0,1
crossing,padded_benes,5,C_db_realistic,template,2,input:w0->padded_benes_8x8_s0_w0_1.in,input:w1->padded_benes_8x8_s0_w0_1.add,61.0,420.0,128.0,29.0,128.0,8.0,20.0,8.0,0,0,0,1,0,1,1,0,1
crossing,padded_benes,5,C_db_realistic,template,3,input:w0->padded_benes_8x8_s0_w0_1.in,input:w1->padded_benes_8x8_s0_w0_1.add,733.0,420.0,40.0,88.0,84.0,8.0,20.0,8.0,0,0,0,1,0,1,1,0,1
crossing,padded_benes,5,C_db_realistic,template,4,input:w0->padded_benes_8x8_s0_w0_1.in,input:w2->padded_benes_8x8_s0_w2_3.in,365.0,324.0,24.0,8.0,112.0,84.0,128.0,8.0,0,0,0,1,0,1,1,0,1
crossing,padded_benes,5,C_db_realistic,template,5,input:w0->padded_benes_8x8_s0_w0_1.in,input:w2->padded_benes_8x8_s0_w2_3.in,645.0,408.0,57.271284253105414,20.0,12.0,80.0,56.0,12.0,0,0,0,0,0,0,1,0,1
crossing,padded_benes,5,C_db_realistic,template,6,input:w0->padded_benes_8x8_s0_w0_1.in,input:w2->padded_benes_8x8_s0_w2_3.in,229.0,388.0,32.0,40.0,128.0,8.0,20.0,8.0,0,0,0,1,0,1,1,0,1
crossing,padded_benes,5,C_db_realistic,template,7,input:w0->padded_benes_8x8_s0_w0_1.in,input:w2->padded_benes_8x8_s0_w2_3.in,565.0,388.0,64.0,88.0,80.0,8.0,20.0,8.0,0,0,0,1,0,1,1,0,1
crossing,padded_benes,5,C_db_realistic,template,8,input:w0->padded_benes_8x8_s0_w0_1.in,input:w4->padded_benes_8x8_s0_w4_5.in,477.0,344.0,16.0,20.0,44.0,80.0,56.0,20.0,0,0,0,0,0,0,0,0,0
crossing,padded_benes,5,C_db_realistic,template,9,input:w0->padded_benes_8x8_s0_w0_1.in,input:w4->padded_benes_8x8_s0_w4_5.in,397.0,324.0,32.0,40.0,80.0,8.0,20.0,8.0,0,0,0,1,0,1,1,0,1
crossing,padded_benes,5,C_db_realistic,template,10,input:w1->padded_benes_8x8_s0_w0_1.add,input:w2->padded_benes_8x8_s0_w2_3.in,197.0,364.0,24.0,76.0,40.0,56.0,80.0,40.0,0,0,0,0,0,0,0,0,0
crossing,padded_benes,5,C_db_realistic,template,11,input:w1->padded_benes_8x8_s0_w0_1.add,input:w2->padded_benes_8x8_s0_w2_3.in,365.0,260.0,16.0,24.0,120.0,148.0,64.0,24.0,0,0,0,0,0,0,0,0,0
crossing,padded_benes,5,C_db_realistic,template,12,input:w1->padded_benes_8x8_s0_w0_1.add,input:w2->padded_benes_8x8_s0_w2_3.in,493.0,324.0,20.0,8.0,160.0,128.0,40.0,8.0,0,0,0,1,0,1,1,0,1
crossing,padded_benes,5,C_db_realistic,template,13,input:w1->padded_benes_8x8_s0_w0_1.add,input:w2->padded_benes_8x8_s0_w2_3.in,701.0,396.0,40.0,48.0,80.0,12.0,104.0,12.0,0,0,0,0,0,0,1,0,1
crossing,padded_benes,5,C_db_realistic,template,14,input:w1->padded_benes_8x8_s0_w0_1.add,input:w3->padded_benes_8x8_s0_w2_3.add,349.0,260.0,16.0,8.0,136.0,84.0,128.0,8.0,0,0,0,1,0,1,1,0,1
crossing,padded_benes,5,C_db_realistic,template,15,input:w1->padded_benes_8x8_s0_w0_1.add,input:w3->padded_benes_8x8_s0_w2_3.add,653.0,344.0,64.4980619863884,20.0,52.0,88.0,40.0,20.0,0,0,0,0,0,0,0,0,0
crossing,padded_benes,5,C_db_realistic,template,16,input:w1->padded_benes_8x8_s0_w0_1.add,input:w3->padded_benes_8x8_s0_w2_3.add,229.0,324.0,51.22499389946279,32.0,112.0,8.0,20.0,8.0,0,0,0,1,0,1,1,0,1
crossing,padded_benes,5,C_db_realistic,template,17,input:w1->padded_benes_8x8_s0_w0_1.add,input:w3->padded_benes_8x8_s0_w2_3.add,565.0,324.0,32.0,80.0,88.0,8.0,20.0,8.0,0,0,0,1,0,1,1,0,1
crossing,padded_benes,5,C_db_realistic,template,18,input:w1->padded_benes_8x8_s0_w0_1.add,input:w4->padded_benes_8x8_s0_w4_5.in,341.0,300.0,8.0,24.0,40.0,24.0,104.0,24.0,0,0,0,0,1,1,0,1,1
crossing,padded_benes,5,C_db_realistic,template,19,input:w1->padded_benes_8x8_s0_w0_1.add,input:w4->padded_benes_8x8_s0_w4_5.in,533.0,324.0,24.0,48.0,120.0,20.0,192.0,20.0,0,0,0,0,0,0,0,0,0
crossing,padded_benes,5,C_db_realistic,template,20,input:w1->padded_benes_8x8_s0_w0_1.add,input:w5->padded_benes_8x8_s0_w4_5.add,485.0,280.0,8.0,20.0,44.0,88.0,40.0,20.0,0,0,0,0,1,1,0,1,1
crossing,padded_benes,5,C_db_realistic,template,21,input:w1->padded_benes_8x8_s0_w0_1.add,input:w5->padded_benes_8x8_s0_w4_5.add,397.0,260.0,32.0,56.0,88.0,8.0,20.0,8.0,0,0,0,1,0,1,1,0,1
crossing,padded_benes,5,C_db_realistic,template,22,input:w2->padded_benes_8x8_s0_w2_3.in,input:w3->padded_benes_8x8_s0_w2_3.add,141.0,312.0,76.4198926981712,20.0,52.0,80.0,40.0,20.0,0,0,0,0,0,0,0,0,0
crossing,padded_benes,5,C_db_realistic,template,23,input:w2->padded_benes_8x8_s0_w2_3.in,input:w3->padded_benes_8x8_s0_w2_3.add,807.0,292.0,74.0,106.0,10.0,20.0,36.0,10.0,0,0,0,0,0,0,1,0,1
crossing,padded_benes,5,C_db_realistic,template,24,input:w2->padded_benes_8x8_s0_w2_3.in,input:w3->padded_benes_8x8_s0_w2_3.add,61.0,292.0,82.46211251235322,29.0,80.0,8.0,20.0,8.0,0,0,0,1,0,1,1,0,1
crossing,padded_benes,5,C_db_realistic,template,25,input:w2->padded_benes_8x8_s0_w2_3.in,input:w3->padded_benes_8x8_s0_w2_3.add,733.0,292.0,74.0,32.0,84.0,8.0,20.0,8.0,0,0,0,1,0,1,1,0,1
crossing,padded_benes,5,C_db_realistic,template,26,input:w2->padded_benes_8x8_s0_w2_3.in,input:w4->padded_benes_8x8_s0_w4_5.in,365.0,300.0,16.0,108.0,104.0,48.0,80.0,48.0,0,0,0,0,0,0,0,0,0
crossing,padded_benes,5,C_db_realistic,template,27,input:w2->padded_benes_8x8_s0_w2_3.in,input:w4->padded_benes_8x8_s0_w4_5.in,493.0,344.0,16.0,148.0,20.0,96.0,40.0,20.0,0,0,0,0,0,0,0,0,0
crossing,padded_benes,5,C_db_realistic,template,28,input:w2->padded_benes_8x8_s0_w2_3.in,input:w5->padded_benes_8x8_s0_w4_5.add,365.0,236.0,16.0,172.0,40.0,32.0,80.0,32.0,0,0,0,0,0,0,0,0,0
crossing,padded_benes,5,C_db_realistic,template,29,input:w2->padded_benes_8x8_s0_w2_3.in,input:w5->padded_benes_8x8_s0_w4_5.add,493.0,280.0,8.0,84.0,84.0,96.0,32.0,32.0,0,0,0,0,1,1,0,1,1
crossing,padded_benes,5,C_db_realistic,template,30,input:w2->padded_benes_8x8_s0_w2_3.in,input:w6->padded_benes_8x8_s0_w6_7.in,493.0,216.0,8.0,20.0,148.0,96.0,24.0,20.0,0,0,0,0,1,1,0,1,1
crossing,padded_benes,5,C_db_realistic,template,31,input:w2->padded_benes_8x8_s0_w2_3.in,input:w6->padded_benes_8x8_s0_w6_7.in,397.0,196.0,51.22499389946279,32.0,96.0,8.0,20.0,8.0,0,0,0,1,0,1,1,0,1
crossing,padded_benes,5,C_db_realistic,template,32,input:w3->padded_benes_8x8_s0_w2_3.add,input:w4->padded_benes_8x8_s0_w4_5.in,349.0,300.0,8.0,44.0,168.0,32.0,96.0,32.0,0,0,0,0,1,1,0,1,1
crossing,padded_benes,5,C_db_realistic,template,33,input:w3->padded_benes_8x8_s0_w2_3.add,input:w4->padded_benes_8x8_s0_w4_5.in,533.0,300.0,24.0,32.0,80.0,44.0,168.0,32.0,0,0,0,0,0,0,0,0,0
crossing,padded_benes,5,C_db_realistic,template,34,input:w3->padded_benes_8x8_s0_w2_3.add,input:w5->padded_benes_8x8_s0_w4_5.add,349.0,236.0,16.0,108.0,104.0,16.0,96.0,16.0,0,0,0,0,0,0,0,0,0
crossing,padded_benes,5,C_db_realistic,template,35,input:w3->padded_benes_8x8_s0_w2_3.add,input:w5->padded_benes_8x8_s0_w4_5.add,501.0,280.0,8.0,148.0,20.0,104.0,24.0,20.0,0,0,0,0,1,1,0,1,1
crossing,padded_benes,5,C_db_realistic,template,36,input:w3->padded_benes_8x8_s0_w2_3.add,input:w6->padded_benes_8x8_s0_w6_7.in,349.0,172.0,16.0,172.0,40.0,40.0,96.0,40.0,0,0,0,0,0,0,0,0,0
crossing,padded_benes,5,C_db_realistic,template,37,input:w3->padded_benes_8x8_s0_w2_3.add,input:w6->padded_benes_8x8_s0_w6_7.in,501.0,216.0,8.0,84.0,84.0,104.0,16.0,16.0,0,0,0,0,1,1,0,1,1
crossing,padded_benes,5,C_db_realistic,template,38,input:w3->padded_benes_8x8_s0_w2_3.add,input:w7->padded_benes_8x8_s0_w6_7.add,501.0,152.0,50.11985634456667,20.0,148.0,104.0,8.0,8.0,0,0,0,1,0,1,1,0,1
crossing,padded_benes,5,C_db_realistic,template,39,input:w3->padded_benes_8x8_s0_w2_3.add,input:w7->padded_benes_8x8_s0_w6_7.add,397.0,132.0,62.48199740725323,48.0,104.0,8.0,20.0,8.0,0,0,0,1,0,1,1,0,1
crossing,padded_benes,5,C_db_realistic,template,40,input:w4->padded_benes_8x8_s0_w4_5.in,input:w5->padded_benes_8x8_s0_w4_5.add,173.0,132.0,24.0,8.0,144.0,52.0,64.0,8.0,0,0,0,1,0,1,1,0,1
crossing,padded_benes,5,C_db_realistic,template,41,input:w4->padded_benes_8x8_s0_w4_5.in,input:w5->padded_benes_8x8_s0_w4_5.add,807.0,164.0,74.0,146.0,10.0,20.0,36.0,10.0,0,0,0,0,0,0,1,0,1
crossing,padded_benes,5,C_db_realistic,template,42,input:w4->padded_benes_8x8_s0_w4_5.in,input:w5->padded_benes_8x8_s0_w4_5.add,61.0,164.0,116.48175822848829,29.0,104.0,8.0,20.0,8.0,0,0,0,1,0,1,1,0,1
crossing,padded_benes,5,C_db_realistic,template,43,input:w4->padded_benes_8x8_s0_w4_5.in,input:w5->padded_benes_8x8_s0_w4_5.add,733.0,164.0,53.665631459994955,72.0,84.0,8.0,20.0,8.0,0,0,0,1,0,1,1,0,1
crossing,padded_benes,5,C_db_realistic,template,44,input:w4->padded_benes_8x8_s0_w4_5.in,input:w6->padded_benes_8x8_s0_w6_7.in,317.0,172.0,16.0,40.0,128.0,8.0,128.0,8.0,0,0,0,1,0,1,1,0,1
crossing,padded_benes,5,C_db_realistic,template,45,input:w4->padded_benes_8x8_s0_w4_5.in,input:w6->padded_benes_8x8_s0_w6_7.in,661.0,152.0,26.832815729997478,20.0,12.0,96.0,24.0,12.0,0,0,0,0,0,0,1,0,1
crossing,padded_benes,5,C_db_realistic,template,46,input:w4->padded_benes_8x8_s0_w4_5.in,input:w6->padded_benes_8x8_s0_w6_7.in,229.0,132.0,56.0,64.0,88.0,8.0,20.0,8.0,0,0,0,1,0,1,1,0,1
crossing,padded_benes,5,C_db_realistic,template,47,input:w4->padded_benes_8x8_s0_w4_5.in,input:w6->padded_benes_8x8_s0_w6_7.in,565.0,132.0,46.647615158762406,32.0,96.0,8.0,20.0,8.0,0,0,0,1,0,1,1,0,1
crossing,padded_benes,5,C_db_realistic,template,48,input:w5->padded_benes_8x8_s0_w4_5.add,input:w6->padded_benes_8x8_s0_w6_7.in,173.0,108.0,24.0,76.0,40.0,24.0,104.0,24.0,0,0,0,0,0,0,0,0,0
crossing,padded_benes,5,C_db_realistic,template,49,input:w5->padded_benes_8x8_s0_w4_5.add,input:w6->padded_benes_8x8_s0_w6_7.in,333.0,172.0,16.0,104.0,64.0,24.0,112.0,24.0,0,0,0,0,0,0,0,0,0
crossing,padded_benes,5,C_db_realistic,template,50,input:w5->padded_benes_8x8_s0_w4_5.add,input:w6->padded_benes_8x8_s0_w6_7.in,525.0,108.0,46.647615158762406,172.0,40.0,8.0,88.0,8.0,0,0,0,1,0,1,1,0,1
crossing,padded_benes,5,C_db_realistic,template,51,input:w5->padded_benes_8x8_s0_w4_5.add,input:w6->padded_benes_8x8_s0_w6_7.in,685.0,140.0,26.832815729997478,16.0,96.0,12.0,104.0,12.0,0,0,0,0,0,0,1,0,1
crossing,padded_benes,5,C_db_realistic,template,52,input:w5->padded_benes_8x8_s0_w4_5.add,input:w7->padded_benes_8x8_s0_w6_7.add,333.0,108.0,64.0,40.0,128.0,8.0,112.0,8.0,0,0,0,1,0,1,1,0,1
crossing,padded_benes,5,C_db_realistic,template,53,input:w5->padded_benes_8x8_s0_w4_5.add,input:w7->padded_benes_8x8_s0_w6_7.add,669.0,88.0,54.405882034941776,20.0,52.0,104.0,8.0,8.0,0,0,0,1,0,1,1,0,1
crossing,padded_benes,5,C_db_realistic,template,54,input:w5->padded_benes_8x8_s0_w4_5.add,input:w7->padded_benes_8x8_s0_w6_7.add,229.0,68.0,64.0,56.0,104.0,8.0,20.0,8.0,0,0,0,1,0,1,1,0,1
crossing,padded_benes,5,C_db_realistic,template,55,input:w5->padded_benes_8x8_s0_w4_5.add,input:w7->padded_benes_8x8_s0_w6_7.add,565.0,68.0,56.568542494923804,40.0,104.0,8.0,20.0,8.0,0,0,0,1,0,1,1,0,1
crossing,padded_benes,5,C_db_realistic,template,56,input:w6->padded_benes_8x8_s0_w6_7.in,input:w7->padded_benes_8x8_s0_w6_7.add,149.0,56.0,57.271284253105414,20.0,52.0,88.0,8.0,8.0,0,0,0,1,0,1,1,0,1
crossing,padded_benes,5,C_db_realistic,template,57,input:w6->padded_benes_8x8_s0_w6_7.in,input:w7->padded_benes_8x8_s0_w6_7.add,807.0,36.0,74.0,122.0,10.0,20.0,36.0,10.0,0,0,0,0,0,0,1,0,1
crossing,padded_benes,5,C_db_realistic,template,58,input:w6->padded_benes_8x8_s0_w6_7.in,input:w7->padded_benes_8x8_s0_w6_7.add,61.0,36.0,90.24411338142782,29.0,88.0,8.0,20.0,8.0,0,0,0,1,0,1,1,0,1
crossing,padded_benes,5,C_db_realistic,template,59,input:w6->padded_benes_8x8_s0_w6_7.in,input:w7->padded_benes_8x8_s0_w6_7.add,733.0,36.0,74.0,48.0,84.0,8.0,20.0,8.0,0,0,0,1,0,1,1,0,1
crossing,padded_benes,6,B_db_placeholder,template,0,input:w0->padded_benes_8x8_s0_w0_1.in,input:w1->padded_benes_8x8_s0_w0_1.add,197.0,388.0,24.0,8.0,160.0,52.0,64.0,8.0,0,0,0,1,0,1,1,0,1
crossing,padded_benes,6,B_db_placeholder,template,1,input:w0->padded_benes_8x8_s0_w0_1.in,input:w1->padded_benes_8x8_s0_w0_1.add,807.0,420.0,74.0,162.0,10.0,20.0,36.0,10.0,0,0,0,0,0,0,1,0,1
crossing,padded_benes,6,B_db_placeholder,template,2,input:w0->padded_benes_8x8_s0_w0_1.in,input:w1->padded_benes_8x8_s0_w0_1.add,61.0,420.0,128.0,29.0,128.0,8.0,20.0,8.0,0,0,0,1,0,1,1,0,1
crossing,padded_benes,6,B_db_placeholder,template,3,input:w0->padded_benes_8x8_s0_w0_1.in,input:w1->padded_benes_8x8_s0_w0_1.add,733.0,420.0,40.0,88.0,84.0,8.0,20.0,8.0,0,0,0,1,0,1,1,0,1
crossing,padded_benes,6,B_db_placeholder,template,4,input:w0->padded_benes_8x8_s0_w0_1.in,input:w2->padded_benes_8x8_s0_w2_3.in,365.0,324.0,24.0,8.0,112.0,84.0,128.0,8.0,0,0,0,1,0,1,1,0,1
crossing,padded_benes,6,B_db_placeholder,template,5,input:w0->padded_benes_8x8_s0_w0_1.in,input:w2->padded_benes_8x8_s0_w2_3.in,645.0,408.0,57.271284253105414,20.0,12.0,80.0,56.0,12.0,0,0,0,0,0,0,1,0,1
crossing,padded_benes,6,B_db_placeholder,template,6,input:w0->padded_benes_8x8_s0_w0_1.in,input:w2->padded_benes_8x8_s0_w2_3.in,229.0,388.0,32.0,40.0,128.0,8.0,20.0,8.0,0,0,0,1,0,1,1,0,1
crossing,padded_benes,6,B_db_placeholder,template,7,input:w0->padded_benes_8x8_s0_w0_1.in,input:w2->padded_benes_8x8_s0_w2_3.in,565.0,388.0,64.0,88.0,80.0,8.0,20.0,8.0,0,0,0,1,0,1,1,0,1
crossing,padded_benes,6,B_db_placeholder,template,8,input:w0->padded_benes_8x8_s0_w0_1.in,input:w4->padded_benes_8x8_s0_w4_5.in,477.0,344.0,16.0,20.0,44.0,80.0,56.0,20.0,0,0,0,0,0,0,0,0,0
crossing,padded_benes,6,B_db_placeholder,template,9,input:w0->padded_benes_8x8_s0_w0_1.in,input:w4->padded_benes_8x8_s0_w4_5.in,397.0,324.0,32.0,40.0,80.0,8.0,20.0,8.0,0,0,0,1,0,1,1,0,1
crossing,padded_benes,6,B_db_placeholder,template,10,input:w1->padded_benes_8x8_s0_w0_1.add,input:w2->padded_benes_8x8_s0_w2_3.in,197.0,364.0,24.0,76.0,40.0,56.0,80.0,40.0,0,0,0,0,0,0,0,0,0
crossing,padded_benes,6,B_db_placeholder,template,11,input:w1->padded_benes_8x8_s0_w0_1.add,input:w2->padded_benes_8x8_s0_w2_3.in,365.0,260.0,16.0,24.0,120.0,148.0,64.0,24.0,0,0,0,0,0,0,0,0,0
crossing,padded_benes,6,B_db_placeholder,template,12,input:w1->padded_benes_8x8_s0_w0_1.add,input:w2->padded_benes_8x8_s0_w2_3.in,493.0,324.0,20.0,8.0,160.0,128.0,40.0,8.0,0,0,0,1,0,1,1,0,1
crossing,padded_benes,6,B_db_placeholder,template,13,input:w1->padded_benes_8x8_s0_w0_1.add,input:w2->padded_benes_8x8_s0_w2_3.in,701.0,396.0,40.0,48.0,80.0,12.0,104.0,12.0,0,0,0,0,0,0,1,0,1
crossing,padded_benes,6,B_db_placeholder,template,14,input:w1->padded_benes_8x8_s0_w0_1.add,input:w3->padded_benes_8x8_s0_w2_3.add,349.0,260.0,16.0,8.0,136.0,84.0,128.0,8.0,0,0,0,1,0,1,1,0,1
crossing,padded_benes,6,B_db_placeholder,template,15,input:w1->padded_benes_8x8_s0_w0_1.add,input:w3->padded_benes_8x8_s0_w2_3.add,653.0,344.0,64.4980619863884,20.0,52.0,88.0,40.0,20.0,0,0,0,0,0,0,0,0,0
crossing,padded_benes,6,B_db_placeholder,template,16,input:w1->padded_benes_8x8_s0_w0_1.add,input:w3->padded_benes_8x8_s0_w2_3.add,229.0,324.0,51.22499389946279,32.0,112.0,8.0,20.0,8.0,0,0,0,1,0,1,1,0,1
crossing,padded_benes,6,B_db_placeholder,template,17,input:w1->padded_benes_8x8_s0_w0_1.add,input:w3->padded_benes_8x8_s0_w2_3.add,565.0,324.0,32.0,80.0,88.0,8.0,20.0,8.0,0,0,0,1,0,1,1,0,1
crossing,padded_benes,6,B_db_placeholder,template,18,input:w1->padded_benes_8x8_s0_w0_1.add,input:w4->padded_benes_8x8_s0_w4_5.in,341.0,300.0,8.0,24.0,40.0,24.0,104.0,24.0,0,0,0,0,1,1,0,1,1
crossing,padded_benes,6,B_db_placeholder,template,19,input:w1->padded_benes_8x8_s0_w0_1.add,input:w4->padded_benes_8x8_s0_w4_5.in,533.0,324.0,24.0,48.0,120.0,20.0,192.0,20.0,0,0,0,0,0,0,0,0,0
crossing,padded_benes,6,B_db_placeholder,template,20,input:w1->padded_benes_8x8_s0_w0_1.add,input:w5->padded_benes_8x8_s0_w4_5.add,485.0,280.0,8.0,20.0,44.0,88.0,40.0,20.0,0,0,0,0,1,1,0,1,1
crossing,padded_benes,6,B_db_placeholder,template,21,input:w1->padded_benes_8x8_s0_w0_1.add,input:w5->padded_benes_8x8_s0_w4_5.add,397.0,260.0,32.0,56.0,88.0,8.0,20.0,8.0,0,0,0,1,0,1,1,0,1
crossing,padded_benes,6,B_db_placeholder,template,22,input:w2->padded_benes_8x8_s0_w2_3.in,input:w3->padded_benes_8x8_s0_w2_3.add,141.0,312.0,76.4198926981712,20.0,52.0,80.0,40.0,20.0,0,0,0,0,0,0,0,0,0
crossing,padded_benes,6,B_db_placeholder,template,23,input:w2->padded_benes_8x8_s0_w2_3.in,input:w3->padded_benes_8x8_s0_w2_3.add,807.0,292.0,74.0,106.0,10.0,20.0,36.0,10.0,0,0,0,0,0,0,1,0,1
crossing,padded_benes,6,B_db_placeholder,template,24,input:w2->padded_benes_8x8_s0_w2_3.in,input:w3->padded_benes_8x8_s0_w2_3.add,61.0,292.0,82.46211251235322,29.0,80.0,8.0,20.0,8.0,0,0,0,1,0,1,1,0,1
crossing,padded_benes,6,B_db_placeholder,template,25,input:w2->padded_benes_8x8_s0_w2_3.in,input:w3->padded_benes_8x8_s0_w2_3.add,733.0,292.0,74.0,32.0,84.0,8.0,20.0,8.0,0,0,0,1,0,1,1,0,1
crossing,padded_benes,6,B_db_placeholder,template,26,input:w2->padded_benes_8x8_s0_w2_3.in,input:w4->padded_benes_8x8_s0_w4_5.in,365.0,300.0,16.0,108.0,104.0,48.0,80.0,48.0,0,0,0,0,0,0,0,0,0
crossing,padded_benes,6,B_db_placeholder,template,27,input:w2->padded_benes_8x8_s0_w2_3.in,input:w4->padded_benes_8x8_s0_w4_5.in,493.0,344.0,16.0,148.0,20.0,96.0,40.0,20.0,0,0,0,0,0,0,0,0,0
crossing,padded_benes,6,B_db_placeholder,template,28,input:w2->padded_benes_8x8_s0_w2_3.in,input:w5->padded_benes_8x8_s0_w4_5.add,365.0,236.0,16.0,172.0,40.0,32.0,80.0,32.0,0,0,0,0,0,0,0,0,0
crossing,padded_benes,6,B_db_placeholder,template,29,input:w2->padded_benes_8x8_s0_w2_3.in,input:w5->padded_benes_8x8_s0_w4_5.add,493.0,280.0,8.0,84.0,84.0,96.0,32.0,32.0,0,0,0,0,1,1,0,1,1
crossing,padded_benes,6,B_db_placeholder,template,30,input:w2->padded_benes_8x8_s0_w2_3.in,input:w6->padded_benes_8x8_s0_w6_7.in,493.0,216.0,8.0,20.0,148.0,96.0,24.0,20.0,0,0,0,0,1,1,0,1,1
crossing,padded_benes,6,B_db_placeholder,template,31,input:w2->padded_benes_8x8_s0_w2_3.in,input:w6->padded_benes_8x8_s0_w6_7.in,397.0,196.0,51.22499389946279,32.0,96.0,8.0,20.0,8.0,0,0,0,1,0,1,1,0,1
crossing,padded_benes,6,B_db_placeholder,template,32,input:w3->padded_benes_8x8_s0_w2_3.add,input:w4->padded_benes_8x8_s0_w4_5.in,349.0,300.0,8.0,44.0,168.0,32.0,96.0,32.0,0,0,0,0,1,1,0,1,1
crossing,padded_benes,6,B_db_placeholder,template,33,input:w3->padded_benes_8x8_s0_w2_3.add,input:w4->padded_benes_8x8_s0_w4_5.in,533.0,300.0,24.0,32.0,80.0,44.0,168.0,32.0,0,0,0,0,0,0,0,0,0
crossing,padded_benes,6,B_db_placeholder,template,34,input:w3->padded_benes_8x8_s0_w2_3.add,input:w5->padded_benes_8x8_s0_w4_5.add,349.0,236.0,16.0,108.0,104.0,16.0,96.0,16.0,0,0,0,0,0,0,0,0,0
crossing,padded_benes,6,B_db_placeholder,template,35,input:w3->padded_benes_8x8_s0_w2_3.add,input:w5->padded_benes_8x8_s0_w4_5.add,501.0,280.0,8.0,148.0,20.0,104.0,24.0,20.0,0,0,0,0,1,1,0,1,1
crossing,padded_benes,6,B_db_placeholder,template,36,input:w3->padded_benes_8x8_s0_w2_3.add,input:w6->padded_benes_8x8_s0_w6_7.in,349.0,172.0,16.0,172.0,40.0,40.0,96.0,40.0,0,0,0,0,0,0,0,0,0
crossing,padded_benes,6,B_db_placeholder,template,37,input:w3->padded_benes_8x8_s0_w2_3.add,input:w6->padded_benes_8x8_s0_w6_7.in,501.0,216.0,8.0,84.0,84.0,104.0,16.0,16.0,0,0,0,0,1,1,0,1,1
crossing,padded_benes,6,B_db_placeholder,template,38,input:w3->padded_benes_8x8_s0_w2_3.add,input:w7->padded_benes_8x8_s0_w6_7.add,501.0,152.0,50.11985634456667,20.0,148.0,104.0,8.0,8.0,0,0,0,1,0,1,1,0,1
crossing,padded_benes,6,B_db_placeholder,template,39,input:w3->padded_benes_8x8_s0_w2_3.add,input:w7->padded_benes_8x8_s0_w6_7.add,397.0,132.0,62.48199740725323,48.0,104.0,8.0,20.0,8.0,0,0,0,1,0,1,1,0,1
crossing,padded_benes,6,B_db_placeholder,template,40,input:w4->padded_benes_8x8_s0_w4_5.in,input:w5->padded_benes_8x8_s0_w4_5.add,173.0,132.0,24.0,8.0,144.0,52.0,64.0,8.0,0,0,0,1,0,1,1,0,1
crossing,padded_benes,6,B_db_placeholder,template,41,input:w4->padded_benes_8x8_s0_w4_5.in,input:w5->padded_benes_8x8_s0_w4_5.add,807.0,164.0,74.0,146.0,10.0,20.0,36.0,10.0,0,0,0,0,0,0,1,0,1
crossing,padded_benes,6,B_db_placeholder,template,42,input:w4->padded_benes_8x8_s0_w4_5.in,input:w5->padded_benes_8x8_s0_w4_5.add,61.0,164.0,116.48175822848829,29.0,104.0,8.0,20.0,8.0,0,0,0,1,0,1,1,0,1
crossing,padded_benes,6,B_db_placeholder,template,43,input:w4->padded_benes_8x8_s0_w4_5.in,input:w5->padded_benes_8x8_s0_w4_5.add,733.0,164.0,53.665631459994955,72.0,84.0,8.0,20.0,8.0,0,0,0,1,0,1,1,0,1
crossing,padded_benes,6,B_db_placeholder,template,44,input:w4->padded_benes_8x8_s0_w4_5.in,input:w6->padded_benes_8x8_s0_w6_7.in,317.0,172.0,16.0,40.0,128.0,8.0,128.0,8.0,0,0,0,1,0,1,1,0,1
crossing,padded_benes,6,B_db_placeholder,template,45,input:w4->padded_benes_8x8_s0_w4_5.in,input:w6->padded_benes_8x8_s0_w6_7.in,661.0,152.0,26.832815729997478,20.0,12.0,96.0,24.0,12.0,0,0,0,0,0,0,1,0,1
crossing,padded_benes,6,B_db_placeholder,template,46,input:w4->padded_benes_8x8_s0_w4_5.in,input:w6->padded_benes_8x8_s0_w6_7.in,229.0,132.0,56.0,64.0,88.0,8.0,20.0,8.0,0,0,0,1,0,1,1,0,1
crossing,padded_benes,6,B_db_placeholder,template,47,input:w4->padded_benes_8x8_s0_w4_5.in,input:w6->padded_benes_8x8_s0_w6_7.in,565.0,132.0,46.647615158762406,32.0,96.0,8.0,20.0,8.0,0,0,0,1,0,1,1,0,1
crossing,padded_benes,6,B_db_placeholder,template,48,input:w5->padded_benes_8x8_s0_w4_5.add,input:w6->padded_benes_8x8_s0_w6_7.in,173.0,108.0,24.0,76.0,40.0,24.0,104.0,24.0,0,0,0,0,0,0,0,0,0
crossing,padded_benes,6,B_db_placeholder,template,49,input:w5->padded_benes_8x8_s0_w4_5.add,input:w6->padded_benes_8x8_s0_w6_7.in,333.0,172.0,16.0,104.0,64.0,24.0,112.0,24.0,0,0,0,0,0,0,0,0,0
crossing,padded_benes,6,B_db_placeholder,template,50,input:w5->padded_benes_8x8_s0_w4_5.add,input:w6->padded_benes_8x8_s0_w6_7.in,525.0,108.0,46.647615158762406,172.0,40.0,8.0,88.0,8.0,0,0,0,1,0,1,1,0,1
crossing,padded_benes,6,B_db_placeholder,template,51,input:w5->padded_benes_8x8_s0_w4_5.add,input:w6->padded_benes_8x8_s0_w6_7.in,685.0,140.0,26.832815729997478,16.0,96.0,12.0,104.0,12.0,0,0,0,0,0,0,1,0,1
crossing,padded_benes,6,B_db_placeholder,template,52,input:w5->padded_benes_8x8_s0_w4_5.add,input:w7->padded_benes_8x8_s0_w6_7.add,333.0,108.0,64.0,40.0,128.0,8.0,112.0,8.0,0,0,0,1,0,1,1,0,1
crossing,padded_benes,6,B_db_placeholder,template,53,input:w5->padded_benes_8x8_s0_w4_5.add,input:w7->padded_benes_8x8_s0_w6_7.add,669.0,88.0,54.405882034941776,20.0,52.0,104.0,8.0,8.0,0,0,0,1,0,1,1,0,1
crossing,padded_benes,6,B_db_placeholder,template,54,input:w5->padded_benes_8x8_s0_w4_5.add,input:w7->padded_benes_8x8_s0_w6_7.add,229.0,68.0,64.0,56.0,104.0,8.0,20.0,8.0,0,0,0,1,0,1,1,0,1
crossing,padded_benes,6,B_db_placeholder,template,55,input:w5->padded_benes_8x8_s0_w4_5.add,input:w7->padded_benes_8x8_s0_w6_7.add,565.0,68.0,56.568542494923804,40.0,104.0,8.0,20.0,8.0,0,0,0,1,0,1,1,0,1
crossing,padded_benes,6,B_db_placeholder,template,56,input:w6->padded_benes_8x8_s0_w6_7.in,input:w7->padded_benes_8x8_s0_w6_7.add,149.0,56.0,57.271284253105414,20.0,52.0,88.0,8.0,8.0,0,0,0,1,0,1,1,0,1
crossing,padded_benes,6,B_db_placeholder,template,57,input:w6->padded_benes_8x8_s0_w6_7.in,input:w7->padded_benes_8x8_s0_w6_7.add,807.0,36.0,74.0,122.0,10.0,20.0,36.0,10.0,0,0,0,0,0,0,1,0,1
crossing,padded_benes,6,B_db_placeholder,template,58,input:w6->padded_benes_8x8_s0_w6_7.in,input:w7->padded_benes_8x8_s0_w6_7.add,61.0,36.0,90.24411338142782,29.0,88.0,8.0,20.0,8.0,0,0,0,1,0,1,1,0,1
crossing,padded_benes,6,B_db_placeholder,template,59,input:w6->padded_benes_8x8_s0_w6_7.in,input:w7->padded_benes_8x8_s0_w6_7.add,733.0,36.0,74.0,48.0,84.0,8.0,20.0,8.0,0,0,0,1,0,1,1,0,1
crossing,padded_benes,6,C_db_realistic,template,0,input:w0->padded_benes_8x8_s0_w0_1.in,input:w1->padded_benes_8x8_s0_w0_1.add,197.0,388.0,24.0,8.0,160.0,52.0,64.0,8.0,0,0,0,1,0,1,1,0,1
crossing,padded_benes,6,C_db_realistic,template,1,input:w0->padded_benes_8x8_s0_w0_1.in,input:w1->padded_benes_8x8_s0_w0_1.add,807.0,420.0,74.0,162.0,10.0,20.0,36.0,10.0,0,0,0,0,0,0,1,0,1
crossing,padded_benes,6,C_db_realistic,template,2,input:w0->padded_benes_8x8_s0_w0_1.in,input:w1->padded_benes_8x8_s0_w0_1.add,61.0,420.0,128.0,29.0,128.0,8.0,20.0,8.0,0,0,0,1,0,1,1,0,1
crossing,padded_benes,6,C_db_realistic,template,3,input:w0->padded_benes_8x8_s0_w0_1.in,input:w1->padded_benes_8x8_s0_w0_1.add,733.0,420.0,40.0,88.0,84.0,8.0,20.0,8.0,0,0,0,1,0,1,1,0,1
crossing,padded_benes,6,C_db_realistic,template,4,input:w0->padded_benes_8x8_s0_w0_1.in,input:w2->padded_benes_8x8_s0_w2_3.in,365.0,324.0,24.0,8.0,112.0,84.0,128.0,8.0,0,0,0,1,0,1,1,0,1
crossing,padded_benes,6,C_db_realistic,template,5,input:w0->padded_benes_8x8_s0_w0_1.in,input:w2->padded_benes_8x8_s0_w2_3.in,645.0,408.0,57.271284253105414,20.0,12.0,80.0,56.0,12.0,0,0,0,0,0,0,1,0,1
crossing,padded_benes,6,C_db_realistic,template,6,input:w0->padded_benes_8x8_s0_w0_1.in,input:w2->padded_benes_8x8_s0_w2_3.in,229.0,388.0,32.0,40.0,128.0,8.0,20.0,8.0,0,0,0,1,0,1,1,0,1
crossing,padded_benes,6,C_db_realistic,template,7,input:w0->padded_benes_8x8_s0_w0_1.in,input:w2->padded_benes_8x8_s0_w2_3.in,565.0,388.0,64.0,88.0,80.0,8.0,20.0,8.0,0,0,0,1,0,1,1,0,1
crossing,padded_benes,6,C_db_realistic,template,8,input:w0->padded_benes_8x8_s0_w0_1.in,input:w4->padded_benes_8x8_s0_w4_5.in,477.0,344.0,16.0,20.0,44.0,80.0,56.0,20.0,0,0,0,0,0,0,0,0,0
crossing,padded_benes,6,C_db_realistic,template,9,input:w0->padded_benes_8x8_s0_w0_1.in,input:w4->padded_benes_8x8_s0_w4_5.in,397.0,324.0,32.0,40.0,80.0,8.0,20.0,8.0,0,0,0,1,0,1,1,0,1
crossing,padded_benes,6,C_db_realistic,template,10,input:w1->padded_benes_8x8_s0_w0_1.add,input:w2->padded_benes_8x8_s0_w2_3.in,197.0,364.0,24.0,76.0,40.0,56.0,80.0,40.0,0,0,0,0,0,0,0,0,0
crossing,padded_benes,6,C_db_realistic,template,11,input:w1->padded_benes_8x8_s0_w0_1.add,input:w2->padded_benes_8x8_s0_w2_3.in,365.0,260.0,16.0,24.0,120.0,148.0,64.0,24.0,0,0,0,0,0,0,0,0,0
crossing,padded_benes,6,C_db_realistic,template,12,input:w1->padded_benes_8x8_s0_w0_1.add,input:w2->padded_benes_8x8_s0_w2_3.in,493.0,324.0,20.0,8.0,160.0,128.0,40.0,8.0,0,0,0,1,0,1,1,0,1
crossing,padded_benes,6,C_db_realistic,template,13,input:w1->padded_benes_8x8_s0_w0_1.add,input:w2->padded_benes_8x8_s0_w2_3.in,701.0,396.0,40.0,48.0,80.0,12.0,104.0,12.0,0,0,0,0,0,0,1,0,1
crossing,padded_benes,6,C_db_realistic,template,14,input:w1->padded_benes_8x8_s0_w0_1.add,input:w3->padded_benes_8x8_s0_w2_3.add,349.0,260.0,16.0,8.0,136.0,84.0,128.0,8.0,0,0,0,1,0,1,1,0,1
crossing,padded_benes,6,C_db_realistic,template,15,input:w1->padded_benes_8x8_s0_w0_1.add,input:w3->padded_benes_8x8_s0_w2_3.add,653.0,344.0,64.4980619863884,20.0,52.0,88.0,40.0,20.0,0,0,0,0,0,0,0,0,0
crossing,padded_benes,6,C_db_realistic,template,16,input:w1->padded_benes_8x8_s0_w0_1.add,input:w3->padded_benes_8x8_s0_w2_3.add,229.0,324.0,51.22499389946279,32.0,112.0,8.0,20.0,8.0,0,0,0,1,0,1,1,0,1
crossing,padded_benes,6,C_db_realistic,template,17,input:w1->padded_benes_8x8_s0_w0_1.add,input:w3->padded_benes_8x8_s0_w2_3.add,565.0,324.0,32.0,80.0,88.0,8.0,20.0,8.0,0,0,0,1,0,1,1,0,1
crossing,padded_benes,6,C_db_realistic,template,18,input:w1->padded_benes_8x8_s0_w0_1.add,input:w4->padded_benes_8x8_s0_w4_5.in,341.0,300.0,8.0,24.0,40.0,24.0,104.0,24.0,0,0,0,0,1,1,0,1,1
crossing,padded_benes,6,C_db_realistic,template,19,input:w1->padded_benes_8x8_s0_w0_1.add,input:w4->padded_benes_8x8_s0_w4_5.in,533.0,324.0,24.0,48.0,120.0,20.0,192.0,20.0,0,0,0,0,0,0,0,0,0
crossing,padded_benes,6,C_db_realistic,template,20,input:w1->padded_benes_8x8_s0_w0_1.add,input:w5->padded_benes_8x8_s0_w4_5.add,485.0,280.0,8.0,20.0,44.0,88.0,40.0,20.0,0,0,0,0,1,1,0,1,1
crossing,padded_benes,6,C_db_realistic,template,21,input:w1->padded_benes_8x8_s0_w0_1.add,input:w5->padded_benes_8x8_s0_w4_5.add,397.0,260.0,32.0,56.0,88.0,8.0,20.0,8.0,0,0,0,1,0,1,1,0,1
crossing,padded_benes,6,C_db_realistic,template,22,input:w2->padded_benes_8x8_s0_w2_3.in,input:w3->padded_benes_8x8_s0_w2_3.add,141.0,312.0,76.4198926981712,20.0,52.0,80.0,40.0,20.0,0,0,0,0,0,0,0,0,0
crossing,padded_benes,6,C_db_realistic,template,23,input:w2->padded_benes_8x8_s0_w2_3.in,input:w3->padded_benes_8x8_s0_w2_3.add,807.0,292.0,74.0,106.0,10.0,20.0,36.0,10.0,0,0,0,0,0,0,1,0,1
crossing,padded_benes,6,C_db_realistic,template,24,input:w2->padded_benes_8x8_s0_w2_3.in,input:w3->padded_benes_8x8_s0_w2_3.add,61.0,292.0,82.46211251235322,29.0,80.0,8.0,20.0,8.0,0,0,0,1,0,1,1,0,1
crossing,padded_benes,6,C_db_realistic,template,25,input:w2->padded_benes_8x8_s0_w2_3.in,input:w3->padded_benes_8x8_s0_w2_3.add,733.0,292.0,74.0,32.0,84.0,8.0,20.0,8.0,0,0,0,1,0,1,1,0,1
crossing,padded_benes,6,C_db_realistic,template,26,input:w2->padded_benes_8x8_s0_w2_3.in,input:w4->padded_benes_8x8_s0_w4_5.in,365.0,300.0,16.0,108.0,104.0,48.0,80.0,48.0,0,0,0,0,0,0,0,0,0
crossing,padded_benes,6,C_db_realistic,template,27,input:w2->padded_benes_8x8_s0_w2_3.in,input:w4->padded_benes_8x8_s0_w4_5.in,493.0,344.0,16.0,148.0,20.0,96.0,40.0,20.0,0,0,0,0,0,0,0,0,0
crossing,padded_benes,6,C_db_realistic,template,28,input:w2->padded_benes_8x8_s0_w2_3.in,input:w5->padded_benes_8x8_s0_w4_5.add,365.0,236.0,16.0,172.0,40.0,32.0,80.0,32.0,0,0,0,0,0,0,0,0,0
crossing,padded_benes,6,C_db_realistic,template,29,input:w2->padded_benes_8x8_s0_w2_3.in,input:w5->padded_benes_8x8_s0_w4_5.add,493.0,280.0,8.0,84.0,84.0,96.0,32.0,32.0,0,0,0,0,1,1,0,1,1
crossing,padded_benes,6,C_db_realistic,template,30,input:w2->padded_benes_8x8_s0_w2_3.in,input:w6->padded_benes_8x8_s0_w6_7.in,493.0,216.0,8.0,20.0,148.0,96.0,24.0,20.0,0,0,0,0,1,1,0,1,1
crossing,padded_benes,6,C_db_realistic,template,31,input:w2->padded_benes_8x8_s0_w2_3.in,input:w6->padded_benes_8x8_s0_w6_7.in,397.0,196.0,51.22499389946279,32.0,96.0,8.0,20.0,8.0,0,0,0,1,0,1,1,0,1
crossing,padded_benes,6,C_db_realistic,template,32,input:w3->padded_benes_8x8_s0_w2_3.add,input:w4->padded_benes_8x8_s0_w4_5.in,349.0,300.0,8.0,44.0,168.0,32.0,96.0,32.0,0,0,0,0,1,1,0,1,1
crossing,padded_benes,6,C_db_realistic,template,33,input:w3->padded_benes_8x8_s0_w2_3.add,input:w4->padded_benes_8x8_s0_w4_5.in,533.0,300.0,24.0,32.0,80.0,44.0,168.0,32.0,0,0,0,0,0,0,0,0,0
crossing,padded_benes,6,C_db_realistic,template,34,input:w3->padded_benes_8x8_s0_w2_3.add,input:w5->padded_benes_8x8_s0_w4_5.add,349.0,236.0,16.0,108.0,104.0,16.0,96.0,16.0,0,0,0,0,0,0,0,0,0
crossing,padded_benes,6,C_db_realistic,template,35,input:w3->padded_benes_8x8_s0_w2_3.add,input:w5->padded_benes_8x8_s0_w4_5.add,501.0,280.0,8.0,148.0,20.0,104.0,24.0,20.0,0,0,0,0,1,1,0,1,1
crossing,padded_benes,6,C_db_realistic,template,36,input:w3->padded_benes_8x8_s0_w2_3.add,input:w6->padded_benes_8x8_s0_w6_7.in,349.0,172.0,16.0,172.0,40.0,40.0,96.0,40.0,0,0,0,0,0,0,0,0,0
crossing,padded_benes,6,C_db_realistic,template,37,input:w3->padded_benes_8x8_s0_w2_3.add,input:w6->padded_benes_8x8_s0_w6_7.in,501.0,216.0,8.0,84.0,84.0,104.0,16.0,16.0,0,0,0,0,1,1,0,1,1
crossing,padded_benes,6,C_db_realistic,template,38,input:w3->padded_benes_8x8_s0_w2_3.add,input:w7->padded_benes_8x8_s0_w6_7.add,501.0,152.0,50.11985634456667,20.0,148.0,104.0,8.0,8.0,0,0,0,1,0,1,1,0,1
crossing,padded_benes,6,C_db_realistic,template,39,input:w3->padded_benes_8x8_s0_w2_3.add,input:w7->padded_benes_8x8_s0_w6_7.add,397.0,132.0,62.48199740725323,48.0,104.0,8.0,20.0,8.0,0,0,0,1,0,1,1,0,1
crossing,padded_benes,6,C_db_realistic,template,40,input:w4->padded_benes_8x8_s0_w4_5.in,input:w5->padded_benes_8x8_s0_w4_5.add,173.0,132.0,24.0,8.0,144.0,52.0,64.0,8.0,0,0,0,1,0,1,1,0,1
crossing,padded_benes,6,C_db_realistic,template,41,input:w4->padded_benes_8x8_s0_w4_5.in,input:w5->padded_benes_8x8_s0_w4_5.add,807.0,164.0,74.0,146.0,10.0,20.0,36.0,10.0,0,0,0,0,0,0,1,0,1
crossing,padded_benes,6,C_db_realistic,template,42,input:w4->padded_benes_8x8_s0_w4_5.in,input:w5->padded_benes_8x8_s0_w4_5.add,61.0,164.0,116.48175822848829,29.0,104.0,8.0,20.0,8.0,0,0,0,1,0,1,1,0,1
crossing,padded_benes,6,C_db_realistic,template,43,input:w4->padded_benes_8x8_s0_w4_5.in,input:w5->padded_benes_8x8_s0_w4_5.add,733.0,164.0,53.665631459994955,72.0,84.0,8.0,20.0,8.0,0,0,0,1,0,1,1,0,1
crossing,padded_benes,6,C_db_realistic,template,44,input:w4->padded_benes_8x8_s0_w4_5.in,input:w6->padded_benes_8x8_s0_w6_7.in,317.0,172.0,16.0,40.0,128.0,8.0,128.0,8.0,0,0,0,1,0,1,1,0,1
crossing,padded_benes,6,C_db_realistic,template,45,input:w4->padded_benes_8x8_s0_w4_5.in,input:w6->padded_benes_8x8_s0_w6_7.in,661.0,152.0,26.832815729997478,20.0,12.0,96.0,24.0,12.0,0,0,0,0,0,0,1,0,1
crossing,padded_benes,6,C_db_realistic,template,46,input:w4->padded_benes_8x8_s0_w4_5.in,input:w6->padded_benes_8x8_s0_w6_7.in,229.0,132.0,56.0,64.0,88.0,8.0,20.0,8.0,0,0,0,1,0,1,1,0,1
crossing,padded_benes,6,C_db_realistic,template,47,input:w4->padded_benes_8x8_s0_w4_5.in,input:w6->padded_benes_8x8_s0_w6_7.in,565.0,132.0,46.647615158762406,32.0,96.0,8.0,20.0,8.0,0,0,0,1,0,1,1,0,1
crossing,padded_benes,6,C_db_realistic,template,48,input:w5->padded_benes_8x8_s0_w4_5.add,input:w6->padded_benes_8x8_s0_w6_7.in,173.0,108.0,24.0,76.0,40.0,24.0,104.0,24.0,0,0,0,0,0,0,0,0,0
crossing,padded_benes,6,C_db_realistic,template,49,input:w5->padded_benes_8x8_s0_w4_5.add,input:w6->padded_benes_8x8_s0_w6_7.in,333.0,172.0,16.0,104.0,64.0,24.0,112.0,24.0,0,0,0,0,0,0,0,0,0
crossing,padded_benes,6,C_db_realistic,template,50,input:w5->padded_benes_8x8_s0_w4_5.add,input:w6->padded_benes_8x8_s0_w6_7.in,525.0,108.0,46.647615158762406,172.0,40.0,8.0,88.0,8.0,0,0,0,1,0,1,1,0,1
crossing,padded_benes,6,C_db_realistic,template,51,input:w5->padded_benes_8x8_s0_w4_5.add,input:w6->padded_benes_8x8_s0_w6_7.in,685.0,140.0,26.832815729997478,16.0,96.0,12.0,104.0,12.0,0,0,0,0,0,0,1,0,1
crossing,padded_benes,6,C_db_realistic,template,52,input:w5->padded_benes_8x8_s0_w4_5.add,input:w7->padded_benes_8x8_s0_w6_7.add,333.0,108.0,64.0,40.0,128.0,8.0,112.0,8.0,0,0,0,1,0,1,1,0,1
crossing,padded_benes,6,C_db_realistic,template,53,input:w5->padded_benes_8x8_s0_w4_5.add,input:w7->padded_benes_8x8_s0_w6_7.add,669.0,88.0,54.405882034941776,20.0,52.0,104.0,8.0,8.0,0,0,0,1,0,1,1,0,1
crossing,padded_benes,6,C_db_realistic,template,54,input:w5->padded_benes_8x8_s0_w4_5.add,input:w7->padded_benes_8x8_s0_w6_7.add,229.0,68.0,64.0,56.0,104.0,8.0,20.0,8.0,0,0,0,1,0,1,1,0,1
crossing,padded_benes,6,C_db_realistic,template,55,input:w5->padded_benes_8x8_s0_w4_5.add,input:w7->padded_benes_8x8_s0_w6_7.add,565.0,68.0,56.568542494923804,40.0,104.0,8.0,20.0,8.0,0,0,0,1,0,1,1,0,1
crossing,padded_benes,6,C_db_realistic,template,56,input:w6->padded_benes_8x8_s0_w6_7.in,input:w7->padded_benes_8x8_s0_w6_7.add,149.0,56.0,57.271284253105414,20.0,52.0,88.0,8.0,8.0,0,0,0,1,0,1,1,0,1
crossing,padded_benes,6,C_db_realistic,template,57,input:w6->padded_benes_8x8_s0_w6_7.in,input:w7->padded_benes_8x8_s0_w6_7.add,807.0,36.0,74.0,122.0,10.0,20.0,36.0,10.0,0,0,0,0,0,0,1,0,1
crossing,padded_benes,6,C_db_realistic,template,58,input:w6->padded_benes_8x8_s0_w6_7.in,input:w7->padded_benes_8x8_s0_w6_7.add,61.0,36.0,90.24411338142782,29.0,88.0,8.0,20.0,8.0,0,0,0,1,0,1,1,0,1
crossing,padded_benes,6,C_db_realistic,template,59,input:w6->padded_benes_8x8_s0_w6_7.in,input:w7->padded_benes_8x8_s0_w6_7.add,733.0,36.0,74.0,48.0,84.0,8.0,20.0,8.0,0,0,0,1,0,1,1,0,1
crossing,padded_benes,7,B_db_placeholder,template,0,input:w0->padded_benes_8x8_s0_w0_1.in,input:w1->padded_benes_8x8_s0_w0_1.add,197.0,388.0,24.0,8.0,160.0,52.0,64.0,8.0,0,0,0,1,0,1,1,0,1
crossing,padded_benes,7,B_db_placeholder,template,1,input:w0->padded_benes_8x8_s0_w0_1.in,input:w1->padded_benes_8x8_s0_w0_1.add,807.0,420.0,74.0,162.0,10.0,20.0,36.0,10.0,0,0,0,0,0,0,1,0,1
crossing,padded_benes,7,B_db_placeholder,template,2,input:w0->padded_benes_8x8_s0_w0_1.in,input:w1->padded_benes_8x8_s0_w0_1.add,61.0,420.0,128.0,29.0,128.0,8.0,20.0,8.0,0,0,0,1,0,1,1,0,1
crossing,padded_benes,7,B_db_placeholder,template,3,input:w0->padded_benes_8x8_s0_w0_1.in,input:w1->padded_benes_8x8_s0_w0_1.add,733.0,420.0,40.0,88.0,84.0,8.0,20.0,8.0,0,0,0,1,0,1,1,0,1
crossing,padded_benes,7,B_db_placeholder,template,4,input:w0->padded_benes_8x8_s0_w0_1.in,input:w2->padded_benes_8x8_s0_w2_3.in,365.0,324.0,24.0,8.0,112.0,84.0,128.0,8.0,0,0,0,1,0,1,1,0,1
crossing,padded_benes,7,B_db_placeholder,template,5,input:w0->padded_benes_8x8_s0_w0_1.in,input:w2->padded_benes_8x8_s0_w2_3.in,645.0,408.0,57.271284253105414,20.0,12.0,80.0,56.0,12.0,0,0,0,0,0,0,1,0,1
crossing,padded_benes,7,B_db_placeholder,template,6,input:w0->padded_benes_8x8_s0_w0_1.in,input:w2->padded_benes_8x8_s0_w2_3.in,229.0,388.0,32.0,40.0,128.0,8.0,20.0,8.0,0,0,0,1,0,1,1,0,1
crossing,padded_benes,7,B_db_placeholder,template,7,input:w0->padded_benes_8x8_s0_w0_1.in,input:w2->padded_benes_8x8_s0_w2_3.in,565.0,388.0,64.0,88.0,80.0,8.0,20.0,8.0,0,0,0,1,0,1,1,0,1
crossing,padded_benes,7,B_db_placeholder,template,8,input:w0->padded_benes_8x8_s0_w0_1.in,input:w4->padded_benes_8x8_s0_w4_5.in,477.0,344.0,16.0,20.0,44.0,80.0,56.0,20.0,0,0,0,0,0,0,0,0,0
crossing,padded_benes,7,B_db_placeholder,template,9,input:w0->padded_benes_8x8_s0_w0_1.in,input:w4->padded_benes_8x8_s0_w4_5.in,397.0,324.0,32.0,40.0,80.0,8.0,20.0,8.0,0,0,0,1,0,1,1,0,1
crossing,padded_benes,7,B_db_placeholder,template,10,input:w1->padded_benes_8x8_s0_w0_1.add,input:w2->padded_benes_8x8_s0_w2_3.in,197.0,364.0,24.0,76.0,40.0,56.0,80.0,40.0,0,0,0,0,0,0,0,0,0
crossing,padded_benes,7,B_db_placeholder,template,11,input:w1->padded_benes_8x8_s0_w0_1.add,input:w2->padded_benes_8x8_s0_w2_3.in,365.0,260.0,16.0,24.0,120.0,148.0,64.0,24.0,0,0,0,0,0,0,0,0,0
crossing,padded_benes,7,B_db_placeholder,template,12,input:w1->padded_benes_8x8_s0_w0_1.add,input:w2->padded_benes_8x8_s0_w2_3.in,493.0,324.0,20.0,8.0,160.0,128.0,40.0,8.0,0,0,0,1,0,1,1,0,1
crossing,padded_benes,7,B_db_placeholder,template,13,input:w1->padded_benes_8x8_s0_w0_1.add,input:w2->padded_benes_8x8_s0_w2_3.in,701.0,396.0,40.0,48.0,80.0,12.0,104.0,12.0,0,0,0,0,0,0,1,0,1
crossing,padded_benes,7,B_db_placeholder,template,14,input:w1->padded_benes_8x8_s0_w0_1.add,input:w3->padded_benes_8x8_s0_w2_3.add,349.0,260.0,16.0,8.0,136.0,84.0,128.0,8.0,0,0,0,1,0,1,1,0,1
crossing,padded_benes,7,B_db_placeholder,template,15,input:w1->padded_benes_8x8_s0_w0_1.add,input:w3->padded_benes_8x8_s0_w2_3.add,653.0,344.0,64.4980619863884,20.0,52.0,88.0,40.0,20.0,0,0,0,0,0,0,0,0,0
crossing,padded_benes,7,B_db_placeholder,template,16,input:w1->padded_benes_8x8_s0_w0_1.add,input:w3->padded_benes_8x8_s0_w2_3.add,229.0,324.0,51.22499389946279,32.0,112.0,8.0,20.0,8.0,0,0,0,1,0,1,1,0,1
crossing,padded_benes,7,B_db_placeholder,template,17,input:w1->padded_benes_8x8_s0_w0_1.add,input:w3->padded_benes_8x8_s0_w2_3.add,565.0,324.0,32.0,80.0,88.0,8.0,20.0,8.0,0,0,0,1,0,1,1,0,1
crossing,padded_benes,7,B_db_placeholder,template,18,input:w1->padded_benes_8x8_s0_w0_1.add,input:w4->padded_benes_8x8_s0_w4_5.in,341.0,300.0,8.0,24.0,40.0,24.0,104.0,24.0,0,0,0,0,1,1,0,1,1
crossing,padded_benes,7,B_db_placeholder,template,19,input:w1->padded_benes_8x8_s0_w0_1.add,input:w4->padded_benes_8x8_s0_w4_5.in,533.0,324.0,24.0,48.0,120.0,20.0,192.0,20.0,0,0,0,0,0,0,0,0,0
crossing,padded_benes,7,B_db_placeholder,template,20,input:w1->padded_benes_8x8_s0_w0_1.add,input:w5->padded_benes_8x8_s0_w4_5.add,485.0,280.0,8.0,20.0,44.0,88.0,40.0,20.0,0,0,0,0,1,1,0,1,1
crossing,padded_benes,7,B_db_placeholder,template,21,input:w1->padded_benes_8x8_s0_w0_1.add,input:w5->padded_benes_8x8_s0_w4_5.add,397.0,260.0,32.0,56.0,88.0,8.0,20.0,8.0,0,0,0,1,0,1,1,0,1
crossing,padded_benes,7,B_db_placeholder,template,22,input:w2->padded_benes_8x8_s0_w2_3.in,input:w3->padded_benes_8x8_s0_w2_3.add,141.0,312.0,76.4198926981712,20.0,52.0,80.0,40.0,20.0,0,0,0,0,0,0,0,0,0
crossing,padded_benes,7,B_db_placeholder,template,23,input:w2->padded_benes_8x8_s0_w2_3.in,input:w3->padded_benes_8x8_s0_w2_3.add,807.0,292.0,74.0,106.0,10.0,20.0,36.0,10.0,0,0,0,0,0,0,1,0,1
crossing,padded_benes,7,B_db_placeholder,template,24,input:w2->padded_benes_8x8_s0_w2_3.in,input:w3->padded_benes_8x8_s0_w2_3.add,61.0,292.0,82.46211251235322,29.0,80.0,8.0,20.0,8.0,0,0,0,1,0,1,1,0,1
crossing,padded_benes,7,B_db_placeholder,template,25,input:w2->padded_benes_8x8_s0_w2_3.in,input:w3->padded_benes_8x8_s0_w2_3.add,733.0,292.0,74.0,32.0,84.0,8.0,20.0,8.0,0,0,0,1,0,1,1,0,1
crossing,padded_benes,7,B_db_placeholder,template,26,input:w2->padded_benes_8x8_s0_w2_3.in,input:w4->padded_benes_8x8_s0_w4_5.in,365.0,300.0,16.0,108.0,104.0,48.0,80.0,48.0,0,0,0,0,0,0,0,0,0
crossing,padded_benes,7,B_db_placeholder,template,27,input:w2->padded_benes_8x8_s0_w2_3.in,input:w4->padded_benes_8x8_s0_w4_5.in,493.0,344.0,16.0,148.0,20.0,96.0,40.0,20.0,0,0,0,0,0,0,0,0,0
crossing,padded_benes,7,B_db_placeholder,template,28,input:w2->padded_benes_8x8_s0_w2_3.in,input:w5->padded_benes_8x8_s0_w4_5.add,365.0,236.0,16.0,172.0,40.0,32.0,80.0,32.0,0,0,0,0,0,0,0,0,0
crossing,padded_benes,7,B_db_placeholder,template,29,input:w2->padded_benes_8x8_s0_w2_3.in,input:w5->padded_benes_8x8_s0_w4_5.add,493.0,280.0,8.0,84.0,84.0,96.0,32.0,32.0,0,0,0,0,1,1,0,1,1
crossing,padded_benes,7,B_db_placeholder,template,30,input:w2->padded_benes_8x8_s0_w2_3.in,input:w6->padded_benes_8x8_s0_w6_7.in,493.0,216.0,8.0,20.0,148.0,96.0,24.0,20.0,0,0,0,0,1,1,0,1,1
crossing,padded_benes,7,B_db_placeholder,template,31,input:w2->padded_benes_8x8_s0_w2_3.in,input:w6->padded_benes_8x8_s0_w6_7.in,397.0,196.0,51.22499389946279,32.0,96.0,8.0,20.0,8.0,0,0,0,1,0,1,1,0,1
crossing,padded_benes,7,B_db_placeholder,template,32,input:w3->padded_benes_8x8_s0_w2_3.add,input:w4->padded_benes_8x8_s0_w4_5.in,349.0,300.0,8.0,44.0,168.0,32.0,96.0,32.0,0,0,0,0,1,1,0,1,1
crossing,padded_benes,7,B_db_placeholder,template,33,input:w3->padded_benes_8x8_s0_w2_3.add,input:w4->padded_benes_8x8_s0_w4_5.in,533.0,300.0,24.0,32.0,80.0,44.0,168.0,32.0,0,0,0,0,0,0,0,0,0
crossing,padded_benes,7,B_db_placeholder,template,34,input:w3->padded_benes_8x8_s0_w2_3.add,input:w5->padded_benes_8x8_s0_w4_5.add,349.0,236.0,16.0,108.0,104.0,16.0,96.0,16.0,0,0,0,0,0,0,0,0,0
crossing,padded_benes,7,B_db_placeholder,template,35,input:w3->padded_benes_8x8_s0_w2_3.add,input:w5->padded_benes_8x8_s0_w4_5.add,501.0,280.0,8.0,148.0,20.0,104.0,24.0,20.0,0,0,0,0,1,1,0,1,1
crossing,padded_benes,7,B_db_placeholder,template,36,input:w3->padded_benes_8x8_s0_w2_3.add,input:w6->padded_benes_8x8_s0_w6_7.in,349.0,172.0,16.0,172.0,40.0,40.0,96.0,40.0,0,0,0,0,0,0,0,0,0
crossing,padded_benes,7,B_db_placeholder,template,37,input:w3->padded_benes_8x8_s0_w2_3.add,input:w6->padded_benes_8x8_s0_w6_7.in,501.0,216.0,8.0,84.0,84.0,104.0,16.0,16.0,0,0,0,0,1,1,0,1,1
crossing,padded_benes,7,B_db_placeholder,template,38,input:w3->padded_benes_8x8_s0_w2_3.add,input:w7->padded_benes_8x8_s0_w6_7.add,501.0,152.0,50.11985634456667,20.0,148.0,104.0,8.0,8.0,0,0,0,1,0,1,1,0,1
crossing,padded_benes,7,B_db_placeholder,template,39,input:w3->padded_benes_8x8_s0_w2_3.add,input:w7->padded_benes_8x8_s0_w6_7.add,397.0,132.0,62.48199740725323,48.0,104.0,8.0,20.0,8.0,0,0,0,1,0,1,1,0,1
crossing,padded_benes,7,B_db_placeholder,template,40,input:w4->padded_benes_8x8_s0_w4_5.in,input:w5->padded_benes_8x8_s0_w4_5.add,173.0,132.0,24.0,8.0,144.0,52.0,64.0,8.0,0,0,0,1,0,1,1,0,1
crossing,padded_benes,7,B_db_placeholder,template,41,input:w4->padded_benes_8x8_s0_w4_5.in,input:w5->padded_benes_8x8_s0_w4_5.add,807.0,164.0,74.0,146.0,10.0,20.0,36.0,10.0,0,0,0,0,0,0,1,0,1
crossing,padded_benes,7,B_db_placeholder,template,42,input:w4->padded_benes_8x8_s0_w4_5.in,input:w5->padded_benes_8x8_s0_w4_5.add,61.0,164.0,116.48175822848829,29.0,104.0,8.0,20.0,8.0,0,0,0,1,0,1,1,0,1
crossing,padded_benes,7,B_db_placeholder,template,43,input:w4->padded_benes_8x8_s0_w4_5.in,input:w5->padded_benes_8x8_s0_w4_5.add,733.0,164.0,53.665631459994955,72.0,84.0,8.0,20.0,8.0,0,0,0,1,0,1,1,0,1
crossing,padded_benes,7,B_db_placeholder,template,44,input:w4->padded_benes_8x8_s0_w4_5.in,input:w6->padded_benes_8x8_s0_w6_7.in,317.0,172.0,16.0,40.0,128.0,8.0,128.0,8.0,0,0,0,1,0,1,1,0,1
crossing,padded_benes,7,B_db_placeholder,template,45,input:w4->padded_benes_8x8_s0_w4_5.in,input:w6->padded_benes_8x8_s0_w6_7.in,661.0,152.0,26.832815729997478,20.0,12.0,96.0,24.0,12.0,0,0,0,0,0,0,1,0,1
crossing,padded_benes,7,B_db_placeholder,template,46,input:w4->padded_benes_8x8_s0_w4_5.in,input:w6->padded_benes_8x8_s0_w6_7.in,229.0,132.0,56.0,64.0,88.0,8.0,20.0,8.0,0,0,0,1,0,1,1,0,1
crossing,padded_benes,7,B_db_placeholder,template,47,input:w4->padded_benes_8x8_s0_w4_5.in,input:w6->padded_benes_8x8_s0_w6_7.in,565.0,132.0,46.647615158762406,32.0,96.0,8.0,20.0,8.0,0,0,0,1,0,1,1,0,1
crossing,padded_benes,7,B_db_placeholder,template,48,input:w5->padded_benes_8x8_s0_w4_5.add,input:w6->padded_benes_8x8_s0_w6_7.in,173.0,108.0,24.0,76.0,40.0,24.0,104.0,24.0,0,0,0,0,0,0,0,0,0
crossing,padded_benes,7,B_db_placeholder,template,49,input:w5->padded_benes_8x8_s0_w4_5.add,input:w6->padded_benes_8x8_s0_w6_7.in,333.0,172.0,16.0,104.0,64.0,24.0,112.0,24.0,0,0,0,0,0,0,0,0,0
crossing,padded_benes,7,B_db_placeholder,template,50,input:w5->padded_benes_8x8_s0_w4_5.add,input:w6->padded_benes_8x8_s0_w6_7.in,525.0,108.0,46.647615158762406,172.0,40.0,8.0,88.0,8.0,0,0,0,1,0,1,1,0,1
crossing,padded_benes,7,B_db_placeholder,template,51,input:w5->padded_benes_8x8_s0_w4_5.add,input:w6->padded_benes_8x8_s0_w6_7.in,685.0,140.0,26.832815729997478,16.0,96.0,12.0,104.0,12.0,0,0,0,0,0,0,1,0,1
crossing,padded_benes,7,B_db_placeholder,template,52,input:w5->padded_benes_8x8_s0_w4_5.add,input:w7->padded_benes_8x8_s0_w6_7.add,333.0,108.0,64.0,40.0,128.0,8.0,112.0,8.0,0,0,0,1,0,1,1,0,1
crossing,padded_benes,7,B_db_placeholder,template,53,input:w5->padded_benes_8x8_s0_w4_5.add,input:w7->padded_benes_8x8_s0_w6_7.add,669.0,88.0,54.405882034941776,20.0,52.0,104.0,8.0,8.0,0,0,0,1,0,1,1,0,1
crossing,padded_benes,7,B_db_placeholder,template,54,input:w5->padded_benes_8x8_s0_w4_5.add,input:w7->padded_benes_8x8_s0_w6_7.add,229.0,68.0,64.0,56.0,104.0,8.0,20.0,8.0,0,0,0,1,0,1,1,0,1
crossing,padded_benes,7,B_db_placeholder,template,55,input:w5->padded_benes_8x8_s0_w4_5.add,input:w7->padded_benes_8x8_s0_w6_7.add,565.0,68.0,56.568542494923804,40.0,104.0,8.0,20.0,8.0,0,0,0,1,0,1,1,0,1
crossing,padded_benes,7,B_db_placeholder,template,56,input:w6->padded_benes_8x8_s0_w6_7.in,input:w7->padded_benes_8x8_s0_w6_7.add,149.0,56.0,57.271284253105414,20.0,52.0,88.0,8.0,8.0,0,0,0,1,0,1,1,0,1
crossing,padded_benes,7,B_db_placeholder,template,57,input:w6->padded_benes_8x8_s0_w6_7.in,input:w7->padded_benes_8x8_s0_w6_7.add,807.0,36.0,74.0,122.0,10.0,20.0,36.0,10.0,0,0,0,0,0,0,1,0,1
crossing,padded_benes,7,B_db_placeholder,template,58,input:w6->padded_benes_8x8_s0_w6_7.in,input:w7->padded_benes_8x8_s0_w6_7.add,61.0,36.0,90.24411338142782,29.0,88.0,8.0,20.0,8.0,0,0,0,1,0,1,1,0,1
crossing,padded_benes,7,B_db_placeholder,template,59,input:w6->padded_benes_8x8_s0_w6_7.in,input:w7->padded_benes_8x8_s0_w6_7.add,733.0,36.0,74.0,48.0,84.0,8.0,20.0,8.0,0,0,0,1,0,1,1,0,1
crossing,padded_benes,7,C_db_realistic,template,0,input:w0->padded_benes_8x8_s0_w0_1.in,input:w1->padded_benes_8x8_s0_w0_1.add,197.0,388.0,24.0,8.0,160.0,52.0,64.0,8.0,0,0,0,1,0,1,1,0,1
crossing,padded_benes,7,C_db_realistic,template,1,input:w0->padded_benes_8x8_s0_w0_1.in,input:w1->padded_benes_8x8_s0_w0_1.add,807.0,420.0,74.0,162.0,10.0,20.0,36.0,10.0,0,0,0,0,0,0,1,0,1
crossing,padded_benes,7,C_db_realistic,template,2,input:w0->padded_benes_8x8_s0_w0_1.in,input:w1->padded_benes_8x8_s0_w0_1.add,61.0,420.0,128.0,29.0,128.0,8.0,20.0,8.0,0,0,0,1,0,1,1,0,1
crossing,padded_benes,7,C_db_realistic,template,3,input:w0->padded_benes_8x8_s0_w0_1.in,input:w1->padded_benes_8x8_s0_w0_1.add,733.0,420.0,40.0,88.0,84.0,8.0,20.0,8.0,0,0,0,1,0,1,1,0,1
crossing,padded_benes,7,C_db_realistic,template,4,input:w0->padded_benes_8x8_s0_w0_1.in,input:w2->padded_benes_8x8_s0_w2_3.in,365.0,324.0,24.0,8.0,112.0,84.0,128.0,8.0,0,0,0,1,0,1,1,0,1
crossing,padded_benes,7,C_db_realistic,template,5,input:w0->padded_benes_8x8_s0_w0_1.in,input:w2->padded_benes_8x8_s0_w2_3.in,645.0,408.0,57.271284253105414,20.0,12.0,80.0,56.0,12.0,0,0,0,0,0,0,1,0,1
crossing,padded_benes,7,C_db_realistic,template,6,input:w0->padded_benes_8x8_s0_w0_1.in,input:w2->padded_benes_8x8_s0_w2_3.in,229.0,388.0,32.0,40.0,128.0,8.0,20.0,8.0,0,0,0,1,0,1,1,0,1
crossing,padded_benes,7,C_db_realistic,template,7,input:w0->padded_benes_8x8_s0_w0_1.in,input:w2->padded_benes_8x8_s0_w2_3.in,565.0,388.0,64.0,88.0,80.0,8.0,20.0,8.0,0,0,0,1,0,1,1,0,1
crossing,padded_benes,7,C_db_realistic,template,8,input:w0->padded_benes_8x8_s0_w0_1.in,input:w4->padded_benes_8x8_s0_w4_5.in,477.0,344.0,16.0,20.0,44.0,80.0,56.0,20.0,0,0,0,0,0,0,0,0,0
crossing,padded_benes,7,C_db_realistic,template,9,input:w0->padded_benes_8x8_s0_w0_1.in,input:w4->padded_benes_8x8_s0_w4_5.in,397.0,324.0,32.0,40.0,80.0,8.0,20.0,8.0,0,0,0,1,0,1,1,0,1
crossing,padded_benes,7,C_db_realistic,template,10,input:w1->padded_benes_8x8_s0_w0_1.add,input:w2->padded_benes_8x8_s0_w2_3.in,197.0,364.0,24.0,76.0,40.0,56.0,80.0,40.0,0,0,0,0,0,0,0,0,0
crossing,padded_benes,7,C_db_realistic,template,11,input:w1->padded_benes_8x8_s0_w0_1.add,input:w2->padded_benes_8x8_s0_w2_3.in,365.0,260.0,16.0,24.0,120.0,148.0,64.0,24.0,0,0,0,0,0,0,0,0,0
crossing,padded_benes,7,C_db_realistic,template,12,input:w1->padded_benes_8x8_s0_w0_1.add,input:w2->padded_benes_8x8_s0_w2_3.in,493.0,324.0,20.0,8.0,160.0,128.0,40.0,8.0,0,0,0,1,0,1,1,0,1
crossing,padded_benes,7,C_db_realistic,template,13,input:w1->padded_benes_8x8_s0_w0_1.add,input:w2->padded_benes_8x8_s0_w2_3.in,701.0,396.0,40.0,48.0,80.0,12.0,104.0,12.0,0,0,0,0,0,0,1,0,1
crossing,padded_benes,7,C_db_realistic,template,14,input:w1->padded_benes_8x8_s0_w0_1.add,input:w3->padded_benes_8x8_s0_w2_3.add,349.0,260.0,16.0,8.0,136.0,84.0,128.0,8.0,0,0,0,1,0,1,1,0,1
crossing,padded_benes,7,C_db_realistic,template,15,input:w1->padded_benes_8x8_s0_w0_1.add,input:w3->padded_benes_8x8_s0_w2_3.add,653.0,344.0,64.4980619863884,20.0,52.0,88.0,40.0,20.0,0,0,0,0,0,0,0,0,0
crossing,padded_benes,7,C_db_realistic,template,16,input:w1->padded_benes_8x8_s0_w0_1.add,input:w3->padded_benes_8x8_s0_w2_3.add,229.0,324.0,51.22499389946279,32.0,112.0,8.0,20.0,8.0,0,0,0,1,0,1,1,0,1
crossing,padded_benes,7,C_db_realistic,template,17,input:w1->padded_benes_8x8_s0_w0_1.add,input:w3->padded_benes_8x8_s0_w2_3.add,565.0,324.0,32.0,80.0,88.0,8.0,20.0,8.0,0,0,0,1,0,1,1,0,1
crossing,padded_benes,7,C_db_realistic,template,18,input:w1->padded_benes_8x8_s0_w0_1.add,input:w4->padded_benes_8x8_s0_w4_5.in,341.0,300.0,8.0,24.0,40.0,24.0,104.0,24.0,0,0,0,0,1,1,0,1,1
crossing,padded_benes,7,C_db_realistic,template,19,input:w1->padded_benes_8x8_s0_w0_1.add,input:w4->padded_benes_8x8_s0_w4_5.in,533.0,324.0,24.0,48.0,120.0,20.0,192.0,20.0,0,0,0,0,0,0,0,0,0
crossing,padded_benes,7,C_db_realistic,template,20,input:w1->padded_benes_8x8_s0_w0_1.add,input:w5->padded_benes_8x8_s0_w4_5.add,485.0,280.0,8.0,20.0,44.0,88.0,40.0,20.0,0,0,0,0,1,1,0,1,1
crossing,padded_benes,7,C_db_realistic,template,21,input:w1->padded_benes_8x8_s0_w0_1.add,input:w5->padded_benes_8x8_s0_w4_5.add,397.0,260.0,32.0,56.0,88.0,8.0,20.0,8.0,0,0,0,1,0,1,1,0,1
crossing,padded_benes,7,C_db_realistic,template,22,input:w2->padded_benes_8x8_s0_w2_3.in,input:w3->padded_benes_8x8_s0_w2_3.add,141.0,312.0,76.4198926981712,20.0,52.0,80.0,40.0,20.0,0,0,0,0,0,0,0,0,0
crossing,padded_benes,7,C_db_realistic,template,23,input:w2->padded_benes_8x8_s0_w2_3.in,input:w3->padded_benes_8x8_s0_w2_3.add,807.0,292.0,74.0,106.0,10.0,20.0,36.0,10.0,0,0,0,0,0,0,1,0,1
crossing,padded_benes,7,C_db_realistic,template,24,input:w2->padded_benes_8x8_s0_w2_3.in,input:w3->padded_benes_8x8_s0_w2_3.add,61.0,292.0,82.46211251235322,29.0,80.0,8.0,20.0,8.0,0,0,0,1,0,1,1,0,1
crossing,padded_benes,7,C_db_realistic,template,25,input:w2->padded_benes_8x8_s0_w2_3.in,input:w3->padded_benes_8x8_s0_w2_3.add,733.0,292.0,74.0,32.0,84.0,8.0,20.0,8.0,0,0,0,1,0,1,1,0,1
crossing,padded_benes,7,C_db_realistic,template,26,input:w2->padded_benes_8x8_s0_w2_3.in,input:w4->padded_benes_8x8_s0_w4_5.in,365.0,300.0,16.0,108.0,104.0,48.0,80.0,48.0,0,0,0,0,0,0,0,0,0
crossing,padded_benes,7,C_db_realistic,template,27,input:w2->padded_benes_8x8_s0_w2_3.in,input:w4->padded_benes_8x8_s0_w4_5.in,493.0,344.0,16.0,148.0,20.0,96.0,40.0,20.0,0,0,0,0,0,0,0,0,0
crossing,padded_benes,7,C_db_realistic,template,28,input:w2->padded_benes_8x8_s0_w2_3.in,input:w5->padded_benes_8x8_s0_w4_5.add,365.0,236.0,16.0,172.0,40.0,32.0,80.0,32.0,0,0,0,0,0,0,0,0,0
crossing,padded_benes,7,C_db_realistic,template,29,input:w2->padded_benes_8x8_s0_w2_3.in,input:w5->padded_benes_8x8_s0_w4_5.add,493.0,280.0,8.0,84.0,84.0,96.0,32.0,32.0,0,0,0,0,1,1,0,1,1
crossing,padded_benes,7,C_db_realistic,template,30,input:w2->padded_benes_8x8_s0_w2_3.in,input:w6->padded_benes_8x8_s0_w6_7.in,493.0,216.0,8.0,20.0,148.0,96.0,24.0,20.0,0,0,0,0,1,1,0,1,1
crossing,padded_benes,7,C_db_realistic,template,31,input:w2->padded_benes_8x8_s0_w2_3.in,input:w6->padded_benes_8x8_s0_w6_7.in,397.0,196.0,51.22499389946279,32.0,96.0,8.0,20.0,8.0,0,0,0,1,0,1,1,0,1
crossing,padded_benes,7,C_db_realistic,template,32,input:w3->padded_benes_8x8_s0_w2_3.add,input:w4->padded_benes_8x8_s0_w4_5.in,349.0,300.0,8.0,44.0,168.0,32.0,96.0,32.0,0,0,0,0,1,1,0,1,1
crossing,padded_benes,7,C_db_realistic,template,33,input:w3->padded_benes_8x8_s0_w2_3.add,input:w4->padded_benes_8x8_s0_w4_5.in,533.0,300.0,24.0,32.0,80.0,44.0,168.0,32.0,0,0,0,0,0,0,0,0,0
crossing,padded_benes,7,C_db_realistic,template,34,input:w3->padded_benes_8x8_s0_w2_3.add,input:w5->padded_benes_8x8_s0_w4_5.add,349.0,236.0,16.0,108.0,104.0,16.0,96.0,16.0,0,0,0,0,0,0,0,0,0
crossing,padded_benes,7,C_db_realistic,template,35,input:w3->padded_benes_8x8_s0_w2_3.add,input:w5->padded_benes_8x8_s0_w4_5.add,501.0,280.0,8.0,148.0,20.0,104.0,24.0,20.0,0,0,0,0,1,1,0,1,1
crossing,padded_benes,7,C_db_realistic,template,36,input:w3->padded_benes_8x8_s0_w2_3.add,input:w6->padded_benes_8x8_s0_w6_7.in,349.0,172.0,16.0,172.0,40.0,40.0,96.0,40.0,0,0,0,0,0,0,0,0,0
crossing,padded_benes,7,C_db_realistic,template,37,input:w3->padded_benes_8x8_s0_w2_3.add,input:w6->padded_benes_8x8_s0_w6_7.in,501.0,216.0,8.0,84.0,84.0,104.0,16.0,16.0,0,0,0,0,1,1,0,1,1
crossing,padded_benes,7,C_db_realistic,template,38,input:w3->padded_benes_8x8_s0_w2_3.add,input:w7->padded_benes_8x8_s0_w6_7.add,501.0,152.0,50.11985634456667,20.0,148.0,104.0,8.0,8.0,0,0,0,1,0,1,1,0,1
crossing,padded_benes,7,C_db_realistic,template,39,input:w3->padded_benes_8x8_s0_w2_3.add,input:w7->padded_benes_8x8_s0_w6_7.add,397.0,132.0,62.48199740725323,48.0,104.0,8.0,20.0,8.0,0,0,0,1,0,1,1,0,1
crossing,padded_benes,7,C_db_realistic,template,40,input:w4->padded_benes_8x8_s0_w4_5.in,input:w5->padded_benes_8x8_s0_w4_5.add,173.0,132.0,24.0,8.0,144.0,52.0,64.0,8.0,0,0,0,1,0,1,1,0,1
crossing,padded_benes,7,C_db_realistic,template,41,input:w4->padded_benes_8x8_s0_w4_5.in,input:w5->padded_benes_8x8_s0_w4_5.add,807.0,164.0,74.0,146.0,10.0,20.0,36.0,10.0,0,0,0,0,0,0,1,0,1
crossing,padded_benes,7,C_db_realistic,template,42,input:w4->padded_benes_8x8_s0_w4_5.in,input:w5->padded_benes_8x8_s0_w4_5.add,61.0,164.0,116.48175822848829,29.0,104.0,8.0,20.0,8.0,0,0,0,1,0,1,1,0,1
crossing,padded_benes,7,C_db_realistic,template,43,input:w4->padded_benes_8x8_s0_w4_5.in,input:w5->padded_benes_8x8_s0_w4_5.add,733.0,164.0,53.665631459994955,72.0,84.0,8.0,20.0,8.0,0,0,0,1,0,1,1,0,1
crossing,padded_benes,7,C_db_realistic,template,44,input:w4->padded_benes_8x8_s0_w4_5.in,input:w6->padded_benes_8x8_s0_w6_7.in,317.0,172.0,16.0,40.0,128.0,8.0,128.0,8.0,0,0,0,1,0,1,1,0,1
crossing,padded_benes,7,C_db_realistic,template,45,input:w4->padded_benes_8x8_s0_w4_5.in,input:w6->padded_benes_8x8_s0_w6_7.in,661.0,152.0,26.832815729997478,20.0,12.0,96.0,24.0,12.0,0,0,0,0,0,0,1,0,1
crossing,padded_benes,7,C_db_realistic,template,46,input:w4->padded_benes_8x8_s0_w4_5.in,input:w6->padded_benes_8x8_s0_w6_7.in,229.0,132.0,56.0,64.0,88.0,8.0,20.0,8.0,0,0,0,1,0,1,1,0,1
crossing,padded_benes,7,C_db_realistic,template,47,input:w4->padded_benes_8x8_s0_w4_5.in,input:w6->padded_benes_8x8_s0_w6_7.in,565.0,132.0,46.647615158762406,32.0,96.0,8.0,20.0,8.0,0,0,0,1,0,1,1,0,1
crossing,padded_benes,7,C_db_realistic,template,48,input:w5->padded_benes_8x8_s0_w4_5.add,input:w6->padded_benes_8x8_s0_w6_7.in,173.0,108.0,24.0,76.0,40.0,24.0,104.0,24.0,0,0,0,0,0,0,0,0,0
crossing,padded_benes,7,C_db_realistic,template,49,input:w5->padded_benes_8x8_s0_w4_5.add,input:w6->padded_benes_8x8_s0_w6_7.in,333.0,172.0,16.0,104.0,64.0,24.0,112.0,24.0,0,0,0,0,0,0,0,0,0
crossing,padded_benes,7,C_db_realistic,template,50,input:w5->padded_benes_8x8_s0_w4_5.add,input:w6->padded_benes_8x8_s0_w6_7.in,525.0,108.0,46.647615158762406,172.0,40.0,8.0,88.0,8.0,0,0,0,1,0,1,1,0,1
crossing,padded_benes,7,C_db_realistic,template,51,input:w5->padded_benes_8x8_s0_w4_5.add,input:w6->padded_benes_8x8_s0_w6_7.in,685.0,140.0,26.832815729997478,16.0,96.0,12.0,104.0,12.0,0,0,0,0,0,0,1,0,1
crossing,padded_benes,7,C_db_realistic,template,52,input:w5->padded_benes_8x8_s0_w4_5.add,input:w7->padded_benes_8x8_s0_w6_7.add,333.0,108.0,64.0,40.0,128.0,8.0,112.0,8.0,0,0,0,1,0,1,1,0,1
crossing,padded_benes,7,C_db_realistic,template,53,input:w5->padded_benes_8x8_s0_w4_5.add,input:w7->padded_benes_8x8_s0_w6_7.add,669.0,88.0,54.405882034941776,20.0,52.0,104.0,8.0,8.0,0,0,0,1,0,1,1,0,1
crossing,padded_benes,7,C_db_realistic,template,54,input:w5->padded_benes_8x8_s0_w4_5.add,input:w7->padded_benes_8x8_s0_w6_7.add,229.0,68.0,64.0,56.0,104.0,8.0,20.0,8.0,0,0,0,1,0,1,1,0,1
crossing,padded_benes,7,C_db_realistic,template,55,input:w5->padded_benes_8x8_s0_w4_5.add,input:w7->padded_benes_8x8_s0_w6_7.add,565.0,68.0,56.568542494923804,40.0,104.0,8.0,20.0,8.0,0,0,0,1,0,1,1,0,1
crossing,padded_benes,7,C_db_realistic,template,56,input:w6->padded_benes_8x8_s0_w6_7.in,input:w7->padded_benes_8x8_s0_w6_7.add,149.0,56.0,57.271284253105414,20.0,52.0,88.0,8.0,8.0,0,0,0,1,0,1,1,0,1
crossing,padded_benes,7,C_db_realistic,template,57,input:w6->padded_benes_8x8_s0_w6_7.in,input:w7->padded_benes_8x8_s0_w6_7.add,807.0,36.0,74.0,122.0,10.0,20.0,36.0,10.0,0,0,0,0,0,0,1,0,1
crossing,padded_benes,7,C_db_realistic,template,58,input:w6->padded_benes_8x8_s0_w6_7.in,input:w7->padded_benes_8x8_s0_w6_7.add,61.0,36.0,90.24411338142782,29.0,88.0,8.0,20.0,8.0,0,0,0,1,0,1,1,0,1
crossing,padded_benes,7,C_db_realistic,template,59,input:w6->padded_benes_8x8_s0_w6_7.in,input:w7->padded_benes_8x8_s0_w6_7.add,733.0,36.0,74.0,48.0,84.0,8.0,20.0,8.0,0,0,0,1,0,1,1,0,1
crossing,padded_benes,8,B_db_placeholder,template,0,input:w0->padded_benes_8x8_s0_w0_1.in,input:w1->padded_benes_8x8_s0_w0_1.add,197.0,388.0,24.0,8.0,160.0,52.0,64.0,8.0,0,0,0,1,0,1,1,0,1
crossing,padded_benes,8,B_db_placeholder,template,1,input:w0->padded_benes_8x8_s0_w0_1.in,input:w1->padded_benes_8x8_s0_w0_1.add,807.0,420.0,74.0,162.0,10.0,20.0,36.0,10.0,0,0,0,0,0,0,1,0,1
crossing,padded_benes,8,B_db_placeholder,template,2,input:w0->padded_benes_8x8_s0_w0_1.in,input:w1->padded_benes_8x8_s0_w0_1.add,61.0,420.0,128.0,29.0,128.0,8.0,20.0,8.0,0,0,0,1,0,1,1,0,1
crossing,padded_benes,8,B_db_placeholder,template,3,input:w0->padded_benes_8x8_s0_w0_1.in,input:w1->padded_benes_8x8_s0_w0_1.add,733.0,420.0,40.0,88.0,84.0,8.0,20.0,8.0,0,0,0,1,0,1,1,0,1
crossing,padded_benes,8,B_db_placeholder,template,4,input:w0->padded_benes_8x8_s0_w0_1.in,input:w2->padded_benes_8x8_s0_w2_3.in,365.0,324.0,24.0,8.0,112.0,84.0,128.0,8.0,0,0,0,1,0,1,1,0,1
crossing,padded_benes,8,B_db_placeholder,template,5,input:w0->padded_benes_8x8_s0_w0_1.in,input:w2->padded_benes_8x8_s0_w2_3.in,645.0,408.0,57.271284253105414,20.0,12.0,80.0,56.0,12.0,0,0,0,0,0,0,1,0,1
crossing,padded_benes,8,B_db_placeholder,template,6,input:w0->padded_benes_8x8_s0_w0_1.in,input:w2->padded_benes_8x8_s0_w2_3.in,229.0,388.0,32.0,40.0,128.0,8.0,20.0,8.0,0,0,0,1,0,1,1,0,1
crossing,padded_benes,8,B_db_placeholder,template,7,input:w0->padded_benes_8x8_s0_w0_1.in,input:w2->padded_benes_8x8_s0_w2_3.in,565.0,388.0,64.0,88.0,80.0,8.0,20.0,8.0,0,0,0,1,0,1,1,0,1
crossing,padded_benes,8,B_db_placeholder,template,8,input:w0->padded_benes_8x8_s0_w0_1.in,input:w4->padded_benes_8x8_s0_w4_5.in,477.0,344.0,16.0,20.0,44.0,80.0,56.0,20.0,0,0,0,0,0,0,0,0,0
crossing,padded_benes,8,B_db_placeholder,template,9,input:w0->padded_benes_8x8_s0_w0_1.in,input:w4->padded_benes_8x8_s0_w4_5.in,397.0,324.0,32.0,40.0,80.0,8.0,20.0,8.0,0,0,0,1,0,1,1,0,1
crossing,padded_benes,8,B_db_placeholder,template,10,input:w1->padded_benes_8x8_s0_w0_1.add,input:w2->padded_benes_8x8_s0_w2_3.in,197.0,364.0,24.0,76.0,40.0,56.0,80.0,40.0,0,0,0,0,0,0,0,0,0
crossing,padded_benes,8,B_db_placeholder,template,11,input:w1->padded_benes_8x8_s0_w0_1.add,input:w2->padded_benes_8x8_s0_w2_3.in,365.0,260.0,16.0,24.0,120.0,148.0,64.0,24.0,0,0,0,0,0,0,0,0,0
crossing,padded_benes,8,B_db_placeholder,template,12,input:w1->padded_benes_8x8_s0_w0_1.add,input:w2->padded_benes_8x8_s0_w2_3.in,493.0,324.0,20.0,8.0,160.0,128.0,40.0,8.0,0,0,0,1,0,1,1,0,1
crossing,padded_benes,8,B_db_placeholder,template,13,input:w1->padded_benes_8x8_s0_w0_1.add,input:w2->padded_benes_8x8_s0_w2_3.in,701.0,396.0,40.0,48.0,80.0,12.0,104.0,12.0,0,0,0,0,0,0,1,0,1
crossing,padded_benes,8,B_db_placeholder,template,14,input:w1->padded_benes_8x8_s0_w0_1.add,input:w3->padded_benes_8x8_s0_w2_3.add,349.0,260.0,16.0,8.0,136.0,84.0,128.0,8.0,0,0,0,1,0,1,1,0,1
crossing,padded_benes,8,B_db_placeholder,template,15,input:w1->padded_benes_8x8_s0_w0_1.add,input:w3->padded_benes_8x8_s0_w2_3.add,653.0,344.0,64.4980619863884,20.0,52.0,88.0,40.0,20.0,0,0,0,0,0,0,0,0,0
crossing,padded_benes,8,B_db_placeholder,template,16,input:w1->padded_benes_8x8_s0_w0_1.add,input:w3->padded_benes_8x8_s0_w2_3.add,229.0,324.0,51.22499389946279,32.0,112.0,8.0,20.0,8.0,0,0,0,1,0,1,1,0,1
crossing,padded_benes,8,B_db_placeholder,template,17,input:w1->padded_benes_8x8_s0_w0_1.add,input:w3->padded_benes_8x8_s0_w2_3.add,565.0,324.0,32.0,80.0,88.0,8.0,20.0,8.0,0,0,0,1,0,1,1,0,1
crossing,padded_benes,8,B_db_placeholder,template,18,input:w1->padded_benes_8x8_s0_w0_1.add,input:w4->padded_benes_8x8_s0_w4_5.in,341.0,300.0,8.0,24.0,40.0,24.0,104.0,24.0,0,0,0,0,1,1,0,1,1
crossing,padded_benes,8,B_db_placeholder,template,19,input:w1->padded_benes_8x8_s0_w0_1.add,input:w4->padded_benes_8x8_s0_w4_5.in,533.0,324.0,24.0,48.0,120.0,20.0,192.0,20.0,0,0,0,0,0,0,0,0,0
crossing,padded_benes,8,B_db_placeholder,template,20,input:w1->padded_benes_8x8_s0_w0_1.add,input:w5->padded_benes_8x8_s0_w4_5.add,485.0,280.0,8.0,20.0,44.0,88.0,40.0,20.0,0,0,0,0,1,1,0,1,1
crossing,padded_benes,8,B_db_placeholder,template,21,input:w1->padded_benes_8x8_s0_w0_1.add,input:w5->padded_benes_8x8_s0_w4_5.add,397.0,260.0,32.0,56.0,88.0,8.0,20.0,8.0,0,0,0,1,0,1,1,0,1
crossing,padded_benes,8,B_db_placeholder,template,22,input:w2->padded_benes_8x8_s0_w2_3.in,input:w3->padded_benes_8x8_s0_w2_3.add,141.0,312.0,76.4198926981712,20.0,52.0,80.0,40.0,20.0,0,0,0,0,0,0,0,0,0
crossing,padded_benes,8,B_db_placeholder,template,23,input:w2->padded_benes_8x8_s0_w2_3.in,input:w3->padded_benes_8x8_s0_w2_3.add,807.0,292.0,74.0,106.0,10.0,20.0,36.0,10.0,0,0,0,0,0,0,1,0,1
crossing,padded_benes,8,B_db_placeholder,template,24,input:w2->padded_benes_8x8_s0_w2_3.in,input:w3->padded_benes_8x8_s0_w2_3.add,61.0,292.0,82.46211251235322,29.0,80.0,8.0,20.0,8.0,0,0,0,1,0,1,1,0,1
crossing,padded_benes,8,B_db_placeholder,template,25,input:w2->padded_benes_8x8_s0_w2_3.in,input:w3->padded_benes_8x8_s0_w2_3.add,733.0,292.0,74.0,32.0,84.0,8.0,20.0,8.0,0,0,0,1,0,1,1,0,1
crossing,padded_benes,8,B_db_placeholder,template,26,input:w2->padded_benes_8x8_s0_w2_3.in,input:w4->padded_benes_8x8_s0_w4_5.in,365.0,300.0,16.0,108.0,104.0,48.0,80.0,48.0,0,0,0,0,0,0,0,0,0
crossing,padded_benes,8,B_db_placeholder,template,27,input:w2->padded_benes_8x8_s0_w2_3.in,input:w4->padded_benes_8x8_s0_w4_5.in,493.0,344.0,16.0,148.0,20.0,96.0,40.0,20.0,0,0,0,0,0,0,0,0,0
crossing,padded_benes,8,B_db_placeholder,template,28,input:w2->padded_benes_8x8_s0_w2_3.in,input:w5->padded_benes_8x8_s0_w4_5.add,365.0,236.0,16.0,172.0,40.0,32.0,80.0,32.0,0,0,0,0,0,0,0,0,0
crossing,padded_benes,8,B_db_placeholder,template,29,input:w2->padded_benes_8x8_s0_w2_3.in,input:w5->padded_benes_8x8_s0_w4_5.add,493.0,280.0,8.0,84.0,84.0,96.0,32.0,32.0,0,0,0,0,1,1,0,1,1
crossing,padded_benes,8,B_db_placeholder,template,30,input:w2->padded_benes_8x8_s0_w2_3.in,input:w6->padded_benes_8x8_s0_w6_7.in,493.0,216.0,8.0,20.0,148.0,96.0,24.0,20.0,0,0,0,0,1,1,0,1,1
crossing,padded_benes,8,B_db_placeholder,template,31,input:w2->padded_benes_8x8_s0_w2_3.in,input:w6->padded_benes_8x8_s0_w6_7.in,397.0,196.0,51.22499389946279,32.0,96.0,8.0,20.0,8.0,0,0,0,1,0,1,1,0,1
crossing,padded_benes,8,B_db_placeholder,template,32,input:w3->padded_benes_8x8_s0_w2_3.add,input:w4->padded_benes_8x8_s0_w4_5.in,349.0,300.0,8.0,44.0,168.0,32.0,96.0,32.0,0,0,0,0,1,1,0,1,1
crossing,padded_benes,8,B_db_placeholder,template,33,input:w3->padded_benes_8x8_s0_w2_3.add,input:w4->padded_benes_8x8_s0_w4_5.in,533.0,300.0,24.0,32.0,80.0,44.0,168.0,32.0,0,0,0,0,0,0,0,0,0
crossing,padded_benes,8,B_db_placeholder,template,34,input:w3->padded_benes_8x8_s0_w2_3.add,input:w5->padded_benes_8x8_s0_w4_5.add,349.0,236.0,16.0,108.0,104.0,16.0,96.0,16.0,0,0,0,0,0,0,0,0,0
crossing,padded_benes,8,B_db_placeholder,template,35,input:w3->padded_benes_8x8_s0_w2_3.add,input:w5->padded_benes_8x8_s0_w4_5.add,501.0,280.0,8.0,148.0,20.0,104.0,24.0,20.0,0,0,0,0,1,1,0,1,1
crossing,padded_benes,8,B_db_placeholder,template,36,input:w3->padded_benes_8x8_s0_w2_3.add,input:w6->padded_benes_8x8_s0_w6_7.in,349.0,172.0,16.0,172.0,40.0,40.0,96.0,40.0,0,0,0,0,0,0,0,0,0
crossing,padded_benes,8,B_db_placeholder,template,37,input:w3->padded_benes_8x8_s0_w2_3.add,input:w6->padded_benes_8x8_s0_w6_7.in,501.0,216.0,8.0,84.0,84.0,104.0,16.0,16.0,0,0,0,0,1,1,0,1,1
crossing,padded_benes,8,B_db_placeholder,template,38,input:w3->padded_benes_8x8_s0_w2_3.add,input:w7->padded_benes_8x8_s0_w6_7.add,501.0,152.0,50.11985634456667,20.0,148.0,104.0,8.0,8.0,0,0,0,1,0,1,1,0,1
crossing,padded_benes,8,B_db_placeholder,template,39,input:w3->padded_benes_8x8_s0_w2_3.add,input:w7->padded_benes_8x8_s0_w6_7.add,397.0,132.0,62.48199740725323,48.0,104.0,8.0,20.0,8.0,0,0,0,1,0,1,1,0,1
crossing,padded_benes,8,B_db_placeholder,template,40,input:w4->padded_benes_8x8_s0_w4_5.in,input:w5->padded_benes_8x8_s0_w4_5.add,173.0,132.0,24.0,8.0,144.0,52.0,64.0,8.0,0,0,0,1,0,1,1,0,1
crossing,padded_benes,8,B_db_placeholder,template,41,input:w4->padded_benes_8x8_s0_w4_5.in,input:w5->padded_benes_8x8_s0_w4_5.add,807.0,164.0,74.0,146.0,10.0,20.0,36.0,10.0,0,0,0,0,0,0,1,0,1
crossing,padded_benes,8,B_db_placeholder,template,42,input:w4->padded_benes_8x8_s0_w4_5.in,input:w5->padded_benes_8x8_s0_w4_5.add,61.0,164.0,116.48175822848829,29.0,104.0,8.0,20.0,8.0,0,0,0,1,0,1,1,0,1
crossing,padded_benes,8,B_db_placeholder,template,43,input:w4->padded_benes_8x8_s0_w4_5.in,input:w5->padded_benes_8x8_s0_w4_5.add,733.0,164.0,53.665631459994955,72.0,84.0,8.0,20.0,8.0,0,0,0,1,0,1,1,0,1
crossing,padded_benes,8,B_db_placeholder,template,44,input:w4->padded_benes_8x8_s0_w4_5.in,input:w6->padded_benes_8x8_s0_w6_7.in,317.0,172.0,16.0,40.0,128.0,8.0,128.0,8.0,0,0,0,1,0,1,1,0,1
crossing,padded_benes,8,B_db_placeholder,template,45,input:w4->padded_benes_8x8_s0_w4_5.in,input:w6->padded_benes_8x8_s0_w6_7.in,661.0,152.0,26.832815729997478,20.0,12.0,96.0,24.0,12.0,0,0,0,0,0,0,1,0,1
crossing,padded_benes,8,B_db_placeholder,template,46,input:w4->padded_benes_8x8_s0_w4_5.in,input:w6->padded_benes_8x8_s0_w6_7.in,229.0,132.0,56.0,64.0,88.0,8.0,20.0,8.0,0,0,0,1,0,1,1,0,1
crossing,padded_benes,8,B_db_placeholder,template,47,input:w4->padded_benes_8x8_s0_w4_5.in,input:w6->padded_benes_8x8_s0_w6_7.in,565.0,132.0,46.647615158762406,32.0,96.0,8.0,20.0,8.0,0,0,0,1,0,1,1,0,1
crossing,padded_benes,8,B_db_placeholder,template,48,input:w5->padded_benes_8x8_s0_w4_5.add,input:w6->padded_benes_8x8_s0_w6_7.in,173.0,108.0,24.0,76.0,40.0,24.0,104.0,24.0,0,0,0,0,0,0,0,0,0
crossing,padded_benes,8,B_db_placeholder,template,49,input:w5->padded_benes_8x8_s0_w4_5.add,input:w6->padded_benes_8x8_s0_w6_7.in,333.0,172.0,16.0,104.0,64.0,24.0,112.0,24.0,0,0,0,0,0,0,0,0,0
crossing,padded_benes,8,B_db_placeholder,template,50,input:w5->padded_benes_8x8_s0_w4_5.add,input:w6->padded_benes_8x8_s0_w6_7.in,525.0,108.0,46.647615158762406,172.0,40.0,8.0,88.0,8.0,0,0,0,1,0,1,1,0,1
crossing,padded_benes,8,B_db_placeholder,template,51,input:w5->padded_benes_8x8_s0_w4_5.add,input:w6->padded_benes_8x8_s0_w6_7.in,685.0,140.0,26.832815729997478,16.0,96.0,12.0,104.0,12.0,0,0,0,0,0,0,1,0,1
crossing,padded_benes,8,B_db_placeholder,template,52,input:w5->padded_benes_8x8_s0_w4_5.add,input:w7->padded_benes_8x8_s0_w6_7.add,333.0,108.0,64.0,40.0,128.0,8.0,112.0,8.0,0,0,0,1,0,1,1,0,1
crossing,padded_benes,8,B_db_placeholder,template,53,input:w5->padded_benes_8x8_s0_w4_5.add,input:w7->padded_benes_8x8_s0_w6_7.add,669.0,88.0,54.405882034941776,20.0,52.0,104.0,8.0,8.0,0,0,0,1,0,1,1,0,1
crossing,padded_benes,8,B_db_placeholder,template,54,input:w5->padded_benes_8x8_s0_w4_5.add,input:w7->padded_benes_8x8_s0_w6_7.add,229.0,68.0,64.0,56.0,104.0,8.0,20.0,8.0,0,0,0,1,0,1,1,0,1
crossing,padded_benes,8,B_db_placeholder,template,55,input:w5->padded_benes_8x8_s0_w4_5.add,input:w7->padded_benes_8x8_s0_w6_7.add,565.0,68.0,56.568542494923804,40.0,104.0,8.0,20.0,8.0,0,0,0,1,0,1,1,0,1
crossing,padded_benes,8,B_db_placeholder,template,56,input:w6->padded_benes_8x8_s0_w6_7.in,input:w7->padded_benes_8x8_s0_w6_7.add,149.0,56.0,57.271284253105414,20.0,52.0,88.0,8.0,8.0,0,0,0,1,0,1,1,0,1
crossing,padded_benes,8,B_db_placeholder,template,57,input:w6->padded_benes_8x8_s0_w6_7.in,input:w7->padded_benes_8x8_s0_w6_7.add,807.0,36.0,74.0,122.0,10.0,20.0,36.0,10.0,0,0,0,0,0,0,1,0,1
crossing,padded_benes,8,B_db_placeholder,template,58,input:w6->padded_benes_8x8_s0_w6_7.in,input:w7->padded_benes_8x8_s0_w6_7.add,61.0,36.0,90.24411338142782,29.0,88.0,8.0,20.0,8.0,0,0,0,1,0,1,1,0,1
crossing,padded_benes,8,B_db_placeholder,template,59,input:w6->padded_benes_8x8_s0_w6_7.in,input:w7->padded_benes_8x8_s0_w6_7.add,733.0,36.0,74.0,48.0,84.0,8.0,20.0,8.0,0,0,0,1,0,1,1,0,1
crossing,padded_benes,8,C_db_realistic,template,0,input:w0->padded_benes_8x8_s0_w0_1.in,input:w1->padded_benes_8x8_s0_w0_1.add,197.0,388.0,24.0,8.0,160.0,52.0,64.0,8.0,0,0,0,1,0,1,1,0,1
crossing,padded_benes,8,C_db_realistic,template,1,input:w0->padded_benes_8x8_s0_w0_1.in,input:w1->padded_benes_8x8_s0_w0_1.add,807.0,420.0,74.0,162.0,10.0,20.0,36.0,10.0,0,0,0,0,0,0,1,0,1
crossing,padded_benes,8,C_db_realistic,template,2,input:w0->padded_benes_8x8_s0_w0_1.in,input:w1->padded_benes_8x8_s0_w0_1.add,61.0,420.0,128.0,29.0,128.0,8.0,20.0,8.0,0,0,0,1,0,1,1,0,1
crossing,padded_benes,8,C_db_realistic,template,3,input:w0->padded_benes_8x8_s0_w0_1.in,input:w1->padded_benes_8x8_s0_w0_1.add,733.0,420.0,40.0,88.0,84.0,8.0,20.0,8.0,0,0,0,1,0,1,1,0,1
crossing,padded_benes,8,C_db_realistic,template,4,input:w0->padded_benes_8x8_s0_w0_1.in,input:w2->padded_benes_8x8_s0_w2_3.in,365.0,324.0,24.0,8.0,112.0,84.0,128.0,8.0,0,0,0,1,0,1,1,0,1
crossing,padded_benes,8,C_db_realistic,template,5,input:w0->padded_benes_8x8_s0_w0_1.in,input:w2->padded_benes_8x8_s0_w2_3.in,645.0,408.0,57.271284253105414,20.0,12.0,80.0,56.0,12.0,0,0,0,0,0,0,1,0,1
crossing,padded_benes,8,C_db_realistic,template,6,input:w0->padded_benes_8x8_s0_w0_1.in,input:w2->padded_benes_8x8_s0_w2_3.in,229.0,388.0,32.0,40.0,128.0,8.0,20.0,8.0,0,0,0,1,0,1,1,0,1
crossing,padded_benes,8,C_db_realistic,template,7,input:w0->padded_benes_8x8_s0_w0_1.in,input:w2->padded_benes_8x8_s0_w2_3.in,565.0,388.0,64.0,88.0,80.0,8.0,20.0,8.0,0,0,0,1,0,1,1,0,1
crossing,padded_benes,8,C_db_realistic,template,8,input:w0->padded_benes_8x8_s0_w0_1.in,input:w4->padded_benes_8x8_s0_w4_5.in,477.0,344.0,16.0,20.0,44.0,80.0,56.0,20.0,0,0,0,0,0,0,0,0,0
crossing,padded_benes,8,C_db_realistic,template,9,input:w0->padded_benes_8x8_s0_w0_1.in,input:w4->padded_benes_8x8_s0_w4_5.in,397.0,324.0,32.0,40.0,80.0,8.0,20.0,8.0,0,0,0,1,0,1,1,0,1
crossing,padded_benes,8,C_db_realistic,template,10,input:w1->padded_benes_8x8_s0_w0_1.add,input:w2->padded_benes_8x8_s0_w2_3.in,197.0,364.0,24.0,76.0,40.0,56.0,80.0,40.0,0,0,0,0,0,0,0,0,0
crossing,padded_benes,8,C_db_realistic,template,11,input:w1->padded_benes_8x8_s0_w0_1.add,input:w2->padded_benes_8x8_s0_w2_3.in,365.0,260.0,16.0,24.0,120.0,148.0,64.0,24.0,0,0,0,0,0,0,0,0,0
crossing,padded_benes,8,C_db_realistic,template,12,input:w1->padded_benes_8x8_s0_w0_1.add,input:w2->padded_benes_8x8_s0_w2_3.in,493.0,324.0,20.0,8.0,160.0,128.0,40.0,8.0,0,0,0,1,0,1,1,0,1
crossing,padded_benes,8,C_db_realistic,template,13,input:w1->padded_benes_8x8_s0_w0_1.add,input:w2->padded_benes_8x8_s0_w2_3.in,701.0,396.0,40.0,48.0,80.0,12.0,104.0,12.0,0,0,0,0,0,0,1,0,1
crossing,padded_benes,8,C_db_realistic,template,14,input:w1->padded_benes_8x8_s0_w0_1.add,input:w3->padded_benes_8x8_s0_w2_3.add,349.0,260.0,16.0,8.0,136.0,84.0,128.0,8.0,0,0,0,1,0,1,1,0,1
crossing,padded_benes,8,C_db_realistic,template,15,input:w1->padded_benes_8x8_s0_w0_1.add,input:w3->padded_benes_8x8_s0_w2_3.add,653.0,344.0,64.4980619863884,20.0,52.0,88.0,40.0,20.0,0,0,0,0,0,0,0,0,0
crossing,padded_benes,8,C_db_realistic,template,16,input:w1->padded_benes_8x8_s0_w0_1.add,input:w3->padded_benes_8x8_s0_w2_3.add,229.0,324.0,51.22499389946279,32.0,112.0,8.0,20.0,8.0,0,0,0,1,0,1,1,0,1
crossing,padded_benes,8,C_db_realistic,template,17,input:w1->padded_benes_8x8_s0_w0_1.add,input:w3->padded_benes_8x8_s0_w2_3.add,565.0,324.0,32.0,80.0,88.0,8.0,20.0,8.0,0,0,0,1,0,1,1,0,1
crossing,padded_benes,8,C_db_realistic,template,18,input:w1->padded_benes_8x8_s0_w0_1.add,input:w4->padded_benes_8x8_s0_w4_5.in,341.0,300.0,8.0,24.0,40.0,24.0,104.0,24.0,0,0,0,0,1,1,0,1,1
crossing,padded_benes,8,C_db_realistic,template,19,input:w1->padded_benes_8x8_s0_w0_1.add,input:w4->padded_benes_8x8_s0_w4_5.in,533.0,324.0,24.0,48.0,120.0,20.0,192.0,20.0,0,0,0,0,0,0,0,0,0
crossing,padded_benes,8,C_db_realistic,template,20,input:w1->padded_benes_8x8_s0_w0_1.add,input:w5->padded_benes_8x8_s0_w4_5.add,485.0,280.0,8.0,20.0,44.0,88.0,40.0,20.0,0,0,0,0,1,1,0,1,1
crossing,padded_benes,8,C_db_realistic,template,21,input:w1->padded_benes_8x8_s0_w0_1.add,input:w5->padded_benes_8x8_s0_w4_5.add,397.0,260.0,32.0,56.0,88.0,8.0,20.0,8.0,0,0,0,1,0,1,1,0,1
crossing,padded_benes,8,C_db_realistic,template,22,input:w2->padded_benes_8x8_s0_w2_3.in,input:w3->padded_benes_8x8_s0_w2_3.add,141.0,312.0,76.4198926981712,20.0,52.0,80.0,40.0,20.0,0,0,0,0,0,0,0,0,0
crossing,padded_benes,8,C_db_realistic,template,23,input:w2->padded_benes_8x8_s0_w2_3.in,input:w3->padded_benes_8x8_s0_w2_3.add,807.0,292.0,74.0,106.0,10.0,20.0,36.0,10.0,0,0,0,0,0,0,1,0,1
crossing,padded_benes,8,C_db_realistic,template,24,input:w2->padded_benes_8x8_s0_w2_3.in,input:w3->padded_benes_8x8_s0_w2_3.add,61.0,292.0,82.46211251235322,29.0,80.0,8.0,20.0,8.0,0,0,0,1,0,1,1,0,1
crossing,padded_benes,8,C_db_realistic,template,25,input:w2->padded_benes_8x8_s0_w2_3.in,input:w3->padded_benes_8x8_s0_w2_3.add,733.0,292.0,74.0,32.0,84.0,8.0,20.0,8.0,0,0,0,1,0,1,1,0,1
crossing,padded_benes,8,C_db_realistic,template,26,input:w2->padded_benes_8x8_s0_w2_3.in,input:w4->padded_benes_8x8_s0_w4_5.in,365.0,300.0,16.0,108.0,104.0,48.0,80.0,48.0,0,0,0,0,0,0,0,0,0
crossing,padded_benes,8,C_db_realistic,template,27,input:w2->padded_benes_8x8_s0_w2_3.in,input:w4->padded_benes_8x8_s0_w4_5.in,493.0,344.0,16.0,148.0,20.0,96.0,40.0,20.0,0,0,0,0,0,0,0,0,0
crossing,padded_benes,8,C_db_realistic,template,28,input:w2->padded_benes_8x8_s0_w2_3.in,input:w5->padded_benes_8x8_s0_w4_5.add,365.0,236.0,16.0,172.0,40.0,32.0,80.0,32.0,0,0,0,0,0,0,0,0,0
crossing,padded_benes,8,C_db_realistic,template,29,input:w2->padded_benes_8x8_s0_w2_3.in,input:w5->padded_benes_8x8_s0_w4_5.add,493.0,280.0,8.0,84.0,84.0,96.0,32.0,32.0,0,0,0,0,1,1,0,1,1
crossing,padded_benes,8,C_db_realistic,template,30,input:w2->padded_benes_8x8_s0_w2_3.in,input:w6->padded_benes_8x8_s0_w6_7.in,493.0,216.0,8.0,20.0,148.0,96.0,24.0,20.0,0,0,0,0,1,1,0,1,1
crossing,padded_benes,8,C_db_realistic,template,31,input:w2->padded_benes_8x8_s0_w2_3.in,input:w6->padded_benes_8x8_s0_w6_7.in,397.0,196.0,51.22499389946279,32.0,96.0,8.0,20.0,8.0,0,0,0,1,0,1,1,0,1
crossing,padded_benes,8,C_db_realistic,template,32,input:w3->padded_benes_8x8_s0_w2_3.add,input:w4->padded_benes_8x8_s0_w4_5.in,349.0,300.0,8.0,44.0,168.0,32.0,96.0,32.0,0,0,0,0,1,1,0,1,1
crossing,padded_benes,8,C_db_realistic,template,33,input:w3->padded_benes_8x8_s0_w2_3.add,input:w4->padded_benes_8x8_s0_w4_5.in,533.0,300.0,24.0,32.0,80.0,44.0,168.0,32.0,0,0,0,0,0,0,0,0,0
crossing,padded_benes,8,C_db_realistic,template,34,input:w3->padded_benes_8x8_s0_w2_3.add,input:w5->padded_benes_8x8_s0_w4_5.add,349.0,236.0,16.0,108.0,104.0,16.0,96.0,16.0,0,0,0,0,0,0,0,0,0
crossing,padded_benes,8,C_db_realistic,template,35,input:w3->padded_benes_8x8_s0_w2_3.add,input:w5->padded_benes_8x8_s0_w4_5.add,501.0,280.0,8.0,148.0,20.0,104.0,24.0,20.0,0,0,0,0,1,1,0,1,1
crossing,padded_benes,8,C_db_realistic,template,36,input:w3->padded_benes_8x8_s0_w2_3.add,input:w6->padded_benes_8x8_s0_w6_7.in,349.0,172.0,16.0,172.0,40.0,40.0,96.0,40.0,0,0,0,0,0,0,0,0,0
crossing,padded_benes,8,C_db_realistic,template,37,input:w3->padded_benes_8x8_s0_w2_3.add,input:w6->padded_benes_8x8_s0_w6_7.in,501.0,216.0,8.0,84.0,84.0,104.0,16.0,16.0,0,0,0,0,1,1,0,1,1
crossing,padded_benes,8,C_db_realistic,template,38,input:w3->padded_benes_8x8_s0_w2_3.add,input:w7->padded_benes_8x8_s0_w6_7.add,501.0,152.0,50.11985634456667,20.0,148.0,104.0,8.0,8.0,0,0,0,1,0,1,1,0,1
crossing,padded_benes,8,C_db_realistic,template,39,input:w3->padded_benes_8x8_s0_w2_3.add,input:w7->padded_benes_8x8_s0_w6_7.add,397.0,132.0,62.48199740725323,48.0,104.0,8.0,20.0,8.0,0,0,0,1,0,1,1,0,1
crossing,padded_benes,8,C_db_realistic,template,40,input:w4->padded_benes_8x8_s0_w4_5.in,input:w5->padded_benes_8x8_s0_w4_5.add,173.0,132.0,24.0,8.0,144.0,52.0,64.0,8.0,0,0,0,1,0,1,1,0,1
crossing,padded_benes,8,C_db_realistic,template,41,input:w4->padded_benes_8x8_s0_w4_5.in,input:w5->padded_benes_8x8_s0_w4_5.add,807.0,164.0,74.0,146.0,10.0,20.0,36.0,10.0,0,0,0,0,0,0,1,0,1
crossing,padded_benes,8,C_db_realistic,template,42,input:w4->padded_benes_8x8_s0_w4_5.in,input:w5->padded_benes_8x8_s0_w4_5.add,61.0,164.0,116.48175822848829,29.0,104.0,8.0,20.0,8.0,0,0,0,1,0,1,1,0,1
crossing,padded_benes,8,C_db_realistic,template,43,input:w4->padded_benes_8x8_s0_w4_5.in,input:w5->padded_benes_8x8_s0_w4_5.add,733.0,164.0,53.665631459994955,72.0,84.0,8.0,20.0,8.0,0,0,0,1,0,1,1,0,1
crossing,padded_benes,8,C_db_realistic,template,44,input:w4->padded_benes_8x8_s0_w4_5.in,input:w6->padded_benes_8x8_s0_w6_7.in,317.0,172.0,16.0,40.0,128.0,8.0,128.0,8.0,0,0,0,1,0,1,1,0,1
crossing,padded_benes,8,C_db_realistic,template,45,input:w4->padded_benes_8x8_s0_w4_5.in,input:w6->padded_benes_8x8_s0_w6_7.in,661.0,152.0,26.832815729997478,20.0,12.0,96.0,24.0,12.0,0,0,0,0,0,0,1,0,1
crossing,padded_benes,8,C_db_realistic,template,46,input:w4->padded_benes_8x8_s0_w4_5.in,input:w6->padded_benes_8x8_s0_w6_7.in,229.0,132.0,56.0,64.0,88.0,8.0,20.0,8.0,0,0,0,1,0,1,1,0,1
crossing,padded_benes,8,C_db_realistic,template,47,input:w4->padded_benes_8x8_s0_w4_5.in,input:w6->padded_benes_8x8_s0_w6_7.in,565.0,132.0,46.647615158762406,32.0,96.0,8.0,20.0,8.0,0,0,0,1,0,1,1,0,1
crossing,padded_benes,8,C_db_realistic,template,48,input:w5->padded_benes_8x8_s0_w4_5.add,input:w6->padded_benes_8x8_s0_w6_7.in,173.0,108.0,24.0,76.0,40.0,24.0,104.0,24.0,0,0,0,0,0,0,0,0,0
crossing,padded_benes,8,C_db_realistic,template,49,input:w5->padded_benes_8x8_s0_w4_5.add,input:w6->padded_benes_8x8_s0_w6_7.in,333.0,172.0,16.0,104.0,64.0,24.0,112.0,24.0,0,0,0,0,0,0,0,0,0
crossing,padded_benes,8,C_db_realistic,template,50,input:w5->padded_benes_8x8_s0_w4_5.add,input:w6->padded_benes_8x8_s0_w6_7.in,525.0,108.0,46.647615158762406,172.0,40.0,8.0,88.0,8.0,0,0,0,1,0,1,1,0,1
crossing,padded_benes,8,C_db_realistic,template,51,input:w5->padded_benes_8x8_s0_w4_5.add,input:w6->padded_benes_8x8_s0_w6_7.in,685.0,140.0,26.832815729997478,16.0,96.0,12.0,104.0,12.0,0,0,0,0,0,0,1,0,1
crossing,padded_benes,8,C_db_realistic,template,52,input:w5->padded_benes_8x8_s0_w4_5.add,input:w7->padded_benes_8x8_s0_w6_7.add,333.0,108.0,64.0,40.0,128.0,8.0,112.0,8.0,0,0,0,1,0,1,1,0,1
crossing,padded_benes,8,C_db_realistic,template,53,input:w5->padded_benes_8x8_s0_w4_5.add,input:w7->padded_benes_8x8_s0_w6_7.add,669.0,88.0,54.405882034941776,20.0,52.0,104.0,8.0,8.0,0,0,0,1,0,1,1,0,1
crossing,padded_benes,8,C_db_realistic,template,54,input:w5->padded_benes_8x8_s0_w4_5.add,input:w7->padded_benes_8x8_s0_w6_7.add,229.0,68.0,64.0,56.0,104.0,8.0,20.0,8.0,0,0,0,1,0,1,1,0,1
crossing,padded_benes,8,C_db_realistic,template,55,input:w5->padded_benes_8x8_s0_w4_5.add,input:w7->padded_benes_8x8_s0_w6_7.add,565.0,68.0,56.568542494923804,40.0,104.0,8.0,20.0,8.0,0,0,0,1,0,1,1,0,1
crossing,padded_benes,8,C_db_realistic,template,56,input:w6->padded_benes_8x8_s0_w6_7.in,input:w7->padded_benes_8x8_s0_w6_7.add,149.0,56.0,57.271284253105414,20.0,52.0,88.0,8.0,8.0,0,0,0,1,0,1,1,0,1
crossing,padded_benes,8,C_db_realistic,template,57,input:w6->padded_benes_8x8_s0_w6_7.in,input:w7->padded_benes_8x8_s0_w6_7.add,807.0,36.0,74.0,122.0,10.0,20.0,36.0,10.0,0,0,0,0,0,0,1,0,1
crossing,padded_benes,8,C_db_realistic,template,58,input:w6->padded_benes_8x8_s0_w6_7.in,input:w7->padded_benes_8x8_s0_w6_7.add,61.0,36.0,90.24411338142782,29.0,88.0,8.0,20.0,8.0,0,0,0,1,0,1,1,0,1
crossing,padded_benes,8,C_db_realistic,template,59,input:w6->padded_benes_8x8_s0_w6_7.in,input:w7->padded_benes_8x8_s0_w6_7.add,733.0,36.0,74.0,48.0,84.0,8.0,20.0,8.0,0,0,0,1,0,1,1,0,1
crossing,padded_benes,9,B_db_placeholder,template,0,input:w0->padded_benes_16x16_s0_w0_1.in,input:w1->padded_benes_16x16_s0_w0_1.add,261.0,900.0,24.0,8.0,224.0,52.0,64.0,8.0,0,0,0,1,0,1,1,0,1
crossing,padded_benes,9,B_db_placeholder,template,1,input:w0->padded_benes_16x16_s0_w0_1.in,input:w1->padded_benes_16x16_s0_w0_1.add,1527.0,932.0,74.0,226.0,10.0,20.0,36.0,10.0,0,0,0,0,0,0,1,0,1
crossing,padded_benes,9,B_db_placeholder,template,2,input:w0->padded_benes_16x16_s0_w0_1.in,input:w1->padded_benes_16x16_s0_w0_1.add,61.0,932.0,128.0,29.0,192.0,8.0,20.0,8.0,0,0,0,1,0,1,1,0,1
crossing,padded_benes,9,B_db_placeholder,template,3,input:w0->padded_benes_16x16_s0_w0_1.in,input:w1->padded_benes_16x16_s0_w0_1.add,1453.0,932.0,40.0,152.0,84.0,8.0,20.0,8.0,0,0,0,1,0,1,1,0,1
crossing,padded_benes,9,B_db_placeholder,template,4,input:w0->padded_benes_16x16_s0_w0_1.in,input:w2->padded_benes_16x16_s0_w2_3.in,493.0,836.0,24.0,8.0,224.0,84.0,128.0,8.0,0,0,0,1,0,1,1,0,1
crossing,padded_benes,9,B_db_placeholder,template,5,input:w0->padded_benes_16x16_s0_w0_1.in,input:w2->padded_benes_16x16_s0_w2_3.in,1301.0,920.0,64.4980619863884,20.0,12.0,80.0,120.0,12.0,0,0,0,0,0,0,1,0,1
crossing,padded_benes,9,B_db_placeholder,template,6,input:w0->padded_benes_16x16_s0_w0_1.in,input:w2->padded_benes_16x16_s0_w2_3.in,293.0,900.0,32.0,40.0,192.0,8.0,20.0,8.0,0,0,0,1,0,1,1,0,1
crossing,padded_benes,9,B_db_placeholder,template,7,input:w0->padded_benes_16x16_s0_w0_1.in,input:w2->padded_benes_16x16_s0_w2_3.in,1221.0,900.0,64.0,152.0,80.0,8.0,20.0,8.0,0,0,0,1,0,1,1,0,1
crossing,padded_benes,9,B_db_placeholder,template,8,input:w0->padded_benes_16x16_s0_w0_1.in,input:w4->padded_benes_16x16_s0_w4_5.in,725.0,708.0,24.0,8.0,112.0,148.0,256.0,8.0,0,0,0,1,0,1,1,0,1
crossing,padded_benes,9,B_db_placeholder,template,9,input:w0->padded_benes_16x16_s0_w0_1.in,input:w4->padded_benes_16x16_s0_w4_5.in,1069.0,856.0,16.0,20.0,44.0,80.0,120.0,20.0,0,0,0,0,0,0,0,0,0
crossing,padded_benes,9,B_db_placeholder,template,10,input:w0->padded_benes_16x16_s0_w0_1.in,input:w4->padded_benes_16x16_s0_w4_5.in,525.0,836.0,32.0,40.0,192.0,8.0,20.0,8.0,0,0,0,1,0,1,1,0,1
crossing,padded_benes,9,B_db_placeholder,template,11,input:w0->padded_benes_16x16_s0_w0_1.in,input:w4->padded_benes_16x16_s0_w4_5.in,989.0,836.0,64.0,152.0,80.0,8.0,20.0,8.0,0,0,0,1,0,1,1,0,1
crossing,padded_benes,9,B_db_placeholder,template,12,input:w0->padded_benes_16x16_s0_w0_1.in,input:w8->padded_benes_16x16_s0_w8_9.in,837.0,728.0,8.0,20.0,108.0,80.0,120.0,20.0,0,0,0,0,1,1,0,1,1
crossing,padded_benes,9,B_db_placeholder,template,13,input:w0->padded_benes_16x16_s0_w0_1.in,input:w8->padded_benes_16x16_s0_w8_9.in,757.0,708.0,32.0,40.0,80.0,8.0,20.0,8.0,0,0,0,1,0,1,1,0,1
crossing,padded_benes,9,B_db_placeholder,template,14,input:w1->padded_benes_16x16_s0_w0_1.add,input:w2->padded_benes_16x16_s0_w2_3.in,261.0,876.0,24.0,76.0,40.0,120.0,80.0,40.0,0,0,0,0,0,0,0,0,0
crossing,padded_benes,9,B_db_placeholder,template,15,input:w1->padded_benes_16x16_s0_w0_1.add,input:w2->padded_benes_16x16_s0_w2_3.in,493.0,772.0,16.0,24.0,208.0,148.0,64.0,24.0,0,0,0,0,0,0,0,0,0
crossing,padded_benes,9,B_db_placeholder,template,16,input:w1->padded_benes_16x16_s0_w0_1.add,input:w2->padded_benes_16x16_s0_w2_3.in,1085.0,836.0,20.0,8.0,224.0,128.0,40.0,8.0,0,0,0,1,0,1,1,0,1
crossing,padded_benes,9,B_db_placeholder,template,17,input:w1->padded_benes_16x16_s0_w0_1.add,input:w2->padded_benes_16x16_s0_w2_3.in,1421.0,908.0,40.0,112.0,80.0,12.0,104.0,12.0,0,0,0,0,0,0,1,0,1
crossing,padded_benes,9,B_db_placeholder,template,18,input:w1->padded_benes_16x16_s0_w0_1.add,input:w3->padded_benes_16x16_s0_w2_3.add,477.0,772.0,16.0,8.0,224.0,84.0,128.0,8.0,0,0,0,1,0,1,1,0,1
crossing,padded_benes,9,B_db_placeholder,template,19,input:w1->padded_benes_16x16_s0_w0_1.add,input:w3->padded_benes_16x16_s0_w2_3.add,1309.0,856.0,64.4980619863884,20.0,52.0,88.0,104.0,20.0,0,0,0,0,0,0,0,0,0
crossing,padded_benes,9,B_db_placeholder,template,20,input:w1->padded_benes_16x16_s0_w0_1.add,input:w3->padded_benes_16x16_s0_w2_3.add,293.0,836.0,51.22499389946279,32.0,176.0,8.0,20.0,8.0,0,0,0,1,0,1,1,0,1
crossing,padded_benes,9,B_db_placeholder,template,21,input:w1->padded_benes_16x16_s0_w0_1.add,input:w3->padded_benes_16x16_s0_w2_3.add,1221.0,836.0,32.0,144.0,88.0,8.0,20.0,8.0,0,0,0,1,0,1,1,0,1
crossing,padded_benes,9,B_db_placeholder,template,22,input:w1->padded_benes_16x16_s0_w0_1.add,input:w4->padded_benes_16x16_s0_w4_5.in,469.0,812.0,8.0,24.0,40.0,88.0,104.0,24.0,0,0,0,0,1,1,0,1,1
crossing,padded_benes,9,B_db_placeholder,template,23,input:w1->padded_benes_16x16_s0_w0_1.add,input:w4->padded_benes_16x16_s0_w4_5.in,725.0,644.0,16.0,24.0,120.0,212.0,192.0,24.0,0,0,0,0,0,0,0,0,0
crossing,padded_benes,9,B_db_placeholder,template,24,input:w1->padded_benes_16x16_s0_w0_1.add,input:w4->padded_benes_16x16_s0_w4_5.in,869.0,772.0,44.0,24.0,208.0,320.0,40.0,24.0,0,0,0,0,0,0,0,0,0
crossing,padded_benes,9,B_db_placeholder,template,25,input:w1->padded_benes_16x16_s0_w0_1.add,input:w4->padded_benes_16x16_s0_w4_5.in,1189.0,836.0,24.0,112.0,120.0,20.0,192.0,20.0,0,0,0,0,0,0,0,0,0
crossing,padded_benes,9,B_db_placeholder,template,26,input:w1->padded_benes_16x16_s0_w0_1.add,input:w5->padded_benes_16x16_s0_w4_5.add,709.0,644.0,16.0,8.0,136.0,148.0,256.0,8.0,0,0,0,1,0,1,1,0,1
crossing,padded_benes,9,B_db_placeholder,template,27,input:w1->padded_benes_16x16_s0_w0_1.add,input:w5->padded_benes_16x16_s0_w4_5.add,1077.0,792.0,8.0,20.0,44.0,88.0,104.0,20.0,0,0,0,0,1,1,0,1,1
crossing,padded_benes,9,B_db_placeholder,template,28,input:w1->padded_benes_16x16_s0_w0_1.add,input:w5->padded_benes_16x16_s0_w4_5.add,525.0,772.0,32.0,56.0,176.0,8.0,20.0,8.0,0,0,0,1,0,1,1,0,1
crossing,padded_benes,9,B_db_placeholder,template,29,input:w1->padded_benes_16x16_s0_w0_1.add,input:w5->padded_benes_16x16_s0_w4_5.add,989.0,772.0,64.0,144.0,88.0,8.0,20.0,8.0,0,0,0,1,0,1,1,0,1
crossing,padded_benes,9,B_db_placeholder,template,30,input:w1->padded_benes_16x16_s0_w0_1.add,input:w8->padded_benes_16x16_s0_w8_9.in,701.0,684.0,8.0,88.0,40.0,88.0,104.0,40.0,0,0,0,0,1,1,0,1,1
crossing,padded_benes,9,B_db_placeholder,template,31,input:w1->padded_benes_16x16_s0_w0_1.add,input:w8->padded_benes_16x16_s0_w8_9.in,845.0,728.0,8.0,84.0,44.0,88.0,112.0,44.0,0,0,0,0,1,1,0,1,1
crossing,padded_benes,9,B_db_placeholder,template,32,input:w1->padded_benes_16x16_s0_w0_1.add,input:w9->padded_benes_16x16_s0_w8_9.add,845.0,664.0,8.0,20.0,108.0,88.0,104.0,20.0,0,0,0,0,1,1,0,1,1
crossing,padded_benes,9,B_db_placeholder,template,33,input:w1->padded_benes_16x16_s0_w0_1.add,input:w9->padded_benes_16x16_s0_w8_9.add,757.0,644.0,32.0,56.0,88.0,8.0,20.0,8.0,0,0,0,1,0,1,1,0,1
crossing,padded_benes,9,B_db_placeholder,template,34,input:w2->padded_benes_16x16_s0_w2_3.in,input:w3->padded_benes_16x16_s0_w2_3.add,141.0,824.0,82.46211251235322,20.0,52.0,80.0,104.0,20.0,0,0,0,0,0,0,0,0,0
crossing,padded_benes,9,B_db_placeholder,template,35,input:w2->padded_benes_16x16_s0_w2_3.in,input:w3->padded_benes_16x16_s0_w2_3.add,1527.0,804.0,74.0,106.0,10.0,20.0,36.0,10.0,0,0,0,0,0,0,1,0,1
crossing,padded_benes,9,B_db_placeholder,template,36,input:w2->padded_benes_16x16_s0_w2_3.in,input:w3->padded_benes_16x16_s0_w2_3.add,61.0,804.0,82.46211251235322,29.0,80.0,8.0,20.0,8.0,0,0,0,1,0,1,1,0,1
crossing,padded_benes,9,B_db_placeholder,template,37,input:w2->padded_benes_16x16_s0_w2_3.in,input:w3->padded_benes_16x16_s0_w2_3.add,1453.0,804.0,74.0,32.0,84.0,8.0,20.0,8.0,0,0,0,1,0,1,1,0,1
crossing,padded_benes,9,B_db_placeholder,template,38,input:w2->padded_benes_16x16_s0_w2_3.in,input:w4->padded_benes_16x16_s0_w4_5.in,493.0,812.0,16.0,108.0,104.0,112.0,80.0,80.0,0,0,0,0,0,0,0,0,0
crossing,padded_benes,9,B_db_placeholder,template,39,input:w2->padded_benes_16x16_s0_w2_3.in,input:w4->padded_benes_16x16_s0_w4_5.in,725.0,580.0,16.0,40.0,128.0,276.0,128.0,40.0,0,0,0,0,0,0,0,0,0
crossing,padded_benes,9,B_db_placeholder,template,40,input:w2->padded_benes_16x16_s0_w2_3.in,input:w4->padded_benes_16x16_s0_w4_5.in,869.0,708.0,8.0,16.0,216.0,256.0,104.0,16.0,0,0,0,0,1,1,0,1,1
crossing,padded_benes,9,B_db_placeholder,template,41,input:w2->padded_benes_16x16_s0_w2_3.in,input:w4->padded_benes_16x16_s0_w4_5.in,1085.0,856.0,16.0,148.0,20.0,96.0,104.0,20.0,0,0,0,0,0,0,0,0,0
crossing,padded_benes,9,B_db_placeholder,template,42,input:w2->padded_benes_16x16_s0_w2_3.in,input:w5->padded_benes_16x16_s0_w4_5.add,493.0,748.0,16.0,172.0,40.0,96.0,80.0,40.0,0,0,0,0,0,0,0,0,0
crossing,padded_benes,9,B_db_placeholder,template,43,input:w2->padded_benes_16x16_s0_w2_3.in,input:w5->padded_benes_16x16_s0_w4_5.add,709.0,580.0,16.0,24.0,144.0,212.0,192.0,24.0,0,0,0,0,0,0,0,0,0
crossing,padded_benes,9,B_db_placeholder,template,44,input:w2->padded_benes_16x16_s0_w2_3.in,input:w5->padded_benes_16x16_s0_w4_5.add,877.0,708.0,8.0,24.0,208.0,320.0,40.0,24.0,0,0,0,0,1,1,0,1,1
crossing,padded_benes,9,B_db_placeholder,template,45,input:w2->padded_benes_16x16_s0_w2_3.in,input:w5->padded_benes_16x16_s0_w4_5.add,1085.0,792.0,8.0,84.0,84.0,96.0,96.0,84.0,0,0,0,0,1,1,0,1,1
crossing,padded_benes,9,B_db_placeholder,template,46,input:w2->padded_benes_16x16_s0_w2_3.in,input:w6->padded_benes_16x16_s0_w6_7.in,693.0,580.0,16.0,8.0,160.0,148.0,256.0,8.0,0,0,0,1,0,1,1,0,1
crossing,padded_benes,9,B_db_placeholder,template,47,input:w2->padded_benes_16x16_s0_w2_3.in,input:w6->padded_benes_16x16_s0_w6_7.in,1085.0,728.0,8.0,20.0,148.0,96.0,88.0,20.0,0,0,0,0,1,1,0,1,1
crossing,padded_benes,9,B_db_placeholder,template,48,input:w2->padded_benes_16x16_s0_w2_3.in,input:w6->padded_benes_16x16_s0_w6_7.in,525.0,708.0,51.22499389946279,32.0,160.0,8.0,20.0,8.0,0,0,0,1,0,1,1,0,1
crossing,padded_benes,9,B_db_placeholder,template,49,input:w2->padded_benes_16x16_s0_w2_3.in,input:w6->padded_benes_16x16_s0_w6_7.in,989.0,708.0,32.0,136.0,96.0,8.0,20.0,8.0,0,0,0,1,0,1,1,0,1
crossing,padded_benes,9,B_db_placeholder,template,50,input:w2->padded_benes_16x16_s0_w2_3.in,input:w8->padded_benes_16x16_s0_w8_9.in,685.0,684.0,8.0,24.0,104.0,72.0,120.0,24.0,0,0,0,0,1,1,0,1,1
crossing,padded_benes,9,B_db_placeholder,template,51,input:w2->padded_benes_16x16_s0_w2_3.in,input:w8->padded_benes_16x16_s0_w8_9.in,957.0,708.0,24.0,104.0,128.0,20.0,384.0,20.0,0,0,0,0,0,0,0,0,0
crossing,padded_benes,9,B_db_placeholder,template,52,input:w2->padded_benes_16x16_s0_w2_3.in,input:w9->padded_benes_16x16_s0_w8_9.add,685.0,620.0,8.0,88.0,40.0,56.0,120.0,40.0,0,0,0,0,1,1,0,1,1
crossing,padded_benes,9,B_db_placeholder,template,53,input:w2->padded_benes_16x16_s0_w2_3.in,input:w9->padded_benes_16x16_s0_w8_9.add,853.0,664.0,8.0,84.0,44.0,96.0,96.0,44.0,0,0,0,0,1,1,0,1,1
crossing,padded_benes,9,B_db_placeholder,template,54,input:w2->padded_benes_16x16_s0_w2_3.in,input:w10->padded_benes_16x16_s0_w10_11.in,853.0,600.0,8.0,20.0,108.0,96.0,88.0,20.0,0,0,0,0,1,1,0,1,1
crossing,padded_benes,9,B_db_placeholder,template,55,input:w2->padded_benes_16x16_s0_w2_3.in,input:w10->padded_benes_16x16_s0_w10_11.in,757.0,580.0,32.0,72.0,96.0,8.0,20.0,8.0,0,0,0,1,0,1,1,0,1
crossing,padded_benes,9,B_db_placeholder,template,56,input:w3->padded_benes_16x16_s0_w2_3.add,input:w4->padded_benes_16x16_s0_w4_5.in,477.0,812.0,8.0,44.0,168.0,96.0,96.0,44.0,0,0,0,0,1,1,0,1,1
crossing,padded_benes,9,B_db_placeholder,template,57,input:w3->padded_benes_16x16_s0_w2_3.add,input:w4->padded_benes_16x16_s0_w4_5.in,725.0,516.0,16.0,56.0,136.0,340.0,64.0,56.0,0,0,0,0,0,0,0,0,0
crossing,padded_benes,9,B_db_placeholder,template,58,input:w3->padded_benes_16x16_s0_w2_3.add,input:w4->padded_benes_16x16_s0_w4_5.in,869.0,644.0,8.0,8.0,224.0,192.0,168.0,8.0,0,0,0,1,1,1,1,1,1
crossing,padded_benes,9,B_db_placeholder,template,59,input:w3->padded_benes_16x16_s0_w2_3.add,input:w4->padded_benes_16x16_s0_w4_5.in,1189.0,812.0,24.0,96.0,80.0,44.0,168.0,44.0,0,0,0,0,0,0,0,0,0
crossing,padded_benes,9,B_db_placeholder,template,60,input:w3->padded_benes_16x16_s0_w2_3.add,input:w5->padded_benes_16x16_s0_w4_5.add,477.0,748.0,16.0,108.0,104.0,80.0,96.0,80.0,0,0,0,0,0,0,0,0,0
crossing,padded_benes,9,B_db_placeholder,template,61,input:w3->padded_benes_16x16_s0_w2_3.add,input:w5->padded_benes_16x16_s0_w4_5.add,709.0,516.0,16.0,40.0,152.0,276.0,128.0,40.0,0,0,0,0,0,0,0,0,0
crossing,padded_benes,9,B_db_placeholder,template,62,input:w3->padded_benes_16x16_s0_w2_3.add,input:w5->padded_benes_16x16_s0_w4_5.add,877.0,644.0,8.0,16.0,216.0,256.0,104.0,16.0,0,0,0,0,1,1,0,1,1
crossing,padded_benes,9,B_db_placeholder,template,63,input:w3->padded_benes_16x16_s0_w2_3.add,input:w5->padded_benes_16x16_s0_w4_5.add,1093.0,792.0,8.0,148.0,20.0,104.0,88.0,20.0,0,0,0,0,1,1,0,1,1
crossing,padded_benes,9,B_db_placeholder,template,64,input:w3->padded_benes_16x16_s0_w2_3.add,input:w6->padded_benes_16x16_s0_w6_7.in,477.0,684.0,53.665631459994955,172.0,40.0,104.0,96.0,40.0,0,0,0,0,0,0,0,0,0
crossing,padded_benes,9,B_db_placeholder,template,65,input:w3->padded_benes_16x16_s0_w2_3.add,input:w6->padded_benes_16x16_s0_w6_7.in,693.0,516.0,16.0,24.0,168.0,212.0,192.0,24.0,0,0,0,0,0,0,0,0,0
crossing,padded_benes,9,B_db_placeholder,template,66,input:w3->padded_benes_16x16_s0_w2_3.add,input:w6->padded_benes_16x16_s0_w6_7.in,885.0,644.0,8.0,24.0,208.0,320.0,40.0,24.0,0,0,0,0,1,1,0,1,1
crossing,padded_benes,9,B_db_placeholder,template,67,input:w3->padded_benes_16x16_s0_w2_3.add,input:w6->padded_benes_16x16_s0_w6_7.in,1093.0,728.0,8.0,84.0,84.0,104.0,80.0,80.0,0,0,0,0,1,1,0,1,1
crossing,padded_benes,9,B_db_placeholder,template,68,input:w3->padded_benes_16x16_s0_w2_3.add,input:w7->padded_benes_16x16_s0_w6_7.add,677.0,516.0,16.0,8.0,184.0,148.0,256.0,8.0,0,0,0,1,0,1,1,0,1
crossing,padded_benes,9,B_db_placeholder,template,69,input:w3->padded_benes_16x16_s0_w2_3.add,input:w7->padded_benes_16x16_s0_w6_7.add,1093.0,664.0,64.0,20.0,148.0,104.0,72.0,20.0,0,0,0,0,0,0,0,0,0
crossing,padded_benes,9,B_db_placeholder,template,70,input:w3->padded_benes_16x16_s0_w2_3.add,input:w7->padded_benes_16x16_s0_w6_7.add,525.0,644.0,62.48199740725323,48.0,144.0,8.0,20.0,8.0,0,0,0,1,0,1,1,0,1
crossing,padded_benes,9,B_db_placeholder,template,71,input:w3->padded_benes_16x16_s0_w2_3.add,input:w7->padded_benes_16x16_s0_w6_7.add,989.0,644.0,32.0,128.0,104.0,8.0,20.0,8.0,0,0,0,1,0,1,1,0,1
crossing,padded_benes,9,B_db_placeholder,template,72,input:w3->padded_benes_16x16_s0_w2_3.add,input:w8->padded_benes_16x16_s0_w8_9.in,613.0,644.0,20.0,136.0,56.0,320.0,40.0,40.0,0,0,0,0,0,0,0,0,0
crossing,padded_benes,9,B_db_placeholder,template,73,input:w3->padded_benes_16x16_s0_w2_3.add,input:w8->padded_benes_16x16_s0_w8_9.in,957.0,644.0,8.0,96.0,136.0,84.0,320.0,84.0,0,0,0,0,1,1,0,1,1
crossing,padded_benes,9,B_db_placeholder,template,74,input:w3->padded_benes_16x16_s0_w2_3.add,input:w9->padded_benes_16x16_s0_w8_9.add,669.0,620.0,8.0,24.0,104.0,40.0,136.0,24.0,0,0,0,0,1,1,0,1,1
crossing,padded_benes,9,B_db_placeholder,template,75,input:w3->padded_benes_16x16_s0_w2_3.add,input:w9->padded_benes_16x16_s0_w8_9.add,949.0,644.0,8.0,88.0,144.0,20.0,384.0,20.0,0,0,0,0,1,1,0,1,1
crossing,padded_benes,9,B_db_placeholder,template,76,input:w3->padded_benes_16x16_s0_w2_3.add,input:w10->padded_benes_16x16_s0_w10_11.in,669.0,556.0,8.0,88.0,40.0,24.0,136.0,24.0,0,0,0,0,1,1,0,1,1
crossing,padded_benes,9,B_db_placeholder,template,77,input:w3->padded_benes_16x16_s0_w2_3.add,input:w10->padded_benes_16x16_s0_w10_11.in,861.0,600.0,8.0,84.0,44.0,104.0,80.0,44.0,0,0,0,0,1,1,0,1,1
crossing,padded_benes,9,B_db_placeholder,template,78,input:w3->padded_benes_16x16_s0_w2_3.add,input:w11->padded_benes_16x16_s0_w10_11.add,861.0,536.0,8.0,20.0,108.0,104.0,72.0,20.0,0,0,0,0,1,1,0,1,1
crossing,padded_benes,9,B_db_placeholder,template,79,input:w3->padded_benes_16x16_s0_w2_3.add,input:w11->padded_benes_16x16_s0_w10_11.add,757.0,516.0,32.0,88.0,104.0,8.0,20.0,8.0,0,0,0,1,0,1,1,0,1
crossing,padded_benes,9,B_db_placeholder,template,80,input:w4->padded_benes_16x16_s0_w4_5.in,input:w5->padded_benes_16x16_s0_w4_5.add,237.0,644.0,24.0,8.0,144.0,52.0,64.0,8.0,0,0,0,1,0,1,1,0,1
crossing,padded_benes,9,B_db_placeholder,template,81,input:w4->padded_benes_16x16_s0_w4_5.in,input:w5->padded_benes_16x16_s0_w4_5.add,1527.0,676.0,74.0,210.0,10.0,20.0,36.0,10.0,0,0,0,0,0,0,1,0,1
crossing,padded_benes,9,B_db_placeholder,template,82,input:w4->padded_benes_16x16_s0_w4_5.in,input:w5->padded_benes_16x16_s0_w4_5.add,61.0,676.0,128.0,29.0,168.0,8.0,20.0,8.0,0,0,0,1,0,1,1,0,1
crossing,padded_benes,9,B_db_placeholder,template,83,input:w4->padded_benes_16x16_s0_w4_5.in,input:w5->padded_benes_16x16_s0_w4_5.add,1453.0,676.0,53.665631459994955,136.0,84.0,8.0,20.0,8.0,0,0,0,1,0,1,1,0,1
crossing,padded_benes,9,B_db_placeholder,template,84,input:w4->padded_benes_16x16_s0_w4_5.in,input:w6->padded_benes_16x16_s0_w6_7.in,381.0,684.0,16.0,40.0,128.0,8.0,192.0,8.0,0,0,0,1,0,1,1,0,1
crossing,padded_benes,9,B_db_placeholder,template,85,input:w4->padded_benes_16x16_s0_w4_5.in,input:w6->padded_benes_16x16_s0_w6_7.in,1317.0,664.0,64.4980619863884,20.0,12.0,96.0,88.0,12.0,0,0,0,0,0,0,1,0,1
crossing,padded_benes,9,B_db_placeholder,template,86,input:w4->padded_benes_16x16_s0_w4_5.in,input:w6->padded_benes_16x16_s0_w6_7.in,293.0,644.0,56.0,64.0,88.0,8.0,20.0,8.0,0,0,0,1,0,1,1,0,1
crossing,padded_benes,9,B_db_placeholder,template,87,input:w4->padded_benes_16x16_s0_w4_5.in,input:w6->padded_benes_16x16_s0_w6_7.in,1221.0,644.0,46.647615158762406,32.0,96.0,8.0,20.0,8.0,0,0,0,1,0,1,1,0,1
crossing,padded_benes,9,B_db_placeholder,template,88,input:w4->padded_benes_16x16_s0_w4_5.in,input:w8->padded_benes_16x16_s0_w8_9.in,725.0,684.0,16.0,172.0,232.0,112.0,80.0,80.0,0,0,0,0,0,0,0,0,0
crossing,padded_benes,9,B_db_placeholder,template,89,input:w4->padded_benes_16x16_s0_w4_5.in,input:w8->padded_benes_16x16_s0_w8_9.in,869.0,728.0,8.0,276.0,84.0,112.0,88.0,84.0,0,0,0,0,1,1,0,1,1
crossing,padded_benes,9,B_db_placeholder,template,90,input:w4->padded_benes_16x16_s0_w4_5.in,input:w9->padded_benes_16x16_s0_w8_9.add,725.0,620.0,16.0,236.0,168.0,96.0,80.0,80.0,0,0,0,0,0,0,0,0,0
crossing,padded_benes,9,B_db_placeholder,template,91,input:w4->padded_benes_16x16_s0_w4_5.in,input:w9->padded_benes_16x16_s0_w8_9.add,869.0,664.0,8.0,212.0,148.0,112.0,80.0,80.0,0,0,0,0,1,1,0,1,1
crossing,padded_benes,9,B_db_placeholder,template,92,input:w4->padded_benes_16x16_s0_w4_5.in,input:w10->padded_benes_16x16_s0_w10_11.in,725.0,556.0,16.0,300.0,104.0,80.0,80.0,80.0,0,0,0,0,0,0,0,0,0
crossing,padded_benes,9,B_db_placeholder,template,93,input:w4->padded_benes_16x16_s0_w4_5.in,input:w10->padded_benes_16x16_s0_w10_11.in,869.0,600.0,8.0,148.0,212.0,112.0,72.0,72.0,0,0,0,0,1,1,0,1,1
crossing,padded_benes,9,B_db_placeholder,template,94,input:w4->padded_benes_16x16_s0_w4_5.in,input:w11->padded_benes_16x16_s0_w10_11.add,725.0,492.0,16.0,364.0,40.0,64.0,80.0,40.0,0,0,0,0,0,0,0,0,0
crossing,padded_benes,9,B_db_placeholder,template,95,input:w4->padded_benes_16x16_s0_w4_5.in,input:w11->padded_benes_16x16_s0_w10_11.add,869.0,536.0,8.0,84.0,276.0,112.0,64.0,64.0,0,0,0,0,1,1,0,1,1
crossing,padded_benes,9,B_db_placeholder,template,96,input:w4->padded_benes_16x16_s0_w4_5.in,input:w12->padded_benes_16x16_s0_w12_13.in,869.0,472.0,8.0,20.0,340.0,112.0,56.0,20.0,0,0,0,0,1,1,0,1,1
crossing,padded_benes,9,B_db_placeholder,template,97,input:w4->padded_benes_16x16_s0_w4_5.in,input:w12->padded_benes_16x16_s0_w12_13.in,757.0,452.0,51.22499389946279,32.0,112.0,8.0,20.0,8.0,0,0,0,1,0,1,1,0,1
crossing,padded_benes,9,B_db_placeholder,template,98,input:w5->padded_benes_16x16_s0_w4_5.add,input:w6->padded_benes_16x16_s0_w6_7.in,237.0,620.0,24.0,76.0,40.0,88.0,104.0,40.0,0,0,0,0,0,0,0,0,0
crossing,padded_benes,9,B_db_placeholder,template,99,input:w5->padded_benes_16x16_s0_w4_5.add,input:w6->padded_benes_16x16_s0_w6_7.in,397.0,684.0,16.0,104.0,64.0,24.0,176.0,24.0,0,0,0,0,0,0,0,0,0
crossing,padded_benes,9,B_db_placeholder,template,100,input:w5->padded_benes_16x16_s0_w4_5.add,input:w6->padded_benes_16x16_s0_w6_7.in,1181.0,620.0,46.647615158762406,172.0,40.0,8.0,88.0,8.0,0,0,0,1,0,1,1,0,1
crossing,padded_benes,9,B_db_placeholder,template,101,input:w5->padded_benes_16x16_s0_w4_5.add,input:w6->padded_benes_16x16_s0_w6_7.in,1405.0,652.0,53.665631459994955,80.0,96.0,12.0,104.0,12.0,0,0,0,0,0,0,1,0,1
crossing,padded_benes,9,B_db_placeholder,template,102,input:w5->padded_benes_16x16_s0_w4_5.add,input:w7->padded_benes_16x16_s0_w6_7.add,397.0,620.0,64.0,40.0,128.0,8.0,176.0,8.0,0,0,0,1,0,1,1,0,1
crossing,padded_benes,9,B_db_placeholder,template,103,input:w5->padded_benes_16x16_s0_w4_5.add,input:w7->padded_benes_16x16_s0_w6_7.add,1325.0,600.0,64.4980619863884,20.0,52.0,104.0,72.0,20.0,0,0,0,0,0,0,0,0,0
crossing,padded_benes,9,B_db_placeholder,template,104,input:w5->padded_benes_16x16_s0_w4_5.add,input:w7->padded_benes_16x16_s0_w6_7.add,293.0,580.0,64.0,56.0,104.0,8.0,20.0,8.0,0,0,0,1,0,1,1,0,1
crossing,padded_benes,9,B_db_placeholder,template,105,input:w5->padded_benes_16x16_s0_w4_5.add,input:w7->padded_benes_16x16_s0_w6_7.add,1221.0,580.0,56.568542494923804,40.0,104.0,8.0,20.0,8.0,0,0,0,1,0,1,1,0,1
crossing,padded_benes,9,B_db_placeholder,template,106,input:w5->padded_benes_16x16_s0_w4_5.add,input:w8->padded_benes_16x16_s0_w8_9.in,709.0,684.0,8.0,108.0,296.0,96.0,96.0,96.0,0,0,0,0,1,1,0,1,1
crossing,padded_benes,9,B_db_placeholder,template,107,input:w5->padded_benes_16x16_s0_w4_5.add,input:w8->padded_benes_16x16_s0_w8_9.in,877.0,728.0,8.0,340.0,20.0,120.0,80.0,20.0,0,0,0,0,1,1,0,1,1
crossing,padded_benes,9,B_db_placeholder,template,108,input:w5->padded_benes_16x16_s0_w4_5.add,input:w9->padded_benes_16x16_s0_w8_9.add,709.0,620.0,16.0,172.0,232.0,80.0,96.0,80.0,0,0,0,0,0,0,0,0,0
crossing,padded_benes,9,B_db_placeholder,template,109,input:w5->padded_benes_16x16_s0_w4_5.add,input:w9->padded_benes_16x16_s0_w8_9.add,877.0,664.0,8.0,276.0,84.0,120.0,72.0,72.0,0,0,0,0,1,1,0,1,1
crossing,padded_benes,9,B_db_placeholder,template,110,input:w5->padded_benes_16x16_s0_w4_5.add,input:w10->padded_benes_16x16_s0_w10_11.in,709.0,556.0,16.0,236.0,168.0,64.0,96.0,64.0,0,0,0,0,0,0,0,0,0
crossing,padded_benes,9,B_db_placeholder,template,111,input:w5->padded_benes_16x16_s0_w4_5.add,input:w10->padded_benes_16x16_s0_w10_11.in,877.0,600.0,8.0,212.0,148.0,120.0,64.0,64.0,0,0,0,0,1,1,0,1,1
crossing,padded_benes,9,B_db_placeholder,template,112,input:w5->padded_benes_16x16_s0_w4_5.add,input:w11->padded_benes_16x16_s0_w10_11.add,709.0,492.0,16.0,300.0,104.0,48.0,96.0,48.0,0,0,0,0,0,0,0,0,0
crossing,padded_benes,9,B_db_placeholder,template,113,input:w5->padded_benes_16x16_s0_w4_5.add,input:w11->padded_benes_16x16_s0_w10_11.add,877.0,536.0,8.0,148.0,212.0,120.0,56.0,56.0,0,0,0,0,1,1,0,1,1
crossing,padded_benes,9,B_db_placeholder,template,114,input:w5->padded_benes_16x16_s0_w4_5.add,input:w12->padded_benes_16x16_s0_w12_13.in,709.0,428.0,16.0,364.0,40.0,104.0,96.0,40.0,0,0,0,0,0,0,0,0,0
crossing,padded_benes,9,B_db_placeholder,template,115,input:w5->padded_benes_16x16_s0_w4_5.add,input:w12->padded_benes_16x16_s0_w12_13.in,877.0,472.0,8.0,84.0,276.0,120.0,48.0,48.0,0,0,0,0,1,1,0,1,1
crossing,padded_benes,9,B_db_placeholder,template,116,input:w5->padded_benes_16x16_s0_w4_5.add,input:w13->padded_benes_16x16_s0_w12_13.add,877.0,408.0,8.0,20.0,340.0,120.0,40.0,20.0,0,0,0,0,1,1,0,1,1
crossing,padded_benes,9,B_db_placeholder,template,117,input:w5->padded_benes_16x16_s0_w4_5.add,input:w13->padded_benes_16x16_s0_w12_13.add,757.0,388.0,62.48199740725323,48.0,120.0,8.0,20.0,8.0,0,0,0,1,0,1,1,0,1
crossing,padded_benes,9,B_db_placeholder,template,118,input:w6->padded_benes_16x16_s0_w6_7.in,input:w7->padded_benes_16x16_s0_w6_7.add,149.0,568.0,90.24411338142782,20.0,52.0,88.0,72.0,20.0,0,0,0,0,0,0,0,0,0
crossing,padded_benes,9,B_db_placeholder,template,119,input:w6->padded_benes_16x16_s0_w6_7.in,input:w7->padded_benes_16x16_s0_w6_7.add,1527.0,548.0,74.0,122.0,10.0,20.0,36.0,10.0,0,0,0,0,0,0,1,0,1
crossing,padded_benes,9,B_db_placeholder,template,120,input:w6->padded_benes_16x16_s0_w6_7.in,input:w7->padded_benes_16x16_s0_w6_7.add,61.0,548.0,90.24411338142782,29.0,88.0,8.0,20.0,8.0,0,0,0,1,0,1,1,0,1
crossing,padded_benes,9,B_db_placeholder,template,121,input:w6->padded_benes_16x16_s0_w6_7.in,input:w7->padded_benes_16x16_s0_w6_7.add,1453.0,548.0,74.0,48.0,84.0,8.0,20.0,8.0,0,0,0,1,0,1,1,0,1
crossing,padded_benes,9,B_db_placeholder,template,122,input:w6->padded_benes_16x16_s0_w6_7.in,input:w8->padded_benes_16x16_s0_w8_9.in,693.0,684.0,8.0,44.0,360.0,80.0,112.0,44.0,0,0,0,0,1,1,0,1,1
crossing,padded_benes,9,B_db_placeholder,template,123,input:w6->padded_benes_16x16_s0_w6_7.in,input:w8->padded_benes_16x16_s0_w8_9.in,957.0,684.0,24.0,72.0,80.0,44.0,360.0,44.0,0,0,0,0,0,0,0,0,0
crossing,padded_benes,9,B_db_placeholder,template,124,input:w6->padded_benes_16x16_s0_w6_7.in,input:w9->padded_benes_16x16_s0_w8_9.add,693.0,620.0,8.0,108.0,296.0,64.0,112.0,64.0,0,0,0,0,1,1,0,1,1
crossing,padded_benes,9,B_db_placeholder,template,125,input:w6->padded_benes_16x16_s0_w6_7.in,input:w9->padded_benes_16x16_s0_w8_9.add,885.0,664.0,8.0,340.0,20.0,128.0,64.0,20.0,0,0,0,0,1,1,0,1,1
crossing,padded_benes,9,B_db_placeholder,template,126,input:w6->padded_benes_16x16_s0_w6_7.in,input:w10->padded_benes_16x16_s0_w10_11.in,693.0,556.0,16.0,172.0,232.0,48.0,112.0,48.0,0,0,0,0,0,0,0,0,0
crossing,padded_benes,9,B_db_placeholder,template,127,input:w6->padded_benes_16x16_s0_w6_7.in,input:w10->padded_benes_16x16_s0_w10_11.in,885.0,600.0,8.0,276.0,84.0,128.0,56.0,56.0,0,0,0,0,1,1,0,1,1
crossing,padded_benes,9,B_db_placeholder,template,128,input:w6->padded_benes_16x16_s0_w6_7.in,input:w11->padded_benes_16x16_s0_w10_11.add,693.0,492.0,16.0,236.0,168.0,32.0,112.0,32.0,0,0,0,0,0,0,0,0,0
crossing,padded_benes,9,B_db_placeholder,template,129,input:w6->padded_benes_16x16_s0_w6_7.in,input:w11->padded_benes_16x16_s0_w10_11.add,885.0,536.0,8.0,212.0,148.0,128.0,48.0,48.0,0,0,0,0,1,1,0,1,1
crossing,padded_benes,9,B_db_placeholder,template,130,input:w6->padded_benes_16x16_s0_w6_7.in,input:w12->padded_benes_16x16_s0_w12_13.in,693.0,428.0,16.0,300.0,104.0,88.0,112.0,88.0,0,0,0,0,0,0,0,0,0
crossing,padded_benes,9,B_db_placeholder,template,131,input:w6->padded_benes_16x16_s0_w6_7.in,input:w12->padded_benes_16x16_s0_w12_13.in,885.0,472.0,8.0,148.0,212.0,128.0,40.0,40.0,0,0,0,0,1,1,0,1,1
crossing,padded_benes,9,B_db_placeholder,template,132,input:w6->padded_benes_16x16_s0_w6_7.in,input:w13->padded_benes_16x16_s0_w12_13.add,693.0,364.0,16.0,364.0,40.0,72.0,112.0,40.0,0,0,0,0,0,0,0,0,0
crossing,padded_benes,9,B_db_placeholder,template,133,input:w6->padded_benes_16x16_s0_w6_7.in,input:w13->padded_benes_16x16_s0_w12_13.add,885.0,408.0,8.0,84.0,276.0,128.0,32.0,32.0,0,0,0,0,1,1,0,1,1
crossing,padded_benes,9,B_db_placeholder,template,134,input:w6->padded_benes_16x16_s0_w6_7.in,input:w14->padded_benes_16x16_s0_w14_15.in,885.0,344.0,8.0,20.0,340.0,128.0,24.0,20.0,0,0,0,0,1,1,0,1,1
crossing,padded_benes,9,B_db_placeholder,template,135,input:w6->padded_benes_16x16_s0_w6_7.in,input:w14->padded_benes_16x16_s0_w14_15.in,757.0,324.0,64.0,64.0,128.0,8.0,20.0,8.0,0,0,0,1,0,1,1,0,1
crossing,padded_benes,9,B_db_placeholder,template,136,input:w7->padded_benes_16x16_s0_w6_7.add,input:w8->padded_benes_16x16_s0_w8_9.in,613.0,664.0,20.0,88.0,64.0,340.0,20.0,20.0,0,0,0,0,0,0,0,0,0
crossing,padded_benes,9,B_db_placeholder,template,137,input:w7->padded_benes_16x16_s0_w6_7.add,input:w8->padded_benes_16x16_s0_w8_9.in,957.0,620.0,8.0,64.0,80.0,108.0,296.0,64.0,0,0,0,0,1,1,0,1,1
crossing,padded_benes,9,B_db_placeholder,template,138,input:w7->padded_benes_16x16_s0_w6_7.add,input:w9->padded_benes_16x16_s0_w8_9.add,677.0,620.0,8.0,44.0,360.0,48.0,128.0,44.0,0,0,0,0,1,1,0,1,1
crossing,padded_benes,9,B_db_placeholder,template,139,input:w7->padded_benes_16x16_s0_w6_7.add,input:w9->padded_benes_16x16_s0_w8_9.add,949.0,620.0,8.0,56.0,88.0,44.0,360.0,44.0,0,0,0,0,1,1,0,1,1
crossing,padded_benes,9,B_db_placeholder,template,140,input:w7->padded_benes_16x16_s0_w6_7.add,input:w10->padded_benes_16x16_s0_w10_11.in,677.0,556.0,8.0,108.0,296.0,32.0,128.0,32.0,0,0,0,0,1,1,0,1,1
crossing,padded_benes,9,B_db_placeholder,template,141,input:w7->padded_benes_16x16_s0_w6_7.add,input:w10->padded_benes_16x16_s0_w10_11.in,893.0,600.0,8.0,340.0,20.0,136.0,48.0,20.0,0,0,0,0,1,1,0,1,1
crossing,padded_benes,9,B_db_placeholder,template,142,input:w7->padded_benes_16x16_s0_w6_7.add,input:w11->padded_benes_16x16_s0_w10_11.add,677.0,492.0,16.0,172.0,232.0,16.0,128.0,16.0,0,0,0,0,0,0,0,0,0
crossing,padded_benes,9,B_db_placeholder,template,143,input:w7->padded_benes_16x16_s0_w6_7.add,input:w11->padded_benes_16x16_s0_w10_11.add,893.0,536.0,8.0,276.0,84.0,136.0,40.0,40.0,0,0,0,0,1,1,0,1,1
crossing,padded_benes,9,B_db_placeholder,template,144,input:w7->padded_benes_16x16_s0_w6_7.add,input:w12->padded_benes_16x16_s0_w12_13.in,677.0,428.0,16.0,236.0,168.0,72.0,128.0,72.0,0,0,0,0,0,0,0,0,0
crossing,padded_benes,9,B_db_placeholder,template,145,input:w7->padded_benes_16x16_s0_w6_7.add,input:w12->padded_benes_16x16_s0_w12_13.in,893.0,472.0,8.0,212.0,148.0,136.0,32.0,32.0,0,0,0,0,1,1,0,1,1
crossing,padded_benes,9,B_db_placeholder,template,146,input:w7->padded_benes_16x16_s0_w6_7.add,input:w13->padded_benes_16x16_s0_w12_13.add,677.0,364.0,16.0,300.0,104.0,56.0,128.0,56.0,0,0,0,0,0,0,0,0,0
crossing,padded_benes,9,B_db_placeholder,template,147,input:w7->padded_benes_16x16_s0_w6_7.add,input:w13->padded_benes_16x16_s0_w12_13.add,893.0,408.0,8.0,148.0,212.0,136.0,24.0,24.0,0,0,0,0,1,1,0,1,1
crossing,padded_benes,9,B_db_placeholder,template,148,input:w7->padded_benes_16x16_s0_w6_7.add,input:w14->padded_benes_16x16_s0_w14_15.in,677.0,300.0,16.0,364.0,40.0,40.0,128.0,40.0,0,0,0,0,0,0,0,0,0
crossing,padded_benes,9,B_db_placeholder,template,149,input:w7->padded_benes_16x16_s0_w6_7.add,input:w14->padded_benes_16x16_s0_w14_15.in,893.0,344.0,8.0,84.0,276.0,136.0,16.0,16.0,0,0,0,0,1,1,0,1,1
crossing,padded_benes,9,B_db_placeholder,template,150,input:w7->padded_benes_16x16_s0_w6_7.add,input:w15->padded_benes_16x16_s0_w14_15.add,893.0,280.0,44.721359549995796,20.0,340.0,136.0,8.0,8.0,0,0,0,1,0,1,1,0,1
crossing,padded_benes,9,B_db_placeholder,template,151,input:w7->padded_benes_16x16_s0_w6_7.add,input:w15->padded_benes_16x16_s0_w14_15.add,757.0,260.0,64.0,80.0,136.0,8.0,20.0,8.0,0,0,0,1,0,1,1,0,1
crossing,padded_benes,9,B_db_placeholder,template,152,input:w8->padded_benes_16x16_s0_w8_9.in,input:w9->padded_benes_16x16_s0_w8_9.add,213.0,388.0,24.0,8.0,240.0,52.0,64.0,8.0,0,0,0,1,0,1,1,0,1
crossing,padded_benes,9,B_db_placeholder,template,153,input:w8->padded_benes_16x16_s0_w8_9.in,input:w9->padded_benes_16x16_s0_w8_9.add,1527.0,420.0,74.0,194.0,10.0,20.0,36.0,10.0,0,0,0,0,0,0,1,0,1
crossing,padded_benes,9,B_db_placeholder,template,154,input:w8->padded_benes_16x16_s0_w8_9.in,input:w9->padded_benes_16x16_s0_w8_9.add,61.0,420.0,128.0,29.0,144.0,8.0,20.0,8.0,0,0,0,1,0,1,1,0,1
crossing,padded_benes,9,B_db_placeholder,template,155,input:w8->padded_benes_16x16_s0_w8_9.in,input:w9->padded_benes_16x16_s0_w8_9.add,1453.0,420.0,68.35202996254024,120.0,84.0,8.0,20.0,8.0,0,0,0,1,0,1,1,0,1
crossing,padded_benes,9,B_db_placeholder,template,156,input:w8->padded_benes_16x16_s0_w8_9.in,input:w10->padded_benes_16x16_s0_w10_11.in,461.0,324.0,24.0,8.0,152.0,84.0,128.0,8.0,0,0,0,1,0,1,1,0,1
crossing,padded_benes,9,B_db_placeholder,template,157,input:w8->padded_benes_16x16_s0_w8_9.in,input:w10->padded_benes_16x16_s0_w10_11.in,1333.0,408.0,57.271284253105414,20.0,12.0,112.0,56.0,12.0,0,0,0,0,0,0,1,0,1
crossing,padded_benes,9,B_db_placeholder,template,158,input:w8->padded_benes_16x16_s0_w8_9.in,input:w10->padded_benes_16x16_s0_w10_11.in,293.0,388.0,64.0,88.0,160.0,8.0,20.0,8.0,0,0,0,1,0,1,1,0,1
crossing,padded_benes,9,B_db_placeholder,template,159,input:w8->padded_benes_16x16_s0_w8_9.in,input:w10->padded_benes_16x16_s0_w10_11.in,1221.0,388.0,64.0,120.0,112.0,8.0,20.0,8.0,0,0,0,1,0,1,1,0,1
crossing,padded_benes,9,B_db_placeholder,template,160,input:w8->padded_benes_16x16_s0_w8_9.in,input:w12->padded_benes_16x16_s0_w12_13.in,613.0,428.0,16.0,104.0,256.0,8.0,192.0,8.0,0,0,0,1,0,1,1,0,1
crossing,padded_benes,9,B_db_placeholder,template,161,input:w8->padded_benes_16x16_s0_w8_9.in,input:w12->padded_benes_16x16_s0_w12_13.in,1101.0,344.0,16.0,20.0,44.0,112.0,56.0,20.0,0,0,0,0,0,0,0,0,0
crossing,padded_benes,9,B_db_placeholder,template,162,input:w8->padded_benes_16x16_s0_w8_9.in,input:w12->padded_benes_16x16_s0_w12_13.in,525.0,324.0,64.0,72.0,88.0,8.0,20.0,8.0,0,0,0,1,0,1,1,0,1
crossing,padded_benes,9,B_db_placeholder,template,163,input:w8->padded_benes_16x16_s0_w8_9.in,input:w12->padded_benes_16x16_s0_w12_13.in,989.0,324.0,46.647615158762406,32.0,112.0,8.0,20.0,8.0,0,0,0,1,0,1,1,0,1
crossing,padded_benes,9,B_db_placeholder,template,164,input:w9->padded_benes_16x16_s0_w8_9.add,input:w10->padded_benes_16x16_s0_w10_11.in,213.0,364.0,24.0,76.0,40.0,56.0,128.0,40.0,0,0,0,0,0,0,0,0,0
crossing,padded_benes,9,B_db_placeholder,template,165,input:w9->padded_benes_16x16_s0_w8_9.add,input:w10->padded_benes_16x16_s0_w10_11.in,461.0,260.0,16.0,24.0,168.0,148.0,64.0,24.0,0,0,0,0,0,0,0,0,0
crossing,padded_benes,9,B_db_placeholder,template,166,input:w9->padded_benes_16x16_s0_w8_9.add,input:w10->padded_benes_16x16_s0_w10_11.in,1117.0,324.0,20.0,8.0,224.0,128.0,40.0,8.0,0,0,0,1,0,1,1,0,1
crossing,padded_benes,9,B_db_placeholder,template,167,input:w9->padded_benes_16x16_s0_w8_9.add,input:w10->padded_benes_16x16_s0_w10_11.in,1389.0,396.0,57.271284253105414,48.0,112.0,12.0,104.0,12.0,0,0,0,0,0,0,1,0,1
crossing,padded_benes,9,B_db_placeholder,template,168,input:w9->padded_benes_16x16_s0_w8_9.add,input:w11->padded_benes_16x16_s0_w10_11.add,445.0,260.0,16.0,8.0,184.0,84.0,128.0,8.0,0,0,0,1,0,1,1,0,1
crossing,padded_benes,9,B_db_placeholder,template,169,input:w9->padded_benes_16x16_s0_w8_9.add,input:w11->padded_benes_16x16_s0_w10_11.add,1341.0,344.0,64.4980619863884,20.0,52.0,120.0,40.0,20.0,0,0,0,0,0,0,0,0,0
crossing,padded_benes,9,B_db_placeholder,template,170,input:w9->padded_benes_16x16_s0_w8_9.add,input:w11->padded_benes_16x16_s0_w10_11.add,293.0,324.0,64.0,80.0,144.0,8.0,20.0,8.0,0,0,0,1,0,1,1,0,1
crossing,padded_benes,9,B_db_placeholder,template,171,input:w9->padded_benes_16x16_s0_w8_9.add,input:w11->padded_benes_16x16_s0_w10_11.add,1221.0,324.0,64.0,112.0,120.0,8.0,20.0,8.0,0,0,0,1,0,1,1,0,1
crossing,padded_benes,9,B_db_placeholder,template,172,input:w9->padded_benes_16x16_s0_w8_9.add,input:w12->padded_benes_16x16_s0_w12_13.in,437.0,300.0,8.0,24.0,40.0,24.0,136.0,24.0,0,0,0,0,1,1,0,1,1
crossing,padded_benes,9,B_db_placeholder,template,173,input:w9->padded_benes_16x16_s0_w8_9.add,input:w12->padded_benes_16x16_s0_w12_13.in,629.0,428.0,16.0,168.0,192.0,24.0,176.0,24.0,0,0,0,0,0,0,0,0,0
crossing,padded_benes,9,B_db_placeholder,template,174,input:w9->padded_benes_16x16_s0_w8_9.add,input:w12->padded_benes_16x16_s0_w12_13.in,949.0,300.0,8.0,364.0,40.0,24.0,88.0,24.0,0,0,0,0,1,1,0,1,1
crossing,padded_benes,9,B_db_placeholder,template,175,input:w9->padded_benes_16x16_s0_w8_9.add,input:w12->padded_benes_16x16_s0_w12_13.in,1157.0,324.0,24.0,48.0,184.0,20.0,192.0,20.0,0,0,0,0,0,0,0,0,0
crossing,padded_benes,9,B_db_placeholder,template,176,input:w9->padded_benes_16x16_s0_w8_9.add,input:w13->padded_benes_16x16_s0_w12_13.add,629.0,364.0,16.0,104.0,256.0,8.0,176.0,8.0,0,0,0,1,0,1,1,0,1
crossing,padded_benes,9,B_db_placeholder,template,177,input:w9->padded_benes_16x16_s0_w8_9.add,input:w13->padded_benes_16x16_s0_w12_13.add,1109.0,280.0,8.0,20.0,44.0,120.0,40.0,20.0,0,0,0,0,1,1,0,1,1
crossing,padded_benes,9,B_db_placeholder,template,178,input:w9->padded_benes_16x16_s0_w8_9.add,input:w13->padded_benes_16x16_s0_w12_13.add,525.0,260.0,64.0,88.0,104.0,8.0,20.0,8.0,0,0,0,1,0,1,1,0,1
crossing,padded_benes,9,B_db_placeholder,template,179,input:w9->padded_benes_16x16_s0_w8_9.add,input:w13->padded_benes_16x16_s0_w12_13.add,989.0,260.0,53.665631459994955,40.0,120.0,8.0,20.0,8.0,0,0,0,1,0,1,1,0,1
crossing,padded_benes,9,B_db_placeholder,template,180,input:w10->padded_benes_16x16_s0_w10_11.in,input:w11->padded_benes_16x16_s0_w10_11.add,157.0,312.0,76.4198926981712,20.0,52.0,96.0,40.0,20.0,0,0,0,0,0,0,0,0,0
crossing,padded_benes,9,B_db_placeholder,template,181,input:w10->padded_benes_16x16_s0_w10_11.in,input:w11->padded_benes_16x16_s0_w10_11.add,1527.0,292.0,74.0,138.0,10.0,20.0,36.0,10.0,0,0,0,0,0,0,1,0,1
crossing,padded_benes,9,B_db_placeholder,template,182,input:w10->padded_benes_16x16_s0_w10_11.in,input:w11->padded_benes_16x16_s0_w10_11.add,61.0,292.0,98.0612053770501,29.0,96.0,8.0,20.0,8.0,0,0,0,1,0,1,1,0,1
crossing,padded_benes,9,B_db_placeholder,template,183,input:w10->padded_benes_16x16_s0_w10_11.in,input:w11->padded_benes_16x16_s0_w10_11.add,1453.0,292.0,74.0,64.0,84.0,8.0,20.0,8.0,0,0,0,1,0,1,1,0,1
crossing,padded_benes,9,B_db_placeholder,template,184,input:w10->padded_benes_16x16_s0_w10_11.in,input:w12->padded_benes_16x16_s0_w12_13.in,461.0,300.0,16.0,108.0,104.0,48.0,112.0,48.0,0,0,0,0,0,0,0,0,0
crossing,padded_benes,9,B_db_placeholder,template,185,input:w10->padded_benes_16x16_s0_w10_11.in,input:w12->padded_benes_16x16_s0_w12_13.in,645.0,428.0,16.0,232.0,128.0,40.0,160.0,40.0,0,0,0,0,0,0,0,0,0
crossing,padded_benes,9,B_db_placeholder,template,186,input:w10->padded_benes_16x16_s0_w10_11.in,input:w12->padded_benes_16x16_s0_w12_13.in,941.0,300.0,8.0,300.0,104.0,16.0,96.0,16.0,0,0,0,0,1,1,0,1,1
crossing,padded_benes,9,B_db_placeholder,template,187,input:w10->padded_benes_16x16_s0_w10_11.in,input:w12->padded_benes_16x16_s0_w12_13.in,1117.0,344.0,16.0,148.0,20.0,128.0,40.0,20.0,0,0,0,0,0,0,0,0,0
crossing,padded_benes,9,B_db_placeholder,template,188,input:w10->padded_benes_16x16_s0_w10_11.in,input:w13->padded_benes_16x16_s0_w12_13.add,461.0,236.0,16.0,172.0,40.0,32.0,112.0,32.0,0,0,0,0,0,0,0,0,0
crossing,padded_benes,9,B_db_placeholder,template,189,input:w10->padded_benes_16x16_s0_w10_11.in,input:w13->padded_benes_16x16_s0_w12_13.add,645.0,364.0,16.0,168.0,192.0,24.0,160.0,24.0,0,0,0,0,0,0,0,0,0
crossing,padded_benes,9,B_db_placeholder,template,190,input:w10->padded_benes_16x16_s0_w10_11.in,input:w13->padded_benes_16x16_s0_w12_13.add,941.0,236.0,8.0,364.0,40.0,24.0,96.0,24.0,0,0,0,0,1,1,0,1,1
crossing,padded_benes,9,B_db_placeholder,template,191,input:w10->padded_benes_16x16_s0_w10_11.in,input:w13->padded_benes_16x16_s0_w12_13.add,1117.0,280.0,8.0,84.0,84.0,128.0,32.0,32.0,0,0,0,0,1,1,0,1,1
crossing,padded_benes,9,B_db_placeholder,template,192,input:w10->padded_benes_16x16_s0_w10_11.in,input:w14->padded_benes_16x16_s0_w14_15.in,645.0,300.0,16.0,104.0,256.0,8.0,160.0,8.0,0,0,0,1,0,1,1,0,1
crossing,padded_benes,9,B_db_placeholder,template,193,input:w10->padded_benes_16x16_s0_w10_11.in,input:w14->padded_benes_16x16_s0_w14_15.in,1117.0,216.0,8.0,20.0,148.0,128.0,24.0,20.0,0,0,0,0,1,1,0,1,1
crossing,padded_benes,9,B_db_placeholder,template,194,input:w10->padded_benes_16x16_s0_w10_11.in,input:w14->padded_benes_16x16_s0_w14_15.in,525.0,196.0,64.0,64.0,120.0,8.0,20.0,8.0,0,0,0,1,0,1,1,0,1
crossing,padded_benes,9,B_db_placeholder,template,195,input:w10->padded_benes_16x16_s0_w10_11.in,input:w14->padded_benes_16x16_s0_w14_15.in,989.0,196.0,60.92618484691127,48.0,128.0,8.0,20.0,8.0,0,0,0,1,0,1,1,0,1
crossing,padded_benes,9,B_db_placeholder,template,196,input:w11->padded_benes_16x16_s0_w10_11.add,input:w12->padded_benes_16x16_s0_w12_13.in,445.0,300.0,8.0,44.0,168.0,32.0,128.0,32.0,0,0,0,0,1,1,0,1,1
crossing,padded_benes,9,B_db_placeholder,template,197,input:w11->padded_benes_16x16_s0_w10_11.add,input:w12->padded_benes_16x16_s0_w12_13.in,661.0,428.0,16.0,296.0,64.0,56.0,144.0,56.0,0,0,0,0,0,0,0,0,0
crossing,padded_benes,9,B_db_placeholder,template,198,input:w11->padded_benes_16x16_s0_w10_11.add,input:w12->padded_benes_16x16_s0_w12_13.in,933.0,300.0,8.0,236.0,168.0,8.0,104.0,8.0,0,0,0,1,1,1,1,1,1
crossing,padded_benes,9,B_db_placeholder,template,199,input:w11->padded_benes_16x16_s0_w10_11.add,input:w12->padded_benes_16x16_s0_w12_13.in,1157.0,300.0,24.0,32.0,112.0,44.0,168.0,32.0,0,0,0,0,0,0,0,0,0
crossing,padded_benes,9,B_db_placeholder,template,200,input:w11->padded_benes_16x16_s0_w10_11.add,input:w13->padded_benes_16x16_s0_w12_13.add,445.0,236.0,16.0,108.0,104.0,16.0,128.0,16.0,0,0,0,0,0,0,0,0,0
crossing,padded_benes,9,B_db_placeholder,template,201,input:w11->padded_benes_16x16_s0_w10_11.add,input:w13->padded_benes_16x16_s0_w12_13.add,661.0,364.0,16.0,232.0,128.0,40.0,144.0,40.0,0,0,0,0,0,0,0,0,0
crossing,padded_benes,9,B_db_placeholder,template,202,input:w11->padded_benes_16x16_s0_w10_11.add,input:w13->padded_benes_16x16_s0_w12_13.add,933.0,236.0,8.0,300.0,104.0,16.0,104.0,16.0,0,0,0,0,1,1,0,1,1
crossing,padded_benes,9,B_db_placeholder,template,203,input:w11->padded_benes_16x16_s0_w10_11.add,input:w13->padded_benes_16x16_s0_w12_13.add,1125.0,280.0,8.0,148.0,20.0,136.0,24.0,20.0,0,0,0,0,1,1,0,1,1
crossing,padded_benes,9,B_db_placeholder,template,204,input:w11->padded_benes_16x16_s0_w10_11.add,input:w14->padded_benes_16x16_s0_w14_15.in,445.0,172.0,16.0,172.0,40.0,40.0,128.0,40.0,0,0,0,0,0,0,0,0,0
crossing,padded_benes,9,B_db_placeholder,template,205,input:w11->padded_benes_16x16_s0_w10_11.add,input:w14->padded_benes_16x16_s0_w14_15.in,661.0,300.0,16.0,168.0,192.0,24.0,144.0,24.0,0,0,0,0,0,0,0,0,0
crossing,padded_benes,9,B_db_placeholder,template,206,input:w11->padded_benes_16x16_s0_w10_11.add,input:w14->padded_benes_16x16_s0_w14_15.in,933.0,172.0,60.92618484691127,364.0,40.0,24.0,104.0,24.0,0,0,0,0,0,0,0,0,0
crossing,padded_benes,9,B_db_placeholder,template,207,input:w11->padded_benes_16x16_s0_w10_11.add,input:w14->padded_benes_16x16_s0_w14_15.in,1125.0,216.0,8.0,84.0,84.0,136.0,16.0,16.0,0,0,0,0,1,1,0,1,1
crossing,padded_benes,9,B_db_placeholder,template,208,input:w11->padded_benes_16x16_s0_w10_11.add,input:w15->padded_benes_16x16_s0_w14_15.add,661.0,236.0,64.0,104.0,256.0,8.0,144.0,8.0,0,0,0,1,0,1,1,0,1
crossing,padded_benes,9,B_db_placeholder,template,209,input:w11->padded_benes_16x16_s0_w10_11.add,input:w15->padded_benes_16x16_s0_w14_15.add,1125.0,152.0,50.11985634456667,20.0,148.0,136.0,8.0,8.0,0,0,0,1,0,1,1,0,1
crossing,padded_benes,9,B_db_placeholder,template,210,input:w11->padded_benes_16x16_s0_w10_11.add,input:w15->padded_benes_16x16_s0_w14_15.add,525.0,132.0,64.0,80.0,136.0,8.0,20.0,8.0,0,0,0,1,0,1,1,0,1
crossing,padded_benes,9,B_db_placeholder,template,211,input:w11->padded_benes_16x16_s0_w10_11.add,input:w15->padded_benes_16x16_s0_w14_15.add,989.0,132.0,64.0,56.0,136.0,8.0,20.0,8.0,0,0,0,1,0,1,1,0,1
crossing,padded_benes,9,B_db_placeholder,template,212,input:w12->padded_benes_16x16_s0_w12_13.in,input:w13->padded_benes_16x16_s0_w12_13.add,189.0,132.0,24.0,8.0,224.0,52.0,64.0,8.0,0,0,0,1,0,1,1,0,1
crossing,padded_benes,9,B_db_placeholder,template,213,input:w12->padded_benes_16x16_s0_w12_13.in,input:w13->padded_benes_16x16_s0_w12_13.add,1527.0,164.0,74.0,178.0,10.0,20.0,36.0,10.0,0,0,0,0,0,0,1,0,1
crossing,padded_benes,9,B_db_placeholder,template,214,input:w12->padded_benes_16x16_s0_w12_13.in,input:w13->padded_benes_16x16_s0_w12_13.add,61.0,164.0,128.0,29.0,120.0,8.0,20.0,8.0,0,0,0,1,0,1,1,0,1
crossing,padded_benes,9,B_db_placeholder,template,215,input:w12->padded_benes_16x16_s0_w12_13.in,input:w13->padded_benes_16x16_s0_w12_13.add,1453.0,164.0,74.0,104.0,84.0,8.0,20.0,8.0,0,0,0,1,0,1,1,0,1
crossing,padded_benes,9,B_db_placeholder,template,216,input:w12->padded_benes_16x16_s0_w12_13.in,input:w14->padded_benes_16x16_s0_w14_15.in,413.0,172.0,16.0,40.0,128.0,8.0,160.0,8.0,0,0,0,1,0,1,1,0,1
crossing,padded_benes,9,B_db_placeholder,template,217,input:w12->padded_benes_16x16_s0_w12_13.in,input:w14->padded_benes_16x16_s0_w14_15.in,1349.0,152.0,26.832815729997478,20.0,12.0,128.0,24.0,12.0,0,0,0,0,0,0,1,0,1
crossing,padded_benes,9,B_db_placeholder,template,218,input:w12->padded_benes_16x16_s0_w12_13.in,input:w14->padded_benes_16x16_s0_w14_15.in,293.0,132.0,64.0,112.0,120.0,8.0,20.0,8.0,0,0,0,1,0,1,1,0,1
crossing,padded_benes,9,B_db_placeholder,template,219,input:w12->padded_benes_16x16_s0_w12_13.in,input:w14->padded_benes_16x16_s0_w14_15.in,1221.0,132.0,64.0,64.0,128.0,8.0,20.0,8.0,0,0,0,1,0,1,1,0,1
crossing,padded_benes,9,B_db_placeholder,template,220,input:w13->padded_benes_16x16_s0_w12_13.add,input:w14->padded_benes_16x16_s0_w14_15.in,189.0,108.0,24.0,76.0,40.0,24.0,152.0,24.0,0,0,0,0,0,0,0,0,0
crossing,padded_benes,9,B_db_placeholder,template,221,input:w13->padded_benes_16x16_s0_w12_13.add,input:w14->padded_benes_16x16_s0_w14_15.in,429.0,172.0,16.0,104.0,64.0,24.0,144.0,24.0,0,0,0,0,0,0,0,0,0
crossing,padded_benes,9,B_db_placeholder,template,222,input:w13->padded_benes_16x16_s0_w12_13.add,input:w14->padded_benes_16x16_s0_w14_15.in,1149.0,108.0,50.11985634456667,172.0,40.0,8.0,120.0,8.0,0,0,0,1,0,1,1,0,1
crossing,padded_benes,9,B_db_placeholder,template,223,input:w13->padded_benes_16x16_s0_w12_13.add,input:w14->padded_benes_16x16_s0_w14_15.in,1373.0,140.0,26.832815729997478,16.0,128.0,12.0,104.0,12.0,0,0,0,0,0,0,1,0,1
crossing,padded_benes,9,B_db_placeholder,template,224,input:w13->padded_benes_16x16_s0_w12_13.add,input:w15->padded_benes_16x16_s0_w14_15.add,429.0,108.0,64.0,40.0,128.0,8.0,144.0,8.0,0,0,0,1,0,1,1,0,1
crossing,padded_benes,9,B_db_placeholder,template,225,input:w13->padded_benes_16x16_s0_w12_13.add,input:w15->padded_benes_16x16_s0_w14_15.add,1357.0,88.0,54.405882034941776,20.0,52.0,136.0,8.0,8.0,0,0,0,1,0,1,1,0,1
crossing,padded_benes,9,B_db_placeholder,template,226,input:w13->padded_benes_16x16_s0_w12_13.add,input:w15->padded_benes_16x16_s0_w14_15.add,293.0,68.0,64.0,104.0,136.0,8.0,20.0,8.0,0,0,0,1,0,1,1,0,1
crossing,padded_benes,9,B_db_placeholder,template,227,input:w13->padded_benes_16x16_s0_w12_13.add,input:w15->padded_benes_16x16_s0_w14_15.add,1221.0,68.0,64.0,72.0,136.0,8.0,20.0,8.0,0,0,0,1,0,1,1,0,1
crossing,padded_benes,9,B_db_placeholder,template,228,input:w14->padded_benes_16x16_s0_w14_15.in,input:w15->padded_benes_16x16_s0_w14_15.add,165.0,56.0,57.271284253105414,20.0,52.0,104.0,8.0,8.0,0,0,0,1,0,1,1,0,1
crossing,padded_benes,9,B_db_placeholder,template,229,input:w14->padded_benes_16x16_s0_w14_15.in,input:w15->padded_benes_16x16_s0_w14_15.add,1527.0,36.0,74.0,154.0,10.0,20.0,36.0,10.0,0,0,0,0,0,0,1,0,1
crossing,padded_benes,9,B_db_placeholder,template,230,input:w14->padded_benes_16x16_s0_w14_15.in,input:w15->padded_benes_16x16_s0_w14_15.add,61.0,36.0,105.90561835898981,29.0,104.0,8.0,20.0,8.0,0,0,0,1,0,1,1,0,1
crossing,padded_benes,9,B_db_placeholder,template,231,input:w14->padded_benes_16x16_s0_w14_15.in,input:w15->padded_benes_16x16_s0_w14_15.add,1453.0,36.0,74.0,80.0,84.0,8.0,20.0,8.0,0,0,0,1,0,1,1,0,1
crossing,padded_benes,9,C_db_realistic,template,0,input:w0->padded_benes_16x16_s0_w0_1.in,input:w1->padded_benes_16x16_s0_w0_1.add,261.0,900.0,24.0,8.0,224.0,52.0,64.0,8.0,0,0,0,1,0,1,1,0,1
crossing,padded_benes,9,C_db_realistic,template,1,input:w0->padded_benes_16x16_s0_w0_1.in,input:w1->padded_benes_16x16_s0_w0_1.add,1527.0,932.0,74.0,226.0,10.0,20.0,36.0,10.0,0,0,0,0,0,0,1,0,1
crossing,padded_benes,9,C_db_realistic,template,2,input:w0->padded_benes_16x16_s0_w0_1.in,input:w1->padded_benes_16x16_s0_w0_1.add,61.0,932.0,128.0,29.0,192.0,8.0,20.0,8.0,0,0,0,1,0,1,1,0,1
crossing,padded_benes,9,C_db_realistic,template,3,input:w0->padded_benes_16x16_s0_w0_1.in,input:w1->padded_benes_16x16_s0_w0_1.add,1453.0,932.0,40.0,152.0,84.0,8.0,20.0,8.0,0,0,0,1,0,1,1,0,1
crossing,padded_benes,9,C_db_realistic,template,4,input:w0->padded_benes_16x16_s0_w0_1.in,input:w2->padded_benes_16x16_s0_w2_3.in,493.0,836.0,24.0,8.0,224.0,84.0,128.0,8.0,0,0,0,1,0,1,1,0,1
crossing,padded_benes,9,C_db_realistic,template,5,input:w0->padded_benes_16x16_s0_w0_1.in,input:w2->padded_benes_16x16_s0_w2_3.in,1301.0,920.0,64.4980619863884,20.0,12.0,80.0,120.0,12.0,0,0,0,0,0,0,1,0,1
crossing,padded_benes,9,C_db_realistic,template,6,input:w0->padded_benes_16x16_s0_w0_1.in,input:w2->padded_benes_16x16_s0_w2_3.in,293.0,900.0,32.0,40.0,192.0,8.0,20.0,8.0,0,0,0,1,0,1,1,0,1
crossing,padded_benes,9,C_db_realistic,template,7,input:w0->padded_benes_16x16_s0_w0_1.in,input:w2->padded_benes_16x16_s0_w2_3.in,1221.0,900.0,64.0,152.0,80.0,8.0,20.0,8.0,0,0,0,1,0,1,1,0,1
crossing,padded_benes,9,C_db_realistic,template,8,input:w0->padded_benes_16x16_s0_w0_1.in,input:w4->padded_benes_16x16_s0_w4_5.in,725.0,708.0,24.0,8.0,112.0,148.0,256.0,8.0,0,0,0,1,0,1,1,0,1
crossing,padded_benes,9,C_db_realistic,template,9,input:w0->padded_benes_16x16_s0_w0_1.in,input:w4->padded_benes_16x16_s0_w4_5.in,1069.0,856.0,16.0,20.0,44.0,80.0,120.0,20.0,0,0,0,0,0,0,0,0,0
crossing,padded_benes,9,C_db_realistic,template,10,input:w0->padded_benes_16x16_s0_w0_1.in,input:w4->padded_benes_16x16_s0_w4_5.in,525.0,836.0,32.0,40.0,192.0,8.0,20.0,8.0,0,0,0,1,0,1,1,0,1
crossing,padded_benes,9,C_db_realistic,template,11,input:w0->padded_benes_16x16_s0_w0_1.in,input:w4->padded_benes_16x16_s0_w4_5.in,989.0,836.0,64.0,152.0,80.0,8.0,20.0,8.0,0,0,0,1,0,1,1,0,1
crossing,padded_benes,9,C_db_realistic,template,12,input:w0->padded_benes_16x16_s0_w0_1.in,input:w8->padded_benes_16x16_s0_w8_9.in,837.0,728.0,8.0,20.0,108.0,80.0,120.0,20.0,0,0,0,0,1,1,0,1,1
crossing,padded_benes,9,C_db_realistic,template,13,input:w0->padded_benes_16x16_s0_w0_1.in,input:w8->padded_benes_16x16_s0_w8_9.in,757.0,708.0,32.0,40.0,80.0,8.0,20.0,8.0,0,0,0,1,0,1,1,0,1
crossing,padded_benes,9,C_db_realistic,template,14,input:w1->padded_benes_16x16_s0_w0_1.add,input:w2->padded_benes_16x16_s0_w2_3.in,261.0,876.0,24.0,76.0,40.0,120.0,80.0,40.0,0,0,0,0,0,0,0,0,0
crossing,padded_benes,9,C_db_realistic,template,15,input:w1->padded_benes_16x16_s0_w0_1.add,input:w2->padded_benes_16x16_s0_w2_3.in,493.0,772.0,16.0,24.0,208.0,148.0,64.0,24.0,0,0,0,0,0,0,0,0,0
crossing,padded_benes,9,C_db_realistic,template,16,input:w1->padded_benes_16x16_s0_w0_1.add,input:w2->padded_benes_16x16_s0_w2_3.in,1085.0,836.0,20.0,8.0,224.0,128.0,40.0,8.0,0,0,0,1,0,1,1,0,1
crossing,padded_benes,9,C_db_realistic,template,17,input:w1->padded_benes_16x16_s0_w0_1.add,input:w2->padded_benes_16x16_s0_w2_3.in,1421.0,908.0,40.0,112.0,80.0,12.0,104.0,12.0,0,0,0,0,0,0,1,0,1
crossing,padded_benes,9,C_db_realistic,template,18,input:w1->padded_benes_16x16_s0_w0_1.add,input:w3->padded_benes_16x16_s0_w2_3.add,477.0,772.0,16.0,8.0,224.0,84.0,128.0,8.0,0,0,0,1,0,1,1,0,1
crossing,padded_benes,9,C_db_realistic,template,19,input:w1->padded_benes_16x16_s0_w0_1.add,input:w3->padded_benes_16x16_s0_w2_3.add,1309.0,856.0,64.4980619863884,20.0,52.0,88.0,104.0,20.0,0,0,0,0,0,0,0,0,0
crossing,padded_benes,9,C_db_realistic,template,20,input:w1->padded_benes_16x16_s0_w0_1.add,input:w3->padded_benes_16x16_s0_w2_3.add,293.0,836.0,51.22499389946279,32.0,176.0,8.0,20.0,8.0,0,0,0,1,0,1,1,0,1
crossing,padded_benes,9,C_db_realistic,template,21,input:w1->padded_benes_16x16_s0_w0_1.add,input:w3->padded_benes_16x16_s0_w2_3.add,1221.0,836.0,32.0,144.0,88.0,8.0,20.0,8.0,0,0,0,1,0,1,1,0,1
crossing,padded_benes,9,C_db_realistic,template,22,input:w1->padded_benes_16x16_s0_w0_1.add,input:w4->padded_benes_16x16_s0_w4_5.in,469.0,812.0,8.0,24.0,40.0,88.0,104.0,24.0,0,0,0,0,1,1,0,1,1
crossing,padded_benes,9,C_db_realistic,template,23,input:w1->padded_benes_16x16_s0_w0_1.add,input:w4->padded_benes_16x16_s0_w4_5.in,725.0,644.0,16.0,24.0,120.0,212.0,192.0,24.0,0,0,0,0,0,0,0,0,0
crossing,padded_benes,9,C_db_realistic,template,24,input:w1->padded_benes_16x16_s0_w0_1.add,input:w4->padded_benes_16x16_s0_w4_5.in,869.0,772.0,44.0,24.0,208.0,320.0,40.0,24.0,0,0,0,0,0,0,0,0,0
crossing,padded_benes,9,C_db_realistic,template,25,input:w1->padded_benes_16x16_s0_w0_1.add,input:w4->padded_benes_16x16_s0_w4_5.in,1189.0,836.0,24.0,112.0,120.0,20.0,192.0,20.0,0,0,0,0,0,0,0,0,0
crossing,padded_benes,9,C_db_realistic,template,26,input:w1->padded_benes_16x16_s0_w0_1.add,input:w5->padded_benes_16x16_s0_w4_5.add,709.0,644.0,16.0,8.0,136.0,148.0,256.0,8.0,0,0,0,1,0,1,1,0,1
crossing,padded_benes,9,C_db_realistic,template,27,input:w1->padded_benes_16x16_s0_w0_1.add,input:w5->padded_benes_16x16_s0_w4_5.add,1077.0,792.0,8.0,20.0,44.0,88.0,104.0,20.0,0,0,0,0,1,1,0,1,1
crossing,padded_benes,9,C_db_realistic,template,28,input:w1->padded_benes_16x16_s0_w0_1.add,input:w5->padded_benes_16x16_s0_w4_5.add,525.0,772.0,32.0,56.0,176.0,8.0,20.0,8.0,0,0,0,1,0,1,1,0,1
crossing,padded_benes,9,C_db_realistic,template,29,input:w1->padded_benes_16x16_s0_w0_1.add,input:w5->padded_benes_16x16_s0_w4_5.add,989.0,772.0,64.0,144.0,88.0,8.0,20.0,8.0,0,0,0,1,0,1,1,0,1
crossing,padded_benes,9,C_db_realistic,template,30,input:w1->padded_benes_16x16_s0_w0_1.add,input:w8->padded_benes_16x16_s0_w8_9.in,701.0,684.0,8.0,88.0,40.0,88.0,104.0,40.0,0,0,0,0,1,1,0,1,1
crossing,padded_benes,9,C_db_realistic,template,31,input:w1->padded_benes_16x16_s0_w0_1.add,input:w8->padded_benes_16x16_s0_w8_9.in,845.0,728.0,8.0,84.0,44.0,88.0,112.0,44.0,0,0,0,0,1,1,0,1,1
crossing,padded_benes,9,C_db_realistic,template,32,input:w1->padded_benes_16x16_s0_w0_1.add,input:w9->padded_benes_16x16_s0_w8_9.add,845.0,664.0,8.0,20.0,108.0,88.0,104.0,20.0,0,0,0,0,1,1,0,1,1
crossing,padded_benes,9,C_db_realistic,template,33,input:w1->padded_benes_16x16_s0_w0_1.add,input:w9->padded_benes_16x16_s0_w8_9.add,757.0,644.0,32.0,56.0,88.0,8.0,20.0,8.0,0,0,0,1,0,1,1,0,1
crossing,padded_benes,9,C_db_realistic,template,34,input:w2->padded_benes_16x16_s0_w2_3.in,input:w3->padded_benes_16x16_s0_w2_3.add,141.0,824.0,82.46211251235322,20.0,52.0,80.0,104.0,20.0,0,0,0,0,0,0,0,0,0
crossing,padded_benes,9,C_db_realistic,template,35,input:w2->padded_benes_16x16_s0_w2_3.in,input:w3->padded_benes_16x16_s0_w2_3.add,1527.0,804.0,74.0,106.0,10.0,20.0,36.0,10.0,0,0,0,0,0,0,1,0,1
crossing,padded_benes,9,C_db_realistic,template,36,input:w2->padded_benes_16x16_s0_w2_3.in,input:w3->padded_benes_16x16_s0_w2_3.add,61.0,804.0,82.46211251235322,29.0,80.0,8.0,20.0,8.0,0,0,0,1,0,1,1,0,1
crossing,padded_benes,9,C_db_realistic,template,37,input:w2->padded_benes_16x16_s0_w2_3.in,input:w3->padded_benes_16x16_s0_w2_3.add,1453.0,804.0,74.0,32.0,84.0,8.0,20.0,8.0,0,0,0,1,0,1,1,0,1
crossing,padded_benes,9,C_db_realistic,template,38,input:w2->padded_benes_16x16_s0_w2_3.in,input:w4->padded_benes_16x16_s0_w4_5.in,493.0,812.0,16.0,108.0,104.0,112.0,80.0,80.0,0,0,0,0,0,0,0,0,0
crossing,padded_benes,9,C_db_realistic,template,39,input:w2->padded_benes_16x16_s0_w2_3.in,input:w4->padded_benes_16x16_s0_w4_5.in,725.0,580.0,16.0,40.0,128.0,276.0,128.0,40.0,0,0,0,0,0,0,0,0,0
crossing,padded_benes,9,C_db_realistic,template,40,input:w2->padded_benes_16x16_s0_w2_3.in,input:w4->padded_benes_16x16_s0_w4_5.in,869.0,708.0,8.0,16.0,216.0,256.0,104.0,16.0,0,0,0,0,1,1,0,1,1
crossing,padded_benes,9,C_db_realistic,template,41,input:w2->padded_benes_16x16_s0_w2_3.in,input:w4->padded_benes_16x16_s0_w4_5.in,1085.0,856.0,16.0,148.0,20.0,96.0,104.0,20.0,0,0,0,0,0,0,0,0,0
crossing,padded_benes,9,C_db_realistic,template,42,input:w2->padded_benes_16x16_s0_w2_3.in,input:w5->padded_benes_16x16_s0_w4_5.add,493.0,748.0,16.0,172.0,40.0,96.0,80.0,40.0,0,0,0,0,0,0,0,0,0
crossing,padded_benes,9,C_db_realistic,template,43,input:w2->padded_benes_16x16_s0_w2_3.in,input:w5->padded_benes_16x16_s0_w4_5.add,709.0,580.0,16.0,24.0,144.0,212.0,192.0,24.0,0,0,0,0,0,0,0,0,0
crossing,padded_benes,9,C_db_realistic,template,44,input:w2->padded_benes_16x16_s0_w2_3.in,input:w5->padded_benes_16x16_s0_w4_5.add,877.0,708.0,8.0,24.0,208.0,320.0,40.0,24.0,0,0,0,0,1,1,0,1,1
crossing,padded_benes,9,C_db_realistic,template,45,input:w2->padded_benes_16x16_s0_w2_3.in,input:w5->padded_benes_16x16_s0_w4_5.add,1085.0,792.0,8.0,84.0,84.0,96.0,96.0,84.0,0,0,0,0,1,1,0,1,1
crossing,padded_benes,9,C_db_realistic,template,46,input:w2->padded_benes_16x16_s0_w2_3.in,input:w6->padded_benes_16x16_s0_w6_7.in,693.0,580.0,16.0,8.0,160.0,148.0,256.0,8.0,0,0,0,1,0,1,1,0,1
crossing,padded_benes,9,C_db_realistic,template,47,input:w2->padded_benes_16x16_s0_w2_3.in,input:w6->padded_benes_16x16_s0_w6_7.in,1085.0,728.0,8.0,20.0,148.0,96.0,88.0,20.0,0,0,0,0,1,1,0,1,1
crossing,padded_benes,9,C_db_realistic,template,48,input:w2->padded_benes_16x16_s0_w2_3.in,input:w6->padded_benes_16x16_s0_w6_7.in,525.0,708.0,51.22499389946279,32.0,160.0,8.0,20.0,8.0,0,0,0,1,0,1,1,0,1
crossing,padded_benes,9,C_db_realistic,template,49,input:w2->padded_benes_16x16_s0_w2_3.in,input:w6->padded_benes_16x16_s0_w6_7.in,989.0,708.0,32.0,136.0,96.0,8.0,20.0,8.0,0,0,0,1,0,1,1,0,1
crossing,padded_benes,9,C_db_realistic,template,50,input:w2->padded_benes_16x16_s0_w2_3.in,input:w8->padded_benes_16x16_s0_w8_9.in,685.0,684.0,8.0,24.0,104.0,72.0,120.0,24.0,0,0,0,0,1,1,0,1,1
crossing,padded_benes,9,C_db_realistic,template,51,input:w2->padded_benes_16x16_s0_w2_3.in,input:w8->padded_benes_16x16_s0_w8_9.in,957.0,708.0,24.0,104.0,128.0,20.0,384.0,20.0,0,0,0,0,0,0,0,0,0
crossing,padded_benes,9,C_db_realistic,template,52,input:w2->padded_benes_16x16_s0_w2_3.in,input:w9->padded_benes_16x16_s0_w8_9.add,685.0,620.0,8.0,88.0,40.0,56.0,120.0,40.0,0,0,0,0,1,1,0,1,1
crossing,padded_benes,9,C_db_realistic,template,53,input:w2->padded_benes_16x16_s0_w2_3.in,input:w9->padded_benes_16x16_s0_w8_9.add,853.0,664.0,8.0,84.0,44.0,96.0,96.0,44.0,0,0,0,0,1,1,0,1,1
crossing,padded_benes,9,C_db_realistic,template,54,input:w2->padded_benes_16x16_s0_w2_3.in,input:w10->padded_benes_16x16_s0_w10_11.in,853.0,600.0,8.0,20.0,108.0,96.0,88.0,20.0,0,0,0,0,1,1,0,1,1
crossing,padded_benes,9,C_db_realistic,template,55,input:w2->padded_benes_16x16_s0_w2_3.in,input:w10->padded_benes_16x16_s0_w10_11.in,757.0,580.0,32.0,72.0,96.0,8.0,20.0,8.0,0,0,0,1,0,1,1,0,1
crossing,padded_benes,9,C_db_realistic,template,56,input:w3->padded_benes_16x16_s0_w2_3.add,input:w4->padded_benes_16x16_s0_w4_5.in,477.0,812.0,8.0,44.0,168.0,96.0,96.0,44.0,0,0,0,0,1,1,0,1,1
crossing,padded_benes,9,C_db_realistic,template,57,input:w3->padded_benes_16x16_s0_w2_3.add,input:w4->padded_benes_16x16_s0_w4_5.in,725.0,516.0,16.0,56.0,136.0,340.0,64.0,56.0,0,0,0,0,0,0,0,0,0
crossing,padded_benes,9,C_db_realistic,template,58,input:w3->padded_benes_16x16_s0_w2_3.add,input:w4->padded_benes_16x16_s0_w4_5.in,869.0,644.0,8.0,8.0,224.0,192.0,168.0,8.0,0,0,0,1,1,1,1,1,1
crossing,padded_benes,9,C_db_realistic,template,59,input:w3->padded_benes_16x16_s0_w2_3.add,input:w4->padded_benes_16x16_s0_w4_5.in,1189.0,812.0,24.0,96.0,80.0,44.0,168.0,44.0,0,0,0,0,0,0,0,0,0
crossing,padded_benes,9,C_db_realistic,template,60,input:w3->padded_benes_16x16_s0_w2_3.add,input:w5->padded_benes_16x16_s0_w4_5.add,477.0,748.0,16.0,108.0,104.0,80.0,96.0,80.0,0,0,0,0,0,0,0,0,0
crossing,padded_benes,9,C_db_realistic,template,61,input:w3->padded_benes_16x16_s0_w2_3.add,input:w5->padded_benes_16x16_s0_w4_5.add,709.0,516.0,16.0,40.0,152.0,276.0,128.0,40.0,0,0,0,0,0,0,0,0,0
crossing,padded_benes,9,C_db_realistic,template,62,input:w3->padded_benes_16x16_s0_w2_3.add,input:w5->padded_benes_16x16_s0_w4_5.add,877.0,644.0,8.0,16.0,216.0,256.0,104.0,16.0,0,0,0,0,1,1,0,1,1
crossing,padded_benes,9,C_db_realistic,template,63,input:w3->padded_benes_16x16_s0_w2_3.add,input:w5->padded_benes_16x16_s0_w4_5.add,1093.0,792.0,8.0,148.0,20.0,104.0,88.0,20.0,0,0,0,0,1,1,0,1,1
crossing,padded_benes,9,C_db_realistic,template,64,input:w3->padded_benes_16x16_s0_w2_3.add,input:w6->padded_benes_16x16_s0_w6_7.in,477.0,684.0,53.665631459994955,172.0,40.0,104.0,96.0,40.0,0,0,0,0,0,0,0,0,0
crossing,padded_benes,9,C_db_realistic,template,65,input:w3->padded_benes_16x16_s0_w2_3.add,input:w6->padded_benes_16x16_s0_w6_7.in,693.0,516.0,16.0,24.0,168.0,212.0,192.0,24.0,0,0,0,0,0,0,0,0,0
crossing,padded_benes,9,C_db_realistic,template,66,input:w3->padded_benes_16x16_s0_w2_3.add,input:w6->padded_benes_16x16_s0_w6_7.in,885.0,644.0,8.0,24.0,208.0,320.0,40.0,24.0,0,0,0,0,1,1,0,1,1
crossing,padded_benes,9,C_db_realistic,template,67,input:w3->padded_benes_16x16_s0_w2_3.add,input:w6->padded_benes_16x16_s0_w6_7.in,1093.0,728.0,8.0,84.0,84.0,104.0,80.0,80.0,0,0,0,0,1,1,0,1,1
crossing,padded_benes,9,C_db_realistic,template,68,input:w3->padded_benes_16x16_s0_w2_3.add,input:w7->padded_benes_16x16_s0_w6_7.add,677.0,516.0,16.0,8.0,184.0,148.0,256.0,8.0,0,0,0,1,0,1,1,0,1
crossing,padded_benes,9,C_db_realistic,template,69,input:w3->padded_benes_16x16_s0_w2_3.add,input:w7->padded_benes_16x16_s0_w6_7.add,1093.0,664.0,64.0,20.0,148.0,104.0,72.0,20.0,0,0,0,0,0,0,0,0,0
crossing,padded_benes,9,C_db_realistic,template,70,input:w3->padded_benes_16x16_s0_w2_3.add,input:w7->padded_benes_16x16_s0_w6_7.add,525.0,644.0,62.48199740725323,48.0,144.0,8.0,20.0,8.0,0,0,0,1,0,1,1,0,1
crossing,padded_benes,9,C_db_realistic,template,71,input:w3->padded_benes_16x16_s0_w2_3.add,input:w7->padded_benes_16x16_s0_w6_7.add,989.0,644.0,32.0,128.0,104.0,8.0,20.0,8.0,0,0,0,1,0,1,1,0,1
crossing,padded_benes,9,C_db_realistic,template,72,input:w3->padded_benes_16x16_s0_w2_3.add,input:w8->padded_benes_16x16_s0_w8_9.in,613.0,644.0,20.0,136.0,56.0,320.0,40.0,40.0,0,0,0,0,0,0,0,0,0
crossing,padded_benes,9,C_db_realistic,template,73,input:w3->padded_benes_16x16_s0_w2_3.add,input:w8->padded_benes_16x16_s0_w8_9.in,957.0,644.0,8.0,96.0,136.0,84.0,320.0,84.0,0,0,0,0,1,1,0,1,1
crossing,padded_benes,9,C_db_realistic,template,74,input:w3->padded_benes_16x16_s0_w2_3.add,input:w9->padded_benes_16x16_s0_w8_9.add,669.0,620.0,8.0,24.0,104.0,40.0,136.0,24.0,0,0,0,0,1,1,0,1,1
crossing,padded_benes,9,C_db_realistic,template,75,input:w3->padded_benes_16x16_s0_w2_3.add,input:w9->padded_benes_16x16_s0_w8_9.add,949.0,644.0,8.0,88.0,144.0,20.0,384.0,20.0,0,0,0,0,1,1,0,1,1
crossing,padded_benes,9,C_db_realistic,template,76,input:w3->padded_benes_16x16_s0_w2_3.add,input:w10->padded_benes_16x16_s0_w10_11.in,669.0,556.0,8.0,88.0,40.0,24.0,136.0,24.0,0,0,0,0,1,1,0,1,1
crossing,padded_benes,9,C_db_realistic,template,77,input:w3->padded_benes_16x16_s0_w2_3.add,input:w10->padded_benes_16x16_s0_w10_11.in,861.0,600.0,8.0,84.0,44.0,104.0,80.0,44.0,0,0,0,0,1,1,0,1,1
crossing,padded_benes,9,C_db_realistic,template,78,input:w3->padded_benes_16x16_s0_w2_3.add,input:w11->padded_benes_16x16_s0_w10_11.add,861.0,536.0,8.0,20.0,108.0,104.0,72.0,20.0,0,0,0,0,1,1,0,1,1
crossing,padded_benes,9,C_db_realistic,template,79,input:w3->padded_benes_16x16_s0_w2_3.add,input:w11->padded_benes_16x16_s0_w10_11.add,757.0,516.0,32.0,88.0,104.0,8.0,20.0,8.0,0,0,0,1,0,1,1,0,1
crossing,padded_benes,9,C_db_realistic,template,80,input:w4->padded_benes_16x16_s0_w4_5.in,input:w5->padded_benes_16x16_s0_w4_5.add,237.0,644.0,24.0,8.0,144.0,52.0,64.0,8.0,0,0,0,1,0,1,1,0,1
crossing,padded_benes,9,C_db_realistic,template,81,input:w4->padded_benes_16x16_s0_w4_5.in,input:w5->padded_benes_16x16_s0_w4_5.add,1527.0,676.0,74.0,210.0,10.0,20.0,36.0,10.0,0,0,0,0,0,0,1,0,1
crossing,padded_benes,9,C_db_realistic,template,82,input:w4->padded_benes_16x16_s0_w4_5.in,input:w5->padded_benes_16x16_s0_w4_5.add,61.0,676.0,128.0,29.0,168.0,8.0,20.0,8.0,0,0,0,1,0,1,1,0,1
crossing,padded_benes,9,C_db_realistic,template,83,input:w4->padded_benes_16x16_s0_w4_5.in,input:w5->padded_benes_16x16_s0_w4_5.add,1453.0,676.0,53.665631459994955,136.0,84.0,8.0,20.0,8.0,0,0,0,1,0,1,1,0,1
crossing,padded_benes,9,C_db_realistic,template,84,input:w4->padded_benes_16x16_s0_w4_5.in,input:w6->padded_benes_16x16_s0_w6_7.in,381.0,684.0,16.0,40.0,128.0,8.0,192.0,8.0,0,0,0,1,0,1,1,0,1
crossing,padded_benes,9,C_db_realistic,template,85,input:w4->padded_benes_16x16_s0_w4_5.in,input:w6->padded_benes_16x16_s0_w6_7.in,1317.0,664.0,64.4980619863884,20.0,12.0,96.0,88.0,12.0,0,0,0,0,0,0,1,0,1
crossing,padded_benes,9,C_db_realistic,template,86,input:w4->padded_benes_16x16_s0_w4_5.in,input:w6->padded_benes_16x16_s0_w6_7.in,293.0,644.0,56.0,64.0,88.0,8.0,20.0,8.0,0,0,0,1,0,1,1,0,1
crossing,padded_benes,9,C_db_realistic,template,87,input:w4->padded_benes_16x16_s0_w4_5.in,input:w6->padded_benes_16x16_s0_w6_7.in,1221.0,644.0,46.647615158762406,32.0,96.0,8.0,20.0,8.0,0,0,0,1,0,1,1,0,1
crossing,padded_benes,9,C_db_realistic,template,88,input:w4->padded_benes_16x16_s0_w4_5.in,input:w8->padded_benes_16x16_s0_w8_9.in,725.0,684.0,16.0,172.0,232.0,112.0,80.0,80.0,0,0,0,0,0,0,0,0,0
crossing,padded_benes,9,C_db_realistic,template,89,input:w4->padded_benes_16x16_s0_w4_5.in,input:w8->padded_benes_16x16_s0_w8_9.in,869.0,728.0,8.0,276.0,84.0,112.0,88.0,84.0,0,0,0,0,1,1,0,1,1
crossing,padded_benes,9,C_db_realistic,template,90,input:w4->padded_benes_16x16_s0_w4_5.in,input:w9->padded_benes_16x16_s0_w8_9.add,725.0,620.0,16.0,236.0,168.0,96.0,80.0,80.0,0,0,0,0,0,0,0,0,0
crossing,padded_benes,9,C_db_realistic,template,91,input:w4->padded_benes_16x16_s0_w4_5.in,input:w9->padded_benes_16x16_s0_w8_9.add,869.0,664.0,8.0,212.0,148.0,112.0,80.0,80.0,0,0,0,0,1,1,0,1,1
crossing,padded_benes,9,C_db_realistic,template,92,input:w4->padded_benes_16x16_s0_w4_5.in,input:w10->padded_benes_16x16_s0_w10_11.in,725.0,556.0,16.0,300.0,104.0,80.0,80.0,80.0,0,0,0,0,0,0,0,0,0
crossing,padded_benes,9,C_db_realistic,template,93,input:w4->padded_benes_16x16_s0_w4_5.in,input:w10->padded_benes_16x16_s0_w10_11.in,869.0,600.0,8.0,148.0,212.0,112.0,72.0,72.0,0,0,0,0,1,1,0,1,1
crossing,padded_benes,9,C_db_realistic,template,94,input:w4->padded_benes_16x16_s0_w4_5.in,input:w11->padded_benes_16x16_s0_w10_11.add,725.0,492.0,16.0,364.0,40.0,64.0,80.0,40.0,0,0,0,0,0,0,0,0,0
crossing,padded_benes,9,C_db_realistic,template,95,input:w4->padded_benes_16x16_s0_w4_5.in,input:w11->padded_benes_16x16_s0_w10_11.add,869.0,536.0,8.0,84.0,276.0,112.0,64.0,64.0,0,0,0,0,1,1,0,1,1
crossing,padded_benes,9,C_db_realistic,template,96,input:w4->padded_benes_16x16_s0_w4_5.in,input:w12->padded_benes_16x16_s0_w12_13.in,869.0,472.0,8.0,20.0,340.0,112.0,56.0,20.0,0,0,0,0,1,1,0,1,1
crossing,padded_benes,9,C_db_realistic,template,97,input:w4->padded_benes_16x16_s0_w4_5.in,input:w12->padded_benes_16x16_s0_w12_13.in,757.0,452.0,51.22499389946279,32.0,112.0,8.0,20.0,8.0,0,0,0,1,0,1,1,0,1
crossing,padded_benes,9,C_db_realistic,template,98,input:w5->padded_benes_16x16_s0_w4_5.add,input:w6->padded_benes_16x16_s0_w6_7.in,237.0,620.0,24.0,76.0,40.0,88.0,104.0,40.0,0,0,0,0,0,0,0,0,0
crossing,padded_benes,9,C_db_realistic,template,99,input:w5->padded_benes_16x16_s0_w4_5.add,input:w6->padded_benes_16x16_s0_w6_7.in,397.0,684.0,16.0,104.0,64.0,24.0,176.0,24.0,0,0,0,0,0,0,0,0,0
crossing,padded_benes,9,C_db_realistic,template,100,input:w5->padded_benes_16x16_s0_w4_5.add,input:w6->padded_benes_16x16_s0_w6_7.in,1181.0,620.0,46.647615158762406,172.0,40.0,8.0,88.0,8.0,0,0,0,1,0,1,1,0,1
crossing,padded_benes,9,C_db_realistic,template,101,input:w5->padded_benes_16x16_s0_w4_5.add,input:w6->padded_benes_16x16_s0_w6_7.in,1405.0,652.0,53.665631459994955,80.0,96.0,12.0,104.0,12.0,0,0,0,0,0,0,1,0,1
crossing,padded_benes,9,C_db_realistic,template,102,input:w5->padded_benes_16x16_s0_w4_5.add,input:w7->padded_benes_16x16_s0_w6_7.add,397.0,620.0,64.0,40.0,128.0,8.0,176.0,8.0,0,0,0,1,0,1,1,0,1
crossing,padded_benes,9,C_db_realistic,template,103,input:w5->padded_benes_16x16_s0_w4_5.add,input:w7->padded_benes_16x16_s0_w6_7.add,1325.0,600.0,64.4980619863884,20.0,52.0,104.0,72.0,20.0,0,0,0,0,0,0,0,0,0
crossing,padded_benes,9,C_db_realistic,template,104,input:w5->padded_benes_16x16_s0_w4_5.add,input:w7->padded_benes_16x16_s0_w6_7.add,293.0,580.0,64.0,56.0,104.0,8.0,20.0,8.0,0,0,0,1,0,1,1,0,1
crossing,padded_benes,9,C_db_realistic,template,105,input:w5->padded_benes_16x16_s0_w4_5.add,input:w7->padded_benes_16x16_s0_w6_7.add,1221.0,580.0,56.568542494923804,40.0,104.0,8.0,20.0,8.0,0,0,0,1,0,1,1,0,1
crossing,padded_benes,9,C_db_realistic,template,106,input:w5->padded_benes_16x16_s0_w4_5.add,input:w8->padded_benes_16x16_s0_w8_9.in,709.0,684.0,8.0,108.0,296.0,96.0,96.0,96.0,0,0,0,0,1,1,0,1,1
crossing,padded_benes,9,C_db_realistic,template,107,input:w5->padded_benes_16x16_s0_w4_5.add,input:w8->padded_benes_16x16_s0_w8_9.in,877.0,728.0,8.0,340.0,20.0,120.0,80.0,20.0,0,0,0,0,1,1,0,1,1
crossing,padded_benes,9,C_db_realistic,template,108,input:w5->padded_benes_16x16_s0_w4_5.add,input:w9->padded_benes_16x16_s0_w8_9.add,709.0,620.0,16.0,172.0,232.0,80.0,96.0,80.0,0,0,0,0,0,0,0,0,0
crossing,padded_benes,9,C_db_realistic,template,109,input:w5->padded_benes_16x16_s0_w4_5.add,input:w9->padded_benes_16x16_s0_w8_9.add,877.0,664.0,8.0,276.0,84.0,120.0,72.0,72.0,0,0,0,0,1,1,0,1,1
crossing,padded_benes,9,C_db_realistic,template,110,input:w5->padded_benes_16x16_s0_w4_5.add,input:w10->padded_benes_16x16_s0_w10_11.in,709.0,556.0,16.0,236.0,168.0,64.0,96.0,64.0,0,0,0,0,0,0,0,0,0
crossing,padded_benes,9,C_db_realistic,template,111,input:w5->padded_benes_16x16_s0_w4_5.add,input:w10->padded_benes_16x16_s0_w10_11.in,877.0,600.0,8.0,212.0,148.0,120.0,64.0,64.0,0,0,0,0,1,1,0,1,1
crossing,padded_benes,9,C_db_realistic,template,112,input:w5->padded_benes_16x16_s0_w4_5.add,input:w11->padded_benes_16x16_s0_w10_11.add,709.0,492.0,16.0,300.0,104.0,48.0,96.0,48.0,0,0,0,0,0,0,0,0,0
crossing,padded_benes,9,C_db_realistic,template,113,input:w5->padded_benes_16x16_s0_w4_5.add,input:w11->padded_benes_16x16_s0_w10_11.add,877.0,536.0,8.0,148.0,212.0,120.0,56.0,56.0,0,0,0,0,1,1,0,1,1
crossing,padded_benes,9,C_db_realistic,template,114,input:w5->padded_benes_16x16_s0_w4_5.add,input:w12->padded_benes_16x16_s0_w12_13.in,709.0,428.0,16.0,364.0,40.0,104.0,96.0,40.0,0,0,0,0,0,0,0,0,0
crossing,padded_benes,9,C_db_realistic,template,115,input:w5->padded_benes_16x16_s0_w4_5.add,input:w12->padded_benes_16x16_s0_w12_13.in,877.0,472.0,8.0,84.0,276.0,120.0,48.0,48.0,0,0,0,0,1,1,0,1,1
crossing,padded_benes,9,C_db_realistic,template,116,input:w5->padded_benes_16x16_s0_w4_5.add,input:w13->padded_benes_16x16_s0_w12_13.add,877.0,408.0,8.0,20.0,340.0,120.0,40.0,20.0,0,0,0,0,1,1,0,1,1
crossing,padded_benes,9,C_db_realistic,template,117,input:w5->padded_benes_16x16_s0_w4_5.add,input:w13->padded_benes_16x16_s0_w12_13.add,757.0,388.0,62.48199740725323,48.0,120.0,8.0,20.0,8.0,0,0,0,1,0,1,1,0,1
crossing,padded_benes,9,C_db_realistic,template,118,input:w6->padded_benes_16x16_s0_w6_7.in,input:w7->padded_benes_16x16_s0_w6_7.add,149.0,568.0,90.24411338142782,20.0,52.0,88.0,72.0,20.0,0,0,0,0,0,0,0,0,0
crossing,padded_benes,9,C_db_realistic,template,119,input:w6->padded_benes_16x16_s0_w6_7.in,input:w7->padded_benes_16x16_s0_w6_7.add,1527.0,548.0,74.0,122.0,10.0,20.0,36.0,10.0,0,0,0,0,0,0,1,0,1
crossing,padded_benes,9,C_db_realistic,template,120,input:w6->padded_benes_16x16_s0_w6_7.in,input:w7->padded_benes_16x16_s0_w6_7.add,61.0,548.0,90.24411338142782,29.0,88.0,8.0,20.0,8.0,0,0,0,1,0,1,1,0,1
crossing,padded_benes,9,C_db_realistic,template,121,input:w6->padded_benes_16x16_s0_w6_7.in,input:w7->padded_benes_16x16_s0_w6_7.add,1453.0,548.0,74.0,48.0,84.0,8.0,20.0,8.0,0,0,0,1,0,1,1,0,1
crossing,padded_benes,9,C_db_realistic,template,122,input:w6->padded_benes_16x16_s0_w6_7.in,input:w8->padded_benes_16x16_s0_w8_9.in,693.0,684.0,8.0,44.0,360.0,80.0,112.0,44.0,0,0,0,0,1,1,0,1,1
crossing,padded_benes,9,C_db_realistic,template,123,input:w6->padded_benes_16x16_s0_w6_7.in,input:w8->padded_benes_16x16_s0_w8_9.in,957.0,684.0,24.0,72.0,80.0,44.0,360.0,44.0,0,0,0,0,0,0,0,0,0
crossing,padded_benes,9,C_db_realistic,template,124,input:w6->padded_benes_16x16_s0_w6_7.in,input:w9->padded_benes_16x16_s0_w8_9.add,693.0,620.0,8.0,108.0,296.0,64.0,112.0,64.0,0,0,0,0,1,1,0,1,1
crossing,padded_benes,9,C_db_realistic,template,125,input:w6->padded_benes_16x16_s0_w6_7.in,input:w9->padded_benes_16x16_s0_w8_9.add,885.0,664.0,8.0,340.0,20.0,128.0,64.0,20.0,0,0,0,0,1,1,0,1,1
crossing,padded_benes,9,C_db_realistic,template,126,input:w6->padded_benes_16x16_s0_w6_7.in,input:w10->padded_benes_16x16_s0_w10_11.in,693.0,556.0,16.0,172.0,232.0,48.0,112.0,48.0,0,0,0,0,0,0,0,0,0
crossing,padded_benes,9,C_db_realistic,template,127,input:w6->padded_benes_16x16_s0_w6_7.in,input:w10->padded_benes_16x16_s0_w10_11.in,885.0,600.0,8.0,276.0,84.0,128.0,56.0,56.0,0,0,0,0,1,1,0,1,1
crossing,padded_benes,9,C_db_realistic,template,128,input:w6->padded_benes_16x16_s0_w6_7.in,input:w11->padded_benes_16x16_s0_w10_11.add,693.0,492.0,16.0,236.0,168.0,32.0,112.0,32.0,0,0,0,0,0,0,0,0,0
crossing,padded_benes,9,C_db_realistic,template,129,input:w6->padded_benes_16x16_s0_w6_7.in,input:w11->padded_benes_16x16_s0_w10_11.add,885.0,536.0,8.0,212.0,148.0,128.0,48.0,48.0,0,0,0,0,1,1,0,1,1
crossing,padded_benes,9,C_db_realistic,template,130,input:w6->padded_benes_16x16_s0_w6_7.in,input:w12->padded_benes_16x16_s0_w12_13.in,693.0,428.0,16.0,300.0,104.0,88.0,112.0,88.0,0,0,0,0,0,0,0,0,0
crossing,padded_benes,9,C_db_realistic,template,131,input:w6->padded_benes_16x16_s0_w6_7.in,input:w12->padded_benes_16x16_s0_w12_13.in,885.0,472.0,8.0,148.0,212.0,128.0,40.0,40.0,0,0,0,0,1,1,0,1,1
crossing,padded_benes,9,C_db_realistic,template,132,input:w6->padded_benes_16x16_s0_w6_7.in,input:w13->padded_benes_16x16_s0_w12_13.add,693.0,364.0,16.0,364.0,40.0,72.0,112.0,40.0,0,0,0,0,0,0,0,0,0
crossing,padded_benes,9,C_db_realistic,template,133,input:w6->padded_benes_16x16_s0_w6_7.in,input:w13->padded_benes_16x16_s0_w12_13.add,885.0,408.0,8.0,84.0,276.0,128.0,32.0,32.0,0,0,0,0,1,1,0,1,1
crossing,padded_benes,9,C_db_realistic,template,134,input:w6->padded_benes_16x16_s0_w6_7.in,input:w14->padded_benes_16x16_s0_w14_15.in,885.0,344.0,8.0,20.0,340.0,128.0,24.0,20.0,0,0,0,0,1,1,0,1,1
crossing,padded_benes,9,C_db_realistic,template,135,input:w6->padded_benes_16x16_s0_w6_7.in,input:w14->padded_benes_16x16_s0_w14_15.in,757.0,324.0,64.0,64.0,128.0,8.0,20.0,8.0,0,0,0,1,0,1,1,0,1
crossing,padded_benes,9,C_db_realistic,template,136,input:w7->padded_benes_16x16_s0_w6_7.add,input:w8->padded_benes_16x16_s0_w8_9.in,613.0,664.0,20.0,88.0,64.0,340.0,20.0,20.0,0,0,0,0,0,0,0,0,0
crossing,padded_benes,9,C_db_realistic,template,137,input:w7->padded_benes_16x16_s0_w6_7.add,input:w8->padded_benes_16x16_s0_w8_9.in,957.0,620.0,8.0,64.0,80.0,108.0,296.0,64.0,0,0,0,0,1,1,0,1,1
crossing,padded_benes,9,C_db_realistic,template,138,input:w7->padded_benes_16x16_s0_w6_7.add,input:w9->padded_benes_16x16_s0_w8_9.add,677.0,620.0,8.0,44.0,360.0,48.0,128.0,44.0,0,0,0,0,1,1,0,1,1
crossing,padded_benes,9,C_db_realistic,template,139,input:w7->padded_benes_16x16_s0_w6_7.add,input:w9->padded_benes_16x16_s0_w8_9.add,949.0,620.0,8.0,56.0,88.0,44.0,360.0,44.0,0,0,0,0,1,1,0,1,1
crossing,padded_benes,9,C_db_realistic,template,140,input:w7->padded_benes_16x16_s0_w6_7.add,input:w10->padded_benes_16x16_s0_w10_11.in,677.0,556.0,8.0,108.0,296.0,32.0,128.0,32.0,0,0,0,0,1,1,0,1,1
crossing,padded_benes,9,C_db_realistic,template,141,input:w7->padded_benes_16x16_s0_w6_7.add,input:w10->padded_benes_16x16_s0_w10_11.in,893.0,600.0,8.0,340.0,20.0,136.0,48.0,20.0,0,0,0,0,1,1,0,1,1
crossing,padded_benes,9,C_db_realistic,template,142,input:w7->padded_benes_16x16_s0_w6_7.add,input:w11->padded_benes_16x16_s0_w10_11.add,677.0,492.0,16.0,172.0,232.0,16.0,128.0,16.0,0,0,0,0,0,0,0,0,0
crossing,padded_benes,9,C_db_realistic,template,143,input:w7->padded_benes_16x16_s0_w6_7.add,input:w11->padded_benes_16x16_s0_w10_11.add,893.0,536.0,8.0,276.0,84.0,136.0,40.0,40.0,0,0,0,0,1,1,0,1,1
crossing,padded_benes,9,C_db_realistic,template,144,input:w7->padded_benes_16x16_s0_w6_7.add,input:w12->padded_benes_16x16_s0_w12_13.in,677.0,428.0,16.0,236.0,168.0,72.0,128.0,72.0,0,0,0,0,0,0,0,0,0
crossing,padded_benes,9,C_db_realistic,template,145,input:w7->padded_benes_16x16_s0_w6_7.add,input:w12->padded_benes_16x16_s0_w12_13.in,893.0,472.0,8.0,212.0,148.0,136.0,32.0,32.0,0,0,0,0,1,1,0,1,1
crossing,padded_benes,9,C_db_realistic,template,146,input:w7->padded_benes_16x16_s0_w6_7.add,input:w13->padded_benes_16x16_s0_w12_13.add,677.0,364.0,16.0,300.0,104.0,56.0,128.0,56.0,0,0,0,0,0,0,0,0,0
crossing,padded_benes,9,C_db_realistic,template,147,input:w7->padded_benes_16x16_s0_w6_7.add,input:w13->padded_benes_16x16_s0_w12_13.add,893.0,408.0,8.0,148.0,212.0,136.0,24.0,24.0,0,0,0,0,1,1,0,1,1
crossing,padded_benes,9,C_db_realistic,template,148,input:w7->padded_benes_16x16_s0_w6_7.add,input:w14->padded_benes_16x16_s0_w14_15.in,677.0,300.0,16.0,364.0,40.0,40.0,128.0,40.0,0,0,0,0,0,0,0,0,0
crossing,padded_benes,9,C_db_realistic,template,149,input:w7->padded_benes_16x16_s0_w6_7.add,input:w14->padded_benes_16x16_s0_w14_15.in,893.0,344.0,8.0,84.0,276.0,136.0,16.0,16.0,0,0,0,0,1,1,0,1,1
crossing,padded_benes,9,C_db_realistic,template,150,input:w7->padded_benes_16x16_s0_w6_7.add,input:w15->padded_benes_16x16_s0_w14_15.add,893.0,280.0,44.721359549995796,20.0,340.0,136.0,8.0,8.0,0,0,0,1,0,1,1,0,1
crossing,padded_benes,9,C_db_realistic,template,151,input:w7->padded_benes_16x16_s0_w6_7.add,input:w15->padded_benes_16x16_s0_w14_15.add,757.0,260.0,64.0,80.0,136.0,8.0,20.0,8.0,0,0,0,1,0,1,1,0,1
crossing,padded_benes,9,C_db_realistic,template,152,input:w8->padded_benes_16x16_s0_w8_9.in,input:w9->padded_benes_16x16_s0_w8_9.add,213.0,388.0,24.0,8.0,240.0,52.0,64.0,8.0,0,0,0,1,0,1,1,0,1
crossing,padded_benes,9,C_db_realistic,template,153,input:w8->padded_benes_16x16_s0_w8_9.in,input:w9->padded_benes_16x16_s0_w8_9.add,1527.0,420.0,74.0,194.0,10.0,20.0,36.0,10.0,0,0,0,0,0,0,1,0,1
crossing,padded_benes,9,C_db_realistic,template,154,input:w8->padded_benes_16x16_s0_w8_9.in,input:w9->padded_benes_16x16_s0_w8_9.add,61.0,420.0,128.0,29.0,144.0,8.0,20.0,8.0,0,0,0,1,0,1,1,0,1
crossing,padded_benes,9,C_db_realistic,template,155,input:w8->padded_benes_16x16_s0_w8_9.in,input:w9->padded_benes_16x16_s0_w8_9.add,1453.0,420.0,68.35202996254024,120.0,84.0,8.0,20.0,8.0,0,0,0,1,0,1,1,0,1
crossing,padded_benes,9,C_db_realistic,template,156,input:w8->padded_benes_16x16_s0_w8_9.in,input:w10->padded_benes_16x16_s0_w10_11.in,461.0,324.0,24.0,8.0,152.0,84.0,128.0,8.0,0,0,0,1,0,1,1,0,1
crossing,padded_benes,9,C_db_realistic,template,157,input:w8->padded_benes_16x16_s0_w8_9.in,input:w10->padded_benes_16x16_s0_w10_11.in,1333.0,408.0,57.271284253105414,20.0,12.0,112.0,56.0,12.0,0,0,0,0,0,0,1,0,1
crossing,padded_benes,9,C_db_realistic,template,158,input:w8->padded_benes_16x16_s0_w8_9.in,input:w10->padded_benes_16x16_s0_w10_11.in,293.0,388.0,64.0,88.0,160.0,8.0,20.0,8.0,0,0,0,1,0,1,1,0,1
crossing,padded_benes,9,C_db_realistic,template,159,input:w8->padded_benes_16x16_s0_w8_9.in,input:w10->padded_benes_16x16_s0_w10_11.in,1221.0,388.0,64.0,120.0,112.0,8.0,20.0,8.0,0,0,0,1,0,1,1,0,1
crossing,padded_benes,9,C_db_realistic,template,160,input:w8->padded_benes_16x16_s0_w8_9.in,input:w12->padded_benes_16x16_s0_w12_13.in,613.0,428.0,16.0,104.0,256.0,8.0,192.0,8.0,0,0,0,1,0,1,1,0,1
crossing,padded_benes,9,C_db_realistic,template,161,input:w8->padded_benes_16x16_s0_w8_9.in,input:w12->padded_benes_16x16_s0_w12_13.in,1101.0,344.0,16.0,20.0,44.0,112.0,56.0,20.0,0,0,0,0,0,0,0,0,0
crossing,padded_benes,9,C_db_realistic,template,162,input:w8->padded_benes_16x16_s0_w8_9.in,input:w12->padded_benes_16x16_s0_w12_13.in,525.0,324.0,64.0,72.0,88.0,8.0,20.0,8.0,0,0,0,1,0,1,1,0,1
crossing,padded_benes,9,C_db_realistic,template,163,input:w8->padded_benes_16x16_s0_w8_9.in,input:w12->padded_benes_16x16_s0_w12_13.in,989.0,324.0,46.647615158762406,32.0,112.0,8.0,20.0,8.0,0,0,0,1,0,1,1,0,1
crossing,padded_benes,9,C_db_realistic,template,164,input:w9->padded_benes_16x16_s0_w8_9.add,input:w10->padded_benes_16x16_s0_w10_11.in,213.0,364.0,24.0,76.0,40.0,56.0,128.0,40.0,0,0,0,0,0,0,0,0,0
crossing,padded_benes,9,C_db_realistic,template,165,input:w9->padded_benes_16x16_s0_w8_9.add,input:w10->padded_benes_16x16_s0_w10_11.in,461.0,260.0,16.0,24.0,168.0,148.0,64.0,24.0,0,0,0,0,0,0,0,0,0
crossing,padded_benes,9,C_db_realistic,template,166,input:w9->padded_benes_16x16_s0_w8_9.add,input:w10->padded_benes_16x16_s0_w10_11.in,1117.0,324.0,20.0,8.0,224.0,128.0,40.0,8.0,0,0,0,1,0,1,1,0,1
crossing,padded_benes,9,C_db_realistic,template,167,input:w9->padded_benes_16x16_s0_w8_9.add,input:w10->padded_benes_16x16_s0_w10_11.in,1389.0,396.0,57.271284253105414,48.0,112.0,12.0,104.0,12.0,0,0,0,0,0,0,1,0,1
crossing,padded_benes,9,C_db_realistic,template,168,input:w9->padded_benes_16x16_s0_w8_9.add,input:w11->padded_benes_16x16_s0_w10_11.add,445.0,260.0,16.0,8.0,184.0,84.0,128.0,8.0,0,0,0,1,0,1,1,0,1
crossing,padded_benes,9,C_db_realistic,template,169,input:w9->padded_benes_16x16_s0_w8_9.add,input:w11->padded_benes_16x16_s0_w10_11.add,1341.0,344.0,64.4980619863884,20.0,52.0,120.0,40.0,20.0,0,0,0,0,0,0,0,0,0
crossing,padded_benes,9,C_db_realistic,template,170,input:w9->padded_benes_16x16_s0_w8_9.add,input:w11->padded_benes_16x16_s0_w10_11.add,293.0,324.0,64.0,80.0,144.0,8.0,20.0,8.0,0,0,0,1,0,1,1,0,1
crossing,padded_benes,9,C_db_realistic,template,171,input:w9->padded_benes_16x16_s0_w8_9.add,input:w11->padded_benes_16x16_s0_w10_11.add,1221.0,324.0,64.0,112.0,120.0,8.0,20.0,8.0,0,0,0,1,0,1,1,0,1
crossing,padded_benes,9,C_db_realistic,template,172,input:w9->padded_benes_16x16_s0_w8_9.add,input:w12->padded_benes_16x16_s0_w12_13.in,437.0,300.0,8.0,24.0,40.0,24.0,136.0,24.0,0,0,0,0,1,1,0,1,1
crossing,padded_benes,9,C_db_realistic,template,173,input:w9->padded_benes_16x16_s0_w8_9.add,input:w12->padded_benes_16x16_s0_w12_13.in,629.0,428.0,16.0,168.0,192.0,24.0,176.0,24.0,0,0,0,0,0,0,0,0,0
crossing,padded_benes,9,C_db_realistic,template,174,input:w9->padded_benes_16x16_s0_w8_9.add,input:w12->padded_benes_16x16_s0_w12_13.in,949.0,300.0,8.0,364.0,40.0,24.0,88.0,24.0,0,0,0,0,1,1,0,1,1
crossing,padded_benes,9,C_db_realistic,template,175,input:w9->padded_benes_16x16_s0_w8_9.add,input:w12->padded_benes_16x16_s0_w12_13.in,1157.0,324.0,24.0,48.0,184.0,20.0,192.0,20.0,0,0,0,0,0,0,0,0,0
crossing,padded_benes,9,C_db_realistic,template,176,input:w9->padded_benes_16x16_s0_w8_9.add,input:w13->padded_benes_16x16_s0_w12_13.add,629.0,364.0,16.0,104.0,256.0,8.0,176.0,8.0,0,0,0,1,0,1,1,0,1
crossing,padded_benes,9,C_db_realistic,template,177,input:w9->padded_benes_16x16_s0_w8_9.add,input:w13->padded_benes_16x16_s0_w12_13.add,1109.0,280.0,8.0,20.0,44.0,120.0,40.0,20.0,0,0,0,0,1,1,0,1,1
crossing,padded_benes,9,C_db_realistic,template,178,input:w9->padded_benes_16x16_s0_w8_9.add,input:w13->padded_benes_16x16_s0_w12_13.add,525.0,260.0,64.0,88.0,104.0,8.0,20.0,8.0,0,0,0,1,0,1,1,0,1
crossing,padded_benes,9,C_db_realistic,template,179,input:w9->padded_benes_16x16_s0_w8_9.add,input:w13->padded_benes_16x16_s0_w12_13.add,989.0,260.0,53.665631459994955,40.0,120.0,8.0,20.0,8.0,0,0,0,1,0,1,1,0,1
crossing,padded_benes,9,C_db_realistic,template,180,input:w10->padded_benes_16x16_s0_w10_11.in,input:w11->padded_benes_16x16_s0_w10_11.add,157.0,312.0,76.4198926981712,20.0,52.0,96.0,40.0,20.0,0,0,0,0,0,0,0,0,0
crossing,padded_benes,9,C_db_realistic,template,181,input:w10->padded_benes_16x16_s0_w10_11.in,input:w11->padded_benes_16x16_s0_w10_11.add,1527.0,292.0,74.0,138.0,10.0,20.0,36.0,10.0,0,0,0,0,0,0,1,0,1
crossing,padded_benes,9,C_db_realistic,template,182,input:w10->padded_benes_16x16_s0_w10_11.in,input:w11->padded_benes_16x16_s0_w10_11.add,61.0,292.0,98.0612053770501,29.0,96.0,8.0,20.0,8.0,0,0,0,1,0,1,1,0,1
crossing,padded_benes,9,C_db_realistic,template,183,input:w10->padded_benes_16x16_s0_w10_11.in,input:w11->padded_benes_16x16_s0_w10_11.add,1453.0,292.0,74.0,64.0,84.0,8.0,20.0,8.0,0,0,0,1,0,1,1,0,1
crossing,padded_benes,9,C_db_realistic,template,184,input:w10->padded_benes_16x16_s0_w10_11.in,input:w12->padded_benes_16x16_s0_w12_13.in,461.0,300.0,16.0,108.0,104.0,48.0,112.0,48.0,0,0,0,0,0,0,0,0,0
crossing,padded_benes,9,C_db_realistic,template,185,input:w10->padded_benes_16x16_s0_w10_11.in,input:w12->padded_benes_16x16_s0_w12_13.in,645.0,428.0,16.0,232.0,128.0,40.0,160.0,40.0,0,0,0,0,0,0,0,0,0
crossing,padded_benes,9,C_db_realistic,template,186,input:w10->padded_benes_16x16_s0_w10_11.in,input:w12->padded_benes_16x16_s0_w12_13.in,941.0,300.0,8.0,300.0,104.0,16.0,96.0,16.0,0,0,0,0,1,1,0,1,1
crossing,padded_benes,9,C_db_realistic,template,187,input:w10->padded_benes_16x16_s0_w10_11.in,input:w12->padded_benes_16x16_s0_w12_13.in,1117.0,344.0,16.0,148.0,20.0,128.0,40.0,20.0,0,0,0,0,0,0,0,0,0
crossing,padded_benes,9,C_db_realistic,template,188,input:w10->padded_benes_16x16_s0_w10_11.in,input:w13->padded_benes_16x16_s0_w12_13.add,461.0,236.0,16.0,172.0,40.0,32.0,112.0,32.0,0,0,0,0,0,0,0,0,0
crossing,padded_benes,9,C_db_realistic,template,189,input:w10->padded_benes_16x16_s0_w10_11.in,input:w13->padded_benes_16x16_s0_w12_13.add,645.0,364.0,16.0,168.0,192.0,24.0,160.0,24.0,0,0,0,0,0,0,0,0,0
crossing,padded_benes,9,C_db_realistic,template,190,input:w10->padded_benes_16x16_s0_w10_11.in,input:w13->padded_benes_16x16_s0_w12_13.add,941.0,236.0,8.0,364.0,40.0,24.0,96.0,24.0,0,0,0,0,1,1,0,1,1
crossing,padded_benes,9,C_db_realistic,template,191,input:w10->padded_benes_16x16_s0_w10_11.in,input:w13->padded_benes_16x16_s0_w12_13.add,1117.0,280.0,8.0,84.0,84.0,128.0,32.0,32.0,0,0,0,0,1,1,0,1,1
crossing,padded_benes,9,C_db_realistic,template,192,input:w10->padded_benes_16x16_s0_w10_11.in,input:w14->padded_benes_16x16_s0_w14_15.in,645.0,300.0,16.0,104.0,256.0,8.0,160.0,8.0,0,0,0,1,0,1,1,0,1
crossing,padded_benes,9,C_db_realistic,template,193,input:w10->padded_benes_16x16_s0_w10_11.in,input:w14->padded_benes_16x16_s0_w14_15.in,1117.0,216.0,8.0,20.0,148.0,128.0,24.0,20.0,0,0,0,0,1,1,0,1,1
crossing,padded_benes,9,C_db_realistic,template,194,input:w10->padded_benes_16x16_s0_w10_11.in,input:w14->padded_benes_16x16_s0_w14_15.in,525.0,196.0,64.0,64.0,120.0,8.0,20.0,8.0,0,0,0,1,0,1,1,0,1
crossing,padded_benes,9,C_db_realistic,template,195,input:w10->padded_benes_16x16_s0_w10_11.in,input:w14->padded_benes_16x16_s0_w14_15.in,989.0,196.0,60.92618484691127,48.0,128.0,8.0,20.0,8.0,0,0,0,1,0,1,1,0,1
crossing,padded_benes,9,C_db_realistic,template,196,input:w11->padded_benes_16x16_s0_w10_11.add,input:w12->padded_benes_16x16_s0_w12_13.in,445.0,300.0,8.0,44.0,168.0,32.0,128.0,32.0,0,0,0,0,1,1,0,1,1
crossing,padded_benes,9,C_db_realistic,template,197,input:w11->padded_benes_16x16_s0_w10_11.add,input:w12->padded_benes_16x16_s0_w12_13.in,661.0,428.0,16.0,296.0,64.0,56.0,144.0,56.0,0,0,0,0,0,0,0,0,0
crossing,padded_benes,9,C_db_realistic,template,198,input:w11->padded_benes_16x16_s0_w10_11.add,input:w12->padded_benes_16x16_s0_w12_13.in,933.0,300.0,8.0,236.0,168.0,8.0,104.0,8.0,0,0,0,1,1,1,1,1,1
crossing,padded_benes,9,C_db_realistic,template,199,input:w11->padded_benes_16x16_s0_w10_11.add,input:w12->padded_benes_16x16_s0_w12_13.in,1157.0,300.0,24.0,32.0,112.0,44.0,168.0,32.0,0,0,0,0,0,0,0,0,0
crossing,padded_benes,9,C_db_realistic,template,200,input:w11->padded_benes_16x16_s0_w10_11.add,input:w13->padded_benes_16x16_s0_w12_13.add,445.0,236.0,16.0,108.0,104.0,16.0,128.0,16.0,0,0,0,0,0,0,0,0,0
crossing,padded_benes,9,C_db_realistic,template,201,input:w11->padded_benes_16x16_s0_w10_11.add,input:w13->padded_benes_16x16_s0_w12_13.add,661.0,364.0,16.0,232.0,128.0,40.0,144.0,40.0,0,0,0,0,0,0,0,0,0
crossing,padded_benes,9,C_db_realistic,template,202,input:w11->padded_benes_16x16_s0_w10_11.add,input:w13->padded_benes_16x16_s0_w12_13.add,933.0,236.0,8.0,300.0,104.0,16.0,104.0,16.0,0,0,0,0,1,1,0,1,1
crossing,padded_benes,9,C_db_realistic,template,203,input:w11->padded_benes_16x16_s0_w10_11.add,input:w13->padded_benes_16x16_s0_w12_13.add,1125.0,280.0,8.0,148.0,20.0,136.0,24.0,20.0,0,0,0,0,1,1,0,1,1
crossing,padded_benes,9,C_db_realistic,template,204,input:w11->padded_benes_16x16_s0_w10_11.add,input:w14->padded_benes_16x16_s0_w14_15.in,445.0,172.0,16.0,172.0,40.0,40.0,128.0,40.0,0,0,0,0,0,0,0,0,0
crossing,padded_benes,9,C_db_realistic,template,205,input:w11->padded_benes_16x16_s0_w10_11.add,input:w14->padded_benes_16x16_s0_w14_15.in,661.0,300.0,16.0,168.0,192.0,24.0,144.0,24.0,0,0,0,0,0,0,0,0,0
crossing,padded_benes,9,C_db_realistic,template,206,input:w11->padded_benes_16x16_s0_w10_11.add,input:w14->padded_benes_16x16_s0_w14_15.in,933.0,172.0,60.92618484691127,364.0,40.0,24.0,104.0,24.0,0,0,0,0,0,0,0,0,0
crossing,padded_benes,9,C_db_realistic,template,207,input:w11->padded_benes_16x16_s0_w10_11.add,input:w14->padded_benes_16x16_s0_w14_15.in,1125.0,216.0,8.0,84.0,84.0,136.0,16.0,16.0,0,0,0,0,1,1,0,1,1
crossing,padded_benes,9,C_db_realistic,template,208,input:w11->padded_benes_16x16_s0_w10_11.add,input:w15->padded_benes_16x16_s0_w14_15.add,661.0,236.0,64.0,104.0,256.0,8.0,144.0,8.0,0,0,0,1,0,1,1,0,1
crossing,padded_benes,9,C_db_realistic,template,209,input:w11->padded_benes_16x16_s0_w10_11.add,input:w15->padded_benes_16x16_s0_w14_15.add,1125.0,152.0,50.11985634456667,20.0,148.0,136.0,8.0,8.0,0,0,0,1,0,1,1,0,1
crossing,padded_benes,9,C_db_realistic,template,210,input:w11->padded_benes_16x16_s0_w10_11.add,input:w15->padded_benes_16x16_s0_w14_15.add,525.0,132.0,64.0,80.0,136.0,8.0,20.0,8.0,0,0,0,1,0,1,1,0,1
crossing,padded_benes,9,C_db_realistic,template,211,input:w11->padded_benes_16x16_s0_w10_11.add,input:w15->padded_benes_16x16_s0_w14_15.add,989.0,132.0,64.0,56.0,136.0,8.0,20.0,8.0,0,0,0,1,0,1,1,0,1
crossing,padded_benes,9,C_db_realistic,template,212,input:w12->padded_benes_16x16_s0_w12_13.in,input:w13->padded_benes_16x16_s0_w12_13.add,189.0,132.0,24.0,8.0,224.0,52.0,64.0,8.0,0,0,0,1,0,1,1,0,1
crossing,padded_benes,9,C_db_realistic,template,213,input:w12->padded_benes_16x16_s0_w12_13.in,input:w13->padded_benes_16x16_s0_w12_13.add,1527.0,164.0,74.0,178.0,10.0,20.0,36.0,10.0,0,0,0,0,0,0,1,0,1
crossing,padded_benes,9,C_db_realistic,template,214,input:w12->padded_benes_16x16_s0_w12_13.in,input:w13->padded_benes_16x16_s0_w12_13.add,61.0,164.0,128.0,29.0,120.0,8.0,20.0,8.0,0,0,0,1,0,1,1,0,1
crossing,padded_benes,9,C_db_realistic,template,215,input:w12->padded_benes_16x16_s0_w12_13.in,input:w13->padded_benes_16x16_s0_w12_13.add,1453.0,164.0,74.0,104.0,84.0,8.0,20.0,8.0,0,0,0,1,0,1,1,0,1
crossing,padded_benes,9,C_db_realistic,template,216,input:w12->padded_benes_16x16_s0_w12_13.in,input:w14->padded_benes_16x16_s0_w14_15.in,413.0,172.0,16.0,40.0,128.0,8.0,160.0,8.0,0,0,0,1,0,1,1,0,1
crossing,padded_benes,9,C_db_realistic,template,217,input:w12->padded_benes_16x16_s0_w12_13.in,input:w14->padded_benes_16x16_s0_w14_15.in,1349.0,152.0,26.832815729997478,20.0,12.0,128.0,24.0,12.0,0,0,0,0,0,0,1,0,1
crossing,padded_benes,9,C_db_realistic,template,218,input:w12->padded_benes_16x16_s0_w12_13.in,input:w14->padded_benes_16x16_s0_w14_15.in,293.0,132.0,64.0,112.0,120.0,8.0,20.0,8.0,0,0,0,1,0,1,1,0,1
crossing,padded_benes,9,C_db_realistic,template,219,input:w12->padded_benes_16x16_s0_w12_13.in,input:w14->padded_benes_16x16_s0_w14_15.in,1221.0,132.0,64.0,64.0,128.0,8.0,20.0,8.0,0,0,0,1,0,1,1,0,1
crossing,padded_benes,9,C_db_realistic,template,220,input:w13->padded_benes_16x16_s0_w12_13.add,input:w14->padded_benes_16x16_s0_w14_15.in,189.0,108.0,24.0,76.0,40.0,24.0,152.0,24.0,0,0,0,0,0,0,0,0,0
crossing,padded_benes,9,C_db_realistic,template,221,input:w13->padded_benes_16x16_s0_w12_13.add,input:w14->padded_benes_16x16_s0_w14_15.in,429.0,172.0,16.0,104.0,64.0,24.0,144.0,24.0,0,0,0,0,0,0,0,0,0
crossing,padded_benes,9,C_db_realistic,template,222,input:w13->padded_benes_16x16_s0_w12_13.add,input:w14->padded_benes_16x16_s0_w14_15.in,1149.0,108.0,50.11985634456667,172.0,40.0,8.0,120.0,8.0,0,0,0,1,0,1,1,0,1
crossing,padded_benes,9,C_db_realistic,template,223,input:w13->padded_benes_16x16_s0_w12_13.add,input:w14->padded_benes_16x16_s0_w14_15.in,1373.0,140.0,26.832815729997478,16.0,128.0,12.0,104.0,12.0,0,0,0,0,0,0,1,0,1
crossing,padded_benes,9,C_db_realistic,template,224,input:w13->padded_benes_16x16_s0_w12_13.add,input:w15->padded_benes_16x16_s0_w14_15.add,429.0,108.0,64.0,40.0,128.0,8.0,144.0,8.0,0,0,0,1,0,1,1,0,1
crossing,padded_benes,9,C_db_realistic,template,225,input:w13->padded_benes_16x16_s0_w12_13.add,input:w15->padded_benes_16x16_s0_w14_15.add,1357.0,88.0,54.405882034941776,20.0,52.0,136.0,8.0,8.0,0,0,0,1,0,1,1,0,1
crossing,padded_benes,9,C_db_realistic,template,226,input:w13->padded_benes_16x16_s0_w12_13.add,input:w15->padded_benes_16x16_s0_w14_15.add,293.0,68.0,64.0,104.0,136.0,8.0,20.0,8.0,0,0,0,1,0,1,1,0,1
crossing,padded_benes,9,C_db_realistic,template,227,input:w13->padded_benes_16x16_s0_w12_13.add,input:w15->padded_benes_16x16_s0_w14_15.add,1221.0,68.0,64.0,72.0,136.0,8.0,20.0,8.0,0,0,0,1,0,1,1,0,1
crossing,padded_benes,9,C_db_realistic,template,228,input:w14->padded_benes_16x16_s0_w14_15.in,input:w15->padded_benes_16x16_s0_w14_15.add,165.0,56.0,57.271284253105414,20.0,52.0,104.0,8.0,8.0,0,0,0,1,0,1,1,0,1
crossing,padded_benes,9,C_db_realistic,template,229,input:w14->padded_benes_16x16_s0_w14_15.in,input:w15->padded_benes_16x16_s0_w14_15.add,1527.0,36.0,74.0,154.0,10.0,20.0,36.0,10.0,0,0,0,0,0,0,1,0,1
crossing,padded_benes,9,C_db_realistic,template,230,input:w14->padded_benes_16x16_s0_w14_15.in,input:w15->padded_benes_16x16_s0_w14_15.add,61.0,36.0,105.90561835898981,29.0,104.0,8.0,20.0,8.0,0,0,0,1,0,1,1,0,1
crossing,padded_benes,9,C_db_realistic,template,231,input:w14->padded_benes_16x16_s0_w14_15.in,input:w15->padded_benes_16x16_s0_w14_15.add,1453.0,36.0,74.0,80.0,84.0,8.0,20.0,8.0,0,0,0,1,0,1,1,0,1
crossing,padded_benes,10,B_db_placeholder,template,0,input:w0->padded_benes_16x16_s0_w0_1.in,input:w1->padded_benes_16x16_s0_w0_1.add,261.0,900.0,24.0,8.0,224.0,52.0,64.0,8.0,0,0,0,1,0,1,1,0,1
crossing,padded_benes,10,B_db_placeholder,template,1,input:w0->padded_benes_16x16_s0_w0_1.in,input:w1->padded_benes_16x16_s0_w0_1.add,1527.0,932.0,74.0,226.0,10.0,20.0,36.0,10.0,0,0,0,0,0,0,1,0,1
crossing,padded_benes,10,B_db_placeholder,template,2,input:w0->padded_benes_16x16_s0_w0_1.in,input:w1->padded_benes_16x16_s0_w0_1.add,61.0,932.0,128.0,29.0,192.0,8.0,20.0,8.0,0,0,0,1,0,1,1,0,1
crossing,padded_benes,10,B_db_placeholder,template,3,input:w0->padded_benes_16x16_s0_w0_1.in,input:w1->padded_benes_16x16_s0_w0_1.add,1453.0,932.0,40.0,152.0,84.0,8.0,20.0,8.0,0,0,0,1,0,1,1,0,1
crossing,padded_benes,10,B_db_placeholder,template,4,input:w0->padded_benes_16x16_s0_w0_1.in,input:w2->padded_benes_16x16_s0_w2_3.in,493.0,836.0,24.0,8.0,224.0,84.0,128.0,8.0,0,0,0,1,0,1,1,0,1
crossing,padded_benes,10,B_db_placeholder,template,5,input:w0->padded_benes_16x16_s0_w0_1.in,input:w2->padded_benes_16x16_s0_w2_3.in,1301.0,920.0,64.4980619863884,20.0,12.0,80.0,120.0,12.0,0,0,0,0,0,0,1,0,1
crossing,padded_benes,10,B_db_placeholder,template,6,input:w0->padded_benes_16x16_s0_w0_1.in,input:w2->padded_benes_16x16_s0_w2_3.in,293.0,900.0,32.0,40.0,192.0,8.0,20.0,8.0,0,0,0,1,0,1,1,0,1
crossing,padded_benes,10,B_db_placeholder,template,7,input:w0->padded_benes_16x16_s0_w0_1.in,input:w2->padded_benes_16x16_s0_w2_3.in,1221.0,900.0,64.0,152.0,80.0,8.0,20.0,8.0,0,0,0,1,0,1,1,0,1
crossing,padded_benes,10,B_db_placeholder,template,8,input:w0->padded_benes_16x16_s0_w0_1.in,input:w4->padded_benes_16x16_s0_w4_5.in,725.0,708.0,24.0,8.0,112.0,148.0,256.0,8.0,0,0,0,1,0,1,1,0,1
crossing,padded_benes,10,B_db_placeholder,template,9,input:w0->padded_benes_16x16_s0_w0_1.in,input:w4->padded_benes_16x16_s0_w4_5.in,1069.0,856.0,16.0,20.0,44.0,80.0,120.0,20.0,0,0,0,0,0,0,0,0,0
crossing,padded_benes,10,B_db_placeholder,template,10,input:w0->padded_benes_16x16_s0_w0_1.in,input:w4->padded_benes_16x16_s0_w4_5.in,525.0,836.0,32.0,40.0,192.0,8.0,20.0,8.0,0,0,0,1,0,1,1,0,1
crossing,padded_benes,10,B_db_placeholder,template,11,input:w0->padded_benes_16x16_s0_w0_1.in,input:w4->padded_benes_16x16_s0_w4_5.in,989.0,836.0,64.0,152.0,80.0,8.0,20.0,8.0,0,0,0,1,0,1,1,0,1
crossing,padded_benes,10,B_db_placeholder,template,12,input:w0->padded_benes_16x16_s0_w0_1.in,input:w8->padded_benes_16x16_s0_w8_9.in,837.0,728.0,8.0,20.0,108.0,80.0,120.0,20.0,0,0,0,0,1,1,0,1,1
crossing,padded_benes,10,B_db_placeholder,template,13,input:w0->padded_benes_16x16_s0_w0_1.in,input:w8->padded_benes_16x16_s0_w8_9.in,757.0,708.0,32.0,40.0,80.0,8.0,20.0,8.0,0,0,0,1,0,1,1,0,1
crossing,padded_benes,10,B_db_placeholder,template,14,input:w1->padded_benes_16x16_s0_w0_1.add,input:w2->padded_benes_16x16_s0_w2_3.in,261.0,876.0,24.0,76.0,40.0,120.0,80.0,40.0,0,0,0,0,0,0,0,0,0
crossing,padded_benes,10,B_db_placeholder,template,15,input:w1->padded_benes_16x16_s0_w0_1.add,input:w2->padded_benes_16x16_s0_w2_3.in,493.0,772.0,16.0,24.0,208.0,148.0,64.0,24.0,0,0,0,0,0,0,0,0,0
crossing,padded_benes,10,B_db_placeholder,template,16,input:w1->padded_benes_16x16_s0_w0_1.add,input:w2->padded_benes_16x16_s0_w2_3.in,1085.0,836.0,20.0,8.0,224.0,128.0,40.0,8.0,0,0,0,1,0,1,1,0,1
crossing,padded_benes,10,B_db_placeholder,template,17,input:w1->padded_benes_16x16_s0_w0_1.add,input:w2->padded_benes_16x16_s0_w2_3.in,1421.0,908.0,40.0,112.0,80.0,12.0,104.0,12.0,0,0,0,0,0,0,1,0,1
crossing,padded_benes,10,B_db_placeholder,template,18,input:w1->padded_benes_16x16_s0_w0_1.add,input:w3->padded_benes_16x16_s0_w2_3.add,477.0,772.0,16.0,8.0,224.0,84.0,128.0,8.0,0,0,0,1,0,1,1,0,1
crossing,padded_benes,10,B_db_placeholder,template,19,input:w1->padded_benes_16x16_s0_w0_1.add,input:w3->padded_benes_16x16_s0_w2_3.add,1309.0,856.0,64.4980619863884,20.0,52.0,88.0,104.0,20.0,0,0,0,0,0,0,0,0,0
crossing,padded_benes,10,B_db_placeholder,template,20,input:w1->padded_benes_16x16_s0_w0_1.add,input:w3->padded_benes_16x16_s0_w2_3.add,293.0,836.0,51.22499389946279,32.0,176.0,8.0,20.0,8.0,0,0,0,1,0,1,1,0,1
crossing,padded_benes,10,B_db_placeholder,template,21,input:w1->padded_benes_16x16_s0_w0_1.add,input:w3->padded_benes_16x16_s0_w2_3.add,1221.0,836.0,32.0,144.0,88.0,8.0,20.0,8.0,0,0,0,1,0,1,1,0,1
crossing,padded_benes,10,B_db_placeholder,template,22,input:w1->padded_benes_16x16_s0_w0_1.add,input:w4->padded_benes_16x16_s0_w4_5.in,469.0,812.0,8.0,24.0,40.0,88.0,104.0,24.0,0,0,0,0,1,1,0,1,1
crossing,padded_benes,10,B_db_placeholder,template,23,input:w1->padded_benes_16x16_s0_w0_1.add,input:w4->padded_benes_16x16_s0_w4_5.in,725.0,644.0,16.0,24.0,120.0,212.0,192.0,24.0,0,0,0,0,0,0,0,0,0
crossing,padded_benes,10,B_db_placeholder,template,24,input:w1->padded_benes_16x16_s0_w0_1.add,input:w4->padded_benes_16x16_s0_w4_5.in,869.0,772.0,44.0,24.0,208.0,320.0,40.0,24.0,0,0,0,0,0,0,0,0,0
crossing,padded_benes,10,B_db_placeholder,template,25,input:w1->padded_benes_16x16_s0_w0_1.add,input:w4->padded_benes_16x16_s0_w4_5.in,1189.0,836.0,24.0,112.0,120.0,20.0,192.0,20.0,0,0,0,0,0,0,0,0,0
crossing,padded_benes,10,B_db_placeholder,template,26,input:w1->padded_benes_16x16_s0_w0_1.add,input:w5->padded_benes_16x16_s0_w4_5.add,709.0,644.0,16.0,8.0,136.0,148.0,256.0,8.0,0,0,0,1,0,1,1,0,1
crossing,padded_benes,10,B_db_placeholder,template,27,input:w1->padded_benes_16x16_s0_w0_1.add,input:w5->padded_benes_16x16_s0_w4_5.add,1077.0,792.0,8.0,20.0,44.0,88.0,104.0,20.0,0,0,0,0,1,1,0,1,1
crossing,padded_benes,10,B_db_placeholder,template,28,input:w1->padded_benes_16x16_s0_w0_1.add,input:w5->padded_benes_16x16_s0_w4_5.add,525.0,772.0,32.0,56.0,176.0,8.0,20.0,8.0,0,0,0,1,0,1,1,0,1
crossing,padded_benes,10,B_db_placeholder,template,29,input:w1->padded_benes_16x16_s0_w0_1.add,input:w5->padded_benes_16x16_s0_w4_5.add,989.0,772.0,64.0,144.0,88.0,8.0,20.0,8.0,0,0,0,1,0,1,1,0,1
crossing,padded_benes,10,B_db_placeholder,template,30,input:w1->padded_benes_16x16_s0_w0_1.add,input:w8->padded_benes_16x16_s0_w8_9.in,701.0,684.0,8.0,88.0,40.0,88.0,104.0,40.0,0,0,0,0,1,1,0,1,1
crossing,padded_benes,10,B_db_placeholder,template,31,input:w1->padded_benes_16x16_s0_w0_1.add,input:w8->padded_benes_16x16_s0_w8_9.in,845.0,728.0,8.0,84.0,44.0,88.0,112.0,44.0,0,0,0,0,1,1,0,1,1
crossing,padded_benes,10,B_db_placeholder,template,32,input:w1->padded_benes_16x16_s0_w0_1.add,input:w9->padded_benes_16x16_s0_w8_9.add,845.0,664.0,8.0,20.0,108.0,88.0,104.0,20.0,0,0,0,0,1,1,0,1,1
crossing,padded_benes,10,B_db_placeholder,template,33,input:w1->padded_benes_16x16_s0_w0_1.add,input:w9->padded_benes_16x16_s0_w8_9.add,757.0,644.0,32.0,56.0,88.0,8.0,20.0,8.0,0,0,0,1,0,1,1,0,1
crossing,padded_benes,10,B_db_placeholder,template,34,input:w2->padded_benes_16x16_s0_w2_3.in,input:w3->padded_benes_16x16_s0_w2_3.add,141.0,824.0,82.46211251235322,20.0,52.0,80.0,104.0,20.0,0,0,0,0,0,0,0,0,0
crossing,padded_benes,10,B_db_placeholder,template,35,input:w2->padded_benes_16x16_s0_w2_3.in,input:w3->padded_benes_16x16_s0_w2_3.add,1527.0,804.0,74.0,106.0,10.0,20.0,36.0,10.0,0,0,0,0,0,0,1,0,1
crossing,padded_benes,10,B_db_placeholder,template,36,input:w2->padded_benes_16x16_s0_w2_3.in,input:w3->padded_benes_16x16_s0_w2_3.add,61.0,804.0,82.46211251235322,29.0,80.0,8.0,20.0,8.0,0,0,0,1,0,1,1,0,1
crossing,padded_benes,10,B_db_placeholder,template,37,input:w2->padded_benes_16x16_s0_w2_3.in,input:w3->padded_benes_16x16_s0_w2_3.add,1453.0,804.0,74.0,32.0,84.0,8.0,20.0,8.0,0,0,0,1,0,1,1,0,1
crossing,padded_benes,10,B_db_placeholder,template,38,input:w2->padded_benes_16x16_s0_w2_3.in,input:w4->padded_benes_16x16_s0_w4_5.in,493.0,812.0,16.0,108.0,104.0,112.0,80.0,80.0,0,0,0,0,0,0,0,0,0
crossing,padded_benes,10,B_db_placeholder,template,39,input:w2->padded_benes_16x16_s0_w2_3.in,input:w4->padded_benes_16x16_s0_w4_5.in,725.0,580.0,16.0,40.0,128.0,276.0,128.0,40.0,0,0,0,0,0,0,0,0,0
crossing,padded_benes,10,B_db_placeholder,template,40,input:w2->padded_benes_16x16_s0_w2_3.in,input:w4->padded_benes_16x16_s0_w4_5.in,869.0,708.0,8.0,16.0,216.0,256.0,104.0,16.0,0,0,0,0,1,1,0,1,1
crossing,padded_benes,10,B_db_placeholder,template,41,input:w2->padded_benes_16x16_s0_w2_3.in,input:w4->padded_benes_16x16_s0_w4_5.in,1085.0,856.0,16.0,148.0,20.0,96.0,104.0,20.0,0,0,0,0,0,0,0,0,0
crossing,padded_benes,10,B_db_placeholder,template,42,input:w2->padded_benes_16x16_s0_w2_3.in,input:w5->padded_benes_16x16_s0_w4_5.add,493.0,748.0,16.0,172.0,40.0,96.0,80.0,40.0,0,0,0,0,0,0,0,0,0
crossing,padded_benes,10,B_db_placeholder,template,43,input:w2->padded_benes_16x16_s0_w2_3.in,input:w5->padded_benes_16x16_s0_w4_5.add,709.0,580.0,16.0,24.0,144.0,212.0,192.0,24.0,0,0,0,0,0,0,0,0,0
crossing,padded_benes,10,B_db_placeholder,template,44,input:w2->padded_benes_16x16_s0_w2_3.in,input:w5->padded_benes_16x16_s0_w4_5.add,877.0,708.0,8.0,24.0,208.0,320.0,40.0,24.0,0,0,0,0,1,1,0,1,1
crossing,padded_benes,10,B_db_placeholder,template,45,input:w2->padded_benes_16x16_s0_w2_3.in,input:w5->padded_benes_16x16_s0_w4_5.add,1085.0,792.0,8.0,84.0,84.0,96.0,96.0,84.0,0,0,0,0,1,1,0,1,1
crossing,padded_benes,10,B_db_placeholder,template,46,input:w2->padded_benes_16x16_s0_w2_3.in,input:w6->padded_benes_16x16_s0_w6_7.in,693.0,580.0,16.0,8.0,160.0,148.0,256.0,8.0,0,0,0,1,0,1,1,0,1
crossing,padded_benes,10,B_db_placeholder,template,47,input:w2->padded_benes_16x16_s0_w2_3.in,input:w6->padded_benes_16x16_s0_w6_7.in,1085.0,728.0,8.0,20.0,148.0,96.0,88.0,20.0,0,0,0,0,1,1,0,1,1
crossing,padded_benes,10,B_db_placeholder,template,48,input:w2->padded_benes_16x16_s0_w2_3.in,input:w6->padded_benes_16x16_s0_w6_7.in,525.0,708.0,51.22499389946279,32.0,160.0,8.0,20.0,8.0,0,0,0,1,0,1,1,0,1
crossing,padded_benes,10,B_db_placeholder,template,49,input:w2->padded_benes_16x16_s0_w2_3.in,input:w6->padded_benes_16x16_s0_w6_7.in,989.0,708.0,32.0,136.0,96.0,8.0,20.0,8.0,0,0,0,1,0,1,1,0,1
crossing,padded_benes,10,B_db_placeholder,template,50,input:w2->padded_benes_16x16_s0_w2_3.in,input:w8->padded_benes_16x16_s0_w8_9.in,685.0,684.0,8.0,24.0,104.0,72.0,120.0,24.0,0,0,0,0,1,1,0,1,1
crossing,padded_benes,10,B_db_placeholder,template,51,input:w2->padded_benes_16x16_s0_w2_3.in,input:w8->padded_benes_16x16_s0_w8_9.in,957.0,708.0,24.0,104.0,128.0,20.0,384.0,20.0,0,0,0,0,0,0,0,0,0
crossing,padded_benes,10,B_db_placeholder,template,52,input:w2->padded_benes_16x16_s0_w2_3.in,input:w9->padded_benes_16x16_s0_w8_9.add,685.0,620.0,8.0,88.0,40.0,56.0,120.0,40.0,0,0,0,0,1,1,0,1,1
crossing,padded_benes,10,B_db_placeholder,template,53,input:w2->padded_benes_16x16_s0_w2_3.in,input:w9->padded_benes_16x16_s0_w8_9.add,853.0,664.0,8.0,84.0,44.0,96.0,96.0,44.0,0,0,0,0,1,1,0,1,1
crossing,padded_benes,10,B_db_placeholder,template,54,input:w2->padded_benes_16x16_s0_w2_3.in,input:w10->padded_benes_16x16_s0_w10_11.in,853.0,600.0,8.0,20.0,108.0,96.0,88.0,20.0,0,0,0,0,1,1,0,1,1
crossing,padded_benes,10,B_db_placeholder,template,55,input:w2->padded_benes_16x16_s0_w2_3.in,input:w10->padded_benes_16x16_s0_w10_11.in,757.0,580.0,32.0,72.0,96.0,8.0,20.0,8.0,0,0,0,1,0,1,1,0,1
crossing,padded_benes,10,B_db_placeholder,template,56,input:w3->padded_benes_16x16_s0_w2_3.add,input:w4->padded_benes_16x16_s0_w4_5.in,477.0,812.0,8.0,44.0,168.0,96.0,96.0,44.0,0,0,0,0,1,1,0,1,1
crossing,padded_benes,10,B_db_placeholder,template,57,input:w3->padded_benes_16x16_s0_w2_3.add,input:w4->padded_benes_16x16_s0_w4_5.in,725.0,516.0,16.0,56.0,136.0,340.0,64.0,56.0,0,0,0,0,0,0,0,0,0
crossing,padded_benes,10,B_db_placeholder,template,58,input:w3->padded_benes_16x16_s0_w2_3.add,input:w4->padded_benes_16x16_s0_w4_5.in,869.0,644.0,8.0,8.0,224.0,192.0,168.0,8.0,0,0,0,1,1,1,1,1,1
crossing,padded_benes,10,B_db_placeholder,template,59,input:w3->padded_benes_16x16_s0_w2_3.add,input:w4->padded_benes_16x16_s0_w4_5.in,1189.0,812.0,24.0,96.0,80.0,44.0,168.0,44.0,0,0,0,0,0,0,0,0,0
crossing,padded_benes,10,B_db_placeholder,template,60,input:w3->padded_benes_16x16_s0_w2_3.add,input:w5->padded_benes_16x16_s0_w4_5.add,477.0,748.0,16.0,108.0,104.0,80.0,96.0,80.0,0,0,0,0,0,0,0,0,0
crossing,padded_benes,10,B_db_placeholder,template,61,input:w3->padded_benes_16x16_s0_w2_3.add,input:w5->padded_benes_16x16_s0_w4_5.add,709.0,516.0,16.0,40.0,152.0,276.0,128.0,40.0,0,0,0,0,0,0,0,0,0
crossing,padded_benes,10,B_db_placeholder,template,62,input:w3->padded_benes_16x16_s0_w2_3.add,input:w5->padded_benes_16x16_s0_w4_5.add,877.0,644.0,8.0,16.0,216.0,256.0,104.0,16.0,0,0,0,0,1,1,0,1,1
crossing,padded_benes,10,B_db_placeholder,template,63,input:w3->padded_benes_16x16_s0_w2_3.add,input:w5->padded_benes_16x16_s0_w4_5.add,1093.0,792.0,8.0,148.0,20.0,104.0,88.0,20.0,0,0,0,0,1,1,0,1,1
crossing,padded_benes,10,B_db_placeholder,template,64,input:w3->padded_benes_16x16_s0_w2_3.add,input:w6->padded_benes_16x16_s0_w6_7.in,477.0,684.0,53.665631459994955,172.0,40.0,104.0,96.0,40.0,0,0,0,0,0,0,0,0,0
crossing,padded_benes,10,B_db_placeholder,template,65,input:w3->padded_benes_16x16_s0_w2_3.add,input:w6->padded_benes_16x16_s0_w6_7.in,693.0,516.0,16.0,24.0,168.0,212.0,192.0,24.0,0,0,0,0,0,0,0,0,0
crossing,padded_benes,10,B_db_placeholder,template,66,input:w3->padded_benes_16x16_s0_w2_3.add,input:w6->padded_benes_16x16_s0_w6_7.in,885.0,644.0,8.0,24.0,208.0,320.0,40.0,24.0,0,0,0,0,1,1,0,1,1
crossing,padded_benes,10,B_db_placeholder,template,67,input:w3->padded_benes_16x16_s0_w2_3.add,input:w6->padded_benes_16x16_s0_w6_7.in,1093.0,728.0,8.0,84.0,84.0,104.0,80.0,80.0,0,0,0,0,1,1,0,1,1
crossing,padded_benes,10,B_db_placeholder,template,68,input:w3->padded_benes_16x16_s0_w2_3.add,input:w7->padded_benes_16x16_s0_w6_7.add,677.0,516.0,16.0,8.0,184.0,148.0,256.0,8.0,0,0,0,1,0,1,1,0,1
crossing,padded_benes,10,B_db_placeholder,template,69,input:w3->padded_benes_16x16_s0_w2_3.add,input:w7->padded_benes_16x16_s0_w6_7.add,1093.0,664.0,64.0,20.0,148.0,104.0,72.0,20.0,0,0,0,0,0,0,0,0,0
crossing,padded_benes,10,B_db_placeholder,template,70,input:w3->padded_benes_16x16_s0_w2_3.add,input:w7->padded_benes_16x16_s0_w6_7.add,525.0,644.0,62.48199740725323,48.0,144.0,8.0,20.0,8.0,0,0,0,1,0,1,1,0,1
crossing,padded_benes,10,B_db_placeholder,template,71,input:w3->padded_benes_16x16_s0_w2_3.add,input:w7->padded_benes_16x16_s0_w6_7.add,989.0,644.0,32.0,128.0,104.0,8.0,20.0,8.0,0,0,0,1,0,1,1,0,1
crossing,padded_benes,10,B_db_placeholder,template,72,input:w3->padded_benes_16x16_s0_w2_3.add,input:w8->padded_benes_16x16_s0_w8_9.in,613.0,644.0,20.0,136.0,56.0,320.0,40.0,40.0,0,0,0,0,0,0,0,0,0
crossing,padded_benes,10,B_db_placeholder,template,73,input:w3->padded_benes_16x16_s0_w2_3.add,input:w8->padded_benes_16x16_s0_w8_9.in,957.0,644.0,8.0,96.0,136.0,84.0,320.0,84.0,0,0,0,0,1,1,0,1,1
crossing,padded_benes,10,B_db_placeholder,template,74,input:w3->padded_benes_16x16_s0_w2_3.add,input:w9->padded_benes_16x16_s0_w8_9.add,669.0,620.0,8.0,24.0,104.0,40.0,136.0,24.0,0,0,0,0,1,1,0,1,1
crossing,padded_benes,10,B_db_placeholder,template,75,input:w3->padded_benes_16x16_s0_w2_3.add,input:w9->padded_benes_16x16_s0_w8_9.add,949.0,644.0,8.0,88.0,144.0,20.0,384.0,20.0,0,0,0,0,1,1,0,1,1
crossing,padded_benes,10,B_db_placeholder,template,76,input:w3->padded_benes_16x16_s0_w2_3.add,input:w10->padded_benes_16x16_s0_w10_11.in,669.0,556.0,8.0,88.0,40.0,24.0,136.0,24.0,0,0,0,0,1,1,0,1,1
crossing,padded_benes,10,B_db_placeholder,template,77,input:w3->padded_benes_16x16_s0_w2_3.add,input:w10->padded_benes_16x16_s0_w10_11.in,861.0,600.0,8.0,84.0,44.0,104.0,80.0,44.0,0,0,0,0,1,1,0,1,1
crossing,padded_benes,10,B_db_placeholder,template,78,input:w3->padded_benes_16x16_s0_w2_3.add,input:w11->padded_benes_16x16_s0_w10_11.add,861.0,536.0,8.0,20.0,108.0,104.0,72.0,20.0,0,0,0,0,1,1,0,1,1
crossing,padded_benes,10,B_db_placeholder,template,79,input:w3->padded_benes_16x16_s0_w2_3.add,input:w11->padded_benes_16x16_s0_w10_11.add,757.0,516.0,32.0,88.0,104.0,8.0,20.0,8.0,0,0,0,1,0,1,1,0,1
crossing,padded_benes,10,B_db_placeholder,template,80,input:w4->padded_benes_16x16_s0_w4_5.in,input:w5->padded_benes_16x16_s0_w4_5.add,237.0,644.0,24.0,8.0,144.0,52.0,64.0,8.0,0,0,0,1,0,1,1,0,1
crossing,padded_benes,10,B_db_placeholder,template,81,input:w4->padded_benes_16x16_s0_w4_5.in,input:w5->padded_benes_16x16_s0_w4_5.add,1527.0,676.0,74.0,210.0,10.0,20.0,36.0,10.0,0,0,0,0,0,0,1,0,1
crossing,padded_benes,10,B_db_placeholder,template,82,input:w4->padded_benes_16x16_s0_w4_5.in,input:w5->padded_benes_16x16_s0_w4_5.add,61.0,676.0,128.0,29.0,168.0,8.0,20.0,8.0,0,0,0,1,0,1,1,0,1
crossing,padded_benes,10,B_db_placeholder,template,83,input:w4->padded_benes_16x16_s0_w4_5.in,input:w5->padded_benes_16x16_s0_w4_5.add,1453.0,676.0,53.665631459994955,136.0,84.0,8.0,20.0,8.0,0,0,0,1,0,1,1,0,1
crossing,padded_benes,10,B_db_placeholder,template,84,input:w4->padded_benes_16x16_s0_w4_5.in,input:w6->padded_benes_16x16_s0_w6_7.in,381.0,684.0,16.0,40.0,128.0,8.0,192.0,8.0,0,0,0,1,0,1,1,0,1
crossing,padded_benes,10,B_db_placeholder,template,85,input:w4->padded_benes_16x16_s0_w4_5.in,input:w6->padded_benes_16x16_s0_w6_7.in,1317.0,664.0,64.4980619863884,20.0,12.0,96.0,88.0,12.0,0,0,0,0,0,0,1,0,1
crossing,padded_benes,10,B_db_placeholder,template,86,input:w4->padded_benes_16x16_s0_w4_5.in,input:w6->padded_benes_16x16_s0_w6_7.in,293.0,644.0,56.0,64.0,88.0,8.0,20.0,8.0,0,0,0,1,0,1,1,0,1
crossing,padded_benes,10,B_db_placeholder,template,87,input:w4->padded_benes_16x16_s0_w4_5.in,input:w6->padded_benes_16x16_s0_w6_7.in,1221.0,644.0,46.647615158762406,32.0,96.0,8.0,20.0,8.0,0,0,0,1,0,1,1,0,1
crossing,padded_benes,10,B_db_placeholder,template,88,input:w4->padded_benes_16x16_s0_w4_5.in,input:w8->padded_benes_16x16_s0_w8_9.in,725.0,684.0,16.0,172.0,232.0,112.0,80.0,80.0,0,0,0,0,0,0,0,0,0
crossing,padded_benes,10,B_db_placeholder,template,89,input:w4->padded_benes_16x16_s0_w4_5.in,input:w8->padded_benes_16x16_s0_w8_9.in,869.0,728.0,8.0,276.0,84.0,112.0,88.0,84.0,0,0,0,0,1,1,0,1,1
crossing,padded_benes,10,B_db_placeholder,template,90,input:w4->padded_benes_16x16_s0_w4_5.in,input:w9->padded_benes_16x16_s0_w8_9.add,725.0,620.0,16.0,236.0,168.0,96.0,80.0,80.0,0,0,0,0,0,0,0,0,0
crossing,padded_benes,10,B_db_placeholder,template,91,input:w4->padded_benes_16x16_s0_w4_5.in,input:w9->padded_benes_16x16_s0_w8_9.add,869.0,664.0,8.0,212.0,148.0,112.0,80.0,80.0,0,0,0,0,1,1,0,1,1
crossing,padded_benes,10,B_db_placeholder,template,92,input:w4->padded_benes_16x16_s0_w4_5.in,input:w10->padded_benes_16x16_s0_w10_11.in,725.0,556.0,16.0,300.0,104.0,80.0,80.0,80.0,0,0,0,0,0,0,0,0,0
crossing,padded_benes,10,B_db_placeholder,template,93,input:w4->padded_benes_16x16_s0_w4_5.in,input:w10->padded_benes_16x16_s0_w10_11.in,869.0,600.0,8.0,148.0,212.0,112.0,72.0,72.0,0,0,0,0,1,1,0,1,1
crossing,padded_benes,10,B_db_placeholder,template,94,input:w4->padded_benes_16x16_s0_w4_5.in,input:w11->padded_benes_16x16_s0_w10_11.add,725.0,492.0,16.0,364.0,40.0,64.0,80.0,40.0,0,0,0,0,0,0,0,0,0
crossing,padded_benes,10,B_db_placeholder,template,95,input:w4->padded_benes_16x16_s0_w4_5.in,input:w11->padded_benes_16x16_s0_w10_11.add,869.0,536.0,8.0,84.0,276.0,112.0,64.0,64.0,0,0,0,0,1,1,0,1,1
crossing,padded_benes,10,B_db_placeholder,template,96,input:w4->padded_benes_16x16_s0_w4_5.in,input:w12->padded_benes_16x16_s0_w12_13.in,869.0,472.0,8.0,20.0,340.0,112.0,56.0,20.0,0,0,0,0,1,1,0,1,1
crossing,padded_benes,10,B_db_placeholder,template,97,input:w4->padded_benes_16x16_s0_w4_5.in,input:w12->padded_benes_16x16_s0_w12_13.in,757.0,452.0,51.22499389946279,32.0,112.0,8.0,20.0,8.0,0,0,0,1,0,1,1,0,1
crossing,padded_benes,10,B_db_placeholder,template,98,input:w5->padded_benes_16x16_s0_w4_5.add,input:w6->padded_benes_16x16_s0_w6_7.in,237.0,620.0,24.0,76.0,40.0,88.0,104.0,40.0,0,0,0,0,0,0,0,0,0
crossing,padded_benes,10,B_db_placeholder,template,99,input:w5->padded_benes_16x16_s0_w4_5.add,input:w6->padded_benes_16x16_s0_w6_7.in,397.0,684.0,16.0,104.0,64.0,24.0,176.0,24.0,0,0,0,0,0,0,0,0,0
crossing,padded_benes,10,B_db_placeholder,template,100,input:w5->padded_benes_16x16_s0_w4_5.add,input:w6->padded_benes_16x16_s0_w6_7.in,1181.0,620.0,46.647615158762406,172.0,40.0,8.0,88.0,8.0,0,0,0,1,0,1,1,0,1
crossing,padded_benes,10,B_db_placeholder,template,101,input:w5->padded_benes_16x16_s0_w4_5.add,input:w6->padded_benes_16x16_s0_w6_7.in,1405.0,652.0,53.665631459994955,80.0,96.0,12.0,104.0,12.0,0,0,0,0,0,0,1,0,1
crossing,padded_benes,10,B_db_placeholder,template,102,input:w5->padded_benes_16x16_s0_w4_5.add,input:w7->padded_benes_16x16_s0_w6_7.add,397.0,620.0,64.0,40.0,128.0,8.0,176.0,8.0,0,0,0,1,0,1,1,0,1
crossing,padded_benes,10,B_db_placeholder,template,103,input:w5->padded_benes_16x16_s0_w4_5.add,input:w7->padded_benes_16x16_s0_w6_7.add,1325.0,600.0,64.4980619863884,20.0,52.0,104.0,72.0,20.0,0,0,0,0,0,0,0,0,0
crossing,padded_benes,10,B_db_placeholder,template,104,input:w5->padded_benes_16x16_s0_w4_5.add,input:w7->padded_benes_16x16_s0_w6_7.add,293.0,580.0,64.0,56.0,104.0,8.0,20.0,8.0,0,0,0,1,0,1,1,0,1
crossing,padded_benes,10,B_db_placeholder,template,105,input:w5->padded_benes_16x16_s0_w4_5.add,input:w7->padded_benes_16x16_s0_w6_7.add,1221.0,580.0,56.568542494923804,40.0,104.0,8.0,20.0,8.0,0,0,0,1,0,1,1,0,1
crossing,padded_benes,10,B_db_placeholder,template,106,input:w5->padded_benes_16x16_s0_w4_5.add,input:w8->padded_benes_16x16_s0_w8_9.in,709.0,684.0,8.0,108.0,296.0,96.0,96.0,96.0,0,0,0,0,1,1,0,1,1
crossing,padded_benes,10,B_db_placeholder,template,107,input:w5->padded_benes_16x16_s0_w4_5.add,input:w8->padded_benes_16x16_s0_w8_9.in,877.0,728.0,8.0,340.0,20.0,120.0,80.0,20.0,0,0,0,0,1,1,0,1,1
crossing,padded_benes,10,B_db_placeholder,template,108,input:w5->padded_benes_16x16_s0_w4_5.add,input:w9->padded_benes_16x16_s0_w8_9.add,709.0,620.0,16.0,172.0,232.0,80.0,96.0,80.0,0,0,0,0,0,0,0,0,0
crossing,padded_benes,10,B_db_placeholder,template,109,input:w5->padded_benes_16x16_s0_w4_5.add,input:w9->padded_benes_16x16_s0_w8_9.add,877.0,664.0,8.0,276.0,84.0,120.0,72.0,72.0,0,0,0,0,1,1,0,1,1
crossing,padded_benes,10,B_db_placeholder,template,110,input:w5->padded_benes_16x16_s0_w4_5.add,input:w10->padded_benes_16x16_s0_w10_11.in,709.0,556.0,16.0,236.0,168.0,64.0,96.0,64.0,0,0,0,0,0,0,0,0,0
crossing,padded_benes,10,B_db_placeholder,template,111,input:w5->padded_benes_16x16_s0_w4_5.add,input:w10->padded_benes_16x16_s0_w10_11.in,877.0,600.0,8.0,212.0,148.0,120.0,64.0,64.0,0,0,0,0,1,1,0,1,1
crossing,padded_benes,10,B_db_placeholder,template,112,input:w5->padded_benes_16x16_s0_w4_5.add,input:w11->padded_benes_16x16_s0_w10_11.add,709.0,492.0,16.0,300.0,104.0,48.0,96.0,48.0,0,0,0,0,0,0,0,0,0
crossing,padded_benes,10,B_db_placeholder,template,113,input:w5->padded_benes_16x16_s0_w4_5.add,input:w11->padded_benes_16x16_s0_w10_11.add,877.0,536.0,8.0,148.0,212.0,120.0,56.0,56.0,0,0,0,0,1,1,0,1,1
crossing,padded_benes,10,B_db_placeholder,template,114,input:w5->padded_benes_16x16_s0_w4_5.add,input:w12->padded_benes_16x16_s0_w12_13.in,709.0,428.0,16.0,364.0,40.0,104.0,96.0,40.0,0,0,0,0,0,0,0,0,0
crossing,padded_benes,10,B_db_placeholder,template,115,input:w5->padded_benes_16x16_s0_w4_5.add,input:w12->padded_benes_16x16_s0_w12_13.in,877.0,472.0,8.0,84.0,276.0,120.0,48.0,48.0,0,0,0,0,1,1,0,1,1
crossing,padded_benes,10,B_db_placeholder,template,116,input:w5->padded_benes_16x16_s0_w4_5.add,input:w13->padded_benes_16x16_s0_w12_13.add,877.0,408.0,8.0,20.0,340.0,120.0,40.0,20.0,0,0,0,0,1,1,0,1,1
crossing,padded_benes,10,B_db_placeholder,template,117,input:w5->padded_benes_16x16_s0_w4_5.add,input:w13->padded_benes_16x16_s0_w12_13.add,757.0,388.0,62.48199740725323,48.0,120.0,8.0,20.0,8.0,0,0,0,1,0,1,1,0,1
crossing,padded_benes,10,B_db_placeholder,template,118,input:w6->padded_benes_16x16_s0_w6_7.in,input:w7->padded_benes_16x16_s0_w6_7.add,149.0,568.0,90.24411338142782,20.0,52.0,88.0,72.0,20.0,0,0,0,0,0,0,0,0,0
crossing,padded_benes,10,B_db_placeholder,template,119,input:w6->padded_benes_16x16_s0_w6_7.in,input:w7->padded_benes_16x16_s0_w6_7.add,1527.0,548.0,74.0,122.0,10.0,20.0,36.0,10.0,0,0,0,0,0,0,1,0,1
crossing,padded_benes,10,B_db_placeholder,template,120,input:w6->padded_benes_16x16_s0_w6_7.in,input:w7->padded_benes_16x16_s0_w6_7.add,61.0,548.0,90.24411338142782,29.0,88.0,8.0,20.0,8.0,0,0,0,1,0,1,1,0,1
crossing,padded_benes,10,B_db_placeholder,template,121,input:w6->padded_benes_16x16_s0_w6_7.in,input:w7->padded_benes_16x16_s0_w6_7.add,1453.0,548.0,74.0,48.0,84.0,8.0,20.0,8.0,0,0,0,1,0,1,1,0,1
crossing,padded_benes,10,B_db_placeholder,template,122,input:w6->padded_benes_16x16_s0_w6_7.in,input:w8->padded_benes_16x16_s0_w8_9.in,693.0,684.0,8.0,44.0,360.0,80.0,112.0,44.0,0,0,0,0,1,1,0,1,1
crossing,padded_benes,10,B_db_placeholder,template,123,input:w6->padded_benes_16x16_s0_w6_7.in,input:w8->padded_benes_16x16_s0_w8_9.in,957.0,684.0,24.0,72.0,80.0,44.0,360.0,44.0,0,0,0,0,0,0,0,0,0
crossing,padded_benes,10,B_db_placeholder,template,124,input:w6->padded_benes_16x16_s0_w6_7.in,input:w9->padded_benes_16x16_s0_w8_9.add,693.0,620.0,8.0,108.0,296.0,64.0,112.0,64.0,0,0,0,0,1,1,0,1,1
crossing,padded_benes,10,B_db_placeholder,template,125,input:w6->padded_benes_16x16_s0_w6_7.in,input:w9->padded_benes_16x16_s0_w8_9.add,885.0,664.0,8.0,340.0,20.0,128.0,64.0,20.0,0,0,0,0,1,1,0,1,1
crossing,padded_benes,10,B_db_placeholder,template,126,input:w6->padded_benes_16x16_s0_w6_7.in,input:w10->padded_benes_16x16_s0_w10_11.in,693.0,556.0,16.0,172.0,232.0,48.0,112.0,48.0,0,0,0,0,0,0,0,0,0
crossing,padded_benes,10,B_db_placeholder,template,127,input:w6->padded_benes_16x16_s0_w6_7.in,input:w10->padded_benes_16x16_s0_w10_11.in,885.0,600.0,8.0,276.0,84.0,128.0,56.0,56.0,0,0,0,0,1,1,0,1,1
crossing,padded_benes,10,B_db_placeholder,template,128,input:w6->padded_benes_16x16_s0_w6_7.in,input:w11->padded_benes_16x16_s0_w10_11.add,693.0,492.0,16.0,236.0,168.0,32.0,112.0,32.0,0,0,0,0,0,0,0,0,0
crossing,padded_benes,10,B_db_placeholder,template,129,input:w6->padded_benes_16x16_s0_w6_7.in,input:w11->padded_benes_16x16_s0_w10_11.add,885.0,536.0,8.0,212.0,148.0,128.0,48.0,48.0,0,0,0,0,1,1,0,1,1
crossing,padded_benes,10,B_db_placeholder,template,130,input:w6->padded_benes_16x16_s0_w6_7.in,input:w12->padded_benes_16x16_s0_w12_13.in,693.0,428.0,16.0,300.0,104.0,88.0,112.0,88.0,0,0,0,0,0,0,0,0,0
crossing,padded_benes,10,B_db_placeholder,template,131,input:w6->padded_benes_16x16_s0_w6_7.in,input:w12->padded_benes_16x16_s0_w12_13.in,885.0,472.0,8.0,148.0,212.0,128.0,40.0,40.0,0,0,0,0,1,1,0,1,1
crossing,padded_benes,10,B_db_placeholder,template,132,input:w6->padded_benes_16x16_s0_w6_7.in,input:w13->padded_benes_16x16_s0_w12_13.add,693.0,364.0,16.0,364.0,40.0,72.0,112.0,40.0,0,0,0,0,0,0,0,0,0
crossing,padded_benes,10,B_db_placeholder,template,133,input:w6->padded_benes_16x16_s0_w6_7.in,input:w13->padded_benes_16x16_s0_w12_13.add,885.0,408.0,8.0,84.0,276.0,128.0,32.0,32.0,0,0,0,0,1,1,0,1,1
crossing,padded_benes,10,B_db_placeholder,template,134,input:w6->padded_benes_16x16_s0_w6_7.in,input:w14->padded_benes_16x16_s0_w14_15.in,885.0,344.0,8.0,20.0,340.0,128.0,24.0,20.0,0,0,0,0,1,1,0,1,1
crossing,padded_benes,10,B_db_placeholder,template,135,input:w6->padded_benes_16x16_s0_w6_7.in,input:w14->padded_benes_16x16_s0_w14_15.in,757.0,324.0,64.0,64.0,128.0,8.0,20.0,8.0,0,0,0,1,0,1,1,0,1
crossing,padded_benes,10,B_db_placeholder,template,136,input:w7->padded_benes_16x16_s0_w6_7.add,input:w8->padded_benes_16x16_s0_w8_9.in,613.0,664.0,20.0,88.0,64.0,340.0,20.0,20.0,0,0,0,0,0,0,0,0,0
crossing,padded_benes,10,B_db_placeholder,template,137,input:w7->padded_benes_16x16_s0_w6_7.add,input:w8->padded_benes_16x16_s0_w8_9.in,957.0,620.0,8.0,64.0,80.0,108.0,296.0,64.0,0,0,0,0,1,1,0,1,1
crossing,padded_benes,10,B_db_placeholder,template,138,input:w7->padded_benes_16x16_s0_w6_7.add,input:w9->padded_benes_16x16_s0_w8_9.add,677.0,620.0,8.0,44.0,360.0,48.0,128.0,44.0,0,0,0,0,1,1,0,1,1
crossing,padded_benes,10,B_db_placeholder,template,139,input:w7->padded_benes_16x16_s0_w6_7.add,input:w9->padded_benes_16x16_s0_w8_9.add,949.0,620.0,8.0,56.0,88.0,44.0,360.0,44.0,0,0,0,0,1,1,0,1,1
crossing,padded_benes,10,B_db_placeholder,template,140,input:w7->padded_benes_16x16_s0_w6_7.add,input:w10->padded_benes_16x16_s0_w10_11.in,677.0,556.0,8.0,108.0,296.0,32.0,128.0,32.0,0,0,0,0,1,1,0,1,1
crossing,padded_benes,10,B_db_placeholder,template,141,input:w7->padded_benes_16x16_s0_w6_7.add,input:w10->padded_benes_16x16_s0_w10_11.in,893.0,600.0,8.0,340.0,20.0,136.0,48.0,20.0,0,0,0,0,1,1,0,1,1
crossing,padded_benes,10,B_db_placeholder,template,142,input:w7->padded_benes_16x16_s0_w6_7.add,input:w11->padded_benes_16x16_s0_w10_11.add,677.0,492.0,16.0,172.0,232.0,16.0,128.0,16.0,0,0,0,0,0,0,0,0,0
crossing,padded_benes,10,B_db_placeholder,template,143,input:w7->padded_benes_16x16_s0_w6_7.add,input:w11->padded_benes_16x16_s0_w10_11.add,893.0,536.0,8.0,276.0,84.0,136.0,40.0,40.0,0,0,0,0,1,1,0,1,1
crossing,padded_benes,10,B_db_placeholder,template,144,input:w7->padded_benes_16x16_s0_w6_7.add,input:w12->padded_benes_16x16_s0_w12_13.in,677.0,428.0,16.0,236.0,168.0,72.0,128.0,72.0,0,0,0,0,0,0,0,0,0
crossing,padded_benes,10,B_db_placeholder,template,145,input:w7->padded_benes_16x16_s0_w6_7.add,input:w12->padded_benes_16x16_s0_w12_13.in,893.0,472.0,8.0,212.0,148.0,136.0,32.0,32.0,0,0,0,0,1,1,0,1,1
crossing,padded_benes,10,B_db_placeholder,template,146,input:w7->padded_benes_16x16_s0_w6_7.add,input:w13->padded_benes_16x16_s0_w12_13.add,677.0,364.0,16.0,300.0,104.0,56.0,128.0,56.0,0,0,0,0,0,0,0,0,0
crossing,padded_benes,10,B_db_placeholder,template,147,input:w7->padded_benes_16x16_s0_w6_7.add,input:w13->padded_benes_16x16_s0_w12_13.add,893.0,408.0,8.0,148.0,212.0,136.0,24.0,24.0,0,0,0,0,1,1,0,1,1
crossing,padded_benes,10,B_db_placeholder,template,148,input:w7->padded_benes_16x16_s0_w6_7.add,input:w14->padded_benes_16x16_s0_w14_15.in,677.0,300.0,16.0,364.0,40.0,40.0,128.0,40.0,0,0,0,0,0,0,0,0,0
crossing,padded_benes,10,B_db_placeholder,template,149,input:w7->padded_benes_16x16_s0_w6_7.add,input:w14->padded_benes_16x16_s0_w14_15.in,893.0,344.0,8.0,84.0,276.0,136.0,16.0,16.0,0,0,0,0,1,1,0,1,1
crossing,padded_benes,10,B_db_placeholder,template,150,input:w7->padded_benes_16x16_s0_w6_7.add,input:w15->padded_benes_16x16_s0_w14_15.add,893.0,280.0,44.721359549995796,20.0,340.0,136.0,8.0,8.0,0,0,0,1,0,1,1,0,1
crossing,padded_benes,10,B_db_placeholder,template,151,input:w7->padded_benes_16x16_s0_w6_7.add,input:w15->padded_benes_16x16_s0_w14_15.add,757.0,260.0,64.0,80.0,136.0,8.0,20.0,8.0,0,0,0,1,0,1,1,0,1
crossing,padded_benes,10,B_db_placeholder,template,152,input:w8->padded_benes_16x16_s0_w8_9.in,input:w9->padded_benes_16x16_s0_w8_9.add,213.0,388.0,24.0,8.0,240.0,52.0,64.0,8.0,0,0,0,1,0,1,1,0,1
crossing,padded_benes,10,B_db_placeholder,template,153,input:w8->padded_benes_16x16_s0_w8_9.in,input:w9->padded_benes_16x16_s0_w8_9.add,1527.0,420.0,74.0,194.0,10.0,20.0,36.0,10.0,0,0,0,0,0,0,1,0,1
crossing,padded_benes,10,B_db_placeholder,template,154,input:w8->padded_benes_16x16_s0_w8_9.in,input:w9->padded_benes_16x16_s0_w8_9.add,61.0,420.0,128.0,29.0,144.0,8.0,20.0,8.0,0,0,0,1,0,1,1,0,1
crossing,padded_benes,10,B_db_placeholder,template,155,input:w8->padded_benes_16x16_s0_w8_9.in,input:w9->padded_benes_16x16_s0_w8_9.add,1453.0,420.0,68.35202996254024,120.0,84.0,8.0,20.0,8.0,0,0,0,1,0,1,1,0,1
crossing,padded_benes,10,B_db_placeholder,template,156,input:w8->padded_benes_16x16_s0_w8_9.in,input:w10->padded_benes_16x16_s0_w10_11.in,461.0,324.0,24.0,8.0,152.0,84.0,128.0,8.0,0,0,0,1,0,1,1,0,1
crossing,padded_benes,10,B_db_placeholder,template,157,input:w8->padded_benes_16x16_s0_w8_9.in,input:w10->padded_benes_16x16_s0_w10_11.in,1333.0,408.0,57.271284253105414,20.0,12.0,112.0,56.0,12.0,0,0,0,0,0,0,1,0,1
crossing,padded_benes,10,B_db_placeholder,template,158,input:w8->padded_benes_16x16_s0_w8_9.in,input:w10->padded_benes_16x16_s0_w10_11.in,293.0,388.0,64.0,88.0,160.0,8.0,20.0,8.0,0,0,0,1,0,1,1,0,1
crossing,padded_benes,10,B_db_placeholder,template,159,input:w8->padded_benes_16x16_s0_w8_9.in,input:w10->padded_benes_16x16_s0_w10_11.in,1221.0,388.0,64.0,120.0,112.0,8.0,20.0,8.0,0,0,0,1,0,1,1,0,1
crossing,padded_benes,10,B_db_placeholder,template,160,input:w8->padded_benes_16x16_s0_w8_9.in,input:w12->padded_benes_16x16_s0_w12_13.in,613.0,428.0,16.0,104.0,256.0,8.0,192.0,8.0,0,0,0,1,0,1,1,0,1
crossing,padded_benes,10,B_db_placeholder,template,161,input:w8->padded_benes_16x16_s0_w8_9.in,input:w12->padded_benes_16x16_s0_w12_13.in,1101.0,344.0,16.0,20.0,44.0,112.0,56.0,20.0,0,0,0,0,0,0,0,0,0
crossing,padded_benes,10,B_db_placeholder,template,162,input:w8->padded_benes_16x16_s0_w8_9.in,input:w12->padded_benes_16x16_s0_w12_13.in,525.0,324.0,64.0,72.0,88.0,8.0,20.0,8.0,0,0,0,1,0,1,1,0,1
crossing,padded_benes,10,B_db_placeholder,template,163,input:w8->padded_benes_16x16_s0_w8_9.in,input:w12->padded_benes_16x16_s0_w12_13.in,989.0,324.0,46.647615158762406,32.0,112.0,8.0,20.0,8.0,0,0,0,1,0,1,1,0,1
crossing,padded_benes,10,B_db_placeholder,template,164,input:w9->padded_benes_16x16_s0_w8_9.add,input:w10->padded_benes_16x16_s0_w10_11.in,213.0,364.0,24.0,76.0,40.0,56.0,128.0,40.0,0,0,0,0,0,0,0,0,0
crossing,padded_benes,10,B_db_placeholder,template,165,input:w9->padded_benes_16x16_s0_w8_9.add,input:w10->padded_benes_16x16_s0_w10_11.in,461.0,260.0,16.0,24.0,168.0,148.0,64.0,24.0,0,0,0,0,0,0,0,0,0
crossing,padded_benes,10,B_db_placeholder,template,166,input:w9->padded_benes_16x16_s0_w8_9.add,input:w10->padded_benes_16x16_s0_w10_11.in,1117.0,324.0,20.0,8.0,224.0,128.0,40.0,8.0,0,0,0,1,0,1,1,0,1
crossing,padded_benes,10,B_db_placeholder,template,167,input:w9->padded_benes_16x16_s0_w8_9.add,input:w10->padded_benes_16x16_s0_w10_11.in,1389.0,396.0,57.271284253105414,48.0,112.0,12.0,104.0,12.0,0,0,0,0,0,0,1,0,1
crossing,padded_benes,10,B_db_placeholder,template,168,input:w9->padded_benes_16x16_s0_w8_9.add,input:w11->padded_benes_16x16_s0_w10_11.add,445.0,260.0,16.0,8.0,184.0,84.0,128.0,8.0,0,0,0,1,0,1,1,0,1
crossing,padded_benes,10,B_db_placeholder,template,169,input:w9->padded_benes_16x16_s0_w8_9.add,input:w11->padded_benes_16x16_s0_w10_11.add,1341.0,344.0,64.4980619863884,20.0,52.0,120.0,40.0,20.0,0,0,0,0,0,0,0,0,0
crossing,padded_benes,10,B_db_placeholder,template,170,input:w9->padded_benes_16x16_s0_w8_9.add,input:w11->padded_benes_16x16_s0_w10_11.add,293.0,324.0,64.0,80.0,144.0,8.0,20.0,8.0,0,0,0,1,0,1,1,0,1
crossing,padded_benes,10,B_db_placeholder,template,171,input:w9->padded_benes_16x16_s0_w8_9.add,input:w11->padded_benes_16x16_s0_w10_11.add,1221.0,324.0,64.0,112.0,120.0,8.0,20.0,8.0,0,0,0,1,0,1,1,0,1
crossing,padded_benes,10,B_db_placeholder,template,172,input:w9->padded_benes_16x16_s0_w8_9.add,input:w12->padded_benes_16x16_s0_w12_13.in,437.0,300.0,8.0,24.0,40.0,24.0,136.0,24.0,0,0,0,0,1,1,0,1,1
crossing,padded_benes,10,B_db_placeholder,template,173,input:w9->padded_benes_16x16_s0_w8_9.add,input:w12->padded_benes_16x16_s0_w12_13.in,629.0,428.0,16.0,168.0,192.0,24.0,176.0,24.0,0,0,0,0,0,0,0,0,0
crossing,padded_benes,10,B_db_placeholder,template,174,input:w9->padded_benes_16x16_s0_w8_9.add,input:w12->padded_benes_16x16_s0_w12_13.in,949.0,300.0,8.0,364.0,40.0,24.0,88.0,24.0,0,0,0,0,1,1,0,1,1
crossing,padded_benes,10,B_db_placeholder,template,175,input:w9->padded_benes_16x16_s0_w8_9.add,input:w12->padded_benes_16x16_s0_w12_13.in,1157.0,324.0,24.0,48.0,184.0,20.0,192.0,20.0,0,0,0,0,0,0,0,0,0
crossing,padded_benes,10,B_db_placeholder,template,176,input:w9->padded_benes_16x16_s0_w8_9.add,input:w13->padded_benes_16x16_s0_w12_13.add,629.0,364.0,16.0,104.0,256.0,8.0,176.0,8.0,0,0,0,1,0,1,1,0,1
crossing,padded_benes,10,B_db_placeholder,template,177,input:w9->padded_benes_16x16_s0_w8_9.add,input:w13->padded_benes_16x16_s0_w12_13.add,1109.0,280.0,8.0,20.0,44.0,120.0,40.0,20.0,0,0,0,0,1,1,0,1,1
crossing,padded_benes,10,B_db_placeholder,template,178,input:w9->padded_benes_16x16_s0_w8_9.add,input:w13->padded_benes_16x16_s0_w12_13.add,525.0,260.0,64.0,88.0,104.0,8.0,20.0,8.0,0,0,0,1,0,1,1,0,1
crossing,padded_benes,10,B_db_placeholder,template,179,input:w9->padded_benes_16x16_s0_w8_9.add,input:w13->padded_benes_16x16_s0_w12_13.add,989.0,260.0,53.665631459994955,40.0,120.0,8.0,20.0,8.0,0,0,0,1,0,1,1,0,1
crossing,padded_benes,10,B_db_placeholder,template,180,input:w10->padded_benes_16x16_s0_w10_11.in,input:w11->padded_benes_16x16_s0_w10_11.add,157.0,312.0,76.4198926981712,20.0,52.0,96.0,40.0,20.0,0,0,0,0,0,0,0,0,0
crossing,padded_benes,10,B_db_placeholder,template,181,input:w10->padded_benes_16x16_s0_w10_11.in,input:w11->padded_benes_16x16_s0_w10_11.add,1527.0,292.0,74.0,138.0,10.0,20.0,36.0,10.0,0,0,0,0,0,0,1,0,1
crossing,padded_benes,10,B_db_placeholder,template,182,input:w10->padded_benes_16x16_s0_w10_11.in,input:w11->padded_benes_16x16_s0_w10_11.add,61.0,292.0,98.0612053770501,29.0,96.0,8.0,20.0,8.0,0,0,0,1,0,1,1,0,1
crossing,padded_benes,10,B_db_placeholder,template,183,input:w10->padded_benes_16x16_s0_w10_11.in,input:w11->padded_benes_16x16_s0_w10_11.add,1453.0,292.0,74.0,64.0,84.0,8.0,20.0,8.0,0,0,0,1,0,1,1,0,1
crossing,padded_benes,10,B_db_placeholder,template,184,input:w10->padded_benes_16x16_s0_w10_11.in,input:w12->padded_benes_16x16_s0_w12_13.in,461.0,300.0,16.0,108.0,104.0,48.0,112.0,48.0,0,0,0,0,0,0,0,0,0
crossing,padded_benes,10,B_db_placeholder,template,185,input:w10->padded_benes_16x16_s0_w10_11.in,input:w12->padded_benes_16x16_s0_w12_13.in,645.0,428.0,16.0,232.0,128.0,40.0,160.0,40.0,0,0,0,0,0,0,0,0,0
crossing,padded_benes,10,B_db_placeholder,template,186,input:w10->padded_benes_16x16_s0_w10_11.in,input:w12->padded_benes_16x16_s0_w12_13.in,941.0,300.0,8.0,300.0,104.0,16.0,96.0,16.0,0,0,0,0,1,1,0,1,1
crossing,padded_benes,10,B_db_placeholder,template,187,input:w10->padded_benes_16x16_s0_w10_11.in,input:w12->padded_benes_16x16_s0_w12_13.in,1117.0,344.0,16.0,148.0,20.0,128.0,40.0,20.0,0,0,0,0,0,0,0,0,0
crossing,padded_benes,10,B_db_placeholder,template,188,input:w10->padded_benes_16x16_s0_w10_11.in,input:w13->padded_benes_16x16_s0_w12_13.add,461.0,236.0,16.0,172.0,40.0,32.0,112.0,32.0,0,0,0,0,0,0,0,0,0
crossing,padded_benes,10,B_db_placeholder,template,189,input:w10->padded_benes_16x16_s0_w10_11.in,input:w13->padded_benes_16x16_s0_w12_13.add,645.0,364.0,16.0,168.0,192.0,24.0,160.0,24.0,0,0,0,0,0,0,0,0,0
crossing,padded_benes,10,B_db_placeholder,template,190,input:w10->padded_benes_16x16_s0_w10_11.in,input:w13->padded_benes_16x16_s0_w12_13.add,941.0,236.0,8.0,364.0,40.0,24.0,96.0,24.0,0,0,0,0,1,1,0,1,1
crossing,padded_benes,10,B_db_placeholder,template,191,input:w10->padded_benes_16x16_s0_w10_11.in,input:w13->padded_benes_16x16_s0_w12_13.add,1117.0,280.0,8.0,84.0,84.0,128.0,32.0,32.0,0,0,0,0,1,1,0,1,1
crossing,padded_benes,10,B_db_placeholder,template,192,input:w10->padded_benes_16x16_s0_w10_11.in,input:w14->padded_benes_16x16_s0_w14_15.in,645.0,300.0,16.0,104.0,256.0,8.0,160.0,8.0,0,0,0,1,0,1,1,0,1
crossing,padded_benes,10,B_db_placeholder,template,193,input:w10->padded_benes_16x16_s0_w10_11.in,input:w14->padded_benes_16x16_s0_w14_15.in,1117.0,216.0,8.0,20.0,148.0,128.0,24.0,20.0,0,0,0,0,1,1,0,1,1
crossing,padded_benes,10,B_db_placeholder,template,194,input:w10->padded_benes_16x16_s0_w10_11.in,input:w14->padded_benes_16x16_s0_w14_15.in,525.0,196.0,64.0,64.0,120.0,8.0,20.0,8.0,0,0,0,1,0,1,1,0,1
crossing,padded_benes,10,B_db_placeholder,template,195,input:w10->padded_benes_16x16_s0_w10_11.in,input:w14->padded_benes_16x16_s0_w14_15.in,989.0,196.0,60.92618484691127,48.0,128.0,8.0,20.0,8.0,0,0,0,1,0,1,1,0,1
crossing,padded_benes,10,B_db_placeholder,template,196,input:w11->padded_benes_16x16_s0_w10_11.add,input:w12->padded_benes_16x16_s0_w12_13.in,445.0,300.0,8.0,44.0,168.0,32.0,128.0,32.0,0,0,0,0,1,1,0,1,1
crossing,padded_benes,10,B_db_placeholder,template,197,input:w11->padded_benes_16x16_s0_w10_11.add,input:w12->padded_benes_16x16_s0_w12_13.in,661.0,428.0,16.0,296.0,64.0,56.0,144.0,56.0,0,0,0,0,0,0,0,0,0
crossing,padded_benes,10,B_db_placeholder,template,198,input:w11->padded_benes_16x16_s0_w10_11.add,input:w12->padded_benes_16x16_s0_w12_13.in,933.0,300.0,8.0,236.0,168.0,8.0,104.0,8.0,0,0,0,1,1,1,1,1,1
crossing,padded_benes,10,B_db_placeholder,template,199,input:w11->padded_benes_16x16_s0_w10_11.add,input:w12->padded_benes_16x16_s0_w12_13.in,1157.0,300.0,24.0,32.0,112.0,44.0,168.0,32.0,0,0,0,0,0,0,0,0,0
crossing,padded_benes,10,B_db_placeholder,template,200,input:w11->padded_benes_16x16_s0_w10_11.add,input:w13->padded_benes_16x16_s0_w12_13.add,445.0,236.0,16.0,108.0,104.0,16.0,128.0,16.0,0,0,0,0,0,0,0,0,0
crossing,padded_benes,10,B_db_placeholder,template,201,input:w11->padded_benes_16x16_s0_w10_11.add,input:w13->padded_benes_16x16_s0_w12_13.add,661.0,364.0,16.0,232.0,128.0,40.0,144.0,40.0,0,0,0,0,0,0,0,0,0
crossing,padded_benes,10,B_db_placeholder,template,202,input:w11->padded_benes_16x16_s0_w10_11.add,input:w13->padded_benes_16x16_s0_w12_13.add,933.0,236.0,8.0,300.0,104.0,16.0,104.0,16.0,0,0,0,0,1,1,0,1,1
crossing,padded_benes,10,B_db_placeholder,template,203,input:w11->padded_benes_16x16_s0_w10_11.add,input:w13->padded_benes_16x16_s0_w12_13.add,1125.0,280.0,8.0,148.0,20.0,136.0,24.0,20.0,0,0,0,0,1,1,0,1,1
crossing,padded_benes,10,B_db_placeholder,template,204,input:w11->padded_benes_16x16_s0_w10_11.add,input:w14->padded_benes_16x16_s0_w14_15.in,445.0,172.0,16.0,172.0,40.0,40.0,128.0,40.0,0,0,0,0,0,0,0,0,0
crossing,padded_benes,10,B_db_placeholder,template,205,input:w11->padded_benes_16x16_s0_w10_11.add,input:w14->padded_benes_16x16_s0_w14_15.in,661.0,300.0,16.0,168.0,192.0,24.0,144.0,24.0,0,0,0,0,0,0,0,0,0
crossing,padded_benes,10,B_db_placeholder,template,206,input:w11->padded_benes_16x16_s0_w10_11.add,input:w14->padded_benes_16x16_s0_w14_15.in,933.0,172.0,60.92618484691127,364.0,40.0,24.0,104.0,24.0,0,0,0,0,0,0,0,0,0
crossing,padded_benes,10,B_db_placeholder,template,207,input:w11->padded_benes_16x16_s0_w10_11.add,input:w14->padded_benes_16x16_s0_w14_15.in,1125.0,216.0,8.0,84.0,84.0,136.0,16.0,16.0,0,0,0,0,1,1,0,1,1
crossing,padded_benes,10,B_db_placeholder,template,208,input:w11->padded_benes_16x16_s0_w10_11.add,input:w15->padded_benes_16x16_s0_w14_15.add,661.0,236.0,64.0,104.0,256.0,8.0,144.0,8.0,0,0,0,1,0,1,1,0,1
crossing,padded_benes,10,B_db_placeholder,template,209,input:w11->padded_benes_16x16_s0_w10_11.add,input:w15->padded_benes_16x16_s0_w14_15.add,1125.0,152.0,50.11985634456667,20.0,148.0,136.0,8.0,8.0,0,0,0,1,0,1,1,0,1
crossing,padded_benes,10,B_db_placeholder,template,210,input:w11->padded_benes_16x16_s0_w10_11.add,input:w15->padded_benes_16x16_s0_w14_15.add,525.0,132.0,64.0,80.0,136.0,8.0,20.0,8.0,0,0,0,1,0,1,1,0,1
crossing,padded_benes,10,B_db_placeholder,template,211,input:w11->padded_benes_16x16_s0_w10_11.add,input:w15->padded_benes_16x16_s0_w14_15.add,989.0,132.0,64.0,56.0,136.0,8.0,20.0,8.0,0,0,0,1,0,1,1,0,1
crossing,padded_benes,10,B_db_placeholder,template,212,input:w12->padded_benes_16x16_s0_w12_13.in,input:w13->padded_benes_16x16_s0_w12_13.add,189.0,132.0,24.0,8.0,224.0,52.0,64.0,8.0,0,0,0,1,0,1,1,0,1
crossing,padded_benes,10,B_db_placeholder,template,213,input:w12->padded_benes_16x16_s0_w12_13.in,input:w13->padded_benes_16x16_s0_w12_13.add,1527.0,164.0,74.0,178.0,10.0,20.0,36.0,10.0,0,0,0,0,0,0,1,0,1
crossing,padded_benes,10,B_db_placeholder,template,214,input:w12->padded_benes_16x16_s0_w12_13.in,input:w13->padded_benes_16x16_s0_w12_13.add,61.0,164.0,128.0,29.0,120.0,8.0,20.0,8.0,0,0,0,1,0,1,1,0,1
crossing,padded_benes,10,B_db_placeholder,template,215,input:w12->padded_benes_16x16_s0_w12_13.in,input:w13->padded_benes_16x16_s0_w12_13.add,1453.0,164.0,74.0,104.0,84.0,8.0,20.0,8.0,0,0,0,1,0,1,1,0,1
crossing,padded_benes,10,B_db_placeholder,template,216,input:w12->padded_benes_16x16_s0_w12_13.in,input:w14->padded_benes_16x16_s0_w14_15.in,413.0,172.0,16.0,40.0,128.0,8.0,160.0,8.0,0,0,0,1,0,1,1,0,1
crossing,padded_benes,10,B_db_placeholder,template,217,input:w12->padded_benes_16x16_s0_w12_13.in,input:w14->padded_benes_16x16_s0_w14_15.in,1349.0,152.0,26.832815729997478,20.0,12.0,128.0,24.0,12.0,0,0,0,0,0,0,1,0,1
crossing,padded_benes,10,B_db_placeholder,template,218,input:w12->padded_benes_16x16_s0_w12_13.in,input:w14->padded_benes_16x16_s0_w14_15.in,293.0,132.0,64.0,112.0,120.0,8.0,20.0,8.0,0,0,0,1,0,1,1,0,1
crossing,padded_benes,10,B_db_placeholder,template,219,input:w12->padded_benes_16x16_s0_w12_13.in,input:w14->padded_benes_16x16_s0_w14_15.in,1221.0,132.0,64.0,64.0,128.0,8.0,20.0,8.0,0,0,0,1,0,1,1,0,1
crossing,padded_benes,10,B_db_placeholder,template,220,input:w13->padded_benes_16x16_s0_w12_13.add,input:w14->padded_benes_16x16_s0_w14_15.in,189.0,108.0,24.0,76.0,40.0,24.0,152.0,24.0,0,0,0,0,0,0,0,0,0
crossing,padded_benes,10,B_db_placeholder,template,221,input:w13->padded_benes_16x16_s0_w12_13.add,input:w14->padded_benes_16x16_s0_w14_15.in,429.0,172.0,16.0,104.0,64.0,24.0,144.0,24.0,0,0,0,0,0,0,0,0,0
crossing,padded_benes,10,B_db_placeholder,template,222,input:w13->padded_benes_16x16_s0_w12_13.add,input:w14->padded_benes_16x16_s0_w14_15.in,1149.0,108.0,50.11985634456667,172.0,40.0,8.0,120.0,8.0,0,0,0,1,0,1,1,0,1
crossing,padded_benes,10,B_db_placeholder,template,223,input:w13->padded_benes_16x16_s0_w12_13.add,input:w14->padded_benes_16x16_s0_w14_15.in,1373.0,140.0,26.832815729997478,16.0,128.0,12.0,104.0,12.0,0,0,0,0,0,0,1,0,1
crossing,padded_benes,10,B_db_placeholder,template,224,input:w13->padded_benes_16x16_s0_w12_13.add,input:w15->padded_benes_16x16_s0_w14_15.add,429.0,108.0,64.0,40.0,128.0,8.0,144.0,8.0,0,0,0,1,0,1,1,0,1
crossing,padded_benes,10,B_db_placeholder,template,225,input:w13->padded_benes_16x16_s0_w12_13.add,input:w15->padded_benes_16x16_s0_w14_15.add,1357.0,88.0,54.405882034941776,20.0,52.0,136.0,8.0,8.0,0,0,0,1,0,1,1,0,1
crossing,padded_benes,10,B_db_placeholder,template,226,input:w13->padded_benes_16x16_s0_w12_13.add,input:w15->padded_benes_16x16_s0_w14_15.add,293.0,68.0,64.0,104.0,136.0,8.0,20.0,8.0,0,0,0,1,0,1,1,0,1
crossing,padded_benes,10,B_db_placeholder,template,227,input:w13->padded_benes_16x16_s0_w12_13.add,input:w15->padded_benes_16x16_s0_w14_15.add,1221.0,68.0,64.0,72.0,136.0,8.0,20.0,8.0,0,0,0,1,0,1,1,0,1
crossing,padded_benes,10,B_db_placeholder,template,228,input:w14->padded_benes_16x16_s0_w14_15.in,input:w15->padded_benes_16x16_s0_w14_15.add,165.0,56.0,57.271284253105414,20.0,52.0,104.0,8.0,8.0,0,0,0,1,0,1,1,0,1
crossing,padded_benes,10,B_db_placeholder,template,229,input:w14->padded_benes_16x16_s0_w14_15.in,input:w15->padded_benes_16x16_s0_w14_15.add,1527.0,36.0,74.0,154.0,10.0,20.0,36.0,10.0,0,0,0,0,0,0,1,0,1
crossing,padded_benes,10,B_db_placeholder,template,230,input:w14->padded_benes_16x16_s0_w14_15.in,input:w15->padded_benes_16x16_s0_w14_15.add,61.0,36.0,105.90561835898981,29.0,104.0,8.0,20.0,8.0,0,0,0,1,0,1,1,0,1
crossing,padded_benes,10,B_db_placeholder,template,231,input:w14->padded_benes_16x16_s0_w14_15.in,input:w15->padded_benes_16x16_s0_w14_15.add,1453.0,36.0,74.0,80.0,84.0,8.0,20.0,8.0,0,0,0,1,0,1,1,0,1
crossing,padded_benes,10,C_db_realistic,template,0,input:w0->padded_benes_16x16_s0_w0_1.in,input:w1->padded_benes_16x16_s0_w0_1.add,261.0,900.0,24.0,8.0,224.0,52.0,64.0,8.0,0,0,0,1,0,1,1,0,1
crossing,padded_benes,10,C_db_realistic,template,1,input:w0->padded_benes_16x16_s0_w0_1.in,input:w1->padded_benes_16x16_s0_w0_1.add,1527.0,932.0,74.0,226.0,10.0,20.0,36.0,10.0,0,0,0,0,0,0,1,0,1
crossing,padded_benes,10,C_db_realistic,template,2,input:w0->padded_benes_16x16_s0_w0_1.in,input:w1->padded_benes_16x16_s0_w0_1.add,61.0,932.0,128.0,29.0,192.0,8.0,20.0,8.0,0,0,0,1,0,1,1,0,1
crossing,padded_benes,10,C_db_realistic,template,3,input:w0->padded_benes_16x16_s0_w0_1.in,input:w1->padded_benes_16x16_s0_w0_1.add,1453.0,932.0,40.0,152.0,84.0,8.0,20.0,8.0,0,0,0,1,0,1,1,0,1
crossing,padded_benes,10,C_db_realistic,template,4,input:w0->padded_benes_16x16_s0_w0_1.in,input:w2->padded_benes_16x16_s0_w2_3.in,493.0,836.0,24.0,8.0,224.0,84.0,128.0,8.0,0,0,0,1,0,1,1,0,1
crossing,padded_benes,10,C_db_realistic,template,5,input:w0->padded_benes_16x16_s0_w0_1.in,input:w2->padded_benes_16x16_s0_w2_3.in,1301.0,920.0,64.4980619863884,20.0,12.0,80.0,120.0,12.0,0,0,0,0,0,0,1,0,1
crossing,padded_benes,10,C_db_realistic,template,6,input:w0->padded_benes_16x16_s0_w0_1.in,input:w2->padded_benes_16x16_s0_w2_3.in,293.0,900.0,32.0,40.0,192.0,8.0,20.0,8.0,0,0,0,1,0,1,1,0,1
crossing,padded_benes,10,C_db_realistic,template,7,input:w0->padded_benes_16x16_s0_w0_1.in,input:w2->padded_benes_16x16_s0_w2_3.in,1221.0,900.0,64.0,152.0,80.0,8.0,20.0,8.0,0,0,0,1,0,1,1,0,1
crossing,padded_benes,10,C_db_realistic,template,8,input:w0->padded_benes_16x16_s0_w0_1.in,input:w4->padded_benes_16x16_s0_w4_5.in,725.0,708.0,24.0,8.0,112.0,148.0,256.0,8.0,0,0,0,1,0,1,1,0,1
crossing,padded_benes,10,C_db_realistic,template,9,input:w0->padded_benes_16x16_s0_w0_1.in,input:w4->padded_benes_16x16_s0_w4_5.in,1069.0,856.0,16.0,20.0,44.0,80.0,120.0,20.0,0,0,0,0,0,0,0,0,0
crossing,padded_benes,10,C_db_realistic,template,10,input:w0->padded_benes_16x16_s0_w0_1.in,input:w4->padded_benes_16x16_s0_w4_5.in,525.0,836.0,32.0,40.0,192.0,8.0,20.0,8.0,0,0,0,1,0,1,1,0,1
crossing,padded_benes,10,C_db_realistic,template,11,input:w0->padded_benes_16x16_s0_w0_1.in,input:w4->padded_benes_16x16_s0_w4_5.in,989.0,836.0,64.0,152.0,80.0,8.0,20.0,8.0,0,0,0,1,0,1,1,0,1
crossing,padded_benes,10,C_db_realistic,template,12,input:w0->padded_benes_16x16_s0_w0_1.in,input:w8->padded_benes_16x16_s0_w8_9.in,837.0,728.0,8.0,20.0,108.0,80.0,120.0,20.0,0,0,0,0,1,1,0,1,1
crossing,padded_benes,10,C_db_realistic,template,13,input:w0->padded_benes_16x16_s0_w0_1.in,input:w8->padded_benes_16x16_s0_w8_9.in,757.0,708.0,32.0,40.0,80.0,8.0,20.0,8.0,0,0,0,1,0,1,1,0,1
crossing,padded_benes,10,C_db_realistic,template,14,input:w1->padded_benes_16x16_s0_w0_1.add,input:w2->padded_benes_16x16_s0_w2_3.in,261.0,876.0,24.0,76.0,40.0,120.0,80.0,40.0,0,0,0,0,0,0,0,0,0
crossing,padded_benes,10,C_db_realistic,template,15,input:w1->padded_benes_16x16_s0_w0_1.add,input:w2->padded_benes_16x16_s0_w2_3.in,493.0,772.0,16.0,24.0,208.0,148.0,64.0,24.0,0,0,0,0,0,0,0,0,0
crossing,padded_benes,10,C_db_realistic,template,16,input:w1->padded_benes_16x16_s0_w0_1.add,input:w2->padded_benes_16x16_s0_w2_3.in,1085.0,836.0,20.0,8.0,224.0,128.0,40.0,8.0,0,0,0,1,0,1,1,0,1
crossing,padded_benes,10,C_db_realistic,template,17,input:w1->padded_benes_16x16_s0_w0_1.add,input:w2->padded_benes_16x16_s0_w2_3.in,1421.0,908.0,40.0,112.0,80.0,12.0,104.0,12.0,0,0,0,0,0,0,1,0,1
crossing,padded_benes,10,C_db_realistic,template,18,input:w1->padded_benes_16x16_s0_w0_1.add,input:w3->padded_benes_16x16_s0_w2_3.add,477.0,772.0,16.0,8.0,224.0,84.0,128.0,8.0,0,0,0,1,0,1,1,0,1
crossing,padded_benes,10,C_db_realistic,template,19,input:w1->padded_benes_16x16_s0_w0_1.add,input:w3->padded_benes_16x16_s0_w2_3.add,1309.0,856.0,64.4980619863884,20.0,52.0,88.0,104.0,20.0,0,0,0,0,0,0,0,0,0
crossing,padded_benes,10,C_db_realistic,template,20,input:w1->padded_benes_16x16_s0_w0_1.add,input:w3->padded_benes_16x16_s0_w2_3.add,293.0,836.0,51.22499389946279,32.0,176.0,8.0,20.0,8.0,0,0,0,1,0,1,1,0,1
crossing,padded_benes,10,C_db_realistic,template,21,input:w1->padded_benes_16x16_s0_w0_1.add,input:w3->padded_benes_16x16_s0_w2_3.add,1221.0,836.0,32.0,144.0,88.0,8.0,20.0,8.0,0,0,0,1,0,1,1,0,1
crossing,padded_benes,10,C_db_realistic,template,22,input:w1->padded_benes_16x16_s0_w0_1.add,input:w4->padded_benes_16x16_s0_w4_5.in,469.0,812.0,8.0,24.0,40.0,88.0,104.0,24.0,0,0,0,0,1,1,0,1,1
crossing,padded_benes,10,C_db_realistic,template,23,input:w1->padded_benes_16x16_s0_w0_1.add,input:w4->padded_benes_16x16_s0_w4_5.in,725.0,644.0,16.0,24.0,120.0,212.0,192.0,24.0,0,0,0,0,0,0,0,0,0
crossing,padded_benes,10,C_db_realistic,template,24,input:w1->padded_benes_16x16_s0_w0_1.add,input:w4->padded_benes_16x16_s0_w4_5.in,869.0,772.0,44.0,24.0,208.0,320.0,40.0,24.0,0,0,0,0,0,0,0,0,0
crossing,padded_benes,10,C_db_realistic,template,25,input:w1->padded_benes_16x16_s0_w0_1.add,input:w4->padded_benes_16x16_s0_w4_5.in,1189.0,836.0,24.0,112.0,120.0,20.0,192.0,20.0,0,0,0,0,0,0,0,0,0
crossing,padded_benes,10,C_db_realistic,template,26,input:w1->padded_benes_16x16_s0_w0_1.add,input:w5->padded_benes_16x16_s0_w4_5.add,709.0,644.0,16.0,8.0,136.0,148.0,256.0,8.0,0,0,0,1,0,1,1,0,1
crossing,padded_benes,10,C_db_realistic,template,27,input:w1->padded_benes_16x16_s0_w0_1.add,input:w5->padded_benes_16x16_s0_w4_5.add,1077.0,792.0,8.0,20.0,44.0,88.0,104.0,20.0,0,0,0,0,1,1,0,1,1
crossing,padded_benes,10,C_db_realistic,template,28,input:w1->padded_benes_16x16_s0_w0_1.add,input:w5->padded_benes_16x16_s0_w4_5.add,525.0,772.0,32.0,56.0,176.0,8.0,20.0,8.0,0,0,0,1,0,1,1,0,1
crossing,padded_benes,10,C_db_realistic,template,29,input:w1->padded_benes_16x16_s0_w0_1.add,input:w5->padded_benes_16x16_s0_w4_5.add,989.0,772.0,64.0,144.0,88.0,8.0,20.0,8.0,0,0,0,1,0,1,1,0,1
crossing,padded_benes,10,C_db_realistic,template,30,input:w1->padded_benes_16x16_s0_w0_1.add,input:w8->padded_benes_16x16_s0_w8_9.in,701.0,684.0,8.0,88.0,40.0,88.0,104.0,40.0,0,0,0,0,1,1,0,1,1
crossing,padded_benes,10,C_db_realistic,template,31,input:w1->padded_benes_16x16_s0_w0_1.add,input:w8->padded_benes_16x16_s0_w8_9.in,845.0,728.0,8.0,84.0,44.0,88.0,112.0,44.0,0,0,0,0,1,1,0,1,1
crossing,padded_benes,10,C_db_realistic,template,32,input:w1->padded_benes_16x16_s0_w0_1.add,input:w9->padded_benes_16x16_s0_w8_9.add,845.0,664.0,8.0,20.0,108.0,88.0,104.0,20.0,0,0,0,0,1,1,0,1,1
crossing,padded_benes,10,C_db_realistic,template,33,input:w1->padded_benes_16x16_s0_w0_1.add,input:w9->padded_benes_16x16_s0_w8_9.add,757.0,644.0,32.0,56.0,88.0,8.0,20.0,8.0,0,0,0,1,0,1,1,0,1
crossing,padded_benes,10,C_db_realistic,template,34,input:w2->padded_benes_16x16_s0_w2_3.in,input:w3->padded_benes_16x16_s0_w2_3.add,141.0,824.0,82.46211251235322,20.0,52.0,80.0,104.0,20.0,0,0,0,0,0,0,0,0,0
crossing,padded_benes,10,C_db_realistic,template,35,input:w2->padded_benes_16x16_s0_w2_3.in,input:w3->padded_benes_16x16_s0_w2_3.add,1527.0,804.0,74.0,106.0,10.0,20.0,36.0,10.0,0,0,0,0,0,0,1,0,1
crossing,padded_benes,10,C_db_realistic,template,36,input:w2->padded_benes_16x16_s0_w2_3.in,input:w3->padded_benes_16x16_s0_w2_3.add,61.0,804.0,82.46211251235322,29.0,80.0,8.0,20.0,8.0,0,0,0,1,0,1,1,0,1
crossing,padded_benes,10,C_db_realistic,template,37,input:w2->padded_benes_16x16_s0_w2_3.in,input:w3->padded_benes_16x16_s0_w2_3.add,1453.0,804.0,74.0,32.0,84.0,8.0,20.0,8.0,0,0,0,1,0,1,1,0,1
crossing,padded_benes,10,C_db_realistic,template,38,input:w2->padded_benes_16x16_s0_w2_3.in,input:w4->padded_benes_16x16_s0_w4_5.in,493.0,812.0,16.0,108.0,104.0,112.0,80.0,80.0,0,0,0,0,0,0,0,0,0
crossing,padded_benes,10,C_db_realistic,template,39,input:w2->padded_benes_16x16_s0_w2_3.in,input:w4->padded_benes_16x16_s0_w4_5.in,725.0,580.0,16.0,40.0,128.0,276.0,128.0,40.0,0,0,0,0,0,0,0,0,0
crossing,padded_benes,10,C_db_realistic,template,40,input:w2->padded_benes_16x16_s0_w2_3.in,input:w4->padded_benes_16x16_s0_w4_5.in,869.0,708.0,8.0,16.0,216.0,256.0,104.0,16.0,0,0,0,0,1,1,0,1,1
crossing,padded_benes,10,C_db_realistic,template,41,input:w2->padded_benes_16x16_s0_w2_3.in,input:w4->padded_benes_16x16_s0_w4_5.in,1085.0,856.0,16.0,148.0,20.0,96.0,104.0,20.0,0,0,0,0,0,0,0,0,0
crossing,padded_benes,10,C_db_realistic,template,42,input:w2->padded_benes_16x16_s0_w2_3.in,input:w5->padded_benes_16x16_s0_w4_5.add,493.0,748.0,16.0,172.0,40.0,96.0,80.0,40.0,0,0,0,0,0,0,0,0,0
crossing,padded_benes,10,C_db_realistic,template,43,input:w2->padded_benes_16x16_s0_w2_3.in,input:w5->padded_benes_16x16_s0_w4_5.add,709.0,580.0,16.0,24.0,144.0,212.0,192.0,24.0,0,0,0,0,0,0,0,0,0
crossing,padded_benes,10,C_db_realistic,template,44,input:w2->padded_benes_16x16_s0_w2_3.in,input:w5->padded_benes_16x16_s0_w4_5.add,877.0,708.0,8.0,24.0,208.0,320.0,40.0,24.0,0,0,0,0,1,1,0,1,1
crossing,padded_benes,10,C_db_realistic,template,45,input:w2->padded_benes_16x16_s0_w2_3.in,input:w5->padded_benes_16x16_s0_w4_5.add,1085.0,792.0,8.0,84.0,84.0,96.0,96.0,84.0,0,0,0,0,1,1,0,1,1
crossing,padded_benes,10,C_db_realistic,template,46,input:w2->padded_benes_16x16_s0_w2_3.in,input:w6->padded_benes_16x16_s0_w6_7.in,693.0,580.0,16.0,8.0,160.0,148.0,256.0,8.0,0,0,0,1,0,1,1,0,1
crossing,padded_benes,10,C_db_realistic,template,47,input:w2->padded_benes_16x16_s0_w2_3.in,input:w6->padded_benes_16x16_s0_w6_7.in,1085.0,728.0,8.0,20.0,148.0,96.0,88.0,20.0,0,0,0,0,1,1,0,1,1
crossing,padded_benes,10,C_db_realistic,template,48,input:w2->padded_benes_16x16_s0_w2_3.in,input:w6->padded_benes_16x16_s0_w6_7.in,525.0,708.0,51.22499389946279,32.0,160.0,8.0,20.0,8.0,0,0,0,1,0,1,1,0,1
crossing,padded_benes,10,C_db_realistic,template,49,input:w2->padded_benes_16x16_s0_w2_3.in,input:w6->padded_benes_16x16_s0_w6_7.in,989.0,708.0,32.0,136.0,96.0,8.0,20.0,8.0,0,0,0,1,0,1,1,0,1
crossing,padded_benes,10,C_db_realistic,template,50,input:w2->padded_benes_16x16_s0_w2_3.in,input:w8->padded_benes_16x16_s0_w8_9.in,685.0,684.0,8.0,24.0,104.0,72.0,120.0,24.0,0,0,0,0,1,1,0,1,1
crossing,padded_benes,10,C_db_realistic,template,51,input:w2->padded_benes_16x16_s0_w2_3.in,input:w8->padded_benes_16x16_s0_w8_9.in,957.0,708.0,24.0,104.0,128.0,20.0,384.0,20.0,0,0,0,0,0,0,0,0,0
crossing,padded_benes,10,C_db_realistic,template,52,input:w2->padded_benes_16x16_s0_w2_3.in,input:w9->padded_benes_16x16_s0_w8_9.add,685.0,620.0,8.0,88.0,40.0,56.0,120.0,40.0,0,0,0,0,1,1,0,1,1
crossing,padded_benes,10,C_db_realistic,template,53,input:w2->padded_benes_16x16_s0_w2_3.in,input:w9->padded_benes_16x16_s0_w8_9.add,853.0,664.0,8.0,84.0,44.0,96.0,96.0,44.0,0,0,0,0,1,1,0,1,1
crossing,padded_benes,10,C_db_realistic,template,54,input:w2->padded_benes_16x16_s0_w2_3.in,input:w10->padded_benes_16x16_s0_w10_11.in,853.0,600.0,8.0,20.0,108.0,96.0,88.0,20.0,0,0,0,0,1,1,0,1,1
crossing,padded_benes,10,C_db_realistic,template,55,input:w2->padded_benes_16x16_s0_w2_3.in,input:w10->padded_benes_16x16_s0_w10_11.in,757.0,580.0,32.0,72.0,96.0,8.0,20.0,8.0,0,0,0,1,0,1,1,0,1
crossing,padded_benes,10,C_db_realistic,template,56,input:w3->padded_benes_16x16_s0_w2_3.add,input:w4->padded_benes_16x16_s0_w4_5.in,477.0,812.0,8.0,44.0,168.0,96.0,96.0,44.0,0,0,0,0,1,1,0,1,1
crossing,padded_benes,10,C_db_realistic,template,57,input:w3->padded_benes_16x16_s0_w2_3.add,input:w4->padded_benes_16x16_s0_w4_5.in,725.0,516.0,16.0,56.0,136.0,340.0,64.0,56.0,0,0,0,0,0,0,0,0,0
crossing,padded_benes,10,C_db_realistic,template,58,input:w3->padded_benes_16x16_s0_w2_3.add,input:w4->padded_benes_16x16_s0_w4_5.in,869.0,644.0,8.0,8.0,224.0,192.0,168.0,8.0,0,0,0,1,1,1,1,1,1
crossing,padded_benes,10,C_db_realistic,template,59,input:w3->padded_benes_16x16_s0_w2_3.add,input:w4->padded_benes_16x16_s0_w4_5.in,1189.0,812.0,24.0,96.0,80.0,44.0,168.0,44.0,0,0,0,0,0,0,0,0,0
crossing,padded_benes,10,C_db_realistic,template,60,input:w3->padded_benes_16x16_s0_w2_3.add,input:w5->padded_benes_16x16_s0_w4_5.add,477.0,748.0,16.0,108.0,104.0,80.0,96.0,80.0,0,0,0,0,0,0,0,0,0
crossing,padded_benes,10,C_db_realistic,template,61,input:w3->padded_benes_16x16_s0_w2_3.add,input:w5->padded_benes_16x16_s0_w4_5.add,709.0,516.0,16.0,40.0,152.0,276.0,128.0,40.0,0,0,0,0,0,0,0,0,0
crossing,padded_benes,10,C_db_realistic,template,62,input:w3->padded_benes_16x16_s0_w2_3.add,input:w5->padded_benes_16x16_s0_w4_5.add,877.0,644.0,8.0,16.0,216.0,256.0,104.0,16.0,0,0,0,0,1,1,0,1,1
crossing,padded_benes,10,C_db_realistic,template,63,input:w3->padded_benes_16x16_s0_w2_3.add,input:w5->padded_benes_16x16_s0_w4_5.add,1093.0,792.0,8.0,148.0,20.0,104.0,88.0,20.0,0,0,0,0,1,1,0,1,1
crossing,padded_benes,10,C_db_realistic,template,64,input:w3->padded_benes_16x16_s0_w2_3.add,input:w6->padded_benes_16x16_s0_w6_7.in,477.0,684.0,53.665631459994955,172.0,40.0,104.0,96.0,40.0,0,0,0,0,0,0,0,0,0
crossing,padded_benes,10,C_db_realistic,template,65,input:w3->padded_benes_16x16_s0_w2_3.add,input:w6->padded_benes_16x16_s0_w6_7.in,693.0,516.0,16.0,24.0,168.0,212.0,192.0,24.0,0,0,0,0,0,0,0,0,0
crossing,padded_benes,10,C_db_realistic,template,66,input:w3->padded_benes_16x16_s0_w2_3.add,input:w6->padded_benes_16x16_s0_w6_7.in,885.0,644.0,8.0,24.0,208.0,320.0,40.0,24.0,0,0,0,0,1,1,0,1,1
crossing,padded_benes,10,C_db_realistic,template,67,input:w3->padded_benes_16x16_s0_w2_3.add,input:w6->padded_benes_16x16_s0_w6_7.in,1093.0,728.0,8.0,84.0,84.0,104.0,80.0,80.0,0,0,0,0,1,1,0,1,1
crossing,padded_benes,10,C_db_realistic,template,68,input:w3->padded_benes_16x16_s0_w2_3.add,input:w7->padded_benes_16x16_s0_w6_7.add,677.0,516.0,16.0,8.0,184.0,148.0,256.0,8.0,0,0,0,1,0,1,1,0,1
crossing,padded_benes,10,C_db_realistic,template,69,input:w3->padded_benes_16x16_s0_w2_3.add,input:w7->padded_benes_16x16_s0_w6_7.add,1093.0,664.0,64.0,20.0,148.0,104.0,72.0,20.0,0,0,0,0,0,0,0,0,0
crossing,padded_benes,10,C_db_realistic,template,70,input:w3->padded_benes_16x16_s0_w2_3.add,input:w7->padded_benes_16x16_s0_w6_7.add,525.0,644.0,62.48199740725323,48.0,144.0,8.0,20.0,8.0,0,0,0,1,0,1,1,0,1
crossing,padded_benes,10,C_db_realistic,template,71,input:w3->padded_benes_16x16_s0_w2_3.add,input:w7->padded_benes_16x16_s0_w6_7.add,989.0,644.0,32.0,128.0,104.0,8.0,20.0,8.0,0,0,0,1,0,1,1,0,1
crossing,padded_benes,10,C_db_realistic,template,72,input:w3->padded_benes_16x16_s0_w2_3.add,input:w8->padded_benes_16x16_s0_w8_9.in,613.0,644.0,20.0,136.0,56.0,320.0,40.0,40.0,0,0,0,0,0,0,0,0,0
crossing,padded_benes,10,C_db_realistic,template,73,input:w3->padded_benes_16x16_s0_w2_3.add,input:w8->padded_benes_16x16_s0_w8_9.in,957.0,644.0,8.0,96.0,136.0,84.0,320.0,84.0,0,0,0,0,1,1,0,1,1
crossing,padded_benes,10,C_db_realistic,template,74,input:w3->padded_benes_16x16_s0_w2_3.add,input:w9->padded_benes_16x16_s0_w8_9.add,669.0,620.0,8.0,24.0,104.0,40.0,136.0,24.0,0,0,0,0,1,1,0,1,1
crossing,padded_benes,10,C_db_realistic,template,75,input:w3->padded_benes_16x16_s0_w2_3.add,input:w9->padded_benes_16x16_s0_w8_9.add,949.0,644.0,8.0,88.0,144.0,20.0,384.0,20.0,0,0,0,0,1,1,0,1,1
crossing,padded_benes,10,C_db_realistic,template,76,input:w3->padded_benes_16x16_s0_w2_3.add,input:w10->padded_benes_16x16_s0_w10_11.in,669.0,556.0,8.0,88.0,40.0,24.0,136.0,24.0,0,0,0,0,1,1,0,1,1
crossing,padded_benes,10,C_db_realistic,template,77,input:w3->padded_benes_16x16_s0_w2_3.add,input:w10->padded_benes_16x16_s0_w10_11.in,861.0,600.0,8.0,84.0,44.0,104.0,80.0,44.0,0,0,0,0,1,1,0,1,1
crossing,padded_benes,10,C_db_realistic,template,78,input:w3->padded_benes_16x16_s0_w2_3.add,input:w11->padded_benes_16x16_s0_w10_11.add,861.0,536.0,8.0,20.0,108.0,104.0,72.0,20.0,0,0,0,0,1,1,0,1,1
crossing,padded_benes,10,C_db_realistic,template,79,input:w3->padded_benes_16x16_s0_w2_3.add,input:w11->padded_benes_16x16_s0_w10_11.add,757.0,516.0,32.0,88.0,104.0,8.0,20.0,8.0,0,0,0,1,0,1,1,0,1
crossing,padded_benes,10,C_db_realistic,template,80,input:w4->padded_benes_16x16_s0_w4_5.in,input:w5->padded_benes_16x16_s0_w4_5.add,237.0,644.0,24.0,8.0,144.0,52.0,64.0,8.0,0,0,0,1,0,1,1,0,1
crossing,padded_benes,10,C_db_realistic,template,81,input:w4->padded_benes_16x16_s0_w4_5.in,input:w5->padded_benes_16x16_s0_w4_5.add,1527.0,676.0,74.0,210.0,10.0,20.0,36.0,10.0,0,0,0,0,0,0,1,0,1
crossing,padded_benes,10,C_db_realistic,template,82,input:w4->padded_benes_16x16_s0_w4_5.in,input:w5->padded_benes_16x16_s0_w4_5.add,61.0,676.0,128.0,29.0,168.0,8.0,20.0,8.0,0,0,0,1,0,1,1,0,1
crossing,padded_benes,10,C_db_realistic,template,83,input:w4->padded_benes_16x16_s0_w4_5.in,input:w5->padded_benes_16x16_s0_w4_5.add,1453.0,676.0,53.665631459994955,136.0,84.0,8.0,20.0,8.0,0,0,0,1,0,1,1,0,1
crossing,padded_benes,10,C_db_realistic,template,84,input:w4->padded_benes_16x16_s0_w4_5.in,input:w6->padded_benes_16x16_s0_w6_7.in,381.0,684.0,16.0,40.0,128.0,8.0,192.0,8.0,0,0,0,1,0,1,1,0,1
crossing,padded_benes,10,C_db_realistic,template,85,input:w4->padded_benes_16x16_s0_w4_5.in,input:w6->padded_benes_16x16_s0_w6_7.in,1317.0,664.0,64.4980619863884,20.0,12.0,96.0,88.0,12.0,0,0,0,0,0,0,1,0,1
crossing,padded_benes,10,C_db_realistic,template,86,input:w4->padded_benes_16x16_s0_w4_5.in,input:w6->padded_benes_16x16_s0_w6_7.in,293.0,644.0,56.0,64.0,88.0,8.0,20.0,8.0,0,0,0,1,0,1,1,0,1
crossing,padded_benes,10,C_db_realistic,template,87,input:w4->padded_benes_16x16_s0_w4_5.in,input:w6->padded_benes_16x16_s0_w6_7.in,1221.0,644.0,46.647615158762406,32.0,96.0,8.0,20.0,8.0,0,0,0,1,0,1,1,0,1
crossing,padded_benes,10,C_db_realistic,template,88,input:w4->padded_benes_16x16_s0_w4_5.in,input:w8->padded_benes_16x16_s0_w8_9.in,725.0,684.0,16.0,172.0,232.0,112.0,80.0,80.0,0,0,0,0,0,0,0,0,0
crossing,padded_benes,10,C_db_realistic,template,89,input:w4->padded_benes_16x16_s0_w4_5.in,input:w8->padded_benes_16x16_s0_w8_9.in,869.0,728.0,8.0,276.0,84.0,112.0,88.0,84.0,0,0,0,0,1,1,0,1,1
crossing,padded_benes,10,C_db_realistic,template,90,input:w4->padded_benes_16x16_s0_w4_5.in,input:w9->padded_benes_16x16_s0_w8_9.add,725.0,620.0,16.0,236.0,168.0,96.0,80.0,80.0,0,0,0,0,0,0,0,0,0
crossing,padded_benes,10,C_db_realistic,template,91,input:w4->padded_benes_16x16_s0_w4_5.in,input:w9->padded_benes_16x16_s0_w8_9.add,869.0,664.0,8.0,212.0,148.0,112.0,80.0,80.0,0,0,0,0,1,1,0,1,1
crossing,padded_benes,10,C_db_realistic,template,92,input:w4->padded_benes_16x16_s0_w4_5.in,input:w10->padded_benes_16x16_s0_w10_11.in,725.0,556.0,16.0,300.0,104.0,80.0,80.0,80.0,0,0,0,0,0,0,0,0,0
crossing,padded_benes,10,C_db_realistic,template,93,input:w4->padded_benes_16x16_s0_w4_5.in,input:w10->padded_benes_16x16_s0_w10_11.in,869.0,600.0,8.0,148.0,212.0,112.0,72.0,72.0,0,0,0,0,1,1,0,1,1
crossing,padded_benes,10,C_db_realistic,template,94,input:w4->padded_benes_16x16_s0_w4_5.in,input:w11->padded_benes_16x16_s0_w10_11.add,725.0,492.0,16.0,364.0,40.0,64.0,80.0,40.0,0,0,0,0,0,0,0,0,0
crossing,padded_benes,10,C_db_realistic,template,95,input:w4->padded_benes_16x16_s0_w4_5.in,input:w11->padded_benes_16x16_s0_w10_11.add,869.0,536.0,8.0,84.0,276.0,112.0,64.0,64.0,0,0,0,0,1,1,0,1,1
crossing,padded_benes,10,C_db_realistic,template,96,input:w4->padded_benes_16x16_s0_w4_5.in,input:w12->padded_benes_16x16_s0_w12_13.in,869.0,472.0,8.0,20.0,340.0,112.0,56.0,20.0,0,0,0,0,1,1,0,1,1
crossing,padded_benes,10,C_db_realistic,template,97,input:w4->padded_benes_16x16_s0_w4_5.in,input:w12->padded_benes_16x16_s0_w12_13.in,757.0,452.0,51.22499389946279,32.0,112.0,8.0,20.0,8.0,0,0,0,1,0,1,1,0,1
crossing,padded_benes,10,C_db_realistic,template,98,input:w5->padded_benes_16x16_s0_w4_5.add,input:w6->padded_benes_16x16_s0_w6_7.in,237.0,620.0,24.0,76.0,40.0,88.0,104.0,40.0,0,0,0,0,0,0,0,0,0
crossing,padded_benes,10,C_db_realistic,template,99,input:w5->padded_benes_16x16_s0_w4_5.add,input:w6->padded_benes_16x16_s0_w6_7.in,397.0,684.0,16.0,104.0,64.0,24.0,176.0,24.0,0,0,0,0,0,0,0,0,0
crossing,padded_benes,10,C_db_realistic,template,100,input:w5->padded_benes_16x16_s0_w4_5.add,input:w6->padded_benes_16x16_s0_w6_7.in,1181.0,620.0,46.647615158762406,172.0,40.0,8.0,88.0,8.0,0,0,0,1,0,1,1,0,1
crossing,padded_benes,10,C_db_realistic,template,101,input:w5->padded_benes_16x16_s0_w4_5.add,input:w6->padded_benes_16x16_s0_w6_7.in,1405.0,652.0,53.665631459994955,80.0,96.0,12.0,104.0,12.0,0,0,0,0,0,0,1,0,1
crossing,padded_benes,10,C_db_realistic,template,102,input:w5->padded_benes_16x16_s0_w4_5.add,input:w7->padded_benes_16x16_s0_w6_7.add,397.0,620.0,64.0,40.0,128.0,8.0,176.0,8.0,0,0,0,1,0,1,1,0,1
crossing,padded_benes,10,C_db_realistic,template,103,input:w5->padded_benes_16x16_s0_w4_5.add,input:w7->padded_benes_16x16_s0_w6_7.add,1325.0,600.0,64.4980619863884,20.0,52.0,104.0,72.0,20.0,0,0,0,0,0,0,0,0,0
crossing,padded_benes,10,C_db_realistic,template,104,input:w5->padded_benes_16x16_s0_w4_5.add,input:w7->padded_benes_16x16_s0_w6_7.add,293.0,580.0,64.0,56.0,104.0,8.0,20.0,8.0,0,0,0,1,0,1,1,0,1
crossing,padded_benes,10,C_db_realistic,template,105,input:w5->padded_benes_16x16_s0_w4_5.add,input:w7->padded_benes_16x16_s0_w6_7.add,1221.0,580.0,56.568542494923804,40.0,104.0,8.0,20.0,8.0,0,0,0,1,0,1,1,0,1
crossing,padded_benes,10,C_db_realistic,template,106,input:w5->padded_benes_16x16_s0_w4_5.add,input:w8->padded_benes_16x16_s0_w8_9.in,709.0,684.0,8.0,108.0,296.0,96.0,96.0,96.0,0,0,0,0,1,1,0,1,1
crossing,padded_benes,10,C_db_realistic,template,107,input:w5->padded_benes_16x16_s0_w4_5.add,input:w8->padded_benes_16x16_s0_w8_9.in,877.0,728.0,8.0,340.0,20.0,120.0,80.0,20.0,0,0,0,0,1,1,0,1,1
crossing,padded_benes,10,C_db_realistic,template,108,input:w5->padded_benes_16x16_s0_w4_5.add,input:w9->padded_benes_16x16_s0_w8_9.add,709.0,620.0,16.0,172.0,232.0,80.0,96.0,80.0,0,0,0,0,0,0,0,0,0
crossing,padded_benes,10,C_db_realistic,template,109,input:w5->padded_benes_16x16_s0_w4_5.add,input:w9->padded_benes_16x16_s0_w8_9.add,877.0,664.0,8.0,276.0,84.0,120.0,72.0,72.0,0,0,0,0,1,1,0,1,1
crossing,padded_benes,10,C_db_realistic,template,110,input:w5->padded_benes_16x16_s0_w4_5.add,input:w10->padded_benes_16x16_s0_w10_11.in,709.0,556.0,16.0,236.0,168.0,64.0,96.0,64.0,0,0,0,0,0,0,0,0,0
crossing,padded_benes,10,C_db_realistic,template,111,input:w5->padded_benes_16x16_s0_w4_5.add,input:w10->padded_benes_16x16_s0_w10_11.in,877.0,600.0,8.0,212.0,148.0,120.0,64.0,64.0,0,0,0,0,1,1,0,1,1
crossing,padded_benes,10,C_db_realistic,template,112,input:w5->padded_benes_16x16_s0_w4_5.add,input:w11->padded_benes_16x16_s0_w10_11.add,709.0,492.0,16.0,300.0,104.0,48.0,96.0,48.0,0,0,0,0,0,0,0,0,0
crossing,padded_benes,10,C_db_realistic,template,113,input:w5->padded_benes_16x16_s0_w4_5.add,input:w11->padded_benes_16x16_s0_w10_11.add,877.0,536.0,8.0,148.0,212.0,120.0,56.0,56.0,0,0,0,0,1,1,0,1,1
crossing,padded_benes,10,C_db_realistic,template,114,input:w5->padded_benes_16x16_s0_w4_5.add,input:w12->padded_benes_16x16_s0_w12_13.in,709.0,428.0,16.0,364.0,40.0,104.0,96.0,40.0,0,0,0,0,0,0,0,0,0
crossing,padded_benes,10,C_db_realistic,template,115,input:w5->padded_benes_16x16_s0_w4_5.add,input:w12->padded_benes_16x16_s0_w12_13.in,877.0,472.0,8.0,84.0,276.0,120.0,48.0,48.0,0,0,0,0,1,1,0,1,1
crossing,padded_benes,10,C_db_realistic,template,116,input:w5->padded_benes_16x16_s0_w4_5.add,input:w13->padded_benes_16x16_s0_w12_13.add,877.0,408.0,8.0,20.0,340.0,120.0,40.0,20.0,0,0,0,0,1,1,0,1,1
crossing,padded_benes,10,C_db_realistic,template,117,input:w5->padded_benes_16x16_s0_w4_5.add,input:w13->padded_benes_16x16_s0_w12_13.add,757.0,388.0,62.48199740725323,48.0,120.0,8.0,20.0,8.0,0,0,0,1,0,1,1,0,1
crossing,padded_benes,10,C_db_realistic,template,118,input:w6->padded_benes_16x16_s0_w6_7.in,input:w7->padded_benes_16x16_s0_w6_7.add,149.0,568.0,90.24411338142782,20.0,52.0,88.0,72.0,20.0,0,0,0,0,0,0,0,0,0
crossing,padded_benes,10,C_db_realistic,template,119,input:w6->padded_benes_16x16_s0_w6_7.in,input:w7->padded_benes_16x16_s0_w6_7.add,1527.0,548.0,74.0,122.0,10.0,20.0,36.0,10.0,0,0,0,0,0,0,1,0,1
crossing,padded_benes,10,C_db_realistic,template,120,input:w6->padded_benes_16x16_s0_w6_7.in,input:w7->padded_benes_16x16_s0_w6_7.add,61.0,548.0,90.24411338142782,29.0,88.0,8.0,20.0,8.0,0,0,0,1,0,1,1,0,1
crossing,padded_benes,10,C_db_realistic,template,121,input:w6->padded_benes_16x16_s0_w6_7.in,input:w7->padded_benes_16x16_s0_w6_7.add,1453.0,548.0,74.0,48.0,84.0,8.0,20.0,8.0,0,0,0,1,0,1,1,0,1
crossing,padded_benes,10,C_db_realistic,template,122,input:w6->padded_benes_16x16_s0_w6_7.in,input:w8->padded_benes_16x16_s0_w8_9.in,693.0,684.0,8.0,44.0,360.0,80.0,112.0,44.0,0,0,0,0,1,1,0,1,1
crossing,padded_benes,10,C_db_realistic,template,123,input:w6->padded_benes_16x16_s0_w6_7.in,input:w8->padded_benes_16x16_s0_w8_9.in,957.0,684.0,24.0,72.0,80.0,44.0,360.0,44.0,0,0,0,0,0,0,0,0,0
crossing,padded_benes,10,C_db_realistic,template,124,input:w6->padded_benes_16x16_s0_w6_7.in,input:w9->padded_benes_16x16_s0_w8_9.add,693.0,620.0,8.0,108.0,296.0,64.0,112.0,64.0,0,0,0,0,1,1,0,1,1
crossing,padded_benes,10,C_db_realistic,template,125,input:w6->padded_benes_16x16_s0_w6_7.in,input:w9->padded_benes_16x16_s0_w8_9.add,885.0,664.0,8.0,340.0,20.0,128.0,64.0,20.0,0,0,0,0,1,1,0,1,1
crossing,padded_benes,10,C_db_realistic,template,126,input:w6->padded_benes_16x16_s0_w6_7.in,input:w10->padded_benes_16x16_s0_w10_11.in,693.0,556.0,16.0,172.0,232.0,48.0,112.0,48.0,0,0,0,0,0,0,0,0,0
crossing,padded_benes,10,C_db_realistic,template,127,input:w6->padded_benes_16x16_s0_w6_7.in,input:w10->padded_benes_16x16_s0_w10_11.in,885.0,600.0,8.0,276.0,84.0,128.0,56.0,56.0,0,0,0,0,1,1,0,1,1
crossing,padded_benes,10,C_db_realistic,template,128,input:w6->padded_benes_16x16_s0_w6_7.in,input:w11->padded_benes_16x16_s0_w10_11.add,693.0,492.0,16.0,236.0,168.0,32.0,112.0,32.0,0,0,0,0,0,0,0,0,0
crossing,padded_benes,10,C_db_realistic,template,129,input:w6->padded_benes_16x16_s0_w6_7.in,input:w11->padded_benes_16x16_s0_w10_11.add,885.0,536.0,8.0,212.0,148.0,128.0,48.0,48.0,0,0,0,0,1,1,0,1,1
crossing,padded_benes,10,C_db_realistic,template,130,input:w6->padded_benes_16x16_s0_w6_7.in,input:w12->padded_benes_16x16_s0_w12_13.in,693.0,428.0,16.0,300.0,104.0,88.0,112.0,88.0,0,0,0,0,0,0,0,0,0
crossing,padded_benes,10,C_db_realistic,template,131,input:w6->padded_benes_16x16_s0_w6_7.in,input:w12->padded_benes_16x16_s0_w12_13.in,885.0,472.0,8.0,148.0,212.0,128.0,40.0,40.0,0,0,0,0,1,1,0,1,1
crossing,padded_benes,10,C_db_realistic,template,132,input:w6->padded_benes_16x16_s0_w6_7.in,input:w13->padded_benes_16x16_s0_w12_13.add,693.0,364.0,16.0,364.0,40.0,72.0,112.0,40.0,0,0,0,0,0,0,0,0,0
crossing,padded_benes,10,C_db_realistic,template,133,input:w6->padded_benes_16x16_s0_w6_7.in,input:w13->padded_benes_16x16_s0_w12_13.add,885.0,408.0,8.0,84.0,276.0,128.0,32.0,32.0,0,0,0,0,1,1,0,1,1
crossing,padded_benes,10,C_db_realistic,template,134,input:w6->padded_benes_16x16_s0_w6_7.in,input:w14->padded_benes_16x16_s0_w14_15.in,885.0,344.0,8.0,20.0,340.0,128.0,24.0,20.0,0,0,0,0,1,1,0,1,1
crossing,padded_benes,10,C_db_realistic,template,135,input:w6->padded_benes_16x16_s0_w6_7.in,input:w14->padded_benes_16x16_s0_w14_15.in,757.0,324.0,64.0,64.0,128.0,8.0,20.0,8.0,0,0,0,1,0,1,1,0,1
crossing,padded_benes,10,C_db_realistic,template,136,input:w7->padded_benes_16x16_s0_w6_7.add,input:w8->padded_benes_16x16_s0_w8_9.in,613.0,664.0,20.0,88.0,64.0,340.0,20.0,20.0,0,0,0,0,0,0,0,0,0
crossing,padded_benes,10,C_db_realistic,template,137,input:w7->padded_benes_16x16_s0_w6_7.add,input:w8->padded_benes_16x16_s0_w8_9.in,957.0,620.0,8.0,64.0,80.0,108.0,296.0,64.0,0,0,0,0,1,1,0,1,1
crossing,padded_benes,10,C_db_realistic,template,138,input:w7->padded_benes_16x16_s0_w6_7.add,input:w9->padded_benes_16x16_s0_w8_9.add,677.0,620.0,8.0,44.0,360.0,48.0,128.0,44.0,0,0,0,0,1,1,0,1,1
crossing,padded_benes,10,C_db_realistic,template,139,input:w7->padded_benes_16x16_s0_w6_7.add,input:w9->padded_benes_16x16_s0_w8_9.add,949.0,620.0,8.0,56.0,88.0,44.0,360.0,44.0,0,0,0,0,1,1,0,1,1
crossing,padded_benes,10,C_db_realistic,template,140,input:w7->padded_benes_16x16_s0_w6_7.add,input:w10->padded_benes_16x16_s0_w10_11.in,677.0,556.0,8.0,108.0,296.0,32.0,128.0,32.0,0,0,0,0,1,1,0,1,1
crossing,padded_benes,10,C_db_realistic,template,141,input:w7->padded_benes_16x16_s0_w6_7.add,input:w10->padded_benes_16x16_s0_w10_11.in,893.0,600.0,8.0,340.0,20.0,136.0,48.0,20.0,0,0,0,0,1,1,0,1,1
crossing,padded_benes,10,C_db_realistic,template,142,input:w7->padded_benes_16x16_s0_w6_7.add,input:w11->padded_benes_16x16_s0_w10_11.add,677.0,492.0,16.0,172.0,232.0,16.0,128.0,16.0,0,0,0,0,0,0,0,0,0
crossing,padded_benes,10,C_db_realistic,template,143,input:w7->padded_benes_16x16_s0_w6_7.add,input:w11->padded_benes_16x16_s0_w10_11.add,893.0,536.0,8.0,276.0,84.0,136.0,40.0,40.0,0,0,0,0,1,1,0,1,1
crossing,padded_benes,10,C_db_realistic,template,144,input:w7->padded_benes_16x16_s0_w6_7.add,input:w12->padded_benes_16x16_s0_w12_13.in,677.0,428.0,16.0,236.0,168.0,72.0,128.0,72.0,0,0,0,0,0,0,0,0,0
crossing,padded_benes,10,C_db_realistic,template,145,input:w7->padded_benes_16x16_s0_w6_7.add,input:w12->padded_benes_16x16_s0_w12_13.in,893.0,472.0,8.0,212.0,148.0,136.0,32.0,32.0,0,0,0,0,1,1,0,1,1
crossing,padded_benes,10,C_db_realistic,template,146,input:w7->padded_benes_16x16_s0_w6_7.add,input:w13->padded_benes_16x16_s0_w12_13.add,677.0,364.0,16.0,300.0,104.0,56.0,128.0,56.0,0,0,0,0,0,0,0,0,0
crossing,padded_benes,10,C_db_realistic,template,147,input:w7->padded_benes_16x16_s0_w6_7.add,input:w13->padded_benes_16x16_s0_w12_13.add,893.0,408.0,8.0,148.0,212.0,136.0,24.0,24.0,0,0,0,0,1,1,0,1,1
crossing,padded_benes,10,C_db_realistic,template,148,input:w7->padded_benes_16x16_s0_w6_7.add,input:w14->padded_benes_16x16_s0_w14_15.in,677.0,300.0,16.0,364.0,40.0,40.0,128.0,40.0,0,0,0,0,0,0,0,0,0
crossing,padded_benes,10,C_db_realistic,template,149,input:w7->padded_benes_16x16_s0_w6_7.add,input:w14->padded_benes_16x16_s0_w14_15.in,893.0,344.0,8.0,84.0,276.0,136.0,16.0,16.0,0,0,0,0,1,1,0,1,1
crossing,padded_benes,10,C_db_realistic,template,150,input:w7->padded_benes_16x16_s0_w6_7.add,input:w15->padded_benes_16x16_s0_w14_15.add,893.0,280.0,44.721359549995796,20.0,340.0,136.0,8.0,8.0,0,0,0,1,0,1,1,0,1
crossing,padded_benes,10,C_db_realistic,template,151,input:w7->padded_benes_16x16_s0_w6_7.add,input:w15->padded_benes_16x16_s0_w14_15.add,757.0,260.0,64.0,80.0,136.0,8.0,20.0,8.0,0,0,0,1,0,1,1,0,1
crossing,padded_benes,10,C_db_realistic,template,152,input:w8->padded_benes_16x16_s0_w8_9.in,input:w9->padded_benes_16x16_s0_w8_9.add,213.0,388.0,24.0,8.0,240.0,52.0,64.0,8.0,0,0,0,1,0,1,1,0,1
crossing,padded_benes,10,C_db_realistic,template,153,input:w8->padded_benes_16x16_s0_w8_9.in,input:w9->padded_benes_16x16_s0_w8_9.add,1527.0,420.0,74.0,194.0,10.0,20.0,36.0,10.0,0,0,0,0,0,0,1,0,1
crossing,padded_benes,10,C_db_realistic,template,154,input:w8->padded_benes_16x16_s0_w8_9.in,input:w9->padded_benes_16x16_s0_w8_9.add,61.0,420.0,128.0,29.0,144.0,8.0,20.0,8.0,0,0,0,1,0,1,1,0,1
crossing,padded_benes,10,C_db_realistic,template,155,input:w8->padded_benes_16x16_s0_w8_9.in,input:w9->padded_benes_16x16_s0_w8_9.add,1453.0,420.0,68.35202996254024,120.0,84.0,8.0,20.0,8.0,0,0,0,1,0,1,1,0,1
crossing,padded_benes,10,C_db_realistic,template,156,input:w8->padded_benes_16x16_s0_w8_9.in,input:w10->padded_benes_16x16_s0_w10_11.in,461.0,324.0,24.0,8.0,152.0,84.0,128.0,8.0,0,0,0,1,0,1,1,0,1
crossing,padded_benes,10,C_db_realistic,template,157,input:w8->padded_benes_16x16_s0_w8_9.in,input:w10->padded_benes_16x16_s0_w10_11.in,1333.0,408.0,57.271284253105414,20.0,12.0,112.0,56.0,12.0,0,0,0,0,0,0,1,0,1
crossing,padded_benes,10,C_db_realistic,template,158,input:w8->padded_benes_16x16_s0_w8_9.in,input:w10->padded_benes_16x16_s0_w10_11.in,293.0,388.0,64.0,88.0,160.0,8.0,20.0,8.0,0,0,0,1,0,1,1,0,1
crossing,padded_benes,10,C_db_realistic,template,159,input:w8->padded_benes_16x16_s0_w8_9.in,input:w10->padded_benes_16x16_s0_w10_11.in,1221.0,388.0,64.0,120.0,112.0,8.0,20.0,8.0,0,0,0,1,0,1,1,0,1
crossing,padded_benes,10,C_db_realistic,template,160,input:w8->padded_benes_16x16_s0_w8_9.in,input:w12->padded_benes_16x16_s0_w12_13.in,613.0,428.0,16.0,104.0,256.0,8.0,192.0,8.0,0,0,0,1,0,1,1,0,1
crossing,padded_benes,10,C_db_realistic,template,161,input:w8->padded_benes_16x16_s0_w8_9.in,input:w12->padded_benes_16x16_s0_w12_13.in,1101.0,344.0,16.0,20.0,44.0,112.0,56.0,20.0,0,0,0,0,0,0,0,0,0
crossing,padded_benes,10,C_db_realistic,template,162,input:w8->padded_benes_16x16_s0_w8_9.in,input:w12->padded_benes_16x16_s0_w12_13.in,525.0,324.0,64.0,72.0,88.0,8.0,20.0,8.0,0,0,0,1,0,1,1,0,1
crossing,padded_benes,10,C_db_realistic,template,163,input:w8->padded_benes_16x16_s0_w8_9.in,input:w12->padded_benes_16x16_s0_w12_13.in,989.0,324.0,46.647615158762406,32.0,112.0,8.0,20.0,8.0,0,0,0,1,0,1,1,0,1
crossing,padded_benes,10,C_db_realistic,template,164,input:w9->padded_benes_16x16_s0_w8_9.add,input:w10->padded_benes_16x16_s0_w10_11.in,213.0,364.0,24.0,76.0,40.0,56.0,128.0,40.0,0,0,0,0,0,0,0,0,0
crossing,padded_benes,10,C_db_realistic,template,165,input:w9->padded_benes_16x16_s0_w8_9.add,input:w10->padded_benes_16x16_s0_w10_11.in,461.0,260.0,16.0,24.0,168.0,148.0,64.0,24.0,0,0,0,0,0,0,0,0,0
crossing,padded_benes,10,C_db_realistic,template,166,input:w9->padded_benes_16x16_s0_w8_9.add,input:w10->padded_benes_16x16_s0_w10_11.in,1117.0,324.0,20.0,8.0,224.0,128.0,40.0,8.0,0,0,0,1,0,1,1,0,1
crossing,padded_benes,10,C_db_realistic,template,167,input:w9->padded_benes_16x16_s0_w8_9.add,input:w10->padded_benes_16x16_s0_w10_11.in,1389.0,396.0,57.271284253105414,48.0,112.0,12.0,104.0,12.0,0,0,0,0,0,0,1,0,1
crossing,padded_benes,10,C_db_realistic,template,168,input:w9->padded_benes_16x16_s0_w8_9.add,input:w11->padded_benes_16x16_s0_w10_11.add,445.0,260.0,16.0,8.0,184.0,84.0,128.0,8.0,0,0,0,1,0,1,1,0,1
crossing,padded_benes,10,C_db_realistic,template,169,input:w9->padded_benes_16x16_s0_w8_9.add,input:w11->padded_benes_16x16_s0_w10_11.add,1341.0,344.0,64.4980619863884,20.0,52.0,120.0,40.0,20.0,0,0,0,0,0,0,0,0,0
crossing,padded_benes,10,C_db_realistic,template,170,input:w9->padded_benes_16x16_s0_w8_9.add,input:w11->padded_benes_16x16_s0_w10_11.add,293.0,324.0,64.0,80.0,144.0,8.0,20.0,8.0,0,0,0,1,0,1,1,0,1
crossing,padded_benes,10,C_db_realistic,template,171,input:w9->padded_benes_16x16_s0_w8_9.add,input:w11->padded_benes_16x16_s0_w10_11.add,1221.0,324.0,64.0,112.0,120.0,8.0,20.0,8.0,0,0,0,1,0,1,1,0,1
crossing,padded_benes,10,C_db_realistic,template,172,input:w9->padded_benes_16x16_s0_w8_9.add,input:w12->padded_benes_16x16_s0_w12_13.in,437.0,300.0,8.0,24.0,40.0,24.0,136.0,24.0,0,0,0,0,1,1,0,1,1
crossing,padded_benes,10,C_db_realistic,template,173,input:w9->padded_benes_16x16_s0_w8_9.add,input:w12->padded_benes_16x16_s0_w12_13.in,629.0,428.0,16.0,168.0,192.0,24.0,176.0,24.0,0,0,0,0,0,0,0,0,0
crossing,padded_benes,10,C_db_realistic,template,174,input:w9->padded_benes_16x16_s0_w8_9.add,input:w12->padded_benes_16x16_s0_w12_13.in,949.0,300.0,8.0,364.0,40.0,24.0,88.0,24.0,0,0,0,0,1,1,0,1,1
crossing,padded_benes,10,C_db_realistic,template,175,input:w9->padded_benes_16x16_s0_w8_9.add,input:w12->padded_benes_16x16_s0_w12_13.in,1157.0,324.0,24.0,48.0,184.0,20.0,192.0,20.0,0,0,0,0,0,0,0,0,0
crossing,padded_benes,10,C_db_realistic,template,176,input:w9->padded_benes_16x16_s0_w8_9.add,input:w13->padded_benes_16x16_s0_w12_13.add,629.0,364.0,16.0,104.0,256.0,8.0,176.0,8.0,0,0,0,1,0,1,1,0,1
crossing,padded_benes,10,C_db_realistic,template,177,input:w9->padded_benes_16x16_s0_w8_9.add,input:w13->padded_benes_16x16_s0_w12_13.add,1109.0,280.0,8.0,20.0,44.0,120.0,40.0,20.0,0,0,0,0,1,1,0,1,1
crossing,padded_benes,10,C_db_realistic,template,178,input:w9->padded_benes_16x16_s0_w8_9.add,input:w13->padded_benes_16x16_s0_w12_13.add,525.0,260.0,64.0,88.0,104.0,8.0,20.0,8.0,0,0,0,1,0,1,1,0,1
crossing,padded_benes,10,C_db_realistic,template,179,input:w9->padded_benes_16x16_s0_w8_9.add,input:w13->padded_benes_16x16_s0_w12_13.add,989.0,260.0,53.665631459994955,40.0,120.0,8.0,20.0,8.0,0,0,0,1,0,1,1,0,1
crossing,padded_benes,10,C_db_realistic,template,180,input:w10->padded_benes_16x16_s0_w10_11.in,input:w11->padded_benes_16x16_s0_w10_11.add,157.0,312.0,76.4198926981712,20.0,52.0,96.0,40.0,20.0,0,0,0,0,0,0,0,0,0
crossing,padded_benes,10,C_db_realistic,template,181,input:w10->padded_benes_16x16_s0_w10_11.in,input:w11->padded_benes_16x16_s0_w10_11.add,1527.0,292.0,74.0,138.0,10.0,20.0,36.0,10.0,0,0,0,0,0,0,1,0,1
crossing,padded_benes,10,C_db_realistic,template,182,input:w10->padded_benes_16x16_s0_w10_11.in,input:w11->padded_benes_16x16_s0_w10_11.add,61.0,292.0,98.0612053770501,29.0,96.0,8.0,20.0,8.0,0,0,0,1,0,1,1,0,1
crossing,padded_benes,10,C_db_realistic,template,183,input:w10->padded_benes_16x16_s0_w10_11.in,input:w11->padded_benes_16x16_s0_w10_11.add,1453.0,292.0,74.0,64.0,84.0,8.0,20.0,8.0,0,0,0,1,0,1,1,0,1
crossing,padded_benes,10,C_db_realistic,template,184,input:w10->padded_benes_16x16_s0_w10_11.in,input:w12->padded_benes_16x16_s0_w12_13.in,461.0,300.0,16.0,108.0,104.0,48.0,112.0,48.0,0,0,0,0,0,0,0,0,0
crossing,padded_benes,10,C_db_realistic,template,185,input:w10->padded_benes_16x16_s0_w10_11.in,input:w12->padded_benes_16x16_s0_w12_13.in,645.0,428.0,16.0,232.0,128.0,40.0,160.0,40.0,0,0,0,0,0,0,0,0,0
crossing,padded_benes,10,C_db_realistic,template,186,input:w10->padded_benes_16x16_s0_w10_11.in,input:w12->padded_benes_16x16_s0_w12_13.in,941.0,300.0,8.0,300.0,104.0,16.0,96.0,16.0,0,0,0,0,1,1,0,1,1
crossing,padded_benes,10,C_db_realistic,template,187,input:w10->padded_benes_16x16_s0_w10_11.in,input:w12->padded_benes_16x16_s0_w12_13.in,1117.0,344.0,16.0,148.0,20.0,128.0,40.0,20.0,0,0,0,0,0,0,0,0,0
crossing,padded_benes,10,C_db_realistic,template,188,input:w10->padded_benes_16x16_s0_w10_11.in,input:w13->padded_benes_16x16_s0_w12_13.add,461.0,236.0,16.0,172.0,40.0,32.0,112.0,32.0,0,0,0,0,0,0,0,0,0
crossing,padded_benes,10,C_db_realistic,template,189,input:w10->padded_benes_16x16_s0_w10_11.in,input:w13->padded_benes_16x16_s0_w12_13.add,645.0,364.0,16.0,168.0,192.0,24.0,160.0,24.0,0,0,0,0,0,0,0,0,0
crossing,padded_benes,10,C_db_realistic,template,190,input:w10->padded_benes_16x16_s0_w10_11.in,input:w13->padded_benes_16x16_s0_w12_13.add,941.0,236.0,8.0,364.0,40.0,24.0,96.0,24.0,0,0,0,0,1,1,0,1,1
crossing,padded_benes,10,C_db_realistic,template,191,input:w10->padded_benes_16x16_s0_w10_11.in,input:w13->padded_benes_16x16_s0_w12_13.add,1117.0,280.0,8.0,84.0,84.0,128.0,32.0,32.0,0,0,0,0,1,1,0,1,1
crossing,padded_benes,10,C_db_realistic,template,192,input:w10->padded_benes_16x16_s0_w10_11.in,input:w14->padded_benes_16x16_s0_w14_15.in,645.0,300.0,16.0,104.0,256.0,8.0,160.0,8.0,0,0,0,1,0,1,1,0,1
crossing,padded_benes,10,C_db_realistic,template,193,input:w10->padded_benes_16x16_s0_w10_11.in,input:w14->padded_benes_16x16_s0_w14_15.in,1117.0,216.0,8.0,20.0,148.0,128.0,24.0,20.0,0,0,0,0,1,1,0,1,1
crossing,padded_benes,10,C_db_realistic,template,194,input:w10->padded_benes_16x16_s0_w10_11.in,input:w14->padded_benes_16x16_s0_w14_15.in,525.0,196.0,64.0,64.0,120.0,8.0,20.0,8.0,0,0,0,1,0,1,1,0,1
crossing,padded_benes,10,C_db_realistic,template,195,input:w10->padded_benes_16x16_s0_w10_11.in,input:w14->padded_benes_16x16_s0_w14_15.in,989.0,196.0,60.92618484691127,48.0,128.0,8.0,20.0,8.0,0,0,0,1,0,1,1,0,1
crossing,padded_benes,10,C_db_realistic,template,196,input:w11->padded_benes_16x16_s0_w10_11.add,input:w12->padded_benes_16x16_s0_w12_13.in,445.0,300.0,8.0,44.0,168.0,32.0,128.0,32.0,0,0,0,0,1,1,0,1,1
crossing,padded_benes,10,C_db_realistic,template,197,input:w11->padded_benes_16x16_s0_w10_11.add,input:w12->padded_benes_16x16_s0_w12_13.in,661.0,428.0,16.0,296.0,64.0,56.0,144.0,56.0,0,0,0,0,0,0,0,0,0
crossing,padded_benes,10,C_db_realistic,template,198,input:w11->padded_benes_16x16_s0_w10_11.add,input:w12->padded_benes_16x16_s0_w12_13.in,933.0,300.0,8.0,236.0,168.0,8.0,104.0,8.0,0,0,0,1,1,1,1,1,1
crossing,padded_benes,10,C_db_realistic,template,199,input:w11->padded_benes_16x16_s0_w10_11.add,input:w12->padded_benes_16x16_s0_w12_13.in,1157.0,300.0,24.0,32.0,112.0,44.0,168.0,32.0,0,0,0,0,0,0,0,0,0
crossing,padded_benes,10,C_db_realistic,template,200,input:w11->padded_benes_16x16_s0_w10_11.add,input:w13->padded_benes_16x16_s0_w12_13.add,445.0,236.0,16.0,108.0,104.0,16.0,128.0,16.0,0,0,0,0,0,0,0,0,0
crossing,padded_benes,10,C_db_realistic,template,201,input:w11->padded_benes_16x16_s0_w10_11.add,input:w13->padded_benes_16x16_s0_w12_13.add,661.0,364.0,16.0,232.0,128.0,40.0,144.0,40.0,0,0,0,0,0,0,0,0,0
crossing,padded_benes,10,C_db_realistic,template,202,input:w11->padded_benes_16x16_s0_w10_11.add,input:w13->padded_benes_16x16_s0_w12_13.add,933.0,236.0,8.0,300.0,104.0,16.0,104.0,16.0,0,0,0,0,1,1,0,1,1
crossing,padded_benes,10,C_db_realistic,template,203,input:w11->padded_benes_16x16_s0_w10_11.add,input:w13->padded_benes_16x16_s0_w12_13.add,1125.0,280.0,8.0,148.0,20.0,136.0,24.0,20.0,0,0,0,0,1,1,0,1,1
crossing,padded_benes,10,C_db_realistic,template,204,input:w11->padded_benes_16x16_s0_w10_11.add,input:w14->padded_benes_16x16_s0_w14_15.in,445.0,172.0,16.0,172.0,40.0,40.0,128.0,40.0,0,0,0,0,0,0,0,0,0
crossing,padded_benes,10,C_db_realistic,template,205,input:w11->padded_benes_16x16_s0_w10_11.add,input:w14->padded_benes_16x16_s0_w14_15.in,661.0,300.0,16.0,168.0,192.0,24.0,144.0,24.0,0,0,0,0,0,0,0,0,0
crossing,padded_benes,10,C_db_realistic,template,206,input:w11->padded_benes_16x16_s0_w10_11.add,input:w14->padded_benes_16x16_s0_w14_15.in,933.0,172.0,60.92618484691127,364.0,40.0,24.0,104.0,24.0,0,0,0,0,0,0,0,0,0
crossing,padded_benes,10,C_db_realistic,template,207,input:w11->padded_benes_16x16_s0_w10_11.add,input:w14->padded_benes_16x16_s0_w14_15.in,1125.0,216.0,8.0,84.0,84.0,136.0,16.0,16.0,0,0,0,0,1,1,0,1,1
crossing,padded_benes,10,C_db_realistic,template,208,input:w11->padded_benes_16x16_s0_w10_11.add,input:w15->padded_benes_16x16_s0_w14_15.add,661.0,236.0,64.0,104.0,256.0,8.0,144.0,8.0,0,0,0,1,0,1,1,0,1
crossing,padded_benes,10,C_db_realistic,template,209,input:w11->padded_benes_16x16_s0_w10_11.add,input:w15->padded_benes_16x16_s0_w14_15.add,1125.0,152.0,50.11985634456667,20.0,148.0,136.0,8.0,8.0,0,0,0,1,0,1,1,0,1
crossing,padded_benes,10,C_db_realistic,template,210,input:w11->padded_benes_16x16_s0_w10_11.add,input:w15->padded_benes_16x16_s0_w14_15.add,525.0,132.0,64.0,80.0,136.0,8.0,20.0,8.0,0,0,0,1,0,1,1,0,1
crossing,padded_benes,10,C_db_realistic,template,211,input:w11->padded_benes_16x16_s0_w10_11.add,input:w15->padded_benes_16x16_s0_w14_15.add,989.0,132.0,64.0,56.0,136.0,8.0,20.0,8.0,0,0,0,1,0,1,1,0,1
crossing,padded_benes,10,C_db_realistic,template,212,input:w12->padded_benes_16x16_s0_w12_13.in,input:w13->padded_benes_16x16_s0_w12_13.add,189.0,132.0,24.0,8.0,224.0,52.0,64.0,8.0,0,0,0,1,0,1,1,0,1
crossing,padded_benes,10,C_db_realistic,template,213,input:w12->padded_benes_16x16_s0_w12_13.in,input:w13->padded_benes_16x16_s0_w12_13.add,1527.0,164.0,74.0,178.0,10.0,20.0,36.0,10.0,0,0,0,0,0,0,1,0,1
crossing,padded_benes,10,C_db_realistic,template,214,input:w12->padded_benes_16x16_s0_w12_13.in,input:w13->padded_benes_16x16_s0_w12_13.add,61.0,164.0,128.0,29.0,120.0,8.0,20.0,8.0,0,0,0,1,0,1,1,0,1
crossing,padded_benes,10,C_db_realistic,template,215,input:w12->padded_benes_16x16_s0_w12_13.in,input:w13->padded_benes_16x16_s0_w12_13.add,1453.0,164.0,74.0,104.0,84.0,8.0,20.0,8.0,0,0,0,1,0,1,1,0,1
crossing,padded_benes,10,C_db_realistic,template,216,input:w12->padded_benes_16x16_s0_w12_13.in,input:w14->padded_benes_16x16_s0_w14_15.in,413.0,172.0,16.0,40.0,128.0,8.0,160.0,8.0,0,0,0,1,0,1,1,0,1
crossing,padded_benes,10,C_db_realistic,template,217,input:w12->padded_benes_16x16_s0_w12_13.in,input:w14->padded_benes_16x16_s0_w14_15.in,1349.0,152.0,26.832815729997478,20.0,12.0,128.0,24.0,12.0,0,0,0,0,0,0,1,0,1
crossing,padded_benes,10,C_db_realistic,template,218,input:w12->padded_benes_16x16_s0_w12_13.in,input:w14->padded_benes_16x16_s0_w14_15.in,293.0,132.0,64.0,112.0,120.0,8.0,20.0,8.0,0,0,0,1,0,1,1,0,1
crossing,padded_benes,10,C_db_realistic,template,219,input:w12->padded_benes_16x16_s0_w12_13.in,input:w14->padded_benes_16x16_s0_w14_15.in,1221.0,132.0,64.0,64.0,128.0,8.0,20.0,8.0,0,0,0,1,0,1,1,0,1
crossing,padded_benes,10,C_db_realistic,template,220,input:w13->padded_benes_16x16_s0_w12_13.add,input:w14->padded_benes_16x16_s0_w14_15.in,189.0,108.0,24.0,76.0,40.0,24.0,152.0,24.0,0,0,0,0,0,0,0,0,0
crossing,padded_benes,10,C_db_realistic,template,221,input:w13->padded_benes_16x16_s0_w12_13.add,input:w14->padded_benes_16x16_s0_w14_15.in,429.0,172.0,16.0,104.0,64.0,24.0,144.0,24.0,0,0,0,0,0,0,0,0,0
crossing,padded_benes,10,C_db_realistic,template,222,input:w13->padded_benes_16x16_s0_w12_13.add,input:w14->padded_benes_16x16_s0_w14_15.in,1149.0,108.0,50.11985634456667,172.0,40.0,8.0,120.0,8.0,0,0,0,1,0,1,1,0,1
crossing,padded_benes,10,C_db_realistic,template,223,input:w13->padded_benes_16x16_s0_w12_13.add,input:w14->padded_benes_16x16_s0_w14_15.in,1373.0,140.0,26.832815729997478,16.0,128.0,12.0,104.0,12.0,0,0,0,0,0,0,1,0,1
crossing,padded_benes,10,C_db_realistic,template,224,input:w13->padded_benes_16x16_s0_w12_13.add,input:w15->padded_benes_16x16_s0_w14_15.add,429.0,108.0,64.0,40.0,128.0,8.0,144.0,8.0,0,0,0,1,0,1,1,0,1
crossing,padded_benes,10,C_db_realistic,template,225,input:w13->padded_benes_16x16_s0_w12_13.add,input:w15->padded_benes_16x16_s0_w14_15.add,1357.0,88.0,54.405882034941776,20.0,52.0,136.0,8.0,8.0,0,0,0,1,0,1,1,0,1
crossing,padded_benes,10,C_db_realistic,template,226,input:w13->padded_benes_16x16_s0_w12_13.add,input:w15->padded_benes_16x16_s0_w14_15.add,293.0,68.0,64.0,104.0,136.0,8.0,20.0,8.0,0,0,0,1,0,1,1,0,1
crossing,padded_benes,10,C_db_realistic,template,227,input:w13->padded_benes_16x16_s0_w12_13.add,input:w15->padded_benes_16x16_s0_w14_15.add,1221.0,68.0,64.0,72.0,136.0,8.0,20.0,8.0,0,0,0,1,0,1,1,0,1
crossing,padded_benes,10,C_db_realistic,template,228,input:w14->padded_benes_16x16_s0_w14_15.in,input:w15->padded_benes_16x16_s0_w14_15.add,165.0,56.0,57.271284253105414,20.0,52.0,104.0,8.0,8.0,0,0,0,1,0,1,1,0,1
crossing,padded_benes,10,C_db_realistic,template,229,input:w14->padded_benes_16x16_s0_w14_15.in,input:w15->padded_benes_16x16_s0_w14_15.add,1527.0,36.0,74.0,154.0,10.0,20.0,36.0,10.0,0,0,0,0,0,0,1,0,1
crossing,padded_benes,10,C_db_realistic,template,230,input:w14->padded_benes_16x16_s0_w14_15.in,input:w15->padded_benes_16x16_s0_w14_15.add,61.0,36.0,105.90561835898981,29.0,104.0,8.0,20.0,8.0,0,0,0,1,0,1,1,0,1
crossing,padded_benes,10,C_db_realistic,template,231,input:w14->padded_benes_16x16_s0_w14_15.in,input:w15->padded_benes_16x16_s0_w14_15.add,1453.0,36.0,74.0,80.0,84.0,8.0,20.0,8.0,0,0,0,1,0,1,1,0,1
crossing,padded_benes,11,B_db_placeholder,template,0,input:w0->padded_benes_16x16_s0_w0_1.in,input:w1->padded_benes_16x16_s0_w0_1.add,261.0,900.0,24.0,8.0,224.0,52.0,64.0,8.0,0,0,0,1,0,1,1,0,1
crossing,padded_benes,11,B_db_placeholder,template,1,input:w0->padded_benes_16x16_s0_w0_1.in,input:w1->padded_benes_16x16_s0_w0_1.add,1527.0,932.0,74.0,226.0,10.0,20.0,36.0,10.0,0,0,0,0,0,0,1,0,1
crossing,padded_benes,11,B_db_placeholder,template,2,input:w0->padded_benes_16x16_s0_w0_1.in,input:w1->padded_benes_16x16_s0_w0_1.add,61.0,932.0,128.0,29.0,192.0,8.0,20.0,8.0,0,0,0,1,0,1,1,0,1
crossing,padded_benes,11,B_db_placeholder,template,3,input:w0->padded_benes_16x16_s0_w0_1.in,input:w1->padded_benes_16x16_s0_w0_1.add,1453.0,932.0,40.0,152.0,84.0,8.0,20.0,8.0,0,0,0,1,0,1,1,0,1
crossing,padded_benes,11,B_db_placeholder,template,4,input:w0->padded_benes_16x16_s0_w0_1.in,input:w2->padded_benes_16x16_s0_w2_3.in,493.0,836.0,24.0,8.0,224.0,84.0,128.0,8.0,0,0,0,1,0,1,1,0,1
crossing,padded_benes,11,B_db_placeholder,template,5,input:w0->padded_benes_16x16_s0_w0_1.in,input:w2->padded_benes_16x16_s0_w2_3.in,1301.0,920.0,64.4980619863884,20.0,12.0,80.0,120.0,12.0,0,0,0,0,0,0,1,0,1
crossing,padded_benes,11,B_db_placeholder,template,6,input:w0->padded_benes_16x16_s0_w0_1.in,input:w2->padded_benes_16x16_s0_w2_3.in,293.0,900.0,32.0,40.0,192.0,8.0,20.0,8.0,0,0,0,1,0,1,1,0,1
crossing,padded_benes,11,B_db_placeholder,template,7,input:w0->padded_benes_16x16_s0_w0_1.in,input:w2->padded_benes_16x16_s0_w2_3.in,1221.0,900.0,64.0,152.0,80.0,8.0,20.0,8.0,0,0,0,1,0,1,1,0,1
crossing,padded_benes,11,B_db_placeholder,template,8,input:w0->padded_benes_16x16_s0_w0_1.in,input:w4->padded_benes_16x16_s0_w4_5.in,725.0,708.0,24.0,8.0,112.0,148.0,256.0,8.0,0,0,0,1,0,1,1,0,1
crossing,padded_benes,11,B_db_placeholder,template,9,input:w0->padded_benes_16x16_s0_w0_1.in,input:w4->padded_benes_16x16_s0_w4_5.in,1069.0,856.0,16.0,20.0,44.0,80.0,120.0,20.0,0,0,0,0,0,0,0,0,0
crossing,padded_benes,11,B_db_placeholder,template,10,input:w0->padded_benes_16x16_s0_w0_1.in,input:w4->padded_benes_16x16_s0_w4_5.in,525.0,836.0,32.0,40.0,192.0,8.0,20.0,8.0,0,0,0,1,0,1,1,0,1
crossing,padded_benes,11,B_db_placeholder,template,11,input:w0->padded_benes_16x16_s0_w0_1.in,input:w4->padded_benes_16x16_s0_w4_5.in,989.0,836.0,64.0,152.0,80.0,8.0,20.0,8.0,0,0,0,1,0,1,1,0,1
crossing,padded_benes,11,B_db_placeholder,template,12,input:w0->padded_benes_16x16_s0_w0_1.in,input:w8->padded_benes_16x16_s0_w8_9.in,837.0,728.0,8.0,20.0,108.0,80.0,120.0,20.0,0,0,0,0,1,1,0,1,1
crossing,padded_benes,11,B_db_placeholder,template,13,input:w0->padded_benes_16x16_s0_w0_1.in,input:w8->padded_benes_16x16_s0_w8_9.in,757.0,708.0,32.0,40.0,80.0,8.0,20.0,8.0,0,0,0,1,0,1,1,0,1
crossing,padded_benes,11,B_db_placeholder,template,14,input:w1->padded_benes_16x16_s0_w0_1.add,input:w2->padded_benes_16x16_s0_w2_3.in,261.0,876.0,24.0,76.0,40.0,120.0,80.0,40.0,0,0,0,0,0,0,0,0,0
crossing,padded_benes,11,B_db_placeholder,template,15,input:w1->padded_benes_16x16_s0_w0_1.add,input:w2->padded_benes_16x16_s0_w2_3.in,493.0,772.0,16.0,24.0,208.0,148.0,64.0,24.0,0,0,0,0,0,0,0,0,0
crossing,padded_benes,11,B_db_placeholder,template,16,input:w1->padded_benes_16x16_s0_w0_1.add,input:w2->padded_benes_16x16_s0_w2_3.in,1085.0,836.0,20.0,8.0,224.0,128.0,40.0,8.0,0,0,0,1,0,1,1,0,1
crossing,padded_benes,11,B_db_placeholder,template,17,input:w1->padded_benes_16x16_s0_w0_1.add,input:w2->padded_benes_16x16_s0_w2_3.in,1421.0,908.0,40.0,112.0,80.0,12.0,104.0,12.0,0,0,0,0,0,0,1,0,1
crossing,padded_benes,11,B_db_placeholder,template,18,input:w1->padded_benes_16x16_s0_w0_1.add,input:w3->padded_benes_16x16_s0_w2_3.add,477.0,772.0,16.0,8.0,224.0,84.0,128.0,8.0,0,0,0,1,0,1,1,0,1
crossing,padded_benes,11,B_db_placeholder,template,19,input:w1->padded_benes_16x16_s0_w0_1.add,input:w3->padded_benes_16x16_s0_w2_3.add,1309.0,856.0,64.4980619863884,20.0,52.0,88.0,104.0,20.0,0,0,0,0,0,0,0,0,0
crossing,padded_benes,11,B_db_placeholder,template,20,input:w1->padded_benes_16x16_s0_w0_1.add,input:w3->padded_benes_16x16_s0_w2_3.add,293.0,836.0,51.22499389946279,32.0,176.0,8.0,20.0,8.0,0,0,0,1,0,1,1,0,1
crossing,padded_benes,11,B_db_placeholder,template,21,input:w1->padded_benes_16x16_s0_w0_1.add,input:w3->padded_benes_16x16_s0_w2_3.add,1221.0,836.0,32.0,144.0,88.0,8.0,20.0,8.0,0,0,0,1,0,1,1,0,1
crossing,padded_benes,11,B_db_placeholder,template,22,input:w1->padded_benes_16x16_s0_w0_1.add,input:w4->padded_benes_16x16_s0_w4_5.in,469.0,812.0,8.0,24.0,40.0,88.0,104.0,24.0,0,0,0,0,1,1,0,1,1
crossing,padded_benes,11,B_db_placeholder,template,23,input:w1->padded_benes_16x16_s0_w0_1.add,input:w4->padded_benes_16x16_s0_w4_5.in,725.0,644.0,16.0,24.0,120.0,212.0,192.0,24.0,0,0,0,0,0,0,0,0,0
crossing,padded_benes,11,B_db_placeholder,template,24,input:w1->padded_benes_16x16_s0_w0_1.add,input:w4->padded_benes_16x16_s0_w4_5.in,869.0,772.0,44.0,24.0,208.0,320.0,40.0,24.0,0,0,0,0,0,0,0,0,0
crossing,padded_benes,11,B_db_placeholder,template,25,input:w1->padded_benes_16x16_s0_w0_1.add,input:w4->padded_benes_16x16_s0_w4_5.in,1189.0,836.0,24.0,112.0,120.0,20.0,192.0,20.0,0,0,0,0,0,0,0,0,0
crossing,padded_benes,11,B_db_placeholder,template,26,input:w1->padded_benes_16x16_s0_w0_1.add,input:w5->padded_benes_16x16_s0_w4_5.add,709.0,644.0,16.0,8.0,136.0,148.0,256.0,8.0,0,0,0,1,0,1,1,0,1
crossing,padded_benes,11,B_db_placeholder,template,27,input:w1->padded_benes_16x16_s0_w0_1.add,input:w5->padded_benes_16x16_s0_w4_5.add,1077.0,792.0,8.0,20.0,44.0,88.0,104.0,20.0,0,0,0,0,1,1,0,1,1
crossing,padded_benes,11,B_db_placeholder,template,28,input:w1->padded_benes_16x16_s0_w0_1.add,input:w5->padded_benes_16x16_s0_w4_5.add,525.0,772.0,32.0,56.0,176.0,8.0,20.0,8.0,0,0,0,1,0,1,1,0,1
crossing,padded_benes,11,B_db_placeholder,template,29,input:w1->padded_benes_16x16_s0_w0_1.add,input:w5->padded_benes_16x16_s0_w4_5.add,989.0,772.0,64.0,144.0,88.0,8.0,20.0,8.0,0,0,0,1,0,1,1,0,1
crossing,padded_benes,11,B_db_placeholder,template,30,input:w1->padded_benes_16x16_s0_w0_1.add,input:w8->padded_benes_16x16_s0_w8_9.in,701.0,684.0,8.0,88.0,40.0,88.0,104.0,40.0,0,0,0,0,1,1,0,1,1
crossing,padded_benes,11,B_db_placeholder,template,31,input:w1->padded_benes_16x16_s0_w0_1.add,input:w8->padded_benes_16x16_s0_w8_9.in,845.0,728.0,8.0,84.0,44.0,88.0,112.0,44.0,0,0,0,0,1,1,0,1,1
crossing,padded_benes,11,B_db_placeholder,template,32,input:w1->padded_benes_16x16_s0_w0_1.add,input:w9->padded_benes_16x16_s0_w8_9.add,845.0,664.0,8.0,20.0,108.0,88.0,104.0,20.0,0,0,0,0,1,1,0,1,1
crossing,padded_benes,11,B_db_placeholder,template,33,input:w1->padded_benes_16x16_s0_w0_1.add,input:w9->padded_benes_16x16_s0_w8_9.add,757.0,644.0,32.0,56.0,88.0,8.0,20.0,8.0,0,0,0,1,0,1,1,0,1
crossing,padded_benes,11,B_db_placeholder,template,34,input:w2->padded_benes_16x16_s0_w2_3.in,input:w3->padded_benes_16x16_s0_w2_3.add,141.0,824.0,82.46211251235322,20.0,52.0,80.0,104.0,20.0,0,0,0,0,0,0,0,0,0
crossing,padded_benes,11,B_db_placeholder,template,35,input:w2->padded_benes_16x16_s0_w2_3.in,input:w3->padded_benes_16x16_s0_w2_3.add,1527.0,804.0,74.0,106.0,10.0,20.0,36.0,10.0,0,0,0,0,0,0,1,0,1
crossing,padded_benes,11,B_db_placeholder,template,36,input:w2->padded_benes_16x16_s0_w2_3.in,input:w3->padded_benes_16x16_s0_w2_3.add,61.0,804.0,82.46211251235322,29.0,80.0,8.0,20.0,8.0,0,0,0,1,0,1,1,0,1
crossing,padded_benes,11,B_db_placeholder,template,37,input:w2->padded_benes_16x16_s0_w2_3.in,input:w3->padded_benes_16x16_s0_w2_3.add,1453.0,804.0,74.0,32.0,84.0,8.0,20.0,8.0,0,0,0,1,0,1,1,0,1
crossing,padded_benes,11,B_db_placeholder,template,38,input:w2->padded_benes_16x16_s0_w2_3.in,input:w4->padded_benes_16x16_s0_w4_5.in,493.0,812.0,16.0,108.0,104.0,112.0,80.0,80.0,0,0,0,0,0,0,0,0,0
crossing,padded_benes,11,B_db_placeholder,template,39,input:w2->padded_benes_16x16_s0_w2_3.in,input:w4->padded_benes_16x16_s0_w4_5.in,725.0,580.0,16.0,40.0,128.0,276.0,128.0,40.0,0,0,0,0,0,0,0,0,0
crossing,padded_benes,11,B_db_placeholder,template,40,input:w2->padded_benes_16x16_s0_w2_3.in,input:w4->padded_benes_16x16_s0_w4_5.in,869.0,708.0,8.0,16.0,216.0,256.0,104.0,16.0,0,0,0,0,1,1,0,1,1
crossing,padded_benes,11,B_db_placeholder,template,41,input:w2->padded_benes_16x16_s0_w2_3.in,input:w4->padded_benes_16x16_s0_w4_5.in,1085.0,856.0,16.0,148.0,20.0,96.0,104.0,20.0,0,0,0,0,0,0,0,0,0
crossing,padded_benes,11,B_db_placeholder,template,42,input:w2->padded_benes_16x16_s0_w2_3.in,input:w5->padded_benes_16x16_s0_w4_5.add,493.0,748.0,16.0,172.0,40.0,96.0,80.0,40.0,0,0,0,0,0,0,0,0,0
crossing,padded_benes,11,B_db_placeholder,template,43,input:w2->padded_benes_16x16_s0_w2_3.in,input:w5->padded_benes_16x16_s0_w4_5.add,709.0,580.0,16.0,24.0,144.0,212.0,192.0,24.0,0,0,0,0,0,0,0,0,0
crossing,padded_benes,11,B_db_placeholder,template,44,input:w2->padded_benes_16x16_s0_w2_3.in,input:w5->padded_benes_16x16_s0_w4_5.add,877.0,708.0,8.0,24.0,208.0,320.0,40.0,24.0,0,0,0,0,1,1,0,1,1
crossing,padded_benes,11,B_db_placeholder,template,45,input:w2->padded_benes_16x16_s0_w2_3.in,input:w5->padded_benes_16x16_s0_w4_5.add,1085.0,792.0,8.0,84.0,84.0,96.0,96.0,84.0,0,0,0,0,1,1,0,1,1
crossing,padded_benes,11,B_db_placeholder,template,46,input:w2->padded_benes_16x16_s0_w2_3.in,input:w6->padded_benes_16x16_s0_w6_7.in,693.0,580.0,16.0,8.0,160.0,148.0,256.0,8.0,0,0,0,1,0,1,1,0,1
crossing,padded_benes,11,B_db_placeholder,template,47,input:w2->padded_benes_16x16_s0_w2_3.in,input:w6->padded_benes_16x16_s0_w6_7.in,1085.0,728.0,8.0,20.0,148.0,96.0,88.0,20.0,0,0,0,0,1,1,0,1,1
crossing,padded_benes,11,B_db_placeholder,template,48,input:w2->padded_benes_16x16_s0_w2_3.in,input:w6->padded_benes_16x16_s0_w6_7.in,525.0,708.0,51.22499389946279,32.0,160.0,8.0,20.0,8.0,0,0,0,1,0,1,1,0,1
crossing,padded_benes,11,B_db_placeholder,template,49,input:w2->padded_benes_16x16_s0_w2_3.in,input:w6->padded_benes_16x16_s0_w6_7.in,989.0,708.0,32.0,136.0,96.0,8.0,20.0,8.0,0,0,0,1,0,1,1,0,1
crossing,padded_benes,11,B_db_placeholder,template,50,input:w2->padded_benes_16x16_s0_w2_3.in,input:w8->padded_benes_16x16_s0_w8_9.in,685.0,684.0,8.0,24.0,104.0,72.0,120.0,24.0,0,0,0,0,1,1,0,1,1
crossing,padded_benes,11,B_db_placeholder,template,51,input:w2->padded_benes_16x16_s0_w2_3.in,input:w8->padded_benes_16x16_s0_w8_9.in,957.0,708.0,24.0,104.0,128.0,20.0,384.0,20.0,0,0,0,0,0,0,0,0,0
crossing,padded_benes,11,B_db_placeholder,template,52,input:w2->padded_benes_16x16_s0_w2_3.in,input:w9->padded_benes_16x16_s0_w8_9.add,685.0,620.0,8.0,88.0,40.0,56.0,120.0,40.0,0,0,0,0,1,1,0,1,1
crossing,padded_benes,11,B_db_placeholder,template,53,input:w2->padded_benes_16x16_s0_w2_3.in,input:w9->padded_benes_16x16_s0_w8_9.add,853.0,664.0,8.0,84.0,44.0,96.0,96.0,44.0,0,0,0,0,1,1,0,1,1
crossing,padded_benes,11,B_db_placeholder,template,54,input:w2->padded_benes_16x16_s0_w2_3.in,input:w10->padded_benes_16x16_s0_w10_11.in,853.0,600.0,8.0,20.0,108.0,96.0,88.0,20.0,0,0,0,0,1,1,0,1,1
crossing,padded_benes,11,B_db_placeholder,template,55,input:w2->padded_benes_16x16_s0_w2_3.in,input:w10->padded_benes_16x16_s0_w10_11.in,757.0,580.0,32.0,72.0,96.0,8.0,20.0,8.0,0,0,0,1,0,1,1,0,1
crossing,padded_benes,11,B_db_placeholder,template,56,input:w3->padded_benes_16x16_s0_w2_3.add,input:w4->padded_benes_16x16_s0_w4_5.in,477.0,812.0,8.0,44.0,168.0,96.0,96.0,44.0,0,0,0,0,1,1,0,1,1
crossing,padded_benes,11,B_db_placeholder,template,57,input:w3->padded_benes_16x16_s0_w2_3.add,input:w4->padded_benes_16x16_s0_w4_5.in,725.0,516.0,16.0,56.0,136.0,340.0,64.0,56.0,0,0,0,0,0,0,0,0,0
crossing,padded_benes,11,B_db_placeholder,template,58,input:w3->padded_benes_16x16_s0_w2_3.add,input:w4->padded_benes_16x16_s0_w4_5.in,869.0,644.0,8.0,8.0,224.0,192.0,168.0,8.0,0,0,0,1,1,1,1,1,1
crossing,padded_benes,11,B_db_placeholder,template,59,input:w3->padded_benes_16x16_s0_w2_3.add,input:w4->padded_benes_16x16_s0_w4_5.in,1189.0,812.0,24.0,96.0,80.0,44.0,168.0,44.0,0,0,0,0,0,0,0,0,0
crossing,padded_benes,11,B_db_placeholder,template,60,input:w3->padded_benes_16x16_s0_w2_3.add,input:w5->padded_benes_16x16_s0_w4_5.add,477.0,748.0,16.0,108.0,104.0,80.0,96.0,80.0,0,0,0,0,0,0,0,0,0
crossing,padded_benes,11,B_db_placeholder,template,61,input:w3->padded_benes_16x16_s0_w2_3.add,input:w5->padded_benes_16x16_s0_w4_5.add,709.0,516.0,16.0,40.0,152.0,276.0,128.0,40.0,0,0,0,0,0,0,0,0,0
crossing,padded_benes,11,B_db_placeholder,template,62,input:w3->padded_benes_16x16_s0_w2_3.add,input:w5->padded_benes_16x16_s0_w4_5.add,877.0,644.0,8.0,16.0,216.0,256.0,104.0,16.0,0,0,0,0,1,1,0,1,1
crossing,padded_benes,11,B_db_placeholder,template,63,input:w3->padded_benes_16x16_s0_w2_3.add,input:w5->padded_benes_16x16_s0_w4_5.add,1093.0,792.0,8.0,148.0,20.0,104.0,88.0,20.0,0,0,0,0,1,1,0,1,1
crossing,padded_benes,11,B_db_placeholder,template,64,input:w3->padded_benes_16x16_s0_w2_3.add,input:w6->padded_benes_16x16_s0_w6_7.in,477.0,684.0,53.665631459994955,172.0,40.0,104.0,96.0,40.0,0,0,0,0,0,0,0,0,0
crossing,padded_benes,11,B_db_placeholder,template,65,input:w3->padded_benes_16x16_s0_w2_3.add,input:w6->padded_benes_16x16_s0_w6_7.in,693.0,516.0,16.0,24.0,168.0,212.0,192.0,24.0,0,0,0,0,0,0,0,0,0
crossing,padded_benes,11,B_db_placeholder,template,66,input:w3->padded_benes_16x16_s0_w2_3.add,input:w6->padded_benes_16x16_s0_w6_7.in,885.0,644.0,8.0,24.0,208.0,320.0,40.0,24.0,0,0,0,0,1,1,0,1,1
crossing,padded_benes,11,B_db_placeholder,template,67,input:w3->padded_benes_16x16_s0_w2_3.add,input:w6->padded_benes_16x16_s0_w6_7.in,1093.0,728.0,8.0,84.0,84.0,104.0,80.0,80.0,0,0,0,0,1,1,0,1,1
crossing,padded_benes,11,B_db_placeholder,template,68,input:w3->padded_benes_16x16_s0_w2_3.add,input:w7->padded_benes_16x16_s0_w6_7.add,677.0,516.0,16.0,8.0,184.0,148.0,256.0,8.0,0,0,0,1,0,1,1,0,1
crossing,padded_benes,11,B_db_placeholder,template,69,input:w3->padded_benes_16x16_s0_w2_3.add,input:w7->padded_benes_16x16_s0_w6_7.add,1093.0,664.0,64.0,20.0,148.0,104.0,72.0,20.0,0,0,0,0,0,0,0,0,0
crossing,padded_benes,11,B_db_placeholder,template,70,input:w3->padded_benes_16x16_s0_w2_3.add,input:w7->padded_benes_16x16_s0_w6_7.add,525.0,644.0,62.48199740725323,48.0,144.0,8.0,20.0,8.0,0,0,0,1,0,1,1,0,1
crossing,padded_benes,11,B_db_placeholder,template,71,input:w3->padded_benes_16x16_s0_w2_3.add,input:w7->padded_benes_16x16_s0_w6_7.add,989.0,644.0,32.0,128.0,104.0,8.0,20.0,8.0,0,0,0,1,0,1,1,0,1
crossing,padded_benes,11,B_db_placeholder,template,72,input:w3->padded_benes_16x16_s0_w2_3.add,input:w8->padded_benes_16x16_s0_w8_9.in,613.0,644.0,20.0,136.0,56.0,320.0,40.0,40.0,0,0,0,0,0,0,0,0,0
crossing,padded_benes,11,B_db_placeholder,template,73,input:w3->padded_benes_16x16_s0_w2_3.add,input:w8->padded_benes_16x16_s0_w8_9.in,957.0,644.0,8.0,96.0,136.0,84.0,320.0,84.0,0,0,0,0,1,1,0,1,1
crossing,padded_benes,11,B_db_placeholder,template,74,input:w3->padded_benes_16x16_s0_w2_3.add,input:w9->padded_benes_16x16_s0_w8_9.add,669.0,620.0,8.0,24.0,104.0,40.0,136.0,24.0,0,0,0,0,1,1,0,1,1
crossing,padded_benes,11,B_db_placeholder,template,75,input:w3->padded_benes_16x16_s0_w2_3.add,input:w9->padded_benes_16x16_s0_w8_9.add,949.0,644.0,8.0,88.0,144.0,20.0,384.0,20.0,0,0,0,0,1,1,0,1,1
crossing,padded_benes,11,B_db_placeholder,template,76,input:w3->padded_benes_16x16_s0_w2_3.add,input:w10->padded_benes_16x16_s0_w10_11.in,669.0,556.0,8.0,88.0,40.0,24.0,136.0,24.0,0,0,0,0,1,1,0,1,1
crossing,padded_benes,11,B_db_placeholder,template,77,input:w3->padded_benes_16x16_s0_w2_3.add,input:w10->padded_benes_16x16_s0_w10_11.in,861.0,600.0,8.0,84.0,44.0,104.0,80.0,44.0,0,0,0,0,1,1,0,1,1
crossing,padded_benes,11,B_db_placeholder,template,78,input:w3->padded_benes_16x16_s0_w2_3.add,input:w11->padded_benes_16x16_s0_w10_11.add,861.0,536.0,8.0,20.0,108.0,104.0,72.0,20.0,0,0,0,0,1,1,0,1,1
crossing,padded_benes,11,B_db_placeholder,template,79,input:w3->padded_benes_16x16_s0_w2_3.add,input:w11->padded_benes_16x16_s0_w10_11.add,757.0,516.0,32.0,88.0,104.0,8.0,20.0,8.0,0,0,0,1,0,1,1,0,1
crossing,padded_benes,11,B_db_placeholder,template,80,input:w4->padded_benes_16x16_s0_w4_5.in,input:w5->padded_benes_16x16_s0_w4_5.add,237.0,644.0,24.0,8.0,144.0,52.0,64.0,8.0,0,0,0,1,0,1,1,0,1
crossing,padded_benes,11,B_db_placeholder,template,81,input:w4->padded_benes_16x16_s0_w4_5.in,input:w5->padded_benes_16x16_s0_w4_5.add,1527.0,676.0,74.0,210.0,10.0,20.0,36.0,10.0,0,0,0,0,0,0,1,0,1
crossing,padded_benes,11,B_db_placeholder,template,82,input:w4->padded_benes_16x16_s0_w4_5.in,input:w5->padded_benes_16x16_s0_w4_5.add,61.0,676.0,128.0,29.0,168.0,8.0,20.0,8.0,0,0,0,1,0,1,1,0,1
crossing,padded_benes,11,B_db_placeholder,template,83,input:w4->padded_benes_16x16_s0_w4_5.in,input:w5->padded_benes_16x16_s0_w4_5.add,1453.0,676.0,53.665631459994955,136.0,84.0,8.0,20.0,8.0,0,0,0,1,0,1,1,0,1
crossing,padded_benes,11,B_db_placeholder,template,84,input:w4->padded_benes_16x16_s0_w4_5.in,input:w6->padded_benes_16x16_s0_w6_7.in,381.0,684.0,16.0,40.0,128.0,8.0,192.0,8.0,0,0,0,1,0,1,1,0,1
crossing,padded_benes,11,B_db_placeholder,template,85,input:w4->padded_benes_16x16_s0_w4_5.in,input:w6->padded_benes_16x16_s0_w6_7.in,1317.0,664.0,64.4980619863884,20.0,12.0,96.0,88.0,12.0,0,0,0,0,0,0,1,0,1
crossing,padded_benes,11,B_db_placeholder,template,86,input:w4->padded_benes_16x16_s0_w4_5.in,input:w6->padded_benes_16x16_s0_w6_7.in,293.0,644.0,56.0,64.0,88.0,8.0,20.0,8.0,0,0,0,1,0,1,1,0,1
crossing,padded_benes,11,B_db_placeholder,template,87,input:w4->padded_benes_16x16_s0_w4_5.in,input:w6->padded_benes_16x16_s0_w6_7.in,1221.0,644.0,46.647615158762406,32.0,96.0,8.0,20.0,8.0,0,0,0,1,0,1,1,0,1
crossing,padded_benes,11,B_db_placeholder,template,88,input:w4->padded_benes_16x16_s0_w4_5.in,input:w8->padded_benes_16x16_s0_w8_9.in,725.0,684.0,16.0,172.0,232.0,112.0,80.0,80.0,0,0,0,0,0,0,0,0,0
crossing,padded_benes,11,B_db_placeholder,template,89,input:w4->padded_benes_16x16_s0_w4_5.in,input:w8->padded_benes_16x16_s0_w8_9.in,869.0,728.0,8.0,276.0,84.0,112.0,88.0,84.0,0,0,0,0,1,1,0,1,1
crossing,padded_benes,11,B_db_placeholder,template,90,input:w4->padded_benes_16x16_s0_w4_5.in,input:w9->padded_benes_16x16_s0_w8_9.add,725.0,620.0,16.0,236.0,168.0,96.0,80.0,80.0,0,0,0,0,0,0,0,0,0
crossing,padded_benes,11,B_db_placeholder,template,91,input:w4->padded_benes_16x16_s0_w4_5.in,input:w9->padded_benes_16x16_s0_w8_9.add,869.0,664.0,8.0,212.0,148.0,112.0,80.0,80.0,0,0,0,0,1,1,0,1,1
crossing,padded_benes,11,B_db_placeholder,template,92,input:w4->padded_benes_16x16_s0_w4_5.in,input:w10->padded_benes_16x16_s0_w10_11.in,725.0,556.0,16.0,300.0,104.0,80.0,80.0,80.0,0,0,0,0,0,0,0,0,0
crossing,padded_benes,11,B_db_placeholder,template,93,input:w4->padded_benes_16x16_s0_w4_5.in,input:w10->padded_benes_16x16_s0_w10_11.in,869.0,600.0,8.0,148.0,212.0,112.0,72.0,72.0,0,0,0,0,1,1,0,1,1
crossing,padded_benes,11,B_db_placeholder,template,94,input:w4->padded_benes_16x16_s0_w4_5.in,input:w11->padded_benes_16x16_s0_w10_11.add,725.0,492.0,16.0,364.0,40.0,64.0,80.0,40.0,0,0,0,0,0,0,0,0,0
crossing,padded_benes,11,B_db_placeholder,template,95,input:w4->padded_benes_16x16_s0_w4_5.in,input:w11->padded_benes_16x16_s0_w10_11.add,869.0,536.0,8.0,84.0,276.0,112.0,64.0,64.0,0,0,0,0,1,1,0,1,1
crossing,padded_benes,11,B_db_placeholder,template,96,input:w4->padded_benes_16x16_s0_w4_5.in,input:w12->padded_benes_16x16_s0_w12_13.in,869.0,472.0,8.0,20.0,340.0,112.0,56.0,20.0,0,0,0,0,1,1,0,1,1
crossing,padded_benes,11,B_db_placeholder,template,97,input:w4->padded_benes_16x16_s0_w4_5.in,input:w12->padded_benes_16x16_s0_w12_13.in,757.0,452.0,51.22499389946279,32.0,112.0,8.0,20.0,8.0,0,0,0,1,0,1,1,0,1
crossing,padded_benes,11,B_db_placeholder,template,98,input:w5->padded_benes_16x16_s0_w4_5.add,input:w6->padded_benes_16x16_s0_w6_7.in,237.0,620.0,24.0,76.0,40.0,88.0,104.0,40.0,0,0,0,0,0,0,0,0,0
crossing,padded_benes,11,B_db_placeholder,template,99,input:w5->padded_benes_16x16_s0_w4_5.add,input:w6->padded_benes_16x16_s0_w6_7.in,397.0,684.0,16.0,104.0,64.0,24.0,176.0,24.0,0,0,0,0,0,0,0,0,0
crossing,padded_benes,11,B_db_placeholder,template,100,input:w5->padded_benes_16x16_s0_w4_5.add,input:w6->padded_benes_16x16_s0_w6_7.in,1181.0,620.0,46.647615158762406,172.0,40.0,8.0,88.0,8.0,0,0,0,1,0,1,1,0,1
crossing,padded_benes,11,B_db_placeholder,template,101,input:w5->padded_benes_16x16_s0_w4_5.add,input:w6->padded_benes_16x16_s0_w6_7.in,1405.0,652.0,53.665631459994955,80.0,96.0,12.0,104.0,12.0,0,0,0,0,0,0,1,0,1
crossing,padded_benes,11,B_db_placeholder,template,102,input:w5->padded_benes_16x16_s0_w4_5.add,input:w7->padded_benes_16x16_s0_w6_7.add,397.0,620.0,64.0,40.0,128.0,8.0,176.0,8.0,0,0,0,1,0,1,1,0,1
crossing,padded_benes,11,B_db_placeholder,template,103,input:w5->padded_benes_16x16_s0_w4_5.add,input:w7->padded_benes_16x16_s0_w6_7.add,1325.0,600.0,64.4980619863884,20.0,52.0,104.0,72.0,20.0,0,0,0,0,0,0,0,0,0
crossing,padded_benes,11,B_db_placeholder,template,104,input:w5->padded_benes_16x16_s0_w4_5.add,input:w7->padded_benes_16x16_s0_w6_7.add,293.0,580.0,64.0,56.0,104.0,8.0,20.0,8.0,0,0,0,1,0,1,1,0,1
crossing,padded_benes,11,B_db_placeholder,template,105,input:w5->padded_benes_16x16_s0_w4_5.add,input:w7->padded_benes_16x16_s0_w6_7.add,1221.0,580.0,56.568542494923804,40.0,104.0,8.0,20.0,8.0,0,0,0,1,0,1,1,0,1
crossing,padded_benes,11,B_db_placeholder,template,106,input:w5->padded_benes_16x16_s0_w4_5.add,input:w8->padded_benes_16x16_s0_w8_9.in,709.0,684.0,8.0,108.0,296.0,96.0,96.0,96.0,0,0,0,0,1,1,0,1,1
crossing,padded_benes,11,B_db_placeholder,template,107,input:w5->padded_benes_16x16_s0_w4_5.add,input:w8->padded_benes_16x16_s0_w8_9.in,877.0,728.0,8.0,340.0,20.0,120.0,80.0,20.0,0,0,0,0,1,1,0,1,1
crossing,padded_benes,11,B_db_placeholder,template,108,input:w5->padded_benes_16x16_s0_w4_5.add,input:w9->padded_benes_16x16_s0_w8_9.add,709.0,620.0,16.0,172.0,232.0,80.0,96.0,80.0,0,0,0,0,0,0,0,0,0
crossing,padded_benes,11,B_db_placeholder,template,109,input:w5->padded_benes_16x16_s0_w4_5.add,input:w9->padded_benes_16x16_s0_w8_9.add,877.0,664.0,8.0,276.0,84.0,120.0,72.0,72.0,0,0,0,0,1,1,0,1,1
crossing,padded_benes,11,B_db_placeholder,template,110,input:w5->padded_benes_16x16_s0_w4_5.add,input:w10->padded_benes_16x16_s0_w10_11.in,709.0,556.0,16.0,236.0,168.0,64.0,96.0,64.0,0,0,0,0,0,0,0,0,0
crossing,padded_benes,11,B_db_placeholder,template,111,input:w5->padded_benes_16x16_s0_w4_5.add,input:w10->padded_benes_16x16_s0_w10_11.in,877.0,600.0,8.0,212.0,148.0,120.0,64.0,64.0,0,0,0,0,1,1,0,1,1
crossing,padded_benes,11,B_db_placeholder,template,112,input:w5->padded_benes_16x16_s0_w4_5.add,input:w11->padded_benes_16x16_s0_w10_11.add,709.0,492.0,16.0,300.0,104.0,48.0,96.0,48.0,0,0,0,0,0,0,0,0,0
crossing,padded_benes,11,B_db_placeholder,template,113,input:w5->padded_benes_16x16_s0_w4_5.add,input:w11->padded_benes_16x16_s0_w10_11.add,877.0,536.0,8.0,148.0,212.0,120.0,56.0,56.0,0,0,0,0,1,1,0,1,1
crossing,padded_benes,11,B_db_placeholder,template,114,input:w5->padded_benes_16x16_s0_w4_5.add,input:w12->padded_benes_16x16_s0_w12_13.in,709.0,428.0,16.0,364.0,40.0,104.0,96.0,40.0,0,0,0,0,0,0,0,0,0
crossing,padded_benes,11,B_db_placeholder,template,115,input:w5->padded_benes_16x16_s0_w4_5.add,input:w12->padded_benes_16x16_s0_w12_13.in,877.0,472.0,8.0,84.0,276.0,120.0,48.0,48.0,0,0,0,0,1,1,0,1,1
crossing,padded_benes,11,B_db_placeholder,template,116,input:w5->padded_benes_16x16_s0_w4_5.add,input:w13->padded_benes_16x16_s0_w12_13.add,877.0,408.0,8.0,20.0,340.0,120.0,40.0,20.0,0,0,0,0,1,1,0,1,1
crossing,padded_benes,11,B_db_placeholder,template,117,input:w5->padded_benes_16x16_s0_w4_5.add,input:w13->padded_benes_16x16_s0_w12_13.add,757.0,388.0,62.48199740725323,48.0,120.0,8.0,20.0,8.0,0,0,0,1,0,1,1,0,1
crossing,padded_benes,11,B_db_placeholder,template,118,input:w6->padded_benes_16x16_s0_w6_7.in,input:w7->padded_benes_16x16_s0_w6_7.add,149.0,568.0,90.24411338142782,20.0,52.0,88.0,72.0,20.0,0,0,0,0,0,0,0,0,0
crossing,padded_benes,11,B_db_placeholder,template,119,input:w6->padded_benes_16x16_s0_w6_7.in,input:w7->padded_benes_16x16_s0_w6_7.add,1527.0,548.0,74.0,122.0,10.0,20.0,36.0,10.0,0,0,0,0,0,0,1,0,1
crossing,padded_benes,11,B_db_placeholder,template,120,input:w6->padded_benes_16x16_s0_w6_7.in,input:w7->padded_benes_16x16_s0_w6_7.add,61.0,548.0,90.24411338142782,29.0,88.0,8.0,20.0,8.0,0,0,0,1,0,1,1,0,1
crossing,padded_benes,11,B_db_placeholder,template,121,input:w6->padded_benes_16x16_s0_w6_7.in,input:w7->padded_benes_16x16_s0_w6_7.add,1453.0,548.0,74.0,48.0,84.0,8.0,20.0,8.0,0,0,0,1,0,1,1,0,1
crossing,padded_benes,11,B_db_placeholder,template,122,input:w6->padded_benes_16x16_s0_w6_7.in,input:w8->padded_benes_16x16_s0_w8_9.in,693.0,684.0,8.0,44.0,360.0,80.0,112.0,44.0,0,0,0,0,1,1,0,1,1
crossing,padded_benes,11,B_db_placeholder,template,123,input:w6->padded_benes_16x16_s0_w6_7.in,input:w8->padded_benes_16x16_s0_w8_9.in,957.0,684.0,24.0,72.0,80.0,44.0,360.0,44.0,0,0,0,0,0,0,0,0,0
crossing,padded_benes,11,B_db_placeholder,template,124,input:w6->padded_benes_16x16_s0_w6_7.in,input:w9->padded_benes_16x16_s0_w8_9.add,693.0,620.0,8.0,108.0,296.0,64.0,112.0,64.0,0,0,0,0,1,1,0,1,1
crossing,padded_benes,11,B_db_placeholder,template,125,input:w6->padded_benes_16x16_s0_w6_7.in,input:w9->padded_benes_16x16_s0_w8_9.add,885.0,664.0,8.0,340.0,20.0,128.0,64.0,20.0,0,0,0,0,1,1,0,1,1
crossing,padded_benes,11,B_db_placeholder,template,126,input:w6->padded_benes_16x16_s0_w6_7.in,input:w10->padded_benes_16x16_s0_w10_11.in,693.0,556.0,16.0,172.0,232.0,48.0,112.0,48.0,0,0,0,0,0,0,0,0,0
crossing,padded_benes,11,B_db_placeholder,template,127,input:w6->padded_benes_16x16_s0_w6_7.in,input:w10->padded_benes_16x16_s0_w10_11.in,885.0,600.0,8.0,276.0,84.0,128.0,56.0,56.0,0,0,0,0,1,1,0,1,1
crossing,padded_benes,11,B_db_placeholder,template,128,input:w6->padded_benes_16x16_s0_w6_7.in,input:w11->padded_benes_16x16_s0_w10_11.add,693.0,492.0,16.0,236.0,168.0,32.0,112.0,32.0,0,0,0,0,0,0,0,0,0
crossing,padded_benes,11,B_db_placeholder,template,129,input:w6->padded_benes_16x16_s0_w6_7.in,input:w11->padded_benes_16x16_s0_w10_11.add,885.0,536.0,8.0,212.0,148.0,128.0,48.0,48.0,0,0,0,0,1,1,0,1,1
crossing,padded_benes,11,B_db_placeholder,template,130,input:w6->padded_benes_16x16_s0_w6_7.in,input:w12->padded_benes_16x16_s0_w12_13.in,693.0,428.0,16.0,300.0,104.0,88.0,112.0,88.0,0,0,0,0,0,0,0,0,0
crossing,padded_benes,11,B_db_placeholder,template,131,input:w6->padded_benes_16x16_s0_w6_7.in,input:w12->padded_benes_16x16_s0_w12_13.in,885.0,472.0,8.0,148.0,212.0,128.0,40.0,40.0,0,0,0,0,1,1,0,1,1
crossing,padded_benes,11,B_db_placeholder,template,132,input:w6->padded_benes_16x16_s0_w6_7.in,input:w13->padded_benes_16x16_s0_w12_13.add,693.0,364.0,16.0,364.0,40.0,72.0,112.0,40.0,0,0,0,0,0,0,0,0,0
crossing,padded_benes,11,B_db_placeholder,template,133,input:w6->padded_benes_16x16_s0_w6_7.in,input:w13->padded_benes_16x16_s0_w12_13.add,885.0,408.0,8.0,84.0,276.0,128.0,32.0,32.0,0,0,0,0,1,1,0,1,1
crossing,padded_benes,11,B_db_placeholder,template,134,input:w6->padded_benes_16x16_s0_w6_7.in,input:w14->padded_benes_16x16_s0_w14_15.in,885.0,344.0,8.0,20.0,340.0,128.0,24.0,20.0,0,0,0,0,1,1,0,1,1
crossing,padded_benes,11,B_db_placeholder,template,135,input:w6->padded_benes_16x16_s0_w6_7.in,input:w14->padded_benes_16x16_s0_w14_15.in,757.0,324.0,64.0,64.0,128.0,8.0,20.0,8.0,0,0,0,1,0,1,1,0,1
crossing,padded_benes,11,B_db_placeholder,template,136,input:w7->padded_benes_16x16_s0_w6_7.add,input:w8->padded_benes_16x16_s0_w8_9.in,613.0,664.0,20.0,88.0,64.0,340.0,20.0,20.0,0,0,0,0,0,0,0,0,0
crossing,padded_benes,11,B_db_placeholder,template,137,input:w7->padded_benes_16x16_s0_w6_7.add,input:w8->padded_benes_16x16_s0_w8_9.in,957.0,620.0,8.0,64.0,80.0,108.0,296.0,64.0,0,0,0,0,1,1,0,1,1
crossing,padded_benes,11,B_db_placeholder,template,138,input:w7->padded_benes_16x16_s0_w6_7.add,input:w9->padded_benes_16x16_s0_w8_9.add,677.0,620.0,8.0,44.0,360.0,48.0,128.0,44.0,0,0,0,0,1,1,0,1,1
crossing,padded_benes,11,B_db_placeholder,template,139,input:w7->padded_benes_16x16_s0_w6_7.add,input:w9->padded_benes_16x16_s0_w8_9.add,949.0,620.0,8.0,56.0,88.0,44.0,360.0,44.0,0,0,0,0,1,1,0,1,1
crossing,padded_benes,11,B_db_placeholder,template,140,input:w7->padded_benes_16x16_s0_w6_7.add,input:w10->padded_benes_16x16_s0_w10_11.in,677.0,556.0,8.0,108.0,296.0,32.0,128.0,32.0,0,0,0,0,1,1,0,1,1
crossing,padded_benes,11,B_db_placeholder,template,141,input:w7->padded_benes_16x16_s0_w6_7.add,input:w10->padded_benes_16x16_s0_w10_11.in,893.0,600.0,8.0,340.0,20.0,136.0,48.0,20.0,0,0,0,0,1,1,0,1,1
crossing,padded_benes,11,B_db_placeholder,template,142,input:w7->padded_benes_16x16_s0_w6_7.add,input:w11->padded_benes_16x16_s0_w10_11.add,677.0,492.0,16.0,172.0,232.0,16.0,128.0,16.0,0,0,0,0,0,0,0,0,0
crossing,padded_benes,11,B_db_placeholder,template,143,input:w7->padded_benes_16x16_s0_w6_7.add,input:w11->padded_benes_16x16_s0_w10_11.add,893.0,536.0,8.0,276.0,84.0,136.0,40.0,40.0,0,0,0,0,1,1,0,1,1
crossing,padded_benes,11,B_db_placeholder,template,144,input:w7->padded_benes_16x16_s0_w6_7.add,input:w12->padded_benes_16x16_s0_w12_13.in,677.0,428.0,16.0,236.0,168.0,72.0,128.0,72.0,0,0,0,0,0,0,0,0,0
crossing,padded_benes,11,B_db_placeholder,template,145,input:w7->padded_benes_16x16_s0_w6_7.add,input:w12->padded_benes_16x16_s0_w12_13.in,893.0,472.0,8.0,212.0,148.0,136.0,32.0,32.0,0,0,0,0,1,1,0,1,1
crossing,padded_benes,11,B_db_placeholder,template,146,input:w7->padded_benes_16x16_s0_w6_7.add,input:w13->padded_benes_16x16_s0_w12_13.add,677.0,364.0,16.0,300.0,104.0,56.0,128.0,56.0,0,0,0,0,0,0,0,0,0
crossing,padded_benes,11,B_db_placeholder,template,147,input:w7->padded_benes_16x16_s0_w6_7.add,input:w13->padded_benes_16x16_s0_w12_13.add,893.0,408.0,8.0,148.0,212.0,136.0,24.0,24.0,0,0,0,0,1,1,0,1,1
crossing,padded_benes,11,B_db_placeholder,template,148,input:w7->padded_benes_16x16_s0_w6_7.add,input:w14->padded_benes_16x16_s0_w14_15.in,677.0,300.0,16.0,364.0,40.0,40.0,128.0,40.0,0,0,0,0,0,0,0,0,0
crossing,padded_benes,11,B_db_placeholder,template,149,input:w7->padded_benes_16x16_s0_w6_7.add,input:w14->padded_benes_16x16_s0_w14_15.in,893.0,344.0,8.0,84.0,276.0,136.0,16.0,16.0,0,0,0,0,1,1,0,1,1
crossing,padded_benes,11,B_db_placeholder,template,150,input:w7->padded_benes_16x16_s0_w6_7.add,input:w15->padded_benes_16x16_s0_w14_15.add,893.0,280.0,44.721359549995796,20.0,340.0,136.0,8.0,8.0,0,0,0,1,0,1,1,0,1
crossing,padded_benes,11,B_db_placeholder,template,151,input:w7->padded_benes_16x16_s0_w6_7.add,input:w15->padded_benes_16x16_s0_w14_15.add,757.0,260.0,64.0,80.0,136.0,8.0,20.0,8.0,0,0,0,1,0,1,1,0,1
crossing,padded_benes,11,B_db_placeholder,template,152,input:w8->padded_benes_16x16_s0_w8_9.in,input:w9->padded_benes_16x16_s0_w8_9.add,213.0,388.0,24.0,8.0,240.0,52.0,64.0,8.0,0,0,0,1,0,1,1,0,1
crossing,padded_benes,11,B_db_placeholder,template,153,input:w8->padded_benes_16x16_s0_w8_9.in,input:w9->padded_benes_16x16_s0_w8_9.add,1527.0,420.0,74.0,194.0,10.0,20.0,36.0,10.0,0,0,0,0,0,0,1,0,1
crossing,padded_benes,11,B_db_placeholder,template,154,input:w8->padded_benes_16x16_s0_w8_9.in,input:w9->padded_benes_16x16_s0_w8_9.add,61.0,420.0,128.0,29.0,144.0,8.0,20.0,8.0,0,0,0,1,0,1,1,0,1
crossing,padded_benes,11,B_db_placeholder,template,155,input:w8->padded_benes_16x16_s0_w8_9.in,input:w9->padded_benes_16x16_s0_w8_9.add,1453.0,420.0,68.35202996254024,120.0,84.0,8.0,20.0,8.0,0,0,0,1,0,1,1,0,1
crossing,padded_benes,11,B_db_placeholder,template,156,input:w8->padded_benes_16x16_s0_w8_9.in,input:w10->padded_benes_16x16_s0_w10_11.in,461.0,324.0,24.0,8.0,152.0,84.0,128.0,8.0,0,0,0,1,0,1,1,0,1
crossing,padded_benes,11,B_db_placeholder,template,157,input:w8->padded_benes_16x16_s0_w8_9.in,input:w10->padded_benes_16x16_s0_w10_11.in,1333.0,408.0,57.271284253105414,20.0,12.0,112.0,56.0,12.0,0,0,0,0,0,0,1,0,1
crossing,padded_benes,11,B_db_placeholder,template,158,input:w8->padded_benes_16x16_s0_w8_9.in,input:w10->padded_benes_16x16_s0_w10_11.in,293.0,388.0,64.0,88.0,160.0,8.0,20.0,8.0,0,0,0,1,0,1,1,0,1
crossing,padded_benes,11,B_db_placeholder,template,159,input:w8->padded_benes_16x16_s0_w8_9.in,input:w10->padded_benes_16x16_s0_w10_11.in,1221.0,388.0,64.0,120.0,112.0,8.0,20.0,8.0,0,0,0,1,0,1,1,0,1
crossing,padded_benes,11,B_db_placeholder,template,160,input:w8->padded_benes_16x16_s0_w8_9.in,input:w12->padded_benes_16x16_s0_w12_13.in,613.0,428.0,16.0,104.0,256.0,8.0,192.0,8.0,0,0,0,1,0,1,1,0,1
crossing,padded_benes,11,B_db_placeholder,template,161,input:w8->padded_benes_16x16_s0_w8_9.in,input:w12->padded_benes_16x16_s0_w12_13.in,1101.0,344.0,16.0,20.0,44.0,112.0,56.0,20.0,0,0,0,0,0,0,0,0,0
crossing,padded_benes,11,B_db_placeholder,template,162,input:w8->padded_benes_16x16_s0_w8_9.in,input:w12->padded_benes_16x16_s0_w12_13.in,525.0,324.0,64.0,72.0,88.0,8.0,20.0,8.0,0,0,0,1,0,1,1,0,1
crossing,padded_benes,11,B_db_placeholder,template,163,input:w8->padded_benes_16x16_s0_w8_9.in,input:w12->padded_benes_16x16_s0_w12_13.in,989.0,324.0,46.647615158762406,32.0,112.0,8.0,20.0,8.0,0,0,0,1,0,1,1,0,1
crossing,padded_benes,11,B_db_placeholder,template,164,input:w9->padded_benes_16x16_s0_w8_9.add,input:w10->padded_benes_16x16_s0_w10_11.in,213.0,364.0,24.0,76.0,40.0,56.0,128.0,40.0,0,0,0,0,0,0,0,0,0
crossing,padded_benes,11,B_db_placeholder,template,165,input:w9->padded_benes_16x16_s0_w8_9.add,input:w10->padded_benes_16x16_s0_w10_11.in,461.0,260.0,16.0,24.0,168.0,148.0,64.0,24.0,0,0,0,0,0,0,0,0,0
crossing,padded_benes,11,B_db_placeholder,template,166,input:w9->padded_benes_16x16_s0_w8_9.add,input:w10->padded_benes_16x16_s0_w10_11.in,1117.0,324.0,20.0,8.0,224.0,128.0,40.0,8.0,0,0,0,1,0,1,1,0,1
crossing,padded_benes,11,B_db_placeholder,template,167,input:w9->padded_benes_16x16_s0_w8_9.add,input:w10->padded_benes_16x16_s0_w10_11.in,1389.0,396.0,57.271284253105414,48.0,112.0,12.0,104.0,12.0,0,0,0,0,0,0,1,0,1
crossing,padded_benes,11,B_db_placeholder,template,168,input:w9->padded_benes_16x16_s0_w8_9.add,input:w11->padded_benes_16x16_s0_w10_11.add,445.0,260.0,16.0,8.0,184.0,84.0,128.0,8.0,0,0,0,1,0,1,1,0,1
crossing,padded_benes,11,B_db_placeholder,template,169,input:w9->padded_benes_16x16_s0_w8_9.add,input:w11->padded_benes_16x16_s0_w10_11.add,1341.0,344.0,64.4980619863884,20.0,52.0,120.0,40.0,20.0,0,0,0,0,0,0,0,0,0
crossing,padded_benes,11,B_db_placeholder,template,170,input:w9->padded_benes_16x16_s0_w8_9.add,input:w11->padded_benes_16x16_s0_w10_11.add,293.0,324.0,64.0,80.0,144.0,8.0,20.0,8.0,0,0,0,1,0,1,1,0,1
crossing,padded_benes,11,B_db_placeholder,template,171,input:w9->padded_benes_16x16_s0_w8_9.add,input:w11->padded_benes_16x16_s0_w10_11.add,1221.0,324.0,64.0,112.0,120.0,8.0,20.0,8.0,0,0,0,1,0,1,1,0,1
crossing,padded_benes,11,B_db_placeholder,template,172,input:w9->padded_benes_16x16_s0_w8_9.add,input:w12->padded_benes_16x16_s0_w12_13.in,437.0,300.0,8.0,24.0,40.0,24.0,136.0,24.0,0,0,0,0,1,1,0,1,1
crossing,padded_benes,11,B_db_placeholder,template,173,input:w9->padded_benes_16x16_s0_w8_9.add,input:w12->padded_benes_16x16_s0_w12_13.in,629.0,428.0,16.0,168.0,192.0,24.0,176.0,24.0,0,0,0,0,0,0,0,0,0
crossing,padded_benes,11,B_db_placeholder,template,174,input:w9->padded_benes_16x16_s0_w8_9.add,input:w12->padded_benes_16x16_s0_w12_13.in,949.0,300.0,8.0,364.0,40.0,24.0,88.0,24.0,0,0,0,0,1,1,0,1,1
crossing,padded_benes,11,B_db_placeholder,template,175,input:w9->padded_benes_16x16_s0_w8_9.add,input:w12->padded_benes_16x16_s0_w12_13.in,1157.0,324.0,24.0,48.0,184.0,20.0,192.0,20.0,0,0,0,0,0,0,0,0,0
crossing,padded_benes,11,B_db_placeholder,template,176,input:w9->padded_benes_16x16_s0_w8_9.add,input:w13->padded_benes_16x16_s0_w12_13.add,629.0,364.0,16.0,104.0,256.0,8.0,176.0,8.0,0,0,0,1,0,1,1,0,1
crossing,padded_benes,11,B_db_placeholder,template,177,input:w9->padded_benes_16x16_s0_w8_9.add,input:w13->padded_benes_16x16_s0_w12_13.add,1109.0,280.0,8.0,20.0,44.0,120.0,40.0,20.0,0,0,0,0,1,1,0,1,1
crossing,padded_benes,11,B_db_placeholder,template,178,input:w9->padded_benes_16x16_s0_w8_9.add,input:w13->padded_benes_16x16_s0_w12_13.add,525.0,260.0,64.0,88.0,104.0,8.0,20.0,8.0,0,0,0,1,0,1,1,0,1
crossing,padded_benes,11,B_db_placeholder,template,179,input:w9->padded_benes_16x16_s0_w8_9.add,input:w13->padded_benes_16x16_s0_w12_13.add,989.0,260.0,53.665631459994955,40.0,120.0,8.0,20.0,8.0,0,0,0,1,0,1,1,0,1
crossing,padded_benes,11,B_db_placeholder,template,180,input:w10->padded_benes_16x16_s0_w10_11.in,input:w11->padded_benes_16x16_s0_w10_11.add,157.0,312.0,76.4198926981712,20.0,52.0,96.0,40.0,20.0,0,0,0,0,0,0,0,0,0
crossing,padded_benes,11,B_db_placeholder,template,181,input:w10->padded_benes_16x16_s0_w10_11.in,input:w11->padded_benes_16x16_s0_w10_11.add,1527.0,292.0,74.0,138.0,10.0,20.0,36.0,10.0,0,0,0,0,0,0,1,0,1
crossing,padded_benes,11,B_db_placeholder,template,182,input:w10->padded_benes_16x16_s0_w10_11.in,input:w11->padded_benes_16x16_s0_w10_11.add,61.0,292.0,98.0612053770501,29.0,96.0,8.0,20.0,8.0,0,0,0,1,0,1,1,0,1
crossing,padded_benes,11,B_db_placeholder,template,183,input:w10->padded_benes_16x16_s0_w10_11.in,input:w11->padded_benes_16x16_s0_w10_11.add,1453.0,292.0,74.0,64.0,84.0,8.0,20.0,8.0,0,0,0,1,0,1,1,0,1
crossing,padded_benes,11,B_db_placeholder,template,184,input:w10->padded_benes_16x16_s0_w10_11.in,input:w12->padded_benes_16x16_s0_w12_13.in,461.0,300.0,16.0,108.0,104.0,48.0,112.0,48.0,0,0,0,0,0,0,0,0,0
crossing,padded_benes,11,B_db_placeholder,template,185,input:w10->padded_benes_16x16_s0_w10_11.in,input:w12->padded_benes_16x16_s0_w12_13.in,645.0,428.0,16.0,232.0,128.0,40.0,160.0,40.0,0,0,0,0,0,0,0,0,0
crossing,padded_benes,11,B_db_placeholder,template,186,input:w10->padded_benes_16x16_s0_w10_11.in,input:w12->padded_benes_16x16_s0_w12_13.in,941.0,300.0,8.0,300.0,104.0,16.0,96.0,16.0,0,0,0,0,1,1,0,1,1
crossing,padded_benes,11,B_db_placeholder,template,187,input:w10->padded_benes_16x16_s0_w10_11.in,input:w12->padded_benes_16x16_s0_w12_13.in,1117.0,344.0,16.0,148.0,20.0,128.0,40.0,20.0,0,0,0,0,0,0,0,0,0
crossing,padded_benes,11,B_db_placeholder,template,188,input:w10->padded_benes_16x16_s0_w10_11.in,input:w13->padded_benes_16x16_s0_w12_13.add,461.0,236.0,16.0,172.0,40.0,32.0,112.0,32.0,0,0,0,0,0,0,0,0,0
crossing,padded_benes,11,B_db_placeholder,template,189,input:w10->padded_benes_16x16_s0_w10_11.in,input:w13->padded_benes_16x16_s0_w12_13.add,645.0,364.0,16.0,168.0,192.0,24.0,160.0,24.0,0,0,0,0,0,0,0,0,0
crossing,padded_benes,11,B_db_placeholder,template,190,input:w10->padded_benes_16x16_s0_w10_11.in,input:w13->padded_benes_16x16_s0_w12_13.add,941.0,236.0,8.0,364.0,40.0,24.0,96.0,24.0,0,0,0,0,1,1,0,1,1
crossing,padded_benes,11,B_db_placeholder,template,191,input:w10->padded_benes_16x16_s0_w10_11.in,input:w13->padded_benes_16x16_s0_w12_13.add,1117.0,280.0,8.0,84.0,84.0,128.0,32.0,32.0,0,0,0,0,1,1,0,1,1
crossing,padded_benes,11,B_db_placeholder,template,192,input:w10->padded_benes_16x16_s0_w10_11.in,input:w14->padded_benes_16x16_s0_w14_15.in,645.0,300.0,16.0,104.0,256.0,8.0,160.0,8.0,0,0,0,1,0,1,1,0,1
crossing,padded_benes,11,B_db_placeholder,template,193,input:w10->padded_benes_16x16_s0_w10_11.in,input:w14->padded_benes_16x16_s0_w14_15.in,1117.0,216.0,8.0,20.0,148.0,128.0,24.0,20.0,0,0,0,0,1,1,0,1,1
crossing,padded_benes,11,B_db_placeholder,template,194,input:w10->padded_benes_16x16_s0_w10_11.in,input:w14->padded_benes_16x16_s0_w14_15.in,525.0,196.0,64.0,64.0,120.0,8.0,20.0,8.0,0,0,0,1,0,1,1,0,1
crossing,padded_benes,11,B_db_placeholder,template,195,input:w10->padded_benes_16x16_s0_w10_11.in,input:w14->padded_benes_16x16_s0_w14_15.in,989.0,196.0,60.92618484691127,48.0,128.0,8.0,20.0,8.0,0,0,0,1,0,1,1,0,1
crossing,padded_benes,11,B_db_placeholder,template,196,input:w11->padded_benes_16x16_s0_w10_11.add,input:w12->padded_benes_16x16_s0_w12_13.in,445.0,300.0,8.0,44.0,168.0,32.0,128.0,32.0,0,0,0,0,1,1,0,1,1
crossing,padded_benes,11,B_db_placeholder,template,197,input:w11->padded_benes_16x16_s0_w10_11.add,input:w12->padded_benes_16x16_s0_w12_13.in,661.0,428.0,16.0,296.0,64.0,56.0,144.0,56.0,0,0,0,0,0,0,0,0,0
crossing,padded_benes,11,B_db_placeholder,template,198,input:w11->padded_benes_16x16_s0_w10_11.add,input:w12->padded_benes_16x16_s0_w12_13.in,933.0,300.0,8.0,236.0,168.0,8.0,104.0,8.0,0,0,0,1,1,1,1,1,1
crossing,padded_benes,11,B_db_placeholder,template,199,input:w11->padded_benes_16x16_s0_w10_11.add,input:w12->padded_benes_16x16_s0_w12_13.in,1157.0,300.0,24.0,32.0,112.0,44.0,168.0,32.0,0,0,0,0,0,0,0,0,0
crossing,padded_benes,11,B_db_placeholder,template,200,input:w11->padded_benes_16x16_s0_w10_11.add,input:w13->padded_benes_16x16_s0_w12_13.add,445.0,236.0,16.0,108.0,104.0,16.0,128.0,16.0,0,0,0,0,0,0,0,0,0
crossing,padded_benes,11,B_db_placeholder,template,201,input:w11->padded_benes_16x16_s0_w10_11.add,input:w13->padded_benes_16x16_s0_w12_13.add,661.0,364.0,16.0,232.0,128.0,40.0,144.0,40.0,0,0,0,0,0,0,0,0,0
crossing,padded_benes,11,B_db_placeholder,template,202,input:w11->padded_benes_16x16_s0_w10_11.add,input:w13->padded_benes_16x16_s0_w12_13.add,933.0,236.0,8.0,300.0,104.0,16.0,104.0,16.0,0,0,0,0,1,1,0,1,1
crossing,padded_benes,11,B_db_placeholder,template,203,input:w11->padded_benes_16x16_s0_w10_11.add,input:w13->padded_benes_16x16_s0_w12_13.add,1125.0,280.0,8.0,148.0,20.0,136.0,24.0,20.0,0,0,0,0,1,1,0,1,1
crossing,padded_benes,11,B_db_placeholder,template,204,input:w11->padded_benes_16x16_s0_w10_11.add,input:w14->padded_benes_16x16_s0_w14_15.in,445.0,172.0,16.0,172.0,40.0,40.0,128.0,40.0,0,0,0,0,0,0,0,0,0
crossing,padded_benes,11,B_db_placeholder,template,205,input:w11->padded_benes_16x16_s0_w10_11.add,input:w14->padded_benes_16x16_s0_w14_15.in,661.0,300.0,16.0,168.0,192.0,24.0,144.0,24.0,0,0,0,0,0,0,0,0,0
crossing,padded_benes,11,B_db_placeholder,template,206,input:w11->padded_benes_16x16_s0_w10_11.add,input:w14->padded_benes_16x16_s0_w14_15.in,933.0,172.0,60.92618484691127,364.0,40.0,24.0,104.0,24.0,0,0,0,0,0,0,0,0,0
crossing,padded_benes,11,B_db_placeholder,template,207,input:w11->padded_benes_16x16_s0_w10_11.add,input:w14->padded_benes_16x16_s0_w14_15.in,1125.0,216.0,8.0,84.0,84.0,136.0,16.0,16.0,0,0,0,0,1,1,0,1,1
crossing,padded_benes,11,B_db_placeholder,template,208,input:w11->padded_benes_16x16_s0_w10_11.add,input:w15->padded_benes_16x16_s0_w14_15.add,661.0,236.0,64.0,104.0,256.0,8.0,144.0,8.0,0,0,0,1,0,1,1,0,1
crossing,padded_benes,11,B_db_placeholder,template,209,input:w11->padded_benes_16x16_s0_w10_11.add,input:w15->padded_benes_16x16_s0_w14_15.add,1125.0,152.0,50.11985634456667,20.0,148.0,136.0,8.0,8.0,0,0,0,1,0,1,1,0,1
crossing,padded_benes,11,B_db_placeholder,template,210,input:w11->padded_benes_16x16_s0_w10_11.add,input:w15->padded_benes_16x16_s0_w14_15.add,525.0,132.0,64.0,80.0,136.0,8.0,20.0,8.0,0,0,0,1,0,1,1,0,1
crossing,padded_benes,11,B_db_placeholder,template,211,input:w11->padded_benes_16x16_s0_w10_11.add,input:w15->padded_benes_16x16_s0_w14_15.add,989.0,132.0,64.0,56.0,136.0,8.0,20.0,8.0,0,0,0,1,0,1,1,0,1
crossing,padded_benes,11,B_db_placeholder,template,212,input:w12->padded_benes_16x16_s0_w12_13.in,input:w13->padded_benes_16x16_s0_w12_13.add,189.0,132.0,24.0,8.0,224.0,52.0,64.0,8.0,0,0,0,1,0,1,1,0,1
crossing,padded_benes,11,B_db_placeholder,template,213,input:w12->padded_benes_16x16_s0_w12_13.in,input:w13->padded_benes_16x16_s0_w12_13.add,1527.0,164.0,74.0,178.0,10.0,20.0,36.0,10.0,0,0,0,0,0,0,1,0,1
crossing,padded_benes,11,B_db_placeholder,template,214,input:w12->padded_benes_16x16_s0_w12_13.in,input:w13->padded_benes_16x16_s0_w12_13.add,61.0,164.0,128.0,29.0,120.0,8.0,20.0,8.0,0,0,0,1,0,1,1,0,1
crossing,padded_benes,11,B_db_placeholder,template,215,input:w12->padded_benes_16x16_s0_w12_13.in,input:w13->padded_benes_16x16_s0_w12_13.add,1453.0,164.0,74.0,104.0,84.0,8.0,20.0,8.0,0,0,0,1,0,1,1,0,1
crossing,padded_benes,11,B_db_placeholder,template,216,input:w12->padded_benes_16x16_s0_w12_13.in,input:w14->padded_benes_16x16_s0_w14_15.in,413.0,172.0,16.0,40.0,128.0,8.0,160.0,8.0,0,0,0,1,0,1,1,0,1
crossing,padded_benes,11,B_db_placeholder,template,217,input:w12->padded_benes_16x16_s0_w12_13.in,input:w14->padded_benes_16x16_s0_w14_15.in,1349.0,152.0,26.832815729997478,20.0,12.0,128.0,24.0,12.0,0,0,0,0,0,0,1,0,1
crossing,padded_benes,11,B_db_placeholder,template,218,input:w12->padded_benes_16x16_s0_w12_13.in,input:w14->padded_benes_16x16_s0_w14_15.in,293.0,132.0,64.0,112.0,120.0,8.0,20.0,8.0,0,0,0,1,0,1,1,0,1
crossing,padded_benes,11,B_db_placeholder,template,219,input:w12->padded_benes_16x16_s0_w12_13.in,input:w14->padded_benes_16x16_s0_w14_15.in,1221.0,132.0,64.0,64.0,128.0,8.0,20.0,8.0,0,0,0,1,0,1,1,0,1
crossing,padded_benes,11,B_db_placeholder,template,220,input:w13->padded_benes_16x16_s0_w12_13.add,input:w14->padded_benes_16x16_s0_w14_15.in,189.0,108.0,24.0,76.0,40.0,24.0,152.0,24.0,0,0,0,0,0,0,0,0,0
crossing,padded_benes,11,B_db_placeholder,template,221,input:w13->padded_benes_16x16_s0_w12_13.add,input:w14->padded_benes_16x16_s0_w14_15.in,429.0,172.0,16.0,104.0,64.0,24.0,144.0,24.0,0,0,0,0,0,0,0,0,0
crossing,padded_benes,11,B_db_placeholder,template,222,input:w13->padded_benes_16x16_s0_w12_13.add,input:w14->padded_benes_16x16_s0_w14_15.in,1149.0,108.0,50.11985634456667,172.0,40.0,8.0,120.0,8.0,0,0,0,1,0,1,1,0,1
crossing,padded_benes,11,B_db_placeholder,template,223,input:w13->padded_benes_16x16_s0_w12_13.add,input:w14->padded_benes_16x16_s0_w14_15.in,1373.0,140.0,26.832815729997478,16.0,128.0,12.0,104.0,12.0,0,0,0,0,0,0,1,0,1
crossing,padded_benes,11,B_db_placeholder,template,224,input:w13->padded_benes_16x16_s0_w12_13.add,input:w15->padded_benes_16x16_s0_w14_15.add,429.0,108.0,64.0,40.0,128.0,8.0,144.0,8.0,0,0,0,1,0,1,1,0,1
crossing,padded_benes,11,B_db_placeholder,template,225,input:w13->padded_benes_16x16_s0_w12_13.add,input:w15->padded_benes_16x16_s0_w14_15.add,1357.0,88.0,54.405882034941776,20.0,52.0,136.0,8.0,8.0,0,0,0,1,0,1,1,0,1
crossing,padded_benes,11,B_db_placeholder,template,226,input:w13->padded_benes_16x16_s0_w12_13.add,input:w15->padded_benes_16x16_s0_w14_15.add,293.0,68.0,64.0,104.0,136.0,8.0,20.0,8.0,0,0,0,1,0,1,1,0,1
crossing,padded_benes,11,B_db_placeholder,template,227,input:w13->padded_benes_16x16_s0_w12_13.add,input:w15->padded_benes_16x16_s0_w14_15.add,1221.0,68.0,64.0,72.0,136.0,8.0,20.0,8.0,0,0,0,1,0,1,1,0,1
crossing,padded_benes,11,B_db_placeholder,template,228,input:w14->padded_benes_16x16_s0_w14_15.in,input:w15->padded_benes_16x16_s0_w14_15.add,165.0,56.0,57.271284253105414,20.0,52.0,104.0,8.0,8.0,0,0,0,1,0,1,1,0,1
crossing,padded_benes,11,B_db_placeholder,template,229,input:w14->padded_benes_16x16_s0_w14_15.in,input:w15->padded_benes_16x16_s0_w14_15.add,1527.0,36.0,74.0,154.0,10.0,20.0,36.0,10.0,0,0,0,0,0,0,1,0,1
crossing,padded_benes,11,B_db_placeholder,template,230,input:w14->padded_benes_16x16_s0_w14_15.in,input:w15->padded_benes_16x16_s0_w14_15.add,61.0,36.0,105.90561835898981,29.0,104.0,8.0,20.0,8.0,0,0,0,1,0,1,1,0,1
crossing,padded_benes,11,B_db_placeholder,template,231,input:w14->padded_benes_16x16_s0_w14_15.in,input:w15->padded_benes_16x16_s0_w14_15.add,1453.0,36.0,74.0,80.0,84.0,8.0,20.0,8.0,0,0,0,1,0,1,1,0,1
crossing,padded_benes,11,C_db_realistic,template,0,input:w0->padded_benes_16x16_s0_w0_1.in,input:w1->padded_benes_16x16_s0_w0_1.add,261.0,900.0,24.0,8.0,224.0,52.0,64.0,8.0,0,0,0,1,0,1,1,0,1
crossing,padded_benes,11,C_db_realistic,template,1,input:w0->padded_benes_16x16_s0_w0_1.in,input:w1->padded_benes_16x16_s0_w0_1.add,1527.0,932.0,74.0,226.0,10.0,20.0,36.0,10.0,0,0,0,0,0,0,1,0,1
crossing,padded_benes,11,C_db_realistic,template,2,input:w0->padded_benes_16x16_s0_w0_1.in,input:w1->padded_benes_16x16_s0_w0_1.add,61.0,932.0,128.0,29.0,192.0,8.0,20.0,8.0,0,0,0,1,0,1,1,0,1
crossing,padded_benes,11,C_db_realistic,template,3,input:w0->padded_benes_16x16_s0_w0_1.in,input:w1->padded_benes_16x16_s0_w0_1.add,1453.0,932.0,40.0,152.0,84.0,8.0,20.0,8.0,0,0,0,1,0,1,1,0,1
crossing,padded_benes,11,C_db_realistic,template,4,input:w0->padded_benes_16x16_s0_w0_1.in,input:w2->padded_benes_16x16_s0_w2_3.in,493.0,836.0,24.0,8.0,224.0,84.0,128.0,8.0,0,0,0,1,0,1,1,0,1
crossing,padded_benes,11,C_db_realistic,template,5,input:w0->padded_benes_16x16_s0_w0_1.in,input:w2->padded_benes_16x16_s0_w2_3.in,1301.0,920.0,64.4980619863884,20.0,12.0,80.0,120.0,12.0,0,0,0,0,0,0,1,0,1
crossing,padded_benes,11,C_db_realistic,template,6,input:w0->padded_benes_16x16_s0_w0_1.in,input:w2->padded_benes_16x16_s0_w2_3.in,293.0,900.0,32.0,40.0,192.0,8.0,20.0,8.0,0,0,0,1,0,1,1,0,1
crossing,padded_benes,11,C_db_realistic,template,7,input:w0->padded_benes_16x16_s0_w0_1.in,input:w2->padded_benes_16x16_s0_w2_3.in,1221.0,900.0,64.0,152.0,80.0,8.0,20.0,8.0,0,0,0,1,0,1,1,0,1
crossing,padded_benes,11,C_db_realistic,template,8,input:w0->padded_benes_16x16_s0_w0_1.in,input:w4->padded_benes_16x16_s0_w4_5.in,725.0,708.0,24.0,8.0,112.0,148.0,256.0,8.0,0,0,0,1,0,1,1,0,1
crossing,padded_benes,11,C_db_realistic,template,9,input:w0->padded_benes_16x16_s0_w0_1.in,input:w4->padded_benes_16x16_s0_w4_5.in,1069.0,856.0,16.0,20.0,44.0,80.0,120.0,20.0,0,0,0,0,0,0,0,0,0
crossing,padded_benes,11,C_db_realistic,template,10,input:w0->padded_benes_16x16_s0_w0_1.in,input:w4->padded_benes_16x16_s0_w4_5.in,525.0,836.0,32.0,40.0,192.0,8.0,20.0,8.0,0,0,0,1,0,1,1,0,1
crossing,padded_benes,11,C_db_realistic,template,11,input:w0->padded_benes_16x16_s0_w0_1.in,input:w4->padded_benes_16x16_s0_w4_5.in,989.0,836.0,64.0,152.0,80.0,8.0,20.0,8.0,0,0,0,1,0,1,1,0,1
crossing,padded_benes,11,C_db_realistic,template,12,input:w0->padded_benes_16x16_s0_w0_1.in,input:w8->padded_benes_16x16_s0_w8_9.in,837.0,728.0,8.0,20.0,108.0,80.0,120.0,20.0,0,0,0,0,1,1,0,1,1
crossing,padded_benes,11,C_db_realistic,template,13,input:w0->padded_benes_16x16_s0_w0_1.in,input:w8->padded_benes_16x16_s0_w8_9.in,757.0,708.0,32.0,40.0,80.0,8.0,20.0,8.0,0,0,0,1,0,1,1,0,1
crossing,padded_benes,11,C_db_realistic,template,14,input:w1->padded_benes_16x16_s0_w0_1.add,input:w2->padded_benes_16x16_s0_w2_3.in,261.0,876.0,24.0,76.0,40.0,120.0,80.0,40.0,0,0,0,0,0,0,0,0,0
crossing,padded_benes,11,C_db_realistic,template,15,input:w1->padded_benes_16x16_s0_w0_1.add,input:w2->padded_benes_16x16_s0_w2_3.in,493.0,772.0,16.0,24.0,208.0,148.0,64.0,24.0,0,0,0,0,0,0,0,0,0
crossing,padded_benes,11,C_db_realistic,template,16,input:w1->padded_benes_16x16_s0_w0_1.add,input:w2->padded_benes_16x16_s0_w2_3.in,1085.0,836.0,20.0,8.0,224.0,128.0,40.0,8.0,0,0,0,1,0,1,1,0,1
crossing,padded_benes,11,C_db_realistic,template,17,input:w1->padded_benes_16x16_s0_w0_1.add,input:w2->padded_benes_16x16_s0_w2_3.in,1421.0,908.0,40.0,112.0,80.0,12.0,104.0,12.0,0,0,0,0,0,0,1,0,1
crossing,padded_benes,11,C_db_realistic,template,18,input:w1->padded_benes_16x16_s0_w0_1.add,input:w3->padded_benes_16x16_s0_w2_3.add,477.0,772.0,16.0,8.0,224.0,84.0,128.0,8.0,0,0,0,1,0,1,1,0,1
crossing,padded_benes,11,C_db_realistic,template,19,input:w1->padded_benes_16x16_s0_w0_1.add,input:w3->padded_benes_16x16_s0_w2_3.add,1309.0,856.0,64.4980619863884,20.0,52.0,88.0,104.0,20.0,0,0,0,0,0,0,0,0,0
crossing,padded_benes,11,C_db_realistic,template,20,input:w1->padded_benes_16x16_s0_w0_1.add,input:w3->padded_benes_16x16_s0_w2_3.add,293.0,836.0,51.22499389946279,32.0,176.0,8.0,20.0,8.0,0,0,0,1,0,1,1,0,1
crossing,padded_benes,11,C_db_realistic,template,21,input:w1->padded_benes_16x16_s0_w0_1.add,input:w3->padded_benes_16x16_s0_w2_3.add,1221.0,836.0,32.0,144.0,88.0,8.0,20.0,8.0,0,0,0,1,0,1,1,0,1
crossing,padded_benes,11,C_db_realistic,template,22,input:w1->padded_benes_16x16_s0_w0_1.add,input:w4->padded_benes_16x16_s0_w4_5.in,469.0,812.0,8.0,24.0,40.0,88.0,104.0,24.0,0,0,0,0,1,1,0,1,1
crossing,padded_benes,11,C_db_realistic,template,23,input:w1->padded_benes_16x16_s0_w0_1.add,input:w4->padded_benes_16x16_s0_w4_5.in,725.0,644.0,16.0,24.0,120.0,212.0,192.0,24.0,0,0,0,0,0,0,0,0,0
crossing,padded_benes,11,C_db_realistic,template,24,input:w1->padded_benes_16x16_s0_w0_1.add,input:w4->padded_benes_16x16_s0_w4_5.in,869.0,772.0,44.0,24.0,208.0,320.0,40.0,24.0,0,0,0,0,0,0,0,0,0
crossing,padded_benes,11,C_db_realistic,template,25,input:w1->padded_benes_16x16_s0_w0_1.add,input:w4->padded_benes_16x16_s0_w4_5.in,1189.0,836.0,24.0,112.0,120.0,20.0,192.0,20.0,0,0,0,0,0,0,0,0,0
crossing,padded_benes,11,C_db_realistic,template,26,input:w1->padded_benes_16x16_s0_w0_1.add,input:w5->padded_benes_16x16_s0_w4_5.add,709.0,644.0,16.0,8.0,136.0,148.0,256.0,8.0,0,0,0,1,0,1,1,0,1
crossing,padded_benes,11,C_db_realistic,template,27,input:w1->padded_benes_16x16_s0_w0_1.add,input:w5->padded_benes_16x16_s0_w4_5.add,1077.0,792.0,8.0,20.0,44.0,88.0,104.0,20.0,0,0,0,0,1,1,0,1,1
crossing,padded_benes,11,C_db_realistic,template,28,input:w1->padded_benes_16x16_s0_w0_1.add,input:w5->padded_benes_16x16_s0_w4_5.add,525.0,772.0,32.0,56.0,176.0,8.0,20.0,8.0,0,0,0,1,0,1,1,0,1
crossing,padded_benes,11,C_db_realistic,template,29,input:w1->padded_benes_16x16_s0_w0_1.add,input:w5->padded_benes_16x16_s0_w4_5.add,989.0,772.0,64.0,144.0,88.0,8.0,20.0,8.0,0,0,0,1,0,1,1,0,1
crossing,padded_benes,11,C_db_realistic,template,30,input:w1->padded_benes_16x16_s0_w0_1.add,input:w8->padded_benes_16x16_s0_w8_9.in,701.0,684.0,8.0,88.0,40.0,88.0,104.0,40.0,0,0,0,0,1,1,0,1,1
crossing,padded_benes,11,C_db_realistic,template,31,input:w1->padded_benes_16x16_s0_w0_1.add,input:w8->padded_benes_16x16_s0_w8_9.in,845.0,728.0,8.0,84.0,44.0,88.0,112.0,44.0,0,0,0,0,1,1,0,1,1
crossing,padded_benes,11,C_db_realistic,template,32,input:w1->padded_benes_16x16_s0_w0_1.add,input:w9->padded_benes_16x16_s0_w8_9.add,845.0,664.0,8.0,20.0,108.0,88.0,104.0,20.0,0,0,0,0,1,1,0,1,1
crossing,padded_benes,11,C_db_realistic,template,33,input:w1->padded_benes_16x16_s0_w0_1.add,input:w9->padded_benes_16x16_s0_w8_9.add,757.0,644.0,32.0,56.0,88.0,8.0,20.0,8.0,0,0,0,1,0,1,1,0,1
crossing,padded_benes,11,C_db_realistic,template,34,input:w2->padded_benes_16x16_s0_w2_3.in,input:w3->padded_benes_16x16_s0_w2_3.add,141.0,824.0,82.46211251235322,20.0,52.0,80.0,104.0,20.0,0,0,0,0,0,0,0,0,0
crossing,padded_benes,11,C_db_realistic,template,35,input:w2->padded_benes_16x16_s0_w2_3.in,input:w3->padded_benes_16x16_s0_w2_3.add,1527.0,804.0,74.0,106.0,10.0,20.0,36.0,10.0,0,0,0,0,0,0,1,0,1
crossing,padded_benes,11,C_db_realistic,template,36,input:w2->padded_benes_16x16_s0_w2_3.in,input:w3->padded_benes_16x16_s0_w2_3.add,61.0,804.0,82.46211251235322,29.0,80.0,8.0,20.0,8.0,0,0,0,1,0,1,1,0,1
crossing,padded_benes,11,C_db_realistic,template,37,input:w2->padded_benes_16x16_s0_w2_3.in,input:w3->padded_benes_16x16_s0_w2_3.add,1453.0,804.0,74.0,32.0,84.0,8.0,20.0,8.0,0,0,0,1,0,1,1,0,1
crossing,padded_benes,11,C_db_realistic,template,38,input:w2->padded_benes_16x16_s0_w2_3.in,input:w4->padded_benes_16x16_s0_w4_5.in,493.0,812.0,16.0,108.0,104.0,112.0,80.0,80.0,0,0,0,0,0,0,0,0,0
crossing,padded_benes,11,C_db_realistic,template,39,input:w2->padded_benes_16x16_s0_w2_3.in,input:w4->padded_benes_16x16_s0_w4_5.in,725.0,580.0,16.0,40.0,128.0,276.0,128.0,40.0,0,0,0,0,0,0,0,0,0
crossing,padded_benes,11,C_db_realistic,template,40,input:w2->padded_benes_16x16_s0_w2_3.in,input:w4->padded_benes_16x16_s0_w4_5.in,869.0,708.0,8.0,16.0,216.0,256.0,104.0,16.0,0,0,0,0,1,1,0,1,1
crossing,padded_benes,11,C_db_realistic,template,41,input:w2->padded_benes_16x16_s0_w2_3.in,input:w4->padded_benes_16x16_s0_w4_5.in,1085.0,856.0,16.0,148.0,20.0,96.0,104.0,20.0,0,0,0,0,0,0,0,0,0
crossing,padded_benes,11,C_db_realistic,template,42,input:w2->padded_benes_16x16_s0_w2_3.in,input:w5->padded_benes_16x16_s0_w4_5.add,493.0,748.0,16.0,172.0,40.0,96.0,80.0,40.0,0,0,0,0,0,0,0,0,0
crossing,padded_benes,11,C_db_realistic,template,43,input:w2->padded_benes_16x16_s0_w2_3.in,input:w5->padded_benes_16x16_s0_w4_5.add,709.0,580.0,16.0,24.0,144.0,212.0,192.0,24.0,0,0,0,0,0,0,0,0,0
crossing,padded_benes,11,C_db_realistic,template,44,input:w2->padded_benes_16x16_s0_w2_3.in,input:w5->padded_benes_16x16_s0_w4_5.add,877.0,708.0,8.0,24.0,208.0,320.0,40.0,24.0,0,0,0,0,1,1,0,1,1
crossing,padded_benes,11,C_db_realistic,template,45,input:w2->padded_benes_16x16_s0_w2_3.in,input:w5->padded_benes_16x16_s0_w4_5.add,1085.0,792.0,8.0,84.0,84.0,96.0,96.0,84.0,0,0,0,0,1,1,0,1,1
crossing,padded_benes,11,C_db_realistic,template,46,input:w2->padded_benes_16x16_s0_w2_3.in,input:w6->padded_benes_16x16_s0_w6_7.in,693.0,580.0,16.0,8.0,160.0,148.0,256.0,8.0,0,0,0,1,0,1,1,0,1
crossing,padded_benes,11,C_db_realistic,template,47,input:w2->padded_benes_16x16_s0_w2_3.in,input:w6->padded_benes_16x16_s0_w6_7.in,1085.0,728.0,8.0,20.0,148.0,96.0,88.0,20.0,0,0,0,0,1,1,0,1,1
crossing,padded_benes,11,C_db_realistic,template,48,input:w2->padded_benes_16x16_s0_w2_3.in,input:w6->padded_benes_16x16_s0_w6_7.in,525.0,708.0,51.22499389946279,32.0,160.0,8.0,20.0,8.0,0,0,0,1,0,1,1,0,1
crossing,padded_benes,11,C_db_realistic,template,49,input:w2->padded_benes_16x16_s0_w2_3.in,input:w6->padded_benes_16x16_s0_w6_7.in,989.0,708.0,32.0,136.0,96.0,8.0,20.0,8.0,0,0,0,1,0,1,1,0,1
crossing,padded_benes,11,C_db_realistic,template,50,input:w2->padded_benes_16x16_s0_w2_3.in,input:w8->padded_benes_16x16_s0_w8_9.in,685.0,684.0,8.0,24.0,104.0,72.0,120.0,24.0,0,0,0,0,1,1,0,1,1
crossing,padded_benes,11,C_db_realistic,template,51,input:w2->padded_benes_16x16_s0_w2_3.in,input:w8->padded_benes_16x16_s0_w8_9.in,957.0,708.0,24.0,104.0,128.0,20.0,384.0,20.0,0,0,0,0,0,0,0,0,0
crossing,padded_benes,11,C_db_realistic,template,52,input:w2->padded_benes_16x16_s0_w2_3.in,input:w9->padded_benes_16x16_s0_w8_9.add,685.0,620.0,8.0,88.0,40.0,56.0,120.0,40.0,0,0,0,0,1,1,0,1,1
crossing,padded_benes,11,C_db_realistic,template,53,input:w2->padded_benes_16x16_s0_w2_3.in,input:w9->padded_benes_16x16_s0_w8_9.add,853.0,664.0,8.0,84.0,44.0,96.0,96.0,44.0,0,0,0,0,1,1,0,1,1
crossing,padded_benes,11,C_db_realistic,template,54,input:w2->padded_benes_16x16_s0_w2_3.in,input:w10->padded_benes_16x16_s0_w10_11.in,853.0,600.0,8.0,20.0,108.0,96.0,88.0,20.0,0,0,0,0,1,1,0,1,1
crossing,padded_benes,11,C_db_realistic,template,55,input:w2->padded_benes_16x16_s0_w2_3.in,input:w10->padded_benes_16x16_s0_w10_11.in,757.0,580.0,32.0,72.0,96.0,8.0,20.0,8.0,0,0,0,1,0,1,1,0,1
crossing,padded_benes,11,C_db_realistic,template,56,input:w3->padded_benes_16x16_s0_w2_3.add,input:w4->padded_benes_16x16_s0_w4_5.in,477.0,812.0,8.0,44.0,168.0,96.0,96.0,44.0,0,0,0,0,1,1,0,1,1
crossing,padded_benes,11,C_db_realistic,template,57,input:w3->padded_benes_16x16_s0_w2_3.add,input:w4->padded_benes_16x16_s0_w4_5.in,725.0,516.0,16.0,56.0,136.0,340.0,64.0,56.0,0,0,0,0,0,0,0,0,0
crossing,padded_benes,11,C_db_realistic,template,58,input:w3->padded_benes_16x16_s0_w2_3.add,input:w4->padded_benes_16x16_s0_w4_5.in,869.0,644.0,8.0,8.0,224.0,192.0,168.0,8.0,0,0,0,1,1,1,1,1,1
crossing,padded_benes,11,C_db_realistic,template,59,input:w3->padded_benes_16x16_s0_w2_3.add,input:w4->padded_benes_16x16_s0_w4_5.in,1189.0,812.0,24.0,96.0,80.0,44.0,168.0,44.0,0,0,0,0,0,0,0,0,0
crossing,padded_benes,11,C_db_realistic,template,60,input:w3->padded_benes_16x16_s0_w2_3.add,input:w5->padded_benes_16x16_s0_w4_5.add,477.0,748.0,16.0,108.0,104.0,80.0,96.0,80.0,0,0,0,0,0,0,0,0,0
crossing,padded_benes,11,C_db_realistic,template,61,input:w3->padded_benes_16x16_s0_w2_3.add,input:w5->padded_benes_16x16_s0_w4_5.add,709.0,516.0,16.0,40.0,152.0,276.0,128.0,40.0,0,0,0,0,0,0,0,0,0
crossing,padded_benes,11,C_db_realistic,template,62,input:w3->padded_benes_16x16_s0_w2_3.add,input:w5->padded_benes_16x16_s0_w4_5.add,877.0,644.0,8.0,16.0,216.0,256.0,104.0,16.0,0,0,0,0,1,1,0,1,1
crossing,padded_benes,11,C_db_realistic,template,63,input:w3->padded_benes_16x16_s0_w2_3.add,input:w5->padded_benes_16x16_s0_w4_5.add,1093.0,792.0,8.0,148.0,20.0,104.0,88.0,20.0,0,0,0,0,1,1,0,1,1
crossing,padded_benes,11,C_db_realistic,template,64,input:w3->padded_benes_16x16_s0_w2_3.add,input:w6->padded_benes_16x16_s0_w6_7.in,477.0,684.0,53.665631459994955,172.0,40.0,104.0,96.0,40.0,0,0,0,0,0,0,0,0,0
crossing,padded_benes,11,C_db_realistic,template,65,input:w3->padded_benes_16x16_s0_w2_3.add,input:w6->padded_benes_16x16_s0_w6_7.in,693.0,516.0,16.0,24.0,168.0,212.0,192.0,24.0,0,0,0,0,0,0,0,0,0
crossing,padded_benes,11,C_db_realistic,template,66,input:w3->padded_benes_16x16_s0_w2_3.add,input:w6->padded_benes_16x16_s0_w6_7.in,885.0,644.0,8.0,24.0,208.0,320.0,40.0,24.0,0,0,0,0,1,1,0,1,1
crossing,padded_benes,11,C_db_realistic,template,67,input:w3->padded_benes_16x16_s0_w2_3.add,input:w6->padded_benes_16x16_s0_w6_7.in,1093.0,728.0,8.0,84.0,84.0,104.0,80.0,80.0,0,0,0,0,1,1,0,1,1
crossing,padded_benes,11,C_db_realistic,template,68,input:w3->padded_benes_16x16_s0_w2_3.add,input:w7->padded_benes_16x16_s0_w6_7.add,677.0,516.0,16.0,8.0,184.0,148.0,256.0,8.0,0,0,0,1,0,1,1,0,1
crossing,padded_benes,11,C_db_realistic,template,69,input:w3->padded_benes_16x16_s0_w2_3.add,input:w7->padded_benes_16x16_s0_w6_7.add,1093.0,664.0,64.0,20.0,148.0,104.0,72.0,20.0,0,0,0,0,0,0,0,0,0
crossing,padded_benes,11,C_db_realistic,template,70,input:w3->padded_benes_16x16_s0_w2_3.add,input:w7->padded_benes_16x16_s0_w6_7.add,525.0,644.0,62.48199740725323,48.0,144.0,8.0,20.0,8.0,0,0,0,1,0,1,1,0,1
crossing,padded_benes,11,C_db_realistic,template,71,input:w3->padded_benes_16x16_s0_w2_3.add,input:w7->padded_benes_16x16_s0_w6_7.add,989.0,644.0,32.0,128.0,104.0,8.0,20.0,8.0,0,0,0,1,0,1,1,0,1
crossing,padded_benes,11,C_db_realistic,template,72,input:w3->padded_benes_16x16_s0_w2_3.add,input:w8->padded_benes_16x16_s0_w8_9.in,613.0,644.0,20.0,136.0,56.0,320.0,40.0,40.0,0,0,0,0,0,0,0,0,0
crossing,padded_benes,11,C_db_realistic,template,73,input:w3->padded_benes_16x16_s0_w2_3.add,input:w8->padded_benes_16x16_s0_w8_9.in,957.0,644.0,8.0,96.0,136.0,84.0,320.0,84.0,0,0,0,0,1,1,0,1,1
crossing,padded_benes,11,C_db_realistic,template,74,input:w3->padded_benes_16x16_s0_w2_3.add,input:w9->padded_benes_16x16_s0_w8_9.add,669.0,620.0,8.0,24.0,104.0,40.0,136.0,24.0,0,0,0,0,1,1,0,1,1
crossing,padded_benes,11,C_db_realistic,template,75,input:w3->padded_benes_16x16_s0_w2_3.add,input:w9->padded_benes_16x16_s0_w8_9.add,949.0,644.0,8.0,88.0,144.0,20.0,384.0,20.0,0,0,0,0,1,1,0,1,1
crossing,padded_benes,11,C_db_realistic,template,76,input:w3->padded_benes_16x16_s0_w2_3.add,input:w10->padded_benes_16x16_s0_w10_11.in,669.0,556.0,8.0,88.0,40.0,24.0,136.0,24.0,0,0,0,0,1,1,0,1,1
crossing,padded_benes,11,C_db_realistic,template,77,input:w3->padded_benes_16x16_s0_w2_3.add,input:w10->padded_benes_16x16_s0_w10_11.in,861.0,600.0,8.0,84.0,44.0,104.0,80.0,44.0,0,0,0,0,1,1,0,1,1
crossing,padded_benes,11,C_db_realistic,template,78,input:w3->padded_benes_16x16_s0_w2_3.add,input:w11->padded_benes_16x16_s0_w10_11.add,861.0,536.0,8.0,20.0,108.0,104.0,72.0,20.0,0,0,0,0,1,1,0,1,1
crossing,padded_benes,11,C_db_realistic,template,79,input:w3->padded_benes_16x16_s0_w2_3.add,input:w11->padded_benes_16x16_s0_w10_11.add,757.0,516.0,32.0,88.0,104.0,8.0,20.0,8.0,0,0,0,1,0,1,1,0,1
crossing,padded_benes,11,C_db_realistic,template,80,input:w4->padded_benes_16x16_s0_w4_5.in,input:w5->padded_benes_16x16_s0_w4_5.add,237.0,644.0,24.0,8.0,144.0,52.0,64.0,8.0,0,0,0,1,0,1,1,0,1
crossing,padded_benes,11,C_db_realistic,template,81,input:w4->padded_benes_16x16_s0_w4_5.in,input:w5->padded_benes_16x16_s0_w4_5.add,1527.0,676.0,74.0,210.0,10.0,20.0,36.0,10.0,0,0,0,0,0,0,1,0,1
crossing,padded_benes,11,C_db_realistic,template,82,input:w4->padded_benes_16x16_s0_w4_5.in,input:w5->padded_benes_16x16_s0_w4_5.add,61.0,676.0,128.0,29.0,168.0,8.0,20.0,8.0,0,0,0,1,0,1,1,0,1
crossing,padded_benes,11,C_db_realistic,template,83,input:w4->padded_benes_16x16_s0_w4_5.in,input:w5->padded_benes_16x16_s0_w4_5.add,1453.0,676.0,53.665631459994955,136.0,84.0,8.0,20.0,8.0,0,0,0,1,0,1,1,0,1
crossing,padded_benes,11,C_db_realistic,template,84,input:w4->padded_benes_16x16_s0_w4_5.in,input:w6->padded_benes_16x16_s0_w6_7.in,381.0,684.0,16.0,40.0,128.0,8.0,192.0,8.0,0,0,0,1,0,1,1,0,1
crossing,padded_benes,11,C_db_realistic,template,85,input:w4->padded_benes_16x16_s0_w4_5.in,input:w6->padded_benes_16x16_s0_w6_7.in,1317.0,664.0,64.4980619863884,20.0,12.0,96.0,88.0,12.0,0,0,0,0,0,0,1,0,1
crossing,padded_benes,11,C_db_realistic,template,86,input:w4->padded_benes_16x16_s0_w4_5.in,input:w6->padded_benes_16x16_s0_w6_7.in,293.0,644.0,56.0,64.0,88.0,8.0,20.0,8.0,0,0,0,1,0,1,1,0,1
crossing,padded_benes,11,C_db_realistic,template,87,input:w4->padded_benes_16x16_s0_w4_5.in,input:w6->padded_benes_16x16_s0_w6_7.in,1221.0,644.0,46.647615158762406,32.0,96.0,8.0,20.0,8.0,0,0,0,1,0,1,1,0,1
crossing,padded_benes,11,C_db_realistic,template,88,input:w4->padded_benes_16x16_s0_w4_5.in,input:w8->padded_benes_16x16_s0_w8_9.in,725.0,684.0,16.0,172.0,232.0,112.0,80.0,80.0,0,0,0,0,0,0,0,0,0
crossing,padded_benes,11,C_db_realistic,template,89,input:w4->padded_benes_16x16_s0_w4_5.in,input:w8->padded_benes_16x16_s0_w8_9.in,869.0,728.0,8.0,276.0,84.0,112.0,88.0,84.0,0,0,0,0,1,1,0,1,1
crossing,padded_benes,11,C_db_realistic,template,90,input:w4->padded_benes_16x16_s0_w4_5.in,input:w9->padded_benes_16x16_s0_w8_9.add,725.0,620.0,16.0,236.0,168.0,96.0,80.0,80.0,0,0,0,0,0,0,0,0,0
crossing,padded_benes,11,C_db_realistic,template,91,input:w4->padded_benes_16x16_s0_w4_5.in,input:w9->padded_benes_16x16_s0_w8_9.add,869.0,664.0,8.0,212.0,148.0,112.0,80.0,80.0,0,0,0,0,1,1,0,1,1
crossing,padded_benes,11,C_db_realistic,template,92,input:w4->padded_benes_16x16_s0_w4_5.in,input:w10->padded_benes_16x16_s0_w10_11.in,725.0,556.0,16.0,300.0,104.0,80.0,80.0,80.0,0,0,0,0,0,0,0,0,0
crossing,padded_benes,11,C_db_realistic,template,93,input:w4->padded_benes_16x16_s0_w4_5.in,input:w10->padded_benes_16x16_s0_w10_11.in,869.0,600.0,8.0,148.0,212.0,112.0,72.0,72.0,0,0,0,0,1,1,0,1,1
crossing,padded_benes,11,C_db_realistic,template,94,input:w4->padded_benes_16x16_s0_w4_5.in,input:w11->padded_benes_16x16_s0_w10_11.add,725.0,492.0,16.0,364.0,40.0,64.0,80.0,40.0,0,0,0,0,0,0,0,0,0
crossing,padded_benes,11,C_db_realistic,template,95,input:w4->padded_benes_16x16_s0_w4_5.in,input:w11->padded_benes_16x16_s0_w10_11.add,869.0,536.0,8.0,84.0,276.0,112.0,64.0,64.0,0,0,0,0,1,1,0,1,1
crossing,padded_benes,11,C_db_realistic,template,96,input:w4->padded_benes_16x16_s0_w4_5.in,input:w12->padded_benes_16x16_s0_w12_13.in,869.0,472.0,8.0,20.0,340.0,112.0,56.0,20.0,0,0,0,0,1,1,0,1,1
crossing,padded_benes,11,C_db_realistic,template,97,input:w4->padded_benes_16x16_s0_w4_5.in,input:w12->padded_benes_16x16_s0_w12_13.in,757.0,452.0,51.22499389946279,32.0,112.0,8.0,20.0,8.0,0,0,0,1,0,1,1,0,1
crossing,padded_benes,11,C_db_realistic,template,98,input:w5->padded_benes_16x16_s0_w4_5.add,input:w6->padded_benes_16x16_s0_w6_7.in,237.0,620.0,24.0,76.0,40.0,88.0,104.0,40.0,0,0,0,0,0,0,0,0,0
crossing,padded_benes,11,C_db_realistic,template,99,input:w5->padded_benes_16x16_s0_w4_5.add,input:w6->padded_benes_16x16_s0_w6_7.in,397.0,684.0,16.0,104.0,64.0,24.0,176.0,24.0,0,0,0,0,0,0,0,0,0
crossing,padded_benes,11,C_db_realistic,template,100,input:w5->padded_benes_16x16_s0_w4_5.add,input:w6->padded_benes_16x16_s0_w6_7.in,1181.0,620.0,46.647615158762406,172.0,40.0,8.0,88.0,8.0,0,0,0,1,0,1,1,0,1
crossing,padded_benes,11,C_db_realistic,template,101,input:w5->padded_benes_16x16_s0_w4_5.add,input:w6->padded_benes_16x16_s0_w6_7.in,1405.0,652.0,53.665631459994955,80.0,96.0,12.0,104.0,12.0,0,0,0,0,0,0,1,0,1
crossing,padded_benes,11,C_db_realistic,template,102,input:w5->padded_benes_16x16_s0_w4_5.add,input:w7->padded_benes_16x16_s0_w6_7.add,397.0,620.0,64.0,40.0,128.0,8.0,176.0,8.0,0,0,0,1,0,1,1,0,1
crossing,padded_benes,11,C_db_realistic,template,103,input:w5->padded_benes_16x16_s0_w4_5.add,input:w7->padded_benes_16x16_s0_w6_7.add,1325.0,600.0,64.4980619863884,20.0,52.0,104.0,72.0,20.0,0,0,0,0,0,0,0,0,0
crossing,padded_benes,11,C_db_realistic,template,104,input:w5->padded_benes_16x16_s0_w4_5.add,input:w7->padded_benes_16x16_s0_w6_7.add,293.0,580.0,64.0,56.0,104.0,8.0,20.0,8.0,0,0,0,1,0,1,1,0,1
crossing,padded_benes,11,C_db_realistic,template,105,input:w5->padded_benes_16x16_s0_w4_5.add,input:w7->padded_benes_16x16_s0_w6_7.add,1221.0,580.0,56.568542494923804,40.0,104.0,8.0,20.0,8.0,0,0,0,1,0,1,1,0,1
crossing,padded_benes,11,C_db_realistic,template,106,input:w5->padded_benes_16x16_s0_w4_5.add,input:w8->padded_benes_16x16_s0_w8_9.in,709.0,684.0,8.0,108.0,296.0,96.0,96.0,96.0,0,0,0,0,1,1,0,1,1
crossing,padded_benes,11,C_db_realistic,template,107,input:w5->padded_benes_16x16_s0_w4_5.add,input:w8->padded_benes_16x16_s0_w8_9.in,877.0,728.0,8.0,340.0,20.0,120.0,80.0,20.0,0,0,0,0,1,1,0,1,1
crossing,padded_benes,11,C_db_realistic,template,108,input:w5->padded_benes_16x16_s0_w4_5.add,input:w9->padded_benes_16x16_s0_w8_9.add,709.0,620.0,16.0,172.0,232.0,80.0,96.0,80.0,0,0,0,0,0,0,0,0,0
crossing,padded_benes,11,C_db_realistic,template,109,input:w5->padded_benes_16x16_s0_w4_5.add,input:w9->padded_benes_16x16_s0_w8_9.add,877.0,664.0,8.0,276.0,84.0,120.0,72.0,72.0,0,0,0,0,1,1,0,1,1
crossing,padded_benes,11,C_db_realistic,template,110,input:w5->padded_benes_16x16_s0_w4_5.add,input:w10->padded_benes_16x16_s0_w10_11.in,709.0,556.0,16.0,236.0,168.0,64.0,96.0,64.0,0,0,0,0,0,0,0,0,0
crossing,padded_benes,11,C_db_realistic,template,111,input:w5->padded_benes_16x16_s0_w4_5.add,input:w10->padded_benes_16x16_s0_w10_11.in,877.0,600.0,8.0,212.0,148.0,120.0,64.0,64.0,0,0,0,0,1,1,0,1,1
crossing,padded_benes,11,C_db_realistic,template,112,input:w5->padded_benes_16x16_s0_w4_5.add,input:w11->padded_benes_16x16_s0_w10_11.add,709.0,492.0,16.0,300.0,104.0,48.0,96.0,48.0,0,0,0,0,0,0,0,0,0
crossing,padded_benes,11,C_db_realistic,template,113,input:w5->padded_benes_16x16_s0_w4_5.add,input:w11->padded_benes_16x16_s0_w10_11.add,877.0,536.0,8.0,148.0,212.0,120.0,56.0,56.0,0,0,0,0,1,1,0,1,1
crossing,padded_benes,11,C_db_realistic,template,114,input:w5->padded_benes_16x16_s0_w4_5.add,input:w12->padded_benes_16x16_s0_w12_13.in,709.0,428.0,16.0,364.0,40.0,104.0,96.0,40.0,0,0,0,0,0,0,0,0,0
crossing,padded_benes,11,C_db_realistic,template,115,input:w5->padded_benes_16x16_s0_w4_5.add,input:w12->padded_benes_16x16_s0_w12_13.in,877.0,472.0,8.0,84.0,276.0,120.0,48.0,48.0,0,0,0,0,1,1,0,1,1
crossing,padded_benes,11,C_db_realistic,template,116,input:w5->padded_benes_16x16_s0_w4_5.add,input:w13->padded_benes_16x16_s0_w12_13.add,877.0,408.0,8.0,20.0,340.0,120.0,40.0,20.0,0,0,0,0,1,1,0,1,1
crossing,padded_benes,11,C_db_realistic,template,117,input:w5->padded_benes_16x16_s0_w4_5.add,input:w13->padded_benes_16x16_s0_w12_13.add,757.0,388.0,62.48199740725323,48.0,120.0,8.0,20.0,8.0,0,0,0,1,0,1,1,0,1
crossing,padded_benes,11,C_db_realistic,template,118,input:w6->padded_benes_16x16_s0_w6_7.in,input:w7->padded_benes_16x16_s0_w6_7.add,149.0,568.0,90.24411338142782,20.0,52.0,88.0,72.0,20.0,0,0,0,0,0,0,0,0,0
crossing,padded_benes,11,C_db_realistic,template,119,input:w6->padded_benes_16x16_s0_w6_7.in,input:w7->padded_benes_16x16_s0_w6_7.add,1527.0,548.0,74.0,122.0,10.0,20.0,36.0,10.0,0,0,0,0,0,0,1,0,1
crossing,padded_benes,11,C_db_realistic,template,120,input:w6->padded_benes_16x16_s0_w6_7.in,input:w7->padded_benes_16x16_s0_w6_7.add,61.0,548.0,90.24411338142782,29.0,88.0,8.0,20.0,8.0,0,0,0,1,0,1,1,0,1
crossing,padded_benes,11,C_db_realistic,template,121,input:w6->padded_benes_16x16_s0_w6_7.in,input:w7->padded_benes_16x16_s0_w6_7.add,1453.0,548.0,74.0,48.0,84.0,8.0,20.0,8.0,0,0,0,1,0,1,1,0,1
crossing,padded_benes,11,C_db_realistic,template,122,input:w6->padded_benes_16x16_s0_w6_7.in,input:w8->padded_benes_16x16_s0_w8_9.in,693.0,684.0,8.0,44.0,360.0,80.0,112.0,44.0,0,0,0,0,1,1,0,1,1
crossing,padded_benes,11,C_db_realistic,template,123,input:w6->padded_benes_16x16_s0_w6_7.in,input:w8->padded_benes_16x16_s0_w8_9.in,957.0,684.0,24.0,72.0,80.0,44.0,360.0,44.0,0,0,0,0,0,0,0,0,0
crossing,padded_benes,11,C_db_realistic,template,124,input:w6->padded_benes_16x16_s0_w6_7.in,input:w9->padded_benes_16x16_s0_w8_9.add,693.0,620.0,8.0,108.0,296.0,64.0,112.0,64.0,0,0,0,0,1,1,0,1,1
crossing,padded_benes,11,C_db_realistic,template,125,input:w6->padded_benes_16x16_s0_w6_7.in,input:w9->padded_benes_16x16_s0_w8_9.add,885.0,664.0,8.0,340.0,20.0,128.0,64.0,20.0,0,0,0,0,1,1,0,1,1
crossing,padded_benes,11,C_db_realistic,template,126,input:w6->padded_benes_16x16_s0_w6_7.in,input:w10->padded_benes_16x16_s0_w10_11.in,693.0,556.0,16.0,172.0,232.0,48.0,112.0,48.0,0,0,0,0,0,0,0,0,0
crossing,padded_benes,11,C_db_realistic,template,127,input:w6->padded_benes_16x16_s0_w6_7.in,input:w10->padded_benes_16x16_s0_w10_11.in,885.0,600.0,8.0,276.0,84.0,128.0,56.0,56.0,0,0,0,0,1,1,0,1,1
crossing,padded_benes,11,C_db_realistic,template,128,input:w6->padded_benes_16x16_s0_w6_7.in,input:w11->padded_benes_16x16_s0_w10_11.add,693.0,492.0,16.0,236.0,168.0,32.0,112.0,32.0,0,0,0,0,0,0,0,0,0
crossing,padded_benes,11,C_db_realistic,template,129,input:w6->padded_benes_16x16_s0_w6_7.in,input:w11->padded_benes_16x16_s0_w10_11.add,885.0,536.0,8.0,212.0,148.0,128.0,48.0,48.0,0,0,0,0,1,1,0,1,1
crossing,padded_benes,11,C_db_realistic,template,130,input:w6->padded_benes_16x16_s0_w6_7.in,input:w12->padded_benes_16x16_s0_w12_13.in,693.0,428.0,16.0,300.0,104.0,88.0,112.0,88.0,0,0,0,0,0,0,0,0,0
crossing,padded_benes,11,C_db_realistic,template,131,input:w6->padded_benes_16x16_s0_w6_7.in,input:w12->padded_benes_16x16_s0_w12_13.in,885.0,472.0,8.0,148.0,212.0,128.0,40.0,40.0,0,0,0,0,1,1,0,1,1
crossing,padded_benes,11,C_db_realistic,template,132,input:w6->padded_benes_16x16_s0_w6_7.in,input:w13->padded_benes_16x16_s0_w12_13.add,693.0,364.0,16.0,364.0,40.0,72.0,112.0,40.0,0,0,0,0,0,0,0,0,0
crossing,padded_benes,11,C_db_realistic,template,133,input:w6->padded_benes_16x16_s0_w6_7.in,input:w13->padded_benes_16x16_s0_w12_13.add,885.0,408.0,8.0,84.0,276.0,128.0,32.0,32.0,0,0,0,0,1,1,0,1,1
crossing,padded_benes,11,C_db_realistic,template,134,input:w6->padded_benes_16x16_s0_w6_7.in,input:w14->padded_benes_16x16_s0_w14_15.in,885.0,344.0,8.0,20.0,340.0,128.0,24.0,20.0,0,0,0,0,1,1,0,1,1
crossing,padded_benes,11,C_db_realistic,template,135,input:w6->padded_benes_16x16_s0_w6_7.in,input:w14->padded_benes_16x16_s0_w14_15.in,757.0,324.0,64.0,64.0,128.0,8.0,20.0,8.0,0,0,0,1,0,1,1,0,1
crossing,padded_benes,11,C_db_realistic,template,136,input:w7->padded_benes_16x16_s0_w6_7.add,input:w8->padded_benes_16x16_s0_w8_9.in,613.0,664.0,20.0,88.0,64.0,340.0,20.0,20.0,0,0,0,0,0,0,0,0,0
crossing,padded_benes,11,C_db_realistic,template,137,input:w7->padded_benes_16x16_s0_w6_7.add,input:w8->padded_benes_16x16_s0_w8_9.in,957.0,620.0,8.0,64.0,80.0,108.0,296.0,64.0,0,0,0,0,1,1,0,1,1
crossing,padded_benes,11,C_db_realistic,template,138,input:w7->padded_benes_16x16_s0_w6_7.add,input:w9->padded_benes_16x16_s0_w8_9.add,677.0,620.0,8.0,44.0,360.0,48.0,128.0,44.0,0,0,0,0,1,1,0,1,1
crossing,padded_benes,11,C_db_realistic,template,139,input:w7->padded_benes_16x16_s0_w6_7.add,input:w9->padded_benes_16x16_s0_w8_9.add,949.0,620.0,8.0,56.0,88.0,44.0,360.0,44.0,0,0,0,0,1,1,0,1,1
crossing,padded_benes,11,C_db_realistic,template,140,input:w7->padded_benes_16x16_s0_w6_7.add,input:w10->padded_benes_16x16_s0_w10_11.in,677.0,556.0,8.0,108.0,296.0,32.0,128.0,32.0,0,0,0,0,1,1,0,1,1
crossing,padded_benes,11,C_db_realistic,template,141,input:w7->padded_benes_16x16_s0_w6_7.add,input:w10->padded_benes_16x16_s0_w10_11.in,893.0,600.0,8.0,340.0,20.0,136.0,48.0,20.0,0,0,0,0,1,1,0,1,1
crossing,padded_benes,11,C_db_realistic,template,142,input:w7->padded_benes_16x16_s0_w6_7.add,input:w11->padded_benes_16x16_s0_w10_11.add,677.0,492.0,16.0,172.0,232.0,16.0,128.0,16.0,0,0,0,0,0,0,0,0,0
crossing,padded_benes,11,C_db_realistic,template,143,input:w7->padded_benes_16x16_s0_w6_7.add,input:w11->padded_benes_16x16_s0_w10_11.add,893.0,536.0,8.0,276.0,84.0,136.0,40.0,40.0,0,0,0,0,1,1,0,1,1
crossing,padded_benes,11,C_db_realistic,template,144,input:w7->padded_benes_16x16_s0_w6_7.add,input:w12->padded_benes_16x16_s0_w12_13.in,677.0,428.0,16.0,236.0,168.0,72.0,128.0,72.0,0,0,0,0,0,0,0,0,0
crossing,padded_benes,11,C_db_realistic,template,145,input:w7->padded_benes_16x16_s0_w6_7.add,input:w12->padded_benes_16x16_s0_w12_13.in,893.0,472.0,8.0,212.0,148.0,136.0,32.0,32.0,0,0,0,0,1,1,0,1,1
crossing,padded_benes,11,C_db_realistic,template,146,input:w7->padded_benes_16x16_s0_w6_7.add,input:w13->padded_benes_16x16_s0_w12_13.add,677.0,364.0,16.0,300.0,104.0,56.0,128.0,56.0,0,0,0,0,0,0,0,0,0
crossing,padded_benes,11,C_db_realistic,template,147,input:w7->padded_benes_16x16_s0_w6_7.add,input:w13->padded_benes_16x16_s0_w12_13.add,893.0,408.0,8.0,148.0,212.0,136.0,24.0,24.0,0,0,0,0,1,1,0,1,1
crossing,padded_benes,11,C_db_realistic,template,148,input:w7->padded_benes_16x16_s0_w6_7.add,input:w14->padded_benes_16x16_s0_w14_15.in,677.0,300.0,16.0,364.0,40.0,40.0,128.0,40.0,0,0,0,0,0,0,0,0,0
crossing,padded_benes,11,C_db_realistic,template,149,input:w7->padded_benes_16x16_s0_w6_7.add,input:w14->padded_benes_16x16_s0_w14_15.in,893.0,344.0,8.0,84.0,276.0,136.0,16.0,16.0,0,0,0,0,1,1,0,1,1
crossing,padded_benes,11,C_db_realistic,template,150,input:w7->padded_benes_16x16_s0_w6_7.add,input:w15->padded_benes_16x16_s0_w14_15.add,893.0,280.0,44.721359549995796,20.0,340.0,136.0,8.0,8.0,0,0,0,1,0,1,1,0,1
crossing,padded_benes,11,C_db_realistic,template,151,input:w7->padded_benes_16x16_s0_w6_7.add,input:w15->padded_benes_16x16_s0_w14_15.add,757.0,260.0,64.0,80.0,136.0,8.0,20.0,8.0,0,0,0,1,0,1,1,0,1
crossing,padded_benes,11,C_db_realistic,template,152,input:w8->padded_benes_16x16_s0_w8_9.in,input:w9->padded_benes_16x16_s0_w8_9.add,213.0,388.0,24.0,8.0,240.0,52.0,64.0,8.0,0,0,0,1,0,1,1,0,1
crossing,padded_benes,11,C_db_realistic,template,153,input:w8->padded_benes_16x16_s0_w8_9.in,input:w9->padded_benes_16x16_s0_w8_9.add,1527.0,420.0,74.0,194.0,10.0,20.0,36.0,10.0,0,0,0,0,0,0,1,0,1
crossing,padded_benes,11,C_db_realistic,template,154,input:w8->padded_benes_16x16_s0_w8_9.in,input:w9->padded_benes_16x16_s0_w8_9.add,61.0,420.0,128.0,29.0,144.0,8.0,20.0,8.0,0,0,0,1,0,1,1,0,1
crossing,padded_benes,11,C_db_realistic,template,155,input:w8->padded_benes_16x16_s0_w8_9.in,input:w9->padded_benes_16x16_s0_w8_9.add,1453.0,420.0,68.35202996254024,120.0,84.0,8.0,20.0,8.0,0,0,0,1,0,1,1,0,1
crossing,padded_benes,11,C_db_realistic,template,156,input:w8->padded_benes_16x16_s0_w8_9.in,input:w10->padded_benes_16x16_s0_w10_11.in,461.0,324.0,24.0,8.0,152.0,84.0,128.0,8.0,0,0,0,1,0,1,1,0,1
crossing,padded_benes,11,C_db_realistic,template,157,input:w8->padded_benes_16x16_s0_w8_9.in,input:w10->padded_benes_16x16_s0_w10_11.in,1333.0,408.0,57.271284253105414,20.0,12.0,112.0,56.0,12.0,0,0,0,0,0,0,1,0,1
crossing,padded_benes,11,C_db_realistic,template,158,input:w8->padded_benes_16x16_s0_w8_9.in,input:w10->padded_benes_16x16_s0_w10_11.in,293.0,388.0,64.0,88.0,160.0,8.0,20.0,8.0,0,0,0,1,0,1,1,0,1
crossing,padded_benes,11,C_db_realistic,template,159,input:w8->padded_benes_16x16_s0_w8_9.in,input:w10->padded_benes_16x16_s0_w10_11.in,1221.0,388.0,64.0,120.0,112.0,8.0,20.0,8.0,0,0,0,1,0,1,1,0,1
crossing,padded_benes,11,C_db_realistic,template,160,input:w8->padded_benes_16x16_s0_w8_9.in,input:w12->padded_benes_16x16_s0_w12_13.in,613.0,428.0,16.0,104.0,256.0,8.0,192.0,8.0,0,0,0,1,0,1,1,0,1
crossing,padded_benes,11,C_db_realistic,template,161,input:w8->padded_benes_16x16_s0_w8_9.in,input:w12->padded_benes_16x16_s0_w12_13.in,1101.0,344.0,16.0,20.0,44.0,112.0,56.0,20.0,0,0,0,0,0,0,0,0,0
crossing,padded_benes,11,C_db_realistic,template,162,input:w8->padded_benes_16x16_s0_w8_9.in,input:w12->padded_benes_16x16_s0_w12_13.in,525.0,324.0,64.0,72.0,88.0,8.0,20.0,8.0,0,0,0,1,0,1,1,0,1
crossing,padded_benes,11,C_db_realistic,template,163,input:w8->padded_benes_16x16_s0_w8_9.in,input:w12->padded_benes_16x16_s0_w12_13.in,989.0,324.0,46.647615158762406,32.0,112.0,8.0,20.0,8.0,0,0,0,1,0,1,1,0,1
crossing,padded_benes,11,C_db_realistic,template,164,input:w9->padded_benes_16x16_s0_w8_9.add,input:w10->padded_benes_16x16_s0_w10_11.in,213.0,364.0,24.0,76.0,40.0,56.0,128.0,40.0,0,0,0,0,0,0,0,0,0
crossing,padded_benes,11,C_db_realistic,template,165,input:w9->padded_benes_16x16_s0_w8_9.add,input:w10->padded_benes_16x16_s0_w10_11.in,461.0,260.0,16.0,24.0,168.0,148.0,64.0,24.0,0,0,0,0,0,0,0,0,0
crossing,padded_benes,11,C_db_realistic,template,166,input:w9->padded_benes_16x16_s0_w8_9.add,input:w10->padded_benes_16x16_s0_w10_11.in,1117.0,324.0,20.0,8.0,224.0,128.0,40.0,8.0,0,0,0,1,0,1,1,0,1
crossing,padded_benes,11,C_db_realistic,template,167,input:w9->padded_benes_16x16_s0_w8_9.add,input:w10->padded_benes_16x16_s0_w10_11.in,1389.0,396.0,57.271284253105414,48.0,112.0,12.0,104.0,12.0,0,0,0,0,0,0,1,0,1
crossing,padded_benes,11,C_db_realistic,template,168,input:w9->padded_benes_16x16_s0_w8_9.add,input:w11->padded_benes_16x16_s0_w10_11.add,445.0,260.0,16.0,8.0,184.0,84.0,128.0,8.0,0,0,0,1,0,1,1,0,1
crossing,padded_benes,11,C_db_realistic,template,169,input:w9->padded_benes_16x16_s0_w8_9.add,input:w11->padded_benes_16x16_s0_w10_11.add,1341.0,344.0,64.4980619863884,20.0,52.0,120.0,40.0,20.0,0,0,0,0,0,0,0,0,0
crossing,padded_benes,11,C_db_realistic,template,170,input:w9->padded_benes_16x16_s0_w8_9.add,input:w11->padded_benes_16x16_s0_w10_11.add,293.0,324.0,64.0,80.0,144.0,8.0,20.0,8.0,0,0,0,1,0,1,1,0,1
crossing,padded_benes,11,C_db_realistic,template,171,input:w9->padded_benes_16x16_s0_w8_9.add,input:w11->padded_benes_16x16_s0_w10_11.add,1221.0,324.0,64.0,112.0,120.0,8.0,20.0,8.0,0,0,0,1,0,1,1,0,1
crossing,padded_benes,11,C_db_realistic,template,172,input:w9->padded_benes_16x16_s0_w8_9.add,input:w12->padded_benes_16x16_s0_w12_13.in,437.0,300.0,8.0,24.0,40.0,24.0,136.0,24.0,0,0,0,0,1,1,0,1,1
crossing,padded_benes,11,C_db_realistic,template,173,input:w9->padded_benes_16x16_s0_w8_9.add,input:w12->padded_benes_16x16_s0_w12_13.in,629.0,428.0,16.0,168.0,192.0,24.0,176.0,24.0,0,0,0,0,0,0,0,0,0
crossing,padded_benes,11,C_db_realistic,template,174,input:w9->padded_benes_16x16_s0_w8_9.add,input:w12->padded_benes_16x16_s0_w12_13.in,949.0,300.0,8.0,364.0,40.0,24.0,88.0,24.0,0,0,0,0,1,1,0,1,1
crossing,padded_benes,11,C_db_realistic,template,175,input:w9->padded_benes_16x16_s0_w8_9.add,input:w12->padded_benes_16x16_s0_w12_13.in,1157.0,324.0,24.0,48.0,184.0,20.0,192.0,20.0,0,0,0,0,0,0,0,0,0
crossing,padded_benes,11,C_db_realistic,template,176,input:w9->padded_benes_16x16_s0_w8_9.add,input:w13->padded_benes_16x16_s0_w12_13.add,629.0,364.0,16.0,104.0,256.0,8.0,176.0,8.0,0,0,0,1,0,1,1,0,1
crossing,padded_benes,11,C_db_realistic,template,177,input:w9->padded_benes_16x16_s0_w8_9.add,input:w13->padded_benes_16x16_s0_w12_13.add,1109.0,280.0,8.0,20.0,44.0,120.0,40.0,20.0,0,0,0,0,1,1,0,1,1
crossing,padded_benes,11,C_db_realistic,template,178,input:w9->padded_benes_16x16_s0_w8_9.add,input:w13->padded_benes_16x16_s0_w12_13.add,525.0,260.0,64.0,88.0,104.0,8.0,20.0,8.0,0,0,0,1,0,1,1,0,1
crossing,padded_benes,11,C_db_realistic,template,179,input:w9->padded_benes_16x16_s0_w8_9.add,input:w13->padded_benes_16x16_s0_w12_13.add,989.0,260.0,53.665631459994955,40.0,120.0,8.0,20.0,8.0,0,0,0,1,0,1,1,0,1
crossing,padded_benes,11,C_db_realistic,template,180,input:w10->padded_benes_16x16_s0_w10_11.in,input:w11->padded_benes_16x16_s0_w10_11.add,157.0,312.0,76.4198926981712,20.0,52.0,96.0,40.0,20.0,0,0,0,0,0,0,0,0,0
crossing,padded_benes,11,C_db_realistic,template,181,input:w10->padded_benes_16x16_s0_w10_11.in,input:w11->padded_benes_16x16_s0_w10_11.add,1527.0,292.0,74.0,138.0,10.0,20.0,36.0,10.0,0,0,0,0,0,0,1,0,1
crossing,padded_benes,11,C_db_realistic,template,182,input:w10->padded_benes_16x16_s0_w10_11.in,input:w11->padded_benes_16x16_s0_w10_11.add,61.0,292.0,98.0612053770501,29.0,96.0,8.0,20.0,8.0,0,0,0,1,0,1,1,0,1
crossing,padded_benes,11,C_db_realistic,template,183,input:w10->padded_benes_16x16_s0_w10_11.in,input:w11->padded_benes_16x16_s0_w10_11.add,1453.0,292.0,74.0,64.0,84.0,8.0,20.0,8.0,0,0,0,1,0,1,1,0,1
crossing,padded_benes,11,C_db_realistic,template,184,input:w10->padded_benes_16x16_s0_w10_11.in,input:w12->padded_benes_16x16_s0_w12_13.in,461.0,300.0,16.0,108.0,104.0,48.0,112.0,48.0,0,0,0,0,0,0,0,0,0
crossing,padded_benes,11,C_db_realistic,template,185,input:w10->padded_benes_16x16_s0_w10_11.in,input:w12->padded_benes_16x16_s0_w12_13.in,645.0,428.0,16.0,232.0,128.0,40.0,160.0,40.0,0,0,0,0,0,0,0,0,0
crossing,padded_benes,11,C_db_realistic,template,186,input:w10->padded_benes_16x16_s0_w10_11.in,input:w12->padded_benes_16x16_s0_w12_13.in,941.0,300.0,8.0,300.0,104.0,16.0,96.0,16.0,0,0,0,0,1,1,0,1,1
crossing,padded_benes,11,C_db_realistic,template,187,input:w10->padded_benes_16x16_s0_w10_11.in,input:w12->padded_benes_16x16_s0_w12_13.in,1117.0,344.0,16.0,148.0,20.0,128.0,40.0,20.0,0,0,0,0,0,0,0,0,0
crossing,padded_benes,11,C_db_realistic,template,188,input:w10->padded_benes_16x16_s0_w10_11.in,input:w13->padded_benes_16x16_s0_w12_13.add,461.0,236.0,16.0,172.0,40.0,32.0,112.0,32.0,0,0,0,0,0,0,0,0,0
crossing,padded_benes,11,C_db_realistic,template,189,input:w10->padded_benes_16x16_s0_w10_11.in,input:w13->padded_benes_16x16_s0_w12_13.add,645.0,364.0,16.0,168.0,192.0,24.0,160.0,24.0,0,0,0,0,0,0,0,0,0
crossing,padded_benes,11,C_db_realistic,template,190,input:w10->padded_benes_16x16_s0_w10_11.in,input:w13->padded_benes_16x16_s0_w12_13.add,941.0,236.0,8.0,364.0,40.0,24.0,96.0,24.0,0,0,0,0,1,1,0,1,1
crossing,padded_benes,11,C_db_realistic,template,191,input:w10->padded_benes_16x16_s0_w10_11.in,input:w13->padded_benes_16x16_s0_w12_13.add,1117.0,280.0,8.0,84.0,84.0,128.0,32.0,32.0,0,0,0,0,1,1,0,1,1
crossing,padded_benes,11,C_db_realistic,template,192,input:w10->padded_benes_16x16_s0_w10_11.in,input:w14->padded_benes_16x16_s0_w14_15.in,645.0,300.0,16.0,104.0,256.0,8.0,160.0,8.0,0,0,0,1,0,1,1,0,1
crossing,padded_benes,11,C_db_realistic,template,193,input:w10->padded_benes_16x16_s0_w10_11.in,input:w14->padded_benes_16x16_s0_w14_15.in,1117.0,216.0,8.0,20.0,148.0,128.0,24.0,20.0,0,0,0,0,1,1,0,1,1
crossing,padded_benes,11,C_db_realistic,template,194,input:w10->padded_benes_16x16_s0_w10_11.in,input:w14->padded_benes_16x16_s0_w14_15.in,525.0,196.0,64.0,64.0,120.0,8.0,20.0,8.0,0,0,0,1,0,1,1,0,1
crossing,padded_benes,11,C_db_realistic,template,195,input:w10->padded_benes_16x16_s0_w10_11.in,input:w14->padded_benes_16x16_s0_w14_15.in,989.0,196.0,60.92618484691127,48.0,128.0,8.0,20.0,8.0,0,0,0,1,0,1,1,0,1
crossing,padded_benes,11,C_db_realistic,template,196,input:w11->padded_benes_16x16_s0_w10_11.add,input:w12->padded_benes_16x16_s0_w12_13.in,445.0,300.0,8.0,44.0,168.0,32.0,128.0,32.0,0,0,0,0,1,1,0,1,1
crossing,padded_benes,11,C_db_realistic,template,197,input:w11->padded_benes_16x16_s0_w10_11.add,input:w12->padded_benes_16x16_s0_w12_13.in,661.0,428.0,16.0,296.0,64.0,56.0,144.0,56.0,0,0,0,0,0,0,0,0,0
crossing,padded_benes,11,C_db_realistic,template,198,input:w11->padded_benes_16x16_s0_w10_11.add,input:w12->padded_benes_16x16_s0_w12_13.in,933.0,300.0,8.0,236.0,168.0,8.0,104.0,8.0,0,0,0,1,1,1,1,1,1
crossing,padded_benes,11,C_db_realistic,template,199,input:w11->padded_benes_16x16_s0_w10_11.add,input:w12->padded_benes_16x16_s0_w12_13.in,1157.0,300.0,24.0,32.0,112.0,44.0,168.0,32.0,0,0,0,0,0,0,0,0,0
crossing,padded_benes,11,C_db_realistic,template,200,input:w11->padded_benes_16x16_s0_w10_11.add,input:w13->padded_benes_16x16_s0_w12_13.add,445.0,236.0,16.0,108.0,104.0,16.0,128.0,16.0,0,0,0,0,0,0,0,0,0
crossing,padded_benes,11,C_db_realistic,template,201,input:w11->padded_benes_16x16_s0_w10_11.add,input:w13->padded_benes_16x16_s0_w12_13.add,661.0,364.0,16.0,232.0,128.0,40.0,144.0,40.0,0,0,0,0,0,0,0,0,0
crossing,padded_benes,11,C_db_realistic,template,202,input:w11->padded_benes_16x16_s0_w10_11.add,input:w13->padded_benes_16x16_s0_w12_13.add,933.0,236.0,8.0,300.0,104.0,16.0,104.0,16.0,0,0,0,0,1,1,0,1,1
crossing,padded_benes,11,C_db_realistic,template,203,input:w11->padded_benes_16x16_s0_w10_11.add,input:w13->padded_benes_16x16_s0_w12_13.add,1125.0,280.0,8.0,148.0,20.0,136.0,24.0,20.0,0,0,0,0,1,1,0,1,1
crossing,padded_benes,11,C_db_realistic,template,204,input:w11->padded_benes_16x16_s0_w10_11.add,input:w14->padded_benes_16x16_s0_w14_15.in,445.0,172.0,16.0,172.0,40.0,40.0,128.0,40.0,0,0,0,0,0,0,0,0,0
crossing,padded_benes,11,C_db_realistic,template,205,input:w11->padded_benes_16x16_s0_w10_11.add,input:w14->padded_benes_16x16_s0_w14_15.in,661.0,300.0,16.0,168.0,192.0,24.0,144.0,24.0,0,0,0,0,0,0,0,0,0
crossing,padded_benes,11,C_db_realistic,template,206,input:w11->padded_benes_16x16_s0_w10_11.add,input:w14->padded_benes_16x16_s0_w14_15.in,933.0,172.0,60.92618484691127,364.0,40.0,24.0,104.0,24.0,0,0,0,0,0,0,0,0,0
crossing,padded_benes,11,C_db_realistic,template,207,input:w11->padded_benes_16x16_s0_w10_11.add,input:w14->padded_benes_16x16_s0_w14_15.in,1125.0,216.0,8.0,84.0,84.0,136.0,16.0,16.0,0,0,0,0,1,1,0,1,1
crossing,padded_benes,11,C_db_realistic,template,208,input:w11->padded_benes_16x16_s0_w10_11.add,input:w15->padded_benes_16x16_s0_w14_15.add,661.0,236.0,64.0,104.0,256.0,8.0,144.0,8.0,0,0,0,1,0,1,1,0,1
crossing,padded_benes,11,C_db_realistic,template,209,input:w11->padded_benes_16x16_s0_w10_11.add,input:w15->padded_benes_16x16_s0_w14_15.add,1125.0,152.0,50.11985634456667,20.0,148.0,136.0,8.0,8.0,0,0,0,1,0,1,1,0,1
crossing,padded_benes,11,C_db_realistic,template,210,input:w11->padded_benes_16x16_s0_w10_11.add,input:w15->padded_benes_16x16_s0_w14_15.add,525.0,132.0,64.0,80.0,136.0,8.0,20.0,8.0,0,0,0,1,0,1,1,0,1
crossing,padded_benes,11,C_db_realistic,template,211,input:w11->padded_benes_16x16_s0_w10_11.add,input:w15->padded_benes_16x16_s0_w14_15.add,989.0,132.0,64.0,56.0,136.0,8.0,20.0,8.0,0,0,0,1,0,1,1,0,1
crossing,padded_benes,11,C_db_realistic,template,212,input:w12->padded_benes_16x16_s0_w12_13.in,input:w13->padded_benes_16x16_s0_w12_13.add,189.0,132.0,24.0,8.0,224.0,52.0,64.0,8.0,0,0,0,1,0,1,1,0,1
crossing,padded_benes,11,C_db_realistic,template,213,input:w12->padded_benes_16x16_s0_w12_13.in,input:w13->padded_benes_16x16_s0_w12_13.add,1527.0,164.0,74.0,178.0,10.0,20.0,36.0,10.0,0,0,0,0,0,0,1,0,1
crossing,padded_benes,11,C_db_realistic,template,214,input:w12->padded_benes_16x16_s0_w12_13.in,input:w13->padded_benes_16x16_s0_w12_13.add,61.0,164.0,128.0,29.0,120.0,8.0,20.0,8.0,0,0,0,1,0,1,1,0,1
crossing,padded_benes,11,C_db_realistic,template,215,input:w12->padded_benes_16x16_s0_w12_13.in,input:w13->padded_benes_16x16_s0_w12_13.add,1453.0,164.0,74.0,104.0,84.0,8.0,20.0,8.0,0,0,0,1,0,1,1,0,1
crossing,padded_benes,11,C_db_realistic,template,216,input:w12->padded_benes_16x16_s0_w12_13.in,input:w14->padded_benes_16x16_s0_w14_15.in,413.0,172.0,16.0,40.0,128.0,8.0,160.0,8.0,0,0,0,1,0,1,1,0,1
crossing,padded_benes,11,C_db_realistic,template,217,input:w12->padded_benes_16x16_s0_w12_13.in,input:w14->padded_benes_16x16_s0_w14_15.in,1349.0,152.0,26.832815729997478,20.0,12.0,128.0,24.0,12.0,0,0,0,0,0,0,1,0,1
crossing,padded_benes,11,C_db_realistic,template,218,input:w12->padded_benes_16x16_s0_w12_13.in,input:w14->padded_benes_16x16_s0_w14_15.in,293.0,132.0,64.0,112.0,120.0,8.0,20.0,8.0,0,0,0,1,0,1,1,0,1
crossing,padded_benes,11,C_db_realistic,template,219,input:w12->padded_benes_16x16_s0_w12_13.in,input:w14->padded_benes_16x16_s0_w14_15.in,1221.0,132.0,64.0,64.0,128.0,8.0,20.0,8.0,0,0,0,1,0,1,1,0,1
crossing,padded_benes,11,C_db_realistic,template,220,input:w13->padded_benes_16x16_s0_w12_13.add,input:w14->padded_benes_16x16_s0_w14_15.in,189.0,108.0,24.0,76.0,40.0,24.0,152.0,24.0,0,0,0,0,0,0,0,0,0
crossing,padded_benes,11,C_db_realistic,template,221,input:w13->padded_benes_16x16_s0_w12_13.add,input:w14->padded_benes_16x16_s0_w14_15.in,429.0,172.0,16.0,104.0,64.0,24.0,144.0,24.0,0,0,0,0,0,0,0,0,0
crossing,padded_benes,11,C_db_realistic,template,222,input:w13->padded_benes_16x16_s0_w12_13.add,input:w14->padded_benes_16x16_s0_w14_15.in,1149.0,108.0,50.11985634456667,172.0,40.0,8.0,120.0,8.0,0,0,0,1,0,1,1,0,1
crossing,padded_benes,11,C_db_realistic,template,223,input:w13->padded_benes_16x16_s0_w12_13.add,input:w14->padded_benes_16x16_s0_w14_15.in,1373.0,140.0,26.832815729997478,16.0,128.0,12.0,104.0,12.0,0,0,0,0,0,0,1,0,1
crossing,padded_benes,11,C_db_realistic,template,224,input:w13->padded_benes_16x16_s0_w12_13.add,input:w15->padded_benes_16x16_s0_w14_15.add,429.0,108.0,64.0,40.0,128.0,8.0,144.0,8.0,0,0,0,1,0,1,1,0,1
crossing,padded_benes,11,C_db_realistic,template,225,input:w13->padded_benes_16x16_s0_w12_13.add,input:w15->padded_benes_16x16_s0_w14_15.add,1357.0,88.0,54.405882034941776,20.0,52.0,136.0,8.0,8.0,0,0,0,1,0,1,1,0,1
crossing,padded_benes,11,C_db_realistic,template,226,input:w13->padded_benes_16x16_s0_w12_13.add,input:w15->padded_benes_16x16_s0_w14_15.add,293.0,68.0,64.0,104.0,136.0,8.0,20.0,8.0,0,0,0,1,0,1,1,0,1
crossing,padded_benes,11,C_db_realistic,template,227,input:w13->padded_benes_16x16_s0_w12_13.add,input:w15->padded_benes_16x16_s0_w14_15.add,1221.0,68.0,64.0,72.0,136.0,8.0,20.0,8.0,0,0,0,1,0,1,1,0,1
crossing,padded_benes,11,C_db_realistic,template,228,input:w14->padded_benes_16x16_s0_w14_15.in,input:w15->padded_benes_16x16_s0_w14_15.add,165.0,56.0,57.271284253105414,20.0,52.0,104.0,8.0,8.0,0,0,0,1,0,1,1,0,1
crossing,padded_benes,11,C_db_realistic,template,229,input:w14->padded_benes_16x16_s0_w14_15.in,input:w15->padded_benes_16x16_s0_w14_15.add,1527.0,36.0,74.0,154.0,10.0,20.0,36.0,10.0,0,0,0,0,0,0,1,0,1
crossing,padded_benes,11,C_db_realistic,template,230,input:w14->padded_benes_16x16_s0_w14_15.in,input:w15->padded_benes_16x16_s0_w14_15.add,61.0,36.0,105.90561835898981,29.0,104.0,8.0,20.0,8.0,0,0,0,1,0,1,1,0,1
crossing,padded_benes,11,C_db_realistic,template,231,input:w14->padded_benes_16x16_s0_w14_15.in,input:w15->padded_benes_16x16_s0_w14_15.add,1453.0,36.0,74.0,80.0,84.0,8.0,20.0,8.0,0,0,0,1,0,1,1,0,1
crossing,padded_benes,12,B_db_placeholder,template,0,input:w0->padded_benes_16x16_s0_w0_1.in,input:w1->padded_benes_16x16_s0_w0_1.add,261.0,900.0,24.0,8.0,224.0,52.0,64.0,8.0,0,0,0,1,0,1,1,0,1
crossing,padded_benes,12,B_db_placeholder,template,1,input:w0->padded_benes_16x16_s0_w0_1.in,input:w1->padded_benes_16x16_s0_w0_1.add,1527.0,932.0,74.0,226.0,10.0,20.0,36.0,10.0,0,0,0,0,0,0,1,0,1
crossing,padded_benes,12,B_db_placeholder,template,2,input:w0->padded_benes_16x16_s0_w0_1.in,input:w1->padded_benes_16x16_s0_w0_1.add,61.0,932.0,128.0,29.0,192.0,8.0,20.0,8.0,0,0,0,1,0,1,1,0,1
crossing,padded_benes,12,B_db_placeholder,template,3,input:w0->padded_benes_16x16_s0_w0_1.in,input:w1->padded_benes_16x16_s0_w0_1.add,1453.0,932.0,40.0,152.0,84.0,8.0,20.0,8.0,0,0,0,1,0,1,1,0,1
crossing,padded_benes,12,B_db_placeholder,template,4,input:w0->padded_benes_16x16_s0_w0_1.in,input:w2->padded_benes_16x16_s0_w2_3.in,493.0,836.0,24.0,8.0,224.0,84.0,128.0,8.0,0,0,0,1,0,1,1,0,1
crossing,padded_benes,12,B_db_placeholder,template,5,input:w0->padded_benes_16x16_s0_w0_1.in,input:w2->padded_benes_16x16_s0_w2_3.in,1301.0,920.0,64.4980619863884,20.0,12.0,80.0,120.0,12.0,0,0,0,0,0,0,1,0,1
crossing,padded_benes,12,B_db_placeholder,template,6,input:w0->padded_benes_16x16_s0_w0_1.in,input:w2->padded_benes_16x16_s0_w2_3.in,293.0,900.0,32.0,40.0,192.0,8.0,20.0,8.0,0,0,0,1,0,1,1,0,1
crossing,padded_benes,12,B_db_placeholder,template,7,input:w0->padded_benes_16x16_s0_w0_1.in,input:w2->padded_benes_16x16_s0_w2_3.in,1221.0,900.0,64.0,152.0,80.0,8.0,20.0,8.0,0,0,0,1,0,1,1,0,1
crossing,padded_benes,12,B_db_placeholder,template,8,input:w0->padded_benes_16x16_s0_w0_1.in,input:w4->padded_benes_16x16_s0_w4_5.in,725.0,708.0,24.0,8.0,112.0,148.0,256.0,8.0,0,0,0,1,0,1,1,0,1
crossing,padded_benes,12,B_db_placeholder,template,9,input:w0->padded_benes_16x16_s0_w0_1.in,input:w4->padded_benes_16x16_s0_w4_5.in,1069.0,856.0,16.0,20.0,44.0,80.0,120.0,20.0,0,0,0,0,0,0,0,0,0
crossing,padded_benes,12,B_db_placeholder,template,10,input:w0->padded_benes_16x16_s0_w0_1.in,input:w4->padded_benes_16x16_s0_w4_5.in,525.0,836.0,32.0,40.0,192.0,8.0,20.0,8.0,0,0,0,1,0,1,1,0,1
crossing,padded_benes,12,B_db_placeholder,template,11,input:w0->padded_benes_16x16_s0_w0_1.in,input:w4->padded_benes_16x16_s0_w4_5.in,989.0,836.0,64.0,152.0,80.0,8.0,20.0,8.0,0,0,0,1,0,1,1,0,1
crossing,padded_benes,12,B_db_placeholder,template,12,input:w0->padded_benes_16x16_s0_w0_1.in,input:w8->padded_benes_16x16_s0_w8_9.in,837.0,728.0,8.0,20.0,108.0,80.0,120.0,20.0,0,0,0,0,1,1,0,1,1
crossing,padded_benes,12,B_db_placeholder,template,13,input:w0->padded_benes_16x16_s0_w0_1.in,input:w8->padded_benes_16x16_s0_w8_9.in,757.0,708.0,32.0,40.0,80.0,8.0,20.0,8.0,0,0,0,1,0,1,1,0,1
crossing,padded_benes,12,B_db_placeholder,template,14,input:w1->padded_benes_16x16_s0_w0_1.add,input:w2->padded_benes_16x16_s0_w2_3.in,261.0,876.0,24.0,76.0,40.0,120.0,80.0,40.0,0,0,0,0,0,0,0,0,0
crossing,padded_benes,12,B_db_placeholder,template,15,input:w1->padded_benes_16x16_s0_w0_1.add,input:w2->padded_benes_16x16_s0_w2_3.in,493.0,772.0,16.0,24.0,208.0,148.0,64.0,24.0,0,0,0,0,0,0,0,0,0
crossing,padded_benes,12,B_db_placeholder,template,16,input:w1->padded_benes_16x16_s0_w0_1.add,input:w2->padded_benes_16x16_s0_w2_3.in,1085.0,836.0,20.0,8.0,224.0,128.0,40.0,8.0,0,0,0,1,0,1,1,0,1
crossing,padded_benes,12,B_db_placeholder,template,17,input:w1->padded_benes_16x16_s0_w0_1.add,input:w2->padded_benes_16x16_s0_w2_3.in,1421.0,908.0,40.0,112.0,80.0,12.0,104.0,12.0,0,0,0,0,0,0,1,0,1
crossing,padded_benes,12,B_db_placeholder,template,18,input:w1->padded_benes_16x16_s0_w0_1.add,input:w3->padded_benes_16x16_s0_w2_3.add,477.0,772.0,16.0,8.0,224.0,84.0,128.0,8.0,0,0,0,1,0,1,1,0,1
crossing,padded_benes,12,B_db_placeholder,template,19,input:w1->padded_benes_16x16_s0_w0_1.add,input:w3->padded_benes_16x16_s0_w2_3.add,1309.0,856.0,64.4980619863884,20.0,52.0,88.0,104.0,20.0,0,0,0,0,0,0,0,0,0
crossing,padded_benes,12,B_db_placeholder,template,20,input:w1->padded_benes_16x16_s0_w0_1.add,input:w3->padded_benes_16x16_s0_w2_3.add,293.0,836.0,51.22499389946279,32.0,176.0,8.0,20.0,8.0,0,0,0,1,0,1,1,0,1
crossing,padded_benes,12,B_db_placeholder,template,21,input:w1->padded_benes_16x16_s0_w0_1.add,input:w3->padded_benes_16x16_s0_w2_3.add,1221.0,836.0,32.0,144.0,88.0,8.0,20.0,8.0,0,0,0,1,0,1,1,0,1
crossing,padded_benes,12,B_db_placeholder,template,22,input:w1->padded_benes_16x16_s0_w0_1.add,input:w4->padded_benes_16x16_s0_w4_5.in,469.0,812.0,8.0,24.0,40.0,88.0,104.0,24.0,0,0,0,0,1,1,0,1,1
crossing,padded_benes,12,B_db_placeholder,template,23,input:w1->padded_benes_16x16_s0_w0_1.add,input:w4->padded_benes_16x16_s0_w4_5.in,725.0,644.0,16.0,24.0,120.0,212.0,192.0,24.0,0,0,0,0,0,0,0,0,0
crossing,padded_benes,12,B_db_placeholder,template,24,input:w1->padded_benes_16x16_s0_w0_1.add,input:w4->padded_benes_16x16_s0_w4_5.in,869.0,772.0,44.0,24.0,208.0,320.0,40.0,24.0,0,0,0,0,0,0,0,0,0
crossing,padded_benes,12,B_db_placeholder,template,25,input:w1->padded_benes_16x16_s0_w0_1.add,input:w4->padded_benes_16x16_s0_w4_5.in,1189.0,836.0,24.0,112.0,120.0,20.0,192.0,20.0,0,0,0,0,0,0,0,0,0
crossing,padded_benes,12,B_db_placeholder,template,26,input:w1->padded_benes_16x16_s0_w0_1.add,input:w5->padded_benes_16x16_s0_w4_5.add,709.0,644.0,16.0,8.0,136.0,148.0,256.0,8.0,0,0,0,1,0,1,1,0,1
crossing,padded_benes,12,B_db_placeholder,template,27,input:w1->padded_benes_16x16_s0_w0_1.add,input:w5->padded_benes_16x16_s0_w4_5.add,1077.0,792.0,8.0,20.0,44.0,88.0,104.0,20.0,0,0,0,0,1,1,0,1,1
crossing,padded_benes,12,B_db_placeholder,template,28,input:w1->padded_benes_16x16_s0_w0_1.add,input:w5->padded_benes_16x16_s0_w4_5.add,525.0,772.0,32.0,56.0,176.0,8.0,20.0,8.0,0,0,0,1,0,1,1,0,1
crossing,padded_benes,12,B_db_placeholder,template,29,input:w1->padded_benes_16x16_s0_w0_1.add,input:w5->padded_benes_16x16_s0_w4_5.add,989.0,772.0,64.0,144.0,88.0,8.0,20.0,8.0,0,0,0,1,0,1,1,0,1
crossing,padded_benes,12,B_db_placeholder,template,30,input:w1->padded_benes_16x16_s0_w0_1.add,input:w8->padded_benes_16x16_s0_w8_9.in,701.0,684.0,8.0,88.0,40.0,88.0,104.0,40.0,0,0,0,0,1,1,0,1,1
crossing,padded_benes,12,B_db_placeholder,template,31,input:w1->padded_benes_16x16_s0_w0_1.add,input:w8->padded_benes_16x16_s0_w8_9.in,845.0,728.0,8.0,84.0,44.0,88.0,112.0,44.0,0,0,0,0,1,1,0,1,1
crossing,padded_benes,12,B_db_placeholder,template,32,input:w1->padded_benes_16x16_s0_w0_1.add,input:w9->padded_benes_16x16_s0_w8_9.add,845.0,664.0,8.0,20.0,108.0,88.0,104.0,20.0,0,0,0,0,1,1,0,1,1
crossing,padded_benes,12,B_db_placeholder,template,33,input:w1->padded_benes_16x16_s0_w0_1.add,input:w9->padded_benes_16x16_s0_w8_9.add,757.0,644.0,32.0,56.0,88.0,8.0,20.0,8.0,0,0,0,1,0,1,1,0,1
crossing,padded_benes,12,B_db_placeholder,template,34,input:w2->padded_benes_16x16_s0_w2_3.in,input:w3->padded_benes_16x16_s0_w2_3.add,141.0,824.0,82.46211251235322,20.0,52.0,80.0,104.0,20.0,0,0,0,0,0,0,0,0,0
crossing,padded_benes,12,B_db_placeholder,template,35,input:w2->padded_benes_16x16_s0_w2_3.in,input:w3->padded_benes_16x16_s0_w2_3.add,1527.0,804.0,74.0,106.0,10.0,20.0,36.0,10.0,0,0,0,0,0,0,1,0,1
crossing,padded_benes,12,B_db_placeholder,template,36,input:w2->padded_benes_16x16_s0_w2_3.in,input:w3->padded_benes_16x16_s0_w2_3.add,61.0,804.0,82.46211251235322,29.0,80.0,8.0,20.0,8.0,0,0,0,1,0,1,1,0,1
crossing,padded_benes,12,B_db_placeholder,template,37,input:w2->padded_benes_16x16_s0_w2_3.in,input:w3->padded_benes_16x16_s0_w2_3.add,1453.0,804.0,74.0,32.0,84.0,8.0,20.0,8.0,0,0,0,1,0,1,1,0,1
crossing,padded_benes,12,B_db_placeholder,template,38,input:w2->padded_benes_16x16_s0_w2_3.in,input:w4->padded_benes_16x16_s0_w4_5.in,493.0,812.0,16.0,108.0,104.0,112.0,80.0,80.0,0,0,0,0,0,0,0,0,0
crossing,padded_benes,12,B_db_placeholder,template,39,input:w2->padded_benes_16x16_s0_w2_3.in,input:w4->padded_benes_16x16_s0_w4_5.in,725.0,580.0,16.0,40.0,128.0,276.0,128.0,40.0,0,0,0,0,0,0,0,0,0
crossing,padded_benes,12,B_db_placeholder,template,40,input:w2->padded_benes_16x16_s0_w2_3.in,input:w4->padded_benes_16x16_s0_w4_5.in,869.0,708.0,8.0,16.0,216.0,256.0,104.0,16.0,0,0,0,0,1,1,0,1,1
crossing,padded_benes,12,B_db_placeholder,template,41,input:w2->padded_benes_16x16_s0_w2_3.in,input:w4->padded_benes_16x16_s0_w4_5.in,1085.0,856.0,16.0,148.0,20.0,96.0,104.0,20.0,0,0,0,0,0,0,0,0,0
crossing,padded_benes,12,B_db_placeholder,template,42,input:w2->padded_benes_16x16_s0_w2_3.in,input:w5->padded_benes_16x16_s0_w4_5.add,493.0,748.0,16.0,172.0,40.0,96.0,80.0,40.0,0,0,0,0,0,0,0,0,0
crossing,padded_benes,12,B_db_placeholder,template,43,input:w2->padded_benes_16x16_s0_w2_3.in,input:w5->padded_benes_16x16_s0_w4_5.add,709.0,580.0,16.0,24.0,144.0,212.0,192.0,24.0,0,0,0,0,0,0,0,0,0
crossing,padded_benes,12,B_db_placeholder,template,44,input:w2->padded_benes_16x16_s0_w2_3.in,input:w5->padded_benes_16x16_s0_w4_5.add,877.0,708.0,8.0,24.0,208.0,320.0,40.0,24.0,0,0,0,0,1,1,0,1,1
crossing,padded_benes,12,B_db_placeholder,template,45,input:w2->padded_benes_16x16_s0_w2_3.in,input:w5->padded_benes_16x16_s0_w4_5.add,1085.0,792.0,8.0,84.0,84.0,96.0,96.0,84.0,0,0,0,0,1,1,0,1,1
crossing,padded_benes,12,B_db_placeholder,template,46,input:w2->padded_benes_16x16_s0_w2_3.in,input:w6->padded_benes_16x16_s0_w6_7.in,693.0,580.0,16.0,8.0,160.0,148.0,256.0,8.0,0,0,0,1,0,1,1,0,1
crossing,padded_benes,12,B_db_placeholder,template,47,input:w2->padded_benes_16x16_s0_w2_3.in,input:w6->padded_benes_16x16_s0_w6_7.in,1085.0,728.0,8.0,20.0,148.0,96.0,88.0,20.0,0,0,0,0,1,1,0,1,1
crossing,padded_benes,12,B_db_placeholder,template,48,input:w2->padded_benes_16x16_s0_w2_3.in,input:w6->padded_benes_16x16_s0_w6_7.in,525.0,708.0,51.22499389946279,32.0,160.0,8.0,20.0,8.0,0,0,0,1,0,1,1,0,1
crossing,padded_benes,12,B_db_placeholder,template,49,input:w2->padded_benes_16x16_s0_w2_3.in,input:w6->padded_benes_16x16_s0_w6_7.in,989.0,708.0,32.0,136.0,96.0,8.0,20.0,8.0,0,0,0,1,0,1,1,0,1
crossing,padded_benes,12,B_db_placeholder,template,50,input:w2->padded_benes_16x16_s0_w2_3.in,input:w8->padded_benes_16x16_s0_w8_9.in,685.0,684.0,8.0,24.0,104.0,72.0,120.0,24.0,0,0,0,0,1,1,0,1,1
crossing,padded_benes,12,B_db_placeholder,template,51,input:w2->padded_benes_16x16_s0_w2_3.in,input:w8->padded_benes_16x16_s0_w8_9.in,957.0,708.0,24.0,104.0,128.0,20.0,384.0,20.0,0,0,0,0,0,0,0,0,0
crossing,padded_benes,12,B_db_placeholder,template,52,input:w2->padded_benes_16x16_s0_w2_3.in,input:w9->padded_benes_16x16_s0_w8_9.add,685.0,620.0,8.0,88.0,40.0,56.0,120.0,40.0,0,0,0,0,1,1,0,1,1
crossing,padded_benes,12,B_db_placeholder,template,53,input:w2->padded_benes_16x16_s0_w2_3.in,input:w9->padded_benes_16x16_s0_w8_9.add,853.0,664.0,8.0,84.0,44.0,96.0,96.0,44.0,0,0,0,0,1,1,0,1,1
crossing,padded_benes,12,B_db_placeholder,template,54,input:w2->padded_benes_16x16_s0_w2_3.in,input:w10->padded_benes_16x16_s0_w10_11.in,853.0,600.0,8.0,20.0,108.0,96.0,88.0,20.0,0,0,0,0,1,1,0,1,1
crossing,padded_benes,12,B_db_placeholder,template,55,input:w2->padded_benes_16x16_s0_w2_3.in,input:w10->padded_benes_16x16_s0_w10_11.in,757.0,580.0,32.0,72.0,96.0,8.0,20.0,8.0,0,0,0,1,0,1,1,0,1
crossing,padded_benes,12,B_db_placeholder,template,56,input:w3->padded_benes_16x16_s0_w2_3.add,input:w4->padded_benes_16x16_s0_w4_5.in,477.0,812.0,8.0,44.0,168.0,96.0,96.0,44.0,0,0,0,0,1,1,0,1,1
crossing,padded_benes,12,B_db_placeholder,template,57,input:w3->padded_benes_16x16_s0_w2_3.add,input:w4->padded_benes_16x16_s0_w4_5.in,725.0,516.0,16.0,56.0,136.0,340.0,64.0,56.0,0,0,0,0,0,0,0,0,0
crossing,padded_benes,12,B_db_placeholder,template,58,input:w3->padded_benes_16x16_s0_w2_3.add,input:w4->padded_benes_16x16_s0_w4_5.in,869.0,644.0,8.0,8.0,224.0,192.0,168.0,8.0,0,0,0,1,1,1,1,1,1
crossing,padded_benes,12,B_db_placeholder,template,59,input:w3->padded_benes_16x16_s0_w2_3.add,input:w4->padded_benes_16x16_s0_w4_5.in,1189.0,812.0,24.0,96.0,80.0,44.0,168.0,44.0,0,0,0,0,0,0,0,0,0
crossing,padded_benes,12,B_db_placeholder,template,60,input:w3->padded_benes_16x16_s0_w2_3.add,input:w5->padded_benes_16x16_s0_w4_5.add,477.0,748.0,16.0,108.0,104.0,80.0,96.0,80.0,0,0,0,0,0,0,0,0,0
crossing,padded_benes,12,B_db_placeholder,template,61,input:w3->padded_benes_16x16_s0_w2_3.add,input:w5->padded_benes_16x16_s0_w4_5.add,709.0,516.0,16.0,40.0,152.0,276.0,128.0,40.0,0,0,0,0,0,0,0,0,0
crossing,padded_benes,12,B_db_placeholder,template,62,input:w3->padded_benes_16x16_s0_w2_3.add,input:w5->padded_benes_16x16_s0_w4_5.add,877.0,644.0,8.0,16.0,216.0,256.0,104.0,16.0,0,0,0,0,1,1,0,1,1
crossing,padded_benes,12,B_db_placeholder,template,63,input:w3->padded_benes_16x16_s0_w2_3.add,input:w5->padded_benes_16x16_s0_w4_5.add,1093.0,792.0,8.0,148.0,20.0,104.0,88.0,20.0,0,0,0,0,1,1,0,1,1
crossing,padded_benes,12,B_db_placeholder,template,64,input:w3->padded_benes_16x16_s0_w2_3.add,input:w6->padded_benes_16x16_s0_w6_7.in,477.0,684.0,53.665631459994955,172.0,40.0,104.0,96.0,40.0,0,0,0,0,0,0,0,0,0
crossing,padded_benes,12,B_db_placeholder,template,65,input:w3->padded_benes_16x16_s0_w2_3.add,input:w6->padded_benes_16x16_s0_w6_7.in,693.0,516.0,16.0,24.0,168.0,212.0,192.0,24.0,0,0,0,0,0,0,0,0,0
crossing,padded_benes,12,B_db_placeholder,template,66,input:w3->padded_benes_16x16_s0_w2_3.add,input:w6->padded_benes_16x16_s0_w6_7.in,885.0,644.0,8.0,24.0,208.0,320.0,40.0,24.0,0,0,0,0,1,1,0,1,1
crossing,padded_benes,12,B_db_placeholder,template,67,input:w3->padded_benes_16x16_s0_w2_3.add,input:w6->padded_benes_16x16_s0_w6_7.in,1093.0,728.0,8.0,84.0,84.0,104.0,80.0,80.0,0,0,0,0,1,1,0,1,1
crossing,padded_benes,12,B_db_placeholder,template,68,input:w3->padded_benes_16x16_s0_w2_3.add,input:w7->padded_benes_16x16_s0_w6_7.add,677.0,516.0,16.0,8.0,184.0,148.0,256.0,8.0,0,0,0,1,0,1,1,0,1
crossing,padded_benes,12,B_db_placeholder,template,69,input:w3->padded_benes_16x16_s0_w2_3.add,input:w7->padded_benes_16x16_s0_w6_7.add,1093.0,664.0,64.0,20.0,148.0,104.0,72.0,20.0,0,0,0,0,0,0,0,0,0
crossing,padded_benes,12,B_db_placeholder,template,70,input:w3->padded_benes_16x16_s0_w2_3.add,input:w7->padded_benes_16x16_s0_w6_7.add,525.0,644.0,62.48199740725323,48.0,144.0,8.0,20.0,8.0,0,0,0,1,0,1,1,0,1
crossing,padded_benes,12,B_db_placeholder,template,71,input:w3->padded_benes_16x16_s0_w2_3.add,input:w7->padded_benes_16x16_s0_w6_7.add,989.0,644.0,32.0,128.0,104.0,8.0,20.0,8.0,0,0,0,1,0,1,1,0,1
crossing,padded_benes,12,B_db_placeholder,template,72,input:w3->padded_benes_16x16_s0_w2_3.add,input:w8->padded_benes_16x16_s0_w8_9.in,613.0,644.0,20.0,136.0,56.0,320.0,40.0,40.0,0,0,0,0,0,0,0,0,0
crossing,padded_benes,12,B_db_placeholder,template,73,input:w3->padded_benes_16x16_s0_w2_3.add,input:w8->padded_benes_16x16_s0_w8_9.in,957.0,644.0,8.0,96.0,136.0,84.0,320.0,84.0,0,0,0,0,1,1,0,1,1
crossing,padded_benes,12,B_db_placeholder,template,74,input:w3->padded_benes_16x16_s0_w2_3.add,input:w9->padded_benes_16x16_s0_w8_9.add,669.0,620.0,8.0,24.0,104.0,40.0,136.0,24.0,0,0,0,0,1,1,0,1,1
crossing,padded_benes,12,B_db_placeholder,template,75,input:w3->padded_benes_16x16_s0_w2_3.add,input:w9->padded_benes_16x16_s0_w8_9.add,949.0,644.0,8.0,88.0,144.0,20.0,384.0,20.0,0,0,0,0,1,1,0,1,1
crossing,padded_benes,12,B_db_placeholder,template,76,input:w3->padded_benes_16x16_s0_w2_3.add,input:w10->padded_benes_16x16_s0_w10_11.in,669.0,556.0,8.0,88.0,40.0,24.0,136.0,24.0,0,0,0,0,1,1,0,1,1
crossing,padded_benes,12,B_db_placeholder,template,77,input:w3->padded_benes_16x16_s0_w2_3.add,input:w10->padded_benes_16x16_s0_w10_11.in,861.0,600.0,8.0,84.0,44.0,104.0,80.0,44.0,0,0,0,0,1,1,0,1,1
crossing,padded_benes,12,B_db_placeholder,template,78,input:w3->padded_benes_16x16_s0_w2_3.add,input:w11->padded_benes_16x16_s0_w10_11.add,861.0,536.0,8.0,20.0,108.0,104.0,72.0,20.0,0,0,0,0,1,1,0,1,1
crossing,padded_benes,12,B_db_placeholder,template,79,input:w3->padded_benes_16x16_s0_w2_3.add,input:w11->padded_benes_16x16_s0_w10_11.add,757.0,516.0,32.0,88.0,104.0,8.0,20.0,8.0,0,0,0,1,0,1,1,0,1
crossing,padded_benes,12,B_db_placeholder,template,80,input:w4->padded_benes_16x16_s0_w4_5.in,input:w5->padded_benes_16x16_s0_w4_5.add,237.0,644.0,24.0,8.0,144.0,52.0,64.0,8.0,0,0,0,1,0,1,1,0,1
crossing,padded_benes,12,B_db_placeholder,template,81,input:w4->padded_benes_16x16_s0_w4_5.in,input:w5->padded_benes_16x16_s0_w4_5.add,1527.0,676.0,74.0,210.0,10.0,20.0,36.0,10.0,0,0,0,0,0,0,1,0,1
crossing,padded_benes,12,B_db_placeholder,template,82,input:w4->padded_benes_16x16_s0_w4_5.in,input:w5->padded_benes_16x16_s0_w4_5.add,61.0,676.0,128.0,29.0,168.0,8.0,20.0,8.0,0,0,0,1,0,1,1,0,1
crossing,padded_benes,12,B_db_placeholder,template,83,input:w4->padded_benes_16x16_s0_w4_5.in,input:w5->padded_benes_16x16_s0_w4_5.add,1453.0,676.0,53.665631459994955,136.0,84.0,8.0,20.0,8.0,0,0,0,1,0,1,1,0,1
crossing,padded_benes,12,B_db_placeholder,template,84,input:w4->padded_benes_16x16_s0_w4_5.in,input:w6->padded_benes_16x16_s0_w6_7.in,381.0,684.0,16.0,40.0,128.0,8.0,192.0,8.0,0,0,0,1,0,1,1,0,1
crossing,padded_benes,12,B_db_placeholder,template,85,input:w4->padded_benes_16x16_s0_w4_5.in,input:w6->padded_benes_16x16_s0_w6_7.in,1317.0,664.0,64.4980619863884,20.0,12.0,96.0,88.0,12.0,0,0,0,0,0,0,1,0,1
crossing,padded_benes,12,B_db_placeholder,template,86,input:w4->padded_benes_16x16_s0_w4_5.in,input:w6->padded_benes_16x16_s0_w6_7.in,293.0,644.0,56.0,64.0,88.0,8.0,20.0,8.0,0,0,0,1,0,1,1,0,1
crossing,padded_benes,12,B_db_placeholder,template,87,input:w4->padded_benes_16x16_s0_w4_5.in,input:w6->padded_benes_16x16_s0_w6_7.in,1221.0,644.0,46.647615158762406,32.0,96.0,8.0,20.0,8.0,0,0,0,1,0,1,1,0,1
crossing,padded_benes,12,B_db_placeholder,template,88,input:w4->padded_benes_16x16_s0_w4_5.in,input:w8->padded_benes_16x16_s0_w8_9.in,725.0,684.0,16.0,172.0,232.0,112.0,80.0,80.0,0,0,0,0,0,0,0,0,0
crossing,padded_benes,12,B_db_placeholder,template,89,input:w4->padded_benes_16x16_s0_w4_5.in,input:w8->padded_benes_16x16_s0_w8_9.in,869.0,728.0,8.0,276.0,84.0,112.0,88.0,84.0,0,0,0,0,1,1,0,1,1
crossing,padded_benes,12,B_db_placeholder,template,90,input:w4->padded_benes_16x16_s0_w4_5.in,input:w9->padded_benes_16x16_s0_w8_9.add,725.0,620.0,16.0,236.0,168.0,96.0,80.0,80.0,0,0,0,0,0,0,0,0,0
crossing,padded_benes,12,B_db_placeholder,template,91,input:w4->padded_benes_16x16_s0_w4_5.in,input:w9->padded_benes_16x16_s0_w8_9.add,869.0,664.0,8.0,212.0,148.0,112.0,80.0,80.0,0,0,0,0,1,1,0,1,1
crossing,padded_benes,12,B_db_placeholder,template,92,input:w4->padded_benes_16x16_s0_w4_5.in,input:w10->padded_benes_16x16_s0_w10_11.in,725.0,556.0,16.0,300.0,104.0,80.0,80.0,80.0,0,0,0,0,0,0,0,0,0
crossing,padded_benes,12,B_db_placeholder,template,93,input:w4->padded_benes_16x16_s0_w4_5.in,input:w10->padded_benes_16x16_s0_w10_11.in,869.0,600.0,8.0,148.0,212.0,112.0,72.0,72.0,0,0,0,0,1,1,0,1,1
crossing,padded_benes,12,B_db_placeholder,template,94,input:w4->padded_benes_16x16_s0_w4_5.in,input:w11->padded_benes_16x16_s0_w10_11.add,725.0,492.0,16.0,364.0,40.0,64.0,80.0,40.0,0,0,0,0,0,0,0,0,0
crossing,padded_benes,12,B_db_placeholder,template,95,input:w4->padded_benes_16x16_s0_w4_5.in,input:w11->padded_benes_16x16_s0_w10_11.add,869.0,536.0,8.0,84.0,276.0,112.0,64.0,64.0,0,0,0,0,1,1,0,1,1
crossing,padded_benes,12,B_db_placeholder,template,96,input:w4->padded_benes_16x16_s0_w4_5.in,input:w12->padded_benes_16x16_s0_w12_13.in,869.0,472.0,8.0,20.0,340.0,112.0,56.0,20.0,0,0,0,0,1,1,0,1,1
crossing,padded_benes,12,B_db_placeholder,template,97,input:w4->padded_benes_16x16_s0_w4_5.in,input:w12->padded_benes_16x16_s0_w12_13.in,757.0,452.0,51.22499389946279,32.0,112.0,8.0,20.0,8.0,0,0,0,1,0,1,1,0,1
crossing,padded_benes,12,B_db_placeholder,template,98,input:w5->padded_benes_16x16_s0_w4_5.add,input:w6->padded_benes_16x16_s0_w6_7.in,237.0,620.0,24.0,76.0,40.0,88.0,104.0,40.0,0,0,0,0,0,0,0,0,0
crossing,padded_benes,12,B_db_placeholder,template,99,input:w5->padded_benes_16x16_s0_w4_5.add,input:w6->padded_benes_16x16_s0_w6_7.in,397.0,684.0,16.0,104.0,64.0,24.0,176.0,24.0,0,0,0,0,0,0,0,0,0
crossing,padded_benes,12,B_db_placeholder,template,100,input:w5->padded_benes_16x16_s0_w4_5.add,input:w6->padded_benes_16x16_s0_w6_7.in,1181.0,620.0,46.647615158762406,172.0,40.0,8.0,88.0,8.0,0,0,0,1,0,1,1,0,1
crossing,padded_benes,12,B_db_placeholder,template,101,input:w5->padded_benes_16x16_s0_w4_5.add,input:w6->padded_benes_16x16_s0_w6_7.in,1405.0,652.0,53.665631459994955,80.0,96.0,12.0,104.0,12.0,0,0,0,0,0,0,1,0,1
crossing,padded_benes,12,B_db_placeholder,template,102,input:w5->padded_benes_16x16_s0_w4_5.add,input:w7->padded_benes_16x16_s0_w6_7.add,397.0,620.0,64.0,40.0,128.0,8.0,176.0,8.0,0,0,0,1,0,1,1,0,1
crossing,padded_benes,12,B_db_placeholder,template,103,input:w5->padded_benes_16x16_s0_w4_5.add,input:w7->padded_benes_16x16_s0_w6_7.add,1325.0,600.0,64.4980619863884,20.0,52.0,104.0,72.0,20.0,0,0,0,0,0,0,0,0,0
crossing,padded_benes,12,B_db_placeholder,template,104,input:w5->padded_benes_16x16_s0_w4_5.add,input:w7->padded_benes_16x16_s0_w6_7.add,293.0,580.0,64.0,56.0,104.0,8.0,20.0,8.0,0,0,0,1,0,1,1,0,1
crossing,padded_benes,12,B_db_placeholder,template,105,input:w5->padded_benes_16x16_s0_w4_5.add,input:w7->padded_benes_16x16_s0_w6_7.add,1221.0,580.0,56.568542494923804,40.0,104.0,8.0,20.0,8.0,0,0,0,1,0,1,1,0,1
crossing,padded_benes,12,B_db_placeholder,template,106,input:w5->padded_benes_16x16_s0_w4_5.add,input:w8->padded_benes_16x16_s0_w8_9.in,709.0,684.0,8.0,108.0,296.0,96.0,96.0,96.0,0,0,0,0,1,1,0,1,1
crossing,padded_benes,12,B_db_placeholder,template,107,input:w5->padded_benes_16x16_s0_w4_5.add,input:w8->padded_benes_16x16_s0_w8_9.in,877.0,728.0,8.0,340.0,20.0,120.0,80.0,20.0,0,0,0,0,1,1,0,1,1
crossing,padded_benes,12,B_db_placeholder,template,108,input:w5->padded_benes_16x16_s0_w4_5.add,input:w9->padded_benes_16x16_s0_w8_9.add,709.0,620.0,16.0,172.0,232.0,80.0,96.0,80.0,0,0,0,0,0,0,0,0,0
crossing,padded_benes,12,B_db_placeholder,template,109,input:w5->padded_benes_16x16_s0_w4_5.add,input:w9->padded_benes_16x16_s0_w8_9.add,877.0,664.0,8.0,276.0,84.0,120.0,72.0,72.0,0,0,0,0,1,1,0,1,1
crossing,padded_benes,12,B_db_placeholder,template,110,input:w5->padded_benes_16x16_s0_w4_5.add,input:w10->padded_benes_16x16_s0_w10_11.in,709.0,556.0,16.0,236.0,168.0,64.0,96.0,64.0,0,0,0,0,0,0,0,0,0
crossing,padded_benes,12,B_db_placeholder,template,111,input:w5->padded_benes_16x16_s0_w4_5.add,input:w10->padded_benes_16x16_s0_w10_11.in,877.0,600.0,8.0,212.0,148.0,120.0,64.0,64.0,0,0,0,0,1,1,0,1,1
crossing,padded_benes,12,B_db_placeholder,template,112,input:w5->padded_benes_16x16_s0_w4_5.add,input:w11->padded_benes_16x16_s0_w10_11.add,709.0,492.0,16.0,300.0,104.0,48.0,96.0,48.0,0,0,0,0,0,0,0,0,0
crossing,padded_benes,12,B_db_placeholder,template,113,input:w5->padded_benes_16x16_s0_w4_5.add,input:w11->padded_benes_16x16_s0_w10_11.add,877.0,536.0,8.0,148.0,212.0,120.0,56.0,56.0,0,0,0,0,1,1,0,1,1
crossing,padded_benes,12,B_db_placeholder,template,114,input:w5->padded_benes_16x16_s0_w4_5.add,input:w12->padded_benes_16x16_s0_w12_13.in,709.0,428.0,16.0,364.0,40.0,104.0,96.0,40.0,0,0,0,0,0,0,0,0,0
crossing,padded_benes,12,B_db_placeholder,template,115,input:w5->padded_benes_16x16_s0_w4_5.add,input:w12->padded_benes_16x16_s0_w12_13.in,877.0,472.0,8.0,84.0,276.0,120.0,48.0,48.0,0,0,0,0,1,1,0,1,1
crossing,padded_benes,12,B_db_placeholder,template,116,input:w5->padded_benes_16x16_s0_w4_5.add,input:w13->padded_benes_16x16_s0_w12_13.add,877.0,408.0,8.0,20.0,340.0,120.0,40.0,20.0,0,0,0,0,1,1,0,1,1
crossing,padded_benes,12,B_db_placeholder,template,117,input:w5->padded_benes_16x16_s0_w4_5.add,input:w13->padded_benes_16x16_s0_w12_13.add,757.0,388.0,62.48199740725323,48.0,120.0,8.0,20.0,8.0,0,0,0,1,0,1,1,0,1
crossing,padded_benes,12,B_db_placeholder,template,118,input:w6->padded_benes_16x16_s0_w6_7.in,input:w7->padded_benes_16x16_s0_w6_7.add,149.0,568.0,90.24411338142782,20.0,52.0,88.0,72.0,20.0,0,0,0,0,0,0,0,0,0
crossing,padded_benes,12,B_db_placeholder,template,119,input:w6->padded_benes_16x16_s0_w6_7.in,input:w7->padded_benes_16x16_s0_w6_7.add,1527.0,548.0,74.0,122.0,10.0,20.0,36.0,10.0,0,0,0,0,0,0,1,0,1
crossing,padded_benes,12,B_db_placeholder,template,120,input:w6->padded_benes_16x16_s0_w6_7.in,input:w7->padded_benes_16x16_s0_w6_7.add,61.0,548.0,90.24411338142782,29.0,88.0,8.0,20.0,8.0,0,0,0,1,0,1,1,0,1
crossing,padded_benes,12,B_db_placeholder,template,121,input:w6->padded_benes_16x16_s0_w6_7.in,input:w7->padded_benes_16x16_s0_w6_7.add,1453.0,548.0,74.0,48.0,84.0,8.0,20.0,8.0,0,0,0,1,0,1,1,0,1
crossing,padded_benes,12,B_db_placeholder,template,122,input:w6->padded_benes_16x16_s0_w6_7.in,input:w8->padded_benes_16x16_s0_w8_9.in,693.0,684.0,8.0,44.0,360.0,80.0,112.0,44.0,0,0,0,0,1,1,0,1,1
crossing,padded_benes,12,B_db_placeholder,template,123,input:w6->padded_benes_16x16_s0_w6_7.in,input:w8->padded_benes_16x16_s0_w8_9.in,957.0,684.0,24.0,72.0,80.0,44.0,360.0,44.0,0,0,0,0,0,0,0,0,0
crossing,padded_benes,12,B_db_placeholder,template,124,input:w6->padded_benes_16x16_s0_w6_7.in,input:w9->padded_benes_16x16_s0_w8_9.add,693.0,620.0,8.0,108.0,296.0,64.0,112.0,64.0,0,0,0,0,1,1,0,1,1
crossing,padded_benes,12,B_db_placeholder,template,125,input:w6->padded_benes_16x16_s0_w6_7.in,input:w9->padded_benes_16x16_s0_w8_9.add,885.0,664.0,8.0,340.0,20.0,128.0,64.0,20.0,0,0,0,0,1,1,0,1,1
crossing,padded_benes,12,B_db_placeholder,template,126,input:w6->padded_benes_16x16_s0_w6_7.in,input:w10->padded_benes_16x16_s0_w10_11.in,693.0,556.0,16.0,172.0,232.0,48.0,112.0,48.0,0,0,0,0,0,0,0,0,0
crossing,padded_benes,12,B_db_placeholder,template,127,input:w6->padded_benes_16x16_s0_w6_7.in,input:w10->padded_benes_16x16_s0_w10_11.in,885.0,600.0,8.0,276.0,84.0,128.0,56.0,56.0,0,0,0,0,1,1,0,1,1
crossing,padded_benes,12,B_db_placeholder,template,128,input:w6->padded_benes_16x16_s0_w6_7.in,input:w11->padded_benes_16x16_s0_w10_11.add,693.0,492.0,16.0,236.0,168.0,32.0,112.0,32.0,0,0,0,0,0,0,0,0,0
crossing,padded_benes,12,B_db_placeholder,template,129,input:w6->padded_benes_16x16_s0_w6_7.in,input:w11->padded_benes_16x16_s0_w10_11.add,885.0,536.0,8.0,212.0,148.0,128.0,48.0,48.0,0,0,0,0,1,1,0,1,1
crossing,padded_benes,12,B_db_placeholder,template,130,input:w6->padded_benes_16x16_s0_w6_7.in,input:w12->padded_benes_16x16_s0_w12_13.in,693.0,428.0,16.0,300.0,104.0,88.0,112.0,88.0,0,0,0,0,0,0,0,0,0
crossing,padded_benes,12,B_db_placeholder,template,131,input:w6->padded_benes_16x16_s0_w6_7.in,input:w12->padded_benes_16x16_s0_w12_13.in,885.0,472.0,8.0,148.0,212.0,128.0,40.0,40.0,0,0,0,0,1,1,0,1,1
crossing,padded_benes,12,B_db_placeholder,template,132,input:w6->padded_benes_16x16_s0_w6_7.in,input:w13->padded_benes_16x16_s0_w12_13.add,693.0,364.0,16.0,364.0,40.0,72.0,112.0,40.0,0,0,0,0,0,0,0,0,0
crossing,padded_benes,12,B_db_placeholder,template,133,input:w6->padded_benes_16x16_s0_w6_7.in,input:w13->padded_benes_16x16_s0_w12_13.add,885.0,408.0,8.0,84.0,276.0,128.0,32.0,32.0,0,0,0,0,1,1,0,1,1
crossing,padded_benes,12,B_db_placeholder,template,134,input:w6->padded_benes_16x16_s0_w6_7.in,input:w14->padded_benes_16x16_s0_w14_15.in,885.0,344.0,8.0,20.0,340.0,128.0,24.0,20.0,0,0,0,0,1,1,0,1,1
crossing,padded_benes,12,B_db_placeholder,template,135,input:w6->padded_benes_16x16_s0_w6_7.in,input:w14->padded_benes_16x16_s0_w14_15.in,757.0,324.0,64.0,64.0,128.0,8.0,20.0,8.0,0,0,0,1,0,1,1,0,1
crossing,padded_benes,12,B_db_placeholder,template,136,input:w7->padded_benes_16x16_s0_w6_7.add,input:w8->padded_benes_16x16_s0_w8_9.in,613.0,664.0,20.0,88.0,64.0,340.0,20.0,20.0,0,0,0,0,0,0,0,0,0
crossing,padded_benes,12,B_db_placeholder,template,137,input:w7->padded_benes_16x16_s0_w6_7.add,input:w8->padded_benes_16x16_s0_w8_9.in,957.0,620.0,8.0,64.0,80.0,108.0,296.0,64.0,0,0,0,0,1,1,0,1,1
crossing,padded_benes,12,B_db_placeholder,template,138,input:w7->padded_benes_16x16_s0_w6_7.add,input:w9->padded_benes_16x16_s0_w8_9.add,677.0,620.0,8.0,44.0,360.0,48.0,128.0,44.0,0,0,0,0,1,1,0,1,1
crossing,padded_benes,12,B_db_placeholder,template,139,input:w7->padded_benes_16x16_s0_w6_7.add,input:w9->padded_benes_16x16_s0_w8_9.add,949.0,620.0,8.0,56.0,88.0,44.0,360.0,44.0,0,0,0,0,1,1,0,1,1
crossing,padded_benes,12,B_db_placeholder,template,140,input:w7->padded_benes_16x16_s0_w6_7.add,input:w10->padded_benes_16x16_s0_w10_11.in,677.0,556.0,8.0,108.0,296.0,32.0,128.0,32.0,0,0,0,0,1,1,0,1,1
crossing,padded_benes,12,B_db_placeholder,template,141,input:w7->padded_benes_16x16_s0_w6_7.add,input:w10->padded_benes_16x16_s0_w10_11.in,893.0,600.0,8.0,340.0,20.0,136.0,48.0,20.0,0,0,0,0,1,1,0,1,1
crossing,padded_benes,12,B_db_placeholder,template,142,input:w7->padded_benes_16x16_s0_w6_7.add,input:w11->padded_benes_16x16_s0_w10_11.add,677.0,492.0,16.0,172.0,232.0,16.0,128.0,16.0,0,0,0,0,0,0,0,0,0
crossing,padded_benes,12,B_db_placeholder,template,143,input:w7->padded_benes_16x16_s0_w6_7.add,input:w11->padded_benes_16x16_s0_w10_11.add,893.0,536.0,8.0,276.0,84.0,136.0,40.0,40.0,0,0,0,0,1,1,0,1,1
crossing,padded_benes,12,B_db_placeholder,template,144,input:w7->padded_benes_16x16_s0_w6_7.add,input:w12->padded_benes_16x16_s0_w12_13.in,677.0,428.0,16.0,236.0,168.0,72.0,128.0,72.0,0,0,0,0,0,0,0,0,0
crossing,padded_benes,12,B_db_placeholder,template,145,input:w7->padded_benes_16x16_s0_w6_7.add,input:w12->padded_benes_16x16_s0_w12_13.in,893.0,472.0,8.0,212.0,148.0,136.0,32.0,32.0,0,0,0,0,1,1,0,1,1
crossing,padded_benes,12,B_db_placeholder,template,146,input:w7->padded_benes_16x16_s0_w6_7.add,input:w13->padded_benes_16x16_s0_w12_13.add,677.0,364.0,16.0,300.0,104.0,56.0,128.0,56.0,0,0,0,0,0,0,0,0,0
crossing,padded_benes,12,B_db_placeholder,template,147,input:w7->padded_benes_16x16_s0_w6_7.add,input:w13->padded_benes_16x16_s0_w12_13.add,893.0,408.0,8.0,148.0,212.0,136.0,24.0,24.0,0,0,0,0,1,1,0,1,1
crossing,padded_benes,12,B_db_placeholder,template,148,input:w7->padded_benes_16x16_s0_w6_7.add,input:w14->padded_benes_16x16_s0_w14_15.in,677.0,300.0,16.0,364.0,40.0,40.0,128.0,40.0,0,0,0,0,0,0,0,0,0
crossing,padded_benes,12,B_db_placeholder,template,149,input:w7->padded_benes_16x16_s0_w6_7.add,input:w14->padded_benes_16x16_s0_w14_15.in,893.0,344.0,8.0,84.0,276.0,136.0,16.0,16.0,0,0,0,0,1,1,0,1,1
crossing,padded_benes,12,B_db_placeholder,template,150,input:w7->padded_benes_16x16_s0_w6_7.add,input:w15->padded_benes_16x16_s0_w14_15.add,893.0,280.0,44.721359549995796,20.0,340.0,136.0,8.0,8.0,0,0,0,1,0,1,1,0,1
crossing,padded_benes,12,B_db_placeholder,template,151,input:w7->padded_benes_16x16_s0_w6_7.add,input:w15->padded_benes_16x16_s0_w14_15.add,757.0,260.0,64.0,80.0,136.0,8.0,20.0,8.0,0,0,0,1,0,1,1,0,1
crossing,padded_benes,12,B_db_placeholder,template,152,input:w8->padded_benes_16x16_s0_w8_9.in,input:w9->padded_benes_16x16_s0_w8_9.add,213.0,388.0,24.0,8.0,240.0,52.0,64.0,8.0,0,0,0,1,0,1,1,0,1
crossing,padded_benes,12,B_db_placeholder,template,153,input:w8->padded_benes_16x16_s0_w8_9.in,input:w9->padded_benes_16x16_s0_w8_9.add,1527.0,420.0,74.0,194.0,10.0,20.0,36.0,10.0,0,0,0,0,0,0,1,0,1
crossing,padded_benes,12,B_db_placeholder,template,154,input:w8->padded_benes_16x16_s0_w8_9.in,input:w9->padded_benes_16x16_s0_w8_9.add,61.0,420.0,128.0,29.0,144.0,8.0,20.0,8.0,0,0,0,1,0,1,1,0,1
crossing,padded_benes,12,B_db_placeholder,template,155,input:w8->padded_benes_16x16_s0_w8_9.in,input:w9->padded_benes_16x16_s0_w8_9.add,1453.0,420.0,68.35202996254024,120.0,84.0,8.0,20.0,8.0,0,0,0,1,0,1,1,0,1
crossing,padded_benes,12,B_db_placeholder,template,156,input:w8->padded_benes_16x16_s0_w8_9.in,input:w10->padded_benes_16x16_s0_w10_11.in,461.0,324.0,24.0,8.0,152.0,84.0,128.0,8.0,0,0,0,1,0,1,1,0,1
crossing,padded_benes,12,B_db_placeholder,template,157,input:w8->padded_benes_16x16_s0_w8_9.in,input:w10->padded_benes_16x16_s0_w10_11.in,1333.0,408.0,57.271284253105414,20.0,12.0,112.0,56.0,12.0,0,0,0,0,0,0,1,0,1
crossing,padded_benes,12,B_db_placeholder,template,158,input:w8->padded_benes_16x16_s0_w8_9.in,input:w10->padded_benes_16x16_s0_w10_11.in,293.0,388.0,64.0,88.0,160.0,8.0,20.0,8.0,0,0,0,1,0,1,1,0,1
crossing,padded_benes,12,B_db_placeholder,template,159,input:w8->padded_benes_16x16_s0_w8_9.in,input:w10->padded_benes_16x16_s0_w10_11.in,1221.0,388.0,64.0,120.0,112.0,8.0,20.0,8.0,0,0,0,1,0,1,1,0,1
crossing,padded_benes,12,B_db_placeholder,template,160,input:w8->padded_benes_16x16_s0_w8_9.in,input:w12->padded_benes_16x16_s0_w12_13.in,613.0,428.0,16.0,104.0,256.0,8.0,192.0,8.0,0,0,0,1,0,1,1,0,1
crossing,padded_benes,12,B_db_placeholder,template,161,input:w8->padded_benes_16x16_s0_w8_9.in,input:w12->padded_benes_16x16_s0_w12_13.in,1101.0,344.0,16.0,20.0,44.0,112.0,56.0,20.0,0,0,0,0,0,0,0,0,0
crossing,padded_benes,12,B_db_placeholder,template,162,input:w8->padded_benes_16x16_s0_w8_9.in,input:w12->padded_benes_16x16_s0_w12_13.in,525.0,324.0,64.0,72.0,88.0,8.0,20.0,8.0,0,0,0,1,0,1,1,0,1
crossing,padded_benes,12,B_db_placeholder,template,163,input:w8->padded_benes_16x16_s0_w8_9.in,input:w12->padded_benes_16x16_s0_w12_13.in,989.0,324.0,46.647615158762406,32.0,112.0,8.0,20.0,8.0,0,0,0,1,0,1,1,0,1
crossing,padded_benes,12,B_db_placeholder,template,164,input:w9->padded_benes_16x16_s0_w8_9.add,input:w10->padded_benes_16x16_s0_w10_11.in,213.0,364.0,24.0,76.0,40.0,56.0,128.0,40.0,0,0,0,0,0,0,0,0,0
crossing,padded_benes,12,B_db_placeholder,template,165,input:w9->padded_benes_16x16_s0_w8_9.add,input:w10->padded_benes_16x16_s0_w10_11.in,461.0,260.0,16.0,24.0,168.0,148.0,64.0,24.0,0,0,0,0,0,0,0,0,0
crossing,padded_benes,12,B_db_placeholder,template,166,input:w9->padded_benes_16x16_s0_w8_9.add,input:w10->padded_benes_16x16_s0_w10_11.in,1117.0,324.0,20.0,8.0,224.0,128.0,40.0,8.0,0,0,0,1,0,1,1,0,1
crossing,padded_benes,12,B_db_placeholder,template,167,input:w9->padded_benes_16x16_s0_w8_9.add,input:w10->padded_benes_16x16_s0_w10_11.in,1389.0,396.0,57.271284253105414,48.0,112.0,12.0,104.0,12.0,0,0,0,0,0,0,1,0,1
crossing,padded_benes,12,B_db_placeholder,template,168,input:w9->padded_benes_16x16_s0_w8_9.add,input:w11->padded_benes_16x16_s0_w10_11.add,445.0,260.0,16.0,8.0,184.0,84.0,128.0,8.0,0,0,0,1,0,1,1,0,1
crossing,padded_benes,12,B_db_placeholder,template,169,input:w9->padded_benes_16x16_s0_w8_9.add,input:w11->padded_benes_16x16_s0_w10_11.add,1341.0,344.0,64.4980619863884,20.0,52.0,120.0,40.0,20.0,0,0,0,0,0,0,0,0,0
crossing,padded_benes,12,B_db_placeholder,template,170,input:w9->padded_benes_16x16_s0_w8_9.add,input:w11->padded_benes_16x16_s0_w10_11.add,293.0,324.0,64.0,80.0,144.0,8.0,20.0,8.0,0,0,0,1,0,1,1,0,1
crossing,padded_benes,12,B_db_placeholder,template,171,input:w9->padded_benes_16x16_s0_w8_9.add,input:w11->padded_benes_16x16_s0_w10_11.add,1221.0,324.0,64.0,112.0,120.0,8.0,20.0,8.0,0,0,0,1,0,1,1,0,1
crossing,padded_benes,12,B_db_placeholder,template,172,input:w9->padded_benes_16x16_s0_w8_9.add,input:w12->padded_benes_16x16_s0_w12_13.in,437.0,300.0,8.0,24.0,40.0,24.0,136.0,24.0,0,0,0,0,1,1,0,1,1
crossing,padded_benes,12,B_db_placeholder,template,173,input:w9->padded_benes_16x16_s0_w8_9.add,input:w12->padded_benes_16x16_s0_w12_13.in,629.0,428.0,16.0,168.0,192.0,24.0,176.0,24.0,0,0,0,0,0,0,0,0,0
crossing,padded_benes,12,B_db_placeholder,template,174,input:w9->padded_benes_16x16_s0_w8_9.add,input:w12->padded_benes_16x16_s0_w12_13.in,949.0,300.0,8.0,364.0,40.0,24.0,88.0,24.0,0,0,0,0,1,1,0,1,1
crossing,padded_benes,12,B_db_placeholder,template,175,input:w9->padded_benes_16x16_s0_w8_9.add,input:w12->padded_benes_16x16_s0_w12_13.in,1157.0,324.0,24.0,48.0,184.0,20.0,192.0,20.0,0,0,0,0,0,0,0,0,0
crossing,padded_benes,12,B_db_placeholder,template,176,input:w9->padded_benes_16x16_s0_w8_9.add,input:w13->padded_benes_16x16_s0_w12_13.add,629.0,364.0,16.0,104.0,256.0,8.0,176.0,8.0,0,0,0,1,0,1,1,0,1
crossing,padded_benes,12,B_db_placeholder,template,177,input:w9->padded_benes_16x16_s0_w8_9.add,input:w13->padded_benes_16x16_s0_w12_13.add,1109.0,280.0,8.0,20.0,44.0,120.0,40.0,20.0,0,0,0,0,1,1,0,1,1
crossing,padded_benes,12,B_db_placeholder,template,178,input:w9->padded_benes_16x16_s0_w8_9.add,input:w13->padded_benes_16x16_s0_w12_13.add,525.0,260.0,64.0,88.0,104.0,8.0,20.0,8.0,0,0,0,1,0,1,1,0,1
crossing,padded_benes,12,B_db_placeholder,template,179,input:w9->padded_benes_16x16_s0_w8_9.add,input:w13->padded_benes_16x16_s0_w12_13.add,989.0,260.0,53.665631459994955,40.0,120.0,8.0,20.0,8.0,0,0,0,1,0,1,1,0,1
crossing,padded_benes,12,B_db_placeholder,template,180,input:w10->padded_benes_16x16_s0_w10_11.in,input:w11->padded_benes_16x16_s0_w10_11.add,157.0,312.0,76.4198926981712,20.0,52.0,96.0,40.0,20.0,0,0,0,0,0,0,0,0,0
crossing,padded_benes,12,B_db_placeholder,template,181,input:w10->padded_benes_16x16_s0_w10_11.in,input:w11->padded_benes_16x16_s0_w10_11.add,1527.0,292.0,74.0,138.0,10.0,20.0,36.0,10.0,0,0,0,0,0,0,1,0,1
crossing,padded_benes,12,B_db_placeholder,template,182,input:w10->padded_benes_16x16_s0_w10_11.in,input:w11->padded_benes_16x16_s0_w10_11.add,61.0,292.0,98.0612053770501,29.0,96.0,8.0,20.0,8.0,0,0,0,1,0,1,1,0,1
crossing,padded_benes,12,B_db_placeholder,template,183,input:w10->padded_benes_16x16_s0_w10_11.in,input:w11->padded_benes_16x16_s0_w10_11.add,1453.0,292.0,74.0,64.0,84.0,8.0,20.0,8.0,0,0,0,1,0,1,1,0,1
crossing,padded_benes,12,B_db_placeholder,template,184,input:w10->padded_benes_16x16_s0_w10_11.in,input:w12->padded_benes_16x16_s0_w12_13.in,461.0,300.0,16.0,108.0,104.0,48.0,112.0,48.0,0,0,0,0,0,0,0,0,0
crossing,padded_benes,12,B_db_placeholder,template,185,input:w10->padded_benes_16x16_s0_w10_11.in,input:w12->padded_benes_16x16_s0_w12_13.in,645.0,428.0,16.0,232.0,128.0,40.0,160.0,40.0,0,0,0,0,0,0,0,0,0
crossing,padded_benes,12,B_db_placeholder,template,186,input:w10->padded_benes_16x16_s0_w10_11.in,input:w12->padded_benes_16x16_s0_w12_13.in,941.0,300.0,8.0,300.0,104.0,16.0,96.0,16.0,0,0,0,0,1,1,0,1,1
crossing,padded_benes,12,B_db_placeholder,template,187,input:w10->padded_benes_16x16_s0_w10_11.in,input:w12->padded_benes_16x16_s0_w12_13.in,1117.0,344.0,16.0,148.0,20.0,128.0,40.0,20.0,0,0,0,0,0,0,0,0,0
crossing,padded_benes,12,B_db_placeholder,template,188,input:w10->padded_benes_16x16_s0_w10_11.in,input:w13->padded_benes_16x16_s0_w12_13.add,461.0,236.0,16.0,172.0,40.0,32.0,112.0,32.0,0,0,0,0,0,0,0,0,0
crossing,padded_benes,12,B_db_placeholder,template,189,input:w10->padded_benes_16x16_s0_w10_11.in,input:w13->padded_benes_16x16_s0_w12_13.add,645.0,364.0,16.0,168.0,192.0,24.0,160.0,24.0,0,0,0,0,0,0,0,0,0
crossing,padded_benes,12,B_db_placeholder,template,190,input:w10->padded_benes_16x16_s0_w10_11.in,input:w13->padded_benes_16x16_s0_w12_13.add,941.0,236.0,8.0,364.0,40.0,24.0,96.0,24.0,0,0,0,0,1,1,0,1,1
crossing,padded_benes,12,B_db_placeholder,template,191,input:w10->padded_benes_16x16_s0_w10_11.in,input:w13->padded_benes_16x16_s0_w12_13.add,1117.0,280.0,8.0,84.0,84.0,128.0,32.0,32.0,0,0,0,0,1,1,0,1,1
crossing,padded_benes,12,B_db_placeholder,template,192,input:w10->padded_benes_16x16_s0_w10_11.in,input:w14->padded_benes_16x16_s0_w14_15.in,645.0,300.0,16.0,104.0,256.0,8.0,160.0,8.0,0,0,0,1,0,1,1,0,1
crossing,padded_benes,12,B_db_placeholder,template,193,input:w10->padded_benes_16x16_s0_w10_11.in,input:w14->padded_benes_16x16_s0_w14_15.in,1117.0,216.0,8.0,20.0,148.0,128.0,24.0,20.0,0,0,0,0,1,1,0,1,1
crossing,padded_benes,12,B_db_placeholder,template,194,input:w10->padded_benes_16x16_s0_w10_11.in,input:w14->padded_benes_16x16_s0_w14_15.in,525.0,196.0,64.0,64.0,120.0,8.0,20.0,8.0,0,0,0,1,0,1,1,0,1
crossing,padded_benes,12,B_db_placeholder,template,195,input:w10->padded_benes_16x16_s0_w10_11.in,input:w14->padded_benes_16x16_s0_w14_15.in,989.0,196.0,60.92618484691127,48.0,128.0,8.0,20.0,8.0,0,0,0,1,0,1,1,0,1
crossing,padded_benes,12,B_db_placeholder,template,196,input:w11->padded_benes_16x16_s0_w10_11.add,input:w12->padded_benes_16x16_s0_w12_13.in,445.0,300.0,8.0,44.0,168.0,32.0,128.0,32.0,0,0,0,0,1,1,0,1,1
crossing,padded_benes,12,B_db_placeholder,template,197,input:w11->padded_benes_16x16_s0_w10_11.add,input:w12->padded_benes_16x16_s0_w12_13.in,661.0,428.0,16.0,296.0,64.0,56.0,144.0,56.0,0,0,0,0,0,0,0,0,0
crossing,padded_benes,12,B_db_placeholder,template,198,input:w11->padded_benes_16x16_s0_w10_11.add,input:w12->padded_benes_16x16_s0_w12_13.in,933.0,300.0,8.0,236.0,168.0,8.0,104.0,8.0,0,0,0,1,1,1,1,1,1
crossing,padded_benes,12,B_db_placeholder,template,199,input:w11->padded_benes_16x16_s0_w10_11.add,input:w12->padded_benes_16x16_s0_w12_13.in,1157.0,300.0,24.0,32.0,112.0,44.0,168.0,32.0,0,0,0,0,0,0,0,0,0
crossing,padded_benes,12,B_db_placeholder,template,200,input:w11->padded_benes_16x16_s0_w10_11.add,input:w13->padded_benes_16x16_s0_w12_13.add,445.0,236.0,16.0,108.0,104.0,16.0,128.0,16.0,0,0,0,0,0,0,0,0,0
crossing,padded_benes,12,B_db_placeholder,template,201,input:w11->padded_benes_16x16_s0_w10_11.add,input:w13->padded_benes_16x16_s0_w12_13.add,661.0,364.0,16.0,232.0,128.0,40.0,144.0,40.0,0,0,0,0,0,0,0,0,0
crossing,padded_benes,12,B_db_placeholder,template,202,input:w11->padded_benes_16x16_s0_w10_11.add,input:w13->padded_benes_16x16_s0_w12_13.add,933.0,236.0,8.0,300.0,104.0,16.0,104.0,16.0,0,0,0,0,1,1,0,1,1
crossing,padded_benes,12,B_db_placeholder,template,203,input:w11->padded_benes_16x16_s0_w10_11.add,input:w13->padded_benes_16x16_s0_w12_13.add,1125.0,280.0,8.0,148.0,20.0,136.0,24.0,20.0,0,0,0,0,1,1,0,1,1
crossing,padded_benes,12,B_db_placeholder,template,204,input:w11->padded_benes_16x16_s0_w10_11.add,input:w14->padded_benes_16x16_s0_w14_15.in,445.0,172.0,16.0,172.0,40.0,40.0,128.0,40.0,0,0,0,0,0,0,0,0,0
crossing,padded_benes,12,B_db_placeholder,template,205,input:w11->padded_benes_16x16_s0_w10_11.add,input:w14->padded_benes_16x16_s0_w14_15.in,661.0,300.0,16.0,168.0,192.0,24.0,144.0,24.0,0,0,0,0,0,0,0,0,0
crossing,padded_benes,12,B_db_placeholder,template,206,input:w11->padded_benes_16x16_s0_w10_11.add,input:w14->padded_benes_16x16_s0_w14_15.in,933.0,172.0,60.92618484691127,364.0,40.0,24.0,104.0,24.0,0,0,0,0,0,0,0,0,0
crossing,padded_benes,12,B_db_placeholder,template,207,input:w11->padded_benes_16x16_s0_w10_11.add,input:w14->padded_benes_16x16_s0_w14_15.in,1125.0,216.0,8.0,84.0,84.0,136.0,16.0,16.0,0,0,0,0,1,1,0,1,1
crossing,padded_benes,12,B_db_placeholder,template,208,input:w11->padded_benes_16x16_s0_w10_11.add,input:w15->padded_benes_16x16_s0_w14_15.add,661.0,236.0,64.0,104.0,256.0,8.0,144.0,8.0,0,0,0,1,0,1,1,0,1
crossing,padded_benes,12,B_db_placeholder,template,209,input:w11->padded_benes_16x16_s0_w10_11.add,input:w15->padded_benes_16x16_s0_w14_15.add,1125.0,152.0,50.11985634456667,20.0,148.0,136.0,8.0,8.0,0,0,0,1,0,1,1,0,1
crossing,padded_benes,12,B_db_placeholder,template,210,input:w11->padded_benes_16x16_s0_w10_11.add,input:w15->padded_benes_16x16_s0_w14_15.add,525.0,132.0,64.0,80.0,136.0,8.0,20.0,8.0,0,0,0,1,0,1,1,0,1
crossing,padded_benes,12,B_db_placeholder,template,211,input:w11->padded_benes_16x16_s0_w10_11.add,input:w15->padded_benes_16x16_s0_w14_15.add,989.0,132.0,64.0,56.0,136.0,8.0,20.0,8.0,0,0,0,1,0,1,1,0,1
crossing,padded_benes,12,B_db_placeholder,template,212,input:w12->padded_benes_16x16_s0_w12_13.in,input:w13->padded_benes_16x16_s0_w12_13.add,189.0,132.0,24.0,8.0,224.0,52.0,64.0,8.0,0,0,0,1,0,1,1,0,1
crossing,padded_benes,12,B_db_placeholder,template,213,input:w12->padded_benes_16x16_s0_w12_13.in,input:w13->padded_benes_16x16_s0_w12_13.add,1527.0,164.0,74.0,178.0,10.0,20.0,36.0,10.0,0,0,0,0,0,0,1,0,1
crossing,padded_benes,12,B_db_placeholder,template,214,input:w12->padded_benes_16x16_s0_w12_13.in,input:w13->padded_benes_16x16_s0_w12_13.add,61.0,164.0,128.0,29.0,120.0,8.0,20.0,8.0,0,0,0,1,0,1,1,0,1
crossing,padded_benes,12,B_db_placeholder,template,215,input:w12->padded_benes_16x16_s0_w12_13.in,input:w13->padded_benes_16x16_s0_w12_13.add,1453.0,164.0,74.0,104.0,84.0,8.0,20.0,8.0,0,0,0,1,0,1,1,0,1
crossing,padded_benes,12,B_db_placeholder,template,216,input:w12->padded_benes_16x16_s0_w12_13.in,input:w14->padded_benes_16x16_s0_w14_15.in,413.0,172.0,16.0,40.0,128.0,8.0,160.0,8.0,0,0,0,1,0,1,1,0,1
crossing,padded_benes,12,B_db_placeholder,template,217,input:w12->padded_benes_16x16_s0_w12_13.in,input:w14->padded_benes_16x16_s0_w14_15.in,1349.0,152.0,26.832815729997478,20.0,12.0,128.0,24.0,12.0,0,0,0,0,0,0,1,0,1
crossing,padded_benes,12,B_db_placeholder,template,218,input:w12->padded_benes_16x16_s0_w12_13.in,input:w14->padded_benes_16x16_s0_w14_15.in,293.0,132.0,64.0,112.0,120.0,8.0,20.0,8.0,0,0,0,1,0,1,1,0,1
crossing,padded_benes,12,B_db_placeholder,template,219,input:w12->padded_benes_16x16_s0_w12_13.in,input:w14->padded_benes_16x16_s0_w14_15.in,1221.0,132.0,64.0,64.0,128.0,8.0,20.0,8.0,0,0,0,1,0,1,1,0,1
crossing,padded_benes,12,B_db_placeholder,template,220,input:w13->padded_benes_16x16_s0_w12_13.add,input:w14->padded_benes_16x16_s0_w14_15.in,189.0,108.0,24.0,76.0,40.0,24.0,152.0,24.0,0,0,0,0,0,0,0,0,0
crossing,padded_benes,12,B_db_placeholder,template,221,input:w13->padded_benes_16x16_s0_w12_13.add,input:w14->padded_benes_16x16_s0_w14_15.in,429.0,172.0,16.0,104.0,64.0,24.0,144.0,24.0,0,0,0,0,0,0,0,0,0
crossing,padded_benes,12,B_db_placeholder,template,222,input:w13->padded_benes_16x16_s0_w12_13.add,input:w14->padded_benes_16x16_s0_w14_15.in,1149.0,108.0,50.11985634456667,172.0,40.0,8.0,120.0,8.0,0,0,0,1,0,1,1,0,1
crossing,padded_benes,12,B_db_placeholder,template,223,input:w13->padded_benes_16x16_s0_w12_13.add,input:w14->padded_benes_16x16_s0_w14_15.in,1373.0,140.0,26.832815729997478,16.0,128.0,12.0,104.0,12.0,0,0,0,0,0,0,1,0,1
crossing,padded_benes,12,B_db_placeholder,template,224,input:w13->padded_benes_16x16_s0_w12_13.add,input:w15->padded_benes_16x16_s0_w14_15.add,429.0,108.0,64.0,40.0,128.0,8.0,144.0,8.0,0,0,0,1,0,1,1,0,1
crossing,padded_benes,12,B_db_placeholder,template,225,input:w13->padded_benes_16x16_s0_w12_13.add,input:w15->padded_benes_16x16_s0_w14_15.add,1357.0,88.0,54.405882034941776,20.0,52.0,136.0,8.0,8.0,0,0,0,1,0,1,1,0,1
crossing,padded_benes,12,B_db_placeholder,template,226,input:w13->padded_benes_16x16_s0_w12_13.add,input:w15->padded_benes_16x16_s0_w14_15.add,293.0,68.0,64.0,104.0,136.0,8.0,20.0,8.0,0,0,0,1,0,1,1,0,1
crossing,padded_benes,12,B_db_placeholder,template,227,input:w13->padded_benes_16x16_s0_w12_13.add,input:w15->padded_benes_16x16_s0_w14_15.add,1221.0,68.0,64.0,72.0,136.0,8.0,20.0,8.0,0,0,0,1,0,1,1,0,1
crossing,padded_benes,12,B_db_placeholder,template,228,input:w14->padded_benes_16x16_s0_w14_15.in,input:w15->padded_benes_16x16_s0_w14_15.add,165.0,56.0,57.271284253105414,20.0,52.0,104.0,8.0,8.0,0,0,0,1,0,1,1,0,1
crossing,padded_benes,12,B_db_placeholder,template,229,input:w14->padded_benes_16x16_s0_w14_15.in,input:w15->padded_benes_16x16_s0_w14_15.add,1527.0,36.0,74.0,154.0,10.0,20.0,36.0,10.0,0,0,0,0,0,0,1,0,1
crossing,padded_benes,12,B_db_placeholder,template,230,input:w14->padded_benes_16x16_s0_w14_15.in,input:w15->padded_benes_16x16_s0_w14_15.add,61.0,36.0,105.90561835898981,29.0,104.0,8.0,20.0,8.0,0,0,0,1,0,1,1,0,1
crossing,padded_benes,12,B_db_placeholder,template,231,input:w14->padded_benes_16x16_s0_w14_15.in,input:w15->padded_benes_16x16_s0_w14_15.add,1453.0,36.0,74.0,80.0,84.0,8.0,20.0,8.0,0,0,0,1,0,1,1,0,1
crossing,padded_benes,12,C_db_realistic,template,0,input:w0->padded_benes_16x16_s0_w0_1.in,input:w1->padded_benes_16x16_s0_w0_1.add,261.0,900.0,24.0,8.0,224.0,52.0,64.0,8.0,0,0,0,1,0,1,1,0,1
crossing,padded_benes,12,C_db_realistic,template,1,input:w0->padded_benes_16x16_s0_w0_1.in,input:w1->padded_benes_16x16_s0_w0_1.add,1527.0,932.0,74.0,226.0,10.0,20.0,36.0,10.0,0,0,0,0,0,0,1,0,1
crossing,padded_benes,12,C_db_realistic,template,2,input:w0->padded_benes_16x16_s0_w0_1.in,input:w1->padded_benes_16x16_s0_w0_1.add,61.0,932.0,128.0,29.0,192.0,8.0,20.0,8.0,0,0,0,1,0,1,1,0,1
crossing,padded_benes,12,C_db_realistic,template,3,input:w0->padded_benes_16x16_s0_w0_1.in,input:w1->padded_benes_16x16_s0_w0_1.add,1453.0,932.0,40.0,152.0,84.0,8.0,20.0,8.0,0,0,0,1,0,1,1,0,1
crossing,padded_benes,12,C_db_realistic,template,4,input:w0->padded_benes_16x16_s0_w0_1.in,input:w2->padded_benes_16x16_s0_w2_3.in,493.0,836.0,24.0,8.0,224.0,84.0,128.0,8.0,0,0,0,1,0,1,1,0,1
crossing,padded_benes,12,C_db_realistic,template,5,input:w0->padded_benes_16x16_s0_w0_1.in,input:w2->padded_benes_16x16_s0_w2_3.in,1301.0,920.0,64.4980619863884,20.0,12.0,80.0,120.0,12.0,0,0,0,0,0,0,1,0,1
crossing,padded_benes,12,C_db_realistic,template,6,input:w0->padded_benes_16x16_s0_w0_1.in,input:w2->padded_benes_16x16_s0_w2_3.in,293.0,900.0,32.0,40.0,192.0,8.0,20.0,8.0,0,0,0,1,0,1,1,0,1
crossing,padded_benes,12,C_db_realistic,template,7,input:w0->padded_benes_16x16_s0_w0_1.in,input:w2->padded_benes_16x16_s0_w2_3.in,1221.0,900.0,64.0,152.0,80.0,8.0,20.0,8.0,0,0,0,1,0,1,1,0,1
crossing,padded_benes,12,C_db_realistic,template,8,input:w0->padded_benes_16x16_s0_w0_1.in,input:w4->padded_benes_16x16_s0_w4_5.in,725.0,708.0,24.0,8.0,112.0,148.0,256.0,8.0,0,0,0,1,0,1,1,0,1
crossing,padded_benes,12,C_db_realistic,template,9,input:w0->padded_benes_16x16_s0_w0_1.in,input:w4->padded_benes_16x16_s0_w4_5.in,1069.0,856.0,16.0,20.0,44.0,80.0,120.0,20.0,0,0,0,0,0,0,0,0,0
crossing,padded_benes,12,C_db_realistic,template,10,input:w0->padded_benes_16x16_s0_w0_1.in,input:w4->padded_benes_16x16_s0_w4_5.in,525.0,836.0,32.0,40.0,192.0,8.0,20.0,8.0,0,0,0,1,0,1,1,0,1
crossing,padded_benes,12,C_db_realistic,template,11,input:w0->padded_benes_16x16_s0_w0_1.in,input:w4->padded_benes_16x16_s0_w4_5.in,989.0,836.0,64.0,152.0,80.0,8.0,20.0,8.0,0,0,0,1,0,1,1,0,1
crossing,padded_benes,12,C_db_realistic,template,12,input:w0->padded_benes_16x16_s0_w0_1.in,input:w8->padded_benes_16x16_s0_w8_9.in,837.0,728.0,8.0,20.0,108.0,80.0,120.0,20.0,0,0,0,0,1,1,0,1,1
crossing,padded_benes,12,C_db_realistic,template,13,input:w0->padded_benes_16x16_s0_w0_1.in,input:w8->padded_benes_16x16_s0_w8_9.in,757.0,708.0,32.0,40.0,80.0,8.0,20.0,8.0,0,0,0,1,0,1,1,0,1
crossing,padded_benes,12,C_db_realistic,template,14,input:w1->padded_benes_16x16_s0_w0_1.add,input:w2->padded_benes_16x16_s0_w2_3.in,261.0,876.0,24.0,76.0,40.0,120.0,80.0,40.0,0,0,0,0,0,0,0,0,0
crossing,padded_benes,12,C_db_realistic,template,15,input:w1->padded_benes_16x16_s0_w0_1.add,input:w2->padded_benes_16x16_s0_w2_3.in,493.0,772.0,16.0,24.0,208.0,148.0,64.0,24.0,0,0,0,0,0,0,0,0,0
crossing,padded_benes,12,C_db_realistic,template,16,input:w1->padded_benes_16x16_s0_w0_1.add,input:w2->padded_benes_16x16_s0_w2_3.in,1085.0,836.0,20.0,8.0,224.0,128.0,40.0,8.0,0,0,0,1,0,1,1,0,1
crossing,padded_benes,12,C_db_realistic,template,17,input:w1->padded_benes_16x16_s0_w0_1.add,input:w2->padded_benes_16x16_s0_w2_3.in,1421.0,908.0,40.0,112.0,80.0,12.0,104.0,12.0,0,0,0,0,0,0,1,0,1
crossing,padded_benes,12,C_db_realistic,template,18,input:w1->padded_benes_16x16_s0_w0_1.add,input:w3->padded_benes_16x16_s0_w2_3.add,477.0,772.0,16.0,8.0,224.0,84.0,128.0,8.0,0,0,0,1,0,1,1,0,1
crossing,padded_benes,12,C_db_realistic,template,19,input:w1->padded_benes_16x16_s0_w0_1.add,input:w3->padded_benes_16x16_s0_w2_3.add,1309.0,856.0,64.4980619863884,20.0,52.0,88.0,104.0,20.0,0,0,0,0,0,0,0,0,0
crossing,padded_benes,12,C_db_realistic,template,20,input:w1->padded_benes_16x16_s0_w0_1.add,input:w3->padded_benes_16x16_s0_w2_3.add,293.0,836.0,51.22499389946279,32.0,176.0,8.0,20.0,8.0,0,0,0,1,0,1,1,0,1
crossing,padded_benes,12,C_db_realistic,template,21,input:w1->padded_benes_16x16_s0_w0_1.add,input:w3->padded_benes_16x16_s0_w2_3.add,1221.0,836.0,32.0,144.0,88.0,8.0,20.0,8.0,0,0,0,1,0,1,1,0,1
crossing,padded_benes,12,C_db_realistic,template,22,input:w1->padded_benes_16x16_s0_w0_1.add,input:w4->padded_benes_16x16_s0_w4_5.in,469.0,812.0,8.0,24.0,40.0,88.0,104.0,24.0,0,0,0,0,1,1,0,1,1
crossing,padded_benes,12,C_db_realistic,template,23,input:w1->padded_benes_16x16_s0_w0_1.add,input:w4->padded_benes_16x16_s0_w4_5.in,725.0,644.0,16.0,24.0,120.0,212.0,192.0,24.0,0,0,0,0,0,0,0,0,0
crossing,padded_benes,12,C_db_realistic,template,24,input:w1->padded_benes_16x16_s0_w0_1.add,input:w4->padded_benes_16x16_s0_w4_5.in,869.0,772.0,44.0,24.0,208.0,320.0,40.0,24.0,0,0,0,0,0,0,0,0,0
crossing,padded_benes,12,C_db_realistic,template,25,input:w1->padded_benes_16x16_s0_w0_1.add,input:w4->padded_benes_16x16_s0_w4_5.in,1189.0,836.0,24.0,112.0,120.0,20.0,192.0,20.0,0,0,0,0,0,0,0,0,0
crossing,padded_benes,12,C_db_realistic,template,26,input:w1->padded_benes_16x16_s0_w0_1.add,input:w5->padded_benes_16x16_s0_w4_5.add,709.0,644.0,16.0,8.0,136.0,148.0,256.0,8.0,0,0,0,1,0,1,1,0,1
crossing,padded_benes,12,C_db_realistic,template,27,input:w1->padded_benes_16x16_s0_w0_1.add,input:w5->padded_benes_16x16_s0_w4_5.add,1077.0,792.0,8.0,20.0,44.0,88.0,104.0,20.0,0,0,0,0,1,1,0,1,1
crossing,padded_benes,12,C_db_realistic,template,28,input:w1->padded_benes_16x16_s0_w0_1.add,input:w5->padded_benes_16x16_s0_w4_5.add,525.0,772.0,32.0,56.0,176.0,8.0,20.0,8.0,0,0,0,1,0,1,1,0,1
crossing,padded_benes,12,C_db_realistic,template,29,input:w1->padded_benes_16x16_s0_w0_1.add,input:w5->padded_benes_16x16_s0_w4_5.add,989.0,772.0,64.0,144.0,88.0,8.0,20.0,8.0,0,0,0,1,0,1,1,0,1
crossing,padded_benes,12,C_db_realistic,template,30,input:w1->padded_benes_16x16_s0_w0_1.add,input:w8->padded_benes_16x16_s0_w8_9.in,701.0,684.0,8.0,88.0,40.0,88.0,104.0,40.0,0,0,0,0,1,1,0,1,1
crossing,padded_benes,12,C_db_realistic,template,31,input:w1->padded_benes_16x16_s0_w0_1.add,input:w8->padded_benes_16x16_s0_w8_9.in,845.0,728.0,8.0,84.0,44.0,88.0,112.0,44.0,0,0,0,0,1,1,0,1,1
crossing,padded_benes,12,C_db_realistic,template,32,input:w1->padded_benes_16x16_s0_w0_1.add,input:w9->padded_benes_16x16_s0_w8_9.add,845.0,664.0,8.0,20.0,108.0,88.0,104.0,20.0,0,0,0,0,1,1,0,1,1
crossing,padded_benes,12,C_db_realistic,template,33,input:w1->padded_benes_16x16_s0_w0_1.add,input:w9->padded_benes_16x16_s0_w8_9.add,757.0,644.0,32.0,56.0,88.0,8.0,20.0,8.0,0,0,0,1,0,1,1,0,1
crossing,padded_benes,12,C_db_realistic,template,34,input:w2->padded_benes_16x16_s0_w2_3.in,input:w3->padded_benes_16x16_s0_w2_3.add,141.0,824.0,82.46211251235322,20.0,52.0,80.0,104.0,20.0,0,0,0,0,0,0,0,0,0
crossing,padded_benes,12,C_db_realistic,template,35,input:w2->padded_benes_16x16_s0_w2_3.in,input:w3->padded_benes_16x16_s0_w2_3.add,1527.0,804.0,74.0,106.0,10.0,20.0,36.0,10.0,0,0,0,0,0,0,1,0,1
crossing,padded_benes,12,C_db_realistic,template,36,input:w2->padded_benes_16x16_s0_w2_3.in,input:w3->padded_benes_16x16_s0_w2_3.add,61.0,804.0,82.46211251235322,29.0,80.0,8.0,20.0,8.0,0,0,0,1,0,1,1,0,1
crossing,padded_benes,12,C_db_realistic,template,37,input:w2->padded_benes_16x16_s0_w2_3.in,input:w3->padded_benes_16x16_s0_w2_3.add,1453.0,804.0,74.0,32.0,84.0,8.0,20.0,8.0,0,0,0,1,0,1,1,0,1
crossing,padded_benes,12,C_db_realistic,template,38,input:w2->padded_benes_16x16_s0_w2_3.in,input:w4->padded_benes_16x16_s0_w4_5.in,493.0,812.0,16.0,108.0,104.0,112.0,80.0,80.0,0,0,0,0,0,0,0,0,0
crossing,padded_benes,12,C_db_realistic,template,39,input:w2->padded_benes_16x16_s0_w2_3.in,input:w4->padded_benes_16x16_s0_w4_5.in,725.0,580.0,16.0,40.0,128.0,276.0,128.0,40.0,0,0,0,0,0,0,0,0,0
crossing,padded_benes,12,C_db_realistic,template,40,input:w2->padded_benes_16x16_s0_w2_3.in,input:w4->padded_benes_16x16_s0_w4_5.in,869.0,708.0,8.0,16.0,216.0,256.0,104.0,16.0,0,0,0,0,1,1,0,1,1
crossing,padded_benes,12,C_db_realistic,template,41,input:w2->padded_benes_16x16_s0_w2_3.in,input:w4->padded_benes_16x16_s0_w4_5.in,1085.0,856.0,16.0,148.0,20.0,96.0,104.0,20.0,0,0,0,0,0,0,0,0,0
crossing,padded_benes,12,C_db_realistic,template,42,input:w2->padded_benes_16x16_s0_w2_3.in,input:w5->padded_benes_16x16_s0_w4_5.add,493.0,748.0,16.0,172.0,40.0,96.0,80.0,40.0,0,0,0,0,0,0,0,0,0
crossing,padded_benes,12,C_db_realistic,template,43,input:w2->padded_benes_16x16_s0_w2_3.in,input:w5->padded_benes_16x16_s0_w4_5.add,709.0,580.0,16.0,24.0,144.0,212.0,192.0,24.0,0,0,0,0,0,0,0,0,0
crossing,padded_benes,12,C_db_realistic,template,44,input:w2->padded_benes_16x16_s0_w2_3.in,input:w5->padded_benes_16x16_s0_w4_5.add,877.0,708.0,8.0,24.0,208.0,320.0,40.0,24.0,0,0,0,0,1,1,0,1,1
crossing,padded_benes,12,C_db_realistic,template,45,input:w2->padded_benes_16x16_s0_w2_3.in,input:w5->padded_benes_16x16_s0_w4_5.add,1085.0,792.0,8.0,84.0,84.0,96.0,96.0,84.0,0,0,0,0,1,1,0,1,1
crossing,padded_benes,12,C_db_realistic,template,46,input:w2->padded_benes_16x16_s0_w2_3.in,input:w6->padded_benes_16x16_s0_w6_7.in,693.0,580.0,16.0,8.0,160.0,148.0,256.0,8.0,0,0,0,1,0,1,1,0,1
crossing,padded_benes,12,C_db_realistic,template,47,input:w2->padded_benes_16x16_s0_w2_3.in,input:w6->padded_benes_16x16_s0_w6_7.in,1085.0,728.0,8.0,20.0,148.0,96.0,88.0,20.0,0,0,0,0,1,1,0,1,1
crossing,padded_benes,12,C_db_realistic,template,48,input:w2->padded_benes_16x16_s0_w2_3.in,input:w6->padded_benes_16x16_s0_w6_7.in,525.0,708.0,51.22499389946279,32.0,160.0,8.0,20.0,8.0,0,0,0,1,0,1,1,0,1
crossing,padded_benes,12,C_db_realistic,template,49,input:w2->padded_benes_16x16_s0_w2_3.in,input:w6->padded_benes_16x16_s0_w6_7.in,989.0,708.0,32.0,136.0,96.0,8.0,20.0,8.0,0,0,0,1,0,1,1,0,1
crossing,padded_benes,12,C_db_realistic,template,50,input:w2->padded_benes_16x16_s0_w2_3.in,input:w8->padded_benes_16x16_s0_w8_9.in,685.0,684.0,8.0,24.0,104.0,72.0,120.0,24.0,0,0,0,0,1,1,0,1,1
crossing,padded_benes,12,C_db_realistic,template,51,input:w2->padded_benes_16x16_s0_w2_3.in,input:w8->padded_benes_16x16_s0_w8_9.in,957.0,708.0,24.0,104.0,128.0,20.0,384.0,20.0,0,0,0,0,0,0,0,0,0
crossing,padded_benes,12,C_db_realistic,template,52,input:w2->padded_benes_16x16_s0_w2_3.in,input:w9->padded_benes_16x16_s0_w8_9.add,685.0,620.0,8.0,88.0,40.0,56.0,120.0,40.0,0,0,0,0,1,1,0,1,1
crossing,padded_benes,12,C_db_realistic,template,53,input:w2->padded_benes_16x16_s0_w2_3.in,input:w9->padded_benes_16x16_s0_w8_9.add,853.0,664.0,8.0,84.0,44.0,96.0,96.0,44.0,0,0,0,0,1,1,0,1,1
crossing,padded_benes,12,C_db_realistic,template,54,input:w2->padded_benes_16x16_s0_w2_3.in,input:w10->padded_benes_16x16_s0_w10_11.in,853.0,600.0,8.0,20.0,108.0,96.0,88.0,20.0,0,0,0,0,1,1,0,1,1
crossing,padded_benes,12,C_db_realistic,template,55,input:w2->padded_benes_16x16_s0_w2_3.in,input:w10->padded_benes_16x16_s0_w10_11.in,757.0,580.0,32.0,72.0,96.0,8.0,20.0,8.0,0,0,0,1,0,1,1,0,1
crossing,padded_benes,12,C_db_realistic,template,56,input:w3->padded_benes_16x16_s0_w2_3.add,input:w4->padded_benes_16x16_s0_w4_5.in,477.0,812.0,8.0,44.0,168.0,96.0,96.0,44.0,0,0,0,0,1,1,0,1,1
crossing,padded_benes,12,C_db_realistic,template,57,input:w3->padded_benes_16x16_s0_w2_3.add,input:w4->padded_benes_16x16_s0_w4_5.in,725.0,516.0,16.0,56.0,136.0,340.0,64.0,56.0,0,0,0,0,0,0,0,0,0
crossing,padded_benes,12,C_db_realistic,template,58,input:w3->padded_benes_16x16_s0_w2_3.add,input:w4->padded_benes_16x16_s0_w4_5.in,869.0,644.0,8.0,8.0,224.0,192.0,168.0,8.0,0,0,0,1,1,1,1,1,1
crossing,padded_benes,12,C_db_realistic,template,59,input:w3->padded_benes_16x16_s0_w2_3.add,input:w4->padded_benes_16x16_s0_w4_5.in,1189.0,812.0,24.0,96.0,80.0,44.0,168.0,44.0,0,0,0,0,0,0,0,0,0
crossing,padded_benes,12,C_db_realistic,template,60,input:w3->padded_benes_16x16_s0_w2_3.add,input:w5->padded_benes_16x16_s0_w4_5.add,477.0,748.0,16.0,108.0,104.0,80.0,96.0,80.0,0,0,0,0,0,0,0,0,0
crossing,padded_benes,12,C_db_realistic,template,61,input:w3->padded_benes_16x16_s0_w2_3.add,input:w5->padded_benes_16x16_s0_w4_5.add,709.0,516.0,16.0,40.0,152.0,276.0,128.0,40.0,0,0,0,0,0,0,0,0,0
crossing,padded_benes,12,C_db_realistic,template,62,input:w3->padded_benes_16x16_s0_w2_3.add,input:w5->padded_benes_16x16_s0_w4_5.add,877.0,644.0,8.0,16.0,216.0,256.0,104.0,16.0,0,0,0,0,1,1,0,1,1
crossing,padded_benes,12,C_db_realistic,template,63,input:w3->padded_benes_16x16_s0_w2_3.add,input:w5->padded_benes_16x16_s0_w4_5.add,1093.0,792.0,8.0,148.0,20.0,104.0,88.0,20.0,0,0,0,0,1,1,0,1,1
crossing,padded_benes,12,C_db_realistic,template,64,input:w3->padded_benes_16x16_s0_w2_3.add,input:w6->padded_benes_16x16_s0_w6_7.in,477.0,684.0,53.665631459994955,172.0,40.0,104.0,96.0,40.0,0,0,0,0,0,0,0,0,0
crossing,padded_benes,12,C_db_realistic,template,65,input:w3->padded_benes_16x16_s0_w2_3.add,input:w6->padded_benes_16x16_s0_w6_7.in,693.0,516.0,16.0,24.0,168.0,212.0,192.0,24.0,0,0,0,0,0,0,0,0,0
crossing,padded_benes,12,C_db_realistic,template,66,input:w3->padded_benes_16x16_s0_w2_3.add,input:w6->padded_benes_16x16_s0_w6_7.in,885.0,644.0,8.0,24.0,208.0,320.0,40.0,24.0,0,0,0,0,1,1,0,1,1
crossing,padded_benes,12,C_db_realistic,template,67,input:w3->padded_benes_16x16_s0_w2_3.add,input:w6->padded_benes_16x16_s0_w6_7.in,1093.0,728.0,8.0,84.0,84.0,104.0,80.0,80.0,0,0,0,0,1,1,0,1,1
crossing,padded_benes,12,C_db_realistic,template,68,input:w3->padded_benes_16x16_s0_w2_3.add,input:w7->padded_benes_16x16_s0_w6_7.add,677.0,516.0,16.0,8.0,184.0,148.0,256.0,8.0,0,0,0,1,0,1,1,0,1
crossing,padded_benes,12,C_db_realistic,template,69,input:w3->padded_benes_16x16_s0_w2_3.add,input:w7->padded_benes_16x16_s0_w6_7.add,1093.0,664.0,64.0,20.0,148.0,104.0,72.0,20.0,0,0,0,0,0,0,0,0,0
crossing,padded_benes,12,C_db_realistic,template,70,input:w3->padded_benes_16x16_s0_w2_3.add,input:w7->padded_benes_16x16_s0_w6_7.add,525.0,644.0,62.48199740725323,48.0,144.0,8.0,20.0,8.0,0,0,0,1,0,1,1,0,1
crossing,padded_benes,12,C_db_realistic,template,71,input:w3->padded_benes_16x16_s0_w2_3.add,input:w7->padded_benes_16x16_s0_w6_7.add,989.0,644.0,32.0,128.0,104.0,8.0,20.0,8.0,0,0,0,1,0,1,1,0,1
crossing,padded_benes,12,C_db_realistic,template,72,input:w3->padded_benes_16x16_s0_w2_3.add,input:w8->padded_benes_16x16_s0_w8_9.in,613.0,644.0,20.0,136.0,56.0,320.0,40.0,40.0,0,0,0,0,0,0,0,0,0
crossing,padded_benes,12,C_db_realistic,template,73,input:w3->padded_benes_16x16_s0_w2_3.add,input:w8->padded_benes_16x16_s0_w8_9.in,957.0,644.0,8.0,96.0,136.0,84.0,320.0,84.0,0,0,0,0,1,1,0,1,1
crossing,padded_benes,12,C_db_realistic,template,74,input:w3->padded_benes_16x16_s0_w2_3.add,input:w9->padded_benes_16x16_s0_w8_9.add,669.0,620.0,8.0,24.0,104.0,40.0,136.0,24.0,0,0,0,0,1,1,0,1,1
crossing,padded_benes,12,C_db_realistic,template,75,input:w3->padded_benes_16x16_s0_w2_3.add,input:w9->padded_benes_16x16_s0_w8_9.add,949.0,644.0,8.0,88.0,144.0,20.0,384.0,20.0,0,0,0,0,1,1,0,1,1
crossing,padded_benes,12,C_db_realistic,template,76,input:w3->padded_benes_16x16_s0_w2_3.add,input:w10->padded_benes_16x16_s0_w10_11.in,669.0,556.0,8.0,88.0,40.0,24.0,136.0,24.0,0,0,0,0,1,1,0,1,1
crossing,padded_benes,12,C_db_realistic,template,77,input:w3->padded_benes_16x16_s0_w2_3.add,input:w10->padded_benes_16x16_s0_w10_11.in,861.0,600.0,8.0,84.0,44.0,104.0,80.0,44.0,0,0,0,0,1,1,0,1,1
crossing,padded_benes,12,C_db_realistic,template,78,input:w3->padded_benes_16x16_s0_w2_3.add,input:w11->padded_benes_16x16_s0_w10_11.add,861.0,536.0,8.0,20.0,108.0,104.0,72.0,20.0,0,0,0,0,1,1,0,1,1
crossing,padded_benes,12,C_db_realistic,template,79,input:w3->padded_benes_16x16_s0_w2_3.add,input:w11->padded_benes_16x16_s0_w10_11.add,757.0,516.0,32.0,88.0,104.0,8.0,20.0,8.0,0,0,0,1,0,1,1,0,1
crossing,padded_benes,12,C_db_realistic,template,80,input:w4->padded_benes_16x16_s0_w4_5.in,input:w5->padded_benes_16x16_s0_w4_5.add,237.0,644.0,24.0,8.0,144.0,52.0,64.0,8.0,0,0,0,1,0,1,1,0,1
crossing,padded_benes,12,C_db_realistic,template,81,input:w4->padded_benes_16x16_s0_w4_5.in,input:w5->padded_benes_16x16_s0_w4_5.add,1527.0,676.0,74.0,210.0,10.0,20.0,36.0,10.0,0,0,0,0,0,0,1,0,1
crossing,padded_benes,12,C_db_realistic,template,82,input:w4->padded_benes_16x16_s0_w4_5.in,input:w5->padded_benes_16x16_s0_w4_5.add,61.0,676.0,128.0,29.0,168.0,8.0,20.0,8.0,0,0,0,1,0,1,1,0,1
crossing,padded_benes,12,C_db_realistic,template,83,input:w4->padded_benes_16x16_s0_w4_5.in,input:w5->padded_benes_16x16_s0_w4_5.add,1453.0,676.0,53.665631459994955,136.0,84.0,8.0,20.0,8.0,0,0,0,1,0,1,1,0,1
crossing,padded_benes,12,C_db_realistic,template,84,input:w4->padded_benes_16x16_s0_w4_5.in,input:w6->padded_benes_16x16_s0_w6_7.in,381.0,684.0,16.0,40.0,128.0,8.0,192.0,8.0,0,0,0,1,0,1,1,0,1
crossing,padded_benes,12,C_db_realistic,template,85,input:w4->padded_benes_16x16_s0_w4_5.in,input:w6->padded_benes_16x16_s0_w6_7.in,1317.0,664.0,64.4980619863884,20.0,12.0,96.0,88.0,12.0,0,0,0,0,0,0,1,0,1
crossing,padded_benes,12,C_db_realistic,template,86,input:w4->padded_benes_16x16_s0_w4_5.in,input:w6->padded_benes_16x16_s0_w6_7.in,293.0,644.0,56.0,64.0,88.0,8.0,20.0,8.0,0,0,0,1,0,1,1,0,1
crossing,padded_benes,12,C_db_realistic,template,87,input:w4->padded_benes_16x16_s0_w4_5.in,input:w6->padded_benes_16x16_s0_w6_7.in,1221.0,644.0,46.647615158762406,32.0,96.0,8.0,20.0,8.0,0,0,0,1,0,1,1,0,1
crossing,padded_benes,12,C_db_realistic,template,88,input:w4->padded_benes_16x16_s0_w4_5.in,input:w8->padded_benes_16x16_s0_w8_9.in,725.0,684.0,16.0,172.0,232.0,112.0,80.0,80.0,0,0,0,0,0,0,0,0,0
crossing,padded_benes,12,C_db_realistic,template,89,input:w4->padded_benes_16x16_s0_w4_5.in,input:w8->padded_benes_16x16_s0_w8_9.in,869.0,728.0,8.0,276.0,84.0,112.0,88.0,84.0,0,0,0,0,1,1,0,1,1
crossing,padded_benes,12,C_db_realistic,template,90,input:w4->padded_benes_16x16_s0_w4_5.in,input:w9->padded_benes_16x16_s0_w8_9.add,725.0,620.0,16.0,236.0,168.0,96.0,80.0,80.0,0,0,0,0,0,0,0,0,0
crossing,padded_benes,12,C_db_realistic,template,91,input:w4->padded_benes_16x16_s0_w4_5.in,input:w9->padded_benes_16x16_s0_w8_9.add,869.0,664.0,8.0,212.0,148.0,112.0,80.0,80.0,0,0,0,0,1,1,0,1,1
crossing,padded_benes,12,C_db_realistic,template,92,input:w4->padded_benes_16x16_s0_w4_5.in,input:w10->padded_benes_16x16_s0_w10_11.in,725.0,556.0,16.0,300.0,104.0,80.0,80.0,80.0,0,0,0,0,0,0,0,0,0
crossing,padded_benes,12,C_db_realistic,template,93,input:w4->padded_benes_16x16_s0_w4_5.in,input:w10->padded_benes_16x16_s0_w10_11.in,869.0,600.0,8.0,148.0,212.0,112.0,72.0,72.0,0,0,0,0,1,1,0,1,1
crossing,padded_benes,12,C_db_realistic,template,94,input:w4->padded_benes_16x16_s0_w4_5.in,input:w11->padded_benes_16x16_s0_w10_11.add,725.0,492.0,16.0,364.0,40.0,64.0,80.0,40.0,0,0,0,0,0,0,0,0,0
crossing,padded_benes,12,C_db_realistic,template,95,input:w4->padded_benes_16x16_s0_w4_5.in,input:w11->padded_benes_16x16_s0_w10_11.add,869.0,536.0,8.0,84.0,276.0,112.0,64.0,64.0,0,0,0,0,1,1,0,1,1
crossing,padded_benes,12,C_db_realistic,template,96,input:w4->padded_benes_16x16_s0_w4_5.in,input:w12->padded_benes_16x16_s0_w12_13.in,869.0,472.0,8.0,20.0,340.0,112.0,56.0,20.0,0,0,0,0,1,1,0,1,1
crossing,padded_benes,12,C_db_realistic,template,97,input:w4->padded_benes_16x16_s0_w4_5.in,input:w12->padded_benes_16x16_s0_w12_13.in,757.0,452.0,51.22499389946279,32.0,112.0,8.0,20.0,8.0,0,0,0,1,0,1,1,0,1
crossing,padded_benes,12,C_db_realistic,template,98,input:w5->padded_benes_16x16_s0_w4_5.add,input:w6->padded_benes_16x16_s0_w6_7.in,237.0,620.0,24.0,76.0,40.0,88.0,104.0,40.0,0,0,0,0,0,0,0,0,0
crossing,padded_benes,12,C_db_realistic,template,99,input:w5->padded_benes_16x16_s0_w4_5.add,input:w6->padded_benes_16x16_s0_w6_7.in,397.0,684.0,16.0,104.0,64.0,24.0,176.0,24.0,0,0,0,0,0,0,0,0,0
crossing,padded_benes,12,C_db_realistic,template,100,input:w5->padded_benes_16x16_s0_w4_5.add,input:w6->padded_benes_16x16_s0_w6_7.in,1181.0,620.0,46.647615158762406,172.0,40.0,8.0,88.0,8.0,0,0,0,1,0,1,1,0,1
crossing,padded_benes,12,C_db_realistic,template,101,input:w5->padded_benes_16x16_s0_w4_5.add,input:w6->padded_benes_16x16_s0_w6_7.in,1405.0,652.0,53.665631459994955,80.0,96.0,12.0,104.0,12.0,0,0,0,0,0,0,1,0,1
crossing,padded_benes,12,C_db_realistic,template,102,input:w5->padded_benes_16x16_s0_w4_5.add,input:w7->padded_benes_16x16_s0_w6_7.add,397.0,620.0,64.0,40.0,128.0,8.0,176.0,8.0,0,0,0,1,0,1,1,0,1
crossing,padded_benes,12,C_db_realistic,template,103,input:w5->padded_benes_16x16_s0_w4_5.add,input:w7->padded_benes_16x16_s0_w6_7.add,1325.0,600.0,64.4980619863884,20.0,52.0,104.0,72.0,20.0,0,0,0,0,0,0,0,0,0
crossing,padded_benes,12,C_db_realistic,template,104,input:w5->padded_benes_16x16_s0_w4_5.add,input:w7->padded_benes_16x16_s0_w6_7.add,293.0,580.0,64.0,56.0,104.0,8.0,20.0,8.0,0,0,0,1,0,1,1,0,1
crossing,padded_benes,12,C_db_realistic,template,105,input:w5->padded_benes_16x16_s0_w4_5.add,input:w7->padded_benes_16x16_s0_w6_7.add,1221.0,580.0,56.568542494923804,40.0,104.0,8.0,20.0,8.0,0,0,0,1,0,1,1,0,1
crossing,padded_benes,12,C_db_realistic,template,106,input:w5->padded_benes_16x16_s0_w4_5.add,input:w8->padded_benes_16x16_s0_w8_9.in,709.0,684.0,8.0,108.0,296.0,96.0,96.0,96.0,0,0,0,0,1,1,0,1,1
crossing,padded_benes,12,C_db_realistic,template,107,input:w5->padded_benes_16x16_s0_w4_5.add,input:w8->padded_benes_16x16_s0_w8_9.in,877.0,728.0,8.0,340.0,20.0,120.0,80.0,20.0,0,0,0,0,1,1,0,1,1
crossing,padded_benes,12,C_db_realistic,template,108,input:w5->padded_benes_16x16_s0_w4_5.add,input:w9->padded_benes_16x16_s0_w8_9.add,709.0,620.0,16.0,172.0,232.0,80.0,96.0,80.0,0,0,0,0,0,0,0,0,0
crossing,padded_benes,12,C_db_realistic,template,109,input:w5->padded_benes_16x16_s0_w4_5.add,input:w9->padded_benes_16x16_s0_w8_9.add,877.0,664.0,8.0,276.0,84.0,120.0,72.0,72.0,0,0,0,0,1,1,0,1,1
crossing,padded_benes,12,C_db_realistic,template,110,input:w5->padded_benes_16x16_s0_w4_5.add,input:w10->padded_benes_16x16_s0_w10_11.in,709.0,556.0,16.0,236.0,168.0,64.0,96.0,64.0,0,0,0,0,0,0,0,0,0
crossing,padded_benes,12,C_db_realistic,template,111,input:w5->padded_benes_16x16_s0_w4_5.add,input:w10->padded_benes_16x16_s0_w10_11.in,877.0,600.0,8.0,212.0,148.0,120.0,64.0,64.0,0,0,0,0,1,1,0,1,1
crossing,padded_benes,12,C_db_realistic,template,112,input:w5->padded_benes_16x16_s0_w4_5.add,input:w11->padded_benes_16x16_s0_w10_11.add,709.0,492.0,16.0,300.0,104.0,48.0,96.0,48.0,0,0,0,0,0,0,0,0,0
crossing,padded_benes,12,C_db_realistic,template,113,input:w5->padded_benes_16x16_s0_w4_5.add,input:w11->padded_benes_16x16_s0_w10_11.add,877.0,536.0,8.0,148.0,212.0,120.0,56.0,56.0,0,0,0,0,1,1,0,1,1
crossing,padded_benes,12,C_db_realistic,template,114,input:w5->padded_benes_16x16_s0_w4_5.add,input:w12->padded_benes_16x16_s0_w12_13.in,709.0,428.0,16.0,364.0,40.0,104.0,96.0,40.0,0,0,0,0,0,0,0,0,0
crossing,padded_benes,12,C_db_realistic,template,115,input:w5->padded_benes_16x16_s0_w4_5.add,input:w12->padded_benes_16x16_s0_w12_13.in,877.0,472.0,8.0,84.0,276.0,120.0,48.0,48.0,0,0,0,0,1,1,0,1,1
crossing,padded_benes,12,C_db_realistic,template,116,input:w5->padded_benes_16x16_s0_w4_5.add,input:w13->padded_benes_16x16_s0_w12_13.add,877.0,408.0,8.0,20.0,340.0,120.0,40.0,20.0,0,0,0,0,1,1,0,1,1
crossing,padded_benes,12,C_db_realistic,template,117,input:w5->padded_benes_16x16_s0_w4_5.add,input:w13->padded_benes_16x16_s0_w12_13.add,757.0,388.0,62.48199740725323,48.0,120.0,8.0,20.0,8.0,0,0,0,1,0,1,1,0,1
crossing,padded_benes,12,C_db_realistic,template,118,input:w6->padded_benes_16x16_s0_w6_7.in,input:w7->padded_benes_16x16_s0_w6_7.add,149.0,568.0,90.24411338142782,20.0,52.0,88.0,72.0,20.0,0,0,0,0,0,0,0,0,0
crossing,padded_benes,12,C_db_realistic,template,119,input:w6->padded_benes_16x16_s0_w6_7.in,input:w7->padded_benes_16x16_s0_w6_7.add,1527.0,548.0,74.0,122.0,10.0,20.0,36.0,10.0,0,0,0,0,0,0,1,0,1
crossing,padded_benes,12,C_db_realistic,template,120,input:w6->padded_benes_16x16_s0_w6_7.in,input:w7->padded_benes_16x16_s0_w6_7.add,61.0,548.0,90.24411338142782,29.0,88.0,8.0,20.0,8.0,0,0,0,1,0,1,1,0,1
crossing,padded_benes,12,C_db_realistic,template,121,input:w6->padded_benes_16x16_s0_w6_7.in,input:w7->padded_benes_16x16_s0_w6_7.add,1453.0,548.0,74.0,48.0,84.0,8.0,20.0,8.0,0,0,0,1,0,1,1,0,1
crossing,padded_benes,12,C_db_realistic,template,122,input:w6->padded_benes_16x16_s0_w6_7.in,input:w8->padded_benes_16x16_s0_w8_9.in,693.0,684.0,8.0,44.0,360.0,80.0,112.0,44.0,0,0,0,0,1,1,0,1,1
crossing,padded_benes,12,C_db_realistic,template,123,input:w6->padded_benes_16x16_s0_w6_7.in,input:w8->padded_benes_16x16_s0_w8_9.in,957.0,684.0,24.0,72.0,80.0,44.0,360.0,44.0,0,0,0,0,0,0,0,0,0
crossing,padded_benes,12,C_db_realistic,template,124,input:w6->padded_benes_16x16_s0_w6_7.in,input:w9->padded_benes_16x16_s0_w8_9.add,693.0,620.0,8.0,108.0,296.0,64.0,112.0,64.0,0,0,0,0,1,1,0,1,1
crossing,padded_benes,12,C_db_realistic,template,125,input:w6->padded_benes_16x16_s0_w6_7.in,input:w9->padded_benes_16x16_s0_w8_9.add,885.0,664.0,8.0,340.0,20.0,128.0,64.0,20.0,0,0,0,0,1,1,0,1,1
crossing,padded_benes,12,C_db_realistic,template,126,input:w6->padded_benes_16x16_s0_w6_7.in,input:w10->padded_benes_16x16_s0_w10_11.in,693.0,556.0,16.0,172.0,232.0,48.0,112.0,48.0,0,0,0,0,0,0,0,0,0
crossing,padded_benes,12,C_db_realistic,template,127,input:w6->padded_benes_16x16_s0_w6_7.in,input:w10->padded_benes_16x16_s0_w10_11.in,885.0,600.0,8.0,276.0,84.0,128.0,56.0,56.0,0,0,0,0,1,1,0,1,1
crossing,padded_benes,12,C_db_realistic,template,128,input:w6->padded_benes_16x16_s0_w6_7.in,input:w11->padded_benes_16x16_s0_w10_11.add,693.0,492.0,16.0,236.0,168.0,32.0,112.0,32.0,0,0,0,0,0,0,0,0,0
crossing,padded_benes,12,C_db_realistic,template,129,input:w6->padded_benes_16x16_s0_w6_7.in,input:w11->padded_benes_16x16_s0_w10_11.add,885.0,536.0,8.0,212.0,148.0,128.0,48.0,48.0,0,0,0,0,1,1,0,1,1
crossing,padded_benes,12,C_db_realistic,template,130,input:w6->padded_benes_16x16_s0_w6_7.in,input:w12->padded_benes_16x16_s0_w12_13.in,693.0,428.0,16.0,300.0,104.0,88.0,112.0,88.0,0,0,0,0,0,0,0,0,0
crossing,padded_benes,12,C_db_realistic,template,131,input:w6->padded_benes_16x16_s0_w6_7.in,input:w12->padded_benes_16x16_s0_w12_13.in,885.0,472.0,8.0,148.0,212.0,128.0,40.0,40.0,0,0,0,0,1,1,0,1,1
crossing,padded_benes,12,C_db_realistic,template,132,input:w6->padded_benes_16x16_s0_w6_7.in,input:w13->padded_benes_16x16_s0_w12_13.add,693.0,364.0,16.0,364.0,40.0,72.0,112.0,40.0,0,0,0,0,0,0,0,0,0
crossing,padded_benes,12,C_db_realistic,template,133,input:w6->padded_benes_16x16_s0_w6_7.in,input:w13->padded_benes_16x16_s0_w12_13.add,885.0,408.0,8.0,84.0,276.0,128.0,32.0,32.0,0,0,0,0,1,1,0,1,1
crossing,padded_benes,12,C_db_realistic,template,134,input:w6->padded_benes_16x16_s0_w6_7.in,input:w14->padded_benes_16x16_s0_w14_15.in,885.0,344.0,8.0,20.0,340.0,128.0,24.0,20.0,0,0,0,0,1,1,0,1,1
crossing,padded_benes,12,C_db_realistic,template,135,input:w6->padded_benes_16x16_s0_w6_7.in,input:w14->padded_benes_16x16_s0_w14_15.in,757.0,324.0,64.0,64.0,128.0,8.0,20.0,8.0,0,0,0,1,0,1,1,0,1
crossing,padded_benes,12,C_db_realistic,template,136,input:w7->padded_benes_16x16_s0_w6_7.add,input:w8->padded_benes_16x16_s0_w8_9.in,613.0,664.0,20.0,88.0,64.0,340.0,20.0,20.0,0,0,0,0,0,0,0,0,0
crossing,padded_benes,12,C_db_realistic,template,137,input:w7->padded_benes_16x16_s0_w6_7.add,input:w8->padded_benes_16x16_s0_w8_9.in,957.0,620.0,8.0,64.0,80.0,108.0,296.0,64.0,0,0,0,0,1,1,0,1,1
crossing,padded_benes,12,C_db_realistic,template,138,input:w7->padded_benes_16x16_s0_w6_7.add,input:w9->padded_benes_16x16_s0_w8_9.add,677.0,620.0,8.0,44.0,360.0,48.0,128.0,44.0,0,0,0,0,1,1,0,1,1
crossing,padded_benes,12,C_db_realistic,template,139,input:w7->padded_benes_16x16_s0_w6_7.add,input:w9->padded_benes_16x16_s0_w8_9.add,949.0,620.0,8.0,56.0,88.0,44.0,360.0,44.0,0,0,0,0,1,1,0,1,1
crossing,padded_benes,12,C_db_realistic,template,140,input:w7->padded_benes_16x16_s0_w6_7.add,input:w10->padded_benes_16x16_s0_w10_11.in,677.0,556.0,8.0,108.0,296.0,32.0,128.0,32.0,0,0,0,0,1,1,0,1,1
crossing,padded_benes,12,C_db_realistic,template,141,input:w7->padded_benes_16x16_s0_w6_7.add,input:w10->padded_benes_16x16_s0_w10_11.in,893.0,600.0,8.0,340.0,20.0,136.0,48.0,20.0,0,0,0,0,1,1,0,1,1
crossing,padded_benes,12,C_db_realistic,template,142,input:w7->padded_benes_16x16_s0_w6_7.add,input:w11->padded_benes_16x16_s0_w10_11.add,677.0,492.0,16.0,172.0,232.0,16.0,128.0,16.0,0,0,0,0,0,0,0,0,0
crossing,padded_benes,12,C_db_realistic,template,143,input:w7->padded_benes_16x16_s0_w6_7.add,input:w11->padded_benes_16x16_s0_w10_11.add,893.0,536.0,8.0,276.0,84.0,136.0,40.0,40.0,0,0,0,0,1,1,0,1,1
crossing,padded_benes,12,C_db_realistic,template,144,input:w7->padded_benes_16x16_s0_w6_7.add,input:w12->padded_benes_16x16_s0_w12_13.in,677.0,428.0,16.0,236.0,168.0,72.0,128.0,72.0,0,0,0,0,0,0,0,0,0
crossing,padded_benes,12,C_db_realistic,template,145,input:w7->padded_benes_16x16_s0_w6_7.add,input:w12->padded_benes_16x16_s0_w12_13.in,893.0,472.0,8.0,212.0,148.0,136.0,32.0,32.0,0,0,0,0,1,1,0,1,1
crossing,padded_benes,12,C_db_realistic,template,146,input:w7->padded_benes_16x16_s0_w6_7.add,input:w13->padded_benes_16x16_s0_w12_13.add,677.0,364.0,16.0,300.0,104.0,56.0,128.0,56.0,0,0,0,0,0,0,0,0,0
crossing,padded_benes,12,C_db_realistic,template,147,input:w7->padded_benes_16x16_s0_w6_7.add,input:w13->padded_benes_16x16_s0_w12_13.add,893.0,408.0,8.0,148.0,212.0,136.0,24.0,24.0,0,0,0,0,1,1,0,1,1
crossing,padded_benes,12,C_db_realistic,template,148,input:w7->padded_benes_16x16_s0_w6_7.add,input:w14->padded_benes_16x16_s0_w14_15.in,677.0,300.0,16.0,364.0,40.0,40.0,128.0,40.0,0,0,0,0,0,0,0,0,0
crossing,padded_benes,12,C_db_realistic,template,149,input:w7->padded_benes_16x16_s0_w6_7.add,input:w14->padded_benes_16x16_s0_w14_15.in,893.0,344.0,8.0,84.0,276.0,136.0,16.0,16.0,0,0,0,0,1,1,0,1,1
crossing,padded_benes,12,C_db_realistic,template,150,input:w7->padded_benes_16x16_s0_w6_7.add,input:w15->padded_benes_16x16_s0_w14_15.add,893.0,280.0,44.721359549995796,20.0,340.0,136.0,8.0,8.0,0,0,0,1,0,1,1,0,1
crossing,padded_benes,12,C_db_realistic,template,151,input:w7->padded_benes_16x16_s0_w6_7.add,input:w15->padded_benes_16x16_s0_w14_15.add,757.0,260.0,64.0,80.0,136.0,8.0,20.0,8.0,0,0,0,1,0,1,1,0,1
crossing,padded_benes,12,C_db_realistic,template,152,input:w8->padded_benes_16x16_s0_w8_9.in,input:w9->padded_benes_16x16_s0_w8_9.add,213.0,388.0,24.0,8.0,240.0,52.0,64.0,8.0,0,0,0,1,0,1,1,0,1
crossing,padded_benes,12,C_db_realistic,template,153,input:w8->padded_benes_16x16_s0_w8_9.in,input:w9->padded_benes_16x16_s0_w8_9.add,1527.0,420.0,74.0,194.0,10.0,20.0,36.0,10.0,0,0,0,0,0,0,1,0,1
crossing,padded_benes,12,C_db_realistic,template,154,input:w8->padded_benes_16x16_s0_w8_9.in,input:w9->padded_benes_16x16_s0_w8_9.add,61.0,420.0,128.0,29.0,144.0,8.0,20.0,8.0,0,0,0,1,0,1,1,0,1
crossing,padded_benes,12,C_db_realistic,template,155,input:w8->padded_benes_16x16_s0_w8_9.in,input:w9->padded_benes_16x16_s0_w8_9.add,1453.0,420.0,68.35202996254024,120.0,84.0,8.0,20.0,8.0,0,0,0,1,0,1,1,0,1
crossing,padded_benes,12,C_db_realistic,template,156,input:w8->padded_benes_16x16_s0_w8_9.in,input:w10->padded_benes_16x16_s0_w10_11.in,461.0,324.0,24.0,8.0,152.0,84.0,128.0,8.0,0,0,0,1,0,1,1,0,1
crossing,padded_benes,12,C_db_realistic,template,157,input:w8->padded_benes_16x16_s0_w8_9.in,input:w10->padded_benes_16x16_s0_w10_11.in,1333.0,408.0,57.271284253105414,20.0,12.0,112.0,56.0,12.0,0,0,0,0,0,0,1,0,1
crossing,padded_benes,12,C_db_realistic,template,158,input:w8->padded_benes_16x16_s0_w8_9.in,input:w10->padded_benes_16x16_s0_w10_11.in,293.0,388.0,64.0,88.0,160.0,8.0,20.0,8.0,0,0,0,1,0,1,1,0,1
crossing,padded_benes,12,C_db_realistic,template,159,input:w8->padded_benes_16x16_s0_w8_9.in,input:w10->padded_benes_16x16_s0_w10_11.in,1221.0,388.0,64.0,120.0,112.0,8.0,20.0,8.0,0,0,0,1,0,1,1,0,1
crossing,padded_benes,12,C_db_realistic,template,160,input:w8->padded_benes_16x16_s0_w8_9.in,input:w12->padded_benes_16x16_s0_w12_13.in,613.0,428.0,16.0,104.0,256.0,8.0,192.0,8.0,0,0,0,1,0,1,1,0,1
crossing,padded_benes,12,C_db_realistic,template,161,input:w8->padded_benes_16x16_s0_w8_9.in,input:w12->padded_benes_16x16_s0_w12_13.in,1101.0,344.0,16.0,20.0,44.0,112.0,56.0,20.0,0,0,0,0,0,0,0,0,0
crossing,padded_benes,12,C_db_realistic,template,162,input:w8->padded_benes_16x16_s0_w8_9.in,input:w12->padded_benes_16x16_s0_w12_13.in,525.0,324.0,64.0,72.0,88.0,8.0,20.0,8.0,0,0,0,1,0,1,1,0,1
crossing,padded_benes,12,C_db_realistic,template,163,input:w8->padded_benes_16x16_s0_w8_9.in,input:w12->padded_benes_16x16_s0_w12_13.in,989.0,324.0,46.647615158762406,32.0,112.0,8.0,20.0,8.0,0,0,0,1,0,1,1,0,1
crossing,padded_benes,12,C_db_realistic,template,164,input:w9->padded_benes_16x16_s0_w8_9.add,input:w10->padded_benes_16x16_s0_w10_11.in,213.0,364.0,24.0,76.0,40.0,56.0,128.0,40.0,0,0,0,0,0,0,0,0,0
crossing,padded_benes,12,C_db_realistic,template,165,input:w9->padded_benes_16x16_s0_w8_9.add,input:w10->padded_benes_16x16_s0_w10_11.in,461.0,260.0,16.0,24.0,168.0,148.0,64.0,24.0,0,0,0,0,0,0,0,0,0
crossing,padded_benes,12,C_db_realistic,template,166,input:w9->padded_benes_16x16_s0_w8_9.add,input:w10->padded_benes_16x16_s0_w10_11.in,1117.0,324.0,20.0,8.0,224.0,128.0,40.0,8.0,0,0,0,1,0,1,1,0,1
crossing,padded_benes,12,C_db_realistic,template,167,input:w9->padded_benes_16x16_s0_w8_9.add,input:w10->padded_benes_16x16_s0_w10_11.in,1389.0,396.0,57.271284253105414,48.0,112.0,12.0,104.0,12.0,0,0,0,0,0,0,1,0,1
crossing,padded_benes,12,C_db_realistic,template,168,input:w9->padded_benes_16x16_s0_w8_9.add,input:w11->padded_benes_16x16_s0_w10_11.add,445.0,260.0,16.0,8.0,184.0,84.0,128.0,8.0,0,0,0,1,0,1,1,0,1
crossing,padded_benes,12,C_db_realistic,template,169,input:w9->padded_benes_16x16_s0_w8_9.add,input:w11->padded_benes_16x16_s0_w10_11.add,1341.0,344.0,64.4980619863884,20.0,52.0,120.0,40.0,20.0,0,0,0,0,0,0,0,0,0
crossing,padded_benes,12,C_db_realistic,template,170,input:w9->padded_benes_16x16_s0_w8_9.add,input:w11->padded_benes_16x16_s0_w10_11.add,293.0,324.0,64.0,80.0,144.0,8.0,20.0,8.0,0,0,0,1,0,1,1,0,1
crossing,padded_benes,12,C_db_realistic,template,171,input:w9->padded_benes_16x16_s0_w8_9.add,input:w11->padded_benes_16x16_s0_w10_11.add,1221.0,324.0,64.0,112.0,120.0,8.0,20.0,8.0,0,0,0,1,0,1,1,0,1
crossing,padded_benes,12,C_db_realistic,template,172,input:w9->padded_benes_16x16_s0_w8_9.add,input:w12->padded_benes_16x16_s0_w12_13.in,437.0,300.0,8.0,24.0,40.0,24.0,136.0,24.0,0,0,0,0,1,1,0,1,1
crossing,padded_benes,12,C_db_realistic,template,173,input:w9->padded_benes_16x16_s0_w8_9.add,input:w12->padded_benes_16x16_s0_w12_13.in,629.0,428.0,16.0,168.0,192.0,24.0,176.0,24.0,0,0,0,0,0,0,0,0,0
crossing,padded_benes,12,C_db_realistic,template,174,input:w9->padded_benes_16x16_s0_w8_9.add,input:w12->padded_benes_16x16_s0_w12_13.in,949.0,300.0,8.0,364.0,40.0,24.0,88.0,24.0,0,0,0,0,1,1,0,1,1
crossing,padded_benes,12,C_db_realistic,template,175,input:w9->padded_benes_16x16_s0_w8_9.add,input:w12->padded_benes_16x16_s0_w12_13.in,1157.0,324.0,24.0,48.0,184.0,20.0,192.0,20.0,0,0,0,0,0,0,0,0,0
crossing,padded_benes,12,C_db_realistic,template,176,input:w9->padded_benes_16x16_s0_w8_9.add,input:w13->padded_benes_16x16_s0_w12_13.add,629.0,364.0,16.0,104.0,256.0,8.0,176.0,8.0,0,0,0,1,0,1,1,0,1
crossing,padded_benes,12,C_db_realistic,template,177,input:w9->padded_benes_16x16_s0_w8_9.add,input:w13->padded_benes_16x16_s0_w12_13.add,1109.0,280.0,8.0,20.0,44.0,120.0,40.0,20.0,0,0,0,0,1,1,0,1,1
crossing,padded_benes,12,C_db_realistic,template,178,input:w9->padded_benes_16x16_s0_w8_9.add,input:w13->padded_benes_16x16_s0_w12_13.add,525.0,260.0,64.0,88.0,104.0,8.0,20.0,8.0,0,0,0,1,0,1,1,0,1
crossing,padded_benes,12,C_db_realistic,template,179,input:w9->padded_benes_16x16_s0_w8_9.add,input:w13->padded_benes_16x16_s0_w12_13.add,989.0,260.0,53.665631459994955,40.0,120.0,8.0,20.0,8.0,0,0,0,1,0,1,1,0,1
crossing,padded_benes,12,C_db_realistic,template,180,input:w10->padded_benes_16x16_s0_w10_11.in,input:w11->padded_benes_16x16_s0_w10_11.add,157.0,312.0,76.4198926981712,20.0,52.0,96.0,40.0,20.0,0,0,0,0,0,0,0,0,0
crossing,padded_benes,12,C_db_realistic,template,181,input:w10->padded_benes_16x16_s0_w10_11.in,input:w11->padded_benes_16x16_s0_w10_11.add,1527.0,292.0,74.0,138.0,10.0,20.0,36.0,10.0,0,0,0,0,0,0,1,0,1
crossing,padded_benes,12,C_db_realistic,template,182,input:w10->padded_benes_16x16_s0_w10_11.in,input:w11->padded_benes_16x16_s0_w10_11.add,61.0,292.0,98.0612053770501,29.0,96.0,8.0,20.0,8.0,0,0,0,1,0,1,1,0,1
crossing,padded_benes,12,C_db_realistic,template,183,input:w10->padded_benes_16x16_s0_w10_11.in,input:w11->padded_benes_16x16_s0_w10_11.add,1453.0,292.0,74.0,64.0,84.0,8.0,20.0,8.0,0,0,0,1,0,1,1,0,1
crossing,padded_benes,12,C_db_realistic,template,184,input:w10->padded_benes_16x16_s0_w10_11.in,input:w12->padded_benes_16x16_s0_w12_13.in,461.0,300.0,16.0,108.0,104.0,48.0,112.0,48.0,0,0,0,0,0,0,0,0,0
crossing,padded_benes,12,C_db_realistic,template,185,input:w10->padded_benes_16x16_s0_w10_11.in,input:w12->padded_benes_16x16_s0_w12_13.in,645.0,428.0,16.0,232.0,128.0,40.0,160.0,40.0,0,0,0,0,0,0,0,0,0
crossing,padded_benes,12,C_db_realistic,template,186,input:w10->padded_benes_16x16_s0_w10_11.in,input:w12->padded_benes_16x16_s0_w12_13.in,941.0,300.0,8.0,300.0,104.0,16.0,96.0,16.0,0,0,0,0,1,1,0,1,1
crossing,padded_benes,12,C_db_realistic,template,187,input:w10->padded_benes_16x16_s0_w10_11.in,input:w12->padded_benes_16x16_s0_w12_13.in,1117.0,344.0,16.0,148.0,20.0,128.0,40.0,20.0,0,0,0,0,0,0,0,0,0
crossing,padded_benes,12,C_db_realistic,template,188,input:w10->padded_benes_16x16_s0_w10_11.in,input:w13->padded_benes_16x16_s0_w12_13.add,461.0,236.0,16.0,172.0,40.0,32.0,112.0,32.0,0,0,0,0,0,0,0,0,0
crossing,padded_benes,12,C_db_realistic,template,189,input:w10->padded_benes_16x16_s0_w10_11.in,input:w13->padded_benes_16x16_s0_w12_13.add,645.0,364.0,16.0,168.0,192.0,24.0,160.0,24.0,0,0,0,0,0,0,0,0,0
crossing,padded_benes,12,C_db_realistic,template,190,input:w10->padded_benes_16x16_s0_w10_11.in,input:w13->padded_benes_16x16_s0_w12_13.add,941.0,236.0,8.0,364.0,40.0,24.0,96.0,24.0,0,0,0,0,1,1,0,1,1
crossing,padded_benes,12,C_db_realistic,template,191,input:w10->padded_benes_16x16_s0_w10_11.in,input:w13->padded_benes_16x16_s0_w12_13.add,1117.0,280.0,8.0,84.0,84.0,128.0,32.0,32.0,0,0,0,0,1,1,0,1,1
crossing,padded_benes,12,C_db_realistic,template,192,input:w10->padded_benes_16x16_s0_w10_11.in,input:w14->padded_benes_16x16_s0_w14_15.in,645.0,300.0,16.0,104.0,256.0,8.0,160.0,8.0,0,0,0,1,0,1,1,0,1
crossing,padded_benes,12,C_db_realistic,template,193,input:w10->padded_benes_16x16_s0_w10_11.in,input:w14->padded_benes_16x16_s0_w14_15.in,1117.0,216.0,8.0,20.0,148.0,128.0,24.0,20.0,0,0,0,0,1,1,0,1,1
crossing,padded_benes,12,C_db_realistic,template,194,input:w10->padded_benes_16x16_s0_w10_11.in,input:w14->padded_benes_16x16_s0_w14_15.in,525.0,196.0,64.0,64.0,120.0,8.0,20.0,8.0,0,0,0,1,0,1,1,0,1
crossing,padded_benes,12,C_db_realistic,template,195,input:w10->padded_benes_16x16_s0_w10_11.in,input:w14->padded_benes_16x16_s0_w14_15.in,989.0,196.0,60.92618484691127,48.0,128.0,8.0,20.0,8.0,0,0,0,1,0,1,1,0,1
crossing,padded_benes,12,C_db_realistic,template,196,input:w11->padded_benes_16x16_s0_w10_11.add,input:w12->padded_benes_16x16_s0_w12_13.in,445.0,300.0,8.0,44.0,168.0,32.0,128.0,32.0,0,0,0,0,1,1,0,1,1
crossing,padded_benes,12,C_db_realistic,template,197,input:w11->padded_benes_16x16_s0_w10_11.add,input:w12->padded_benes_16x16_s0_w12_13.in,661.0,428.0,16.0,296.0,64.0,56.0,144.0,56.0,0,0,0,0,0,0,0,0,0
crossing,padded_benes,12,C_db_realistic,template,198,input:w11->padded_benes_16x16_s0_w10_11.add,input:w12->padded_benes_16x16_s0_w12_13.in,933.0,300.0,8.0,236.0,168.0,8.0,104.0,8.0,0,0,0,1,1,1,1,1,1
crossing,padded_benes,12,C_db_realistic,template,199,input:w11->padded_benes_16x16_s0_w10_11.add,input:w12->padded_benes_16x16_s0_w12_13.in,1157.0,300.0,24.0,32.0,112.0,44.0,168.0,32.0,0,0,0,0,0,0,0,0,0
crossing,padded_benes,12,C_db_realistic,template,200,input:w11->padded_benes_16x16_s0_w10_11.add,input:w13->padded_benes_16x16_s0_w12_13.add,445.0,236.0,16.0,108.0,104.0,16.0,128.0,16.0,0,0,0,0,0,0,0,0,0
crossing,padded_benes,12,C_db_realistic,template,201,input:w11->padded_benes_16x16_s0_w10_11.add,input:w13->padded_benes_16x16_s0_w12_13.add,661.0,364.0,16.0,232.0,128.0,40.0,144.0,40.0,0,0,0,0,0,0,0,0,0
crossing,padded_benes,12,C_db_realistic,template,202,input:w11->padded_benes_16x16_s0_w10_11.add,input:w13->padded_benes_16x16_s0_w12_13.add,933.0,236.0,8.0,300.0,104.0,16.0,104.0,16.0,0,0,0,0,1,1,0,1,1
crossing,padded_benes,12,C_db_realistic,template,203,input:w11->padded_benes_16x16_s0_w10_11.add,input:w13->padded_benes_16x16_s0_w12_13.add,1125.0,280.0,8.0,148.0,20.0,136.0,24.0,20.0,0,0,0,0,1,1,0,1,1
crossing,padded_benes,12,C_db_realistic,template,204,input:w11->padded_benes_16x16_s0_w10_11.add,input:w14->padded_benes_16x16_s0_w14_15.in,445.0,172.0,16.0,172.0,40.0,40.0,128.0,40.0,0,0,0,0,0,0,0,0,0
crossing,padded_benes,12,C_db_realistic,template,205,input:w11->padded_benes_16x16_s0_w10_11.add,input:w14->padded_benes_16x16_s0_w14_15.in,661.0,300.0,16.0,168.0,192.0,24.0,144.0,24.0,0,0,0,0,0,0,0,0,0
crossing,padded_benes,12,C_db_realistic,template,206,input:w11->padded_benes_16x16_s0_w10_11.add,input:w14->padded_benes_16x16_s0_w14_15.in,933.0,172.0,60.92618484691127,364.0,40.0,24.0,104.0,24.0,0,0,0,0,0,0,0,0,0
crossing,padded_benes,12,C_db_realistic,template,207,input:w11->padded_benes_16x16_s0_w10_11.add,input:w14->padded_benes_16x16_s0_w14_15.in,1125.0,216.0,8.0,84.0,84.0,136.0,16.0,16.0,0,0,0,0,1,1,0,1,1
crossing,padded_benes,12,C_db_realistic,template,208,input:w11->padded_benes_16x16_s0_w10_11.add,input:w15->padded_benes_16x16_s0_w14_15.add,661.0,236.0,64.0,104.0,256.0,8.0,144.0,8.0,0,0,0,1,0,1,1,0,1
crossing,padded_benes,12,C_db_realistic,template,209,input:w11->padded_benes_16x16_s0_w10_11.add,input:w15->padded_benes_16x16_s0_w14_15.add,1125.0,152.0,50.11985634456667,20.0,148.0,136.0,8.0,8.0,0,0,0,1,0,1,1,0,1
crossing,padded_benes,12,C_db_realistic,template,210,input:w11->padded_benes_16x16_s0_w10_11.add,input:w15->padded_benes_16x16_s0_w14_15.add,525.0,132.0,64.0,80.0,136.0,8.0,20.0,8.0,0,0,0,1,0,1,1,0,1
crossing,padded_benes,12,C_db_realistic,template,211,input:w11->padded_benes_16x16_s0_w10_11.add,input:w15->padded_benes_16x16_s0_w14_15.add,989.0,132.0,64.0,56.0,136.0,8.0,20.0,8.0,0,0,0,1,0,1,1,0,1
crossing,padded_benes,12,C_db_realistic,template,212,input:w12->padded_benes_16x16_s0_w12_13.in,input:w13->padded_benes_16x16_s0_w12_13.add,189.0,132.0,24.0,8.0,224.0,52.0,64.0,8.0,0,0,0,1,0,1,1,0,1
crossing,padded_benes,12,C_db_realistic,template,213,input:w12->padded_benes_16x16_s0_w12_13.in,input:w13->padded_benes_16x16_s0_w12_13.add,1527.0,164.0,74.0,178.0,10.0,20.0,36.0,10.0,0,0,0,0,0,0,1,0,1
crossing,padded_benes,12,C_db_realistic,template,214,input:w12->padded_benes_16x16_s0_w12_13.in,input:w13->padded_benes_16x16_s0_w12_13.add,61.0,164.0,128.0,29.0,120.0,8.0,20.0,8.0,0,0,0,1,0,1,1,0,1
crossing,padded_benes,12,C_db_realistic,template,215,input:w12->padded_benes_16x16_s0_w12_13.in,input:w13->padded_benes_16x16_s0_w12_13.add,1453.0,164.0,74.0,104.0,84.0,8.0,20.0,8.0,0,0,0,1,0,1,1,0,1
crossing,padded_benes,12,C_db_realistic,template,216,input:w12->padded_benes_16x16_s0_w12_13.in,input:w14->padded_benes_16x16_s0_w14_15.in,413.0,172.0,16.0,40.0,128.0,8.0,160.0,8.0,0,0,0,1,0,1,1,0,1
crossing,padded_benes,12,C_db_realistic,template,217,input:w12->padded_benes_16x16_s0_w12_13.in,input:w14->padded_benes_16x16_s0_w14_15.in,1349.0,152.0,26.832815729997478,20.0,12.0,128.0,24.0,12.0,0,0,0,0,0,0,1,0,1
crossing,padded_benes,12,C_db_realistic,template,218,input:w12->padded_benes_16x16_s0_w12_13.in,input:w14->padded_benes_16x16_s0_w14_15.in,293.0,132.0,64.0,112.0,120.0,8.0,20.0,8.0,0,0,0,1,0,1,1,0,1
crossing,padded_benes,12,C_db_realistic,template,219,input:w12->padded_benes_16x16_s0_w12_13.in,input:w14->padded_benes_16x16_s0_w14_15.in,1221.0,132.0,64.0,64.0,128.0,8.0,20.0,8.0,0,0,0,1,0,1,1,0,1
crossing,padded_benes,12,C_db_realistic,template,220,input:w13->padded_benes_16x16_s0_w12_13.add,input:w14->padded_benes_16x16_s0_w14_15.in,189.0,108.0,24.0,76.0,40.0,24.0,152.0,24.0,0,0,0,0,0,0,0,0,0
crossing,padded_benes,12,C_db_realistic,template,221,input:w13->padded_benes_16x16_s0_w12_13.add,input:w14->padded_benes_16x16_s0_w14_15.in,429.0,172.0,16.0,104.0,64.0,24.0,144.0,24.0,0,0,0,0,0,0,0,0,0
crossing,padded_benes,12,C_db_realistic,template,222,input:w13->padded_benes_16x16_s0_w12_13.add,input:w14->padded_benes_16x16_s0_w14_15.in,1149.0,108.0,50.11985634456667,172.0,40.0,8.0,120.0,8.0,0,0,0,1,0,1,1,0,1
crossing,padded_benes,12,C_db_realistic,template,223,input:w13->padded_benes_16x16_s0_w12_13.add,input:w14->padded_benes_16x16_s0_w14_15.in,1373.0,140.0,26.832815729997478,16.0,128.0,12.0,104.0,12.0,0,0,0,0,0,0,1,0,1
crossing,padded_benes,12,C_db_realistic,template,224,input:w13->padded_benes_16x16_s0_w12_13.add,input:w15->padded_benes_16x16_s0_w14_15.add,429.0,108.0,64.0,40.0,128.0,8.0,144.0,8.0,0,0,0,1,0,1,1,0,1
crossing,padded_benes,12,C_db_realistic,template,225,input:w13->padded_benes_16x16_s0_w12_13.add,input:w15->padded_benes_16x16_s0_w14_15.add,1357.0,88.0,54.405882034941776,20.0,52.0,136.0,8.0,8.0,0,0,0,1,0,1,1,0,1
crossing,padded_benes,12,C_db_realistic,template,226,input:w13->padded_benes_16x16_s0_w12_13.add,input:w15->padded_benes_16x16_s0_w14_15.add,293.0,68.0,64.0,104.0,136.0,8.0,20.0,8.0,0,0,0,1,0,1,1,0,1
crossing,padded_benes,12,C_db_realistic,template,227,input:w13->padded_benes_16x16_s0_w12_13.add,input:w15->padded_benes_16x16_s0_w14_15.add,1221.0,68.0,64.0,72.0,136.0,8.0,20.0,8.0,0,0,0,1,0,1,1,0,1
crossing,padded_benes,12,C_db_realistic,template,228,input:w14->padded_benes_16x16_s0_w14_15.in,input:w15->padded_benes_16x16_s0_w14_15.add,165.0,56.0,57.271284253105414,20.0,52.0,104.0,8.0,8.0,0,0,0,1,0,1,1,0,1
crossing,padded_benes,12,C_db_realistic,template,229,input:w14->padded_benes_16x16_s0_w14_15.in,input:w15->padded_benes_16x16_s0_w14_15.add,1527.0,36.0,74.0,154.0,10.0,20.0,36.0,10.0,0,0,0,0,0,0,1,0,1
crossing,padded_benes,12,C_db_realistic,template,230,input:w14->padded_benes_16x16_s0_w14_15.in,input:w15->padded_benes_16x16_s0_w14_15.add,61.0,36.0,105.90561835898981,29.0,104.0,8.0,20.0,8.0,0,0,0,1,0,1,1,0,1
crossing,padded_benes,12,C_db_realistic,template,231,input:w14->padded_benes_16x16_s0_w14_15.in,input:w15->padded_benes_16x16_s0_w14_15.add,1453.0,36.0,74.0,80.0,84.0,8.0,20.0,8.0,0,0,0,1,0,1,1,0,1
crossing,waksman,3,B_db_placeholder,astar,0,input:w0->waksman_3x3_s0_w0_1.in,input:w1->waksman_3x3_s0_w0_1.add,40.0,100.0,141.42842712835352,20.0,141.0,8.0,13.0,8.0,0,0,0,1,0,1,1,0,1
crossing,waksman,3,B_db_placeholder,astar,1,input:w0->waksman_3x3_s0_w0_1.in,input:w1->waksman_3x3_s0_w0_1.add,397.0,113.0,138.10141201305655,13.0,15.0,357.0,11.0,11.0,0,0,0,0,0,0,1,0,1
crossing,waksman,3,B_db_placeholder,astar,2,input:w0->waksman_3x3_s0_w0_1.in,input:w2->waksman_3x3_s1_w0_2.add,181.0,89.0,80.0,11.0,21.0,5.0,123.0,5.0,0,0,0,1,0,1,1,0,1
crossing,waksman,3,B_db_placeholder,astar,3,input:w0->waksman_3x3_s0_w0_1.in,input:w2->waksman_3x3_s1_w0_2.add,261.0,89.0,80.0,21.0,11.0,85.0,43.0,11.0,0,0,0,0,0,0,1,0,1
crossing,waksman,3,C_db_realistic,astar,0,input:w0->waksman_3x3_s0_w0_1.in,input:w1->waksman_3x3_s0_w0_1.add,57.0,100.0,139.71399357258383,37.0,124.0,4.0,13.0,4.0,1,0,1,1,0,1,1,0,1
crossing,waksman,3,C_db_realistic,astar,1,input:w0->waksman_3x3_s0_w0_1.in,input:w1->waksman_3x3_s0_w0_1.add,241.0,68.0,21.0,60.0,20.0,45.0,4.0,4.0,1,0,1,1,0,1,1,0,1
crossing,waksman,3,C_db_realistic,astar,2,input:w0->waksman_3x3_s0_w0_1.in,input:w1->waksman_3x3_s0_w0_1.add,329.0,100.0,48.83646178829912,68.0,68.0,4.0,13.0,4.0,1,0,1,1,0,1,1,0,1
crossing,waksman,3,C_db_realistic,astar,3,input:w0->waksman_3x3_s0_w0_1.in,input:w1->waksman_3x3_s0_w0_1.add,392.0,100.0,63.0,131.0,5.0,13.0,4.0,4.0,1,0,1,1,0,1,1,0,1
crossing,waksman,3,C_db_realistic,astar,4,input:w0->waksman_3x3_s0_w0_1.in,input:w2->waksman_3x3_s1_w0_2.add,261.0,89.0,20.0,21.0,11.0,68.0,35.0,11.0,0,0,0,0,0,0,1,0,1
crossing,waksman,3,C_db_realistic,astar,5,input:w0->waksman_3x3_s0_w0_1.in,input:w2->waksman_3x3_s1_w0_2.add,193.0,68.0,48.0,12.0,68.0,4.0,21.0,4.0,1,0,1,1,0,1,1,0,1
crossing,waksman,3,C_db_realistic,astar,6,input:w1->waksman_3x3_s0_w0_1.add,input:w2->waksman_3x3_s1_w0_2.add,241.0,89.0,20.0,24.0,25.0,48.0,55.0,24.0,0,0,0,0,0,0,0,0,0
crossing,waksman,3,C_db_realistic,astar,7,input:w1->waksman_3x3_s0_w0_1.add,input:w2->waksman_3x3_s1_w0_2.add,296.0,64.0,43.01162633521314,55.0,101.0,25.0,64.0,25.0,0,0,0,0,0,0,0,0,0
crossing,waksman,4,B_db_placeholder,astar,0,input:w0->waksman_4x4_s0_w0_1.in,input:w1->waksman_4x4_s0_w0_1.add,40.0,164.0,104.0,20.0,141.0,8.0,13.0,8.0,0,0,0,1,0,1,1,0,1
crossing,waksman,4,B_db_placeholder,astar,1,input:w0->waksman_4x4_s0_w0_1.in,input:w1->waksman_4x4_s0_w0_1.add,144.0,164.0,38.600518131237564,124.0,37.0,13.0,96.0,13.0,0,0,0,0,0,0,1,0,1
crossing,waksman,4,B_db_placeholder,astar,2,input:w0->waksman_4x4_s0_w0_1.in,input:w1->waksman_4x4_s0_w0_1.add,312.0,164.0,52.172789842982326,51.0,85.0,8.0,13.0,8.0,0,0,0,1,0,1,1,0,1
crossing,waksman,4,B_db_placeholder,astar,3,input:w0->waksman_4x4_s0_w0_1.in,input:w1->waksman_4x4_s0_w0_1.add,397.0,177.0,85.98837130682264,13.0,15.0,85.0,30.0,13.0,0,0,0,0,0,0,1,0,1
crossing,waksman,4,B_db_placeholder,astar,4,input:w0->waksman_4x4_s0_w0_1.in,input:w2->waksman_4x4_s0_w2_3.in,181.0,153.0,38.600518131237564,11.0,21.0,5.0,123.0,5.0,0,0,0,1,0,1,1,0,1
crossing,waksman,4,B_db_placeholder,astar,5,input:w0->waksman_4x4_s0_w0_1.in,input:w2->waksman_4x4_s0_w2_3.in,261.0,153.0,52.172789842982326,21.0,11.0,85.0,43.0,11.0,0,0,0,0,0,0,1,0,1
crossing,waksman,4,B_db_placeholder,astar,6,input:w1->waksman_4x4_s0_w0_1.add,input:w2->waksman_4x4_s0_w2_3.in,144.0,81.0,30.610455730027933,96.0,13.0,19.0,117.0,13.0,0,0,0,0,0,0,1,0,1
crossing,waksman,4,B_db_placeholder,astar,7,input:w1->waksman_4x4_s0_w0_1.add,input:w2->waksman_4x4_s0_w2_3.in,304.0,68.0,24.0,160.0,93.0,85.0,4.0,4.0,1,0,1,1,0,1,1,0,1
crossing,waksman,4,B_db_placeholder,astar,8,input:w1->waksman_4x4_s0_w0_1.add,input:w3->waksman_4x4_s0_w2_3.add,176.0,68.0,13.0,32.0,221.0,8.0,21.0,8.0,0,0,0,1,0,1,1,1,1
crossing,waksman,4,B_db_placeholder,astar,9,input:w1->waksman_4x4_s0_w0_1.add,input:w3->waksman_4x4_s0_w2_3.add,280.0,68.0,24.0,136.0,117.0,21.0,68.0,21.0,0,0,0,0,0,0,0,0,0
crossing,waksman,4,B_db_placeholder,astar,10,input:w2->waksman_4x4_s0_w2_3.in,input:w3->waksman_4x4_s0_w2_3.add,40.0,36.0,87.55569655939013,20.0,85.0,8.0,21.0,8.0,0,0,0,1,0,1,1,0,1
crossing,waksman,4,B_db_placeholder,astar,11,input:w2->waksman_4x4_s0_w2_3.in,input:w3->waksman_4x4_s0_w2_3.add,125.0,57.0,30.610455730027933,21.0,24.0,85.0,27.0,21.0,0,0,0,0,0,0,0,0,0
crossing,waksman,4,B_db_placeholder,astar,12,input:w2->waksman_4x4_s0_w2_3.in,input:w3->waksman_4x4_s0_w2_3.add,176.0,81.0,13.0,51.0,85.0,21.0,8.0,8.0,0,0,0,1,0,1,1,1,1
crossing,waksman,4,B_db_placeholder,astar,13,input:w2->waksman_4x4_s0_w2_3.in,input:w3->waksman_4x4_s0_w2_3.add,261.0,89.0,28.319604517012593,8.0,35.0,85.0,19.0,8.0,0,0,0,1,0,1,1,0,1
crossing,waksman,4,C_db_realistic,astar,0,input:w0->waksman_4x4_s0_w0_1.in,input:w1->waksman_4x4_s0_w0_1.add,57.0,164.0,63.0,37.0,124.0,4.0,13.0,4.0,1,0,1,1,0,1,1,0,1
crossing,waksman,4,C_db_realistic,astar,1,input:w0->waksman_4x4_s0_w0_1.in,input:w1->waksman_4x4_s0_w0_1.add,120.0,164.0,63.0,100.0,61.0,13.0,4.0,4.0,1,0,1,1,0,1,1,0,1
crossing,waksman,4,C_db_realistic,astar,2,input:w0->waksman_4x4_s0_w0_1.in,input:w1->waksman_4x4_s0_w0_1.add,329.0,164.0,63.0,68.0,68.0,4.0,13.0,4.0,1,0,1,1,0,1,1,0,1
crossing,waksman,4,C_db_realistic,astar,3,input:w0->waksman_4x4_s0_w0_1.in,input:w1->waksman_4x4_s0_w0_1.add,392.0,164.0,63.0,131.0,5.0,13.0,4.0,4.0,1,0,1,1,0,1,1,0,1
crossing,waksman,4,C_db_realistic,astar,4,input:w0->waksman_4x4_s0_w0_1.in,input:w2->waksman_4x4_s0_w2_3.in,193.0,132.0,63.0,12.0,68.0,4.0,21.0,4.0,1,0,1,1,0,1,1,0,1
crossing,waksman,4,C_db_realistic,astar,5,input:w0->waksman_4x4_s0_w0_1.in,input:w2->waksman_4x4_s0_w2_3.in,256.0,132.0,49.24428900898052,75.0,5.0,21.0,4.0,4.0,1,0,1,1,0,1,1,0,1
crossing,waksman,4,C_db_realistic,astar,6,input:w1->waksman_4x4_s0_w0_1.add,input:w2->waksman_4x4_s0_w2_3.in,193.0,68.0,4.0,49.0,204.0,32.0,35.0,32.0,0,1,1,0,1,1,0,1,1
crossing,waksman,4,C_db_realistic,astar,7,input:w1->waksman_4x4_s0_w0_1.add,input:w2->waksman_4x4_s0_w2_3.in,256.0,68.0,31.89043743820395,112.0,141.0,13.0,4.0,4.0,1,0,1,1,0,1,1,0,1
crossing,waksman,4,C_db_realistic,astar,8,input:w1->waksman_4x4_s0_w0_1.add,input:w3->waksman_4x4_s0_w2_3.add,288.0,68.0,4.0,144.0,109.0,21.0,68.0,21.0,0,1,1,0,1,1,0,1,1
crossing,waksman,4,C_db_realistic,astar,9,input:w1->waksman_4x4_s0_w0_1.add,input:w3->waksman_4x4_s0_w2_3.add,201.0,68.0,8.0,57.0,196.0,4.0,21.0,4.0,1,0,1,1,1,1,1,1,1
crossing,waksman,4,C_db_realistic,astar,10,input:w2->waksman_4x4_s0_w2_3.in,input:w3->waksman_4x4_s0_w2_3.add,193.0,64.0,4.0,28.0,39.0,25.0,8.0,8.0,0,1,1,1,1,1,1,1,1
crossing,waksman,4,C_db_realistic,astar,11,input:w2->waksman_4x4_s0_w2_3.in,input:w3->waksman_4x4_s0_w2_3.add,193.0,60.0,4.0,24.0,43.0,68.0,12.0,12.0,0,1,1,0,1,1,1,1,1
crossing,waksman,4,C_db_realistic,astar,12,input:w2->waksman_4x4_s0_w2_3.in,input:w3->waksman_4x4_s0_w2_3.add,280.0,89.0,22.47220505424423,39.0,8.0,79.0,8.0,8.0,0,0,0,1,0,1,1,0,1
crossing,waksman,4,C_db_realistic,astar,13,input:w2->waksman_4x4_s0_w2_3.in,input:w3->waksman_4x4_s0_w2_3.add,288.0,64.0,4.0,32.0,139.0,25.0,64.0,25.0,0,1,1,0,1,1,0,1,1
crossing,waksman,4,C_db_realistic,astar,14,input:w2->waksman_4x4_s0_w2_3.in,input:w3->waksman_4x4_s0_w2_3.add,57.0,36.0,63.0,37.0,136.0,4.0,21.0,4.0,1,0,1,1,0,1,1,0,1
crossing,waksman,4,C_db_realistic,astar,15,input:w2->waksman_4x4_s0_w2_3.in,input:w3->waksman_4x4_s0_w2_3.add,120.0,36.0,63.0,100.0,73.0,21.0,4.0,4.0,1,0,1,1,0,1,1,0,1
crossing,waksman,5,B_db_placeholder,astar,0,input:w0->waksman_5x5_s0_w0_1.in,input:w1->waksman_5x5_s0_w0_1.add,40.0,228.0,104.0,20.0,173.0,8.0,13.0,8.0,0,0,0,1,0,1,1,0,1
crossing,waksman,5,B_db_placeholder,astar,1,input:w0->waksman_5x5_s0_w0_1.in,input:w1->waksman_5x5_s0_w0_1.add,144.0,228.0,69.87131027825369,124.0,69.0,13.0,96.0,13.0,0,0,0,0,0,0,1,0,1
crossing,waksman,5,B_db_placeholder,astar,2,input:w0->waksman_5x5_s0_w0_1.in,input:w1->waksman_5x5_s0_w0_1.add,381.0,175.0,25.553864678361276,21.0,43.0,13.0,416.0,13.0,0,0,0,0,0,0,1,0,1
crossing,waksman,5,B_db_placeholder,astar,3,input:w0->waksman_5x5_s0_w0_1.in,input:w1->waksman_5x5_s0_w0_1.add,461.0,175.0,30.0,43.0,21.0,93.0,336.0,21.0,0,0,0,0,0,0,0,0,0
crossing,waksman,5,B_db_placeholder,astar,4,input:w0->waksman_5x5_s0_w0_1.in,input:w1->waksman_5x5_s0_w0_1.add,712.0,228.0,83.72574275573791,83.0,85.0,8.0,13.0,8.0,0,0,0,1,0,1,1,0,1
crossing,waksman,5,B_db_placeholder,astar,5,input:w0->waksman_5x5_s0_w0_1.in,input:w1->waksman_5x5_s0_w0_1.add,797.0,241.0,85.98837130682264,13.0,15.0,85.0,30.0,13.0,0,0,0,0,0,0,1,0,1
crossing,waksman,5,B_db_placeholder,astar,6,input:w0->waksman_5x5_s0_w0_1.in,input:w2->waksman_5x5_s0_w2_3.in,213.0,217.0,69.87131027825369,11.0,21.0,5.0,427.0,5.0,0,0,0,1,0,1,1,0,1
crossing,waksman,5,B_db_placeholder,astar,7,input:w0->waksman_5x5_s0_w0_1.in,input:w2->waksman_5x5_s0_w2_3.in,629.0,217.0,83.72574275573791,21.0,11.0,421.0,11.0,11.0,0,0,0,0,0,0,1,0,1
crossing,waksman,5,B_db_placeholder,astar,8,input:w0->waksman_5x5_s0_w0_1.in,input:w4->waksman_5x5_s2_w0_4.add,461.0,145.0,30.0,13.0,51.0,68.0,83.0,13.0,0,0,0,0,0,0,1,0,1
crossing,waksman,5,B_db_placeholder,astar,9,input:w0->waksman_5x5_s0_w0_1.in,input:w4->waksman_5x5_s2_w0_4.add,393.0,132.0,17.46424919657298,12.0,68.0,4.0,13.0,4.0,1,0,1,1,0,1,1,0,1
crossing,waksman,5,B_db_placeholder,astar,10,input:w1->waksman_5x5_s0_w0_1.add,input:w2->waksman_5x5_s0_w2_3.in,144.0,145.0,30.610455730027933,96.0,13.0,19.0,149.0,13.0,0,0,0,0,0,0,1,0,1
crossing,waksman,5,B_db_placeholder,astar,11,input:w1->waksman_5x5_s0_w0_1.add,input:w2->waksman_5x5_s0_w2_3.in,549.0,175.0,88.0,181.0,248.0,13.0,75.0,13.0,0,0,0,0,0,0,1,0,1
crossing,waksman,5,B_db_placeholder,astar,12,input:w1->waksman_5x5_s0_w0_1.add,input:w3->waksman_5x5_s0_w2_3.add,208.0,132.0,13.0,64.0,160.0,8.0,21.0,8.0,0,0,0,1,0,1,1,1,1
crossing,waksman,5,B_db_placeholder,astar,13,input:w1->waksman_5x5_s0_w0_1.add,input:w3->waksman_5x5_s0_w2_3.add,368.0,153.0,25.553864678361276,21.0,22.0,160.0,8.0,8.0,0,0,0,1,0,1,1,0,1
crossing,waksman,5,B_db_placeholder,astar,14,input:w2->waksman_5x5_s0_w2_3.in,input:w3->waksman_5x5_s0_w2_3.add,40.0,100.0,87.55569655939013,20.0,85.0,8.0,21.0,8.0,0,0,0,1,0,1,1,0,1
crossing,waksman,5,B_db_placeholder,astar,15,input:w2->waksman_5x5_s0_w2_3.in,input:w3->waksman_5x5_s0_w2_3.add,125.0,121.0,30.610455730027933,21.0,24.0,85.0,43.0,21.0,0,0,0,0,0,0,0,0,0
crossing,waksman,5,B_db_placeholder,astar,16,input:w2->waksman_5x5_s0_w2_3.in,input:w3->waksman_5x5_s0_w2_3.add,208.0,145.0,13.0,83.0,85.0,21.0,8.0,8.0,0,0,0,1,0,1,1,1,1
crossing,waksman,5,B_db_placeholder,astar,17,input:w2->waksman_5x5_s0_w2_3.in,input:w3->waksman_5x5_s0_w2_3.add,293.0,153.0,75.0,8.0,35.0,85.0,83.0,8.0,0,0,0,1,0,1,1,0,1
crossing,waksman,5,B_db_placeholder,astar,18,input:w2->waksman_5x5_s0_w2_3.in,input:w3->waksman_5x5_s0_w2_3.add,712.0,100.0,87.55569655939013,163.0,85.0,8.0,21.0,8.0,0,0,0,1,0,1,1,0,1
crossing,waksman,5,B_db_placeholder,astar,19,input:w2->waksman_5x5_s0_w2_3.in,input:w3->waksman_5x5_s0_w2_3.add,797.0,121.0,87.55569655939013,21.0,7.0,85.0,30.0,7.0,0,0,0,1,0,1,1,0,1
crossing,waksman,5,B_db_placeholder,astar,20,input:w3->waksman_5x5_s0_w2_3.add,input:w4->waksman_5x5_s2_w0_4.add,376.0,111.0,17.0,42.0,32.0,5.0,8.0,5.0,0,0,0,1,0,1,1,0,1
crossing,waksman,5,B_db_placeholder,astar,21,input:w3->waksman_5x5_s0_w2_3.add,input:w4->waksman_5x5_s2_w0_4.add,376.0,128.0,17.0,25.0,49.0,8.0,17.0,8.0,0,0,0,1,0,1,1,0,1
crossing,waksman,5,B_db_placeholder,astar,22,input:w3->waksman_5x5_s0_w2_3.add,input:w4->waksman_5x5_s2_w0_4.add,461.0,79.0,66.0,85.0,336.0,79.0,45.0,45.0,0,0,0,0,0,0,0,0,0
crossing,waksman,5,B_db_placeholder,astar,23,input:w3->waksman_5x5_s0_w2_3.add,input:w4->waksman_5x5_s2_w0_4.add,544.0,79.0,83.0,168.0,253.0,66.0,79.0,66.0,0,0,0,0,0,0,0,0,0
crossing,waksman,5,C_db_realistic,astar,0,input:w0->waksman_5x5_s0_w0_1.in,input:w1->waksman_5x5_s0_w0_1.add,57.0,228.0,63.0,37.0,156.0,4.0,13.0,4.0,1,0,1,1,0,1,1,0,1
crossing,waksman,5,C_db_realistic,astar,1,input:w0->waksman_5x5_s0_w0_1.in,input:w1->waksman_5x5_s0_w0_1.add,120.0,228.0,63.0,100.0,93.0,13.0,4.0,4.0,1,0,1,1,0,1,1,0,1
crossing,waksman,5,C_db_realistic,astar,2,input:w0->waksman_5x5_s0_w0_1.in,input:w1->waksman_5x5_s0_w0_1.add,729.0,228.0,63.0,100.0,68.0,4.0,13.0,4.0,1,0,1,1,0,1,1,0,1
crossing,waksman,5,C_db_realistic,astar,3,input:w0->waksman_5x5_s0_w0_1.in,input:w1->waksman_5x5_s0_w0_1.add,792.0,228.0,63.0,163.0,5.0,13.0,4.0,4.0,1,0,1,1,0,1,1,0,1
crossing,waksman,5,C_db_realistic,astar,4,input:w0->waksman_5x5_s0_w0_1.in,input:w2->waksman_5x5_s0_w2_3.in,225.0,196.0,72.44308110509934,12.0,156.0,4.0,21.0,4.0,1,0,1,1,0,1,1,0,1
crossing,waksman,5,C_db_realistic,astar,5,input:w0->waksman_5x5_s0_w0_1.in,input:w2->waksman_5x5_s0_w2_3.in,624.0,196.0,109.7679370308106,163.0,5.0,21.0,4.0,4.0,1,0,1,1,0,1,1,0,1
crossing,waksman,5,C_db_realistic,astar,6,input:w0->waksman_5x5_s0_w0_1.in,input:w4->waksman_5x5_s2_w0_4.add,381.0,145.0,46.84015371452148,51.0,13.0,5.0,75.0,5.0,0,0,0,1,0,1,1,0,1
crossing,waksman,5,C_db_realistic,astar,7,input:w0->waksman_5x5_s0_w0_1.in,input:w4->waksman_5x5_s2_w0_4.add,456.0,132.0,76.11832893594026,75.0,5.0,13.0,4.0,4.0,1,0,1,1,0,1,1,0,1
crossing,waksman,5,C_db_realistic,astar,8,input:w1->waksman_5x5_s0_w0_1.add,input:w2->waksman_5x5_s0_w2_3.in,120.0,100.0,63.0,53.0,4.0,100.0,5.0,4.0,1,0,1,1,0,1,1,0,1
crossing,waksman,5,C_db_realistic,astar,9,input:w1->waksman_5x5_s0_w0_1.add,input:w2->waksman_5x5_s0_w2_3.in,729.0,100.0,17.0,4.0,96.0,180.0,68.0,4.0,1,0,1,1,0,1,1,0,1
crossing,waksman,5,C_db_realistic,astar,10,input:w1->waksman_5x5_s0_w0_1.add,input:w3->waksman_5x5_s0_w2_3.add,144.0,160.0,64.62197768561404,64.0,7.0,87.0,144.0,7.0,0,0,0,1,0,1,1,0,1
crossing,waksman,5,C_db_realistic,astar,11,input:w1->waksman_5x5_s0_w0_1.add,input:w3->waksman_5x5_s0_w2_3.add,712.0,96.0,4.0,344.0,17.0,4.0,25.0,4.0,1,1,1,1,1,1,1,1,1
crossing,waksman,5,C_db_realistic,astar,12,input:w1->waksman_5x5_s0_w0_1.add,input:w3->waksman_5x5_s0_w2_3.add,729.0,121.0,21.0,25.0,75.0,17.0,63.0,17.0,0,0,0,0,0,0,0,0,0
crossing,waksman,5,C_db_realistic,astar,13,input:w1->waksman_5x5_s0_w0_1.add,input:w3->waksman_5x5_s0_w2_3.add,288.0,132.0,13.0,152.0,80.0,28.0,4.0,4.0,1,0,1,1,0,1,1,1,1
crossing,waksman,5,C_db_realistic,astar,14,input:w1->waksman_5x5_s0_w0_1.add,input:w4->waksman_5x5_s2_w0_4.add,368.0,100.0,46.84015371452148,32.0,4.0,135.0,93.0,4.0,1,0,1,1,0,1,1,0,1
crossing,waksman,5,C_db_realistic,astar,15,input:w1->waksman_5x5_s0_w0_1.add,input:w4->waksman_5x5_s2_w0_4.add,544.0,96.0,17.0,176.0,185.0,32.0,96.0,32.0,0,0,0,0,0,0,0,0,0
crossing,waksman,5,C_db_realistic,astar,16,input:w2->waksman_5x5_s0_w2_3.in,input:w3->waksman_5x5_s0_w2_3.add,288.0,145.0,13.0,163.0,5.0,15.0,17.0,5.0,0,0,0,1,0,1,1,1,1
crossing,waksman,5,C_db_realistic,astar,17,input:w2->waksman_5x5_s0_w2_3.in,input:w3->waksman_5x5_s0_w2_3.add,712.0,100.0,4.0,163.0,85.0,8.0,21.0,8.0,0,1,1,1,1,1,1,1,1
crossing,waksman,5,C_db_realistic,astar,18,input:w2->waksman_5x5_s0_w2_3.in,input:w3->waksman_5x5_s0_w2_3.add,57.0,100.0,63.0,37.0,68.0,4.0,60.0,4.0,1,0,1,1,0,1,1,0,1
crossing,waksman,5,C_db_realistic,astar,19,input:w2->waksman_5x5_s0_w2_3.in,input:w3->waksman_5x5_s0_w2_3.add,792.0,100.0,63.0,243.0,5.0,21.0,4.0,4.0,1,0,1,1,0,1,1,0,1
crossing,waksman,5,C_db_realistic,astar,20,input:w3->waksman_5x5_s0_w2_3.add,input:w4->waksman_5x5_s2_w0_4.add,544.0,79.0,17.0,331.0,253.0,49.0,79.0,49.0,0,0,0,0,0,0,0,0,0
crossing,waksman,5,C_db_realistic,astar,21,input:w3->waksman_5x5_s0_w2_3.add,input:w4->waksman_5x5_s2_w0_4.add,233.0,124.0,55.57877292636101,60.0,20.0,4.0,24.0,4.0,1,0,1,1,0,1,1,0,1
crossing,waksman,6,B_db_placeholder,astar,0,input:w0->waksman_6x6_s0_w0_1.in,input:w1->waksman_6x6_s0_w0_1.add,40.0,292.0,104.0,20.0,173.0,8.0,13.0,8.0,0,0,0,1,0,1,1,0,1
crossing,waksman,6,B_db_placeholder,astar,1,input:w0->waksman_6x6_s0_w0_1.in,input:w1->waksman_6x6_s0_w0_1.add,144.0,292.0,69.87131027825369,124.0,69.0,13.0,96.0,13.0,0,0,0,0,0,0,1,0,1
crossing,waksman,6,B_db_placeholder,astar,2,input:w0->waksman_6x6_s0_w0_1.in,input:w1->waksman_6x6_s0_w0_1.add,712.0,292.0,83.72574275573791,83.0,85.0,8.0,13.0,8.0,0,0,0,1,0,1,1,0,1
crossing,waksman,6,B_db_placeholder,astar,3,input:w0->waksman_6x6_s0_w0_1.in,input:w1->waksman_6x6_s0_w0_1.add,797.0,305.0,85.98837130682264,13.0,15.0,85.0,30.0,13.0,0,0,0,0,0,0,1,0,1
crossing,waksman,6,B_db_placeholder,astar,4,input:w0->waksman_6x6_s0_w0_1.in,input:w2->waksman_6x6_s0_w2_3.in,213.0,281.0,69.87131027825369,11.0,21.0,5.0,427.0,5.0,0,0,0,1,0,1,1,0,1
crossing,waksman,6,B_db_placeholder,astar,5,input:w0->waksman_6x6_s0_w0_1.in,input:w2->waksman_6x6_s0_w2_3.in,629.0,281.0,83.72574275573791,21.0,11.0,421.0,11.0,11.0,0,0,0,0,0,0,1,0,1
crossing,waksman,6,B_db_placeholder,astar,6,input:w0->waksman_6x6_s0_w0_1.in,input:w4->waksman_6x6_s0_w4_5.in,381.0,209.0,57.271284253105414,51.0,13.0,5.0,155.0,5.0,0,0,0,1,0,1,1,0,1
crossing,waksman,6,B_db_placeholder,astar,7,input:w0->waksman_6x6_s0_w0_1.in,input:w4->waksman_6x6_s0_w4_5.in,461.0,209.0,34.0,13.0,51.0,85.0,75.0,13.0,0,0,0,0,0,0,1,0,1
crossing,waksman,6,B_db_placeholder,astar,8,input:w1->waksman_6x6_s0_w0_1.add,input:w2->waksman_6x6_s0_w2_3.in,144.0,209.0,30.610455730027933,96.0,13.0,19.0,149.0,13.0,0,0,0,0,0,0,1,0,1
crossing,waksman,6,B_db_placeholder,astar,9,input:w1->waksman_6x6_s0_w0_1.add,input:w2->waksman_6x6_s0_w2_3.in,717.0,196.0,82.71033792700887,245.0,80.0,13.0,32.0,13.0,0,0,0,0,0,0,1,0,1
crossing,waksman,6,B_db_placeholder,astar,10,input:w1->waksman_6x6_s0_w0_1.add,input:w3->waksman_6x6_s0_w2_3.add,208.0,196.0,13.0,64.0,96.0,8.0,21.0,8.0,0,0,0,1,0,1,1,1,1
crossing,waksman,6,B_db_placeholder,astar,11,input:w1->waksman_6x6_s0_w0_1.add,input:w3->waksman_6x6_s0_w2_3.add,472.0,175.0,11.0,43.0,21.0,120.0,157.0,21.0,0,0,0,0,0,0,0,1,1
crossing,waksman,6,B_db_placeholder,astar,12,input:w1->waksman_6x6_s0_w0_1.add,input:w3->waksman_6x6_s0_w2_3.add,544.0,196.0,8.0,72.0,253.0,8.0,21.0,8.0,0,0,0,1,1,1,1,1,1
crossing,waksman,6,B_db_placeholder,astar,13,input:w1->waksman_6x6_s0_w0_1.add,input:w3->waksman_6x6_s0_w2_3.add,797.0,217.0,27.313000567495326,21.0,67.0,253.0,11.0,11.0,0,0,0,0,0,0,1,0,1
crossing,waksman,6,B_db_placeholder,astar,14,input:w1->waksman_6x6_s0_w0_1.add,input:w4->waksman_6x6_s0_w4_5.in,536.0,196.0,8.0,64.0,261.0,13.0,132.0,13.0,0,0,0,0,1,1,1,1,1
crossing,waksman,6,B_db_placeholder,astar,15,input:w1->waksman_6x6_s0_w0_1.add,input:w4->waksman_6x6_s0_w4_5.in,393.0,132.0,17.0,89.0,79.0,4.0,32.0,4.0,1,0,1,1,0,1,1,0,1
crossing,waksman,6,B_db_placeholder,astar,16,input:w1->waksman_6x6_s0_w0_1.add,input:w5->waksman_6x6_s0_w4_5.add,376.0,132.0,4.0,72.0,96.0,8.0,21.0,8.0,0,1,1,1,1,1,1,1,1
crossing,waksman,6,B_db_placeholder,astar,17,input:w1->waksman_6x6_s0_w0_1.add,input:w5->waksman_6x6_s0_w4_5.add,472.0,153.0,22.0,21.0,43.0,96.0,56.0,21.0,0,0,0,0,0,0,0,0,0
crossing,waksman,6,B_db_placeholder,astar,18,input:w2->waksman_6x6_s0_w2_3.in,input:w3->waksman_6x6_s0_w2_3.add,40.0,164.0,87.55569655939013,20.0,85.0,8.0,21.0,8.0,0,0,0,1,0,1,1,0,1
crossing,waksman,6,B_db_placeholder,astar,19,input:w2->waksman_6x6_s0_w2_3.in,input:w3->waksman_6x6_s0_w2_3.add,125.0,185.0,30.610455730027933,21.0,24.0,85.0,43.0,21.0,0,0,0,0,0,0,0,0,0
crossing,waksman,6,B_db_placeholder,astar,20,input:w2->waksman_6x6_s0_w2_3.in,input:w3->waksman_6x6_s0_w2_3.add,208.0,209.0,13.0,83.0,85.0,21.0,8.0,8.0,0,0,0,1,0,1,1,1,1
crossing,waksman,6,B_db_placeholder,astar,21,input:w2->waksman_6x6_s0_w2_3.in,input:w3->waksman_6x6_s0_w2_3.add,293.0,217.0,85.37564055396598,8.0,35.0,85.0,59.0,8.0,0,0,0,1,0,1,1,0,1
crossing,waksman,6,B_db_placeholder,astar,22,input:w2->waksman_6x6_s0_w2_3.in,input:w3->waksman_6x6_s0_w2_3.add,549.0,217.0,21.587033144922902,35.0,8.0,5.0,259.0,5.0,0,0,0,1,0,1,1,0,1
crossing,waksman,6,B_db_placeholder,astar,23,input:w2->waksman_6x6_s0_w2_3.in,input:w3->waksman_6x6_s0_w2_3.add,808.0,192.0,27.313000567495326,11.0,19.0,25.0,36.0,11.0,0,0,0,0,0,0,1,0,1
crossing,waksman,6,B_db_placeholder,astar,24,input:w3->waksman_6x6_s0_w2_3.add,input:w4->waksman_6x6_s0_w4_5.in,461.0,175.0,11.0,109.0,168.0,11.0,13.0,11.0,0,0,0,0,0,0,1,1,1
crossing,waksman,6,B_db_placeholder,astar,25,input:w3->waksman_6x6_s0_w2_3.add,input:w4->waksman_6x6_s0_w4_5.in,536.0,175.0,21.0,184.0,93.0,34.0,111.0,34.0,0,0,0,0,0,0,0,0,0
crossing,waksman,6,B_db_placeholder,astar,26,input:w4->waksman_6x6_s0_w4_5.in,input:w5->waksman_6x6_s0_w4_5.add,40.0,36.0,128.0,20.0,253.0,8.0,67.0,8.0,0,0,0,1,0,1,1,0,1
crossing,waksman,6,B_db_placeholder,astar,27,input:w4->waksman_6x6_s0_w4_5.in,input:w5->waksman_6x6_s0_w4_5.add,293.0,103.0,86.68333173107735,67.0,25.0,253.0,168.0,25.0,0,0,0,0,0,0,0,0,0
crossing,waksman,6,B_db_placeholder,astar,28,input:w4->waksman_6x6_s0_w4_5.in,input:w5->waksman_6x6_s0_w4_5.add,376.0,128.0,4.0,83.0,17.0,4.0,25.0,4.0,1,1,1,1,1,1,1,1,1
crossing,waksman,6,B_db_placeholder,astar,29,input:w4->waksman_6x6_s0_w4_5.in,input:w5->waksman_6x6_s0_w4_5.add,393.0,153.0,21.0,25.0,11.0,17.0,135.0,11.0,0,0,0,0,0,0,1,0,1
crossing,waksman,6,C_db_realistic,astar,0,input:w0->waksman_6x6_s0_w0_1.in,input:w1->waksman_6x6_s0_w0_1.add,57.0,292.0,63.0,37.0,156.0,4.0,13.0,4.0,1,0,1,1,0,1,1,0,1
crossing,waksman,6,C_db_realistic,astar,1,input:w0->waksman_6x6_s0_w0_1.in,input:w1->waksman_6x6_s0_w0_1.add,120.0,292.0,63.0,100.0,93.0,13.0,4.0,4.0,1,0,1,1,0,1,1,0,1
crossing,waksman,6,C_db_realistic,astar,2,input:w0->waksman_6x6_s0_w0_1.in,input:w1->waksman_6x6_s0_w0_1.add,729.0,292.0,63.0,100.0,68.0,4.0,13.0,4.0,1,0,1,1,0,1,1,0,1
crossing,waksman,6,C_db_realistic,astar,3,input:w0->waksman_6x6_s0_w0_1.in,input:w1->waksman_6x6_s0_w0_1.add,792.0,292.0,63.0,163.0,5.0,13.0,4.0,4.0,1,0,1,1,0,1,1,0,1
crossing,waksman,6,C_db_realistic,astar,4,input:w0->waksman_6x6_s0_w0_1.in,input:w2->waksman_6x6_s0_w2_3.in,225.0,260.0,64.0,12.0,156.0,4.0,21.0,4.0,1,0,1,1,0,1,1,0,1
crossing,waksman,6,C_db_realistic,astar,5,input:w0->waksman_6x6_s0_w0_1.in,input:w2->waksman_6x6_s0_w2_3.in,624.0,260.0,64.0,163.0,5.0,21.0,4.0,4.0,1,0,1,1,0,1,1,0,1
crossing,waksman,6,C_db_realistic,astar,6,input:w0->waksman_6x6_s0_w0_1.in,input:w4->waksman_6x6_s0_w4_5.in,381.0,209.0,76.11832893594026,51.0,13.0,5.0,75.0,5.0,0,0,0,1,0,1,1,0,1
crossing,waksman,6,C_db_realistic,astar,7,input:w0->waksman_6x6_s0_w0_1.in,input:w4->waksman_6x6_s0_w4_5.in,456.0,196.0,16.492422502470642,75.0,5.0,13.0,4.0,4.0,1,0,1,1,0,1,1,0,1
crossing,waksman,6,C_db_realistic,astar,8,input:w1->waksman_6x6_s0_w0_1.add,input:w2->waksman_6x6_s0_w2_3.in,225.0,196.0,4.0,81.0,79.0,32.0,35.0,32.0,0,1,1,0,1,1,0,1,1
crossing,waksman,6,C_db_realistic,astar,9,input:w1->waksman_6x6_s0_w0_1.add,input:w2->waksman_6x6_s0_w2_3.in,624.0,196.0,8.0,152.0,173.0,13.0,32.0,13.0,0,0,0,0,1,1,1,1,1
crossing,waksman,6,C_db_realistic,astar,10,input:w1->waksman_6x6_s0_w0_1.add,input:w3->waksman_6x6_s0_w2_3.add,472.0,175.0,11.0,43.0,21.0,120.0,157.0,21.0,0,0,0,0,0,0,0,1,1
crossing,waksman,6,C_db_realistic,astar,11,input:w1->waksman_6x6_s0_w0_1.add,input:w3->waksman_6x6_s0_w2_3.add,544.0,196.0,21.587033144922902,72.0,253.0,8.0,21.0,8.0,0,0,0,1,0,1,1,0,1
crossing,waksman,6,C_db_realistic,astar,12,input:w1->waksman_6x6_s0_w0_1.add,input:w3->waksman_6x6_s0_w2_3.add,792.0,196.0,32.0,320.0,5.0,21.0,36.0,5.0,0,0,0,1,0,1,1,0,1
crossing,waksman,6,C_db_realistic,astar,13,input:w1->waksman_6x6_s0_w0_1.add,input:w3->waksman_6x6_s0_w2_3.add,233.0,196.0,8.0,89.0,71.0,4.0,13.0,4.0,1,0,1,1,1,1,1,1,1
crossing,waksman,6,C_db_realistic,astar,14,input:w1->waksman_6x6_s0_w0_1.add,input:w4->waksman_6x6_s0_w4_5.in,472.0,192.0,16.492422502470642,60.0,4.0,16.0,64.0,4.0,1,0,1,1,0,1,1,0,1
crossing,waksman,6,C_db_realistic,astar,15,input:w1->waksman_6x6_s0_w0_1.add,input:w4->waksman_6x6_s0_w4_5.in,393.0,132.0,4.0,89.0,79.0,96.0,32.0,32.0,0,1,1,0,1,1,0,1,1
crossing,waksman,6,C_db_realistic,astar,16,input:w1->waksman_6x6_s0_w0_1.add,input:w5->waksman_6x6_s0_w4_5.add,401.0,132.0,8.0,97.0,71.0,4.0,21.0,4.0,1,0,1,1,1,1,1,1,1
crossing,waksman,6,C_db_realistic,astar,17,input:w1->waksman_6x6_s0_w0_1.add,input:w5->waksman_6x6_s0_w4_5.add,456.0,132.0,43.289721643826724,152.0,16.0,21.0,4.0,4.0,1,0,1,1,0,1,1,0,1
crossing,waksman,6,C_db_realistic,astar,18,input:w2->waksman_6x6_s0_w2_3.in,input:w3->waksman_6x6_s0_w2_3.add,225.0,192.0,4.0,28.0,39.0,25.0,8.0,8.0,0,1,1,1,1,1,1,1,1
crossing,waksman,6,C_db_realistic,astar,19,input:w2->waksman_6x6_s0_w2_3.in,input:w3->waksman_6x6_s0_w2_3.add,225.0,188.0,4.0,24.0,43.0,68.0,12.0,12.0,0,1,1,0,1,1,1,1,1
crossing,waksman,6,C_db_realistic,astar,20,input:w2->waksman_6x6_s0_w2_3.in,input:w3->waksman_6x6_s0_w2_3.add,549.0,217.0,21.587033144922902,35.0,8.0,5.0,243.0,5.0,0,0,0,1,0,1,1,0,1
crossing,waksman,6,C_db_realistic,astar,21,input:w2->waksman_6x6_s0_w2_3.in,input:w3->waksman_6x6_s0_w2_3.add,624.0,175.0,13.0,34.0,11.0,272.0,5.0,5.0,0,0,0,1,0,1,1,1,1
crossing,waksman,6,C_db_realistic,astar,22,input:w2->waksman_6x6_s0_w2_3.in,input:w3->waksman_6x6_s0_w2_3.add,624.0,188.0,8.0,21.0,24.0,5.0,80.0,5.0,0,0,0,1,1,1,1,1,1
crossing,waksman,6,C_db_realistic,astar,23,input:w2->waksman_6x6_s0_w2_3.in,input:w3->waksman_6x6_s0_w2_3.add,57.0,164.0,63.0,37.0,168.0,4.0,21.0,4.0,1,0,1,1,0,1,1,0,1
crossing,waksman,6,C_db_realistic,astar,24,input:w2->waksman_6x6_s0_w2_3.in,input:w3->waksman_6x6_s0_w2_3.add,120.0,164.0,63.0,100.0,105.0,21.0,4.0,4.0,1,0,1,1,0,1,1,0,1
crossing,waksman,6,C_db_realistic,astar,25,input:w2->waksman_6x6_s0_w2_3.in,input:w3->waksman_6x6_s0_w2_3.add,792.0,164.0,32.0,168.0,5.0,53.0,4.0,4.0,1,0,1,1,0,1,1,0,1
crossing,waksman,6,C_db_realistic,astar,26,input:w3->waksman_6x6_s0_w2_3.add,input:w4->waksman_6x6_s0_w4_5.in,461.0,175.0,11.0,109.0,168.0,11.0,13.0,11.0,0,0,0,0,0,0,1,1,1
crossing,waksman,6,C_db_realistic,astar,27,input:w3->waksman_6x6_s0_w2_3.add,input:w4->waksman_6x6_s0_w4_5.in,536.0,175.0,22.47220505424423,184.0,93.0,17.0,111.0,17.0,0,0,0,0,0,0,0,0,0
crossing,waksman,6,C_db_realistic,astar,28,input:w4->waksman_6x6_s0_w4_5.in,input:w5->waksman_6x6_s0_w4_5.add,393.0,128.0,4.0,92.0,36.0,25.0,8.0,8.0,0,1,1,1,1,1,1,1,1
crossing,waksman,6,C_db_realistic,astar,29,input:w4->waksman_6x6_s0_w4_5.in,input:w5->waksman_6x6_s0_w4_5.add,393.0,124.0,4.0,88.0,40.0,68.0,12.0,12.0,0,1,1,0,1,1,1,1,1
crossing,waksman,6,C_db_realistic,astar,30,input:w4->waksman_6x6_s0_w4_5.in,input:w5->waksman_6x6_s0_w4_5.add,57.0,36.0,63.0,37.0,336.0,4.0,13.0,4.0,1,0,1,1,0,1,1,0,1
crossing,waksman,6,C_db_realistic,astar,31,input:w4->waksman_6x6_s0_w4_5.in,input:w5->waksman_6x6_s0_w4_5.add,120.0,36.0,63.0,100.0,273.0,13.0,4.0,4.0,1,0,1,1,0,1,1,0,1
crossing,waksman,7,B_db_placeholder,astar,0,input:w0->waksman_7x7_s0_w0_1.in,input:w1->waksman_7x7_s0_w0_1.add,40.0,356.0,104.0,20.0,173.0,8.0,13.0,8.0,0,0,0,1,0,1,1,0,1
crossing,waksman,7,B_db_placeholder,astar,1,input:w0->waksman_7x7_s0_w0_1.in,input:w1->waksman_7x7_s0_w0_1.add,144.0,356.0,69.87131027825369,124.0,69.0,13.0,96.0,13.0,0,0,0,0,0,0,1,0,1
crossing,waksman,7,B_db_placeholder,astar,2,input:w0->waksman_7x7_s0_w0_1.in,input:w1->waksman_7x7_s0_w0_1.add,712.0,356.0,85.98837130682264,83.0,85.0,8.0,13.0,8.0,0,0,0,1,0,1,1,0,1
crossing,waksman,7,B_db_placeholder,astar,3,input:w0->waksman_7x7_s0_w0_1.in,input:w1->waksman_7x7_s0_w0_1.add,797.0,369.0,85.98837130682264,13.0,15.0,85.0,30.0,13.0,0,0,0,0,0,0,1,0,1
crossing,waksman,7,B_db_placeholder,astar,4,input:w0->waksman_7x7_s0_w0_1.in,input:w2->waksman_7x7_s0_w2_3.in,213.0,345.0,69.87131027825369,11.0,21.0,5.0,99.0,5.0,0,0,0,1,0,1,1,0,1
crossing,waksman,7,B_db_placeholder,astar,5,input:w0->waksman_7x7_s0_w0_1.in,input:w2->waksman_7x7_s0_w2_3.in,312.0,324.0,43.0,99.0,69.0,21.0,192.0,21.0,0,0,0,0,0,0,0,0,0
crossing,waksman,7,B_db_placeholder,astar,6,input:w0->waksman_7x7_s0_w0_1.in,input:w2->waksman_7x7_s0_w2_3.in,544.0,324.0,46.238512086787566,83.0,85.0,8.0,21.0,8.0,0,0,0,1,0,1,1,0,1
crossing,waksman,7,B_db_placeholder,astar,7,input:w0->waksman_7x7_s0_w0_1.in,input:w2->waksman_7x7_s0_w2_3.in,624.0,324.0,65.96969000988257,163.0,5.0,21.0,4.0,4.0,1,0,1,1,0,1,1,0,1
crossing,waksman,7,B_db_placeholder,astar,8,input:w0->waksman_7x7_s0_w0_1.in,input:w3->waksman_7x7_s0_w2_3.add,381.0,281.0,8.0,43.0,21.0,173.0,259.0,21.0,0,0,0,0,1,1,0,1,1
crossing,waksman,7,B_db_placeholder,astar,9,input:w0->waksman_7x7_s0_w0_1.in,input:w3->waksman_7x7_s0_w2_3.add,461.0,281.0,8.0,21.0,43.0,253.0,179.0,21.0,0,0,0,0,1,1,0,1,1
crossing,waksman,7,B_db_placeholder,astar,10,input:w0->waksman_7x7_s0_w0_1.in,input:w4->waksman_7x7_s0_w4_5.in,381.0,273.0,8.0,51.0,13.0,5.0,155.0,5.0,0,0,0,1,1,1,1,1,1
crossing,waksman,7,B_db_placeholder,astar,11,input:w0->waksman_7x7_s0_w0_1.in,input:w4->waksman_7x7_s0_w4_5.in,461.0,273.0,8.0,13.0,51.0,85.0,75.0,13.0,0,0,0,0,1,1,1,1,1
crossing,waksman,7,B_db_placeholder,astar,12,input:w1->waksman_7x7_s0_w0_1.add,input:w2->waksman_7x7_s0_w2_3.in,144.0,273.0,30.610455730027933,96.0,13.0,19.0,149.0,13.0,0,0,0,0,0,0,1,0,1
crossing,waksman,7,B_db_placeholder,astar,13,input:w1->waksman_7x7_s0_w0_1.add,input:w2->waksman_7x7_s0_w2_3.in,312.0,196.0,64.0,8.0,160.0,149.0,64.0,8.0,0,0,0,1,0,1,1,0,1
crossing,waksman,7,B_db_placeholder,astar,14,input:w1->waksman_7x7_s0_w0_1.add,input:w2->waksman_7x7_s0_w2_3.in,717.0,260.0,11.0,245.0,80.0,60.0,32.0,32.0,0,0,0,0,0,0,0,1,1
crossing,waksman,7,B_db_placeholder,astar,15,input:w1->waksman_7x7_s0_w0_1.add,input:w2->waksman_7x7_s0_w2_3.in,561.0,260.0,21.0,89.0,236.0,4.0,35.0,4.0,1,0,1,1,0,1,1,0,1
crossing,waksman,7,B_db_placeholder,astar,16,input:w1->waksman_7x7_s0_w0_1.add,input:w3->waksman_7x7_s0_w2_3.add,208.0,260.0,13.0,64.0,96.0,8.0,21.0,8.0,0,0,0,1,0,1,1,1,1
crossing,waksman,7,B_db_placeholder,astar,17,input:w1->waksman_7x7_s0_w0_1.add,input:w3->waksman_7x7_s0_w2_3.add,640.0,260.0,65.96969000988257,168.0,157.0,21.0,8.0,8.0,0,0,0,1,0,1,1,0,1
crossing,waksman,7,B_db_placeholder,astar,18,input:w1->waksman_7x7_s0_w0_1.add,input:w4->waksman_7x7_s0_w4_5.in,536.0,260.0,25.0,64.0,261.0,13.0,160.0,13.0,0,0,0,0,0,0,1,0,1
crossing,waksman,7,B_db_placeholder,astar,19,input:w1->waksman_7x7_s0_w0_1.add,input:w4->waksman_7x7_s0_w4_5.in,393.0,196.0,8.0,89.0,79.0,68.0,32.0,32.0,0,0,0,0,1,1,0,1,1
crossing,waksman,7,B_db_placeholder,astar,20,input:w1->waksman_7x7_s0_w0_1.add,input:w5->waksman_7x7_s0_w4_5.add,376.0,196.0,17.0,72.0,96.0,8.0,21.0,8.0,0,0,0,1,0,1,1,0,1
crossing,waksman,7,B_db_placeholder,astar,21,input:w1->waksman_7x7_s0_w0_1.add,input:w5->waksman_7x7_s0_w4_5.add,472.0,217.0,57.0701322935211,21.0,43.0,96.0,56.0,21.0,0,0,0,0,0,0,0,0,0
crossing,waksman,7,B_db_placeholder,astar,22,input:w2->waksman_7x7_s0_w2_3.in,input:w3->waksman_7x7_s0_w2_3.add,40.0,228.0,87.55569655939013,20.0,85.0,8.0,21.0,8.0,0,0,0,1,0,1,1,0,1
crossing,waksman,7,B_db_placeholder,astar,23,input:w2->waksman_7x7_s0_w2_3.in,input:w3->waksman_7x7_s0_w2_3.add,125.0,249.0,30.610455730027933,21.0,24.0,85.0,43.0,21.0,0,0,0,0,0,0,0,0,0
crossing,waksman,7,B_db_placeholder,astar,24,input:w2->waksman_7x7_s0_w2_3.in,input:w3->waksman_7x7_s0_w2_3.add,208.0,273.0,13.0,83.0,85.0,21.0,8.0,8.0,0,0,0,1,0,1,1,1,1
crossing,waksman,7,B_db_placeholder,astar,25,input:w2->waksman_7x7_s0_w2_3.in,input:w3->waksman_7x7_s0_w2_3.add,293.0,281.0,19.0,8.0,35.0,85.0,347.0,8.0,0,0,0,1,0,1,1,0,1
crossing,waksman,7,B_db_placeholder,astar,26,input:w2->waksman_7x7_s0_w2_3.in,input:w3->waksman_7x7_s0_w2_3.add,312.0,281.0,19.0,64.0,149.0,104.0,328.0,64.0,0,0,0,0,0,0,0,0,0
crossing,waksman,7,B_db_placeholder,astar,27,input:w2->waksman_7x7_s0_w2_3.in,input:w3->waksman_7x7_s0_w2_3.add,561.0,281.0,21.0,25.0,14.0,353.0,79.0,14.0,0,0,0,0,0,0,1,0,1
crossing,waksman,7,B_db_placeholder,astar,28,input:w2->waksman_7x7_s0_w2_3.in,input:w3->waksman_7x7_s0_w2_3.add,717.0,249.0,11.0,71.0,21.0,5.0,110.0,5.0,0,0,0,1,0,1,1,1,1
crossing,waksman,7,B_db_placeholder,astar,29,input:w2->waksman_7x7_s0_w2_3.in,input:w3->waksman_7x7_s0_w2_3.add,797.0,249.0,80.0,21.0,7.0,85.0,30.0,7.0,0,0,0,1,0,1,1,0,1
crossing,waksman,7,B_db_placeholder,astar,30,input:w2->waksman_7x7_s0_w2_3.in,input:w4->waksman_7x7_s0_w4_5.in,536.0,132.0,8.0,224.0,8.0,141.0,32.0,8.0,0,0,0,1,1,1,1,1,1
crossing,waksman,7,B_db_placeholder,astar,31,input:w2->waksman_7x7_s0_w2_3.in,input:w4->waksman_7x7_s0_w4_5.in,393.0,132.0,8.0,81.0,151.0,4.0,96.0,4.0,1,0,1,1,1,1,1,1,1
crossing,waksman,7,B_db_placeholder,astar,32,input:w2->waksman_7x7_s0_w2_3.in,input:w5->waksman_7x7_s0_w4_5.add,528.0,132.0,8.0,216.0,16.0,85.0,53.0,16.0,0,0,0,0,1,1,0,1,1
crossing,waksman,7,B_db_placeholder,astar,33,input:w2->waksman_7x7_s0_w2_3.in,input:w5->waksman_7x7_s0_w4_5.add,401.0,132.0,8.0,89.0,143.0,21.0,35.0,21.0,0,0,0,0,1,1,0,1,1
crossing,waksman,7,B_db_placeholder,astar,34,input:w2->waksman_7x7_s0_w2_3.in,input:w6->waksman_7x7_s1_w4_6.add,368.0,132.0,11.313708498984761,56.0,176.0,8.0,13.0,8.0,0,0,0,1,0,1,1,1,1
crossing,waksman,7,B_db_placeholder,astar,35,input:w2->waksman_7x7_s0_w2_3.in,input:w6->waksman_7x7_s1_w4_6.add,520.0,132.0,8.0,208.0,24.0,13.0,132.0,13.0,0,0,0,0,1,1,1,1,1
crossing,waksman,7,B_db_placeholder,astar,36,input:w4->waksman_7x7_s0_w4_5.in,input:w5->waksman_7x7_s0_w4_5.add,40.0,100.0,128.0,20.0,173.0,8.0,21.0,8.0,0,0,0,1,0,1,1,0,1
crossing,waksman,7,B_db_placeholder,astar,37,input:w4->waksman_7x7_s0_w4_5.in,input:w5->waksman_7x7_s0_w4_5.add,376.0,111.0,13.0,43.0,17.0,120.0,25.0,17.0,0,0,0,0,0,0,0,1,1
crossing,waksman,7,B_db_placeholder,astar,38,input:w4->waksman_7x7_s0_w4_5.in,input:w5->waksman_7x7_s0_w4_5.add,393.0,217.0,21.0,89.0,11.0,17.0,135.0,11.0,0,0,0,0,0,0,1,0,1
crossing,waksman,7,B_db_placeholder,astar,39,input:w4->waksman_7x7_s0_w4_5.in,input:w5->waksman_7x7_s0_w4_5.add,393.0,188.0,8.0,60.0,40.0,68.0,17.0,17.0,0,0,0,0,1,1,0,1,1
crossing,waksman,7,B_db_placeholder,astar,40,input:w4->waksman_7x7_s0_w4_5.in,input:w5->waksman_7x7_s0_w4_5.add,712.0,100.0,87.55569655939013,176.0,85.0,8.0,21.0,8.0,0,0,0,1,0,1,1,0,1
crossing,waksman,7,B_db_placeholder,astar,41,input:w4->waksman_7x7_s0_w4_5.in,input:w5->waksman_7x7_s0_w4_5.add,797.0,121.0,87.55569655939013,21.0,7.0,85.0,30.0,7.0,0,0,0,1,0,1,1,0,1
crossing,waksman,7,B_db_placeholder,astar,42,input:w4->waksman_7x7_s0_w4_5.in,input:w6->waksman_7x7_s1_w4_6.add,213.0,96.0,140.71602609511115,4.0,28.0,5.0,248.0,4.0,1,0,1,1,0,1,1,0,1
crossing,waksman,7,B_db_placeholder,astar,43,input:w4->waksman_7x7_s0_w4_5.in,input:w6->waksman_7x7_s1_w4_6.add,376.0,96.0,15.0,28.0,32.0,168.0,85.0,28.0,0,0,0,0,0,0,0,0,0
crossing,waksman,7,B_db_placeholder,astar,44,input:w4->waksman_7x7_s0_w4_5.in,input:w6->waksman_7x7_s1_w4_6.add,376.0,124.0,11.313708498984761,56.0,4.0,85.0,8.0,4.0,1,0,1,1,0,1,1,1,1
crossing,waksman,7,B_db_placeholder,astar,45,input:w4->waksman_7x7_s0_w4_5.in,input:w6->waksman_7x7_s1_w4_6.add,393.0,145.0,8.0,17.0,83.0,25.0,127.0,17.0,0,0,0,0,1,1,0,1,1
crossing,waksman,7,B_db_placeholder,astar,46,input:w5->waksman_7x7_s0_w4_5.add,input:w6->waksman_7x7_s1_w4_6.add,401.0,145.0,8.0,34.0,22.0,33.0,119.0,22.0,0,0,0,0,1,1,0,1,1
crossing,waksman,7,B_db_placeholder,astar,47,input:w5->waksman_7x7_s0_w4_5.add,input:w6->waksman_7x7_s1_w4_6.add,401.0,124.0,8.0,13.0,43.0,60.0,33.0,13.0,0,0,0,0,1,1,1,1,1
crossing,waksman,7,C_db_realistic,astar,0,input:w0->waksman_7x7_s0_w0_1.in,input:w1->waksman_7x7_s0_w0_1.add,57.0,356.0,63.0,37.0,156.0,4.0,13.0,4.0,1,0,1,1,0,1,1,0,1
crossing,waksman,7,C_db_realistic,astar,1,input:w0->waksman_7x7_s0_w0_1.in,input:w1->waksman_7x7_s0_w0_1.add,120.0,356.0,63.0,100.0,93.0,13.0,4.0,4.0,1,0,1,1,0,1,1,0,1
crossing,waksman,7,C_db_realistic,astar,2,input:w0->waksman_7x7_s0_w0_1.in,input:w1->waksman_7x7_s0_w0_1.add,729.0,356.0,63.0,100.0,68.0,4.0,13.0,4.0,1,0,1,1,0,1,1,0,1
crossing,waksman,7,C_db_realistic,astar,3,input:w0->waksman_7x7_s0_w0_1.in,input:w1->waksman_7x7_s0_w0_1.add,792.0,356.0,63.0,163.0,5.0,13.0,4.0,4.0,1,0,1,1,0,1,1,0,1
crossing,waksman,7,C_db_realistic,astar,4,input:w0->waksman_7x7_s0_w0_1.in,input:w2->waksman_7x7_s0_w2_3.in,225.0,324.0,64.0,12.0,156.0,4.0,21.0,4.0,1,0,1,1,0,1,1,0,1
crossing,waksman,7,C_db_realistic,astar,5,input:w0->waksman_7x7_s0_w0_1.in,input:w2->waksman_7x7_s0_w2_3.in,393.0,260.0,4.0,12.0,68.0,85.0,107.0,12.0,0,1,1,0,1,1,1,1,1
crossing,waksman,7,C_db_realistic,astar,6,input:w0->waksman_7x7_s0_w0_1.in,input:w2->waksman_7x7_s0_w2_3.in,561.0,324.0,51.0,100.0,68.0,4.0,21.0,4.0,1,0,1,1,0,1,1,0,1
crossing,waksman,7,C_db_realistic,astar,7,input:w0->waksman_7x7_s0_w0_1.in,input:w2->waksman_7x7_s0_w2_3.in,624.0,324.0,63.0,163.0,5.0,21.0,4.0,4.0,1,0,1,1,0,1,1,0,1
crossing,waksman,7,C_db_realistic,astar,8,input:w0->waksman_7x7_s0_w0_1.in,input:w4->waksman_7x7_s0_w4_5.in,401.0,260.0,8.0,20.0,60.0,4.0,13.0,4.0,1,0,1,1,1,1,1,1,1
crossing,waksman,7,C_db_realistic,astar,9,input:w0->waksman_7x7_s0_w0_1.in,input:w4->waksman_7x7_s0_w4_5.in,456.0,260.0,16.492422502470642,75.0,5.0,13.0,4.0,4.0,1,0,1,1,0,1,1,0,1
crossing,waksman,7,C_db_realistic,astar,10,input:w1->waksman_7x7_s0_w0_1.add,input:w2->waksman_7x7_s0_w2_3.in,225.0,260.0,4.0,81.0,79.0,32.0,35.0,32.0,0,1,1,0,1,1,0,1,1
crossing,waksman,7,C_db_realistic,astar,11,input:w1->waksman_7x7_s0_w0_1.add,input:w2->waksman_7x7_s0_w2_3.in,393.0,196.0,8.0,89.0,79.0,149.0,43.0,43.0,0,0,0,0,1,1,0,1,1
crossing,waksman,7,C_db_realistic,astar,12,input:w1->waksman_7x7_s0_w0_1.add,input:w2->waksman_7x7_s0_w2_3.in,561.0,260.0,8.0,89.0,236.0,128.0,35.0,35.0,0,0,0,0,1,1,0,1,1
crossing,waksman,7,C_db_realistic,astar,13,input:w1->waksman_7x7_s0_w0_1.add,input:w2->waksman_7x7_s0_w2_3.in,624.0,260.0,4.0,152.0,173.0,4.0,32.0,4.0,1,1,1,1,1,1,1,1,1
crossing,waksman,7,C_db_realistic,astar,14,input:w1->waksman_7x7_s0_w0_1.add,input:w3->waksman_7x7_s0_w2_3.add,472.0,239.0,8.0,43.0,21.0,96.0,157.0,21.0,0,0,0,0,1,1,0,1,1
crossing,waksman,7,C_db_realistic,astar,15,input:w1->waksman_7x7_s0_w0_1.add,input:w3->waksman_7x7_s0_w2_3.add,544.0,260.0,17.0,72.0,253.0,8.0,13.0,8.0,0,0,0,1,0,1,1,0,1
crossing,waksman,7,C_db_realistic,astar,16,input:w1->waksman_7x7_s0_w0_1.add,input:w3->waksman_7x7_s0_w2_3.add,233.0,260.0,8.0,89.0,71.0,4.0,13.0,4.0,1,0,1,1,1,1,1,1,1
crossing,waksman,7,C_db_realistic,astar,17,input:w1->waksman_7x7_s0_w0_1.add,input:w3->waksman_7x7_s0_w2_3.add,617.0,260.0,7.0,145.0,180.0,13.0,4.0,4.0,1,0,1,1,1,1,1,1,1
crossing,waksman,7,C_db_realistic,astar,18,input:w1->waksman_7x7_s0_w0_1.add,input:w4->waksman_7x7_s0_w4_5.in,472.0,256.0,16.492422502470642,60.0,4.0,16.0,8.0,4.0,1,0,1,1,0,1,1,0,1
crossing,waksman,7,C_db_realistic,astar,19,input:w1->waksman_7x7_s0_w0_1.add,input:w4->waksman_7x7_s0_w4_5.in,401.0,196.0,8.0,97.0,71.0,128.0,32.0,32.0,0,0,0,0,1,1,0,1,1
crossing,waksman,7,C_db_realistic,astar,20,input:w1->waksman_7x7_s0_w0_1.add,input:w5->waksman_7x7_s0_w4_5.add,376.0,196.0,17.0,72.0,96.0,8.0,21.0,8.0,0,0,0,1,0,1,1,0,1
crossing,waksman,7,C_db_realistic,astar,21,input:w1->waksman_7x7_s0_w0_1.add,input:w5->waksman_7x7_s0_w4_5.add,456.0,196.0,39.0,152.0,16.0,21.0,4.0,4.0,1,0,1,1,0,1,1,0,1
crossing,waksman,7,C_db_realistic,astar,22,input:w2->waksman_7x7_s0_w2_3.in,input:w3->waksman_7x7_s0_w2_3.add,225.0,256.0,4.0,28.0,39.0,25.0,8.0,8.0,0,1,1,1,1,1,1,1,1
crossing,waksman,7,C_db_realistic,astar,23,input:w2->waksman_7x7_s0_w2_3.in,input:w3->waksman_7x7_s0_w2_3.add,225.0,252.0,4.0,24.0,43.0,68.0,12.0,12.0,0,1,1,0,1,1,1,1,1
crossing,waksman,7,C_db_realistic,astar,24,input:w2->waksman_7x7_s0_w2_3.in,input:w3->waksman_7x7_s0_w2_3.add,393.0,239.0,12.0,106.0,86.0,17.0,236.0,17.0,0,0,0,0,0,0,0,1,1
crossing,waksman,7,C_db_realistic,astar,25,input:w2->waksman_7x7_s0_w2_3.in,input:w3->waksman_7x7_s0_w2_3.add,561.0,239.0,13.0,107.0,56.0,185.0,68.0,56.0,0,0,0,0,0,0,0,1,1
crossing,waksman,7,C_db_realistic,astar,26,input:w2->waksman_7x7_s0_w2_3.in,input:w3->waksman_7x7_s0_w2_3.add,561.0,273.0,13.0,141.0,22.0,17.0,56.0,17.0,0,0,0,0,0,0,0,1,1
crossing,waksman,7,C_db_realistic,astar,27,input:w2->waksman_7x7_s0_w2_3.in,input:w3->waksman_7x7_s0_w2_3.add,561.0,252.0,8.0,120.0,43.0,68.0,17.0,17.0,0,0,0,0,1,1,0,1,1
crossing,waksman,7,C_db_realistic,astar,28,input:w2->waksman_7x7_s0_w2_3.in,input:w3->waksman_7x7_s0_w2_3.add,624.0,239.0,13.0,25.0,11.0,248.0,5.0,5.0,0,0,0,1,0,1,1,1,1
crossing,waksman,7,C_db_realistic,astar,29,input:w2->waksman_7x7_s0_w2_3.in,input:w3->waksman_7x7_s0_w2_3.add,624.0,256.0,4.0,8.0,28.0,7.0,168.0,7.0,0,1,1,1,1,1,1,1,1
crossing,waksman,7,C_db_realistic,astar,30,input:w2->waksman_7x7_s0_w2_3.in,input:w3->waksman_7x7_s0_w2_3.add,624.0,252.0,4.0,12.0,24.0,5.0,80.0,5.0,0,1,1,1,1,1,1,1,1
crossing,waksman,7,C_db_realistic,astar,31,input:w2->waksman_7x7_s0_w2_3.in,input:w3->waksman_7x7_s0_w2_3.add,57.0,228.0,63.0,37.0,168.0,4.0,21.0,4.0,1,0,1,1,0,1,1,0,1
crossing,waksman,7,C_db_realistic,astar,32,input:w2->waksman_7x7_s0_w2_3.in,input:w3->waksman_7x7_s0_w2_3.add,120.0,228.0,63.0,100.0,105.0,21.0,4.0,4.0,1,0,1,1,0,1,1,0,1
crossing,waksman,7,C_db_realistic,astar,33,input:w2->waksman_7x7_s0_w2_3.in,input:w3->waksman_7x7_s0_w2_3.add,792.0,228.0,128.0,168.0,5.0,28.0,4.0,4.0,1,0,1,1,0,1,1,0,1
crossing,waksman,7,C_db_realistic,astar,34,input:w2->waksman_7x7_s0_w2_3.in,input:w4->waksman_7x7_s0_w4_5.in,393.0,256.0,4.0,89.0,103.0,25.0,8.0,8.0,0,1,1,1,1,1,1,1,1
crossing,waksman,7,C_db_realistic,astar,35,input:w2->waksman_7x7_s0_w2_3.in,input:w4->waksman_7x7_s0_w4_5.in,393.0,252.0,4.0,93.0,99.0,68.0,12.0,12.0,0,1,1,0,1,1,1,1,1
crossing,waksman,7,C_db_realistic,astar,36,input:w2->waksman_7x7_s0_w2_3.in,input:w4->waksman_7x7_s0_w4_5.in,401.0,132.0,8.0,20.0,160.0,64.0,96.0,20.0,0,0,0,0,1,1,0,1,1
crossing,waksman,7,C_db_realistic,astar,37,input:w2->waksman_7x7_s0_w2_3.in,input:w4->waksman_7x7_s0_w4_5.in,456.0,132.0,7.0,75.0,105.0,4.0,32.0,4.0,1,0,1,1,1,1,1,1,1
crossing,waksman,7,C_db_realistic,astar,38,input:w2->waksman_7x7_s0_w2_3.in,input:w5->waksman_7x7_s0_w4_5.add,393.0,217.0,8.0,128.0,64.0,17.0,63.0,17.0,0,0,0,0,1,1,0,1,1
crossing,waksman,7,C_db_realistic,astar,39,input:w2->waksman_7x7_s0_w2_3.in,input:w5->waksman_7x7_s0_w4_5.add,393.0,188.0,8.0,157.0,35.0,68.0,17.0,17.0,0,0,0,0,1,1,0,1,1
crossing,waksman,7,C_db_realistic,astar,40,input:w2->waksman_7x7_s0_w2_3.in,input:w5->waksman_7x7_s0_w4_5.add,441.0,132.0,8.0,60.0,120.0,68.0,35.0,35.0,0,0,0,0,1,1,0,1,1
crossing,waksman,7,C_db_realistic,astar,41,input:w2->waksman_7x7_s0_w2_3.in,input:w5->waksman_7x7_s0_w4_5.add,449.0,132.0,7.0,68.0,112.0,13.0,53.0,13.0,0,0,0,0,1,1,1,1,1
crossing,waksman,7,C_db_realistic,astar,42,input:w2->waksman_7x7_s0_w2_3.in,input:w6->waksman_7x7_s1_w4_6.add,561.0,160.0,71.56116265125938,28.0,135.0,129.0,39.0,28.0,0,0,0,0,0,0,0,0,0
crossing,waksman,7,C_db_realistic,astar,43,input:w2->waksman_7x7_s0_w2_3.in,input:w6->waksman_7x7_s1_w4_6.add,393.0,132.0,8.0,12.0,168.0,4.0,13.0,4.0,1,0,1,1,1,1,1,1,1
crossing,waksman,7,C_db_realistic,astar,44,input:w3->waksman_7x7_s0_w2_3.add,input:w4->waksman_7x7_s0_w4_5.in,376.0,256.0,17.0,17.0,17.0,8.0,25.0,8.0,0,0,0,1,0,1,1,0,1
crossing,waksman,7,C_db_realistic,astar,45,input:w3->waksman_7x7_s0_w2_3.add,input:w4->waksman_7x7_s0_w4_5.in,461.0,239.0,11.0,85.0,168.0,11.0,13.0,11.0,0,0,0,0,0,0,1,1,1
crossing,waksman,7,C_db_realistic,astar,46,input:w3->waksman_7x7_s0_w2_3.add,input:w4->waksman_7x7_s0_w4_5.in,381.0,239.0,12.0,5.0,248.0,13.0,11.0,5.0,0,0,0,1,0,1,1,1,1
crossing,waksman,7,C_db_realistic,astar,47,input:w3->waksman_7x7_s0_w2_3.add,input:w4->waksman_7x7_s0_w4_5.in,480.0,239.0,8.0,104.0,149.0,17.0,103.0,17.0,0,0,0,0,1,1,0,1,1
crossing,waksman,7,C_db_realistic,astar,48,input:w4->waksman_7x7_s0_w4_5.in,input:w5->waksman_7x7_s0_w4_5.add,401.0,217.0,8.0,149.0,11.0,25.0,55.0,11.0,0,0,0,0,1,1,1,1,1
crossing,waksman,7,C_db_realistic,astar,49,input:w4->waksman_7x7_s0_w4_5.in,input:w5->waksman_7x7_s0_w4_5.add,401.0,188.0,8.0,120.0,40.0,60.0,25.0,25.0,0,0,0,0,1,1,0,1,1
crossing,waksman,7,C_db_realistic,astar,50,input:w4->waksman_7x7_s0_w4_5.in,input:w5->waksman_7x7_s0_w4_5.add,712.0,100.0,80.0,256.0,85.0,8.0,21.0,8.0,0,0,0,1,0,1,1,0,1
crossing,waksman,7,C_db_realistic,astar,51,input:w4->waksman_7x7_s0_w4_5.in,input:w5->waksman_7x7_s0_w4_5.add,57.0,100.0,128.0,37.0,156.0,4.0,21.0,4.0,1,0,1,1,0,1,1,0,1
crossing,waksman,7,C_db_realistic,astar,52,input:w4->waksman_7x7_s0_w4_5.in,input:w5->waksman_7x7_s0_w4_5.add,273.0,68.0,28.0,60.0,128.0,53.0,4.0,4.0,1,0,1,1,0,1,1,0,1
crossing,waksman,7,C_db_realistic,astar,53,input:w4->waksman_7x7_s0_w4_5.in,input:w5->waksman_7x7_s0_w4_5.add,792.0,100.0,80.0,336.0,5.0,21.0,4.0,4.0,1,0,1,1,0,1,1,0,1
crossing,waksman,7,C_db_realistic,astar,54,input:w4->waksman_7x7_s0_w4_5.in,input:w6->waksman_7x7_s1_w4_6.add,401.0,96.0,28.0,28.0,132.0,176.0,60.0,28.0,0,0,0,0,0,0,0,0,0
crossing,waksman,7,C_db_realistic,astar,55,input:w4->waksman_7x7_s0_w4_5.in,input:w6->waksman_7x7_s1_w4_6.add,401.0,145.0,13.0,77.0,83.0,8.0,31.0,8.0,0,0,0,1,0,1,1,1,1
crossing,waksman,7,C_db_realistic,astar,56,input:w4->waksman_7x7_s0_w4_5.in,input:w6->waksman_7x7_s1_w4_6.add,401.0,124.0,8.0,56.0,104.0,60.0,20.0,20.0,0,0,0,0,1,1,0,1,1
crossing,waksman,7,C_db_realistic,astar,57,input:w4->waksman_7x7_s0_w4_5.in,input:w6->waksman_7x7_s1_w4_6.add,480.0,160.0,8.0,96.0,24.0,48.0,120.0,24.0,0,0,0,0,1,1,0,1,1
crossing,waksman,7,C_db_realistic,astar,58,input:w4->waksman_7x7_s0_w4_5.in,input:w6->waksman_7x7_s1_w4_6.add,456.0,124.0,7.0,12.0,24.0,5.0,75.0,5.0,0,0,0,1,1,1,1,1,1
crossing,waksman,7,C_db_realistic,astar,59,input:w4->waksman_7x7_s0_w4_5.in,input:w6->waksman_7x7_s1_w4_6.add,461.0,100.0,12.649110640673518,5.0,336.0,4.0,24.0,4.0,1,0,1,1,0,1,1,1,1
crossing,waksman,7,C_db_realistic,astar,60,input:w4->waksman_7x7_s0_w4_5.in,input:w6->waksman_7x7_s1_w4_6.add,600.0,100.0,21.0,144.0,197.0,60.0,100.0,60.0,0,0,0,0,0,0,0,0,0
crossing,waksman,7,C_db_realistic,astar,61,input:w4->waksman_7x7_s0_w4_5.in,input:w6->waksman_7x7_s1_w4_6.add,225.0,68.0,48.0,12.0,176.0,4.0,28.0,4.0,1,0,1,1,0,1,1,0,1
crossing,waksman,7,C_db_realistic,astar,62,input:w5->waksman_7x7_s0_w4_5.add,input:w6->waksman_7x7_s1_w4_6.add,273.0,96.0,28.0,25.0,32.0,48.0,188.0,25.0,0,0,0,0,0,0,0,0,0
crossing,waksman,7,C_db_realistic,astar,63,input:w5->waksman_7x7_s0_w4_5.add,input:w6->waksman_7x7_s1_w4_6.add,441.0,96.0,8.0,32.0,71.0,216.0,20.0,20.0,0,0,0,0,1,1,0,1,1
crossing,waksman,7,C_db_realistic,astar,64,input:w5->waksman_7x7_s0_w4_5.add,input:w6->waksman_7x7_s1_w4_6.add,441.0,160.0,28.0,96.0,7.0,9.0,159.0,7.0,0,0,0,1,0,1,1,0,1
crossing,waksman,7,C_db_realistic,astar,65,input:w5->waksman_7x7_s0_w4_5.add,input:w6->waksman_7x7_s1_w4_6.add,441.0,124.0,8.0,60.0,43.0,20.0,60.0,20.0,0,0,0,0,1,1,0,1,1
crossing,waksman,7,C_db_realistic,astar,66,input:w5->waksman_7x7_s0_w4_5.add,input:w6->waksman_7x7_s1_w4_6.add,472.0,160.0,8.0,32.0,15.0,40.0,128.0,15.0,0,0,0,0,1,1,0,1,1
crossing,waksman,7,C_db_realistic,astar,67,input:w5->waksman_7x7_s0_w4_5.add,input:w6->waksman_7x7_s1_w4_6.add,449.0,96.0,8.0,49.0,17.0,224.0,12.0,12.0,0,0,0,0,1,1,1,1,1
crossing,waksman,7,C_db_realistic,astar,68,input:w5->waksman_7x7_s0_w4_5.add,input:w6->waksman_7x7_s1_w4_6.add,449.0,124.0,7.0,21.0,45.0,12.0,68.0,12.0,0,0,0,0,1,1,1,1,1
crossing,waksman,7,C_db_realistic,astar,69,input:w5->waksman_7x7_s0_w4_5.add,input:w6->waksman_7x7_s1_w4_6.add,600.0,79.0,21.0,151.0,197.0,81.0,79.0,79.0,0,0,0,0,0,0,0,0,0
crossing,waksman,8,B_db_placeholder,astar,0,input:w0->waksman_8x8_s0_w0_1.in,input:w1->waksman_8x8_s0_w0_1.add,40.0,420.0,120.0,20.0,173.0,8.0,13.0,8.0,0,0,0,1,0,1,1,0,1
crossing,waksman,8,B_db_placeholder,astar,1,input:w0->waksman_8x8_s0_w0_1.in,input:w1->waksman_8x8_s0_w0_1.add,160.0,420.0,54.12947441089743,140.0,53.0,13.0,96.0,13.0,0,0,0,0,0,0,1,0,1
crossing,waksman,8,B_db_placeholder,astar,2,input:w0->waksman_8x8_s0_w0_1.in,input:w1->waksman_8x8_s0_w0_1.add,712.0,420.0,85.98837130682264,83.0,85.0,8.0,13.0,8.0,0,0,0,1,0,1,1,0,1
crossing,waksman,8,B_db_placeholder,astar,3,input:w0->waksman_8x8_s0_w0_1.in,input:w1->waksman_8x8_s0_w0_1.add,797.0,433.0,85.98837130682264,13.0,15.0,85.0,30.0,13.0,0,0,0,0,0,0,1,0,1
crossing,waksman,8,B_db_placeholder,astar,4,input:w0->waksman_8x8_s0_w0_1.in,input:w2->waksman_8x8_s0_w2_3.in,213.0,409.0,54.12947441089743,11.0,21.0,5.0,115.0,5.0,0,0,0,1,0,1,1,0,1
crossing,waksman,8,B_db_placeholder,astar,5,input:w0->waksman_8x8_s0_w0_1.in,input:w2->waksman_8x8_s0_w2_3.in,328.0,388.0,55.44366510251645,115.0,53.0,21.0,192.0,21.0,0,0,0,0,0,0,0,0,0
crossing,waksman,8,B_db_placeholder,astar,6,input:w0->waksman_8x8_s0_w0_1.in,input:w2->waksman_8x8_s0_w2_3.in,544.0,388.0,56.79788728465171,83.0,85.0,8.0,21.0,8.0,0,0,0,1,0,1,1,0,1
crossing,waksman,8,B_db_placeholder,astar,7,input:w0->waksman_8x8_s0_w0_1.in,input:w2->waksman_8x8_s0_w2_3.in,624.0,388.0,75.0066663703967,163.0,5.0,21.0,4.0,4.0,1,0,1,1,0,1,1,0,1
crossing,waksman,8,B_db_placeholder,astar,8,input:w0->waksman_8x8_s0_w0_1.in,input:w4->waksman_8x8_s0_w4_5.in,381.0,337.0,59.464274989274024,51.0,13.0,5.0,147.0,5.0,0,0,0,1,0,1,1,0,1
crossing,waksman,8,B_db_placeholder,astar,9,input:w0->waksman_8x8_s0_w0_1.in,input:w4->waksman_8x8_s0_w4_5.in,461.0,337.0,57.0701322935211,13.0,51.0,85.0,67.0,13.0,0,0,0,0,0,0,1,0,1
crossing,waksman,8,B_db_placeholder,astar,10,input:w1->waksman_8x8_s0_w0_1.add,input:w2->waksman_8x8_s0_w2_3.in,160.0,337.0,42.43819034784589,96.0,13.0,35.0,133.0,13.0,0,0,0,0,0,0,1,0,1
crossing,waksman,8,B_db_placeholder,astar,11,input:w1->waksman_8x8_s0_w0_1.add,input:w2->waksman_8x8_s0_w2_3.in,328.0,260.0,16.0,24.0,144.0,149.0,64.0,24.0,0,0,0,0,0,0,0,0,0
crossing,waksman,8,B_db_placeholder,astar,12,input:w1->waksman_8x8_s0_w0_1.add,input:w2->waksman_8x8_s0_w2_3.in,717.0,324.0,11.0,245.0,80.0,60.0,32.0,32.0,0,0,0,0,0,0,0,1,1
crossing,waksman,8,B_db_placeholder,astar,13,input:w1->waksman_8x8_s0_w0_1.add,input:w2->waksman_8x8_s0_w2_3.in,569.0,324.0,13.0,97.0,228.0,4.0,35.0,4.0,1,0,1,1,0,1,1,1,1
crossing,waksman,8,B_db_placeholder,astar,14,input:w1->waksman_8x8_s0_w0_1.add,input:w3->waksman_8x8_s0_w2_3.add,208.0,324.0,13.0,48.0,96.0,8.0,21.0,8.0,0,0,0,1,0,1,1,1,1
crossing,waksman,8,B_db_placeholder,astar,15,input:w1->waksman_8x8_s0_w0_1.add,input:w3->waksman_8x8_s0_w2_3.add,312.0,260.0,16.0,8.0,160.0,85.0,128.0,8.0,0,0,0,1,0,1,1,0,1
crossing,waksman,8,B_db_placeholder,astar,16,input:w1->waksman_8x8_s0_w0_1.add,input:w3->waksman_8x8_s0_w2_3.add,536.0,324.0,8.0,64.0,261.0,8.0,13.0,8.0,0,0,0,1,1,1,1,1,1
crossing,waksman,8,B_db_placeholder,astar,17,input:w1->waksman_8x8_s0_w0_1.add,input:w3->waksman_8x8_s0_w2_3.add,672.0,324.0,45.0,200.0,125.0,13.0,53.0,13.0,0,0,0,0,0,0,1,0,1
crossing,waksman,8,B_db_placeholder,astar,18,input:w1->waksman_8x8_s0_w0_1.add,input:w4->waksman_8x8_s0_w4_5.in,528.0,324.0,8.0,56.0,269.0,13.0,160.0,13.0,0,0,0,0,1,1,1,1,1
crossing,waksman,8,B_db_placeholder,astar,19,input:w1->waksman_8x8_s0_w0_1.add,input:w4->waksman_8x8_s0_w4_5.in,401.0,260.0,8.0,97.0,71.0,132.0,32.0,32.0,0,0,0,0,1,1,0,1,1
crossing,waksman,8,B_db_placeholder,astar,20,input:w1->waksman_8x8_s0_w0_1.add,input:w5->waksman_8x8_s0_w4_5.add,376.0,260.0,25.0,72.0,96.0,8.0,21.0,8.0,0,0,0,1,0,1,1,0,1
crossing,waksman,8,B_db_placeholder,astar,21,input:w1->waksman_8x8_s0_w0_1.add,input:w5->waksman_8x8_s0_w4_5.add,472.0,281.0,57.0701322935211,21.0,43.0,96.0,48.0,21.0,0,0,0,0,0,0,0,0,0
crossing,waksman,8,B_db_placeholder,astar,22,input:w2->waksman_8x8_s0_w2_3.in,input:w3->waksman_8x8_s0_w2_3.add,40.0,292.0,87.55569655939013,20.0,85.0,8.0,21.0,8.0,0,0,0,1,0,1,1,0,1
crossing,waksman,8,B_db_placeholder,astar,23,input:w2->waksman_8x8_s0_w2_3.in,input:w3->waksman_8x8_s0_w2_3.add,125.0,313.0,42.43819034784589,21.0,24.0,85.0,83.0,21.0,0,0,0,0,0,0,0,0,0
crossing,waksman,8,B_db_placeholder,astar,24,input:w2->waksman_8x8_s0_w2_3.in,input:w3->waksman_8x8_s0_w2_3.add,208.0,337.0,13.0,83.0,85.0,21.0,8.0,8.0,0,0,0,1,0,1,1,1,1
crossing,waksman,8,B_db_placeholder,astar,25,input:w2->waksman_8x8_s0_w2_3.in,input:w3->waksman_8x8_s0_w2_3.add,293.0,345.0,55.44366510251645,8.0,35.0,85.0,19.0,8.0,0,0,0,1,0,1,1,0,1
crossing,waksman,8,B_db_placeholder,astar,26,input:w2->waksman_8x8_s0_w2_3.in,input:w3->waksman_8x8_s0_w2_3.add,544.0,316.0,11.313708498984761,120.0,4.0,85.0,8.0,4.0,1,0,1,1,0,1,1,1,1
crossing,waksman,8,B_db_placeholder,astar,27,input:w2->waksman_8x8_s0_w2_3.in,input:w3->waksman_8x8_s0_w2_3.add,569.0,337.0,13.0,17.0,22.0,33.0,103.0,17.0,0,0,0,0,0,0,0,1,1
crossing,waksman,8,B_db_placeholder,astar,28,input:w2->waksman_8x8_s0_w2_3.in,input:w3->waksman_8x8_s0_w2_3.add,717.0,313.0,11.0,71.0,21.0,5.0,110.0,5.0,0,0,0,1,0,1,1,1,1
crossing,waksman,8,B_db_placeholder,astar,29,input:w2->waksman_8x8_s0_w2_3.in,input:w3->waksman_8x8_s0_w2_3.add,797.0,313.0,80.0,21.0,7.0,85.0,30.0,7.0,0,0,0,1,0,1,1,0,1
crossing,waksman,8,B_db_placeholder,astar,30,input:w2->waksman_8x8_s0_w2_3.in,input:w4->waksman_8x8_s0_w4_5.in,528.0,196.0,8.0,200.0,16.0,141.0,32.0,16.0,0,0,0,0,1,1,0,1,1
crossing,waksman,8,B_db_placeholder,astar,31,input:w2->waksman_8x8_s0_w2_3.in,input:w4->waksman_8x8_s0_w4_5.in,401.0,196.0,8.0,73.0,143.0,68.0,96.0,68.0,0,0,0,0,1,1,0,1,1
crossing,waksman,8,B_db_placeholder,astar,32,input:w2->waksman_8x8_s0_w2_3.in,input:w5->waksman_8x8_s0_w4_5.add,520.0,196.0,8.0,192.0,24.0,85.0,53.0,24.0,0,0,0,0,1,1,0,1,1
crossing,waksman,8,B_db_placeholder,astar,33,input:w2->waksman_8x8_s0_w2_3.in,input:w5->waksman_8x8_s0_w4_5.add,441.0,196.0,8.0,113.0,103.0,128.0,35.0,35.0,0,0,0,0,1,1,0,1,1
crossing,waksman,8,B_db_placeholder,astar,34,input:w2->waksman_8x8_s0_w2_3.in,input:w6->waksman_8x8_s0_w6_7.in,376.0,196.0,25.0,48.0,168.0,8.0,13.0,8.0,0,0,0,1,0,1,1,0,1
crossing,waksman,8,B_db_placeholder,astar,35,input:w2->waksman_8x8_s0_w2_3.in,input:w6->waksman_8x8_s0_w6_7.in,512.0,196.0,8.0,184.0,32.0,13.0,132.0,13.0,0,0,0,0,1,1,1,1,1
crossing,waksman,8,B_db_placeholder,astar,36,input:w3->waksman_8x8_s0_w2_3.add,input:w4->waksman_8x8_s0_w4_5.in,629.0,164.0,21.0,32.0,152.0,101.0,168.0,32.0,0,0,0,0,0,0,0,0,0
crossing,waksman,8,B_db_placeholder,astar,37,input:w3->waksman_8x8_s0_w2_3.add,input:w4->waksman_8x8_s0_w4_5.in,401.0,132.0,21.0,89.0,228.0,4.0,160.0,4.0,1,0,1,1,0,1,1,0,1
crossing,waksman,8,B_db_placeholder,astar,38,input:w3->waksman_8x8_s0_w2_3.add,input:w5->waksman_8x8_s0_w4_5.add,629.0,143.0,21.0,11.0,173.0,109.0,168.0,11.0,0,0,0,0,0,0,1,0,1
crossing,waksman,8,B_db_placeholder,astar,39,input:w3->waksman_8x8_s0_w2_3.add,input:w5->waksman_8x8_s0_w4_5.add,441.0,132.0,8.0,129.0,188.0,64.0,99.0,64.0,0,0,0,0,1,1,0,1,1
crossing,waksman,8,B_db_placeholder,astar,40,input:w3->waksman_8x8_s0_w2_3.add,input:w6->waksman_8x8_s0_w6_7.in,312.0,160.0,60.08327554319921,185.0,28.0,104.0,149.0,28.0,0,0,0,0,0,0,0,0,0
crossing,waksman,8,B_db_placeholder,astar,41,input:w3->waksman_8x8_s0_w2_3.add,input:w6->waksman_8x8_s0_w6_7.in,512.0,132.0,8.0,200.0,117.0,77.0,68.0,68.0,0,0,0,0,1,1,0,1,1
crossing,waksman,8,B_db_placeholder,astar,42,input:w3->waksman_8x8_s0_w2_3.add,input:w7->waksman_8x8_s0_w6_7.add,368.0,132.0,11.313708498984761,56.0,261.0,8.0,21.0,8.0,0,0,0,1,0,1,1,1,1
crossing,waksman,8,B_db_placeholder,astar,43,input:w3->waksman_8x8_s0_w2_3.add,input:w7->waksman_8x8_s0_w6_7.add,504.0,132.0,8.0,192.0,125.0,21.0,132.0,21.0,0,0,0,0,1,1,0,1,1
crossing,waksman,8,B_db_placeholder,astar,44,input:w4->waksman_8x8_s0_w4_5.in,input:w5->waksman_8x8_s0_w4_5.add,40.0,164.0,104.0,20.0,173.0,8.0,21.0,8.0,0,0,0,1,0,1,1,0,1
crossing,waksman,8,B_db_placeholder,astar,45,input:w4->waksman_8x8_s0_w4_5.in,input:w5->waksman_8x8_s0_w4_5.add,144.0,164.0,69.1158447825099,124.0,69.0,21.0,96.0,21.0,0,0,0,0,0,0,0,0,0
crossing,waksman,8,B_db_placeholder,astar,46,input:w4->waksman_8x8_s0_w4_5.in,input:w5->waksman_8x8_s0_w4_5.add,401.0,281.0,21.0,153.0,11.0,25.0,119.0,11.0,0,0,0,0,0,0,1,0,1
crossing,waksman,8,B_db_placeholder,astar,47,input:w4->waksman_8x8_s0_w4_5.in,input:w5->waksman_8x8_s0_w4_5.add,401.0,252.0,8.0,124.0,40.0,60.0,25.0,25.0,0,0,0,0,1,1,0,1,1
crossing,waksman,8,B_db_placeholder,astar,48,input:w4->waksman_8x8_s0_w4_5.in,input:w5->waksman_8x8_s0_w4_5.add,712.0,164.0,83.0,184.0,85.0,8.0,21.0,8.0,0,0,0,1,0,1,1,0,1
crossing,waksman,8,B_db_placeholder,astar,49,input:w4->waksman_8x8_s0_w4_5.in,input:w5->waksman_8x8_s0_w4_5.add,797.0,185.0,87.55569655939013,21.0,7.0,85.0,30.0,7.0,0,0,0,1,0,1,1,0,1
crossing,waksman,8,B_db_placeholder,astar,50,input:w4->waksman_8x8_s0_w4_5.in,input:w6->waksman_8x8_s0_w6_7.in,213.0,160.0,69.1158447825099,4.0,28.0,5.0,248.0,4.0,1,0,1,1,0,1,1,0,1
crossing,waksman,8,B_db_placeholder,astar,51,input:w4->waksman_8x8_s0_w4_5.in,input:w6->waksman_8x8_s0_w6_7.in,401.0,160.0,7.0,32.0,132.0,193.0,60.0,32.0,0,0,0,0,1,1,0,1,1
crossing,waksman,8,B_db_placeholder,astar,52,input:w4->waksman_8x8_s0_w4_5.in,input:w6->waksman_8x8_s0_w6_7.in,401.0,209.0,13.0,81.0,83.0,25.0,111.0,25.0,0,0,0,0,0,0,0,1,1
crossing,waksman,8,B_db_placeholder,astar,53,input:w4->waksman_8x8_s0_w4_5.in,input:w6->waksman_8x8_s0_w6_7.in,401.0,188.0,8.0,60.0,104.0,60.0,25.0,25.0,0,0,0,0,1,1,0,1,1
crossing,waksman,8,B_db_placeholder,astar,54,input:w4->waksman_8x8_s0_w4_5.in,input:w7->waksman_8x8_s0_w6_7.add,376.0,124.0,11.313708498984761,13.0,4.0,85.0,8.0,4.0,1,0,1,1,0,1,1,1,1
crossing,waksman,8,B_db_placeholder,astar,55,input:w4->waksman_8x8_s0_w4_5.in,input:w7->waksman_8x8_s0_w6_7.add,401.0,153.0,7.0,25.0,139.0,33.0,103.0,25.0,0,0,0,0,1,1,0,1,1
crossing,waksman,8,B_db_placeholder,astar,56,input:w5->waksman_8x8_s0_w4_5.add,input:w6->waksman_8x8_s0_w6_7.in,144.0,81.0,38.948684188300895,104.0,13.0,19.0,149.0,13.0,0,0,0,0,0,0,1,0,1
crossing,waksman,8,B_db_placeholder,astar,57,input:w5->waksman_8x8_s0_w4_5.add,input:w6->waksman_8x8_s0_w6_7.in,441.0,160.0,7.0,92.0,71.0,233.0,20.0,20.0,0,0,0,0,1,1,0,1,1
crossing,waksman,8,B_db_placeholder,astar,58,input:w5->waksman_8x8_s0_w4_5.add,input:w6->waksman_8x8_s0_w6_7.in,441.0,209.0,13.0,141.0,22.0,65.0,71.0,22.0,0,0,0,0,0,0,0,1,1
crossing,waksman,8,B_db_placeholder,astar,59,input:w5->waksman_8x8_s0_w4_5.add,input:w6->waksman_8x8_s0_w6_7.in,441.0,188.0,8.0,120.0,43.0,20.0,65.0,20.0,0,0,0,0,1,1,0,1,1
crossing,waksman,8,B_db_placeholder,astar,60,input:w5->waksman_8x8_s0_w4_5.add,input:w7->waksman_8x8_s0_w6_7.add,208.0,68.0,13.0,64.0,233.0,8.0,35.0,8.0,0,0,0,1,0,1,1,1,1
crossing,waksman,8,B_db_placeholder,astar,61,input:w5->waksman_8x8_s0_w4_5.add,input:w7->waksman_8x8_s0_w6_7.add,441.0,103.0,21.0,35.0,128.0,233.0,20.0,20.0,0,0,0,0,0,0,0,0,0
crossing,waksman,8,B_db_placeholder,astar,62,input:w5->waksman_8x8_s0_w4_5.add,input:w7->waksman_8x8_s0_w6_7.add,441.0,153.0,7.0,85.0,78.0,73.0,63.0,63.0,0,0,0,0,1,1,0,1,1
crossing,waksman,8,B_db_placeholder,astar,63,input:w5->waksman_8x8_s0_w4_5.add,input:w7->waksman_8x8_s0_w6_7.add,441.0,124.0,8.0,56.0,107.0,20.0,73.0,20.0,0,0,0,0,1,1,0,1,1
crossing,waksman,8,B_db_placeholder,astar,64,input:w6->waksman_8x8_s0_w6_7.in,input:w7->waksman_8x8_s0_w6_7.add,40.0,36.0,85.70880934886448,20.0,85.0,8.0,21.0,8.0,0,0,0,1,0,1,1,0,1
crossing,waksman,8,B_db_placeholder,astar,65,input:w6->waksman_8x8_s0_w6_7.in,input:w7->waksman_8x8_s0_w6_7.add,125.0,47.0,38.948684188300895,11.0,34.0,5.0,168.0,5.0,0,0,0,1,0,1,1,0,1
crossing,waksman,8,B_db_placeholder,astar,66,input:w6->waksman_8x8_s0_w6_7.in,input:w7->waksman_8x8_s0_w6_7.add,208.0,81.0,13.0,83.0,85.0,21.0,22.0,21.0,0,0,0,0,0,0,0,1,1
crossing,waksman,8,B_db_placeholder,astar,67,input:w6->waksman_8x8_s0_w6_7.in,input:w7->waksman_8x8_s0_w6_7.add,293.0,103.0,60.08327554319921,22.0,21.0,85.0,168.0,21.0,0,0,0,0,0,0,0,0,0
crossing,waksman,8,C_db_realistic,astar,0,input:w0->waksman_8x8_s0_w0_1.in,input:w1->waksman_8x8_s0_w0_1.add,57.0,420.0,63.0,37.0,156.0,4.0,13.0,4.0,1,0,1,1,0,1,1,0,1
crossing,waksman,8,C_db_realistic,astar,1,input:w0->waksman_8x8_s0_w0_1.in,input:w1->waksman_8x8_s0_w0_1.add,120.0,420.0,63.0,100.0,93.0,13.0,4.0,4.0,1,0,1,1,0,1,1,0,1
crossing,waksman,8,C_db_realistic,astar,2,input:w0->waksman_8x8_s0_w0_1.in,input:w1->waksman_8x8_s0_w0_1.add,729.0,420.0,63.0,100.0,68.0,4.0,13.0,4.0,1,0,1,1,0,1,1,0,1
crossing,waksman,8,C_db_realistic,astar,3,input:w0->waksman_8x8_s0_w0_1.in,input:w1->waksman_8x8_s0_w0_1.add,792.0,420.0,63.0,163.0,5.0,13.0,4.0,4.0,1,0,1,1,0,1,1,0,1
crossing,waksman,8,C_db_realistic,astar,4,input:w0->waksman_8x8_s0_w0_1.in,input:w2->waksman_8x8_s0_w2_3.in,225.0,388.0,51.62363799656123,12.0,156.0,4.0,21.0,4.0,1,0,1,1,0,1,1,0,1
crossing,waksman,8,C_db_realistic,astar,5,input:w0->waksman_8x8_s0_w0_1.in,input:w2->waksman_8x8_s0_w2_3.in,393.0,324.0,4.0,12.0,68.0,85.0,107.0,12.0,0,1,1,0,1,1,1,1,1
crossing,waksman,8,C_db_realistic,astar,6,input:w0->waksman_8x8_s0_w0_1.in,input:w2->waksman_8x8_s0_w2_3.in,561.0,388.0,51.62363799656123,100.0,68.0,4.0,21.0,4.0,1,0,1,1,0,1,1,0,1
crossing,waksman,8,C_db_realistic,astar,7,input:w0->waksman_8x8_s0_w0_1.in,input:w2->waksman_8x8_s0_w2_3.in,624.0,388.0,63.0,163.0,5.0,21.0,4.0,4.0,1,0,1,1,0,1,1,0,1
crossing,waksman,8,C_db_realistic,astar,8,input:w0->waksman_8x8_s0_w0_1.in,input:w4->waksman_8x8_s0_w4_5.in,401.0,324.0,8.0,20.0,60.0,4.0,13.0,4.0,1,0,1,1,1,1,1,1,1
crossing,waksman,8,C_db_realistic,astar,9,input:w0->waksman_8x8_s0_w0_1.in,input:w4->waksman_8x8_s0_w4_5.in,456.0,324.0,16.492422502470642,75.0,5.0,13.0,4.0,4.0,1,0,1,1,0,1,1,0,1
crossing,waksman,8,C_db_realistic,astar,10,input:w1->waksman_8x8_s0_w0_1.add,input:w2->waksman_8x8_s0_w2_3.in,233.0,324.0,8.0,73.0,71.0,32.0,35.0,32.0,0,0,0,0,1,1,0,1,1
crossing,waksman,8,C_db_realistic,astar,11,input:w1->waksman_8x8_s0_w0_1.add,input:w2->waksman_8x8_s0_w2_3.in,393.0,260.0,8.0,89.0,79.0,149.0,43.0,43.0,0,0,0,0,1,1,0,1,1
crossing,waksman,8,C_db_realistic,astar,12,input:w1->waksman_8x8_s0_w0_1.add,input:w2->waksman_8x8_s0_w2_3.in,569.0,324.0,8.0,97.0,228.0,128.0,35.0,35.0,0,0,0,0,1,1,0,1,1
crossing,waksman,8,C_db_realistic,astar,13,input:w1->waksman_8x8_s0_w0_1.add,input:w2->waksman_8x8_s0_w2_3.in,624.0,324.0,4.0,152.0,173.0,4.0,32.0,4.0,1,1,1,1,1,1,1,1,1
crossing,waksman,8,C_db_realistic,astar,14,input:w1->waksman_8x8_s0_w0_1.add,input:w3->waksman_8x8_s0_w2_3.add,312.0,260.0,64.0,8.0,160.0,77.0,128.0,8.0,0,0,0,1,0,1,1,0,1
crossing,waksman,8,C_db_realistic,astar,15,input:w1->waksman_8x8_s0_w0_1.add,input:w3->waksman_8x8_s0_w2_3.add,225.0,324.0,8.0,65.0,79.0,4.0,13.0,4.0,1,0,1,1,1,1,1,1,1
crossing,waksman,8,C_db_realistic,astar,16,input:w1->waksman_8x8_s0_w0_1.add,input:w3->waksman_8x8_s0_w2_3.add,561.0,324.0,8.0,89.0,236.0,4.0,13.0,4.0,1,0,1,1,1,1,1,1,1
crossing,waksman,8,C_db_realistic,astar,17,input:w1->waksman_8x8_s0_w0_1.add,input:w3->waksman_8x8_s0_w2_3.add,617.0,324.0,7.0,145.0,180.0,13.0,4.0,4.0,1,0,1,1,1,1,1,1,1
crossing,waksman,8,C_db_realistic,astar,18,input:w1->waksman_8x8_s0_w0_1.add,input:w4->waksman_8x8_s0_w4_5.in,472.0,320.0,16.492422502470642,60.0,4.0,16.0,8.0,4.0,1,0,1,1,0,1,1,0,1
crossing,waksman,8,C_db_realistic,astar,19,input:w1->waksman_8x8_s0_w0_1.add,input:w4->waksman_8x8_s0_w4_5.in,401.0,260.0,8.0,97.0,71.0,140.0,32.0,32.0,0,0,0,0,1,1,0,1,1
crossing,waksman,8,C_db_realistic,astar,20,input:w1->waksman_8x8_s0_w0_1.add,input:w5->waksman_8x8_s0_w4_5.add,376.0,260.0,17.0,72.0,96.0,8.0,21.0,8.0,0,0,0,1,0,1,1,0,1
crossing,waksman,8,C_db_realistic,astar,21,input:w1->waksman_8x8_s0_w0_1.add,input:w5->waksman_8x8_s0_w4_5.add,456.0,260.0,39.0,152.0,16.0,21.0,4.0,4.0,1,0,1,1,0,1,1,0,1
crossing,waksman,8,C_db_realistic,astar,22,input:w2->waksman_8x8_s0_w2_3.in,input:w3->waksman_8x8_s0_w2_3.add,233.0,337.0,13.0,45.0,22.0,8.0,79.0,8.0,0,0,0,1,0,1,1,1,1
crossing,waksman,8,C_db_realistic,astar,23,input:w2->waksman_8x8_s0_w2_3.in,input:w3->waksman_8x8_s0_w2_3.add,233.0,316.0,8.0,24.0,43.0,60.0,20.0,20.0,0,0,0,0,1,1,0,1,1
crossing,waksman,8,C_db_realistic,astar,24,input:w2->waksman_8x8_s0_w2_3.in,input:w3->waksman_8x8_s0_w2_3.add,569.0,337.0,13.0,141.0,22.0,8.0,48.0,8.0,0,0,0,1,0,1,1,1,1
crossing,waksman,8,C_db_realistic,astar,25,input:w2->waksman_8x8_s0_w2_3.in,input:w3->waksman_8x8_s0_w2_3.add,569.0,316.0,8.0,120.0,43.0,60.0,20.0,20.0,0,0,0,0,1,1,0,1,1
crossing,waksman,8,C_db_realistic,astar,26,input:w2->waksman_8x8_s0_w2_3.in,input:w3->waksman_8x8_s0_w2_3.add,624.0,320.0,4.0,8.0,28.0,7.0,168.0,7.0,0,1,1,1,1,1,1,1,1
crossing,waksman,8,C_db_realistic,astar,27,input:w2->waksman_8x8_s0_w2_3.in,input:w3->waksman_8x8_s0_w2_3.add,624.0,316.0,4.0,12.0,24.0,5.0,75.0,5.0,0,1,1,1,1,1,1,1,1
crossing,waksman,8,C_db_realistic,astar,28,input:w2->waksman_8x8_s0_w2_3.in,input:w3->waksman_8x8_s0_w2_3.add,629.0,292.0,24.515301344262525,5.0,168.0,160.0,24.0,5.0,0,0,0,1,0,1,1,0,1
crossing,waksman,8,C_db_realistic,astar,29,input:w2->waksman_8x8_s0_w2_3.in,input:w3->waksman_8x8_s0_w2_3.add,57.0,292.0,63.0,37.0,176.0,4.0,21.0,4.0,1,0,1,1,0,1,1,0,1
crossing,waksman,8,C_db_realistic,astar,30,input:w2->waksman_8x8_s0_w2_3.in,input:w3->waksman_8x8_s0_w2_3.add,120.0,292.0,63.0,100.0,113.0,21.0,4.0,4.0,1,0,1,1,0,1,1,0,1
crossing,waksman,8,C_db_realistic,astar,31,input:w2->waksman_8x8_s0_w2_3.in,input:w3->waksman_8x8_s0_w2_3.add,792.0,292.0,128.0,168.0,5.0,28.0,4.0,4.0,1,0,1,1,0,1,1,0,1
crossing,waksman,8,C_db_realistic,astar,32,input:w2->waksman_8x8_s0_w2_3.in,input:w4->waksman_8x8_s0_w4_5.in,393.0,320.0,4.0,89.0,103.0,25.0,8.0,8.0,0,1,1,1,1,1,1,1,1
crossing,waksman,8,C_db_realistic,astar,33,input:w2->waksman_8x8_s0_w2_3.in,input:w4->waksman_8x8_s0_w4_5.in,393.0,316.0,4.0,93.0,99.0,68.0,12.0,12.0,0,1,1,0,1,1,1,1,1
crossing,waksman,8,C_db_realistic,astar,34,input:w2->waksman_8x8_s0_w2_3.in,input:w4->waksman_8x8_s0_w4_5.in,401.0,196.0,8.0,20.0,168.0,76.0,96.0,20.0,0,0,0,0,1,1,0,1,1
crossing,waksman,8,C_db_realistic,astar,35,input:w2->waksman_8x8_s0_w2_3.in,input:w4->waksman_8x8_s0_w4_5.in,456.0,196.0,7.0,75.0,113.0,4.0,68.0,4.0,1,0,1,1,1,1,1,1,1
crossing,waksman,8,C_db_realistic,astar,36,input:w2->waksman_8x8_s0_w2_3.in,input:w5->waksman_8x8_s0_w4_5.add,393.0,281.0,8.0,128.0,64.0,17.0,63.0,17.0,0,0,0,0,1,1,0,1,1
crossing,waksman,8,C_db_realistic,astar,37,input:w2->waksman_8x8_s0_w2_3.in,input:w5->waksman_8x8_s0_w4_5.add,393.0,252.0,8.0,157.0,35.0,68.0,17.0,17.0,0,0,0,0,1,1,0,1,1
crossing,waksman,8,C_db_realistic,astar,38,input:w2->waksman_8x8_s0_w2_3.in,input:w5->waksman_8x8_s0_w4_5.add,441.0,196.0,8.0,60.0,128.0,128.0,35.0,35.0,0,0,0,0,1,1,0,1,1
crossing,waksman,8,C_db_realistic,astar,39,input:w2->waksman_8x8_s0_w2_3.in,input:w5->waksman_8x8_s0_w4_5.add,449.0,196.0,7.0,68.0,120.0,13.0,76.0,13.0,0,0,0,0,1,1,1,1,1
crossing,waksman,8,C_db_realistic,astar,40,input:w2->waksman_8x8_s0_w2_3.in,input:w6->waksman_8x8_s0_w6_7.in,569.0,224.0,60.0,28.0,135.0,137.0,87.0,28.0,0,0,0,0,0,0,0,0,0
crossing,waksman,8,C_db_realistic,astar,41,input:w2->waksman_8x8_s0_w2_3.in,input:w6->waksman_8x8_s0_w6_7.in,393.0,196.0,8.0,12.0,176.0,4.0,13.0,4.0,1,0,1,1,1,1,1,1,1
crossing,waksman,8,C_db_realistic,astar,42,input:w3->waksman_8x8_s0_w2_3.add,input:w4->waksman_8x8_s0_w4_5.in,401.0,132.0,8.0,89.0,228.0,12.0,160.0,12.0,0,0,0,0,1,1,1,1,1
crossing,waksman,8,C_db_realistic,astar,43,input:w3->waksman_8x8_s0_w2_3.add,input:w4->waksman_8x8_s0_w4_5.in,456.0,132.0,7.0,144.0,173.0,68.0,4.0,4.0,1,0,1,1,1,1,1,1,1
crossing,waksman,8,C_db_realistic,astar,44,input:w3->waksman_8x8_s0_w2_3.add,input:w5->waksman_8x8_s0_w4_5.add,441.0,132.0,8.0,129.0,188.0,64.0,99.0,64.0,0,0,0,0,1,1,0,1,1
crossing,waksman,8,C_db_realistic,astar,45,input:w3->waksman_8x8_s0_w2_3.add,input:w5->waksman_8x8_s0_w4_5.add,449.0,132.0,7.0,137.0,180.0,77.0,12.0,12.0,0,0,0,0,1,1,1,1,1
crossing,waksman,8,C_db_realistic,astar,46,input:w3->waksman_8x8_s0_w2_3.add,input:w6->waksman_8x8_s0_w6_7.in,312.0,164.0,71.55417527999327,173.0,32.0,87.0,149.0,32.0,0,0,0,0,0,0,0,0,0
crossing,waksman,8,C_db_realistic,astar,47,input:w3->waksman_8x8_s0_w2_3.add,input:w6->waksman_8x8_s0_w6_7.in,629.0,224.0,60.0,92.0,92.0,197.0,27.0,27.0,0,0,0,0,0,0,0,0,0
crossing,waksman,8,C_db_realistic,astar,48,input:w3->waksman_8x8_s0_w2_3.add,input:w7->waksman_8x8_s0_w6_7.add,376.0,132.0,25.0,64.0,253.0,8.0,21.0,8.0,0,0,0,1,0,1,1,0,1
crossing,waksman,8,C_db_realistic,astar,49,input:w3->waksman_8x8_s0_w2_3.add,input:w7->waksman_8x8_s0_w6_7.add,528.0,132.0,4.0,216.0,101.0,21.0,132.0,21.0,0,1,1,0,1,1,0,1,1
crossing,waksman,8,C_db_realistic,astar,50,input:w4->waksman_8x8_s0_w4_5.in,input:w5->waksman_8x8_s0_w4_5.add,401.0,281.0,8.0,161.0,11.0,25.0,55.0,11.0,0,0,0,0,1,1,1,1,1
crossing,waksman,8,C_db_realistic,astar,51,input:w4->waksman_8x8_s0_w4_5.in,input:w5->waksman_8x8_s0_w4_5.add,401.0,252.0,8.0,132.0,40.0,60.0,25.0,25.0,0,0,0,0,1,1,0,1,1
crossing,waksman,8,C_db_realistic,astar,52,input:w4->waksman_8x8_s0_w4_5.in,input:w5->waksman_8x8_s0_w4_5.add,57.0,164.0,63.0,37.0,156.0,4.0,21.0,4.0,1,0,1,1,0,1,1,0,1
crossing,waksman,8,C_db_realistic,astar,53,input:w4->waksman_8x8_s0_w4_5.in,input:w5->waksman_8x8_s0_w4_5.add,120.0,164.0,63.0,100.0,93.0,21.0,4.0,4.0,1,0,1,1,0,1,1,0,1
crossing,waksman,8,C_db_realistic,astar,54,input:w4->waksman_8x8_s0_w4_5.in,input:w5->waksman_8x8_s0_w4_5.add,729.0,164.0,63.0,89.0,68.0,4.0,21.0,4.0,1,0,1,1,0,1,1,0,1
crossing,waksman,8,C_db_realistic,astar,55,input:w4->waksman_8x8_s0_w4_5.in,input:w5->waksman_8x8_s0_w4_5.add,792.0,164.0,63.0,152.0,5.0,21.0,4.0,4.0,1,0,1,1,0,1,1,0,1
crossing,waksman,8,C_db_realistic,astar,56,input:w4->waksman_8x8_s0_w4_5.in,input:w6->waksman_8x8_s0_w6_7.in,401.0,164.0,11.0,44.0,128.0,176.0,60.0,44.0,0,0,0,0,0,0,0,1,1
crossing,waksman,8,C_db_realistic,astar,57,input:w4->waksman_8x8_s0_w4_5.in,input:w6->waksman_8x8_s0_w6_7.in,401.0,209.0,13.0,89.0,83.0,8.0,31.0,8.0,0,0,0,1,0,1,1,1,1
crossing,waksman,8,C_db_realistic,astar,58,input:w4->waksman_8x8_s0_w4_5.in,input:w6->waksman_8x8_s0_w6_7.in,401.0,188.0,8.0,68.0,104.0,60.0,20.0,20.0,0,0,0,0,1,1,0,1,1
crossing,waksman,8,C_db_realistic,astar,59,input:w4->waksman_8x8_s0_w4_5.in,input:w6->waksman_8x8_s0_w6_7.in,480.0,224.0,8.0,96.0,24.0,48.0,176.0,24.0,0,0,0,0,1,1,0,1,1
crossing,waksman,8,C_db_realistic,astar,60,input:w4->waksman_8x8_s0_w4_5.in,input:w6->waksman_8x8_s0_w6_7.in,456.0,164.0,7.0,36.0,36.0,231.0,5.0,5.0,0,0,0,1,1,1,1,1,1
crossing,waksman,8,C_db_realistic,astar,61,input:w4->waksman_8x8_s0_w4_5.in,input:w6->waksman_8x8_s0_w6_7.in,456.0,188.0,7.0,12.0,60.0,5.0,75.0,5.0,0,0,0,1,1,1,1,1,1
crossing,waksman,8,C_db_realistic,astar,62,input:w4->waksman_8x8_s0_w4_5.in,input:w6->waksman_8x8_s0_w6_7.in,656.0,164.0,44.0,16.0,141.0,60.0,100.0,16.0,0,0,0,0,0,0,0,0,0
crossing,waksman,8,C_db_realistic,astar,63,input:w4->waksman_8x8_s0_w4_5.in,input:w6->waksman_8x8_s0_w6_7.in,225.0,132.0,64.0,12.0,79.0,4.0,32.0,4.0,1,0,1,1,0,1,1,0,1
crossing,waksman,8,C_db_realistic,astar,64,input:w4->waksman_8x8_s0_w4_5.in,input:w7->waksman_8x8_s0_w6_7.add,401.0,153.0,11.0,33.0,139.0,25.0,127.0,25.0,0,0,0,0,0,0,0,1,1
crossing,waksman,8,C_db_realistic,astar,65,input:w4->waksman_8x8_s0_w4_5.in,input:w7->waksman_8x8_s0_w6_7.add,401.0,124.0,8.0,4.0,168.0,71.0,25.0,4.0,1,0,1,1,1,1,1,1,1
crossing,waksman,8,C_db_realistic,astar,66,input:w4->waksman_8x8_s0_w4_5.in,input:w7->waksman_8x8_s0_w6_7.add,456.0,153.0,7.0,47.0,25.0,80.0,72.0,25.0,0,0,0,0,1,1,0,1,1
crossing,waksman,8,C_db_realistic,astar,67,input:w4->waksman_8x8_s0_w4_5.in,input:w7->waksman_8x8_s0_w6_7.add,528.0,128.0,4.0,72.0,112.0,25.0,128.0,25.0,0,1,1,0,1,1,0,1,1
crossing,waksman,8,C_db_realistic,astar,68,input:w5->waksman_8x8_s0_w4_5.add,input:w6->waksman_8x8_s0_w6_7.in,441.0,164.0,8.0,96.0,67.0,216.0,20.0,20.0,0,0,0,0,1,1,0,1,1
crossing,waksman,8,C_db_realistic,astar,69,input:w5->waksman_8x8_s0_w4_5.add,input:w6->waksman_8x8_s0_w6_7.in,441.0,224.0,28.0,156.0,7.0,9.0,215.0,7.0,0,0,0,1,0,1,1,0,1
crossing,waksman,8,C_db_realistic,astar,70,input:w5->waksman_8x8_s0_w4_5.add,input:w6->waksman_8x8_s0_w6_7.in,441.0,188.0,8.0,120.0,43.0,20.0,60.0,20.0,0,0,0,0,1,1,0,1,1
crossing,waksman,8,C_db_realistic,astar,71,input:w5->waksman_8x8_s0_w4_5.add,input:w6->waksman_8x8_s0_w6_7.in,472.0,224.0,8.0,32.0,15.0,40.0,184.0,15.0,0,0,0,0,1,1,0,1,1
crossing,waksman,8,C_db_realistic,astar,72,input:w5->waksman_8x8_s0_w4_5.add,input:w6->waksman_8x8_s0_w6_7.in,449.0,164.0,7.0,45.0,44.0,224.0,12.0,12.0,0,0,0,0,1,1,1,1,1
crossing,waksman,8,C_db_realistic,astar,73,input:w5->waksman_8x8_s0_w4_5.add,input:w6->waksman_8x8_s0_w6_7.in,449.0,188.0,7.0,21.0,68.0,12.0,68.0,12.0,0,0,0,0,1,1,1,1,1
crossing,waksman,8,C_db_realistic,astar,74,input:w5->waksman_8x8_s0_w4_5.add,input:w6->waksman_8x8_s0_w6_7.in,656.0,120.0,44.0,207.0,141.0,104.0,56.0,56.0,0,0,0,0,0,0,0,0,0
crossing,waksman,8,C_db_realistic,astar,75,input:w5->waksman_8x8_s0_w4_5.add,input:w6->waksman_8x8_s0_w6_7.in,225.0,68.0,4.0,81.0,216.0,32.0,35.0,32.0,0,1,1,0,1,1,0,1,1
crossing,waksman,8,C_db_realistic,astar,76,input:w5->waksman_8x8_s0_w4_5.add,input:w7->waksman_8x8_s0_w6_7.add,441.0,153.0,8.0,85.0,78.0,65.0,87.0,65.0,0,0,0,0,1,1,0,1,1
crossing,waksman,8,C_db_realistic,astar,77,input:w5->waksman_8x8_s0_w4_5.add,input:w7->waksman_8x8_s0_w6_7.add,441.0,124.0,8.0,56.0,107.0,31.0,65.0,31.0,0,0,0,0,1,1,0,1,1
crossing,waksman,8,C_db_realistic,astar,78,input:w5->waksman_8x8_s0_w4_5.add,input:w7->waksman_8x8_s0_w6_7.add,449.0,153.0,7.0,56.0,33.0,73.0,79.0,33.0,0,0,0,0,1,1,0,1,1
crossing,waksman,8,C_db_realistic,astar,79,input:w5->waksman_8x8_s0_w4_5.add,input:w7->waksman_8x8_s0_w6_7.add,449.0,124.0,8.0,85.0,4.0,23.0,73.0,4.0,1,0,1,1,1,1,1,1,1
crossing,waksman,8,C_db_realistic,astar,80,input:w5->waksman_8x8_s0_w4_5.add,input:w7->waksman_8x8_s0_w6_7.add,472.0,120.0,20.0,23.0,325.0,56.0,4.0,4.0,1,0,1,1,0,1,1,0,1
crossing,waksman,8,C_db_realistic,astar,81,input:w5->waksman_8x8_s0_w4_5.add,input:w7->waksman_8x8_s0_w6_7.add,528.0,120.0,8.0,79.0,269.0,33.0,120.0,33.0,0,0,0,0,1,1,0,1,1
crossing,waksman,8,C_db_realistic,astar,82,input:w5->waksman_8x8_s0_w4_5.add,input:w7->waksman_8x8_s0_w6_7.add,233.0,68.0,8.0,89.0,208.0,4.0,13.0,4.0,1,0,1,1,1,1,1,1,1
crossing,waksman,8,C_db_realistic,astar,83,input:w5->waksman_8x8_s0_w4_5.add,input:w7->waksman_8x8_s0_w6_7.add,288.0,68.0,55.0,144.0,153.0,13.0,4.0,4.0,1,0,1,1,0,1,1,0,1
crossing,waksman,8,C_db_realistic,astar,84,input:w6->waksman_8x8_s0_w6_7.in,input:w7->waksman_8x8_s0_w6_7.add,225.0,64.0,4.0,28.0,39.0,25.0,8.0,8.0,0,1,1,1,1,1,1,1,1
crossing,waksman,8,C_db_realistic,astar,85,input:w6->waksman_8x8_s0_w6_7.in,input:w7->waksman_8x8_s0_w6_7.add,225.0,60.0,4.0,24.0,43.0,68.0,12.0,12.0,0,1,1,0,1,1,1,1,1
crossing,waksman,8,C_db_realistic,astar,86,input:w6->waksman_8x8_s0_w6_7.in,input:w7->waksman_8x8_s0_w6_7.add,57.0,36.0,63.0,37.0,168.0,4.0,21.0,4.0,1,0,1,1,0,1,1,0,1
crossing,waksman,8,C_db_realistic,astar,87,input:w6->waksman_8x8_s0_w6_7.in,input:w7->waksman_8x8_s0_w6_7.add,120.0,36.0,63.0,100.0,105.0,21.0,4.0,4.0,1,0,1,1,0,1,1,0,1
crossing,waksman,9,B_db_placeholder,astar,0,input:w0->waksman_9x9_s0_w0_1.in,input:w1->waksman_9x9_s0_w0_1.add,40.0,484.0,128.0,20.0,237.0,8.0,13.0,8.0,0,0,0,1,0,1,1,0,1
crossing,waksman,9,B_db_placeholder,astar,1,input:w0->waksman_9x9_s0_w0_1.in,input:w1->waksman_9x9_s0_w0_1.add,200.0,484.0,77.78174593052023,180.0,77.0,13.0,96.0,13.0,0,0,0,0,0,0,1,0,1
crossing,waksman,9,B_db_placeholder,astar,2,input:w0->waksman_9x9_s0_w0_1.in,input:w1->waksman_9x9_s0_w0_1.add,601.0,324.0,4.0,64.0,64.0,232.0,4.0,4.0,1,1,1,1,1,1,1,1,1
crossing,waksman,9,B_db_placeholder,astar,3,input:w0->waksman_9x9_s0_w0_1.in,input:w1->waksman_9x9_s0_w0_1.add,1053.0,407.0,6.0,19.0,45.0,232.0,464.0,19.0,0,0,0,0,1,1,0,1,1
crossing,waksman,9,B_db_placeholder,astar,4,input:w0->waksman_9x9_s0_w0_1.in,input:w1->waksman_9x9_s0_w0_1.add,1432.0,484.0,77.1621668954417,147.0,85.0,8.0,13.0,8.0,0,0,0,1,0,1,1,0,1
crossing,waksman,9,B_db_placeholder,astar,5,input:w0->waksman_9x9_s0_w0_1.in,input:w1->waksman_9x9_s0_w0_1.add,1517.0,497.0,85.98837130682264,13.0,15.0,85.0,30.0,13.0,0,0,0,0,0,0,1,0,1
crossing,waksman,9,B_db_placeholder,astar,6,input:w0->waksman_9x9_s0_w0_1.in,input:w2->waksman_9x9_s0_w2_3.in,277.0,473.0,72.17340230306452,11.0,21.0,5.0,155.0,5.0,0,0,0,1,0,1,1,0,1
crossing,waksman,9,B_db_placeholder,astar,7,input:w0->waksman_9x9_s0_w0_1.in,input:w2->waksman_9x9_s0_w2_3.in,432.0,452.0,86.45229898620394,155.0,77.0,21.0,192.0,21.0,0,0,0,0,0,0,0,0,0
crossing,waksman,9,B_db_placeholder,astar,8,input:w0->waksman_9x9_s0_w0_1.in,input:w2->waksman_9x9_s0_w2_3.in,601.0,312.0,4.0,76.0,52.0,12.0,684.0,12.0,0,1,1,0,1,1,1,1,1
crossing,waksman,9,B_db_placeholder,astar,9,input:w0->waksman_9x9_s0_w0_1.in,input:w2->waksman_9x9_s0_w2_3.in,833.0,312.0,8.0,52.0,76.0,244.0,452.0,52.0,0,0,0,0,1,1,0,1,1
crossing,waksman,9,B_db_placeholder,astar,10,input:w0->waksman_9x9_s0_w0_1.in,input:w2->waksman_9x9_s0_w2_3.in,1200.0,452.0,80.0,147.0,85.0,8.0,21.0,8.0,0,0,0,1,0,1,1,0,1
crossing,waksman,9,B_db_placeholder,astar,11,input:w0->waksman_9x9_s0_w0_1.in,input:w2->waksman_9x9_s0_w2_3.in,1280.0,452.0,45.27692569068709,227.0,5.0,21.0,4.0,4.0,1,0,1,1,0,1,1,0,1
crossing,waksman,9,B_db_placeholder,astar,12,input:w0->waksman_9x9_s0_w0_1.in,input:w3->waksman_9x9_s0_w2_3.add,1053.0,416.0,9.0,28.0,36.0,317.0,75.0,28.0,0,0,0,0,1,1,0,1,1
crossing,waksman,9,B_db_placeholder,astar,13,input:w0->waksman_9x9_s0_w0_1.in,input:w3->waksman_9x9_s0_w2_3.add,753.0,260.0,13.0,152.0,80.0,4.0,96.0,4.0,1,0,1,1,0,1,1,1,1
crossing,waksman,9,B_db_placeholder,astar,14,input:w0->waksman_9x9_s0_w0_1.in,input:w4->waksman_9x9_s0_w4_5.in,509.0,401.0,64.19501538281614,51.0,13.0,5.0,555.0,5.0,0,0,0,1,0,1,1,0,1
crossing,waksman,9,B_db_placeholder,astar,15,input:w0->waksman_9x9_s0_w0_1.in,input:w4->waksman_9x9_s0_w4_5.in,1053.0,401.0,6.0,13.0,51.0,549.0,11.0,11.0,0,0,0,0,1,1,1,1,1
crossing,waksman,9,B_db_placeholder,astar,16,input:w0->waksman_9x9_s0_w0_1.in,input:w5->waksman_9x9_s0_w4_5.add,601.0,316.0,4.0,72.0,56.0,7.0,97.0,7.0,0,1,1,1,1,1,1,1,1
crossing,waksman,9,B_db_placeholder,astar,17,input:w0->waksman_9x9_s0_w0_1.in,input:w5->waksman_9x9_s0_w4_5.add,601.0,320.0,4.0,68.0,60.0,17.0,927.0,17.0,0,1,1,0,1,1,0,1,1
crossing,waksman,9,B_db_placeholder,astar,18,input:w0->waksman_9x9_s0_w0_1.in,input:w5->waksman_9x9_s0_w4_5.add,608.0,260.0,13.0,7.0,225.0,43.0,56.0,7.0,0,0,0,1,0,1,1,1,1
crossing,waksman,9,B_db_placeholder,astar,19,input:w0->waksman_9x9_s0_w0_1.in,input:w5->waksman_9x9_s0_w4_5.add,833.0,320.0,8.0,60.0,68.0,249.0,695.0,60.0,0,0,0,0,1,1,0,1,1
crossing,waksman,9,B_db_placeholder,astar,20,input:w0->waksman_9x9_s0_w0_1.in,input:w6->waksman_9x9_s0_w6_7.in,601.0,273.0,7.0,115.0,13.0,97.0,295.0,13.0,0,0,0,0,1,1,1,1,1
crossing,waksman,9,B_db_placeholder,astar,21,input:w0->waksman_9x9_s0_w0_1.in,input:w6->waksman_9x9_s0_w6_7.in,833.0,273.0,8.0,13.0,115.0,329.0,63.0,13.0,0,0,0,0,1,1,1,1,1
crossing,waksman,9,B_db_placeholder,astar,22,input:w0->waksman_9x9_s0_w0_1.in,input:w8->waksman_9x9_s3_w0_8.add,736.0,260.0,4.0,135.0,97.0,8.0,21.0,8.0,0,1,1,1,1,1,1,1,1
crossing,waksman,9,B_db_placeholder,astar,23,input:w0->waksman_9x9_s0_w0_1.in,input:w8->waksman_9x9_s3_w0_8.add,833.0,281.0,8.0,21.0,107.0,97.0,135.0,21.0,0,0,0,0,1,1,0,1,1
crossing,waksman,9,B_db_placeholder,astar,24,input:w1->waksman_9x9_s0_w0_1.add,input:w2->waksman_9x9_s0_w2_3.in,200.0,401.0,72.0,96.0,13.0,75.0,157.0,13.0,0,0,0,0,0,0,1,0,1
crossing,waksman,9,B_db_placeholder,astar,25,input:w1->waksman_9x9_s0_w0_1.add,input:w2->waksman_9x9_s0_w2_3.in,432.0,324.0,13.0,63.0,173.0,149.0,64.0,63.0,0,0,0,0,0,0,0,1,1
crossing,waksman,9,B_db_placeholder,astar,26,input:w1->waksman_9x9_s0_w0_1.add,input:w2->waksman_9x9_s0_w2_3.in,1285.0,407.0,45.27692569068709,464.0,232.0,95.0,37.0,37.0,0,0,0,0,0,0,0,0,0
crossing,waksman,9,B_db_placeholder,astar,27,input:w1->waksman_9x9_s0_w0_1.add,input:w2->waksman_9x9_s0_w2_3.in,1437.0,407.0,30.0,616.0,80.0,41.0,51.0,41.0,0,0,0,0,0,0,0,0,0
crossing,waksman,9,B_db_placeholder,astar,28,input:w1->waksman_9x9_s0_w0_1.add,input:w3->waksman_9x9_s0_w2_3.add,272.0,388.0,13.0,72.0,97.0,8.0,21.0,8.0,0,0,0,1,0,1,1,1,1
crossing,waksman,9,B_db_placeholder,astar,29,input:w1->waksman_9x9_s0_w0_1.add,input:w3->waksman_9x9_s0_w2_3.add,376.0,324.0,13.0,7.0,229.0,85.0,128.0,7.0,0,0,0,1,0,1,1,1,1
crossing,waksman,9,B_db_placeholder,astar,30,input:w1->waksman_9x9_s0_w0_1.add,input:w3->waksman_9x9_s0_w2_3.add,736.0,388.0,13.0,131.0,85.0,8.0,28.0,8.0,0,0,0,1,0,1,1,1,1
crossing,waksman,9,B_db_placeholder,astar,31,input:w1->waksman_9x9_s0_w0_1.add,input:w3->waksman_9x9_s0_w2_3.add,1128.0,407.0,75.0,307.0,389.0,9.0,72.0,9.0,0,0,0,1,0,1,1,0,1
crossing,waksman,9,B_db_placeholder,astar,32,input:w1->waksman_9x9_s0_w0_1.add,input:w4->waksman_9x9_s0_w4_5.in,369.0,337.0,7.0,51.0,13.0,12.0,220.0,12.0,0,0,0,0,1,1,1,1,1
crossing,waksman,9,B_db_placeholder,astar,33,input:w1->waksman_9x9_s0_w0_1.add,input:w4->waksman_9x9_s0_w4_5.in,821.0,401.0,81.88406438373708,13.0,6.0,317.0,243.0,6.0,0,0,0,1,0,1,1,0,1
crossing,waksman,9,B_db_placeholder,astar,34,input:w1->waksman_9x9_s0_w0_1.add,input:w5->waksman_9x9_s0_w4_5.add,504.0,324.0,13.0,135.0,101.0,8.0,21.0,8.0,0,0,0,1,0,1,1,1,1
crossing,waksman,9,B_db_placeholder,astar,35,input:w1->waksman_9x9_s0_w0_1.add,input:w5->waksman_9x9_s0_w4_5.add,584.0,324.0,13.0,215.0,21.0,21.0,4.0,4.0,1,0,1,1,0,1,1,1,1
crossing,waksman,9,B_db_placeholder,astar,36,input:w2->waksman_9x9_s0_w2_3.in,input:w3->waksman_9x9_s0_w2_3.add,40.0,356.0,87.55569655939013,20.0,85.0,8.0,21.0,8.0,0,0,0,1,0,1,1,0,1
crossing,waksman,9,B_db_placeholder,astar,37,input:w2->waksman_9x9_s0_w2_3.in,input:w3->waksman_9x9_s0_w2_3.add,125.0,377.0,78.74642849044012,21.0,24.0,85.0,131.0,21.0,0,0,0,0,0,0,0,0,0
crossing,waksman,9,B_db_placeholder,astar,38,input:w2->waksman_9x9_s0_w2_3.in,input:w3->waksman_9x9_s0_w2_3.add,272.0,401.0,13.0,147.0,85.0,21.0,8.0,8.0,0,0,0,1,0,1,1,1,1
crossing,waksman,9,B_db_placeholder,astar,39,input:w2->waksman_9x9_s0_w2_3.in,input:w3->waksman_9x9_s0_w2_3.add,357.0,409.0,72.99315036357864,8.0,35.0,85.0,19.0,8.0,0,0,0,1,0,1,1,0,1
crossing,waksman,9,B_db_placeholder,astar,40,input:w2->waksman_9x9_s0_w2_3.in,input:w3->waksman_9x9_s0_w2_3.add,753.0,312.0,8.0,164.0,532.0,56.0,44.0,44.0,0,0,0,0,1,1,0,1,1
crossing,waksman,9,B_db_placeholder,astar,41,input:w2->waksman_9x9_s0_w2_3.in,input:w3->waksman_9x9_s0_w2_3.add,1285.0,335.0,15.0,23.0,109.0,157.0,232.0,23.0,0,0,0,0,0,0,0,0,0
crossing,waksman,9,B_db_placeholder,astar,42,input:w2->waksman_9x9_s0_w2_3.in,input:w3->waksman_9x9_s0_w2_3.add,1437.0,377.0,30.0,71.0,21.0,5.0,110.0,5.0,0,0,0,1,0,1,1,0,1
crossing,waksman,9,B_db_placeholder,astar,43,input:w2->waksman_9x9_s0_w2_3.in,input:w3->waksman_9x9_s0_w2_3.add,1517.0,377.0,80.0,21.0,7.0,85.0,30.0,7.0,0,0,0,1,0,1,1,0,1
crossing,waksman,9,B_db_placeholder,astar,44,input:w2->waksman_9x9_s0_w2_3.in,input:w4->waksman_9x9_s0_w4_5.in,432.0,337.0,13.0,136.0,77.0,75.0,157.0,75.0,0,0,0,0,0,0,0,1,1
crossing,waksman,9,B_db_placeholder,astar,45,input:w2->waksman_9x9_s0_w2_3.in,input:w4->waksman_9x9_s0_w4_5.in,973.0,312.0,8.0,384.0,312.0,68.0,116.0,68.0,0,0,0,0,1,1,0,1,1
crossing,waksman,9,B_db_placeholder,astar,46,input:w2->waksman_9x9_s0_w2_3.in,input:w5->waksman_9x9_s0_w4_5.add,608.0,312.0,7.0,19.0,677.0,95.0,4.0,4.0,1,0,1,1,1,1,1,1,1
crossing,waksman,9,B_db_placeholder,astar,47,input:w2->waksman_9x9_s0_w2_3.in,input:w5->waksman_9x9_s0_w4_5.add,1285.0,320.0,15.0,8.0,124.0,701.0,243.0,8.0,0,0,0,1,0,1,1,0,1
crossing,waksman,9,B_db_placeholder,astar,48,input:w2->waksman_9x9_s0_w2_3.in,input:w6->waksman_9x9_s0_w6_7.in,504.0,260.0,36.0,72.0,85.0,8.0,13.0,8.0,0,0,0,1,0,1,1,0,1
crossing,waksman,9,B_db_placeholder,astar,49,input:w2->waksman_9x9_s0_w2_3.in,input:w6->waksman_9x9_s0_w6_7.in,589.0,273.0,12.0,13.0,39.0,85.0,307.0,13.0,0,0,0,0,0,0,1,1,1
crossing,waksman,9,B_db_placeholder,astar,50,input:w3->waksman_9x9_s0_w2_3.add,input:w4->waksman_9x9_s0_w4_5.in,376.0,337.0,7.0,72.0,141.0,19.0,213.0,19.0,0,0,0,0,1,1,0,1,1
crossing,waksman,9,B_db_placeholder,astar,51,input:w3->waksman_9x9_s0_w2_3.add,input:w4->waksman_9x9_s0_w4_5.in,736.0,401.0,13.0,21.0,15.0,232.0,328.0,15.0,0,0,0,0,0,0,0,1,1
crossing,waksman,9,B_db_placeholder,astar,52,input:w3->waksman_9x9_s0_w2_3.add,input:w5->waksman_9x9_s0_w4_5.add,753.0,320.0,8.0,64.0,36.0,169.0,775.0,36.0,0,0,0,0,1,1,0,1,1
crossing,waksman,9,B_db_placeholder,astar,53,input:w3->waksman_9x9_s0_w2_3.add,input:w5->waksman_9x9_s0_w4_5.add,521.0,196.0,17.0,145.0,183.0,4.0,21.0,4.0,1,0,1,1,0,1,1,0,1
crossing,waksman,9,B_db_placeholder,astar,54,input:w3->waksman_9x9_s0_w2_3.add,input:w6->waksman_9x9_s0_w6_7.in,376.0,224.0,19.0,185.0,28.0,104.0,213.0,28.0,0,0,0,0,0,0,0,0,0
crossing,waksman,9,B_db_placeholder,astar,55,input:w3->waksman_9x9_s0_w2_3.add,input:w6->waksman_9x9_s0_w6_7.in,753.0,273.0,8.0,17.0,83.0,249.0,143.0,17.0,0,0,0,0,1,1,0,1,1
crossing,waksman,9,B_db_placeholder,astar,56,input:w3->waksman_9x9_s0_w2_3.add,input:w7->waksman_9x9_s0_w6_7.add,504.0,196.0,4.0,128.0,200.0,8.0,32.0,8.0,0,1,1,1,1,1,1,1,1
crossing,waksman,9,B_db_placeholder,astar,57,input:w3->waksman_9x9_s0_w2_3.add,input:w7->waksman_9x9_s0_w6_7.add,704.0,228.0,42.5205832509386,32.0,28.0,200.0,144.0,28.0,0,0,0,0,0,0,0,0,0
crossing,waksman,9,B_db_placeholder,astar,58,input:w3->waksman_9x9_s0_w2_3.add,input:w8->waksman_9x9_s3_w0_8.add,736.0,256.0,4.0,32.0,17.0,4.0,25.0,4.0,1,1,1,1,1,1,1,1,1
crossing,waksman,9,B_db_placeholder,astar,59,input:w3->waksman_9x9_s0_w2_3.add,input:w8->waksman_9x9_s3_w0_8.add,753.0,281.0,8.0,25.0,75.0,17.0,215.0,17.0,0,0,0,0,1,1,0,1,1
crossing,waksman,9,B_db_placeholder,astar,60,input:w4->waksman_9x9_s0_w4_5.in,input:w5->waksman_9x9_s0_w4_5.add,40.0,228.0,104.0,20.0,237.0,8.0,21.0,8.0,0,0,0,1,0,1,1,0,1
crossing,waksman,9,B_db_placeholder,astar,61,input:w4->waksman_9x9_s0_w4_5.in,input:w5->waksman_9x9_s0_w4_5.add,144.0,228.0,83.0,124.0,133.0,21.0,96.0,21.0,0,0,0,0,0,0,0,0,0
crossing,waksman,9,B_db_placeholder,astar,62,input:w4->waksman_9x9_s0_w4_5.in,input:w5->waksman_9x9_s0_w4_5.add,504.0,337.0,13.0,147.0,85.0,21.0,8.0,8.0,0,0,0,1,0,1,1,1,1
crossing,waksman,9,B_db_placeholder,astar,63,input:w4->waksman_9x9_s0_w4_5.in,input:w5->waksman_9x9_s0_w4_5.add,584.0,337.0,13.0,227.0,5.0,8.0,17.0,5.0,0,0,0,1,0,1,1,1,1
crossing,waksman,9,B_db_placeholder,astar,64,input:w4->waksman_9x9_s0_w4_5.in,input:w5->waksman_9x9_s0_w4_5.add,973.0,320.0,8.0,60.0,124.0,389.0,555.0,60.0,0,0,0,0,1,1,0,1,1
crossing,waksman,9,B_db_placeholder,astar,65,input:w4->waksman_9x9_s0_w4_5.in,input:w5->waksman_9x9_s0_w4_5.add,1528.0,256.0,121.49897118905987,11.0,19.0,64.0,36.0,11.0,0,0,0,0,0,0,1,0,1
crossing,waksman,9,B_db_placeholder,astar,66,input:w4->waksman_9x9_s0_w4_5.in,input:w6->waksman_9x9_s0_w6_7.in,277.0,224.0,79.1580697086532,4.0,28.0,5.0,312.0,4.0,1,0,1,1,0,1,1,0,1
crossing,waksman,9,B_db_placeholder,astar,67,input:w4->waksman_9x9_s0_w4_5.in,input:w6->waksman_9x9_s0_w6_7.in,357.0,224.0,19.0,28.0,113.0,85.0,232.0,28.0,0,0,0,0,0,0,0,0,0
crossing,waksman,9,B_db_placeholder,astar,68,input:w4->waksman_9x9_s0_w4_5.in,input:w6->waksman_9x9_s0_w6_7.in,1200.0,196.0,80.0,227.0,85.0,8.0,21.0,8.0,0,0,0,1,0,1,1,0,1
crossing,waksman,9,B_db_placeholder,astar,69,input:w4->waksman_9x9_s0_w4_5.in,input:w6->waksman_9x9_s0_w6_7.in,1280.0,196.0,80.0,307.0,5.0,21.0,4.0,4.0,1,0,1,1,0,1,1,0,1
crossing,waksman,9,B_db_placeholder,astar,70,input:w5->waksman_9x9_s0_w4_5.add,input:w6->waksman_9x9_s0_w6_7.in,144.0,145.0,30.610455730027933,104.0,13.0,19.0,213.0,13.0,0,0,0,0,0,0,1,0,1
crossing,waksman,9,B_db_placeholder,astar,71,input:w5->waksman_9x9_s0_w4_5.add,input:w6->waksman_9x9_s0_w6_7.in,608.0,273.0,7.0,56.0,43.0,104.0,288.0,43.0,0,0,0,0,1,1,0,1,1
crossing,waksman,9,B_db_placeholder,astar,72,input:w5->waksman_9x9_s0_w4_5.add,input:w7->waksman_9x9_s0_w6_7.add,272.0,132.0,13.0,128.0,160.0,8.0,35.0,8.0,0,0,0,1,0,1,1,1,1
crossing,waksman,9,B_db_placeholder,astar,73,input:w5->waksman_9x9_s0_w4_5.add,input:w7->waksman_9x9_s0_w6_7.add,432.0,167.0,75.0,35.0,25.0,160.0,157.0,25.0,0,0,0,0,0,0,0,0,0
crossing,waksman,9,B_db_placeholder,astar,74,input:w5->waksman_9x9_s0_w4_5.add,input:w7->waksman_9x9_s0_w6_7.add,504.0,192.0,4.0,72.0,17.0,4.0,36.0,4.0,1,1,1,1,1,1,1,1,1
crossing,waksman,9,B_db_placeholder,astar,75,input:w5->waksman_9x9_s0_w4_5.add,input:w7->waksman_9x9_s0_w6_7.add,608.0,228.0,19.0,11.0,88.0,104.0,240.0,11.0,0,0,0,0,0,0,1,0,1
crossing,waksman,9,B_db_placeholder,astar,76,input:w6->waksman_9x9_s0_w6_7.in,input:w7->waksman_9x9_s0_w6_7.add,40.0,100.0,87.55569655939013,20.0,85.0,8.0,21.0,8.0,0,0,0,1,0,1,1,0,1
crossing,waksman,9,B_db_placeholder,astar,77,input:w6->waksman_9x9_s0_w6_7.in,input:w7->waksman_9x9_s0_w6_7.add,125.0,121.0,30.610455730027933,21.0,24.0,85.0,27.0,21.0,0,0,0,0,0,0,0,0,0
crossing,waksman,9,B_db_placeholder,astar,78,input:w6->waksman_9x9_s0_w6_7.in,input:w7->waksman_9x9_s0_w6_7.add,272.0,145.0,13.0,147.0,85.0,21.0,22.0,21.0,0,0,0,0,0,0,0,1,1
crossing,waksman,9,B_db_placeholder,astar,79,input:w6->waksman_9x9_s0_w6_7.in,input:w7->waksman_9x9_s0_w6_7.add,357.0,167.0,57.0,22.0,21.0,85.0,232.0,21.0,0,0,0,0,0,0,0,0,0
crossing,waksman,9,B_db_placeholder,astar,80,input:w6->waksman_9x9_s0_w6_7.in,input:w7->waksman_9x9_s0_w6_7.add,504.0,224.0,28.0,232.0,85.0,36.0,4.0,4.0,1,0,1,1,0,1,1,0,1
crossing,waksman,9,B_db_placeholder,astar,81,input:w6->waksman_9x9_s0_w6_7.in,input:w7->waksman_9x9_s0_w6_7.add,589.0,228.0,19.0,4.0,24.0,85.0,259.0,4.0,1,0,1,1,0,1,1,0,1
crossing,waksman,9,B_db_placeholder,astar,82,input:w6->waksman_9x9_s0_w6_7.in,input:w7->waksman_9x9_s0_w6_7.add,1437.0,121.0,80.0,71.0,21.0,5.0,110.0,5.0,0,0,0,1,0,1,1,0,1
crossing,waksman,9,B_db_placeholder,astar,83,input:w6->waksman_9x9_s0_w6_7.in,input:w7->waksman_9x9_s0_w6_7.add,1517.0,121.0,80.0,21.0,7.0,85.0,30.0,7.0,0,0,0,1,0,1,1,0,1
crossing,waksman,9,B_db_placeholder,astar,84,input:w6->waksman_9x9_s0_w6_7.in,input:w8->waksman_9x9_s3_w0_8.add,736.0,273.0,13.0,232.0,160.0,21.0,8.0,8.0,0,0,0,1,0,1,1,1,1
crossing,waksman,9,B_db_placeholder,astar,85,input:w6->waksman_9x9_s0_w6_7.in,input:w8->waksman_9x9_s3_w0_8.add,968.0,175.0,96.0,72.0,317.0,106.0,175.0,72.0,0,0,0,0,0,0,0,0,0
crossing,waksman,9,B_db_placeholder,astar,86,input:w7->waksman_9x9_s0_w6_7.add,input:w8->waksman_9x9_s3_w0_8.add,821.0,228.0,46.57252408878007,317.0,27.0,228.0,24.0,24.0,0,0,0,0,0,0,0,0,0
crossing,waksman,9,B_db_placeholder,astar,87,input:w7->waksman_9x9_s0_w6_7.add,input:w8->waksman_9x9_s3_w0_8.add,968.0,79.0,96.0,120.0,549.0,202.0,79.0,79.0,0,0,0,0,0,0,0,0,0
crossing,waksman,9,C_db_realistic,astar,0,input:w0->waksman_9x9_s0_w0_1.in,input:w1->waksman_9x9_s0_w0_1.add,601.0,324.0,4.0,64.0,64.0,193.0,87.0,64.0,0,1,1,0,1,1,0,1,1
crossing,waksman,9,C_db_realistic,astar,1,input:w0->waksman_9x9_s0_w0_1.in,input:w1->waksman_9x9_s0_w0_1.add,57.0,484.0,63.0,37.0,220.0,4.0,13.0,4.0,1,0,1,1,0,1,1,0,1
crossing,waksman,9,C_db_realistic,astar,2,input:w0->waksman_9x9_s0_w0_1.in,input:w1->waksman_9x9_s0_w0_1.add,120.0,484.0,63.0,100.0,157.0,13.0,4.0,4.0,1,0,1,1,0,1,1,0,1
crossing,waksman,9,C_db_realistic,astar,3,input:w0->waksman_9x9_s0_w0_1.in,input:w1->waksman_9x9_s0_w0_1.add,1265.0,452.0,34.40930106817051,212.0,20.0,21.0,4.0,4.0,1,0,1,1,0,1,1,0,1
crossing,waksman,9,C_db_realistic,astar,4,input:w0->waksman_9x9_s0_w0_1.in,input:w1->waksman_9x9_s0_w0_1.add,1449.0,484.0,63.0,164.0,68.0,4.0,13.0,4.0,1,0,1,1,0,1,1,0,1
crossing,waksman,9,C_db_realistic,astar,5,input:w0->waksman_9x9_s0_w0_1.in,input:w1->waksman_9x9_s0_w0_1.add,1512.0,484.0,63.0,227.0,5.0,13.0,4.0,4.0,1,0,1,1,0,1,1,0,1
crossing,waksman,9,C_db_realistic,astar,6,input:w0->waksman_9x9_s0_w0_1.in,input:w2->waksman_9x9_s0_w2_3.in,1285.0,480.0,34.40930106817051,28.0,4.0,68.0,75.0,4.0,1,0,1,1,0,1,1,0,1
crossing,waksman,9,C_db_realistic,astar,7,input:w0->waksman_9x9_s0_w0_1.in,input:w2->waksman_9x9_s0_w2_3.in,289.0,452.0,63.0,12.0,220.0,4.0,21.0,4.0,1,0,1,1,0,1,1,0,1
crossing,waksman,9,C_db_realistic,astar,8,input:w0->waksman_9x9_s0_w0_1.in,input:w2->waksman_9x9_s0_w2_3.in,352.0,452.0,56.36488268416781,75.0,157.0,21.0,4.0,4.0,1,0,1,1,0,1,1,0,1
crossing,waksman,9,C_db_realistic,astar,9,input:w0->waksman_9x9_s0_w0_1.in,input:w2->waksman_9x9_s0_w2_3.in,1217.0,452.0,21.0,164.0,68.0,4.0,28.0,4.0,1,0,1,1,0,1,1,0,1
crossing,waksman,9,C_db_realistic,astar,10,input:w0->waksman_9x9_s0_w0_1.in,input:w3->waksman_9x9_s0_w2_3.add,1053.0,409.0,21.587033144922902,21.0,43.0,300.0,75.0,21.0,0,0,0,0,0,0,0,0,0
crossing,waksman,9,C_db_realistic,astar,11,input:w0->waksman_9x9_s0_w0_1.in,input:w3->waksman_9x9_s0_w2_3.add,753.0,260.0,8.0,152.0,80.0,64.0,96.0,64.0,0,0,0,0,1,1,0,1,1
crossing,waksman,9,C_db_realistic,astar,12,input:w0->waksman_9x9_s0_w0_1.in,input:w4->waksman_9x9_s0_w4_5.in,521.0,388.0,51.0,12.0,80.0,4.0,13.0,4.0,1,0,1,1,0,1,1,0,1
crossing,waksman,9,C_db_realistic,astar,13,input:w0->waksman_9x9_s0_w0_1.in,input:w4->waksman_9x9_s0_w4_5.in,1048.0,388.0,21.587033144922902,215.0,5.0,13.0,4.0,4.0,1,0,1,1,0,1,1,0,1
crossing,waksman,9,C_db_realistic,astar,14,input:w0->waksman_9x9_s0_w0_1.in,input:w5->waksman_9x9_s0_w4_5.add,601.0,320.0,4.0,68.0,60.0,17.0,215.0,17.0,0,1,1,0,1,1,0,1,1
crossing,waksman,9,C_db_realistic,astar,15,input:w0->waksman_9x9_s0_w0_1.in,input:w5->waksman_9x9_s0_w4_5.add,816.0,260.0,13.0,215.0,17.0,60.0,4.0,4.0,1,0,1,1,0,1,1,1,1
crossing,waksman,9,C_db_realistic,astar,16,input:w0->waksman_9x9_s0_w0_1.in,input:w8->waksman_9x9_s3_w0_8.add,736.0,260.0,17.0,135.0,97.0,8.0,13.0,8.0,0,0,0,1,0,1,1,0,1
crossing,waksman,9,C_db_realistic,astar,17,input:w0->waksman_9x9_s0_w0_1.in,input:w8->waksman_9x9_s3_w0_8.add,833.0,273.0,17.0,13.0,115.0,97.0,135.0,13.0,0,0,0,0,0,0,1,0,1
crossing,waksman,9,C_db_realistic,astar,18,input:w1->waksman_9x9_s0_w0_1.add,input:w2->waksman_9x9_s0_w2_3.in,1217.0,473.0,21.0,385.0,48.0,25.0,7.0,7.0,0,0,0,1,0,1,1,0,1
crossing,waksman,9,C_db_realistic,astar,19,input:w1->waksman_9x9_s0_w0_1.add,input:w2->waksman_9x9_s0_w2_3.in,1360.0,448.0,81.54140052758476,95.0,157.0,32.0,92.0,32.0,0,0,0,0,0,0,0,0,0
crossing,waksman,9,C_db_realistic,astar,20,input:w1->waksman_9x9_s0_w0_1.add,input:w2->waksman_9x9_s0_w2_3.in,289.0,388.0,4.0,89.0,119.0,32.0,35.0,32.0,0,1,1,0,1,1,0,1,1
crossing,waksman,9,C_db_realistic,astar,21,input:w1->waksman_9x9_s0_w0_1.add,input:w2->waksman_9x9_s0_w2_3.in,352.0,388.0,8.0,152.0,56.0,4.0,128.0,4.0,1,0,1,1,1,1,1,1,1
crossing,waksman,9,C_db_realistic,astar,22,input:w1->waksman_9x9_s0_w0_1.add,input:w3->waksman_9x9_s0_w2_3.add,832.0,409.0,8.0,21.0,64.0,79.0,296.0,21.0,0,0,0,0,1,1,0,1,1
crossing,waksman,9,C_db_realistic,astar,23,input:w1->waksman_9x9_s0_w0_1.add,input:w3->waksman_9x9_s0_w2_3.add,297.0,388.0,8.0,97.0,111.0,4.0,13.0,4.0,1,0,1,1,1,1,1,1,1
crossing,waksman,9,C_db_realistic,astar,24,input:w1->waksman_9x9_s0_w0_1.add,input:w3->waksman_9x9_s0_w2_3.add,521.0,324.0,4.0,113.0,167.0,21.0,107.0,21.0,0,1,1,0,1,1,0,1,1
crossing,waksman,9,C_db_realistic,astar,25,input:w1->waksman_9x9_s0_w0_1.add,input:w3->waksman_9x9_s0_w2_3.add,753.0,388.0,13.0,65.0,79.0,4.0,21.0,4.0,1,0,1,1,0,1,1,1,1
crossing,waksman,9,C_db_realistic,astar,26,input:w1->waksman_9x9_s0_w0_1.add,input:w4->waksman_9x9_s0_w4_5.in,408.0,337.0,57.97413216254298,51.0,13.0,51.0,181.0,13.0,0,0,0,0,0,0,1,0,1
crossing,waksman,9,C_db_realistic,astar,27,input:w1->waksman_9x9_s0_w0_1.add,input:w4->waksman_9x9_s0_w4_5.in,832.0,401.0,8.0,13.0,72.0,311.0,216.0,13.0,0,0,0,0,1,1,1,1,1
crossing,waksman,9,C_db_realistic,astar,28,input:w1->waksman_9x9_s0_w0_1.add,input:w5->waksman_9x9_s0_w4_5.add,529.0,324.0,8.0,121.0,159.0,4.0,21.0,4.0,1,0,1,1,1,1,1,1,1
crossing,waksman,9,C_db_realistic,astar,29,input:w1->waksman_9x9_s0_w0_1.add,input:w5->waksman_9x9_s0_w4_5.add,584.0,324.0,13.0,176.0,104.0,21.0,4.0,4.0,1,0,1,1,0,1,1,1,1
crossing,waksman,9,C_db_realistic,astar,30,input:w2->waksman_9x9_s0_w2_3.in,input:w3->waksman_9x9_s0_w2_3.add,289.0,384.0,4.0,28.0,39.0,25.0,8.0,8.0,0,1,1,1,1,1,1,1,1
crossing,waksman,9,C_db_realistic,astar,31,input:w2->waksman_9x9_s0_w2_3.in,input:w3->waksman_9x9_s0_w2_3.add,289.0,380.0,4.0,24.0,43.0,68.0,12.0,12.0,0,1,1,0,1,1,1,1,1
crossing,waksman,9,C_db_realistic,astar,32,input:w2->waksman_9x9_s0_w2_3.in,input:w3->waksman_9x9_s0_w2_3.add,376.0,401.0,27.294688127912362,47.0,9.0,79.0,40.0,9.0,0,0,0,1,0,1,1,0,1
crossing,waksman,9,C_db_realistic,astar,33,input:w2->waksman_9x9_s0_w2_3.in,input:w3->waksman_9x9_s0_w2_3.add,352.0,352.0,28.0,40.0,92.0,232.0,5.0,5.0,0,0,0,1,0,1,1,0,1
crossing,waksman,9,C_db_realistic,astar,34,input:w2->waksman_9x9_s0_w2_3.in,input:w3->waksman_9x9_s0_w2_3.add,352.0,380.0,8.0,12.0,120.0,5.0,75.0,5.0,0,0,0,1,1,1,1,1,1
crossing,waksman,9,C_db_realistic,astar,35,input:w2->waksman_9x9_s0_w2_3.in,input:w3->waksman_9x9_s0_w2_3.add,753.0,239.0,13.0,153.0,532.0,43.0,117.0,43.0,0,0,0,0,0,0,0,1,1
crossing,waksman,9,C_db_realistic,astar,36,input:w2->waksman_9x9_s0_w2_3.in,input:w3->waksman_9x9_s0_w2_3.add,1285.0,335.0,79.0,96.0,109.0,157.0,232.0,96.0,0,0,0,0,0,0,0,0,0
crossing,waksman,9,C_db_realistic,astar,37,input:w2->waksman_9x9_s0_w2_3.in,input:w3->waksman_9x9_s0_w2_3.add,1432.0,356.0,80.0,72.0,85.0,8.0,21.0,8.0,0,0,0,1,0,1,1,0,1
crossing,waksman,9,C_db_realistic,astar,38,input:w2->waksman_9x9_s0_w2_3.in,input:w3->waksman_9x9_s0_w2_3.add,57.0,356.0,63.0,37.0,232.0,4.0,21.0,4.0,1,0,1,1,0,1,1,0,1
crossing,waksman,9,C_db_realistic,astar,39,input:w2->waksman_9x9_s0_w2_3.in,input:w3->waksman_9x9_s0_w2_3.add,120.0,356.0,63.0,100.0,169.0,21.0,4.0,4.0,1,0,1,1,0,1,1,0,1
crossing,waksman,9,C_db_realistic,astar,40,input:w2->waksman_9x9_s0_w2_3.in,input:w3->waksman_9x9_s0_w2_3.add,521.0,260.0,4.0,169.0,79.0,85.0,43.0,43.0,0,1,1,0,1,1,0,1,1
crossing,waksman,9,C_db_realistic,astar,41,input:w2->waksman_9x9_s0_w2_3.in,input:w3->waksman_9x9_s0_w2_3.add,1512.0,356.0,80.0,152.0,5.0,21.0,4.0,4.0,1,0,1,1,0,1,1,0,1
crossing,waksman,9,C_db_realistic,astar,42,input:w2->waksman_9x9_s0_w2_3.in,input:w4->waksman_9x9_s0_w4_5.in,357.0,260.0,64.19501538281614,5.0,243.0,64.0,77.0,5.0,0,0,0,1,0,1,1,0,1
crossing,waksman,9,C_db_realistic,astar,43,input:w2->waksman_9x9_s0_w2_3.in,input:w4->waksman_9x9_s0_w4_5.in,973.0,239.0,5.0,373.0,312.0,141.0,43.0,43.0,0,0,0,0,1,1,0,1,1
crossing,waksman,9,C_db_realistic,astar,44,input:w2->waksman_9x9_s0_w2_3.in,input:w5->waksman_9x9_s0_w4_5.add,432.0,260.0,68.0,80.0,168.0,128.0,35.0,35.0,0,0,0,0,0,0,0,0,0
crossing,waksman,9,C_db_realistic,astar,45,input:w2->waksman_9x9_s0_w2_3.in,input:w5->waksman_9x9_s0_w4_5.add,1285.0,256.0,60.207972893961475,17.0,188.0,469.0,227.0,17.0,0,0,0,0,0,0,0,0,0
crossing,waksman,9,C_db_realistic,astar,46,input:w2->waksman_9x9_s0_w2_3.in,input:w6->waksman_9x9_s0_w6_7.in,600.0,256.0,16.492422502470642,4.0,17.0,16.0,8.0,4.0,1,0,1,1,0,1,1,0,1
crossing,waksman,9,C_db_realistic,astar,47,input:w2->waksman_9x9_s0_w2_3.in,input:w6->waksman_9x9_s0_w6_7.in,608.0,239.0,18.788294228055936,8.0,677.0,17.0,32.0,8.0,0,0,0,1,0,1,1,0,1
crossing,waksman,9,C_db_realistic,astar,48,input:w2->waksman_9x9_s0_w2_3.in,input:w6->waksman_9x9_s0_w6_7.in,529.0,260.0,8.0,177.0,71.0,4.0,13.0,4.0,1,0,1,1,1,1,1,1,1
crossing,waksman,9,C_db_realistic,astar,49,input:w2->waksman_9x9_s0_w2_3.in,input:w6->waksman_9x9_s0_w6_7.in,584.0,260.0,16.492422502470642,232.0,16.0,13.0,4.0,4.0,1,0,1,1,0,1,1,0,1
crossing,waksman,9,C_db_realistic,astar,50,input:w2->waksman_9x9_s0_w2_3.in,input:w8->waksman_9x9_s3_w0_8.add,821.0,239.0,21.587033144922902,221.0,464.0,51.0,13.0,13.0,0,0,0,0,0,0,1,0,1
crossing,waksman,9,C_db_realistic,astar,51,input:w2->waksman_9x9_s0_w2_3.in,input:w8->waksman_9x9_s3_w0_8.add,968.0,239.0,5.0,368.0,317.0,34.0,239.0,34.0,0,0,0,0,1,1,0,1,1
crossing,waksman,9,C_db_realistic,astar,52,input:w3->waksman_9x9_s0_w2_3.add,input:w4->waksman_9x9_s0_w4_5.in,521.0,337.0,8.0,8.0,120.0,164.0,68.0,8.0,0,0,0,1,1,1,1,1,1
crossing,waksman,9,C_db_realistic,astar,53,input:w3->waksman_9x9_s0_w2_3.add,input:w4->waksman_9x9_s0_w4_5.in,753.0,401.0,13.0,17.0,8.0,232.0,295.0,8.0,0,0,0,1,0,1,1,1,1
crossing,waksman,9,C_db_realistic,astar,54,input:w3->waksman_9x9_s0_w2_3.add,input:w5->waksman_9x9_s0_w4_5.add,521.0,295.0,21.0,50.0,78.0,89.0,68.0,50.0,0,0,0,0,0,0,0,0,0
crossing,waksman,9,C_db_realistic,astar,55,input:w3->waksman_9x9_s0_w2_3.add,input:w5->waksman_9x9_s0_w4_5.add,521.0,320.0,4.0,25.0,103.0,25.0,8.0,8.0,0,1,1,1,1,1,1,1,1
crossing,waksman,9,C_db_realistic,astar,56,input:w3->waksman_9x9_s0_w2_3.add,input:w5->waksman_9x9_s0_w4_5.add,521.0,316.0,4.0,29.0,99.0,68.0,12.0,12.0,0,1,1,0,1,1,1,1,1
crossing,waksman,9,C_db_realistic,astar,57,input:w3->waksman_9x9_s0_w2_3.add,input:w5->waksman_9x9_s0_w4_5.add,753.0,320.0,47.0,124.0,36.0,169.0,63.0,36.0,0,0,0,0,0,0,0,0,0
crossing,waksman,9,C_db_realistic,astar,58,input:w3->waksman_9x9_s0_w2_3.add,input:w6->waksman_9x9_s0_w6_7.in,521.0,256.0,4.0,89.0,39.0,25.0,8.0,8.0,0,1,1,1,1,1,1,1,1
crossing,waksman,9,C_db_realistic,astar,59,input:w3->waksman_9x9_s0_w2_3.add,input:w6->waksman_9x9_s0_w6_7.in,521.0,252.0,4.0,93.0,35.0,68.0,12.0,12.0,0,1,1,0,1,1,1,1,1
crossing,waksman,9,C_db_realistic,astar,60,input:w3->waksman_9x9_s0_w2_3.add,input:w6->waksman_9x9_s0_w6_7.in,529.0,196.0,25.317977802344327,20.0,224.0,4.0,32.0,4.0,1,0,1,1,0,1,1,0,1
crossing,waksman,9,C_db_realistic,astar,61,input:w3->waksman_9x9_s0_w2_3.add,input:w6->waksman_9x9_s0_w6_7.in,584.0,196.0,4.0,75.0,169.0,11.0,21.0,11.0,0,1,1,0,1,1,1,1,1
crossing,waksman,9,C_db_realistic,astar,62,input:w3->waksman_9x9_s0_w2_3.add,input:w7->waksman_9x9_s0_w6_7.add,521.0,224.0,8.0,121.0,7.0,17.0,56.0,7.0,0,0,0,1,1,1,1,1,1
crossing,waksman,9,C_db_realistic,astar,63,input:w3->waksman_9x9_s0_w2_3.add,input:w7->waksman_9x9_s0_w6_7.add,577.0,196.0,7.0,68.0,176.0,28.0,4.0,4.0,1,0,1,1,1,1,1,1,1
crossing,waksman,9,C_db_realistic,astar,64,input:w3->waksman_9x9_s0_w2_3.add,input:w8->waksman_9x9_s3_w0_8.add,753.0,273.0,13.0,77.0,83.0,17.0,215.0,17.0,0,0,0,0,0,0,0,1,1
crossing,waksman,9,C_db_realistic,astar,65,input:w3->waksman_9x9_s0_w2_3.add,input:w8->waksman_9x9_s3_w0_8.add,753.0,252.0,8.0,56.0,104.0,68.0,17.0,17.0,0,0,0,0,1,1,0,1,1
crossing,waksman,9,C_db_realistic,astar,66,input:w4->waksman_9x9_s0_w4_5.in,input:w5->waksman_9x9_s0_w4_5.add,529.0,337.0,8.0,172.0,60.0,17.0,8.0,8.0,0,0,0,1,1,1,1,1,1
crossing,waksman,9,C_db_realistic,astar,67,input:w4->waksman_9x9_s0_w4_5.in,input:w5->waksman_9x9_s0_w4_5.add,584.0,337.0,13.0,227.0,5.0,8.0,17.0,5.0,0,0,0,1,0,1,1,1,1
crossing,waksman,9,C_db_realistic,astar,68,input:w4->waksman_9x9_s0_w4_5.in,input:w5->waksman_9x9_s0_w4_5.add,973.0,256.0,5.0,124.0,60.0,157.0,539.0,60.0,0,0,0,0,1,1,0,1,1
crossing,waksman,9,C_db_realistic,astar,69,input:w4->waksman_9x9_s0_w4_5.in,input:w5->waksman_9x9_s0_w4_5.add,57.0,228.0,63.0,37.0,220.0,4.0,21.0,4.0,1,0,1,1,0,1,1,0,1
crossing,waksman,9,C_db_realistic,astar,70,input:w4->waksman_9x9_s0_w4_5.in,input:w5->waksman_9x9_s0_w4_5.add,120.0,228.0,63.0,100.0,157.0,21.0,4.0,4.0,1,0,1,1,0,1,1,0,1
crossing,waksman,9,C_db_realistic,astar,71,input:w4->waksman_9x9_s0_w4_5.in,input:w5->waksman_9x9_s0_w4_5.add,1512.0,228.0,128.0,227.0,5.0,28.0,4.0,4.0,1,0,1,1,0,1,1,0,1
crossing,waksman,9,C_db_realistic,astar,72,input:w4->waksman_9x9_s0_w4_5.in,input:w6->waksman_9x9_s0_w6_7.in,1200.0,196.0,80.0,227.0,85.0,8.0,21.0,8.0,0,0,0,1,0,1,1,0,1
crossing,waksman,9,C_db_realistic,astar,73,input:w4->waksman_9x9_s0_w4_5.in,input:w6->waksman_9x9_s0_w6_7.in,289.0,196.0,63.0,12.0,68.0,4.0,21.0,4.0,1,0,1,1,0,1,1,0,1
crossing,waksman,9,C_db_realistic,astar,74,input:w4->waksman_9x9_s0_w4_5.in,input:w6->waksman_9x9_s0_w6_7.in,352.0,196.0,51.0,75.0,5.0,21.0,4.0,4.0,1,0,1,1,0,1,1,0,1
crossing,waksman,9,C_db_realistic,astar,75,input:w4->waksman_9x9_s0_w4_5.in,input:w6->waksman_9x9_s0_w6_7.in,1280.0,196.0,60.207972893961475,307.0,5.0,21.0,4.0,4.0,1,0,1,1,0,1,1,0,1
crossing,waksman,9,C_db_realistic,astar,76,input:w5->waksman_9x9_s0_w4_5.add,input:w6->waksman_9x9_s0_w6_7.in,120.0,100.0,63.0,53.0,4.0,100.0,5.0,4.0,1,0,1,1,0,1,1,0,1
crossing,waksman,9,C_db_realistic,astar,77,input:w5->waksman_9x9_s0_w4_5.add,input:w6->waksman_9x9_s0_w6_7.in,432.0,192.0,68.0,60.0,103.0,80.0,97.0,60.0,0,0,0,0,0,0,0,0,0
crossing,waksman,9,C_db_realistic,astar,78,input:w5->waksman_9x9_s0_w4_5.add,input:w7->waksman_9x9_s0_w6_7.add,144.0,160.0,64.62197768561404,64.0,7.0,87.0,208.0,7.0,0,0,0,1,0,1,1,0,1
crossing,waksman,9,C_db_realistic,astar,79,input:w5->waksman_9x9_s0_w4_5.add,input:w7->waksman_9x9_s0_w6_7.add,352.0,132.0,13.0,216.0,80.0,28.0,4.0,4.0,1,0,1,1,0,1,1,1,1
crossing,waksman,9,C_db_realistic,astar,80,input:w5->waksman_9x9_s0_w4_5.add,input:w8->waksman_9x9_s3_w0_8.add,816.0,273.0,13.0,47.0,17.0,80.0,152.0,17.0,0,0,0,0,0,0,0,1,1
crossing,waksman,9,C_db_realistic,astar,81,input:w5->waksman_9x9_s0_w4_5.add,input:w8->waksman_9x9_s3_w0_8.add,968.0,256.0,5.0,152.0,544.0,17.0,256.0,17.0,0,0,0,0,1,1,0,1,1
crossing,waksman,9,C_db_realistic,astar,82,input:w6->waksman_9x9_s0_w6_7.in,input:w7->waksman_9x9_s0_w6_7.add,352.0,145.0,13.0,227.0,5.0,15.0,17.0,5.0,0,0,0,1,0,1,1,1,1
crossing,waksman,9,C_db_realistic,astar,83,input:w6->waksman_9x9_s0_w6_7.in,input:w7->waksman_9x9_s0_w6_7.add,504.0,192.0,25.317977802344327,152.0,25.0,4.0,32.0,4.0,1,0,1,1,0,1,1,0,1
crossing,waksman,9,C_db_realistic,astar,84,input:w6->waksman_9x9_s0_w6_7.in,input:w7->waksman_9x9_s0_w6_7.add,529.0,224.0,8.0,32.0,4.0,25.0,48.0,4.0,1,0,1,1,1,1,1,1,1
crossing,waksman,9,C_db_realistic,astar,85,input:w6->waksman_9x9_s0_w6_7.in,input:w7->waksman_9x9_s0_w6_7.add,584.0,192.0,4.0,15.0,17.0,7.0,264.0,7.0,0,1,1,1,1,1,1,1,1
crossing,waksman,9,C_db_realistic,astar,86,input:w6->waksman_9x9_s0_w6_7.in,input:w7->waksman_9x9_s0_w6_7.add,584.0,188.0,4.0,19.0,13.0,5.0,80.0,5.0,0,1,1,1,1,1,1,1,1
crossing,waksman,9,C_db_realistic,astar,87,input:w6->waksman_9x9_s0_w6_7.in,input:w7->waksman_9x9_s0_w6_7.add,589.0,175.0,11.0,5.0,696.0,70.0,13.0,5.0,0,0,0,1,0,1,1,1,1
crossing,waksman,9,C_db_realistic,astar,88,input:w6->waksman_9x9_s0_w6_7.in,input:w7->waksman_9x9_s0_w6_7.add,848.0,175.0,31.906112267087632,264.0,437.0,17.0,96.0,17.0,0,0,0,0,0,0,0,0,0
crossing,waksman,9,C_db_realistic,astar,89,input:w6->waksman_9x9_s0_w6_7.in,input:w7->waksman_9x9_s0_w6_7.add,1437.0,121.0,77.88452991448301,71.0,21.0,5.0,75.0,5.0,0,0,0,1,0,1,1,0,1
crossing,waksman,9,C_db_realistic,astar,90,input:w6->waksman_9x9_s0_w6_7.in,input:w7->waksman_9x9_s0_w6_7.add,57.0,100.0,63.0,37.0,68.0,4.0,60.0,4.0,1,0,1,1,0,1,1,0,1
crossing,waksman,9,C_db_realistic,astar,91,input:w6->waksman_9x9_s0_w6_7.in,input:w7->waksman_9x9_s0_w6_7.add,1512.0,100.0,77.88452991448301,75.0,5.0,21.0,4.0,4.0,1,0,1,1,0,1,1,0,1
crossing,waksman,9,C_db_realistic,astar,92,input:w6->waksman_9x9_s0_w6_7.in,input:w8->waksman_9x9_s3_w0_8.add,600.0,175.0,11.0,16.0,685.0,175.0,13.0,13.0,0,0,0,0,0,0,1,1,1
crossing,waksman,9,C_db_realistic,astar,93,input:w6->waksman_9x9_s0_w6_7.in,input:w8->waksman_9x9_s3_w0_8.add,968.0,175.0,64.0,384.0,317.0,98.0,175.0,98.0,0,0,0,0,0,0,0,0,0
crossing,waksman,9,C_db_realistic,astar,94,input:w7->waksman_9x9_s0_w6_7.add,input:w8->waksman_9x9_s3_w0_8.add,821.0,192.0,31.906112267087632,244.0,27.0,4.0,60.0,4.0,1,0,1,1,0,1,1,0,1
crossing,waksman,9,C_db_realistic,astar,95,input:w7->waksman_9x9_s0_w6_7.add,input:w8->waksman_9x9_s3_w0_8.add,968.0,79.0,96.0,120.0,549.0,194.0,79.0,79.0,0,0,0,0,0,0,0,0,0
crossing,waksman,10,B_db_placeholder,astar,0,input:w0->waksman_10x10_s0_w0_1.in,input:w1->waksman_10x10_s0_w0_1.add,40.0,548.0,128.0,20.0,237.0,8.0,13.0,8.0,0,0,0,1,0,1,1,0,1
crossing,waksman,10,B_db_placeholder,astar,1,input:w0->waksman_10x10_s0_w0_1.in,input:w1->waksman_10x10_s0_w0_1.add,200.0,548.0,77.78174593052023,180.0,77.0,13.0,96.0,13.0,0,0,0,0,0,0,1,0,1
crossing,waksman,10,B_db_placeholder,astar,2,input:w0->waksman_10x10_s0_w0_1.in,input:w1->waksman_10x10_s0_w0_1.add,1432.0,548.0,85.98837130682264,147.0,85.0,8.0,13.0,8.0,0,0,0,1,0,1,1,0,1
crossing,waksman,10,B_db_placeholder,astar,3,input:w0->waksman_10x10_s0_w0_1.in,input:w1->waksman_10x10_s0_w0_1.add,1517.0,561.0,85.98837130682264,13.0,15.0,85.0,30.0,13.0,0,0,0,0,0,0,1,0,1
crossing,waksman,10,B_db_placeholder,astar,4,input:w0->waksman_10x10_s0_w0_1.in,input:w2->waksman_10x10_s0_w2_3.in,277.0,537.0,72.17340230306452,11.0,21.0,5.0,147.0,5.0,0,0,0,1,0,1,1,0,1
crossing,waksman,10,B_db_placeholder,astar,5,input:w0->waksman_10x10_s0_w0_1.in,input:w2->waksman_10x10_s0_w2_3.in,424.0,516.0,79.61155694998057,147.0,85.0,21.0,192.0,21.0,0,0,0,0,0,0,0,0,0
crossing,waksman,10,B_db_placeholder,astar,6,input:w0->waksman_10x10_s0_w0_1.in,input:w2->waksman_10x10_s0_w2_3.in,728.0,452.0,13.0,219.0,13.0,128.0,35.0,13.0,0,0,0,0,0,0,1,1,1
crossing,waksman,10,B_db_placeholder,astar,7,input:w0->waksman_10x10_s0_w0_1.in,input:w2->waksman_10x10_s0_w2_3.in,1053.0,487.0,22.0,35.0,29.0,325.0,232.0,29.0,0,0,0,0,0,0,0,0,0
crossing,waksman,10,B_db_placeholder,astar,8,input:w0->waksman_10x10_s0_w0_1.in,input:w2->waksman_10x10_s0_w2_3.in,1200.0,516.0,64.0,147.0,85.0,8.0,21.0,8.0,0,0,0,1,0,1,1,0,1
crossing,waksman,10,B_db_placeholder,astar,9,input:w0->waksman_10x10_s0_w0_1.in,input:w2->waksman_10x10_s0_w2_3.in,1280.0,516.0,80.0,227.0,5.0,21.0,4.0,4.0,1,0,1,1,0,1,1,0,1
crossing,waksman,10,B_db_placeholder,astar,10,input:w0->waksman_10x10_s0_w0_1.in,input:w4->waksman_10x10_s0_w4_5.in,509.0,465.0,64.19501538281614,51.0,13.0,5.0,363.0,5.0,0,0,0,1,0,1,1,0,1
crossing,waksman,10,B_db_placeholder,astar,11,input:w0->waksman_10x10_s0_w0_1.in,input:w4->waksman_10x10_s0_w4_5.in,872.0,452.0,93.5200513259055,51.0,181.0,13.0,21.0,13.0,0,0,0,0,0,0,1,0,1
crossing,waksman,10,B_db_placeholder,astar,12,input:w0->waksman_10x10_s0_w0_1.in,input:w4->waksman_10x10_s0_w4_5.in,968.0,452.0,64.0,147.0,85.0,8.0,13.0,8.0,0,0,0,1,0,1,1,0,1
crossing,waksman,10,B_db_placeholder,astar,13,input:w0->waksman_10x10_s0_w0_1.in,input:w4->waksman_10x10_s0_w4_5.in,1053.0,465.0,22.0,13.0,51.0,85.0,75.0,13.0,0,0,0,0,0,0,1,0,1
crossing,waksman,10,B_db_placeholder,astar,14,input:w0->waksman_10x10_s0_w0_1.in,input:w5->waksman_10x10_s0_w4_5.add,741.0,367.0,13.0,85.0,43.0,53.0,312.0,43.0,0,0,0,0,0,0,0,1,1
crossing,waksman,10,B_db_placeholder,astar,15,input:w0->waksman_10x10_s0_w0_1.in,input:w5->waksman_10x10_s0_w4_5.add,821.0,367.0,12.0,43.0,85.0,133.0,232.0,43.0,0,0,0,0,0,0,0,1,1
crossing,waksman,10,B_db_placeholder,astar,16,input:w0->waksman_10x10_s0_w0_1.in,input:w8->waksman_10x10_s0_w8_9.in,821.0,337.0,12.0,13.0,115.0,68.0,243.0,13.0,0,0,0,0,0,0,1,1,1
crossing,waksman,10,B_db_placeholder,astar,17,input:w0->waksman_10x10_s0_w0_1.in,input:w8->waksman_10x10_s0_w8_9.in,753.0,324.0,17.46424919657298,12.0,68.0,4.0,13.0,4.0,1,0,1,1,0,1,1,0,1
crossing,waksman,10,B_db_placeholder,astar,18,input:w1->waksman_10x10_s0_w0_1.add,input:w2->waksman_10x10_s0_w2_3.in,200.0,465.0,72.0,96.0,13.0,75.0,157.0,13.0,0,0,0,0,0,0,1,0,1
crossing,waksman,10,B_db_placeholder,astar,19,input:w1->waksman_10x10_s0_w0_1.add,input:w2->waksman_10x10_s0_w2_3.in,424.0,388.0,13.0,55.0,177.0,149.0,64.0,55.0,0,0,0,0,0,0,0,1,1
crossing,waksman,10,B_db_placeholder,astar,20,input:w1->waksman_10x10_s0_w0_1.add,input:w2->waksman_10x10_s0_w2_3.in,601.0,324.0,8.0,64.0,64.0,177.0,127.0,64.0,0,0,0,0,1,1,0,1,1
crossing,waksman,10,B_db_placeholder,astar,21,input:w1->waksman_10x10_s0_w0_1.add,input:w2->waksman_10x10_s0_w2_3.in,1437.0,452.0,11.0,372.0,80.0,60.0,32.0,32.0,0,0,0,0,0,0,0,1,1
crossing,waksman,10,B_db_placeholder,astar,22,input:w1->waksman_10x10_s0_w0_1.add,input:w3->waksman_10x10_s0_w2_3.add,272.0,452.0,13.0,72.0,97.0,8.0,21.0,8.0,0,0,0,1,0,1,1,1,1
crossing,waksman,10,B_db_placeholder,astar,23,input:w1->waksman_10x10_s0_w0_1.add,input:w3->waksman_10x10_s0_w2_3.add,376.0,388.0,13.0,7.0,225.0,85.0,128.0,7.0,0,0,0,1,0,1,1,1,1
crossing,waksman,10,B_db_placeholder,astar,24,input:w1->waksman_10x10_s0_w0_1.add,input:w3->waksman_10x10_s0_w2_3.add,601.0,303.0,7.0,85.0,43.0,12.0,684.0,12.0,0,0,0,0,1,1,1,1,1
crossing,waksman,10,B_db_placeholder,astar,25,input:w1->waksman_10x10_s0_w0_1.add,input:w3->waksman_10x10_s0_w2_3.add,833.0,303.0,12.0,43.0,85.0,244.0,452.0,43.0,0,0,0,0,0,0,0,1,1
crossing,waksman,10,B_db_placeholder,astar,26,input:w1->waksman_10x10_s0_w0_1.add,input:w3->waksman_10x10_s0_w2_3.add,1200.0,452.0,64.0,135.0,317.0,8.0,13.0,8.0,0,0,0,1,0,1,1,0,1
crossing,waksman,10,B_db_placeholder,astar,27,input:w1->waksman_10x10_s0_w0_1.add,input:w3->waksman_10x10_s0_w2_3.add,1416.0,452.0,21.0,351.0,101.0,13.0,53.0,13.0,0,0,0,0,0,0,1,0,1
crossing,waksman,10,B_db_placeholder,astar,28,input:w1->waksman_10x10_s0_w0_1.add,input:w4->waksman_10x10_s0_w4_5.in,369.0,401.0,7.0,51.0,13.0,12.0,220.0,12.0,0,0,0,0,1,1,1,1,1
crossing,waksman,10,B_db_placeholder,astar,29,input:w1->waksman_10x10_s0_w0_1.add,input:w4->waksman_10x10_s0_w4_5.in,1128.0,452.0,72.0,63.0,389.0,13.0,192.0,13.0,0,0,0,0,0,0,1,0,1
crossing,waksman,10,B_db_placeholder,astar,30,input:w1->waksman_10x10_s0_w0_1.add,input:w5->waksman_10x10_s0_w4_5.add,504.0,388.0,13.0,135.0,97.0,8.0,21.0,8.0,0,0,0,1,0,1,1,1,1
crossing,waksman,10,B_db_placeholder,astar,31,input:w1->waksman_10x10_s0_w0_1.add,input:w5->waksman_10x10_s0_w4_5.add,833.0,367.0,12.0,107.0,21.0,145.0,220.0,21.0,0,0,0,0,0,0,0,1,1
crossing,waksman,10,B_db_placeholder,astar,32,input:w1->waksman_10x10_s0_w0_1.add,input:w5->waksman_10x10_s0_w4_5.add,968.0,388.0,64.0,135.0,97.0,8.0,21.0,8.0,0,0,0,1,0,1,1,0,1
crossing,waksman,10,B_db_placeholder,astar,33,input:w1->waksman_10x10_s0_w0_1.add,input:w5->waksman_10x10_s0_w4_5.add,1065.0,409.0,57.271284253105414,21.0,43.0,97.0,7.0,7.0,0,0,0,1,0,1,1,0,1
crossing,waksman,10,B_db_placeholder,astar,34,input:w1->waksman_10x10_s0_w0_1.add,input:w6->waksman_10x10_s0_w6_7.in,601.0,288.0,7.0,100.0,28.0,329.0,7.0,7.0,0,0,0,1,1,1,1,1,1
crossing,waksman,10,B_db_placeholder,astar,35,input:w1->waksman_10x10_s0_w0_1.add,input:w6->waksman_10x10_s0_w6_7.in,601.0,316.0,8.0,72.0,56.0,7.0,97.0,7.0,0,0,0,1,1,1,1,1,1
crossing,waksman,10,B_db_placeholder,astar,36,input:w1->waksman_10x10_s0_w0_1.add,input:w6->waksman_10x10_s0_w6_7.in,601.0,337.0,13.0,51.0,77.0,97.0,135.0,51.0,0,0,0,0,0,0,0,1,1
crossing,waksman,10,B_db_placeholder,astar,37,input:w1->waksman_10x10_s0_w0_1.add,input:w6->waksman_10x10_s0_w6_7.in,736.0,260.0,4.0,135.0,97.0,77.0,21.0,21.0,0,1,1,0,1,1,0,1,1
crossing,waksman,10,B_db_placeholder,astar,38,input:w1->waksman_10x10_s0_w0_1.add,input:w7->waksman_10x10_s0_w6_7.add,601.0,281.0,7.0,107.0,21.0,97.0,127.0,21.0,0,0,0,0,1,1,0,1,1
crossing,waksman,10,B_db_placeholder,astar,39,input:w1->waksman_10x10_s0_w0_1.add,input:w7->waksman_10x10_s0_w6_7.add,728.0,260.0,4.0,127.0,105.0,21.0,85.0,21.0,0,1,1,0,1,1,0,1,1
crossing,waksman,10,B_db_placeholder,astar,40,input:w1->waksman_10x10_s0_w0_1.add,input:w8->waksman_10x10_s0_w8_9.in,833.0,337.0,12.0,77.0,51.0,80.0,231.0,51.0,0,0,0,0,0,0,0,1,1
crossing,waksman,10,B_db_placeholder,astar,41,input:w1->waksman_10x10_s0_w0_1.add,input:w8->waksman_10x10_s0_w8_9.in,753.0,260.0,17.0,152.0,80.0,4.0,32.0,4.0,1,0,1,1,0,1,1,0,1
crossing,waksman,10,B_db_placeholder,astar,42,input:w1->waksman_10x10_s0_w0_1.add,input:w9->waksman_10x10_s0_w8_9.add,720.0,260.0,4.0,119.0,113.0,8.0,28.0,8.0,0,1,1,1,1,1,1,1,1
crossing,waksman,10,B_db_placeholder,astar,43,input:w1->waksman_10x10_s0_w0_1.add,input:w9->waksman_10x10_s0_w8_9.add,833.0,288.0,15.0,28.0,100.0,113.0,175.0,28.0,0,0,0,0,0,0,0,0,0
crossing,waksman,10,B_db_placeholder,astar,44,input:w2->waksman_10x10_s0_w2_3.in,input:w3->waksman_10x10_s0_w2_3.add,40.0,420.0,87.55569655939013,20.0,85.0,8.0,21.0,8.0,0,0,0,1,0,1,1,0,1
crossing,waksman,10,B_db_placeholder,astar,45,input:w2->waksman_10x10_s0_w2_3.in,input:w3->waksman_10x10_s0_w2_3.add,125.0,441.0,78.74642849044012,21.0,24.0,85.0,131.0,21.0,0,0,0,0,0,0,0,0,0
crossing,waksman,10,B_db_placeholder,astar,46,input:w2->waksman_10x10_s0_w2_3.in,input:w3->waksman_10x10_s0_w2_3.add,272.0,465.0,13.0,147.0,85.0,21.0,8.0,8.0,0,0,0,1,0,1,1,1,1
crossing,waksman,10,B_db_placeholder,astar,47,input:w2->waksman_10x10_s0_w2_3.in,input:w3->waksman_10x10_s0_w2_3.add,357.0,473.0,72.99315036357864,8.0,35.0,85.0,19.0,8.0,0,0,0,1,0,1,1,0,1
crossing,waksman,10,B_db_placeholder,astar,48,input:w2->waksman_10x10_s0_w2_3.in,input:w3->waksman_10x10_s0_w2_3.add,1437.0,441.0,11.0,71.0,21.0,5.0,110.0,5.0,0,0,0,1,0,1,1,1,1
crossing,waksman,10,B_db_placeholder,astar,49,input:w2->waksman_10x10_s0_w2_3.in,input:w3->waksman_10x10_s0_w2_3.add,1517.0,441.0,80.0,21.0,7.0,85.0,30.0,7.0,0,0,0,1,0,1,1,0,1
crossing,waksman,10,B_db_placeholder,astar,50,input:w2->waksman_10x10_s0_w2_3.in,input:w4->waksman_10x10_s0_w4_5.in,424.0,401.0,13.0,136.0,77.0,67.0,165.0,67.0,0,0,0,0,0,0,0,1,1
crossing,waksman,10,B_db_placeholder,astar,51,input:w2->waksman_10x10_s0_w2_3.in,input:w4->waksman_10x10_s0_w4_5.in,728.0,465.0,13.0,141.0,22.0,224.0,144.0,22.0,0,0,0,0,0,0,0,1,1
crossing,waksman,10,B_db_placeholder,astar,52,input:w2->waksman_10x10_s0_w2_3.in,input:w5->waksman_10x10_s0_w4_5.add,432.0,324.0,36.0,8.0,296.0,128.0,35.0,8.0,0,0,0,1,0,1,1,0,1
crossing,waksman,10,B_db_placeholder,astar,53,input:w2->waksman_10x10_s0_w2_3.in,input:w5->waksman_10x10_s0_w4_5.add,728.0,367.0,13.0,43.0,120.0,40.0,325.0,40.0,0,0,0,0,0,0,0,1,1
crossing,waksman,10,B_db_placeholder,astar,54,input:w2->waksman_10x10_s0_w2_3.in,input:w6->waksman_10x10_s0_w6_7.in,504.0,324.0,64.0,80.0,224.0,8.0,13.0,8.0,0,0,0,1,0,1,1,0,1
crossing,waksman,10,B_db_placeholder,astar,55,input:w2->waksman_10x10_s0_w2_3.in,input:w6->waksman_10x10_s0_w6_7.in,728.0,337.0,18.788294228055936,13.0,150.0,224.0,8.0,8.0,0,0,0,1,0,1,1,0,1
crossing,waksman,10,B_db_placeholder,astar,56,input:w3->waksman_10x10_s0_w2_3.add,input:w4->waksman_10x10_s0_w4_5.in,376.0,401.0,7.0,72.0,141.0,19.0,213.0,19.0,0,0,0,0,1,1,0,1,1
crossing,waksman,10,B_db_placeholder,astar,57,input:w3->waksman_10x10_s0_w2_3.add,input:w4->waksman_10x10_s0_w4_5.in,1128.0,303.0,56.0,539.0,157.0,162.0,43.0,43.0,0,0,0,0,0,0,0,0,0
crossing,waksman,10,B_db_placeholder,astar,58,input:w3->waksman_10x10_s0_w2_3.add,input:w5->waksman_10x10_s0_w4_5.add,432.0,260.0,28.0,56.0,157.0,64.0,99.0,56.0,0,0,0,0,0,0,0,0,0
crossing,waksman,10,B_db_placeholder,astar,59,input:w3->waksman_10x10_s0_w2_3.add,input:w5->waksman_10x10_s0_w4_5.add,1072.0,303.0,8.0,483.0,213.0,106.0,107.0,106.0,0,0,0,0,1,1,0,1,1
crossing,waksman,10,B_db_placeholder,astar,60,input:w3->waksman_10x10_s0_w2_3.add,input:w6->waksman_10x10_s0_w6_7.in,376.0,288.0,19.0,185.0,28.0,104.0,232.0,28.0,0,0,0,0,0,0,0,0,0
crossing,waksman,10,B_db_placeholder,astar,61,input:w3->waksman_10x10_s0_w2_3.add,input:w6->waksman_10x10_s0_w6_7.in,589.0,288.0,7.0,28.0,15.0,317.0,19.0,15.0,0,0,0,0,1,1,0,1,1
crossing,waksman,10,B_db_placeholder,astar,62,input:w3->waksman_10x10_s0_w2_3.add,input:w6->waksman_10x10_s0_w6_7.in,608.0,303.0,7.0,19.0,677.0,15.0,13.0,13.0,0,0,0,0,1,1,1,1,1
crossing,waksman,10,B_db_placeholder,astar,63,input:w3->waksman_10x10_s0_w2_3.add,input:w6->waksman_10x10_s0_w6_7.in,736.0,303.0,5.0,147.0,549.0,34.0,64.0,34.0,0,0,0,0,1,1,0,1,1
crossing,waksman,10,B_db_placeholder,astar,64,input:w3->waksman_10x10_s0_w2_3.add,input:w7->waksman_10x10_s0_w6_7.add,504.0,260.0,64.0,128.0,85.0,8.0,21.0,8.0,0,0,0,1,0,1,1,0,1
crossing,waksman,10,B_db_placeholder,astar,65,input:w3->waksman_10x10_s0_w2_3.add,input:w7->waksman_10x10_s0_w6_7.add,589.0,281.0,7.0,21.0,22.0,85.0,139.0,21.0,0,0,0,0,1,1,0,1,1
crossing,waksman,10,B_db_placeholder,astar,66,input:w3->waksman_10x10_s0_w2_3.add,input:w8->waksman_10x10_s0_w8_9.in,821.0,303.0,12.0,232.0,464.0,11.0,13.0,11.0,0,0,0,0,0,0,1,1,1
crossing,waksman,10,B_db_placeholder,astar,67,input:w3->waksman_10x10_s0_w2_3.add,input:w8->waksman_10x10_s0_w8_9.in,741.0,303.0,5.0,152.0,544.0,13.0,11.0,11.0,0,0,0,0,1,1,1,1,1
crossing,waksman,10,B_db_placeholder,astar,68,input:w3->waksman_10x10_s0_w2_3.add,input:w8->waksman_10x10_s0_w8_9.in,728.0,303.0,8.0,139.0,557.0,11.0,17.0,11.0,0,0,0,0,1,1,1,1,1
crossing,waksman,10,B_db_placeholder,astar,69,input:w3->waksman_10x10_s0_w2_3.add,input:w8->waksman_10x10_s0_w8_9.in,1064.0,303.0,8.0,475.0,221.0,34.0,239.0,34.0,0,0,0,0,1,1,0,1,1
crossing,waksman,10,B_db_placeholder,astar,70,input:w4->waksman_10x10_s0_w4_5.in,input:w5->waksman_10x10_s0_w4_5.add,40.0,292.0,104.0,20.0,237.0,8.0,21.0,8.0,0,0,0,1,0,1,1,0,1
crossing,waksman,10,B_db_placeholder,astar,71,input:w4->waksman_10x10_s0_w4_5.in,input:w5->waksman_10x10_s0_w4_5.add,144.0,292.0,83.0,124.0,133.0,21.0,96.0,21.0,0,0,0,0,0,0,0,0,0
crossing,waksman,10,B_db_placeholder,astar,72,input:w4->waksman_10x10_s0_w4_5.in,input:w5->waksman_10x10_s0_w4_5.add,504.0,401.0,13.0,147.0,85.0,21.0,8.0,8.0,0,0,0,1,0,1,1,1,1
crossing,waksman,10,B_db_placeholder,astar,73,input:w4->waksman_10x10_s0_w4_5.in,input:w5->waksman_10x10_s0_w4_5.add,589.0,409.0,72.99315036357864,8.0,35.0,85.0,99.0,8.0,0,0,0,1,0,1,1,0,1
crossing,waksman,10,B_db_placeholder,astar,74,input:w4->waksman_10x10_s0_w4_5.in,input:w5->waksman_10x10_s0_w4_5.add,1432.0,292.0,87.55569655939013,147.0,85.0,8.0,21.0,8.0,0,0,0,1,0,1,1,0,1
crossing,waksman,10,B_db_placeholder,astar,75,input:w4->waksman_10x10_s0_w4_5.in,input:w5->waksman_10x10_s0_w4_5.add,1517.0,313.0,87.55569655939013,21.0,7.0,85.0,30.0,7.0,0,0,0,1,0,1,1,0,1
crossing,waksman,10,B_db_placeholder,astar,76,input:w4->waksman_10x10_s0_w4_5.in,input:w6->waksman_10x10_s0_w6_7.in,277.0,288.0,79.1580697086532,4.0,28.0,5.0,331.0,4.0,1,0,1,1,0,1,1,0,1
crossing,waksman,10,B_db_placeholder,astar,77,input:w4->waksman_10x10_s0_w4_5.in,input:w6->waksman_10x10_s0_w6_7.in,357.0,288.0,19.0,28.0,113.0,85.0,251.0,28.0,0,0,0,0,0,0,0,0,0
crossing,waksman,10,B_db_placeholder,astar,78,input:w4->waksman_10x10_s0_w4_5.in,input:w6->waksman_10x10_s0_w6_7.in,1200.0,260.0,64.0,72.0,85.0,8.0,21.0,8.0,0,0,0,1,0,1,1,0,1
crossing,waksman,10,B_db_placeholder,astar,79,input:w4->waksman_10x10_s0_w4_5.in,input:w6->waksman_10x10_s0_w6_7.in,1280.0,260.0,71.55417527999327,152.0,5.0,21.0,4.0,4.0,1,0,1,1,0,1,1,0,1
crossing,waksman,10,B_db_placeholder,astar,80,input:w5->waksman_10x10_s0_w4_5.add,input:w6->waksman_10x10_s0_w6_7.in,144.0,209.0,30.610455730027933,104.0,13.0,19.0,213.0,13.0,0,0,0,0,0,0,1,0,1
crossing,waksman,10,B_db_placeholder,astar,81,input:w5->waksman_10x10_s0_w4_5.add,input:w6->waksman_10x10_s0_w6_7.in,432.0,288.0,28.0,92.0,71.0,160.0,176.0,71.0,0,0,0,0,0,0,0,0,0
crossing,waksman,10,B_db_placeholder,astar,82,input:w5->waksman_10x10_s0_w4_5.add,input:w6->waksman_10x10_s0_w6_7.in,1072.0,239.0,8.0,170.0,43.0,336.0,213.0,43.0,0,0,0,0,1,1,0,1,1
crossing,waksman,10,B_db_placeholder,astar,83,input:w5->waksman_10x10_s0_w4_5.add,input:w6->waksman_10x10_s0_w6_7.in,1437.0,196.0,11.0,365.0,80.0,60.0,32.0,32.0,0,0,0,0,0,0,0,1,1
crossing,waksman,10,B_db_placeholder,astar,84,input:w5->waksman_10x10_s0_w4_5.add,input:w7->waksman_10x10_s0_w6_7.add,272.0,196.0,13.0,128.0,160.0,8.0,35.0,8.0,0,0,0,1,0,1,1,1,1
crossing,waksman,10,B_db_placeholder,astar,85,input:w5->waksman_10x10_s0_w4_5.add,input:w7->waksman_10x10_s0_w6_7.add,432.0,231.0,29.0,35.0,128.0,160.0,157.0,35.0,0,0,0,0,0,0,0,0,0
crossing,waksman,10,B_db_placeholder,astar,86,input:w5->waksman_10x10_s0_w4_5.add,input:w7->waksman_10x10_s0_w6_7.add,1200.0,196.0,64.0,128.0,317.0,8.0,13.0,8.0,0,0,0,1,0,1,1,0,1
crossing,waksman,10,B_db_placeholder,astar,87,input:w5->waksman_10x10_s0_w4_5.add,input:w7->waksman_10x10_s0_w6_7.add,1312.0,196.0,71.55417527999327,240.0,205.0,13.0,53.0,13.0,0,0,0,0,0,0,1,0,1
crossing,waksman,10,B_db_placeholder,astar,88,input:w6->waksman_10x10_s0_w6_7.in,input:w7->waksman_10x10_s0_w6_7.add,40.0,164.0,87.55569655939013,20.0,85.0,8.0,21.0,8.0,0,0,0,1,0,1,1,0,1
crossing,waksman,10,B_db_placeholder,astar,89,input:w6->waksman_10x10_s0_w6_7.in,input:w7->waksman_10x10_s0_w6_7.add,125.0,185.0,30.610455730027933,21.0,24.0,85.0,27.0,21.0,0,0,0,0,0,0,0,0,0
crossing,waksman,10,B_db_placeholder,astar,90,input:w6->waksman_10x10_s0_w6_7.in,input:w7->waksman_10x10_s0_w6_7.add,272.0,209.0,13.0,147.0,85.0,21.0,22.0,21.0,0,0,0,0,0,0,0,1,1
crossing,waksman,10,B_db_placeholder,astar,91,input:w6->waksman_10x10_s0_w6_7.in,input:w7->waksman_10x10_s0_w6_7.add,357.0,231.0,57.0,22.0,21.0,85.0,232.0,21.0,0,0,0,0,0,0,0,0,0
crossing,waksman,10,B_db_placeholder,astar,92,input:w6->waksman_10x10_s0_w6_7.in,input:w7->waksman_10x10_s0_w6_7.add,1437.0,185.0,11.0,71.0,21.0,5.0,110.0,5.0,0,0,0,1,0,1,1,1,1
crossing,waksman,10,B_db_placeholder,astar,93,input:w6->waksman_10x10_s0_w6_7.in,input:w7->waksman_10x10_s0_w6_7.add,1517.0,185.0,80.0,21.0,7.0,85.0,30.0,7.0,0,0,0,1,0,1,1,0,1
crossing,waksman,10,B_db_placeholder,astar,94,input:w6->waksman_10x10_s0_w6_7.in,input:w8->waksman_10x10_s0_w8_9.in,736.0,256.0,4.0,81.0,17.0,136.0,17.0,17.0,0,1,1,0,1,1,0,1,1
crossing,waksman,10,B_db_placeholder,astar,95,input:w6->waksman_10x10_s0_w6_7.in,input:w8->waksman_10x10_s0_w8_9.in,736.0,292.0,4.0,45.0,53.0,5.0,8.0,5.0,0,1,1,1,1,1,1,1,1
crossing,waksman,10,B_db_placeholder,astar,96,input:w6->waksman_10x10_s0_w6_7.in,input:w8->waksman_10x10_s0_w8_9.in,736.0,320.0,17.0,17.0,81.0,8.0,17.0,8.0,0,0,0,1,0,1,1,0,1
crossing,waksman,10,B_db_placeholder,astar,97,input:w6->waksman_10x10_s0_w6_7.in,input:w8->waksman_10x10_s0_w8_9.in,1064.0,239.0,8.0,328.0,221.0,98.0,175.0,98.0,0,0,0,0,1,1,0,1,1
crossing,waksman,10,B_db_placeholder,astar,98,input:w6->waksman_10x10_s0_w6_7.in,input:w9->waksman_10x10_s0_w8_9.add,736.0,252.0,4.0,85.0,13.0,85.0,16.0,13.0,0,1,1,0,1,1,1,1,1
crossing,waksman,10,B_db_placeholder,astar,99,input:w6->waksman_10x10_s0_w6_7.in,input:w9->waksman_10x10_s0_w8_9.add,736.0,288.0,4.0,49.0,49.0,16.0,272.0,16.0,0,1,1,0,1,1,0,1,1
crossing,waksman,10,B_db_placeholder,astar,100,input:w6->waksman_10x10_s0_w6_7.in,input:w9->waksman_10x10_s0_w8_9.add,821.0,239.0,50.44799302251776,85.0,464.0,119.0,13.0,13.0,0,0,0,0,0,0,1,0,1
crossing,waksman,10,B_db_placeholder,astar,101,input:w6->waksman_10x10_s0_w6_7.in,input:w9->waksman_10x10_s0_w8_9.add,1008.0,239.0,56.0,272.0,277.0,49.0,239.0,49.0,0,0,0,0,0,0,0,0,0
crossing,waksman,10,B_db_placeholder,astar,102,input:w7->waksman_10x10_s0_w6_7.add,input:w8->waksman_10x10_s0_w8_9.in,728.0,256.0,4.0,25.0,81.0,128.0,25.0,25.0,0,1,1,0,1,1,0,1,1
crossing,waksman,10,B_db_placeholder,astar,103,input:w7->waksman_10x10_s0_w6_7.add,input:w8->waksman_10x10_s0_w8_9.in,1064.0,175.0,56.0,336.0,221.0,162.0,111.0,111.0,0,0,0,0,0,0,0,0,0
crossing,waksman,10,B_db_placeholder,astar,104,input:w7->waksman_10x10_s0_w6_7.add,input:w9->waksman_10x10_s0_w8_9.add,720.0,281.0,17.46424919657298,216.0,8.0,29.0,7.0,7.0,0,0,0,1,0,1,1,0,1
crossing,waksman,10,B_db_placeholder,astar,105,input:w7->waksman_10x10_s0_w6_7.add,input:w9->waksman_10x10_s0_w8_9.add,728.0,252.0,4.0,29.0,77.0,93.0,8.0,8.0,0,1,1,1,1,1,1,1,1
crossing,waksman,10,B_db_placeholder,astar,106,input:w7->waksman_10x10_s0_w6_7.add,input:w9->waksman_10x10_s0_w8_9.add,821.0,175.0,64.0,93.0,464.0,55.0,77.0,55.0,0,0,0,0,0,0,0,0,0
crossing,waksman,10,B_db_placeholder,astar,107,input:w7->waksman_10x10_s0_w6_7.add,input:w9->waksman_10x10_s0_w8_9.add,1008.0,175.0,56.0,280.0,277.0,113.0,175.0,113.0,0,0,0,0,0,0,0,0,0
crossing,waksman,10,B_db_placeholder,astar,108,input:w8->waksman_10x10_s0_w8_9.in,input:w9->waksman_10x10_s0_w8_9.add,40.0,36.0,128.0,20.0,560.0,8.0,84.0,8.0,0,0,0,1,0,1,1,0,1
crossing,waksman,10,B_db_placeholder,astar,109,input:w8->waksman_10x10_s0_w8_9.in,input:w9->waksman_10x10_s0_w8_9.add,600.0,120.0,161.00310556011024,84.0,136.0,560.0,221.0,84.0,0,0,0,0,0,0,0,0,0
crossing,waksman,10,B_db_placeholder,astar,110,input:w8->waksman_10x10_s0_w8_9.in,input:w9->waksman_10x10_s0_w8_9.add,720.0,256.0,4.0,120.0,33.0,4.0,32.0,4.0,1,1,1,1,1,1,1,1,1
crossing,waksman,10,B_db_placeholder,astar,111,input:w8->waksman_10x10_s0_w8_9.in,input:w9->waksman_10x10_s0_w8_9.add,753.0,288.0,17.0,32.0,4.0,33.0,255.0,4.0,1,0,1,1,0,1,1,0,1
crossing,waksman,11,B_db_placeholder,astar,0,input:w0->waksman_11x11_s0_w0_1.in,input:w1->waksman_11x11_s0_w0_1.add,40.0,612.0,128.0,20.0,237.0,8.0,13.0,8.0,0,0,0,1,0,1,1,0,1
crossing,waksman,11,B_db_placeholder,astar,1,input:w0->waksman_11x11_s0_w0_1.in,input:w1->waksman_11x11_s0_w0_1.add,200.0,612.0,77.78174593052023,180.0,77.0,13.0,96.0,13.0,0,0,0,0,0,0,1,0,1
crossing,waksman,11,B_db_placeholder,astar,2,input:w0->waksman_11x11_s0_w0_1.in,input:w1->waksman_11x11_s0_w0_1.add,1432.0,612.0,85.98837130682264,147.0,85.0,8.0,13.0,8.0,0,0,0,1,0,1,1,0,1
crossing,waksman,11,B_db_placeholder,astar,3,input:w0->waksman_11x11_s0_w0_1.in,input:w1->waksman_11x11_s0_w0_1.add,1517.0,625.0,85.98837130682264,13.0,15.0,85.0,30.0,13.0,0,0,0,0,0,0,1,0,1
crossing,waksman,11,B_db_placeholder,astar,4,input:w0->waksman_11x11_s0_w0_1.in,input:w2->waksman_11x11_s0_w2_3.in,277.0,601.0,72.17340230306452,11.0,21.0,5.0,155.0,5.0,0,0,0,1,0,1,1,0,1
crossing,waksman,11,B_db_placeholder,astar,5,input:w0->waksman_11x11_s0_w0_1.in,input:w2->waksman_11x11_s0_w2_3.in,432.0,580.0,86.45229898620394,155.0,77.0,21.0,192.0,21.0,0,0,0,0,0,0,0,0,0
crossing,waksman,11,B_db_placeholder,astar,6,input:w0->waksman_11x11_s0_w0_1.in,input:w2->waksman_11x11_s0_w2_3.in,1200.0,580.0,53.75872022286245,147.0,85.0,8.0,21.0,8.0,0,0,0,1,0,1,1,0,1
crossing,waksman,11,B_db_placeholder,astar,7,input:w0->waksman_11x11_s0_w0_1.in,input:w2->waksman_11x11_s0_w2_3.in,1280.0,580.0,80.0,227.0,5.0,21.0,4.0,4.0,1,0,1,1,0,1,1,0,1
crossing,waksman,11,B_db_placeholder,astar,8,input:w0->waksman_11x11_s0_w0_1.in,input:w4->waksman_11x11_s0_w4_5.in,509.0,529.0,57.271284253105414,51.0,13.0,5.0,411.0,5.0,0,0,0,1,0,1,1,0,1
crossing,waksman,11,B_db_placeholder,astar,9,input:w0->waksman_11x11_s0_w0_1.in,input:w4->waksman_11x11_s0_w4_5.in,920.0,516.0,48.0,99.0,133.0,13.0,21.0,13.0,0,0,0,0,0,0,1,0,1
crossing,waksman,11,B_db_placeholder,astar,10,input:w0->waksman_11x11_s0_w0_1.in,input:w4->waksman_11x11_s0_w4_5.in,968.0,516.0,48.0,147.0,85.0,8.0,13.0,8.0,0,0,0,1,0,1,1,0,1
crossing,waksman,11,B_db_placeholder,astar,11,input:w0->waksman_11x11_s0_w0_1.in,input:w4->waksman_11x11_s0_w4_5.in,1053.0,529.0,57.271284253105414,13.0,51.0,85.0,75.0,13.0,0,0,0,0,0,0,1,0,1
crossing,waksman,11,B_db_placeholder,astar,12,input:w0->waksman_11x11_s0_w0_1.in,input:w5->waksman_11x11_s0_w4_5.add,741.0,473.0,64.0,43.0,85.0,237.0,43.0,43.0,0,0,0,0,0,0,0,0,0
crossing,waksman,11,B_db_placeholder,astar,13,input:w0->waksman_11x11_s0_w0_1.in,input:w5->waksman_11x11_s0_w4_5.add,821.0,431.0,12.0,43.0,85.0,37.0,232.0,37.0,0,0,0,0,0,0,0,1,1
crossing,waksman,11,B_db_placeholder,astar,14,input:w0->waksman_11x11_s0_w0_1.in,input:w6->waksman_11x11_s0_w6_7.in,741.0,401.0,5.0,115.0,13.0,237.0,323.0,13.0,0,0,0,0,1,1,1,1,1
crossing,waksman,11,B_db_placeholder,astar,15,input:w0->waksman_11x11_s0_w0_1.in,input:w6->waksman_11x11_s0_w6_7.in,821.0,401.0,8.0,13.0,115.0,317.0,243.0,13.0,0,0,0,0,1,1,1,1,1
crossing,waksman,11,B_db_placeholder,astar,16,input:w0->waksman_11x11_s0_w0_1.in,input:w8->waksman_11x11_s0_w8_9.in,741.0,409.0,8.0,107.0,21.0,5.0,227.0,5.0,0,0,0,1,1,1,1,1,1
crossing,waksman,11,B_db_placeholder,astar,17,input:w0->waksman_11x11_s0_w0_1.in,input:w8->waksman_11x11_s0_w8_9.in,821.0,409.0,8.0,21.0,107.0,85.0,147.0,21.0,0,0,0,0,1,1,0,1,1
crossing,waksman,11,B_db_placeholder,astar,18,input:w1->waksman_11x11_s0_w0_1.add,input:w2->waksman_11x11_s0_w2_3.in,200.0,529.0,72.0,96.0,13.0,75.0,157.0,13.0,0,0,0,0,0,0,1,0,1
crossing,waksman,11,B_db_placeholder,astar,19,input:w1->waksman_11x11_s0_w0_1.add,input:w2->waksman_11x11_s0_w2_3.in,432.0,452.0,56.0,63.0,169.0,149.0,64.0,63.0,0,0,0,0,0,0,0,0,0
crossing,waksman,11,B_db_placeholder,astar,20,input:w1->waksman_11x11_s0_w0_1.add,input:w2->waksman_11x11_s0_w2_3.in,601.0,388.0,13.0,64.0,64.0,169.0,4.0,4.0,1,0,1,1,0,1,1,1,1
crossing,waksman,11,B_db_placeholder,astar,21,input:w1->waksman_11x11_s0_w0_1.add,input:w2->waksman_11x11_s0_w2_3.in,605.0,324.0,4.0,4.0,228.0,64.0,64.0,4.0,1,1,1,1,1,1,1,1,1
crossing,waksman,11,B_db_placeholder,astar,22,input:w1->waksman_11x11_s0_w0_1.add,input:w2->waksman_11x11_s0_w2_3.in,1437.0,516.0,11.0,372.0,80.0,60.0,32.0,32.0,0,0,0,0,0,0,0,1,1
crossing,waksman,11,B_db_placeholder,astar,23,input:w1->waksman_11x11_s0_w0_1.add,input:w2->waksman_11x11_s0_w2_3.in,1217.0,516.0,13.0,152.0,300.0,4.0,35.0,4.0,1,0,1,1,0,1,1,1,1
crossing,waksman,11,B_db_placeholder,astar,24,input:w1->waksman_11x11_s0_w0_1.add,input:w3->waksman_11x11_s0_w2_3.add,272.0,516.0,13.0,72.0,97.0,8.0,21.0,8.0,0,0,0,1,0,1,1,1,1
crossing,waksman,11,B_db_placeholder,astar,25,input:w1->waksman_11x11_s0_w0_1.add,input:w3->waksman_11x11_s0_w2_3.add,376.0,452.0,56.0,7.0,225.0,85.0,107.0,7.0,0,0,0,1,0,1,1,0,1
crossing,waksman,11,B_db_placeholder,astar,26,input:w1->waksman_11x11_s0_w0_1.add,input:w3->waksman_11x11_s0_w2_3.add,1200.0,516.0,4.0,135.0,317.0,8.0,13.0,8.0,0,1,1,1,1,1,1,1,1
crossing,waksman,11,B_db_placeholder,astar,27,input:w1->waksman_11x11_s0_w0_1.add,input:w3->waksman_11x11_s0_w2_3.add,1416.0,516.0,21.0,351.0,101.0,13.0,53.0,13.0,0,0,0,0,0,0,1,0,1
crossing,waksman,11,B_db_placeholder,astar,28,input:w1->waksman_11x11_s0_w0_1.add,input:w4->waksman_11x11_s0_w4_5.in,1128.0,516.0,72.0,63.0,389.0,13.0,192.0,13.0,0,0,0,0,0,0,1,0,1
crossing,waksman,11,B_db_placeholder,astar,29,input:w1->waksman_11x11_s0_w0_1.add,input:w4->waksman_11x11_s0_w4_5.in,521.0,452.0,8.0,152.0,80.0,68.0,32.0,32.0,0,0,0,0,1,1,0,1,1
crossing,waksman,11,B_db_placeholder,astar,30,input:w1->waksman_11x11_s0_w0_1.add,input:w5->waksman_11x11_s0_w4_5.add,504.0,452.0,17.0,135.0,97.0,8.0,21.0,8.0,0,0,0,1,0,1,1,0,1
crossing,waksman,11,B_db_placeholder,astar,31,input:w1->waksman_11x11_s0_w0_1.add,input:w5->waksman_11x11_s0_w4_5.add,833.0,431.0,12.0,107.0,21.0,49.0,220.0,21.0,0,0,0,0,0,0,0,1,1
crossing,waksman,11,B_db_placeholder,astar,32,input:w1->waksman_11x11_s0_w0_1.add,input:w5->waksman_11x11_s0_w4_5.add,968.0,452.0,51.0,135.0,97.0,8.0,21.0,8.0,0,0,0,1,0,1,1,0,1
crossing,waksman,11,B_db_placeholder,astar,33,input:w1->waksman_11x11_s0_w0_1.add,input:w5->waksman_11x11_s0_w4_5.add,1065.0,473.0,57.271284253105414,21.0,43.0,97.0,7.0,7.0,0,0,0,1,0,1,1,0,1
crossing,waksman,11,B_db_placeholder,astar,34,input:w1->waksman_11x11_s0_w0_1.add,input:w6->waksman_11x11_s0_w6_7.in,601.0,401.0,13.0,51.0,77.0,97.0,463.0,51.0,0,0,0,0,0,0,0,1,1
crossing,waksman,11,B_db_placeholder,astar,35,input:w1->waksman_11x11_s0_w0_1.add,input:w6->waksman_11x11_s0_w6_7.in,833.0,401.0,8.0,77.0,51.0,329.0,231.0,51.0,0,0,0,0,1,1,0,1,1
crossing,waksman,11,B_db_placeholder,astar,36,input:w1->waksman_11x11_s0_w0_1.add,input:w8->waksman_11x11_s0_w8_9.in,833.0,409.0,8.0,85.0,43.0,97.0,135.0,43.0,0,0,0,0,1,1,0,1,1
crossing,waksman,11,B_db_placeholder,astar,37,input:w1->waksman_11x11_s0_w0_1.add,input:w8->waksman_11x11_s0_w8_9.in,753.0,324.0,8.0,152.0,80.0,68.0,32.0,32.0,0,0,0,0,1,1,0,1,1
crossing,waksman,11,B_db_placeholder,astar,38,input:w1->waksman_11x11_s0_w0_1.add,input:w9->waksman_11x11_s0_w8_9.add,728.0,324.0,4.0,127.0,105.0,8.0,21.0,8.0,0,1,1,1,1,1,1,1,1
crossing,waksman,11,B_db_placeholder,astar,39,input:w1->waksman_11x11_s0_w0_1.add,input:w9->waksman_11x11_s0_w8_9.add,816.0,324.0,21.37755832643195,215.0,17.0,21.0,4.0,4.0,1,0,1,1,0,1,1,0,1
crossing,waksman,11,B_db_placeholder,astar,40,input:w2->waksman_11x11_s0_w2_3.in,input:w3->waksman_11x11_s0_w2_3.add,40.0,484.0,87.55569655939013,20.0,85.0,8.0,21.0,8.0,0,0,0,1,0,1,1,0,1
crossing,waksman,11,B_db_placeholder,astar,41,input:w2->waksman_11x11_s0_w2_3.in,input:w3->waksman_11x11_s0_w2_3.add,125.0,505.0,78.74642849044012,21.0,24.0,85.0,131.0,21.0,0,0,0,0,0,0,0,0,0
crossing,waksman,11,B_db_placeholder,astar,42,input:w2->waksman_11x11_s0_w2_3.in,input:w3->waksman_11x11_s0_w2_3.add,272.0,529.0,13.0,147.0,85.0,21.0,8.0,8.0,0,0,0,1,0,1,1,1,1
crossing,waksman,11,B_db_placeholder,astar,43,input:w2->waksman_11x11_s0_w2_3.in,input:w3->waksman_11x11_s0_w2_3.add,357.0,537.0,85.37564055396598,8.0,35.0,85.0,19.0,8.0,0,0,0,1,0,1,1,0,1
crossing,waksman,11,B_db_placeholder,astar,44,input:w2->waksman_11x11_s0_w2_3.in,input:w3->waksman_11x11_s0_w2_3.add,605.0,303.0,17.0,85.0,43.0,5.0,331.0,5.0,0,0,0,1,0,1,1,0,1
crossing,waksman,11,B_db_placeholder,astar,45,input:w2->waksman_11x11_s0_w2_3.in,input:w3->waksman_11x11_s0_w2_3.add,837.0,303.0,16.0,43.0,85.0,237.0,99.0,43.0,0,0,0,0,0,0,0,0,0
crossing,waksman,11,B_db_placeholder,astar,46,input:w2->waksman_11x11_s0_w2_3.in,input:w3->waksman_11x11_s0_w2_3.add,1200.0,512.0,4.0,32.0,17.0,4.0,17.0,4.0,1,1,1,1,1,1,1,1,1
crossing,waksman,11,B_db_placeholder,astar,47,input:w2->waksman_11x11_s0_w2_3.in,input:w3->waksman_11x11_s0_w2_3.add,1217.0,529.0,13.0,17.0,22.0,17.0,199.0,17.0,0,0,0,0,0,0,0,1,1
crossing,waksman,11,B_db_placeholder,astar,48,input:w2->waksman_11x11_s0_w2_3.in,input:w3->waksman_11x11_s0_w2_3.add,1437.0,505.0,11.0,71.0,21.0,5.0,110.0,5.0,0,0,0,1,0,1,1,1,1
crossing,waksman,11,B_db_placeholder,astar,49,input:w2->waksman_11x11_s0_w2_3.in,input:w3->waksman_11x11_s0_w2_3.add,1517.0,505.0,80.0,21.0,7.0,85.0,30.0,7.0,0,0,0,1,0,1,1,0,1
crossing,waksman,11,B_db_placeholder,astar,50,input:w2->waksman_11x11_s0_w2_3.in,input:w4->waksman_11x11_s0_w4_5.in,1128.0,388.0,21.0,291.0,40.0,141.0,64.0,40.0,0,0,0,0,0,0,0,0,0
crossing,waksman,11,B_db_placeholder,astar,51,input:w2->waksman_11x11_s0_w2_3.in,input:w4->waksman_11x11_s0_w4_5.in,521.0,388.0,8.0,89.0,84.0,4.0,96.0,4.0,1,0,1,1,1,1,1,1,1
crossing,waksman,11,B_db_placeholder,astar,52,input:w2->waksman_11x11_s0_w2_3.in,input:w5->waksman_11x11_s0_w4_5.add,1072.0,388.0,8.0,235.0,96.0,85.0,128.0,85.0,0,0,0,0,1,1,0,1,1
crossing,waksman,11,B_db_placeholder,astar,53,input:w2->waksman_11x11_s0_w2_3.in,input:w5->waksman_11x11_s0_w4_5.add,529.0,388.0,8.0,97.0,76.0,21.0,35.0,21.0,0,0,0,0,1,1,0,1,1
crossing,waksman,11,B_db_placeholder,astar,54,input:w2->waksman_11x11_s0_w2_3.in,input:w6->waksman_11x11_s0_w6_7.in,504.0,388.0,4.0,72.0,101.0,8.0,13.0,8.0,0,1,1,1,1,1,1,1,1
crossing,waksman,11,B_db_placeholder,astar,55,input:w2->waksman_11x11_s0_w2_3.in,input:w6->waksman_11x11_s0_w6_7.in,1064.0,388.0,8.0,227.0,104.0,13.0,8.0,8.0,0,0,0,1,1,1,1,1,1
crossing,waksman,11,B_db_placeholder,astar,56,input:w2->waksman_11x11_s0_w2_3.in,input:w7->waksman_11x11_s0_w6_7.add,605.0,320.0,4.0,68.0,60.0,21.0,131.0,21.0,0,1,1,0,1,1,0,1,1
crossing,waksman,11,B_db_placeholder,astar,57,input:w2->waksman_11x11_s0_w2_3.in,input:w7->waksman_11x11_s0_w6_7.add,736.0,260.0,4.0,131.0,101.0,60.0,21.0,21.0,0,1,1,0,1,1,0,1,1
crossing,waksman,11,B_db_placeholder,astar,58,input:w2->waksman_11x11_s0_w2_3.in,input:w8->waksman_11x11_s0_w8_9.in,968.0,388.0,13.0,131.0,200.0,21.0,288.0,21.0,0,0,0,0,0,0,0,1,1
crossing,waksman,11,B_db_placeholder,astar,59,input:w2->waksman_11x11_s0_w2_3.in,input:w8->waksman_11x11_s0_w8_9.in,753.0,260.0,8.0,148.0,84.0,4.0,96.0,4.0,1,0,1,1,1,1,1,1,1
crossing,waksman,11,B_db_placeholder,astar,60,input:w2->waksman_11x11_s0_w2_3.in,input:w9->waksman_11x11_s0_w8_9.add,837.0,320.0,17.0,60.0,68.0,21.0,123.0,21.0,0,0,0,0,0,0,0,0,0
crossing,waksman,11,B_db_placeholder,astar,61,input:w2->waksman_11x11_s0_w2_3.in,input:w9->waksman_11x11_s0_w8_9.add,761.0,260.0,8.0,156.0,76.0,76.0,35.0,35.0,0,0,0,0,1,1,0,1,1
crossing,waksman,11,B_db_placeholder,astar,62,input:w2->waksman_11x11_s0_w2_3.in,input:w10->waksman_11x11_s1_w8_10.add,728.0,260.0,4.0,123.0,109.0,8.0,13.0,8.0,0,1,1,1,1,1,1,1,1
crossing,waksman,11,B_db_placeholder,astar,63,input:w2->waksman_11x11_s0_w2_3.in,input:w10->waksman_11x11_s1_w8_10.add,837.0,273.0,30.0,13.0,115.0,109.0,115.0,13.0,0,0,0,0,0,0,1,0,1
crossing,waksman,11,B_db_placeholder,astar,64,input:w3->waksman_11x11_s0_w2_3.add,input:w4->waksman_11x11_s0_w4_5.in,496.0,345.0,7.0,120.0,13.0,21.0,39.0,13.0,0,0,0,0,1,1,1,1,1
crossing,waksman,11,B_db_placeholder,astar,65,input:w3->waksman_11x11_s0_w2_3.add,input:w4->waksman_11x11_s0_w4_5.in,1128.0,367.0,21.0,192.0,157.0,162.0,43.0,43.0,0,0,0,0,0,0,0,0,0
crossing,waksman,11,B_db_placeholder,astar,66,input:w3->waksman_11x11_s0_w2_3.add,input:w5->waksman_11x11_s0_w4_5.add,504.0,345.0,7.0,128.0,5.0,85.0,22.0,5.0,0,0,0,1,1,1,1,1,1
crossing,waksman,11,B_db_placeholder,astar,67,input:w3->waksman_11x11_s0_w2_3.add,input:w5->waksman_11x11_s0_w4_5.add,1072.0,367.0,21.0,136.0,213.0,106.0,107.0,106.0,0,0,0,0,0,0,0,0,0
crossing,waksman,11,B_db_placeholder,astar,68,input:w3->waksman_11x11_s0_w2_3.add,input:w6->waksman_11x11_s0_w6_7.in,376.0,352.0,60.08327554319921,185.0,7.0,104.0,213.0,7.0,0,0,0,1,0,1,1,0,1
crossing,waksman,11,B_db_placeholder,astar,69,input:w3->waksman_11x11_s0_w2_3.add,input:w6->waksman_11x11_s0_w6_7.in,973.0,367.0,5.0,37.0,312.0,13.0,64.0,13.0,0,0,0,0,1,1,1,1,1
crossing,waksman,11,B_db_placeholder,astar,70,input:w3->waksman_11x11_s0_w2_3.add,input:w7->waksman_11x11_s0_w6_7.add,509.0,335.0,5.0,10.0,11.0,21.0,20.0,10.0,0,0,0,0,1,1,1,1,1
crossing,waksman,11,B_db_placeholder,astar,71,input:w3->waksman_11x11_s0_w2_3.add,input:w7->waksman_11x11_s0_w6_7.add,600.0,320.0,5.0,4.0,17.0,16.0,136.0,4.0,1,0,1,1,1,1,1,1,1
crossing,waksman,11,B_db_placeholder,astar,72,input:w3->waksman_11x11_s0_w2_3.add,input:w7->waksman_11x11_s0_w6_7.add,736.0,303.0,13.0,136.0,200.0,17.0,64.0,17.0,0,0,0,0,0,0,0,1,1
crossing,waksman,11,B_db_placeholder,astar,73,input:w3->waksman_11x11_s0_w2_3.add,input:w7->waksman_11x11_s0_w6_7.add,584.0,324.0,16.492422502470642,75.0,16.0,21.0,4.0,4.0,1,0,1,1,0,1,1,0,1
crossing,waksman,11,B_db_placeholder,astar,74,input:w3->waksman_11x11_s0_w2_3.add,input:w8->waksman_11x11_s0_w8_9.in,753.0,303.0,13.0,153.0,183.0,47.0,53.0,47.0,0,0,0,0,0,0,0,1,1
crossing,waksman,11,B_db_placeholder,astar,75,input:w3->waksman_11x11_s0_w2_3.add,input:w8->waksman_11x11_s0_w8_9.in,968.0,367.0,5.0,32.0,317.0,42.0,267.0,32.0,0,0,0,0,1,1,0,1,1
crossing,waksman,11,B_db_placeholder,astar,76,input:w3->waksman_11x11_s0_w2_3.add,input:w9->waksman_11x11_s0_w8_9.add,821.0,303.0,16.0,221.0,115.0,8.0,13.0,8.0,0,0,0,1,0,1,1,0,1
crossing,waksman,11,B_db_placeholder,astar,77,input:w3->waksman_11x11_s0_w2_3.add,input:w9->waksman_11x11_s0_w8_9.add,936.0,320.0,56.859475903318,17.0,47.0,120.0,24.0,17.0,0,0,0,0,0,0,0,0,0
crossing,waksman,11,B_db_placeholder,astar,78,input:w4->waksman_11x11_s0_w4_5.in,input:w5->waksman_11x11_s0_w4_5.add,40.0,356.0,104.0,20.0,237.0,8.0,21.0,8.0,0,0,0,1,0,1,1,0,1
crossing,waksman,11,B_db_placeholder,astar,79,input:w4->waksman_11x11_s0_w4_5.in,input:w5->waksman_11x11_s0_w4_5.add,144.0,356.0,83.0,124.0,133.0,21.0,96.0,21.0,0,0,0,0,0,0,0,0,0
crossing,waksman,11,B_db_placeholder,astar,80,input:w4->waksman_11x11_s0_w4_5.in,input:w5->waksman_11x11_s0_w4_5.add,521.0,473.0,21.0,89.0,11.0,17.0,263.0,11.0,0,0,0,0,0,0,1,0,1
crossing,waksman,11,B_db_placeholder,astar,81,input:w4->waksman_11x11_s0_w4_5.in,input:w5->waksman_11x11_s0_w4_5.add,521.0,444.0,8.0,60.0,40.0,68.0,17.0,17.0,0,0,0,0,1,1,0,1,1
crossing,waksman,11,B_db_placeholder,astar,82,input:w4->waksman_11x11_s0_w4_5.in,input:w5->waksman_11x11_s0_w4_5.add,1432.0,356.0,87.55569655939013,147.0,85.0,8.0,21.0,8.0,0,0,0,1,0,1,1,0,1
crossing,waksman,11,B_db_placeholder,astar,83,input:w4->waksman_11x11_s0_w4_5.in,input:w5->waksman_11x11_s0_w4_5.add,1517.0,377.0,87.55569655939013,21.0,7.0,85.0,30.0,7.0,0,0,0,1,0,1,1,0,1
crossing,waksman,11,B_db_placeholder,astar,84,input:w4->waksman_11x11_s0_w4_5.in,input:w6->waksman_11x11_s0_w6_7.in,277.0,352.0,79.1580697086532,4.0,28.0,5.0,312.0,4.0,1,0,1,1,0,1,1,0,1
crossing,waksman,11,B_db_placeholder,astar,85,input:w4->waksman_11x11_s0_w4_5.in,input:w6->waksman_11x11_s0_w6_7.in,496.0,352.0,7.0,28.0,32.0,224.0,93.0,28.0,0,0,0,0,1,1,0,1,1
crossing,waksman,11,B_db_placeholder,astar,86,input:w4->waksman_11x11_s0_w4_5.in,input:w6->waksman_11x11_s0_w6_7.in,504.0,384.0,4.0,8.0,17.0,4.0,17.0,4.0,1,1,1,1,1,1,1,1,1
crossing,waksman,11,B_db_placeholder,astar,87,input:w4->waksman_11x11_s0_w4_5.in,input:w6->waksman_11x11_s0_w6_7.in,521.0,401.0,8.0,17.0,83.0,17.0,543.0,17.0,0,0,0,0,1,1,0,1,1
crossing,waksman,11,B_db_placeholder,astar,88,input:w4->waksman_11x11_s0_w4_5.in,input:w6->waksman_11x11_s0_w6_7.in,1200.0,324.0,64.0,72.0,85.0,8.0,21.0,8.0,0,0,0,1,0,1,1,0,1
crossing,waksman,11,B_db_placeholder,astar,89,input:w4->waksman_11x11_s0_w4_5.in,input:w6->waksman_11x11_s0_w6_7.in,1280.0,324.0,71.55417527999327,152.0,5.0,21.0,4.0,4.0,1,0,1,1,0,1,1,0,1
crossing,waksman,11,B_db_placeholder,astar,90,input:w4->waksman_11x11_s0_w4_5.in,input:w7->waksman_11x11_s0_w6_7.add,488.0,324.0,13.601470508735444,211.0,8.0,8.0,11.0,8.0,0,0,0,1,0,1,1,1,1
crossing,waksman,11,B_db_placeholder,astar,91,input:w4->waksman_11x11_s0_w4_5.in,input:w7->waksman_11x11_s0_w6_7.add,496.0,335.0,8.0,11.0,49.0,8.0,33.0,8.0,0,0,0,1,1,1,1,1,1
crossing,waksman,11,B_db_placeholder,astar,92,input:w5->waksman_11x11_s0_w4_5.add,input:w6->waksman_11x11_s0_w6_7.in,144.0,273.0,30.610455730027933,104.0,13.0,19.0,213.0,13.0,0,0,0,0,0,0,1,0,1
crossing,waksman,11,B_db_placeholder,astar,93,input:w5->waksman_11x11_s0_w4_5.add,input:w6->waksman_11x11_s0_w6_7.in,504.0,352.0,7.0,92.0,15.0,232.0,85.0,15.0,0,0,0,0,1,1,0,1,1
crossing,waksman,11,B_db_placeholder,astar,94,input:w5->waksman_11x11_s0_w4_5.add,input:w6->waksman_11x11_s0_w6_7.in,529.0,401.0,8.0,34.0,22.0,25.0,535.0,22.0,0,0,0,0,1,1,0,1,1
crossing,waksman,11,B_db_placeholder,astar,95,input:w5->waksman_11x11_s0_w4_5.add,input:w6->waksman_11x11_s0_w6_7.in,529.0,380.0,8.0,13.0,43.0,60.0,25.0,13.0,0,0,0,0,1,1,1,1,1
crossing,waksman,11,B_db_placeholder,astar,96,input:w5->waksman_11x11_s0_w4_5.add,input:w6->waksman_11x11_s0_w6_7.in,1072.0,303.0,64.0,170.0,43.0,99.0,213.0,43.0,0,0,0,0,0,0,0,0,0
crossing,waksman,11,B_db_placeholder,astar,97,input:w5->waksman_11x11_s0_w4_5.add,input:w6->waksman_11x11_s0_w6_7.in,1437.0,260.0,11.0,365.0,80.0,60.0,32.0,32.0,0,0,0,0,0,0,0,1,1
crossing,waksman,11,B_db_placeholder,astar,98,input:w5->waksman_11x11_s0_w4_5.add,input:w7->waksman_11x11_s0_w6_7.add,272.0,260.0,13.0,128.0,232.0,8.0,35.0,8.0,0,0,0,1,0,1,1,1,1
crossing,waksman,11,B_db_placeholder,astar,99,input:w5->waksman_11x11_s0_w4_5.add,input:w7->waksman_11x11_s0_w6_7.add,504.0,295.0,21.0,35.0,72.0,232.0,85.0,35.0,0,0,0,0,0,0,0,0,0
crossing,waksman,11,B_db_placeholder,astar,100,input:w5->waksman_11x11_s0_w4_5.add,input:w7->waksman_11x11_s0_w6_7.add,504.0,316.0,17.88854381999832,56.0,51.0,85.0,16.0,16.0,0,0,0,0,0,0,0,0,0
crossing,waksman,11,B_db_placeholder,astar,101,input:w5->waksman_11x11_s0_w4_5.add,input:w7->waksman_11x11_s0_w6_7.add,504.0,335.0,5.0,75.0,32.0,16.0,25.0,16.0,0,0,0,0,1,1,0,1,1
crossing,waksman,11,B_db_placeholder,astar,102,input:w5->waksman_11x11_s0_w4_5.add,input:w7->waksman_11x11_s0_w6_7.add,1200.0,260.0,64.0,128.0,317.0,8.0,13.0,8.0,0,0,0,1,0,1,1,0,1
crossing,waksman,11,B_db_placeholder,astar,103,input:w5->waksman_11x11_s0_w4_5.add,input:w7->waksman_11x11_s0_w6_7.add,1312.0,260.0,71.55417527999327,240.0,205.0,13.0,53.0,13.0,0,0,0,0,0,0,1,0,1
crossing,waksman,11,B_db_placeholder,astar,104,input:w6->waksman_11x11_s0_w6_7.in,input:w7->waksman_11x11_s0_w6_7.add,40.0,228.0,87.55569655939013,20.0,85.0,8.0,21.0,8.0,0,0,0,1,0,1,1,0,1
crossing,waksman,11,B_db_placeholder,astar,105,input:w6->waksman_11x11_s0_w6_7.in,input:w7->waksman_11x11_s0_w6_7.add,125.0,249.0,30.610455730027933,21.0,24.0,85.0,27.0,21.0,0,0,0,0,0,0,0,0,0
crossing,waksman,11,B_db_placeholder,astar,106,input:w6->waksman_11x11_s0_w6_7.in,input:w7->waksman_11x11_s0_w6_7.add,272.0,273.0,13.0,147.0,85.0,21.0,22.0,21.0,0,0,0,0,0,0,0,1,1
crossing,waksman,11,B_db_placeholder,astar,107,input:w6->waksman_11x11_s0_w6_7.in,input:w7->waksman_11x11_s0_w6_7.add,357.0,295.0,60.08327554319921,22.0,21.0,85.0,232.0,21.0,0,0,0,0,0,0,0,0,0
crossing,waksman,11,B_db_placeholder,astar,108,input:w6->waksman_11x11_s0_w6_7.in,input:w7->waksman_11x11_s0_w6_7.add,1437.0,249.0,11.0,71.0,21.0,5.0,110.0,5.0,0,0,0,1,0,1,1,1,1
crossing,waksman,11,B_db_placeholder,astar,109,input:w6->waksman_11x11_s0_w6_7.in,input:w7->waksman_11x11_s0_w6_7.add,1517.0,249.0,80.0,21.0,7.0,85.0,30.0,7.0,0,0,0,1,0,1,1,0,1
crossing,waksman,11,B_db_placeholder,astar,110,input:w6->waksman_11x11_s0_w6_7.in,input:w8->waksman_11x11_s0_w8_9.in,736.0,401.0,5.0,232.0,328.0,21.0,8.0,8.0,0,0,0,1,1,1,1,1,1
crossing,waksman,11,B_db_placeholder,astar,111,input:w6->waksman_11x11_s0_w6_7.in,input:w8->waksman_11x11_s0_w8_9.in,968.0,401.0,13.0,464.0,96.0,8.0,301.0,8.0,0,0,0,1,0,1,1,1,1
crossing,waksman,11,B_db_placeholder,astar,112,input:w7->waksman_11x11_s0_w6_7.add,input:w8->waksman_11x11_s0_w8_9.in,736.0,256.0,4.0,64.0,17.0,147.0,17.0,17.0,0,1,1,0,1,1,0,1,1
crossing,waksman,11,B_db_placeholder,astar,113,input:w7->waksman_11x11_s0_w6_7.add,input:w8->waksman_11x11_s0_w8_9.in,968.0,239.0,8.0,232.0,317.0,170.0,139.0,139.0,0,0,0,0,1,1,0,1,1
crossing,waksman,11,B_db_placeholder,astar,114,input:w7->waksman_11x11_s0_w6_7.add,input:w9->waksman_11x11_s0_w8_9.add,728.0,320.0,4.0,144.0,8.0,4.0,25.0,4.0,1,1,1,1,1,1,1,1,1
crossing,waksman,11,B_db_placeholder,astar,115,input:w7->waksman_11x11_s0_w6_7.add,input:w9->waksman_11x11_s0_w8_9.add,736.0,316.0,8.94427190999916,4.0,77.0,85.0,8.0,4.0,1,0,1,1,1,1,1,1,1
crossing,waksman,11,B_db_placeholder,astar,116,input:w7->waksman_11x11_s0_w6_7.add,input:w9->waksman_11x11_s0_w8_9.add,761.0,239.0,13.0,25.0,524.0,55.0,56.0,25.0,0,0,0,0,0,0,0,1,1
crossing,waksman,11,B_db_placeholder,astar,117,input:w7->waksman_11x11_s0_w6_7.add,input:w9->waksman_11x11_s0_w8_9.add,960.0,239.0,8.0,224.0,325.0,81.0,160.0,81.0,0,0,0,0,1,1,0,1,1
crossing,waksman,11,B_db_placeholder,astar,118,input:w7->waksman_11x11_s0_w6_7.add,input:w10->waksman_11x11_s1_w8_10.add,736.0,252.0,4.0,68.0,13.0,85.0,8.0,8.0,0,1,1,1,1,1,1,1,1
crossing,waksman,11,B_db_placeholder,astar,119,input:w7->waksman_11x11_s0_w6_7.add,input:w10->waksman_11x11_s1_w8_10.add,736.0,273.0,13.0,47.0,34.0,8.0,216.0,8.0,0,0,0,1,0,1,1,1,1
crossing,waksman,11,B_db_placeholder,astar,120,input:w7->waksman_11x11_s0_w6_7.add,input:w10->waksman_11x11_s1_w8_10.add,821.0,239.0,37.57658845611187,85.0,464.0,63.0,13.0,13.0,0,0,0,0,0,0,1,0,1
crossing,waksman,11,B_db_placeholder,astar,121,input:w7->waksman_11x11_s0_w6_7.add,input:w10->waksman_11x11_s1_w8_10.add,952.0,239.0,8.0,216.0,333.0,34.0,239.0,34.0,0,0,0,0,1,1,0,1,1
crossing,waksman,11,B_db_placeholder,astar,122,input:w8->waksman_11x11_s0_w8_9.in,input:w9->waksman_11x11_s0_w8_9.add,40.0,100.0,128.0,20.0,237.0,8.0,84.0,8.0,0,0,0,1,0,1,1,0,1
crossing,waksman,11,B_db_placeholder,astar,123,input:w8->waksman_11x11_s0_w8_9.in,input:w9->waksman_11x11_s0_w8_9.add,589.0,184.0,8.0,116.0,72.0,549.0,172.0,72.0,0,0,0,0,1,1,0,1,1
crossing,waksman,11,B_db_placeholder,astar,124,input:w8->waksman_11x11_s0_w8_9.in,input:w9->waksman_11x11_s0_w8_9.add,753.0,345.0,21.0,89.0,11.0,25.0,63.0,11.0,0,0,0,0,0,0,1,0,1
crossing,waksman,11,B_db_placeholder,astar,125,input:w8->waksman_11x11_s0_w8_9.in,input:w9->waksman_11x11_s0_w8_9.add,753.0,316.0,8.0,60.0,40.0,68.0,25.0,25.0,0,0,0,0,1,1,0,1,1
crossing,waksman,11,B_db_placeholder,astar,126,input:w8->waksman_11x11_s0_w8_9.in,input:w9->waksman_11x11_s0_w8_9.add,1432.0,100.0,85.98837130682264,464.0,85.0,8.0,13.0,8.0,0,0,0,1,0,1,1,0,1
crossing,waksman,11,B_db_placeholder,astar,127,input:w8->waksman_11x11_s0_w8_9.in,input:w9->waksman_11x11_s0_w8_9.add,1517.0,113.0,85.98837130682264,13.0,15.0,85.0,30.0,13.0,0,0,0,0,0,0,1,0,1
crossing,waksman,11,B_db_placeholder,astar,128,input:w8->waksman_11x11_s0_w8_9.in,input:w10->waksman_11x11_s1_w8_10.add,272.0,100.0,160.0,252.0,5.0,40.0,76.0,5.0,0,0,0,1,0,1,1,0,1
crossing,waksman,11,B_db_placeholder,astar,129,input:w8->waksman_11x11_s0_w8_9.in,input:w10->waksman_11x11_s1_w8_10.add,589.0,176.0,8.0,108.0,80.0,317.0,232.0,80.0,0,0,0,0,1,1,0,1,1
crossing,waksman,11,B_db_placeholder,astar,130,input:w8->waksman_11x11_s0_w8_9.in,input:w10->waksman_11x11_s1_w8_10.add,728.0,256.0,4.0,139.0,25.0,4.0,17.0,4.0,1,1,1,1,1,1,1,1,1
crossing,waksman,11,B_db_placeholder,astar,131,input:w8->waksman_11x11_s0_w8_9.in,input:w10->waksman_11x11_s1_w8_10.add,753.0,273.0,8.0,17.0,83.0,25.0,199.0,17.0,0,0,0,0,1,1,0,1,1
crossing,waksman,11,B_db_placeholder,astar,132,input:w9->waksman_11x11_s0_w8_9.add,input:w10->waksman_11x11_s1_w8_10.add,761.0,273.0,8.0,89.0,22.0,33.0,191.0,22.0,0,0,0,0,1,1,0,1,1
crossing,waksman,11,B_db_placeholder,astar,133,input:w9->waksman_11x11_s0_w8_9.add,input:w10->waksman_11x11_s1_w8_10.add,761.0,252.0,8.0,68.0,43.0,60.0,33.0,33.0,0,0,0,0,1,1,0,1,1
crossing,waksman,12,B_db_placeholder,astar,0,input:w0->waksman_12x12_s0_w0_1.in,input:w1->waksman_12x12_s0_w0_1.add,40.0,676.0,128.0,20.0,237.0,8.0,13.0,8.0,0,0,0,1,0,1,1,0,1
crossing,waksman,12,B_db_placeholder,astar,1,input:w0->waksman_12x12_s0_w0_1.in,input:w1->waksman_12x12_s0_w0_1.add,216.0,676.0,61.98386886924694,196.0,61.0,13.0,96.0,13.0,0,0,0,0,0,0,1,0,1
crossing,waksman,12,B_db_placeholder,astar,2,input:w0->waksman_12x12_s0_w0_1.in,input:w1->waksman_12x12_s0_w0_1.add,1432.0,676.0,85.98837130682264,147.0,85.0,8.0,13.0,8.0,0,0,0,1,0,1,1,0,1
crossing,waksman,12,B_db_placeholder,astar,3,input:w0->waksman_12x12_s0_w0_1.in,input:w1->waksman_12x12_s0_w0_1.add,1517.0,689.0,85.98837130682264,13.0,15.0,85.0,30.0,13.0,0,0,0,0,0,0,1,0,1
crossing,waksman,12,B_db_placeholder,astar,4,input:w0->waksman_12x12_s0_w0_1.in,input:w2->waksman_12x12_s0_w2_3.in,277.0,665.0,61.98386886924694,11.0,21.0,5.0,155.0,5.0,0,0,0,1,0,1,1,0,1
crossing,waksman,12,B_db_placeholder,astar,5,input:w0->waksman_12x12_s0_w0_1.in,input:w2->waksman_12x12_s0_w2_3.in,432.0,644.0,86.45229898620394,155.0,77.0,21.0,192.0,21.0,0,0,0,0,0,0,0,0,0
crossing,waksman,12,B_db_placeholder,astar,6,input:w0->waksman_12x12_s0_w0_1.in,input:w2->waksman_12x12_s0_w2_3.in,1200.0,644.0,53.75872022286245,147.0,85.0,8.0,21.0,8.0,0,0,0,1,0,1,1,0,1
crossing,waksman,12,B_db_placeholder,astar,7,input:w0->waksman_12x12_s0_w0_1.in,input:w2->waksman_12x12_s0_w2_3.in,1280.0,644.0,80.0,227.0,5.0,21.0,4.0,4.0,1,0,1,1,0,1,1,0,1
crossing,waksman,12,B_db_placeholder,astar,8,input:w0->waksman_12x12_s0_w0_1.in,input:w4->waksman_12x12_s0_w4_5.in,509.0,593.0,57.271284253105414,51.0,13.0,5.0,435.0,5.0,0,0,0,1,0,1,1,0,1
crossing,waksman,12,B_db_placeholder,astar,9,input:w0->waksman_12x12_s0_w0_1.in,input:w4->waksman_12x12_s0_w4_5.in,944.0,580.0,24.0,123.0,109.0,13.0,21.0,13.0,0,0,0,0,0,0,1,0,1
crossing,waksman,12,B_db_placeholder,astar,10,input:w0->waksman_12x12_s0_w0_1.in,input:w4->waksman_12x12_s0_w4_5.in,968.0,580.0,24.0,147.0,85.0,8.0,13.0,8.0,0,0,0,1,0,1,1,0,1
crossing,waksman,12,B_db_placeholder,astar,11,input:w0->waksman_12x12_s0_w0_1.in,input:w4->waksman_12x12_s0_w4_5.in,1053.0,593.0,57.271284253105414,13.0,51.0,85.0,75.0,13.0,0,0,0,0,0,0,1,0,1
crossing,waksman,12,B_db_placeholder,astar,12,input:w0->waksman_12x12_s0_w0_1.in,input:w5->waksman_12x12_s0_w4_5.add,741.0,537.0,64.0,43.0,85.0,237.0,99.0,43.0,0,0,0,0,0,0,0,0,0
crossing,waksman,12,B_db_placeholder,astar,13,input:w0->waksman_12x12_s0_w0_1.in,input:w5->waksman_12x12_s0_w4_5.add,821.0,537.0,28.319604517012593,85.0,43.0,317.0,19.0,19.0,0,0,0,0,0,0,0,0,0
crossing,waksman,12,B_db_placeholder,astar,14,input:w0->waksman_12x12_s0_w0_1.in,input:w6->waksman_12x12_s0_w6_7.in,741.0,465.0,5.0,115.0,13.0,237.0,323.0,13.0,0,0,0,0,1,1,1,1,1
crossing,waksman,12,B_db_placeholder,astar,15,input:w0->waksman_12x12_s0_w0_1.in,input:w6->waksman_12x12_s0_w6_7.in,821.0,465.0,8.0,13.0,115.0,317.0,243.0,13.0,0,0,0,0,1,1,1,1,1
crossing,waksman,12,B_db_placeholder,astar,16,input:w0->waksman_12x12_s0_w0_1.in,input:w8->waksman_12x12_s0_w8_9.in,741.0,473.0,8.0,107.0,21.0,5.0,211.0,5.0,0,0,0,1,1,1,1,1,1
crossing,waksman,12,B_db_placeholder,astar,17,input:w0->waksman_12x12_s0_w0_1.in,input:w8->waksman_12x12_s0_w8_9.in,821.0,473.0,8.0,21.0,107.0,85.0,131.0,21.0,0,0,0,0,1,1,0,1,1
crossing,waksman,12,B_db_placeholder,astar,18,input:w1->waksman_12x12_s0_w0_1.add,input:w2->waksman_12x12_s0_w2_3.in,216.0,593.0,56.0,96.0,13.0,91.0,141.0,13.0,0,0,0,0,0,0,1,0,1
crossing,waksman,12,B_db_placeholder,astar,19,input:w1->waksman_12x12_s0_w0_1.add,input:w2->waksman_12x12_s0_w2_3.in,432.0,516.0,56.0,63.0,169.0,149.0,64.0,63.0,0,0,0,0,0,0,0,0,0
crossing,waksman,12,B_db_placeholder,astar,20,input:w1->waksman_12x12_s0_w0_1.add,input:w2->waksman_12x12_s0_w2_3.in,601.0,452.0,13.0,64.0,64.0,169.0,4.0,4.0,1,0,1,1,0,1,1,1,1
crossing,waksman,12,B_db_placeholder,astar,21,input:w1->waksman_12x12_s0_w0_1.add,input:w2->waksman_12x12_s0_w2_3.in,605.0,388.0,4.0,4.0,228.0,64.0,64.0,4.0,1,1,1,1,1,1,1,1,1
crossing,waksman,12,B_db_placeholder,astar,22,input:w1->waksman_12x12_s0_w0_1.add,input:w2->waksman_12x12_s0_w2_3.in,1437.0,580.0,11.0,372.0,80.0,60.0,32.0,32.0,0,0,0,0,0,0,0,1,1
crossing,waksman,12,B_db_placeholder,astar,23,input:w1->waksman_12x12_s0_w0_1.add,input:w2->waksman_12x12_s0_w2_3.in,1217.0,580.0,13.0,152.0,300.0,4.0,35.0,4.0,1,0,1,1,0,1,1,1,1
crossing,waksman,12,B_db_placeholder,astar,24,input:w1->waksman_12x12_s0_w0_1.add,input:w3->waksman_12x12_s0_w2_3.add,272.0,580.0,13.0,56.0,97.0,8.0,21.0,8.0,0,0,0,1,0,1,1,1,1
crossing,waksman,12,B_db_placeholder,astar,25,input:w1->waksman_12x12_s0_w0_1.add,input:w3->waksman_12x12_s0_w2_3.add,376.0,516.0,56.0,7.0,225.0,85.0,128.0,7.0,0,0,0,1,0,1,1,0,1
crossing,waksman,12,B_db_placeholder,astar,26,input:w1->waksman_12x12_s0_w0_1.add,input:w3->waksman_12x12_s0_w2_3.add,1192.0,580.0,11.313708498984761,127.0,325.0,8.0,13.0,8.0,0,0,0,1,0,1,1,1,1
crossing,waksman,12,B_db_placeholder,astar,27,input:w1->waksman_12x12_s0_w0_1.add,input:w3->waksman_12x12_s0_w2_3.add,1416.0,580.0,21.0,351.0,101.0,13.0,53.0,13.0,0,0,0,0,0,0,1,0,1
crossing,waksman,12,B_db_placeholder,astar,28,input:w1->waksman_12x12_s0_w0_1.add,input:w4->waksman_12x12_s0_w4_5.in,1128.0,580.0,64.0,63.0,389.0,13.0,192.0,13.0,0,0,0,0,0,0,1,0,1
crossing,waksman,12,B_db_placeholder,astar,29,input:w1->waksman_12x12_s0_w0_1.add,input:w4->waksman_12x12_s0_w4_5.in,521.0,516.0,8.0,152.0,80.0,132.0,32.0,32.0,0,0,0,0,1,1,0,1,1
crossing,waksman,12,B_db_placeholder,astar,30,input:w1->waksman_12x12_s0_w0_1.add,input:w5->waksman_12x12_s0_w4_5.add,504.0,516.0,17.0,135.0,97.0,8.0,21.0,8.0,0,0,0,1,0,1,1,0,1
crossing,waksman,12,B_db_placeholder,astar,31,input:w1->waksman_12x12_s0_w0_1.add,input:w5->waksman_12x12_s0_w4_5.add,840.0,516.0,28.319604517012593,7.0,225.0,21.0,21.0,7.0,0,0,0,1,0,1,1,0,1
crossing,waksman,12,B_db_placeholder,astar,32,input:w1->waksman_12x12_s0_w0_1.add,input:w5->waksman_12x12_s0_w4_5.add,968.0,516.0,53.45091205957107,135.0,97.0,8.0,21.0,8.0,0,0,0,1,0,1,1,0,1
crossing,waksman,12,B_db_placeholder,astar,33,input:w1->waksman_12x12_s0_w0_1.add,input:w5->waksman_12x12_s0_w4_5.add,1065.0,537.0,57.271284253105414,21.0,43.0,97.0,7.0,7.0,0,0,0,1,0,1,1,0,1
crossing,waksman,12,B_db_placeholder,astar,34,input:w1->waksman_12x12_s0_w0_1.add,input:w6->waksman_12x12_s0_w6_7.in,601.0,465.0,13.0,51.0,77.0,97.0,463.0,51.0,0,0,0,0,0,0,0,1,1
crossing,waksman,12,B_db_placeholder,astar,35,input:w1->waksman_12x12_s0_w0_1.add,input:w6->waksman_12x12_s0_w6_7.in,833.0,465.0,8.0,77.0,51.0,329.0,231.0,51.0,0,0,0,0,1,1,0,1,1
crossing,waksman,12,B_db_placeholder,astar,36,input:w1->waksman_12x12_s0_w0_1.add,input:w8->waksman_12x12_s0_w8_9.in,833.0,473.0,8.0,85.0,43.0,97.0,119.0,43.0,0,0,0,0,1,1,0,1,1
crossing,waksman,12,B_db_placeholder,astar,37,input:w1->waksman_12x12_s0_w0_1.add,input:w8->waksman_12x12_s0_w8_9.in,753.0,388.0,8.0,152.0,80.0,132.0,32.0,32.0,0,0,0,0,1,1,0,1,1
crossing,waksman,12,B_db_placeholder,astar,38,input:w1->waksman_12x12_s0_w0_1.add,input:w9->waksman_12x12_s0_w8_9.add,736.0,388.0,17.0,135.0,97.0,8.0,21.0,8.0,0,0,0,1,0,1,1,0,1
crossing,waksman,12,B_db_placeholder,astar,39,input:w1->waksman_12x12_s0_w0_1.add,input:w9->waksman_12x12_s0_w8_9.add,816.0,388.0,21.37755832643195,215.0,17.0,21.0,4.0,4.0,1,0,1,1,0,1,1,0,1
crossing,waksman,12,B_db_placeholder,astar,40,input:w2->waksman_12x12_s0_w2_3.in,input:w3->waksman_12x12_s0_w2_3.add,40.0,548.0,87.55569655939013,20.0,85.0,8.0,21.0,8.0,0,0,0,1,0,1,1,0,1
crossing,waksman,12,B_db_placeholder,astar,41,input:w2->waksman_12x12_s0_w2_3.in,input:w3->waksman_12x12_s0_w2_3.add,125.0,569.0,87.55569655939013,21.0,24.0,85.0,147.0,21.0,0,0,0,0,0,0,0,0,0
crossing,waksman,12,B_db_placeholder,astar,42,input:w2->waksman_12x12_s0_w2_3.in,input:w3->waksman_12x12_s0_w2_3.add,272.0,593.0,13.0,147.0,85.0,21.0,8.0,8.0,0,0,0,1,0,1,1,1,1
crossing,waksman,12,B_db_placeholder,astar,43,input:w2->waksman_12x12_s0_w2_3.in,input:w3->waksman_12x12_s0_w2_3.add,357.0,601.0,85.37564055396598,8.0,35.0,85.0,19.0,8.0,0,0,0,1,0,1,1,0,1
crossing,waksman,12,B_db_placeholder,astar,44,input:w2->waksman_12x12_s0_w2_3.in,input:w3->waksman_12x12_s0_w2_3.add,1200.0,572.0,11.313708498984761,120.0,4.0,85.0,8.0,4.0,1,0,1,1,0,1,1,1,1
crossing,waksman,12,B_db_placeholder,astar,45,input:w2->waksman_12x12_s0_w2_3.in,input:w3->waksman_12x12_s0_w2_3.add,1217.0,593.0,13.0,17.0,22.0,25.0,199.0,17.0,0,0,0,0,0,0,0,1,1
crossing,waksman,12,B_db_placeholder,astar,46,input:w2->waksman_12x12_s0_w2_3.in,input:w3->waksman_12x12_s0_w2_3.add,1437.0,569.0,11.0,71.0,21.0,5.0,110.0,5.0,0,0,0,1,0,1,1,1,1
crossing,waksman,12,B_db_placeholder,astar,47,input:w2->waksman_12x12_s0_w2_3.in,input:w3->waksman_12x12_s0_w2_3.add,1517.0,569.0,80.0,21.0,7.0,85.0,30.0,7.0,0,0,0,1,0,1,1,0,1
crossing,waksman,12,B_db_placeholder,astar,48,input:w2->waksman_12x12_s0_w2_3.in,input:w4->waksman_12x12_s0_w4_5.in,1128.0,452.0,51.0,291.0,72.0,141.0,64.0,64.0,0,0,0,0,0,0,0,0,0
crossing,waksman,12,B_db_placeholder,astar,49,input:w2->waksman_12x12_s0_w2_3.in,input:w4->waksman_12x12_s0_w4_5.in,521.0,452.0,8.0,89.0,84.0,68.0,96.0,68.0,0,0,0,0,1,1,0,1,1
crossing,waksman,12,B_db_placeholder,astar,50,input:w2->waksman_12x12_s0_w2_3.in,input:w5->waksman_12x12_s0_w4_5.add,1072.0,452.0,8.0,235.0,128.0,85.0,128.0,85.0,0,0,0,0,1,1,0,1,1
crossing,waksman,12,B_db_placeholder,astar,51,input:w2->waksman_12x12_s0_w2_3.in,input:w5->waksman_12x12_s0_w4_5.add,529.0,452.0,8.0,97.0,76.0,128.0,35.0,35.0,0,0,0,0,1,1,0,1,1
crossing,waksman,12,B_db_placeholder,astar,52,input:w2->waksman_12x12_s0_w2_3.in,input:w6->waksman_12x12_s0_w6_7.in,504.0,452.0,17.0,72.0,101.0,8.0,13.0,8.0,0,0,0,1,0,1,1,0,1
crossing,waksman,12,B_db_placeholder,astar,53,input:w2->waksman_12x12_s0_w2_3.in,input:w6->waksman_12x12_s0_w6_7.in,1064.0,452.0,8.0,227.0,136.0,13.0,8.0,8.0,0,0,0,1,1,1,1,1,1
crossing,waksman,12,B_db_placeholder,astar,54,input:w2->waksman_12x12_s0_w2_3.in,input:w7->waksman_12x12_s0_w6_7.add,605.0,384.0,4.0,68.0,60.0,21.0,11.0,11.0,0,1,1,0,1,1,1,1,1
crossing,waksman,12,B_db_placeholder,astar,55,input:w2->waksman_12x12_s0_w2_3.in,input:w7->waksman_12x12_s0_w6_7.add,837.0,359.0,8.0,35.0,93.0,221.0,216.0,35.0,0,0,0,0,1,1,0,1,1
crossing,waksman,12,B_db_placeholder,astar,56,input:w2->waksman_12x12_s0_w2_3.in,input:w8->waksman_12x12_s0_w8_9.in,952.0,452.0,13.0,115.0,248.0,21.0,288.0,21.0,0,0,0,0,0,0,0,1,1
crossing,waksman,12,B_db_placeholder,astar,57,input:w2->waksman_12x12_s0_w2_3.in,input:w8->waksman_12x12_s0_w8_9.in,753.0,324.0,8.0,148.0,84.0,68.0,96.0,68.0,0,0,0,0,1,1,0,1,1
crossing,waksman,12,B_db_placeholder,astar,58,input:w2->waksman_12x12_s0_w2_3.in,input:w9->waksman_12x12_s0_w8_9.add,837.0,384.0,8.0,60.0,68.0,21.0,107.0,21.0,0,0,0,0,1,1,0,1,1
crossing,waksman,12,B_db_placeholder,astar,59,input:w2->waksman_12x12_s0_w2_3.in,input:w9->waksman_12x12_s0_w8_9.add,761.0,324.0,8.0,156.0,76.0,256.0,28.0,28.0,0,0,0,0,1,1,0,1,1
crossing,waksman,12,B_db_placeholder,astar,60,input:w2->waksman_12x12_s0_w2_3.in,input:w10->waksman_12x12_s0_w10_11.in,736.0,324.0,17.0,131.0,101.0,8.0,13.0,8.0,0,0,0,1,0,1,1,0,1
crossing,waksman,12,B_db_placeholder,astar,61,input:w2->waksman_12x12_s0_w2_3.in,input:w10->waksman_12x12_s0_w10_11.in,837.0,337.0,8.0,13.0,115.0,101.0,99.0,13.0,0,0,0,0,1,1,1,1,1
crossing,waksman,12,B_db_placeholder,astar,62,input:w3->waksman_12x12_s0_w2_3.add,input:w4->waksman_12x12_s0_w4_5.in,1128.0,401.0,48.0,75.0,157.0,192.0,13.0,13.0,0,0,0,0,0,0,1,0,1
crossing,waksman,12,B_db_placeholder,astar,63,input:w3->waksman_12x12_s0_w2_3.add,input:w4->waksman_12x12_s0_w4_5.in,521.0,388.0,8.0,145.0,79.0,4.0,160.0,4.0,1,0,1,1,1,1,1,1,1
crossing,waksman,12,B_db_placeholder,astar,64,input:w3->waksman_12x12_s0_w2_3.add,input:w5->waksman_12x12_s0_w4_5.add,1072.0,401.0,8.0,19.0,213.0,136.0,77.0,19.0,0,0,0,0,1,1,0,1,1
crossing,waksman,12,B_db_placeholder,astar,65,input:w3->waksman_12x12_s0_w2_3.add,input:w5->waksman_12x12_s0_w4_5.add,529.0,388.0,8.0,153.0,71.0,64.0,99.0,64.0,0,0,0,0,1,1,0,1,1
crossing,waksman,12,B_db_placeholder,astar,66,input:w3->waksman_12x12_s0_w2_3.add,input:w6->waksman_12x12_s0_w6_7.in,376.0,416.0,60.08327554319921,185.0,28.0,104.0,213.0,28.0,0,0,0,0,0,0,0,0,0
crossing,waksman,12,B_db_placeholder,astar,67,input:w3->waksman_12x12_s0_w2_3.add,input:w6->waksman_12x12_s0_w6_7.in,968.0,388.0,8.0,123.0,85.0,56.0,21.0,21.0,0,0,0,0,1,1,0,1,1
crossing,waksman,12,B_db_placeholder,astar,68,input:w3->waksman_12x12_s0_w2_3.add,input:w6->waksman_12x12_s0_w6_7.in,1200.0,401.0,13.0,147.0,85.0,21.0,8.0,8.0,0,0,0,1,0,1,1,1,1
crossing,waksman,12,B_db_placeholder,astar,69,input:w3->waksman_12x12_s0_w2_3.add,input:w6->waksman_12x12_s0_w6_7.in,1280.0,401.0,13.0,227.0,5.0,8.0,17.0,5.0,0,0,0,1,0,1,1,1,1
crossing,waksman,12,B_db_placeholder,astar,70,input:w3->waksman_12x12_s0_w2_3.add,input:w7->waksman_12x12_s0_w6_7.add,496.0,388.0,11.313708498984761,120.0,104.0,8.0,21.0,8.0,0,0,0,1,0,1,1,1,1
crossing,waksman,12,B_db_placeholder,astar,71,input:w3->waksman_12x12_s0_w2_3.add,input:w7->waksman_12x12_s0_w6_7.add,600.0,384.0,5.0,4.0,124.0,16.0,16.0,4.0,1,0,1,1,1,1,1,1,1
crossing,waksman,12,B_db_placeholder,astar,72,input:w3->waksman_12x12_s0_w2_3.add,input:w7->waksman_12x12_s0_w6_7.add,845.0,359.0,8.0,99.0,29.0,229.0,208.0,29.0,0,0,0,0,1,1,0,1,1
crossing,waksman,12,B_db_placeholder,astar,73,input:w3->waksman_12x12_s0_w2_3.add,input:w7->waksman_12x12_s0_w6_7.add,960.0,388.0,8.0,115.0,93.0,8.0,21.0,8.0,0,0,0,1,1,1,1,1,1
crossing,waksman,12,B_db_placeholder,astar,74,input:w3->waksman_12x12_s0_w2_3.add,input:w7->waksman_12x12_s0_w6_7.add,1080.0,401.0,8.0,27.0,205.0,8.0,98.0,8.0,0,0,0,1,1,1,1,1,1
crossing,waksman,12,B_db_placeholder,astar,75,input:w3->waksman_12x12_s0_w2_3.add,input:w7->waksman_12x12_s0_w6_7.add,584.0,388.0,16.492422502470642,208.0,16.0,21.0,4.0,4.0,1,0,1,1,0,1,1,0,1
crossing,waksman,12,B_db_placeholder,astar,76,input:w3->waksman_12x12_s0_w2_3.add,input:w8->waksman_12x12_s0_w8_9.in,952.0,388.0,8.0,107.0,101.0,85.0,224.0,85.0,0,0,0,0,1,1,0,1,1
crossing,waksman,12,B_db_placeholder,astar,77,input:w3->waksman_12x12_s0_w2_3.add,input:w8->waksman_12x12_s0_w8_9.in,753.0,260.0,8.0,153.0,92.0,4.0,160.0,4.0,1,0,1,1,1,1,1,1,1
crossing,waksman,12,B_db_placeholder,astar,78,input:w3->waksman_12x12_s0_w2_3.add,input:w9->waksman_12x12_s0_w8_9.add,845.0,384.0,8.0,124.0,4.0,29.0,99.0,4.0,1,0,1,1,1,1,1,1,1
crossing,waksman,12,B_db_placeholder,astar,79,input:w3->waksman_12x12_s0_w2_3.add,input:w9->waksman_12x12_s0_w8_9.add,761.0,260.0,8.0,161.0,84.0,192.0,92.0,84.0,0,0,0,0,1,1,0,1,1
crossing,waksman,12,B_db_placeholder,astar,80,input:w3->waksman_12x12_s0_w2_3.add,input:w10->waksman_12x12_s0_w10_11.in,845.0,337.0,8.0,77.0,51.0,109.0,91.0,51.0,0,0,0,0,1,1,0,1,1
crossing,waksman,12,B_db_placeholder,astar,81,input:w3->waksman_12x12_s0_w2_3.add,input:w10->waksman_12x12_s0_w10_11.in,801.0,260.0,8.0,201.0,44.0,21.0,32.0,21.0,0,0,0,0,1,1,0,1,1
crossing,waksman,12,B_db_placeholder,astar,82,input:w3->waksman_12x12_s0_w2_3.add,input:w11->waksman_12x12_s0_w10_11.add,736.0,260.0,4.0,136.0,109.0,8.0,21.0,8.0,0,1,1,1,1,1,1,1,1
crossing,waksman,12,B_db_placeholder,astar,83,input:w3->waksman_12x12_s0_w2_3.add,input:w11->waksman_12x12_s0_w10_11.add,845.0,281.0,44.0,21.0,107.0,109.0,83.0,21.0,0,0,0,0,0,0,0,0,0
crossing,waksman,12,B_db_placeholder,astar,84,input:w4->waksman_12x12_s0_w4_5.in,input:w5->waksman_12x12_s0_w4_5.add,40.0,420.0,120.0,20.0,237.0,8.0,21.0,8.0,0,0,0,1,0,1,1,0,1
crossing,waksman,12,B_db_placeholder,astar,85,input:w4->waksman_12x12_s0_w4_5.in,input:w5->waksman_12x12_s0_w4_5.add,160.0,420.0,83.0,140.0,117.0,21.0,96.0,21.0,0,0,0,0,0,0,0,0,0
crossing,waksman,12,B_db_placeholder,astar,86,input:w4->waksman_12x12_s0_w4_5.in,input:w5->waksman_12x12_s0_w4_5.add,521.0,537.0,21.0,153.0,11.0,17.0,319.0,11.0,0,0,0,0,0,0,1,0,1
crossing,waksman,12,B_db_placeholder,astar,87,input:w4->waksman_12x12_s0_w4_5.in,input:w5->waksman_12x12_s0_w4_5.add,521.0,508.0,8.0,124.0,40.0,68.0,17.0,17.0,0,0,0,0,1,1,0,1,1
crossing,waksman,12,B_db_placeholder,astar,88,input:w4->waksman_12x12_s0_w4_5.in,input:w5->waksman_12x12_s0_w4_5.add,1432.0,420.0,87.55569655939013,135.0,85.0,8.0,21.0,8.0,0,0,0,1,0,1,1,0,1
crossing,waksman,12,B_db_placeholder,astar,89,input:w4->waksman_12x12_s0_w4_5.in,input:w5->waksman_12x12_s0_w4_5.add,1517.0,441.0,87.55569655939013,21.0,7.0,85.0,30.0,7.0,0,0,0,1,0,1,1,0,1
crossing,waksman,12,B_db_placeholder,astar,90,input:w4->waksman_12x12_s0_w4_5.in,input:w6->waksman_12x12_s0_w6_7.in,277.0,416.0,79.1580697086532,4.0,28.0,5.0,312.0,4.0,1,0,1,1,0,1,1,0,1
crossing,waksman,12,B_db_placeholder,astar,91,input:w4->waksman_12x12_s0_w4_5.in,input:w6->waksman_12x12_s0_w6_7.in,521.0,416.0,7.0,32.0,132.0,249.0,68.0,32.0,0,0,0,0,1,1,0,1,1
crossing,waksman,12,B_db_placeholder,astar,92,input:w4->waksman_12x12_s0_w4_5.in,input:w6->waksman_12x12_s0_w6_7.in,521.0,465.0,8.0,81.0,83.0,17.0,543.0,17.0,0,0,0,0,1,1,0,1,1
crossing,waksman,12,B_db_placeholder,astar,93,input:w4->waksman_12x12_s0_w4_5.in,input:w6->waksman_12x12_s0_w6_7.in,521.0,444.0,8.0,60.0,104.0,68.0,17.0,17.0,0,0,0,0,1,1,0,1,1
crossing,waksman,12,B_db_placeholder,astar,94,input:w4->waksman_12x12_s0_w4_5.in,input:w6->waksman_12x12_s0_w6_7.in,1200.0,388.0,13.0,72.0,97.0,8.0,21.0,8.0,0,0,0,1,0,1,1,1,1
crossing,waksman,12,B_db_placeholder,astar,95,input:w4->waksman_12x12_s0_w4_5.in,input:w6->waksman_12x12_s0_w6_7.in,1280.0,388.0,13.0,152.0,17.0,21.0,4.0,4.0,1,0,1,1,0,1,1,1,1
crossing,waksman,12,B_db_placeholder,astar,96,input:w4->waksman_12x12_s0_w4_5.in,input:w7->waksman_12x12_s0_w6_7.add,504.0,380.0,11.313708498984761,13.0,4.0,85.0,8.0,4.0,1,0,1,1,0,1,1,1,1
crossing,waksman,12,B_db_placeholder,astar,97,input:w4->waksman_12x12_s0_w4_5.in,input:w7->waksman_12x12_s0_w6_7.add,521.0,409.0,7.0,25.0,139.0,25.0,63.0,25.0,0,0,0,0,1,1,0,1,1
crossing,waksman,12,B_db_placeholder,astar,98,input:w5->waksman_12x12_s0_w4_5.add,input:w6->waksman_12x12_s0_w6_7.in,160.0,337.0,42.43819034784589,104.0,13.0,35.0,197.0,13.0,0,0,0,0,0,0,1,0,1
crossing,waksman,12,B_db_placeholder,astar,99,input:w5->waksman_12x12_s0_w4_5.add,input:w6->waksman_12x12_s0_w6_7.in,529.0,416.0,7.0,92.0,71.0,257.0,60.0,60.0,0,0,0,0,1,1,0,1,1
crossing,waksman,12,B_db_placeholder,astar,100,input:w5->waksman_12x12_s0_w4_5.add,input:w6->waksman_12x12_s0_w6_7.in,529.0,465.0,8.0,141.0,22.0,25.0,535.0,22.0,0,0,0,0,1,1,0,1,1
crossing,waksman,12,B_db_placeholder,astar,101,input:w5->waksman_12x12_s0_w4_5.add,input:w6->waksman_12x12_s0_w6_7.in,529.0,444.0,8.0,120.0,43.0,60.0,25.0,25.0,0,0,0,0,1,1,0,1,1
crossing,waksman,12,B_db_placeholder,astar,102,input:w5->waksman_12x12_s0_w4_5.add,input:w6->waksman_12x12_s0_w6_7.in,1072.0,367.0,8.0,170.0,43.0,104.0,213.0,43.0,0,0,0,0,1,1,0,1,1
crossing,waksman,12,B_db_placeholder,astar,103,input:w5->waksman_12x12_s0_w4_5.add,input:w6->waksman_12x12_s0_w6_7.in,1437.0,324.0,11.0,365.0,80.0,60.0,32.0,32.0,0,0,0,0,0,0,0,1,1
crossing,waksman,12,B_db_placeholder,astar,104,input:w5->waksman_12x12_s0_w4_5.add,input:w7->waksman_12x12_s0_w6_7.add,272.0,324.0,13.0,112.0,257.0,8.0,35.0,8.0,0,0,0,1,0,1,1,1,1
crossing,waksman,12,B_db_placeholder,astar,105,input:w5->waksman_12x12_s0_w4_5.add,input:w7->waksman_12x12_s0_w6_7.add,529.0,359.0,21.0,35.0,128.0,257.0,60.0,35.0,0,0,0,0,0,0,0,0,0
crossing,waksman,12,B_db_placeholder,astar,106,input:w5->waksman_12x12_s0_w4_5.add,input:w7->waksman_12x12_s0_w6_7.add,529.0,409.0,7.0,85.0,78.0,33.0,55.0,33.0,0,0,0,0,1,1,0,1,1
crossing,waksman,12,B_db_placeholder,astar,107,input:w5->waksman_12x12_s0_w4_5.add,input:w7->waksman_12x12_s0_w6_7.add,529.0,380.0,8.0,56.0,107.0,60.0,33.0,33.0,0,0,0,0,1,1,0,1,1
crossing,waksman,12,B_db_placeholder,astar,108,input:w5->waksman_12x12_s0_w4_5.add,input:w7->waksman_12x12_s0_w6_7.add,1072.0,409.0,8.0,128.0,85.0,112.0,8.0,8.0,0,0,0,1,1,1,1,1,1
crossing,waksman,12,B_db_placeholder,astar,109,input:w5->waksman_12x12_s0_w4_5.add,input:w7->waksman_12x12_s0_w6_7.add,1080.0,324.0,43.0,8.0,437.0,85.0,21.0,8.0,0,0,0,1,0,1,1,0,1
crossing,waksman,12,B_db_placeholder,astar,110,input:w5->waksman_12x12_s0_w4_5.add,input:w7->waksman_12x12_s0_w6_7.add,1200.0,324.0,64.0,128.0,317.0,8.0,13.0,8.0,0,0,0,1,0,1,1,0,1
crossing,waksman,12,B_db_placeholder,astar,111,input:w5->waksman_12x12_s0_w4_5.add,input:w7->waksman_12x12_s0_w6_7.add,1312.0,324.0,71.55417527999327,240.0,205.0,13.0,53.0,13.0,0,0,0,0,0,0,1,0,1
crossing,waksman,12,B_db_placeholder,astar,112,input:w6->waksman_12x12_s0_w6_7.in,input:w7->waksman_12x12_s0_w6_7.add,40.0,292.0,87.55569655939013,20.0,85.0,8.0,21.0,8.0,0,0,0,1,0,1,1,0,1
crossing,waksman,12,B_db_placeholder,astar,113,input:w6->waksman_12x12_s0_w6_7.in,input:w7->waksman_12x12_s0_w6_7.add,125.0,313.0,42.43819034784589,21.0,24.0,85.0,75.0,21.0,0,0,0,0,0,0,0,0,0
crossing,waksman,12,B_db_placeholder,astar,114,input:w6->waksman_12x12_s0_w6_7.in,input:w7->waksman_12x12_s0_w6_7.add,272.0,337.0,13.0,147.0,85.0,21.0,22.0,21.0,0,0,0,0,0,0,0,1,1
crossing,waksman,12,B_db_placeholder,astar,115,input:w6->waksman_12x12_s0_w6_7.in,input:w7->waksman_12x12_s0_w6_7.add,357.0,359.0,60.08327554319921,22.0,21.0,85.0,232.0,21.0,0,0,0,0,0,0,0,0,0
crossing,waksman,12,B_db_placeholder,astar,116,input:w6->waksman_12x12_s0_w6_7.in,input:w7->waksman_12x12_s0_w6_7.add,968.0,380.0,8.0,64.0,13.0,85.0,8.0,8.0,0,0,0,1,1,1,1,1,1
crossing,waksman,12,B_db_placeholder,astar,117,input:w6->waksman_12x12_s0_w6_7.in,input:w7->waksman_12x12_s0_w6_7.add,968.0,409.0,21.0,35.0,42.0,8.0,112.0,8.0,0,0,0,1,0,1,1,0,1
crossing,waksman,12,B_db_placeholder,astar,118,input:w6->waksman_12x12_s0_w6_7.in,input:w7->waksman_12x12_s0_w6_7.add,1053.0,367.0,19.0,85.0,232.0,8.0,13.0,8.0,0,0,0,1,0,1,1,0,1
crossing,waksman,12,B_db_placeholder,astar,119,input:w6->waksman_12x12_s0_w6_7.in,input:w7->waksman_12x12_s0_w6_7.add,1080.0,367.0,8.0,112.0,205.0,42.0,64.0,42.0,0,0,0,0,1,1,0,1,1
crossing,waksman,12,B_db_placeholder,astar,120,input:w6->waksman_12x12_s0_w6_7.in,input:w7->waksman_12x12_s0_w6_7.add,1437.0,313.0,11.0,71.0,21.0,5.0,110.0,5.0,0,0,0,1,0,1,1,1,1
crossing,waksman,12,B_db_placeholder,astar,121,input:w6->waksman_12x12_s0_w6_7.in,input:w7->waksman_12x12_s0_w6_7.add,1517.0,313.0,80.0,21.0,7.0,85.0,30.0,7.0,0,0,0,1,0,1,1,0,1
crossing,waksman,12,B_db_placeholder,astar,122,input:w6->waksman_12x12_s0_w6_7.in,input:w8->waksman_12x12_s0_w8_9.in,736.0,465.0,5.0,232.0,328.0,21.0,8.0,8.0,0,0,0,1,1,1,1,1,1
crossing,waksman,12,B_db_placeholder,astar,123,input:w6->waksman_12x12_s0_w6_7.in,input:w8->waksman_12x12_s0_w8_9.in,952.0,465.0,13.0,448.0,112.0,8.0,301.0,8.0,0,0,0,1,0,1,1,1,1
crossing,waksman,12,B_db_placeholder,astar,124,input:w7->waksman_12x12_s0_w6_7.add,input:w8->waksman_12x12_s0_w8_9.in,753.0,359.0,21.0,137.0,300.0,103.0,61.0,61.0,0,0,0,0,0,0,0,0,0
crossing,waksman,12,B_db_placeholder,astar,125,input:w7->waksman_12x12_s0_w6_7.add,input:w8->waksman_12x12_s0_w8_9.in,952.0,359.0,8.0,336.0,101.0,114.0,195.0,101.0,0,0,0,0,1,1,0,1,1
crossing,waksman,12,B_db_placeholder,astar,126,input:w7->waksman_12x12_s0_w6_7.add,input:w9->waksman_12x12_s0_w8_9.add,821.0,359.0,16.0,205.0,232.0,7.0,21.0,7.0,0,0,0,1,0,1,1,0,1
crossing,waksman,12,B_db_placeholder,astar,127,input:w7->waksman_12x12_s0_w6_7.add,input:w9->waksman_12x12_s0_w8_9.add,944.0,359.0,8.0,328.0,109.0,25.0,216.0,25.0,0,0,0,0,1,1,0,1,1
crossing,waksman,12,B_db_placeholder,astar,128,input:w8->waksman_12x12_s0_w8_9.in,input:w9->waksman_12x12_s0_w8_9.add,753.0,409.0,21.0,153.0,11.0,17.0,63.0,11.0,0,0,0,0,0,0,1,0,1
crossing,waksman,12,B_db_placeholder,astar,129,input:w8->waksman_12x12_s0_w8_9.in,input:w9->waksman_12x12_s0_w8_9.add,753.0,380.0,8.0,124.0,40.0,68.0,17.0,17.0,0,0,0,0,1,1,0,1,1
crossing,waksman,12,B_db_placeholder,astar,130,input:w8->waksman_12x12_s0_w8_9.in,input:w9->waksman_12x12_s0_w8_9.add,1416.0,164.0,96.0,464.0,101.0,8.0,13.0,8.0,0,0,0,1,0,1,1,0,1
crossing,waksman,12,B_db_placeholder,astar,131,input:w8->waksman_12x12_s0_w8_9.in,input:w9->waksman_12x12_s0_w8_9.add,57.0,164.0,63.0,37.0,220.0,4.0,13.0,4.0,1,0,1,1,0,1,1,0,1
crossing,waksman,12,B_db_placeholder,astar,132,input:w8->waksman_12x12_s0_w8_9.in,input:w9->waksman_12x12_s0_w8_9.add,120.0,164.0,63.0,100.0,157.0,13.0,4.0,4.0,1,0,1,1,0,1,1,0,1
crossing,waksman,12,B_db_placeholder,astar,133,input:w8->waksman_12x12_s0_w8_9.in,input:w9->waksman_12x12_s0_w8_9.add,1512.0,164.0,96.0,560.0,5.0,13.0,4.0,4.0,1,0,1,1,0,1,1,0,1
crossing,waksman,12,B_db_placeholder,astar,134,input:w8->waksman_12x12_s0_w8_9.in,input:w10->waksman_12x12_s0_w10_11.in,272.0,164.0,83.0,252.0,5.0,40.0,75.0,5.0,0,0,0,1,0,1,1,0,1
crossing,waksman,12,B_db_placeholder,astar,135,input:w8->waksman_12x12_s0_w8_9.in,input:w10->waksman_12x12_s0_w10_11.in,664.0,239.0,73.97972695272672,107.0,17.0,392.0,137.0,17.0,0,0,0,0,0,0,0,0,0
crossing,waksman,12,B_db_placeholder,astar,136,input:w8->waksman_12x12_s0_w8_9.in,input:w10->waksman_12x12_s0_w10_11.in,753.0,337.0,8.0,81.0,83.0,17.0,183.0,17.0,0,0,0,0,1,1,0,1,1
crossing,waksman,12,B_db_placeholder,astar,137,input:w8->waksman_12x12_s0_w8_9.in,input:w10->waksman_12x12_s0_w10_11.in,753.0,316.0,8.0,60.0,104.0,68.0,17.0,17.0,0,0,0,0,1,1,0,1,1
crossing,waksman,12,B_db_placeholder,astar,138,input:w8->waksman_12x12_s0_w8_9.in,input:w11->waksman_12x12_s0_w10_11.add,736.0,256.0,4.0,72.0,17.0,4.0,25.0,4.0,1,1,1,1,1,1,1,1,1
crossing,waksman,12,B_db_placeholder,astar,139,input:w8->waksman_12x12_s0_w8_9.in,input:w11->waksman_12x12_s0_w10_11.add,753.0,281.0,8.0,25.0,139.0,17.0,175.0,17.0,0,0,0,0,1,1,0,1,1
crossing,waksman,12,B_db_placeholder,astar,140,input:w9->waksman_12x12_s0_w8_9.add,input:w10->waksman_12x12_s0_w10_11.in,264.0,81.0,8.0,79.0,13.0,139.0,93.0,13.0,0,0,0,0,1,1,1,1,1
crossing,waksman,12,B_db_placeholder,astar,141,input:w9->waksman_12x12_s0_w8_9.add,input:w10->waksman_12x12_s0_w10_11.in,761.0,239.0,13.0,171.0,113.0,489.0,40.0,40.0,0,0,0,0,0,0,0,1,1
crossing,waksman,12,B_db_placeholder,astar,142,input:w9->waksman_12x12_s0_w8_9.add,input:w10->waksman_12x12_s0_w10_11.in,761.0,337.0,8.0,269.0,15.0,25.0,175.0,15.0,0,0,0,0,1,1,0,1,1
crossing,waksman,12,B_db_placeholder,astar,143,input:w9->waksman_12x12_s0_w8_9.add,input:w10->waksman_12x12_s0_w10_11.in,761.0,316.0,8.0,248.0,36.0,60.0,25.0,25.0,0,0,0,0,1,1,0,1,1
crossing,waksman,12,B_db_placeholder,astar,144,input:w9->waksman_12x12_s0_w8_9.add,input:w11->waksman_12x12_s0_w10_11.add,272.0,68.0,13.0,8.0,489.0,8.0,43.0,8.0,0,0,0,1,0,1,1,1,1
crossing,waksman,12,B_db_placeholder,astar,145,input:w9->waksman_12x12_s0_w8_9.add,input:w11->waksman_12x12_s0_w10_11.add,761.0,111.0,128.0,43.0,241.0,489.0,60.0,43.0,0,0,0,0,0,0,0,0,0
crossing,waksman,12,B_db_placeholder,astar,146,input:w9->waksman_12x12_s0_w8_9.add,input:w11->waksman_12x12_s0_w10_11.add,761.0,281.0,8.0,213.0,71.0,25.0,167.0,25.0,0,0,0,0,1,1,0,1,1
crossing,waksman,12,B_db_placeholder,astar,147,input:w9->waksman_12x12_s0_w8_9.add,input:w11->waksman_12x12_s0_w10_11.add,761.0,252.0,8.0,184.0,100.0,60.0,25.0,25.0,0,0,0,0,1,1,0,1,1
crossing,waksman,12,B_db_placeholder,astar,148,input:w10->waksman_12x12_s0_w10_11.in,input:w11->waksman_12x12_s0_w10_11.add,40.0,36.0,85.70880934886448,20.0,85.0,8.0,21.0,8.0,0,0,0,1,0,1,1,0,1
crossing,waksman,12,B_db_placeholder,astar,149,input:w10->waksman_12x12_s0_w10_11.in,input:w11->waksman_12x12_s0_w10_11.add,125.0,47.0,85.70880934886448,11.0,34.0,5.0,232.0,5.0,0,0,0,1,0,1,1,0,1
crossing,waksman,12,B_db_placeholder,astar,150,input:w10->waksman_12x12_s0_w10_11.in,input:w11->waksman_12x12_s0_w10_11.add,272.0,81.0,8.0,147.0,85.0,21.0,30.0,21.0,0,0,0,0,1,1,0,1,1
crossing,waksman,12,B_db_placeholder,astar,151,input:w10->waksman_12x12_s0_w10_11.in,input:w11->waksman_12x12_s0_w10_11.add,357.0,111.0,90.13878188659973,30.0,13.0,85.0,464.0,13.0,0,0,0,0,0,0,1,0,1
crossing,waksman,12,B_db_placeholder,astar,152,input:w10->waksman_12x12_s0_w10_11.in,input:w11->waksman_12x12_s0_w10_11.add,801.0,281.0,21.0,42.0,11.0,65.0,127.0,11.0,0,0,0,0,0,0,1,0,1
crossing,waksman,12,B_db_placeholder,astar,153,input:w10->waksman_12x12_s0_w10_11.in,input:w11->waksman_12x12_s0_w10_11.add,801.0,252.0,8.0,13.0,40.0,20.0,65.0,13.0,0,0,0,0,1,1,1,1,1
