topology,layout,permutation,route_status,paths,routed_paths,failed_paths,drc_violation_count,crossing_count,braid_pair_count,max_pair_crossing_count,repeated_crossing_pairs,topology_wiring_um,physical_wiring_um,wiring_delta_um,topology_worst_il_db,physical_worst_il_db,worst_il_delta_db,avg_il_delta_db,grid_pitch_um,grid_merge_tol_um,min_spacing_um,mrr_keepout_um,port_escape_um,crossing_penalty_um,turn_guard_um,turn_timing_penalty_um,backtrack_penalty_um,hairpin_penalty_um,loss_aware_cost,capped_ripup_bounded_only,prop_loss_db_per_um,bend_loss_db_per_bend,crossing_loss_db_per_cross,repeated_crossing_loss_db,jog_penalty_db,bend_placement_penalty_db,max_astar_pops,ripup_max_astar_pops,local_repair_max_shift_tracks,route_window_max_detour_tracks,effective_route_window_slack_um,grid_margin_tracks,stage_pitch_um,wire_pitch_um,x_start_um,x_end_um,astar_calls,ripup_passes,ripup_passes_executed,early_stop_enabled,early_stopped,n_logical,layer,perm_idx,seed,runtime_s,failure_rate
padded_benes_4x4,default,1-2-0,routed,3,3,0,0,4,1,2,I0-I1:2,1183.000000,2280.867229,1097.867229,1.175565,2.338892,1.163327,0.901911,8.0,3.5,4.0,6.0,10.0,20.0,16.0,48.0,80.0,200.0,False,False,0.002,0.005,0.1,0.0,0.0,0.0,40000,20000,16,8,69.0,16,105.0,36.0,20.0,365.000000,3,6,1,True,False,3,physical,0,42,0.372312,0.0
padded_benes_4x4,default,0-2-1,routed,3,3,0,0,5,2,2,I0-I1:2;I0-I2:2,1183.000000,2325.159265,1142.159265,1.175565,2.399600,1.224035,0.994773,8.0,3.5,4.0,6.0,10.0,20.0,16.0,48.0,80.0,200.0,False,False,0.002,0.005,0.1,0.0,0.0,0.0,40000,20000,16,8,69.0,16,105.0,36.0,20.0,365.000000,4,6,1,True,False,3,physical,1,42,0.462046,0.0
padded_benes_4x4,default,1-0-2,routed,3,3,0,0,7,3,3,I0-I1:3;I0-I2:2;I1-I2:2,1207.000000,2106.035376,899.035376,1.280232,2.272727,0.992496,0.889357,8.0,3.5,4.0,6.0,10.0,20.0,16.0,48.0,80.0,200.0,False,False,0.002,0.005,0.1,0.0,0.0,0.0,40000,20000,16,8,69.0,16,105.0,36.0,20.0,365.000000,7,6,2,True,False,3,physical,2,42,0.996528,0.0
padded_benes_4x4,default,2-0-1,routed,3,3,0,0,6,2,3,I0-I1:3;I1-I2:2,1207.000000,2107.451302,900.451302,1.280232,2.272727,0.992496,0.763634,8.0,3.5,4.0,6.0,10.0,20.0,16.0,48.0,80.0,200.0,False,False,0.002,0.005,0.1,0.0,0.0,0.0,40000,20000,16,8,69.0,16,105.0,36.0,20.0,365.000000,2,6,1,True,False,3,physical,3,42,0.129373,0.0
padded_benes_4x4,default,0-1-2,routed,3,3,0,0,8,3,4,I0-I1:4;I0-I2:2;I1-I2:2,1207.000000,2160.619449,953.619449,1.292899,2.609394,1.316496,0.985746,8.0,3.5,4.0,6.0,10.0,20.0,16.0,48.0,80.0,200.0,False,False,0.002,0.005,0.1,0.0,0.0,0.0,40000,20000,16,8,69.0,16,105.0,36.0,20.0,365.000000,3,6,1,True,False,3,physical,4,42,0.589167,0.0
padded_benes_4x4,default,2-1-0,routed,3,3,0,0,7,2,3,I0-I1:3;I1-I2:3,1207.000000,2127.889357,920.889357,1.292899,2.577394,1.284496,0.838926,8.0,3.5,4.0,6.0,10.0,20.0,16.0,48.0,80.0,200.0,False,False,0.002,0.005,0.1,0.0,0.0,0.0,40000,20000,16,8,69.0,16,105.0,36.0,20.0,365.000000,3,6,1,True,False,3,physical,5,42,0.287783,0.0
waksman_3x3,default,1-2-0,routed,3,3,0,0,6,2,3,I0-I1:2;I0-I2:3,1071.000000,1932.765467,861.765467,1.022598,2.171053,1.148455,0.822844,8.0,3.5,4.0,6.0,10.0,20.0,16.0,48.0,80.0,200.0,False,False,0.002,0.005,0.1,0.0,0.0,0.0,40000,20000,16,8,69.0,16,105.0,36.0,20.0,365.000000,2,6,1,True,False,3,physical,0,42,0.098610,0.0
waksman_3x3,default,0-2-1,routed,3,3,0,0,5,2,2,I0-I1:2;I0-I2:2,1071.000000,1912.327412,841.327412,1.022598,1.866386,0.843788,0.747552,8.0,3.5,4.0,6.0,10.0,20.0,16.0,48.0,80.0,200.0,False,False,0.002,0.005,0.1,0.0,0.0,0.0,40000,20000,16,8,69.0,16,105.0,36.0,20.0,365.000000,1,6,1,True,False,3,physical,1,42,0.077146,0.0
waksman_3x3,default,1-0-2,routed,3,3,0,0,5,2,3,I0-I1:3;I0-I2:2,1071.000000,2170.619449,1099.619449,1.104232,2.317177,1.212945,0.916413,8.0,3.5,4.0,6.0,10.0,20.0,16.0,48.0,80.0,200.0,False,False,0.002,0.005,0.1,0.0,0.0,0.0,40000,20000,16,8,69.0,16,105.0,36.0,20.0,365.000000,3,6,1,True,False,3,physical,2,42,0.220408,0.0
waksman_3x3,default,2-0-1,routed,3,3,0,0,4,1,2,I1-I2:2,1071.000000,1916.619449,845.619449,1.022598,1.943761,0.921163,0.680413,8.0,3.5,4.0,6.0,10.0,20.0,16.0,48.0,80.0,200.0,False,False,0.002,0.005,0.1,0.0,0.0,0.0,40000,20000,16,8,69.0,16,105.0,36.0,20.0,365.000000,1,6,1,True,False,3,physical,3,42,0.108820,0.0
waksman_3x3,default,0-1-2,routed,3,3,0,0,4,2,2,I0-I1:2;I0-I2:2,1071.000000,1903.933614,832.933614,1.052899,1.837596,0.784697,0.656956,8.0,3.5,4.0,6.0,10.0,20.0,16.0,48.0,80.0,200.0,False,False,0.002,0.005,0.1,0.0,0.0,0.0,40000,20000,16,8,69.0,16,105.0,36.0,20.0,365.000000,2,6,1,True,False,3,physical,4,42,0.180068,0.0
waksman_3x3,default,2-1-0,routed,3,3,0,0,5,1,3,I1-I2:3,1071.000000,1937.057504,866.057504,1.011933,2.248428,1.236496,0.755705,8.0,3.5,4.0,6.0,10.0,20.0,16.0,48.0,80.0,200.0,False,False,0.002,0.005,0.1,0.0,0.0,0.0,40000,20000,16,8,69.0,16,105.0,36.0,20.0,365.000000,2,6,1,True,False,3,physical,5,42,0.133331,0.0
spanke_benes_3x3,default,1-2-0,routed,3,3,0,0,4,1,2,I0-I1:2,1091.000000,1841.203522,750.203522,0.855265,1.874345,1.019080,0.810136,8.0,3.5,4.0,6.0,10.0,20.0,16.0,48.0,80.0,200.0,False,False,0.002,0.005,0.1,0.0,0.0,0.0,40000,20000,16,8,69.0,16,105.0,36.0,20.0,365.000000,2,6,1,True,False,3,physical,0,42,0.211305,0.0
spanke_benes_3x3,default,0-2-1,routed,3,3,0,0,5,2,2,I0-I1:2;I0-I2:2,1091.000000,1885.495559,794.495559,0.855265,1.963053,1.107788,0.902997,8.0,3.5,4.0,6.0,10.0,20.0,16.0,48.0,80.0,200.0,False,False,0.002,0.005,0.1,0.0,0.0,0.0,40000,20000,16,8,69.0,16,105.0,36.0,20.0,365.000000,3,6,1,True,False,3,physical,1,42,0.253422,0.0
spanke_benes_3x3,default,1-0-2,routed,3,3,0,0,5,2,3,I0-I1:3;I0-I2:2,1091.000000,1895.641578,804.641578,0.908232,2.220019,1.311788,0.908094,8.0,3.5,4.0,6.0,10.0,20.0,16.0,48.0,80.0,200.0,False,False,0.002,0.005,0.1,0.0,0.0,0.0,40000,20000,16,8,69.0,16,105.0,36.0,20.0,365.000000,3,6,1,True,False,3,physical,2,42,0.096709,0.0
spanke_benes_3x3,default,2-0-1,routed,3,3,0,0,4,1,2,I1-I2:2,1091.000000,1861.203522,770.203522,0.855265,1.914345,1.059080,0.823469,8.0,3.5,4.0,6.0,10.0,20.0,16.0,48.0,80.0,200.0,False,False,0.002,0.005,0.1,0.0,0.0,0.0,40000,20000,16,8,69.0,16,105.0,36.0,20.0,365.000000,2,6,1,True,False,3,physical,3,42,0.103110,0.0
spanke_benes_3x3,default,0-1-2,routed,3,3,0,0,6,2,4,I0-I1:4;I1-I2:2,1091.000000,1919.933614,828.933614,0.920899,2.537394,1.616496,0.987622,8.0,3.5,4.0,6.0,10.0,20.0,16.0,48.0,80.0,200.0,False,False,0.002,0.005,0.1,0.0,0.0,0.0,40000,20000,16,8,69.0,16,105.0,36.0,20.0,365.000000,4,6,1,True,False,3,physical,4,42,0.252601,0.0
spanke_benes_3x3,default,2-1-0,routed,3,3,0,0,3,0,1,,1091.000000,1816.911486,725.911486,0.842598,1.626386,0.783788,0.730608,8.0,3.5,4.0,6.0,10.0,20.0,16.0,48.0,80.0,200.0,False,False,0.002,0.005,0.1,0.0,0.0,0.0,40000,20000,16,8,69.0,16,105.0,36.0,20.0,365.000000,1,6,1,True,False,3,physical,5,42,0.129928,0.0
spanke_benes_rect_3x3,default,1-2-0,routed,3,3,0,0,4,1,2,I0-I1:2,1091.000000,1841.203522,750.203522,0.855265,1.874345,1.019080,0.810136,8.0,3.5,4.0,6.0,10.0,20.0,16.0,48.0,80.0,200.0,False,False,0.002,0.005,0.1,0.0,0.0,0.0,40000,20000,16,8,69.0,16,105.0,36.0,20.0,365.000000,2,6,1,True,False,3,physical,0,42,0.209579,0.0
spanke_benes_rect_3x3,default,0-2-1,routed,3,3,0,0,5,2,2,I0-I1:2;I0-I2:2,1091.000000,1885.495559,794.495559,0.855265,1.963053,1.107788,0.902997,8.0,3.5,4.0,6.0,10.0,20.0,16.0,48.0,80.0,200.0,False,False,0.002,0.005,0.1,0.0,0.0,0.0,40000,20000,16,8,69.0,16,105.0,36.0,20.0,365.000000,3,6,1,True,False,3,physical,1,42,0.253310,0.0
spanke_benes_rect_3x3,default,1-0-2,routed,3,3,0,0,5,2,3,I0-I1:3;I0-I2:2,1091.000000,1895.641578,804.641578,0.908232,2.220019,1.311788,0.908094,8.0,3.5,4.0,6.0,10.0,20.0,16.0,48.0,80.0,200.0,False,False,0.002,0.005,0.1,0.0,0.0,0.0,40000,20000,16,8,69.0,16,105.0,36.0,20.0,365.000000,3,6,1,True,False,3,physical,2,42,0.094849,0.0
spanke_benes_rect_3x3,default,2-0-1,routed,3,3,0,0,4,1,2,I1-I2:2,1091.000000,1861.203522,770.203522,0.855265,1.914345,1.059080,0.823469,8.0,3.5,4.0,6.0,10.0,20.0,16.0,48.0,80.0,200.0,False,False,0.002,0.005,0.1,0.0,0.0,0.0,40000,20000,16,8,69.0,16,105.0,36.0,20.0,365.000000,2,6,1,True,False,3,physical,3,42,0.101684,0.0
spanke_benes_rect_3x3,default,0-1-2,routed,3,3,0,0,6,2,4,I0-I1:4;I1-I2:2,1091.000000,1919.933614,828.933614,0.920899,2.537394,1.616496,0.987622,8.0,3.5,4.0,6.0,10.0,20.0,16.0,48.0,80.0,200.0,False,False,0.002,0.005,0.1,0.0,0.0,0.0,40000,20000,16,8,69.0,16,105.0,36.0,20.0,365.000000,4,6,1,True,False,3,physical,4,42,0.270500,0.0
spanke_benes_rect_3x3,default,2-1-0,routed,3,3,0,0,3,0,1,,1091.000000,1816.911486,725.911486,0.842598,1.626386,0.783788,0.730608,8.0,3.5,4.0,6.0,10.0,20.0,16.0,48.0,80.0,200.0,False,False,0.002,0.005,0.1,0.0,0.0,0.0,40000,20000,16,8,69.0,16,105.0,36.0,20.0,365.000000,1,6,1,True,False,3,physical,5,42,0.129160,0.0
padded_benes_4x4,default,2-1-3-0,routed,4,4,0,0,20,5,6,I0-I1:3;I0-I2:6;I1-I2:4;I1-I3:3;I2-I3:3,1636.000000,3407.092880,1771.092880,1.292899,3.685683,2.392784,1.711796,8.0,3.5,4.0,6.0,10.0,20.0,16.0,48.0,80.0,200.0,False,False,0.002,0.005,0.1,0.0,0.0,0.0,40000,20000,16,8,69.0,16,105.0,36.0,20.0,365.000000,7,6,1,True,False,4,physical,0,42,1.215126,0.0
padded_benes_4x4,default,0-3-2-1,routed,4,4,0,0,13,5,3,I0-I1:2;I0-I2:2;I0-I3:2;I1-I2:3;I2-I3:3,1636.000000,3296.407045,1660.407045,1.288232,2.863559,1.575327,1.295204,8.0,3.5,4.0,6.0,10.0,20.0,16.0,48.0,80.0,200.0,False,False,0.002,0.005,0.1,0.0,0.0,0.0,40000,20000,16,8,69.0,16,105.0,36.0,20.0,365.000000,6,6,1,True,False,4,physical,1,42,0.906066,0.0
padded_benes_4x4,default,3-0-1-2,routed,4,4,0,0,19,5,6,I0-I1:3;I0-I3:5;I1-I2:2;I1-I3:2;I2-I3:6,1636.000000,3311.238898,1675.238898,1.280232,3.544975,2.264743,1.612619,8.0,3.5,4.0,6.0,10.0,20.0,16.0,48.0,80.0,200.0,False,False,0.002,0.005,0.1,0.0,0.0,0.0,40000,20000,16,8,69.0,16,105.0,36.0,20.0,365.000000,9,6,2,True,False,4,physical,2,42,1.215250,0.0
padded_benes_4x4,default,3-2-1-0,routed,4,4,0,0,12,2,5,I0-I1:5;I2-I3:3,1636.000000,3240.946861,1604.946861,1.275565,2.738892,1.463327,1.179973,8.0,3.5,4.0,6.0,10.0,20.0,16.0,48.0,80.0,200.0,False,False,0.002,0.005,0.1,0.0,0.0,0.0,40000,20000,16,8,69.0,16,105.0,36.0,20.0,365.000000,4,6,1,True,False,4,physical,3,42,0.472957,0.0
padded_benes_4x4,default,2-0-3-1,routed,4,4,0,0,19,5,6,I0-I1:3;I0-I2:6;I1-I2:4;I1-I3:2;I2-I3:3,1636.000000,3386.654825,1750.654825,1.280232,3.685683,2.405451,1.655327,8.0,3.5,4.0,6.0,10.0,20.0,16.0,48.0,80.0,200.0,False,False,0.002,0.005,0.1,0.0,0.0,0.0,40000,20000,16,8,69.0,16,105.0,36.0,20.0,365.000000,6,6,1,True,False,4,physical,4,42,1.141422,0.0
padded_benes_4x4,default,1-3-0-2,routed,4,4,0,0,11,4,3,I0-I1:2;I0-I3:2;I1-I3:3;I2-I3:2,1636.000000,3275.530935,1639.530935,1.288232,2.863559,1.575327,1.192265,8.0,3.5,4.0,6.0,10.0,20.0,16.0,48.0,80.0,200.0,False,False,0.002,0.005,0.1,0.0,0.0,0.0,40000,20000,16,8,69.0,16,105.0,36.0,20.0,365.000000,5,6,1,True,False,4,physical,5,42,0.776633,0.0
padded_benes_4x4,default,2-3-1-0,routed,4,4,0,0,13,2,6,I0-I1:6;I2-I3:3,1636.000000,3295.238898,1659.238898,1.288232,3.104975,1.816743,1.254619,8.0,3.5,4.0,6.0,10.0,20.0,16.0,48.0,80.0,200.0,False,False,0.002,0.005,0.1,0.0,0.0,0.0,40000,20000,16,8,69.0,16,105.0,36.0,20.0,365.000000,5,6,1,True,False,4,physical,6,42,0.854781,0.0
padded_benes_4x4,default,1-3-2-0,routed,4,4,0,0,14,5,3,I0-I1:2;I0-I2:2;I1-I2:3;I1-I3:3;I2-I3:3,1636.000000,3241.822972,1605.822972,1.288232,3.104975,1.816743,1.322911,8.0,3.5,4.0,6.0,10.0,20.0,16.0,48.0,80.0,200.0,False,False,0.002,0.005,0.1,0.0,0.0,0.0,40000,20000,16,8,69.0,16,105.0,36.0,20.0,365.000000,8,6,2,True,False,4,physical,7,42,1.109506,0.0
padded_benes_4x4,default,2-1-0-3,routed,4,4,0,0,23,5,6,I0-I1:3;I0-I3:6;I1-I2:3;I1-I3:4;I2-I3:6,1636.000000,3435.384916,1799.384916,1.292899,4.139058,2.846159,1.873442,8.0,3.5,4.0,6.0,10.0,20.0,16.0,48.0,80.0,200.0,False,False,0.002,0.005,0.1,0.0,0.0,0.0,40000,20000,16,8,69.0,16,105.0,36.0,20.0,365.000000,7,6,1,True,False,4,physical,8,42,0.950621,0.0
padded_benes_4x4,default,2-3-0-1,routed,4,4,0,0,14,2,6,I0-I1:4;I2-I3:6,1636.000000,3323.530935,1687.530935,1.288232,3.150391,1.862159,1.316265,8.0,3.5,4.0,6.0,10.0,20.0,16.0,48.0,80.0,200.0,False,False,0.002,0.005,0.1,0.0,0.0,0.0,40000,20000,16,8,69.0,16,105.0,36.0,20.0,365.000000,6,6,1,True,False,4,physical,9,42,1.092382,0.0
padded_benes_4x4,default,0-1-3-2,routed,4,4,0,0,17,6,5,I0-I1:4;I0-I2:2;I0-I3:2;I1-I2:2;I1-I3:2;I2-I3:5,1636.000000,3654.115008,2018.115008,1.292899,3.935807,2.642908,1.726558,8.0,3.5,4.0,6.0,10.0,20.0,16.0,48.0,80.0,200.0,False,False,0.002,0.005,0.1,0.0,0.0,0.0,40000,20000,16,8,69.0,16,105.0,36.0,20.0,365.000000,8,6,1,True,False,4,physical,10,42,1.488604,0.0
padded_benes_4x4,default,2-0-1-3,routed,4,4,0,0,16,5,4,I0-I1:3;I0-I3:4;I1-I2:2;I1-I3:2;I2-I3:4,1636.000000,3432.946861,1796.946861,1.280232,3.469642,2.189410,1.525973,8.0,3.5,4.0,6.0,10.0,20.0,16.0,48.0,80.0,200.0,False,False,0.002,0.005,0.1,0.0,0.0,0.0,40000,20000,16,8,69.0,16,105.0,36.0,20.0,365.000000,6,6,1,True,False,4,physical,11,42,0.961376,0.0
padded_benes_4x4,default,3-1-2-0,routed,4,4,0,0,15,5,3,I0-I1:3;I0-I2:3;I1-I2:2;I1-I3:3;I2-I3:3,1636.000000,3319.676953,1683.676953,1.292899,2.891600,1.598701,1.413088,8.0,3.5,4.0,6.0,10.0,20.0,16.0,48.0,80.0,200.0,False,False,0.002,0.005,0.1,0.0,0.0,0.0,40000,20000,16,8,69.0,16,105.0,36.0,20.0,365.000000,11,6,2,True,False,4,physical,12,42,1.978763,0.0
padded_benes_4x4,default,1-0-2-3,routed,4,4,0,0,17,6,6,I0-I1:3;I0-I2:2;I0-I3:2;I1-I2:2;I1-I3:2;I2-I3:6,1636.000000,3618.946861,1982.946861,1.280232,3.901890,2.621658,1.718973,8.0,3.5,4.0,6.0,10.0,20.0,16.0,48.0,80.0,200.0,False,False,0.002,0.005,0.1,0.0,0.0,0.0,40000,20000,16,8,69.0,16,105.0,36.0,20.0,365.000000,7,6,1,True,False,4,physical,13,42,1.363745,0.0
padded_benes_4x4,default,1-2-3-0,routed,4,4,0,0,11,4,3,I0-I1:2;I0-I2:2;I1-I2:2;I2-I3:3,1636.000000,3198.115008,1562.115008,1.280232,2.569435,1.289204,1.148558,8.0,3.5,4.0,6.0,10.0,20.0,16.0,48.0,80.0,200.0,False,False,0.002,0.005,0.1,0.0,0.0,0.0,40000,20000,16,8,69.0,16,105.0,36.0,20.0,365.000000,4,6,1,True,False,4,physical,14,42,0.755485,0.0
padded_benes_4x4,default,0-2-1-3,routed,4,4,0,0,11,5,2,I0-I1:2;I0-I2:2;I0-I3:2;I1-I3:2;I2-I3:2,1636.000000,3265.822972,1629.822972,1.331565,2.686892,1.355327,1.184911,8.0,3.5,4.0,6.0,10.0,20.0,16.0,48.0,80.0,200.0,False,False,0.002,0.005,0.1,0.0,0.0,0.0,40000,20000,16,8,69.0,16,105.0,36.0,20.0,365.000000,5,6,1,True,False,4,physical,15,42,0.860944,0.0
padded_benes_4x4,default,3-2-0-1,routed,4,4,0,0,13,2,5,I0-I1:5;I2-I3:4,1636.000000,3255.530935,1619.530935,1.288232,2.811559,1.523327,1.232265,8.0,3.5,4.0,6.0,10.0,20.0,16.0,48.0,80.0,200.0,False,False,0.002,0.005,0.1,0.0,0.0,0.0,40000,20000,16,8,69.0,16,105.0,36.0,20.0,365.000000,5,6,1,True,False,4,physical,16,42,0.443801,0.0
padded_benes_4x4,default,0-3-1-2,routed,4,4,0,0,14,6,3,I0-I1:2;I0-I2:2;I0-I3:2;I1-I2:3;I1-I3:3;I2-I3:2,1636.000000,3336.115008,1700.115008,1.288232,3.168975,1.880743,1.367558,8.0,3.5,4.0,6.0,10.0,20.0,16.0,48.0,80.0,200.0,False,False,0.002,0.005,0.1,0.0,0.0,0.0,40000,20000,16,8,69.0,16,105.0,36.0,20.0,365.000000,6,6,1,True,False,4,physical,17,42,0.949030,0.0
padded_benes_4x4,default,3-0-2-1,routed,4,4,0,0,14,5,3,I0-I1:3;I0-I2:3;I1-I2:2;I1-I3:2;I2-I3:3,1636.000000,3314.946861,1678.946861,1.280232,2.891600,1.611368,1.366973,8.0,3.5,4.0,6.0,10.0,20.0,16.0,48.0,80.0,200.0,False,False,0.002,0.005,0.1,0.0,0.0,0.0,40000,20000,16,8,69.0,16,105.0,36.0,20.0,365.000000,5,6,1,True,False,4,physical,18,42,0.797022,0.0
padded_benes_4x4,default,1-0-3-2,routed,4,4,0,0,16,6,5,I0-I1:3;I0-I2:2;I0-I3:2;I1-I2:2;I1-I3:2;I2-I3:5,1636.000000,3599.822972,1963.822972,1.280232,3.915807,2.635575,1.651911,8.0,3.5,4.0,6.0,10.0,20.0,16.0,48.0,80.0,200.0,False,False,0.002,0.005,0.1,0.0,0.0,0.0,40000,20000,16,8,69.0,16,105.0,36.0,20.0,365.000000,7,6,1,True,False,4,physical,19,42,1.392555,0.0
padded_benes_4x4,default,1-2-0-3,routed,4,4,0,0,10,4,2,I0-I1:2;I0-I3:2;I1-I3:2;I2-I3:2,1636.000000,3269.092880,1633.092880,1.331565,2.701016,1.369451,1.142796,8.0,3.5,4.0,6.0,10.0,20.0,16.0,48.0,80.0,200.0,False,False,0.002,0.005,0.1,0.0,0.0,0.0,40000,20000,16,8,69.0,16,105.0,36.0,20.0,365.000000,11,6,2,True,False,4,physical,20,42,2.095976,0.0
padded_benes_4x4,default,0-1-2-3,routed,4,4,0,0,16,6,4,I0-I1:4;I0-I2:2;I0-I3:2;I1-I2:2;I1-I3:2;I2-I3:4,1636.000000,3335.575192,1699.575192,1.292899,3.306810,2.013911,1.504788,8.0,3.5,4.0,6.0,10.0,20.0,16.0,48.0,80.0,200.0,False,False,0.002,0.005,0.1,0.0,0.0,0.0,40000,20000,16,8,69.0,16,105.0,36.0,20.0,365.000000,6,6,1,True,False,4,physical,21,42,1.220358,0.0
padded_benes_4x4,default,0-2-3-1,routed,4,4,0,0,12,5,3,I0-I1:2;I0-I2:2;I0-I3:2;I1-I2:2;I2-I3:3,1636.000000,3242.407045,1606.407045,1.288232,2.811559,1.523327,1.218204,8.0,3.5,4.0,6.0,10.0,20.0,16.0,48.0,80.0,200.0,False,False,0.002,0.005,0.1,0.0,0.0,0.0,40000,20000,16,8,69.0,16,105.0,36.0,20.0,365.000000,5,6,1,True,False,4,physical,22,42,0.888100,0.0
padded_benes_4x4,default,3-1-0-2,routed,4,4,0,0,20,5,6,I0-I1:3;I0-I3:5;I1-I2:3;I1-I3:2;I2-I3:6,1636.000000,3331.676953,1695.676953,1.292899,3.544975,2.252076,1.669088,8.0,3.5,4.0,6.0,10.0,20.0,16.0,48.0,80.0,200.0,False,False,0.002,0.005,0.1,0.0,0.0,0.0,40000,20000,16,8,69.0,16,105.0,36.0,20.0,365.000000,10,6,2,True,False,4,physical,23,42,1.285877,0.0
waksman_4x4,default,2-1-3-0,routed,4,4,0,0,14,5,3,I0-I1:3;I0-I2:2;I1-I2:2;I1-I3:3;I2-I3:3,1572.000000,3063.137137,1491.137137,1.192899,2.777394,1.584496,1.354319,8.0,3.5,4.0,6.0,10.0,20.0,16.0,48.0,80.0,200.0,False,False,0.002,0.005,0.1,0.0,0.0,0.0,40000,20000,16,8,69.0,16,105.0,36.0,20.0,365.000000,11,6,2,True,False,4,physical,0,42,1.231974,0.0
waksman_4x4,default,0-3-2-1,routed,4,4,0,0,11,4,3,I0-I1:2;I0-I2:2;I0-I3:2;I2-I3:3,1572.000000,2931.867229,1359.867229,1.091265,2.811559,1.720294,1.132434,8.0,3.5,4.0,6.0,10.0,20.0,16.0,48.0,80.0,200.0,False,False,0.002,0.005,0.1,0.0,0.0,0.0,40000,20000,16,8,69.0,16,105.0,36.0,20.0,365.000000,4,6,1,True,False,4,physical,1,42,0.514860,0.0
waksman_4x4,default,3-0-1-2,routed,4,4,0,0,9,3,2,I1-I2:2;I1-I3:2;I2-I3:2,1572.000000,2930.991118,1358.991118,1.091265,2.558184,1.466919,1.039496,8.0,3.5,4.0,6.0,10.0,20.0,16.0,48.0,80.0,200.0,False,False,0.002,0.005,0.1,0.0,0.0,0.0,40000,20000,16,8,69.0,16,105.0,36.0,20.0,365.000000,3,6,1,True,False,4,physical,2,42,0.262979,0.0
waksman_4x4,default,3-2-1-0,routed,4,4,0,0,12,2,5,I0-I3:3;I2-I3:5,1572.000000,2944.407045,1372.407045,1.111565,3.028308,1.916743,1.201204,8.0,3.5,4.0,6.0,10.0,20.0,16.0,48.0,80.0,200.0,False,False,0.002,0.005,0.1,0.0,0.0,0.0,40000,20000,16,8,69.0,16,105.0,36.0,20.0,365.000000,3,6,1,True,False,4,physical,3,42,0.517154,0.0
waksman_4x4,default,2-0-3-1,routed,4,4,0,0,13,5,3,I0-I1:3;I0-I2:2;I1-I2:2;I1-I3:2;I2-I3:3,1572.000000,3058.407045,1486.407045,1.180232,2.514143,1.333911,1.308204,8.0,3.5,4.0,6.0,10.0,20.0,16.0,48.0,80.0,200.0,False,False,0.002,0.005,0.1,0.0,0.0,0.0,40000,20000,16,8,69.0,16,105.0,36.0,20.0,365.000000,11,6,2,True,False,4,physical,4,42,1.206747,0.0
waksman_4x4,default,1-3-0-2,routed,4,4,0,0,9,3,2,I0-I1:2;I0-I3:2;I2-I3:2,1572.000000,2910.991118,1338.991118,1.091265,2.221517,1.130252,1.029496,8.0,3.5,4.0,6.0,10.0,20.0,16.0,48.0,80.0,200.0,False,False,0.002,0.005,0.1,0.0,0.0,0.0,40000,20000,16,8,69.0,16,105.0,36.0,20.0,365.000000,3,6,1,True,False,4,physical,5,42,0.376131,0.0
waksman_4x4,default,2-3-1-0,routed,4,4,0,0,11,2,4,I0-I1:4;I2-I3:3,1572.000000,2990.699082,1418.699082,1.111565,2.558892,1.447327,1.171850,8.0,3.5,4.0,6.0,10.0,20.0,16.0,48.0,80.0,200.0,False,False,0.002,0.005,0.1,0.0,0.0,0.0,40000,20000,16,8,69.0,16,105.0,36.0,20.0,365.000000,3,6,1,True,False,4,physical,6,42,0.526957,0.0
waksman_4x4,default,1-3-2-0,routed,4,4,0,0,10,3,3,I0-I1:2;I0-I2:2;I2-I3:3,1572.000000,2903.283155,1331.283155,1.091265,2.474892,1.383627,1.073142,8.0,3.5,4.0,6.0,10.0,20.0,16.0,48.0,80.0,200.0,False,False,0.002,0.005,0.1,0.0,0.0,0.0,40000,20000,16,8,69.0,16,105.0,36.0,20.0,365.000000,3,6,1,True,False,4,physical,7,42,0.399823,0.0
waksman_4x4,default,2-1-0-3,routed,4,4,0,0,15,5,4,I0-I1:3;I0-I3:2;I1-I2:3;I1-I3:2;I2-I3:4,1572.000000,3107.137137,1535.137137,1.192899,2.818810,1.625911,1.426319,8.0,3.5,4.0,6.0,10.0,20.0,16.0,48.0,80.0,200.0,False,False,0.002,0.005,0.1,0.0,0.0,0.0,40000,20000,16,8,69.0,16,105.0,36.0,20.0,365.000000,7,6,1,True,False,4,physical,8,42,0.849702,0.0
waksman_4x4,default,2-3-0-1,routed,4,4,0,0,12,2,6,I0-I1:2;I2-I3:6,1572.000000,3014.699082,1442.699082,1.091265,3.178391,2.087126,1.233850,8.0,3.5,4.0,6.0,10.0,20.0,16.0,48.0,80.0,200.0,False,False,0.002,0.005,0.1,0.0,0.0,0.0,40000,20000,16,8,69.0,16,105.0,36.0,20.0,365.000000,5,6,1,True,False,4,physical,9,42,0.839804,0.0
waksman_4x4,default,0-1-3-2,routed,4,4,0,0,15,5,4,I0-I1:4;I0-I3:2;I1-I2:2;I1-I3:4;I2-I3:3,1572.000000,3029.575192,1457.575192,1.192899,3.009394,1.816496,1.383788,8.0,3.5,4.0,6.0,10.0,20.0,16.0,48.0,80.0,200.0,False,False,0.002,0.005,0.1,0.0,0.0,0.0,40000,20000,16,8,69.0,16,105.0,36.0,20.0,365.000000,6,6,1,True,False,4,physical,10,42,0.947405,0.0
waksman_4x4,default,2-0-1-3,routed,4,4,0,0,14,5,4,I0-I1:3;I0-I3:2;I1-I2:2;I1-I3:2;I2-I3:4,1572.000000,3086.699082,1514.699082,1.180232,2.652428,1.472196,1.369850,8.0,3.5,4.0,6.0,10.0,20.0,16.0,48.0,80.0,200.0,False,False,0.002,0.005,0.1,0.0,0.0,0.0,40000,20000,16,8,69.0,16,105.0,36.0,20.0,365.000000,6,6,1,True,False,4,physical,11,42,0.816534,0.0
waksman_4x4,default,3-1-2-0,routed,4,4,0,0,11,3,3,I0-I3:3;I1-I2:2;I2-I3:3,1572.000000,2908.699082,1336.699082,1.078598,2.702892,1.624294,1.130850,8.0,3.5,4.0,6.0,10.0,20.0,16.0,48.0,80.0,200.0,False,False,0.002,0.005,0.1,0.0,0.0,0.0,40000,20000,16,8,69.0,16,105.0,36.0,20.0,365.000000,2,6,1,True,False,4,physical,12,42,0.209976,0.0
waksman_4x4,default,1-0-2-3,routed,4,4,0,0,19,6,7,I0-I1:7;I0-I2:2;I0-I3:2;I1-I2:2;I1-I3:2;I2-I3:4,1572.000000,3445.822972,1873.822972,1.180232,3.623807,2.443575,1.806911,8.0,3.5,4.0,6.0,10.0,20.0,16.0,48.0,80.0,200.0,False,False,0.002,0.005,0.1,0.0,0.0,0.0,40000,20000,16,8,69.0,16,105.0,36.0,20.0,365.000000,7,6,1,True,False,4,physical,13,42,1.274622,0.0
waksman_4x4,default,1-2-3-0,routed,4,4,0,0,13,5,3,I0-I1:2;I0-I2:2;I0-I3:3;I1-I2:2;I2-I3:3,1572.000000,3038.845100,1466.845100,1.180232,2.460019,1.279788,1.294673,8.0,3.5,4.0,6.0,10.0,20.0,16.0,48.0,80.0,200.0,False,False,0.002,0.005,0.1,0.0,0.0,0.0,40000,20000,16,8,69.0,16,105.0,36.0,20.0,365.000000,10,6,2,True,False,4,physical,14,42,1.041856,0.0
waksman_4x4,default,0-2-1-3,routed,4,4,0,0,13,5,4,I0-I1:2;I0-I2:2;I0-I3:2;I1-I3:2;I2-I3:4,1572.000000,3062.407045,1490.407045,1.167565,2.652428,1.484863,1.310204,8.0,3.5,4.0,6.0,10.0,20.0,16.0,48.0,80.0,200.0,False,False,0.002,0.005,0.1,0.0,0.0,0.0,40000,20000,16,8,69.0,16,105.0,36.0,20.0,365.000000,5,6,1,True,False,4,physical,15,42,0.510509,0.0
waksman_4x4,default,3-2-0-1,routed,4,4,0,0,11,1,6,I2-I3:6,1572.000000,2984.261027,1412.261027,1.088232,3.108975,2.020743,1.172381,8.0,3.5,4.0,6.0,10.0,20.0,16.0,48.0,80.0,200.0,False,False,0.002,0.005,0.1,0.0,0.0,0.0,40000,20000,16,8,69.0,16,105.0,36.0,20.0,365.000000,4,6,1,True,False,4,physical,16,42,0.596452,0.0
waksman_4x4,default,0-3-1-2,routed,4,4,0,0,12,4,4,I0-I1:2;I0-I2:2;I0-I3:2;I2-I3:4,1572.000000,2981.575192,1409.575192,1.091265,2.790184,1.698919,1.209788,8.0,3.5,4.0,6.0,10.0,20.0,16.0,48.0,80.0,200.0,False,False,0.002,0.005,0.1,0.0,0.0,0.0,40000,20000,16,8,69.0,16,105.0,36.0,20.0,365.000000,5,6,1,True,False,4,physical,17,42,0.685817,0.0
waksman_4x4,default,3-0-2-1,routed,4,4,0,0,10,3,3,I1-I2:2;I1-I3:2;I2-I3:3,1572.000000,2938.991118,1366.991118,1.088232,2.811559,1.723327,1.093496,8.0,3.5,4.0,6.0,10.0,20.0,16.0,48.0,80.0,200.0,False,False,0.002,0.005,0.1,0.0,0.0,0.0,40000,20000,16,8,69.0,16,105.0,36.0,20.0,365.000000,3,6,1,True,False,4,physical,18,42,0.317147,0.0
waksman_4x4,default,1-0-3-2,routed,4,4,0,0,16,5,7,I0-I1:3;I0-I3:2;I1-I2:2;I1-I3:2;I2-I3:7,1572.000000,3058.699082,1486.699082,1.180232,2.937177,1.756945,1.455850,8.0,3.5,4.0,6.0,10.0,20.0,16.0,48.0,80.0,200.0,False,False,0.002,0.005,0.1,0.0,0.0,0.0,40000,20000,16,8,69.0,16,105.0,36.0,20.0,365.000000,15,6,3,True,False,4,physical,19,42,11.773406,0.0
waksman_4x4,default,1-2-0-3,routed,4,4,0,0,14,5,4,I0-I1:2;I0-I2:3;I0-I3:2;I1-I3:2;I2-I3:4,1572.000000,3082.845100,1510.845100,1.180232,2.652428,1.472196,1.366673,8.0,3.5,4.0,6.0,10.0,20.0,16.0,48.0,80.0,200.0,False,False,0.002,0.005,0.1,0.0,0.0,0.0,40000,20000,16,8,69.0,16,105.0,36.0,20.0,365.000000,6,6,1,True,False,4,physical,20,42,0.585451,0.0
waksman_4x4,default,0-1-2-3,routed,4,4,0,0,16,6,4,I0-I1:4;I0-I2:2;I0-I3:2;I1-I2:2;I1-I3:2;I2-I3:4,1572.000000,3155.283155,1583.283155,1.192899,2.973844,1.780945,1.499142,8.0,3.5,4.0,6.0,10.0,20.0,16.0,48.0,80.0,200.0,False,False,0.002,0.005,0.1,0.0,0.0,0.0,40000,20000,16,8,69.0,16,105.0,36.0,20.0,365.000000,7,6,1,True,False,4,physical,21,42,1.169075,0.0
waksman_4x4,default,0-2-3-1,routed,4,4,0,0,12,5,3,I0-I1:2;I0-I2:2;I0-I3:2;I1-I2:2;I2-I3:3,1572.000000,3018.407045,1446.407045,1.167565,2.443641,1.276076,1.238204,8.0,3.5,4.0,6.0,10.0,20.0,16.0,48.0,80.0,200.0,False,False,0.002,0.005,0.1,0.0,0.0,0.0,40000,20000,16,8,69.0,16,105.0,36.0,20.0,365.000000,9,6,2,True,False,4,physical,22,42,0.975699,0.0
waksman_4x4,default,3-1-0-2,routed,4,4,0,0,10,2,4,I1-I3:4;I2-I3:2,1572.000000,2896.991118,1324.991118,1.091265,2.463761,1.372496,1.072496,8.0,3.5,4.0,6.0,10.0,20.0,16.0,48.0,80.0,200.0,False,False,0.002,0.005,0.1,0.0,0.0,0.0,40000,20000,16,8,69.0,16,105.0,36.0,20.0,365.000000,2,6,1,True,False,4,physical,23,42,0.277423,0.0
spanke_benes_4x4,default,2-1-3-0,routed,4,4,0,0,8,2,3,I0-I1:3;I0-I2:2,2388.000000,3792.991118,1404.991118,1.432531,3.031150,1.598619,1.162496,8.0,3.5,4.0,6.0,10.0,20.0,16.0,48.0,80.0,200.0,False,False,0.002,0.005,0.1,0.0,0.0,0.0,40000,20000,16,8,69.0,16,105.0,36.0,20.0,575.000000,3,6,1,True,False,4,physical,0,42,0.592832,0.0
spanke_benes_4x4,default,0-3-2-1,routed,4,4,0,0,9,3,2,I0-I1:2;I0-I2:2;I0-I3:2,2388.000000,3839.283155,1451.283155,1.379565,2.814184,1.434619,1.233142,8.0,3.5,4.0,6.0,10.0,20.0,16.0,48.0,80.0,200.0,False,False,0.002,0.005,0.1,0.0,0.0,0.0,40000,20000,16,8,69.0,16,105.0,36.0,20.0,575.000000,4,6,1,True,False,4,physical,1,42,0.774828,0.0
spanke_benes_4x4,default,3-0-1-2,routed,4,4,0,0,9,2,4,I1-I2:4;I2-I3:2,2388.000000,3845.283155,1457.283155,1.445198,3.396525,1.951327,1.236142,8.0,3.5,4.0,6.0,10.0,20.0,16.0,48.0,80.0,200.0,False,False,0.002,0.005,0.1,0.0,0.0,0.0,40000,20000,16,8,69.0,16,105.0,36.0,20.0,575.000000,4,6,1,True,False,4,physical,2,42,0.607402,0.0
spanke_benes_4x4,default,3-2-1-0,routed,4,4,0,0,6,0,1,,2388.000000,3754.115008,1366.115008,1.366898,2.469517,1.102619,1.050558,8.0,3.5,4.0,6.0,10.0,20.0,16.0,48.0,80.0,200.0,False,False,0.002,0.005,0.1,0.0,0.0,0.0,40000,20000,16,8,69.0,16,105.0,36.0,20.0,575.000000,1,6,1,True,False,4,physical,3,42,0.360371,0.0
spanke_benes_4x4,default,2-0-3-1,routed,4,4,0,0,9,3,3,I0-I1:3;I0-I2:2;I1-I3:2,2388.000000,3841.283155,1453.283155,1.432531,3.031150,1.598619,1.234142,8.0,3.5,4.0,6.0,10.0,20.0,16.0,48.0,80.0,200.0,False,False,0.002,0.005,0.1,0.0,0.0,0.0,40000,20000,16,8,69.0,16,105.0,36.0,20.0,575.000000,4,6,1,True,False,4,physical,4,42,0.634404,0.0
spanke_benes_4x4,default,1-3-0-2,routed,4,4,0,0,9,3,3,I0-I1:2;I0-I2:3;I0-I3:2,2388.000000,3833.137137,1445.137137,1.379565,2.844986,1.465421,1.231319,8.0,3.5,4.0,6.0,10.0,20.0,16.0,48.0,80.0,200.0,False,False,0.002,0.005,0.1,0.0,0.0,0.0,40000,20000,16,8,69.0,16,105.0,36.0,20.0,575.000000,4,6,1,True,False,4,physical,5,42,0.438827,0.0
spanke_benes_4x4,default,2-3-1-0,routed,4,4,0,0,7,1,2,I0-I1:2,2388.000000,3778.407045,1390.407045,1.379565,2.717476,1.337911,1.110204,8.0,3.5,4.0,6.0,10.0,20.0,16.0,48.0,80.0,200.0,False,False,0.002,0.005,0.1,0.0,0.0,0.0,40000,20000,16,8,69.0,16,105.0,36.0,20.0,575.000000,2,6,1,True,False,4,physical,6,42,0.516866,0.0
spanke_benes_4x4,default,1-3-2-0,routed,4,4,0,0,8,2,2,I0-I1:2;I0-I2:2,2388.000000,3790.991118,1402.991118,1.379565,2.725476,1.345911,1.161496,8.0,3.5,4.0,6.0,10.0,20.0,16.0,48.0,80.0,200.0,False,False,0.002,0.005,0.1,0.0,0.0,0.0,40000,20000,16,8,69.0,16,105.0,36.0,20.0,575.000000,3,6,1,True,False,4,physical,7,42,0.560182,0.0
spanke_benes_4x4,default,2-1-0-3,routed,4,4,0,0,11,3,4,I0-I1:3;I0-I3:4;I1-I2:3,2388.000000,3904.991118,1516.991118,1.432531,3.364566,1.932035,1.368496,8.0,3.5,4.0,6.0,10.0,20.0,16.0,48.0,80.0,200.0,False,False,0.002,0.005,0.1,0.0,0.0,0.0,40000,20000,16,8,69.0,16,105.0,36.0,20.0,575.000000,5,6,1,True,False,4,physical,8,42,0.467685,0.0
spanke_benes_4x4,default,2-3-0-1,routed,4,4,0,0,8,2,2,I0-I1:2;I2-I3:2,2388.000000,3826.699082,1438.699082,1.379565,2.814184,1.434619,1.181850,8.0,3.5,4.0,6.0,10.0,20.0,16.0,48.0,80.0,200.0,False,False,0.002,0.005,0.1,0.0,0.0,0.0,40000,20000,16,8,69.0,16,105.0,36.0,20.0,575.000000,3,6,1,True,False,4,physical,9,42,0.599826,0.0
spanke_benes_4x4,default,0-1-3-2,routed,4,4,0,0,11,3,6,I0-I1:6;I1-I2:2;I1-I3:2,2388.000000,3895.867229,1507.867229,1.510831,4.019575,2.508743,1.356434,8.0,3.5,4.0,6.0,10.0,20.0,16.0,48.0,80.0,200.0,False,False,0.002,0.005,0.1,0.0,0.0,0.0,40000,20000,16,8,69.0,16,105.0,36.0,20.0,575.000000,6,6,1,True,False,4,physical,10,42,1.070058,0.0
spanke_benes_4x4,default,2-0-1-3,routed,4,4,0,0,12,3,4,I0-I2:3;I0-I3:4;I1-I2:4,2388.000000,3941.429174,1553.429174,1.445198,3.396525,1.951327,1.432965,8.0,3.5,4.0,6.0,10.0,20.0,16.0,48.0,80.0,200.0,False,False,0.002,0.005,0.1,0.0,0.0,0.0,40000,20000,16,8,69.0,16,105.0,36.0,20.0,575.000000,6,6,1,True,False,4,physical,11,42,0.675765,0.0
spanke_benes_4x4,default,3-1-2-0,routed,4,4,0,0,7,1,2,I1-I2:2,2388.000000,3766.699082,1378.699082,1.379565,2.725476,1.345911,1.101850,8.0,3.5,4.0,6.0,10.0,20.0,16.0,48.0,80.0,200.0,False,False,0.002,0.005,0.1,0.0,0.0,0.0,40000,20000,16,8,69.0,16,105.0,36.0,20.0,575.000000,2,6,1,True,False,4,physical,12,42,0.498028,0.0
spanke_benes_4x4,default,1-0-2-3,routed,4,4,0,0,13,3,5,I0-I1:5;I0-I2:4;I2-I3:4,2388.000000,3967.721210,1579.721210,1.498164,3.702200,2.204035,1.493611,8.0,3.5,4.0,6.0,10.0,20.0,16.0,48.0,80.0,200.0,False,False,0.002,0.005,0.1,0.0,0.0,0.0,40000,20000,16,8,69.0,16,105.0,36.0,20.0,575.000000,7,6,1,True,False,4,physical,13,42,0.779423,0.0
spanke_benes_4x4,default,1-2-3-0,routed,4,4,0,0,9,2,4,I0-I1:4;I1-I2:2,2388.000000,3817.283155,1429.283155,1.445198,3.348525,1.903327,1.222142,8.0,3.5,4.0,6.0,10.0,20.0,16.0,48.0,80.0,200.0,False,False,0.002,0.005,0.1,0.0,0.0,0.0,40000,20000,16,8,69.0,16,105.0,36.0,20.0,575.000000,4,6,1,True,False,4,physical,14,42,0.821078,0.0
spanke_benes_4x4,default,0-2-1-3,routed,4,4,0,0,13,4,4,I0-I1:2;I0-I2:4;I1-I2:3;I1-I3:4,2388.000000,3965.721210,1577.721210,1.445198,3.681941,2.236743,1.492611,8.0,3.5,4.0,6.0,10.0,20.0,16.0,48.0,80.0,200.0,False,False,0.002,0.005,0.1,0.0,0.0,0.0,40000,20000,16,8,69.0,16,105.0,36.0,20.0,575.000000,7,6,1,True,False,4,physical,15,42,0.822804,0.0
spanke_benes_4x4,default,3-2-0-1,routed,4,4,0,0,7,1,2,I2-I3:2,2388.000000,3802.407045,1414.407045,1.379565,2.765476,1.385911,1.122204,8.0,3.5,4.0,6.0,10.0,20.0,16.0,48.0,80.0,200.0,False,False,0.002,0.005,0.1,0.0,0.0,0.0,40000,20000,16,8,69.0,16,105.0,36.0,20.0,575.000000,2,6,1,True,False,4,physical,16,42,0.297368,0.0
spanke_benes_4x4,default,0-3-1-2,routed,4,4,0,0,10,3,4,I0-I1:2;I0-I2:4;I2-I3:2,2388.000000,3869.575192,1481.575192,1.445198,3.396525,1.951327,1.295788,8.0,3.5,4.0,6.0,10.0,20.0,16.0,48.0,80.0,200.0,False,False,0.002,0.005,0.1,0.0,0.0,0.0,40000,20000,16,8,69.0,16,105.0,36.0,20.0,575.000000,5,6,1,True,False,4,physical,17,42,0.849908,0.0
spanke_benes_4x4,default,3-0-2-1,routed,4,4,0,0,8,2,2,I1-I2:2;I1-I3:2,2388.000000,3814.991118,1426.991118,1.379565,2.765476,1.385911,1.173496,8.0,3.5,4.0,6.0,10.0,20.0,16.0,48.0,80.0,200.0,False,False,0.002,0.005,0.1,0.0,0.0,0.0,40000,20000,16,8,69.0,16,105.0,36.0,20.0,575.000000,3,6,1,True,False,4,physical,18,42,0.315978,0.0
spanke_benes_4x4,default,1-0-3-2,routed,4,4,0,0,10,3,5,I0-I1:5;I0-I2:2;I0-I3:2,2388.000000,3871.575192,1483.575192,1.498164,3.702200,2.204035,1.296788,8.0,3.5,4.0,6.0,10.0,20.0,16.0,48.0,80.0,200.0,False,False,0.002,0.005,0.1,0.0,0.0,0.0,40000,20000,16,8,69.0,16,105.0,36.0,20.0,575.000000,5,6,1,True,False,4,physical,19,42,0.806197,0.0
spanke_benes_4x4,default,1-2-0-3,routed,4,4,0,0,12,3,4,I0-I1:4;I0-I2:3;I1-I3:4,2388.000000,3929.283155,1541.283155,1.445198,3.681941,2.236743,1.428142,8.0,3.5,4.0,6.0,10.0,20.0,16.0,48.0,80.0,200.0,False,False,0.002,0.005,0.1,0.0,0.0,0.0,40000,20000,16,8,69.0,16,105.0,36.0,20.0,575.000000,6,6,1,True,False,4,physical,20,42,0.889010,0.0
spanke_benes_4x4,default,0-1-2-3,routed,4,4,0,0,14,3,6,I0-I1:6;I1-I2:4;I2-I3:4,2388.000000,3992.013247,1604.013247,1.510831,4.019575,2.508743,1.553257,8.0,3.5,4.0,6.0,10.0,20.0,16.0,48.0,80.0,200.0,False,False,0.002,0.005,0.1,0.0,0.0,0.0,40000,20000,16,8,69.0,16,105.0,36.0,20.0,575.000000,8,6,1,True,False,4,physical,21,42,1.165566,0.0
spanke_benes_4x4,default,0-2-3-1,routed,4,4,0,0,10,3,4,I0-I1:4;I0-I3:2;I1-I2:2,2388.000000,3865.575192,1477.575192,1.445198,3.348525,1.903327,1.293788,8.0,3.5,4.0,6.0,10.0,20.0,16.0,48.0,80.0,200.0,False,False,0.002,0.005,0.1,0.0,0.0,0.0,40000,20000,16,8,69.0,16,105.0,36.0,20.0,575.000000,5,6,1,True,False,4,physical,22,42,0.954993,0.0
spanke_benes_4x4,default,3-1-0-2,routed,4,4,0,0,8,2,3,I1-I2:3;I1-I3:2,2388.000000,3808.845100,1420.845100,1.376531,2.962442,1.585911,1.171673,8.0,3.5,4.0,6.0,10.0,20.0,16.0,48.0,80.0,200.0,False,False,0.002,0.005,0.1,0.0,0.0,0.0,40000,20000,16,8,69.0,16,105.0,36.0,20.0,575.000000,3,6,1,True,False,4,physical,23,42,0.341171,0.0
spanke_benes_rect_4x4,default,2-1-3-0,routed,4,4,0,0,10,2,4,I0-I1:3;I0-I2:4,1968.000000,3557.822972,1589.822972,1.222531,3.186566,1.964035,1.364911,8.0,3.5,4.0,6.0,10.0,20.0,16.0,48.0,80.0,200.0,False,False,0.002,0.005,0.1,0.0,0.0,0.0,40000,20000,16,8,69.0,16,105.0,36.0,20.0,470.000000,5,6,1,True,False,4,physical,0,42,0.418951,0.0
spanke_benes_rect_4x4,default,0-3-2-1,routed,4,4,0,0,9,3,3,I0-I1:2;I0-I3:2;I2-I3:3,1968.000000,3468.845100,1500.845100,1.222531,2.894566,1.672035,1.261673,8.0,3.5,4.0,6.0,10.0,20.0,16.0,48.0,80.0,200.0,False,False,0.002,0.005,0.1,0.0,0.0,0.0,40000,20000,16,8,69.0,16,105.0,36.0,20.0,470.000000,4,6,1,True,False,4,physical,1,42,0.678521,0.0
spanke_benes_rect_4x4,default,3-0-1-2,routed,4,4,0,0,9,2,4,I1-I2:2;I2-I3:4,1968.000000,3498.845100,1530.845100,1.171198,2.945559,1.774361,1.276673,8.0,3.5,4.0,6.0,10.0,20.0,16.0,48.0,80.0,200.0,False,False,0.002,0.005,0.1,0.0,0.0,0.0,40000,20000,16,8,69.0,16,105.0,36.0,20.0,470.000000,3,6,1,True,False,4,physical,2,42,0.540054,0.0
spanke_benes_rect_4x4,default,3-2-1-0,routed,4,4,0,0,6,0,1,,1968.000000,3393.530935,1425.530935,1.156898,2.293641,1.136743,1.085265,8.0,3.5,4.0,6.0,10.0,20.0,16.0,48.0,80.0,200.0,False,False,0.002,0.005,0.1,0.0,0.0,0.0,40000,20000,16,8,69.0,16,105.0,36.0,20.0,470.000000,1,6,1,True,False,4,physical,3,42,0.165566,0.0
spanke_benes_rect_4x4,default,2-0-3-1,routed,4,4,0,0,11,3,4,I0-I2:4;I0-I3:3;I1-I3:2,1968.000000,3562.553063,1594.553063,1.222531,3.154566,1.932035,1.411027,8.0,3.5,4.0,6.0,10.0,20.0,16.0,48.0,80.0,200.0,False,False,0.002,0.005,0.1,0.0,0.0,0.0,40000,20000,16,8,69.0,16,105.0,36.0,20.0,470.000000,6,6,1,True,False,4,physical,4,42,0.632997,0.0
spanke_benes_rect_4x4,default,1-3-0-2,routed,4,4,0,0,9,3,2,I0-I1:2;I0-I3:2;I2-I3:2,1968.000000,3546.407045,1578.407045,1.169565,2.977559,1.807994,1.304204,8.0,3.5,4.0,6.0,10.0,20.0,16.0,48.0,80.0,200.0,False,False,0.002,0.005,0.1,0.0,0.0,0.0,40000,20000,16,8,69.0,16,105.0,36.0,20.0,470.000000,4,6,1,True,False,4,physical,5,42,0.659680,0.0
spanke_benes_rect_4x4,default,2-3-1-0,routed,4,4,0,0,7,1,2,I0-I1:2,1968.000000,3417.822972,1449.822972,1.169565,2.507476,1.337911,1.144911,8.0,3.5,4.0,6.0,10.0,20.0,16.0,48.0,80.0,200.0,False,False,0.002,0.005,0.1,0.0,0.0,0.0,40000,20000,16,8,69.0,16,105.0,36.0,20.0,470.000000,2,6,1,True,False,4,physical,6,42,0.267292,0.0
spanke_benes_rect_4x4,default,1-3-2-0,routed,4,4,0,0,8,2,2,I0-I1:2;I0-I2:2,1968.000000,3440.261027,1472.261027,1.169565,2.568184,1.398619,1.202381,8.0,3.5,4.0,6.0,10.0,20.0,16.0,48.0,80.0,200.0,False,False,0.002,0.005,0.1,0.0,0.0,0.0,40000,20000,16,8,69.0,16,105.0,36.0,20.0,470.000000,3,6,1,True,False,4,physical,7,42,0.315705,0.0
spanke_benes_rect_4x4,default,2-1-0-3,routed,4,4,0,0,11,3,4,I0-I1:3;I0-I3:4;I2-I3:2,1968.000000,3612.115008,1644.115008,1.222531,3.227982,2.005451,1.439558,8.0,3.5,4.0,6.0,10.0,20.0,16.0,48.0,80.0,200.0,False,False,0.002,0.005,0.1,0.0,0.0,0.0,40000,20000,16,8,69.0,16,105.0,36.0,20.0,470.000000,6,6,1,True,False,4,physical,8,42,0.745726,0.0
spanke_benes_rect_4x4,default,2-3-0-1,routed,4,4,0,0,8,2,2,I0-I1:2;I2-I3:2,1968.000000,3472.115008,1504.115008,1.169565,2.636892,1.467327,1.219558,8.0,3.5,4.0,6.0,10.0,20.0,16.0,48.0,80.0,200.0,False,False,0.002,0.005,0.1,0.0,0.0,0.0,40000,20000,16,8,69.0,16,105.0,36.0,20.0,470.000000,2,6,1,True,False,4,physical,9,42,0.419168,0.0
spanke_benes_rect_4x4,default,0-1-3-2,routed,4,4,0,0,13,3,5,I0-I1:4;I1-I3:4;I2-I3:5,1968.000000,3621.283155,1653.283155,1.235198,3.507941,2.272743,1.534142,8.0,3.5,4.0,6.0,10.0,20.0,16.0,48.0,80.0,200.0,False,False,0.002,0.005,0.1,0.0,0.0,0.0,40000,20000,16,8,69.0,16,105.0,36.0,20.0,470.000000,8,6,1,True,False,4,physical,10,42,0.950984,0.0
spanke_benes_rect_4x4,default,2-0-1-3,routed,4,4,0,0,12,4,4,I0-I2:3;I0-I3:4;I1-I2:2;I2-I3:2,1968.000000,3640.699082,1672.699082,1.222531,3.227982,2.005451,1.498850,8.0,3.5,4.0,6.0,10.0,20.0,16.0,48.0,80.0,200.0,False,False,0.002,0.005,0.1,0.0,0.0,0.0,40000,20000,16,8,69.0,16,105.0,36.0,20.0,470.000000,7,6,1,True,False,4,physical,11,42,0.939389,0.0
spanke_benes_rect_4x4,default,3-1-2-0,routed,4,4,0,0,7,1,2,I1-I2:2,1968.000000,3439.822972,1471.822972,1.156898,2.600184,1.443287,1.155911,8.0,3.5,4.0,6.0,10.0,20.0,16.0,48.0,80.0,200.0,False,False,0.002,0.005,0.1,0.0,0.0,0.0,40000,20000,16,8,69.0,16,105.0,36.0,20.0,470.000000,2,6,1,True,False,4,physical,12,42,0.204523,0.0
spanke_benes_rect_4x4,default,1-0-2-3,routed,4,4,0,0,13,3,6,I0-I1:3;I0-I2:4;I2-I3:6,1968.000000,3627.429174,1659.429174,1.183865,3.358485,2.174619,1.535965,8.0,3.5,4.0,6.0,10.0,20.0,16.0,48.0,80.0,200.0,False,False,0.002,0.005,0.1,0.0,0.0,0.0,40000,20000,16,8,69.0,16,105.0,36.0,20.0,470.000000,7,6,1,True,False,4,physical,13,42,0.806634,0.0
spanke_benes_rect_4x4,default,1-2-3-0,routed,4,4,0,0,11,2,4,I0-I1:4;I1-I2:4,1968.000000,3582.115008,1614.115008,1.235198,3.503941,2.268743,1.424558,8.0,3.5,4.0,6.0,10.0,20.0,16.0,48.0,80.0,200.0,False,False,0.002,0.005,0.1,0.0,0.0,0.0,40000,20000,16,8,69.0,16,105.0,36.0,20.0,470.000000,6,6,1,True,False,4,physical,14,42,0.560138,0.0
spanke_benes_rect_4x4,default,0-2-1-3,routed,4,4,0,0,13,5,4,I0-I1:2;I0-I2:2;I1-I2:3;I1-I3:4;I2-I3:2,1968.000000,3669.137137,1701.137137,1.235198,3.471941,2.236743,1.559319,8.0,3.5,4.0,6.0,10.0,20.0,16.0,48.0,80.0,200.0,False,False,0.002,0.005,0.1,0.0,0.0,0.0,40000,20000,16,8,69.0,16,105.0,36.0,20.0,470.000000,8,6,1,True,False,4,physical,15,42,1.226051,0.0
spanke_benes_rect_4x4,default,3-2-0-1,routed,4,4,0,0,7,1,2,I2-I3:2,1968.000000,3447.822972,1479.822972,1.156898,2.636892,1.479994,1.159911,8.0,3.5,4.0,6.0,10.0,20.0,16.0,48.0,80.0,200.0,False,False,0.002,0.005,0.1,0.0,0.0,0.0,40000,20000,16,8,69.0,16,105.0,36.0,20.0,470.000000,1,6,1,True,False,4,physical,16,42,0.250152,0.0
spanke_benes_rect_4x4,default,0-3-1-2,routed,4,4,0,0,10,3,4,I0-I1:2;I0-I2:2;I2-I3:4,1968.000000,3523.137137,1555.137137,1.171198,2.945559,1.774361,1.336319,8.0,3.5,4.0,6.0,10.0,20.0,16.0,48.0,80.0,200.0,False,False,0.002,0.005,0.1,0.0,0.0,0.0,40000,20000,16,8,69.0,16,105.0,36.0,20.0,470.000000,4,6,1,True,False,4,physical,17,42,0.750713,0.0
spanke_benes_rect_4x4,default,3-0-2-1,routed,4,4,0,0,8,2,3,I1-I3:2;I2-I3:3,1968.000000,3444.553063,1476.553063,1.222531,2.853150,1.630619,1.202027,8.0,3.5,4.0,6.0,10.0,20.0,16.0,48.0,80.0,200.0,False,False,0.002,0.005,0.1,0.0,0.0,0.0,40000,20000,16,8,69.0,16,105.0,36.0,20.0,470.000000,3,6,1,True,False,4,physical,18,42,0.433234,0.0
spanke_benes_rect_4x4,default,1-0-3-2,routed,4,4,0,0,12,3,5,I0-I1:3;I0-I3:4;I2-I3:5,1968.000000,3596.991118,1628.991118,1.235198,3.507941,2.272743,1.474496,8.0,3.5,4.0,6.0,10.0,20.0,16.0,48.0,80.0,200.0,False,False,0.002,0.005,0.1,0.0,0.0,0.0,40000,20000,16,8,69.0,16,105.0,36.0,20.0,470.000000,7,6,1,True,False,4,physical,19,42,0.808868,0.0
spanke_benes_rect_4x4,default,1-2-0-3,routed,4,4,0,0,12,3,4,I0-I1:4;I1-I3:4;I2-I3:2,1968.000000,3664.407045,1696.407045,1.235198,3.503941,2.268743,1.513204,8.0,3.5,4.0,6.0,10.0,20.0,16.0,48.0,80.0,200.0,False,False,0.002,0.005,0.1,0.0,0.0,0.0,40000,20000,16,8,69.0,16,105.0,36.0,20.0,470.000000,7,6,1,True,False,4,physical,20,42,0.843847,0.0
spanke_benes_rect_4x4,default,0-1-2-3,routed,4,4,0,0,14,3,6,I0-I1:4;I1-I2:4;I2-I3:6,1968.000000,3675.575192,1707.575192,1.183865,3.390485,2.206619,1.608788,8.0,3.5,4.0,6.0,10.0,20.0,16.0,48.0,80.0,200.0,False,False,0.002,0.005,0.1,0.0,0.0,0.0,40000,20000,16,8,69.0,16,105.0,36.0,20.0,470.000000,8,6,1,True,False,4,physical,21,42,1.051921,0.0
spanke_benes_rect_4x4,default,0-2-3-1,routed,4,4,0,0,12,4,4,I0-I1:2;I0-I3:2;I1-I2:4;I1-I3:3,1968.000000,3586.845100,1618.845100,1.235198,3.471941,2.236743,1.470673,8.0,3.5,4.0,6.0,10.0,20.0,16.0,48.0,80.0,200.0,False,False,0.002,0.005,0.1,0.0,0.0,0.0,40000,20000,16,8,69.0,16,105.0,36.0,20.0,470.000000,7,6,1,True,False,4,physical,22,42,0.780924,0.0
spanke_benes_rect_4x4,default,3-1-0-2,routed,4,4,0,0,8,2,2,I1-I3:2;I2-I3:2,1968.000000,3494.115008,1526.115008,1.156898,2.977559,1.820662,1.230558,8.0,3.5,4.0,6.0,10.0,20.0,16.0,48.0,80.0,200.0,False,False,0.002,0.005,0.1,0.0,0.0,0.0,40000,20000,16,8,69.0,16,105.0,36.0,20.0,470.000000,2,6,1,True,False,4,physical,23,42,0.271702,0.0
padded_benes_8x8,default,0-2-3-4-1,routed,5,5,0,0,23,7,4,I0-I1:2;I0-I2:4;I0-I3:2;I0-I4:2;I1-I2:4;I1-I3:2;I2-I3:4,3691.000000,6914.791961,3223.791961,2.758164,4.766447,2.008283,1.580517,8.0,3.5,4.0,6.0,10.0,20.0,16.0,48.0,80.0,200.0,False,False,0.002,0.005,0.1,0.0,0.0,0.0,40000,20000,16,8,69.0,16,105.0,36.0,20.0,575.000000,11,6,1,True,False,5,physical,0,42,4.121200,0.0
padded_benes_8x8,default,3-2-0-1-4,routed,5,5,0,0,33,10,6,I0-I1:5;I0-I2:3;I0-I3:3;I0-I4:2;I1-I2:5;I1-I3:3;I1-I4:2;I2-I3:6;I2-I4:2;I3-I4:2,3699.000000,6709.376035,3010.376035,2.838164,5.635403,2.797239,1.651150,8.0,3.5,4.0,6.0,10.0,20.0,16.0,48.0,80.0,200.0,False,False,0.002,0.005,0.1,0.0,0.0,0.0,40000,20000,16,8,69.0,16,105.0,36.0,20.0,575.000000,13,6,1,True,False,5,physical,1,42,5.070981,0.0
padded_benes_8x8,default,3-4-2-1-0,failed,5,4,1,0,13,4,3,I0-I1:2;I0-I2:3;I1-I2:3;I2-I4:3,3787.000000,5171.296402,1384.296402,2.940830,4.431196,1.490366,1.010398,8.0,3.5,4.0,6.0,10.0,20.0,16.0,48.0,80.0,200.0,False,False,0.002,0.005,0.1,0.0,0.0,0.0,40000,20000,16,8,69.0,16,105.0,36.0,20.0,575.000000,49,6,4,True,True,5,physical,2,42,25.401967,0.2
padded_benes_8x8,default,4-3-0-1-2,routed,5,5,0,0,33,9,6,I0-I1:3;I0-I2:3;I0-I3:3;I1-I2:5;I1-I3:3;I1-I4:5;I2-I3:6;I2-I4:2;I3-I4:2,3699.000000,6768.499925,3069.499925,2.838164,5.431403,2.593239,1.640800,8.0,3.5,4.0,6.0,10.0,20.0,16.0,48.0,80.0,200.0,False,False,0.002,0.005,0.1,0.0,0.0,0.0,40000,20000,16,8,69.0,16,105.0,36.0,20.0,575.000000,13,6,1,True,False,5,physical,3,42,4.521790,0.0
padded_benes_8x8,default,3-4-1-0-2,routed,5,5,0,0,27,9,5,I0-I1:2;I0-I2:3;I0-I3:3;I0-I4:3;I1-I2:3;I1-I3:3;I2-I3:5;I2-I4:2;I3-I4:2,3787.000000,6823.623814,3036.623814,2.889497,5.162736,2.273239,1.473650,8.0,3.5,4.0,6.0,10.0,20.0,16.0,48.0,80.0,200.0,False,False,0.002,0.005,0.1,0.0,0.0,0.0,40000,20000,16,8,69.0,16,105.0,36.0,20.0,575.000000,10,6,1,True,False,5,physical,4,42,3.902902,0.0
padded_benes_8x8,default,1-2-0-3-4,routed,5,5,0,0,28,10,4,I0-I1:2;I0-I2:3;I0-I3:4;I0-I4:2;I1-I2:3;I1-I3:4;I1-I4:2;I2-I3:4;I2-I4:2;I3-I4:2,3699.000000,6541.668072,2842.668072,3.009497,4.862488,1.852991,1.422067,8.0,3.5,4.0,6.0,10.0,20.0,16.0,48.0,80.0,200.0,False,False,0.002,0.005,0.1,0.0,0.0,0.0,40000,20000,16,8,69.0,16,105.0,36.0,20.0,575.000000,11,6,1,True,False,5,physical,5,42,3.901624,0.0
padded_benes_8x8,default,3-4-1-2-0,routed,5,5,0,0,32,8,7,I0-I1:2;I0-I2:3;I0-I3:7;I1-I2:3;I1-I3:3;I2-I3:6;I2-I4:3;I3-I4:3,3787.000000,7360.747704,3573.747704,2.889497,6.917067,4.027570,1.934499,8.0,3.5,4.0,6.0,10.0,20.0,16.0,48.0,80.0,200.0,False,False,0.002,0.005,0.1,0.0,0.0,0.0,40000,20000,16,8,69.0,16,105.0,36.0,20.0,575.000000,20,6,2,True,False,5,physical,6,42,9.330024,0.0
padded_benes_8x8,default,3-2-1-4-0,routed,5,5,0,0,23,6,5,I0-I1:3;I0-I3:2;I1-I2:3;I1-I3:2;I2-I3:4;I2-I4:5,3603.000000,6582.353906,2979.353906,2.753497,4.749780,1.996283,1.365742,8.0,3.5,4.0,6.0,10.0,20.0,16.0,48.0,80.0,200.0,False,False,0.002,0.005,0.1,0.0,0.0,0.0,40000,20000,16,8,69.0,16,105.0,36.0,20.0,575.000000,10,6,1,True,False,5,physical,7,42,3.366728,0.0
padded_benes_8x8,default,4-0-1-2-3,failed,5,4,1,0,17,4,6,I0-I1:3;I1-I3:4;I1-I4:2;I3-I4:6,3699.000000,5052.026494,1353.026494,2.889497,4.768571,1.879074,1.080513,8.0,3.5,4.0,6.0,10.0,20.0,16.0,48.0,80.0,200.0,False,False,0.002,0.005,0.1,0.0,0.0,0.0,40000,20000,16,8,69.0,16,105.0,36.0,20.0,575.000000,47,6,4,True,True,5,physical,8,42,28.963377,0.2
padded_benes_8x8,default,4-2-0-3-1,routed,5,5,0,0,27,8,4,I0-I1:3;I0-I2:3;I0-I3:3;I1-I2:3;I1-I3:4;I2-I3:4;I2-I4:2;I3-I4:3,3699.000000,6624.791961,2925.791961,3.009497,4.862488,1.852991,1.381317,8.0,3.5,4.0,6.0,10.0,20.0,16.0,48.0,80.0,200.0,False,False,0.002,0.005,0.1,0.0,0.0,0.0,40000,20000,16,8,69.0,16,105.0,36.0,20.0,575.000000,11,6,1,True,False,5,physical,9,42,3.784621,0.0
padded_benes_8x8,default,1-4-3-2-0,routed,5,5,0,0,31,8,7,I0-I1:2;I0-I2:4;I0-I3:4;I1-I2:3;I1-I3:3;I2-I3:7;I2-I4:3;I3-I4:3,3787.000000,7244.207888,3457.207888,2.958164,6.492819,3.534655,1.877883,8.0,3.5,4.0,6.0,10.0,20.0,16.0,48.0,80.0,200.0,False,False,0.002,0.005,0.1,0.0,0.0,0.0,40000,20000,16,8,69.0,16,105.0,36.0,20.0,575.000000,13,6,1,True,False,5,physical,10,42,6.290766,0.0
padded_benes_8x8,default,3-1-0-4-2,routed,5,5,0,0,29,9,5,I0-I1:3;I0-I2:3;I0-I3:2;I0-I4:5;I1-I2:5;I1-I3:2;I1-I4:2;I2-I3:4;I2-I4:2,3691.000000,7338.601686,3647.601686,2.638164,5.282358,2.644193,2.005041,8.0,3.5,4.0,6.0,10.0,20.0,16.0,48.0,80.0,200.0,False,False,0.002,0.005,0.1,0.0,0.0,0.0,40000,20000,16,8,69.0,16,105.0,36.0,20.0,575.000000,15,6,1,True,False,5,physical,11,42,5.399562,0.0
padded_benes_8x8,default,3-2-4-0-1,routed,5,5,0,0,25,7,5,I0-I1:3;I0-I2:2;I0-I3:3;I1-I2:2;I1-I3:3;I2-I3:5;I3-I4:4,3603.000000,6682.207888,3079.207888,2.753497,5.239904,2.486407,1.486683,8.0,3.5,4.0,6.0,10.0,20.0,16.0,48.0,80.0,200.0,False,False,0.002,0.005,0.1,0.0,0.0,0.0,40000,20000,16,8,69.0,16,105.0,36.0,20.0,575.000000,9,6,1,True,False,5,physical,12,42,4.178370,0.0
padded_benes_8x8,default,1-2-3-0-4,routed,5,5,0,0,29,10,5,I0-I1:2;I0-I2:4;I0-I3:3;I0-I4:2;I1-I2:4;I1-I3:3;I1-I4:2;I2-I3:5;I2-I4:2;I3-I4:2,3699.000000,6695.960108,2996.960108,2.958164,5.322736,2.364572,1.521784,8.0,3.5,4.0,6.0,10.0,20.0,16.0,48.0,80.0,200.0,False,False,0.002,0.005,0.1,0.0,0.0,0.0,40000,20000,16,8,69.0,16,105.0,36.0,20.0,575.000000,11,6,1,True,False,5,physical,13,42,4.275498,0.0
padded_benes_8x8,default,0-3-4-1-2,routed,5,5,0,0,28,9,7,I0-I1:2;I0-I2:2;I0-I3:2;I0-I4:2;I1-I2:2;I1-I3:3;I1-I4:3;I2-I3:7;I3-I4:4,3603.000000,6816.499925,3213.499925,2.766164,5.260571,2.494407,1.698400,8.0,3.5,4.0,6.0,10.0,20.0,16.0,48.0,80.0,200.0,False,False,0.002,0.005,0.1,0.0,0.0,0.0,40000,20000,16,8,69.0,16,105.0,36.0,20.0,575.000000,12,6,1,True,False,5,physical,14,42,5.569175,0.0
padded_benes_8x8,default,2-3-1-0-4,routed,5,5,0,0,33,10,7,I0-I1:4;I0-I2:3;I0-I3:3;I0-I4:2;I1-I2:3;I1-I3:5;I1-I4:2;I2-I3:7;I2-I4:2;I3-I4:2,3699.000000,6744.207888,3045.207888,2.889497,5.626736,2.737239,1.673083,8.0,3.5,4.0,6.0,10.0,20.0,16.0,48.0,80.0,200.0,False,False,0.002,0.005,0.1,0.0,0.0,0.0,40000,20000,16,8,69.0,16,105.0,36.0,20.0,575.000000,20,6,2,True,False,5,physical,15,42,15.324982,0.0
padded_benes_8x8,default,3-1-4-0-2,routed,5,5,0,0,24,8,5,I0-I1:3;I0-I3:3;I0-I4:3;I1-I2:2;I1-I3:5;I1-I4:2;I2-I3:3;I3-I4:2,3691.000000,7152.893723,3461.893723,2.689497,5.018358,2.328861,1.728757,8.0,3.5,4.0,6.0,10.0,20.0,16.0,48.0,80.0,200.0,False,False,0.002,0.005,0.1,0.0,0.0,0.0,40000,20000,16,8,69.0,16,105.0,36.0,20.0,575.000000,13,6,1,True,False,5,physical,16,42,5.690644,0.0
padded_benes_8x8,default,4-0-1-3-2,routed,5,5,0,0,37,9,7,I0-I1:3;I0-I2:3;I0-I3:3;I1-I2:4;I1-I3:4;I1-I4:4;I2-I3:6;I2-I4:2;I3-I4:7,3699.000000,7094.455668,3395.455668,2.889497,6.899150,4.009653,1.985182,8.0,3.5,4.0,6.0,10.0,20.0,16.0,48.0,80.0,200.0,False,False,0.002,0.005,0.1,0.0,0.0,0.0,40000,20000,16,8,69.0,16,105.0,36.0,20.0,575.000000,30,6,2,True,False,5,physical,17,42,21.636821,0.0
padded_benes_8x8,default,2-0-3-4-1,routed,5,5,0,0,26,8,4,I0-I1:3;I0-I2:4;I0-I3:2;I1-I2:4;I1-I3:2;I1-I4:2;I2-I3:4;I2-I4:3,3603.000000,6941.039741,3338.039741,2.612830,5.580111,2.967281,1.678216,8.0,3.5,4.0,6.0,10.0,20.0,16.0,48.0,80.0,200.0,False,False,0.002,0.005,0.1,0.0,0.0,0.0,40000,20000,16,8,69.0,16,105.0,36.0,20.0,575.000000,20,6,2,True,False,5,physical,18,42,15.234674,0.0
padded_benes_8x8,default,2-4-1-0-3,routed,5,5,0,0,28,9,5,I0-I1:2;I0-I2:3;I0-I3:3;I0-I4:4;I1-I2:3;I1-I3:3;I2-I3:5;I2-I4:2;I3-I4:2,3787.000000,7000.207888,3213.207888,2.889497,5.564152,2.674655,1.580283,8.0,3.5,4.0,6.0,10.0,20.0,16.0,48.0,80.0,200.0,False,False,0.002,0.005,0.1,0.0,0.0,0.0,40000,20000,16,8,69.0,16,105.0,36.0,20.0,575.000000,12,6,1,True,False,5,physical,19,42,5.156116,0.0
padded_benes_8x8,default,0-2-3-1-4,routed,5,5,0,0,30,10,5,I0-I1:2;I0-I2:4;I0-I3:4;I0-I4:2;I1-I2:4;I1-I3:3;I1-I4:2;I2-I3:5;I2-I4:2;I3-I4:2,3699.000000,6744.252145,3045.252145,2.958164,5.667403,2.709239,1.579101,8.0,3.5,4.0,6.0,10.0,20.0,16.0,48.0,80.0,200.0,False,False,0.002,0.005,0.1,0.0,0.0,0.0,40000,20000,16,8,69.0,16,105.0,36.0,20.0,575.000000,12,6,1,True,False,5,physical,20,42,4.591387,0.0
padded_benes_8x8,default,2-3-0-4-1,routed,5,5,0,0,25,7,4,I0-I1:4;I0-I2:3;I0-I3:2;I1-I2:3;I1-I3:2;I2-I3:4;I2-I4:4,3603.000000,6797.915851,3194.915851,2.740830,4.958529,2.217699,1.534966,8.0,3.5,4.0,6.0,10.0,20.0,16.0,48.0,80.0,200.0,False,False,0.002,0.005,0.1,0.0,0.0,0.0,40000,20000,16,8,69.0,16,105.0,36.0,20.0,575.000000,10,6,1,True,False,5,physical,21,42,4.684141,0.0
padded_benes_8x8,default,4-0-2-1-3,failed,5,4,1,0,17,4,6,I0-I1:3;I1-I2:4;I1-I4:2;I2-I4:6,3699.000000,4991.880476,1292.880476,2.940830,4.631196,1.690366,1.059690,8.0,3.5,4.0,6.0,10.0,20.0,16.0,48.0,80.0,200.0,False,False,0.002,0.005,0.1,0.0,0.0,0.0,40000,20000,16,8,69.0,16,105.0,36.0,20.0,575.000000,49,6,4,True,True,5,physical,22,42,26.430750,0.2
padded_benes_8x8,default,4-2-0-1-3,routed,5,5,0,0,32,9,6,I0-I1:3;I0-I2:3;I0-I3:3;I1-I2:5;I1-I3:3;I1-I4:4;I2-I3:6;I2-I4:2;I3-I4:2,3699.000000,6674.791961,2975.791961,2.838164,5.389987,2.551823,1.561317,8.0,3.5,4.0,6.0,10.0,20.0,16.0,48.0,80.0,200.0,False,False,0.002,0.005,0.1,0.0,0.0,0.0,40000,20000,16,8,69.0,16,105.0,36.0,20.0,575.000000,12,6,1,True,False,5,physical,23,42,4.184380,0.0
padded_benes_8x8,default,0-2-1-4-3,routed,5,5,0,0,24,9,4,I0-I1:2;I0-I2:2;I0-I3:2;I0-I4:2;I1-I2:3;I1-I3:2;I1-I4:2;I2-I3:4;I2-I4:4,3603.000000,6736.499925,3133.499925,2.753497,4.781780,2.028283,1.506400,8.0,3.5,4.0,6.0,10.0,20.0,16.0,48.0,80.0,200.0,False,False,0.002,0.005,0.1,0.0,0.0,0.0,40000,20000,16,8,69.0,16,105.0,36.0,20.0,575.000000,11,6,1,True,False,5,physical,24,42,5.008384,0.0
padded_benes_8x8,default,0-1-2-4-3,routed,5,5,0,0,25,8,4,I0-I1:4;I0-I3:2;I0-I4:2;I1-I2:4;I1-I3:2;I1-I4:2;I2-I3:4;I2-I4:4,3603.000000,6782.499925,3179.499925,2.612830,4.731196,2.118366,1.604800,8.0,3.5,4.0,6.0,10.0,20.0,16.0,48.0,80.0,200.0,False,False,0.002,0.005,0.1,0.0,0.0,0.0,40000,20000,16,8,69.0,16,105.0,36.0,20.0,575.000000,11,6,1,True,False,5,physical,25,42,5.016359,0.0
padded_benes_8x8,default,3-1-0-2-4,routed,5,5,0,0,36,10,8,I0-I1:3;I0-I2:3;I0-I3:3;I0-I4:2;I1-I2:5;I1-I3:4;I1-I4:2;I2-I3:8;I2-I4:2;I3-I4:4,3699.000000,6644.398163,2945.398163,2.838164,6.059403,3.221239,1.778159,8.0,3.5,4.0,6.0,10.0,20.0,16.0,48.0,80.0,200.0,False,False,0.002,0.005,0.1,0.0,0.0,0.0,40000,20000,16,8,69.0,16,105.0,36.0,20.0,575.000000,15,6,2,True,False,5,physical,26,42,6.181455,0.0
padded_benes_8x8,default,2-4-3-0-1,routed,5,5,0,0,29,8,5,I0-I1:2;I0-I2:4;I0-I3:3;I1-I2:3;I1-I3:3;I2-I3:5;I2-I4:3;I3-I4:4,3787.000000,6976.061870,3189.061870,2.889497,5.756111,2.866614,1.651625,8.0,3.5,4.0,6.0,10.0,20.0,16.0,48.0,80.0,200.0,False,False,0.002,0.005,0.1,0.0,0.0,0.0,40000,20000,16,8,69.0,16,105.0,36.0,20.0,575.000000,26,6,2,True,False,5,physical,27,42,14.516271,0.0
padded_benes_8x8,default,1-0-3-2-4,routed,5,5,0,0,36,10,7,I0-I1:3;I0-I2:4;I0-I3:4;I0-I4:2;I1-I2:4;I1-I3:4;I1-I4:2;I2-I3:7;I2-I4:2;I3-I4:4,3699.000000,7059.960108,3360.960108,2.958164,7.019651,4.061487,1.987384,8.0,3.5,4.0,6.0,10.0,20.0,16.0,48.0,80.0,200.0,False,False,0.002,0.005,0.1,0.0,0.0,0.0,40000,20000,16,8,69.0,16,105.0,36.0,20.0,575.000000,13,6,1,True,False,5,physical,28,42,6.327280,0.0
padded_benes_8x8,default,3-1-2-0-4,routed,5,5,0,0,33,10,5,I0-I1:3;I0-I2:3;I0-I3:3;I0-I4:2;I1-I2:4;I1-I3:5;I1-I4:2;I2-I3:5;I2-I4:4;I3-I4:2,3699.000000,6500.690200,2801.690200,2.889497,5.327196,2.437699,1.598676,8.0,3.5,4.0,6.0,10.0,20.0,16.0,48.0,80.0,200.0,False,False,0.002,0.005,0.1,0.0,0.0,0.0,40000,20000,16,8,69.0,16,105.0,36.0,20.0,575.000000,11,6,1,True,False,5,physical,29,42,4.623401,0.0
padded_benes_8x8,default,0-4-2-3-1,routed,5,5,0,0,33,9,8,I0-I1:2;I0-I2:4;I0-I3:4;I0-I4:2;I1-I2:3;I1-I3:3;I2-I3:8;I2-I4:3;I3-I4:3,3787.000000,7296.499925,3509.499925,2.906831,6.445486,3.538655,1.976800,8.0,3.5,4.0,6.0,10.0,20.0,16.0,48.0,80.0,200.0,False,False,0.002,0.005,0.1,0.0,0.0,0.0,40000,20000,16,8,69.0,16,105.0,36.0,20.0,575.000000,14,6,1,True,False,5,physical,30,42,6.586510,0.0
padded_benes_8x8,default,2-0-4-1-3,routed,5,5,0,0,28,9,4,I0-I1:3;I0-I2:2;I0-I3:3;I0-I4:4;I1-I2:2;I1-I3:4;I1-I4:4;I2-I3:3;I3-I4:2,3691.000000,7047.331778,3356.331778,2.740830,5.046777,2.305947,1.843533,8.0,3.5,4.0,6.0,10.0,20.0,16.0,48.0,80.0,200.0,False,False,0.002,0.005,0.1,0.0,0.0,0.0,40000,20000,16,8,69.0,16,105.0,36.0,20.0,575.000000,11,6,1,True,False,5,physical,31,42,4.997340,0.0
padded_benes_8x8,default,1-3-4-2-0,routed,5,5,0,0,22,6,5,I0-I1:2;I0-I2:2;I0-I3:4;I1-I2:2;I1-I3:5;I2-I3:3,3691.000000,6940.207888,3249.207888,2.758164,4.787155,2.028991,1.554683,8.0,3.5,4.0,6.0,10.0,20.0,16.0,48.0,80.0,200.0,False,False,0.002,0.005,0.1,0.0,0.0,0.0,40000,20000,16,8,69.0,16,105.0,36.0,20.0,575.000000,11,6,1,True,False,5,physical,32,42,4.047184,0.0
padded_benes_8x8,default,2-0-3-1-4,failed,5,4,1,0,21,6,6,I1-I2:6;I1-I3:4;I1-I4:2;I2-I3:5;I2-I4:2;I3-I4:2,3699.000000,5519.150384,1820.150384,2.940830,5.174695,2.233865,1.383575,8.0,3.5,4.0,6.0,10.0,20.0,16.0,48.0,80.0,200.0,False,False,0.002,0.005,0.1,0.0,0.0,0.0,40000,20000,16,8,69.0,16,105.0,36.0,20.0,575.000000,49,6,4,True,True,5,physical,33,42,122.684518,0.2
padded_benes_8x8,default,2-4-0-1-3,routed,5,5,0,0,31,9,8,I0-I1:2;I0-I2:3;I0-I3:3;I0-I4:2;I1-I2:3;I1-I3:3;I2-I3:8;I2-I4:2;I3-I4:4,3787.000000,6898.499925,3111.499925,2.838164,5.772571,2.934407,1.657600,8.0,3.5,4.0,6.0,10.0,20.0,16.0,48.0,80.0,200.0,False,False,0.002,0.005,0.1,0.0,0.0,0.0,40000,20000,16,8,69.0,16,105.0,36.0,20.0,575.000000,12,6,1,True,False,5,physical,34,42,4.717543,0.0
padded_benes_8x8,default,1-3-2-4-0,routed,5,5,0,0,23,6,5,I0-I1:2;I0-I2:4;I0-I3:2;I1-I2:5;I1-I3:2;I2-I3:4,3691.000000,6923.623814,3232.623814,2.706831,4.915485,2.208654,1.592050,8.0,3.5,4.0,6.0,10.0,20.0,16.0,48.0,80.0,200.0,False,False,0.002,0.005,0.1,0.0,0.0,0.0,40000,20000,16,8,69.0,16,105.0,36.0,20.0,575.000000,11,6,1,True,False,5,physical,35,42,3.311559,0.0
padded_benes_8x8,default,2-4-0-3-1,routed,5,5,0,0,30,8,6,I0-I1:2;I0-I2:3;I0-I3:4;I1-I2:3;I1-I3:3;I2-I3:6;I2-I4:4;I3-I4:3,3787.000000,6982.353906,3195.353906,2.838164,5.993486,3.155322,1.692142,8.0,3.5,4.0,6.0,10.0,20.0,16.0,48.0,80.0,200.0,False,False,0.002,0.005,0.1,0.0,0.0,0.0,40000,20000,16,8,69.0,16,105.0,36.0,20.0,575.000000,24,6,2,True,False,5,physical,36,42,14.363288,0.0
padded_benes_8x8,default,1-2-4-0-3,routed,5,5,0,0,26,9,5,I0-I1:2;I0-I2:2;I0-I3:3;I0-I4:2;I1-I2:2;I1-I3:3;I1-I4:4;I2-I3:5;I3-I4:2,3603.000000,6774.791961,3171.791961,2.753497,4.954488,2.200991,1.599717,8.0,3.5,4.0,6.0,10.0,20.0,16.0,48.0,80.0,200.0,False,False,0.002,0.005,0.1,0.0,0.0,0.0,40000,20000,16,8,69.0,16,105.0,36.0,20.0,575.000000,11,6,1,True,False,5,physical,37,42,5.206969,0.0
padded_benes_8x8,default,2-3-0-1-4,routed,5,5,0,0,32,10,8,I0-I1:4;I0-I2:3;I0-I3:3;I0-I4:2;I1-I2:3;I1-I3:3;I1-I4:2;I2-I3:8;I2-I4:2;I3-I4:2,3699.000000,6749.668072,3050.668072,2.838164,5.990235,3.152071,1.625267,8.0,3.5,4.0,6.0,10.0,20.0,16.0,48.0,80.0,200.0,False,False,0.002,0.005,0.1,0.0,0.0,0.0,40000,20000,16,8,69.0,16,105.0,36.0,20.0,575.000000,13,6,1,True,False,5,physical,38,42,5.431984,0.0
padded_benes_8x8,default,1-3-2-0-4,routed,5,5,0,0,30,10,5,I0-I1:2;I0-I2:4;I0-I3:3;I0-I4:2;I1-I2:5;I1-I3:3;I1-I4:2;I2-I3:5;I2-I4:2;I3-I4:2,3699.000000,6717.376035,3018.376035,2.906831,5.332152,2.425321,1.574350,8.0,3.5,4.0,6.0,10.0,20.0,16.0,48.0,80.0,200.0,False,False,0.002,0.005,0.1,0.0,0.0,0.0,40000,20000,16,8,69.0,16,105.0,36.0,20.0,575.000000,12,6,1,True,False,5,physical,39,42,3.636830,0.0
padded_benes_8x8,default,2-1-4-3-0,routed,5,5,0,0,26,8,4,I0-I1:3;I0-I2:2;I0-I3:4;I1-I2:2;I1-I3:4;I1-I4:3;I2-I3:3;I3-I4:3,3603.000000,7043.769833,3440.769833,2.561497,5.617486,3.055989,1.714308,8.0,3.5,4.0,6.0,10.0,20.0,16.0,48.0,80.0,200.0,False,False,0.002,0.005,0.1,0.0,0.0,0.0,40000,20000,16,8,69.0,16,105.0,36.0,20.0,575.000000,26,6,2,True,False,5,physical,40,42,16.918387,0.0
padded_benes_8x8,default,2-1-0-4-3,routed,5,5,0,0,30,9,5,I0-I1:3;I0-I2:3;I0-I3:2;I0-I4:4;I1-I2:5;I1-I3:2;I1-I4:4;I2-I3:4;I2-I4:2,3691.000000,7076.061870,3385.061870,2.638164,5.129609,2.491445,1.930025,8.0,3.5,4.0,6.0,10.0,20.0,16.0,48.0,80.0,200.0,False,False,0.002,0.005,0.1,0.0,0.0,0.0,40000,20000,16,8,69.0,16,105.0,36.0,20.0,575.000000,12,6,1,True,False,5,physical,41,42,5.605191,0.0
padded_benes_8x8,default,3-0-4-1-2,routed,5,5,0,0,27,9,5,I0-I1:3;I0-I2:2;I0-I3:3;I0-I4:5;I1-I2:2;I1-I3:4;I1-I4:2;I2-I3:3;I3-I4:2,3691.000000,7325.871594,3634.871594,2.740830,5.282358,2.541528,1.924949,8.0,3.5,4.0,6.0,10.0,20.0,16.0,48.0,80.0,200.0,False,False,0.002,0.005,0.1,0.0,0.0,0.0,40000,20000,16,8,69.0,16,105.0,36.0,20.0,575.000000,13,6,1,True,False,5,physical,42,42,5.109909,0.0
padded_benes_8x8,default,0-4-3-1-2,routed,5,5,0,0,27,8,5,I0-I1:2;I0-I2:4;I0-I3:4;I1-I2:3;I1-I3:3;I2-I3:5;I2-I4:3;I3-I4:2,3787.000000,6902.499925,3115.499925,2.958164,5.372571,2.414407,1.539200,8.0,3.5,4.0,6.0,10.0,20.0,16.0,48.0,80.0,200.0,False,False,0.002,0.005,0.1,0.0,0.0,0.0,40000,20000,16,8,69.0,16,105.0,36.0,20.0,575.000000,11,6,1,True,False,5,physical,43,42,5.260167,0.0
padded_benes_8x8,default,2-3-1-4-0,routed,5,5,0,0,26,6,5,I0-I1:4;I0-I3:2;I1-I2:5;I1-I3:2;I2-I3:4;I2-I4:5,3603.000000,6749.769833,3146.769833,2.753497,4.949780,2.196283,1.556708,8.0,3.5,4.0,6.0,10.0,20.0,16.0,48.0,80.0,200.0,False,False,0.002,0.005,0.1,0.0,0.0,0.0,40000,20000,16,8,69.0,16,105.0,36.0,20.0,575.000000,11,6,1,True,False,5,physical,44,42,4.202974,0.0
padded_benes_8x8,default,2-3-4-1-0,routed,5,5,0,0,27,6,7,I0-I1:4;I0-I2:2;I1-I2:2;I1-I3:3;I2-I3:7;I3-I4:5,3603.000000,6726.353906,3123.353906,2.766164,5.228571,2.462407,1.583342,8.0,3.5,4.0,6.0,10.0,20.0,16.0,48.0,80.0,200.0,False,False,0.002,0.005,0.1,0.0,0.0,0.0,40000,20000,16,8,69.0,16,105.0,36.0,20.0,575.000000,11,6,1,True,False,5,physical,45,42,4.243701,0.0
padded_benes_8x8,default,0-4-3-2-1,routed,5,5,0,0,32,9,7,I0-I1:2;I0-I2:4;I0-I3:4;I0-I4:2;I1-I2:3;I1-I3:3;I2-I3:7;I2-I4:3;I3-I4:3,3787.000000,7302.499925,3515.499925,2.958164,6.492819,3.534655,1.939200,8.0,3.5,4.0,6.0,10.0,20.0,16.0,48.0,80.0,200.0,False,False,0.002,0.005,0.1,0.0,0.0,0.0,40000,20000,16,8,69.0,16,105.0,36.0,20.0,575.000000,14,6,1,True,False,5,physical,46,42,6.589228,0.0
padded_benes_8x8,default,1-3-4-0-2,routed,5,5,0,0,27,9,5,I0-I1:2;I0-I2:2;I0-I3:3;I0-I4:2;I1-I2:2;I1-I3:3;I1-I4:5;I2-I3:5;I3-I4:2,3603.000000,6848.499925,3245.499925,2.753497,4.995904,2.242407,1.671200,8.0,3.5,4.0,6.0,10.0,20.0,16.0,48.0,80.0,200.0,False,False,0.002,0.005,0.1,0.0,0.0,0.0,40000,20000,16,8,69.0,16,105.0,36.0,20.0,575.000000,12,6,1,True,False,5,physical,47,42,6.054551,0.0
padded_benes_8x8,default,4-0-2-3-1,routed,5,5,0,0,34,9,8,I0-I1:3;I0-I2:3;I0-I3:3;I1-I2:4;I1-I3:4;I1-I4:2;I2-I3:8;I2-I4:3;I3-I4:3,3699.000000,7034.207888,3335.207888,2.906831,6.504318,3.597487,1.869083,8.0,3.5,4.0,6.0,10.0,20.0,16.0,48.0,80.0,200.0,False,False,0.002,0.005,0.1,0.0,0.0,0.0,40000,20000,16,8,69.0,16,105.0,36.0,20.0,575.000000,16,6,1,True,False,5,physical,48,42,6.183724,0.0
padded_benes_8x8,default,4-2-3-0-1,routed,5,5,0,0,28,8,5,I0-I1:3;I0-I2:3;I0-I3:3;I1-I2:4;I1-I3:3;I2-I3:5;I2-I4:3;I3-I4:2,3699.000000,6609.083998,2910.083998,2.958164,5.045320,2.087156,1.413034,8.0,3.5,4.0,6.0,10.0,20.0,16.0,48.0,80.0,200.0,False,False,0.002,0.005,0.1,0.0,0.0,0.0,40000,20000,16,8,69.0,16,105.0,36.0,20.0,575.000000,11,6,1,True,False,5,physical,49,42,3.823145,0.0
padded_benes_8x8,default,1-0-2-3-4,routed,5,5,0,0,37,10,8,I0-I1:5;I0-I2:4;I0-I3:4;I0-I4:2;I1-I2:4;I1-I3:4;I1-I4:2;I2-I3:8;I2-I4:2;I3-I4:2,3699.000000,7064.499925,3365.499925,2.906831,6.504318,3.597487,2.039200,8.0,3.5,4.0,6.0,10.0,20.0,16.0,48.0,80.0,200.0,False,False,0.002,0.005,0.1,0.0,0.0,0.0,40000,20000,16,8,69.0,16,105.0,36.0,20.0,575.000000,16,6,1,True,False,5,physical,50,42,6.236369,0.0
padded_benes_8x8,default,0-2-1-3-4,routed,5,5,0,0,29,10,4,I0-I1:2;I0-I2:4;I0-I3:4;I0-I4:2;I1-I2:3;I1-I3:4;I1-I4:2;I2-I3:4;I2-I4:2;I3-I4:2,3699.000000,6642.252145,2943.252145,3.009497,5.184612,2.175115,1.498301,8.0,3.5,4.0,6.0,10.0,20.0,16.0,48.0,80.0,200.0,False,False,0.002,0.005,0.1,0.0,0.0,0.0,40000,20000,16,8,69.0,16,105.0,36.0,20.0,575.000000,12,6,1,True,False,5,physical,51,42,4.681877,0.0
padded_benes_8x8,default,2-1-3-0-4,routed,5,5,0,0,34,10,5,I0-I1:3;I0-I2:4;I0-I3:3;I0-I4:2;I1-I2:4;I1-I3:5;I1-I4:2;I2-I3:5;I2-I4:4;I3-I4:2,3699.000000,6724.937980,3025.937980,2.889497,5.770695,2.881198,1.740375,8.0,3.5,4.0,6.0,10.0,20.0,16.0,48.0,80.0,200.0,False,False,0.002,0.005,0.1,0.0,0.0,0.0,40000,20000,16,8,69.0,16,105.0,36.0,20.0,575.000000,30,6,3,True,False,5,physical,52,42,49.266279,0.0
padded_benes_8x8,default,3-4-0-1-2,routed,5,5,0,0,28,9,6,I0-I1:2;I0-I2:3;I0-I3:3;I0-I4:3;I1-I2:3;I1-I3:3;I2-I3:6;I2-I4:2;I3-I4:2,3787.000000,6849.915851,3062.915851,2.838164,5.463403,2.625239,1.522166,8.0,3.5,4.0,6.0,10.0,20.0,16.0,48.0,80.0,200.0,False,False,0.002,0.005,0.1,0.0,0.0,0.0,40000,20000,16,8,69.0,16,105.0,36.0,20.0,575.000000,12,6,1,True,False,5,physical,53,42,4.991033,0.0
padded_benes_8x8,default,0-4-1-2-3,routed,5,5,0,0,29,8,4,I0-I1:2;I0-I2:4;I0-I3:4;I1-I2:3;I1-I3:3;I2-I3:4;I2-I4:4;I3-I4:4,3787.000000,6897.376035,3110.376035,2.958164,5.261780,2.303616,1.611150,8.0,3.5,4.0,6.0,10.0,20.0,16.0,48.0,80.0,200.0,False,False,0.002,0.005,0.1,0.0,0.0,0.0,40000,20000,16,8,69.0,16,105.0,36.0,20.0,575.000000,12,6,1,True,False,5,physical,54,42,4.490310,0.0
padded_benes_8x8,default,2-0-1-4-3,routed,5,5,0,0,31,9,6,I0-I1:3;I0-I2:3;I0-I3:2;I0-I4:6;I1-I2:4;I1-I3:2;I1-I4:4;I2-I3:4;I2-I4:2,3691.000000,7146.747704,3455.747704,2.689497,5.393609,2.704112,2.007299,8.0,3.5,4.0,6.0,10.0,20.0,16.0,48.0,80.0,200.0,False,False,0.002,0.005,0.1,0.0,0.0,0.0,40000,20000,16,8,69.0,16,105.0,36.0,20.0,575.000000,12,6,1,True,False,5,physical,55,42,4.688779,0.0
padded_benes_8x8,default,4-3-2-0-1,routed,5,5,0,0,29,8,5,I0-I1:3;I0-I2:3;I0-I3:3;I1-I2:5;I1-I3:3;I2-I3:5;I2-I4:3;I3-I4:2,3699.000000,6667.083998,2968.083998,2.906831,5.086736,2.179905,1.476234,8.0,3.5,4.0,6.0,10.0,20.0,16.0,48.0,80.0,200.0,False,False,0.002,0.005,0.1,0.0,0.0,0.0,40000,20000,16,8,69.0,16,105.0,36.0,20.0,575.000000,12,6,1,True,False,5,physical,56,42,3.910401,0.0
padded_benes_8x8,default,1-4-0-2-3,routed,5,5,0,0,26,8,4,I0-I1:2;I0-I2:3;I0-I3:4;I1-I2:3;I1-I3:3;I2-I3:4;I2-I4:2;I3-I4:4,3787.000000,7014.499925,3227.499925,2.958164,5.137361,2.179197,1.544000,8.0,3.5,4.0,6.0,10.0,20.0,16.0,48.0,80.0,200.0,False,False,0.002,0.005,0.1,0.0,0.0,0.0,40000,20000,16,8,69.0,16,105.0,36.0,20.0,575.000000,11,6,1,True,False,5,physical,57,42,4.008175,0.0
padded_benes_8x8,default,0-1-3-2-4,routed,5,5,0,0,37,10,7,I0-I1:4;I0-I2:4;I0-I3:4;I0-I4:2;I1-I2:4;I1-I3:4;I1-I4:2;I2-I3:7;I2-I4:2;I3-I4:4,3699.000000,7138.252145,3439.252145,2.958164,7.007651,4.049487,2.056701,8.0,3.5,4.0,6.0,10.0,20.0,16.0,48.0,80.0,200.0,False,False,0.002,0.005,0.1,0.0,0.0,0.0,40000,20000,16,8,69.0,16,105.0,36.0,20.0,575.000000,14,6,1,True,False,5,physical,58,42,7.288113,0.0
padded_benes_8x8,default,4-1-0-3-2,routed,5,5,0,0,38,9,7,I0-I1:3;I0-I2:3;I0-I3:3;I1-I2:5;I1-I3:4;I1-I4:4;I2-I3:6;I2-I4:2;I3-I4:7,3699.000000,7142.747704,3443.747704,2.838164,6.899150,4.060986,2.042499,8.0,3.5,4.0,6.0,10.0,20.0,16.0,48.0,80.0,200.0,False,False,0.002,0.005,0.1,0.0,0.0,0.0,40000,20000,16,8,69.0,16,105.0,36.0,20.0,575.000000,30,6,2,True,False,5,physical,59,42,20.147236,0.0
padded_benes_8x8,default,3-0-1-2-4,failed,5,4,1,0,18,6,5,I0-I1:3;I0-I3:5;I0-I4:2;I1-I3:4;I1-I4:2;I3-I4:2,3699.000000,5122.026494,1423.026494,2.889497,5.063403,2.173906,1.215513,8.0,3.5,4.0,6.0,10.0,20.0,16.0,48.0,80.0,200.0,False,False,0.002,0.005,0.1,0.0,0.0,0.0,40000,20000,16,8,69.0,16,105.0,36.0,20.0,575.000000,47,6,4,True,True,5,physical,60,42,30.619814,0.2
padded_benes_8x8,default,3-0-1-4-2,routed,5,5,0,0,28,9,5,I0-I1:3;I0-I2:3;I0-I3:2;I0-I4:5;I1-I2:4;I1-I3:2;I1-I4:2;I2-I3:4;I2-I4:2,3691.000000,7314.163631,3623.163631,2.689497,5.282358,2.592861,1.958265,8.0,3.5,4.0,6.0,10.0,20.0,16.0,48.0,80.0,200.0,False,False,0.002,0.005,0.1,0.0,0.0,0.0,40000,20000,16,8,69.0,16,105.0,36.0,20.0,575.000000,14,6,1,True,False,5,physical,61,42,5.255673,0.0
padded_benes_8x8,default,1-3-0-2-4,routed,5,5,0,0,29,10,5,I0-I1:2;I0-I2:3;I0-I3:4;I0-I4:2;I1-I2:3;I1-I3:5;I1-I4:2;I2-I3:4;I2-I4:2;I3-I4:2,3699.000000,6651.960108,2952.960108,2.958164,4.881361,1.923197,1.504184,8.0,3.5,4.0,6.0,10.0,20.0,16.0,48.0,80.0,200.0,False,False,0.002,0.005,0.1,0.0,0.0,0.0,40000,20000,16,8,69.0,16,105.0,36.0,20.0,575.000000,12,6,1,True,False,5,physical,62,42,4.409797,0.0
padded_benes_8x8,default,1-4-3-0-2,routed,5,5,0,0,26,8,5,I0-I1:2;I0-I2:4;I0-I3:3;I1-I2:3;I1-I3:3;I2-I3:5;I2-I4:3;I3-I4:2,3787.000000,6806.791961,3019.791961,2.958164,4.966447,2.008283,1.458917,8.0,3.5,4.0,6.0,10.0,20.0,16.0,48.0,80.0,200.0,False,False,0.002,0.005,0.1,0.0,0.0,0.0,40000,20000,16,8,69.0,16,105.0,36.0,20.0,575.000000,10,6,1,True,False,5,physical,63,42,4.673407,0.0
padded_benes_8x8,default,1-3-0-4-2,routed,5,5,0,0,26,9,5,I0-I1:2;I0-I2:3;I0-I3:2;I0-I4:2;I1-I2:3;I1-I3:2;I1-I4:5;I2-I3:4;I2-I4:2,3603.000000,6864.207888,3261.207888,2.740830,4.758529,2.017699,1.639483,8.0,3.5,4.0,6.0,10.0,20.0,16.0,48.0,80.0,200.0,False,False,0.002,0.005,0.1,0.0,0.0,0.0,40000,20000,16,8,69.0,16,105.0,36.0,20.0,575.000000,12,6,1,True,False,5,physical,64,42,6.053277,0.0
padded_benes_8x8,default,0-2-4-1-3,routed,5,5,0,0,27,9,7,I0-I1:2;I0-I2:2;I0-I3:2;I0-I4:2;I1-I2:2;I1-I3:3;I1-I4:2;I2-I3:7;I3-I4:4,3603.000000,6742.791961,3139.791961,2.766164,5.219155,2.452991,1.626917,8.0,3.5,4.0,6.0,10.0,20.0,16.0,48.0,80.0,200.0,False,False,0.002,0.005,0.1,0.0,0.0,0.0,40000,20000,16,8,69.0,16,105.0,36.0,20.0,575.000000,11,6,1,True,False,5,physical,65,42,4.994303,0.0
padded_benes_8x8,default,3-0-2-1-4,routed,5,5,0,0,32,10,5,I0-I1:3;I0-I2:3;I0-I3:3;I0-I4:4;I1-I2:4;I1-I3:4;I1-I4:2;I2-I3:5;I2-I4:2;I3-I4:2,3699.000000,6515.376035,2816.376035,2.940830,4.931196,1.990366,1.573550,8.0,3.5,4.0,6.0,10.0,20.0,16.0,48.0,80.0,200.0,False,False,0.002,0.005,0.1,0.0,0.0,0.0,40000,20000,16,8,69.0,16,105.0,36.0,20.0,575.000000,12,6,1,True,False,5,physical,66,42,4.524847,0.0
padded_benes_8x8,default,0-3-2-4-1,routed,5,5,0,0,24,7,5,I0-I1:2;I0-I2:4;I0-I3:2;I0-I4:2;I1-I2:5;I1-I3:2;I2-I3:4,3691.000000,6972.791961,3281.791961,2.706831,4.707237,2.000406,1.643717,8.0,3.5,4.0,6.0,10.0,20.0,16.0,48.0,80.0,200.0,False,False,0.002,0.005,0.1,0.0,0.0,0.0,40000,20000,16,8,69.0,16,105.0,36.0,20.0,575.000000,12,6,1,True,False,5,physical,67,42,4.188076,0.0
padded_benes_8x8,default,2-1-4-0-3,routed,5,5,0,0,27,8,5,I0-I1:3;I0-I3:3;I0-I4:4;I1-I2:2;I1-I3:5;I1-I4:4;I2-I3:3;I3-I4:2,3691.000000,6953.769833,3262.769833,2.689497,5.046777,2.357280,1.763108,8.0,3.5,4.0,6.0,10.0,20.0,16.0,48.0,80.0,200.0,False,False,0.002,0.005,0.1,0.0,0.0,0.0,40000,20000,16,8,69.0,16,105.0,36.0,20.0,575.000000,12,6,1,True,False,5,physical,68,42,4.736296,0.0
padded_benes_8x8,default,0-1-4-3-2,routed,5,5,0,0,29,8,6,I0-I1:4;I0-I2:2;I0-I4:2;I1-I2:2;I1-I3:6;I1-I4:2;I2-I3:5;I3-I4:5,3603.000000,6900.499925,3297.499925,2.561497,5.753486,3.191989,1.812000,8.0,3.5,4.0,6.0,10.0,20.0,16.0,48.0,80.0,200.0,False,False,0.002,0.005,0.1,0.0,0.0,0.0,40000,20000,16,8,69.0,16,105.0,36.0,20.0,575.000000,22,6,2,True,False,5,physical,69,42,23.229624,0.0
padded_benes_8x8,default,1-2-3-4-0,routed,5,5,0,0,22,6,4,I0-I1:2;I0-I2:4;I0-I3:2;I1-I2:4;I1-I3:2;I2-I3:4,3691.000000,6866.499925,3175.499925,2.758164,4.766447,2.008283,1.523200,8.0,3.5,4.0,6.0,10.0,20.0,16.0,48.0,80.0,200.0,False,False,0.002,0.005,0.1,0.0,0.0,0.0,40000,20000,16,8,69.0,16,105.0,36.0,20.0,575.000000,10,6,1,True,False,5,physical,70,42,3.869165,0.0
padded_benes_8x8,default,1-4-2-0-3,routed,5,5,0,0,27,8,5,I0-I1:2;I0-I2:4;I0-I3:3;I1-I2:3;I1-I3:3;I2-I3:5;I2-I4:4;I3-I4:2,3787.000000,6962.499925,3175.499925,2.906831,5.524152,2.617321,1.563200,8.0,3.5,4.0,6.0,10.0,20.0,16.0,48.0,80.0,200.0,False,False,0.002,0.005,0.1,0.0,0.0,0.0,40000,20000,16,8,69.0,16,105.0,36.0,20.0,575.000000,11,6,1,True,False,5,physical,71,42,4.193964,0.0
padded_benes_8x8,default,1-4-2-3-0,routed,5,5,0,0,34,9,8,I0-I1:2;I0-I2:4;I0-I3:4;I0-I4:3;I1-I2:3;I1-I3:3;I2-I3:8;I2-I4:3;I3-I4:3,3787.000000,7239.623814,3452.623814,2.906831,6.504318,3.597487,2.000050,8.0,3.5,4.0,6.0,10.0,20.0,16.0,48.0,80.0,200.0,False,False,0.002,0.005,0.1,0.0,0.0,0.0,40000,20000,16,8,69.0,16,105.0,36.0,20.0,575.000000,15,6,1,True,False,5,physical,72,42,6.933545,0.0
padded_benes_8x8,default,0-3-1-2-4,routed,5,5,0,0,32,10,5,I0-I1:2;I0-I2:4;I0-I3:4;I0-I4:2;I1-I2:5;I1-I3:5;I1-I4:2;I2-I3:4;I2-I4:2;I3-I4:2,3699.000000,6714.252145,3015.252145,2.958164,5.384612,2.426448,1.647101,8.0,3.5,4.0,6.0,10.0,20.0,16.0,48.0,80.0,200.0,False,False,0.002,0.005,0.1,0.0,0.0,0.0,40000,20000,16,8,69.0,16,105.0,36.0,20.0,575.000000,13,6,1,True,False,5,physical,73,42,4.887114,0.0
padded_benes_8x8,default,2-0-1-3-4,routed,5,5,0,0,36,10,6,I0-I1:3;I0-I2:3;I0-I3:6;I0-I4:2;I1-I2:4;I1-I3:4;I1-I4:2;I2-I3:6;I2-I4:2;I3-I4:4,3699.000000,6876.499925,3177.499925,2.889497,6.272070,3.382573,1.884000,8.0,3.5,4.0,6.0,10.0,20.0,16.0,48.0,80.0,200.0,False,False,0.002,0.005,0.1,0.0,0.0,0.0,40000,20000,16,8,69.0,16,105.0,36.0,20.0,575.000000,33,6,3,True,False,5,physical,74,42,41.034346,0.0
padded_benes_8x8,default,4-0-3-2-1,routed,5,5,0,0,33,9,7,I0-I1:3;I0-I2:3;I0-I3:3;I1-I2:4;I1-I3:4;I1-I4:2;I2-I3:7;I2-I4:3;I3-I4:3,3699.000000,7030.499925,3331.499925,2.958164,6.510235,3.552071,1.825600,8.0,3.5,4.0,6.0,10.0,20.0,16.0,48.0,80.0,200.0,False,False,0.002,0.005,0.1,0.0,0.0,0.0,40000,20000,16,8,69.0,16,105.0,36.0,20.0,575.000000,16,6,1,True,False,5,physical,75,42,6.856526,0.0
padded_benes_8x8,default,4-2-1-0-3,routed,5,5,0,0,31,9,5,I0-I1:3;I0-I2:3;I0-I3:3;I1-I2:5;I1-I3:3;I1-I4:4;I2-I3:5;I2-I4:2;I3-I4:2,3699.000000,6764.207888,3065.207888,2.889497,5.330736,2.441239,1.561083,8.0,3.5,4.0,6.0,10.0,20.0,16.0,48.0,80.0,200.0,False,False,0.002,0.005,0.1,0.0,0.0,0.0,40000,20000,16,8,69.0,16,105.0,36.0,20.0,575.000000,12,6,1,True,False,5,physical,76,42,4.768577,0.0
padded_benes_8x8,default,4-3-2-1-0,routed,5,5,0,0,30,8,5,I0-I1:3;I0-I2:3;I0-I3:3;I1-I2:5;I1-I3:3;I2-I3:5;I2-I4:3;I3-I4:3,3699.000000,6775.522053,3076.522053,2.906831,5.399403,2.492572,1.556609,8.0,3.5,4.0,6.0,10.0,20.0,16.0,48.0,80.0,200.0,False,False,0.002,0.005,0.1,0.0,0.0,0.0,40000,20000,16,8,69.0,16,105.0,36.0,20.0,575.000000,13,6,1,True,False,5,physical,77,42,4.303235,0.0
padded_benes_8x8,default,4-0-3-1-2,drc_violation,5,5,0,1,31,8,6,I0-I1:3;I0-I3:3;I1-I2:4;I1-I3:4;I1-I4:2;I2-I3:5;I2-I4:6;I3-I4:2,3699.000000,6672.061870,2973.061870,2.940830,5.323155,2.382325,1.565225,8.0,3.5,4.0,6.0,10.0,20.0,16.0,48.0,80.0,200.0,False,False,0.002,0.005,0.1,0.0,0.0,0.0,40000,20000,16,8,69.0,16,105.0,36.0,20.0,575.000000,67,6,6,True,True,5,physical,78,42,110.034308,0.0
padded_benes_8x8,default,0-4-1-3-2,routed,5,5,0,0,26,8,4,I0-I1:2;I0-I2:4;I0-I3:4;I1-I2:3;I1-I3:3;I2-I3:4;I2-I4:2;I3-I4:3,3787.000000,6870.791961,3083.791961,3.009497,5.083904,2.074407,1.484517,8.0,3.5,4.0,6.0,10.0,20.0,16.0,48.0,80.0,200.0,False,False,0.002,0.005,0.1,0.0,0.0,0.0,40000,20000,16,8,69.0,16,105.0,36.0,20.0,575.000000,11,6,1,True,False,5,physical,79,42,5.322276,0.0
padded_benes_8x8,default,3-2-0-4-1,routed,5,5,0,0,24,7,4,I0-I1:3;I0-I2:3;I0-I3:2;I1-I2:3;I1-I3:2;I2-I3:4;I2-I4:4,3603.000000,6701.915851,3098.915851,2.740830,4.885113,2.144283,1.456566,8.0,3.5,4.0,6.0,10.0,20.0,16.0,48.0,80.0,200.0,False,False,0.002,0.005,0.1,0.0,0.0,0.0,40000,20000,16,8,69.0,16,105.0,36.0,20.0,575.000000,10,6,1,True,False,5,physical,80,42,4.384062,0.0
padded_benes_8x8,default,1-4-0-3-2,routed,5,5,0,0,25,8,4,I0-I1:2;I0-I2:3;I0-I3:4;I1-I2:3;I1-I3:3;I2-I3:4;I2-I4:2;I3-I4:3,3787.000000,6821.623814,3034.623814,3.009497,4.925361,1.915864,1.432850,8.0,3.5,4.0,6.0,10.0,20.0,16.0,48.0,80.0,200.0,False,False,0.002,0.005,0.1,0.0,0.0,0.0,40000,20000,16,8,69.0,16,105.0,36.0,20.0,575.000000,10,6,1,True,False,5,physical,81,42,4.313364,0.0
padded_benes_8x8,default,4-1-2-0-3,failed,5,4,1,0,17,4,6,I0-I1:3;I1-I2:4;I1-I4:2;I2-I4:6,3699.000000,5092.172512,1393.172512,2.889497,4.631196,1.741699,1.099336,8.0,3.5,4.0,6.0,10.0,20.0,16.0,48.0,80.0,200.0,False,False,0.002,0.005,0.1,0.0,0.0,0.0,40000,20000,16,8,69.0,16,105.0,36.0,20.0,575.000000,50,6,4,True,True,5,physical,82,42,27.144513,0.2
padded_benes_8x8,default,0-4-2-1-3,routed,5,5,0,0,30,8,5,I0-I1:2;I0-I2:4;I0-I3:4;I1-I2:3;I1-I3:3;I2-I3:5;I2-I4:4;I3-I4:4,3787.000000,6929.083998,3142.083998,2.906831,5.572571,2.665740,1.665834,8.0,3.5,4.0,6.0,10.0,20.0,16.0,48.0,80.0,200.0,False,False,0.002,0.005,0.1,0.0,0.0,0.0,40000,20000,16,8,69.0,16,105.0,36.0,20.0,575.000000,12,6,1,True,False,5,physical,83,42,4.654531,0.0
padded_benes_8x8,default,0-1-2-3-4,routed,5,5,0,0,36,10,6,I0-I1:4;I0-I2:4;I0-I3:4;I0-I4:2;I1-I2:4;I1-I3:4;I1-I4:2;I2-I3:6;I2-I4:2;I3-I4:4,3699.000000,6779.712329,3080.712329,2.906831,6.109238,3.202407,1.863285,8.0,3.5,4.0,6.0,10.0,20.0,16.0,48.0,80.0,200.0,False,False,0.002,0.005,0.1,0.0,0.0,0.0,40000,20000,16,8,69.0,16,105.0,36.0,20.0,575.000000,12,6,1,True,False,5,physical,84,42,6.327766,0.0
padded_benes_8x8,default,4-3-0-2-1,routed,5,5,0,0,28,8,5,I0-I1:3;I0-I2:3;I0-I3:3;I1-I2:3;I1-I3:5;I2-I3:4;I2-I4:2;I3-I4:3,3699.000000,6682.791961,2983.791961,2.958164,4.849361,1.891197,1.444517,8.0,3.5,4.0,6.0,10.0,20.0,16.0,48.0,80.0,200.0,False,False,0.002,0.005,0.1,0.0,0.0,0.0,40000,20000,16,8,69.0,16,105.0,36.0,20.0,575.000000,12,6,1,True,False,5,physical,85,42,3.897388,0.0
padded_benes_8x8,default,4-1-2-3-0,routed,5,5,0,0,37,9,8,I0-I1:3;I0-I2:3;I0-I3:3;I1-I2:4;I1-I3:4;I1-I4:5;I2-I3:8;I2-I4:3;I3-I4:3,3699.000000,7112.791961,3413.791961,2.906831,6.430902,3.524071,2.016517,8.0,3.5,4.0,6.0,10.0,20.0,16.0,48.0,80.0,200.0,False,False,0.002,0.005,0.1,0.0,0.0,0.0,40000,20000,16,8,69.0,16,105.0,36.0,20.0,575.000000,26,6,2,True,False,5,physical,86,42,19.180624,0.0
padded_benes_8x8,default,2-1-3-4-0,routed,5,5,0,0,27,8,4,I0-I1:3;I0-I2:4;I0-I3:2;I1-I2:4;I1-I3:2;I1-I4:3;I2-I3:4;I2-I4:3,3603.000000,6965.477796,3362.477796,2.612830,5.580111,2.967281,1.724991,8.0,3.5,4.0,6.0,10.0,20.0,16.0,48.0,80.0,200.0,False,False,0.002,0.005,0.1,0.0,0.0,0.0,40000,20000,16,8,69.0,16,105.0,36.0,20.0,575.000000,22,6,2,True,False,5,physical,87,42,15.863327,0.0
padded_benes_8x8,default,4-2-3-1-0,routed,5,5,0,0,29,8,5,I0-I1:3;I0-I2:3;I0-I3:3;I1-I2:4;I1-I3:3;I2-I3:5;I2-I4:3;I3-I4:3,3699.000000,6717.522053,3018.522053,2.958164,5.357987,2.399823,1.493409,8.0,3.5,4.0,6.0,10.0,20.0,16.0,48.0,80.0,200.0,False,False,0.002,0.005,0.1,0.0,0.0,0.0,40000,20000,16,8,69.0,16,105.0,36.0,20.0,575.000000,12,6,1,True,False,5,physical,88,42,4.169188,0.0
padded_benes_8x8,default,2-0-4-3-1,routed,5,5,0,0,27,8,5,I0-I1:3;I0-I2:2;I0-I3:4;I1-I2:2;I1-I3:4;I1-I4:2;I2-I3:5;I3-I4:3,3603.000000,6967.331778,3364.331778,2.561497,5.776070,3.214573,1.726733,8.0,3.5,4.0,6.0,10.0,20.0,16.0,48.0,80.0,200.0,False,False,0.002,0.005,0.1,0.0,0.0,0.0,40000,20000,16,8,69.0,16,105.0,36.0,20.0,575.000000,25,6,2,True,False,5,physical,89,42,19.345459,0.0
padded_benes_8x8,default,4-1-3-2-0,routed,5,5,0,0,34,9,7,I0-I1:3;I0-I2:3;I0-I3:3;I1-I2:4;I1-I3:4;I1-I4:3;I2-I3:7;I2-I4:3;I3-I4:3,3699.000000,7160.645943,3461.645943,2.958164,6.510235,3.552071,1.916658,8.0,3.5,4.0,6.0,10.0,20.0,16.0,48.0,80.0,200.0,False,False,0.002,0.005,0.1,0.0,0.0,0.0,40000,20000,16,8,69.0,16,105.0,36.0,20.0,575.000000,16,6,1,True,False,5,physical,90,42,6.845490,0.0
padded_benes_8x8,default,3-2-4-1-0,routed,5,5,0,0,26,6,7,I0-I1:3;I0-I2:2;I1-I2:2;I1-I3:3;I2-I3:7;I3-I4:5,3603.000000,6668.353906,3065.353906,2.766164,5.187155,2.420991,1.520142,8.0,3.5,4.0,6.0,10.0,20.0,16.0,48.0,80.0,200.0,False,False,0.002,0.005,0.1,0.0,0.0,0.0,40000,20000,16,8,69.0,16,105.0,36.0,20.0,575.000000,14,6,2,True,False,5,physical,91,42,4.897078,0.0
padded_benes_8x8,default,3-1-4-2-0,failed,5,4,1,0,23,6,7,I0-I1:3;I0-I2:2;I0-I3:5;I1-I2:2;I1-I3:4;I2-I3:7,3603.000000,5468.566310,1865.566310,2.561497,5.268571,2.707074,1.745283,8.0,3.5,4.0,6.0,10.0,20.0,16.0,48.0,80.0,200.0,False,False,0.002,0.005,0.1,0.0,0.0,0.0,40000,20000,16,8,69.0,16,105.0,36.0,20.0,575.000000,58,6,5,True,True,5,physical,92,42,39.625089,0.2
padded_benes_8x8,default,3-4-0-2-1,routed,5,5,0,0,33,8,7,I0-I1:2;I0-I2:3;I0-I3:7;I1-I2:3;I1-I3:3;I2-I3:6;I2-I4:4;I3-I4:3,3787.000000,7385.185759,3598.185759,2.838164,6.917067,4.078903,1.981274,8.0,3.5,4.0,6.0,10.0,20.0,16.0,48.0,80.0,200.0,False,False,0.002,0.005,0.1,0.0,0.0,0.0,40000,20000,16,8,69.0,16,105.0,36.0,20.0,575.000000,21,6,2,True,False,5,physical,93,42,9.475143,0.0
padded_benes_8x8,default,1-0-2-4-3,routed,5,5,0,0,24,8,4,I0-I1:3;I0-I3:2;I0-I4:2;I1-I2:4;I1-I3:2;I1-I4:2;I2-I3:4;I2-I4:4,3603.000000,6749.915851,3146.915851,2.612830,4.731196,2.118366,1.555766,8.0,3.5,4.0,6.0,10.0,20.0,16.0,48.0,80.0,200.0,False,False,0.002,0.005,0.1,0.0,0.0,0.0,40000,20000,16,8,69.0,16,105.0,36.0,20.0,575.000000,10,6,1,True,False,5,physical,94,42,4.717084,0.0
padded_benes_8x8,default,2-4-3-1-0,routed,5,5,0,0,28,8,5,I0-I1:2;I0-I2:4;I0-I3:3;I1-I2:3;I1-I3:3;I2-I3:5;I2-I4:3;I3-I4:3,3787.000000,6967.331778,3180.331778,2.940830,5.756111,2.815281,1.613133,8.0,3.5,4.0,6.0,10.0,20.0,16.0,48.0,80.0,200.0,False,False,0.002,0.005,0.1,0.0,0.0,0.0,40000,20000,16,8,69.0,16,105.0,36.0,20.0,575.000000,25,6,2,True,False,5,physical,95,42,13.960122,0.0
padded_benes_8x8,default,4-1-0-2-3,failed,5,4,1,0,17,4,6,I0-I1:3;I1-I3:4;I1-I4:2;I3-I4:6,3699.000000,5168.026494,1469.026494,2.838164,4.768571,1.930407,1.130513,8.0,3.5,4.0,6.0,10.0,20.0,16.0,48.0,80.0,200.0,False,False,0.002,0.005,0.1,0.0,0.0,0.0,40000,20000,16,8,69.0,16,105.0,36.0,20.0,575.000000,48,6,4,True,True,5,physical,96,42,29.376793,0.2
padded_benes_8x8,default,3-0-4-2-1,failed,5,4,1,0,23,6,7,I0-I1:3;I0-I2:2;I0-I3:5;I1-I2:2;I1-I3:4;I2-I3:7,3603.000000,5352.566310,1749.566310,2.561497,5.268571,2.707074,1.695283,8.0,3.5,4.0,6.0,10.0,20.0,16.0,48.0,80.0,200.0,False,False,0.002,0.005,0.1,0.0,0.0,0.0,40000,20000,16,8,69.0,16,105.0,36.0,20.0,575.000000,57,6,5,True,True,5,physical,97,42,38.903235,0.2
padded_benes_8x8,default,2-3-4-0-1,routed,5,5,0,0,26,7,5,I0-I1:4;I0-I2:2;I0-I3:3;I1-I2:2;I1-I3:3;I2-I3:5;I3-I4:4,3603.000000,6782.207888,3179.207888,2.753497,5.195904,2.442407,1.566683,8.0,3.5,4.0,6.0,10.0,20.0,16.0,48.0,80.0,200.0,False,False,0.002,0.005,0.1,0.0,0.0,0.0,40000,20000,16,8,69.0,16,105.0,36.0,20.0,575.000000,10,6,1,True,False,5,physical,98,42,4.767141,0.0
padded_benes_8x8,default,1-0-4-3-2,routed,5,5,0,0,30,9,7,I0-I1:3;I0-I2:2;I0-I3:2;I0-I4:2;I1-I2:2;I1-I3:4;I1-I4:2;I2-I3:5;I3-I4:7,3603.000000,7047.331778,3444.331778,2.561497,6.100070,3.538573,1.918733,8.0,3.5,4.0,6.0,10.0,20.0,16.0,48.0,80.0,200.0,False,False,0.002,0.005,0.1,0.0,0.0,0.0,40000,20000,16,8,69.0,16,105.0,36.0,20.0,575.000000,22,6,2,True,False,5,physical,99,42,24.520392,0.0
padded_benes_8x8,default,1-0-3-4-2,routed,5,5,0,0,27,8,6,I0-I1:3;I0-I3:2;I0-I4:2;I1-I2:6;I1-I3:2;I1-I4:2;I2-I3:4;I2-I4:5,3603.000000,6795.915851,3192.915851,2.612830,5.374695,2.761865,1.694166,8.0,3.5,4.0,6.0,10.0,20.0,16.0,48.0,80.0,200.0,False,False,0.002,0.005,0.1,0.0,0.0,0.0,40000,20000,16,8,69.0,16,105.0,36.0,20.0,575.000000,21,6,2,True,False,5,physical,100,42,21.463670,0.0
padded_benes_8x8,default,4-1-3-0-2,drc_violation,5,5,0,1,32,8,6,I0-I1:3;I0-I3:3;I1-I2:4;I1-I3:5;I1-I4:2;I2-I3:5;I2-I4:6;I3-I4:2,3699.000000,6696.499925,2997.499925,2.889497,5.323155,2.433658,1.612000,8.0,3.5,4.0,6.0,10.0,20.0,16.0,48.0,80.0,200.0,False,False,0.002,0.005,0.1,0.0,0.0,0.0,40000,20000,16,8,69.0,16,105.0,36.0,20.0,575.000000,68,6,6,True,True,5,physical,101,42,111.168059,0.0
padded_benes_8x8,default,4-3-1-2-0,routed,5,5,0,0,31,8,5,I0-I1:3;I0-I2:3;I0-I3:3;I1-I2:5;I1-I3:5;I2-I3:4;I2-I4:3;I3-I4:3,3699.000000,6805.230016,3106.230016,2.958164,5.320612,2.362448,1.610492,8.0,3.5,4.0,6.0,10.0,20.0,16.0,48.0,80.0,200.0,False,False,0.002,0.005,0.1,0.0,0.0,0.0,40000,20000,16,8,69.0,16,105.0,36.0,20.0,575.000000,14,6,1,True,False,5,physical,102,42,4.470934,0.0
padded_benes_8x8,default,0-1-4-2-3,routed,5,5,0,0,28,8,7,I0-I1:4;I0-I2:2;I0-I4:2;I1-I2:2;I1-I3:4;I1-I4:2;I2-I3:7;I3-I4:4,3603.000000,6788.791961,3185.791961,2.612830,5.168571,2.555741,1.725317,8.0,3.5,4.0,6.0,10.0,20.0,16.0,48.0,80.0,200.0,False,False,0.002,0.005,0.1,0.0,0.0,0.0,40000,20000,16,8,69.0,16,105.0,36.0,20.0,575.000000,11,6,1,True,False,5,physical,103,42,5.078842,0.0
padded_benes_8x8,default,2-1-0-3-4,routed,5,5,0,0,35,10,6,I0-I1:3;I0-I2:3;I0-I3:6;I0-I4:2;I1-I2:5;I1-I3:4;I1-I4:2;I2-I3:6;I2-I4:2;I3-I4:2,3699.000000,6976.499925,3277.499925,2.838164,6.739150,3.900986,1.884000,8.0,3.5,4.0,6.0,10.0,20.0,16.0,48.0,80.0,200.0,False,False,0.002,0.005,0.1,0.0,0.0,0.0,40000,20000,16,8,69.0,16,105.0,36.0,20.0,575.000000,44,6,3,True,False,5,physical,104,42,50.276279,0.0
padded_benes_8x8,default,3-0-2-4-1,failed,5,4,1,0,20,6,5,I0-I1:3;I0-I2:5;I0-I3:2;I1-I2:4;I1-I3:2;I2-I3:4,3603.000000,5282.274274,1679.274274,2.612830,4.831196,2.218366,1.512637,8.0,3.5,4.0,6.0,10.0,20.0,16.0,48.0,80.0,200.0,False,False,0.002,0.005,0.1,0.0,0.0,0.0,40000,20000,16,8,69.0,16,105.0,36.0,20.0,575.000000,43,6,4,True,True,5,physical,105,42,27.631813,0.2
padded_benes_8x8,default,0-2-4-3-1,routed,5,5,0,0,22,7,4,I0-I1:2;I0-I2:2;I0-I3:4;I0-I4:2;I1-I2:2;I1-I3:4;I2-I3:3,3691.000000,6930.499925,3239.499925,2.809497,4.883904,2.074407,1.548800,8.0,3.5,4.0,6.0,10.0,20.0,16.0,48.0,80.0,200.0,False,False,0.002,0.005,0.1,0.0,0.0,0.0,40000,20000,16,8,69.0,16,105.0,36.0,20.0,575.000000,11,6,1,True,False,5,physical,106,42,4.144923,0.0
padded_benes_8x8,default,2-4-1-3-0,routed,5,5,0,0,31,8,6,I0-I1:2;I0-I2:3;I0-I3:6;I1-I2:3;I1-I3:3;I2-I3:6;I2-I4:3;I3-I4:3,3787.000000,7127.915851,3340.915851,2.889497,6.297486,3.407989,1.793366,8.0,3.5,4.0,6.0,10.0,20.0,16.0,48.0,80.0,200.0,False,False,0.002,0.005,0.1,0.0,0.0,0.0,40000,20000,16,8,69.0,16,105.0,36.0,20.0,575.000000,35,6,3,True,False,5,physical,107,42,24.988814,0.0
padded_benes_8x8,default,4-2-1-3-0,routed,5,5,0,0,28,8,4,I0-I1:3;I0-I2:3;I0-I3:3;I1-I2:3;I1-I3:4;I2-I3:4;I2-I4:3;I3-I4:3,3699.000000,6733.230016,3034.230016,3.009497,5.120612,2.111115,1.461692,8.0,3.5,4.0,6.0,10.0,20.0,16.0,48.0,80.0,200.0,False,False,0.002,0.005,0.1,0.0,0.0,0.0,40000,20000,16,8,69.0,16,105.0,36.0,20.0,575.000000,12,6,1,True,False,5,physical,108,42,4.248539,0.0
padded_benes_8x8,default,3-2-1-0-4,routed,5,5,0,0,32,10,5,I0-I1:5;I0-I2:3;I0-I3:3;I0-I4:2;I1-I2:5;I1-I3:3;I1-I4:2;I2-I3:5;I2-I4:2;I3-I4:2,3699.000000,6623.376035,2924.376035,2.889497,5.330736,2.441239,1.576750,8.0,3.5,4.0,6.0,10.0,20.0,16.0,48.0,80.0,200.0,False,False,0.002,0.005,0.1,0.0,0.0,0.0,40000,20000,16,8,69.0,16,105.0,36.0,20.0,575.000000,11,6,1,True,False,5,physical,109,42,4.821974,0.0
padded_benes_8x8,default,0-3-1-4-2,routed,5,5,0,0,27,9,5,I0-I1:2;I0-I2:2;I0-I3:2;I0-I4:2;I1-I2:5;I1-I3:2;I1-I4:3;I2-I3:4;I2-I4:4,3603.000000,6839.915851,3236.915851,2.753497,4.981780,2.228283,1.671766,8.0,3.5,4.0,6.0,10.0,20.0,16.0,48.0,80.0,200.0,False,False,0.002,0.005,0.1,0.0,0.0,0.0,40000,20000,16,8,69.0,16,105.0,36.0,20.0,575.000000,12,6,1,True,False,5,physical,110,42,5.775585,0.0
padded_benes_8x8,default,4-3-1-0-2,routed,5,5,0,0,26,8,5,I0-I1:3;I0-I2:3;I1-I2:3;I1-I3:3;I1-I4:5;I2-I3:3;I2-I4:2;I3-I4:2,3699.000000,6699.915851,3000.915851,2.889497,4.534736,1.645239,1.337366,8.0,3.5,4.0,6.0,10.0,20.0,16.0,48.0,80.0,200.0,False,False,0.002,0.005,0.1,0.0,0.0,0.0,40000,20000,16,8,69.0,16,105.0,36.0,20.0,575.000000,22,6,2,True,False,5,physical,111,42,25.744593,0.0
padded_benes_8x8,default,0-3-4-2-1,routed,5,5,0,0,23,7,5,I0-I1:2;I0-I2:2;I0-I3:4;I0-I4:2;I1-I2:2;I1-I3:5;I2-I3:3,3691.000000,6988.499925,3297.499925,2.758164,4.787155,2.028991,1.612000,8.0,3.5,4.0,6.0,10.0,20.0,16.0,48.0,80.0,200.0,False,False,0.002,0.005,0.1,0.0,0.0,0.0,40000,20000,16,8,69.0,16,105.0,36.0,20.0,575.000000,12,6,1,True,False,5,physical,112,42,4.536637,0.0
padded_benes_8x8,default,1-0-4-2-3,routed,5,5,0,0,27,8,7,I0-I1:3;I0-I2:2;I0-I4:2;I1-I2:2;I1-I3:4;I1-I4:2;I2-I3:7;I3-I4:4,3603.000000,6740.499925,3137.499925,2.612830,5.168571,2.555741,1.668000,8.0,3.5,4.0,6.0,10.0,20.0,16.0,48.0,80.0,200.0,False,False,0.002,0.005,0.1,0.0,0.0,0.0,40000,20000,16,8,69.0,16,105.0,36.0,20.0,575.000000,10,6,1,True,False,5,physical,113,42,4.790324,0.0
padded_benes_8x8,default,1-2-0-4-3,routed,5,5,0,0,25,9,4,I0-I1:2;I0-I2:3;I0-I3:2;I0-I4:2;I1-I2:3;I1-I3:2;I1-I4:4;I2-I3:4;I2-I4:2,3603.000000,6790.499925,3187.499925,2.740830,4.717113,1.976283,1.568000,8.0,3.5,4.0,6.0,10.0,20.0,16.0,48.0,80.0,200.0,False,False,0.002,0.005,0.1,0.0,0.0,0.0,40000,20000,16,8,69.0,16,105.0,36.0,20.0,575.000000,11,6,1,True,False,5,physical,114,42,6.240374,0.0
padded_benes_8x8,default,1-2-4-3-0,routed,5,5,0,0,21,6,4,I0-I1:2;I0-I2:2;I0-I3:4;I1-I2:2;I1-I3:4;I2-I3:3,3691.000000,6881.331778,3190.331778,2.809497,4.678110,1.868613,1.497133,8.0,3.5,4.0,6.0,10.0,20.0,16.0,48.0,80.0,200.0,False,False,0.002,0.005,0.1,0.0,0.0,0.0,40000,20000,16,8,69.0,16,105.0,36.0,20.0,575.000000,10,6,1,True,False,5,physical,115,42,3.252802,0.0
padded_benes_8x8,default,3-4-2-0-1,failed,5,4,1,0,13,4,3,I0-I1:2;I0-I2:3;I1-I2:3;I2-I4:3,3787.000000,5287.296402,1500.296402,2.889497,4.431196,1.541699,1.060398,8.0,3.5,4.0,6.0,10.0,20.0,16.0,48.0,80.0,200.0,False,False,0.002,0.005,0.1,0.0,0.0,0.0,40000,20000,16,8,69.0,16,105.0,36.0,20.0,575.000000,50,6,4,True,True,5,physical,116,42,26.513057,0.2
padded_benes_8x8,default,0-1-3-4-2,routed,5,5,0,0,28,8,6,I0-I1:4;I0-I3:2;I0-I4:2;I1-I2:6;I1-I3:2;I1-I4:2;I2-I3:4;I2-I4:5,3603.000000,6828.499925,3225.499925,2.612830,5.374695,2.761865,1.743200,8.0,3.5,4.0,6.0,10.0,20.0,16.0,48.0,80.0,200.0,False,False,0.002,0.005,0.1,0.0,0.0,0.0,40000,20000,16,8,69.0,16,105.0,36.0,20.0,575.000000,22,6,2,True,False,5,physical,117,42,22.656890,0.0
padded_benes_8x8,default,0-3-2-1-4,routed,5,5,0,0,31,10,5,I0-I1:2;I0-I2:4;I0-I3:4;I0-I4:2;I1-I2:5;I1-I3:3;I1-I4:2;I2-I3:5;I2-I4:2;I3-I4:2,3699.000000,6817.960108,3118.960108,2.906831,5.708819,2.801988,1.650584,8.0,3.5,4.0,6.0,10.0,20.0,16.0,48.0,80.0,200.0,False,False,0.002,0.005,0.1,0.0,0.0,0.0,40000,20000,16,8,69.0,16,105.0,36.0,20.0,575.000000,13,6,1,True,False,5,physical,118,42,4.380734,0.0
padded_benes_8x8,default,3-1-2-4-0,failed,5,4,1,0,20,6,5,I0-I1:3;I0-I2:5;I0-I3:2;I1-I2:4;I1-I3:2;I2-I3:4,3603.000000,5382.566310,1779.566310,2.612830,4.831196,2.218366,1.552283,8.0,3.5,4.0,6.0,10.0,20.0,16.0,48.0,80.0,200.0,False,False,0.002,0.005,0.1,0.0,0.0,0.0,40000,20000,16,8,69.0,16,105.0,36.0,20.0,575.000000,44,6,4,True,True,5,physical,119,42,27.722670,0.2
waksman_5x5,default,0-2-3-4-1,failed,5,4,1,0,16,5,4,I0-I1:4;I0-I2:2;I0-I4:2;I1-I2:4;I1-I4:3,3103.000000,4452.654825,1349.654825,2.118898,3.930690,1.811793,1.448327,8.0,3.5,4.0,6.0,10.0,20.0,16.0,48.0,80.0,200.0,False,False,0.002,0.005,0.1,0.0,0.0,0.0,40000,20000,16,8,69.0,16,105.0,36.0,20.0,575.000000,33,6,4,True,True,5,physical,0,42,11.895825,0.2
waksman_5x5,default,3-2-0-1-4,routed,5,5,0,0,21,6,6,I0-I1:3;I0-I2:3;I0-I4:2;I1-I4:2;I2-I3:6;I2-I4:2,3103.000000,5509.756586,2406.756586,2.369497,3.677941,1.308444,1.359703,8.0,3.5,4.0,6.0,10.0,20.0,16.0,48.0,80.0,200.0,False,False,0.002,0.005,0.1,0.0,0.0,0.0,40000,20000,16,8,69.0,16,105.0,36.0,20.0,575.000000,14,6,2,True,False,5,physical,1,42,8.489665,0.0
waksman_5x5,default,3-4-2-1-0,routed,5,5,0,0,19,5,3,I0-I1:2;I0-I2:3;I2-I3:3;I2-I4:3;I3-I4:3,3103.000000,5515.464549,2412.464549,2.009865,3.793900,1.784035,1.283986,8.0,3.5,4.0,6.0,10.0,20.0,16.0,48.0,80.0,200.0,False,False,0.002,0.005,0.1,0.0,0.0,0.0,40000,20000,16,8,69.0,16,105.0,36.0,20.0,575.000000,10,6,1,True,False,5,physical,2,42,3.510454,0.0
waksman_5x5,default,4-3-0-1-2,routed,5,5,0,0,25,6,8,I0-I1:3;I0-I2:3;I1-I4:3;I2-I3:8;I2-I4:2;I3-I4:2,3103.000000,5434.048623,2331.048623,1.967565,3.904525,1.936961,1.487419,8.0,3.5,4.0,6.0,10.0,20.0,16.0,48.0,80.0,200.0,False,False,0.002,0.005,0.1,0.0,0.0,0.0,40000,20000,16,8,69.0,16,105.0,36.0,20.0,575.000000,9,6,1,True,False,5,physical,3,42,2.544291,0.0
waksman_5x5,default,3-4-1-0-2,routed,5,5,0,0,21,5,7,I0-I1:2;I0-I3:3;I0-I4:3;I2-I3:7;I2-I4:2,3103.000000,5687.026494,2584.026494,1.992531,4.279848,2.287317,1.435611,8.0,3.5,4.0,6.0,10.0,20.0,16.0,48.0,80.0,200.0,False,False,0.002,0.005,0.1,0.0,0.0,0.0,40000,20000,16,8,69.0,16,105.0,36.0,20.0,575.000000,16,6,2,True,False,5,physical,4,42,7.670809,0.0
waksman_5x5,default,1-2-0-3-4,routed,5,5,0,0,20,8,5,I0-I1:2;I0-I2:5;I0-I3:2;I0-I4:2;I1-I3:2;I1-I4:2;I2-I3:2;I3-I4:2,3103.000000,5540.194641,2437.194641,2.262164,3.705765,1.443601,1.328878,8.0,3.5,4.0,6.0,10.0,20.0,16.0,48.0,80.0,200.0,False,False,0.002,0.005,0.1,0.0,0.0,0.0,40000,20000,16,8,69.0,16,105.0,36.0,20.0,575.000000,7,6,1,True,False,5,physical,5,42,3.194348,0.0
waksman_5x5,default,3-4-1-2-0,routed,5,5,0,0,18,5,3,I0-I1:2;I0-I3:3;I2-I3:2;I2-I4:3;I3-I4:3,3103.000000,5525.318531,2422.318531,2.061198,3.911357,1.850159,1.248927,8.0,3.5,4.0,6.0,10.0,20.0,16.0,48.0,80.0,200.0,False,False,0.002,0.005,0.1,0.0,0.0,0.0,40000,20000,16,8,69.0,16,105.0,36.0,20.0,575.000000,9,6,1,True,False,5,physical,6,42,3.128874,0.0
waksman_5x5,default,3-2-1-4-0,failed,5,4,1,0,14,3,5,I0-I1:5;I0-I2:3;I2-I4:3,3103.000000,4373.092880,1270.092880,2.118898,3.677982,1.559085,1.254796,8.0,3.5,4.0,6.0,10.0,20.0,16.0,48.0,80.0,200.0,False,False,0.002,0.005,0.1,0.0,0.0,0.0,40000,20000,16,8,69.0,16,105.0,36.0,20.0,575.000000,33,6,4,True,True,5,physical,7,42,10.319102,0.2
waksman_5x5,default,4-0-1-2-3,routed,5,5,0,0,22,7,4,I0-I1:3;I1-I2:4;I1-I3:2;I1-I4:2;I2-I3:4;I2-I4:2;I3-I4:2,3103.000000,5700.880476,2597.880476,2.018898,4.364814,2.345916,1.522152,8.0,3.5,4.0,6.0,10.0,20.0,16.0,48.0,80.0,200.0,False,False,0.002,0.005,0.1,0.0,0.0,0.0,40000,20000,16,8,69.0,16,105.0,36.0,20.0,575.000000,10,6,2,True,False,5,physical,8,42,2.971614,0.0
waksman_5x5,default,4-2-0-3-1,routed,5,5,0,0,17,5,3,I0-I1:3;I1-I3:2;I2-I3:2;I2-I4:2;I3-I4:3,3103.000000,5475.026494,2372.026494,2.112531,4.008106,1.895575,1.190811,8.0,3.5,4.0,6.0,10.0,20.0,16.0,48.0,80.0,200.0,False,False,0.002,0.005,0.1,0.0,0.0,0.0,40000,20000,16,8,69.0,16,105.0,36.0,20.0,575.000000,9,6,1,True,False,5,physical,9,42,3.367429,0.0
waksman_5x5,default,1-4-3-2-0,routed,5,5,0,0,19,5,4,I0-I1:2;I0-I2:2;I0-I3:4;I0-I4:3;I2-I3:3,3103.000000,5384.486678,2281.486678,2.061198,3.734391,1.673193,1.264595,8.0,3.5,4.0,6.0,10.0,20.0,16.0,48.0,80.0,200.0,False,False,0.002,0.005,0.1,0.0,0.0,0.0,40000,20000,16,8,69.0,16,105.0,36.0,20.0,575.000000,5,6,1,True,False,5,physical,10,42,1.592549,0.0
waksman_5x5,default,3-1-0-4-2,routed,5,5,0,0,21,6,5,I0-I3:2;I0-I4:3;I1-I2:5;I1-I3:2;I1-I4:2;I2-I3:4,3103.000000,5673.858347,2570.858347,2.118898,4.027889,1.908991,1.438343,8.0,3.5,4.0,6.0,10.0,20.0,16.0,48.0,80.0,200.0,False,False,0.002,0.005,0.1,0.0,0.0,0.0,40000,20000,16,8,69.0,16,105.0,36.0,20.0,575.000000,17,6,2,True,False,5,physical,11,42,6.094434,0.0
waksman_5x5,default,3-2-4-0-1,routed,5,5,0,0,23,6,5,I0-I1:5;I0-I2:4;I0-I3:3;I1-I2:2;I2-I3:3;I3-I4:2,3103.000000,5387.464549,2284.464549,2.067565,4.077982,2.010418,1.392786,8.0,3.5,4.0,6.0,10.0,20.0,16.0,48.0,80.0,200.0,False,False,0.002,0.005,0.1,0.0,0.0,0.0,40000,20000,16,8,69.0,16,105.0,36.0,20.0,575.000000,5,6,1,True,False,5,physical,12,42,1.391483,0.0
waksman_5x5,default,1-2-3-0-4,routed,5,5,0,0,21,8,5,I0-I1:2;I0-I2:2;I0-I3:5;I0-I4:2;I1-I2:2;I1-I4:2;I2-I3:3;I2-I4:2,3103.000000,5522.486678,2419.486678,2.262164,3.939140,1.676976,1.359795,8.0,3.5,4.0,6.0,10.0,20.0,16.0,48.0,80.0,200.0,False,False,0.002,0.005,0.1,0.0,0.0,0.0,40000,20000,16,8,69.0,16,105.0,36.0,20.0,575.000000,7,6,1,True,False,5,physical,13,42,3.220782,0.0
waksman_5x5,default,0-3-4-1-2,failed,5,4,1,0,12,5,3,I0-I1:2;I0-I3:2;I0-I4:2;I1-I4:3;I3-I4:2,3103.000000,4531.632696,1428.632696,2.067565,3.306391,1.238826,1.238566,8.0,3.5,4.0,6.0,10.0,20.0,16.0,48.0,80.0,200.0,False,False,0.002,0.005,0.1,0.0,0.0,0.0,40000,20000,16,8,69.0,16,105.0,36.0,20.0,575.000000,37,6,4,True,True,5,physical,14,42,12.769070,0.2
waksman_5x5,default,2-3-1-0-4,routed,5,5,0,0,25,6,7,I0-I1:4;I0-I2:3;I0-I4:4;I1-I4:2;I2-I3:7;I2-I4:2,3103.000000,5907.318531,2804.318531,2.318164,4.419398,2.101234,1.681727,8.0,3.5,4.0,6.0,10.0,20.0,16.0,48.0,80.0,200.0,False,False,0.002,0.005,0.1,0.0,0.0,0.0,40000,20000,16,8,69.0,16,105.0,36.0,20.0,575.000000,10,6,1,True,False,5,physical,15,42,3.342622,0.0
waksman_5x5,default,3-1-4-0-2,routed,5,5,0,0,24,7,5,I0-I2:2;I0-I3:3;I0-I4:3;I1-I2:2;I1-I3:5;I1-I4:2;I2-I3:5,3103.000000,5722.150384,2619.150384,2.067565,4.593264,2.525699,1.575660,8.0,3.5,4.0,6.0,10.0,20.0,16.0,48.0,80.0,200.0,False,False,0.002,0.005,0.1,0.0,0.0,0.0,40000,20000,16,8,69.0,16,105.0,36.0,20.0,575.000000,17,6,2,True,False,5,physical,16,42,6.396142,0.0
waksman_5x5,default,4-0-1-3-2,routed,5,5,0,0,29,8,6,I0-I1:3;I0-I2:3;I0-I3:3;I1-I2:6;I1-I3:2;I2-I3:6;I2-I4:2;I3-I4:3,3103.000000,5898.734457,2795.734457,1.992531,4.545642,2.553111,1.882294,8.0,3.5,4.0,6.0,10.0,20.0,16.0,48.0,80.0,200.0,False,False,0.002,0.005,0.1,0.0,0.0,0.0,40000,20000,16,8,69.0,16,105.0,36.0,20.0,575.000000,20,6,2,True,False,5,physical,17,42,9.967584,0.0
waksman_5x5,default,2-0-3-4-1,failed,5,4,1,0,17,5,5,I0-I1:5;I0-I2:4;I0-I4:3;I1-I2:2;I1-I4:2,3103.000000,4476.946861,1373.946861,2.118898,3.813233,1.694336,1.507973,8.0,3.5,4.0,6.0,10.0,20.0,16.0,48.0,80.0,200.0,False,False,0.002,0.005,0.1,0.0,0.0,0.0,40000,20000,16,8,69.0,16,105.0,36.0,20.0,575.000000,34,6,4,True,True,5,physical,18,42,12.248765,0.2
waksman_5x5,default,2-4-1-0-3,routed,5,5,0,0,20,5,7,I0-I1:2;I0-I3:3;I0-I4:2;I2-I3:7;I2-I4:2,3103.000000,5644.734457,2541.734457,2.018898,4.279848,2.260950,1.380694,8.0,3.5,4.0,6.0,10.0,20.0,16.0,48.0,80.0,200.0,False,False,0.002,0.005,0.1,0.0,0.0,0.0,40000,20000,16,8,69.0,16,105.0,36.0,20.0,575.000000,15,6,2,True,False,5,physical,19,42,7.558240,0.0
waksman_5x5,default,0-2-3-1-4,routed,5,5,0,0,20,9,3,I0-I1:2;I0-I2:2;I0-I3:2;I0-I4:2;I1-I2:2;I1-I4:2;I2-I3:3;I2-I4:2;I3-I4:2,3103.000000,5337.070751,2234.070751,2.210831,3.606391,1.395560,1.241628,8.0,3.5,4.0,6.0,10.0,20.0,16.0,48.0,80.0,200.0,False,False,0.002,0.005,0.1,0.0,0.0,0.0,40000,20000,16,8,69.0,16,105.0,36.0,20.0,575.000000,7,6,1,True,False,5,physical,20,42,3.284231,0.0
waksman_5x5,default,2-3-0-4-1,routed,5,5,0,0,23,6,6,I0-I1:6;I0-I3:2;I0-I4:5;I1-I3:2;I2-I3:2;I2-I4:2,3103.000000,5616.734457,2513.734457,2.118898,3.981233,1.862336,1.489494,8.0,3.5,4.0,6.0,10.0,20.0,16.0,48.0,80.0,200.0,False,False,0.002,0.005,0.1,0.0,0.0,0.0,40000,20000,16,8,69.0,16,105.0,36.0,20.0,575.000000,9,6,1,True,False,5,physical,21,42,3.371413,0.0
waksman_5x5,default,4-0-2-1-3,routed,5,5,0,0,29,8,6,I0-I1:3;I0-I2:3;I0-I3:3;I1-I2:2;I1-I3:6;I2-I3:5;I2-I4:2;I3-I4:4,3103.000000,5943.858347,2840.858347,2.043864,4.950271,2.906407,1.906343,8.0,3.5,4.0,6.0,10.0,20.0,16.0,48.0,80.0,200.0,False,False,0.002,0.005,0.1,0.0,0.0,0.0,40000,20000,16,8,69.0,16,105.0,36.0,20.0,575.000000,17,6,2,True,False,5,physical,22,42,9.152697,0.0
waksman_5x5,default,4-2-0-1-3,routed,5,5,0,0,24,6,8,I0-I1:3;I0-I2:3;I1-I4:2;I2-I3:8;I2-I4:2;I3-I4:2,3103.000000,5383.902604,2280.902604,2.018898,3.945941,1.927044,1.428361,8.0,3.5,4.0,6.0,10.0,20.0,16.0,48.0,80.0,200.0,False,False,0.002,0.005,0.1,0.0,0.0,0.0,40000,20000,16,8,69.0,16,105.0,36.0,20.0,575.000000,7,6,1,True,False,5,physical,23,42,2.278819,0.0
waksman_5x5,default,0-2-1-4-3,failed,5,4,1,0,11,5,2,I0-I1:2;I0-I2:2;I0-I4:2;I1-I4:2;I2-I4:2,3103.000000,4361.778714,1258.778714,2.118898,3.173016,1.054118,1.110389,8.0,3.5,4.0,6.0,10.0,20.0,16.0,48.0,80.0,200.0,False,False,0.002,0.005,0.1,0.0,0.0,0.0,40000,20000,16,8,69.0,16,105.0,36.0,20.0,575.000000,35,6,4,True,True,5,physical,24,42,11.894383,0.2
waksman_5x5,default,0-1-2-4-3,failed,5,4,1,0,16,6,6,I0-I1:6;I0-I2:2;I0-I4:2;I1-I2:2;I1-I4:2;I2-I4:2,3103.000000,4392.800843,1289.800843,2.118898,3.446810,1.327913,1.417150,8.0,3.5,4.0,6.0,10.0,20.0,16.0,48.0,80.0,200.0,False,False,0.002,0.005,0.1,0.0,0.0,0.0,40000,20000,16,8,69.0,16,105.0,36.0,20.0,575.000000,33,6,4,True,True,5,physical,25,42,11.822250,0.2
waksman_5x5,default,3-1-0-2-4,routed,5,5,0,0,26,9,5,I0-I1:3;I0-I2:5;I0-I4:2;I1-I2:3;I1-I3:2;I1-I4:2;I2-I3:4;I2-I4:2;I3-I4:2,3103.000000,5491.756586,2388.756586,2.369497,3.931357,1.561860,1.592503,8.0,3.5,4.0,6.0,10.0,20.0,16.0,48.0,80.0,200.0,False,False,0.002,0.005,0.1,0.0,0.0,0.0,40000,20000,16,8,69.0,16,105.0,36.0,20.0,575.000000,24,6,3,True,False,5,physical,26,42,22.562648,0.0
waksman_5x5,default,2-4-3-0-1,routed,5,5,0,0,19,6,3,I0-I1:2;I0-I2:2;I0-I3:3;I2-I3:3;I2-I4:3;I3-I4:2,3103.000000,5475.026494,2372.026494,2.061198,3.890649,1.829451,1.270811,8.0,3.5,4.0,6.0,10.0,20.0,16.0,48.0,80.0,200.0,False,False,0.002,0.005,0.1,0.0,0.0,0.0,40000,20000,16,8,69.0,16,105.0,36.0,20.0,575.000000,7,6,1,True,False,5,physical,27,42,3.361636,0.0
waksman_5x5,default,1-0-3-2-4,failed,5,4,1,0,17,5,6,I0-I2:6;I0-I4:2;I2-I3:5;I2-I4:2;I3-I4:2,3103.000000,4447.238898,1344.238898,2.262164,4.417481,2.155317,1.445619,8.0,3.5,4.0,6.0,10.0,20.0,16.0,48.0,80.0,200.0,False,False,0.002,0.005,0.1,0.0,0.0,0.0,40000,20000,16,8,69.0,16,105.0,36.0,20.0,575.000000,45,6,5,True,True,5,physical,28,42,76.333613,0.2
waksman_5x5,default,3-1-2-0-4,routed,5,5,0,0,27,9,5,I0-I1:3;I0-I3:5;I0-I4:4;I1-I2:2;I1-I3:3;I1-I4:2;I2-I3:3;I2-I4:2;I3-I4:2,3103.000000,5537.464549,2434.464549,2.369497,4.080814,1.711317,1.652786,8.0,3.5,4.0,6.0,10.0,20.0,16.0,48.0,80.0,200.0,False,False,0.002,0.005,0.1,0.0,0.0,0.0,40000,20000,16,8,69.0,16,105.0,36.0,20.0,575.000000,25,6,3,True,False,5,physical,29,42,21.268108,0.0
waksman_5x5,default,0-4-2-3-1,routed,5,5,0,0,27,7,8,I0-I1:2;I0-I2:2;I0-I3:2;I0-I4:2;I1-I2:3;I2-I3:8;I2-I4:5,3103.000000,5647.172512,2544.172512,2.009865,4.703316,2.693451,1.698669,8.0,3.5,4.0,6.0,10.0,20.0,16.0,48.0,80.0,200.0,False,False,0.002,0.005,0.1,0.0,0.0,0.0,40000,20000,16,8,69.0,16,105.0,36.0,20.0,575.000000,9,6,1,True,False,5,physical,30,42,2.898000,0.0
waksman_5x5,default,2-0-4-1-3,routed,5,5,0,0,20,7,5,I0-I2:2;I0-I4:2;I1-I2:2;I1-I3:2;I1-I4:2;I2-I3:5;I3-I4:2,3103.000000,5434.588439,2331.588439,2.067565,3.894391,1.826826,1.297635,8.0,3.5,4.0,6.0,10.0,20.0,16.0,48.0,80.0,200.0,False,False,0.002,0.005,0.1,0.0,0.0,0.0,40000,20000,16,8,69.0,16,105.0,36.0,20.0,575.000000,16,6,2,True,False,5,physical,31,42,7.091938,0.0
waksman_5x5,default,1-3-4-2-0,routed,5,5,0,0,26,8,4,I0-I1:4;I0-I2:2;I0-I3:4;I0-I4:3;I1-I2:2;I1-I3:3;I1-I4:3;I2-I3:3,3103.000000,5561.610567,2458.610567,2.067565,4.186023,2.118458,1.621444,8.0,3.5,4.0,6.0,10.0,20.0,16.0,48.0,80.0,200.0,False,False,0.002,0.005,0.1,0.0,0.0,0.0,40000,20000,16,8,69.0,16,105.0,36.0,20.0,575.000000,10,6,2,True,False,5,physical,32,42,3.145347,0.0
waksman_5x5,default,2-0-3-1-4,routed,5,5,0,0,25,9,4,I0-I1:3;I0-I2:2;I0-I3:3;I0-I4:4;I1-I2:2;I1-I3:4;I2-I3:3;I2-I4:2;I3-I4:2,3103.000000,5575.318531,2472.318531,2.318164,4.198271,1.880107,1.588927,8.0,3.5,4.0,6.0,10.0,20.0,16.0,48.0,80.0,200.0,False,False,0.002,0.005,0.1,0.0,0.0,0.0,40000,20000,16,8,69.0,16,105.0,36.0,20.0,575.000000,8,6,1,True,False,5,physical,33,42,2.720375,0.0
waksman_5x5,default,2-4-0-1-3,routed,5,5,0,0,23,6,8,I0-I1:2;I0-I4:2;I1-I2:3;I2-I3:8;I2-I4:2;I3-I4:2,3103.000000,5375.318531,2272.318531,2.018898,3.945941,1.927044,1.388927,8.0,3.5,4.0,6.0,10.0,20.0,16.0,48.0,80.0,200.0,False,False,0.002,0.005,0.1,0.0,0.0,0.0,40000,20000,16,8,69.0,16,105.0,36.0,20.0,575.000000,6,6,1,True,False,5,physical,34,42,2.600926,0.0
waksman_5x5,default,1-3-2-4-0,failed,5,4,1,0,16,5,4,I0-I1:4;I0-I2:2;I0-I4:3;I1-I2:3;I1-I4:3,3103.000000,4423.092880,1320.092880,2.118898,3.986023,1.867126,1.429796,8.0,3.5,4.0,6.0,10.0,20.0,16.0,48.0,80.0,200.0,False,False,0.002,0.005,0.1,0.0,0.0,0.0,40000,20000,16,8,69.0,16,105.0,36.0,20.0,575.000000,34,6,4,True,True,5,physical,35,42,10.916375,0.2
waksman_5x5,default,2-4-0-3-1,routed,5,5,0,0,16,5,3,I0-I1:2;I0-I3:2;I2-I3:2;I2-I4:2;I3-I4:3,3103.000000,5450.734457,2347.734457,2.112531,4.008106,1.895575,1.143094,8.0,3.5,4.0,6.0,10.0,20.0,16.0,48.0,80.0,200.0,False,False,0.002,0.005,0.1,0.0,0.0,0.0,40000,20000,16,8,69.0,16,105.0,36.0,20.0,575.000000,8,6,1,True,False,5,physical,36,42,3.225860,0.0
waksman_5x5,default,1-2-4-0-3,routed,5,5,0,0,22,7,5,I0-I1:2;I0-I2:2;I0-I3:5;I0-I4:2;I1-I2:2;I1-I4:2;I2-I3:5,3103.000000,5747.566310,2644.566310,2.067565,4.382680,2.315115,1.509827,8.0,3.5,4.0,6.0,10.0,20.0,16.0,48.0,80.0,200.0,False,False,0.002,0.005,0.1,0.0,0.0,0.0,40000,20000,16,8,69.0,16,105.0,36.0,20.0,575.000000,17,6,2,True,False,5,physical,37,42,6.584208,0.0
waksman_5x5,default,2-3-0-1-4,routed,5,5,0,0,22,6,6,I0-I1:4;I0-I2:3;I0-I4:2;I1-I4:2;I2-I3:6;I2-I4:2,3103.000000,5552.048623,2449.048623,2.318164,3.677941,1.359777,1.414619,8.0,3.5,4.0,6.0,10.0,20.0,16.0,48.0,80.0,200.0,False,False,0.002,0.005,0.1,0.0,0.0,0.0,40000,20000,16,8,69.0,16,105.0,36.0,20.0,575.000000,16,6,2,True,False,5,physical,38,42,8.669148,0.0
waksman_5x5,default,1-3-2-0-4,routed,5,5,0,0,22,8,5,I0-I1:2;I0-I2:2;I0-I3:5;I0-I4:2;I1-I2:3;I1-I4:2;I2-I3:3;I2-I4:2,3103.000000,5564.778714,2461.778714,2.262164,3.939140,1.676976,1.414711,8.0,3.5,4.0,6.0,10.0,20.0,16.0,48.0,80.0,200.0,False,False,0.002,0.005,0.1,0.0,0.0,0.0,40000,20000,16,8,69.0,16,105.0,36.0,20.0,575.000000,8,6,1,True,False,5,physical,39,42,3.184740,0.0
waksman_5x5,default,2-1-4-3-0,failed,5,4,1,0,18,5,5,I0-I1:5;I0-I3:4;I0-I4:3;I1-I3:2;I1-I4:3,3103.000000,4585.238898,1482.238898,2.067565,3.813233,1.745669,1.601619,8.0,3.5,4.0,6.0,10.0,20.0,16.0,48.0,80.0,200.0,False,False,0.002,0.005,0.1,0.0,0.0,0.0,40000,20000,16,8,69.0,16,105.0,36.0,20.0,575.000000,35,6,4,True,True,5,physical,40,42,12.730084,0.2
waksman_5x5,default,2-1-0-4-3,routed,5,5,0,0,20,6,5,I0-I3:2;I0-I4:2;I1-I2:5;I1-I3:2;I1-I4:2;I2-I3:4,3103.000000,5631.566310,2528.566310,2.118898,4.027889,1.908991,1.383427,8.0,3.5,4.0,6.0,10.0,20.0,16.0,48.0,80.0,200.0,False,False,0.002,0.005,0.1,0.0,0.0,0.0,40000,20000,16,8,69.0,16,105.0,36.0,20.0,575.000000,16,6,2,True,False,5,physical,41,42,5.831917,0.0
waksman_5x5,default,3-0-4-1-2,failed,5,4,1,0,11,4,3,I0-I4:3;I1-I3:2;I1-I4:2;I3-I4:2,3103.000000,4507.632696,1404.632696,2.067565,3.338391,1.270826,1.176566,8.0,3.5,4.0,6.0,10.0,20.0,16.0,48.0,80.0,200.0,False,False,0.002,0.005,0.1,0.0,0.0,0.0,40000,20000,16,8,69.0,16,105.0,36.0,20.0,575.000000,48,6,5,True,True,5,physical,42,42,19.876323,0.2
waksman_5x5,default,0-4-3-1-2,routed,5,5,0,0,21,7,4,I0-I1:2;I0-I2:2;I0-I3:4;I0-I4:2;I2-I3:3;I2-I4:3;I3-I4:2,3103.000000,5704.588439,2601.588439,2.043864,4.438271,2.394407,1.485635,8.0,3.5,4.0,6.0,10.0,20.0,16.0,48.0,80.0,200.0,False,False,0.002,0.005,0.1,0.0,0.0,0.0,40000,20000,16,8,69.0,16,105.0,36.0,20.0,575.000000,10,6,2,True,False,5,physical,43,42,2.852380,0.0
waksman_5x5,default,2-3-1-4-0,failed,5,4,1,0,15,3,6,I0-I1:6;I0-I2:3;I2-I4:3,3103.000000,4415.384916,1312.384916,2.118898,3.581233,1.462336,1.323442,8.0,3.5,4.0,6.0,10.0,20.0,16.0,48.0,80.0,200.0,False,False,0.002,0.005,0.1,0.0,0.0,0.0,40000,20000,16,8,69.0,16,105.0,36.0,20.0,575.000000,34,6,4,True,True,5,physical,44,42,10.765375,0.2
waksman_5x5,default,2-3-4-1-0,failed,5,4,1,0,15,3,6,I0-I1:6;I0-I3:3;I3-I4:3,3103.000000,4489.238898,1386.238898,2.067565,3.581233,1.513669,1.353619,8.0,3.5,4.0,6.0,10.0,20.0,16.0,48.0,80.0,200.0,False,False,0.002,0.005,0.1,0.0,0.0,0.0,40000,20000,16,8,69.0,16,105.0,36.0,20.0,575.000000,34,6,4,True,True,5,physical,45,42,10.781966,0.2
waksman_5x5,default,0-4-3-2-1,routed,5,5,0,0,18,5,4,I0-I1:2;I0-I2:2;I0-I3:4;I0-I4:2;I2-I3:3,3103.000000,5360.048623,2257.048623,2.061198,3.734391,1.673193,1.217819,8.0,3.5,4.0,6.0,10.0,20.0,16.0,48.0,80.0,200.0,False,False,0.002,0.005,0.1,0.0,0.0,0.0,40000,20000,16,8,69.0,16,105.0,36.0,20.0,575.000000,4,6,1,True,False,5,physical,46,42,1.511533,0.0
waksman_5x5,default,1-3-4-0-2,routed,5,5,0,0,23,7,5,I0-I1:2;I0-I2:2;I0-I3:5;I0-I4:2;I1-I2:2;I1-I4:3;I2-I3:5,3103.000000,5736.150384,2633.150384,2.067565,4.382680,2.315115,1.541260,8.0,3.5,4.0,6.0,10.0,20.0,16.0,48.0,80.0,200.0,False,False,0.002,0.005,0.1,0.0,0.0,0.0,40000,20000,16,8,69.0,16,105.0,36.0,20.0,575.000000,18,6,2,True,False,5,physical,47,42,6.475924,0.0
waksman_5x5,default,4-0-2-3-1,routed,5,5,0,0,26,7,5,I0-I1:3;I0-I2:3;I1-I2:2;I1-I3:2;I1-I4:4;I2-I3:4;I2-I4:5,3103.000000,6105.420292,3002.420292,2.009865,4.813688,2.803823,1.853968,8.0,3.5,4.0,6.0,10.0,20.0,16.0,48.0,80.0,200.0,False,False,0.002,0.005,0.1,0.0,0.0,0.0,40000,20000,16,8,69.0,16,105.0,36.0,20.0,575.000000,32,6,3,True,False,5,physical,48,42,42.417214,0.0
waksman_5x5,default,4-2-3-0-1,routed,5,5,0,0,18,5,3,I0-I1:3;I1-I2:2;I2-I3:3;I2-I4:3;I3-I4:2,3103.000000,5457.318531,2354.318531,2.061198,3.890649,1.829451,1.221727,8.0,3.5,4.0,6.0,10.0,20.0,16.0,48.0,80.0,200.0,False,False,0.002,0.005,0.1,0.0,0.0,0.0,40000,20000,16,8,69.0,16,105.0,36.0,20.0,575.000000,9,6,1,True,False,5,physical,49,42,3.449818,0.0
waksman_5x5,default,1-0-2-3-4,routed,5,5,0,0,25,9,7,I0-I1:7;I0-I2:2;I0-I4:2;I1-I2:2;I1-I3:2;I1-I4:2;I2-I3:4;I2-I4:2;I3-I4:2,3103.000000,5845.756586,2742.756586,2.262164,4.545931,2.283767,1.694103,8.0,3.5,4.0,6.0,10.0,20.0,16.0,48.0,80.0,200.0,False,False,0.002,0.005,0.1,0.0,0.0,0.0,40000,20000,16,8,69.0,16,105.0,36.0,20.0,575.000000,38,6,4,True,False,5,physical,50,42,37.363544,0.0
waksman_5x5,default,0-2-1-3-4,routed,5,5,0,0,19,9,2,I0-I1:2;I0-I2:2;I0-I3:2;I0-I4:2;I1-I3:2;I1-I4:2;I2-I3:2;I2-I4:2;I3-I4:2,3103.000000,5354.778714,2251.778714,2.210831,3.657274,1.446443,1.210711,8.0,3.5,4.0,6.0,10.0,20.0,16.0,48.0,80.0,200.0,False,False,0.002,0.005,0.1,0.0,0.0,0.0,40000,20000,16,8,69.0,16,105.0,36.0,20.0,575.000000,7,6,1,True,False,5,physical,51,42,3.274936,0.0
waksman_5x5,default,2-1-3-0-4,routed,5,5,0,0,26,9,5,I0-I1:3;I0-I2:2;I0-I3:3;I0-I4:4;I1-I2:2;I1-I3:5;I2-I3:3;I2-I4:2;I3-I4:2,3103.000000,5599.756586,2496.756586,2.318164,4.080814,1.762650,1.635703,8.0,3.5,4.0,6.0,10.0,20.0,16.0,48.0,80.0,200.0,False,False,0.002,0.005,0.1,0.0,0.0,0.0,40000,20000,16,8,69.0,16,105.0,36.0,20.0,575.000000,9,6,1,True,False,5,physical,52,42,2.849897,0.0
waksman_5x5,default,3-4-0-1-2,routed,5,5,0,0,24,6,8,I0-I1:2;I0-I4:3;I1-I2:3;I2-I3:8;I2-I4:2;I3-I4:2,3103.000000,5417.610567,2314.610567,1.967565,3.904525,1.936961,1.443844,8.0,3.5,4.0,6.0,10.0,20.0,16.0,48.0,80.0,200.0,False,False,0.002,0.005,0.1,0.0,0.0,0.0,40000,20000,16,8,69.0,16,105.0,36.0,20.0,575.000000,7,6,1,True,False,5,physical,53,42,2.492959,0.0
waksman_5x5,default,0-4-1-2-3,routed,5,5,0,0,21,7,4,I0-I1:2;I0-I2:4;I0-I3:4;I0-I4:2;I2-I3:2;I2-I4:2;I3-I4:2,3103.000000,5702.588439,2599.588439,2.018898,4.123398,2.104501,1.484835,8.0,3.5,4.0,6.0,10.0,20.0,16.0,48.0,80.0,200.0,False,False,0.002,0.005,0.1,0.0,0.0,0.0,40000,20000,16,8,69.0,16,105.0,36.0,20.0,575.000000,5,6,1,True,False,5,physical,54,42,1.660473,0.0
waksman_5x5,default,2-0-1-4-3,routed,5,5,0,0,21,8,4,I0-I1:3;I0-I3:2;I0-I4:2;I1-I2:4;I1-I3:2;I1-I4:2;I2-I3:2;I2-I4:2,3103.000000,5470.442421,2367.442421,2.118898,3.637016,1.518118,1.352977,8.0,3.5,4.0,6.0,10.0,20.0,16.0,48.0,80.0,200.0,False,False,0.002,0.005,0.1,0.0,0.0,0.0,40000,20000,16,8,69.0,16,105.0,36.0,20.0,575.000000,16,6,2,True,False,5,physical,55,42,7.678926,0.0
waksman_5x5,default,4-3-2-0-1,routed,5,5,0,0,19,5,3,I0-I1:3;I1-I2:3;I2-I3:3;I2-I4:3;I3-I4:2,3103.000000,5499.610567,2396.610567,2.009865,3.793900,1.784035,1.276644,8.0,3.5,4.0,6.0,10.0,20.0,16.0,48.0,80.0,200.0,False,False,0.002,0.005,0.1,0.0,0.0,0.0,40000,20000,16,8,69.0,16,105.0,36.0,20.0,575.000000,10,6,1,True,False,5,physical,56,42,3.394368,0.0
waksman_5x5,default,1-4-0-2-3,routed,5,5,0,0,18,7,3,I0-I1:2;I0-I2:3;I0-I3:2;I0-I4:2;I2-I3:2;I2-I4:2;I3-I4:2,3103.000000,5648.588439,2545.588439,2.018898,3.534391,1.515493,1.343235,8.0,3.5,4.0,6.0,10.0,20.0,16.0,48.0,80.0,200.0,False,False,0.002,0.005,0.1,0.0,0.0,0.0,40000,20000,16,8,69.0,16,105.0,36.0,20.0,575.000000,12,6,2,True,False,5,physical,57,42,8.633117,0.0
waksman_5x5,default,0-1-3-2-4,routed,5,5,0,0,27,8,6,I0-I1:6;I0-I2:4;I0-I4:2;I1-I2:4;I1-I3:2;I2-I3:5;I2-I4:2;I3-I4:2,3103.000000,5600.340659,2497.340659,2.210831,4.617481,2.406650,1.671936,8.0,3.5,4.0,6.0,10.0,20.0,16.0,48.0,80.0,200.0,False,False,0.002,0.005,0.1,0.0,0.0,0.0,40000,20000,16,8,69.0,16,105.0,36.0,20.0,575.000000,9,6,1,True,False,5,physical,58,42,3.171699,0.0
waksman_5x5,default,4-1-0-3-2,failed,5,4,1,0,12,4,3,I0-I1:3;I1-I3:2;I1-I4:2;I3-I4:3,3103.000000,4361.530935,1258.530935,1.967565,3.615058,1.647493,1.153265,8.0,3.5,4.0,6.0,10.0,20.0,16.0,48.0,80.0,200.0,False,False,0.002,0.005,0.1,0.0,0.0,0.0,40000,20000,16,8,69.0,16,105.0,36.0,20.0,575.000000,37,6,4,True,True,5,physical,59,42,45.003934,0.2
waksman_5x5,default,3-0-1-2-4,routed,5,5,0,0,25,8,6,I0-I1:3;I0-I2:3;I0-I3:3;I0-I4:2;I1-I2:6;I1-I3:2;I2-I3:4;I2-I4:2,3103.000000,5914.588439,2811.588439,2.369497,4.248814,1.879317,1.729635,8.0,3.5,4.0,6.0,10.0,20.0,16.0,48.0,80.0,200.0,False,False,0.002,0.005,0.1,0.0,0.0,0.0,40000,20000,16,8,69.0,16,105.0,36.0,20.0,575.000000,30,6,3,True,False,5,physical,60,42,26.241223,0.0
waksman_5x5,default,3-0-1-4-2,routed,5,5,0,0,22,7,4,I0-I1:3;I0-I3:2;I0-I4:3;I1-I2:4;I1-I3:2;I1-I4:4;I2-I3:2,3103.000000,5584.588439,2481.588439,2.118898,3.931439,1.812541,1.437635,8.0,3.5,4.0,6.0,10.0,20.0,16.0,48.0,80.0,200.0,False,False,0.002,0.005,0.1,0.0,0.0,0.0,40000,20000,16,8,69.0,16,105.0,36.0,20.0,575.000000,15,6,2,True,False,5,physical,61,42,6.293940,0.0
waksman_5x5,default,1-3-0-2-4,routed,5,5,0,0,21,8,5,I0-I1:2;I0-I2:5;I0-I3:2;I0-I4:2;I1-I3:3;I1-I4:2;I2-I3:2;I3-I4:2,3103.000000,5582.486678,2479.486678,2.262164,3.705765,1.443601,1.383795,8.0,3.5,4.0,6.0,10.0,20.0,16.0,48.0,80.0,200.0,False,False,0.002,0.005,0.1,0.0,0.0,0.0,40000,20000,16,8,69.0,16,105.0,36.0,20.0,575.000000,8,6,1,True,False,5,physical,62,42,3.185786,0.0
waksman_5x5,default,1-4-3-0-2,routed,5,5,0,0,20,7,3,I0-I1:2;I0-I2:2;I0-I3:3;I0-I4:2;I2-I3:3;I2-I4:3;I3-I4:2,3103.000000,5583.172512,2480.172512,1.992531,3.761683,1.769152,1.393069,8.0,3.5,4.0,6.0,10.0,20.0,16.0,48.0,80.0,200.0,False,False,0.002,0.005,0.1,0.0,0.0,0.0,40000,20000,16,8,69.0,16,105.0,36.0,20.0,575.000000,13,6,2,True,False,5,physical,63,42,9.982536,0.0
waksman_5x5,default,1-3-0-4-2,routed,5,5,0,0,24,8,5,I0-I1:4;I0-I2:5;I0-I3:2;I0-I4:2;I1-I3:2;I1-I4:3;I2-I3:2;I2-I4:2,3103.000000,5718.296402,2615.296402,2.118898,3.986473,1.867575,1.573119,8.0,3.5,4.0,6.0,10.0,20.0,16.0,48.0,80.0,200.0,False,False,0.002,0.005,0.1,0.0,0.0,0.0,40000,20000,16,8,69.0,16,105.0,36.0,20.0,575.000000,18,6,2,True,False,5,physical,64,42,6.703217,0.0
waksman_5x5,default,0-2-4-1-3,failed,5,4,1,0,11,5,2,I0-I1:2;I0-I3:2;I0-I4:2;I1-I4:2;I3-I4:2,3103.000000,4435.632696,1332.632696,2.067565,3.306391,1.238826,1.140566,8.0,3.5,4.0,6.0,10.0,20.0,16.0,48.0,80.0,200.0,False,False,0.002,0.005,0.1,0.0,0.0,0.0,40000,20000,16,8,69.0,16,105.0,36.0,20.0,575.000000,35,6,4,True,True,5,physical,65,42,11.923186,0.2
waksman_5x5,default,3-0-2-1-4,routed,5,5,0,0,28,8,6,I0-I1:3;I0-I2:3;I0-I3:3;I0-I4:4;I1-I2:2;I1-I3:6;I2-I3:5;I3-I4:2,3103.000000,6233.420292,3130.420292,2.369497,4.539439,2.169942,1.985168,8.0,3.5,4.0,6.0,10.0,20.0,16.0,48.0,80.0,200.0,False,False,0.002,0.005,0.1,0.0,0.0,0.0,40000,20000,16,8,69.0,16,105.0,36.0,20.0,575.000000,20,6,2,True,False,5,physical,66,42,10.346752,0.0
waksman_5x5,default,0-3-2-4-1,failed,5,4,1,0,15,5,4,I0-I1:4;I0-I2:2;I0-I4:2;I1-I2:3;I1-I4:3,3103.000000,4394.654825,1291.654825,2.118898,3.986023,1.867126,1.369327,8.0,3.5,4.0,6.0,10.0,20.0,16.0,48.0,80.0,200.0,False,False,0.002,0.005,0.1,0.0,0.0,0.0,40000,20000,16,8,69.0,16,105.0,36.0,20.0,575.000000,32,6,4,True,True,5,physical,67,42,11.427480,0.2
waksman_5x5,default,2-1-4-0-3,routed,5,5,0,0,23,7,5,I0-I2:2;I0-I3:3;I0-I4:2;I1-I2:2;I1-I3:5;I1-I4:2;I2-I3:5,3103.000000,5679.858347,2576.858347,2.067565,4.593264,2.525699,1.520743,8.0,3.5,4.0,6.0,10.0,20.0,16.0,48.0,80.0,200.0,False,False,0.002,0.005,0.1,0.0,0.0,0.0,40000,20000,16,8,69.0,16,105.0,36.0,20.0,575.000000,16,6,2,True,False,5,physical,68,42,6.299440,0.0
waksman_5x5,default,0-1-4-3-2,failed,5,4,1,0,17,6,6,I0-I1:6;I0-I3:2;I0-I4:2;I1-I3:2;I1-I4:2;I3-I4:3,3103.000000,4518.946861,1415.946861,2.067565,3.715058,1.647493,1.520973,8.0,3.5,4.0,6.0,10.0,20.0,16.0,48.0,80.0,200.0,False,False,0.002,0.005,0.1,0.0,0.0,0.0,40000,20000,16,8,69.0,16,105.0,36.0,20.0,575.000000,34,6,4,True,True,5,physical,69,42,12.028035,0.2
waksman_5x5,default,1-2-3-4-0,failed,5,4,1,0,17,5,4,I0-I1:4;I0-I2:2;I0-I4:3;I1-I2:4;I1-I4:3,3103.000000,4477.092880,1374.092880,2.118898,3.930690,1.811793,1.506796,8.0,3.5,4.0,6.0,10.0,20.0,16.0,48.0,80.0,200.0,False,False,0.002,0.005,0.1,0.0,0.0,0.0,40000,20000,16,8,69.0,16,105.0,36.0,20.0,575.000000,34,6,4,True,True,5,physical,70,42,12.359475,0.2
waksman_5x5,default,1-4-2-0-3,routed,5,5,0,0,19,7,3,I0-I1:2;I0-I2:2;I0-I3:3;I0-I4:2;I2-I3:3;I2-I4:2;I3-I4:2,3103.000000,5437.026494,2334.026494,2.018898,3.603398,1.584501,1.295611,8.0,3.5,4.0,6.0,10.0,20.0,16.0,48.0,80.0,200.0,False,False,0.002,0.005,0.1,0.0,0.0,0.0,40000,20000,16,8,69.0,16,105.0,36.0,20.0,575.000000,6,6,1,True,False,5,physical,71,42,2.341520,0.0
waksman_5x5,default,1-4-2-3-0,routed,5,5,0,0,26,7,8,I0-I1:2;I0-I2:2;I0-I3:2;I0-I4:3;I1-I2:3;I2-I3:8;I2-I4:3,3103.000000,5635.756586,2532.756586,2.009865,4.503316,2.493451,1.650103,8.0,3.5,4.0,6.0,10.0,20.0,16.0,48.0,80.0,200.0,False,False,0.002,0.005,0.1,0.0,0.0,0.0,40000,20000,16,8,69.0,16,105.0,36.0,20.0,575.000000,14,6,2,True,False,5,physical,72,42,9.572042,0.0
waksman_5x5,default,0-3-1-2-4,routed,5,5,0,0,22,10,3,I0-I1:2;I0-I2:2;I0-I3:2;I0-I4:2;I1-I2:3;I1-I3:3;I1-I4:2;I2-I3:2;I2-I4:2;I3-I4:2,3103.000000,5438.778714,2335.778714,2.210831,3.804975,1.594144,1.364311,8.0,3.5,4.0,6.0,10.0,20.0,16.0,48.0,80.0,200.0,False,False,0.002,0.005,0.1,0.0,0.0,0.0,40000,20000,16,8,69.0,16,105.0,36.0,20.0,575.000000,9,6,1,True,False,5,physical,73,42,3.564235,0.0
waksman_5x5,default,2-0-1-3-4,routed,5,5,0,0,30,8,6,I0-I1:3;I0-I2:3;I0-I3:4;I0-I4:4;I1-I2:6;I1-I3:2;I2-I3:6;I2-I4:2,3103.000000,6032.588439,2929.588439,2.318164,4.421982,2.103818,1.976835,8.0,3.5,4.0,6.0,10.0,20.0,16.0,48.0,80.0,200.0,False,False,0.002,0.005,0.1,0.0,0.0,0.0,40000,20000,16,8,69.0,16,105.0,36.0,20.0,575.000000,22,6,2,True,False,5,physical,74,42,11.490632,0.0
waksman_5x5,default,4-0-3-2-1,routed,5,5,0,0,19,5,5,I0-I1:3;I1-I2:2;I1-I3:2;I1-I4:2;I2-I3:5,3103.000000,5358.340659,2255.340659,2.061198,3.682391,1.621193,1.255136,8.0,3.5,4.0,6.0,10.0,20.0,16.0,48.0,80.0,200.0,False,False,0.002,0.005,0.1,0.0,0.0,0.0,40000,20000,16,8,69.0,16,105.0,36.0,20.0,575.000000,9,6,2,True,False,5,physical,75,42,2.860801,0.0
waksman_5x5,default,4-2-1-0-3,routed,5,5,0,0,19,4,7,I0-I1:3;I1-I4:2;I2-I3:7;I2-I4:2,3103.000000,5642.734457,2539.734457,2.018898,4.037264,2.018366,1.339894,8.0,3.5,4.0,6.0,10.0,20.0,16.0,48.0,80.0,200.0,False,False,0.002,0.005,0.1,0.0,0.0,0.0,40000,20000,16,8,69.0,16,105.0,36.0,20.0,575.000000,16,6,2,True,False,5,physical,76,42,6.893082,0.0
waksman_5x5,default,4-3-2-1-0,routed,5,5,0,0,20,5,3,I0-I1:3;I1-I2:3;I2-I3:3;I2-I4:3;I3-I4:3,3103.000000,5524.048623,2421.048623,2.009865,3.793900,1.784035,1.323419,8.0,3.5,4.0,6.0,10.0,20.0,16.0,48.0,80.0,200.0,False,False,0.002,0.005,0.1,0.0,0.0,0.0,40000,20000,16,8,69.0,16,105.0,36.0,20.0,575.000000,11,6,1,True,False,5,physical,77,42,3.695427,0.0
waksman_5x5,default,4-0-3-1-2,routed,5,5,0,0,22,7,4,I0-I1:3;I1-I2:2;I1-I3:4;I1-I4:2;I2-I3:3;I2-I4:3;I3-I4:2,3103.000000,5728.880476,2625.880476,2.043864,4.438271,2.394407,1.533352,8.0,3.5,4.0,6.0,10.0,20.0,16.0,48.0,80.0,200.0,False,False,0.002,0.005,0.1,0.0,0.0,0.0,40000,20000,16,8,69.0,16,105.0,36.0,20.0,575.000000,11,6,2,True,False,5,physical,78,42,3.087047,0.0
waksman_5x5,default,0-4-1-3-2,routed,5,5,0,0,22,7,4,I0-I1:2;I0-I2:4;I0-I3:2;I0-I4:2;I2-I3:4;I2-I4:2;I3-I4:3,3103.000000,5692.588439,2589.588439,1.992531,4.272814,2.280283,1.520835,8.0,3.5,4.0,6.0,10.0,20.0,16.0,48.0,80.0,200.0,False,False,0.002,0.005,0.1,0.0,0.0,0.0,40000,20000,16,8,69.0,16,105.0,36.0,20.0,575.000000,8,6,1,True,False,5,physical,79,42,2.502563,0.0
waksman_5x5,default,3-2-0-4-1,routed,5,5,0,0,22,6,5,I0-I1:5;I0-I2:3;I0-I3:4;I1-I3:2;I2-I3:2;I2-I4:2,3103.000000,5405.172512,2302.172512,2.118898,4.077982,1.959085,1.361869,8.0,3.5,4.0,6.0,10.0,20.0,16.0,48.0,80.0,200.0,False,False,0.002,0.005,0.1,0.0,0.0,0.0,40000,20000,16,8,69.0,16,105.0,36.0,20.0,575.000000,5,6,1,True,False,5,physical,80,42,1.398401,0.0
waksman_5x5,default,1-4-0-3-2,routed,5,5,0,0,19,7,3,I0-I1:2;I0-I2:3;I0-I3:2;I0-I4:2;I2-I3:2;I2-I4:2;I3-I4:3,3103.000000,5533.172512,2430.172512,1.967565,3.697642,1.730077,1.333069,8.0,3.5,4.0,6.0,10.0,20.0,16.0,48.0,80.0,200.0,False,False,0.002,0.005,0.1,0.0,0.0,0.0,40000,20000,16,8,69.0,16,105.0,36.0,20.0,575.000000,14,6,2,True,False,5,physical,81,42,8.898772,0.0
waksman_5x5,default,4-1-2-0-3,failed,5,4,1,0,11,4,3,I0-I1:3;I1-I2:2;I1-I4:2;I2-I4:2,3103.000000,4235.384916,1132.384916,2.018898,3.146810,1.127913,1.049442,8.0,3.5,4.0,6.0,10.0,20.0,16.0,48.0,80.0,200.0,False,False,0.002,0.005,0.1,0.0,0.0,0.0,40000,20000,16,8,69.0,16,105.0,36.0,20.0,575.000000,36,6,4,True,True,5,physical,82,42,43.259164,0.2
waksman_5x5,default,0-4-2-1-3,routed,5,5,0,0,20,7,4,I0-I1:2;I0-I2:2;I0-I3:4;I0-I4:2;I2-I3:3;I2-I4:2;I3-I4:2,3103.000000,5662.296402,2559.296402,2.043864,4.438271,2.394407,1.430719,8.0,3.5,4.0,6.0,10.0,20.0,16.0,48.0,80.0,200.0,False,False,0.002,0.005,0.1,0.0,0.0,0.0,40000,20000,16,8,69.0,16,105.0,36.0,20.0,575.000000,9,6,2,True,False,5,physical,83,42,2.790722,0.0
waksman_5x5,default,0-1-2-3-4,failed,5,4,1,0,18,5,6,I0-I2:6;I0-I4:2;I2-I3:6;I2-I4:2;I3-I4:2,3103.000000,4421.530935,1318.530935,2.210831,4.362148,2.151317,1.488265,8.0,3.5,4.0,6.0,10.0,20.0,16.0,48.0,80.0,200.0,False,False,0.002,0.005,0.1,0.0,0.0,0.0,40000,20000,16,8,69.0,16,105.0,36.0,20.0,575.000000,49,6,5,True,True,5,physical,84,42,80.676685,0.2
waksman_5x5,default,4-3-0-2-1,routed,5,5,0,0,18,5,3,I0-I1:3;I1-I3:3;I2-I3:2;I2-I4:2;I3-I4:3,3103.000000,5517.318531,2414.318531,2.061198,3.911357,1.850159,1.245727,8.0,3.5,4.0,6.0,10.0,20.0,16.0,48.0,80.0,200.0,False,False,0.002,0.005,0.1,0.0,0.0,0.0,40000,20000,16,8,69.0,16,105.0,36.0,20.0,575.000000,10,6,1,True,False,5,physical,85,42,3.302106,0.0
waksman_5x5,default,4-1-2-3-0,routed,5,5,0,0,21,5,6,I0-I1:3;I1-I2:2;I1-I3:2;I1-I4:3;I2-I3:6,3103.000000,5425.070751,2322.070751,2.009865,4.015058,2.005193,1.356828,8.0,3.5,4.0,6.0,10.0,20.0,16.0,48.0,80.0,200.0,False,False,0.002,0.005,0.1,0.0,0.0,0.0,40000,20000,16,8,69.0,16,105.0,36.0,20.0,575.000000,11,6,2,True,False,5,physical,86,42,3.131647,0.0
waksman_5x5,default,2-1-3-4-0,failed,5,4,1,0,18,5,5,I0-I1:5;I0-I2:4;I0-I4:3;I1-I2:2;I1-I4:3,3103.000000,4501.384916,1398.384916,2.118898,3.813233,1.694336,1.566442,8.0,3.5,4.0,6.0,10.0,20.0,16.0,48.0,80.0,200.0,False,False,0.002,0.005,0.1,0.0,0.0,0.0,40000,20000,16,8,69.0,16,105.0,36.0,20.0,575.000000,35,6,4,True,True,5,physical,87,42,12.730951,0.2
waksman_5x5,default,4-2-3-1-0,routed,5,5,0,0,19,5,3,I0-I1:3;I1-I2:2;I2-I3:3;I2-I4:3;I3-I4:3,3103.000000,5481.756586,2378.756586,2.061198,3.890649,1.829451,1.268503,8.0,3.5,4.0,6.0,10.0,20.0,16.0,48.0,80.0,200.0,False,False,0.002,0.005,0.1,0.0,0.0,0.0,40000,20000,16,8,69.0,16,105.0,36.0,20.0,575.000000,10,6,1,True,False,5,physical,88,42,3.733355,0.0
waksman_5x5,default,2-0-4-3-1,routed,5,5,0,0,27,7,6,I0-I2:2;I0-I3:6;I0-I4:3;I1-I2:4;I1-I3:2;I1-I4:4;I2-I3:3,3103.000000,6114.880476,3011.880476,2.067565,4.345642,2.278077,1.887752,8.0,3.5,4.0,6.0,10.0,20.0,16.0,48.0,80.0,200.0,False,False,0.002,0.005,0.1,0.0,0.0,0.0,40000,20000,16,8,69.0,16,105.0,36.0,20.0,575.000000,22,6,2,True,False,5,physical,89,42,9.852628,0.0
waksman_5x5,default,4-1-3-2-0,routed,5,5,0,0,20,5,5,I0-I1:3;I1-I2:2;I1-I3:2;I1-I4:3;I2-I3:5,3103.000000,5382.778714,2279.778714,2.061198,3.682391,1.621193,1.301911,8.0,3.5,4.0,6.0,10.0,20.0,16.0,48.0,80.0,200.0,False,False,0.002,0.005,0.1,0.0,0.0,0.0,40000,20000,16,8,69.0,16,105.0,36.0,20.0,575.000000,10,6,2,True,False,5,physical,90,42,2.968306,0.0
waksman_5x5,default,3-2-4-1-0,failed,5,4,1,0,14,3,5,I0-I1:5;I0-I3:3;I3-I4:3,3103.000000,4446.946861,1343.946861,2.067565,3.677982,1.610418,1.284973,8.0,3.5,4.0,6.0,10.0,20.0,16.0,48.0,80.0,200.0,False,False,0.002,0.005,0.1,0.0,0.0,0.0,40000,20000,16,8,69.0,16,105.0,36.0,20.0,575.000000,33,6,4,True,True,5,physical,91,42,10.321849,0.2
waksman_5x5,default,3-1-4-2-0,failed,5,4,1,0,17,5,5,I0-I1:5;I0-I3:3;I0-I4:3;I1-I3:2;I1-I4:3,3103.000000,4527.238898,1424.238898,2.067565,3.868566,1.801002,1.522619,8.0,3.5,4.0,6.0,10.0,20.0,16.0,48.0,80.0,200.0,False,False,0.002,0.005,0.1,0.0,0.0,0.0,40000,20000,16,8,69.0,16,105.0,36.0,20.0,575.000000,34,6,4,True,True,5,physical,92,42,12.168894,0.2
waksman_5x5,default,3-4-0-2-1,routed,5,5,0,0,17,5,3,I0-I1:2;I0-I3:3;I2-I3:2;I2-I4:2;I3-I4:3,3103.000000,5500.880476,2397.880476,2.061198,3.911357,1.850159,1.202152,8.0,3.5,4.0,6.0,10.0,20.0,16.0,48.0,80.0,200.0,False,False,0.002,0.005,0.1,0.0,0.0,0.0,40000,20000,16,8,69.0,16,105.0,36.0,20.0,575.000000,8,6,1,True,False,5,physical,93,42,2.993352,0.0
waksman_5x5,default,1-0-2-4-3,routed,5,5,0,0,24,8,5,I0-I1:5;I0-I2:4;I0-I3:2;I0-I4:4;I1-I2:2;I1-I3:2;I2-I3:2;I2-I4:2,3103.000000,5925.712329,2822.712329,2.118898,4.250432,2.131534,1.700085,8.0,3.5,4.0,6.0,10.0,20.0,16.0,48.0,80.0,200.0,False,False,0.002,0.005,0.1,0.0,0.0,0.0,40000,20000,16,8,69.0,16,105.0,36.0,20.0,575.000000,57,6,5,True,False,5,physical,94,42,73.564725,0.0
waksman_5x5,default,2-4-3-1-0,routed,5,5,0,0,18,5,3,I0-I1:2;I0-I2:2;I2-I3:3;I2-I4:3;I3-I4:3,3103.000000,5473.172512,2370.172512,2.061198,3.890649,1.829451,1.229069,8.0,3.5,4.0,6.0,10.0,20.0,16.0,48.0,80.0,200.0,False,False,0.002,0.005,0.1,0.0,0.0,0.0,40000,20000,16,8,69.0,16,105.0,36.0,20.0,575.000000,9,6,1,True,False,5,physical,95,42,3.508328,0.0
waksman_5x5,default,4-1-0-2-3,failed,5,4,1,0,11,4,3,I0-I1:3;I1-I3:2;I1-I4:2;I3-I4:2,3103.000000,4319.238898,1216.238898,2.018898,3.282391,1.263493,1.084619,8.0,3.5,4.0,6.0,10.0,20.0,16.0,48.0,80.0,200.0,False,False,0.002,0.005,0.1,0.0,0.0,0.0,40000,20000,16,8,69.0,16,105.0,36.0,20.0,575.000000,36,6,4,True,True,5,physical,96,42,42.629204,0.2
waksman_5x5,default,3-0-4-2-1,failed,5,4,1,0,16,5,5,I0-I1:5;I0-I3:3;I0-I4:3;I1-I3:2;I1-I4:2,3103.000000,4502.800843,1399.800843,2.067565,3.868566,1.801002,1.464150,8.0,3.5,4.0,6.0,10.0,20.0,16.0,48.0,80.0,200.0,False,False,0.002,0.005,0.1,0.0,0.0,0.0,40000,20000,16,8,69.0,16,105.0,36.0,20.0,575.000000,33,6,4,True,True,5,physical,97,42,11.923177,0.2
waksman_5x5,default,2-3-4-0-1,routed,5,5,0,0,22,6,5,I0-I1:4;I0-I2:2;I0-I4:3;I1-I2:2;I2-I3:5;I3-I4:2,3103.000000,5526.734457,2423.734457,2.067565,3.559140,1.491575,1.413494,8.0,3.5,4.0,6.0,10.0,20.0,16.0,48.0,80.0,200.0,False,False,0.002,0.005,0.1,0.0,0.0,0.0,40000,20000,16,8,69.0,16,105.0,36.0,20.0,575.000000,9,6,1,True,False,5,physical,98,42,3.851677,0.0
waksman_5x5,default,1-0-4-3-2,routed,5,5,0,0,24,8,5,I0-I1:5;I0-I2:2;I0-I3:4;I0-I4:2;I1-I2:2;I1-I3:2;I2-I3:3;I3-I4:3,3103.000000,5682.880476,2579.880476,2.067565,4.313642,2.246077,1.594952,8.0,3.5,4.0,6.0,10.0,20.0,16.0,48.0,80.0,200.0,False,False,0.002,0.005,0.1,0.0,0.0,0.0,40000,20000,16,8,69.0,16,105.0,36.0,20.0,575.000000,50,6,5,True,False,5,physical,99,42,70.730176,0.0
waksman_5x5,default,1-0-3-4-2,failed,5,4,1,0,16,6,5,I0-I1:5;I0-I2:2;I0-I4:2;I1-I2:2;I1-I4:2;I2-I4:3,3103.000000,4410.654825,1307.654825,2.118898,3.561683,1.442785,1.427327,8.0,3.5,4.0,6.0,10.0,20.0,16.0,48.0,80.0,200.0,False,False,0.002,0.005,0.1,0.0,0.0,0.0,40000,20000,16,8,69.0,16,105.0,36.0,20.0,575.000000,33,6,4,True,True,5,physical,100,42,11.670563,0.2
waksman_5x5,default,4-1-3-0-2,failed,5,4,1,0,12,4,3,I0-I1:3;I1-I2:2;I1-I4:2;I2-I4:3,3103.000000,4277.676953,1174.676953,1.992531,3.461683,1.469152,1.118088,8.0,3.5,4.0,6.0,10.0,20.0,16.0,48.0,80.0,200.0,False,False,0.002,0.005,0.1,0.0,0.0,0.0,40000,20000,16,8,69.0,16,105.0,36.0,20.0,575.000000,37,6,4,True,True,5,physical,101,42,45.695238,0.2
waksman_5x5,default,4-3-1-2-0,routed,5,5,0,0,19,5,3,I0-I1:3;I1-I3:3;I2-I3:2;I2-I4:3;I3-I4:3,3103.000000,5549.610567,2446.610567,2.061198,3.911357,1.850159,1.296644,8.0,3.5,4.0,6.0,10.0,20.0,16.0,48.0,80.0,200.0,False,False,0.002,0.005,0.1,0.0,0.0,0.0,40000,20000,16,8,69.0,16,105.0,36.0,20.0,575.000000,10,6,1,True,False,5,physical,102,42,3.393835,0.0
waksman_5x5,default,0-1-4-2-3,failed,5,4,1,0,18,6,6,I0-I1:6;I0-I3:4;I0-I4:2;I1-I3:2;I1-I4:2;I3-I4:2,3103.000000,4476.654825,1373.654825,2.067565,3.614391,1.546826,1.552327,8.0,3.5,4.0,6.0,10.0,20.0,16.0,48.0,80.0,200.0,False,False,0.002,0.005,0.1,0.0,0.0,0.0,40000,20000,16,8,69.0,16,105.0,36.0,20.0,575.000000,33,6,4,True,True,5,physical,103,42,12.111274,0.2
waksman_5x5,default,2-1-0-3-4,routed,5,5,0,0,27,10,5,I0-I1:3;I0-I2:5;I0-I3:2;I0-I4:2;I1-I2:3;I1-I3:2;I1-I4:2;I2-I3:4;I2-I4:2;I3-I4:2,3103.000000,5587.756586,2484.756586,2.318164,3.931357,1.613193,1.670903,8.0,3.5,4.0,6.0,10.0,20.0,16.0,48.0,80.0,200.0,False,False,0.002,0.005,0.1,0.0,0.0,0.0,40000,20000,16,8,69.0,16,105.0,36.0,20.0,575.000000,27,6,3,True,False,5,physical,104,42,24.841332,0.0
waksman_5x5,default,3-0-2-4-1,routed,5,5,0,0,25,7,5,I0-I2:5;I0-I3:2;I0-I4:3;I1-I2:2;I1-I3:4;I1-I4:4;I2-I3:2,3103.000000,6040.442421,2937.442421,2.118898,4.234391,2.115493,1.780977,8.0,3.5,4.0,6.0,10.0,20.0,16.0,48.0,80.0,200.0,False,False,0.002,0.005,0.1,0.0,0.0,0.0,40000,20000,16,8,69.0,16,105.0,36.0,20.0,575.000000,18,6,2,True,False,5,physical,105,42,8.180771,0.0
waksman_5x5,default,0-2-4-3-1,routed,5,5,0,0,26,8,5,I0-I1:4;I0-I2:2;I0-I3:2;I0-I4:2;I1-I2:2;I1-I3:4;I1-I4:3;I2-I3:5,3103.000000,5588.734457,2485.734457,2.067565,4.206690,2.139126,1.638294,8.0,3.5,4.0,6.0,10.0,20.0,16.0,48.0,80.0,200.0,False,False,0.002,0.005,0.1,0.0,0.0,0.0,40000,20000,16,8,69.0,16,105.0,36.0,20.0,575.000000,9,6,1,True,False,5,physical,106,42,4.217571,0.0
waksman_5x5,default,2-4-1-3-0,routed,5,5,0,0,17,5,3,I0-I1:2;I0-I3:2;I2-I3:2;I2-I4:3;I3-I4:3,3103.000000,5483.026494,2380.026494,2.112531,4.008106,1.895575,1.194011,8.0,3.5,4.0,6.0,10.0,20.0,16.0,48.0,80.0,200.0,False,False,0.002,0.005,0.1,0.0,0.0,0.0,40000,20000,16,8,69.0,16,105.0,36.0,20.0,575.000000,8,6,1,True,False,5,physical,107,42,3.085560,0.0
waksman_5x5,default,4-2-1-3-0,routed,5,5,0,0,18,5,3,I0-I1:3;I1-I3:2;I2-I3:2;I2-I4:3;I3-I4:3,3103.000000,5499.464549,2396.464549,2.112531,4.008106,1.895575,1.237586,8.0,3.5,4.0,6.0,10.0,20.0,16.0,48.0,80.0,200.0,False,False,0.002,0.005,0.1,0.0,0.0,0.0,40000,20000,16,8,69.0,16,105.0,36.0,20.0,575.000000,10,6,1,True,False,5,physical,108,42,3.664164,0.0
waksman_5x5,default,3-2-1-0-4,routed,5,5,0,0,24,6,7,I0-I1:3;I0-I2:3;I0-I4:4;I1-I4:2;I2-I3:7;I2-I4:2,3103.000000,5849.318531,2746.318531,2.369497,4.419398,2.049901,1.618527,8.0,3.5,4.0,6.0,10.0,20.0,16.0,48.0,80.0,200.0,False,False,0.002,0.005,0.1,0.0,0.0,0.0,40000,20000,16,8,69.0,16,105.0,36.0,20.0,575.000000,9,6,1,True,False,5,physical,109,42,2.817133,0.0
waksman_5x5,default,0-3-1-4-2,failed,5,4,1,0,12,5,3,I0-I1:2;I0-I2:2;I0-I4:2;I1-I4:3;I2-I4:2,3103.000000,4457.778714,1354.778714,2.118898,3.311559,1.192662,1.208389,8.0,3.5,4.0,6.0,10.0,20.0,16.0,48.0,80.0,200.0,False,False,0.002,0.005,0.1,0.0,0.0,0.0,40000,20000,16,8,69.0,16,105.0,36.0,20.0,575.000000,37,6,4,True,True,5,physical,110,42,12.863403,0.2
waksman_5x5,default,4-3-1-0-2,routed,5,5,0,0,20,4,7,I0-I1:3;I1-I4:3;I2-I3:7;I2-I4:2,3103.000000,5685.026494,2582.026494,1.992531,4.037264,2.044733,1.394811,8.0,3.5,4.0,6.0,10.0,20.0,16.0,48.0,80.0,200.0,False,False,0.002,0.005,0.1,0.0,0.0,0.0,40000,20000,16,8,69.0,16,105.0,36.0,20.0,575.000000,17,6,2,True,False,5,physical,111,42,7.146674,0.0
waksman_5x5,default,0-3-4-2-1,routed,5,5,0,0,25,8,4,I0-I1:4;I0-I2:2;I0-I3:4;I0-I4:2;I1-I2:2;I1-I3:3;I1-I4:3;I2-I3:3,3103.000000,5537.172512,2434.172512,2.067565,4.186023,2.118458,1.574669,8.0,3.5,4.0,6.0,10.0,20.0,16.0,48.0,80.0,200.0,False,False,0.002,0.005,0.1,0.0,0.0,0.0,40000,20000,16,8,69.0,16,105.0,36.0,20.0,575.000000,9,6,2,True,False,5,physical,112,42,3.000889,0.0
waksman_5x5,default,1-0-4-2-3,failed,5,4,1,0,15,6,5,I0-I1:5;I0-I3:2;I0-I4:2;I1-I3:2;I1-I4:2;I3-I4:2,3103.000000,4452.216769,1349.216769,2.067565,3.382391,1.314826,1.393858,8.0,3.5,4.0,6.0,10.0,20.0,16.0,48.0,80.0,200.0,False,False,0.002,0.005,0.1,0.0,0.0,0.0,40000,20000,16,8,69.0,16,105.0,36.0,20.0,575.000000,32,6,4,True,True,5,physical,113,42,10.677216,0.2
waksman_5x5,default,1-2-0-4-3,routed,5,5,0,0,23,7,5,I0-I1:4;I0-I2:5;I0-I3:2;I0-I4:4;I1-I3:2;I1-I4:2;I2-I3:2,3103.000000,5737.566310,2634.566310,2.118898,4.110731,1.991833,1.545827,8.0,3.5,4.0,6.0,10.0,20.0,16.0,48.0,80.0,200.0,False,False,0.002,0.005,0.1,0.0,0.0,0.0,40000,20000,16,8,69.0,16,105.0,36.0,20.0,575.000000,16,6,2,True,False,5,physical,114,42,5.875212,0.0
waksman_5x5,default,1-2-4-3-0,routed,5,5,0,0,27,8,5,I0-I1:4;I0-I2:2;I0-I3:2;I0-I4:3;I1-I2:2;I1-I3:4;I1-I4:3;I2-I3:5,3103.000000,5613.172512,2510.172512,2.067565,4.206690,2.139126,1.685069,8.0,3.5,4.0,6.0,10.0,20.0,16.0,48.0,80.0,200.0,False,False,0.002,0.005,0.1,0.0,0.0,0.0,40000,20000,16,8,69.0,16,105.0,36.0,20.0,575.000000,10,6,1,True,False,5,physical,115,42,4.362662,0.0
waksman_5x5,default,3-4-2-0-1,routed,5,5,0,0,20,6,3,I0-I1:2;I0-I2:3;I0-I3:3;I2-I3:3;I2-I4:3;I3-I4:2,3103.000000,5517.318531,2414.318531,2.009865,3.793900,1.784035,1.325727,8.0,3.5,4.0,6.0,10.0,20.0,16.0,48.0,80.0,200.0,False,False,0.002,0.005,0.1,0.0,0.0,0.0,40000,20000,16,8,69.0,16,105.0,36.0,20.0,575.000000,8,6,1,True,False,5,physical,116,42,3.307047,0.0
waksman_5x5,default,0-1-3-4-2,failed,5,4,1,0,19,6,6,I0-I1:6;I0-I2:4;I0-I4:2;I1-I2:2;I1-I4:2;I2-I4:3,3103.000000,4435.092880,1332.092880,2.118898,3.793683,1.674785,1.585796,8.0,3.5,4.0,6.0,10.0,20.0,16.0,48.0,80.0,200.0,False,False,0.002,0.005,0.1,0.0,0.0,0.0,40000,20000,16,8,69.0,16,105.0,36.0,20.0,575.000000,34,6,4,True,True,5,physical,117,42,12.564917,0.2
waksman_5x5,default,0-3-2-1-4,routed,5,5,0,0,21,9,3,I0-I1:2;I0-I2:2;I0-I3:2;I0-I4:2;I1-I2:3;I1-I4:2;I2-I3:3;I2-I4:2;I3-I4:2,3103.000000,5395.362788,2292.362788,2.210831,3.638391,1.427560,1.302945,8.0,3.5,4.0,6.0,10.0,20.0,16.0,48.0,80.0,200.0,False,False,0.002,0.005,0.1,0.0,0.0,0.0,40000,20000,16,8,69.0,16,105.0,36.0,20.0,575.000000,8,6,1,True,False,5,physical,118,42,3.126147,0.0
waksman_5x5,default,3-1-2-4-0,failed,5,4,1,0,17,5,5,I0-I1:5;I0-I2:3;I0-I4:3;I1-I2:2;I1-I4:3,3103.000000,4443.384916,1340.384916,2.118898,3.868566,1.749669,1.487442,8.0,3.5,4.0,6.0,10.0,20.0,16.0,48.0,80.0,200.0,False,False,0.002,0.005,0.1,0.0,0.0,0.0,40000,20000,16,8,69.0,16,105.0,36.0,20.0,575.000000,34,6,4,True,True,5,physical,119,42,12.226139,0.2
spanke_benes_5x5,default,0-2-3-4-1,routed,5,5,0,0,17,4,6,I0-I1:6;I0-I4:2;I1-I2:4;I2-I3:2,4161.000000,6616.486678,2455.486678,2.035131,4.830706,2.795575,1.734195,8.0,3.5,4.0,6.0,10.0,20.0,16.0,48.0,80.0,200.0,False,False,0.002,0.005,0.1,0.0,0.0,0.0,40000,20000,16,8,69.0,16,105.0,36.0,20.0,785.000000,8,6,1,True,False,5,physical,0,42,2.255570,0.0
spanke_benes_5x5,default,3-2-0-1-4,routed,5,5,0,0,17,4,4,I0-I1:3;I0-I4:4;I1-I3:3;I2-I3:4,4161.000000,6613.464549,2452.464549,1.969497,4.265072,2.295575,1.739986,8.0,3.5,4.0,6.0,10.0,20.0,16.0,48.0,80.0,200.0,False,False,0.002,0.005,0.1,0.0,0.0,0.0,40000,20000,16,8,69.0,16,105.0,36.0,20.0,785.000000,8,6,1,True,False,5,physical,1,42,1.303062,0.0
spanke_benes_5x5,default,3-4-2-1-0,routed,5,5,0,0,11,1,2,I0-I1:2,4161.000000,6406.150384,2245.150384,1.903864,3.560607,1.656743,1.426060,8.0,3.5,4.0,6.0,10.0,20.0,16.0,48.0,80.0,200.0,False,False,0.002,0.005,0.1,0.0,0.0,0.0,40000,20000,16,8,69.0,16,105.0,36.0,20.0,785.000000,2,6,1,True,False,5,physical,2,42,1.038273,0.0
spanke_benes_5x5,default,4-3-0-1-2,routed,5,5,0,0,13,2,4,I2-I3:4;I3-I4:2,4161.000000,6483.026494,2322.026494,1.969497,4.223656,2.254159,1.530811,8.0,3.5,4.0,6.0,10.0,20.0,16.0,48.0,80.0,200.0,False,False,0.002,0.005,0.1,0.0,0.0,0.0,40000,20000,16,8,69.0,16,105.0,36.0,20.0,785.000000,5,6,1,True,False,5,physical,3,42,0.905680,0.0
spanke_benes_5x5,default,3-4-1-0-2,routed,5,5,0,0,13,3,3,I0-I1:2;I2-I3:3;I2-I4:2,4161.000000,6466.880476,2305.880476,1.903864,3.781573,1.877710,1.525352,8.0,3.5,4.0,6.0,10.0,20.0,16.0,48.0,80.0,200.0,False,False,0.002,0.005,0.1,0.0,0.0,0.0,40000,20000,16,8,69.0,16,105.0,36.0,20.0,785.000000,5,6,1,True,False,5,physical,4,42,1.082451,0.0
spanke_benes_5x5,default,1-2-0-3-4,routed,5,5,0,0,20,4,6,I0-I1:6;I0-I2:5;I1-I3:4;I3-I4:4,4161.000000,6760.194641,2599.194641,2.035131,4.926706,2.891575,1.913678,8.0,3.5,4.0,6.0,10.0,20.0,16.0,48.0,80.0,200.0,False,False,0.002,0.005,0.1,0.0,0.0,0.0,40000,20000,16,8,69.0,16,105.0,36.0,20.0,785.000000,12,6,1,True,False,5,physical,5,42,2.330660,0.0
spanke_benes_5x5,default,3-4-1-2-0,routed,5,5,0,0,12,2,2,I0-I1:2;I2-I3:2,4161.000000,6422.734457,2261.734457,1.903864,3.576607,1.672743,1.468694,8.0,3.5,4.0,6.0,10.0,20.0,16.0,48.0,80.0,200.0,False,False,0.002,0.005,0.1,0.0,0.0,0.0,40000,20000,16,8,69.0,16,105.0,36.0,20.0,785.000000,3,6,1,True,False,5,physical,6,42,1.174275,0.0
spanke_benes_5x5,default,3-2-1-4-0,routed,5,5,0,0,13,3,3,I0-I1:3;I0-I3:2;I1-I2:3,4161.000000,6471.318531,2310.318531,1.956830,3.938281,1.981451,1.524127,8.0,3.5,4.0,6.0,10.0,20.0,16.0,48.0,80.0,200.0,False,False,0.002,0.005,0.1,0.0,0.0,0.0,40000,20000,16,8,69.0,16,105.0,36.0,20.0,785.000000,4,6,1,True,False,5,physical,7,42,1.176350,0.0
spanke_benes_5x5,default,4-0-1-2-3,routed,5,5,0,0,16,3,6,I1-I2:6;I2-I3:4;I3-I4:2,4161.000000,6588.194641,2427.194641,2.035131,4.854706,2.819575,1.684878,8.0,3.5,4.0,6.0,10.0,20.0,16.0,48.0,80.0,200.0,False,False,0.002,0.005,0.1,0.0,0.0,0.0,40000,20000,16,8,69.0,16,105.0,36.0,20.0,785.000000,8,6,1,True,False,5,physical,8,42,1.677861,0.0
spanke_benes_5x5,default,4-2-0-3-1,routed,5,5,0,0,13,3,3,I1-I2:3;I1-I3:2;I2-I4:2,4161.000000,6479.318531,2318.318531,1.903864,3.805573,1.901710,1.527327,8.0,3.5,4.0,6.0,10.0,20.0,16.0,48.0,80.0,200.0,False,False,0.002,0.005,0.1,0.0,0.0,0.0,40000,20000,16,8,69.0,16,105.0,36.0,20.0,785.000000,4,6,1,True,False,5,physical,9,42,0.626031,0.0
spanke_benes_5x5,default,1-4-3-2-0,routed,5,5,0,0,13,3,2,I0-I1:2;I0-I2:2;I0-I3:2,4161.000000,6435.318531,2274.318531,1.903864,3.618023,1.714159,1.509727,8.0,3.5,4.0,6.0,10.0,20.0,16.0,48.0,80.0,200.0,False,False,0.002,0.005,0.1,0.0,0.0,0.0,40000,20000,16,8,69.0,16,105.0,36.0,20.0,785.000000,4,6,1,True,False,5,physical,10,42,1.358380,0.0
spanke_benes_5x5,default,3-1-0-4-2,routed,5,5,0,0,15,4,5,I0-I1:3;I0-I3:2;I1-I2:5;I1-I4:2,4161.000000,6605.464549,2444.464549,1.966463,4.420623,2.454159,1.656786,8.0,3.5,4.0,6.0,10.0,20.0,16.0,48.0,80.0,200.0,False,False,0.002,0.005,0.1,0.0,0.0,0.0,40000,20000,16,8,69.0,16,105.0,36.0,20.0,785.000000,8,6,1,True,False,5,physical,11,42,1.842859,0.0
spanke_benes_5x5,default,3-2-4-0-1,routed,5,5,0,0,13,3,3,I0-I1:3;I0-I2:2;I3-I4:2,4161.000000,6487.026494,2326.026494,1.956830,3.915697,1.958867,1.532411,8.0,3.5,4.0,6.0,10.0,20.0,16.0,48.0,80.0,200.0,False,False,0.002,0.005,0.1,0.0,0.0,0.0,40000,20000,16,8,69.0,16,105.0,36.0,20.0,785.000000,4,6,1,True,False,5,physical,12,42,1.124619,0.0
spanke_benes_5x5,default,1-2-3-0-4,routed,5,5,0,0,19,4,6,I0-I1:6;I0-I3:3;I1-I2:4;I2-I4:4,4161.000000,6666.194641,2505.194641,2.035131,4.862706,2.827575,1.836078,8.0,3.5,4.0,6.0,10.0,20.0,16.0,48.0,80.0,200.0,False,False,0.002,0.005,0.1,0.0,0.0,0.0,40000,20000,16,8,69.0,16,105.0,36.0,20.0,785.000000,10,6,1,True,False,5,physical,13,42,1.850830,0.0
spanke_benes_5x5,default,0-3-4-1-2,routed,5,5,0,0,16,4,4,I0-I1:4;I0-I3:4;I1-I2:2;I3-I4:2,4161.000000,6576.194641,2415.194641,1.969497,4.265072,2.295575,1.680078,8.0,3.5,4.0,6.0,10.0,20.0,16.0,48.0,80.0,200.0,False,False,0.002,0.005,0.1,0.0,0.0,0.0,40000,20000,16,8,69.0,16,105.0,36.0,20.0,785.000000,8,6,1,True,False,5,physical,14,42,1.935890,0.0
spanke_benes_5x5,default,2-3-1-0-4,routed,5,5,0,0,17,4,4,I0-I1:4;I0-I2:3;I1-I4:4;I2-I3:3,4161.000000,6597.318531,2436.318531,1.969497,4.529072,2.559575,1.734527,8.0,3.5,4.0,6.0,10.0,20.0,16.0,48.0,80.0,200.0,False,False,0.002,0.005,0.1,0.0,0.0,0.0,40000,20000,16,8,69.0,16,105.0,36.0,20.0,785.000000,8,6,1,True,False,5,physical,15,42,1.540688,0.0
spanke_benes_5x5,default,3-1-4-0-2,routed,5,5,0,0,14,4,3,I0-I1:3;I0-I2:2;I1-I3:3;I1-I4:2,4161.000000,6511.464549,2350.464549,1.956830,3.915697,1.958867,1.579186,8.0,3.5,4.0,6.0,10.0,20.0,16.0,48.0,80.0,200.0,False,False,0.002,0.005,0.1,0.0,0.0,0.0,40000,20000,16,8,69.0,16,105.0,36.0,20.0,785.000000,6,6,1,True,False,5,physical,16,42,1.589156,0.0
spanke_benes_5x5,default,4-0-1-3-2,routed,5,5,0,0,17,4,6,I1-I2:6;I1-I4:2;I2-I3:2;I2-I4:2,4161.000000,6641.610567,2480.610567,2.035131,4.854706,2.819575,1.750244,8.0,3.5,4.0,6.0,10.0,20.0,16.0,48.0,80.0,200.0,False,False,0.002,0.005,0.1,0.0,0.0,0.0,40000,20000,16,8,69.0,16,105.0,36.0,20.0,785.000000,7,6,1,True,False,5,physical,17,42,1.615955,0.0
spanke_benes_5x5,default,2-0-3-4-1,routed,5,5,0,0,16,4,5,I0-I1:5;I0-I2:4;I1-I4:2;I2-I3:2,4161.000000,6592.194641,2431.194641,2.022463,4.513331,2.490867,1.686478,8.0,3.5,4.0,6.0,10.0,20.0,16.0,48.0,80.0,200.0,False,False,0.002,0.005,0.1,0.0,0.0,0.0,40000,20000,16,8,69.0,16,105.0,36.0,20.0,785.000000,7,6,1,True,False,5,physical,18,42,1.902290,0.0
spanke_benes_5x5,default,2-4-1-0-3,routed,5,5,0,0,14,4,3,I0-I1:2;I0-I2:3;I0-I4:2;I2-I3:3,4161.000000,6499.172512,2338.172512,1.903864,3.781573,1.877710,1.576269,8.0,3.5,4.0,6.0,10.0,20.0,16.0,48.0,80.0,200.0,False,False,0.002,0.005,0.1,0.0,0.0,0.0,40000,20000,16,8,69.0,16,105.0,36.0,20.0,785.000000,6,6,1,True,False,5,physical,19,42,1.291391,0.0
spanke_benes_5x5,default,0-2-3-1-4,routed,5,5,0,0,20,5,4,I0-I1:4;I0-I3:4;I1-I2:4;I1-I3:3;I2-I4:4,4161.000000,6706.632696,2545.632696,2.035131,4.862706,2.827575,1.889253,8.0,3.5,4.0,6.0,10.0,20.0,16.0,48.0,80.0,200.0,False,False,0.002,0.005,0.1,0.0,0.0,0.0,40000,20000,16,8,69.0,16,105.0,36.0,20.0,785.000000,11,6,1,True,False,5,physical,20,42,1.709732,0.0
spanke_benes_5x5,default,2-3-0-4-1,routed,5,5,0,0,15,4,4,I0-I1:4;I0-I2:3;I1-I3:2;I2-I4:2,4161.000000,6531.902604,2370.902604,1.969497,4.255656,2.286159,1.624361,8.0,3.5,4.0,6.0,10.0,20.0,16.0,48.0,80.0,200.0,False,False,0.002,0.005,0.1,0.0,0.0,0.0,40000,20000,16,8,69.0,16,105.0,36.0,20.0,785.000000,6,6,1,True,False,5,physical,21,42,1.515864,0.0
spanke_benes_5x5,default,4-0-2-1-3,routed,5,5,0,0,15,4,4,I1-I2:2;I1-I3:4;I2-I3:3;I2-I4:2,4161.000000,6527.902604,2366.902604,1.969497,4.265072,2.295575,1.622761,8.0,3.5,4.0,6.0,10.0,20.0,16.0,48.0,80.0,200.0,False,False,0.002,0.005,0.1,0.0,0.0,0.0,40000,20000,16,8,69.0,16,105.0,36.0,20.0,785.000000,7,6,1,True,False,5,physical,22,42,1.143845,0.0
spanke_benes_5x5,default,4-2-0-1-3,routed,5,5,0,0,14,3,4,I1-I3:3;I1-I4:2;I2-I3:4,4161.000000,6515.318531,2354.318531,1.969497,4.265072,2.295575,1.581727,8.0,3.5,4.0,6.0,10.0,20.0,16.0,48.0,80.0,200.0,False,False,0.002,0.005,0.1,0.0,0.0,0.0,40000,20000,16,8,69.0,16,105.0,36.0,20.0,785.000000,6,6,1,True,False,5,physical,23,42,1.060527,0.0
spanke_benes_5x5,default,0-2-1-4-3,routed,5,5,0,0,18,5,6,I0-I1:2;I0-I2:6;I1-I2:5;I1-I3:2;I1-I4:2,4161.000000,6640.778714,2479.778714,2.035131,4.968122,2.932991,1.781911,8.0,3.5,4.0,6.0,10.0,20.0,16.0,48.0,80.0,200.0,False,False,0.002,0.005,0.1,0.0,0.0,0.0,40000,20000,16,8,69.0,16,105.0,36.0,20.0,785.000000,10,6,1,True,False,5,physical,24,42,2.241426,0.0
spanke_benes_5x5,default,0-1-2-4-3,routed,5,5,0,0,19,4,8,I0-I1:8;I1-I2:6;I2-I3:2;I2-I4:2,4161.000000,6681.362788,2520.362788,2.100764,5.477755,3.376991,1.834145,8.0,3.5,4.0,6.0,10.0,20.0,16.0,48.0,80.0,200.0,False,False,0.002,0.005,0.1,0.0,0.0,0.0,40000,20000,16,8,69.0,16,105.0,36.0,20.0,785.000000,11,6,1,True,False,5,physical,25,42,2.895830,0.0
spanke_benes_5x5,default,3-1-0-2-4,routed,5,5,0,0,18,4,5,I0-I3:3;I0-I4:4;I1-I2:5;I1-I3:4,4161.000000,6707.610567,2546.610567,1.966463,4.420623,2.454159,1.816644,8.0,3.5,4.0,6.0,10.0,20.0,16.0,48.0,80.0,200.0,False,False,0.002,0.005,0.1,0.0,0.0,0.0,40000,20000,16,8,69.0,16,105.0,36.0,20.0,785.000000,10,6,1,True,False,5,physical,26,42,1.962546,0.0
spanke_benes_5x5,default,2-4-3-0-1,routed,5,5,0,0,13,3,2,I0-I1:2;I0-I2:2;I3-I4:2,4161.000000,6455.026494,2294.026494,1.903864,3.633315,1.729451,1.519611,8.0,3.5,4.0,6.0,10.0,20.0,16.0,48.0,80.0,200.0,False,False,0.002,0.005,0.1,0.0,0.0,0.0,40000,20000,16,8,69.0,16,105.0,36.0,20.0,785.000000,4,6,1,True,False,5,physical,27,42,1.167682,0.0
spanke_benes_5x5,default,1-0-3-2-4,routed,5,5,0,0,20,5,7,I0-I1:7;I0-I2:2;I0-I3:4;I2-I3:3;I2-I4:4,4161.000000,6726.924733,2565.924733,2.088097,5.160380,3.072283,1.895370,8.0,3.5,4.0,6.0,10.0,20.0,16.0,48.0,80.0,200.0,False,False,0.002,0.005,0.1,0.0,0.0,0.0,40000,20000,16,8,69.0,16,105.0,36.0,20.0,785.000000,11,6,1,True,False,5,physical,28,42,1.893423,0.0
spanke_benes_5x5,default,3-1-2-0-4,routed,5,5,0,0,17,4,4,I0-I2:3;I0-I4:4;I1-I2:4;I1-I3:3,4161.000000,6585.610567,2424.610567,1.969497,4.239656,2.270159,1.727844,8.0,3.5,4.0,6.0,10.0,20.0,16.0,48.0,80.0,200.0,False,False,0.002,0.005,0.1,0.0,0.0,0.0,40000,20000,16,8,69.0,16,105.0,36.0,20.0,785.000000,8,6,1,True,False,5,physical,29,42,1.573995,0.0
spanke_benes_5x5,default,0-4-2-3-1,routed,5,5,0,0,15,4,4,I0-I1:2;I0-I2:4;I0-I4:2;I2-I3:2,4161.000000,6516.194641,2355.194641,1.969497,4.207656,2.238159,1.616078,8.0,3.5,4.0,6.0,10.0,20.0,16.0,48.0,80.0,200.0,False,False,0.002,0.005,0.1,0.0,0.0,0.0,40000,20000,16,8,69.0,16,105.0,36.0,20.0,785.000000,6,6,1,True,False,5,physical,30,42,1.756182,0.0
spanke_benes_5x5,default,2-0-4-1-3,routed,5,5,0,0,16,5,4,I0-I1:3;I0-I2:2;I0-I3:3;I0-I4:2;I1-I3:4,4161.000000,6627.902604,2466.902604,2.022463,4.684163,2.661699,1.702761,8.0,3.5,4.0,6.0,10.0,20.0,16.0,48.0,80.0,200.0,False,False,0.002,0.005,0.1,0.0,0.0,0.0,40000,20000,16,8,69.0,16,105.0,36.0,20.0,785.000000,9,6,1,True,False,5,physical,31,42,1.886490,0.0
spanke_benes_5x5,default,1-3-4-2-0,routed,5,5,0,0,14,3,4,I0-I1:4;I0-I3:2;I1-I2:2,4161.000000,6491.610567,2330.610567,1.969497,4.233072,2.263575,1.570244,8.0,3.5,4.0,6.0,10.0,20.0,16.0,48.0,80.0,200.0,False,False,0.002,0.005,0.1,0.0,0.0,0.0,40000,20000,16,8,69.0,16,105.0,36.0,20.0,785.000000,5,6,1,True,False,5,physical,32,42,1.608507,0.0
spanke_benes_5x5,default,2-0-3-1-4,routed,5,5,0,0,19,5,4,I0-I1:3;I0-I2:4;I0-I3:3;I1-I3:4;I2-I4:4,4161.000000,6726.048623,2565.048623,2.022463,4.684163,2.661699,1.861019,8.0,3.5,4.0,6.0,10.0,20.0,16.0,48.0,80.0,200.0,False,False,0.002,0.005,0.1,0.0,0.0,0.0,40000,20000,16,8,69.0,16,105.0,36.0,20.0,785.000000,11,6,1,True,False,5,physical,33,42,1.860966,0.0
spanke_benes_5x5,default,2-4-0-1-3,routed,5,5,0,0,15,4,4,I0-I1:2;I0-I3:3;I0-I4:2;I2-I3:4,4161.000000,6539.610567,2378.610567,1.969497,4.265072,2.295575,1.629444,8.0,3.5,4.0,6.0,10.0,20.0,16.0,48.0,80.0,200.0,False,False,0.002,0.005,0.1,0.0,0.0,0.0,40000,20000,16,8,69.0,16,105.0,36.0,20.0,785.000000,7,6,1,True,False,5,physical,34,42,1.321896,0.0
spanke_benes_5x5,default,1-3-2-4-0,routed,5,5,0,0,15,4,4,I0-I1:2;I0-I2:4;I1-I2:3;I1-I3:2,4161.000000,6581.610567,2420.610567,1.969497,4.255656,2.286159,1.646244,8.0,3.5,4.0,6.0,10.0,20.0,16.0,48.0,80.0,200.0,False,False,0.002,0.005,0.1,0.0,0.0,0.0,40000,20000,16,8,69.0,16,105.0,36.0,20.0,785.000000,7,6,1,True,False,5,physical,35,42,1.615698,0.0
spanke_benes_5x5,default,2-4-0-3-1,routed,5,5,0,0,14,4,3,I0-I1:2;I0-I2:3;I0-I3:2;I2-I4:2,4161.000000,6503.610567,2342.610567,1.903864,3.729533,1.825669,1.575044,8.0,3.5,4.0,6.0,10.0,20.0,16.0,48.0,80.0,200.0,False,False,0.002,0.005,0.1,0.0,0.0,0.0,40000,20000,16,8,69.0,16,105.0,36.0,20.0,785.000000,6,6,1,True,False,5,physical,36,42,1.777201,0.0
spanke_benes_5x5,default,1-2-4-0-3,routed,5,5,0,0,16,4,6,I0-I1:6;I0-I3:3;I1-I2:2;I1-I4:2,4161.000000,6568.048623,2407.048623,2.035131,4.862706,2.827575,1.677819,8.0,3.5,4.0,6.0,10.0,20.0,16.0,48.0,80.0,200.0,False,False,0.002,0.005,0.1,0.0,0.0,0.0,40000,20000,16,8,69.0,16,105.0,36.0,20.0,785.000000,8,6,1,True,False,5,physical,37,42,1.621428,0.0
spanke_benes_5x5,default,2-3-0-1-4,routed,5,5,0,0,18,4,4,I0-I1:4;I0-I3:3;I1-I4:4;I2-I3:4,4161.000000,6637.756586,2476.756586,1.969497,4.529072,2.559575,1.787703,8.0,3.5,4.0,6.0,10.0,20.0,16.0,48.0,80.0,200.0,False,False,0.002,0.005,0.1,0.0,0.0,0.0,40000,20000,16,8,69.0,16,105.0,36.0,20.0,785.000000,9,6,1,True,False,5,physical,38,42,1.481308,0.0
spanke_benes_5x5,default,1-3-2-0-4,routed,5,5,0,0,18,5,4,I0-I1:2;I0-I2:4;I0-I3:3;I1-I2:3;I1-I4:4,4161.000000,6609.902604,2448.902604,1.969497,4.529072,2.559575,1.775561,8.0,3.5,4.0,6.0,10.0,20.0,16.0,48.0,80.0,200.0,False,False,0.002,0.005,0.1,0.0,0.0,0.0,40000,20000,16,8,69.0,16,105.0,36.0,20.0,785.000000,9,6,1,True,False,5,physical,39,42,1.154668,0.0
spanke_benes_5x5,default,2-1-4-3-0,routed,5,5,0,0,14,3,5,I0-I1:5;I0-I2:2;I0-I3:2,4161.000000,6511.902604,2350.902604,2.022463,4.513331,2.490867,1.576361,8.0,3.5,4.0,6.0,10.0,20.0,16.0,48.0,80.0,200.0,False,False,0.002,0.005,0.1,0.0,0.0,0.0,40000,20000,16,8,69.0,16,105.0,36.0,20.0,785.000000,5,6,1,True,False,5,physical,40,42,1.617439,0.0
spanke_benes_5x5,default,2-1-0-4-3,routed,5,5,0,0,16,4,5,I0-I1:5;I0-I3:2;I0-I4:2;I1-I2:5,4161.000000,6653.464549,2492.464549,2.022463,4.650747,2.628283,1.715986,8.0,3.5,4.0,6.0,10.0,20.0,16.0,48.0,80.0,200.0,False,False,0.002,0.005,0.1,0.0,0.0,0.0,40000,20000,16,8,69.0,16,105.0,36.0,20.0,785.000000,9,6,1,True,False,5,physical,41,42,1.906499,0.0
spanke_benes_5x5,default,3-0-4-1-2,routed,5,5,0,0,15,4,4,I0-I1:3;I0-I2:2;I1-I3:4;I3-I4:2,4161.000000,6551.902604,2390.902604,1.969497,4.223656,2.254159,1.632361,8.0,3.5,4.0,6.0,10.0,20.0,16.0,48.0,80.0,200.0,False,False,0.002,0.005,0.1,0.0,0.0,0.0,40000,20000,16,8,69.0,16,105.0,36.0,20.0,785.000000,7,6,1,True,False,5,physical,42,42,1.548765,0.0
spanke_benes_5x5,default,0-4-3-1-2,routed,5,5,0,0,15,4,4,I0-I1:2;I0-I2:2;I0-I3:4;I3-I4:2,4161.000000,6519.902604,2358.902604,1.969497,4.265072,2.295575,1.619561,8.0,3.5,4.0,6.0,10.0,20.0,16.0,48.0,80.0,200.0,False,False,0.002,0.005,0.1,0.0,0.0,0.0,40000,20000,16,8,69.0,16,105.0,36.0,20.0,785.000000,7,6,1,True,False,5,physical,43,42,1.458499,0.0
spanke_benes_5x5,default,2-3-1-4-0,routed,5,5,0,0,14,3,4,I0-I1:4;I0-I2:3;I1-I3:2,4161.000000,6495.610567,2334.610567,1.969497,4.255656,2.286159,1.571844,8.0,3.5,4.0,6.0,10.0,20.0,16.0,48.0,80.0,200.0,False,False,0.002,0.005,0.1,0.0,0.0,0.0,40000,20000,16,8,69.0,16,105.0,36.0,20.0,785.000000,5,6,1,True,False,5,physical,44,42,1.392578,0.0
spanke_benes_5x5,default,2-3-4-1-0,routed,5,5,0,0,13,2,4,I0-I1:4;I1-I2:2,4161.000000,6475.026494,2314.026494,1.969497,4.191656,2.222159,1.527611,8.0,3.5,4.0,6.0,10.0,20.0,16.0,48.0,80.0,200.0,False,False,0.002,0.005,0.1,0.0,0.0,0.0,40000,20000,16,8,69.0,16,105.0,36.0,20.0,785.000000,4,6,1,True,False,5,physical,45,42,1.319297,0.0
spanke_benes_5x5,default,0-4-3-2-1,routed,5,5,0,0,14,4,2,I0-I1:2;I0-I2:2;I0-I3:2;I0-I4:2,4161.000000,6471.610567,2310.610567,1.903864,3.633315,1.729451,1.562244,8.0,3.5,4.0,6.0,10.0,20.0,16.0,48.0,80.0,200.0,False,False,0.002,0.005,0.1,0.0,0.0,0.0,40000,20000,16,8,69.0,16,105.0,36.0,20.0,785.000000,5,6,1,True,False,5,physical,46,42,1.484941,0.0
spanke_benes_5x5,default,1-3-4-0-2,routed,5,5,0,0,15,4,4,I0-I1:4;I0-I3:3;I0-I4:2;I1-I2:2,4161.000000,6535.756586,2374.756586,1.969497,4.191656,2.222159,1.626903,8.0,3.5,4.0,6.0,10.0,20.0,16.0,48.0,80.0,200.0,False,False,0.002,0.005,0.1,0.0,0.0,0.0,40000,20000,16,8,69.0,16,105.0,36.0,20.0,785.000000,7,6,1,True,False,5,physical,47,42,1.867980,0.0
spanke_benes_5x5,default,4-0-2-3-1,routed,5,5,0,0,14,3,4,I1-I2:4;I1-I4:2;I2-I3:2,4161.000000,6565.318531,2404.318531,1.969497,4.207656,2.238159,1.601727,8.0,3.5,4.0,6.0,10.0,20.0,16.0,48.0,80.0,200.0,False,False,0.002,0.005,0.1,0.0,0.0,0.0,40000,20000,16,8,69.0,16,105.0,36.0,20.0,785.000000,6,6,1,True,False,5,physical,48,42,1.221736,0.0
spanke_benes_5x5,default,4-2-3-0-1,routed,5,5,0,0,12,2,2,I1-I2:2;I3-I4:2,4161.000000,6430.734457,2269.734457,1.903864,3.584607,1.680743,1.471894,8.0,3.5,4.0,6.0,10.0,20.0,16.0,48.0,80.0,200.0,False,False,0.002,0.005,0.1,0.0,0.0,0.0,40000,20000,16,8,69.0,16,105.0,36.0,20.0,785.000000,3,6,1,True,False,5,physical,49,42,0.649877,0.0
spanke_benes_5x5,default,1-0-2-3-4,routed,5,5,0,0,21,4,7,I0-I1:7;I0-I2:6;I2-I3:4;I3-I4:4,4161.000000,6770.924733,2609.924733,2.088097,5.160380,3.072283,1.952970,8.0,3.5,4.0,6.0,10.0,20.0,16.0,48.0,80.0,200.0,False,False,0.002,0.005,0.1,0.0,0.0,0.0,40000,20000,16,8,69.0,16,105.0,36.0,20.0,785.000000,12,6,1,True,False,5,physical,50,42,2.035699,0.0
spanke_benes_5x5,default,0-2-1-3-4,routed,5,5,0,0,21,5,6,I0-I1:2;I0-I2:6;I1-I2:5;I1-I3:4;I3-I4:4,4161.000000,6723.216769,2562.216769,2.035131,4.926706,2.891575,1.931887,8.0,3.5,4.0,6.0,10.0,20.0,16.0,48.0,80.0,200.0,False,False,0.002,0.005,0.1,0.0,0.0,0.0,40000,20000,16,8,69.0,16,105.0,36.0,20.0,785.000000,12,6,1,True,False,5,physical,51,42,2.036366,0.0
spanke_benes_5x5,default,2-1-3-0-4,routed,5,5,0,0,18,4,5,I0-I1:5;I0-I2:4;I1-I3:3;I2-I4:4,4161.000000,6641.902604,2480.902604,2.022463,4.545331,2.522867,1.788361,8.0,3.5,4.0,6.0,10.0,20.0,16.0,48.0,80.0,200.0,False,False,0.002,0.005,0.1,0.0,0.0,0.0,40000,20000,16,8,69.0,16,105.0,36.0,20.0,785.000000,9,6,1,True,False,5,physical,52,42,1.581036,0.0
spanke_benes_5x5,default,3-4-0-1-2,routed,5,5,0,0,14,3,4,I0-I1:2;I2-I3:4;I3-I4:2,4161.000000,6507.318531,2346.318531,1.969497,4.223656,2.254159,1.578527,8.0,3.5,4.0,6.0,10.0,20.0,16.0,48.0,80.0,200.0,False,False,0.002,0.005,0.1,0.0,0.0,0.0,40000,20000,16,8,69.0,16,105.0,36.0,20.0,785.000000,6,6,1,True,False,5,physical,53,42,1.190440,0.0
spanke_benes_5x5,default,0-4-1-2-3,routed,5,5,0,0,17,4,6,I0-I1:2;I0-I2:6;I2-I3:4;I3-I4:2,4161.000000,6612.486678,2451.486678,2.035131,4.854706,2.819575,1.732595,8.0,3.5,4.0,6.0,10.0,20.0,16.0,48.0,80.0,200.0,False,False,0.002,0.005,0.1,0.0,0.0,0.0,40000,20000,16,8,69.0,16,105.0,36.0,20.0,785.000000,9,6,1,True,False,5,physical,54,42,1.983575,0.0
spanke_benes_5x5,default,2-0-1-4-3,routed,5,5,0,0,17,4,6,I0-I2:5;I0-I3:2;I0-I4:2;I1-I2:6,4161.000000,6616.486678,2455.486678,2.035131,4.854706,2.819575,1.734195,8.0,3.5,4.0,6.0,10.0,20.0,16.0,48.0,80.0,200.0,False,False,0.002,0.005,0.1,0.0,0.0,0.0,40000,20000,16,8,69.0,16,105.0,36.0,20.0,785.000000,9,6,1,True,False,5,physical,55,42,1.843494,0.0
spanke_benes_5x5,default,4-3-2-0-1,routed,5,5,0,0,11,1,2,I3-I4:2,4161.000000,6418.150384,2257.150384,1.903864,3.584607,1.680743,1.430860,8.0,3.5,4.0,6.0,10.0,20.0,16.0,48.0,80.0,200.0,False,False,0.002,0.005,0.1,0.0,0.0,0.0,40000,20000,16,8,69.0,16,105.0,36.0,20.0,785.000000,2,6,1,True,False,5,physical,56,42,0.503370,0.0
spanke_benes_5x5,default,1-4-0-2-3,routed,5,5,0,0,16,4,5,I0-I1:2;I0-I2:5;I0-I3:4;I3-I4:2,4161.000000,6649.464549,2488.464549,1.915131,4.303166,2.388035,1.714386,8.0,3.5,4.0,6.0,10.0,20.0,16.0,48.0,80.0,200.0,False,False,0.002,0.005,0.1,0.0,0.0,0.0,40000,20000,16,8,69.0,16,105.0,36.0,20.0,785.000000,9,6,1,True,False,5,physical,57,42,1.808293,0.0
spanke_benes_5x5,default,0-1-3-2-4,routed,5,5,0,0,23,6,8,I0-I1:8;I0-I3:2;I1-I2:2;I1-I3:4;I2-I3:3;I2-I4:4,4161.000000,6852.632696,2691.632696,2.100764,5.477755,3.376991,2.067653,8.0,3.5,4.0,6.0,10.0,20.0,16.0,48.0,80.0,200.0,False,False,0.002,0.005,0.1,0.0,0.0,0.0,40000,20000,16,8,69.0,16,105.0,36.0,20.0,785.000000,12,6,1,True,False,5,physical,58,42,2.203002,0.0
spanke_benes_5x5,default,4-1-0-3-2,routed,5,5,0,0,14,3,5,I1-I2:5;I1-I3:2;I1-I4:2,4161.000000,6577.172512,2416.172512,1.966463,4.420623,2.454159,1.607469,8.0,3.5,4.0,6.0,10.0,20.0,16.0,48.0,80.0,200.0,False,False,0.002,0.005,0.1,0.0,0.0,0.0,40000,20000,16,8,69.0,16,105.0,36.0,20.0,785.000000,7,6,1,True,False,5,physical,59,42,1.550597,0.0
spanke_benes_5x5,default,3-0-1-2-4,routed,5,5,0,0,19,4,6,I0-I3:3;I0-I4:4;I1-I2:6;I2-I3:4,4161.000000,6670.632696,2509.632696,2.035131,4.854706,2.819575,1.834853,8.0,3.5,4.0,6.0,10.0,20.0,16.0,48.0,80.0,200.0,False,False,0.002,0.005,0.1,0.0,0.0,0.0,40000,20000,16,8,69.0,16,105.0,36.0,20.0,785.000000,10,6,1,True,False,5,physical,60,42,1.809183,0.0
spanke_benes_5x5,default,3-0-1-4-2,routed,5,5,0,0,18,5,6,I0-I2:3;I0-I3:2;I1-I2:6;I1-I4:2;I2-I4:2,4161.000000,6669.902604,2508.902604,2.035131,4.854706,2.819575,1.799561,8.0,3.5,4.0,6.0,10.0,20.0,16.0,48.0,80.0,200.0,False,False,0.002,0.005,0.1,0.0,0.0,0.0,40000,20000,16,8,69.0,16,105.0,36.0,20.0,785.000000,8,6,1,True,False,5,physical,61,42,1.883396,0.0
spanke_benes_5x5,default,1-3-0-2-4,routed,5,5,0,0,19,5,5,I0-I1:2;I0-I2:5;I0-I3:4;I1-I3:3;I1-I4:4,4161.000000,6731.902604,2570.902604,1.969497,4.529072,2.559575,1.864361,8.0,3.5,4.0,6.0,10.0,20.0,16.0,48.0,80.0,200.0,False,False,0.002,0.005,0.1,0.0,0.0,0.0,40000,20000,16,8,69.0,16,105.0,36.0,20.0,785.000000,11,6,1,True,False,5,physical,62,42,1.975767,0.0
spanke_benes_5x5,default,1-4-3-0-2,routed,5,5,0,0,14,4,3,I0-I1:2;I0-I2:2;I0-I3:3;I0-I4:2,4161.000000,6479.464549,2318.464549,1.903864,3.609315,1.705451,1.566386,8.0,3.5,4.0,6.0,10.0,20.0,16.0,48.0,80.0,200.0,False,False,0.002,0.005,0.1,0.0,0.0,0.0,40000,20000,16,8,69.0,16,105.0,36.0,20.0,785.000000,6,6,1,True,False,5,physical,63,42,1.374841,0.0
spanke_benes_5x5,default,1-3-0-4-2,routed,5,5,0,0,16,4,5,I0-I1:4;I0-I2:5;I0-I4:2;I1-I3:2,4161.000000,6629.756586,2468.756586,1.969497,4.303166,2.333669,1.704503,8.0,3.5,4.0,6.0,10.0,20.0,16.0,48.0,80.0,200.0,False,False,0.002,0.005,0.1,0.0,0.0,0.0,40000,20000,16,8,69.0,16,105.0,36.0,20.0,785.000000,9,6,1,True,False,5,physical,64,42,2.155145,0.0
spanke_benes_5x5,default,0-2-4-1-3,routed,5,5,0,0,17,5,4,I0-I1:4;I0-I3:4;I1-I2:2;I1-I3:3;I1-I4:2,4161.000000,6608.486678,2447.486678,2.035131,4.862706,2.827575,1.730995,8.0,3.5,4.0,6.0,10.0,20.0,16.0,48.0,80.0,200.0,False,False,0.002,0.005,0.1,0.0,0.0,0.0,40000,20000,16,8,69.0,16,105.0,36.0,20.0,785.000000,9,6,1,True,False,5,physical,65,42,1.572424,0.0
spanke_benes_5x5,default,3-0-2-1-4,routed,5,5,0,0,18,5,4,I0-I2:3;I0-I4:4;I1-I2:2;I1-I3:4;I2-I3:3,4161.000000,6626.048623,2465.048623,1.969497,4.265072,2.295575,1.781019,8.0,3.5,4.0,6.0,10.0,20.0,16.0,48.0,80.0,200.0,False,False,0.002,0.005,0.1,0.0,0.0,0.0,40000,20000,16,8,69.0,16,105.0,36.0,20.0,785.000000,9,6,1,True,False,5,physical,66,42,1.348880,0.0
spanke_benes_5x5,default,0-3-2-4-1,routed,5,5,0,0,16,5,4,I0-I1:2;I0-I2:4;I0-I4:2;I1-I2:3;I1-I3:2,4161.000000,6544.486678,2383.486678,1.969497,4.255656,2.286159,1.665395,8.0,3.5,4.0,6.0,10.0,20.0,16.0,48.0,80.0,200.0,False,False,0.002,0.005,0.1,0.0,0.0,0.0,40000,20000,16,8,69.0,16,105.0,36.0,20.0,785.000000,7,6,1,True,False,5,physical,67,42,1.671903,0.0
spanke_benes_5x5,default,2-1-4-0-3,routed,5,5,0,0,15,4,5,I0-I1:5;I0-I2:2;I0-I4:2;I1-I3:3,4161.000000,6543.756586,2382.756586,2.022463,4.545331,2.522867,1.630103,8.0,3.5,4.0,6.0,10.0,20.0,16.0,48.0,80.0,200.0,False,False,0.002,0.005,0.1,0.0,0.0,0.0,40000,20000,16,8,69.0,16,105.0,36.0,20.0,785.000000,7,6,1,True,False,5,physical,68,42,1.553053,0.0
spanke_benes_5x5,default,0-1-4-3-2,routed,5,5,0,0,19,5,8,I0-I1:8;I0-I4:2;I1-I2:2;I1-I3:2;I1-I4:2,4161.000000,6722.194641,2561.194641,2.100764,5.477755,3.376991,1.858478,8.0,3.5,4.0,6.0,10.0,20.0,16.0,48.0,80.0,200.0,False,False,0.002,0.005,0.1,0.0,0.0,0.0,40000,20000,16,8,69.0,16,105.0,36.0,20.0,785.000000,9,6,1,True,False,5,physical,69,42,2.320227,0.0
spanke_benes_5x5,default,1-2-3-4-0,routed,5,5,0,0,16,3,6,I0-I1:6;I1-I2:4;I2-I3:2,4161.000000,6580.194641,2419.194641,2.035131,4.830706,2.795575,1.681678,8.0,3.5,4.0,6.0,10.0,20.0,16.0,48.0,80.0,200.0,False,False,0.002,0.005,0.1,0.0,0.0,0.0,40000,20000,16,8,69.0,16,105.0,36.0,20.0,785.000000,7,6,1,True,False,5,physical,70,42,2.098082,0.0
spanke_benes_5x5,default,1-4-2-0-3,routed,5,5,0,0,15,4,4,I0-I1:2;I0-I2:4;I0-I3:3;I2-I4:2,4161.000000,6511.756586,2350.756586,1.969497,4.239656,2.270159,1.617303,8.0,3.5,4.0,6.0,10.0,20.0,16.0,48.0,80.0,200.0,False,False,0.002,0.005,0.1,0.0,0.0,0.0,40000,20000,16,8,69.0,16,105.0,36.0,20.0,785.000000,7,6,1,True,False,5,physical,71,42,0.969760,0.0
spanke_benes_5x5,default,1-4-2-3-0,routed,5,5,0,0,14,3,4,I0-I1:2;I0-I2:4;I2-I3:2,4161.000000,6553.318531,2392.318531,1.969497,4.207656,2.238159,1.596927,8.0,3.5,4.0,6.0,10.0,20.0,16.0,48.0,80.0,200.0,False,False,0.002,0.005,0.1,0.0,0.0,0.0,40000,20000,16,8,69.0,16,105.0,36.0,20.0,785.000000,6,6,1,True,False,5,physical,72,42,1.715159,0.0
spanke_benes_5x5,default,0-3-1-2-4,routed,5,5,0,0,20,5,6,I0-I1:2;I0-I2:6;I1-I3:3;I1-I4:4;I2-I3:4,4161.000000,6694.924733,2533.924733,2.035131,4.854706,2.819575,1.882570,8.0,3.5,4.0,6.0,10.0,20.0,16.0,48.0,80.0,200.0,False,False,0.002,0.005,0.1,0.0,0.0,0.0,40000,20000,16,8,69.0,16,105.0,36.0,20.0,785.000000,11,6,1,True,False,5,physical,73,42,2.084042,0.0
spanke_benes_5x5,default,2-0-1-3-4,routed,5,5,0,0,20,4,6,I0-I2:5;I0-I3:4;I1-I2:6;I3-I4:4,4161.000000,6698.924733,2537.924733,2.035131,4.854706,2.819575,1.884170,8.0,3.5,4.0,6.0,10.0,20.0,16.0,48.0,80.0,200.0,False,False,0.002,0.005,0.1,0.0,0.0,0.0,40000,20000,16,8,69.0,16,105.0,36.0,20.0,785.000000,11,6,1,True,False,5,physical,74,42,1.736531,0.0
spanke_benes_5x5,default,4-0-3-2-1,routed,5,5,0,0,13,3,2,I1-I2:2;I1-I3:2;I1-I4:2,4161.000000,6447.318531,2286.318531,1.903864,3.618023,1.714159,1.514527,8.0,3.5,4.0,6.0,10.0,20.0,16.0,48.0,80.0,200.0,False,False,0.002,0.005,0.1,0.0,0.0,0.0,40000,20000,16,8,69.0,16,105.0,36.0,20.0,785.000000,4,6,1,True,False,5,physical,75,42,0.828139,0.0
spanke_benes_5x5,default,4-2-1-0-3,routed,5,5,0,0,13,3,3,I1-I2:3;I1-I4:2;I2-I3:3,4161.000000,6474.880476,2313.880476,1.900830,3.837573,1.936743,1.528552,8.0,3.5,4.0,6.0,10.0,20.0,16.0,48.0,80.0,200.0,False,False,0.002,0.005,0.1,0.0,0.0,0.0,40000,20000,16,8,69.0,16,105.0,36.0,20.0,785.000000,5,6,1,True,False,5,physical,76,42,0.706201,0.0
spanke_benes_5x5,default,4-3-2-1-0,routed,5,5,0,0,10,0,1,,4161.000000,6381.858347,2220.858347,1.891197,3.312648,1.421451,1.378343,8.0,3.5,4.0,6.0,10.0,20.0,16.0,48.0,80.0,200.0,False,False,0.002,0.005,0.1,0.0,0.0,0.0,40000,20000,16,8,69.0,16,105.0,36.0,20.0,785.000000,1,6,1,True,False,5,physical,77,42,0.802656,0.0
spanke_benes_5x5,default,4-0-3-1-2,routed,5,5,0,0,14,3,4,I1-I2:2;I1-I3:4;I3-I4:2,4161.000000,6495.610567,2334.610567,1.969497,4.265072,2.295575,1.571844,8.0,3.5,4.0,6.0,10.0,20.0,16.0,48.0,80.0,200.0,False,False,0.002,0.005,0.1,0.0,0.0,0.0,40000,20000,16,8,69.0,16,105.0,36.0,20.0,785.000000,6,6,1,True,False,5,physical,78,42,1.212340,0.0
spanke_benes_5x5,default,0-4-1-3-2,routed,5,5,0,0,18,5,6,I0-I1:2;I0-I2:6;I0-I4:2;I2-I3:2;I2-I4:2,4161.000000,6665.902604,2504.902604,2.035131,4.854706,2.819575,1.797961,8.0,3.5,4.0,6.0,10.0,20.0,16.0,48.0,80.0,200.0,False,False,0.002,0.005,0.1,0.0,0.0,0.0,40000,20000,16,8,69.0,16,105.0,36.0,20.0,785.000000,8,6,1,True,False,5,physical,79,42,1.926562,0.0
spanke_benes_5x5,default,3-2-0-4-1,routed,5,5,0,0,14,4,3,I0-I1:3;I0-I3:2;I1-I2:3;I2-I4:2,4161.000000,6507.610567,2346.610567,1.956830,3.938281,1.981451,1.576644,8.0,3.5,4.0,6.0,10.0,20.0,16.0,48.0,80.0,200.0,False,False,0.002,0.005,0.1,0.0,0.0,0.0,40000,20000,16,8,69.0,16,105.0,36.0,20.0,785.000000,5,6,1,True,False,5,physical,80,42,1.030245,0.0
spanke_benes_5x5,default,1-4-0-3-2,routed,5,5,0,0,15,4,5,I0-I1:2;I0-I2:5;I0-I3:2;I0-I4:2,4161.000000,6601.464549,2440.464549,1.915131,4.303166,2.388035,1.655186,8.0,3.5,4.0,6.0,10.0,20.0,16.0,48.0,80.0,200.0,False,False,0.002,0.005,0.1,0.0,0.0,0.0,40000,20000,16,8,69.0,16,105.0,36.0,20.0,785.000000,8,6,1,True,False,5,physical,81,42,1.834092,0.0
spanke_benes_5x5,default,4-1-2-0-3,routed,5,5,0,0,14,3,4,I1-I2:4;I1-I3:3;I2-I4:2,4161.000000,6487.464549,2326.464549,1.969497,4.239656,2.270159,1.569586,8.0,3.5,4.0,6.0,10.0,20.0,16.0,48.0,80.0,200.0,False,False,0.002,0.005,0.1,0.0,0.0,0.0,40000,20000,16,8,69.0,16,105.0,36.0,20.0,785.000000,6,6,1,True,False,5,physical,82,42,1.358447,0.0
spanke_benes_5x5,default,0-4-2-1-3,routed,5,5,0,0,16,5,4,I0-I1:2;I0-I2:2;I0-I3:4;I2-I3:3;I2-I4:2,4161.000000,6552.194641,2391.194641,1.969497,4.265072,2.295575,1.670478,8.0,3.5,4.0,6.0,10.0,20.0,16.0,48.0,80.0,200.0,False,False,0.002,0.005,0.1,0.0,0.0,0.0,40000,20000,16,8,69.0,16,105.0,36.0,20.0,785.000000,8,6,1,True,False,5,physical,83,42,1.595446,0.0
spanke_benes_5x5,default,0-1-2-3-4,routed,5,5,0,0,22,4,8,I0-I1:8;I1-I2:6;I2-I3:4;I3-I4:4,4161.000000,6795.216769,2634.216769,2.100764,5.477755,3.376991,2.000687,8.0,3.5,4.0,6.0,10.0,20.0,16.0,48.0,80.0,200.0,False,False,0.002,0.005,0.1,0.0,0.0,0.0,40000,20000,16,8,69.0,16,105.0,36.0,20.0,785.000000,13,6,1,True,False,5,physical,84,42,2.514780,0.0
spanke_benes_5x5,default,4-3-0-2-1,routed,5,5,0,0,12,2,2,I2-I3:2;I2-I4:2,4161.000000,6434.734457,2273.734457,1.903864,3.584607,1.680743,1.473494,8.0,3.5,4.0,6.0,10.0,20.0,16.0,48.0,80.0,200.0,False,False,0.002,0.005,0.1,0.0,0.0,0.0,40000,20000,16,8,69.0,16,105.0,36.0,20.0,785.000000,3,6,1,True,False,5,physical,85,42,0.548157,0.0
spanke_benes_5x5,default,4-1-2-3-0,routed,5,5,0,0,13,2,4,I1-I2:4;I2-I3:2,4161.000000,6455.610567,2294.610567,1.969497,4.207656,2.238159,1.515844,8.0,3.5,4.0,6.0,10.0,20.0,16.0,48.0,80.0,200.0,False,False,0.002,0.005,0.1,0.0,0.0,0.0,40000,20000,16,8,69.0,16,105.0,36.0,20.0,785.000000,4,6,1,True,False,5,physical,86,42,1.393519,0.0
spanke_benes_5x5,default,2-1-3-4-0,routed,5,5,0,0,15,3,5,I0-I1:5;I0-I2:4;I2-I3:2,4161.000000,6555.902604,2394.902604,2.022463,4.513331,2.490867,1.633961,8.0,3.5,4.0,6.0,10.0,20.0,16.0,48.0,80.0,200.0,False,False,0.002,0.005,0.1,0.0,0.0,0.0,40000,20000,16,8,69.0,16,105.0,36.0,20.0,785.000000,6,6,1,True,False,5,physical,87,42,1.743154,0.0
spanke_benes_5x5,default,4-2-3-1-0,routed,5,5,0,0,11,1,2,I1-I2:2,4161.000000,6394.442421,2233.442421,1.903864,3.568607,1.664743,1.419377,8.0,3.5,4.0,6.0,10.0,20.0,16.0,48.0,80.0,200.0,False,False,0.002,0.005,0.1,0.0,0.0,0.0,40000,20000,16,8,69.0,16,105.0,36.0,20.0,785.000000,2,6,1,True,False,5,physical,88,42,0.939912,0.0
spanke_benes_5x5,default,2-0-4-3-1,routed,5,5,0,0,15,4,5,I0-I1:5;I0-I2:2;I0-I3:2;I1-I4:2,4161.000000,6548.194641,2387.194641,2.022463,4.513331,2.490867,1.628878,8.0,3.5,4.0,6.0,10.0,20.0,16.0,48.0,80.0,200.0,False,False,0.002,0.005,0.1,0.0,0.0,0.0,40000,20000,16,8,69.0,16,105.0,36.0,20.0,785.000000,6,6,1,True,False,5,physical,89,42,1.761413,0.0
spanke_benes_5x5,default,4-1-3-2-0,routed,5,5,0,0,12,2,2,I1-I2:2;I1-I3:2,4161.000000,6411.026494,2250.026494,1.903864,3.618023,1.714159,1.462011,8.0,3.5,4.0,6.0,10.0,20.0,16.0,48.0,80.0,200.0,False,False,0.002,0.005,0.1,0.0,0.0,0.0,40000,20000,16,8,69.0,16,105.0,36.0,20.0,785.000000,3,6,1,True,False,5,physical,90,42,1.124710,0.0
spanke_benes_5x5,default,3-2-4-1-0,routed,5,5,0,0,12,2,3,I0-I1:3;I0-I2:2,4161.000000,6450.734457,2289.734457,1.956830,3.915697,1.958867,1.479894,8.0,3.5,4.0,6.0,10.0,20.0,16.0,48.0,80.0,200.0,False,False,0.002,0.005,0.1,0.0,0.0,0.0,40000,20000,16,8,69.0,16,105.0,36.0,20.0,785.000000,3,6,1,True,False,5,physical,91,42,1.098347,0.0
spanke_benes_5x5,default,3-1-4-2-0,routed,5,5,0,0,13,3,3,I0-I1:3;I0-I2:2;I1-I3:2,4161.000000,6467.318531,2306.318531,1.956830,3.915697,1.958867,1.522527,8.0,3.5,4.0,6.0,10.0,20.0,16.0,48.0,80.0,200.0,False,False,0.002,0.005,0.1,0.0,0.0,0.0,40000,20000,16,8,69.0,16,105.0,36.0,20.0,785.000000,4,6,1,True,False,5,physical,92,42,1.279890,0.0
spanke_benes_5x5,default,3-4-0-2-1,routed,5,5,0,0,13,3,2,I0-I1:2;I2-I3:2;I2-I4:2,4161.000000,6459.026494,2298.026494,1.903864,3.633315,1.729451,1.521211,8.0,3.5,4.0,6.0,10.0,20.0,16.0,48.0,80.0,200.0,False,False,0.002,0.005,0.1,0.0,0.0,0.0,40000,20000,16,8,69.0,16,105.0,36.0,20.0,785.000000,4,6,1,True,False,5,physical,93,42,1.186190,0.0
spanke_benes_5x5,default,1-0-2-4-3,routed,5,5,0,0,18,4,7,I0-I1:7;I0-I2:6;I2-I3:2;I2-I4:2,4161.000000,6657.070751,2496.070751,2.088097,5.160380,3.072283,1.786428,8.0,3.5,4.0,6.0,10.0,20.0,16.0,48.0,80.0,200.0,False,False,0.002,0.005,0.1,0.0,0.0,0.0,40000,20000,16,8,69.0,16,105.0,36.0,20.0,785.000000,10,6,1,True,False,5,physical,94,42,2.108496,0.0
spanke_benes_5x5,default,2-4-3-1-0,routed,5,5,0,0,12,2,2,I0-I1:2;I0-I2:2,4161.000000,6418.734457,2257.734457,1.903864,3.568607,1.664743,1.467094,8.0,3.5,4.0,6.0,10.0,20.0,16.0,48.0,80.0,200.0,False,False,0.002,0.005,0.1,0.0,0.0,0.0,40000,20000,16,8,69.0,16,105.0,36.0,20.0,785.000000,3,6,1,True,False,5,physical,95,42,1.054636,0.0
spanke_benes_5x5,default,4-1-0-2-3,routed,5,5,0,0,15,3,5,I1-I2:5;I1-I3:4;I3-I4:2,4161.000000,6625.172512,2464.172512,1.966463,4.420623,2.454159,1.666669,8.0,3.5,4.0,6.0,10.0,20.0,16.0,48.0,80.0,200.0,False,False,0.002,0.005,0.1,0.0,0.0,0.0,40000,20000,16,8,69.0,16,105.0,36.0,20.0,785.000000,8,6,1,True,False,5,physical,96,42,1.832844,0.0
spanke_benes_5x5,default,3-0-4-2-1,routed,5,5,0,0,14,4,3,I0-I1:3;I0-I2:2;I1-I3:2;I1-I4:2,4161.000000,6503.610567,2342.610567,1.956830,3.915697,1.958867,1.575044,8.0,3.5,4.0,6.0,10.0,20.0,16.0,48.0,80.0,200.0,False,False,0.002,0.005,0.1,0.0,0.0,0.0,40000,20000,16,8,69.0,16,105.0,36.0,20.0,785.000000,5,6,1,True,False,5,physical,97,42,1.271701,0.0
spanke_benes_5x5,default,2-3-4-0-1,routed,5,5,0,0,14,3,4,I0-I1:4;I1-I2:2;I3-I4:2,4161.000000,6511.318531,2350.318531,1.969497,4.191656,2.222159,1.580127,8.0,3.5,4.0,6.0,10.0,20.0,16.0,48.0,80.0,200.0,False,False,0.002,0.005,0.1,0.0,0.0,0.0,40000,20000,16,8,69.0,16,105.0,36.0,20.0,785.000000,5,6,1,True,False,5,physical,98,42,1.434953,0.0
spanke_benes_5x5,default,1-0-4-3-2,routed,5,5,0,0,18,5,7,I0-I1:7;I0-I2:2;I0-I3:2;I0-I4:2;I1-I4:2,4161.000000,6697.902604,2536.902604,2.088097,5.160380,3.072283,1.810761,8.0,3.5,4.0,6.0,10.0,20.0,16.0,48.0,80.0,200.0,False,False,0.002,0.005,0.1,0.0,0.0,0.0,40000,20000,16,8,69.0,16,105.0,36.0,20.0,785.000000,8,6,1,True,False,5,physical,99,42,2.345690,0.0
spanke_benes_5x5,default,1-0-3-4-2,routed,5,5,0,0,19,5,7,I0-I1:7;I0-I2:4;I0-I4:2;I1-I4:2;I2-I3:2,4161.000000,6741.902604,2580.902604,2.088097,5.160380,3.072283,1.868361,8.0,3.5,4.0,6.0,10.0,20.0,16.0,48.0,80.0,200.0,False,False,0.002,0.005,0.1,0.0,0.0,0.0,40000,20000,16,8,69.0,16,105.0,36.0,20.0,785.000000,9,6,1,True,False,5,physical,100,42,2.561184,0.0
spanke_benes_5x5,default,4-1-3-0-2,routed,5,5,0,0,13,3,3,I1-I2:2;I1-I3:3;I1-I4:2,4161.000000,6455.172512,2294.172512,1.903864,3.587409,1.683545,1.518669,8.0,3.5,4.0,6.0,10.0,20.0,16.0,48.0,80.0,200.0,False,False,0.002,0.005,0.1,0.0,0.0,0.0,40000,20000,16,8,69.0,16,105.0,36.0,20.0,785.000000,5,6,1,True,False,5,physical,101,42,1.213320,0.0
spanke_benes_5x5,default,4-3-1-2-0,routed,5,5,0,0,11,1,2,I2-I3:2,4161.000000,6398.442421,2237.442421,1.903864,3.576607,1.672743,1.420977,8.0,3.5,4.0,6.0,10.0,20.0,16.0,48.0,80.0,200.0,False,False,0.002,0.005,0.1,0.0,0.0,0.0,40000,20000,16,8,69.0,16,105.0,36.0,20.0,785.000000,2,6,1,True,False,5,physical,102,42,0.936651,0.0
spanke_benes_5x5,default,0-1-4-2-3,routed,5,5,0,0,20,5,8,I0-I1:8;I0-I3:2;I1-I2:2;I1-I3:4;I3-I4:2,4161.000000,6770.194641,2609.194641,2.100764,5.477755,3.376991,1.917678,8.0,3.5,4.0,6.0,10.0,20.0,16.0,48.0,80.0,200.0,False,False,0.002,0.005,0.1,0.0,0.0,0.0,40000,20000,16,8,69.0,16,105.0,36.0,20.0,785.000000,10,6,1,True,False,5,physical,103,42,2.209127,0.0
spanke_benes_5x5,default,2-1-0-3-4,routed,5,5,0,0,19,4,5,I0-I1:5;I0-I3:4;I1-I2:5;I3-I4:4,4161.000000,6735.902604,2574.902604,2.022463,4.609331,2.586867,1.865961,8.0,3.5,4.0,6.0,10.0,20.0,16.0,48.0,80.0,200.0,False,False,0.002,0.005,0.1,0.0,0.0,0.0,40000,20000,16,8,69.0,16,105.0,36.0,20.0,785.000000,11,6,1,True,False,5,physical,104,42,1.792745,0.0
spanke_benes_5x5,default,3-0-2-4-1,routed,5,5,0,0,15,4,4,I0-I2:3;I0-I3:2;I1-I2:4;I1-I4:2,4161.000000,6593.610567,2432.610567,1.969497,4.207656,2.238159,1.651044,8.0,3.5,4.0,6.0,10.0,20.0,16.0,48.0,80.0,200.0,False,False,0.002,0.005,0.1,0.0,0.0,0.0,40000,20000,16,8,69.0,16,105.0,36.0,20.0,785.000000,7,6,1,True,False,5,physical,105,42,1.409879,0.0
spanke_benes_5x5,default,0-2-4-3-1,routed,5,5,0,0,16,4,6,I0-I1:6;I0-I4:2;I1-I2:2;I1-I3:2,4161.000000,6572.486678,2411.486678,2.035131,4.830706,2.795575,1.676595,8.0,3.5,4.0,6.0,10.0,20.0,16.0,48.0,80.0,200.0,False,False,0.002,0.005,0.1,0.0,0.0,0.0,40000,20000,16,8,69.0,16,105.0,36.0,20.0,785.000000,7,6,1,True,False,5,physical,106,42,1.870049,0.0
spanke_benes_5x5,default,2-4-1-3-0,routed,5,5,0,0,13,3,3,I0-I1:2;I0-I2:3;I0-I3:2,4161.000000,6467.318531,2306.318531,1.903864,3.729533,1.825669,1.522527,8.0,3.5,4.0,6.0,10.0,20.0,16.0,48.0,80.0,200.0,False,False,0.002,0.005,0.1,0.0,0.0,0.0,40000,20000,16,8,69.0,16,105.0,36.0,20.0,785.000000,5,6,1,True,False,5,physical,107,42,1.630071,0.0
spanke_benes_5x5,default,4-2-1-3-0,routed,5,5,0,0,12,2,3,I1-I2:3;I1-I3:2,4161.000000,6443.026494,2282.026494,1.900830,3.846989,1.946159,1.474811,8.0,3.5,4.0,6.0,10.0,20.0,16.0,48.0,80.0,200.0,False,False,0.002,0.005,0.1,0.0,0.0,0.0,40000,20000,16,8,69.0,16,105.0,36.0,20.0,785.000000,4,6,1,True,False,5,physical,108,42,1.425830,0.0
spanke_benes_5x5,default,3-2-1-0-4,routed,5,5,0,0,16,4,4,I0-I1:3;I0-I4:4;I1-I2:3;I2-I3:3,4161.000000,6573.026494,2412.026494,1.956830,4.211697,2.254867,1.686811,8.0,3.5,4.0,6.0,10.0,20.0,16.0,48.0,80.0,200.0,False,False,0.002,0.005,0.1,0.0,0.0,0.0,40000,20000,16,8,69.0,16,105.0,36.0,20.0,785.000000,7,6,1,True,False,5,physical,109,42,0.910511,0.0
spanke_benes_5x5,default,0-3-1-4-2,routed,5,5,0,0,19,6,6,I0-I1:2;I0-I2:6;I0-I4:2;I1-I2:3;I1-I3:2;I2-I4:2,4161.000000,6694.194641,2533.194641,2.035131,4.854706,2.819575,1.847278,8.0,3.5,4.0,6.0,10.0,20.0,16.0,48.0,80.0,200.0,False,False,0.002,0.005,0.1,0.0,0.0,0.0,40000,20000,16,8,69.0,16,105.0,36.0,20.0,785.000000,9,6,1,True,False,5,physical,110,42,2.197157,0.0
spanke_benes_5x5,default,4-3-1-0-2,routed,5,5,0,0,12,2,3,I2-I3:3;I2-I4:2,4161.000000,6442.588439,2281.588439,1.900830,3.781573,1.880743,1.477635,8.0,3.5,4.0,6.0,10.0,20.0,16.0,48.0,80.0,200.0,False,False,0.002,0.005,0.1,0.0,0.0,0.0,40000,20000,16,8,69.0,16,105.0,36.0,20.0,785.000000,4,6,1,True,False,5,physical,111,42,0.913702,0.0
spanke_benes_5x5,default,0-3-4-2-1,routed,5,5,0,0,15,4,4,I0-I1:4;I0-I3:2;I0-I4:2;I1-I2:2,4161.000000,6527.902604,2366.902604,1.969497,4.233072,2.263575,1.622761,8.0,3.5,4.0,6.0,10.0,20.0,16.0,48.0,80.0,200.0,False,False,0.002,0.005,0.1,0.0,0.0,0.0,40000,20000,16,8,69.0,16,105.0,36.0,20.0,785.000000,6,6,1,True,False,5,physical,112,42,1.725862,0.0
spanke_benes_5x5,default,1-0-4-2-3,routed,5,5,0,0,17,4,7,I0-I1:7;I0-I2:2;I0-I3:4;I3-I4:2,4161.000000,6644.486678,2483.486678,2.088097,5.160380,3.072283,1.745395,8.0,3.5,4.0,6.0,10.0,20.0,16.0,48.0,80.0,200.0,False,False,0.002,0.005,0.1,0.0,0.0,0.0,40000,20000,16,8,69.0,16,105.0,36.0,20.0,785.000000,9,6,1,True,False,5,physical,113,42,1.876061,0.0
spanke_benes_5x5,default,1-2-0-4-3,routed,5,5,0,0,17,4,6,I0-I1:6;I0-I2:5;I1-I3:2;I1-I4:2,4161.000000,6677.756586,2516.756586,2.035131,4.968122,2.932991,1.763703,8.0,3.5,4.0,6.0,10.0,20.0,16.0,48.0,80.0,200.0,False,False,0.002,0.005,0.1,0.0,0.0,0.0,40000,20000,16,8,69.0,16,105.0,36.0,20.0,785.000000,10,6,1,True,False,5,physical,114,42,2.384917,0.0
spanke_benes_5x5,default,1-2-4-3-0,routed,5,5,0,0,15,3,6,I0-I1:6;I1-I2:2;I1-I3:2,4161.000000,6536.194641,2375.194641,2.035131,4.830706,2.795575,1.624078,8.0,3.5,4.0,6.0,10.0,20.0,16.0,48.0,80.0,200.0,False,False,0.002,0.005,0.1,0.0,0.0,0.0,40000,20000,16,8,69.0,16,105.0,36.0,20.0,785.000000,6,6,1,True,False,5,physical,115,42,1.733600,0.0
spanke_benes_5x5,default,3-4-2-0-1,routed,5,5,0,0,12,2,2,I0-I1:2;I3-I4:2,4161.000000,6442.442421,2281.442421,1.903864,3.633315,1.729451,1.478577,8.0,3.5,4.0,6.0,10.0,20.0,16.0,48.0,80.0,200.0,False,False,0.002,0.005,0.1,0.0,0.0,0.0,40000,20000,16,8,69.0,16,105.0,36.0,20.0,785.000000,3,6,1,True,False,5,physical,116,42,1.106881,0.0
spanke_benes_5x5,default,0-1-3-4-2,routed,5,5,0,0,20,5,8,I0-I1:8;I0-I4:2;I1-I2:4;I1-I4:2;I2-I3:2,4161.000000,6766.194641,2605.194641,2.100764,5.477755,3.376991,1.916078,8.0,3.5,4.0,6.0,10.0,20.0,16.0,48.0,80.0,200.0,False,False,0.002,0.005,0.1,0.0,0.0,0.0,40000,20000,16,8,69.0,16,105.0,36.0,20.0,785.000000,10,6,1,True,False,5,physical,117,42,2.646041,0.0
spanke_benes_5x5,default,0-3-2-1-4,routed,5,5,0,0,19,6,4,I0-I1:2;I0-I2:2;I0-I3:4;I1-I2:3;I1-I4:4;I2-I3:3,4161.000000,6650.340659,2489.340659,1.969497,4.529072,2.559575,1.828736,8.0,3.5,4.0,6.0,10.0,20.0,16.0,48.0,80.0,200.0,False,False,0.002,0.005,0.1,0.0,0.0,0.0,40000,20000,16,8,69.0,16,105.0,36.0,20.0,785.000000,10,6,1,True,False,5,physical,118,42,1.645630,0.0
spanke_benes_5x5,default,3-1-2-4-0,routed,5,5,0,0,14,3,4,I0-I2:3;I0-I3:2;I1-I2:4,4161.000000,6483.902604,2322.902604,1.969497,4.207656,2.238159,1.565161,8.0,3.5,4.0,6.0,10.0,20.0,16.0,48.0,80.0,200.0,False,False,0.002,0.005,0.1,0.0,0.0,0.0,40000,20000,16,8,69.0,16,105.0,36.0,20.0,785.000000,5,6,1,True,False,5,physical,119,42,1.331634,0.0
spanke_benes_rect_5x5,default,0-2-3-4-1,routed,5,5,0,0,19,4,6,I0-I1:4;I0-I4:2;I1-I2:4;I2-I3:6,3111.000000,5709.610567,2598.610567,1.498164,4.087616,2.589451,1.877444,8.0,3.5,4.0,6.0,10.0,20.0,16.0,48.0,80.0,200.0,False,False,0.002,0.005,0.1,0.0,0.0,0.0,40000,20000,16,8,69.0,16,105.0,36.0,20.0,575.000000,10,6,1,True,False,5,physical,0,42,1.285079,0.0
spanke_benes_rect_5x5,default,3-2-0-1-4,routed,5,5,0,0,17,4,4,I0-I1:3;I0-I4:4;I2-I3:4;I3-I4:2,3111.000000,5747.858347,2636.858347,1.549497,4.045361,2.495864,1.824743,8.0,3.5,4.0,6.0,10.0,20.0,16.0,48.0,80.0,200.0,False,False,0.002,0.005,0.1,0.0,0.0,0.0,40000,20000,16,8,69.0,16,105.0,36.0,20.0,575.000000,9,6,1,True,False,5,physical,1,42,1.633104,0.0
spanke_benes_rect_5x5,default,3-4-2-1-0,routed,5,5,0,0,11,1,2,I0-I1:2,3111.000000,5415.566310,2304.566310,1.483864,3.182023,1.698159,1.453827,8.0,3.5,4.0,6.0,10.0,20.0,16.0,48.0,80.0,200.0,False,False,0.002,0.005,0.1,0.0,0.0,0.0,40000,20000,16,8,69.0,16,105.0,36.0,20.0,575.000000,2,6,1,True,False,5,physical,2,42,0.449823,0.0
spanke_benes_rect_5x5,default,4-3-0-1-2,routed,5,5,0,0,13,2,4,I2-I3:4;I3-I4:2,3111.000000,5579.566310,2468.566310,1.549497,3.811656,2.262159,1.599427,8.0,3.5,4.0,6.0,10.0,20.0,16.0,48.0,80.0,200.0,False,False,0.002,0.005,0.1,0.0,0.0,0.0,40000,20000,16,8,69.0,16,105.0,36.0,20.0,575.000000,4,6,1,True,False,5,physical,3,42,0.717077,0.0
spanke_benes_rect_5x5,default,3-4-1-0-2,routed,5,5,0,0,13,3,3,I0-I1:2;I2-I3:3;I2-I4:2,3111.000000,5496.296402,2385.296402,1.536830,3.462281,1.925451,1.561119,8.0,3.5,4.0,6.0,10.0,20.0,16.0,48.0,80.0,200.0,False,False,0.002,0.005,0.1,0.0,0.0,0.0,40000,20000,16,8,69.0,16,105.0,36.0,20.0,575.000000,3,6,1,True,False,5,physical,4,42,0.633816,0.0
spanke_benes_rect_5x5,default,1-2-0-3-4,routed,5,5,0,0,20,5,6,I0-I1:4;I0-I2:3;I1-I3:4;I2-I3:2;I3-I4:6,3111.000000,5781.610567,2670.610567,1.510831,4.316991,2.806159,1.946244,8.0,3.5,4.0,6.0,10.0,20.0,16.0,48.0,80.0,200.0,False,False,0.002,0.005,0.1,0.0,0.0,0.0,40000,20000,16,8,69.0,16,105.0,36.0,20.0,575.000000,11,6,1,True,False,5,physical,5,42,1.808614,0.0
spanke_benes_rect_5x5,default,3-4-1-2-0,routed,5,5,0,0,12,2,2,I0-I1:2;I2-I3:2,3111.000000,5499.274274,2388.274274,1.483864,3.320855,1.836991,1.529310,8.0,3.5,4.0,6.0,10.0,20.0,16.0,48.0,80.0,200.0,False,False,0.002,0.005,0.1,0.0,0.0,0.0,40000,20000,16,8,69.0,16,105.0,36.0,20.0,575.000000,4,6,1,True,False,5,physical,6,42,0.696311,0.0
spanke_benes_rect_5x5,default,3-2-1-4-0,routed,5,5,0,0,15,3,4,I0-I1:3;I0-I3:4;I2-I3:2,3111.000000,5643.274274,2532.274274,1.536830,4.003945,2.467115,1.706910,8.0,3.5,4.0,6.0,10.0,20.0,16.0,48.0,80.0,200.0,False,False,0.002,0.005,0.1,0.0,0.0,0.0,40000,20000,16,8,69.0,16,105.0,36.0,20.0,575.000000,7,6,1,True,False,5,physical,7,42,0.781932,0.0
spanke_benes_rect_5x5,default,4-0-1-2-3,routed,5,5,0,0,16,3,4,I1-I2:4;I2-I3:4;I3-I4:4,3111.000000,5676.880476,2565.880476,1.498164,3.759616,2.261451,1.749352,8.0,3.5,4.0,6.0,10.0,20.0,16.0,48.0,80.0,200.0,False,False,0.002,0.005,0.1,0.0,0.0,0.0,40000,20000,16,8,69.0,16,105.0,36.0,20.0,575.000000,7,6,1,True,False,5,physical,8,42,1.378157,0.0
spanke_benes_rect_5x5,default,4-2-0-3-1,routed,5,5,0,0,13,3,2,I1-I3:2;I2-I3:2;I2-I4:2,3111.000000,5547.712329,2436.712329,1.483864,3.522690,2.038826,1.585685,8.0,3.5,4.0,6.0,10.0,20.0,16.0,48.0,80.0,200.0,False,False,0.002,0.005,0.1,0.0,0.0,0.0,40000,20000,16,8,69.0,16,105.0,36.0,20.0,575.000000,5,6,1,True,False,5,physical,9,42,0.583147,0.0
spanke_benes_rect_5x5,default,1-4-3-2-0,routed,5,5,0,0,13,3,3,I0-I1:2;I0-I3:2;I2-I3:3,3111.000000,5452.588439,2341.588439,1.536830,3.454281,1.917451,1.541635,8.0,3.5,4.0,6.0,10.0,20.0,16.0,48.0,80.0,200.0,False,False,0.002,0.005,0.1,0.0,0.0,0.0,40000,20000,16,8,69.0,16,105.0,36.0,20.0,575.000000,4,6,1,True,False,5,physical,10,42,0.709768,0.0
spanke_benes_rect_5x5,default,3-1-0-4-2,routed,5,5,0,0,17,5,4,I0-I3:4;I0-I4:3;I1-I2:3;I1-I4:2;I2-I3:2,3111.000000,5712.296402,2601.296402,1.536830,4.045361,2.508531,1.807519,8.0,3.5,4.0,6.0,10.0,20.0,16.0,48.0,80.0,200.0,False,False,0.002,0.005,0.1,0.0,0.0,0.0,40000,20000,16,8,69.0,16,105.0,36.0,20.0,575.000000,10,6,1,True,False,5,physical,11,42,1.587079,0.0
spanke_benes_rect_5x5,default,3-2-4-0-1,routed,5,5,0,0,15,3,4,I0-I1:3;I0-I2:4;I3-I4:2,3111.000000,5607.858347,2496.858347,1.536830,3.906529,2.369699,1.688743,8.0,3.5,4.0,6.0,10.0,20.0,16.0,48.0,80.0,200.0,False,False,0.002,0.005,0.1,0.0,0.0,0.0,40000,20000,16,8,69.0,16,105.0,36.0,20.0,575.000000,7,6,1,True,False,5,physical,12,42,1.214863,0.0
spanke_benes_rect_5x5,default,1-2-3-0-4,routed,5,5,0,0,19,4,6,I0-I1:4;I0-I3:3;I1-I2:4;I2-I4:6,3111.000000,5721.756586,2610.756586,1.498164,4.031616,2.533451,1.881303,8.0,3.5,4.0,6.0,10.0,20.0,16.0,48.0,80.0,200.0,False,False,0.002,0.005,0.1,0.0,0.0,0.0,40000,20000,16,8,69.0,16,105.0,36.0,20.0,575.000000,9,6,1,True,False,5,physical,13,42,1.305513,0.0
spanke_benes_rect_5x5,default,0-3-4-1-2,routed,5,5,0,0,18,5,4,I0-I1:2;I0-I3:4;I1-I2:4;I1-I4:3;I3-I4:2,3111.000000,5689.318531,2578.318531,1.549497,4.182488,2.632991,1.831327,8.0,3.5,4.0,6.0,10.0,20.0,16.0,48.0,80.0,200.0,False,False,0.002,0.005,0.1,0.0,0.0,0.0,40000,20000,16,8,69.0,16,105.0,36.0,20.0,575.000000,10,6,1,True,False,5,physical,14,42,1.971168,0.0
spanke_benes_rect_5x5,default,2-3-1-0-4,routed,5,5,0,0,17,4,4,I0-I1:4;I1-I4:4;I2-I3:3;I2-I4:2,3111.000000,5664.588439,2553.588439,1.549497,4.182488,2.632991,1.786435,8.0,3.5,4.0,6.0,10.0,20.0,16.0,48.0,80.0,200.0,False,False,0.002,0.005,0.1,0.0,0.0,0.0,40000,20000,16,8,69.0,16,105.0,36.0,20.0,575.000000,8,6,1,True,False,5,physical,15,42,1.306954,0.0
spanke_benes_rect_5x5,default,3-1-4-0-2,routed,5,5,0,0,16,4,4,I0-I2:4;I0-I4:3;I1-I3:3;I1-I4:2,3111.000000,5628.588439,2517.588439,1.536830,3.906529,2.369699,1.732035,8.0,3.5,4.0,6.0,10.0,20.0,16.0,48.0,80.0,200.0,False,False,0.002,0.005,0.1,0.0,0.0,0.0,40000,20000,16,8,69.0,16,105.0,36.0,20.0,575.000000,8,6,1,True,False,5,physical,16,42,1.340402,0.0
spanke_benes_rect_5x5,default,4-0-1-3-2,routed,5,5,0,0,15,4,4,I1-I2:4;I2-I3:2;I2-I4:2;I3-I4:3,3111.000000,5620.588439,2509.588439,1.498164,3.702200,2.204035,1.688835,8.0,3.5,4.0,6.0,10.0,20.0,16.0,48.0,80.0,200.0,False,False,0.002,0.005,0.1,0.0,0.0,0.0,40000,20000,16,8,69.0,16,105.0,36.0,20.0,575.000000,7,6,1,True,False,5,physical,17,42,1.052269,0.0
spanke_benes_rect_5x5,default,2-0-3-4-1,routed,5,5,0,0,18,4,6,I0-I1:3;I0-I2:4;I1-I4:2;I2-I3:6,3111.000000,5661.464549,2550.464549,1.498164,4.055616,2.557451,1.819186,8.0,3.5,4.0,6.0,10.0,20.0,16.0,48.0,80.0,200.0,False,False,0.002,0.005,0.1,0.0,0.0,0.0,40000,20000,16,8,69.0,16,105.0,36.0,20.0,575.000000,9,6,1,True,False,5,physical,18,42,0.979707,0.0
spanke_benes_rect_5x5,default,2-4-1-0-3,routed,5,5,0,0,14,4,3,I0-I1:2;I0-I4:2;I2-I3:3;I2-I4:2,3111.000000,5564.442421,2453.442421,1.536830,3.462281,1.925451,1.627377,8.0,3.5,4.0,6.0,10.0,20.0,16.0,48.0,80.0,200.0,False,False,0.002,0.005,0.1,0.0,0.0,0.0,40000,20000,16,8,69.0,16,105.0,36.0,20.0,575.000000,5,6,1,True,False,5,physical,19,42,0.933962,0.0
spanke_benes_rect_5x5,default,0-2-3-1-4,routed,5,5,0,0,20,5,6,I0-I1:2;I0-I3:4;I1-I2:4;I1-I3:3;I2-I4:6,3111.000000,5758.194641,2647.194641,1.549497,4.031616,2.482118,1.932878,8.0,3.5,4.0,6.0,10.0,20.0,16.0,48.0,80.0,200.0,False,False,0.002,0.005,0.1,0.0,0.0,0.0,40000,20000,16,8,69.0,16,105.0,36.0,20.0,575.000000,10,6,1,True,False,5,physical,20,42,1.709906,0.0
spanke_benes_rect_5x5,default,2-3-0-4-1,routed,5,5,0,0,17,4,4,I0-I1:4;I1-I3:4;I2-I3:2;I2-I4:2,3111.000000,5715.858347,2604.858347,1.549497,4.321320,2.771823,1.811943,8.0,3.5,4.0,6.0,10.0,20.0,16.0,48.0,80.0,200.0,False,False,0.002,0.005,0.1,0.0,0.0,0.0,40000,20000,16,8,69.0,16,105.0,36.0,20.0,575.000000,9,6,1,True,False,5,physical,21,42,1.107287,0.0
spanke_benes_rect_5x5,default,4-0-2-1-3,routed,5,5,0,0,15,3,4,I1-I3:4;I2-I3:3;I2-I4:4,3111.000000,5601.318531,2490.318531,1.549497,3.819656,2.270159,1.676127,8.0,3.5,4.0,6.0,10.0,20.0,16.0,48.0,80.0,200.0,False,False,0.002,0.005,0.1,0.0,0.0,0.0,40000,20000,16,8,69.0,16,105.0,36.0,20.0,575.000000,5,6,1,True,False,5,physical,22,42,1.014244,0.0
spanke_benes_rect_5x5,default,4-2-0-1-3,routed,5,5,0,0,14,3,4,I1-I4:2;I2-I3:4;I3-I4:2,3111.000000,5604.004365,2493.004365,1.549497,3.853072,2.303575,1.646202,8.0,3.5,4.0,6.0,10.0,20.0,16.0,48.0,80.0,200.0,False,False,0.002,0.005,0.1,0.0,0.0,0.0,40000,20000,16,8,69.0,16,105.0,36.0,20.0,575.000000,5,6,1,True,False,5,physical,23,42,0.863425,0.0
spanke_benes_rect_5x5,default,0-2-1-4-3,routed,5,5,0,0,20,6,5,I0-I1:2;I0-I2:4;I1-I2:3;I1-I4:4;I2-I3:2;I3-I4:5,3111.000000,5761.756586,2650.756586,1.498164,3.898447,2.400283,1.937303,8.0,3.5,4.0,6.0,10.0,20.0,16.0,48.0,80.0,200.0,False,False,0.002,0.005,0.1,0.0,0.0,0.0,40000,20000,16,8,69.0,16,105.0,36.0,20.0,575.000000,12,6,1,True,False,5,physical,24,42,2.179228,0.0
spanke_benes_rect_5x5,default,0-1-2-4-3,routed,5,5,0,0,21,5,6,I0-I1:6;I1-I2:4;I2-I3:2;I2-I4:4;I3-I4:5,3111.000000,5766.778714,2655.778714,1.510831,4.019575,2.508743,1.972311,8.0,3.5,4.0,6.0,10.0,20.0,16.0,48.0,80.0,200.0,False,False,0.002,0.005,0.1,0.0,0.0,0.0,40000,20000,16,8,69.0,16,105.0,36.0,20.0,575.000000,12,6,1,True,False,5,physical,25,42,1.998786,0.0
spanke_benes_rect_5x5,default,3-1-0-2-4,routed,5,5,0,0,18,6,4,I0-I3:3;I0-I4:4;I1-I2:3;I1-I3:2;I2-I3:2;I3-I4:2,3111.000000,5768.588439,2657.588439,1.536830,4.045361,2.508531,1.868035,8.0,3.5,4.0,6.0,10.0,20.0,16.0,48.0,80.0,200.0,False,False,0.002,0.005,0.1,0.0,0.0,0.0,40000,20000,16,8,69.0,16,105.0,36.0,20.0,575.000000,10,6,1,True,False,5,physical,26,42,1.730949,0.0
spanke_benes_rect_5x5,default,2-4-3-0-1,routed,5,5,0,0,13,3,2,I0-I1:2;I0-I2:2;I3-I4:2,3111.000000,5488.296402,2377.296402,1.483864,3.271439,1.787575,1.557919,8.0,3.5,4.0,6.0,10.0,20.0,16.0,48.0,80.0,200.0,False,False,0.002,0.005,0.1,0.0,0.0,0.0,40000,20000,16,8,69.0,16,105.0,36.0,20.0,575.000000,4,6,1,True,False,5,physical,27,42,0.560122,0.0
spanke_benes_rect_5x5,default,1-0-3-2-4,routed,5,5,0,0,20,4,6,I0-I1:5;I0-I3:4;I2-I3:5;I2-I4:6,3111.000000,5766.340659,2655.340659,1.498164,3.999616,2.501451,1.935136,8.0,3.5,4.0,6.0,10.0,20.0,16.0,48.0,80.0,200.0,False,False,0.002,0.005,0.1,0.0,0.0,0.0,40000,20000,16,8,69.0,16,105.0,36.0,20.0,575.000000,10,6,1,True,False,5,physical,28,42,1.681715,0.0
spanke_benes_rect_5x5,default,3-1-2-0-4,routed,5,5,0,0,17,5,4,I0-I2:3;I0-I4:4;I1-I2:2;I1-I3:3;I2-I4:2,3111.000000,5684.880476,2573.880476,1.536830,3.906529,2.369699,1.792552,8.0,3.5,4.0,6.0,10.0,20.0,16.0,48.0,80.0,200.0,False,False,0.002,0.005,0.1,0.0,0.0,0.0,40000,20000,16,8,69.0,16,105.0,36.0,20.0,575.000000,8,6,1,True,False,5,physical,29,42,1.321192,0.0
spanke_benes_rect_5x5,default,0-4-2-3-1,routed,5,5,0,0,15,4,4,I0-I1:2;I0-I2:2;I0-I4:2;I2-I3:4,3111.000000,5584.588439,2473.588439,1.485497,3.522690,2.037193,1.674435,8.0,3.5,4.0,6.0,10.0,20.0,16.0,48.0,80.0,200.0,False,False,0.002,0.005,0.1,0.0,0.0,0.0,40000,20000,16,8,69.0,16,105.0,36.0,20.0,575.000000,7,6,1,True,False,5,physical,30,42,1.027900,0.0
spanke_benes_rect_5x5,default,2-0-4-1-3,routed,5,5,0,0,16,4,4,I0-I3:3;I0-I4:4;I1-I3:4;I2-I4:3,3111.000000,5609.756586,2498.756586,1.549497,3.861072,2.311575,1.716503,8.0,3.5,4.0,6.0,10.0,20.0,16.0,48.0,80.0,200.0,False,False,0.002,0.005,0.1,0.0,0.0,0.0,40000,20000,16,8,69.0,16,105.0,36.0,20.0,575.000000,8,6,1,True,False,5,physical,31,42,1.577040,0.0
spanke_benes_rect_5x5,default,1-3-4-2-0,routed,5,5,0,0,16,4,4,I0-I1:2;I0-I3:2;I1-I2:4;I1-I3:3,3111.000000,5596.442421,2485.442421,1.549497,4.182488,2.632991,1.720177,8.0,3.5,4.0,6.0,10.0,20.0,16.0,48.0,80.0,200.0,False,False,0.002,0.005,0.1,0.0,0.0,0.0,40000,20000,16,8,69.0,16,105.0,36.0,20.0,575.000000,7,6,1,True,False,5,physical,32,42,1.035728,0.0
spanke_benes_rect_5x5,default,2-0-3-1-4,routed,5,5,0,0,19,4,6,I0-I2:4;I0-I3:3;I1-I3:4;I2-I4:6,3111.000000,5710.048623,2599.048623,1.549497,3.999616,2.450118,1.874619,8.0,3.5,4.0,6.0,10.0,20.0,16.0,48.0,80.0,200.0,False,False,0.002,0.005,0.1,0.0,0.0,0.0,40000,20000,16,8,69.0,16,105.0,36.0,20.0,575.000000,9,6,1,True,False,5,physical,33,42,1.472369,0.0
spanke_benes_rect_5x5,default,2-4-0-1-3,routed,5,5,0,0,15,4,4,I0-I1:2;I0-I4:2;I2-I3:4;I3-I4:2,3111.000000,5628.296402,2517.296402,1.549497,3.853072,2.303575,1.693919,8.0,3.5,4.0,6.0,10.0,20.0,16.0,48.0,80.0,200.0,False,False,0.002,0.005,0.1,0.0,0.0,0.0,40000,20000,16,8,69.0,16,105.0,36.0,20.0,575.000000,6,6,1,True,False,5,physical,34,42,1.147154,0.0
spanke_benes_rect_5x5,default,1-3-2-4-0,routed,5,5,0,0,17,5,4,I0-I1:2;I0-I2:2;I1-I2:3;I1-I3:4;I2-I3:2,3111.000000,5680.150384,2569.150384,1.549497,4.321320,2.771823,1.795660,8.0,3.5,4.0,6.0,10.0,20.0,16.0,48.0,80.0,200.0,False,False,0.002,0.005,0.1,0.0,0.0,0.0,40000,20000,16,8,69.0,16,105.0,36.0,20.0,575.000000,9,6,1,True,False,5,physical,35,42,1.279588,0.0
spanke_benes_rect_5x5,default,2-4-0-3-1,routed,5,5,0,0,14,4,2,I0-I1:2;I0-I3:2;I2-I3:2;I2-I4:2,3111.000000,5572.004365,2461.004365,1.483864,3.522690,2.038826,1.633402,8.0,3.5,4.0,6.0,10.0,20.0,16.0,48.0,80.0,200.0,False,False,0.002,0.005,0.1,0.0,0.0,0.0,40000,20000,16,8,69.0,16,105.0,36.0,20.0,575.000000,6,6,1,True,False,5,physical,36,42,0.781723,0.0
spanke_benes_rect_5x5,default,1-2-4-0-3,routed,5,5,0,0,18,5,4,I0-I1:4;I0-I3:3;I1-I2:2;I1-I4:4;I2-I4:3,3111.000000,5701.026494,2590.026494,1.498164,3.959616,2.461451,1.838011,8.0,3.5,4.0,6.0,10.0,20.0,16.0,48.0,80.0,200.0,False,False,0.002,0.005,0.1,0.0,0.0,0.0,40000,20000,16,8,69.0,16,105.0,36.0,20.0,575.000000,8,6,1,True,False,5,physical,37,42,1.330685,0.0
spanke_benes_rect_5x5,default,2-3-0-1-4,routed,5,5,0,0,18,4,4,I0-I1:4;I1-I4:4;I2-I3:4;I3-I4:2,3111.000000,5756.442421,2645.442421,1.549497,4.182488,2.632991,1.864177,8.0,3.5,4.0,6.0,10.0,20.0,16.0,48.0,80.0,200.0,False,False,0.002,0.005,0.1,0.0,0.0,0.0,40000,20000,16,8,69.0,16,105.0,36.0,20.0,575.000000,9,6,1,True,False,5,physical,38,42,1.562073,0.0
spanke_benes_rect_5x5,default,1-3-2-0-4,routed,5,5,0,0,18,6,4,I0-I1:2;I0-I2:2;I0-I3:3;I1-I2:3;I1-I4:4;I2-I4:2,3111.000000,5709.172512,2598.172512,1.549497,4.182488,2.632991,1.840269,8.0,3.5,4.0,6.0,10.0,20.0,16.0,48.0,80.0,200.0,False,False,0.002,0.005,0.1,0.0,0.0,0.0,40000,20000,16,8,69.0,16,105.0,36.0,20.0,575.000000,9,6,1,True,False,5,physical,39,42,1.433163,0.0
spanke_benes_rect_5x5,default,2-1-4-3-0,routed,5,5,0,0,14,3,4,I0-I1:3;I0-I3:4;I2-I3:3,3111.000000,5529.172512,2418.172512,1.549497,3.843656,2.294159,1.608269,8.0,3.5,4.0,6.0,10.0,20.0,16.0,48.0,80.0,200.0,False,False,0.002,0.005,0.1,0.0,0.0,0.0,40000,20000,16,8,69.0,16,105.0,36.0,20.0,575.000000,6,6,1,True,False,5,physical,40,42,1.116904,0.0
spanke_benes_rect_5x5,default,2-1-0-4-3,routed,5,5,0,0,18,5,5,I0-I1:3;I0-I4:4;I1-I2:3;I2-I3:2;I3-I4:5,3111.000000,5701.026494,2590.026494,1.485497,3.693941,2.208444,1.838011,8.0,3.5,4.0,6.0,10.0,20.0,16.0,48.0,80.0,200.0,False,False,0.002,0.005,0.1,0.0,0.0,0.0,40000,20000,16,8,69.0,16,105.0,36.0,20.0,575.000000,10,6,1,True,False,5,physical,41,42,1.521777,0.0
spanke_benes_rect_5x5,default,3-0-4-1-2,routed,5,5,0,0,17,4,4,I0-I2:4;I0-I4:3;I1-I3:4;I3-I4:2,3111.000000,5665.026494,2554.026494,1.549497,3.906529,2.357032,1.783611,8.0,3.5,4.0,6.0,10.0,20.0,16.0,48.0,80.0,200.0,False,False,0.002,0.005,0.1,0.0,0.0,0.0,40000,20000,16,8,69.0,16,105.0,36.0,20.0,575.000000,9,6,1,True,False,5,physical,42,42,1.743725,0.0
spanke_benes_rect_5x5,default,0-4-3-1-2,routed,5,5,0,0,15,4,4,I0-I1:2;I0-I3:4;I2-I4:3;I3-I4:2,3111.000000,5561.172512,2450.172512,1.549497,3.819656,2.270159,1.661069,8.0,3.5,4.0,6.0,10.0,20.0,16.0,48.0,80.0,200.0,False,False,0.002,0.005,0.1,0.0,0.0,0.0,40000,20000,16,8,69.0,16,105.0,36.0,20.0,575.000000,6,6,1,True,False,5,physical,43,42,1.349094,0.0
spanke_benes_rect_5x5,default,2-3-1-4-0,routed,5,5,0,0,16,3,4,I0-I1:4;I1-I3:4;I2-I3:2,3111.000000,5667.566310,2556.566310,1.549497,4.321320,2.771823,1.754627,8.0,3.5,4.0,6.0,10.0,20.0,16.0,48.0,80.0,200.0,False,False,0.002,0.005,0.1,0.0,0.0,0.0,40000,20000,16,8,69.0,16,105.0,36.0,20.0,575.000000,8,6,1,True,False,5,physical,44,42,1.003173,0.0
spanke_benes_rect_5x5,default,2-3-4-1-0,routed,5,5,0,0,15,2,4,I0-I1:4;I1-I2:4,3111.000000,5583.858347,2472.858347,1.549497,4.141072,2.591575,1.679143,8.0,3.5,4.0,6.0,10.0,20.0,16.0,48.0,80.0,200.0,False,False,0.002,0.005,0.1,0.0,0.0,0.0,40000,20000,16,8,69.0,16,105.0,36.0,20.0,575.000000,6,6,1,True,False,5,physical,45,42,0.720796,0.0
spanke_benes_rect_5x5,default,0-4-3-2-1,routed,5,5,0,0,14,4,3,I0-I1:2;I0-I3:2;I0-I4:2;I2-I3:3,3111.000000,5500.880476,2389.880476,1.536830,3.454281,1.917451,1.598952,8.0,3.5,4.0,6.0,10.0,20.0,16.0,48.0,80.0,200.0,False,False,0.002,0.005,0.1,0.0,0.0,0.0,40000,20000,16,8,69.0,16,105.0,36.0,20.0,575.000000,5,6,1,True,False,5,physical,46,42,0.848683,0.0
spanke_benes_rect_5x5,default,1-3-4-0-2,routed,5,5,0,0,17,5,4,I0-I1:2;I0-I3:3;I0-I4:2;I1-I2:4;I1-I4:3,3111.000000,5652.880476,2541.880476,1.549497,4.182488,2.632991,1.779752,8.0,3.5,4.0,6.0,10.0,20.0,16.0,48.0,80.0,200.0,False,False,0.002,0.005,0.1,0.0,0.0,0.0,40000,20000,16,8,69.0,16,105.0,36.0,20.0,575.000000,9,6,1,True,False,5,physical,47,42,1.456621,0.0
spanke_benes_rect_5x5,default,4-0-2-3-1,routed,5,5,0,0,14,3,4,I1-I2:2;I1-I4:2;I2-I3:4,3111.000000,5560.296402,2449.296402,1.485497,3.522690,2.037193,1.626719,8.0,3.5,4.0,6.0,10.0,20.0,16.0,48.0,80.0,200.0,False,False,0.002,0.005,0.1,0.0,0.0,0.0,40000,20000,16,8,69.0,16,105.0,36.0,20.0,575.000000,6,6,1,True,False,5,physical,48,42,0.620040,0.0
spanke_benes_rect_5x5,default,4-2-3-0-1,routed,5,5,0,0,12,2,2,I1-I2:2;I3-I4:2,3111.000000,5487.858347,2376.858347,1.483864,3.237315,1.753451,1.520743,8.0,3.5,4.0,6.0,10.0,20.0,16.0,48.0,80.0,200.0,False,False,0.002,0.005,0.1,0.0,0.0,0.0,40000,20000,16,8,69.0,16,105.0,36.0,20.0,575.000000,3,6,1,True,False,5,physical,49,42,0.453130,0.0
spanke_benes_rect_5x5,default,1-0-2-3-4,routed,5,5,0,0,21,4,6,I0-I1:5;I0-I2:4;I2-I3:6;I3-I4:6,3111.000000,5798.778714,2687.778714,1.510831,4.348991,2.838159,1.985111,8.0,3.5,4.0,6.0,10.0,20.0,16.0,48.0,80.0,200.0,False,False,0.002,0.005,0.1,0.0,0.0,0.0,40000,20000,16,8,69.0,16,105.0,36.0,20.0,575.000000,11,6,1,True,False,5,physical,50,42,1.849972,0.0
spanke_benes_rect_5x5,default,0-2-1-3-4,routed,5,5,0,0,21,6,6,I0-I1:2;I0-I2:4;I1-I2:3;I1-I3:4;I2-I3:2;I3-I4:6,3111.000000,5818.048623,2707.048623,1.510831,4.316991,2.806159,1.997819,8.0,3.5,4.0,6.0,10.0,20.0,16.0,48.0,80.0,200.0,False,False,0.002,0.005,0.1,0.0,0.0,0.0,40000,20000,16,8,69.0,16,105.0,36.0,20.0,575.000000,12,6,1,True,False,5,physical,51,42,2.364683,0.0
spanke_benes_rect_5x5,default,2-1-3-0-4,routed,5,5,0,0,18,4,6,I0-I1:3;I0-I2:4;I1-I3:3;I2-I4:6,3111.000000,5673.610567,2562.610567,1.498164,3.999616,2.501451,1.823044,8.0,3.5,4.0,6.0,10.0,20.0,16.0,48.0,80.0,200.0,False,False,0.002,0.005,0.1,0.0,0.0,0.0,40000,20000,16,8,69.0,16,105.0,36.0,20.0,575.000000,8,6,1,True,False,5,physical,52,42,1.032499,0.0
spanke_benes_rect_5x5,default,3-4-0-1-2,routed,5,5,0,0,14,3,4,I0-I1:2;I2-I3:4;I3-I4:2,3111.000000,5603.858347,2492.858347,1.549497,3.811656,2.262159,1.647143,8.0,3.5,4.0,6.0,10.0,20.0,16.0,48.0,80.0,200.0,False,False,0.002,0.005,0.1,0.0,0.0,0.0,40000,20000,16,8,69.0,16,105.0,36.0,20.0,575.000000,5,6,1,True,False,5,physical,53,42,0.992252,0.0
spanke_benes_rect_5x5,default,0-4-1-2-3,routed,5,5,0,0,17,4,4,I0-I1:2;I0-I2:4;I2-I3:4;I3-I4:4,3111.000000,5701.172512,2590.172512,1.498164,3.759616,2.261451,1.797069,8.0,3.5,4.0,6.0,10.0,20.0,16.0,48.0,80.0,200.0,False,False,0.002,0.005,0.1,0.0,0.0,0.0,40000,20000,16,8,69.0,16,105.0,36.0,20.0,575.000000,8,6,1,True,False,5,physical,54,42,1.684356,0.0
spanke_benes_rect_5x5,default,2-0-1-4-3,routed,5,5,0,0,19,5,5,I0-I2:3;I0-I4:4;I1-I2:4;I2-I3:2;I3-I4:5,3111.000000,5737.464549,2626.464549,1.498164,3.702200,2.204035,1.889586,8.0,3.5,4.0,6.0,10.0,20.0,16.0,48.0,80.0,200.0,False,False,0.002,0.005,0.1,0.0,0.0,0.0,40000,20000,16,8,69.0,16,105.0,36.0,20.0,575.000000,11,6,1,True,False,5,physical,55,42,1.819309,0.0
spanke_benes_rect_5x5,default,4-3-2-0-1,routed,5,5,0,0,11,1,2,I3-I4:2,3111.000000,5439.566310,2328.566310,1.483864,3.230023,1.746159,1.463427,8.0,3.5,4.0,6.0,10.0,20.0,16.0,48.0,80.0,200.0,False,False,0.002,0.005,0.1,0.0,0.0,0.0,40000,20000,16,8,69.0,16,105.0,36.0,20.0,575.000000,2,6,1,True,False,5,physical,56,42,0.353166,0.0
spanke_benes_rect_5x5,default,1-4-0-2-3,routed,5,5,0,0,16,5,4,I0-I1:2;I0-I2:3;I0-I3:2;I2-I3:2;I3-I4:4,3111.000000,5664.734457,2553.734457,1.498164,3.759616,2.261451,1.745494,8.0,3.5,4.0,6.0,10.0,20.0,16.0,48.0,80.0,200.0,False,False,0.002,0.005,0.1,0.0,0.0,0.0,40000,20000,16,8,69.0,16,105.0,36.0,20.0,575.000000,7,6,1,True,False,5,physical,57,42,1.309498,0.0
spanke_benes_rect_5x5,default,0-1-3-2-4,routed,5,5,0,0,21,4,6,I0-I1:6;I1-I3:4;I2-I3:5;I2-I4:6,3111.000000,5790.632696,2679.632696,1.510831,4.019575,2.508743,1.982853,8.0,3.5,4.0,6.0,10.0,20.0,16.0,48.0,80.0,200.0,False,False,0.002,0.005,0.1,0.0,0.0,0.0,40000,20000,16,8,69.0,16,105.0,36.0,20.0,575.000000,11,6,1,True,False,5,physical,58,42,1.837379,0.0
spanke_benes_rect_5x5,default,4-1-0-3-2,routed,5,5,0,0,14,4,3,I1-I2:3;I1-I4:2;I2-I3:2;I3-I4:3,3111.000000,5584.150384,2473.150384,1.471197,3.522690,2.051493,1.637260,8.0,3.5,4.0,6.0,10.0,20.0,16.0,48.0,80.0,200.0,False,False,0.002,0.005,0.1,0.0,0.0,0.0,40000,20000,16,8,69.0,16,105.0,36.0,20.0,575.000000,6,6,1,True,False,5,physical,59,42,0.870693,0.0
spanke_benes_rect_5x5,default,3-0-1-2-4,routed,5,5,0,0,19,5,4,I0-I3:3;I0-I4:4;I1-I2:4;I2-I3:4;I3-I4:2,3111.000000,5805.026494,2694.026494,1.536830,4.045361,2.508531,1.919611,8.0,3.5,4.0,6.0,10.0,20.0,16.0,48.0,80.0,200.0,False,False,0.002,0.005,0.1,0.0,0.0,0.0,40000,20000,16,8,69.0,16,105.0,36.0,20.0,575.000000,11,6,1,True,False,5,physical,60,42,2.017102,0.0
spanke_benes_rect_5x5,default,3-0-1-4-2,routed,5,5,0,0,18,5,4,I0-I3:4;I0-I4:3;I1-I2:4;I2-I3:2;I2-I4:2,3111.000000,5748.734457,2637.734457,1.536830,4.045361,2.508531,1.859094,8.0,3.5,4.0,6.0,10.0,20.0,16.0,48.0,80.0,200.0,False,False,0.002,0.005,0.1,0.0,0.0,0.0,40000,20000,16,8,69.0,16,105.0,36.0,20.0,575.000000,11,6,1,True,False,5,physical,61,42,1.796815,0.0
spanke_benes_rect_5x5,default,1-3-0-2-4,routed,5,5,0,0,19,7,4,I0-I1:2;I0-I2:3;I0-I3:2;I1-I3:3;I1-I4:4;I2-I3:2;I3-I4:2,3111.000000,5792.880476,2681.880476,1.549497,4.362736,2.813239,1.915752,8.0,3.5,4.0,6.0,10.0,20.0,16.0,48.0,80.0,200.0,False,False,0.002,0.005,0.1,0.0,0.0,0.0,40000,20000,16,8,69.0,16,105.0,36.0,20.0,575.000000,11,6,1,True,False,5,physical,62,42,2.014618,0.0
spanke_benes_rect_5x5,default,1-4-3-0-2,routed,5,5,0,0,14,4,3,I0-I1:2;I0-I3:3;I0-I4:2;I2-I4:3,3111.000000,5524.734457,2413.734457,1.483864,3.205315,1.721451,1.609494,8.0,3.5,4.0,6.0,10.0,20.0,16.0,48.0,80.0,200.0,False,False,0.002,0.005,0.1,0.0,0.0,0.0,40000,20000,16,8,69.0,16,105.0,36.0,20.0,575.000000,5,6,1,True,False,5,physical,63,42,0.819372,0.0
spanke_benes_rect_5x5,default,1-3-0-4-2,routed,5,5,0,0,18,6,4,I0-I1:2;I0-I2:3;I0-I4:2;I1-I3:4;I1-I4:3;I2-I3:2,3111.000000,5736.588439,2625.588439,1.549497,4.362736,2.813239,1.855235,8.0,3.5,4.0,6.0,10.0,20.0,16.0,48.0,80.0,200.0,False,False,0.002,0.005,0.1,0.0,0.0,0.0,40000,20000,16,8,69.0,16,105.0,36.0,20.0,575.000000,11,6,1,True,False,5,physical,64,42,1.823458,0.0
spanke_benes_rect_5x5,default,0-2-4-1-3,routed,5,5,0,0,19,6,4,I0-I1:2;I0-I3:4;I1-I2:2;I1-I3:3;I1-I4:4;I2-I4:3,3111.000000,5737.464549,2626.464549,1.549497,3.959616,2.410118,1.889586,8.0,3.5,4.0,6.0,10.0,20.0,16.0,48.0,80.0,200.0,False,False,0.002,0.005,0.1,0.0,0.0,0.0,40000,20000,16,8,69.0,16,105.0,36.0,20.0,575.000000,9,6,1,True,False,5,physical,65,42,1.778836,0.0
spanke_benes_rect_5x5,default,3-0-2-1-4,routed,5,5,0,0,18,5,4,I0-I2:3;I0-I4:4;I1-I3:4;I2-I3:3;I2-I4:2,3111.000000,5721.318531,2610.318531,1.549497,3.906529,2.357032,1.844127,8.0,3.5,4.0,6.0,10.0,20.0,16.0,48.0,80.0,200.0,False,False,0.002,0.005,0.1,0.0,0.0,0.0,40000,20000,16,8,69.0,16,105.0,36.0,20.0,575.000000,9,6,1,True,False,5,physical,66,42,1.711150,0.0
spanke_benes_rect_5x5,default,0-3-2-4-1,routed,5,5,0,0,18,6,4,I0-I1:2;I0-I2:2;I0-I4:2;I1-I2:3;I1-I3:4;I2-I3:2,3111.000000,5728.442421,2617.442421,1.549497,4.321320,2.771823,1.852977,8.0,3.5,4.0,6.0,10.0,20.0,16.0,48.0,80.0,200.0,False,False,0.002,0.005,0.1,0.0,0.0,0.0,40000,20000,16,8,69.0,16,105.0,36.0,20.0,575.000000,10,6,1,True,False,5,physical,67,42,1.516467,0.0
spanke_benes_rect_5x5,default,2-1-4-0-3,routed,5,5,0,0,15,4,4,I0-I1:3;I0-I4:4;I1-I3:3;I2-I4:3,3111.000000,5573.318531,2462.318531,1.485497,3.442241,1.956743,1.664927,8.0,3.5,4.0,6.0,10.0,20.0,16.0,48.0,80.0,200.0,False,False,0.002,0.005,0.1,0.0,0.0,0.0,40000,20000,16,8,69.0,16,105.0,36.0,20.0,575.000000,7,6,1,True,False,5,physical,68,42,1.122848,0.0
spanke_benes_rect_5x5,default,0-1-4-3-2,routed,5,5,0,0,17,5,6,I0-I1:6;I1-I3:2;I1-I4:2;I2-I3:3;I3-I4:3,3111.000000,5662.048623,2551.048623,1.549497,4.019575,2.470077,1.775419,8.0,3.5,4.0,6.0,10.0,20.0,16.0,48.0,80.0,200.0,False,False,0.002,0.005,0.1,0.0,0.0,0.0,40000,20000,16,8,69.0,16,105.0,36.0,20.0,575.000000,9,6,1,True,False,5,physical,69,42,1.739880,0.0
spanke_benes_rect_5x5,default,1-2-3-4-0,routed,5,5,0,0,18,3,6,I0-I1:4;I1-I2:4;I2-I3:6,3111.000000,5661.318531,2550.318531,1.498164,4.087616,2.589451,1.820127,8.0,3.5,4.0,6.0,10.0,20.0,16.0,48.0,80.0,200.0,False,False,0.002,0.005,0.1,0.0,0.0,0.0,40000,20000,16,8,69.0,16,105.0,36.0,20.0,575.000000,9,6,1,True,False,5,physical,70,42,1.177400,0.0
spanke_benes_rect_5x5,default,1-4-2-0-3,routed,5,5,0,0,15,4,4,I0-I1:2;I0-I2:2;I0-I3:3;I2-I4:4,3111.000000,5589.172512,2478.172512,1.485497,3.421533,1.936035,1.672269,8.0,3.5,4.0,6.0,10.0,20.0,16.0,48.0,80.0,200.0,False,False,0.002,0.005,0.1,0.0,0.0,0.0,40000,20000,16,8,69.0,16,105.0,36.0,20.0,575.000000,5,6,1,True,False,5,physical,71,42,0.791611,0.0
spanke_benes_rect_5x5,default,1-4-2-3-0,routed,5,5,0,0,14,3,4,I0-I1:2;I0-I2:2;I2-I3:4,3111.000000,5536.296402,2425.296402,1.485497,3.522690,2.037193,1.617119,8.0,3.5,4.0,6.0,10.0,20.0,16.0,48.0,80.0,200.0,False,False,0.002,0.005,0.1,0.0,0.0,0.0,40000,20000,16,8,69.0,16,105.0,36.0,20.0,575.000000,6,6,1,True,False,5,physical,72,42,0.712407,0.0
spanke_benes_rect_5x5,default,0-3-1-2-4,routed,5,5,0,0,20,6,4,I0-I1:2;I0-I2:4;I1-I3:3;I1-I4:4;I2-I3:4;I3-I4:2,3111.000000,5829.318531,2718.318531,1.549497,4.362736,2.813239,1.967327,8.0,3.5,4.0,6.0,10.0,20.0,16.0,48.0,80.0,200.0,False,False,0.002,0.005,0.1,0.0,0.0,0.0,40000,20000,16,8,69.0,16,105.0,36.0,20.0,575.000000,12,6,1,True,False,5,physical,73,42,2.325118,0.0
spanke_benes_rect_5x5,default,2-0-1-3-4,routed,5,5,0,0,20,5,6,I0-I2:3;I0-I3:4;I1-I2:4;I2-I3:2;I3-I4:6,3111.000000,5793.756586,2682.756586,1.510831,4.316991,2.806159,1.950103,8.0,3.5,4.0,6.0,10.0,20.0,16.0,48.0,80.0,200.0,False,False,0.002,0.005,0.1,0.0,0.0,0.0,40000,20000,16,8,69.0,16,105.0,36.0,20.0,575.000000,11,6,1,True,False,5,physical,74,42,1.881533,0.0
spanke_benes_rect_5x5,default,4-0-3-2-1,routed,5,5,0,0,13,3,3,I1-I3:2;I1-I4:2;I2-I3:3,3111.000000,5476.588439,2365.588439,1.536830,3.454281,1.917451,1.551235,8.0,3.5,4.0,6.0,10.0,20.0,16.0,48.0,80.0,200.0,False,False,0.002,0.005,0.1,0.0,0.0,0.0,40000,20000,16,8,69.0,16,105.0,36.0,20.0,575.000000,4,6,1,True,False,5,physical,75,42,0.626301,0.0
spanke_benes_rect_5x5,default,4-2-1-0-3,routed,5,5,0,0,13,3,3,I1-I4:2;I2-I3:3;I2-I4:2,3111.000000,5496.442421,2385.442421,1.536830,3.503697,1.966867,1.560177,8.0,3.5,4.0,6.0,10.0,20.0,16.0,48.0,80.0,200.0,False,False,0.002,0.005,0.1,0.0,0.0,0.0,40000,20000,16,8,69.0,16,105.0,36.0,20.0,575.000000,3,6,1,True,False,5,physical,76,42,0.412118,0.0
spanke_benes_rect_5x5,default,4-3-2-1-0,routed,5,5,0,0,10,0,1,,3111.000000,5391.274274,2280.274274,1.471197,2.926772,1.455575,1.406110,8.0,3.5,4.0,6.0,10.0,20.0,16.0,48.0,80.0,200.0,False,False,0.002,0.005,0.1,0.0,0.0,0.0,40000,20000,16,8,69.0,16,105.0,36.0,20.0,575.000000,1,6,1,True,False,5,physical,77,42,0.234502,0.0
spanke_benes_rect_5x5,default,4-0-3-1-2,routed,5,5,0,0,14,3,4,I1-I3:4;I2-I4:3;I3-I4:2,3111.000000,5536.880476,2425.880476,1.549497,3.819656,2.270159,1.613352,8.0,3.5,4.0,6.0,10.0,20.0,16.0,48.0,80.0,200.0,False,False,0.002,0.005,0.1,0.0,0.0,0.0,40000,20000,16,8,69.0,16,105.0,36.0,20.0,575.000000,5,6,1,True,False,5,physical,78,42,1.071125,0.0
spanke_benes_rect_5x5,default,0-4-1-3-2,routed,5,5,0,0,16,5,4,I0-I1:2;I0-I2:4;I2-I3:2;I2-I4:2;I3-I4:3,3111.000000,5644.880476,2533.880476,1.498164,3.702200,2.204035,1.736552,8.0,3.5,4.0,6.0,10.0,20.0,16.0,48.0,80.0,200.0,False,False,0.002,0.005,0.1,0.0,0.0,0.0,40000,20000,16,8,69.0,16,105.0,36.0,20.0,575.000000,8,6,1,True,False,5,physical,79,42,1.379617,0.0
spanke_benes_rect_5x5,default,3-2-0-4-1,routed,5,5,0,0,16,4,4,I0-I1:3;I0-I3:4;I2-I3:2;I2-I4:2,3111.000000,5691.566310,2580.566310,1.536830,4.045361,2.508531,1.764227,8.0,3.5,4.0,6.0,10.0,20.0,16.0,48.0,80.0,200.0,False,False,0.002,0.005,0.1,0.0,0.0,0.0,40000,20000,16,8,69.0,16,105.0,36.0,20.0,575.000000,9,6,1,True,False,5,physical,80,42,1.359292,0.0
spanke_benes_rect_5x5,default,1-4-0-3-2,routed,5,5,0,0,15,5,3,I0-I1:2;I0-I2:3;I0-I4:2;I2-I3:2;I3-I4:3,3111.000000,5608.442421,2497.442421,1.483864,3.522690,2.038826,1.684977,8.0,3.5,4.0,6.0,10.0,20.0,16.0,48.0,80.0,200.0,False,False,0.002,0.005,0.1,0.0,0.0,0.0,40000,20000,16,8,69.0,16,105.0,36.0,20.0,575.000000,7,6,1,True,False,5,physical,81,42,1.092563,0.0
spanke_benes_rect_5x5,default,4-1-2-0-3,routed,5,5,0,0,14,3,4,I1-I2:2;I1-I3:3;I2-I4:4,3111.000000,5564.880476,2453.880476,1.485497,3.421533,1.936035,1.624552,8.0,3.5,4.0,6.0,10.0,20.0,16.0,48.0,80.0,200.0,False,False,0.002,0.005,0.1,0.0,0.0,0.0,40000,20000,16,8,69.0,16,105.0,36.0,20.0,575.000000,4,6,1,True,False,5,physical,82,42,0.649532,0.0
spanke_benes_rect_5x5,default,0-4-2-1-3,routed,5,5,0,0,16,4,4,I0-I1:2;I0-I3:4;I2-I3:3;I2-I4:4,3111.000000,5625.610567,2514.610567,1.549497,3.819656,2.270159,1.723844,8.0,3.5,4.0,6.0,10.0,20.0,16.0,48.0,80.0,200.0,False,False,0.002,0.005,0.1,0.0,0.0,0.0,40000,20000,16,8,69.0,16,105.0,36.0,20.0,575.000000,6,6,1,True,False,5,physical,83,42,1.291082,0.0
spanke_benes_rect_5x5,default,0-1-2-3-4,routed,5,5,0,0,22,4,6,I0-I1:6;I1-I2:4;I2-I3:6;I3-I4:6,3111.000000,5823.070751,2712.070751,1.510831,4.348991,2.838159,2.032828,8.0,3.5,4.0,6.0,10.0,20.0,16.0,48.0,80.0,200.0,False,False,0.002,0.005,0.1,0.0,0.0,0.0,40000,20000,16,8,69.0,16,105.0,36.0,20.0,575.000000,12,6,1,True,False,5,physical,84,42,2.255021,0.0
spanke_benes_rect_5x5,default,4-3-0-2-1,routed,5,5,0,0,12,2,2,I2-I3:2;I2-I4:2,3111.000000,5523.274274,2412.274274,1.483864,3.230023,1.746159,1.538910,8.0,3.5,4.0,6.0,10.0,20.0,16.0,48.0,80.0,200.0,False,False,0.002,0.005,0.1,0.0,0.0,0.0,40000,20000,16,8,69.0,16,105.0,36.0,20.0,575.000000,4,6,1,True,False,5,physical,85,42,0.531888,0.0
spanke_benes_rect_5x5,default,4-1-2-3-0,routed,5,5,0,0,13,2,4,I1-I2:2;I2-I3:4,3111.000000,5512.004365,2401.004365,1.485497,3.522690,2.037193,1.569402,8.0,3.5,4.0,6.0,10.0,20.0,16.0,48.0,80.0,200.0,False,False,0.002,0.005,0.1,0.0,0.0,0.0,40000,20000,16,8,69.0,16,105.0,36.0,20.0,575.000000,5,6,1,True,False,5,physical,86,42,0.682834,0.0
spanke_benes_rect_5x5,default,2-1-3-4-0,routed,5,5,0,0,17,3,6,I0-I1:3;I0-I2:4;I2-I3:6,3111.000000,5613.172512,2502.172512,1.498164,4.055616,2.557451,1.761869,8.0,3.5,4.0,6.0,10.0,20.0,16.0,48.0,80.0,200.0,False,False,0.002,0.005,0.1,0.0,0.0,0.0,40000,20000,16,8,69.0,16,105.0,36.0,20.0,575.000000,8,6,1,True,False,5,physical,87,42,0.872119,0.0
spanke_benes_rect_5x5,default,4-2-3-1-0,routed,5,5,0,0,11,1,2,I1-I2:2,3111.000000,5439.566310,2328.566310,1.471197,3.237315,1.766118,1.463427,8.0,3.5,4.0,6.0,10.0,20.0,16.0,48.0,80.0,200.0,False,False,0.002,0.005,0.1,0.0,0.0,0.0,40000,20000,16,8,69.0,16,105.0,36.0,20.0,575.000000,2,6,1,True,False,5,physical,88,42,0.357231,0.0
spanke_benes_rect_5x5,default,2-0-4-3-1,routed,5,5,0,0,15,4,4,I0-I1:3;I0-I3:4;I1-I4:2;I2-I3:3,3111.000000,5577.464549,2466.464549,1.549497,3.843656,2.294159,1.665586,8.0,3.5,4.0,6.0,10.0,20.0,16.0,48.0,80.0,200.0,False,False,0.002,0.005,0.1,0.0,0.0,0.0,40000,20000,16,8,69.0,16,105.0,36.0,20.0,575.000000,7,6,1,True,False,5,physical,89,42,1.232032,0.0
spanke_benes_rect_5x5,default,4-1-3-2-0,routed,5,5,0,0,12,2,3,I1-I3:2;I2-I3:3,3111.000000,5428.296402,2317.296402,1.536830,3.454281,1.917451,1.493919,8.0,3.5,4.0,6.0,10.0,20.0,16.0,48.0,80.0,200.0,False,False,0.002,0.005,0.1,0.0,0.0,0.0,40000,20000,16,8,69.0,16,105.0,36.0,20.0,575.000000,3,6,1,True,False,5,physical,90,42,0.532694,0.0
spanke_benes_rect_5x5,default,3-2-4-1-0,routed,5,5,0,0,14,2,4,I0-I1:3;I0-I2:4,3111.000000,5559.566310,2448.566310,1.536830,3.865113,2.328283,1.631427,8.0,3.5,4.0,6.0,10.0,20.0,16.0,48.0,80.0,200.0,False,False,0.002,0.005,0.1,0.0,0.0,0.0,40000,20000,16,8,69.0,16,105.0,36.0,20.0,575.000000,5,6,1,True,False,5,physical,91,42,0.648353,0.0
spanke_benes_rect_5x5,default,3-1-4-2-0,routed,5,5,0,0,15,3,4,I0-I2:4;I0-I3:3;I1-I3:2,3111.000000,5572.150384,2461.150384,1.536830,3.865113,2.328283,1.672460,8.0,3.5,4.0,6.0,10.0,20.0,16.0,48.0,80.0,200.0,False,False,0.002,0.005,0.1,0.0,0.0,0.0,40000,20000,16,8,69.0,16,105.0,36.0,20.0,575.000000,6,6,1,True,False,5,physical,92,42,0.856832,0.0
spanke_benes_rect_5x5,default,3-4-0-2-1,routed,5,5,0,0,13,3,2,I0-I1:2;I2-I3:2;I2-I4:2,3111.000000,5547.566310,2436.566310,1.483864,3.320855,1.836991,1.586627,8.0,3.5,4.0,6.0,10.0,20.0,16.0,48.0,80.0,200.0,False,False,0.002,0.005,0.1,0.0,0.0,0.0,40000,20000,16,8,69.0,16,105.0,36.0,20.0,575.000000,5,6,1,True,False,5,physical,93,42,0.740210,0.0
spanke_benes_rect_5x5,default,1-0-2-4-3,routed,5,5,0,0,20,5,5,I0-I1:5;I0-I2:4;I2-I3:2;I2-I4:4;I3-I4:5,3111.000000,5742.486678,2631.486678,1.498164,3.725941,2.227777,1.924595,8.0,3.5,4.0,6.0,10.0,20.0,16.0,48.0,80.0,200.0,False,False,0.002,0.005,0.1,0.0,0.0,0.0,40000,20000,16,8,69.0,16,105.0,36.0,20.0,575.000000,11,6,1,True,False,5,physical,94,42,1.879056,0.0
spanke_benes_rect_5x5,default,2-4-3-1-0,routed,5,5,0,0,12,2,2,I0-I1:2;I0-I2:2,3111.000000,5440.004365,2329.004365,1.483864,3.205315,1.721451,1.500602,8.0,3.5,4.0,6.0,10.0,20.0,16.0,48.0,80.0,200.0,False,False,0.002,0.005,0.1,0.0,0.0,0.0,40000,20000,16,8,69.0,16,105.0,36.0,20.0,575.000000,3,6,1,True,False,5,physical,95,42,0.497453,0.0
spanke_benes_rect_5x5,default,4-1-0-2-3,routed,5,5,0,0,15,4,4,I1-I2:3;I1-I3:2;I2-I3:2;I3-I4:4,3111.000000,5640.442421,2529.442421,1.498164,3.759616,2.261451,1.697777,8.0,3.5,4.0,6.0,10.0,20.0,16.0,48.0,80.0,200.0,False,False,0.002,0.005,0.1,0.0,0.0,0.0,40000,20000,16,8,69.0,16,105.0,36.0,20.0,575.000000,6,6,1,True,False,5,physical,96,42,1.115029,0.0
spanke_benes_rect_5x5,default,3-0-4-2-1,routed,5,5,0,0,16,4,4,I0-I2:4;I0-I3:3;I1-I3:2;I1-I4:2,3111.000000,5620.442421,2509.442421,1.536830,3.906529,2.369699,1.729777,8.0,3.5,4.0,6.0,10.0,20.0,16.0,48.0,80.0,200.0,False,False,0.002,0.005,0.1,0.0,0.0,0.0,40000,20000,16,8,69.0,16,105.0,36.0,20.0,575.000000,8,6,1,True,False,5,physical,97,42,1.419212,0.0
spanke_benes_rect_5x5,default,2-3-4-0-1,routed,5,5,0,0,16,3,4,I0-I1:4;I1-I2:4;I3-I4:2,3111.000000,5632.150384,2521.150384,1.549497,4.141072,2.591575,1.736460,8.0,3.5,4.0,6.0,10.0,20.0,16.0,48.0,80.0,200.0,False,False,0.002,0.005,0.1,0.0,0.0,0.0,40000,20000,16,8,69.0,16,105.0,36.0,20.0,575.000000,7,6,1,True,False,5,physical,98,42,0.816629,0.0
spanke_benes_rect_5x5,default,1-0-4-3-2,routed,5,5,0,0,16,5,5,I0-I1:5;I0-I3:2;I0-I4:2;I2-I3:3;I3-I4:3,3111.000000,5637.756586,2526.756586,1.549497,3.843656,2.294159,1.727703,8.0,3.5,4.0,6.0,10.0,20.0,16.0,48.0,80.0,200.0,False,False,0.002,0.005,0.1,0.0,0.0,0.0,40000,20000,16,8,69.0,16,105.0,36.0,20.0,575.000000,8,6,1,True,False,5,physical,99,42,1.576713,0.0
spanke_benes_rect_5x5,default,1-0-3-4-2,routed,5,5,0,0,19,5,6,I0-I1:5;I0-I2:2;I0-I4:2;I2-I3:6;I2-I4:3,3111.000000,5706.048623,2595.048623,1.498164,4.055616,2.557451,1.873019,8.0,3.5,4.0,6.0,10.0,20.0,16.0,48.0,80.0,200.0,False,False,0.002,0.005,0.1,0.0,0.0,0.0,40000,20000,16,8,69.0,16,105.0,36.0,20.0,575.000000,10,6,1,True,False,5,physical,100,42,1.269495,0.0
spanke_benes_rect_5x5,default,4-1-3-0-2,routed,5,5,0,0,13,3,3,I1-I3:3;I1-I4:2;I2-I4:3,3111.000000,5500.442421,2389.442421,1.471197,3.205315,1.734118,1.561777,8.0,3.5,4.0,6.0,10.0,20.0,16.0,48.0,80.0,200.0,False,False,0.002,0.005,0.1,0.0,0.0,0.0,40000,20000,16,8,69.0,16,105.0,36.0,20.0,575.000000,4,6,1,True,False,5,physical,101,42,0.603177,0.0
spanke_benes_rect_5x5,default,4-3-1-2-0,routed,5,5,0,0,11,1,2,I2-I3:2,3111.000000,5474.982237,2363.982237,1.471197,3.210023,1.738826,1.481593,8.0,3.5,4.0,6.0,10.0,20.0,16.0,48.0,80.0,200.0,False,False,0.002,0.005,0.1,0.0,0.0,0.0,40000,20000,16,8,69.0,16,105.0,36.0,20.0,575.000000,3,6,1,True,False,5,physical,102,42,0.490747,0.0
spanke_benes_rect_5x5,default,0-1-4-2-3,routed,5,5,0,0,18,4,6,I0-I1:6;I1-I3:4;I2-I4:3;I3-I4:4,3111.000000,5690.340659,2579.340659,1.510831,4.019575,2.508743,1.824736,8.0,3.5,4.0,6.0,10.0,20.0,16.0,48.0,80.0,200.0,False,False,0.002,0.005,0.1,0.0,0.0,0.0,40000,20000,16,8,69.0,16,105.0,36.0,20.0,575.000000,10,6,1,True,False,5,physical,103,42,1.802833,0.0
spanke_benes_rect_5x5,default,2-1-0-3-4,routed,5,5,0,0,19,5,6,I0-I1:3;I0-I3:4;I1-I2:3;I2-I3:2;I3-I4:6,3111.000000,5757.318531,2646.318531,1.510831,4.316991,2.806159,1.898527,8.0,3.5,4.0,6.0,10.0,20.0,16.0,48.0,80.0,200.0,False,False,0.002,0.005,0.1,0.0,0.0,0.0,40000,20000,16,8,69.0,16,105.0,36.0,20.0,575.000000,10,6,1,True,False,5,physical,104,42,1.562282,0.0
spanke_benes_rect_5x5,default,3-0-2-4-1,routed,5,5,0,0,17,5,4,I0-I2:3;I0-I3:4;I1-I2:2;I1-I4:2;I2-I3:2,3111.000000,5704.150384,2593.150384,1.536830,4.045361,2.508531,1.805260,8.0,3.5,4.0,6.0,10.0,20.0,16.0,48.0,80.0,200.0,False,False,0.002,0.005,0.1,0.0,0.0,0.0,40000,20000,16,8,69.0,16,105.0,36.0,20.0,575.000000,10,6,1,True,False,5,physical,105,42,1.684707,0.0
spanke_benes_rect_5x5,default,0-2-4-3-1,routed,5,5,0,0,18,5,4,I0-I1:4;I0-I4:2;I1-I2:2;I1-I3:4;I2-I3:3,3111.000000,5705.172512,2594.172512,1.549497,3.854200,2.304702,1.838669,8.0,3.5,4.0,6.0,10.0,20.0,16.0,48.0,80.0,200.0,False,False,0.002,0.005,0.1,0.0,0.0,0.0,40000,20000,16,8,69.0,16,105.0,36.0,20.0,575.000000,8,6,1,True,False,5,physical,106,42,1.572332,0.0
spanke_benes_rect_5x5,default,2-4-1-3-0,routed,5,5,0,0,13,3,2,I0-I1:2;I0-I3:2;I2-I3:2,3111.000000,5523.712329,2412.712329,1.483864,3.522690,2.038826,1.576085,8.0,3.5,4.0,6.0,10.0,20.0,16.0,48.0,80.0,200.0,False,False,0.002,0.005,0.1,0.0,0.0,0.0,40000,20000,16,8,69.0,16,105.0,36.0,20.0,575.000000,5,6,1,True,False,5,physical,107,42,0.659942,0.0
spanke_benes_rect_5x5,default,4-2-1-3-0,routed,5,5,0,0,12,2,2,I1-I3:2;I2-I3:2,3111.000000,5499.420292,2388.420292,1.471197,3.522690,2.051493,1.528368,8.0,3.5,4.0,6.0,10.0,20.0,16.0,48.0,80.0,200.0,False,False,0.002,0.005,0.1,0.0,0.0,0.0,40000,20000,16,8,69.0,16,105.0,36.0,20.0,575.000000,4,6,1,True,False,5,physical,108,42,0.442804,0.0
spanke_benes_rect_5x5,default,3-2-1-0-4,routed,5,5,0,0,16,4,4,I0-I1:3;I0-I4:4;I2-I3:3;I2-I4:2,3111.000000,5640.296402,2529.296402,1.536830,3.906529,2.369699,1.738719,8.0,3.5,4.0,6.0,10.0,20.0,16.0,48.0,80.0,200.0,False,False,0.002,0.005,0.1,0.0,0.0,0.0,40000,20000,16,8,69.0,16,105.0,36.0,20.0,575.000000,7,6,1,True,False,5,physical,109,42,1.193429,0.0
spanke_benes_rect_5x5,default,0-3-1-4-2,routed,5,5,0,0,19,6,4,I0-I1:2;I0-I2:4;I1-I3:4;I1-I4:3;I2-I3:2;I2-I4:2,3111.000000,5773.026494,2662.026494,1.549497,4.362736,2.813239,1.906811,8.0,3.5,4.0,6.0,10.0,20.0,16.0,48.0,80.0,200.0,False,False,0.002,0.005,0.1,0.0,0.0,0.0,40000,20000,16,8,69.0,16,105.0,36.0,20.0,575.000000,12,6,1,True,False,5,physical,110,42,2.080759,0.0
spanke_benes_rect_5x5,default,4-3-1-0-2,routed,5,5,0,0,12,2,3,I2-I3:3;I2-I4:2,3111.000000,5472.004365,2361.004365,1.536830,3.462281,1.925451,1.513402,8.0,3.5,4.0,6.0,10.0,20.0,16.0,48.0,80.0,200.0,False,False,0.002,0.005,0.1,0.0,0.0,0.0,40000,20000,16,8,69.0,16,105.0,36.0,20.0,575.000000,2,6,1,True,False,5,physical,111,42,0.400769,0.0
spanke_benes_rect_5x5,default,0-3-4-2-1,routed,5,5,0,0,17,5,4,I0-I1:2;I0-I3:2;I0-I4:2;I1-I2:4;I1-I3:3,3111.000000,5644.734457,2533.734457,1.549497,4.182488,2.632991,1.777494,8.0,3.5,4.0,6.0,10.0,20.0,16.0,48.0,80.0,200.0,False,False,0.002,0.005,0.1,0.0,0.0,0.0,40000,20000,16,8,69.0,16,105.0,36.0,20.0,575.000000,8,6,1,True,False,5,physical,112,42,1.179360,0.0
spanke_benes_rect_5x5,default,1-0-4-2-3,routed,5,5,0,0,17,4,5,I0-I1:5;I0-I3:4;I2-I4:3;I3-I4:4,3111.000000,5666.048623,2555.048623,1.498164,3.865031,2.366867,1.777019,8.0,3.5,4.0,6.0,10.0,20.0,16.0,48.0,80.0,200.0,False,False,0.002,0.005,0.1,0.0,0.0,0.0,40000,20000,16,8,69.0,16,105.0,36.0,20.0,575.000000,9,6,1,True,False,5,physical,113,42,1.686463,0.0
spanke_benes_rect_5x5,default,1-2-0-4-3,routed,5,5,0,0,19,5,5,I0-I1:4;I0-I2:3;I1-I4:4;I2-I3:2;I3-I4:5,3111.000000,5725.318531,2614.318531,1.498164,3.898447,2.400283,1.885727,8.0,3.5,4.0,6.0,10.0,20.0,16.0,48.0,80.0,200.0,False,False,0.002,0.005,0.1,0.0,0.0,0.0,40000,20000,16,8,69.0,16,105.0,36.0,20.0,575.000000,11,6,1,True,False,5,physical,114,42,1.711407,0.0
spanke_benes_rect_5x5,default,1-2-4-3-0,routed,5,5,0,0,17,4,4,I0-I1:4;I1-I2:2;I1-I3:4;I2-I3:3,3111.000000,5656.880476,2545.880476,1.549497,3.854200,2.304702,1.781352,8.0,3.5,4.0,6.0,10.0,20.0,16.0,48.0,80.0,200.0,False,False,0.002,0.005,0.1,0.0,0.0,0.0,40000,20000,16,8,69.0,16,105.0,36.0,20.0,575.000000,7,6,1,True,False,5,physical,115,42,1.414343,0.0
spanke_benes_rect_5x5,default,3-4-2-0-1,routed,5,5,0,0,12,2,2,I0-I1:2;I3-I4:2,3111.000000,5463.858347,2352.858347,1.483864,3.271439,1.787575,1.511143,8.0,3.5,4.0,6.0,10.0,20.0,16.0,48.0,80.0,200.0,False,False,0.002,0.005,0.1,0.0,0.0,0.0,40000,20000,16,8,69.0,16,105.0,36.0,20.0,575.000000,3,6,1,True,False,5,physical,116,42,0.513361,0.0
spanke_benes_rect_5x5,default,0-1-3-4-2,routed,5,5,0,0,20,5,6,I0-I1:6;I1-I2:2;I1-I4:2;I2-I3:6;I2-I4:3,3111.000000,5730.340659,2619.340659,1.510831,4.055616,2.544784,1.920736,8.0,3.5,4.0,6.0,10.0,20.0,16.0,48.0,80.0,200.0,False,False,0.002,0.005,0.1,0.0,0.0,0.0,40000,20000,16,8,69.0,16,105.0,36.0,20.0,575.000000,11,6,1,True,False,5,physical,117,42,1.451852,0.0
spanke_benes_rect_5x5,default,0-3-2-1-4,routed,5,5,0,0,19,6,4,I0-I1:2;I0-I3:4;I1-I2:3;I1-I4:4;I2-I3:3;I2-I4:2,3111.000000,5745.610567,2634.610567,1.549497,4.182488,2.632991,1.891844,8.0,3.5,4.0,6.0,10.0,20.0,16.0,48.0,80.0,200.0,False,False,0.002,0.005,0.1,0.0,0.0,0.0,40000,20000,16,8,69.0,16,105.0,36.0,20.0,575.000000,10,6,1,True,False,5,physical,118,42,1.933663,0.0
spanke_benes_rect_5x5,default,3-1-2-4-0,routed,5,5,0,0,16,4,4,I0-I2:3;I0-I3:4;I1-I2:2;I2-I3:2,3111.000000,5655.858347,2544.858347,1.536830,4.003945,2.467115,1.747943,8.0,3.5,4.0,6.0,10.0,20.0,16.0,48.0,80.0,200.0,False,False,0.002,0.005,0.1,0.0,0.0,0.0,40000,20000,16,8,69.0,16,105.0,36.0,20.0,575.000000,8,6,1,True,False,5,physical,119,42,1.172658,0.0
padded_benes_8x8,default,3-1-2-4-0-5,failed,6,5,1,0,30,10,5,I0-I1:3;I0-I2:5;I0-I3:2;I0-I5:2;I1-I2:4;I1-I3:2;I1-I5:2;I2-I3:4;I2-I5:2;I3-I5:4,4466.000000,7146.353906,2680.353906,2.970831,5.031196,2.060365,1.724142,8.0,3.5,4.0,6.0,10.0,20.0,16.0,48.0,80.0,200.0,False,False,0.002,0.005,0.1,0.0,0.0,0.0,40000,20000,16,8,69.0,16,105.0,36.0,20.0,575.000000,49,6,4,True,True,6,physical,0,42,32.814353,0.16666666666666666
padded_benes_8x8,default,3-0-2-4-5-1,failed,6,5,1,0,30,10,5,I0-I1:3;I0-I2:5;I0-I3:2;I0-I4:2;I1-I2:4;I1-I3:2;I1-I4:2;I2-I3:4;I2-I4:2;I3-I4:4,4466.000000,6920.207888,2454.207888,2.958164,5.031196,2.073032,1.647483,8.0,3.5,4.0,6.0,10.0,20.0,16.0,48.0,80.0,200.0,False,False,0.002,0.005,0.1,0.0,0.0,0.0,40000,20000,16,8,69.0,16,105.0,36.0,20.0,575.000000,47,6,4,True,True,6,physical,1,42,33.033334,0.16666666666666666
padded_benes_8x8,default,3-1-2-0-4-5,routed,6,6,0,0,53,15,7,I0-I1:3;I0-I2:3;I0-I3:3;I0-I4:2;I0-I5:2;I1-I2:4;I1-I3:5;I1-I4:2;I1-I5:2;I2-I3:7;I2-I4:6;I2-I5:4;I3-I4:2;I3-I5:2;I4-I5:6,4562.000000,8394.185759,3832.185759,3.089497,6.458028,3.368531,2.145729,8.0,3.5,4.0,6.0,10.0,20.0,16.0,48.0,80.0,200.0,False,False,0.002,0.005,0.1,0.0,0.0,0.0,40000,20000,16,8,69.0,16,105.0,36.0,20.0,575.000000,19,6,1,True,False,6,physical,2,42,8.283407,0.0
padded_benes_8x8,default,1-2-3-4-5-0,routed,6,6,0,0,33,11,4,I0-I1:2;I0-I2:4;I0-I3:2;I0-I4:2;I1-I2:4;I1-I3:2;I1-I4:2;I2-I3:4;I2-I4:2;I3-I4:2;I4-I5:3,4466.000000,8349.995484,3883.995484,2.958164,5.199485,2.241321,1.608832,8.0,3.5,4.0,6.0,10.0,20.0,16.0,48.0,80.0,200.0,False,False,0.002,0.005,0.1,0.0,0.0,0.0,40000,20000,16,8,69.0,16,105.0,36.0,20.0,575.000000,14,6,1,True,False,6,physical,3,42,5.626743,0.0
padded_benes_8x8,default,1-3-2-0-5-4,routed,6,6,0,0,61,15,9,I0-I1:6;I0-I2:4;I0-I3:3;I0-I4:2;I0-I5:2;I1-I2:9;I1-I3:5;I1-I4:4;I1-I5:4;I2-I3:5;I2-I4:2;I2-I5:2;I3-I4:2;I3-I5:2;I4-I5:9,4562.000000,9058.535300,4496.535300,3.106831,7.135403,4.028572,2.654678,8.0,3.5,4.0,6.0,10.0,20.0,16.0,48.0,80.0,200.0,False,False,0.002,0.005,0.1,0.0,0.0,0.0,40000,20000,16,8,69.0,16,105.0,36.0,20.0,575.000000,19,6,1,True,False,6,physical,4,42,9.773027,0.0
padded_benes_8x8,default,2-1-0-3-4-5,routed,6,6,0,0,53,15,8,I0-I1:3;I0-I2:3;I0-I3:4;I0-I4:2;I0-I5:4;I1-I2:5;I1-I3:4;I1-I4:2;I1-I5:2;I2-I3:8;I2-I4:2;I2-I5:2;I3-I4:2;I3-I5:4;I4-I5:6,4562.000000,8713.557429,4151.557429,3.038164,6.634902,3.596738,2.267186,8.0,3.5,4.0,6.0,10.0,20.0,16.0,48.0,80.0,200.0,False,False,0.002,0.005,0.1,0.0,0.0,0.0,40000,20000,16,8,69.0,16,105.0,36.0,20.0,575.000000,56,6,3,True,False,6,physical,5,42,68.673091,0.0
padded_benes_8x8,default,5-1-3-0-2-4,routed,6,6,0,0,46,13,5,I0-I1:3;I0-I3:3;I0-I5:5;I1-I2:4;I1-I3:5;I1-I4:2;I1-I5:2;I2-I3:5;I2-I4:5;I2-I5:2;I3-I4:2;I3-I5:2;I4-I5:4,4562.000000,8566.681319,4004.681319,3.089497,5.821527,2.732030,1.956560,8.0,3.5,4.0,6.0,10.0,20.0,16.0,48.0,80.0,200.0,False,False,0.002,0.005,0.1,0.0,0.0,0.0,40000,20000,16,8,69.0,16,105.0,36.0,20.0,575.000000,43,6,3,True,False,6,physical,6,42,64.833879,0.0
padded_benes_8x8,default,4-3-0-1-5-2,failed,6,5,1,0,32,9,6,I0-I2:3;I0-I3:3;I0-I4:6;I2-I3:6;I2-I4:2;I2-I5:2;I3-I4:2;I3-I5:2;I4-I5:5,4562.000000,7612.163631,3050.163631,3.038164,5.660819,2.622655,1.845465,8.0,3.5,4.0,6.0,10.0,20.0,16.0,48.0,80.0,200.0,False,False,0.002,0.005,0.1,0.0,0.0,0.0,40000,20000,16,8,69.0,16,105.0,36.0,20.0,575.000000,55,6,5,True,True,6,physical,7,42,29.169587,0.16666666666666666
padded_benes_8x8,default,2-1-4-3-5-0,routed,6,6,0,0,39,13,4,I0-I1:3;I0-I2:2;I0-I3:4;I0-I4:2;I1-I2:2;I1-I3:4;I1-I4:2;I1-I5:3;I2-I3:3;I2-I4:4;I3-I4:2;I3-I5:3;I4-I5:3,4466.000000,8920.973355,4454.973355,2.958164,6.196318,3.238154,1.938324,8.0,3.5,4.0,6.0,10.0,20.0,16.0,48.0,80.0,200.0,False,False,0.002,0.005,0.1,0.0,0.0,0.0,40000,20000,16,8,69.0,16,105.0,36.0,20.0,575.000000,32,6,2,True,False,6,physical,8,42,25.817775,0.0
padded_benes_8x8,default,3-1-0-5-4-2,routed,6,6,0,0,41,14,5,I0-I1:3;I0-I2:3;I0-I3:2;I0-I4:2;I0-I5:3;I1-I2:5;I1-I3:2;I1-I4:2;I1-I5:2;I2-I3:4;I2-I4:2;I2-I5:2;I3-I4:3;I4-I5:5,4466.000000,8739.557429,4273.557429,2.838164,5.787733,2.949568,2.007852,8.0,3.5,4.0,6.0,10.0,20.0,16.0,48.0,80.0,200.0,False,False,0.002,0.005,0.1,0.0,0.0,0.0,40000,20000,16,8,69.0,16,105.0,36.0,20.0,575.000000,19,6,1,True,False,6,physical,9,42,8.908988,0.0
waksman_6x6,default,3-1-2-4-0-5,routed,6,6,0,0,42,12,5,I0-I1:5;I0-I2:5;I0-I3:2;I1-I2:4;I1-I3:2;I1-I4:3;I1-I5:2;I2-I3:4;I2-I4:3;I2-I5:4;I3-I5:4;I4-I5:2,3866.000000,7404.668072,3538.668072,2.550831,5.420814,2.869983,2.100389,8.0,3.5,4.0,6.0,10.0,20.0,16.0,48.0,80.0,200.0,False,False,0.002,0.005,0.1,0.0,0.0,0.0,40000,20000,16,8,69.0,16,105.0,36.0,20.0,575.000000,23,6,2,True,False,6,physical,0,42,16.284358,0.0
waksman_6x6,default,3-0-2-4-5-1,routed,6,6,0,0,34,11,5,I0-I1:5;I0-I2:5;I0-I3:2;I0-I4:2;I1-I2:2;I1-I3:2;I1-I4:2;I1-I5:2;I2-I3:2;I3-I4:4;I4-I5:3,3866.000000,7392.376035,3526.376035,2.538164,4.533982,1.995818,1.831292,8.0,3.5,4.0,6.0,10.0,20.0,16.0,48.0,80.0,200.0,False,False,0.002,0.005,0.1,0.0,0.0,0.0,40000,20000,16,8,69.0,16,105.0,36.0,20.0,575.000000,91,6,7,True,False,6,physical,1,42,166.241599,0.0
waksman_6x6,default,3-1-2-0-4-5,failed,6,5,1,0,32,10,5,I0-I1:5;I0-I2:5;I0-I4:4;I0-I5:2;I1-I2:4;I1-I4:2;I1-I5:2;I2-I4:2;I2-I5:4;I4-I5:2,3866.000000,6276.734457,2410.734457,2.550831,5.299646,2.748815,1.995894,8.0,3.5,4.0,6.0,10.0,20.0,16.0,48.0,80.0,200.0,False,False,0.002,0.005,0.1,0.0,0.0,0.0,40000,20000,16,8,69.0,16,105.0,36.0,20.0,575.000000,49,6,4,True,True,6,physical,2,42,17.892476,0.16666666666666666
waksman_6x6,default,1-2-3-4-5-0,routed,6,6,0,0,43,12,6,I0-I1:4;I0-I2:4;I0-I3:2;I0-I4:2;I0-I5:3;I1-I2:6;I1-I3:2;I2-I3:4;I2-I4:4;I2-I5:3;I3-I4:4;I4-I5:3,3866.000000,7602.915851,3736.915851,2.538164,5.864313,3.326149,2.209805,8.0,3.5,4.0,6.0,10.0,20.0,16.0,48.0,80.0,200.0,False,False,0.002,0.005,0.1,0.0,0.0,0.0,40000,20000,16,8,69.0,16,105.0,36.0,20.0,575.000000,34,6,3,True,False,6,physical,3,42,43.482638,0.0
waksman_6x6,default,1-3-2-0-5-4,routed,6,6,0,0,35,12,5,I0-I1:2;I0-I2:2;I0-I4:2;I0-I5:2;I1-I2:3;I1-I3:3;I1-I4:2;I1-I5:4;I2-I3:5;I3-I4:2;I3-I5:2;I4-I5:5,3866.000000,7200.376035,3334.376035,2.446164,4.481522,2.035358,1.800625,8.0,3.5,4.0,6.0,10.0,20.0,16.0,48.0,80.0,200.0,False,False,0.002,0.005,0.1,0.0,0.0,0.0,40000,20000,16,8,69.0,16,105.0,36.0,20.0,575.000000,23,6,2,True,False,6,physical,4,42,10.441973,0.0
waksman_6x6,default,2-1-0-3-4-5,failed,6,5,1,0,31,10,5,I0-I1:5;I0-I3:4;I0-I4:4;I0-I5:2;I1-I3:4;I1-I4:2;I1-I5:2;I3-I4:2;I3-I5:4;I4-I5:2,3866.000000,6107.610567,2241.610567,2.550831,4.969440,2.418609,1.875844,8.0,3.5,4.0,6.0,10.0,20.0,16.0,48.0,80.0,200.0,False,False,0.002,0.005,0.1,0.0,0.0,0.0,40000,20000,16,8,69.0,16,105.0,36.0,20.0,575.000000,48,6,4,True,True,6,physical,5,42,19.801300,0.16666666666666666
waksman_6x6,default,5-1-3-0-2-4,failed,6,5,1,0,17,5,4,I1-I2:2;I1-I5:2;I2-I4:3;I2-I5:2;I4-I5:4,3866.000000,5529.172512,1663.172512,2.113497,3.720065,1.606568,1.106669,8.0,3.5,4.0,6.0,10.0,20.0,16.0,48.0,80.0,200.0,False,False,0.002,0.005,0.1,0.0,0.0,0.0,40000,20000,16,8,69.0,16,105.0,36.0,20.0,575.000000,34,6,4,True,True,6,physical,6,42,82.026666,0.16666666666666666
waksman_6x6,default,4-3-0-1-5-2,failed,6,5,1,0,26,8,5,I0-I1:3;I0-I4:4;I1-I3:5;I1-I4:2;I1-I5:3;I3-I4:2;I3-I5:2;I4-I5:3,3866.000000,6084.734457,2218.734457,2.446164,4.387155,1.940991,1.672694,8.0,3.5,4.0,6.0,10.0,20.0,16.0,48.0,80.0,200.0,False,False,0.002,0.005,0.1,0.0,0.0,0.0,40000,20000,16,8,69.0,16,105.0,36.0,20.0,575.000000,46,6,4,True,True,6,physical,7,42,67.095565,0.16666666666666666
waksman_6x6,default,2-1-4-3-5-0,routed,6,6,0,0,39,13,5,I0-I1:3;I0-I2:2;I0-I3:4;I0-I4:2;I0-I5:3;I1-I2:2;I1-I3:2;I1-I4:2;I1-I5:3;I2-I3:5;I2-I4:4;I3-I4:2;I4-I5:3,3866.000000,7368.960108,3502.960108,2.550831,5.152024,2.601193,1.986820,8.0,3.5,4.0,6.0,10.0,20.0,16.0,48.0,80.0,200.0,False,False,0.002,0.005,0.1,0.0,0.0,0.0,40000,20000,16,8,69.0,16,105.0,36.0,20.0,575.000000,47,6,3,True,False,6,physical,8,42,88.617242,0.0
waksman_6x6,default,3-1-0-5-4-2,failed,6,5,1,0,23,7,5,I0-I1:5;I0-I4:4;I0-I5:3;I1-I3:2;I1-I4:2;I1-I5:2;I4-I5:3,3866.000000,5884.296402,2018.296402,2.269497,4.206690,1.937193,1.475519,8.0,3.5,4.0,6.0,10.0,20.0,16.0,48.0,80.0,200.0,False,False,0.002,0.005,0.1,0.0,0.0,0.0,40000,20000,16,8,69.0,16,105.0,36.0,20.0,575.000000,55,6,6,True,True,6,physical,9,42,77.911002,0.16666666666666666
spanke_benes_6x6,default,3-1-2-4-0-5,routed,6,6,0,0,24,5,6,I0-I1:5;I1-I2:6;I2-I3:4;I3-I4:3;I4-I5:2,6410.000000,9973.791961,3563.791961,2.559430,5.657837,3.098407,2.080431,8.0,3.5,4.0,6.0,10.0,20.0,16.0,48.0,80.0,200.0,False,False,0.002,0.005,0.1,0.0,0.0,0.0,40000,20000,16,8,69.0,16,105.0,36.0,20.0,995.000000,17,6,2,True,False,6,physical,0,42,12.619356,0.0
spanke_benes_6x6,default,3-0-2-4-5-1,routed,6,6,0,0,24,5,6,I0-I1:5;I1-I2:6;I1-I5:2;I2-I3:4;I3-I4:2,6410.000000,10072.769833,3662.769833,2.559430,5.657837,3.098407,2.119257,8.0,3.5,4.0,6.0,10.0,20.0,16.0,48.0,80.0,200.0,False,False,0.002,0.005,0.1,0.0,0.0,0.0,40000,20000,16,8,69.0,16,105.0,36.0,20.0,995.000000,18,6,2,True,False,6,physical,1,42,15.841824,0.0
spanke_benes_6x6,default,3-1-2-0-4-5,routed,6,6,0,0,27,6,6,I0-I1:5;I0-I4:2;I1-I2:6;I2-I3:5;I3-I4:4;I4-I5:2,6410.000000,10045.353906,3635.353906,2.559430,5.657837,3.098407,2.206785,8.0,3.5,4.0,6.0,10.0,20.0,16.0,48.0,80.0,200.0,False,False,0.002,0.005,0.1,0.0,0.0,0.0,40000,20000,16,8,69.0,16,105.0,36.0,20.0,995.000000,19,6,2,True,False,6,physical,2,42,13.600193,0.0
spanke_benes_6x6,default,1-2-3-4-5-0,routed,6,6,0,0,25,4,8,I0-I1:8;I1-I2:6;I2-I3:4;I3-I4:2,6410.000000,9952.522053,3542.522053,2.625063,6.288886,3.663823,2.102507,8.0,3.5,4.0,6.0,10.0,20.0,16.0,48.0,80.0,200.0,False,False,0.002,0.005,0.1,0.0,0.0,0.0,40000,20000,16,8,69.0,16,105.0,36.0,20.0,995.000000,11,6,1,True,False,6,physical,3,42,4.930417,0.0
spanke_benes_6x6,default,1-3-2-0-5-4,routed,6,6,0,0,27,7,6,I0-I1:6;I0-I2:2;I1-I2:5;I1-I5:2;I2-I3:5;I3-I4:2;I3-I5:2,6410.000000,10005.791961,3595.791961,2.559430,5.963961,3.404531,2.191097,8.0,3.5,4.0,6.0,10.0,20.0,16.0,48.0,80.0,200.0,False,False,0.002,0.005,0.1,0.0,0.0,0.0,40000,20000,16,8,69.0,16,105.0,36.0,20.0,995.000000,13,6,1,True,False,6,physical,4,42,4.324563,0.0
spanke_benes_6x6,default,2-1-0-3-4-5,routed,6,6,0,0,27,5,7,I0-I1:7;I1-I2:7;I2-I3:6;I3-I4:4;I4-I5:2,6410.000000,10096.230016,3686.230016,2.612396,5.980219,3.367823,2.218743,8.0,3.5,4.0,6.0,10.0,20.0,16.0,48.0,80.0,200.0,False,False,0.002,0.005,0.1,0.0,0.0,0.0,40000,20000,16,8,69.0,16,105.0,36.0,20.0,995.000000,25,6,2,True,False,6,physical,5,42,16.935409,0.0
spanke_benes_6x6,default,5-1-3-0-2-4,routed,6,6,0,0,24,6,4,I1-I2:4;I1-I3:3;I2-I3:3;I2-I5:2;I3-I4:4;I4-I5:2,6410.000000,9873.207888,3463.207888,2.546763,5.398586,2.851823,2.050236,8.0,3.5,4.0,6.0,10.0,20.0,16.0,48.0,80.0,200.0,False,False,0.002,0.005,0.1,0.0,0.0,0.0,40000,20000,16,8,69.0,16,105.0,36.0,20.0,995.000000,11,6,1,True,False,6,physical,6,42,3.914169,0.0
spanke_benes_6x6,default,4-3-0-1-5-2,routed,6,6,0,0,22,5,6,I0-I1:3;I1-I2:3;I2-I3:6;I3-I4:2;I3-I5:2,6410.000000,10041.017612,3631.017612,2.559430,5.783253,3.223823,2.052006,8.0,3.5,4.0,6.0,10.0,20.0,16.0,48.0,80.0,200.0,False,False,0.002,0.005,0.1,0.0,0.0,0.0,40000,20000,16,8,69.0,16,105.0,36.0,20.0,995.000000,10,6,1,True,False,6,physical,7,42,3.890877,0.0
spanke_benes_6x6,default,2-1-4-3-5-0,routed,6,6,0,0,23,5,7,I0-I1:7;I1-I2:4;I1-I3:2;I2-I3:3;I3-I4:2,6410.000000,10004.477796,3594.477796,2.556396,6.041635,3.485239,2.064826,8.0,3.5,4.0,6.0,10.0,20.0,16.0,48.0,80.0,200.0,False,False,0.002,0.005,0.1,0.0,0.0,0.0,40000,20000,16,8,69.0,16,105.0,36.0,20.0,995.000000,19,6,2,True,False,6,physical,8,42,15.142476,0.0
spanke_benes_6x6,default,3-1-0-5-4-2,routed,6,6,0,0,23,5,7,I0-I1:5;I1-I2:7;I2-I3:2;I2-I4:2;I2-I5:2,6410.000000,9925.353906,3515.353906,2.612396,5.984219,3.371823,2.033451,8.0,3.5,4.0,6.0,10.0,20.0,16.0,48.0,80.0,200.0,False,False,0.002,0.005,0.1,0.0,0.0,0.0,40000,20000,16,8,69.0,16,105.0,36.0,20.0,995.000000,16,6,2,True,False,6,physical,9,42,15.660391,0.0
spanke_benes_rect_6x6,default,3-1-2-4-0-5,routed,6,6,0,0,26,6,6,I0-I2:3;I0-I3:4;I1-I2:4;I2-I3:2;I3-I5:6;I4-I5:2,4520.000000,8415.893723,3895.893723,1.825131,5.014122,3.188991,2.268631,8.0,3.5,4.0,6.0,10.0,20.0,16.0,48.0,80.0,200.0,False,False,0.002,0.005,0.1,0.0,0.0,0.0,40000,20000,16,8,69.0,16,105.0,36.0,20.0,680.000000,11,6,1,True,False,6,physical,0,42,2.642268,0.0
spanke_benes_rect_6x6,default,3-0-2-4-5-1,routed,6,6,0,0,26,7,6,I0-I2:3;I0-I3:4;I1-I2:2;I1-I5:2;I2-I3:2;I2-I5:3;I3-I4:6,4520.000000,8342.331778,3822.331778,1.851129,5.014122,3.162992,2.241611,8.0,3.5,4.0,6.0,10.0,20.0,16.0,48.0,80.0,200.0,False,False,0.002,0.005,0.1,0.0,0.0,0.0,40000,20000,16,8,69.0,16,105.0,36.0,20.0,680.000000,11,6,1,True,False,6,physical,1,42,2.960254,0.0
spanke_benes_rect_6x6,default,3-1-2-0-4-5,routed,6,6,0,0,27,6,8,I0-I2:3;I0-I4:4;I1-I2:4;I1-I3:3;I2-I4:2;I4-I5:8,4520.000000,8414.331778,3894.331778,1.812463,4.840665,3.028201,2.298944,8.0,3.5,4.0,6.0,10.0,20.0,16.0,48.0,80.0,200.0,False,False,0.002,0.005,0.1,0.0,0.0,0.0,40000,20000,16,8,69.0,16,105.0,36.0,20.0,680.000000,12,6,1,True,False,6,physical,2,42,2.835852,0.0
spanke_benes_rect_6x6,default,1-2-3-4-5-0,routed,6,6,0,0,27,4,6,I0-I1:6;I1-I2:4;I2-I3:6;I3-I4:6,4520.000000,8376.623814,3856.623814,1.825131,5.046122,3.220991,2.284708,8.0,3.5,4.0,6.0,10.0,20.0,16.0,48.0,80.0,200.0,False,False,0.002,0.005,0.1,0.0,0.0,0.0,40000,20000,16,8,69.0,16,105.0,36.0,20.0,680.000000,12,6,1,True,False,6,physical,3,42,2.481566,0.0
spanke_benes_rect_6x6,default,1-3-2-0-5-4,routed,6,6,0,0,27,7,7,I0-I1:2;I0-I2:4;I0-I3:3;I1-I2:3;I1-I5:4;I2-I5:2;I4-I5:7,4520.000000,8360.477796,3840.477796,1.825131,4.958122,3.132991,2.280159,8.0,3.5,4.0,6.0,10.0,20.0,16.0,48.0,80.0,200.0,False,False,0.002,0.005,0.1,0.0,0.0,0.0,40000,20000,16,8,69.0,16,105.0,36.0,20.0,680.000000,13,6,1,True,False,6,physical,4,42,3.587849,0.0
spanke_benes_rect_6x6,default,2-1-0-3-4-5,routed,6,6,0,0,29,6,8,I0-I1:5;I0-I3:4;I1-I2:3;I2-I3:2;I3-I4:6;I4-I5:8,4520.000000,8459.937980,3939.937980,1.812463,4.872665,3.060201,2.371646,8.0,3.5,4.0,6.0,10.0,20.0,16.0,48.0,80.0,200.0,False,False,0.002,0.005,0.1,0.0,0.0,0.0,40000,20000,16,8,69.0,16,105.0,36.0,20.0,680.000000,14,6,1,True,False,6,physical,5,42,3.329560,0.0
spanke_benes_rect_6x6,default,5-1-3-0-2-4,routed,6,6,0,0,22,5,4,I1-I3:3;I1-I4:4;I2-I4:3;I2-I5:4;I4-I5:2,4520.000000,8221.747704,3701.747704,1.812463,4.408747,2.596283,2.071416,8.0,3.5,4.0,6.0,10.0,20.0,16.0,48.0,80.0,200.0,False,False,0.002,0.005,0.1,0.0,0.0,0.0,40000,20000,16,8,69.0,16,105.0,36.0,20.0,680.000000,8,6,1,True,False,6,physical,6,42,2.284938,0.0
spanke_benes_rect_6x6,default,4-3-0-1-5-2,routed,6,6,0,0,22,5,4,I0-I1:3;I0-I4:2;I2-I3:4;I3-I5:4;I4-I5:3,4520.000000,8296.871594,3776.871594,1.863796,4.462203,2.598407,2.101457,8.0,3.5,4.0,6.0,10.0,20.0,16.0,48.0,80.0,200.0,False,False,0.002,0.005,0.1,0.0,0.0,0.0,40000,20000,16,8,69.0,16,105.0,36.0,20.0,680.000000,11,6,1,True,False,6,physical,7,42,2.588402,0.0
spanke_benes_rect_6x6,default,2-1-4-3-5-0,routed,6,6,0,0,25,4,6,I0-I1:5;I0-I3:4;I2-I3:5;I2-I4:6,4520.000000,8298.039741,3778.039741,1.812463,4.668747,2.856283,2.195180,8.0,3.5,4.0,6.0,10.0,20.0,16.0,48.0,80.0,200.0,False,False,0.002,0.005,0.1,0.0,0.0,0.0,40000,20000,16,8,69.0,16,105.0,36.0,20.0,680.000000,10,6,1,True,False,6,physical,8,42,2.182557,0.0
spanke_benes_rect_6x6,default,3-1-0-5-4-2,routed,6,6,0,0,23,6,4,I0-I4:4;I0-I5:3;I1-I2:3;I1-I5:4;I2-I3:2;I3-I4:3,4520.000000,8230.331778,3710.331778,1.863796,4.511619,2.647823,2.104277,8.0,3.5,4.0,6.0,10.0,20.0,16.0,48.0,80.0,200.0,False,False,0.002,0.005,0.1,0.0,0.0,0.0,40000,20000,16,8,69.0,16,105.0,36.0,20.0,680.000000,11,6,1,True,False,6,physical,9,42,2.866503,0.0
padded_benes_8x8,default,1-3-4-2-6-0-5,routed,7,7,0,0,60,17,7,I0-I1:2;I0-I2:2;I0-I3:4;I0-I4:2;I0-I6:2;I1-I2:2;I1-I3:5;I1-I4:4;I1-I6:2;I2-I3:3;I2-I4:2;I2-I6:6;I3-I4:2;I3-I6:2;I4-I5:3;I4-I6:7;I5-I6:6,5201.000000,10583.008731,5382.008731,2.958164,7.097108,4.138944,2.422002,8.0,3.5,4.0,6.0,10.0,20.0,16.0,48.0,80.0,200.0,False,False,0.002,0.005,0.1,0.0,0.0,0.0,40000,20000,16,8,69.0,16,105.0,36.0,20.0,575.000000,23,6,2,True,False,7,physical,0,42,12.109515,0.0
padded_benes_8x8,default,3-6-2-4-0-5-1,routed,7,7,0,0,63,15,8,I0-I1:2;I0-I2:5;I0-I3:2;I0-I6:3;I1-I2:3;I1-I3:3;I1-I5:3;I2-I3:8;I2-I4:3;I2-I5:2;I2-I6:3;I3-I5:6;I4-I5:6;I4-I6:6;I5-I6:3,5177.000000,10781.110492,5604.110492,2.812830,6.774276,3.961446,2.609032,8.0,3.5,4.0,6.0,10.0,20.0,16.0,48.0,80.0,200.0,False,False,0.002,0.005,0.1,0.0,0.0,0.0,40000,20000,16,8,69.0,16,105.0,36.0,20.0,575.000000,62,6,5,True,False,7,physical,1,42,132.376022,0.0
padded_benes_8x8,default,3-2-4-1-5-6-0,routed,7,7,0,0,52,16,5,I0-I1:5;I0-I2:2;I0-I3:3;I0-I4:4;I0-I5:4;I1-I2:2;I1-I3:5;I1-I4:2;I1-I5:2;I2-I3:3;I2-I4:2;I2-I5:2;I3-I4:2;I3-I5:2;I4-I5:4;I5-I6:3,5273.000000,9813.637061,4540.637061,3.140830,5.455904,2.315074,1.911611,8.0,3.5,4.0,6.0,10.0,20.0,16.0,48.0,80.0,200.0,False,False,0.002,0.005,0.1,0.0,0.0,0.0,40000,20000,16,8,69.0,16,105.0,36.0,20.0,575.000000,21,6,1,True,False,7,physical,2,42,8.884193,0.0
padded_benes_8x8,default,2-5-0-3-6-1-4,drc_violation,7,7,0,1,74,19,7,I0-I1:2;I0-I2:3;I0-I3:5;I0-I4:4;I0-I6:2;I1-I2:3;I1-I3:3;I1-I4:2;I1-I6:7;I2-I3:6;I2-I4:2;I2-I5:4;I2-I6:4;I3-I4:4;I3-I5:3;I3-I6:6;I4-I5:5;I4-I6:5;I5-I6:2,5297.000000,11006.424657,5709.424657,3.038164,7.143610,4.105446,2.746978,8.0,3.5,4.0,6.0,10.0,20.0,16.0,48.0,80.0,200.0,False,False,0.002,0.005,0.1,0.0,0.0,0.0,40000,20000,16,8,69.0,16,105.0,36.0,20.0,575.000000,107,6,6,True,True,7,physical,3,42,316.634140,0.0
padded_benes_8x8,default,6-3-5-1-0-2-4,failed,7,6,1,0,46,12,5,I0-I1:5;I0-I2:5;I0-I3:3;I0-I6:3;I1-I2:2;I1-I3:5;I1-I5:5;I2-I3:3;I2-I6:5;I3-I5:2;I3-I6:2;I5-I6:4,5201.000000,8744.243263,3543.243263,2.940830,5.593361,2.652531,2.099581,8.0,3.5,4.0,6.0,10.0,20.0,16.0,48.0,80.0,200.0,False,False,0.002,0.005,0.1,0.0,0.0,0.0,40000,20000,16,8,69.0,16,105.0,36.0,20.0,575.000000,81,6,7,True,True,7,physical,4,42,233.378572,0.14285714285714285
padded_benes_8x8,default,5-0-3-4-1-6-2,routed,7,7,0,0,64,17,8,I0-I1:3;I0-I2:3;I0-I3:5;I0-I5:4;I1-I2:4;I1-I3:2;I1-I4:2;I1-I5:2;I1-I6:2;I2-I3:4;I2-I4:3;I2-I5:2;I2-I6:3;I3-I5:2;I4-I5:6;I4-I6:8;I5-I6:5,5273.000000,10730.716694,5457.716694,3.158164,6.715025,3.556861,2.559348,8.0,3.5,4.0,6.0,10.0,20.0,16.0,48.0,80.0,200.0,False,False,0.002,0.005,0.1,0.0,0.0,0.0,40000,20000,16,8,69.0,16,105.0,36.0,20.0,575.000000,32,6,2,True,False,7,physical,5,42,19.191749,0.0
padded_benes_8x8,default,4-5-1-2-6-3-0,failed,7,6,1,0,65,14,9,I0-I1:8;I0-I2:9;I0-I3:5;I0-I4:8;I0-I5:5;I1-I2:3;I1-I3:3;I1-I4:4;I2-I3:4;I2-I4:2;I2-I5:2;I3-I4:2;I3-I5:4;I4-I5:5,5297.000000,10046.052988,4749.052988,3.158164,7.918943,4.760779,2.938684,8.0,3.5,4.0,6.0,10.0,20.0,16.0,48.0,80.0,200.0,False,False,0.002,0.005,0.1,0.0,0.0,0.0,40000,20000,16,8,69.0,16,105.0,36.0,20.0,575.000000,106,6,6,True,True,7,physical,6,42,99.741156,0.14285714285714285
padded_benes_8x8,default,2-4-1-5-3-0-6,routed,7,7,0,0,53,15,6,I0-I1:2;I0-I3:2;I0-I4:2;I0-I6:2;I1-I2:3;I1-I3:6;I1-I6:2;I2-I3:4;I2-I4:2;I2-I5:5;I2-I6:2;I3-I6:4;I4-I5:5;I4-I6:4;I5-I6:2,5297.000000,9978.424657,4681.424657,3.153497,5.648234,2.494737,1.796121,8.0,3.5,4.0,6.0,10.0,20.0,16.0,48.0,80.0,200.0,False,False,0.002,0.005,0.1,0.0,0.0,0.0,40000,20000,16,8,69.0,16,105.0,36.0,20.0,575.000000,38,6,4,True,False,7,physical,7,42,102.394515,0.0
padded_benes_8x8,default,1-0-3-5-6-2-4,routed,7,7,0,0,64,19,8,I0-I1:3;I0-I2:4;I0-I3:2;I0-I4:2;I0-I6:2;I1-I2:4;I1-I3:2;I1-I4:2;I1-I5:2;I1-I6:2;I2-I3:4;I2-I4:2;I2-I5:3;I2-I6:2;I3-I4:2;I3-I6:7;I4-I5:3;I4-I6:7;I5-I6:8,5201.000000,10641.884841,5440.884841,2.958164,7.332359,4.374195,2.577396,8.0,3.5,4.0,6.0,10.0,20.0,16.0,48.0,80.0,200.0,False,False,0.002,0.005,0.1,0.0,0.0,0.0,40000,20000,16,8,69.0,16,105.0,36.0,20.0,575.000000,52,6,3,True,False,7,physical,8,42,36.058164,0.0
padded_benes_8x8,default,2-4-3-1-6-0-5,routed,7,7,0,0,60,18,9,I0-I1:2;I0-I2:4;I0-I3:3;I0-I4:2;I1-I2:3;I1-I3:3;I1-I4:2;I1-I6:2;I2-I3:9;I2-I4:4;I2-I5:3;I2-I6:2;I3-I4:2;I3-I5:3;I3-I6:2;I4-I5:5;I4-I6:5;I5-I6:2,5297.000000,10004.176878,4707.176878,3.140830,6.608819,3.467989,2.052051,8.0,3.5,4.0,6.0,10.0,20.0,16.0,48.0,80.0,200.0,False,False,0.002,0.005,0.1,0.0,0.0,0.0,40000,20000,16,8,69.0,16,105.0,36.0,20.0,575.000000,41,6,2,True,False,7,physical,9,42,32.359369,0.0
waksman_7x7,default,1-3-4-2-6-0-5,routed,7,7,0,0,64,18,7,I0-I1:6;I0-I3:4;I0-I4:2;I0-I6:2;I1-I2:2;I1-I3:7;I1-I4:4;I1-I5:3;I1-I6:6;I2-I3:3;I2-I4:4;I2-I6:2;I3-I4:2;I3-I5:3;I3-I6:2;I4-I5:3;I4-I6:3;I5-I6:4,4829.000000,9537.535300,4708.535300,3.358164,6.914437,3.556273,2.393153,8.0,3.5,4.0,6.0,10.0,20.0,16.0,48.0,80.0,200.0,False,False,0.002,0.005,0.1,0.0,0.0,0.0,40000,20000,16,8,69.0,16,105.0,36.0,20.0,575.000000,40,6,3,True,False,7,physical,0,42,43.226555,0.0
waksman_7x7,default,3-6-2-4-0-5-1,failed,7,6,1,0,26,6,4,I2-I3:2;I2-I5:2;I3-I5:2;I4-I5:4;I4-I6:4;I5-I6:3,4829.000000,7177.645943,2348.645943,2.723864,3.959858,1.235994,0.976549,8.0,3.5,4.0,6.0,10.0,20.0,16.0,48.0,80.0,200.0,False,False,0.002,0.005,0.1,0.0,0.0,0.0,40000,20000,16,8,69.0,16,105.0,36.0,20.0,575.000000,50,6,5,True,True,7,physical,1,42,31.023233,0.14285714285714285
waksman_7x7,default,3-2-4-1-5-6-0,failed,7,6,1,0,40,13,5,I0-I1:5;I0-I3:3;I0-I4:2;I0-I5:2;I0-I6:3;I1-I3:3;I1-I4:2;I1-I5:2;I3-I4:2;I3-I5:2;I3-I6:5;I4-I5:4;I5-I6:3,4829.000000,8033.207888,3204.207888,3.289497,4.790189,1.500692,1.809569,8.0,3.5,4.0,6.0,10.0,20.0,16.0,48.0,80.0,200.0,False,False,0.002,0.005,0.1,0.0,0.0,0.0,40000,20000,16,8,69.0,16,105.0,36.0,20.0,575.000000,46,6,4,True,True,7,physical,2,42,20.343741,0.14285714285714285
waksman_7x7,default,2-5-0-3-6-1-4,failed,7,6,1,0,43,11,7,I0-I1:2;I0-I3:4;I0-I5:5;I0-I6:2;I1-I4:2;I1-I5:3;I1-I6:5;I3-I5:7;I4-I5:3;I4-I6:3;I5-I6:6,4829.000000,8719.601686,3890.601686,3.238164,6.425481,3.187317,2.280867,8.0,3.5,4.0,6.0,10.0,20.0,16.0,48.0,80.0,200.0,False,False,0.002,0.005,0.1,0.0,0.0,0.0,40000,20000,16,8,69.0,16,105.0,36.0,20.0,575.000000,122,6,7,True,False,7,physical,3,42,171.940707,0.14285714285714285
waksman_7x7,default,6-3-5-1-0-2-4,routed,7,7,0,0,48,13,6,I0-I1:3;I0-I2:3;I1-I2:2;I1-I3:3;I1-I4:3;I1-I5:3;I1-I6:4;I2-I6:3;I3-I5:2;I3-I6:2;I4-I5:6;I4-I6:2;I5-I6:4,4829.000000,9052.411410,4223.411410,2.812830,5.460773,2.647943,1.764546,8.0,3.5,4.0,6.0,10.0,20.0,16.0,48.0,80.0,200.0,False,False,0.002,0.005,0.1,0.0,0.0,0.0,40000,20000,16,8,69.0,16,105.0,36.0,20.0,575.000000,17,6,1,True,False,7,physical,4,42,7.532910,0.0
waksman_7x7,default,5-0-3-4-1-6-2,failed,7,6,1,0,34,10,5,I0-I1:3;I0-I3:5;I0-I5:4;I1-I2:4;I1-I3:2;I1-I4:4;I1-I5:2;I2-I3:2;I3-I5:2;I4-I5:2,4829.000000,7922.769833,3093.769833,3.220830,4.356065,1.135235,1.553257,8.0,3.5,4.0,6.0,10.0,20.0,16.0,48.0,80.0,200.0,False,False,0.002,0.005,0.1,0.0,0.0,0.0,40000,20000,16,8,69.0,16,105.0,36.0,20.0,575.000000,94,6,7,True,True,7,physical,5,42,137.350098,0.14285714285714285
waksman_7x7,default,4-5-1-2-6-3-0,failed,7,6,1,0,37,10,6,I0-I1:6;I0-I3:3;I0-I4:2;I1-I3:3;I1-I4:2;I2-I3:4;I2-I5:4;I3-I4:2;I3-I5:4;I4-I5:3,4829.000000,8033.207888,3204.207888,3.358164,4.969739,1.611575,1.706236,8.0,3.5,4.0,6.0,10.0,20.0,16.0,48.0,80.0,200.0,False,False,0.002,0.005,0.1,0.0,0.0,0.0,40000,20000,16,8,69.0,16,105.0,36.0,20.0,575.000000,51,6,4,True,True,7,physical,6,42,128.162026,0.14285714285714285
waksman_7x7,default,2-4-1-5-3-0-6,routed,7,7,0,0,49,15,4,I0-I1:4;I0-I2:3;I0-I3:2;I0-I4:4;I0-I5:3;I0-I6:2;I1-I3:4;I1-I6:2;I2-I3:4;I2-I4:2;I2-I5:3;I3-I6:4;I4-I5:3;I4-I6:2;I5-I6:2,4829.000000,9112.411410,4283.411410,3.238164,4.727616,1.489451,1.781689,8.0,3.5,4.0,6.0,10.0,20.0,16.0,48.0,80.0,200.0,False,False,0.002,0.005,0.1,0.0,0.0,0.0,40000,20000,16,8,69.0,16,105.0,36.0,20.0,575.000000,71,6,4,True,False,7,physical,7,42,78.387260,0.0
waksman_7x7,default,1-0-3-5-6-2-4,routed,7,7,0,0,44,17,4,I0-I1:3;I0-I2:4;I0-I6:2;I1-I2:2;I1-I3:2;I1-I4:2;I1-I5:2;I1-I6:2;I2-I3:4;I2-I4:2;I2-I5:3;I2-I6:2;I3-I4:2;I3-I6:3;I4-I5:3;I4-I6:3;I5-I6:2,4829.000000,9042.557429,4213.557429,3.358164,5.049031,1.690867,1.675302,8.0,3.5,4.0,6.0,10.0,20.0,16.0,48.0,80.0,200.0,False,False,0.002,0.005,0.1,0.0,0.0,0.0,40000,20000,16,8,69.0,16,105.0,36.0,20.0,575.000000,62,6,5,True,False,7,physical,8,42,73.291741,0.0
waksman_7x7,default,2-4-3-1-6-0-5,failed,7,6,1,0,34,10,6,I0-I1:2;I0-I2:4;I0-I3:3;I0-I6:2;I1-I3:3;I1-I6:6;I2-I3:3;I3-I5:3;I3-I6:2;I5-I6:2,4829.000000,7945.601686,3116.601686,3.340830,4.629821,1.288991,1.496867,8.0,3.5,4.0,6.0,10.0,20.0,16.0,48.0,80.0,200.0,False,False,0.002,0.005,0.1,0.0,0.0,0.0,40000,20000,16,8,69.0,16,105.0,36.0,20.0,575.000000,114,6,7,True,False,7,physical,9,42,270.986023,0.14285714285714285
spanke_benes_7x7,default,1-3-4-2-6-0-5,routed,7,7,0,0,34,7,6,I0-I1:4;I0-I3:6;I0-I5:3;I1-I2:6;I1-I3:5;I2-I4:2;I2-I6:2,9135.000000,14157.929098,5022.929098,3.149362,7.310849,4.161487,2.519408,8.0,3.5,4.0,6.0,10.0,20.0,16.0,48.0,80.0,200.0,False,False,0.002,0.005,0.1,0.0,0.0,0.0,40000,20000,16,8,69.0,16,105.0,36.0,20.0,1205.000000,17,6,1,True,False,7,physical,0,42,7.278462,0.0
spanke_benes_7x7,default,3-6-2-4-0-5-1,routed,7,7,0,0,29,6,5,I0-I1:2;I0-I2:5;I0-I3:4;I2-I4:3;I3-I5:2;I4-I6:2,9135.000000,13921.052988,4786.052988,2.963729,6.094844,3.131115,2.313158,8.0,3.5,4.0,6.0,10.0,20.0,16.0,48.0,80.0,200.0,False,False,0.002,0.005,0.1,0.0,0.0,0.0,40000,20000,16,8,69.0,16,105.0,36.0,20.0,1205.000000,10,6,1,True,False,7,physical,1,42,5.000126,0.0
spanke_benes_7x7,default,3-2-4-1-5-6-0,routed,7,7,0,0,32,5,7,I0-I1:7;I0-I2:6;I1-I3:5;I2-I4:4;I4-I5:2,9135.000000,14155.052988,5020.052988,3.136695,7.090890,3.954195,2.465729,8.0,3.5,4.0,6.0,10.0,20.0,16.0,48.0,80.0,200.0,False,False,0.002,0.005,0.1,0.0,0.0,0.0,40000,20000,16,8,69.0,16,105.0,36.0,20.0,1205.000000,14,6,1,True,False,7,physical,2,42,6.538765,0.0
spanke_benes_7x7,default,2-5-0-3-6-1-4,routed,7,7,0,0,33,8,6,I0-I1:2;I0-I2:5;I0-I3:6;I0-I5:3;I1-I3:3;I1-I4:2;I2-I5:4;I3-I6:2,9135.000000,14094.221135,4959.221135,3.029362,6.717893,3.688531,2.471206,8.0,3.5,4.0,6.0,10.0,20.0,16.0,48.0,80.0,200.0,False,False,0.002,0.005,0.1,0.0,0.0,0.0,40000,20000,16,8,69.0,16,105.0,36.0,20.0,1205.000000,16,6,1,True,False,7,physical,3,42,6.553403,0.0
spanke_benes_7x7,default,6-3-5-1-0-2-4,routed,7,7,0,0,28,5,5,I1-I2:2;I1-I5:3;I1-I6:2;I3-I4:5;I3-I5:4,9135.000000,14009.154749,4874.154749,3.015062,6.148301,3.133239,2.319044,8.0,3.5,4.0,6.0,10.0,20.0,16.0,48.0,80.0,200.0,False,False,0.002,0.005,0.1,0.0,0.0,0.0,40000,20000,16,8,69.0,16,105.0,36.0,20.0,1205.000000,11,6,1,True,False,7,physical,4,42,4.784393,0.0
spanke_benes_7x7,default,5-0-3-4-1-6-2,routed,7,7,0,0,34,8,6,I0-I3:3;I0-I5:2;I1-I2:4;I1-I4:6;I1-I6:2;I2-I3:4;I2-I4:3;I4-I6:2,9135.000000,14103.929098,4968.929098,3.083729,6.607800,3.524071,2.503980,8.0,3.5,4.0,6.0,10.0,20.0,16.0,48.0,80.0,200.0,False,False,0.002,0.005,0.1,0.0,0.0,0.0,40000,20000,16,8,69.0,16,105.0,36.0,20.0,1205.000000,13,6,1,True,False,7,physical,5,42,6.510186,0.0
spanke_benes_7x7,default,4-5-1-2-6-3-0,routed,7,7,0,0,29,5,6,I0-I1:4;I0-I3:3;I1-I4:2;I2-I3:6;I3-I5:2,9135.000000,13909.052988,4774.052988,3.083729,6.500968,3.417239,2.309729,8.0,3.5,4.0,6.0,10.0,20.0,16.0,48.0,80.0,200.0,False,False,0.002,0.005,0.1,0.0,0.0,0.0,40000,20000,16,8,69.0,16,105.0,36.0,20.0,1205.000000,9,6,1,True,False,7,physical,6,42,4.941962,0.0
spanke_benes_7x7,default,2-4-1-5-3-0-6,routed,7,7,0,0,33,7,7,I0-I1:4;I0-I2:7;I0-I4:4;I1-I3:4;I1-I4:3;I2-I5:3;I3-I6:2,9135.000000,14067.783080,4932.783080,3.083729,6.717893,3.634164,2.465795,8.0,3.5,4.0,6.0,10.0,20.0,16.0,48.0,80.0,200.0,False,False,0.002,0.005,0.1,0.0,0.0,0.0,40000,20000,16,8,69.0,16,105.0,36.0,20.0,1205.000000,15,6,1,True,False,7,physical,7,42,6.664138,0.0
spanke_benes_7x7,default,1-0-3-5-6-2-4,routed,7,7,0,0,38,8,11,I0-I1:11;I0-I2:6;I0-I5:4;I1-I5:2;I2-I3:4;I2-I5:3;I2-I6:2;I3-I4:2,9135.000000,14320.805208,5185.805208,3.267962,8.100741,4.832779,2.675944,8.0,3.5,4.0,6.0,10.0,20.0,16.0,48.0,80.0,200.0,False,False,0.002,0.005,0.1,0.0,0.0,0.0,40000,20000,16,8,69.0,16,105.0,36.0,20.0,1205.000000,18,6,1,True,False,7,physical,8,42,9.072525,0.0
spanke_benes_7x7,default,2-4-3-1-6-0-5,routed,7,7,0,0,32,7,6,I0-I1:2;I0-I2:6;I0-I3:5;I1-I2:5;I1-I4:2;I1-I6:2;I3-I5:3,9135.000000,14041.345025,4906.345025,3.083729,6.585676,3.501947,2.431813,8.0,3.5,4.0,6.0,10.0,20.0,16.0,48.0,80.0,200.0,False,False,0.002,0.005,0.1,0.0,0.0,0.0,40000,20000,16,8,69.0,16,105.0,36.0,20.0,1205.000000,14,6,1,True,False,7,physical,9,42,4.922587,0.0
spanke_benes_rect_7x7,default,1-3-4-2-6-0-5,routed,7,7,0,0,34,7,6,I0-I1:2;I0-I3:4;I0-I5:3;I1-I2:4;I1-I3:5;I2-I6:6;I4-I6:5,6195.000000,11303.199006,5108.199006,2.139430,5.311253,3.171823,2.547343,8.0,3.5,4.0,6.0,10.0,20.0,16.0,48.0,80.0,200.0,False,False,0.002,0.005,0.1,0.0,0.0,0.0,40000,20000,16,8,69.0,16,105.0,36.0,20.0,785.000000,15,6,1,True,False,7,physical,0,42,4.997550,0.0
spanke_benes_rect_7x7,default,3-6-2-4-0-5-1,routed,7,7,0,0,29,7,4,I0-I1:2;I0-I2:3;I0-I3:2;I2-I3:2;I3-I5:4;I4-I5:2;I4-I6:2,6195.000000,11251.256510,5056.256510,2.126763,5.043294,2.916531,2.408930,8.0,3.5,4.0,6.0,10.0,20.0,16.0,48.0,80.0,200.0,False,False,0.002,0.005,0.1,0.0,0.0,0.0,40000,20000,16,8,69.0,16,105.0,36.0,20.0,785.000000,12,6,1,True,False,7,physical,1,42,3.217306,0.0
spanke_benes_rect_7x7,default,3-2-4-1-5-6-0,routed,7,7,0,0,34,5,8,I0-I1:5;I0-I2:4;I1-I3:3;I2-I4:6;I4-I5:8,6195.000000,11387.884841,5192.884841,2.126763,5.541796,3.415033,2.577967,8.0,3.5,4.0,6.0,10.0,20.0,16.0,48.0,80.0,200.0,False,False,0.002,0.005,0.1,0.0,0.0,0.0,40000,20000,16,8,69.0,16,105.0,36.0,20.0,785.000000,14,6,1,True,False,7,physical,2,42,3.293682,0.0
spanke_benes_rect_7x7,default,2-5-0-3-6-1-4,routed,7,7,0,0,33,9,4,I0-I1:2;I0-I3:4;I0-I5:3;I1-I4:2;I1-I6:3;I2-I3:2;I2-I5:4;I3-I6:4;I4-I6:3,6195.000000,11397.300768,5202.300768,2.178096,5.455830,3.277734,2.554943,8.0,3.5,4.0,6.0,10.0,20.0,16.0,48.0,80.0,200.0,False,False,0.002,0.005,0.1,0.0,0.0,0.0,40000,20000,16,8,69.0,16,105.0,36.0,20.0,785.000000,17,6,1,True,False,7,physical,3,42,5.703655,0.0
spanke_benes_rect_7x7,default,6-3-5-1-0-2-4,routed,7,7,0,0,28,7,3,I1-I5:3;I1-I6:2;I2-I6:3;I3-I4:3;I3-I5:2;I4-I5:2;I5-I6:2,6195.000000,11165.986602,4970.986602,2.126763,5.043294,2.916531,2.352425,8.0,3.5,4.0,6.0,10.0,20.0,16.0,48.0,80.0,200.0,False,False,0.002,0.005,0.1,0.0,0.0,0.0,40000,20000,16,8,69.0,16,105.0,36.0,20.0,785.000000,10,6,1,True,False,7,physical,4,42,3.223670,0.0
spanke_benes_rect_7x7,default,5-0-3-4-1-6-2,routed,7,7,0,0,32,9,4,I0-I3:3;I0-I5:2;I1-I2:2;I1-I4:4;I2-I3:4;I2-I6:3;I3-I5:2;I4-I5:2;I4-I6:2,6195.000000,11337.008731,5142.008731,2.165429,5.041039,2.875611,2.510574,8.0,3.5,4.0,6.0,10.0,20.0,16.0,48.0,80.0,200.0,False,False,0.002,0.005,0.1,0.0,0.0,0.0,40000,20000,16,8,69.0,16,105.0,36.0,20.0,785.000000,17,6,1,True,False,7,physical,5,42,5.199924,0.0
spanke_benes_rect_7x7,default,4-5-1-2-6-3-0,routed,7,7,0,0,29,5,4,I0-I1:4;I1-I4:2;I2-I3:4;I3-I5:4;I4-I5:3,6195.000000,11255.986602,5060.986602,2.178096,5.316998,3.138903,2.406710,8.0,3.5,4.0,6.0,10.0,20.0,16.0,48.0,80.0,200.0,False,False,0.002,0.005,0.1,0.0,0.0,0.0,40000,20000,16,8,69.0,16,105.0,36.0,20.0,785.000000,12,6,1,True,False,7,physical,6,42,3.778119,0.0
spanke_benes_rect_7x7,default,2-4-1-5-3-0-6,routed,7,7,0,0,35,9,6,I0-I1:2;I0-I2:3;I0-I4:4;I1-I3:4;I1-I4:3;I2-I3:2;I2-I5:3;I3-I6:6;I4-I6:2,6195.000000,11467.008731,5272.008731,2.139430,5.636669,3.497239,2.633431,8.0,3.5,4.0,6.0,10.0,20.0,16.0,48.0,80.0,200.0,False,False,0.002,0.005,0.1,0.0,0.0,0.0,40000,20000,16,8,69.0,16,105.0,36.0,20.0,785.000000,16,6,1,True,False,7,physical,7,42,5.611289,0.0
spanke_benes_rect_7x7,default,1-0-3-5-6-2-4,routed,7,7,0,0,38,8,7,I0-I1:7;I0-I2:2;I0-I5:4;I2-I3:2;I2-I5:5;I2-I6:4;I3-I4:6;I3-I6:5,6195.000000,11489.929098,5294.929098,2.139430,5.668669,3.529239,2.711408,8.0,3.5,4.0,6.0,10.0,20.0,16.0,48.0,80.0,200.0,False,False,0.002,0.005,0.1,0.0,0.0,0.0,40000,20000,16,8,69.0,16,105.0,36.0,20.0,785.000000,18,6,1,True,False,7,physical,8,42,6.400124,0.0
spanke_benes_rect_7x7,default,2-4-3-1-6-0-5,routed,7,7,0,0,32,8,5,I0-I1:2;I0-I2:4;I0-I3:3;I1-I2:3;I1-I6:4;I2-I6:2;I3-I5:3;I4-I6:5,6195.000000,11281.592804,5086.592804,2.126763,5.223541,3.096779,2.491884,8.0,3.5,4.0,6.0,10.0,20.0,16.0,48.0,80.0,200.0,False,False,0.002,0.005,0.1,0.0,0.0,0.0,40000,20000,16,8,69.0,16,105.0,36.0,20.0,785.000000,14,6,1,True,False,7,physical,9,42,4.649554,0.0
padded_benes_8x8,default,3-4-6-7-2-5-0-1,failed,8,7,1,0,60,13,10,I0-I1:2;I0-I2:2;I0-I5:2;I1-I2:6;I1-I5:2;I2-I5:3;I2-I7:3;I4-I5:4;I4-I6:5;I4-I7:7;I5-I6:3;I5-I7:3;I6-I7:10,6040.000000,9902.760951,3862.760951,3.030164,6.708152,3.677988,2.005360,8.0,3.5,4.0,6.0,10.0,20.0,16.0,48.0,80.0,200.0,False,False,0.002,0.005,0.1,0.0,0.0,0.0,40000,20000,16,8,69.0,16,105.0,36.0,20.0,575.000000,65,6,4,True,True,8,physical,0,42,45.144055,0.125
padded_benes_8x8,default,3-7-2-0-4-6-5-1,failed,8,7,1,0,62,19,7,I0-I1:2;I0-I2:5;I0-I3:3;I0-I6:2;I0-I7:3;I1-I2:3;I1-I3:3;I1-I4:3;I1-I6:3;I2-I3:7;I2-I4:2;I2-I6:2;I2-I7:3;I3-I4:2;I3-I6:2;I3-I7:4;I4-I6:4;I4-I7:3;I6-I7:5,6040.000000,10708.570676,4668.570676,3.089497,5.731196,2.641699,2.435449,8.0,3.5,4.0,6.0,10.0,20.0,16.0,48.0,80.0,200.0,False,False,0.002,0.005,0.1,0.0,0.0,0.0,40000,20000,16,8,69.0,16,105.0,36.0,20.0,575.000000,92,6,7,True,False,8,physical,1,42,92.553336,0.125
padded_benes_8x8,default,3-5-2-4-1-6-7-0,routed,8,8,0,0,98,24,8,I0-I1:2;I0-I2:5;I0-I3:2;I0-I5:2;I0-I6:2;I0-I7:3;I1-I2:5;I1-I3:7;I1-I5:4;I1-I6:2;I2-I3:8;I2-I4:3;I2-I5:4;I2-I6:2;I2-I7:3;I3-I4:3;I3-I5:6;I3-I6:2;I4-I5:8;I4-I6:4;I4-I7:5;I5-I6:4;I5-I7:3;I6-I7:5,6040.000000,13015.685684,6975.685684,3.196830,7.732152,4.535322,3.265796,8.0,3.5,4.0,6.0,10.0,20.0,16.0,48.0,80.0,200.0,False,False,0.002,0.005,0.1,0.0,0.0,0.0,40000,20000,16,8,69.0,16,105.0,36.0,20.0,575.000000,102,6,6,True,False,8,physical,2,42,158.209704,0.0
padded_benes_8x8,default,2-1-0-7-4-6-5-3,failed,8,6,2,0,48,15,6,I0-I1:3;I0-I2:3;I0-I4:2;I0-I5:2;I0-I6:2;I1-I2:5;I1-I4:2;I1-I5:2;I1-I6:2;I2-I4:2;I2-I5:2;I2-I6:4;I4-I5:6;I4-I6:6;I5-I6:5,6040.000000,8501.455668,2461.455668,3.145497,6.612860,3.467363,1.953652,8.0,3.5,4.0,6.0,10.0,20.0,16.0,48.0,80.0,200.0,False,False,0.002,0.005,0.1,0.0,0.0,0.0,40000,20000,16,8,69.0,16,105.0,36.0,20.0,575.000000,126,6,4,True,True,8,physical,3,42,243.310097,0.25
padded_benes_8x8,default,5-2-7-3-1-0-6-4,failed,8,7,1,0,61,14,7,I0-I1:3;I0-I2:6;I0-I3:3;I0-I6:6;I1-I2:2;I1-I3:4;I2-I3:5;I2-I6:7;I3-I4:3;I3-I5:3;I3-I6:2;I4-I5:5;I4-I6:4;I5-I6:2,6040.000000,10288.468915,4248.468915,3.209497,6.796860,3.587363,2.258134,8.0,3.5,4.0,6.0,10.0,20.0,16.0,48.0,80.0,200.0,False,False,0.002,0.005,0.1,0.0,0.0,0.0,40000,20000,16,8,69.0,16,105.0,36.0,20.0,575.000000,71,6,4,True,True,8,physical,4,42,153.254528,0.125
padded_benes_8x8,default,5-3-6-4-0-7-1-2,failed,8,7,1,0,79,18,11,I0-I1:3;I0-I2:6;I0-I3:3;I0-I5:4;I0-I6:3;I0-I7:3;I1-I2:2;I1-I3:2;I1-I5:2;I1-I7:5;I2-I3:11;I2-I5:6;I2-I6:5;I2-I7:5;I3-I5:4;I5-I6:3;I5-I7:3;I6-I7:6,6040.000000,11221.986602,5181.986602,3.081497,7.693527,4.612030,2.930710,8.0,3.5,4.0,6.0,10.0,20.0,16.0,48.0,80.0,200.0,False,False,0.002,0.005,0.1,0.0,0.0,0.0,40000,20000,16,8,69.0,16,105.0,36.0,20.0,575.000000,76,6,5,True,True,8,physical,5,42,47.846572,0.125
padded_benes_8x8,default,3-1-0-7-4-2-6-5,failed,8,7,1,0,62,19,7,I0-I1:3;I0-I2:3;I0-I3:2;I0-I4:2;I0-I5:3;I0-I7:2;I1-I2:5;I1-I3:2;I1-I4:2;I1-I5:2;I1-I7:2;I2-I3:4;I2-I4:2;I2-I5:2;I2-I7:2;I3-I7:5;I4-I5:7;I4-I7:4;I5-I7:6,6040.000000,10832.176878,4792.176878,3.066164,7.026565,3.960400,2.429193,8.0,3.5,4.0,6.0,10.0,20.0,16.0,48.0,80.0,200.0,False,False,0.002,0.005,0.1,0.0,0.0,0.0,40000,20000,16,8,69.0,16,105.0,36.0,20.0,575.000000,75,6,4,True,True,8,physical,6,42,101.929509,0.125
padded_benes_8x8,default,5-7-6-2-4-0-3-1,failed,8,6,2,0,57,11,7,I0-I1:6;I0-I2:6;I0-I4:3;I1-I2:7;I1-I3:3;I1-I4:5;I2-I3:5;I2-I4:7;I3-I4:2;I3-I6:6;I4-I6:3,6040.000000,9931.468915,3891.468915,3.081497,6.365279,3.283782,2.737156,8.0,3.5,4.0,6.0,10.0,20.0,16.0,48.0,80.0,200.0,False,False,0.002,0.005,0.1,0.0,0.0,0.0,40000,20000,16,8,69.0,16,105.0,36.0,20.0,575.000000,95,6,4,True,True,8,physical,7,42,61.038404,0.25
padded_benes_8x8,default,2-4-7-1-6-0-5-3,failed,8,6,2,0,55,12,8,I1-I2:6;I1-I3:3;I1-I6:6;I2-I3:3;I2-I6:3;I2-I7:3;I3-I5:3;I3-I6:2;I3-I7:2;I5-I6:6;I5-I7:8;I6-I7:7,6040.000000,10306.592804,4266.592804,3.140830,6.975191,3.834361,2.755198,8.0,3.5,4.0,6.0,10.0,20.0,16.0,48.0,80.0,200.0,False,False,0.002,0.005,0.1,0.0,0.0,0.0,40000,20000,16,8,69.0,16,105.0,36.0,20.0,575.000000,192,6,7,True,False,8,physical,8,42,508.821328,0.25
padded_benes_8x8,default,5-4-1-2-7-0-6-3,failed,8,5,3,0,38,9,6,I0-I1:5;I0-I4:6;I0-I6:4;I1-I3:3;I1-I4:4;I1-I6:4;I3-I4:4;I3-I6:2;I4-I6:5,6040.000000,7997.287521,1957.287521,3.089497,6.058028,2.968531,2.419115,8.0,3.5,4.0,6.0,10.0,20.0,16.0,48.0,80.0,200.0,False,False,0.002,0.005,0.1,0.0,0.0,0.0,40000,20000,16,8,69.0,16,105.0,36.0,20.0,575.000000,120,6,4,True,True,8,physical,9,42,131.714500,0.375
waksman_8x8,default,3-4-6-7-2-5-0-1,routed,8,8,0,0,70,14,10,I0-I1:2;I0-I2:2;I0-I3:2;I0-I5:2;I1-I2:4;I1-I3:4;I1-I5:2;I2-I3:6;I4-I5:4;I4-I6:5;I4-I7:7;I5-I6:3;I5-I7:3;I6-I7:10,5776.000000,10810.052988,5034.052988,3.000163,6.383904,3.383741,2.161013,8.0,3.5,4.0,6.0,10.0,20.0,16.0,48.0,80.0,200.0,False,False,0.002,0.005,0.1,0.0,0.0,0.0,40000,20000,16,8,69.0,16,105.0,36.0,20.0,575.000000,20,6,1,True,False,8,physical,0,42,11.018192,0.0
waksman_8x8,default,3-7-2-0-4-6-5-1,routed,8,8,0,0,77,22,7,I0-I1:2;I0-I2:3;I0-I3:3;I0-I4:2;I0-I5:2;I0-I6:2;I0-I7:3;I1-I7:3;I2-I3:3;I2-I4:2;I2-I5:2;I2-I6:4;I3-I4:4;I3-I5:2;I3-I6:2;I3-I7:4;I4-I5:4;I4-I6:4;I4-I7:7;I5-I6:3;I5-I7:5;I6-I7:5,5776.000000,11332.300768,5556.300768,3.089497,6.757320,3.667823,2.474075,8.0,3.5,4.0,6.0,10.0,20.0,16.0,48.0,80.0,200.0,False,False,0.002,0.005,0.1,0.0,0.0,0.0,40000,20000,16,8,69.0,16,105.0,36.0,20.0,575.000000,39,6,2,True,False,8,physical,1,42,40.138690,0.0
waksman_8x8,default,3-5-2-4-1-6-7-0,failed,8,7,1,0,73,21,9,I0-I1:4;I0-I2:9;I0-I3:2;I0-I4:3;I0-I5:2;I0-I6:2;I1-I2:3;I1-I3:7;I1-I4:3;I1-I5:4;I1-I6:2;I2-I3:4;I2-I4:3;I2-I5:2;I2-I6:2;I3-I4:3;I3-I5:4;I3-I6:2;I4-I5:6;I4-I6:4;I5-I6:2,5776.000000,10321.199006,4545.199006,3.089497,6.036612,2.947115,2.764485,8.0,3.5,4.0,6.0,10.0,20.0,16.0,48.0,80.0,200.0,False,False,0.002,0.005,0.1,0.0,0.0,0.0,40000,20000,16,8,69.0,16,105.0,36.0,20.0,575.000000,118,6,7,True,False,8,physical,2,42,233.642652,0.125
waksman_8x8,default,2-1-0-7-4-6-5-3,failed,8,7,1,0,59,21,5,I0-I1:3;I0-I2:3;I0-I3:2;I0-I4:4;I0-I5:2;I0-I6:2;I1-I2:5;I1-I3:2;I1-I4:2;I1-I5:2;I1-I6:2;I2-I3:4;I2-I4:2;I2-I5:2;I2-I6:2;I3-I4:3;I3-I5:3;I3-I6:3;I4-I5:4;I4-I6:4;I5-I6:3,5776.000000,9285.871594,3509.871594,3.038164,5.014391,1.976227,2.079535,8.0,3.5,4.0,6.0,10.0,20.0,16.0,48.0,80.0,200.0,False,False,0.002,0.005,0.1,0.0,0.0,0.0,40000,20000,16,8,69.0,16,105.0,36.0,20.0,575.000000,88,6,4,True,True,8,physical,3,42,221.195611,0.125
waksman_8x8,default,5-2-7-3-1-0-6-4,failed,8,7,1,0,53,15,5,I0-I1:3;I0-I2:4;I0-I3:3;I0-I6:2;I0-I7:5;I1-I2:2;I1-I3:4;I1-I7:4;I2-I3:3;I2-I6:3;I3-I6:2;I3-I7:2;I5-I6:2;I5-I7:4;I6-I7:5,5776.000000,9830.951227,4054.951227,3.209497,5.720354,2.510857,2.046129,8.0,3.5,4.0,6.0,10.0,20.0,16.0,48.0,80.0,200.0,False,False,0.002,0.005,0.1,0.0,0.0,0.0,40000,20000,16,8,69.0,16,105.0,36.0,20.0,575.000000,50,6,4,True,True,8,physical,4,42,29.240530,0.125
waksman_8x8,default,5-3-6-4-0-7-1-2,failed,8,7,1,0,50,14,5,I0-I1:3;I0-I2:4;I0-I3:3;I0-I5:2;I1-I2:2;I1-I3:2;I1-I5:2;I1-I6:3;I2-I3:5;I2-I5:4;I3-I5:2;I4-I5:4;I4-I6:4;I5-I6:3,5776.000000,9597.097245,3821.097245,3.066164,5.220819,2.154655,1.941456,8.0,3.5,4.0,6.0,10.0,20.0,16.0,48.0,80.0,200.0,False,False,0.002,0.005,0.1,0.0,0.0,0.0,40000,20000,16,8,69.0,16,105.0,36.0,20.0,575.000000,50,6,4,True,True,8,physical,5,42,124.315945,0.125
waksman_8x8,default,3-1-0-7-4-2-6-5,routed,8,8,0,0,74,24,6,I0-I1:3;I0-I2:3;I0-I3:2;I0-I4:2;I0-I5:5;I0-I7:2;I1-I2:5;I1-I3:2;I1-I4:2;I1-I5:2;I1-I7:2;I2-I3:4;I2-I4:2;I2-I5:2;I2-I6:2;I2-I7:2;I3-I4:3;I3-I6:3;I4-I5:3;I4-I6:4;I4-I7:6;I5-I6:2;I5-I7:6;I6-I7:3,5776.000000,11169.075117,5393.075117,3.038164,6.735733,3.697568,2.396394,8.0,3.5,4.0,6.0,10.0,20.0,16.0,48.0,80.0,200.0,False,False,0.002,0.005,0.1,0.0,0.0,0.0,40000,20000,16,8,69.0,16,105.0,36.0,20.0,575.000000,27,6,1,True,False,8,physical,6,42,14.169978,0.0
waksman_8x8,default,5-7-6-2-4-0-3-1,failed,8,7,1,0,57,13,9,I0-I1:4;I0-I2:4;I0-I4:5;I0-I7:3;I1-I2:3;I1-I6:3;I1-I7:3;I2-I3:3;I3-I4:2;I3-I6:2;I4-I6:3;I4-I7:5;I6-I7:9,5776.000000,9767.097245,3991.097245,2.981497,6.221320,3.239823,2.112885,8.0,3.5,4.0,6.0,10.0,20.0,16.0,48.0,80.0,200.0,False,False,0.002,0.005,0.1,0.0,0.0,0.0,40000,20000,16,8,69.0,16,105.0,36.0,20.0,575.000000,54,6,4,True,True,8,physical,7,42,26.579064,0.125
waksman_8x8,default,2-4-7-1-6-0-5-3,failed,8,7,1,0,62,17,7,I0-I1:2;I0-I2:2;I0-I3:5;I0-I4:2;I0-I6:2;I0-I7:4;I1-I2:4;I1-I3:3;I1-I4:4;I1-I6:2;I2-I3:3;I3-I4:2;I3-I6:4;I3-I7:2;I4-I6:3;I4-I7:7;I6-I7:7,5776.000000,10002.513172,4226.513172,3.140830,6.782235,3.641405,2.436718,8.0,3.5,4.0,6.0,10.0,20.0,16.0,48.0,80.0,200.0,False,False,0.002,0.005,0.1,0.0,0.0,0.0,40000,20000,16,8,69.0,16,105.0,36.0,20.0,575.000000,64,6,4,True,True,8,physical,8,42,56.283465,0.125
waksman_8x8,default,5-4-1-2-7-0-6-3,routed,8,8,0,0,91,25,5,I0-I1:5;I0-I2:5;I0-I3:3;I0-I4:4;I0-I6:2;I1-I2:3;I1-I3:3;I1-I4:4;I1-I5:3;I1-I6:2;I2-I3:4;I2-I4:2;I2-I5:3;I2-I6:2;I2-I7:4;I3-I4:2;I3-I5:3;I3-I6:2;I3-I7:4;I4-I5:5;I4-I6:5;I4-I7:5;I5-I6:4;I5-I7:4;I6-I7:5,5776.000000,11629.614933,5853.614933,3.158164,6.283485,3.125321,2.892779,8.0,3.5,4.0,6.0,10.0,20.0,16.0,48.0,80.0,200.0,False,False,0.002,0.005,0.1,0.0,0.0,0.0,40000,20000,16,8,69.0,16,105.0,36.0,20.0,575.000000,28,6,1,True,False,8,physical,9,42,18.180757,0.0
spanke_benes_8x8,default,3-4-6-7-2-5-0-1,routed,8,8,0,0,38,6,8,I0-I1:8;I0-I4:3;I1-I2:4;I1-I5:2;I2-I3:2;I6-I7:2,12336.000000,18658.999849,6322.999849,3.673661,7.979148,4.305487,2.672000,8.0,3.5,4.0,6.0,10.0,20.0,16.0,48.0,80.0,200.0,False,False,0.002,0.005,0.1,0.0,0.0,0.0,40000,20000,16,8,69.0,16,105.0,36.0,20.0,1415.000000,11,6,1,True,False,8,physical,0,42,7.851666,0.0
spanke_benes_8x8,default,3-7-2-0-4-6-5-1,routed,8,8,0,0,41,7,7,I0-I1:2;I0-I2:7;I0-I4:6;I2-I3:7;I3-I7:2;I4-I5:2;I4-I6:2,12336.000000,18706.606051,6370.606051,3.604994,7.703897,4.098903,2.752027,8.0,3.5,4.0,6.0,10.0,20.0,16.0,48.0,80.0,200.0,False,False,0.002,0.005,0.1,0.0,0.0,0.0,40000,20000,16,8,69.0,16,105.0,36.0,20.0,1415.000000,24,6,2,True,False,8,physical,1,42,30.634504,0.0
spanke_benes_8x8,default,3-5-2-4-1-6-7-0,failed,8,7,1,0,33,6,7,I0-I1:2;I0-I2:7;I0-I3:6;I1-I3:5;I1-I5:4;I5-I6:2,12336.000000,16707.840584,4371.840584,3.608028,7.502440,3.894412,2.738240,8.0,3.5,4.0,6.0,10.0,20.0,16.0,48.0,80.0,200.0,False,False,0.002,0.005,0.1,0.0,0.0,0.0,40000,20000,16,8,69.0,16,105.0,36.0,20.0,1415.000000,48,6,4,True,True,8,physical,2,42,189.531626,0.125
spanke_benes_8x8,default,2-1-0-7-4-6-5-3,routed,8,8,0,0,47,8,11,I0-I1:11;I0-I3:2;I0-I4:6;I0-I7:2;I1-I2:11;I1-I7:2;I4-I5:2;I4-I6:2,12336.000000,18956.212253,6620.212253,3.792261,9.213996,5.421734,2.957553,8.0,3.5,4.0,6.0,10.0,20.0,16.0,48.0,80.0,200.0,False,False,0.002,0.005,0.1,0.0,0.0,0.0,40000,20000,16,8,69.0,16,105.0,36.0,20.0,1415.000000,29,6,2,True,False,8,physical,3,42,35.223124,0.0
spanke_benes_8x8,default,5-2-7-3-1-0-6-4,routed,8,8,0,0,42,8,8,I0-I1:3;I0-I2:2;I0-I3:3;I0-I6:2;I1-I3:8;I1-I4:5;I3-I7:2;I4-I5:5,12336.000000,18789.583923,6453.583923,3.608028,7.680099,4.072071,2.802146,8.0,3.5,4.0,6.0,10.0,20.0,16.0,48.0,80.0,200.0,False,False,0.002,0.005,0.1,0.0,0.0,0.0,40000,20000,16,8,69.0,16,105.0,36.0,20.0,1415.000000,31,6,3,True,False,8,physical,4,42,74.136521,0.0
spanke_benes_8x8,default,5-3-6-4-0-7-1-2,routed,8,8,0,0,39,8,4,I0-I1:3;I0-I2:4;I0-I3:3;I1-I3:4;I1-I4:3;I2-I5:2;I4-I6:4;I6-I7:2,12336.000000,18713.291886,6377.291886,3.595361,7.300388,3.705026,2.709323,8.0,3.5,4.0,6.0,10.0,20.0,16.0,48.0,80.0,200.0,False,False,0.002,0.005,0.1,0.0,0.0,0.0,40000,20000,16,8,69.0,16,105.0,36.0,20.0,1415.000000,13,6,1,True,False,8,physical,5,42,8.076885,0.0
spanke_benes_8x8,default,3-1-0-7-4-2-6-5,routed,8,8,0,0,46,8,11,I0-I1:5;I0-I3:2;I0-I4:6;I0-I5:5;I1-I2:11;I1-I5:6;I4-I6:2;I4-I7:2,12336.000000,18998.066235,6662.066235,3.736261,9.013996,5.277734,2.943642,8.0,3.5,4.0,6.0,10.0,20.0,16.0,48.0,80.0,200.0,False,False,0.002,0.005,0.1,0.0,0.0,0.0,40000,20000,16,8,69.0,16,105.0,36.0,20.0,1415.000000,34,6,2,True,False,8,physical,6,42,36.732655,0.0
spanke_benes_8x8,default,5-7-6-2-4-0-3-1,routed,8,8,0,0,34,6,3,I0-I1:2;I0-I2:2;I3-I4:2;I3-I5:3;I3-I6:2;I5-I7:2,12336.000000,18521.247629,6185.247629,3.476762,6.222248,2.745487,2.545062,8.0,3.5,4.0,6.0,10.0,20.0,16.0,48.0,80.0,200.0,False,False,0.002,0.005,0.1,0.0,0.0,0.0,40000,20000,16,8,69.0,16,105.0,36.0,20.0,1415.000000,7,6,1,True,False,8,physical,7,42,6.012558,0.0
spanke_benes_8x8,default,2-4-7-1-6-0-5-3,routed,8,8,0,0,43,8,8,I0-I1:8;I0-I3:7;I0-I7:2;I1-I2:2;I1-I4:2;I1-I6:2;I3-I5:5;I3-I7:2,12336.000000,18877.583923,6541.583923,3.673661,8.195396,4.521734,2.849146,8.0,3.5,4.0,6.0,10.0,20.0,16.0,48.0,80.0,200.0,False,False,0.002,0.005,0.1,0.0,0.0,0.0,40000,20000,16,8,69.0,16,105.0,36.0,20.0,1415.000000,59,6,4,True,False,8,physical,8,42,207.760683,0.0
spanke_benes_8x8,default,5-4-1-2-7-0-6-3,failed,8,7,1,0,34,7,8,I0-I1:5;I0-I4:2;I0-I6:2;I1-I3:5;I2-I3:8;I2-I7:2;I3-I7:2,12336.000000,16725.548547,4389.548547,3.673661,7.883148,4.209487,2.781300,8.0,3.5,4.0,6.0,10.0,20.0,16.0,48.0,80.0,200.0,False,False,0.002,0.005,0.1,0.0,0.0,0.0,40000,20000,16,8,69.0,16,105.0,36.0,20.0,1415.000000,48,6,4,True,True,8,physical,9,42,177.707716,0.125
spanke_benes_rect_8x8,default,3-4-6-7-2-5-0-1,routed,8,8,0,0,38,7,6,I0-I1:6;I1-I2:2;I1-I5:2;I2-I3:4;I2-I5:3;I4-I5:2;I6-I7:2,8136.000000,14838.079482,6702.079482,2.453729,5.898968,3.445239,2.779270,8.0,3.5,4.0,6.0,10.0,20.0,16.0,48.0,80.0,200.0,False,False,0.002,0.005,0.1,0.0,0.0,0.0,40000,20000,16,8,69.0,16,105.0,36.0,20.0,890.000000,14,6,1,True,False,8,physical,0,42,6.036162,0.0
spanke_benes_rect_8x8,default,3-7-2-0-4-6-5-1,routed,8,8,0,0,41,10,5,I0-I1:2;I0-I2:3;I0-I4:4;I2-I3:3;I2-I4:2;I2-I7:3;I3-I7:2;I4-I5:2;I4-I6:4;I5-I6:5,8136.000000,14916.809574,6780.809574,2.479728,5.733511,3.253783,2.870827,8.0,3.5,4.0,6.0,10.0,20.0,16.0,48.0,80.0,200.0,False,False,0.002,0.005,0.1,0.0,0.0,0.0,40000,20000,16,8,69.0,16,105.0,36.0,20.0,890.000000,17,6,1,True,False,8,physical,1,42,7.764296,0.0
spanke_benes_rect_8x8,default,3-5-2-4-1-6-7-0,routed,8,8,0,0,44,10,8,I0-I1:2;I0-I2:3;I0-I3:4;I1-I3:3;I1-I5:4;I2-I3:2;I2-I4:3;I3-I5:2;I4-I5:2;I5-I6:8,8136.000000,15060.809574,6924.809574,2.453729,6.476302,4.022573,2.981827,8.0,3.5,4.0,6.0,10.0,20.0,16.0,48.0,80.0,200.0,False,False,0.002,0.005,0.1,0.0,0.0,0.0,40000,20000,16,8,69.0,16,105.0,36.0,20.0,890.000000,18,6,1,True,False,8,physical,2,42,6.871839,0.0
spanke_benes_rect_8x8,default,2-1-0-7-4-6-5-3,routed,8,8,0,0,45,10,7,I0-I1:7;I0-I4:2;I0-I7:4;I1-I2:5;I2-I3:2;I3-I5:3;I4-I5:2;I4-I6:4;I4-I7:5;I5-I6:5,8136.000000,15093.291886,6957.291886,2.441062,5.880672,3.439611,3.004323,8.0,3.5,4.0,6.0,10.0,20.0,16.0,48.0,80.0,200.0,False,False,0.002,0.005,0.1,0.0,0.0,0.0,40000,20000,16,8,69.0,16,105.0,36.0,20.0,890.000000,31,6,2,True,False,8,physical,3,42,30.072107,0.0
spanke_benes_rect_8x8,default,5-2-7-3-1-0-6-4,routed,8,8,0,0,40,9,4,I0-I6:4;I0-I7:3;I1-I3:4;I1-I4:3;I2-I6:3;I3-I7:4;I4-I5:3;I4-I7:2;I6-I7:3,8136.000000,14837.101611,6701.101611,2.453729,5.882968,3.429239,2.824650,8.0,3.5,4.0,6.0,10.0,20.0,16.0,48.0,80.0,200.0,False,False,0.002,0.005,0.1,0.0,0.0,0.0,40000,20000,16,8,69.0,16,105.0,36.0,20.0,890.000000,17,6,1,True,False,8,physical,4,42,8.252495,0.0
spanke_benes_rect_8x8,default,5-3-6-4-0-7-1-2,routed,8,8,0,0,39,7,4,I0-I2:4;I0-I3:3;I1-I3:4;I2-I5:4;I4-I5:2;I4-I6:2;I6-I7:4,8136.000000,14870.517537,6734.517537,2.492395,5.667050,3.174655,2.810504,8.0,3.5,4.0,6.0,10.0,20.0,16.0,48.0,80.0,200.0,False,False,0.002,0.005,0.1,0.0,0.0,0.0,40000,20000,16,8,69.0,16,105.0,36.0,20.0,890.000000,15,6,1,True,False,8,physical,5,42,7.402554,0.0
spanke_benes_rect_8x8,default,3-1-0-7-4-2-6-5,routed,8,8,0,0,46,8,7,I0-I4:6;I0-I5:5;I1-I2:5;I1-I5:6;I2-I3:2;I3-I6:3;I4-I7:6;I6-I7:7,8136.000000,15121.291886,6985.291886,2.453729,5.960343,3.506614,3.036323,8.0,3.5,4.0,6.0,10.0,20.0,16.0,48.0,80.0,200.0,False,False,0.002,0.005,0.1,0.0,0.0,0.0,40000,20000,16,8,69.0,16,105.0,36.0,20.0,890.000000,32,6,2,True,False,8,physical,6,42,28.126932,0.0
spanke_benes_rect_8x8,default,5-7-6-2-4-0-3-1,routed,8,8,0,0,34,6,3,I0-I1:2;I0-I2:2;I3-I6:2;I3-I7:3;I4-I6:3;I5-I7:2,8136.000000,14648.473280,6512.473280,2.479728,5.576754,3.097026,2.638743,8.0,3.5,4.0,6.0,10.0,20.0,16.0,48.0,80.0,200.0,False,False,0.002,0.005,0.1,0.0,0.0,0.0,40000,20000,16,8,69.0,16,105.0,36.0,20.0,890.000000,10,6,1,True,False,8,physical,7,42,5.622202,0.0
spanke_benes_rect_8x8,default,2-4-7-1-6-0-5-3,routed,8,8,0,0,41,8,5,I0-I1:2;I0-I3:5;I0-I7:4;I1-I6:4;I1-I7:5;I2-I4:3;I3-I5:3;I4-I6:5,8136.000000,14788.269757,6652.269757,2.453729,5.888384,3.434655,2.832442,8.0,3.5,4.0,6.0,10.0,20.0,16.0,48.0,80.0,200.0,False,False,0.002,0.005,0.1,0.0,0.0,0.0,40000,20000,16,8,69.0,16,105.0,36.0,20.0,890.000000,17,6,1,True,False,8,physical,8,42,7.780681,0.0
spanke_benes_rect_8x8,default,5-4-1-2-7-0-6-3,routed,8,8,0,0,41,8,6,I0-I1:3;I0-I6:4;I1-I7:3;I2-I3:6;I2-I5:3;I3-I7:4;I4-I6:5;I6-I7:3,8136.000000,14917.101611,6781.101611,2.453729,5.938968,3.485239,2.869650,8.0,3.5,4.0,6.0,10.0,20.0,16.0,48.0,80.0,200.0,False,False,0.002,0.005,0.1,0.0,0.0,0.0,40000,20000,16,8,69.0,16,105.0,36.0,20.0,890.000000,17,6,1,True,False,8,physical,9,42,7.527811,0.0
padded_benes_16x16,default,3-6-7-4-8-2-5-0-1,failed,9,8,1,0,119,22,9,I0-I1:4;I0-I4:2;I0-I5:3;I0-I6:4;I0-I7:3;I1-I3:7;I1-I4:6;I1-I5:5;I1-I6:5;I1-I7:3;I3-I4:2;I3-I5:5;I3-I6:4;I3-I7:7;I4-I5:7;I4-I6:5;I4-I7:5;I5-I6:8;I5-I7:9;I6-I7:9;I6-I8:5;I7-I8:6,10961.000000,18245.654674,7284.654674,5.699430,10.696497,4.997067,3.032664,8.0,3.5,4.0,6.0,10.0,20.0,16.0,48.0,80.0,200.0,False,False,0.002,0.005,0.1,0.0,0.0,0.0,40000,20000,16,8,69.0,16,105.0,36.0,20.0,785.000000,125,6,7,True,True,9,physical,0,42,443.523243,0.1111111111111111
padded_benes_16x16,default,7-2-5-6-0-3-4-1-8,failed,9,7,2,0,99,21,9,I0-I1:3;I0-I2:5;I0-I5:3;I0-I6:9;I0-I7:3;I0-I8:4;I1-I2:8;I1-I5:6;I1-I6:6;I1-I7:5;I1-I8:2;I2-I5:3;I2-I6:5;I2-I7:7;I2-I8:2;I5-I6:4;I5-I7:7;I5-I8:2;I6-I7:7;I6-I8:2;I7-I8:6,11041.000000,15218.101611,4177.101611,5.750763,10.186202,4.435439,2.451600,8.0,3.5,4.0,6.0,10.0,20.0,16.0,48.0,80.0,200.0,False,False,0.002,0.005,0.1,0.0,0.0,0.0,40000,20000,16,8,69.0,16,105.0,36.0,20.0,785.000000,260,6,6,True,True,9,physical,1,42,636.059354,0.2222222222222222
padded_benes_16x16,default,2-5-7-8-6-1-4-0-3,failed,9,7,2,0,81,19,11,I0-I1:2;I0-I2:2;I0-I3:2;I0-I4:2;I0-I6:4;I0-I8:4;I1-I2:4;I1-I3:4;I1-I4:6;I1-I6:5;I2-I3:6;I2-I4:11;I2-I6:5;I2-I8:3;I3-I4:3;I3-I6:3;I4-I6:7;I4-I8:3;I6-I8:3,11289.000000,15399.225500,4110.225500,5.648097,9.268957,3.620861,2.201922,8.0,3.5,4.0,6.0,10.0,20.0,16.0,48.0,80.0,200.0,False,False,0.002,0.005,0.1,0.0,0.0,0.0,40000,20000,16,8,69.0,16,105.0,36.0,20.0,785.000000,119,6,4,True,True,9,physical,2,42,566.616800,0.2222222222222222
padded_benes_16x16,default,8-7-5-2-3-1-6-0-4,failed,9,8,1,0,112,27,7,I0-I1:7;I0-I2:3;I0-I3:3;I0-I4:3;I0-I5:3;I0-I6:3;I1-I2:5;I1-I3:5;I1-I4:5;I1-I5:3;I1-I6:5;I1-I8:3;I2-I3:3;I2-I4:3;I2-I5:5;I2-I6:4;I2-I8:5;I3-I4:6;I3-I5:5;I3-I6:4;I3-I8:2;I4-I5:7;I4-I6:6;I4-I8:2;I5-I6:6;I5-I8:2;I6-I8:3,11041.000000,16886.867078,5845.867078,5.722763,8.654373,2.931611,2.307217,8.0,3.5,4.0,6.0,10.0,20.0,16.0,48.0,80.0,200.0,False,False,0.002,0.005,0.1,0.0,0.0,0.0,40000,20000,16,8,69.0,16,105.0,36.0,20.0,785.000000,150,6,7,True,False,9,physical,3,42,224.885071,0.1111111111111111
padded_benes_16x16,default,4-2-1-7-8-6-0-5-3,failed,9,7,2,0,82,18,13,I0-I1:3;I0-I4:2;I0-I5:6;I0-I7:6;I1-I2:3;I1-I4:2;I1-I5:4;I1-I7:4;I1-I8:2;I2-I4:4;I2-I5:4;I2-I7:4;I2-I8:2;I4-I5:7;I4-I7:5;I5-I7:13;I5-I8:5;I7-I8:3,10801.000000,14903.752070,4102.752070,5.763430,10.198999,4.435570,2.111358,8.0,3.5,4.0,6.0,10.0,20.0,16.0,48.0,80.0,200.0,False,False,0.002,0.005,0.1,0.0,0.0,0.0,40000,20000,16,8,69.0,16,105.0,36.0,20.0,785.000000,180,6,7,True,True,9,physical,4,42,398.706753,0.2222222222222222
padded_benes_16x16,default,2-6-1-7-8-3-5-0-4,failed,9,7,2,0,65,18,6,I0-I1:2;I0-I4:2;I0-I5:4;I0-I6:2;I0-I8:2;I1-I2:3;I1-I4:2;I1-I5:3;I1-I6:5;I2-I4:2;I2-I5:4;I2-I6:4;I2-I8:2;I4-I5:5;I4-I6:5;I5-I6:6;I5-I8:4;I6-I8:5,10801.000000,15174.393647,4373.393647,5.735430,9.437412,3.701982,1.723970,8.0,3.5,4.0,6.0,10.0,20.0,16.0,48.0,80.0,200.0,False,False,0.002,0.005,0.1,0.0,0.0,0.0,40000,20000,16,8,69.0,16,105.0,36.0,20.0,785.000000,270,6,7,True,False,9,physical,5,42,1000.636092,0.2222222222222222
padded_benes_16x16,default,1-0-3-2-7-5-6-4-8,failed,9,7,2,0,105,21,11,I0-I1:7;I0-I2:4;I0-I4:4;I0-I5:4;I0-I6:4;I0-I8:2;I1-I2:6;I1-I4:6;I1-I5:4;I1-I6:4;I1-I8:2;I2-I4:4;I2-I5:6;I2-I6:4;I2-I8:2;I4-I5:11;I4-I6:11;I4-I8:2;I5-I6:10;I5-I8:2;I6-I8:6,11041.000000,15358.291886,4317.291886,5.899430,10.557624,4.658195,2.787226,8.0,3.5,4.0,6.0,10.0,20.0,16.0,48.0,80.0,200.0,False,False,0.002,0.005,0.1,0.0,0.0,0.0,40000,20000,16,8,69.0,16,105.0,36.0,20.0,785.000000,250,6,7,True,False,9,physical,6,42,866.774256,0.2222222222222222
padded_benes_16x16,default,6-4-3-7-2-8-5-0-1,failed,9,7,2,0,140,21,13,I0-I1:5;I0-I2:3;I0-I3:12;I0-I5:2;I0-I6:5;I0-I7:5;I1-I2:3;I1-I3:12;I1-I5:2;I1-I6:6;I1-I7:3;I2-I3:10;I2-I5:4;I2-I6:6;I2-I7:7;I3-I5:6;I3-I6:9;I3-I7:7;I5-I6:9;I5-I7:13;I6-I7:11,10801.000000,16535.429023,5734.429023,5.710096,11.774079,6.063983,4.251980,8.0,3.5,4.0,6.0,10.0,20.0,16.0,48.0,80.0,200.0,False,False,0.002,0.005,0.1,0.0,0.0,0.0,40000,20000,16,8,69.0,16,105.0,36.0,20.0,785.000000,278,6,7,True,False,9,physical,7,42,572.260069,0.2222222222222222
padded_benes_16x16,default,0-7-8-1-2-5-3-4-6,failed,9,7,2,1,97,19,10,I0-I1:2;I0-I2:2;I0-I4:4;I0-I6:2;I0-I7:4;I1-I2:4;I1-I4:5;I1-I6:7;I1-I7:3;I1-I8:4;I2-I4:5;I2-I6:5;I2-I7:5;I4-I6:10;I4-I7:8;I4-I8:6;I6-I7:10;I6-I8:4;I7-I8:6,11201.000000,15803.123739,4602.123739,5.899430,10.241954,4.342524,2.628035,8.0,3.5,4.0,6.0,10.0,20.0,16.0,48.0,80.0,200.0,False,False,0.002,0.005,0.1,0.0,0.0,0.0,40000,20000,16,8,69.0,16,105.0,36.0,20.0,785.000000,198,6,7,True,False,9,physical,8,42,590.522565,0.2222222222222222
padded_benes_16x16,default,8-7-2-1-0-6-5-4-3,failed,9,7,2,1,104,19,10,I0-I1:3;I0-I3:9;I0-I4:3;I0-I5:3;I0-I7:5;I1-I3:7;I1-I4:3;I1-I5:4;I1-I7:5;I1-I8:3;I3-I4:9;I3-I5:4;I3-I7:6;I3-I8:6;I4-I5:10;I4-I7:8;I4-I8:4;I5-I7:7;I5-I8:3,11041.000000,15417.327262,4376.327262,5.899430,9.745412,3.845982,2.709522,8.0,3.5,4.0,6.0,10.0,20.0,16.0,48.0,80.0,200.0,False,False,0.002,0.005,0.1,0.0,0.0,0.0,40000,20000,16,8,69.0,16,105.0,36.0,20.0,785.000000,249,6,7,True,True,9,physical,9,42,574.702610,0.2222222222222222
waksman_9x9,default,3-6-7-4-8-2-5-0-1,failed,9,8,1,0,78,19,6,I0-I1:4;I0-I2:4;I0-I3:2;I0-I5:3;I0-I6:2;I0-I8:3;I1-I2:4;I1-I3:3;I1-I6:3;I1-I7:3;I2-I3:5;I2-I5:3;I2-I6:3;I2-I8:3;I3-I6:4;I5-I6:4;I5-I7:5;I6-I7:5;I7-I8:6,8537.000000,14187.628180,5650.628180,3.937129,6.976901,3.039772,2.335907,8.0,3.5,4.0,6.0,10.0,20.0,16.0,48.0,80.0,200.0,False,False,0.002,0.005,0.1,0.0,0.0,0.0,40000,20000,16,8,69.0,16,105.0,36.0,20.0,785.000000,79,6,5,True,True,9,physical,0,42,64.683085,0.1111111111111111
waksman_9x9,default,7-2-5-6-0-3-4-1-8,failed,9,7,2,0,42,10,7,I1-I3:2;I1-I5:2;I1-I6:2;I3-I8:2;I4-I5:4;I4-I6:2;I4-I7:6;I5-I6:6;I5-I7:7;I6-I7:3,8537.000000,11435.345025,2898.345025,5.050763,6.036952,0.986190,1.446670,8.0,3.5,4.0,6.0,10.0,20.0,16.0,48.0,80.0,200.0,False,False,0.002,0.005,0.1,0.0,0.0,0.0,40000,20000,16,8,69.0,16,105.0,36.0,20.0,785.000000,103,6,4,True,True,9,physical,1,42,207.368163,0.2222222222222222
waksman_9x9,default,2-5-7-8-6-1-4-0-3,failed,9,7,2,0,54,14,7,I0-I1:2;I0-I2:2;I0-I4:2;I0-I6:2;I1-I2:4;I1-I4:2;I1-I6:3;I2-I4:3;I2-I7:3;I4-I5:3;I4-I7:3;I5-I6:4;I5-I7:7;I6-I7:7,8537.000000,12128.278639,3591.278639,4.019131,6.079945,2.060815,1.858508,8.0,3.5,4.0,6.0,10.0,20.0,16.0,48.0,80.0,200.0,False,False,0.002,0.005,0.1,0.0,0.0,0.0,40000,20000,16,8,69.0,16,105.0,36.0,20.0,785.000000,77,6,4,True,True,9,physical,2,42,124.722187,0.2222222222222222
waksman_9x9,default,8-7-5-2-3-1-6-0-4,routed,9,9,0,0,107,26,7,I0-I1:3;I0-I3:3;I0-I5:3;I1-I2:3;I1-I5:3;I1-I6:5;I1-I7:3;I2-I3:3;I2-I5:7;I2-I6:2;I2-I7:3;I2-I8:3;I3-I4:4;I3-I5:5;I3-I6:2;I3-I8:2;I4-I5:5;I4-I6:4;I4-I7:7;I4-I8:2;I5-I6:6;I5-I7:5;I5-I8:2;I6-I7:5;I6-I8:3;I7-I8:4,8537.000000,15377.606051,6840.606051,3.900531,8.087743,4.187212,2.595135,8.0,3.5,4.0,6.0,10.0,20.0,16.0,48.0,80.0,200.0,False,False,0.002,0.005,0.1,0.0,0.0,0.0,40000,20000,16,8,69.0,16,105.0,36.0,20.0,785.000000,41,6,2,True,False,9,physical,3,42,37.642222,0.0
waksman_9x9,default,4-2-1-7-8-6-0-5-3,failed,9,7,2,0,49,14,6,I0-I1:5;I0-I5:2;I0-I7:6;I0-I8:3;I1-I2:3;I1-I7:2;I1-I8:2;I2-I5:2;I2-I6:5;I2-I7:2;I5-I6:3;I5-I7:3;I6-I7:4;I6-I8:2,8537.000000,12008.322896,3471.322896,3.900531,6.158437,2.257906,1.697664,8.0,3.5,4.0,6.0,10.0,20.0,16.0,48.0,80.0,200.0,False,False,0.002,0.005,0.1,0.0,0.0,0.0,40000,20000,16,8,69.0,16,105.0,36.0,20.0,785.000000,173,6,6,True,True,9,physical,4,42,467.732862,0.2222222222222222
waksman_9x9,default,2-6-1-7-8-3-5-0-4,failed,9,7,2,0,51,13,6,I0-I1:4;I0-I5:4;I0-I6:6;I0-I7:3;I0-I8:2;I1-I7:3;I2-I5:2;I2-I6:2;I2-I7:5;I5-I6:4;I5-I7:3;I6-I7:5;I6-I8:3,8537.000000,12096.030859,3559.030859,3.900531,6.528901,2.628370,1.752723,8.0,3.5,4.0,6.0,10.0,20.0,16.0,48.0,80.0,200.0,False,False,0.002,0.005,0.1,0.0,0.0,0.0,40000,20000,16,8,69.0,16,105.0,36.0,20.0,785.000000,139,6,6,True,True,9,physical,5,42,363.659667,0.2222222222222222
waksman_9x9,default,1-0-3-2-7-5-6-4-8,failed,9,6,3,0,50,13,9,I2-I3:7;I2-I6:2;I2-I7:2;I2-I8:2;I3-I4:4;I3-I6:4;I3-I7:2;I3-I8:2;I4-I6:5;I4-I7:9;I4-I8:2;I6-I7:7;I6-I8:2,8537.000000,11678.535300,3141.535300,4.564097,6.820860,2.256763,2.608012,8.0,3.5,4.0,6.0,10.0,20.0,16.0,48.0,80.0,200.0,False,False,0.002,0.005,0.1,0.0,0.0,0.0,40000,20000,16,8,69.0,16,105.0,36.0,20.0,785.000000,205,6,6,True,True,9,physical,6,42,464.558042,0.3333333333333333
waksman_9x9,default,6-4-3-7-2-8-5-0-1,failed,9,8,1,0,81,19,9,I0-I1:9;I0-I2:5;I0-I3:6;I0-I4:3;I0-I5:2;I0-I8:3;I1-I2:3;I1-I3:4;I1-I5:2;I2-I3:4;I2-I4:3;I2-I5:2;I2-I8:3;I3-I5:2;I4-I5:6;I4-I7:7;I5-I7:3;I5-I8:3;I7-I8:2,8537.000000,13644.840584,5107.840584,3.951864,6.785331,2.833467,2.197460,8.0,3.5,4.0,6.0,10.0,20.0,16.0,48.0,80.0,200.0,False,False,0.002,0.005,0.1,0.0,0.0,0.0,40000,20000,16,8,69.0,16,105.0,36.0,20.0,785.000000,112,6,6,True,True,9,physical,7,42,321.812246,0.1111111111111111
waksman_9x9,default,0-7-8-1-2-5-3-4-6,drc_violation,9,9,0,1,95,28,6,I0-I1:2;I0-I2:2;I0-I3:4;I0-I4:2;I0-I5:2;I0-I6:2;I0-I7:2;I0-I8:2;I1-I2:2;I1-I7:3;I1-I8:3;I2-I3:5;I2-I4:3;I2-I5:3;I2-I6:5;I3-I4:4;I3-I5:2;I3-I6:2;I3-I7:2;I4-I5:4;I4-I6:6;I4-I7:4;I4-I8:2;I5-I6:5;I5-I7:6;I5-I8:2;I6-I7:6;I7-I8:2,8537.000000,15086.482162,6549.482162,3.907864,7.180860,3.272996,2.260440,8.0,3.5,4.0,6.0,10.0,20.0,16.0,48.0,80.0,200.0,False,False,0.002,0.005,0.1,0.0,0.0,0.0,40000,20000,16,8,69.0,16,105.0,36.0,20.0,785.000000,178,6,7,True,False,9,physical,8,42,238.204310,0.0
waksman_9x9,default,8-7-2-1-0-6-5-4-3,failed,9,8,1,0,65,18,5,I0-I1:3;I0-I3:3;I0-I5:3;I0-I7:3;I1-I5:3;I1-I6:3;I2-I3:3;I2-I5:4;I2-I7:2;I3-I4:5;I3-I5:2;I3-I6:2;I3-I7:2;I4-I5:4;I4-I6:2;I4-I7:4;I5-I6:3;I6-I7:5,8537.000000,13677.818455,5140.818455,4.070463,6.333770,2.263306,1.869080,8.0,3.5,4.0,6.0,10.0,20.0,16.0,48.0,80.0,200.0,False,False,0.002,0.005,0.1,0.0,0.0,0.0,40000,20000,16,8,69.0,16,105.0,36.0,20.0,785.000000,93,6,6,True,True,9,physical,9,42,277.196218,0.1111111111111111
spanke_benes_9x9,default,3-6-7-4-8-2-5-0-1,routed,9,9,0,0,48,8,6,I0-I1:4;I0-I3:6;I0-I5:3;I1-I2:4;I1-I3:3;I2-I4:2;I3-I6:2;I7-I8:2,16013.000000,24237.194490,8224.194490,4.132327,8.456894,4.324566,3.060932,8.0,3.5,4.0,6.0,10.0,20.0,16.0,48.0,80.0,200.0,False,False,0.002,0.005,0.1,0.0,0.0,0.0,40000,20000,16,8,69.0,16,105.0,36.0,20.0,1625.000000,15,6,1,True,False,9,physical,0,42,11.850377,0.0
spanke_benes_9x9,default,7-2-5-6-0-3-4-1-8,routed,9,9,0,0,55,10,6,I0-I3:3;I0-I8:2;I1-I2:4;I1-I4:5;I1-I5:6;I1-I7:3;I2-I3:4;I2-I6:3;I4-I7:4;I5-I6:6,16013.000000,24460.800692,8447.800692,4.132327,8.294062,4.161734,3.260067,8.0,3.5,4.0,6.0,10.0,20.0,16.0,48.0,80.0,200.0,False,False,0.002,0.005,0.1,0.0,0.0,0.0,40000,20000,16,8,69.0,16,105.0,36.0,20.0,1625.000000,23,6,1,True,False,9,physical,1,42,12.960502,0.0
spanke_benes_9x9,default,2-5-7-8-6-1-4-0-3,routed,9,9,0,0,49,8,8,I0-I1:8;I0-I5:5;I0-I6:2;I0-I8:2;I1-I2:4;I1-I4:2;I2-I3:2;I5-I7:3,16013.000000,24179.924582,8166.924582,4.197961,8.859695,4.661734,3.067650,8.0,3.5,4.0,6.0,10.0,20.0,16.0,48.0,80.0,200.0,False,False,0.002,0.005,0.1,0.0,0.0,0.0,40000,20000,16,8,69.0,16,105.0,36.0,20.0,1625.000000,15,6,1,True,False,9,physical,2,42,11.148417,0.0
spanke_benes_9x9,default,8-7-5-2-3-1-6-0-4,routed,9,9,0,0,47,7,6,I2-I4:3;I2-I6:2;I3-I4:6;I3-I5:5;I3-I8:2;I4-I8:2;I5-I7:3,16013.000000,24157.880325,8144.880325,4.132327,8.251230,4.118903,3.026085,8.0,3.5,4.0,6.0,10.0,20.0,16.0,48.0,80.0,200.0,False,False,0.002,0.005,0.1,0.0,0.0,0.0,40000,20000,16,8,69.0,16,105.0,36.0,20.0,1625.000000,12,6,1,True,False,9,physical,3,42,7.642066,0.0
spanke_benes_9x9,default,4-2-1-7-8-6-0-5-3,routed,9,9,0,0,53,8,11,I0-I1:9;I0-I3:4;I0-I5:2;I0-I7:2;I1-I2:11;I1-I8:2;I2-I6:5;I3-I4:2,16013.000000,24363.676802,8350.676802,4.260560,9.823711,5.563150,3.190706,8.0,3.5,4.0,6.0,10.0,20.0,16.0,48.0,80.0,200.0,False,False,0.002,0.005,0.1,0.0,0.0,0.0,40000,20000,16,8,69.0,16,105.0,36.0,20.0,1625.000000,20,6,1,True,False,9,physical,4,42,16.103182,0.0
spanke_benes_9x9,default,2-6-1-7-8-3-5-0-4,routed,9,9,0,0,55,9,11,I0-I1:6;I0-I2:11;I0-I5:6;I0-I8:2;I1-I3:4;I2-I7:3;I3-I4:2;I5-I6:2;I5-I8:2,16013.000000,24421.092729,8408.092729,4.209227,9.842254,5.633026,3.250132,8.0,3.5,4.0,6.0,10.0,20.0,16.0,48.0,80.0,200.0,False,False,0.002,0.005,0.1,0.0,0.0,0.0,40000,20000,16,8,69.0,16,105.0,36.0,20.0,1625.000000,20,6,1,True,False,9,physical,5,42,15.389654,0.0
spanke_benes_9x9,default,1-0-3-2-7-5-6-4-8,routed,9,9,0,0,67,12,15,I0-I1:15;I0-I2:2;I0-I3:12;I2-I3:11;I2-I4:2;I2-I5:4;I2-I7:4;I3-I7:2;I4-I6:3;I4-I8:2;I5-I6:4;I5-I7:3,16013.000000,24871.765317,8858.765317,4.447827,11.041101,6.593274,3.599170,8.0,3.5,4.0,6.0,10.0,20.0,16.0,48.0,80.0,200.0,False,False,0.002,0.005,0.1,0.0,0.0,0.0,40000,20000,16,8,69.0,16,105.0,36.0,20.0,1625.000000,33,6,1,True,False,9,physical,6,42,22.594593,0.0
spanke_benes_9x9,default,6-4-3-7-2-8-5-0-1,routed,9,9,0,0,48,7,7,I0-I1:5;I0-I3:4;I1-I2:7;I1-I6:2;I2-I4:5;I3-I5:2;I7-I8:2,16013.000000,24189.486527,8176.486527,4.129294,8.668444,4.539150,3.049219,8.0,3.5,4.0,6.0,10.0,20.0,16.0,48.0,80.0,200.0,False,False,0.002,0.005,0.1,0.0,0.0,0.0,40000,20000,16,8,69.0,16,105.0,36.0,20.0,1625.000000,15,6,1,True,False,9,physical,7,42,11.870284,0.0
spanke_benes_9x9,default,0-7-8-1-2-5-3-4-6,routed,9,9,0,0,62,10,12,I0-I1:4;I0-I3:12;I1-I2:2;I3-I4:10;I3-I6:2;I4-I5:2;I4-I6:6;I5-I7:3;I5-I8:2;I6-I7:6,16013.000000,24607.429023,8594.429023,4.329227,10.304378,5.975150,3.438206,8.0,3.5,4.0,6.0,10.0,20.0,16.0,48.0,80.0,200.0,False,False,0.002,0.005,0.1,0.0,0.0,0.0,40000,20000,16,8,69.0,16,105.0,36.0,20.0,1625.000000,27,6,1,True,False,9,physical,8,42,20.554992,0.0
spanke_benes_9x9,default,8-7-2-1-0-6-5-4-3,routed,9,9,0,0,48,6,9,I2-I3:9;I2-I5:2;I2-I6:2;I2-I7:2;I2-I8:2;I3-I4:9,16013.000000,24296.756435,8283.756435,4.194927,9.271245,5.076319,3.075835,8.0,3.5,4.0,6.0,10.0,20.0,16.0,48.0,80.0,200.0,False,False,0.002,0.005,0.1,0.0,0.0,0.0,40000,20000,16,8,69.0,16,105.0,36.0,20.0,1625.000000,17,6,1,True,False,9,physical,9,42,12.125815,0.0
spanke_benes_rect_9x9,default,3-6-7-4-8-2-5-0-1,routed,9,9,0,0,48,8,4,I0-I1:2;I0-I3:4;I0-I5:3;I1-I2:4;I1-I6:3;I2-I4:4;I3-I6:4;I7-I8:2,10343.000000,18717.150233,8374.150233,2.755361,6.379680,3.624319,3.102033,8.0,3.5,4.0,6.0,10.0,20.0,16.0,48.0,80.0,200.0,False,False,0.002,0.005,0.1,0.0,0.0,0.0,40000,20000,16,8,69.0,16,105.0,36.0,20.0,995.000000,16,6,1,True,False,9,physical,0,42,7.911220,0.0
spanke_benes_rect_9x9,default,7-2-5-6-0-3-4-1-8,routed,9,9,0,0,53,12,4,I0-I3:3;I0-I8:2;I1-I2:2;I1-I5:4;I1-I7:3;I2-I3:4;I2-I6:3;I3-I8:2;I4-I5:2;I4-I7:4;I5-I6:4;I6-I8:4,10343.000000,19055.734307,8712.734307,2.806694,6.520099,3.713405,3.286163,8.0,3.5,4.0,6.0,10.0,20.0,16.0,48.0,80.0,200.0,False,False,0.002,0.005,0.1,0.0,0.0,0.0,40000,20000,16,8,69.0,16,105.0,36.0,20.0,995.000000,24,6,1,True,False,9,physical,1,42,12.301526,0.0
spanke_benes_rect_9x9,default,2-5-7-8-6-1-4-0-3,routed,9,9,0,0,49,10,4,I0-I1:4;I0-I5:3;I0-I8:4;I1-I2:2;I1-I4:2;I1-I6:3;I2-I3:4;I2-I4:3;I5-I7:3;I6-I8:3,10343.000000,18791.880325,8448.880325,2.768028,6.577515,3.809487,3.138085,8.0,3.5,4.0,6.0,10.0,20.0,16.0,48.0,80.0,200.0,False,False,0.002,0.005,0.1,0.0,0.0,0.0,40000,20000,16,8,69.0,16,105.0,36.0,20.0,995.000000,19,6,1,True,False,9,physical,2,42,10.095573,0.0
spanke_benes_rect_9x9,default,8-7-5-2-3-1-6-0-4,routed,9,9,0,0,45,7,4,I2-I6:2;I2-I8:3;I3-I4:4;I3-I5:3;I4-I8:4;I5-I7:3;I6-I8:3,10343.000000,18705.544031,8362.544031,2.794027,6.232469,3.438442,3.038899,8.0,3.5,4.0,6.0,10.0,20.0,16.0,48.0,80.0,200.0,False,False,0.002,0.005,0.1,0.0,0.0,0.0,40000,20000,16,8,69.0,16,105.0,36.0,20.0,995.000000,12,6,1,True,False,9,physical,3,42,5.629843,0.0
spanke_benes_rect_9x9,default,4-2-1-7-8-6-0-5-3,routed,9,9,0,0,53,12,5,I0-I1:3;I0-I5:2;I0-I7:4;I0-I8:3;I1-I2:5;I1-I8:4;I2-I3:2;I2-I6:3;I3-I4:4;I3-I5:5;I5-I7:3;I6-I7:2,10343.000000,18903.194490,8560.194490,2.768028,6.602931,3.834903,3.246710,8.0,3.5,4.0,6.0,10.0,20.0,16.0,48.0,80.0,200.0,False,False,0.002,0.005,0.1,0.0,0.0,0.0,40000,20000,16,8,69.0,16,105.0,36.0,20.0,995.000000,24,6,1,True,False,9,physical,4,42,13.122596,0.0
spanke_benes_rect_9x9,default,2-6-1-7-8-3-5-0-4,routed,9,9,0,0,53,10,6,I0-I1:2;I0-I2:5;I0-I5:6;I1-I3:4;I1-I6:3;I2-I3:2;I2-I7:3;I3-I4:4;I5-I8:4;I6-I8:5,10343.000000,18974.464398,8631.464398,2.768028,6.678051,3.910023,3.265325,8.0,3.5,4.0,6.0,10.0,20.0,16.0,48.0,80.0,200.0,False,False,0.002,0.005,0.1,0.0,0.0,0.0,40000,20000,16,8,69.0,16,105.0,36.0,20.0,995.000000,23,6,1,True,False,9,physical,5,42,13.747157,0.0
spanke_benes_rect_9x9,default,1-0-3-2-7-5-6-4-8,routed,9,9,0,0,67,10,9,I0-I1:9;I0-I3:8;I2-I3:9;I2-I5:2;I2-I7:6;I4-I6:7;I4-I8:8;I5-I6:6;I5-I7:7;I6-I8:2,10343.000000,19396.743188,9053.743188,2.729362,6.984224,4.254862,3.646387,8.0,3.5,4.0,6.0,10.0,20.0,16.0,48.0,80.0,200.0,False,False,0.002,0.005,0.1,0.0,0.0,0.0,40000,20000,16,8,69.0,16,105.0,36.0,20.0,995.000000,31,6,1,True,False,9,physical,6,42,17.607134,0.0
spanke_benes_rect_9x9,default,6-4-3-7-2-8-5-0-1,routed,9,9,0,0,48,9,4,I0-I3:4;I0-I6:3;I1-I2:3;I1-I6:4;I2-I3:2;I2-I4:3;I3-I5:4;I4-I5:2;I7-I8:2,10343.000000,18883.251994,8540.251994,2.768028,6.709763,3.941734,3.146167,8.0,3.5,4.0,6.0,10.0,20.0,16.0,48.0,80.0,200.0,False,False,0.002,0.005,0.1,0.0,0.0,0.0,40000,20000,16,8,69.0,16,105.0,36.0,20.0,995.000000,19,6,1,True,False,9,physical,7,42,10.070729,0.0
spanke_benes_rect_9x9,default,0-7-8-1-2-5-3-4-6,routed,9,9,0,0,62,11,8,I0-I1:2;I0-I3:8;I1-I2:2;I1-I8:3;I3-I4:6;I4-I5:2;I4-I6:6;I5-I7:7;I5-I8:4;I6-I7:8;I7-I8:2,10343.000000,19268.216619,8925.216619,2.806694,7.339138,4.532444,3.523937,8.0,3.5,4.0,6.0,10.0,20.0,16.0,48.0,80.0,200.0,False,False,0.002,0.005,0.1,0.0,0.0,0.0,40000,20000,16,8,69.0,16,105.0,36.0,20.0,995.000000,27,6,1,True,False,9,physical,8,42,16.612802,0.0
spanke_benes_rect_9x9,default,8-7-2-1-0-6-5-4-3,routed,9,9,0,0,48,8,5,I2-I3:5;I2-I7:2;I2-I8:4;I3-I4:5;I4-I5:2;I5-I6:3;I6-I7:5;I7-I8:3,10343.000000,18909.690049,8566.690049,2.755361,6.325556,3.570195,3.150376,8.0,3.5,4.0,6.0,10.0,20.0,16.0,48.0,80.0,200.0,False,False,0.002,0.005,0.1,0.0,0.0,0.0,40000,20000,16,8,69.0,16,105.0,36.0,20.0,995.000000,18,6,1,True,False,9,physical,9,42,10.163551,0.0
padded_benes_16x16,default,7-3-2-8-5-6-9-4-0-1,failed,10,8,2,0,107,21,12,I0-I2:5;I0-I4:7;I0-I5:9;I0-I6:2;I2-I3:6;I2-I4:6;I2-I5:6;I2-I6:2;I2-I8:3;I2-I9:3;I3-I4:5;I3-I5:3;I3-I6:4;I4-I5:12;I4-I6:4;I4-I8:3;I4-I9:3;I5-I6:6;I5-I8:3;I5-I9:3;I8-I9:6,12290.000000,18130.384766,5840.384766,5.963430,10.726580,4.763150,2.445221,8.0,3.5,4.0,6.0,10.0,20.0,16.0,48.0,80.0,200.0,False,False,0.002,0.005,0.1,0.0,0.0,0.0,40000,20000,16,8,69.0,16,105.0,36.0,20.0,785.000000,295,6,7,True,False,10,physical,0,42,749.010199,0.2
padded_benes_16x16,default,3-5-2-4-1-8-7-0-6-9,failed,10,8,2,0,102,27,11,I0-I1:2;I0-I2:7;I0-I3:2;I0-I4:7;I0-I5:2;I0-I8:4;I0-I9:2;I1-I2:3;I1-I3:11;I1-I4:3;I1-I5:2;I1-I8:2;I1-I9:2;I2-I3:8;I2-I4:5;I2-I5:4;I2-I8:2;I2-I9:2;I3-I4:3;I3-I5:2;I3-I8:2;I3-I9:2;I4-I5:6;I4-I8:4;I4-I9:2;I5-I9:6;I8-I9:4,12130.000000,17231.698931,5101.698931,5.927430,8.312916,2.385487,2.181425,8.0,3.5,4.0,6.0,10.0,20.0,16.0,48.0,80.0,200.0,False,False,0.002,0.005,0.1,0.0,0.0,0.0,40000,20000,16,8,69.0,16,105.0,36.0,20.0,785.000000,220,6,5,True,True,10,physical,1,42,672.863275,0.2
padded_benes_16x16,default,7-5-0-2-4-9-1-6-3-8,failed,10,7,3,0,63,18,7,I0-I4:3;I0-I5:2;I0-I6:3;I0-I9:4;I2-I4:4;I2-I5:2;I2-I6:4;I2-I8:2;I2-I9:2;I4-I5:6;I4-I6:7;I4-I8:3;I4-I9:4;I5-I6:5;I5-I9:3;I6-I8:2;I6-I9:2;I8-I9:2,12130.000000,14796.101611,2666.101611,5.558763,7.749164,2.190402,1.297315,8.0,3.5,4.0,6.0,10.0,20.0,16.0,48.0,80.0,200.0,False,False,0.002,0.005,0.1,0.0,0.0,0.0,40000,20000,16,8,69.0,16,105.0,36.0,20.0,785.000000,260,6,6,True,True,10,physical,2,42,798.813940,0.3
padded_benes_16x16,default,7-8-3-0-2-9-1-4-5-6,failed,10,8,2,0,120,26,9,I0-I1:4;I0-I2:5;I0-I3:3;I0-I4:3;I0-I5:2;I0-I7:7;I0-I8:5;I1-I2:5;I1-I3:3;I1-I4:3;I1-I5:6;I1-I7:7;I2-I3:9;I2-I4:5;I2-I5:2;I2-I7:4;I2-I8:2;I3-I4:4;I3-I5:2;I3-I7:4;I3-I8:4;I4-I5:6;I4-I7:8;I4-I8:4;I5-I7:7;I7-I8:4,12290.000000,18733.362637,6443.362637,5.710096,10.803748,5.093653,3.087841,8.0,3.5,4.0,6.0,10.0,20.0,16.0,48.0,80.0,200.0,False,False,0.002,0.005,0.1,0.0,0.0,0.0,40000,20000,16,8,69.0,16,105.0,36.0,20.0,785.000000,214,6,6,True,True,10,physical,3,42,598.462722,0.2
padded_benes_16x16,default,9-6-7-3-0-2-4-8-5-1,failed,10,8,2,0,106,22,8,I0-I1:5;I0-I2:7;I0-I5:5;I0-I6:5;I0-I7:5;I1-I2:8;I1-I5:3;I1-I6:3;I1-I7:2;I1-I8:5;I2-I5:3;I2-I6:7;I2-I7:2;I2-I8:5;I5-I6:8;I5-I7:4;I5-I8:2;I5-I9:3;I6-I7:8;I6-I8:4;I6-I9:3;I8-I9:3,12290.000000,18037.946711,5747.946711,5.848097,9.080497,3.232400,2.651487,8.0,3.5,4.0,6.0,10.0,20.0,16.0,48.0,80.0,200.0,False,False,0.002,0.005,0.1,0.0,0.0,0.0,40000,20000,16,8,69.0,16,105.0,36.0,20.0,785.000000,178,6,5,True,True,10,physical,4,42,354.183139,0.2
padded_benes_16x16,default,8-0-3-2-7-5-9-4-1-6,failed,10,8,2,0,127,27,9,I1-I2:6;I1-I3:4;I1-I5:2;I1-I6:6;I1-I7:4;I1-I8:2;I1-I9:2;I2-I3:9;I2-I5:6;I2-I6:6;I2-I7:4;I2-I8:3;I2-I9:2;I3-I5:4;I3-I6:6;I3-I7:4;I3-I8:3;I3-I9:4;I5-I6:6;I5-I7:9;I5-I8:3;I5-I9:6;I6-I7:5;I6-I8:3;I7-I8:5;I7-I9:8;I8-I9:4,12130.000000,18843.552913,6713.552913,5.899430,10.028538,4.129108,3.298013,8.0,3.5,4.0,6.0,10.0,20.0,16.0,48.0,80.0,200.0,False,False,0.002,0.005,0.1,0.0,0.0,0.0,40000,20000,16,8,69.0,16,105.0,36.0,20.0,785.000000,149,6,4,True,True,10,physical,5,42,210.462434,0.2
padded_benes_16x16,default,5-7-4-9-8-2-6-3-0-1,failed,10,8,2,0,107,22,11,I0-I1:6;I0-I2:3;I0-I3:2;I0-I4:2;I0-I6:6;I0-I7:5;I1-I2:7;I1-I3:4;I1-I4:4;I1-I6:3;I1-I7:5;I2-I3:6;I2-I4:2;I2-I6:4;I2-I7:5;I3-I4:7;I3-I6:3;I4-I6:3;I4-I7:3;I6-I7:11;I6-I9:3;I7-I9:7,12290.000000,18417.172362,6127.172362,5.658763,11.415283,5.756520,2.640168,8.0,3.5,4.0,6.0,10.0,20.0,16.0,48.0,80.0,200.0,False,False,0.002,0.005,0.1,0.0,0.0,0.0,40000,20000,16,8,69.0,16,105.0,36.0,20.0,785.000000,292,6,7,True,False,10,physical,6,42,849.282762,0.2
padded_benes_16x16,default,0-3-9-6-8-2-1-5-7-4,failed,10,9,1,0,136,29,9,I0-I1:2;I0-I2:4;I0-I4:2;I0-I6:4;I0-I7:4;I0-I9:2;I1-I2:8;I1-I3:4;I1-I4:2;I1-I6:5;I1-I7:4;I1-I9:4;I2-I3:5;I2-I4:5;I2-I6:3;I2-I7:5;I3-I4:2;I3-I6:7;I3-I7:3;I3-I8:6;I3-I9:3;I4-I6:9;I4-I7:5;I6-I7:8;I6-I8:4;I6-I9:2;I7-I8:4;I7-I9:7;I8-I9:9,12290.000000,20352.229866,8062.229866,5.950763,10.732957,4.782195,2.884051,8.0,3.5,4.0,6.0,10.0,20.0,16.0,48.0,80.0,200.0,False,False,0.002,0.005,0.1,0.0,0.0,0.0,40000,20000,16,8,69.0,16,105.0,36.0,20.0,785.000000,243,6,7,True,False,10,physical,7,42,782.129168,0.1
padded_benes_16x16,default,6-0-4-8-5-7-9-3-2-1,failed,10,8,2,0,117,24,10,I0-I1:3;I0-I2:5;I0-I3:2;I0-I4:7;I0-I5:10;I0-I6:2;I1-I2:2;I1-I3:4;I1-I4:4;I1-I5:4;I1-I6:2;I1-I8:2;I2-I3:6;I2-I4:4;I2-I5:4;I2-I6:10;I3-I4:5;I3-I5:3;I3-I6:10;I4-I5:8;I4-I6:6;I4-I8:3;I5-I6:4;I5-I8:3,12450.000000,19050.194490,6600.194490,5.917429,10.443370,4.525941,3.239549,8.0,3.5,4.0,6.0,10.0,20.0,16.0,48.0,80.0,200.0,False,False,0.002,0.005,0.1,0.0,0.0,0.0,40000,20000,16,8,69.0,16,105.0,36.0,20.0,785.000000,336,6,7,True,False,10,physical,8,42,908.944448,0.2
padded_benes_16x16,default,4-9-1-7-2-8-6-3-0-5,failed,10,7,3,0,79,17,9,I0-I1:2;I0-I4:3;I0-I5:2;I0-I6:6;I1-I2:3;I1-I4:3;I1-I5:9;I1-I6:5;I2-I4:4;I2-I5:4;I2-I6:4;I2-I8:3;I4-I5:6;I4-I6:6;I4-I8:3;I5-I6:7;I6-I8:5,12130.000000,15330.685684,3200.685684,5.910096,10.037872,4.127777,1.992339,8.0,3.5,4.0,6.0,10.0,20.0,16.0,48.0,80.0,200.0,False,False,0.002,0.005,0.1,0.0,0.0,0.0,40000,20000,16,8,69.0,16,105.0,36.0,20.0,785.000000,223,6,5,True,True,10,physical,9,42,649.961509,0.3
waksman_10x10,default,7-3-2-8-5-6-9-4-0-1,routed,10,10,0,0,150,30,13,I0-I1:3;I0-I2:5;I0-I3:4;I0-I4:9;I0-I5:9;I0-I6:2;I0-I7:11;I0-I8:3;I0-I9:3;I1-I2:5;I1-I3:4;I1-I4:2;I1-I5:2;I1-I6:2;I1-I7:4;I2-I3:6;I2-I4:4;I2-I5:2;I2-I6:2;I2-I7:4;I2-I9:3;I3-I6:2;I3-I7:3;I4-I5:8;I4-I6:2;I4-I7:13;I5-I6:2;I5-I7:7;I6-I7:5;I8-I9:4,9818.000000,18916.530784,9098.530784,4.093796,10.073816,5.980019,3.381706,8.0,3.5,4.0,6.0,10.0,20.0,16.0,48.0,80.0,200.0,False,False,0.002,0.005,0.1,0.0,0.0,0.0,40000,20000,16,8,69.0,16,105.0,36.0,20.0,785.000000,77,6,3,True,False,10,physical,0,42,110.915673,0.0
waksman_10x10,default,3-5-2-4-1-8-7-0-6-9,failed,10,8,2,1,97,26,9,I0-I1:4;I0-I2:9;I0-I3:6;I0-I4:3;I0-I6:2;I0-I8:2;I0-I9:2;I1-I2:3;I1-I3:4;I1-I4:3;I1-I6:4;I1-I8:4;I1-I9:4;I2-I3:4;I2-I4:5;I2-I6:2;I3-I4:7;I3-I6:4;I3-I8:2;I3-I9:2;I4-I6:4;I4-I8:2;I4-I9:2;I6-I8:5;I6-I9:4;I8-I9:4,9818.000000,15696.707813,5878.707813,5.332097,7.511692,2.179595,2.925677,8.0,3.5,4.0,6.0,10.0,20.0,16.0,48.0,80.0,200.0,False,False,0.002,0.005,0.1,0.0,0.0,0.0,40000,20000,16,8,69.0,16,105.0,36.0,20.0,785.000000,259,6,7,True,False,10,physical,1,42,543.228812,0.2
waksman_10x10,default,7-5-0-2-4-9-1-6-3-8,failed,10,9,1,0,113,29,7,I0-I1:7;I0-I2:3;I0-I3:3;I0-I4:5;I0-I5:2;I0-I7:7;I0-I9:4;I1-I2:7;I1-I3:5;I1-I4:5;I1-I5:2;I1-I7:6;I1-I8:3;I1-I9:2;I2-I3:4;I2-I4:2;I2-I5:4;I2-I7:2;I2-I8:6;I2-I9:2;I3-I4:2;I3-I5:2;I3-I7:2;I3-I8:2;I4-I5:4;I4-I7:6;I4-I9:2;I5-I9:3;I8-I9:4,9818.000000,16521.999849,6703.999849,4.850763,8.518954,3.668191,2.748444,8.0,3.5,4.0,6.0,10.0,20.0,16.0,48.0,80.0,200.0,False,False,0.002,0.005,0.1,0.0,0.0,0.0,40000,20000,16,8,69.0,16,105.0,36.0,20.0,785.000000,104,6,5,True,True,10,physical,2,42,163.366315,0.1
waksman_10x10,default,7-8-3-0-2-9-1-4-5-6,failed,10,9,1,0,82,25,6,I0-I1:2;I0-I5:2;I0-I6:3;I0-I7:3;I0-I8:5;I0-I9:5;I1-I3:3;I1-I5:2;I1-I7:3;I2-I3:3;I2-I5:2;I2-I7:2;I2-I8:2;I2-I9:2;I3-I5:2;I3-I6:2;I3-I7:2;I5-I6:3;I5-I7:5;I6-I7:4;I6-I8:2;I6-I9:2;I7-I8:4;I7-I9:2;I8-I9:6,9818.000000,15554.583923,5736.583923,4.564163,6.695904,2.131741,1.783241,8.0,3.5,4.0,6.0,10.0,20.0,16.0,48.0,80.0,200.0,False,False,0.002,0.005,0.1,0.0,0.0,0.0,40000,20000,16,8,69.0,16,105.0,36.0,20.0,785.000000,67,6,5,True,True,10,physical,3,42,57.508023,0.1
waksman_10x10,default,9-6-7-3-0-2-4-8-5-1,failed,10,9,1,0,97,25,8,I0-I1:3;I0-I2:3;I0-I3:3;I0-I7:3;I1-I2:8;I1-I3:3;I1-I6:3;I1-I7:2;I1-I8:3;I2-I3:5;I2-I6:5;I2-I7:2;I3-I5:5;I3-I6:4;I3-I7:2;I3-I8:2;I3-I9:5;I5-I6:4;I5-I7:2;I5-I8:2;I5-I9:3;I6-I7:2;I6-I8:6;I6-I9:3;I8-I9:3,9818.000000,16474.787445,6656.787445,4.356830,7.414327,3.057497,2.318175,8.0,3.5,4.0,6.0,10.0,20.0,16.0,48.0,80.0,200.0,False,False,0.002,0.005,0.1,0.0,0.0,0.0,40000,20000,16,8,69.0,16,105.0,36.0,20.0,785.000000,68,6,4,True,True,10,physical,4,42,160.655642,0.1
waksman_10x10,default,8-0-3-2-7-5-9-4-1-6,failed,10,8,2,0,68,21,7,I0-I1:3;I0-I2:3;I0-I3:3;I0-I6:2;I1-I2:4;I1-I3:6;I1-I5:2;I1-I6:2;I1-I8:2;I1-I9:2;I2-I3:7;I2-I5:2;I2-I6:2;I2-I8:3;I3-I5:2;I3-I6:2;I3-I8:3;I3-I9:2;I5-I6:6;I5-I9:2;I8-I9:2,9818.000000,13986.110492,4168.110492,4.116163,7.634235,3.518072,1.785403,8.0,3.5,4.0,6.0,10.0,20.0,16.0,48.0,80.0,200.0,False,False,0.002,0.005,0.1,0.0,0.0,0.0,40000,20000,16,8,69.0,16,105.0,36.0,20.0,785.000000,101,6,4,True,True,10,physical,5,42,183.878231,0.2
waksman_10x10,default,5-7-4-9-8-2-6-3-0-1,failed,10,9,1,0,97,20,7,I0-I1:4;I0-I2:7;I0-I3:2;I0-I6:2;I1-I2:7;I1-I3:2;I1-I5:5;I1-I6:7;I1-I7:5;I1-I8:3;I1-I9:3;I2-I3:4;I2-I6:4;I5-I6:2;I5-I7:6;I5-I9:3;I6-I7:3;I6-I8:3;I6-I9:3;I8-I9:6,9818.000000,16328.495408,6510.495408,4.217129,8.484032,4.266903,2.335221,8.0,3.5,4.0,6.0,10.0,20.0,16.0,48.0,80.0,200.0,False,False,0.002,0.005,0.1,0.0,0.0,0.0,40000,20000,16,8,69.0,16,105.0,36.0,20.0,785.000000,60,6,4,True,True,10,physical,6,42,47.206232,0.1
waksman_10x10,default,0-3-9-6-8-2-1-5-7-4,failed,10,8,2,0,73,22,6,I0-I1:6;I0-I2:2;I0-I3:2;I0-I5:4;I0-I7:2;I1-I2:2;I1-I3:4;I1-I5:5;I1-I7:2;I1-I8:2;I1-I9:2;I2-I3:3;I2-I7:3;I3-I7:5;I3-I8:4;I3-I9:3;I5-I7:2;I5-I8:2;I5-I9:2;I7-I8:4;I7-I9:3;I8-I9:5,9818.000000,14576.415776,4758.415776,4.356830,6.567825,2.210995,1.992854,8.0,3.5,4.0,6.0,10.0,20.0,16.0,48.0,80.0,200.0,False,False,0.002,0.005,0.1,0.0,0.0,0.0,40000,20000,16,8,69.0,16,105.0,36.0,20.0,785.000000,148,6,5,True,True,10,physical,7,42,334.836080,0.2
waksman_10x10,default,6-0-4-8-5-7-9-3-2-1,routed,10,10,0,0,112,29,7,I0-I1:7;I0-I2:5;I0-I3:2;I0-I4:3;I0-I5:6;I0-I6:2;I1-I2:4;I1-I3:2;I1-I4:2;I1-I5:2;I1-I6:2;I1-I7:4;I1-I8:2;I1-I9:2;I2-I3:2;I2-I4:6;I2-I5:6;I2-I6:2;I2-I8:3;I2-I9:3;I3-I6:2;I4-I5:4;I4-I6:2;I4-I7:3;I5-I6:2;I5-I7:5;I6-I7:5;I7-I9:3;I8-I9:3,9818.000000,17729.889206,7911.889206,4.181129,7.812492,3.631363,2.312878,8.0,3.5,4.0,6.0,10.0,20.0,16.0,48.0,80.0,200.0,False,False,0.002,0.005,0.1,0.0,0.0,0.0,40000,20000,16,8,69.0,16,105.0,36.0,20.0,785.000000,47,6,2,True,False,10,physical,8,42,66.863639,0.0
waksman_10x10,default,4-9-1-7-2-8-6-3-0-5,failed,10,8,2,0,81,21,8,I0-I1:6;I0-I2:3;I0-I3:8;I0-I4:5;I0-I6:2;I0-I8:3;I0-I9:4;I1-I2:3;I1-I3:3;I1-I6:3;I2-I3:8;I2-I4:2;I2-I6:2;I2-I8:3;I2-I9:2;I3-I6:5;I3-I9:3;I4-I6:2;I4-I9:2;I6-I9:3;I8-I9:2,9818.000000,14169.380400,4351.380400,4.233497,7.603485,3.369988,2.138845,8.0,3.5,4.0,6.0,10.0,20.0,16.0,48.0,80.0,200.0,False,False,0.002,0.005,0.1,0.0,0.0,0.0,40000,20000,16,8,69.0,16,105.0,36.0,20.0,785.000000,98,6,4,True,True,10,physical,9,42,234.408010,0.2
spanke_benes_10x10,default,7-3-2-8-5-6-9-4-0-1,routed,10,10,0,0,62,9,11,I0-I1:3;I0-I3:4;I0-I5:3;I1-I2:11;I1-I4:6;I1-I7:2;I3-I6:2;I4-I5:4;I8-I9:2,20166.000000,30217.725425,10051.725425,4.784859,10.570842,5.785982,3.429345,8.0,3.5,4.0,6.0,10.0,20.0,16.0,48.0,80.0,200.0,False,False,0.002,0.005,0.1,0.0,0.0,0.0,40000,20000,16,8,69.0,16,105.0,36.0,20.0,1835.000000,19,6,1,True,False,10,physical,0,42,21.087813,0.0
spanke_benes_10x10,default,3-5-2-4-1-8-7-0-6-9,failed,10,9,1,0,58,10,11,I0-I1:2;I0-I2:11;I0-I3:10;I1-I3:9;I1-I5:2;I1-I6:2;I1-I8:4;I5-I6:3;I5-I9:2;I6-I8:5,20166.000000,27691.632545,7525.632545,4.787893,10.624925,5.837031,3.566029,8.0,3.5,4.0,6.0,10.0,20.0,16.0,48.0,80.0,200.0,False,False,0.002,0.005,0.1,0.0,0.0,0.0,40000,20000,16,8,69.0,16,105.0,36.0,20.0,1835.000000,70,6,4,True,True,10,physical,1,42,298.295667,0.1
spanke_benes_10x10,default,7-5-0-2-4-9-1-6-3-8,routed,10,10,0,0,70,12,8,I0-I1:3;I0-I5:2;I0-I7:3;I0-I9:2;I1-I4:7;I1-I7:4;I2-I3:6;I2-I6:8;I3-I4:6;I3-I6:7;I3-I8:4;I4-I8:3,20166.000000,30641.331627,10475.331627,4.853527,10.895509,6.041982,3.668566,8.0,3.5,4.0,6.0,10.0,20.0,16.0,48.0,80.0,200.0,False,False,0.002,0.005,0.1,0.0,0.0,0.0,40000,20000,16,8,69.0,16,105.0,36.0,20.0,1835.000000,31,6,1,True,False,10,physical,2,42,37.161128,0.0
spanke_benes_10x10,default,7-8-3-0-2-9-1-4-5-6,routed,10,10,0,0,68,10,9,I0-I1:4;I0-I2:3;I1-I5:2;I2-I4:9;I2-I7:6;I3-I4:4;I3-I6:8;I4-I6:7;I7-I8:4;I8-I9:2,20166.000000,30477.331627,10311.331627,4.787893,10.297875,5.509982,3.595766,8.0,3.5,4.0,6.0,10.0,20.0,16.0,48.0,80.0,200.0,False,False,0.002,0.005,0.1,0.0,0.0,0.0,40000,20000,16,8,69.0,16,105.0,36.0,20.0,1835.000000,26,6,1,True,False,10,physical,3,42,24.165433,0.0
spanke_benes_10x10,default,9-6-7-3-0-2-4-8-5-1,routed,10,10,0,0,61,8,8,I1-I2:4;I1-I6:3;I2-I7:2;I3-I5:7;I3-I6:6;I4-I5:8;I4-I9:2;I6-I8:2,20166.000000,30243.433388,10077.433388,4.722260,9.702826,4.980566,3.415487,8.0,3.5,4.0,6.0,10.0,20.0,16.0,48.0,80.0,200.0,False,False,0.002,0.005,0.1,0.0,0.0,0.0,40000,20000,16,8,69.0,16,105.0,36.0,20.0,1835.000000,18,6,1,True,False,10,physical,4,42,16.210036,0.0
spanke_benes_10x10,default,8-0-3-2-7-5-9-4-1-6,routed,10,10,0,0,69,13,11,I0-I4:3;I0-I6:2;I1-I2:2;I1-I3:10;I1-I8:4;I2-I3:11;I2-I4:2;I2-I5:4;I2-I7:4;I3-I8:3;I4-I5:3;I5-I7:3;I5-I9:2,20166.000000,30434.645792,10268.645792,4.853527,10.960925,6.107398,3.602729,8.0,3.5,4.0,6.0,10.0,20.0,16.0,48.0,80.0,200.0,False,False,0.002,0.005,0.1,0.0,0.0,0.0,40000,20000,16,8,69.0,16,105.0,36.0,20.0,1835.000000,27,6,1,True,False,10,physical,5,42,23.933521,0.0
spanke_benes_10x10,default,5-7-4-9-8-2-6-3-0-1,routed,10,10,0,0,57,8,7,I0-I1:6;I0-I2:7;I0-I6:2;I1-I3:2;I1-I4:2;I2-I5:3;I5-I7:2;I8-I9:2,20166.000000,30164.805058,9998.805058,4.656627,9.228702,4.572076,3.328761,8.0,3.5,4.0,6.0,10.0,20.0,16.0,48.0,80.0,200.0,False,False,0.002,0.005,0.1,0.0,0.0,0.0,40000,20000,16,8,69.0,16,105.0,36.0,20.0,1835.000000,14,6,1,True,False,10,physical,6,42,18.015323,0.0
spanke_benes_10x10,default,0-3-9-6-8-2-1-5-7-4,routed,10,10,0,0,69,12,8,I0-I1:8;I0-I5:2;I0-I6:8;I1-I2:2;I1-I3:4;I1-I5:7;I1-I7:4;I1-I9:2;I3-I4:2;I3-I7:3;I3-I8:2;I5-I6:7,20166.000000,30444.353756,10278.353756,4.919160,11.767974,6.848814,3.605671,8.0,3.5,4.0,6.0,10.0,20.0,16.0,48.0,80.0,200.0,False,False,0.002,0.005,0.1,0.0,0.0,0.0,40000,20000,16,8,69.0,16,105.0,36.0,20.0,1835.000000,27,6,1,True,False,10,physical,7,42,24.836977,0.0
spanke_benes_10x10,default,6-0-4-8-5-7-9-3-2-1,routed,10,10,0,0,64,11,10,I0-I2:3;I0-I3:2;I0-I4:5;I0-I5:4;I1-I2:10;I1-I7:2;I1-I8:2;I1-I9:2;I2-I4:6;I3-I5:3;I3-I6:2,20166.000000,30282.309498,10116.309498,4.787893,10.292460,5.504566,3.480262,8.0,3.5,4.0,6.0,10.0,20.0,16.0,48.0,80.0,200.0,False,False,0.002,0.005,0.1,0.0,0.0,0.0,40000,20000,16,8,69.0,16,105.0,36.0,20.0,1835.000000,21,6,1,True,False,10,physical,8,42,22.341812,0.0
spanke_benes_10x10,default,4-9-1-7-2-8-6-3-0-5,routed,10,10,0,0,65,12,10,I0-I1:2;I0-I2:3;I0-I3:4;I0-I4:5;I0-I6:2;I0-I7:3;I0-I9:2;I2-I4:10;I2-I7:2;I2-I8:3;I3-I5:2;I4-I7:4,20166.000000,30400.703296,10234.703296,4.787893,10.280460,5.492566,3.529441,8.0,3.5,4.0,6.0,10.0,20.0,16.0,48.0,80.0,200.0,False,False,0.002,0.005,0.1,0.0,0.0,0.0,40000,20000,16,8,69.0,16,105.0,36.0,20.0,1835.000000,22,6,1,True,False,10,physical,9,42,20.075021,0.0
spanke_benes_rect_10x10,default,7-3-2-8-5-6-9-4-0-1,routed,10,10,0,0,62,11,6,I0-I3:4;I0-I5:3;I1-I2:5;I1-I4:2;I1-I7:4;I2-I3:2;I3-I6:4;I4-I5:6;I4-I7:3;I5-I6:2;I8-I9:2,12816.000000,23545.884690,10729.884690,3.120993,7.313478,4.192484,3.584977,8.0,3.5,4.0,6.0,10.0,20.0,16.0,48.0,80.0,200.0,False,False,0.002,0.005,0.1,0.0,0.0,0.0,40000,20000,16,8,69.0,16,105.0,36.0,20.0,1100.000000,22,6,1,True,False,10,physical,0,42,16.946438,0.0
spanke_benes_rect_10x10,default,3-5-2-4-1-8-7-0-6-9,routed,10,10,0,0,73,15,7,I0-I1:2;I0-I2:5;I0-I3:6;I1-I3:5;I1-I8:6;I2-I3:2;I2-I4:5;I3-I8:2;I4-I5:2;I4-I7:3;I5-I6:7;I5-I9:6;I6-I8:7;I6-I9:2;I8-I9:2,12816.000000,23900.411260,11084.411260,3.043661,7.533396,4.489734,3.860382,8.0,3.5,4.0,6.0,10.0,20.0,16.0,48.0,80.0,200.0,False,False,0.002,0.005,0.1,0.0,0.0,0.0,40000,20000,16,8,69.0,16,105.0,36.0,20.0,1100.000000,33,6,1,True,False,10,physical,1,42,24.580062,0.0
spanke_benes_rect_10x10,default,7-5-0-2-4-9-1-6-3-8,routed,10,10,0,0,70,16,5,I0-I7:3;I0-I9:4;I1-I4:3;I1-I7:4;I2-I3:4;I2-I6:4;I3-I4:2;I3-I6:5;I3-I8:4;I4-I5:2;I4-I7:2;I4-I8:5;I5-I9:5;I6-I7:2;I7-I9:4;I8-I9:2,12816.000000,23947.782929,11131.782929,3.056993,7.547980,4.490987,3.818857,8.0,3.5,4.0,6.0,10.0,20.0,16.0,48.0,80.0,200.0,False,False,0.002,0.005,0.1,0.0,0.0,0.0,40000,20000,16,8,69.0,16,105.0,36.0,20.0,1100.000000,32,6,1,True,False,10,physical,2,42,25.280775,0.0
spanke_benes_rect_10x10,default,7-8-3-0-2-9-1-4-5-6,routed,10,10,0,0,68,12,8,I0-I1:4;I1-I5:2;I2-I4:5;I2-I7:6;I3-I4:2;I3-I6:4;I4-I5:2;I4-I6:5;I5-I9:3;I6-I7:2;I7-I8:6;I8-I9:8,12816.000000,23868.906819,11052.906819,3.120993,7.574303,4.453310,3.766081,8.0,3.5,4.0,6.0,10.0,20.0,16.0,48.0,80.0,200.0,False,False,0.002,0.005,0.1,0.0,0.0,0.0,40000,20000,16,8,69.0,16,105.0,36.0,20.0,1100.000000,30,6,1,True,False,10,physical,3,42,23.397063,0.0
spanke_benes_rect_10x10,default,9-6-7-3-0-2-4-8-5-1,routed,10,10,0,0,61,12,4,I1-I2:2;I1-I8:3;I2-I7:4;I3-I5:3;I3-I6:4;I4-I5:4;I4-I9:2;I5-I6:2;I5-I9:3;I6-I7:2;I6-I8:4;I7-I8:3,12816.000000,23566.570525,10750.570525,3.108326,7.309478,4.201152,3.573614,8.0,3.5,4.0,6.0,10.0,20.0,16.0,48.0,80.0,200.0,False,False,0.002,0.005,0.1,0.0,0.0,0.0,40000,20000,16,8,69.0,16,105.0,36.0,20.0,1100.000000,21,6,1,True,False,10,physical,4,42,14.651899,0.0
spanke_benes_rect_10x10,default,8-0-3-2-7-5-9-4-1-6,routed,10,10,0,0,69,13,7,I0-I4:3;I0-I6:2;I1-I3:6;I1-I8:2;I2-I3:7;I2-I5:2;I2-I7:6;I3-I8:3;I4-I6:4;I4-I9:5;I5-I7:5;I5-I9:6;I8-I9:2,12816.000000,23771.389131,10955.389131,3.108326,7.390564,4.282238,3.758078,8.0,3.5,4.0,6.0,10.0,20.0,16.0,48.0,80.0,200.0,False,False,0.002,0.005,0.1,0.0,0.0,0.0,40000,20000,16,8,69.0,16,105.0,36.0,20.0,1100.000000,31,6,1,True,False,10,physical,5,42,23.499022,0.0
spanke_benes_rect_10x10,default,5-7-4-9-8-2-6-3-0-1,routed,10,10,0,0,57,10,4,I0-I1:2;I0-I2:3;I0-I6:4;I1-I4:4;I1-I6:3;I2-I3:2;I2-I7:3;I3-I4:3;I5-I7:2;I8-I9:2,12816.000000,23311.840433,10495.840433,3.108326,7.176351,4.068024,3.445168,8.0,3.5,4.0,6.0,10.0,20.0,16.0,48.0,80.0,200.0,False,False,0.002,0.005,0.1,0.0,0.0,0.0,40000,20000,16,8,69.0,16,105.0,36.0,20.0,1100.000000,17,6,1,True,False,10,physical,6,42,13.682008,0.0
spanke_benes_rect_10x10,default,0-3-9-6-8-2-1-5-7-4,routed,10,10,0,0,69,14,6,I0-I1:4;I0-I5:2;I0-I6:4;I1-I3:2;I1-I5:5;I1-I9:6;I2-I4:3;I3-I7:5;I3-I8:4;I4-I8:5;I5-I6:5;I6-I7:2;I7-I8:2;I7-I9:5,12816.000000,23596.557278,10780.557278,3.082327,7.352399,4.270072,3.719111,8.0,3.5,4.0,6.0,10.0,20.0,16.0,48.0,80.0,200.0,False,False,0.002,0.005,0.1,0.0,0.0,0.0,40000,20000,16,8,69.0,16,105.0,36.0,20.0,1100.000000,30,6,1,True,False,10,physical,7,42,23.572910,0.0
spanke_benes_rect_10x10,default,6-0-4-8-5-7-9-3-2-1,routed,10,10,0,0,64,13,5,I0-I4:5;I0-I5:4;I1-I2:4;I1-I7:2;I1-I9:2;I2-I3:2;I2-I4:4;I2-I7:3;I3-I5:5;I3-I6:4;I4-I5:2;I5-I6:2;I8-I9:3,12816.000000,23507.490892,10691.490892,3.108326,7.345478,4.237152,3.611798,8.0,3.5,4.0,6.0,10.0,20.0,16.0,48.0,80.0,200.0,False,False,0.002,0.005,0.1,0.0,0.0,0.0,40000,20000,16,8,69.0,16,105.0,36.0,20.0,1100.000000,23,6,1,True,False,10,physical,8,42,16.847680,0.0
spanke_benes_rect_10x10,default,4-9-1-7-2-8-6-3-0-5,routed,10,10,0,0,63,11,6,I0-I1:2;I0-I7:5;I0-I9:4;I2-I3:2;I2-I4:6;I3-I5:4;I3-I6:3;I4-I5:2;I4-I7:4;I6-I9:5;I8-I9:2,12816.000000,23528.176727,10712.176727,3.069660,7.097519,4.027858,3.600435,8.0,3.5,4.0,6.0,10.0,20.0,16.0,48.0,80.0,200.0,False,False,0.002,0.005,0.1,0.0,0.0,0.0,40000,20000,16,8,69.0,16,105.0,36.0,20.0,1100.000000,22,6,1,True,False,10,physical,9,42,17.269183,0.0
padded_benes_16x16,default,7-3-2-8-5-6-9-4-0-1-10,failed,11,10,1,0,149,33,11,I0-I1:3;I0-I2:3;I0-I4:9;I0-I5:11;I0-I6:2;I1-I2:7;I1-I3:2;I1-I4:4;I1-I5:4;I1-I6:2;I2-I3:6;I2-I4:4;I2-I5:4;I2-I6:2;I2-I8:3;I2-I10:2;I3-I4:5;I3-I5:3;I3-I6:8;I3-I10:2;I4-I5:6;I4-I6:6;I4-I8:3;I4-I9:3;I4-I10:2;I5-I6:6;I5-I8:3;I5-I9:3;I5-I10:2;I6-I10:4;I8-I9:6;I8-I10:6;I9-I10:4,13747.000000,21899.769682,8152.769682,6.163430,9.995541,3.832112,2.505554,8.0,3.5,4.0,6.0,10.0,20.0,16.0,48.0,80.0,200.0,False,False,0.002,0.005,0.1,0.0,0.0,0.0,40000,20000,16,8,69.0,16,105.0,36.0,20.0,785.000000,171,6,5,True,True,11,physical,0,42,373.804118,0.09090909090909091
padded_benes_16x16,default,4-3-2-10-5-1-7-8-0-6-9,failed,11,9,2,0,109,29,10,I0-I1:3;I0-I2:3;I0-I6:4;I0-I9:2;I0-I10:2;I1-I2:7;I1-I3:2;I1-I6:4;I1-I7:2;I1-I9:2;I1-I10:2;I2-I3:2;I2-I6:4;I2-I7:2;I2-I8:5;I2-I9:2;I2-I10:2;I3-I6:3;I3-I7:7;I3-I10:3;I6-I7:10;I6-I8:3;I6-I9:7;I6-I10:4;I7-I8:3;I7-I10:4;I8-I9:4;I8-I10:2;I9-I10:4,13723.000000,20760.667921,7037.667921,6.068097,11.711495,5.643398,2.379815,8.0,3.5,4.0,6.0,10.0,20.0,16.0,48.0,80.0,200.0,False,False,0.002,0.005,0.1,0.0,0.0,0.0,40000,20000,16,8,69.0,16,105.0,36.0,20.0,785.000000,323,6,7,True,False,11,physical,1,42,916.281545,0.18181818181818182
padded_benes_16x16,default,5-1-9-0-2-4-7-3-6-8-10,failed,11,9,2,0,134,31,10,I0-I1:3;I0-I3:5;I0-I4:3;I0-I6:6;I0-I8:4;I0-I9:6;I1-I2:2;I1-I3:9;I1-I4:4;I1-I6:6;I1-I9:2;I2-I3:3;I2-I4:7;I2-I6:5;I2-I8:3;I2-I9:3;I2-I10:2;I3-I4:8;I3-I6:6;I3-I9:2;I3-I10:2;I4-I6:10;I4-I8:2;I4-I9:2;I4-I10:2;I6-I8:5;I6-I9:4;I6-I10:4;I8-I9:4;I8-I10:4;I9-I10:6,13987.000000,20532.858196,6545.858196,6.268097,11.951495,5.683398,2.750191,8.0,3.5,4.0,6.0,10.0,20.0,16.0,48.0,80.0,200.0,False,False,0.002,0.005,0.1,0.0,0.0,0.0,40000,20000,16,8,69.0,16,105.0,36.0,20.0,785.000000,317,6,7,True,False,11,physical,2,42,867.989061,0.18181818181818182
padded_benes_16x16,default,10-7-1-9-0-8-6-3-2-4-5,failed,11,10,1,0,163,38,12,I0-I1:3;I0-I2:3;I0-I3:3;I0-I5:3;I0-I6:3;I0-I7:3;I1-I2:3;I1-I3:4;I1-I5:2;I1-I6:5;I1-I7:5;I1-I9:5;I1-I10:3;I2-I3:8;I2-I5:2;I2-I6:6;I2-I7:6;I2-I8:2;I2-I9:4;I2-I10:2;I3-I5:5;I3-I6:3;I3-I7:3;I5-I6:3;I5-I7:3;I5-I8:3;I5-I9:3;I5-I10:3;I6-I7:11;I6-I8:3;I6-I9:5;I6-I10:3;I7-I8:5;I7-I9:2;I7-I10:2;I8-I9:6;I8-I10:6;I9-I10:12,13747.000000,23172.265241,9425.265241,6.255430,10.633995,4.378565,3.083253,8.0,3.5,4.0,6.0,10.0,20.0,16.0,48.0,80.0,200.0,False,False,0.002,0.005,0.1,0.0,0.0,0.0,40000,20000,16,8,69.0,16,105.0,36.0,20.0,785.000000,238,6,6,True,True,11,physical,3,42,741.474017,0.09090909090909091
padded_benes_16x16,default,2-6-1-7-8-3-9-0-4-10-5,failed,11,8,3,0,79,23,8,I0-I1:2;I0-I2:3;I0-I4:2;I0-I6:2;I0-I8:2;I0-I9:2;I0-I10:2;I1-I2:3;I1-I4:2;I1-I6:2;I1-I9:4;I1-I10:5;I2-I4:2;I2-I6:2;I2-I8:2;I2-I9:2;I2-I10:2;I4-I6:8;I4-I9:8;I6-I9:2;I8-I9:4;I8-I10:6;I9-I10:5,13323.000000,18273.946711,4950.946711,5.935430,8.600290,2.664861,2.046487,8.0,3.5,4.0,6.0,10.0,20.0,16.0,48.0,80.0,200.0,False,False,0.002,0.005,0.1,0.0,0.0,0.0,40000,20000,16,8,69.0,16,105.0,36.0,20.0,785.000000,295,6,6,True,True,11,physical,4,42,1114.125781,0.2727272727272727
padded_benes_16x16,default,2-9-7-1-6-0-10-3-5-4-8,failed,11,7,4,0,71,19,9,I0-I2:2;I0-I3:3;I0-I5:3;I0-I8:2;I2-I3:5;I2-I4:7;I2-I5:3;I2-I8:3;I2-I10:2;I3-I4:4;I3-I5:5;I3-I8:2;I3-I10:2;I4-I5:9;I4-I8:5;I4-I10:2;I5-I8:4;I5-I10:4;I8-I10:4,13587.000000,14711.021978,1124.021978,6.127430,8.202332,2.074903,1.375292,8.0,3.5,4.0,6.0,10.0,20.0,16.0,48.0,80.0,200.0,False,False,0.002,0.005,0.1,0.0,0.0,0.0,40000,20000,16,8,69.0,16,105.0,36.0,20.0,785.000000,248,6,4,True,True,11,physical,5,42,568.970793,0.36363636363636365
padded_benes_16x16,default,0-7-8-9-2-5-10-4-6-1-3,failed,11,9,2,0,117,28,8,I0-I1:2;I0-I2:2;I0-I3:2;I0-I4:4;I0-I5:4;I0-I6:2;I0-I9:2;I0-I10:2;I1-I2:2;I1-I3:4;I1-I4:3;I1-I5:5;I1-I6:2;I2-I3:8;I2-I4:3;I2-I5:3;I2-I6:2;I3-I4:3;I3-I5:3;I3-I6:6;I4-I5:8;I4-I6:6;I4-I9:5;I4-I10:6;I5-I6:6;I5-I9:3;I5-I10:3;I9-I10:8,13723.000000,21549.690049,7826.690049,5.899430,10.708456,4.809026,2.639709,8.0,3.5,4.0,6.0,10.0,20.0,16.0,48.0,80.0,200.0,False,False,0.002,0.005,0.1,0.0,0.0,0.0,40000,20000,16,8,69.0,16,105.0,36.0,20.0,785.000000,289,6,7,True,True,11,physical,6,42,913.662957,0.18181818181818182
padded_benes_16x16,default,0-7-10-6-8-5-9-2-1-4-3,failed,11,9,2,0,149,30,11,I0-I1:2;I0-I2:2;I0-I3:2;I0-I4:2;I0-I6:2;I0-I7:4;I0-I8:2;I1-I2:2;I1-I3:11;I1-I4:2;I1-I5:7;I1-I6:2;I1-I7:3;I2-I3:5;I2-I4:7;I2-I5:7;I2-I6:5;I2-I7:5;I3-I4:4;I3-I5:7;I3-I6:2;I3-I7:3;I4-I5:7;I4-I6:10;I4-I7:9;I5-I6:4;I5-I7:9;I5-I8:3;I6-I7:7;I7-I8:7,13323.000000,21218.915700,7895.915700,5.991430,11.117412,5.125982,3.407870,8.0,3.5,4.0,6.0,10.0,20.0,16.0,48.0,80.0,200.0,False,False,0.002,0.005,0.1,0.0,0.0,0.0,40000,20000,16,8,69.0,16,105.0,36.0,20.0,785.000000,272,6,7,True,False,11,physical,7,42,1070.366414,0.18181818181818182
padded_benes_16x16,default,9-2-10-7-1-0-6-5-3-8-4,failed,11,8,3,0,83,23,8,I0-I1:3;I0-I2:6;I0-I5:3;I0-I7:3;I0-I9:5;I1-I2:4;I1-I5:3;I1-I7:4;I1-I8:2;I1-I9:2;I2-I5:3;I2-I7:3;I2-I9:3;I5-I7:8;I5-I8:2;I5-I9:2;I5-I10:2;I7-I8:3;I7-I9:2;I7-I10:5;I8-I9:4;I8-I10:2;I9-I10:5,13827.000000,16925.159115,3098.159115,6.455430,9.335495,2.880065,1.380040,8.0,3.5,4.0,6.0,10.0,20.0,16.0,48.0,80.0,200.0,False,False,0.002,0.005,0.1,0.0,0.0,0.0,40000,20000,16,8,69.0,16,105.0,36.0,20.0,785.000000,391,6,7,True,False,11,physical,8,42,1084.212844,0.2727272727272727
padded_benes_16x16,default,0-6-2-10-8-7-9-5-3-1-4,failed,11,8,3,0,89,21,8,I0-I1:2;I0-I4:2;I0-I8:2;I0-I9:2;I0-I10:2;I1-I2:3;I1-I4:4;I1-I5:8;I2-I4:2;I2-I5:6;I2-I8:6;I2-I9:3;I2-I10:2;I4-I5:5;I4-I8:3;I5-I8:3;I5-I9:5;I5-I10:5;I8-I9:7;I8-I10:6;I9-I10:6,13347.000000,16963.305133,3616.305133,5.783430,9.108497,3.325067,1.764951,8.0,3.5,4.0,6.0,10.0,20.0,16.0,48.0,80.0,200.0,False,False,0.002,0.005,0.1,0.0,0.0,0.0,40000,20000,16,8,69.0,16,105.0,36.0,20.0,785.000000,228,6,5,True,True,11,physical,9,42,594.614696,0.2727272727272727
waksman_11x11,default,7-3-2-8-5-6-9-4-0-1-10,failed,11,8,3,0,66,18,7,I0-I1:5;I0-I3:2;I0-I4:7;I0-I7:5;I0-I9:3;I0-I10:4;I1-I3:2;I1-I4:2;I1-I7:2;I1-I9:3;I1-I10:2;I3-I10:4;I4-I7:3;I4-I10:2;I7-I10:2;I8-I9:4;I8-I10:2;I9-I10:2,11151.000000,14797.088364,3646.088364,5.808764,7.306575,1.497811,1.869022,8.0,3.5,4.0,6.0,10.0,20.0,16.0,48.0,80.0,200.0,False,False,0.002,0.005,0.1,0.0,0.0,0.0,40000,20000,16,8,69.0,16,105.0,36.0,20.0,785.000000,226,6,5,True,True,11,physical,0,42,613.617348,0.2727272727272727
waksman_11x11,default,4-3-2-10-5-1-7-8-0-6-9,failed,11,9,2,0,71,24,6,I0-I2:3;I0-I3:2;I0-I4:2;I0-I7:2;I0-I9:2;I0-I10:2;I1-I3:2;I1-I4:2;I1-I5:3;I1-I10:2;I2-I3:4;I2-I4:2;I2-I5:3;I2-I7:2;I2-I9:2;I2-I10:2;I4-I5:3;I4-I7:2;I4-I9:2;I5-I7:4;I5-I10:2;I7-I9:3;I7-I10:6;I9-I10:4,11151.000000,15839.809574,4688.809574,4.716163,6.532234,1.816071,1.311402,8.0,3.5,4.0,6.0,10.0,20.0,16.0,48.0,80.0,200.0,False,False,0.002,0.005,0.1,0.0,0.0,0.0,40000,20000,16,8,69.0,16,105.0,36.0,20.0,785.000000,89,6,4,True,True,11,physical,1,42,442.617675,0.18181818181818182
waksman_11x11,default,5-1-9-0-2-4-7-3-6-8-10,failed,11,7,4,0,44,14,4,I1-I2:2;I1-I4:2;I1-I5:2;I1-I6:4;I1-I9:2;I2-I9:3;I2-I10:4;I4-I5:4;I4-I6:4;I4-I9:2;I5-I6:4;I5-I9:2;I6-I9:4;I9-I10:2,11151.000000,12961.884841,1810.884841,5.791430,6.687909,0.896480,1.509396,8.0,3.5,4.0,6.0,10.0,20.0,16.0,48.0,80.0,200.0,False,False,0.002,0.005,0.1,0.0,0.0,0.0,40000,20000,16,8,69.0,16,105.0,36.0,20.0,785.000000,209,6,5,True,True,11,physical,2,42,789.203356,0.36363636363636365
waksman_11x11,default,10-7-1-9-0-8-6-3-2-4-5,failed,11,7,4,1,58,14,11,I2-I3:4;I2-I5:2;I2-I6:4;I2-I7:2;I2-I8:2;I2-I10:2;I3-I5:5;I5-I6:3;I5-I7:3;I6-I7:11;I6-I10:3;I7-I8:4;I7-I10:2;I8-I10:4,11151.000000,13219.548547,2068.548547,4.820830,7.494452,2.673622,1.688728,8.0,3.5,4.0,6.0,10.0,20.0,16.0,48.0,80.0,200.0,False,False,0.002,0.005,0.1,0.0,0.0,0.0,40000,20000,16,8,69.0,16,105.0,36.0,20.0,785.000000,287,6,6,True,True,11,physical,3,42,928.402126,0.36363636363636365
waksman_11x11,default,2-6-1-7-8-3-9-0-4-10-5,failed,11,9,2,0,113,32,9,I0-I1:4;I0-I2:5;I0-I5:8;I0-I6:2;I0-I7:3;I0-I8:2;I0-I9:2;I0-I10:2;I1-I2:3;I1-I6:2;I1-I7:3;I1-I8:3;I1-I9:2;I2-I5:6;I2-I6:2;I2-I7:9;I2-I8:4;I2-I9:2;I2-I10:4;I5-I6:4;I5-I7:5;I5-I8:2;I5-I9:2;I5-I10:4;I6-I7:3;I6-I9:4;I7-I8:2;I7-I9:2;I7-I10:2;I8-I9:2;I8-I10:6;I9-I10:3,11151.000000,17403.136986,6252.136986,5.534763,8.580648,3.045885,2.762808,8.0,3.5,4.0,6.0,10.0,20.0,16.0,48.0,80.0,200.0,False,False,0.002,0.005,0.1,0.0,0.0,0.0,40000,20000,16,8,69.0,16,105.0,36.0,20.0,785.000000,270,6,7,True,True,11,physical,4,42,717.786748,0.18181818181818182
waksman_11x11,default,2-9-7-1-6-0-10-3-5-4-8,failed,11,8,3,0,80,19,9,I1-I3:3;I1-I6:2;I1-I7:3;I2-I3:5;I2-I4:5;I2-I7:5;I2-I8:3;I2-I9:7;I3-I4:2;I3-I6:2;I3-I7:2;I4-I6:2;I4-I7:9;I4-I8:5;I4-I9:3;I6-I7:5;I7-I8:2;I7-I9:2;I8-I9:7,11151.000000,16130.371519,4979.371519,4.958096,8.199991,3.241895,2.199593,8.0,3.5,4.0,6.0,10.0,20.0,16.0,48.0,80.0,200.0,False,False,0.002,0.005,0.1,0.0,0.0,0.0,40000,20000,16,8,69.0,16,105.0,36.0,20.0,785.000000,310,6,7,True,False,11,physical,5,42,1130.029017,0.2727272727272727
waksman_11x11,default,0-7-8-9-2-5-10-4-6-1-3,routed,11,11,0,0,128,30,8,I0-I1:4;I0-I2:2;I0-I3:2;I0-I4:2;I0-I5:2;I0-I6:2;I0-I7:2;I0-I8:2;I0-I9:4;I0-I10:2;I1-I2:2;I1-I3:2;I1-I5:3;I1-I6:4;I1-I7:5;I1-I8:7;I2-I3:8;I2-I6:2;I4-I5:4;I4-I6:4;I4-I7:6;I4-I10:4;I5-I6:2;I5-I7:3;I5-I8:2;I6-I7:7;I7-I8:2;I8-I9:7;I8-I10:3;I9-I10:4,11151.000000,20051.880325,8900.880325,4.554164,7.862984,3.308820,2.158796,8.0,3.5,4.0,6.0,10.0,20.0,16.0,48.0,80.0,200.0,False,False,0.002,0.005,0.1,0.0,0.0,0.0,40000,20000,16,8,69.0,16,105.0,36.0,20.0,785.000000,58,6,2,True,False,11,physical,6,42,100.709915,0.0
waksman_11x11,default,0-7-10-6-8-5-9-2-1-4-3,failed,11,8,3,0,75,17,7,I1-I2:4;I1-I3:7;I1-I6:2;I1-I7:3;I1-I8:3;I1-I9:3;I1-I10:3;I2-I3:7;I2-I6:3;I3-I6:4;I3-I9:3;I6-I7:7;I7-I8:3;I7-I10:4;I8-I9:2;I8-I10:4;I9-I10:3,11151.000000,15603.729941,4452.729941,4.820830,8.495479,3.674649,1.987557,8.0,3.5,4.0,6.0,10.0,20.0,16.0,48.0,80.0,200.0,False,False,0.002,0.005,0.1,0.0,0.0,0.0,40000,20000,16,8,69.0,16,105.0,36.0,20.0,785.000000,368,6,7,True,False,11,physical,7,42,1113.283376,0.2727272727272727
waksman_11x11,default,9-2-10-7-1-0-6-5-3-8-4,failed,11,8,3,1,78,19,6,I0-I4:3;I3-I4:3;I3-I6:5;I3-I7:3;I3-I8:3;I3-I10:3;I4-I5:5;I4-I6:6;I4-I7:6;I4-I8:4;I4-I10:2;I5-I6:2;I5-I7:4;I5-I8:2;I6-I7:5;I6-I8:3;I6-I10:5;I7-I10:2;I8-I10:4,11151.000000,15074.504290,3923.504290,5.135430,7.013497,1.878067,2.010376,8.0,3.5,4.0,6.0,10.0,20.0,16.0,48.0,80.0,200.0,False,False,0.002,0.005,0.1,0.0,0.0,0.0,40000,20000,16,8,69.0,16,105.0,36.0,20.0,785.000000,296,6,6,True,True,11,physical,8,42,1003.364505,0.2727272727272727
waksman_11x11,default,0-6-2-10-8-7-9-5-3-1-4,failed,11,9,2,0,92,24,6,I0-I1:4;I0-I2:6;I0-I3:4;I0-I4:2;I0-I5:6;I0-I7:4;I0-I8:4;I0-I10:2;I1-I2:3;I1-I3:2;I1-I4:2;I1-I5:4;I1-I7:3;I1-I10:5;I2-I3:4;I2-I4:2;I2-I5:2;I2-I7:2;I2-I8:2;I4-I5:3;I5-I7:3;I5-I10:3;I7-I10:5;I8-I10:4,11151.000000,17054.933464,5903.933464,4.617796,7.269619,2.651823,2.197207,8.0,3.5,4.0,6.0,10.0,20.0,16.0,48.0,80.0,200.0,False,False,0.002,0.005,0.1,0.0,0.0,0.0,40000,20000,16,8,69.0,16,105.0,36.0,20.0,785.000000,160,6,5,True,True,11,physical,9,42,562.642228,0.18181818181818182
spanke_benes_11x11,default,7-3-2-8-5-6-9-4-0-1-10,routed,11,11,0,0,92,15,13,I0-I1:3;I0-I3:8;I0-I5:5;I1-I2:13;I1-I4:6;I1-I7:4;I2-I7:2;I2-I9:3;I3-I6:4;I3-I10:2;I4-I5:6;I4-I7:3;I6-I10:4;I8-I9:4;I9-I10:2,24795.000000,37795.875809,13000.875809,5.374792,12.037022,6.662230,4.239250,8.0,3.5,4.0,6.0,10.0,20.0,16.0,48.0,80.0,200.0,False,False,0.002,0.005,0.1,0.0,0.0,0.0,40000,20000,16,8,69.0,16,105.0,36.0,20.0,2045.000000,43,6,2,True,False,11,physical,0,42,50.609486,0.0
spanke_benes_11x11,default,4-3-2-10-5-1-7-8-0-6-9,routed,11,11,0,0,93,12,13,I0-I1:13;I0-I3:2;I0-I4:10;I1-I2:13;I2-I5:9;I4-I6:4;I4-I9:4;I5-I8:5;I6-I7:6;I6-I9:3;I7-I9:5;I7-I10:2,24795.000000,37824.942194,13029.942194,5.430792,12.375854,6.945062,4.253171,8.0,3.5,4.0,6.0,10.0,20.0,16.0,48.0,80.0,200.0,False,False,0.002,0.005,0.1,0.0,0.0,0.0,40000,20000,16,8,69.0,16,105.0,36.0,20.0,2045.000000,39,6,1,True,False,11,physical,1,42,43.598394,0.0
spanke_benes_11x11,default,5-1-9-0-2-4-7-3-6-8-10,failed,11,10,1,0,90,13,15,I0-I1:3;I0-I2:2;I0-I5:9;I0-I6:2;I1-I3:15;I1-I4:14;I2-I9:3;I2-I10:4;I4-I5:4;I4-I7:8;I5-I7:7;I6-I9:6;I9-I10:4,24795.000000,35158.220984,10363.220984,5.365159,12.425390,7.060231,4.505444,8.0,3.5,4.0,6.0,10.0,20.0,16.0,48.0,80.0,200.0,False,False,0.002,0.005,0.1,0.0,0.0,0.0,40000,20000,16,8,69.0,16,105.0,36.0,20.0,2045.000000,82,6,4,True,True,11,physical,2,42,105.977881,0.09090909090909091
spanke_benes_11x11,default,10-7-1-9-0-8-6-3-2-4-5,routed,11,11,0,0,77,11,13,I1-I2:5;I1-I3:2;I1-I5:2;I2-I4:13;I2-I6:2;I2-I7:2;I2-I8:6;I4-I8:2;I7-I8:5;I7-I9:4;I9-I10:2,24795.000000,37735.203221,12940.203221,5.267459,11.793441,6.525982,3.970037,8.0,3.5,4.0,6.0,10.0,20.0,16.0,48.0,80.0,200.0,False,False,0.002,0.005,0.1,0.0,0.0,0.0,40000,20000,16,8,69.0,16,105.0,36.0,20.0,2045.000000,30,6,1,True,False,11,physical,3,42,34.462335,0.0
spanke_benes_11x11,default,2-6-1-7-8-3-9-0-4-10-5,routed,11,11,0,0,91,13,15,I0-I1:6;I0-I2:15;I0-I5:10;I0-I8:2;I1-I3:8;I1-I5:3;I1-I8:3;I2-I7:7;I3-I4:6;I4-I6:4;I5-I8:6;I6-I9:2;I8-I10:2,24795.000000,37920.110341,13125.110341,5.389092,12.894614,7.505522,4.230475,8.0,3.5,4.0,6.0,10.0,20.0,16.0,48.0,80.0,200.0,False,False,0.002,0.005,0.1,0.0,0.0,0.0,40000,20000,16,8,69.0,16,105.0,36.0,20.0,2045.000000,43,6,1,True,False,11,physical,4,42,46.917948,0.0
spanke_benes_11x11,default,2-9-7-1-6-0-10-3-5-4-8,routed,11,11,0,0,88,15,13,I0-I1:2;I0-I2:2;I0-I3:13;I0-I4:4;I0-I7:8;I0-I9:2;I1-I2:3;I1-I6:2;I2-I4:5;I2-I10:4;I3-I5:11;I4-I8:3;I7-I8:2;I7-I9:4;I8-I9:3,24795.000000,37916.313864,13121.313864,5.216126,12.147984,6.931858,4.187057,8.0,3.5,4.0,6.0,10.0,20.0,16.0,48.0,80.0,200.0,False,False,0.002,0.005,0.1,0.0,0.0,0.0,40000,20000,16,8,69.0,16,105.0,36.0,20.0,2045.000000,40,6,1,True,False,11,physical,5,42,42.080053,0.0
spanke_benes_11x11,default,0-7-8-9-2-5-10-4-6-1-3,routed,11,11,0,0,80,13,10,I0-I1:6;I0-I4:10;I0-I9:4;I1-I2:6;I1-I5:3;I2-I3:4;I3-I6:2;I4-I5:4;I4-I7:4;I4-I9:3;I4-I10:2;I5-I7:3;I5-I8:2,24795.000000,37401.335992,12606.335992,5.377826,11.806640,6.428814,3.944788,8.0,3.5,4.0,6.0,10.0,20.0,16.0,48.0,80.0,200.0,False,False,0.002,0.005,0.1,0.0,0.0,0.0,40000,20000,16,8,69.0,16,105.0,36.0,20.0,2045.000000,29,6,1,True,False,11,physical,6,42,34.090706,0.0
spanke_benes_11x11,default,0-7-10-6-8-5-9-2-1-4-3,routed,11,11,0,0,76,13,6,I0-I1:4;I0-I3:4;I0-I5:4;I0-I7:2;I0-I8:6;I1-I2:2;I1-I3:5;I1-I4:4;I3-I5:3;I4-I6:2;I7-I8:5;I7-I9:2;I7-I10:2,24795.000000,37207.875809,12412.875809,5.246559,10.807621,5.561062,3.841432,8.0,3.5,4.0,6.0,10.0,20.0,16.0,48.0,80.0,200.0,False,False,0.002,0.005,0.1,0.0,0.0,0.0,40000,20000,16,8,69.0,16,105.0,36.0,20.0,2045.000000,26,6,1,True,False,11,physical,7,42,27.092414,0.0
spanke_benes_11x11,default,9-2-10-7-1-0-6-5-3-8-4,routed,11,11,0,0,80,14,11,I0-I1:3;I0-I2:2;I1-I3:2;I1-I4:11;I1-I6:2;I1-I7:2;I1-I8:6;I1-I10:2;I3-I6:3;I3-I9:2;I4-I5:11;I6-I7:3;I7-I8:3;I8-I10:2,24795.000000,37674.561643,12879.561643,5.309159,11.456227,6.147069,4.003102,8.0,3.5,4.0,6.0,10.0,20.0,16.0,48.0,80.0,200.0,False,False,0.002,0.005,0.1,0.0,0.0,0.0,40000,20000,16,8,69.0,16,105.0,36.0,20.0,2045.000000,31,6,1,True,False,11,physical,8,42,32.407597,0.0
spanke_benes_11x11,default,0-6-2-10-8-7-9-5-3-1-4,routed,11,11,0,0,82,14,14,I0-I1:2;I0-I2:14;I0-I9:4;I1-I2:9;I1-I3:2;I1-I4:2;I1-I5:4;I2-I7:2;I2-I8:4;I2-I9:3;I2-I10:2;I4-I5:3;I4-I6:2;I8-I10:2,24795.000000,37460.751919,12665.751919,5.509092,13.276738,7.767646,3.993773,8.0,3.5,4.0,6.0,10.0,20.0,16.0,48.0,80.0,200.0,False,False,0.002,0.005,0.1,0.0,0.0,0.0,40000,20000,16,8,69.0,16,105.0,36.0,20.0,2045.000000,29,6,1,True,False,11,physical,9,42,28.110402,0.0
spanke_benes_rect_11x11,default,7-3-2-8-5-6-9-4-0-1-10,routed,11,11,0,0,84,13,10,I0-I3:4;I0-I5:5;I1-I2:7;I1-I4:2;I1-I7:4;I2-I3:2;I3-I6:6;I4-I5:6;I4-I7:5;I5-I6:2;I6-I10:10;I8-I9:4;I9-I10:2,15555.000000,28915.933313,13360.933313,3.435292,8.249648,4.814355,4.171533,8.0,3.5,4.0,6.0,10.0,20.0,16.0,48.0,80.0,200.0,False,False,0.002,0.005,0.1,0.0,0.0,0.0,40000,20000,16,8,69.0,16,105.0,36.0,20.0,1205.000000,34,6,1,True,False,11,physical,0,42,28.966727,0.0
spanke_benes_rect_11x11,default,4-3-2-10-5-1-7-8-0-6-9,routed,11,11,0,0,89,14,10,I0-I1:7;I0-I4:8;I1-I2:7;I2-I3:2;I2-I5:5;I3-I10:3;I4-I6:2;I4-I9:6;I5-I8:3;I6-I7:8;I6-I9:7;I7-I10:10;I8-I9:2;I9-I10:2,15555.000000,28985.145717,13430.145717,3.306628,8.421070,5.114442,4.265026,8.0,3.5,4.0,6.0,10.0,20.0,16.0,48.0,80.0,200.0,False,False,0.002,0.005,0.1,0.0,0.0,0.0,40000,20000,16,8,69.0,16,105.0,36.0,20.0,1205.000000,37,6,1,True,False,11,physical,1,42,27.984278,0.0
spanke_benes_rect_11x11,default,5-1-9-0-2-4-7-3-6-8-10,routed,11,11,0,0,96,14,9,I0-I5:7;I0-I8:6;I1-I3:9;I1-I4:8;I2-I9:5;I2-I10:4;I4-I5:2;I4-I7:8;I5-I7:7;I5-I8:2;I6-I8:9;I6-I9:8;I8-I9:2;I9-I10:8,15555.000000,29419.189974,13864.189974,3.383960,8.566864,5.182905,4.464853,8.0,3.5,4.0,6.0,10.0,20.0,16.0,48.0,80.0,200.0,False,False,0.002,0.005,0.1,0.0,0.0,0.0,40000,20000,16,8,69.0,16,105.0,36.0,20.0,1205.000000,49,6,1,True,False,11,physical,2,42,45.266151,0.0
spanke_benes_rect_11x11,default,10-7-1-9-0-8-6-3-2-4-5,routed,11,11,0,0,75,13,7,I1-I5:2;I1-I6:3;I2-I3:2;I2-I4:7;I2-I7:2;I2-I8:4;I3-I5:3;I4-I5:2;I6-I10:3;I7-I8:5;I7-I9:4;I8-I9:2;I9-I10:6,15555.000000,28742.282854,13187.282854,3.396627,8.027984,4.631357,3.987688,8.0,3.5,4.0,6.0,10.0,20.0,16.0,48.0,80.0,200.0,False,False,0.002,0.005,0.1,0.0,0.0,0.0,40000,20000,16,8,69.0,16,105.0,36.0,20.0,1205.000000,30,6,1,True,False,11,physical,3,42,26.061230,0.0
spanke_benes_rect_11x11,default,2-6-1-7-8-3-9-0-4-10-5,routed,11,11,0,0,91,13,10,I0-I1:2;I0-I2:7;I0-I5:8;I1-I3:6;I1-I10:5;I2-I3:2;I2-I7:5;I3-I4:6;I4-I6:8;I5-I8:6;I6-I9:10;I8-I9:2;I8-I10:6,15555.000000,29010.167845,13455.167845,3.357961,8.259654,4.901694,4.302758,8.0,3.5,4.0,6.0,10.0,20.0,16.0,48.0,80.0,200.0,False,False,0.002,0.005,0.1,0.0,0.0,0.0,40000,20000,16,8,69.0,16,105.0,36.0,20.0,1205.000000,41,6,1,True,False,11,physical,4,42,31.137412,0.0
spanke_benes_rect_11x11,default,2-9-7-1-6-0-10-3-5-4-8,routed,11,11,0,0,84,14,8,I0-I1:2;I0-I3:7;I0-I7:8;I1-I6:2;I1-I10:3;I2-I4:5;I2-I10:4;I3-I5:7;I4-I8:5;I4-I10:2;I6-I10:5;I7-I9:6;I8-I9:7;I8-I10:2,15555.000000,28905.977570,13350.977570,3.435292,8.072602,4.637310,4.163360,8.0,3.5,4.0,6.0,10.0,20.0,16.0,48.0,80.0,200.0,False,False,0.002,0.005,0.1,0.0,0.0,0.0,40000,20000,16,8,69.0,16,105.0,36.0,20.0,1205.000000,37,6,1,True,False,11,physical,5,42,33.720610,0.0
spanke_benes_rect_11x11,default,0-7-8-9-2-5-10-4-6-1-3,routed,11,11,0,0,80,15,6,I0-I1:4;I0-I4:4;I0-I9:4;I1-I2:4;I1-I8:3;I2-I3:6;I3-I6:4;I4-I5:2;I4-I7:2;I4-I9:3;I4-I10:4;I5-I7:5;I5-I8:4;I6-I8:3;I7-I10:3,15555.000000,28612.955441,13057.955441,3.435292,8.245688,4.810396,4.040537,8.0,3.5,4.0,6.0,10.0,20.0,16.0,48.0,80.0,200.0,False,False,0.002,0.005,0.1,0.0,0.0,0.0,40000,20000,16,8,69.0,16,105.0,36.0,20.0,1205.000000,31,6,1,True,False,11,physical,6,42,25.265073,0.0
spanke_benes_rect_11x11,default,0-7-10-6-8-5-9-2-1-4-3,routed,11,11,0,0,76,15,6,I0-I1:2;I0-I3:2;I0-I5:2;I0-I7:2;I0-I8:4;I1-I3:5;I1-I4:4;I2-I6:3;I3-I5:3;I4-I6:6;I5-I9:3;I7-I8:3;I7-I10:4;I8-I9:2;I9-I10:3,15555.000000,28433.641276,12878.641276,3.435292,7.968025,4.532732,3.939298,8.0,3.5,4.0,6.0,10.0,20.0,16.0,48.0,80.0,200.0,False,False,0.002,0.005,0.1,0.0,0.0,0.0,40000,20000,16,8,69.0,16,105.0,36.0,20.0,1205.000000,27,6,1,True,False,11,physical,7,42,25.691835,0.0
spanke_benes_rect_11x11,default,9-2-10-7-1-0-6-5-3-8-4,routed,11,11,0,0,80,14,7,I0-I2:2;I0-I9:3;I1-I3:2;I1-I4:5;I1-I8:6;I3-I6:3;I3-I9:2;I4-I5:7;I4-I7:2;I6-I7:5;I6-I9:6;I7-I10:5;I8-I9:2;I8-I10:4,15555.000000,28761.057203,13206.057203,3.435292,7.834361,4.399069,4.073374,8.0,3.5,4.0,6.0,10.0,20.0,16.0,48.0,80.0,200.0,False,False,0.002,0.005,0.1,0.0,0.0,0.0,40000,20000,16,8,69.0,16,105.0,36.0,20.0,1205.000000,33,6,1,True,False,11,physical,8,42,27.981750,0.0
spanke_benes_rect_11x11,default,0-6-2-10-8-7-9-5-3-1-4,routed,11,11,0,0,80,15,6,I0-I1:2;I0-I2:6;I0-I9:4;I1-I2:3;I1-I5:6;I1-I7:3;I2-I3:2;I2-I7:2;I2-I8:4;I2-I9:3;I3-I6:3;I4-I5:5;I4-I6:6;I7-I10:3;I8-I10:4,15555.000000,28571.539515,13016.539515,3.435292,8.002568,4.567275,4.031189,8.0,3.5,4.0,6.0,10.0,20.0,16.0,48.0,80.0,200.0,False,False,0.002,0.005,0.1,0.0,0.0,0.0,40000,20000,16,8,69.0,16,105.0,36.0,20.0,1205.000000,29,6,1,True,False,11,physical,9,42,24.956125,0.0
padded_benes_16x16,default,7-5-2-8-9-6-11-3-4-0-1-10,failed,12,6,6,0,65,14,9,I1-I2:5;I1-I3:2;I1-I5:6;I1-I8:7;I1-I11:4;I2-I3:6;I2-I5:4;I2-I8:2;I2-I11:2;I3-I5:7;I3-I11:4;I5-I8:9;I5-I11:2;I8-I11:4,14812.000000,14189.875959,-622.124041,6.030763,8.933164,2.902402,1.989292,8.0,3.5,4.0,6.0,10.0,20.0,16.0,48.0,80.0,200.0,False,False,0.002,0.005,0.1,0.0,0.0,0.0,40000,20000,16,8,69.0,16,105.0,36.0,20.0,785.000000,289,6,4,True,True,12,physical,0,42,791.552403,0.5
padded_benes_16x16,default,5-7-2-9-10-6-4-8-3-1-11-0,failed,12,10,2,0,177,35,11,I0-I1:8;I0-I2:5;I0-I3:2;I0-I4:2;I0-I6:9;I0-I8:3;I0-I9:11;I0-I10:2;I0-I11:3;I1-I2:5;I1-I3:2;I1-I4:2;I1-I6:5;I1-I9:3;I2-I3:8;I2-I4:2;I2-I6:6;I2-I8:6;I2-I9:5;I2-I10:2;I3-I4:4;I3-I6:7;I3-I10:2;I4-I6:7;I4-I10:4;I6-I8:3;I6-I9:5;I6-I10:2;I6-I11:3;I8-I9:7;I8-I10:6;I8-I11:7;I9-I10:6;I9-I11:7;I10-I11:7,14812.000000,24635.052837,9823.052837,6.268097,11.653205,5.385108,3.592011,8.0,3.5,4.0,6.0,10.0,20.0,16.0,48.0,80.0,200.0,False,False,0.002,0.005,0.1,0.0,0.0,0.0,40000,20000,16,8,69.0,16,105.0,36.0,20.0,785.000000,388,6,7,True,True,12,physical,1,42,1231.821568,0.16666666666666666
padded_benes_16x16,default,8-10-5-2-11-1-6-0-4-9-7-3,failed,12,7,5,1,65,18,9,I1-I3:3;I1-I7:3;I1-I9:3;I3-I5:5;I3-I7:5;I3-I9:2;I3-I10:2;I3-I11:3;I5-I7:7;I5-I9:2;I5-I10:4;I5-I11:2;I7-I9:2;I7-I10:2;I7-I11:2;I9-I10:3;I9-I11:3;I10-I11:9,15052.000000,16252.247629,1200.247629,6.142763,8.090373,1.947611,1.369214,8.0,3.5,4.0,6.0,10.0,20.0,16.0,48.0,80.0,200.0,False,False,0.002,0.005,0.1,0.0,0.0,0.0,40000,20000,16,8,69.0,16,105.0,36.0,20.0,785.000000,465,6,7,True,False,12,physical,2,42,1422.892442,0.4166666666666667
padded_benes_16x16,default,11-8-7-4-10-2-0-6-9-1-5-3,failed,12,8,4,0,120,22,10,I1-I4:6;I1-I6:7;I1-I7:3;I1-I8:6;I4-I6:7;I4-I7:7;I4-I8:5;I4-I10:3;I6-I7:10;I6-I8:6;I6-I9:4;I6-I10:4;I6-I11:4;I7-I8:4;I7-I9:3;I7-I10:3;I8-I9:5;I8-I10:3;I8-I11:7;I9-I10:4;I9-I11:8;I10-I11:5,15052.000000,20022.836068,4970.836068,6.058763,9.954580,3.895817,3.018584,8.0,3.5,4.0,6.0,10.0,20.0,16.0,48.0,80.0,200.0,False,False,0.002,0.005,0.1,0.0,0.0,0.0,40000,20000,16,8,69.0,16,105.0,36.0,20.0,785.000000,386,6,6,True,True,12,physical,3,42,1240.216274,0.3333333333333333
padded_benes_16x16,default,11-0-3-2-7-5-9-4-10-6-1-8,failed,12,8,4,0,107,24,9,I0-I3:3;I0-I4:5;I0-I6:5;I0-I8:5;I0-I9:5;I0-I11:5;I3-I4:4;I3-I6:2;I3-I8:2;I3-I9:4;I3-I10:3;I3-I11:2;I4-I6:6;I4-I8:2;I4-I9:5;I4-I10:3;I4-I11:2;I6-I8:4;I6-I11:5;I8-I9:3;I8-I10:5;I8-I11:9;I9-I11:6;I10-I11:8,15052.000000,19414.734307,4362.734307,6.163430,10.055748,3.892319,2.532934,8.0,3.5,4.0,6.0,10.0,20.0,16.0,48.0,80.0,200.0,False,False,0.002,0.005,0.1,0.0,0.0,0.0,40000,20000,16,8,69.0,16,105.0,36.0,20.0,785.000000,334,6,5,True,True,12,physical,4,42,995.945697,0.3333333333333333
padded_benes_16x16,default,7-2-5-8-6-10-9-4-3-0-1-11,failed,12,9,3,1,131,24,12,I1-I3:2;I1-I5:2;I1-I7:4;I1-I8:2;I1-I11:2;I3-I5:12;I3-I6:4;I3-I7:7;I3-I11:4;I5-I6:7;I5-I7:7;I5-I11:7;I6-I7:9;I6-I11:4;I7-I8:3;I7-I9:3;I7-I10:5;I7-I11:4;I8-I9:5;I8-I10:5;I8-I11:4;I9-I10:8;I9-I11:4;I10-I11:6,14812.000000,22804.097094,7992.097094,6.150763,11.603996,5.453233,2.955355,8.0,3.5,4.0,6.0,10.0,20.0,16.0,48.0,80.0,200.0,False,False,0.002,0.005,0.1,0.0,0.0,0.0,40000,20000,16,8,69.0,16,105.0,36.0,20.0,785.000000,339,6,6,True,True,12,physical,5,42,1044.583983,0.25
padded_benes_16x16,default,6-3-4-0-9-7-1-8-11-2-5-10,failed,12,9,3,0,132,32,10,I0-I1:5;I0-I2:7;I0-I3:3;I0-I5:10;I0-I6:3;I0-I7:2;I0-I11:2;I1-I2:4;I1-I3:3;I1-I5:4;I1-I6:3;I1-I7:2;I1-I9:3;I2-I3:7;I2-I5:4;I2-I6:3;I2-I7:2;I2-I11:2;I3-I5:6;I3-I6:6;I3-I7:2;I3-I9:2;I3-I11:4;I5-I6:5;I5-I7:4;I5-I9:5;I5-I11:2;I6-I7:10;I6-I9:4;I6-I11:2;I7-I11:2;I9-I11:6,14812.000000,20315.880325,5503.880325,6.176097,9.818752,3.642655,2.601196,8.0,3.5,4.0,6.0,10.0,20.0,16.0,48.0,80.0,200.0,False,False,0.002,0.005,0.1,0.0,0.0,0.0,40000,20000,16,8,69.0,16,105.0,36.0,20.0,785.000000,209,6,4,True,True,12,physical,6,42,649.437994,0.25
padded_benes_16x16,default,0-10-11-1-4-5-9-6-7-2-3-8,failed,12,9,3,0,130,30,9,I0-I1:2;I0-I3:2;I0-I6:2;I0-I7:4;I0-I8:2;I0-I9:4;I0-I10:2;I1-I3:3;I1-I6:9;I1-I7:5;I1-I11:3;I3-I6:2;I3-I7:6;I3-I8:2;I3-I9:2;I3-I10:6;I3-I11:2;I6-I7:7;I6-I9:3;I6-I11:3;I7-I8:8;I7-I9:5;I7-I10:3;I7-I11:2;I8-I9:9;I8-I10:7;I8-I11:4;I9-I10:6;I9-I11:4;I10-I11:6,15052.000000,21048.959958,5996.959958,6.480764,11.665831,5.185067,2.711658,8.0,3.5,4.0,6.0,10.0,20.0,16.0,48.0,80.0,200.0,False,False,0.002,0.005,0.1,0.0,0.0,0.0,40000,20000,16,8,69.0,16,105.0,36.0,20.0,785.000000,350,6,6,True,True,12,physical,7,42,1138.622162,0.25
padded_benes_16x16,default,10-4-8-7-1-9-2-6-5-11-3-0,failed,12,9,3,0,143,31,10,I0-I1:3;I0-I3:7;I0-I4:3;I0-I5:5;I0-I7:5;I0-I9:6;I0-I11:3;I1-I3:10;I1-I4:3;I1-I5:2;I1-I7:2;I1-I9:2;I1-I10:5;I3-I4:7;I3-I5:8;I3-I7:9;I3-I9:2;I3-I10:3;I4-I5:8;I4-I7:6;I4-I9:2;I4-I10:4;I4-I11:3;I5-I7:5;I5-I9:2;I7-I9:2;I7-I10:3;I7-I11:3;I9-I10:5;I9-I11:3;I10-I11:7,15052.000000,21489.251994,6437.251994,6.005429,11.766079,5.760650,3.027056,8.0,3.5,4.0,6.0,10.0,20.0,16.0,48.0,80.0,200.0,False,False,0.002,0.005,0.1,0.0,0.0,0.0,40000,20000,16,8,69.0,16,105.0,36.0,20.0,785.000000,225,6,4,True,True,12,physical,8,42,546.205317,0.25
padded_benes_16x16,default,0-5-3-8-9-11-1-4-2-7-10-6,failed,12,9,3,0,123,30,9,I0-I1:2;I0-I3:2;I0-I5:2;I0-I6:4;I0-I7:2;I0-I8:2;I0-I10:2;I1-I3:4;I1-I5:2;I1-I6:5;I1-I7:9;I1-I9:6;I1-I10:2;I3-I5:6;I3-I6:3;I3-I7:3;I3-I10:2;I5-I6:5;I5-I7:5;I5-I10:5;I6-I7:8;I6-I8:4;I6-I9:2;I6-I10:4;I7-I8:3;I7-I9:8;I7-I10:4;I8-I9:6;I8-I10:2;I9-I10:4,14812.000000,20775.105976,5963.105976,6.022763,10.689412,4.666649,2.490246,8.0,3.5,4.0,6.0,10.0,20.0,16.0,48.0,80.0,200.0,False,False,0.002,0.005,0.1,0.0,0.0,0.0,40000,20000,16,8,69.0,16,105.0,36.0,20.0,785.000000,344,6,7,True,True,12,physical,9,42,1325.131136,0.25
waksman_12x12,default,7-5-2-8-9-6-11-3-4-0-1-10,failed,12,11,1,0,153,36,8,I0-I2:5;I0-I3:4;I0-I4:2;I0-I5:5;I0-I6:2;I0-I7:7;I0-I8:5;I0-I11:2;I2-I3:4;I2-I4:2;I2-I5:2;I2-I6:2;I2-I7:8;I2-I8:2;I2-I10:3;I2-I11:2;I3-I4:6;I3-I6:4;I3-I7:5;I3-I11:2;I4-I5:3;I4-I6:4;I4-I7:5;I4-I11:4;I5-I7:5;I6-I7:5;I7-I8:4;I7-I9:5;I7-I10:5;I7-I11:2;I8-I9:3;I8-I10:3;I8-I11:6;I9-I10:4;I9-I11:2;I10-I11:2,12324.000000,20878.858196,8554.858196,5.297429,11.021195,5.723766,2.862520,8.0,3.5,4.0,6.0,10.0,20.0,16.0,48.0,80.0,200.0,False,False,0.002,0.005,0.1,0.0,0.0,0.0,40000,20000,16,8,69.0,16,105.0,36.0,20.0,785.000000,99,6,5,True,True,12,physical,0,42,358.839630,0.08333333333333333
waksman_12x12,default,5-7-2-9-10-6-4-8-3-1-11-0,failed,12,10,2,0,140,29,10,I0-I1:8;I0-I3:8;I0-I4:6;I0-I5:10;I0-I6:5;I0-I8:5;I0-I9:3;I0-I10:4;I1-I3:2;I1-I4:2;I1-I5:9;I1-I6:5;I1-I8:3;I1-I9:3;I1-I10:2;I1-I11:3;I3-I4:4;I3-I10:2;I4-I5:3;I4-I10:4;I5-I6:5;I5-I10:2;I6-I11:3;I8-I9:5;I8-I10:2;I8-I11:3;I9-I10:2;I9-I11:7;I10-I11:5,12324.000000,19953.070600,7629.070600,5.299430,11.027490,5.728060,3.098014,8.0,3.5,4.0,6.0,10.0,20.0,16.0,48.0,80.0,200.0,False,False,0.002,0.005,0.1,0.0,0.0,0.0,40000,20000,16,8,69.0,16,105.0,36.0,20.0,785.000000,330,6,7,True,False,12,physical,1,42,1123.285877,0.16666666666666666
waksman_12x12,default,8-10-5-2-11-1-6-0-4-9-7-3,failed,12,10,2,0,118,28,12,I0-I1:4;I0-I3:3;I0-I4:2;I0-I9:2;I1-I3:3;I1-I4:4;I1-I5:3;I2-I3:5;I2-I5:5;I2-I6:4;I2-I9:2;I2-I10:4;I2-I11:3;I3-I4:2;I3-I6:2;I3-I9:2;I3-I10:4;I3-I11:4;I4-I6:3;I5-I6:12;I5-I9:2;I5-I11:4;I6-I9:2;I6-I10:4;I6-I11:3;I9-I10:3;I9-I11:7;I10-I11:5,12324.000000,19444.340509,7120.340509,4.989129,8.385992,3.396863,2.523568,8.0,3.5,4.0,6.0,10.0,20.0,16.0,48.0,80.0,200.0,False,False,0.002,0.005,0.1,0.0,0.0,0.0,40000,20000,16,8,69.0,16,105.0,36.0,20.0,785.000000,250,6,7,True,True,12,physical,2,42,945.399895,0.16666666666666666
waksman_12x12,default,11-8-7-4-10-2-0-6-9-1-5-3,failed,12,10,2,0,120,28,7,I0-I2:3;I0-I3:3;I0-I4:5;I1-I2:3;I1-I3:3;I1-I8:6;I2-I3:7;I2-I4:4;I2-I5:3;I2-I6:5;I2-I8:4;I2-I9:5;I2-I10:5;I3-I4:2;I3-I5:5;I3-I6:7;I3-I8:4;I3-I9:3;I3-I10:4;I4-I5:3;I4-I6:3;I5-I6:5;I5-I8:2;I6-I9:2;I6-I10:2;I8-I9:3;I8-I10:3;I9-I10:2,12324.000000,19219.114858,6895.114858,5.110096,9.904786,4.794690,2.494223,8.0,3.5,4.0,6.0,10.0,20.0,16.0,48.0,80.0,200.0,False,False,0.002,0.005,0.1,0.0,0.0,0.0,40000,20000,16,8,69.0,16,105.0,36.0,20.0,785.000000,213,6,6,True,True,12,physical,3,42,866.853712,0.16666666666666666
waksman_12x12,default,11-0-3-2-7-5-9-4-10-6-1-8,failed,12,9,3,0,85,21,10,I0-I6:3;I1-I3:2;I1-I5:2;I1-I6:4;I1-I10:2;I1-I11:2;I3-I5:2;I3-I6:2;I3-I9:2;I5-I6:2;I5-I8:2;I5-I9:2;I5-I11:2;I6-I8:4;I6-I11:5;I8-I9:5;I8-I10:3;I8-I11:5;I9-I10:5;I9-I11:10;I10-I11:8,12324.000000,16806.057353,4482.057353,5.660097,7.961770,2.301673,1.910124,8.0,3.5,4.0,6.0,10.0,20.0,16.0,48.0,80.0,200.0,False,False,0.002,0.005,0.1,0.0,0.0,0.0,40000,20000,16,8,69.0,16,105.0,36.0,20.0,785.000000,246,6,6,True,True,12,physical,4,42,697.435189,0.25
waksman_12x12,default,7-2-5-8-6-10-9-4-3-0-1-11,failed,12,9,3,0,131,24,17,I0-I2:17;I0-I3:4;I0-I4:9;I0-I5:4;I0-I7:7;I0-I10:3;I0-I11:4;I2-I3:4;I2-I4:10;I2-I5:2;I2-I7:11;I2-I8:5;I2-I10:3;I2-I11:2;I3-I5:2;I3-I11:4;I4-I5:2;I4-I7:5;I4-I8:3;I5-I11:4;I7-I11:2;I8-I10:5;I8-I11:2;I10-I11:6,12324.000000,18550.406894,6226.406894,5.555430,12.073442,6.518013,3.478757,8.0,3.5,4.0,6.0,10.0,20.0,16.0,48.0,80.0,200.0,False,False,0.002,0.005,0.1,0.0,0.0,0.0,40000,20000,16,8,69.0,16,105.0,36.0,20.0,785.000000,333,6,7,True,False,12,physical,5,42,1298.579334,0.25
waksman_12x12,default,6-3-4-0-9-7-1-8-11-2-5-10,failed,12,8,4,0,89,24,12,I0-I1:7;I0-I3:3;I0-I4:6;I0-I5:12;I0-I8:4;I0-I10:3;I0-I11:6;I1-I3:3;I1-I4:2;I1-I5:2;I1-I10:2;I3-I4:2;I3-I5:2;I3-I8:2;I3-I10:2;I3-I11:2;I4-I5:3;I4-I8:2;I4-I11:4;I5-I10:5;I5-I11:2;I8-I10:3;I8-I11:5;I10-I11:4,12324.000000,16046.999849,3722.999849,5.555430,9.856906,4.301476,2.584500,8.0,3.5,4.0,6.0,10.0,20.0,16.0,48.0,80.0,200.0,False,False,0.002,0.005,0.1,0.0,0.0,0.0,40000,20000,16,8,69.0,16,105.0,36.0,20.0,785.000000,342,6,6,True,True,12,physical,6,42,1169.097839,0.3333333333333333
waksman_12x12,default,0-10-11-1-4-5-9-6-7-2-3-8,failed,12,9,3,0,118,23,16,I0-I1:4;I0-I2:2;I0-I4:2;I0-I5:4;I0-I7:4;I0-I9:2;I0-I10:2;I0-I11:2;I1-I2:8;I2-I7:3;I4-I5:8;I4-I7:16;I4-I9:5;I4-I10:3;I4-I11:4;I5-I7:10;I5-I11:2;I7-I9:3;I7-I10:3;I7-I11:2;I9-I10:10;I9-I11:2;I10-I11:4,12324.000000,18776.698931,6452.698931,4.927430,10.826281,5.898851,3.031044,8.0,3.5,4.0,6.0,10.0,20.0,16.0,48.0,80.0,200.0,False,False,0.002,0.005,0.1,0.0,0.0,0.0,40000,20000,16,8,69.0,16,105.0,36.0,20.0,785.000000,327,6,7,True,True,12,physical,7,42,845.098806,0.25
waksman_12x12,default,10-4-8-7-1-9-2-6-5-11-3-0,failed,12,7,5,0,93,17,10,I0-I1:7;I0-I2:7;I0-I3:5;I0-I7:3;I0-I9:6;I1-I2:4;I1-I3:10;I1-I7:6;I1-I8:2;I2-I3:5;I2-I9:4;I3-I7:9;I3-I8:7;I3-I9:2;I7-I8:5;I7-I9:2;I8-I9:6,12324.000000,13501.694566,1177.694566,4.948097,9.221831,4.273734,2.740056,8.0,3.5,4.0,6.0,10.0,20.0,16.0,48.0,80.0,200.0,False,False,0.002,0.005,0.1,0.0,0.0,0.0,40000,20000,16,8,69.0,16,105.0,36.0,20.0,785.000000,279,6,4,True,True,12,physical,8,42,727.181422,0.4166666666666667
waksman_12x12,default,0-5-3-8-9-11-1-4-2-7-10-6,failed,12,8,4,0,84,20,10,I0-I1:8;I0-I2:4;I0-I3:2;I0-I8:2;I0-I9:2;I1-I2:5;I1-I3:2;I1-I5:2;I1-I8:7;I1-I9:10;I1-I10:2;I2-I3:4;I2-I8:5;I2-I9:2;I2-I10:2;I3-I5:2;I3-I10:2;I8-I9:8;I8-I10:4;I9-I10:4,12324.000000,15171.291886,2847.291886,5.660097,9.863779,4.203682,2.114823,8.0,3.5,4.0,6.0,10.0,20.0,16.0,48.0,80.0,200.0,False,False,0.002,0.005,0.1,0.0,0.0,0.0,40000,20000,16,8,69.0,16,105.0,36.0,20.0,785.000000,188,6,4,True,True,12,physical,9,42,497.418615,0.3333333333333333
spanke_benes_12x12,default,7-5-2-8-9-6-11-3-4-0-1-10,routed,12,12,0,0,101,15,9,I0-I1:5;I0-I3:8;I0-I4:2;I0-I5:5;I1-I2:9;I1-I5:6;I1-I8:3;I2-I7:6;I2-I10:3;I3-I4:8;I4-I6:2;I4-I10:3;I4-I11:2;I7-I8:4;I9-I10:4,29900.000000,45043.004064,15143.004064,5.833458,12.321812,6.488354,4.432584,8.0,3.5,4.0,6.0,10.0,20.0,16.0,48.0,80.0,200.0,False,False,0.002,0.005,0.1,0.0,0.0,0.0,40000,20000,16,8,69.0,16,105.0,36.0,20.0,2255.000000,45,6,2,True,False,12,physical,0,42,79.428443,0.0
spanke_benes_12x12,default,5-7-2-9-10-6-4-8-3-1-11-0,routed,12,12,0,0,93,14,7,I0-I1:6;I0-I2:7;I0-I5:6;I0-I6:5;I1-I3:4;I1-I5:5;I1-I7:4;I2-I6:4;I2-I8:4;I2-I9:3;I3-I4:4;I3-I7:3;I4-I10:2;I6-I8:3,29900.000000,44715.486376,14815.486376,5.836492,12.165063,6.328571,4.237581,8.0,3.5,4.0,6.0,10.0,20.0,16.0,48.0,80.0,200.0,False,False,0.002,0.005,0.1,0.0,0.0,0.0,40000,20000,16,8,69.0,16,105.0,36.0,20.0,2255.000000,30,6,1,True,False,12,physical,1,42,43.560112,0.0
spanke_benes_12x12,default,8-10-5-2-11-1-6-0-4-9-7-3,failed,12,11,1,0,80,13,11,I0-I1:4;I0-I2:3;I0-I6:3;I0-I9:2;I1-I4:2;I2-I3:5;I2-I6:6;I2-I8:5;I3-I5:11;I3-I8:6;I3-I11:2;I5-I11:2;I6-I10:2,29900.000000,41584.035074,11684.035074,5.767825,11.897523,6.129699,4.225097,8.0,3.5,4.0,6.0,10.0,20.0,16.0,48.0,80.0,200.0,False,False,0.002,0.005,0.1,0.0,0.0,0.0,40000,20000,16,8,69.0,16,105.0,36.0,20.0,2255.000000,69,6,4,True,True,12,physical,2,42,415.774359,0.08333333333333333
spanke_benes_12x12,default,11-8-7-4-10-2-0-6-9-1-5-3,failed,12,11,1,0,70,10,7,I1-I2:5;I1-I4:2;I1-I8:2;I2-I3:3;I2-I7:3;I3-I5:7;I3-I7:4;I3-I10:2;I5-I9:5;I5-I11:2,29900.000000,41507.946560,11607.946560,5.767825,11.126055,5.358230,4.034172,8.0,3.5,4.0,6.0,10.0,20.0,16.0,48.0,80.0,200.0,False,False,0.002,0.005,0.1,0.0,0.0,0.0,40000,20000,16,8,69.0,16,105.0,36.0,20.0,2255.000000,55,6,4,True,True,12,physical,3,42,393.911958,0.08333333333333333
spanke_benes_12x12,default,11-0-3-2-7-5-9-4-10-6-1-8,routed,12,12,0,0,105,15,17,I1-I2:2;I1-I3:14;I1-I10:4;I2-I3:17;I2-I4:2;I2-I5:4;I2-I7:8;I3-I10:3;I4-I5:5;I4-I6:4;I4-I9:3;I4-I11:2;I5-I7:7;I5-I9:4;I6-I8:2,29900.000000,45099.428872,15199.428872,6.033392,14.230701,8.197310,4.490321,8.0,3.5,4.0,6.0,10.0,20.0,16.0,48.0,80.0,200.0,False,False,0.002,0.005,0.1,0.0,0.0,0.0,40000,20000,16,8,69.0,16,105.0,36.0,20.0,2255.000000,43,6,1,True,False,12,physical,4,42,58.556780,0.0
spanke_benes_12x12,default,7-2-5-8-6-10-9-4-3-0-1-11,failed,12,11,1,0,89,15,10,I0-I2:3;I0-I3:8;I0-I4:7;I0-I6:2;I1-I2:10;I1-I7:2;I1-I8:4;I2-I4:8;I2-I7:3;I3-I5:2;I3-I6:6;I5-I6:3;I5-I11:4;I6-I11:2;I7-I8:3,29900.000000,41042.371368,11142.371368,5.902125,12.582479,6.680354,4.322977,8.0,3.5,4.0,6.0,10.0,20.0,16.0,48.0,80.0,200.0,False,False,0.002,0.005,0.1,0.0,0.0,0.0,40000,20000,16,8,69.0,16,105.0,36.0,20.0,2255.000000,65,6,4,True,True,12,physical,5,42,87.999236,0.08333333333333333
spanke_benes_12x12,default,6-3-4-0-9-7-1-8-11-2-5-10,routed,12,12,0,0,117,17,14,I0-I2:9;I0-I4:2;I0-I5:10;I0-I10:3;I1-I2:14;I1-I3:5;I1-I6:5;I1-I9:7;I1-I10:2;I2-I10:4;I3-I6:12;I4-I7:5;I4-I8:2;I4-I11:2;I5-I7:6;I5-I10:5;I6-I9:6,29900.000000,45407.720909,15507.720909,5.967758,13.378236,7.410478,4.740870,8.0,3.5,4.0,6.0,10.0,20.0,16.0,48.0,80.0,200.0,False,False,0.002,0.005,0.1,0.0,0.0,0.0,40000,20000,16,8,69.0,16,105.0,36.0,20.0,2255.000000,50,6,1,True,False,12,physical,6,42,75.098770,0.0
spanke_benes_12x12,default,0-10-11-1-4-5-9-6-7-2-3-8,routed,12,12,0,0,103,12,18,I0-I1:4;I0-I3:18;I1-I2:2;I3-I4:10;I3-I9:6;I4-I5:10;I4-I10:3;I5-I6:2;I5-I7:6;I7-I8:4;I8-I11:2;I9-I10:6,29900.000000,44979.968688,15079.968688,6.099025,14.526919,8.427894,4.441245,8.0,3.5,4.0,6.0,10.0,20.0,16.0,48.0,80.0,200.0,False,False,0.002,0.005,0.1,0.0,0.0,0.0,40000,20000,16,8,69.0,16,105.0,36.0,20.0,2255.000000,40,6,1,True,False,12,physical,7,42,59.481867,0.0
spanke_benes_12x12,default,10-4-8-7-1-9-2-6-5-11-3-0,routed,12,12,0,0,90,14,10,I0-I5:3;I0-I9:2;I1-I2:2;I1-I3:4;I1-I4:3;I1-I6:7;I1-I7:2;I1-I8:4;I2-I3:5;I2-I5:4;I3-I7:3;I4-I6:10;I6-I10:2;I7-I8:3,29900.000000,44636.318229,14736.318229,5.836492,12.061554,6.225062,4.177720,8.0,3.5,4.0,6.0,10.0,20.0,16.0,48.0,80.0,200.0,False,False,0.002,0.005,0.1,0.0,0.0,0.0,40000,20000,16,8,69.0,16,105.0,36.0,20.0,2255.000000,27,6,1,True,False,12,physical,8,42,42.585935,0.0
spanke_benes_12x12,default,0-5-3-8-9-11-1-4-2-7-10-6,routed,12,12,0,0,109,16,12,I0-I1:2;I0-I2:8;I0-I6:12;I1-I2:7;I1-I3:6;I1-I7:7;I1-I9:4;I1-I11:2;I2-I6:3;I2-I7:8;I2-I8:9;I3-I4:6;I3-I9:3;I4-I5:2;I4-I10:2;I6-I8:8,29900.000000,45266.304982,15366.304982,6.033392,14.231869,8.198478,4.582301,8.0,3.5,4.0,6.0,10.0,20.0,16.0,48.0,80.0,200.0,False,False,0.002,0.005,0.1,0.0,0.0,0.0,40000,20000,16,8,69.0,16,105.0,36.0,20.0,2255.000000,47,6,1,True,False,12,physical,9,42,64.517806,0.0
spanke_benes_rect_12x12,default,7-5-2-8-9-6-11-3-4-0-1-10,routed,12,12,0,0,95,15,8,I0-I3:6;I0-I5:5;I1-I2:3;I1-I5:6;I1-I8:3;I2-I3:2;I2-I7:4;I2-I10:3;I3-I4:6;I4-I11:8;I6-I11:7;I7-I8:4;I8-I11:2;I9-I10:2;I10-I11:2,18560.000000,34281.645642,15721.645642,3.710926,8.708826,4.997900,4.438608,8.0,3.5,4.0,6.0,10.0,20.0,16.0,48.0,80.0,200.0,False,False,0.002,0.005,0.1,0.0,0.0,0.0,40000,20000,16,8,69.0,16,105.0,36.0,20.0,1310.000000,35,6,1,True,False,12,physical,0,42,36.483908,0.0
spanke_benes_rect_12x12,default,5-7-2-9-10-6-4-8-3-1-11-0,routed,12,12,0,0,95,17,8,I0-I1:2;I0-I2:3;I0-I5:6;I0-I6:3;I1-I5:5;I1-I7:6;I2-I3:2;I2-I6:2;I2-I8:2;I2-I9:3;I3-I4:6;I3-I7:5;I4-I10:8;I6-I7:2;I6-I8:3;I7-I10:2;I8-I10:2,18560.000000,34230.477495,15670.477495,3.710926,8.734283,5.023357,4.433413,8.0,3.5,4.0,6.0,10.0,20.0,16.0,48.0,80.0,200.0,False,False,0.002,0.005,0.1,0.0,0.0,0.0,40000,20000,16,8,69.0,16,105.0,36.0,20.0,1310.000000,33,6,1,True,False,12,physical,1,42,30.716180,0.0
spanke_benes_rect_12x12,default,8-10-5-2-11-1-6-0-4-9-7-3,routed,12,12,0,0,95,16,7,I0-I1:2;I0-I9:2;I0-I10:3;I1-I4:4;I1-I9:3;I2-I6:6;I2-I8:5;I3-I5:7;I3-I8:2;I3-I11:4;I4-I9:3;I5-I7:5;I6-I10:6;I8-I9:2;I8-I11:5;I9-I10:5,18560.000000,34454.871293,15894.871293,3.749592,9.177981,5.428389,4.475395,8.0,3.5,4.0,6.0,10.0,20.0,16.0,48.0,80.0,200.0,False,False,0.002,0.005,0.1,0.0,0.0,0.0,40000,20000,16,8,69.0,16,105.0,36.0,20.0,1310.000000,55,6,3,True,False,12,physical,2,42,188.378068,0.0
spanke_benes_rect_12x12,default,11-8-7-4-10-2-0-6-9-1-5-3,routed,12,12,0,0,86,13,5,I1-I2:3;I1-I8:2;I2-I7:3;I2-I8:2;I3-I10:4;I3-I11:5;I4-I8:5;I5-I9:5;I5-I11:4;I6-I7:2;I6-I9:4;I7-I8:2;I7-I10:5,18560.000000,34011.411109,15451.411109,3.710926,8.537444,4.826519,4.255652,8.0,3.5,4.0,6.0,10.0,20.0,16.0,48.0,80.0,200.0,False,False,0.002,0.005,0.1,0.0,0.0,0.0,40000,20000,16,8,69.0,16,105.0,36.0,20.0,1310.000000,26,6,1,True,False,12,physical,3,42,28.941273,0.0
spanke_benes_rect_12x12,default,11-0-3-2-7-5-9-4-10-6-1-8,routed,12,12,0,0,103,13,9,I1-I3:8;I1-I10:2;I2-I3:9;I2-I5:2;I2-I7:8;I3-I10:3;I4-I9:7;I4-I11:8;I5-I7:7;I5-I9:8;I6-I8:8;I6-I11:7;I10-I11:2,18560.000000,34465.588137,15905.588137,3.685592,8.895658,5.210066,4.591348,8.0,3.5,4.0,6.0,10.0,20.0,16.0,48.0,80.0,200.0,False,False,0.002,0.005,0.1,0.0,0.0,0.0,40000,20000,16,8,69.0,16,105.0,36.0,20.0,1310.000000,44,6,1,True,False,12,physical,4,42,48.116110,0.0
spanke_benes_rect_12x12,default,7-2-5-8-6-10-9-4-3-0-1-11,routed,12,12,0,0,98,18,8,I0-I3:6;I0-I4:5;I1-I2:4;I1-I7:2;I1-I8:2;I1-I10:3;I2-I3:2;I2-I4:6;I2-I7:3;I3-I6:6;I4-I5:2;I5-I6:7;I5-I11:8;I6-I11:2;I7-I8:3;I8-I11:2;I9-I10:2;I10-I11:2,18560.000000,34364.229715,15804.229715,3.749592,9.070242,5.320650,4.500705,8.0,3.5,4.0,6.0,10.0,20.0,16.0,48.0,80.0,200.0,False,False,0.002,0.005,0.1,0.0,0.0,0.0,40000,20000,16,8,69.0,16,105.0,36.0,20.0,1310.000000,36,6,1,True,False,12,physical,5,42,37.704821,0.0
spanke_benes_rect_12x12,default,6-3-4-0-9-7-1-8-11-2-5-10,routed,12,12,0,0,107,16,9,I0-I5:6;I0-I10:7;I1-I2:8;I1-I3:3;I1-I9:5;I2-I5:2;I2-I10:6;I3-I6:6;I4-I7:7;I4-I11:8;I5-I7:8;I6-I7:2;I6-I9:6;I7-I11:2;I8-I11:9;I10-I11:2,18560.000000,34579.778413,16019.778413,3.710926,8.855328,5.144403,4.670796,8.0,3.5,4.0,6.0,10.0,20.0,16.0,48.0,80.0,200.0,False,False,0.002,0.005,0.1,0.0,0.0,0.0,40000,20000,16,8,69.0,16,105.0,36.0,20.0,1310.000000,48,6,1,True,False,12,physical,6,42,51.204388,0.0
spanke_benes_rect_12x12,default,0-10-11-1-4-5-9-6-7-2-3-8,routed,12,12,0,0,103,14,10,I0-I1:2;I0-I3:10;I1-I2:4;I1-I6:3;I3-I4:4;I3-I9:6;I4-I5:8;I4-I10:5;I5-I7:8;I6-I11:5;I7-I8:6;I8-I11:8;I9-I10:4;I10-I11:2,18560.000000,34473.004064,15913.004064,3.749592,8.941733,5.192142,4.594251,8.0,3.5,4.0,6.0,10.0,20.0,16.0,48.0,80.0,200.0,False,False,0.002,0.005,0.1,0.0,0.0,0.0,40000,20000,16,8,69.0,16,105.0,36.0,20.0,1310.000000,43,6,1,True,False,12,physical,7,42,44.990282,0.0
spanke_benes_rect_12x12,default,10-4-8-7-1-9-2-6-5-11-3-0,routed,12,12,0,0,92,17,6,I0-I5:3;I0-I9:4;I1-I3:2;I1-I6:3;I1-I8:4;I1-I10:3;I2-I3:5;I2-I5:4;I3-I7:3;I4-I5:2;I4-I6:6;I5-I9:4;I6-I7:2;I6-I10:2;I7-I8:5;I7-I9:2;I8-I9:2,18560.000000,34264.725274,15704.725274,3.736925,8.721774,4.984849,4.394121,8.0,3.5,4.0,6.0,10.0,20.0,16.0,48.0,80.0,200.0,False,False,0.002,0.005,0.1,0.0,0.0,0.0,40000,20000,16,8,69.0,16,105.0,36.0,20.0,1310.000000,34,6,1,True,False,12,physical,8,42,34.328464,0.0
spanke_benes_rect_12x12,default,0-5-3-8-9-11-1-4-2-7-10-6,routed,12,12,0,0,109,21,7,I0-I1:2;I0-I2:4;I0-I6:6;I1-I2:3;I1-I3:2;I1-I7:5;I1-I11:6;I2-I3:2;I2-I7:6;I2-I8:5;I3-I4:6;I3-I9:5;I4-I5:2;I4-I10:6;I5-I10:5;I6-I7:2;I6-I8:6;I7-I11:2;I8-I9:2;I9-I10:6;I9-I11:7,18560.000000,34693.924431,16133.924431,3.672260,9.056077,5.383817,4.722737,8.0,3.5,4.0,6.0,10.0,20.0,16.0,48.0,80.0,200.0,False,False,0.002,0.005,0.1,0.0,0.0,0.0,40000,20000,16,8,69.0,16,105.0,36.0,20.0,1310.000000,47,6,1,True,False,12,physical,9,42,49.557814,0.0
padded_benes_16x16,default,7-6-2-9-12-5-11-8-3-4-0-1-10,failed,13,10,3,0,171,37,11,I0-I1:7;I0-I3:2;I0-I4:2;I0-I6:2;I0-I7:2;I0-I9:5;I0-I12:4;I1-I3:4;I1-I4:4;I1-I6:2;I1-I7:2;I1-I9:3;I1-I12:2;I3-I4:6;I3-I6:4;I3-I7:7;I3-I8:3;I3-I9:3;I3-I11:3;I3-I12:2;I4-I6:11;I4-I7:7;I4-I8:9;I4-I9:3;I4-I11:3;I4-I12:3;I6-I7:11;I6-I8:7;I6-I12:3;I7-I8:3;I7-I12:2;I8-I9:8;I8-I11:5;I8-I12:4;I9-I11:7;I9-I12:4;I11-I12:4,16029.000000,25138.030709,9109.030709,6.310096,11.277205,4.967109,3.469306,8.0,3.5,4.0,6.0,10.0,20.0,16.0,48.0,80.0,200.0,False,False,0.002,0.005,0.1,0.0,0.0,0.0,40000,20000,16,8,69.0,16,105.0,36.0,20.0,785.000000,443,6,7,True,False,13,physical,0,42,1563.699623,0.23076923076923078
padded_benes_16x16,default,2-5-7-8-6-10-4-11-9-3-1-12-0,failed,13,10,3,0,157,37,13,I0-I1:2;I0-I5:2;I0-I6:4;I0-I7:2;I0-I8:2;I0-I9:4;I0-I11:2;I1-I5:2;I1-I6:5;I1-I7:2;I1-I8:2;I1-I11:2;I1-I12:3;I5-I6:3;I5-I7:10;I5-I8:5;I5-I10:3;I5-I11:4;I6-I7:4;I6-I8:2;I6-I9:5;I6-I10:3;I6-I11:4;I6-I12:7;I7-I8:5;I7-I9:3;I7-I11:4;I8-I9:3;I8-I10:5;I8-I11:4;I8-I12:3;I9-I10:5;I9-I11:4;I9-I12:13;I10-I11:8;I10-I12:5;I11-I12:3,16085.000000,23107.681168,7022.681168,6.048097,9.498910,3.450813,2.766336,8.0,3.5,4.0,6.0,10.0,20.0,16.0,48.0,80.0,200.0,False,False,0.002,0.005,0.1,0.0,0.0,0.0,40000,20000,16,8,69.0,16,105.0,36.0,20.0,785.000000,265,6,5,True,True,13,physical,1,42,823.632845,0.23076923076923078
padded_benes_16x16,default,11-3-10-8-7-1-12-5-6-2-0-4-9,failed,13,11,2,0,181,36,11,I0-I1:3;I0-I2:11;I0-I3:5;I0-I4:3;I0-I6:6;I1-I2:2;I1-I3:2;I1-I4:4;I1-I6:2;I1-I8:4;I1-I9:5;I1-I10:3;I2-I3:9;I2-I4:5;I2-I6:4;I2-I7:3;I2-I9:3;I3-I4:3;I3-I6:4;I3-I7:3;I4-I6:4;I4-I7:9;I4-I8:9;I4-I9:3;I4-I10:3;I4-I11:3;I6-I7:5;I7-I8:4;I7-I10:3;I7-I11:5;I8-I9:3;I8-I10:5;I8-I11:11;I9-I10:3;I9-I11:2;I10-I11:8,16509.000000,25226.008580,8717.008580,6.342763,10.690869,4.348106,2.774729,8.0,3.5,4.0,6.0,10.0,20.0,16.0,48.0,80.0,200.0,False,False,0.002,0.005,0.1,0.0,0.0,0.0,40000,20000,16,8,69.0,16,105.0,36.0,20.0,785.000000,387,6,7,True,False,13,physical,2,42,1381.277328,0.15384615384615385
padded_benes_16x16,default,2-12-11-7-8-3-9-0-4-10-5-1-6,failed,13,9,4,1,113,27,7,I0-I1:2;I0-I5:5;I0-I6:2;I0-I10:2;I0-I12:2;I1-I5:3;I1-I6:5;I1-I8:3;I1-I9:7;I1-I10:3;I5-I6:6;I5-I8:2;I5-I9:2;I5-I10:4;I5-I11:3;I5-I12:4;I6-I9:4;I8-I9:4;I8-I10:6;I8-I11:3;I8-I12:4;I9-I10:7;I9-I11:3;I9-I12:3;I10-I11:7;I10-I12:6;I11-I12:4,16269.000000,20459.105976,4190.105976,6.399430,9.708492,3.309062,1.865357,8.0,3.5,4.0,6.0,10.0,20.0,16.0,48.0,80.0,200.0,False,False,0.002,0.005,0.1,0.0,0.0,0.0,40000,20000,16,8,69.0,16,105.0,36.0,20.0,785.000000,409,6,7,True,False,13,physical,3,42,1628.080849,0.3076923076923077
padded_benes_16x16,default,2-11-7-1-6-0-12-3-5-9-10-4-8,failed,13,9,4,0,118,31,9,I0-I1:2;I0-I2:2;I0-I4:2;I0-I5:3;I0-I8:2;I0-I9:2;I1-I2:3;I1-I5:3;I1-I9:7;I1-I10:7;I2-I4:7;I2-I5:3;I2-I8:3;I2-I9:2;I2-I10:2;I2-I11:3;I4-I5:9;I4-I8:7;I4-I9:4;I4-I10:2;I4-I11:5;I5-I8:4;I5-I9:2;I5-I10:2;I5-I11:2;I8-I9:4;I8-I10:4;I8-I11:5;I9-I10:4;I9-I11:3;I10-I11:5,16421.000000,20448.172362,4027.172362,6.527430,9.146291,2.618862,1.963261,8.0,3.5,4.0,6.0,10.0,20.0,16.0,48.0,80.0,200.0,False,False,0.002,0.005,0.1,0.0,0.0,0.0,40000,20000,16,8,69.0,16,105.0,36.0,20.0,785.000000,318,6,6,True,True,13,physical,4,42,1311.641102,0.3076923076923077
padded_benes_16x16,default,0-12-9-10-8-2-11-5-7-4-6-1-3,failed,13,9,4,0,118,23,10,I0-I1:2;I0-I3:2;I0-I4:2;I0-I5:4;I0-I6:2;I0-I9:2;I0-I11:2;I1-I3:3;I1-I4:3;I1-I5:3;I1-I6:3;I3-I4:9;I3-I5:3;I3-I6:8;I4-I5:7;I4-I6:10;I5-I6:8;I5-I9:4;I5-I10:2;I5-I11:3;I9-I10:10;I9-I11:5;I10-I11:9,16269.000000,21034.039590,4765.039590,6.222763,9.328497,3.105734,2.174564,8.0,3.5,4.0,6.0,10.0,20.0,16.0,48.0,80.0,200.0,False,False,0.002,0.005,0.1,0.0,0.0,0.0,40000,20000,16,8,69.0,16,105.0,36.0,20.0,785.000000,430,6,7,True,False,13,physical,5,42,1284.106441,0.3076923076923077
padded_benes_16x16,default,6-0-4-8-5-7-9-3-2-1-12-10-11,failed,13,9,4,0,129,32,10,I1-I2:2;I1-I4:2;I1-I5:6;I1-I6:2;I1-I8:2;I1-I9:4;I1-I11:2;I2-I4:6;I2-I5:6;I2-I6:2;I2-I9:3;I2-I11:4;I2-I12:2;I4-I5:10;I4-I6:2;I4-I8:3;I4-I9:3;I4-I11:6;I4-I12:2;I5-I6:6;I5-I8:3;I5-I9:3;I5-I11:4;I5-I12:2;I6-I11:4;I6-I12:6;I8-I9:5;I8-I11:4;I8-I12:2;I9-I11:6;I9-I12:4;I11-I12:8,16181.000000,22208.039590,6027.039590,6.376097,11.121371,4.745274,2.710564,8.0,3.5,4.0,6.0,10.0,20.0,16.0,48.0,80.0,200.0,False,False,0.002,0.005,0.1,0.0,0.0,0.0,40000,20000,16,8,69.0,16,105.0,36.0,20.0,785.000000,364,6,6,True,True,13,physical,6,42,1283.621735,0.3076923076923077
padded_benes_16x16,default,4-6-7-1-8-2-9-11-12-3-0-5-10,failed,13,10,3,0,152,36,14,I0-I1:6;I0-I4:2;I0-I5:3;I0-I7:2;I0-I8:2;I0-I11:6;I1-I3:3;I1-I4:4;I1-I5:3;I1-I7:2;I1-I8:4;I1-I11:3;I3-I4:4;I3-I5:4;I3-I7:2;I3-I8:2;I3-I9:4;I3-I11:2;I4-I5:5;I4-I7:14;I4-I8:10;I4-I11:3;I4-I12:8;I5-I7:2;I5-I8:2;I5-I9:4;I5-I11:4;I5-I12:2;I7-I8:2;I7-I11:3;I7-I12:7;I8-I9:3;I8-I12:7;I9-I11:6;I9-I12:4;I11-I12:2,15701.000000,23706.367003,8005.367003,6.000097,12.297989,6.297893,3.006573,8.0,3.5,4.0,6.0,10.0,20.0,16.0,48.0,80.0,200.0,False,False,0.002,0.005,0.1,0.0,0.0,0.0,40000,20000,16,8,69.0,16,105.0,36.0,20.0,785.000000,289,6,5,True,True,13,physical,7,42,882.783210,0.23076923076923078
padded_benes_16x16,default,0-4-12-9-5-1-8-2-11-6-7-10-3,failed,13,11,2,1,177,42,13,I0-I1:6;I0-I2:2;I0-I5:4;I0-I7:2;I0-I8:2;I0-I11:2;I0-I12:2;I1-I2:2;I1-I3:2;I1-I5:3;I1-I7:3;I1-I8:4;I1-I9:2;I1-I11:2;I1-I12:3;I2-I3:7;I2-I5:3;I2-I6:5;I2-I7:3;I3-I5:3;I3-I6:10;I3-I7:3;I3-I8:2;I3-I11:2;I5-I6:6;I5-I7:10;I5-I8:4;I5-I9:2;I5-I11:2;I5-I12:4;I6-I7:13;I6-I8:4;I6-I11:4;I7-I8:4;I7-I9:2;I7-I11:2;I7-I12:8;I8-I9:7;I8-I11:3;I8-I12:3;I9-I11:6;I9-I12:5,16325.000000,25420.884690,9095.884690,6.340097,11.910828,5.570731,2.799797,8.0,3.5,4.0,6.0,10.0,20.0,16.0,48.0,80.0,200.0,False,False,0.002,0.005,0.1,0.0,0.0,0.0,40000,20000,16,8,69.0,16,105.0,36.0,20.0,785.000000,259,6,6,True,True,13,physical,8,42,1183.446635,0.15384615384615385
padded_benes_16x16,default,12-4-8-1-10-11-0-7-2-3-5-6-9,failed,13,9,4,0,104,22,10,I0-I1:3;I0-I2:3;I0-I3:3;I0-I4:5;I0-I8:3;I1-I2:2;I1-I3:5;I1-I4:2;I1-I10:4;I1-I11:6;I2-I3:3;I2-I4:6;I3-I4:4;I3-I8:4;I3-I9:4;I3-I10:2;I4-I11:3;I8-I9:6;I8-I10:4;I9-I10:6;I9-I11:4;I10-I11:10,15941.000000,20970.287370,5029.287370,6.174096,9.746202,3.572106,2.091064,8.0,3.5,4.0,6.0,10.0,20.0,16.0,48.0,80.0,200.0,False,False,0.002,0.005,0.1,0.0,0.0,0.0,40000,20000,16,8,69.0,16,105.0,36.0,20.0,785.000000,445,6,7,True,True,13,physical,9,42,1436.271953,0.3076923076923077
waksman_13x13,default,7-6-2-9-12-5-11-8-3-4-0-1-10,failed,13,9,4,0,99,21,11,I0-I1:11;I0-I2:3;I0-I8:5;I0-I9:5;I1-I2:7;I1-I3:2;I1-I6:2;I1-I7:4;I1-I9:3;I2-I3:4;I2-I6:2;I2-I7:2;I2-I8:4;I2-I9:2;I2-I11:3;I3-I6:2;I3-I7:5;I6-I7:7;I8-I9:4;I8-I11:5;I9-I11:5,13965.000000,18169.340509,4204.340509,5.546096,8.288699,2.742603,2.008853,8.0,3.5,4.0,6.0,10.0,20.0,16.0,48.0,80.0,200.0,False,False,0.002,0.005,0.1,0.0,0.0,0.0,40000,20000,16,8,69.0,16,105.0,36.0,20.0,785.000000,265,6,5,True,True,13,physical,0,42,1060.795032,0.3076923076923077
waksman_13x13,default,2-5-7-8-6-10-4-11-9-3-1-12-0,failed,13,10,3,0,134,32,11,I1-I2:6;I1-I3:2;I1-I5:2;I1-I6:11;I1-I7:4;I1-I8:4;I1-I9:3;I1-I10:3;I1-I12:5;I2-I3:4;I2-I5:2;I2-I6:5;I2-I7:2;I2-I8:4;I2-I9:3;I2-I10:3;I2-I12:3;I3-I5:6;I3-I7:2;I3-I8:2;I5-I6:3;I5-I7:6;I5-I8:3;I6-I7:4;I6-I8:2;I6-I9:3;I6-I12:3;I8-I9:3;I8-I10:7;I8-I12:3;I9-I10:5;I10-I12:3,13965.000000,20692.486527,6727.486527,7.066096,9.579531,2.513435,2.412297,8.0,3.5,4.0,6.0,10.0,20.0,16.0,48.0,80.0,200.0,False,False,0.002,0.005,0.1,0.0,0.0,0.0,40000,20000,16,8,69.0,16,105.0,36.0,20.0,785.000000,331,6,7,True,False,13,physical,1,42,1473.095350,0.23076923076923078
waksman_13x13,default,11-3-10-8-7-1-12-5-6-2-0-4-9,failed,13,8,5,0,75,17,12,I0-I3:3;I1-I4:2;I1-I5:3;I1-I7:2;I1-I8:2;I1-I12:2;I3-I12:2;I4-I5:9;I4-I7:7;I4-I8:5;I4-I12:2;I5-I7:12;I5-I8:6;I5-I12:2;I7-I8:2;I7-I12:2;I8-I12:2,13965.000000,15849.101611,1884.101611,5.886763,8.862197,2.975434,1.617150,8.0,3.5,4.0,6.0,10.0,20.0,16.0,48.0,80.0,200.0,False,False,0.002,0.005,0.1,0.0,0.0,0.0,40000,20000,16,8,69.0,16,105.0,36.0,20.0,785.000000,217,6,4,True,True,13,physical,2,42,807.631321,0.38461538461538464
waksman_13x13,default,2-12-11-7-8-3-9-0-4-10-5-1-6,failed,13,7,6,0,76,17,7,I1-I7:3;I1-I9:3;I3-I5:3;I3-I7:5;I3-I9:2;I3-I11:3;I3-I12:7;I5-I7:7;I5-I9:4;I5-I11:7;I5-I12:6;I7-I9:4;I7-I11:2;I7-I12:4;I9-I11:5;I9-I12:3;I11-I12:4,13965.000000,16446.247629,2481.247629,5.446096,9.417235,3.971140,2.597214,8.0,3.5,4.0,6.0,10.0,20.0,16.0,48.0,80.0,200.0,False,False,0.002,0.005,0.1,0.0,0.0,0.0,40000,20000,16,8,69.0,16,105.0,36.0,20.0,785.000000,507,6,7,True,True,13,physical,3,42,1637.960624,0.46153846153846156
waksman_13x13,default,2-11-7-1-6-0-12-3-5-9-10-4-8,failed,13,9,4,0,101,27,7,I1-I10:3;I3-I4:2;I3-I5:5;I3-I8:2;I3-I9:2;I3-I10:2;I3-I12:4;I4-I5:5;I4-I8:3;I4-I9:2;I4-I11:3;I4-I12:2;I5-I8:2;I5-I9:4;I5-I10:2;I5-I11:2;I5-I12:4;I8-I9:6;I8-I10:2;I8-I11:5;I8-I12:6;I9-I10:4;I9-I11:3;I9-I12:5;I10-I11:7;I10-I12:3;I11-I12:4,13965.000000,17710.787445,3745.787445,5.730763,7.178616,1.447853,1.860397,8.0,3.5,4.0,6.0,10.0,20.0,16.0,48.0,80.0,200.0,False,False,0.002,0.005,0.1,0.0,0.0,0.0,40000,20000,16,8,69.0,16,105.0,36.0,20.0,785.000000,259,6,4,True,True,13,physical,4,42,714.668969,0.3076923076923077
waksman_13x13,default,0-12-9-10-8-2-11-5-7-4-6-1-3,failed,13,9,4,0,85,19,7,I0-I1:2;I0-I2:2;I0-I4:4;I0-I6:2;I0-I8:2;I0-I10:2;I0-I11:4;I0-I12:2;I1-I2:3;I1-I6:3;I2-I4:5;I2-I6:6;I4-I6:2;I8-I10:5;I8-I11:5;I8-I12:3;I10-I11:7;I10-I12:3;I11-I12:6,13965.000000,17887.530784,3922.530784,5.974096,8.030864,2.056768,1.407674,8.0,3.5,4.0,6.0,10.0,20.0,16.0,48.0,80.0,200.0,False,False,0.002,0.005,0.1,0.0,0.0,0.0,40000,20000,16,8,69.0,16,105.0,36.0,20.0,785.000000,347,6,7,True,True,13,physical,5,42,1593.558202,0.3076923076923077
waksman_13x13,default,6-0-4-8-5-7-9-3-2-1-12-10-11,failed,13,9,4,1,126,33,7,I0-I1:3;I0-I4:7;I0-I5:7;I0-I7:3;I0-I9:5;I0-I10:4;I0-I11:2;I0-I12:4;I1-I4:2;I1-I5:4;I1-I7:4;I1-I9:4;I1-I10:2;I1-I11:2;I1-I12:2;I4-I5:6;I4-I7:5;I4-I9:3;I4-I11:2;I4-I12:4;I5-I7:7;I5-I11:2;I5-I12:4;I7-I9:3;I7-I10:2;I7-I11:2;I7-I12:2;I9-I10:6;I9-I11:6;I9-I12:4;I10-I11:5;I10-I12:5;I11-I12:2,13965.000000,18507.429023,4542.429023,7.117429,8.733077,1.615649,2.544873,8.0,3.5,4.0,6.0,10.0,20.0,16.0,48.0,80.0,200.0,False,False,0.002,0.005,0.1,0.0,0.0,0.0,40000,20000,16,8,69.0,16,105.0,36.0,20.0,785.000000,407,6,7,True,False,13,physical,6,42,1467.128696,0.3076923076923077
waksman_13x13,default,4-6-7-1-8-2-9-11-12-3-0-5-10,failed,13,9,4,0,94,22,10,I0-I11:6;I0-I12:4;I3-I4:2;I3-I6:4;I3-I7:2;I3-I9:2;I3-I11:2;I3-I12:2;I4-I6:10;I4-I7:4;I4-I8:2;I4-I12:2;I6-I7:10;I6-I8:2;I6-I12:2;I7-I8:2;I7-I12:3;I8-I9:3;I8-I12:3;I9-I11:6;I9-I12:4;I11-I12:8,13965.000000,17859.867078,3894.867078,6.858763,8.883531,2.024768,1.888193,8.0,3.5,4.0,6.0,10.0,20.0,16.0,48.0,80.0,200.0,False,False,0.002,0.005,0.1,0.0,0.0,0.0,40000,20000,16,8,69.0,16,105.0,36.0,20.0,785.000000,332,6,7,True,True,13,physical,7,42,1670.358160,0.3076923076923077
waksman_13x13,default,0-4-12-9-5-1-8-2-11-6-7-10-3,failed,13,9,4,0,90,25,6,I0-I2:2;I0-I3:2;I0-I5:6;I0-I6:4;I0-I9:2;I0-I10:2;I0-I11:2;I0-I12:2;I2-I3:5;I2-I5:3;I2-I6:3;I3-I6:3;I3-I11:4;I5-I6:2;I5-I9:2;I5-I10:2;I5-I11:2;I5-I12:4;I6-I9:3;I6-I11:4;I9-I10:4;I9-I11:4;I9-I12:3;I10-I11:6;I10-I12:3,13965.000000,17779.575041,3814.575041,5.622096,6.960369,1.338274,1.712350,8.0,3.5,4.0,6.0,10.0,20.0,16.0,48.0,80.0,200.0,False,False,0.002,0.005,0.1,0.0,0.0,0.0,40000,20000,16,8,69.0,16,105.0,36.0,20.0,785.000000,289,6,6,True,True,13,physical,8,42,972.429976,0.3076923076923077
waksman_13x13,default,12-4-8-1-10-11-0-7-2-3-5-6-9,failed,13,9,4,0,103,23,12,I0-I1:3;I0-I3:3;I0-I4:3;I1-I3:7;I1-I4:2;I1-I5:2;I1-I8:3;I1-I11:2;I1-I12:2;I3-I4:2;I3-I5:2;I3-I8:2;I3-I9:4;I3-I11:2;I3-I12:2;I4-I5:10;I4-I12:3;I8-I9:12;I8-I11:4;I8-I12:4;I9-I11:4;I9-I12:6;I11-I12:6,13965.000000,18271.384766,4306.384766,5.646096,8.810322,3.164226,1.969974,8.0,3.5,4.0,6.0,10.0,20.0,16.0,48.0,80.0,200.0,False,False,0.002,0.005,0.1,0.0,0.0,0.0,40000,20000,16,8,69.0,16,105.0,36.0,20.0,785.000000,424,6,7,True,False,13,physical,9,42,1794.412867,0.3076923076923077
spanke_benes_13x13,default,7-6-2-9-12-5-11-8-3-4-0-1-10,failed,13,12,1,0,103,15,11,I0-I1:11;I0-I3:6;I0-I7:6;I1-I2:5;I1-I5:7;I1-I7:2;I2-I5:6;I2-I8:6;I3-I4:2;I3-I6:2;I3-I7:3;I3-I12:4;I5-I9:3;I7-I12:2;I8-I9:6,35481.000000,49005.893421,13524.893421,6.413757,13.529191,7.115434,4.676982,8.0,3.5,4.0,6.0,10.0,20.0,16.0,48.0,80.0,200.0,False,False,0.002,0.005,0.1,0.0,0.0,0.0,40000,20000,16,8,69.0,16,105.0,36.0,20.0,2465.000000,69,6,4,True,True,13,physical,0,42,109.481824,0.07692307692307693
spanke_benes_13x13,default,2-5-7-8-6-10-4-11-9-3-1-12-0,routed,13,13,0,0,117,15,10,I0-I1:10;I0-I6:6;I0-I9:4;I0-I10:3;I1-I2:4;I1-I4:10;I1-I6:7;I2-I3:10;I2-I4:9;I3-I5:4;I3-I8:4;I5-I7:4;I5-I8:3;I6-I9:3;I7-I11:2,35481.000000,53370.804907,17889.804907,6.557691,15.047248,8.489557,4.784585,8.0,3.5,4.0,6.0,10.0,20.0,16.0,48.0,80.0,200.0,False,False,0.002,0.005,0.1,0.0,0.0,0.0,40000,20000,16,8,69.0,16,105.0,36.0,20.0,2465.000000,44,6,1,True,False,13,physical,1,42,62.888995,0.0
spanke_benes_13x13,default,11-3-10-8-7-1-12-5-6-2-0-4-9,routed,13,13,0,0,106,17,7,I0-I2:3;I0-I6:2;I1-I2:2;I1-I3:2;I1-I4:4;I1-I5:7;I1-I7:4;I1-I9:5;I1-I11:4;I2-I3:3;I3-I4:5;I3-I12:2;I4-I8:3;I5-I9:6;I5-I10:5;I7-I8:4;I7-I11:3,35481.000000,53303.897787,17822.897787,6.229524,12.484325,6.254800,4.628523,8.0,3.5,4.0,6.0,10.0,20.0,16.0,48.0,80.0,200.0,False,False,0.002,0.005,0.1,0.0,0.0,0.0,40000,20000,16,8,69.0,16,105.0,36.0,20.0,2465.000000,36,6,1,True,False,13,physical,2,42,58.477912,0.0
spanke_benes_13x13,default,2-12-11-7-8-3-9-0-4-10-5-1-6,routed,13,13,0,0,113,17,12,I0-I1:2;I0-I2:2;I0-I3:4;I0-I5:12;I0-I7:7;I0-I8:2;I0-I11:3;I3-I4:6;I3-I5:3;I3-I8:3;I4-I6:4;I5-I8:8;I6-I9:2;I7-I11:4;I8-I10:4;I8-I12:2;I10-I12:2,35481.000000,53488.380099,18007.380099,6.426424,13.612902,7.186478,4.758058,8.0,3.5,4.0,6.0,10.0,20.0,16.0,48.0,80.0,200.0,False,False,0.002,0.005,0.1,0.0,0.0,0.0,40000,20000,16,8,69.0,16,105.0,36.0,20.0,2465.000000,41,6,1,True,False,13,physical,3,42,59.622971,0.0
spanke_benes_13x13,default,2-11-7-1-6-0-12-3-5-9-10-4-8,routed,13,13,0,0,124,17,17,I0-I1:2;I0-I2:2;I0-I3:17;I0-I4:4;I0-I7:12;I0-I11:2;I1-I2:3;I1-I6:2;I2-I4:9;I2-I9:4;I2-I12:2;I3-I5:15;I4-I8:7;I7-I8:6;I7-I11:4;I8-I11:3;I9-I10:2,35481.000000,54092.614631,18611.614631,6.395991,15.200345,8.804354,5.009095,8.0,3.5,4.0,6.0,10.0,20.0,16.0,48.0,80.0,200.0,False,False,0.002,0.005,0.1,0.0,0.0,0.0,40000,20000,16,8,69.0,16,105.0,36.0,20.0,2465.000000,56,6,1,True,False,13,physical,4,42,82.483694,0.0
spanke_benes_13x13,default,0-12-9-10-8-2-11-5-7-4-6-1-3,routed,13,13,0,0,104,16,12,I0-I1:2;I0-I2:4;I0-I4:2;I0-I5:12;I0-I11:4;I2-I3:4;I2-I4:3;I3-I6:2;I4-I5:3;I5-I7:4;I5-I9:4;I5-I11:3;I5-I12:2;I7-I8:2;I7-I9:3;I7-I10:2,35481.000000,52944.380099,17463.380099,6.492057,14.115951,7.623894,4.535905,8.0,3.5,4.0,6.0,10.0,20.0,16.0,48.0,80.0,200.0,False,False,0.002,0.005,0.1,0.0,0.0,0.0,40000,20000,16,8,69.0,16,105.0,36.0,20.0,2465.000000,30,6,1,True,False,13,physical,5,42,45.613729,0.0
spanke_benes_13x13,default,6-0-4-8-5-7-9-3-2-1-12-10-11,routed,13,13,0,0,140,18,12,I0-I2:3;I0-I3:4;I0-I4:11;I0-I5:10;I1-I2:10;I1-I7:2;I1-I8:2;I1-I9:8;I2-I4:12;I2-I7:9;I3-I5:11;I3-I6:10;I3-I11:2;I6-I10:2;I6-I11:6;I7-I8:7;I8-I9:7;I11-I12:2,35481.000000,54481.782778,19000.782778,6.557691,15.186540,8.628849,5.312044,8.0,3.5,4.0,6.0,10.0,20.0,16.0,48.0,80.0,200.0,False,False,0.002,0.005,0.1,0.0,0.0,0.0,40000,20000,16,8,69.0,16,105.0,36.0,20.0,2465.000000,79,6,2,True,False,13,physical,6,42,158.197798,0.0
spanke_benes_13x13,default,4-6-7-1-8-2-9-11-12-3-0-5-10,failed,13,12,1,0,124,16,14,I0-I1:12;I0-I3:3;I0-I5:7;I0-I9:7;I1-I2:12;I1-I4:2;I2-I4:12;I3-I5:14;I3-I9:2;I3-I10:5;I4-I6:8;I4-I12:2;I5-I9:6;I6-I7:4;I6-I12:4;I7-I8:2,35481.000000,50202.813788,14721.813788,6.492057,14.288907,7.796849,5.199469,8.0,3.5,4.0,6.0,10.0,20.0,16.0,48.0,80.0,200.0,False,False,0.002,0.005,0.1,0.0,0.0,0.0,40000,20000,16,8,69.0,16,105.0,36.0,20.0,2465.000000,86,6,4,True,True,13,physical,7,42,133.312979,0.07692307692307693
spanke_benes_13x13,default,0-4-12-9-5-1-8-2-11-6-7-10-3,routed,13,13,0,0,124,17,16,I0-I1:8;I0-I5:16;I0-I7:2;I1-I2:2;I1-I3:2;I1-I4:12;I1-I5:3;I1-I7:9;I3-I6:5;I3-I8:2;I3-I11:2;I4-I6:4;I4-I9:6;I5-I7:12;I6-I10:3;I7-I12:2;I9-I10:4,35481.000000,53614.849164,18133.849164,6.623324,15.386050,8.762726,4.924438,8.0,3.5,4.0,6.0,10.0,20.0,16.0,48.0,80.0,200.0,False,False,0.002,0.005,0.1,0.0,0.0,0.0,40000,20000,16,8,69.0,16,105.0,36.0,20.0,2465.000000,48,6,1,True,False,13,physical,8,42,70.518961,0.0
spanke_benes_13x13,default,12-4-8-1-10-11-0-7-2-3-5-6-9,routed,13,13,0,0,118,15,13,I1-I2:6;I1-I3:7;I1-I7:2;I1-I9:9;I1-I10:6;I2-I4:4;I2-I7:3;I2-I12:2;I3-I6:13;I3-I8:10;I4-I5:2;I6-I8:2;I7-I11:3;I8-I9:8;I10-I11:4,35481.000000,53879.650007,18398.650007,6.316057,13.953119,7.637062,4.897100,8.0,3.5,4.0,6.0,10.0,20.0,16.0,48.0,80.0,200.0,False,False,0.002,0.005,0.1,0.0,0.0,0.0,40000,20000,16,8,69.0,16,105.0,36.0,20.0,2465.000000,49,6,1,True,False,13,physical,9,42,87.347964,0.0
spanke_benes_rect_13x13,default,7-6-2-9-12-5-11-8-3-4-0-1-10,routed,13,13,0,0,109,15,7,I0-I1:7;I0-I7:6;I1-I5:5;I2-I3:2;I2-I5:4;I2-I8:4;I3-I7:7;I3-I12:6;I4-I6:5;I5-I9:3;I6-I12:7;I8-I9:4;I9-I12:2;I10-I11:4;I11-I12:2,21831.000000,40209.021676,18378.021676,4.063891,9.388280,5.324389,4.762388,8.0,3.5,4.0,6.0,10.0,20.0,16.0,48.0,80.0,200.0,False,False,0.002,0.005,0.1,0.0,0.0,0.0,40000,20000,16,8,69.0,16,105.0,36.0,20.0,1415.000000,39,6,1,True,False,13,physical,0,42,47.574681,0.0
spanke_benes_rect_13x13,default,2-5-7-8-6-10-4-11-9-3-1-12-0,routed,13,13,0,0,119,17,10,I0-I1:6;I0-I6:2;I0-I9:4;I1-I2:2;I1-I4:6;I1-I6:5;I2-I3:8;I2-I4:7;I3-I8:8;I4-I5:2;I5-I7:8;I5-I8:7;I6-I7:2;I6-I9:3;I7-I11:10;I8-I11:2;I10-I11:2,21831.000000,40425.357970,18594.357970,4.063891,9.815291,5.751401,4.943363,8.0,3.5,4.0,6.0,10.0,20.0,16.0,48.0,80.0,200.0,False,False,0.002,0.005,0.1,0.0,0.0,0.0,40000,20000,16,8,69.0,16,105.0,36.0,20.0,1415.000000,47,6,1,True,False,13,physical,1,42,49.896035,0.0
spanke_benes_rect_13x13,default,11-3-10-8-7-1-12-5-6-2-0-4-9,routed,13,13,0,0,108,21,5,I0-I2:3;I0-I6:4;I1-I3:2;I1-I5:3;I1-I7:2;I1-I9:5;I1-I11:4;I2-I6:2;I2-I12:3;I3-I4:3;I3-I12:4;I4-I8:5;I4-I12:2;I5-I9:4;I5-I10:3;I6-I12:3;I7-I8:4;I7-I11:5;I8-I12:2;I10-I11:2;I11-I12:2,21831.000000,40293.955291,18462.955291,4.051224,9.434494,5.383270,4.768147,8.0,3.5,4.0,6.0,10.0,20.0,16.0,48.0,80.0,200.0,False,False,0.002,0.005,0.1,0.0,0.0,0.0,40000,20000,16,8,69.0,16,105.0,36.0,20.0,1415.000000,38,6,1,True,False,13,physical,2,42,46.026798,0.0
spanke_benes_rect_13x13,default,2-12-11-7-8-3-9-0-4-10-5-1-6,routed,13,13,0,0,109,15,8,I0-I1:2;I0-I3:2;I0-I5:8;I0-I7:3;I0-I11:3;I2-I9:3;I3-I4:4;I3-I12:5;I4-I6:6;I5-I8:6;I6-I9:6;I7-I11:4;I8-I9:2;I8-I10:6;I10-I12:6,21831.000000,40118.875658,18287.875658,4.063891,9.356541,5.292650,4.748904,8.0,3.5,4.0,6.0,10.0,20.0,16.0,48.0,80.0,200.0,False,False,0.002,0.005,0.1,0.0,0.0,0.0,40000,20000,16,8,69.0,16,105.0,36.0,20.0,1415.000000,36,6,1,True,False,13,physical,3,42,38.262399,0.0
spanke_benes_rect_13x13,default,2-11-7-1-6-0-12-3-5-9-10-4-8,routed,13,13,0,0,124,17,10,I0-I1:2;I0-I3:9;I0-I7:10;I1-I6:4;I1-I10:3;I2-I4:7;I2-I12:6;I3-I5:9;I4-I8:7;I4-I12:2;I6-I10:5;I7-I8:2;I7-I11:6;I8-I9:2;I8-I11:7;I9-I10:8;I9-I12:9,21831.000000,40925.942044,19094.942044,4.063891,9.897944,5.834053,5.095760,8.0,3.5,4.0,6.0,10.0,20.0,16.0,48.0,80.0,200.0,False,False,0.002,0.005,0.1,0.0,0.0,0.0,40000,20000,16,8,69.0,16,105.0,36.0,20.0,1415.000000,56,6,1,True,False,13,physical,4,42,73.144185,0.0
spanke_benes_rect_13x13,default,0-12-9-10-8-2-11-5-7-4-6-1-3,routed,13,13,0,0,104,17,6,I0-I1:2;I0-I2:2;I0-I5:6;I0-I11:4;I2-I3:4;I2-I4:3;I3-I6:4;I4-I6:2;I4-I8:3;I5-I7:2;I5-I9:2;I5-I11:3;I5-I12:4;I7-I9:5;I7-I10:4;I8-I10:5;I9-I12:3,21831.000000,39956.685383,18125.685383,4.063891,9.216032,5.152142,4.652798,8.0,3.5,4.0,6.0,10.0,20.0,16.0,48.0,80.0,200.0,False,False,0.002,0.005,0.1,0.0,0.0,0.0,40000,20000,16,8,69.0,16,105.0,36.0,20.0,1415.000000,32,6,1,True,False,13,physical,5,42,40.432375,0.0
spanke_benes_rect_13x13,default,6-0-4-8-5-7-9-3-2-1-12-10-11,routed,13,13,0,0,128,18,12,I0-I4:7;I0-I5:8;I1-I2:4;I1-I7:2;I1-I9:6;I2-I3:2;I2-I4:8;I2-I7:5;I3-I5:7;I3-I6:8;I4-I5:2;I5-I6:2;I6-I11:10;I7-I8:5;I8-I9:5;I8-I11:2;I10-I12:11;I11-I12:12,21831.000000,40833.446485,19002.446485,4.025225,10.135416,6.110191,5.133838,8.0,3.5,4.0,6.0,10.0,20.0,16.0,48.0,80.0,200.0,False,False,0.002,0.005,0.1,0.0,0.0,0.0,40000,20000,16,8,69.0,16,105.0,36.0,20.0,1415.000000,55,6,1,True,False,13,physical,6,42,65.590725,0.0
spanke_benes_rect_13x13,default,4-6-7-1-8-2-9-11-12-3-0-5-10,routed,13,13,0,0,126,17,10,I0-I1:4;I0-I5:3;I0-I9:5;I0-I11:6;I1-I2:8;I1-I11:5;I2-I4:8;I3-I5:8;I3-I10:3;I4-I6:10;I5-I9:6;I6-I7:2;I6-I12:8;I7-I8:10;I7-I12:9;I10-I11:2;I11-I12:2,21831.000000,40652.760650,18821.760650,4.025225,9.847291,5.822066,5.071809,8.0,3.5,4.0,6.0,10.0,20.0,16.0,48.0,80.0,200.0,False,False,0.002,0.005,0.1,0.0,0.0,0.0,40000,20000,16,8,69.0,16,105.0,36.0,20.0,1415.000000,53,6,1,True,False,13,physical,7,42,64.197518,0.0
spanke_benes_rect_13x13,default,0-4-12-9-5-1-8-2-11-6-7-10-3,routed,13,13,0,0,122,17,10,I0-I1:4;I0-I5:10;I1-I3:2;I1-I4:8;I1-I7:5;I1-I12:3;I2-I8:3;I3-I6:5;I3-I11:4;I4-I9:8;I5-I7:8;I6-I10:7;I6-I11:4;I7-I12:4;I8-I11:9;I9-I10:8;I10-I11:2,21831.000000,40525.738521,18694.738521,4.025225,9.537456,5.512231,4.993421,8.0,3.5,4.0,6.0,10.0,20.0,16.0,48.0,80.0,200.0,False,False,0.002,0.005,0.1,0.0,0.0,0.0,40000,20000,16,8,69.0,16,105.0,36.0,20.0,1415.000000,53,6,1,True,False,13,physical,8,42,61.213532,0.0
spanke_benes_rect_13x13,default,12-4-8-1-10-11-0-7-2-3-5-6-9,routed,13,13,0,0,114,18,8,I1-I2:2;I1-I3:3;I1-I9:5;I1-I10:6;I2-I4:2;I2-I7:3;I2-I12:4;I3-I6:7;I3-I8:6;I4-I5:6;I4-I12:3;I6-I7:2;I7-I11:5;I7-I12:2;I8-I9:8;I9-I10:2;I10-I11:8;I11-I12:4,21831.000000,40555.459731,18724.459731,4.025225,9.476748,5.451523,4.891455,8.0,3.5,4.0,6.0,10.0,20.0,16.0,48.0,80.0,200.0,False,False,0.002,0.005,0.1,0.0,0.0,0.0,40000,20000,16,8,69.0,16,105.0,36.0,20.0,1415.000000,44,6,1,True,False,13,physical,9,42,52.859771,0.0
padded_benes_16x16,default,8-12-7-6-13-11-5-2-9-3-4-0-1-10,failed,14,8,6,0,123,25,9,I0-I5:4;I0-I6:3;I0-I7:7;I0-I8:4;I0-I13:6;I3-I5:4;I3-I6:3;I3-I7:7;I3-I8:2;I3-I10:5;I3-I13:4;I5-I6:5;I5-I7:9;I5-I8:5;I5-I13:5;I6-I7:9;I6-I8:2;I6-I10:3;I6-I13:6;I7-I8:2;I7-I10:4;I7-I13:6;I8-I10:3;I8-I13:8;I10-I13:4,17574.000000,20461.566160,2887.566160,6.506763,12.281660,5.774897,2.832142,8.0,3.5,4.0,6.0,10.0,20.0,16.0,48.0,80.0,200.0,False,False,0.002,0.005,0.1,0.0,0.0,0.0,40000,20000,16,8,69.0,16,105.0,36.0,20.0,785.000000,318,6,4,True,True,14,physical,0,42,1121.430518,0.42857142857142855
padded_benes_16x16,default,2-5-7-9-6-11-4-12-8-10-3-1-13-0,failed,14,9,5,0,114,30,10,I0-I1:2;I0-I4:2;I0-I6:4;I0-I7:2;I0-I8:2;I0-I10:4;I1-I3:2;I1-I4:6;I1-I6:5;I1-I7:2;I1-I8:4;I3-I4:5;I3-I6:3;I3-I7:6;I3-I8:3;I3-I12:2;I4-I6:7;I4-I7:10;I4-I8:2;I4-I10:3;I4-I12:2;I6-I7:6;I6-I8:2;I6-I10:5;I6-I12:2;I7-I8:3;I7-I12:4;I8-I10:3;I8-I12:4;I10-I12:4,17430.000000,19993.734307,2563.734307,6.343430,9.810373,3.466944,1.852385,8.0,3.5,4.0,6.0,10.0,20.0,16.0,48.0,80.0,200.0,False,False,0.002,0.005,0.1,0.0,0.0,0.0,40000,20000,16,8,69.0,16,105.0,36.0,20.0,785.000000,341,6,4,True,True,14,physical,1,42,1198.417857,0.35714285714285715
padded_benes_16x16,default,7-8-3-11-10-13-1-12-5-6-2-0-4-9,failed,14,10,4,0,159,37,13,I0-I2:3;I0-I5:2;I0-I6:3;I0-I7:2;I0-I8:7;I0-I9:7;I0-I10:3;I0-I13:2;I2-I5:2;I2-I6:5;I2-I7:4;I2-I8:2;I2-I9:4;I2-I10:3;I2-I11:3;I2-I13:2;I5-I6:3;I5-I7:13;I5-I11:3;I5-I13:5;I6-I7:4;I6-I8:2;I6-I9:2;I6-I10:4;I6-I11:5;I6-I13:4;I7-I13:3;I8-I9:4;I8-I10:11;I8-I11:7;I8-I13:2;I9-I10:3;I9-I11:3;I9-I13:2;I10-I11:9;I10-I13:4;I11-I13:4,17238.000000,23961.344874,6723.344874,6.222763,10.057913,3.835150,3.004269,8.0,3.5,4.0,6.0,10.0,20.0,16.0,48.0,80.0,200.0,False,False,0.002,0.005,0.1,0.0,0.0,0.0,40000,20000,16,8,69.0,16,105.0,36.0,20.0,785.000000,262,6,4,True,True,14,physical,2,42,812.445208,0.2857142857142857
padded_benes_16x16,default,6-13-2-11-3-8-10-7-0-4-9-12-5-1,failed,14,12,2,1,239,50,11,I0-I1:4;I0-I2:3;I0-I3:2;I0-I5:2;I0-I6:2;I0-I7:8;I0-I12:3;I1-I2:3;I1-I3:3;I1-I5:3;I1-I6:3;I1-I7:5;I1-I8:3;I1-I9:5;I2-I3:6;I2-I5:2;I2-I6:2;I2-I7:4;I2-I8:3;I2-I9:2;I2-I12:2;I2-I13:5;I3-I5:11;I3-I6:11;I3-I7:7;I3-I8:3;I3-I10:3;I3-I12:3;I5-I6:10;I5-I7:7;I5-I8:3;I5-I10:5;I6-I7:7;I6-I10:3;I6-I13:3;I7-I8:7;I7-I9:3;I7-I10:2;I7-I12:3;I7-I13:3;I8-I9:6;I8-I10:6;I8-I12:6;I8-I13:8;I9-I10:4;I9-I12:6;I9-I13:5;I10-I12:5;I10-I13:3;I12-I13:7,17334.000000,29459.663405,12125.663405,6.422763,12.937412,6.514649,3.848277,8.0,3.5,4.0,6.0,10.0,20.0,16.0,48.0,80.0,200.0,False,False,0.002,0.005,0.1,0.0,0.0,0.0,40000,20000,16,8,69.0,16,105.0,36.0,20.0,785.000000,405,6,7,True,False,14,physical,3,42,1905.756104,0.14285714285714285
padded_benes_16x16,default,4-8-6-2-7-12-0-1-3-11-5-9-10-13,failed,14,8,6,0,95,21,10,I0-I1:2;I0-I2:6;I0-I4:4;I0-I9:2;I1-I2:3;I1-I3:3;I1-I4:3;I1-I9:4;I1-I13:4;I2-I3:7;I2-I4:10;I2-I9:2;I3-I4:6;I3-I8:4;I3-I9:2;I4-I8:3;I4-I9:4;I4-I13:4;I8-I9:8;I8-I13:6;I9-I13:4,17670.000000,18141.743188,471.743188,6.650763,9.949872,3.299109,1.877686,8.0,3.5,4.0,6.0,10.0,20.0,16.0,48.0,80.0,200.0,False,False,0.002,0.005,0.1,0.0,0.0,0.0,40000,20000,16,8,69.0,16,105.0,36.0,20.0,785.000000,476,6,6,True,True,14,physical,4,42,1646.176612,0.42857142857142855
padded_benes_16x16,default,10-0-3-8-12-11-9-2-5-7-4-6-1-13,failed,14,10,4,0,172,36,9,I0-I1:3;I0-I3:5;I0-I4:6;I0-I5:6;I0-I11:3;I0-I13:6;I1-I3:2;I1-I4:2;I1-I5:2;I1-I9:2;I1-I11:2;I1-I12:2;I1-I13:2;I3-I4:6;I3-I5:8;I3-I12:3;I3-I13:4;I4-I5:9;I4-I9:3;I4-I10:3;I4-I11:5;I4-I12:3;I4-I13:8;I5-I10:3;I5-I12:3;I5-I13:4;I9-I10:5;I9-I11:9;I9-I12:7;I9-I13:2;I10-I11:6;I10-I12:7;I10-I13:4;I11-I12:7;I11-I13:4;I12-I13:8,17430.000000,24551.490892,7121.490892,6.519430,10.039081,3.519651,3.084598,8.0,3.5,4.0,6.0,10.0,20.0,16.0,48.0,80.0,200.0,False,False,0.002,0.005,0.1,0.0,0.0,0.0,40000,20000,16,8,69.0,16,105.0,36.0,20.0,785.000000,447,6,7,True,True,14,physical,5,42,1655.483742,0.2857142857142857
padded_benes_16x16,default,0-6-5-1-4-12-13-7-11-3-8-2-10-9,failed,14,9,5,0,140,30,11,I0-I3:2;I0-I6:2;I0-I7:4;I0-I8:2;I0-I10:2;I0-I11:2;I3-I4:6;I3-I6:2;I3-I7:6;I3-I8:6;I3-I9:2;I3-I10:4;I3-I11:4;I4-I6:8;I4-I7:8;I4-I8:2;I4-I9:5;I4-I10:4;I4-I11:3;I6-I7:5;I6-I8:7;I6-I10:11;I7-I8:6;I7-I10:4;I8-I9:3;I8-I10:3;I8-I11:3;I9-I10:6;I9-I11:9;I10-I11:5,17574.000000,21831.017462,4257.017462,6.558096,9.905913,3.347817,2.664004,8.0,3.5,4.0,6.0,10.0,20.0,16.0,48.0,80.0,200.0,False,False,0.002,0.005,0.1,0.0,0.0,0.0,40000,20000,16,8,69.0,16,105.0,36.0,20.0,785.000000,466,6,7,True,False,14,physical,6,42,2284.833165,0.35714285714285715
padded_benes_16x16,default,10-4-8-7-1-9-2-6-5-11-3-0-12-13,failed,14,10,4,0,165,40,8,I1-I2:4;I1-I3:8;I1-I5:2;I1-I6:3;I1-I7:4;I1-I9:2;I1-I13:2;I2-I3:5;I2-I5:8;I2-I6:3;I2-I7:3;I2-I9:2;I2-I11:3;I2-I12:2;I2-I13:4;I3-I5:2;I3-I6:3;I3-I7:7;I3-I9:4;I3-I13:4;I5-I6:5;I5-I7:5;I5-I9:2;I5-I12:2;I5-I13:4;I6-I7:8;I6-I9:2;I6-I11:3;I6-I12:2;I6-I13:2;I7-I9:4;I7-I11:7;I7-I12:2;I7-I13:4;I9-I11:5;I9-I12:4;I9-I13:6;I11-I12:6;I11-I13:6;I12-I13:8,17430.000000,24354.411260,6924.411260,6.356097,9.951419,3.595322,2.894382,8.0,3.5,4.0,6.0,10.0,20.0,16.0,48.0,80.0,200.0,False,False,0.002,0.005,0.1,0.0,0.0,0.0,40000,20000,16,8,69.0,16,105.0,36.0,20.0,785.000000,251,6,4,True,True,14,physical,7,42,726.168896,0.2857142857142857
padded_benes_16x16,default,0-1-11-8-13-9-5-3-12-4-2-7-10-6,failed,14,8,6,0,81,24,9,I0-I1:4;I0-I2:4;I0-I8:2;I0-I9:2;I0-I12:2;I1-I2:4;I1-I3:2;I1-I6:2;I1-I8:2;I1-I9:2;I1-I12:2;I2-I3:9;I2-I6:3;I2-I8:4;I2-I12:5;I3-I6:3;I3-I8:2;I3-I12:2;I6-I8:6;I6-I9:5;I6-I12:2;I8-I9:3;I8-I12:3;I9-I12:4,17670.000000,16463.685684,-1206.314316,6.410096,8.080208,1.670113,0.932796,8.0,3.5,4.0,6.0,10.0,20.0,16.0,48.0,80.0,200.0,False,False,0.002,0.005,0.1,0.0,0.0,0.0,40000,20000,16,8,69.0,16,105.0,36.0,20.0,785.000000,289,6,4,True,True,14,physical,8,42,1094.927273,0.42857142857142855
padded_benes_16x16,default,10-4-13-1-11-12-0-7-8-2-3-5-6-9,failed,14,9,5,0,130,28,11,I1-I4:2;I1-I5:2;I1-I7:6;I1-I8:2;I1-I12:4;I1-I13:2;I4-I5:10;I4-I7:3;I4-I8:3;I4-I13:5;I5-I7:5;I5-I8:3;I5-I13:5;I7-I8:2;I7-I9:3;I7-I10:7;I7-I12:11;I7-I13:2;I8-I9:3;I8-I10:7;I8-I12:3;I8-I13:4;I9-I10:6;I9-I12:2;I9-I13:2;I10-I12:6;I10-I13:6;I12-I13:6,17478.000000,22190.681168,4712.681168,6.558096,10.130202,3.572106,2.863929,8.0,3.5,4.0,6.0,10.0,20.0,16.0,48.0,80.0,200.0,False,False,0.002,0.005,0.1,0.0,0.0,0.0,40000,20000,16,8,69.0,16,105.0,36.0,20.0,785.000000,554,6,7,True,True,14,physical,9,42,2374.558485,0.35714285714285715
waksman_14x14,default,8-12-7-6-13-11-5-2-9-3-4-0-1-10,failed,14,9,5,0,89,19,9,I0-I1:2;I0-I2:3;I0-I4:2;I0-I13:2;I1-I2:3;I1-I4:6;I2-I3:9;I2-I4:2;I2-I6:7;I2-I13:2;I3-I4:2;I3-I6:7;I3-I13:2;I4-I6:3;I6-I9:3;I6-I13:4;I9-I12:5;I9-I13:4;I12-I13:4,15518.000000,18380.552913,2862.552913,5.722763,8.143950,2.421187,1.491123,8.0,3.5,4.0,6.0,10.0,20.0,16.0,48.0,80.0,200.0,False,False,0.002,0.005,0.1,0.0,0.0,0.0,40000,20000,16,8,69.0,16,105.0,36.0,20.0,785.000000,449,6,7,True,True,14,physical,0,42,1871.075848,0.35714285714285715
waksman_14x14,default,2-5-7-9-6-11-4-12-8-10-3-1-13-0,failed,14,10,4,0,138,36,8,I0-I1:2;I0-I3:4;I0-I4:8;I0-I6:4;I0-I8:2;I0-I9:2;I0-I10:2;I1-I4:6;I1-I6:5;I1-I8:4;I1-I9:4;I3-I4:3;I3-I8:3;I3-I9:4;I3-I10:3;I3-I12:2;I4-I6:7;I4-I8:4;I4-I9:4;I4-I10:3;I4-I12:2;I4-I13:5;I6-I8:2;I6-I9:4;I6-I10:3;I6-I13:3;I8-I9:4;I8-I10:5;I8-I12:2;I8-I13:7;I9-I10:3;I9-I12:2;I9-I13:3;I10-I12:2;I10-I13:5;I12-I13:5,15518.000000,21139.172362,5621.172362,6.850763,10.657453,3.806690,2.450134,8.0,3.5,4.0,6.0,10.0,20.0,16.0,48.0,80.0,200.0,False,False,0.002,0.005,0.1,0.0,0.0,0.0,40000,20000,16,8,69.0,16,105.0,36.0,20.0,785.000000,307,6,5,True,True,14,physical,1,42,932.299906,0.2857142857142857
waksman_14x14,default,7-8-3-11-10-13-1-12-5-6-2-0-4-9,failed,14,10,4,0,134,31,9,I0-I1:2;I0-I2:3;I0-I3:2;I0-I7:2;I0-I8:5;I0-I9:5;I0-I10:3;I0-I13:4;I1-I2:3;I1-I3:6;I1-I4:4;I1-I7:4;I1-I13:2;I2-I3:6;I2-I4:2;I2-I7:2;I2-I8:2;I2-I9:2;I2-I10:3;I2-I13:2;I3-I4:9;I3-I7:4;I3-I13:3;I4-I7:6;I4-I13:3;I8-I9:8;I8-I10:7;I8-I13:6;I9-I10:5;I9-I13:2;I10-I13:4,15518.000000,20760.982086,5242.982086,5.597429,8.970033,3.372605,2.341196,8.0,3.5,4.0,6.0,10.0,20.0,16.0,48.0,80.0,200.0,False,False,0.002,0.005,0.1,0.0,0.0,0.0,40000,20000,16,8,69.0,16,105.0,36.0,20.0,785.000000,270,6,5,True,True,14,physical,2,42,1433.590261,0.2857142857142857
waksman_14x14,default,6-13-2-11-3-8-10-7-0-4-9-12-5-1,failed,14,10,4,0,140,29,8,I1-I3:7;I1-I4:3;I1-I5:3;I1-I6:3;I3-I5:5;I3-I6:7;I3-I10:7;I3-I11:6;I4-I5:2;I4-I6:4;I4-I9:2;I4-I12:4;I4-I13:3;I5-I6:8;I5-I10:6;I5-I11:2;I5-I13:3;I6-I10:5;I6-I11:4;I9-I10:2;I9-I11:4;I9-I12:4;I9-I13:5;I10-I11:6;I10-I12:5;I10-I13:3;I11-I12:3;I11-I13:5;I12-I13:5,15518.000000,20971.420141,5453.420141,6.574096,8.950033,2.375938,2.521384,8.0,3.5,4.0,6.0,10.0,20.0,16.0,48.0,80.0,200.0,False,False,0.002,0.005,0.1,0.0,0.0,0.0,40000,20000,16,8,69.0,16,105.0,36.0,20.0,785.000000,317,6,6,True,True,14,physical,3,42,1346.671538,0.2857142857142857
waksman_14x14,default,4-8-6-2-7-12-0-1-3-11-5-9-10-13,failed,14,10,4,0,148,37,9,I3-I5:2;I3-I6:7;I3-I7:5;I3-I8:4;I3-I9:4;I3-I10:2;I3-I11:4;I3-I12:6;I5-I6:5;I5-I7:5;I5-I12:5;I5-I13:4;I6-I7:8;I6-I8:2;I6-I9:2;I6-I10:2;I7-I8:4;I7-I9:2;I7-I10:2;I7-I11:4;I7-I12:2;I7-I13:2;I8-I9:6;I8-I10:4;I8-I11:4;I8-I12:2;I8-I13:4;I9-I10:3;I9-I11:7;I9-I12:9;I9-I13:2;I10-I11:4;I10-I12:2;I10-I13:2;I11-I12:6;I11-I13:2;I12-I13:4,15518.000000,22599.083847,7081.083847,6.735430,9.214787,2.479357,2.835717,8.0,3.5,4.0,6.0,10.0,20.0,16.0,48.0,80.0,200.0,False,False,0.002,0.005,0.1,0.0,0.0,0.0,40000,20000,16,8,69.0,16,105.0,36.0,20.0,785.000000,423,6,7,True,False,14,physical,4,42,1882.403046,0.2857142857142857
waksman_14x14,default,10-0-3-8-12-11-9-2-5-7-4-6-1-13,failed,14,11,3,0,171,40,9,I0-I1:3;I0-I2:5;I0-I3:3;I0-I4:4;I0-I6:3;I0-I13:2;I1-I2:8;I1-I3:4;I1-I4:2;I1-I6:2;I1-I7:6;I1-I9:2;I1-I10:2;I1-I12:6;I1-I13:2;I2-I3:6;I2-I4:4;I2-I6:2;I2-I7:9;I2-I9:2;I2-I10:2;I2-I12:3;I3-I4:6;I3-I6:6;I3-I7:3;I3-I13:2;I4-I6:9;I4-I7:5;I4-I13:6;I6-I7:5;I6-I13:2;I7-I9:2;I7-I10:2;I7-I12:3;I9-I10:7;I9-I12:3;I9-I13:2;I10-I12:5;I10-I13:4;I12-I13:4,15518.000000,24403.119223,8885.119223,6.686763,10.119030,3.432267,3.061567,8.0,3.5,4.0,6.0,10.0,20.0,16.0,48.0,80.0,200.0,False,False,0.002,0.005,0.1,0.0,0.0,0.0,40000,20000,16,8,69.0,16,105.0,36.0,20.0,785.000000,387,6,7,True,False,14,physical,5,42,1628.657399,0.21428571428571427
waksman_14x14,default,0-6-5-1-4-12-13-7-11-3-8-2-10-9,failed,14,9,5,0,105,25,9,I1-I2:7;I1-I4:7;I1-I5:2;I1-I6:2;I1-I8:2;I1-I9:5;I1-I10:4;I1-I13:2;I2-I4:3;I2-I5:2;I2-I6:2;I2-I8:2;I2-I10:2;I2-I13:2;I4-I5:4;I4-I6:4;I4-I9:3;I4-I13:2;I5-I6:4;I8-I9:7;I8-I10:9;I8-I13:7;I9-I10:2;I9-I13:2;I10-I13:8,15518.000000,18883.676802,3365.676802,6.068097,8.637913,2.569816,2.228928,8.0,3.5,4.0,6.0,10.0,20.0,16.0,48.0,80.0,200.0,False,False,0.002,0.005,0.1,0.0,0.0,0.0,40000,20000,16,8,69.0,16,105.0,36.0,20.0,785.000000,454,6,7,True,False,14,physical,6,42,1872.450141,0.35714285714285715
waksman_14x14,default,10-4-8-7-1-9-2-6-5-11-3-0-12-13,failed,14,10,4,0,147,37,11,I0-I1:3;I0-I4:3;I0-I9:6;I0-I12:2;I0-I13:6;I1-I4:7;I1-I6:3;I1-I7:10;I1-I9:2;I1-I10:3;I1-I11:3;I1-I12:2;I1-I13:2;I4-I6:6;I4-I7:10;I4-I9:2;I4-I10:4;I4-I11:3;I4-I12:2;I4-I13:2;I6-I7:6;I6-I9:2;I6-I10:4;I6-I11:3;I6-I13:2;I7-I9:2;I7-I13:2;I9-I10:5;I9-I11:5;I9-I12:2;I9-I13:4;I10-I11:11;I10-I12:2;I10-I13:2;I11-I12:2;I11-I13:2;I12-I13:4,15518.000000,21689.610417,6171.610417,6.827430,8.791909,1.964480,2.855122,8.0,3.5,4.0,6.0,10.0,20.0,16.0,48.0,80.0,200.0,False,False,0.002,0.005,0.1,0.0,0.0,0.0,40000,20000,16,8,69.0,16,105.0,36.0,20.0,785.000000,430,6,7,True,False,14,physical,7,42,1462.415413,0.2857142857142857
waksman_14x14,default,0-1-11-8-13-9-5-3-12-4-2-7-10-6,failed,14,10,4,0,130,34,9,I0-I1:8;I0-I2:4;I0-I3:4;I0-I4:4;I0-I6:2;I0-I8:2;I0-I11:2;I0-I12:2;I0-I13:2;I1-I2:4;I1-I3:2;I1-I4:2;I1-I6:2;I1-I12:2;I1-I13:2;I2-I3:9;I2-I4:4;I2-I6:3;I2-I8:2;I2-I12:5;I3-I4:4;I3-I6:3;I3-I8:2;I3-I12:2;I4-I6:5;I6-I11:4;I6-I12:2;I6-I13:8;I8-I11:3;I8-I12:3;I8-I13:3;I11-I12:2;I11-I13:9;I12-I13:5,15518.000000,20595.902453,5077.902453,5.959430,8.257029,2.297599,2.221380,8.0,3.5,4.0,6.0,10.0,20.0,16.0,48.0,80.0,200.0,False,False,0.002,0.005,0.1,0.0,0.0,0.0,40000,20000,16,8,69.0,16,105.0,36.0,20.0,785.000000,397,6,7,True,True,14,physical,8,42,1586.615533,0.2857142857142857
waksman_14x14,default,10-4-13-1-11-12-0-7-8-2-3-5-6-9,failed,14,11,3,0,161,39,10,I0-I2:4;I0-I3:3;I0-I5:4;I0-I7:3;I0-I8:5;I0-I13:7;I2-I5:3;I2-I6:3;I2-I13:3;I3-I5:2;I3-I6:3;I3-I7:2;I3-I8:2;I3-I11:2;I3-I12:2;I3-I13:2;I5-I6:7;I5-I7:3;I5-I8:3;I5-I13:3;I6-I7:8;I6-I8:2;I6-I10:4;I6-I11:2;I6-I12:2;I6-I13:4;I7-I8:4;I7-I10:3;I7-I12:3;I7-I13:2;I8-I10:3;I8-I11:3;I8-I13:4;I10-I11:6;I10-I12:4;I10-I13:4;I11-I12:10;I11-I13:6;I12-I13:6,15518.000000,23254.871443,7736.871443,5.989429,9.592193,3.602764,2.702977,8.0,3.5,4.0,6.0,10.0,20.0,16.0,48.0,80.0,200.0,False,False,0.002,0.005,0.1,0.0,0.0,0.0,40000,20000,16,8,69.0,16,105.0,36.0,20.0,785.000000,197,6,5,True,True,14,physical,9,42,873.825403,0.21428571428571427
spanke_benes_14x14,default,8-12-7-6-13-11-5-2-9-3-4-0-1-10,routed,14,14,0,0,124,16,9,I0-I1:4;I0-I2:9;I0-I5:2;I0-I8:6;I1-I4:2;I2-I3:9;I2-I8:2;I3-I6:5;I6-I7:3;I6-I10:3;I7-I9:6;I7-I12:3;I8-I12:3;I8-I13:2;I9-I10:4;I11-I12:4,41538.000000,61913.521601,20375.521601,6.816423,13.727857,6.911434,4.962217,8.0,3.5,4.0,6.0,10.0,20.0,16.0,48.0,80.0,200.0,False,False,0.002,0.005,0.1,0.0,0.0,0.0,40000,20000,16,8,69.0,16,105.0,36.0,20.0,2675.000000,42,6,2,True,False,14,physical,0,42,100.176034,0.0
spanke_benes_14x14,default,2-5-7-9-6-11-4-12-8-10-3-1-13-0,routed,14,14,0,0,137,17,12,I0-I1:10;I0-I6:8;I0-I10:4;I0-I11:3;I1-I2:4;I1-I4:12;I1-I6:9;I2-I3:6;I2-I4:11;I2-I8:6;I3-I5:4;I3-I8:5;I3-I9:4;I5-I7:4;I5-I9:3;I6-I10:3;I7-I12:2,41538.000000,62176.663254,20638.663254,7.147623,16.198597,9.050973,5.153380,8.0,3.5,4.0,6.0,10.0,20.0,16.0,48.0,80.0,200.0,False,False,0.002,0.005,0.1,0.0,0.0,0.0,40000,20000,16,8,69.0,16,105.0,36.0,20.0,2675.000000,50,6,1,True,False,14,physical,1,42,89.984585,0.0
spanke_benes_14x14,default,7-8-3-11-10-13-1-12-5-6-2-0-4-9,routed,14,14,0,0,128,17,12,I0-I1:12;I0-I2:9;I0-I9:3;I1-I3:2;I1-I4:6;I1-I13:2;I2-I6:7;I2-I8:4;I2-I10:5;I2-I12:4;I3-I4:5;I3-I5:2;I3-I7:2;I6-I10:6;I6-I11:5;I8-I9:4;I8-I12:3,41538.000000,62128.924281,20590.924281,6.950723,14.414865,7.464142,5.036918,8.0,3.5,4.0,6.0,10.0,20.0,16.0,48.0,80.0,200.0,False,False,0.002,0.005,0.1,0.0,0.0,0.0,40000,20000,16,8,69.0,16,105.0,36.0,20.0,2675.000000,66,6,3,True,False,14,physical,2,42,269.291636,0.0
spanke_benes_14x14,default,6-13-2-11-3-8-10-7-0-4-9-12-5-1,failed,14,13,1,0,100,15,8,I0-I1:2;I0-I3:2;I0-I4:7;I0-I5:4;I0-I7:6;I0-I9:5;I3-I6:3;I3-I11:2;I4-I9:8;I5-I6:2;I5-I7:5;I5-I10:4;I6-I10:3;I8-I13:2;I9-I12:2,41538.000000,57682.729640,16144.729640,7.081990,14.227790,7.145800,4.720343,8.0,3.5,4.0,6.0,10.0,20.0,16.0,48.0,80.0,200.0,False,False,0.002,0.005,0.1,0.0,0.0,0.0,40000,20000,16,8,69.0,16,105.0,36.0,20.0,2675.000000,113,6,7,True,True,14,physical,3,42,1111.790184,0.07142857142857142
spanke_benes_14x14,default,4-8-6-2-7-12-0-1-3-11-5-9-10-13,routed,14,14,0,0,168,22,14,I0-I1:2;I0-I2:8;I0-I3:5;I0-I8:11;I0-I10:8;I1-I4:11;I1-I5:2;I1-I9:2;I1-I11:8;I2-I4:14;I2-I10:7;I3-I7:13;I3-I8:12;I4-I10:5;I4-I11:4;I5-I9:3;I5-I13:4;I6-I7:14;I9-I12:3;I9-I13:2;I11-I12:4;I12-I13:2,41538.000000,62945.291585,21407.291585,7.016357,15.313914,8.297557,5.699613,8.0,3.5,4.0,6.0,10.0,20.0,16.0,48.0,80.0,200.0,False,False,0.002,0.005,0.1,0.0,0.0,0.0,40000,20000,16,8,69.0,16,105.0,36.0,20.0,2675.000000,69,6,1,True,False,14,physical,4,42,143.831615,0.0
spanke_benes_14x14,default,10-0-3-8-12-11-9-2-5-7-4-6-1-13,routed,14,14,0,0,143,22,11,I0-I3:5;I0-I4:2;I0-I5:4;I0-I6:3;I1-I2:10;I1-I7:10;I1-I12:4;I2-I3:8;I2-I7:11;I2-I8:4;I2-I10:6;I3-I6:4;I3-I9:3;I4-I5:3;I4-I13:4;I5-I13:2;I7-I12:3;I8-I9:2;I8-I10:5;I8-I11:4;I9-I11:5;I12-I13:2,41538.000000,62369.990666,20831.990666,7.213257,16.832230,9.618973,5.278142,8.0,3.5,4.0,6.0,10.0,20.0,16.0,48.0,80.0,200.0,False,False,0.002,0.005,0.1,0.0,0.0,0.0,40000,20000,16,8,69.0,16,105.0,36.0,20.0,2675.000000,60,6,2,True,False,14,physical,5,42,121.831308,0.0
spanke_benes_14x14,default,0-6-5-1-4-12-13-7-11-3-8-2-10-9,routed,14,14,0,0,151,18,22,I0-I1:2;I0-I2:2;I0-I3:22;I1-I2:15;I1-I5:4;I1-I7:12;I2-I4:15;I3-I4:10;I3-I9:4;I3-I11:6;I4-I9:7;I5-I6:2;I7-I8:2;I7-I10:6;I7-I13:2;I9-I11:5;I10-I12:2;I10-I13:2,41538.000000,62611.437603,21073.437603,7.278890,17.451279,10.172389,5.408705,8.0,3.5,4.0,6.0,10.0,20.0,16.0,48.0,80.0,200.0,False,False,0.002,0.005,0.1,0.0,0.0,0.0,40000,20000,16,8,69.0,16,105.0,36.0,20.0,2675.000000,62,6,1,True,False,14,physical,6,42,106.186770,0.0
spanke_benes_14x14,default,10-4-8-7-1-9-2-6-5-11-3-0-12-13,failed,14,13,1,0,145,21,14,I0-I5:7;I0-I9:8;I1-I2:2;I1-I3:4;I1-I4:3;I1-I6:7;I1-I7:2;I1-I8:8;I1-I10:5;I2-I3:9;I2-I5:10;I3-I5:4;I3-I7:7;I4-I6:14;I4-I10:2;I5-I9:4;I6-I10:6;I7-I8:7;I9-I12:6;I9-I13:2;I12-I13:4,41538.000000,58582.526117,17044.526117,7.016357,14.877914,7.861557,5.548466,8.0,3.5,4.0,6.0,10.0,20.0,16.0,48.0,80.0,200.0,False,False,0.002,0.005,0.1,0.0,0.0,0.0,40000,20000,16,8,69.0,16,105.0,36.0,20.0,2675.000000,118,6,4,True,True,14,physical,7,42,853.033486,0.07142857142857142
spanke_benes_14x14,default,0-1-11-8-13-9-5-3-12-4-2-7-10-6,routed,14,14,0,0,140,20,26,I0-I1:26;I1-I2:2;I1-I3:6;I1-I6:2;I1-I7:6;I1-I10:8;I2-I3:3;I2-I4:2;I2-I5:3;I2-I8:2;I3-I5:6;I3-I6:3;I3-I11:3;I5-I12:2;I6-I7:3;I6-I9:7;I6-I11:4;I6-I13:2;I7-I9:8;I7-I10:7,41538.000000,62219.539364,20681.539364,7.410157,18.705378,11.295221,5.200220,8.0,3.5,4.0,6.0,10.0,20.0,16.0,48.0,80.0,200.0,False,False,0.002,0.005,0.1,0.0,0.0,0.0,40000,20000,16,8,69.0,16,105.0,36.0,20.0,2675.000000,56,6,1,True,False,14,physical,8,42,90.299141,0.0
spanke_benes_14x14,default,10-4-13-1-11-12-0-7-8-2-3-5-6-9,failed,14,13,1,0,120,16,10,I0-I1:7;I0-I2:2;I0-I4:4;I1-I3:9;I1-I7:4;I1-I10:7;I1-I11:6;I3-I9:10;I4-I5:2;I7-I8:4;I7-I11:5;I7-I12:5;I7-I13:2;I8-I13:2;I9-I10:8;I11-I12:4,41538.000000,58850.203070,17312.203070,6.905990,14.859300,7.953310,5.193108,8.0,3.5,4.0,6.0,10.0,20.0,16.0,48.0,80.0,200.0,False,False,0.002,0.005,0.1,0.0,0.0,0.0,40000,20000,16,8,69.0,16,105.0,36.0,20.0,2675.000000,80,6,4,True,True,14,physical,9,42,550.584513,0.07142857142857142
spanke_benes_rect_14x14,default,8-12-7-6-13-11-5-2-9-3-4-0-1-10,routed,14,14,0,0,118,19,8,I0-I1:2;I0-I2:5;I0-I8:4;I1-I4:2;I1-I5:3;I2-I3:5;I2-I5:2;I3-I6:3;I4-I5:3;I5-I13:3;I6-I8:2;I6-I10:3;I7-I9:4;I7-I12:3;I8-I13:8;I9-I10:4;I10-I13:2;I11-I12:2;I12-I13:2,25368.000000,46544.118921,21176.118921,4.378190,10.034827,5.656637,5.004088,8.0,3.5,4.0,6.0,10.0,20.0,16.0,48.0,80.0,200.0,False,False,0.002,0.005,0.1,0.0,0.0,0.0,40000,20000,16,8,69.0,16,105.0,36.0,20.0,1520.000000,35,6,1,True,False,14,physical,0,42,54.251803,0.0
spanke_benes_rect_14x14,default,2-5-7-9-6-11-4-12-8-10-3-1-13-0,routed,14,14,0,0,139,21,10,I0-I1:6;I0-I6:4;I0-I10:2;I0-I11:3;I1-I2:2;I1-I4:8;I1-I6:5;I2-I3:2;I2-I4:7;I2-I8:8;I3-I8:7;I3-I9:8;I4-I5:2;I5-I7:8;I5-I9:7;I6-I7:2;I6-I10:3;I7-I12:10;I8-I9:2;I9-I12:2;I10-I12:2,25368.000000,47037.172060,21669.172060,4.314190,10.561838,6.247648,5.352382,8.0,3.5,4.0,6.0,10.0,20.0,16.0,48.0,80.0,200.0,False,False,0.002,0.005,0.1,0.0,0.0,0.0,40000,20000,16,8,69.0,16,105.0,36.0,20.0,1520.000000,52,6,1,True,False,14,physical,1,42,67.793785,0.0
spanke_benes_rect_14x14,default,7-8-3-11-10-13-1-12-5-6-2-0-4-9,routed,14,14,0,0,128,23,8,I0-I1:8;I0-I2:3;I0-I9:3;I1-I4:2;I1-I13:4;I2-I3:2;I2-I6:3;I2-I8:2;I2-I10:3;I2-I12:4;I3-I4:5;I3-I7:6;I4-I5:2;I4-I13:5;I5-I7:5;I6-I7:2;I6-I10:4;I6-I11:3;I8-I9:6;I8-I12:3;I9-I13:2;I10-I12:2;I12-I13:4,25368.000000,46825.375583,21457.375583,4.339524,10.135625,5.796101,5.174268,8.0,3.5,4.0,6.0,10.0,20.0,16.0,48.0,80.0,200.0,False,False,0.002,0.005,0.1,0.0,0.0,0.0,40000,20000,16,8,69.0,16,105.0,36.0,20.0,1520.000000,45,6,1,True,False,14,physical,2,42,63.825830,0.0
spanke_benes_rect_14x14,default,6-13-2-11-3-8-10-7-0-4-9-12-5-1,routed,14,14,0,0,130,21,8,I0-I1:2;I0-I4:3;I0-I7:6;I0-I12:5;I2-I3:2;I2-I4:8;I2-I8:3;I2-I13:3;I3-I6:3;I3-I11:4;I4-I5:2;I4-I9:6;I5-I7:7;I5-I10:6;I6-I10:7;I6-I11:4;I8-I9:2;I8-I13:2;I9-I10:2;I9-I12:4;I10-I11:4,25368.000000,46804.397711,21436.397711,4.365523,10.179336,5.813813,5.197343,8.0,3.5,4.0,6.0,10.0,20.0,16.0,48.0,80.0,200.0,False,False,0.002,0.005,0.1,0.0,0.0,0.0,40000,20000,16,8,69.0,16,105.0,36.0,20.0,1520.000000,48,6,1,True,False,14,physical,3,42,64.192479,0.0
spanke_benes_rect_14x14,default,4-8-6-2-7-12-0-1-3-11-5-9-10-13,routed,14,14,0,0,152,24,12,I0-I1:2;I0-I2:2;I0-I3:3;I0-I8:7;I0-I10:6;I1-I4:7;I1-I11:6;I2-I4:8;I2-I10:7;I3-I7:7;I3-I8:6;I4-I5:2;I4-I11:2;I5-I9:7;I5-I13:8;I6-I7:8;I7-I8:2;I8-I9:2;I8-I10:2;I9-I12:9;I9-I13:4;I10-I11:4;I11-I12:12;I12-I13:4,25368.000000,47757.698630,22389.698630,4.300858,11.021495,6.720637,5.629957,8.0,3.5,4.0,6.0,10.0,20.0,16.0,48.0,80.0,200.0,False,False,0.002,0.005,0.1,0.0,0.0,0.0,40000,20000,16,8,69.0,16,105.0,36.0,20.0,1520.000000,69,6,1,True,False,14,physical,4,42,96.975104,0.0
spanke_benes_rect_14x14,default,10-0-3-8-12-11-9-2-5-7-4-6-1-13,routed,14,14,0,0,137,24,8,I0-I5:4;I0-I6:5;I1-I2:4;I1-I7:6;I1-I12:2;I2-I3:4;I2-I7:7;I2-I8:2;I2-I10:6;I3-I5:2;I3-I6:4;I3-I9:5;I4-I5:7;I4-I13:8;I6-I13:2;I7-I12:3;I8-I9:2;I8-I10:5;I8-I11:6;I9-I11:5;I9-I13:2;I10-I11:2;I11-I13:2;I12-I13:2,25368.000000,47065.902152,21697.902152,4.326857,10.186209,5.859352,5.326129,8.0,3.5,4.0,6.0,10.0,20.0,16.0,48.0,80.0,200.0,False,False,0.002,0.005,0.1,0.0,0.0,0.0,40000,20000,16,8,69.0,16,105.0,36.0,20.0,1520.000000,53,6,1,True,False,14,physical,5,42,76.542924,0.0
spanke_benes_rect_14x14,default,0-6-5-1-4-12-13-7-11-3-8-2-10-9,routed,14,14,0,0,149,18,12,I0-I1:2;I0-I3:12;I1-I2:9;I1-I7:8;I2-I4:9;I2-I7:2;I3-I4:4;I3-I9:2;I3-I11:6;I4-I5:2;I4-I9:7;I5-I6:8;I5-I8:7;I7-I10:10;I8-I12:7;I9-I11:5;I10-I13:10;I12-I13:11,25368.000000,47170.472978,21802.472978,4.339524,10.563584,6.224060,5.496425,8.0,3.5,4.0,6.0,10.0,20.0,16.0,48.0,80.0,200.0,False,False,0.002,0.005,0.1,0.0,0.0,0.0,40000,20000,16,8,69.0,16,105.0,36.0,20.0,1520.000000,63,6,1,True,False,14,physical,6,42,89.628077,0.0
spanke_benes_rect_14x14,default,10-4-8-7-1-9-2-6-5-11-3-0-12-13,routed,14,14,0,0,148,21,18,I0-I5:5;I0-I9:6;I1-I3:2;I1-I6:3;I1-I8:6;I1-I10:5;I2-I3:7;I2-I5:6;I3-I7:5;I4-I5:2;I4-I6:8;I4-I11:3;I5-I9:6;I6-I7:2;I6-I10:4;I7-I8:7;I7-I9:2;I8-I9:2;I9-I12:12;I10-I12:2;I12-I13:18,25368.000000,47467.464097,22099.464097,4.326857,11.143132,6.816274,5.541709,8.0,3.5,4.0,6.0,10.0,20.0,16.0,48.0,80.0,200.0,False,False,0.002,0.005,0.1,0.0,0.0,0.0,40000,20000,16,8,69.0,16,105.0,36.0,20.0,1520.000000,58,6,1,True,False,14,physical,7,42,75.519281,0.0
spanke_benes_rect_14x14,default,0-1-11-8-13-9-5-3-12-4-2-7-10-6,routed,14,14,0,0,140,18,14,I0-I1:14;I1-I3:4;I1-I7:4;I1-I10:6;I2-I8:6;I2-I12:5;I3-I5:6;I3-I11:5;I4-I8:5;I5-I12:6;I6-I9:7;I6-I13:8;I7-I9:8;I7-I10:5;I8-I12:3;I10-I11:2;I11-I12:4;I11-I13:7,25368.000000,47133.800391,21765.800391,4.300858,10.436678,6.135820,5.374043,8.0,3.5,4.0,6.0,10.0,20.0,16.0,48.0,80.0,200.0,False,False,0.002,0.005,0.1,0.0,0.0,0.0,40000,20000,16,8,69.0,16,105.0,36.0,20.0,1520.000000,60,6,1,True,False,14,physical,8,42,88.482766,0.0
spanke_benes_rect_14x14,default,10-4-13-1-11-12-0-7-8-2-3-5-6-9,routed,14,14,0,0,132,18,8,I0-I1:3;I0-I4:4;I0-I13:3;I1-I3:3;I1-I10:7;I1-I11:6;I2-I5:3;I3-I6:7;I3-I9:8;I4-I5:6;I6-I7:2;I7-I8:6;I7-I12:5;I8-I13:6;I9-I10:6;I10-I11:2;I11-I12:8;I12-I13:4,25368.000000,47118.543730,21750.543730,4.326857,10.111755,5.784898,5.270435,8.0,3.5,4.0,6.0,10.0,20.0,16.0,48.0,80.0,200.0,False,False,0.002,0.005,0.1,0.0,0.0,0.0,40000,20000,16,8,69.0,16,105.0,36.0,20.0,1520.000000,71,6,3,True,False,14,physical,9,42,293.733682,0.0
padded_benes_16x16,default,8-13-7-6-14-12-5-2-9-3-4-11-0-1-10,failed,15,9,6,0,116,27,13,I0-I5:2;I0-I6:3;I0-I7:3;I0-I8:6;I0-I11:6;I3-I5:4;I3-I6:3;I3-I7:3;I3-I8:2;I3-I11:2;I5-I6:5;I5-I7:5;I5-I8:3;I5-I11:3;I6-I7:13;I6-I8:4;I6-I11:2;I7-I8:2;I7-I11:2;I7-I12:3;I7-I13:3;I8-I11:4;I8-I12:3;I8-I13:3;I11-I12:3;I11-I13:3;I12-I13:12,18671.000000,21337.353756,2666.353756,6.706763,9.232078,2.525315,1.940523,8.0,3.5,4.0,6.0,10.0,20.0,16.0,48.0,80.0,200.0,False,False,0.002,0.005,0.1,0.0,0.0,0.0,40000,20000,16,8,69.0,16,105.0,36.0,20.0,785.000000,469,6,5,True,True,15,physical,0,42,1231.775360,0.4
padded_benes_16x16,default,2-12-9-7-4-6-5-10-13-8-11-3-1-14-0,failed,15,10,5,0,174,37,10,I1-I2:7;I1-I4:3;I1-I5:5;I1-I7:7;I1-I9:3;I1-I10:5;I1-I12:3;I2-I4:3;I2-I5:3;I2-I7:6;I2-I9:5;I2-I10:6;I2-I12:3;I2-I14:3;I4-I5:10;I4-I7:6;I4-I9:2;I4-I10:4;I4-I12:5;I4-I14:5;I5-I7:2;I5-I9:2;I5-I10:4;I5-I11:3;I5-I12:3;I5-I14:3;I7-I9:3;I7-I10:6;I9-I10:4;I9-I11:5;I9-I12:3;I10-I11:7;I10-I12:5;I10-I14:5;I11-I12:5;I11-I14:3;I12-I14:9,18671.000000,25277.650158,6606.650158,6.455430,10.782621,4.327191,3.226230,8.0,3.5,4.0,6.0,10.0,20.0,16.0,48.0,80.0,200.0,False,False,0.002,0.005,0.1,0.0,0.0,0.0,40000,20000,16,8,69.0,16,105.0,36.0,20.0,785.000000,412,6,5,True,True,15,physical,1,42,1687.039629,0.3333333333333333
padded_benes_16x16,default,7-8-3-11-10-14-1-13-5-6-2-0-12-4-9,failed,15,11,4,0,214,44,10,I0-I3:4;I0-I4:2;I0-I5:2;I0-I7:2;I0-I8:9;I0-I9:7;I0-I11:3;I3-I4:9;I3-I5:8;I3-I6:3;I3-I7:4;I3-I10:5;I3-I11:5;I3-I12:2;I4-I5:8;I4-I6:7;I4-I7:8;I4-I11:3;I4-I12:2;I5-I6:7;I5-I7:9;I5-I8:3;I5-I9:3;I5-I10:5;I5-I11:3;I5-I12:5;I6-I7:6;I6-I8:2;I6-I9:2;I6-I10:4;I6-I11:3;I6-I12:2;I7-I8:3;I7-I12:7;I8-I9:10;I8-I10:3;I8-I11:5;I8-I12:2;I9-I10:7;I9-I11:3;I9-I12:4;I10-I11:7;I10-I12:4;I11-I12:2,18551.000000,28274.021827,9723.021827,6.322763,12.087329,5.764566,3.853368,8.0,3.5,4.0,6.0,10.0,20.0,16.0,48.0,80.0,200.0,False,False,0.002,0.005,0.1,0.0,0.0,0.0,40000,20000,16,8,69.0,16,105.0,36.0,20.0,785.000000,439,6,5,True,True,15,physical,2,42,1572.508312,0.26666666666666666
padded_benes_16x16,default,12-8-6-2-10-11-3-14-7-0-4-9-13-5-1,failed,15,10,5,0,184,40,10,I2-I4:4;I2-I6:3;I2-I8:4;I2-I10:7;I2-I11:2;I2-I13:5;I4-I6:3;I4-I9:3;I4-I10:5;I4-I11:3;I4-I12:6;I4-I14:5;I6-I8:2;I6-I9:3;I6-I10:2;I6-I11:2;I6-I12:2;I6-I13:2;I6-I14:3;I8-I9:3;I8-I10:5;I8-I11:4;I8-I12:2;I8-I13:7;I8-I14:3;I9-I10:4;I9-I11:4;I9-I12:2;I9-I13:6;I9-I14:6;I10-I11:6;I10-I12:4;I10-I13:10;I10-I14:7;I11-I12:4;I11-I13:5;I11-I14:9;I12-I13:5;I12-I14:9;I13-I14:9,18551.000000,25671.694415,7120.694415,6.850763,11.918243,5.067480,3.417239,8.0,3.5,4.0,6.0,10.0,20.0,16.0,48.0,80.0,200.0,False,False,0.002,0.005,0.1,0.0,0.0,0.0,40000,20000,16,8,69.0,16,105.0,36.0,20.0,785.000000,443,6,5,True,True,15,physical,3,42,1622.744962,0.3333333333333333
padded_benes_16x16,default,8-2-5-14-10-7-6-12-4-13-0-1-11-3-9,failed,15,9,6,0,117,31,9,I1-I2:4;I1-I3:2;I1-I4:2;I1-I6:4;I1-I8:2;I1-I12:2;I2-I3:4;I2-I4:4;I2-I6:4;I2-I8:3;I2-I9:2;I2-I11:3;I2-I12:2;I3-I4:5;I3-I6:3;I3-I9:3;I4-I6:3;I4-I8:3;I4-I9:4;I4-I11:3;I4-I12:6;I6-I8:3;I6-I9:2;I6-I11:3;I6-I12:2;I8-I9:6;I8-I11:9;I8-I12:2;I9-I11:7;I9-I12:5;I11-I12:6,18527.000000,21199.544031,2672.544031,6.422763,9.307789,2.885026,2.065121,8.0,3.5,4.0,6.0,10.0,20.0,16.0,48.0,80.0,200.0,False,False,0.002,0.005,0.1,0.0,0.0,0.0,40000,20000,16,8,69.0,16,105.0,36.0,20.0,785.000000,349,6,4,True,True,15,physical,4,42,1132.708247,0.4
padded_benes_16x16,default,8-7-11-1-0-6-9-4-3-14-12-2-5-13-10,failed,15,11,4,0,196,45,13,I0-I1:3;I0-I2:6;I0-I4:3;I0-I5:5;I0-I9:4;I0-I10:4;I0-I12:3;I0-I13:6;I1-I2:2;I1-I4:3;I1-I5:7;I2-I4:3;I2-I5:5;I2-I7:3;I2-I9:2;I2-I10:2;I2-I13:2;I4-I5:10;I4-I7:8;I4-I8:6;I4-I9:2;I4-I10:2;I4-I12:2;I4-I13:4;I5-I7:7;I5-I8:5;I5-I9:2;I5-I10:2;I5-I12:3;I5-I13:4;I7-I8:3;I7-I9:2;I7-I10:2;I7-I12:4;I7-I13:4;I8-I9:8;I8-I10:4;I8-I12:4;I8-I13:2;I9-I10:7;I9-I12:5;I9-I13:13;I10-I12:3;I10-I13:4;I12-I13:4,18455.000000,26674.592654,8219.592654,6.517429,11.119748,4.602320,3.209380,8.0,3.5,4.0,6.0,10.0,20.0,16.0,48.0,80.0,200.0,False,False,0.002,0.005,0.1,0.0,0.0,0.0,40000,20000,16,8,69.0,16,105.0,36.0,20.0,785.000000,418,6,7,True,False,15,physical,5,42,1644.113552,0.26666666666666666
padded_benes_16x16,default,9-14-11-13-1-0-12-5-3-8-10-4-6-7-2,failed,15,9,6,0,121,29,11,I1-I3:7;I1-I4:5;I1-I5:3;I1-I7:3;I1-I8:3;I1-I9:3;I1-I10:3;I3-I4:7;I3-I5:3;I3-I7:7;I3-I8:3;I3-I10:3;I4-I5:11;I4-I7:4;I4-I8:2;I4-I9:2;I4-I10:2;I4-I14:4;I5-I7:8;I5-I8:2;I5-I9:2;I5-I14:4;I7-I9:2;I7-I10:2;I7-I14:5;I8-I9:2;I8-I14:5;I9-I10:6;I10-I14:3,18767.000000,22205.601535,3438.601535,6.527430,9.362202,2.834772,2.433911,8.0,3.5,4.0,6.0,10.0,20.0,16.0,48.0,80.0,200.0,False,False,0.002,0.005,0.1,0.0,0.0,0.0,40000,20000,16,8,69.0,16,105.0,36.0,20.0,785.000000,323,6,4,True,True,15,physical,6,42,1120.277066,0.4
padded_benes_16x16,default,14-8-0-2-13-11-10-6-7-12-5-9-3-1-4,failed,15,9,6,0,119,29,11,I1-I3:3;I1-I4:4;I1-I5:4;I1-I7:3;I1-I11:6;I3-I4:2;I3-I5:2;I3-I7:4;I3-I8:2;I3-I10:2;I3-I11:2;I3-I13:3;I4-I5:11;I4-I7:3;I4-I10:3;I4-I11:5;I4-I13:3;I5-I7:3;I5-I11:3;I7-I8:6;I7-I10:3;I7-I11:2;I7-I13:3;I8-I10:9;I8-I11:4;I8-I13:3;I10-I11:6;I10-I13:5;I11-I13:3,18551.000000,22228.667921,3677.667921,6.850763,9.467122,2.616359,2.306926,8.0,3.5,4.0,6.0,10.0,20.0,16.0,48.0,80.0,200.0,False,False,0.002,0.005,0.1,0.0,0.0,0.0,40000,20000,16,8,69.0,16,105.0,36.0,20.0,785.000000,347,6,4,True,True,15,physical,7,42,1080.073539,0.4
padded_benes_16x16,default,7-2-0-3-14-12-1-5-10-6-9-4-13-8-11,failed,15,9,6,0,118,29,9,I0-I1:5;I0-I2:3;I0-I3:3;I0-I7:3;I0-I9:5;I0-I13:4;I1-I2:3;I1-I3:6;I1-I9:2;I1-I13:2;I2-I3:6;I2-I7:6;I2-I9:2;I2-I10:2;I2-I13:4;I3-I7:4;I3-I9:2;I3-I10:2;I3-I13:2;I7-I9:4;I7-I10:2;I7-I12:2;I7-I13:4;I9-I10:6;I9-I12:4;I9-I13:6;I10-I12:8;I10-I13:9;I12-I13:7,18671.000000,20990.274123,2319.274123,6.463430,9.611830,3.148400,2.365616,8.0,3.5,4.0,6.0,10.0,20.0,16.0,48.0,80.0,200.0,False,False,0.002,0.005,0.1,0.0,0.0,0.0,40000,20000,16,8,69.0,16,105.0,36.0,20.0,785.000000,401,6,5,True,True,15,physical,8,42,1635.335747,0.4
padded_benes_16x16,default,8-0-5-11-7-4-3-9-14-6-12-10-2-1-13,failed,15,11,4,0,200,42,9,I2-I3:6;I2-I4:6;I2-I6:3;I2-I7:2;I2-I9:2;I2-I11:2;I2-I12:3;I3-I4:3;I3-I6:3;I3-I7:7;I3-I8:2;I3-I10:2;I3-I11:7;I4-I6:7;I4-I7:6;I4-I8:2;I4-I9:7;I4-I11:6;I4-I12:3;I4-I13:3;I6-I7:6;I6-I8:2;I6-I9:6;I6-I10:2;I6-I11:4;I6-I12:5;I6-I13:3;I7-I8:4;I7-I10:2;I7-I11:6;I8-I9:9;I8-I10:9;I8-I11:7;I8-I12:3;I9-I10:6;I9-I11:8;I9-I12:5;I9-I13:3;I10-I11:7;I10-I12:3;I11-I12:5;I11-I13:3,18455.000000,28100.504139,9645.504139,6.668097,12.237831,5.569734,3.463910,8.0,3.5,4.0,6.0,10.0,20.0,16.0,48.0,80.0,200.0,False,False,0.002,0.005,0.1,0.0,0.0,0.0,40000,20000,16,8,69.0,16,105.0,36.0,20.0,785.000000,494,6,7,True,False,15,physical,9,42,1956.751775,0.26666666666666666
waksman_15x15,default,8-13-7-6-14-12-5-2-9-3-4-11-0-1-10,failed,15,8,7,0,68,18,7,I0-I5:2;I0-I8:4;I0-I11:4;I3-I5:2;I3-I6:3;I3-I8:2;I3-I11:2;I5-I6:3;I5-I8:3;I5-I11:3;I6-I8:2;I6-I13:3;I8-I9:7;I8-I11:4;I8-I13:3;I9-I11:2;I9-I13:7;I11-I13:3,17323.000000,17434.035225,111.035225,6.086763,7.704451,1.617689,1.217009,8.0,3.5,4.0,6.0,10.0,20.0,16.0,48.0,80.0,200.0,False,False,0.002,0.005,0.1,0.0,0.0,0.0,40000,20000,16,8,69.0,16,105.0,36.0,20.0,785.000000,483,6,7,True,True,15,physical,0,42,2119.914605,0.4666666666666667
waksman_15x15,default,2-12-9-7-4-6-5-10-13-8-11-3-1-14-0,failed,15,8,7,0,78,18,7,I1-I5:5;I1-I13:4;I4-I5:4;I4-I7:4;I4-I9:2;I4-I10:2;I5-I7:4;I5-I9:2;I5-I10:2;I5-I12:3;I7-I9:7;I7-I10:6;I9-I10:4;I9-I12:5;I9-I13:4;I10-I12:5;I10-I13:2;I12-I13:6,17323.000000,16789.977721,-533.022279,6.699430,7.830115,1.130685,1.269619,8.0,3.5,4.0,6.0,10.0,20.0,16.0,48.0,80.0,200.0,False,False,0.002,0.005,0.1,0.0,0.0,0.0,40000,20000,16,8,69.0,16,105.0,36.0,20.0,785.000000,315,6,4,True,True,15,physical,1,42,1045.644081,0.4666666666666667
waksman_15x15,default,7-8-3-11-10-14-1-13-5-6-2-0-12-4-9,failed,15,9,6,0,109,27,7,I1-I2:5;I1-I3:4;I1-I4:4;I1-I7:4;I1-I12:4;I1-I14:2;I2-I3:6;I2-I4:2;I2-I7:4;I2-I9:2;I2-I11:7;I2-I12:2;I2-I14:2;I3-I4:3;I3-I7:6;I3-I12:4;I3-I14:3;I4-I7:2;I4-I12:2;I4-I14:3;I7-I12:3;I9-I11:7;I9-I12:4;I9-I14:6;I11-I12:2;I11-I14:2;I12-I14:5,17323.000000,19751.048472,2428.048472,6.358763,8.843779,2.485016,2.270344,8.0,3.5,4.0,6.0,10.0,20.0,16.0,48.0,80.0,200.0,False,False,0.002,0.005,0.1,0.0,0.0,0.0,40000,20000,16,8,69.0,16,105.0,36.0,20.0,785.000000,511,6,7,True,True,15,physical,2,42,2358.262280,0.4
waksman_15x15,default,12-8-6-2-10-11-3-14-7-0-4-9-13-5-1,failed,15,10,5,0,139,33,10,I3-I4:2;I3-I6:6;I3-I7:2;I3-I9:3;I3-I10:2;I3-I11:2;I3-I13:2;I4-I5:10;I4-I6:3;I4-I7:4;I4-I11:3;I5-I6:3;I5-I7:6;I5-I11:3;I5-I12:4;I6-I7:4;I6-I9:3;I6-I10:2;I6-I11:2;I6-I12:2;I6-I13:4;I7-I11:3;I7-I13:3;I9-I10:8;I9-I11:8;I9-I12:4;I9-I13:8;I10-I11:6;I10-I12:2;I10-I13:6;I11-I12:2;I11-I13:3;I12-I13:5,17323.000000,22360.061719,5037.061719,6.618096,9.441995,2.823899,2.362212,8.0,3.5,4.0,6.0,10.0,20.0,16.0,48.0,80.0,200.0,False,False,0.002,0.005,0.1,0.0,0.0,0.0,40000,20000,16,8,69.0,16,105.0,36.0,20.0,785.000000,353,6,5,True,True,15,physical,3,42,1264.185912,0.3333333333333333
waksman_15x15,default,8-2-5-14-10-7-6-12-4-13-0-1-11-3-9,failed,15,9,6,0,86,22,8,I1-I2:2;I1-I3:2;I1-I8:2;I2-I3:4;I2-I4:2;I2-I5:8;I2-I8:3;I2-I11:3;I2-I14:2;I3-I4:3;I3-I9:3;I4-I5:5;I4-I9:2;I4-I14:3;I5-I8:3;I5-I11:3;I5-I14:2;I8-I9:6;I8-I11:5;I8-I14:6;I9-I11:3;I11-I14:6,17323.000000,18519.575041,1196.575041,6.646096,7.751991,1.105895,1.527017,8.0,3.5,4.0,6.0,10.0,20.0,16.0,48.0,80.0,200.0,False,False,0.002,0.005,0.1,0.0,0.0,0.0,40000,20000,16,8,69.0,16,105.0,36.0,20.0,785.000000,491,6,7,True,True,15,physical,4,42,2466.070619,0.4
waksman_15x15,default,8-7-11-1-0-6-9-4-3-14-12-2-5-13-10,failed,15,9,6,0,119,33,10,I0-I2:2;I0-I4:3;I0-I5:5;I0-I6:4;I0-I10:2;I0-I13:2;I0-I14:6;I2-I4:3;I2-I5:3;I2-I6:5;I2-I10:4;I2-I13:2;I2-I14:5;I4-I5:10;I4-I6:4;I4-I10:2;I4-I12:2;I4-I13:2;I4-I14:2;I5-I6:2;I5-I10:4;I5-I12:3;I5-I13:2;I5-I14:2;I6-I10:4;I6-I13:4;I6-I14:2;I10-I12:5;I10-I13:4;I10-I14:3;I12-I13:4;I12-I14:6;I13-I14:3,17323.000000,19322.990968,1999.990968,6.714763,8.227500,1.512738,2.154442,8.0,3.5,4.0,6.0,10.0,20.0,16.0,48.0,80.0,200.0,False,False,0.002,0.005,0.1,0.0,0.0,0.0,40000,20000,16,8,69.0,16,105.0,36.0,20.0,785.000000,397,6,5,True,True,15,physical,5,42,1261.100464,0.4
waksman_15x15,default,9-14-11-13-1-0-12-5-3-8-10-4-6-7-2,failed,15,9,6,0,113,25,9,I0-I3:2;I0-I9:3;I0-I10:6;I3-I7:3;I5-I7:6;I5-I9:4;I5-I10:2;I5-I11:2;I5-I13:2;I5-I14:2;I7-I9:4;I7-I10:2;I7-I11:9;I7-I13:6;I7-I14:3;I9-I10:2;I9-I11:3;I9-I13:3;I9-I14:5;I10-I11:5;I10-I13:3;I10-I14:5;I11-I13:6;I11-I14:5;I13-I14:9,17323.000000,20040.318380,2717.318380,6.105129,9.847697,3.742567,2.031182,8.0,3.5,4.0,6.0,10.0,20.0,16.0,48.0,80.0,200.0,False,False,0.002,0.005,0.1,0.0,0.0,0.0,40000,20000,16,8,69.0,16,105.0,36.0,20.0,785.000000,395,6,6,True,True,15,physical,6,42,1726.242960,0.4
waksman_15x15,default,14-8-0-2-13-11-10-6-7-12-5-9-3-1-4,failed,15,11,4,0,164,36,9,I2-I3:6;I2-I7:4;I2-I11:2;I2-I12:2;I2-I13:2;I2-I14:2;I3-I5:2;I3-I6:4;I3-I7:4;I3-I10:2;I3-I11:6;I3-I12:4;I3-I13:3;I3-I14:2;I5-I6:9;I5-I7:5;I5-I9:4;I6-I7:7;I6-I9:4;I6-I11:5;I7-I9:2;I7-I10:5;I7-I11:4;I7-I12:3;I7-I13:3;I7-I14:5;I9-I10:3;I9-I12:3;I9-I13:3;I9-I14:3;I10-I11:4;I10-I14:7;I11-I14:3;I12-I13:7;I12-I14:8;I13-I14:8,17323.000000,24330.198856,7007.198856,6.658763,10.559577,3.900814,2.585036,8.0,3.5,4.0,6.0,10.0,20.0,16.0,48.0,80.0,200.0,False,False,0.002,0.005,0.1,0.0,0.0,0.0,40000,20000,16,8,69.0,16,105.0,36.0,20.0,785.000000,355,6,7,True,False,15,physical,7,42,1856.946076,0.26666666666666666
waksman_15x15,default,7-2-0-3-14-12-1-5-10-6-9-4-13-8-11,failed,15,10,5,0,146,37,8,I0-I3:5;I0-I5:2;I0-I6:7;I0-I7:5;I0-I8:2;I0-I9:5;I0-I14:2;I1-I3:2;I1-I5:2;I1-I6:3;I1-I7:4;I1-I8:2;I1-I9:2;I1-I14:2;I3-I5:2;I3-I6:5;I3-I7:6;I3-I8:2;I3-I9:2;I3-I14:4;I5-I6:7;I5-I7:7;I5-I12:4;I6-I7:8;I6-I8:2;I6-I9:4;I6-I14:2;I7-I8:2;I7-I9:6;I7-I12:2;I7-I14:2;I8-I9:7;I8-I12:2;I8-I14:8;I9-I12:2;I9-I14:6;I12-I14:5,17323.000000,22130.791811,4807.791811,6.750763,9.422833,2.672071,2.674258,8.0,3.5,4.0,6.0,10.0,20.0,16.0,48.0,80.0,200.0,False,False,0.002,0.005,0.1,0.0,0.0,0.0,40000,20000,16,8,69.0,16,105.0,36.0,20.0,785.000000,486,6,7,True,True,15,physical,8,42,1829.470397,0.3333333333333333
waksman_15x15,default,8-0-5-11-7-4-3-9-14-6-12-10-2-1-13,failed,15,8,7,0,74,18,9,I1-I2:4;I1-I3:2;I1-I7:2;I1-I9:2;I1-I12:4;I1-I14:2;I2-I3:2;I3-I7:9;I3-I10:2;I3-I14:6;I7-I10:2;I7-I14:6;I9-I10:4;I9-I12:3;I9-I14:4;I10-I12:5;I10-I14:4;I12-I14:6,17323.000000,16676.136986,-646.863014,6.868097,7.409522,0.541425,1.620159,8.0,3.5,4.0,6.0,10.0,20.0,16.0,48.0,80.0,200.0,False,False,0.002,0.005,0.1,0.0,0.0,0.0,40000,20000,16,8,69.0,16,105.0,36.0,20.0,785.000000,377,6,5,True,True,15,physical,9,42,1471.142690,0.4666666666666667
spanke_benes_15x15,default,8-13-7-6-14-12-5-2-9-3-4-11-0-1-10,routed,15,15,0,0,140,15,11,I0-I1:4;I0-I2:11;I0-I5:2;I0-I8:6;I1-I4:2;I2-I3:11;I3-I6:7;I6-I7:3;I6-I10:5;I7-I9:8;I7-I13:3;I8-I11:2;I8-I14:2;I9-I10:6;I12-I13:4,48071.000000,71814.021526,23743.021526,7.406356,15.405076,7.998720,5.331403,8.0,3.5,4.0,6.0,10.0,20.0,16.0,48.0,80.0,200.0,False,False,0.002,0.005,0.1,0.0,0.0,0.0,40000,20000,16,8,69.0,16,105.0,36.0,20.0,2885.000000,43,6,1,True,False,15,physical,0,42,97.201975,0.0
spanke_benes_15x15,default,2-12-9-7-4-6-5-10-13-8-11-3-1-14-0,routed,15,15,0,0,154,20,14,I0-I1:2;I0-I2:2;I0-I3:2;I0-I4:14;I0-I11:4;I0-I12:3;I1-I7:3;I1-I8:4;I1-I10:3;I2-I3:5;I2-I7:8;I2-I9:5;I3-I5:11;I3-I9:6;I4-I5:2;I4-I6:12;I4-I11:3;I5-I6:11;I7-I10:4;I8-I13:2,48071.000000,71928.680866,23857.680866,7.606289,16.361263,8.754973,5.509024,8.0,3.5,4.0,6.0,10.0,20.0,16.0,48.0,80.0,200.0,False,False,0.002,0.005,0.1,0.0,0.0,0.0,40000,20000,16,8,69.0,16,105.0,36.0,20.0,2885.000000,53,6,1,True,False,15,physical,1,42,96.059959,0.0
spanke_benes_15x15,default,7-8-3-11-10-14-1-13-5-6-2-0-12-4-9,routed,15,15,0,0,152,18,14,I0-I1:14;I0-I2:9;I0-I9:5;I1-I3:2;I1-I4:8;I1-I14:2;I2-I6:7;I2-I8:6;I2-I10:7;I2-I13:4;I3-I4:7;I3-I5:2;I3-I7:2;I3-I12:2;I6-I10:8;I6-I11:7;I8-I9:6;I8-I13:3,48071.000000,72294.256058,24223.256058,7.540656,16.214001,8.673345,5.545767,8.0,3.5,4.0,6.0,10.0,20.0,16.0,48.0,80.0,200.0,False,False,0.002,0.005,0.1,0.0,0.0,0.0,40000,20000,16,8,69.0,16,105.0,36.0,20.0,2885.000000,58,6,1,True,False,15,physical,2,42,127.539403,0.0
spanke_benes_15x15,default,12-8-6-2-10-11-3-14-7-0-4-9-13-5-1,routed,15,15,0,0,149,18,14,I0-I5:5;I0-I7:2;I0-I12:2;I1-I2:7;I1-I4:6;I1-I8:5;I1-I11:4;I2-I3:5;I2-I6:5;I2-I8:6;I2-I10:5;I3-I6:14;I3-I9:9;I4-I5:6;I4-I11:3;I6-I10:8;I9-I14:2;I10-I13:2,48071.000000,72125.716242,24054.716242,7.540656,15.986213,8.445557,5.479962,8.0,3.5,4.0,6.0,10.0,20.0,16.0,48.0,80.0,200.0,False,False,0.002,0.005,0.1,0.0,0.0,0.0,40000,20000,16,8,69.0,16,105.0,36.0,20.0,2885.000000,54,6,1,True,False,15,physical,3,42,106.520419,0.0
spanke_benes_15x15,default,8-2-5-14-10-7-6-12-4-13-0-1-11-3-9,routed,15,15,0,0,153,18,12,I0-I2:5;I0-I3:2;I0-I4:8;I0-I5:9;I0-I14:2;I1-I2:12;I1-I8:6;I1-I11:7;I1-I13:4;I2-I5:2;I2-I6:10;I2-I8:7;I4-I7:4;I4-I12:2;I5-I6:9;I7-I9:2;I8-I13:3;I10-I11:8,48071.000000,72058.490591,23987.490591,7.671923,17.136312,9.464389,5.517999,8.0,3.5,4.0,6.0,10.0,20.0,16.0,48.0,80.0,200.0,False,False,0.002,0.005,0.1,0.0,0.0,0.0,40000,20000,16,8,69.0,16,105.0,36.0,20.0,2885.000000,57,6,1,True,False,15,physical,4,42,120.619993,0.0
spanke_benes_15x15,default,8-7-11-1-0-6-9-4-3-14-12-2-5-13-10,routed,15,15,0,0,181,23,21,I0-I1:13;I0-I2:2;I0-I5:7;I0-I6:10;I0-I8:3;I0-I14:4;I1-I5:11;I2-I6:7;I2-I9:2;I2-I10:4;I3-I4:21;I3-I5:4;I3-I7:2;I3-I8:6;I3-I11:8;I4-I11:2;I5-I7:5;I5-I12:5;I6-I14:4;I7-I8:11;I7-I12:6;I8-I11:7;I10-I13:2,48071.000000,74106.503838,26035.503838,7.734522,19.115068,11.380546,6.178067,8.0,3.5,4.0,6.0,10.0,20.0,16.0,48.0,80.0,200.0,False,False,0.002,0.005,0.1,0.0,0.0,0.0,40000,20000,16,8,69.0,16,105.0,36.0,20.0,2885.000000,130,6,3,True,False,15,physical,5,42,402.547780,0.0
spanke_benes_15x15,default,9-14-11-13-1-0-12-5-3-8-10-4-6-7-2,routed,15,15,0,0,145,18,19,I0-I1:2;I0-I2:6;I0-I4:3;I0-I9:3;I0-I10:2;I2-I3:2;I2-I6:2;I4-I5:19;I4-I7:2;I4-I8:12;I4-I14:2;I5-I14:2;I7-I8:5;I7-I9:4;I7-I11:5;I7-I12:4;I8-I11:6;I12-I13:2,48071.000000,72328.167544,24257.167544,7.668889,17.245278,9.576389,5.466289,8.0,3.5,4.0,6.0,10.0,20.0,16.0,48.0,80.0,200.0,False,False,0.002,0.005,0.1,0.0,0.0,0.0,40000,20000,16,8,69.0,16,105.0,36.0,20.0,2885.000000,50,6,1,True,False,15,physical,6,42,97.111811,0.0
spanke_benes_15x15,default,14-8-0-2-13-11-10-6-7-12-5-9-3-1-4,routed,15,15,0,0,144,18,20,I1-I3:7;I1-I4:2;I1-I5:2;I1-I6:4;I1-I8:5;I1-I11:2;I2-I3:20;I2-I13:4;I3-I7:6;I3-I10:4;I3-I12:4;I3-I13:3;I3-I14:2;I5-I6:3;I5-I9:2;I7-I8:6;I7-I10:3;I12-I14:2,48071.000000,71848.357820,23777.357820,7.803189,18.526410,10.723221,5.383981,8.0,3.5,4.0,6.0,10.0,20.0,16.0,48.0,80.0,200.0,False,False,0.002,0.005,0.1,0.0,0.0,0.0,40000,20000,16,8,69.0,16,105.0,36.0,20.0,2885.000000,43,6,1,True,False,15,physical,7,42,79.639435,0.0
spanke_benes_15x15,default,7-2-0-3-14-12-1-5-10-6-9-4-13-8-11,routed,15,15,0,0,178,22,22,I0-I3:5;I0-I4:2;I0-I5:2;I0-I7:3;I0-I8:2;I0-I9:9;I0-I10:4;I0-I13:6;I1-I2:7;I1-I3:22;I1-I6:19;I1-I11:2;I2-I6:18;I3-I7:8;I3-I11:8;I5-I8:3;I5-I12:2;I7-I9:10;I7-I11:7;I8-I10:5;I8-I14:2;I10-I13:3,48071.000000,72998.915399,24927.915399,7.800155,19.670704,11.870549,5.962055,8.0,3.5,4.0,6.0,10.0,20.0,16.0,48.0,80.0,200.0,False,False,0.002,0.005,0.1,0.0,0.0,0.0,40000,20000,16,8,69.0,16,105.0,36.0,20.0,2885.000000,79,6,1,True,False,15,physical,8,42,183.626710,0.0
spanke_benes_15x15,default,8-0-5-11-7-4-3-9-14-6-12-10-2-1-13,routed,15,15,0,0,169,24,13,I0-I2:3;I0-I3:2;I0-I4:11;I0-I7:10;I0-I11:2;I1-I2:6;I1-I5:2;I1-I6:12;I1-I12:2;I1-I13:4;I2-I4:6;I2-I5:13;I2-I9:8;I3-I7:5;I3-I8:2;I3-I10:4;I3-I11:3;I4-I9:7;I5-I6:13;I6-I12:3;I7-I11:6;I10-I14:2;I11-I13:3;I12-I13:3,48071.000000,72464.579105,24393.579105,7.671923,17.049728,9.377805,5.776144,8.0,3.5,4.0,6.0,10.0,20.0,16.0,48.0,80.0,200.0,False,False,0.002,0.005,0.1,0.0,0.0,0.0,40000,20000,16,8,69.0,16,105.0,36.0,20.0,2885.000000,77,6,2,True,False,15,physical,9,42,175.285640,0.0
spanke_benes_rect_15x15,default,8-13-7-6-14-12-5-2-9-3-4-11-0-1-10,routed,15,15,0,0,140,19,9,I0-I1:2;I0-I2:5;I0-I8:6;I1-I4:2;I1-I5:3;I2-I3:7;I2-I5:2;I3-I6:3;I4-I5:3;I5-I11:3;I6-I8:2;I6-I10:5;I7-I9:6;I8-I14:8;I9-I10:4;I10-I11:2;I11-I14:9;I12-I13:4;I13-I14:2,29171.000000,53506.326809,24335.326809,4.692489,10.713374,6.020885,5.423377,8.0,3.5,4.0,6.0,10.0,20.0,16.0,48.0,80.0,200.0,False,False,0.002,0.005,0.1,0.0,0.0,0.0,40000,20000,16,8,69.0,16,105.0,36.0,20.0,1625.000000,44,6,1,True,False,15,physical,0,42,65.269912,0.0
spanke_benes_rect_15x15,default,2-12-9-7-4-6-5-10-13-8-11-3-1-14-0,routed,15,15,0,0,156,22,12,I0-I1:2;I0-I3:2;I0-I4:6;I0-I11:4;I1-I8:4;I1-I10:3;I2-I7:6;I2-I9:7;I3-I5:7;I3-I9:6;I4-I5:2;I4-I6:8;I4-I11:3;I5-I6:7;I5-I9:2;I6-I7:2;I7-I9:3;I7-I10:10;I8-I10:7;I8-I13:12;I10-I13:2;I12-I13:2,29171.000000,53982.313562,24811.313562,4.692489,10.984097,6.291607,5.686508,8.0,3.5,4.0,6.0,10.0,20.0,16.0,48.0,80.0,200.0,False,False,0.002,0.005,0.1,0.0,0.0,0.0,40000,20000,16,8,69.0,16,105.0,36.0,20.0,1625.000000,59,6,1,True,False,15,physical,1,42,86.327196,0.0
spanke_benes_rect_15x15,default,7-8-3-11-10-14-1-13-5-6-2-0-12-4-9,routed,15,15,0,0,154,25,8,I0-I1:8;I0-I2:3;I0-I9:5;I1-I4:2;I1-I14:6;I2-I3:2;I2-I6:3;I2-I8:2;I2-I10:5;I2-I13:4;I3-I4:7;I3-I12:6;I4-I5:2;I4-I14:5;I5-I7:5;I6-I7:2;I6-I10:4;I6-I11:5;I7-I12:7;I8-I9:6;I8-I13:5;I9-I14:2;I10-I13:2;I12-I14:7;I13-I14:2,29171.000000,54104.561342,24933.561342,4.615158,11.012674,6.397517,5.680142,8.0,3.5,4.0,6.0,10.0,20.0,16.0,48.0,80.0,200.0,False,False,0.002,0.005,0.1,0.0,0.0,0.0,40000,20000,16,8,69.0,16,105.0,36.0,20.0,1625.000000,60,6,1,True,False,15,physical,2,42,92.167164,0.0
spanke_benes_rect_15x15,default,12-8-6-2-10-11-3-14-7-0-4-9-13-5-1,routed,15,15,0,0,151,21,8,I0-I5:3;I0-I12:4;I1-I8:5;I1-I11:6;I2-I3:3;I2-I4:2;I2-I8:6;I2-I13:5;I3-I6:8;I3-I9:5;I4-I5:8;I4-I11:5;I5-I12:4;I6-I7:2;I6-I10:6;I7-I12:7;I8-I11:2;I9-I14:2;I10-I11:2;I10-I13:6;I11-I12:6,29171.000000,53995.247177,24824.247177,4.653823,11.084138,6.430314,5.628566,8.0,3.5,4.0,6.0,10.0,20.0,16.0,48.0,80.0,200.0,False,False,0.002,0.005,0.1,0.0,0.0,0.0,40000,20000,16,8,69.0,16,105.0,36.0,20.0,1625.000000,55,6,1,True,False,15,physical,3,42,77.794055,0.0
spanke_benes_rect_15x15,default,8-2-5-14-10-7-6-12-4-13-0-1-11-3-9,routed,15,15,0,0,153,23,8,I0-I5:7;I0-I14:8;I1-I2:6;I1-I8:2;I1-I11:3;I1-I13:4;I2-I3:2;I2-I5:2;I2-I6:6;I2-I8:5;I3-I9:3;I4-I12:8;I4-I14:7;I5-I6:7;I6-I7:2;I7-I9:8;I7-I12:7;I8-I9:2;I8-I13:3;I10-I11:6;I11-I13:2;I12-I14:3;I13-I14:2,29171.000000,53928.021526,24757.021526,4.653823,10.869045,6.215221,5.639936,8.0,3.5,4.0,6.0,10.0,20.0,16.0,48.0,80.0,200.0,False,False,0.002,0.005,0.1,0.0,0.0,0.0,40000,20000,16,8,69.0,16,105.0,36.0,20.0,1625.000000,60,6,1,True,False,15,physical,4,42,93.572309,0.0
spanke_benes_rect_15x15,default,8-7-11-1-0-6-9-4-3-14-12-2-5-13-10,routed,15,15,0,0,167,21,12,I0-I1:7;I0-I6:8;I1-I5:7;I2-I10:8;I2-I14:7;I3-I4:11;I3-I7:2;I3-I8:2;I3-I11:6;I4-I5:2;I5-I6:2;I5-I12:7;I6-I14:10;I7-I8:7;I7-I12:8;I8-I9:2;I8-I11:7;I9-I13:9;I10-I13:12;I10-I14:5;I12-I13:2,29171.000000,54626.110040,25455.110040,4.602490,11.196304,6.593813,5.910348,8.0,3.5,4.0,6.0,10.0,20.0,16.0,48.0,80.0,200.0,False,False,0.002,0.005,0.1,0.0,0.0,0.0,40000,20000,16,8,69.0,16,105.0,36.0,20.0,1625.000000,74,6,1,True,False,15,physical,5,42,113.500913,0.0
spanke_benes_rect_15x15,default,9-14-11-13-1-0-12-5-3-8-10-4-6-7-2,routed,15,15,0,0,143,21,11,I0-I1:2;I0-I2:2;I0-I9:3;I0-I10:2;I2-I3:2;I2-I6:2;I2-I10:3;I3-I6:3;I4-I5:11;I4-I7:2;I4-I8:6;I4-I14:2;I6-I10:3;I7-I11:7;I7-I12:6;I8-I9:2;I8-I11:6;I8-I14:3;I9-I10:4;I9-I13:5;I12-I13:8,29171.000000,53950.720607,24779.720607,4.641156,10.687240,6.046083,5.526296,8.0,3.5,4.0,6.0,10.0,20.0,16.0,48.0,80.0,200.0,False,False,0.002,0.005,0.1,0.0,0.0,0.0,40000,20000,16,8,69.0,16,105.0,36.0,20.0,1625.000000,54,6,1,True,False,15,physical,6,42,83.384390,0.0
spanke_benes_rect_15x15,default,14-8-0-2-13-11-10-6-7-12-5-9-3-1-4,routed,15,15,0,0,142,20,10,I1-I8:5;I1-I11:6;I2-I3:10;I2-I13:4;I3-I5:2;I3-I7:4;I3-I10:2;I3-I12:4;I3-I13:3;I4-I9:5;I5-I6:5;I5-I9:4;I6-I9:2;I6-I11:5;I7-I8:6;I7-I10:3;I8-I9:2;I10-I11:2;I10-I14:3;I12-I14:4,29171.000000,53581.640975,24410.640975,4.692489,10.861891,6.169402,5.457085,8.0,3.5,4.0,6.0,10.0,20.0,16.0,48.0,80.0,200.0,False,False,0.002,0.005,0.1,0.0,0.0,0.0,40000,20000,16,8,69.0,16,105.0,36.0,20.0,1625.000000,47,6,1,True,False,15,physical,7,42,67.532340,0.0
spanke_benes_rect_15x15,default,7-2-0-3-14-12-1-5-10-6-9-4-13-8-11,routed,15,15,0,0,176,22,12,I0-I9:9;I0-I13:8;I1-I2:3;I1-I3:12;I1-I6:11;I2-I3:2;I2-I6:10;I3-I5:2;I3-I7:2;I3-I11:8;I4-I12:5;I5-I12:6;I5-I14:5;I6-I7:2;I7-I9:10;I7-I11:9;I8-I10:9;I8-I14:10;I9-I13:2;I10-I13:11;I10-I14:2;I12-I14:9,29171.000000,54833.176426,25662.176426,4.602490,11.179176,6.576686,6.050957,8.0,3.5,4.0,6.0,10.0,20.0,16.0,48.0,80.0,200.0,False,False,0.002,0.005,0.1,0.0,0.0,0.0,40000,20000,16,8,69.0,16,105.0,36.0,20.0,1625.000000,78,6,1,True,False,15,physical,8,42,125.689385,0.0
spanke_benes_rect_15x15,default,8-0-5-11-7-4-3-9-14-6-12-10-2-1-13,routed,15,15,0,0,165,22,12,I0-I4:7;I0-I7:8;I1-I2:2;I1-I5:2;I1-I6:6;I1-I13:4;I2-I3:2;I2-I5:9;I2-I9:8;I3-I10:8;I3-I11:7;I4-I7:2;I4-I9:9;I5-I6:7;I6-I7:2;I6-I12:3;I7-I11:10;I8-I14:9;I10-I11:5;I10-I14:12;I12-I13:3;I12-I14:2,29171.000000,54132.154297,24961.154297,4.692489,11.259547,6.567058,5.813154,8.0,3.5,4.0,6.0,10.0,20.0,16.0,48.0,80.0,200.0,False,False,0.002,0.005,0.1,0.0,0.0,0.0,40000,20000,16,8,69.0,16,105.0,36.0,20.0,1625.000000,65,6,1,True,False,15,physical,9,42,99.959330,0.0
padded_benes_16x16,default,7-9-5-6-14-10-12-8-1-2-13-15-4-11-0-3,failed,16,11,5,0,197,41,11,I0-I1:4;I0-I3:3;I0-I5:2;I0-I6:2;I0-I11:2;I0-I13:2;I1-I3:5;I1-I5:8;I1-I6:8;I1-I7:7;I1-I8:3;I1-I9:3;I1-I11:6;I1-I13:2;I1-I15:3;I3-I5:2;I3-I6:2;I3-I7:2;I3-I9:3;I3-I11:4;I3-I13:2;I5-I6:4;I5-I7:11;I5-I11:4;I5-I13:6;I5-I15:3;I6-I7:5;I6-I11:6;I6-I13:5;I7-I11:2;I7-I13:2;I8-I9:6;I8-I11:8;I8-I13:4;I8-I15:10;I9-I11:6;I9-I13:6;I9-I15:4;I11-I13:5;I11-I15:5;I13-I15:7,19920.000000,27297.043956,7377.043956,6.522763,12.122079,5.599316,3.306735,8.0,3.5,4.0,6.0,10.0,20.0,16.0,48.0,80.0,200.0,False,False,0.002,0.005,0.1,0.0,0.0,0.0,40000,20000,16,8,69.0,16,105.0,36.0,20.0,785.000000,451,6,5,True,True,16,physical,0,42,1778.979379,0.3125
padded_benes_16x16,default,5-1-13-12-2-4-15-10-6-11-3-14-0-9-8-7,failed,16,9,7,0,117,29,9,I0-I1:3;I0-I6:2;I0-I9:2;I0-I11:2;I0-I15:4;I1-I3:2;I1-I6:2;I1-I9:2;I1-I10:4;I1-I11:2;I1-I15:2;I3-I6:6;I3-I9:3;I3-I10:3;I3-I11:4;I3-I13:3;I6-I9:5;I6-I11:9;I6-I13:5;I6-I15:5;I9-I10:5;I9-I11:6;I9-I13:5;I9-I15:3;I10-I11:8;I10-I13:2;I10-I15:4;I11-I15:5;I13-I15:5,19920.000000,21973.353756,2053.353756,6.566096,9.928786,3.362690,2.267634,8.0,3.5,4.0,6.0,10.0,20.0,16.0,48.0,80.0,200.0,False,False,0.002,0.005,0.1,0.0,0.0,0.0,40000,20000,16,8,69.0,16,105.0,36.0,20.0,785.000000,624,6,6,True,True,16,physical,1,42,2479.145994,0.4375
padded_benes_16x16,default,12-7-0-11-14-8-13-9-6-15-1-5-3-2-4-10,failed,16,10,6,0,148,28,13,I0-I1:3;I0-I3:7;I0-I5:5;I0-I7:3;I0-I10:3;I0-I11:3;I0-I13:3;I1-I3:2;I1-I5:2;I1-I7:2;I1-I8:5;I1-I11:5;I3-I5:7;I5-I7:8;I5-I8:3;I5-I12:3;I5-I13:3;I7-I10:3;I7-I13:3;I8-I11:5;I8-I12:3;I8-I13:3;I10-I11:10;I10-I12:6;I10-I13:4;I11-I12:7;I11-I13:7;I12-I13:13,19920.000000,24556.862562,4636.862562,6.691430,10.771411,4.079981,2.510273,8.0,3.5,4.0,6.0,10.0,20.0,16.0,48.0,80.0,200.0,False,False,0.002,0.005,0.1,0.0,0.0,0.0,40000,20000,16,8,69.0,16,105.0,36.0,20.0,785.000000,479,6,5,True,True,16,physical,2,42,1790.896191,0.375
padded_benes_16x16,default,2-10-7-12-13-0-11-15-5-9-4-8-1-6-14-3,failed,16,10,6,0,154,33,13,I0-I2:4;I0-I3:2;I0-I6:2;I0-I7:2;I0-I8:2;I0-I14:2;I2-I3:4;I2-I6:2;I2-I7:2;I2-I8:3;I2-I10:5;I2-I12:3;I2-I13:9;I2-I14:2;I3-I6:5;I3-I7:8;I3-I14:4;I6-I7:10;I6-I10:3;I6-I12:3;I6-I14:2;I7-I10:3;I7-I14:13;I8-I10:3;I8-I12:9;I8-I13:6;I8-I14:4;I10-I12:3;I10-I13:8;I10-I14:2;I12-I13:8;I12-I14:4;I13-I14:2,19920.000000,24028.424507,4108.424507,6.894096,11.418161,4.524065,2.622885,8.0,3.5,4.0,6.0,10.0,20.0,16.0,48.0,80.0,200.0,False,False,0.002,0.005,0.1,0.0,0.0,0.0,40000,20000,16,8,69.0,16,105.0,36.0,20.0,785.000000,657,6,7,True,False,16,physical,3,42,2654.317131,0.375
padded_benes_16x16,default,10-3-11-0-12-14-8-9-2-5-15-4-6-1-13-7,failed,16,11,5,0,181,45,10,I0-I1:3;I0-I2:10;I0-I3:3;I0-I5:8;I0-I6:5;I0-I8:3;I0-I10:4;I0-I11:5;I0-I12:3;I1-I2:2;I1-I3:5;I1-I5:2;I1-I8:5;I1-I9:2;I1-I10:2;I1-I11:2;I1-I12:2;I2-I3:3;I2-I5:4;I2-I6:7;I2-I10:4;I3-I5:2;I3-I6:2;I3-I8:2;I3-I10:2;I3-I11:2;I3-I12:2;I5-I6:5;I5-I8:3;I5-I10:6;I5-I11:5;I5-I12:3;I6-I9:3;I6-I10:2;I6-I12:3;I8-I9:4;I8-I10:4;I8-I11:4;I8-I12:8;I9-I10:2;I9-I11:7;I9-I12:4;I10-I11:3;I10-I12:3;I11-I12:8,19920.000000,25300.446635,5380.446635,6.518096,10.033246,3.515150,2.609081,8.0,3.5,4.0,6.0,10.0,20.0,16.0,48.0,80.0,200.0,False,False,0.002,0.005,0.1,0.0,0.0,0.0,40000,20000,16,8,69.0,16,105.0,36.0,20.0,785.000000,397,6,5,True,True,16,physical,4,42,1544.153890,0.3125
padded_benes_16x16,default,9-14-11-13-1-0-12-5-3-8-10-4-6-15-2-7,failed,16,9,7,0,117,29,13,I1-I4:7;I1-I5:3;I1-I6:7;I1-I8:3;I1-I10:3;I1-I14:3;I1-I15:3;I4-I5:13;I4-I6:4;I4-I8:2;I4-I10:2;I4-I11:2;I4-I14:4;I4-I15:4;I5-I6:4;I5-I8:2;I5-I11:2;I5-I14:4;I5-I15:2;I6-I10:3;I8-I11:2;I8-I14:3;I8-I15:4;I10-I11:3;I10-I14:3;I10-I15:3;I11-I14:5;I11-I15:6;I14-I15:6,19920.000000,22199.411260,2279.411260,6.637429,9.660538,3.023109,2.105314,8.0,3.5,4.0,6.0,10.0,20.0,16.0,48.0,80.0,200.0,False,False,0.002,0.005,0.1,0.0,0.0,0.0,40000,20000,16,8,69.0,16,105.0,36.0,20.0,785.000000,692,6,7,True,False,16,physical,5,42,2384.552067,0.4375
padded_benes_16x16,default,4-15-0-2-14-12-10-6-7-13-5-11-9-3-1-8,failed,16,10,6,0,132,33,15,I0-I1:2;I0-I2:3;I0-I3:3;I0-I5:2;I0-I6:2;I0-I8:2;I0-I11:2;I1-I2:5;I1-I3:5;I1-I5:15;I1-I6:5;I2-I3:6;I2-I5:2;I2-I6:2;I2-I8:2;I2-I11:2;I2-I13:4;I2-I14:2;I3-I5:2;I3-I6:2;I3-I8:4;I3-I11:2;I3-I13:4;I3-I14:3;I5-I6:5;I5-I11:5;I6-I11:2;I8-I11:4;I8-I13:3;I8-I14:3;I11-I13:3;I11-I14:5;I13-I14:7,19920.000000,22724.995333,2804.995333,6.505429,10.081246,3.575817,1.987699,8.0,3.5,4.0,6.0,10.0,20.0,16.0,48.0,80.0,200.0,False,False,0.002,0.005,0.1,0.0,0.0,0.0,40000,20000,16,8,69.0,16,105.0,36.0,20.0,785.000000,371,6,4,True,True,16,physical,6,42,1340.725313,0.375
padded_benes_16x16,default,1-7-14-10-0-15-4-2-3-5-12-13-6-9-11-8,failed,16,10,6,0,150,37,8,I0-I1:2;I0-I6:4;I0-I8:2;I0-I11:2;I0-I12:2;I1-I2:2;I1-I6:3;I1-I7:3;I1-I9:3;I1-I11:2;I1-I12:5;I2-I6:5;I2-I7:3;I2-I8:3;I2-I11:5;I2-I14:3;I6-I7:7;I6-I8:3;I6-I9:4;I6-I11:2;I6-I12:4;I6-I14:2;I7-I8:6;I7-I9:4;I7-I11:4;I7-I12:6;I7-I14:4;I8-I9:6;I8-I11:6;I8-I12:4;I8-I14:2;I9-I11:8;I9-I12:4;I9-I14:4;I11-I12:5;I11-I14:7;I12-I14:6,19920.000000,24892.906819,4972.906819,6.635430,10.128704,3.493274,2.847681,8.0,3.5,4.0,6.0,10.0,20.0,16.0,48.0,80.0,200.0,False,False,0.002,0.005,0.1,0.0,0.0,0.0,40000,20000,16,8,69.0,16,105.0,36.0,20.0,785.000000,499,6,6,True,True,16,physical,7,42,2225.269637,0.375
padded_benes_16x16,default,13-3-15-0-8-2-4-7-11-14-1-9-6-10-12-5,failed,16,9,7,0,113,31,10,I1-I3:3;I1-I4:2;I1-I6:4;I1-I8:2;I1-I12:2;I3-I4:2;I3-I6:4;I3-I7:4;I3-I8:2;I3-I10:6;I3-I12:2;I4-I6:5;I4-I7:5;I4-I8:4;I4-I11:2;I4-I12:3;I6-I7:10;I6-I8:2;I6-I10:3;I6-I11:2;I6-I12:2;I7-I8:2;I7-I10:3;I7-I11:2;I7-I12:5;I8-I10:3;I8-I11:5;I8-I12:5;I10-I11:4;I10-I12:4;I11-I12:7,19920.000000,21319.251994,1399.251994,6.622763,9.219122,2.596359,1.941723,8.0,3.5,4.0,6.0,10.0,20.0,16.0,48.0,80.0,200.0,False,False,0.002,0.005,0.1,0.0,0.0,0.0,40000,20000,16,8,69.0,16,105.0,36.0,20.0,785.000000,526,6,6,True,True,16,physical,8,42,2232.327521,0.4375
padded_benes_16x16,default,3-9-13-11-15-14-0-7-2-6-4-1-5-10-12-8,failed,16,10,6,0,134,31,11,I0-I1:2;I0-I4:2;I0-I9:2;I0-I12:2;I1-I3:8;I1-I4:6;I3-I4:6;I3-I6:3;I3-I8:3;I3-I12:3;I3-I14:4;I4-I6:5;I4-I8:3;I4-I9:3;I4-I11:3;I4-I12:3;I4-I14:5;I6-I8:2;I6-I9:4;I6-I11:6;I6-I12:4;I6-I14:2;I8-I9:4;I8-I11:5;I8-I12:4;I9-I11:5;I9-I12:11;I9-I14:2;I11-I12:4;I11-I14:2;I12-I14:6,19920.000000,23146.893572,3226.893572,6.471430,10.453453,3.982023,2.048779,8.0,3.5,4.0,6.0,10.0,20.0,16.0,48.0,80.0,200.0,False,False,0.002,0.005,0.1,0.0,0.0,0.0,40000,20000,16,8,69.0,16,105.0,36.0,20.0,785.000000,323,6,4,True,True,16,physical,9,42,862.116343,0.375
waksman_16x16,default,7-9-5-6-14-10-12-8-1-2-13-15-4-11-0-3,failed,16,11,5,1,162,38,8,I0-I1:4;I0-I2:5;I0-I5:2;I0-I6:4;I0-I7:2;I0-I9:5;I0-I10:2;I0-I12:3;I0-I14:3;I1-I2:7;I1-I5:4;I1-I6:4;I1-I7:8;I1-I10:4;I1-I11:2;I2-I6:2;I2-I7:2;I2-I9:3;I2-I10:4;I2-I12:5;I5-I6:2;I5-I7:3;I5-I10:2;I6-I7:7;I6-I10:2;I6-I11:2;I7-I10:4;I7-I11:2;I7-I12:3;I9-I10:4;I9-I11:4;I9-I12:8;I9-I14:3;I10-I11:8;I10-I12:5;I11-I12:5;I11-I14:3;I12-I14:7,18968.000000,24507.557278,5539.557278,6.434763,9.577205,3.142442,2.612283,8.0,3.5,4.0,6.0,10.0,20.0,16.0,48.0,80.0,200.0,False,False,0.002,0.005,0.1,0.0,0.0,0.0,40000,20000,16,8,69.0,16,105.0,36.0,20.0,785.000000,486,6,7,True,False,16,physical,0,42,1991.584800,0.3125
waksman_16x16,default,5-1-13-12-2-4-15-10-6-11-3-14-0-9-8-7,failed,16,13,3,0,224,54,8,I0-I1:7;I0-I2:4;I0-I3:6;I0-I4:3;I0-I5:7;I0-I6:4;I0-I8:4;I0-I9:2;I0-I10:3;I0-I11:2;I0-I12:3;I0-I13:4;I1-I2:2;I1-I3:2;I1-I4:2;I1-I5:6;I1-I6:2;I1-I8:2;I1-I9:2;I1-I10:2;I1-I12:7;I1-I13:2;I2-I3:7;I2-I6:6;I2-I9:3;I2-I10:3;I2-I11:2;I3-I6:6;I3-I9:3;I3-I11:2;I3-I12:3;I4-I5:4;I4-I6:4;I4-I8:2;I4-I10:2;I4-I13:2;I5-I6:4;I5-I8:2;I5-I13:2;I8-I9:4;I8-I10:7;I8-I11:4;I8-I12:5;I8-I13:6;I9-I10:5;I9-I11:2;I9-I12:3;I9-I13:5;I10-I11:6;I10-I12:5;I10-I13:4;I11-I12:3;I11-I13:3;I12-I13:8,18968.000000,28916.796176,9948.796176,6.354096,11.316538,4.962442,2.958276,8.0,3.5,4.0,6.0,10.0,20.0,16.0,48.0,80.0,200.0,False,False,0.002,0.005,0.1,0.0,0.0,0.0,40000,20000,16,8,69.0,16,105.0,36.0,20.0,785.000000,323,6,5,True,True,16,physical,1,42,1110.067625,0.1875
waksman_16x16,default,12-7-0-11-14-8-13-9-6-15-1-5-3-2-4-10,failed,16,12,4,0,205,51,11,I1-I2:3;I1-I3:2;I1-I4:2;I1-I5:2;I1-I6:4;I1-I8:5;I1-I9:2;I1-I10:3;I1-I11:5;I1-I13:3;I1-I15:2;I2-I3:4;I2-I4:2;I2-I5:2;I2-I6:2;I2-I8:2;I2-I10:6;I2-I11:2;I2-I13:2;I2-I15:2;I3-I4:4;I3-I5:5;I3-I6:6;I3-I9:2;I3-I10:3;I3-I15:5;I4-I5:11;I4-I6:7;I4-I9:4;I4-I10:3;I5-I6:4;I5-I8:3;I5-I9:4;I5-I15:2;I6-I8:3;I6-I9:2;I6-I10:5;I6-I11:5;I8-I9:2;I8-I10:5;I8-I11:5;I8-I15:2;I9-I11:5;I9-I13:3;I9-I15:5;I10-I11:4;I10-I13:4;I10-I15:4;I11-I13:7;I11-I15:4;I13-I15:6,18968.000000,28636.875809,9668.875809,6.499430,10.803411,4.303981,3.379646,8.0,3.5,4.0,6.0,10.0,20.0,16.0,48.0,80.0,200.0,False,False,0.002,0.005,0.1,0.0,0.0,0.0,40000,20000,16,8,69.0,16,105.0,36.0,20.0,785.000000,466,6,7,True,False,16,physical,2,42,1783.368164,0.25
waksman_16x16,default,2-10-7-12-13-0-11-15-5-9-4-8-1-6-14-3,failed,16,11,5,0,170,33,11,I2-I3:2;I2-I8:5;I2-I9:2;I2-I10:3;I3-I6:3;I3-I7:4;I3-I9:3;I3-I12:5;I3-I14:6;I3-I15:5;I5-I6:4;I5-I7:4;I5-I8:2;I5-I9:2;I5-I12:2;I5-I15:4;I6-I7:6;I6-I9:5;I6-I14:2;I8-I9:8;I8-I10:9;I8-I12:9;I8-I14:2;I8-I15:5;I9-I10:3;I9-I12:3;I9-I14:4;I10-I12:7;I10-I14:4;I10-I15:3;I12-I14:8;I12-I15:8;I14-I15:11,18968.000000,24679.906819,5711.906819,6.786763,10.172704,3.385941,2.856438,8.0,3.5,4.0,6.0,10.0,20.0,16.0,48.0,80.0,200.0,False,False,0.002,0.005,0.1,0.0,0.0,0.0,40000,20000,16,8,69.0,16,105.0,36.0,20.0,785.000000,491,6,7,True,False,16,physical,3,42,1835.799004,0.3125
waksman_16x16,default,10-3-11-0-12-14-8-9-2-5-15-4-6-1-13-7,failed,16,11,5,0,161,37,10,I0-I2:6;I0-I3:3;I0-I4:6;I0-I6:3;I0-I7:7;I0-I12:3;I0-I14:2;I2-I3:3;I2-I4:4;I2-I6:3;I2-I7:5;I2-I14:2;I3-I4:4;I3-I6:2;I3-I7:2;I3-I8:4;I3-I9:2;I3-I12:2;I3-I14:2;I3-I15:2;I4-I6:3;I4-I7:5;I4-I14:2;I6-I7:6;I6-I15:3;I7-I12:3;I7-I14:2;I8-I9:6;I8-I12:6;I8-I14:4;I8-I15:2;I9-I12:6;I9-I14:4;I9-I15:6;I12-I14:4;I12-I15:10;I14-I15:5,18968.000000,24123.119223,5155.119223,7.014763,9.612456,2.597694,2.394658,8.0,3.5,4.0,6.0,10.0,20.0,16.0,48.0,80.0,200.0,False,False,0.002,0.005,0.1,0.0,0.0,0.0,40000,20000,16,8,69.0,16,105.0,36.0,20.0,785.000000,336,6,4,True,True,16,physical,4,42,1017.794296,0.3125
waksman_16x16,default,9-14-11-13-1-0-12-5-3-8-10-4-6-15-2-7,failed,16,11,5,1,175,36,11,I1-I2:3;I1-I3:5;I1-I6:3;I1-I13:6;I2-I3:4;I2-I6:8;I2-I9:5;I2-I10:11;I2-I13:2;I3-I6:6;I3-I10:3;I3-I13:4;I5-I6:2;I5-I8:2;I5-I9:4;I5-I10:4;I5-I12:2;I5-I15:2;I6-I8:3;I6-I9:3;I6-I10:5;I6-I13:4;I8-I9:6;I8-I10:4;I8-I12:4;I8-I13:2;I8-I15:4;I9-I10:6;I9-I12:3;I9-I13:4;I9-I15:3;I10-I13:4;I10-I15:3;I12-I13:6;I12-I15:10;I13-I15:7,18968.000000,26254.198856,7286.198856,6.478763,9.919329,3.440566,3.175218,8.0,3.5,4.0,6.0,10.0,20.0,16.0,48.0,80.0,200.0,False,False,0.002,0.005,0.1,0.0,0.0,0.0,40000,20000,16,8,69.0,16,105.0,36.0,20.0,785.000000,604,6,7,True,False,16,physical,5,42,1877.174284,0.3125
waksman_16x16,default,4-15-0-2-14-12-10-6-7-13-5-11-9-3-1-8,failed,16,11,5,0,196,43,17,I2-I3:2;I2-I5:2;I2-I7:4;I2-I11:2;I2-I12:2;I2-I13:2;I2-I14:2;I2-I15:2;I3-I5:2;I3-I6:2;I3-I7:4;I3-I11:2;I3-I12:2;I3-I13:2;I3-I15:2;I5-I6:5;I5-I7:5;I5-I11:3;I5-I12:5;I5-I15:3;I6-I7:5;I6-I10:3;I6-I11:8;I6-I12:3;I7-I10:3;I7-I11:4;I7-I12:2;I7-I15:4;I10-I11:8;I10-I12:2;I10-I13:5;I10-I14:5;I10-I15:8;I11-I12:3;I11-I13:3;I11-I14:3;I11-I15:7;I12-I13:9;I12-I14:3;I12-I15:7;I13-I14:17;I13-I15:8;I14-I15:12,18968.000000,26342.694415,7374.694415,6.606763,11.447659,4.840896,3.344035,8.0,3.5,4.0,6.0,10.0,20.0,16.0,48.0,80.0,200.0,False,False,0.002,0.005,0.1,0.0,0.0,0.0,40000,20000,16,8,69.0,16,105.0,36.0,20.0,785.000000,568,6,7,True,False,16,physical,6,42,2568.040869,0.3125
waksman_16x16,default,1-7-14-10-0-15-4-2-3-5-12-13-6-9-11-8,failed,16,12,4,0,213,50,11,I0-I1:4;I0-I2:2;I0-I3:4;I0-I5:2;I0-I7:6;I0-I8:4;I0-I9:2;I0-I11:2;I0-I14:2;I0-I15:2;I1-I2:2;I1-I5:2;I1-I7:5;I1-I8:5;I1-I9:7;I1-I11:2;I1-I14:8;I1-I15:2;I2-I3:5;I2-I5:6;I2-I7:3;I2-I11:3;I3-I5:6;I3-I7:3;I3-I10:2;I3-I11:2;I3-I14:4;I3-I15:5;I5-I7:3;I5-I14:3;I7-I8:8;I7-I9:2;I7-I10:2;I7-I11:2;I7-I14:2;I7-I15:2;I8-I9:8;I8-I10:4;I8-I11:4;I8-I14:4;I8-I15:4;I9-I10:4;I9-I11:4;I9-I14:6;I9-I15:6;I10-I11:8;I10-I15:3;I11-I14:3;I11-I15:5;I14-I15:11,18968.000000,27899.592654,8931.592654,6.418096,10.135582,3.717487,3.431932,8.0,3.5,4.0,6.0,10.0,20.0,16.0,48.0,80.0,200.0,False,False,0.002,0.005,0.1,0.0,0.0,0.0,40000,20000,16,8,69.0,16,105.0,36.0,20.0,785.000000,373,6,6,True,True,16,physical,7,42,1312.140853,0.25
waksman_16x16,default,13-3-15-0-8-2-4-7-11-14-1-9-6-10-12-5,failed,16,12,4,1,179,49,9,I0-I1:3;I0-I2:4;I0-I3:3;I0-I4:3;I0-I7:3;I0-I14:5;I1-I2:2;I1-I3:5;I1-I5:4;I1-I8:2;I1-I10:3;I1-I12:2;I2-I3:3;I2-I4:3;I2-I7:3;I2-I8:3;I2-I12:3;I2-I14:3;I3-I5:2;I3-I7:4;I3-I8:2;I3-I10:6;I3-I12:2;I3-I13:2;I4-I5:3;I4-I7:3;I4-I8:4;I4-I12:3;I4-I13:2;I4-I14:2;I5-I7:4;I5-I8:2;I5-I10:3;I5-I12:2;I7-I8:2;I7-I10:5;I7-I12:9;I7-I13:2;I7-I14:2;I8-I10:5;I8-I12:7;I8-I13:7;I8-I14:2;I10-I12:4;I10-I13:4;I10-I14:2;I12-I13:4;I12-I14:8;I13-I14:4,18968.000000,26700.132470,7732.132470,6.550763,11.710202,5.159439,2.704522,8.0,3.5,4.0,6.0,10.0,20.0,16.0,48.0,80.0,200.0,False,False,0.002,0.005,0.1,0.0,0.0,0.0,40000,20000,16,8,69.0,16,105.0,36.0,20.0,785.000000,346,6,5,True,True,16,physical,8,42,1052.804700,0.25
waksman_16x16,default,3-9-13-11-15-14-0-7-2-6-4-1-5-10-12-8,failed,16,12,4,0,212,40,11,I1-I2:4;I1-I3:10;I1-I4:4;I1-I5:4;I1-I14:2;I1-I15:7;I2-I3:7;I2-I4:6;I2-I5:6;I2-I14:5;I2-I15:5;I3-I4:4;I3-I5:4;I3-I14:2;I3-I15:7;I4-I5:7;I4-I6:3;I4-I8:3;I4-I15:7;I5-I6:3;I5-I15:5;I6-I8:2;I6-I9:2;I6-I10:2;I6-I11:2;I8-I9:6;I8-I10:6;I8-I11:9;I8-I14:2;I8-I15:2;I9-I10:11;I9-I11:7;I9-I14:4;I9-I15:2;I10-I11:11;I10-I14:2;I10-I15:2;I11-I14:2;I11-I15:2;I14-I15:7,18968.000000,27415.154598,8447.154598,6.491430,10.333205,3.841775,3.407442,8.0,3.5,4.0,6.0,10.0,20.0,16.0,48.0,80.0,200.0,False,False,0.002,0.005,0.1,0.0,0.0,0.0,40000,20000,16,8,69.0,16,105.0,36.0,20.0,785.000000,341,6,5,True,True,16,physical,9,42,1254.177932,0.25
spanke_benes_16x16,default,7-9-5-6-14-10-12-8-1-2-13-15-4-11-0-3,routed,16,16,0,0,175,19,16,I0-I1:8;I0-I3:15;I0-I7:8;I1-I4:2;I1-I5:10;I1-I7:7;I2-I3:16;I2-I9:5;I2-I12:3;I4-I10:3;I4-I11:2;I5-I6:6;I5-I13:2;I6-I10:4;I8-I9:12;I8-I14:3;I8-I15:2;I9-I12:4;I9-I15:2,55080.000000,82180.844497,27100.844497,8.130588,17.344394,9.213805,5.872918,8.0,3.5,4.0,6.0,10.0,20.0,16.0,48.0,80.0,200.0,False,False,0.002,0.005,0.1,0.0,0.0,0.0,40000,20000,16,8,69.0,16,105.0,36.0,20.0,3095.000000,56,6,1,True,False,16,physical,0,42,133.416245,0.0
spanke_benes_16x16,default,5-1-13-12-2-4-15-10-6-11-3-14-0-9-8-7,failed,16,15,1,0,166,21,22,I0-I1:5;I0-I2:2;I0-I3:4;I0-I5:17;I0-I7:2;I0-I8:12;I0-I15:2;I1-I4:22;I1-I10:2;I2-I3:5;I2-I6:2;I2-I11:2;I3-I9:3;I4-I5:10;I4-I10:10;I5-I10:9;I7-I8:5;I7-I9:4;I8-I13:2;I8-I14:2;I8-I15:2,55080.000000,77792.649856,22712.649856,8.327488,19.630786,11.303297,5.979353,8.0,3.5,4.0,6.0,10.0,20.0,16.0,48.0,80.0,200.0,False,False,0.002,0.005,0.1,0.0,0.0,0.0,40000,20000,16,8,69.0,16,105.0,36.0,20.0,3095.000000,112,6,4,True,True,16,physical,1,42,848.457110,0.0625
spanke_benes_16x16,default,12-7-0-11-14-8-13-9-6-15-1-5-3-2-4-10,routed,16,16,0,0,175,24,12,I0-I3:7;I0-I4:2;I0-I6:4;I1-I2:11;I1-I3:4;I1-I5:10;I1-I7:2;I1-I8:5;I2-I8:4;I2-I10:12;I3-I5:3;I3-I7:3;I4-I6:3;I4-I9:2;I5-I7:8;I7-I14:3;I7-I15:2;I8-I11:3;I10-I11:2;I10-I12:2;I10-I13:6;I11-I14:3;I12-I13:7;I12-I14:4,55080.000000,82107.733854,27027.733854,8.061921,17.185850,9.123929,5.874717,8.0,3.5,4.0,6.0,10.0,20.0,16.0,48.0,80.0,200.0,False,False,0.002,0.005,0.1,0.0,0.0,0.0,40000,20000,16,8,69.0,16,105.0,36.0,20.0,3095.000000,65,6,2,True,False,16,physical,2,42,176.698264,0.0
spanke_benes_16x16,default,2-10-7-12-13-0-11-15-5-9-4-8-1-6-14-3,failed,16,15,1,0,152,22,10,I0-I1:2;I0-I2:10;I0-I8:4;I0-I10:8;I0-I12:7;I0-I15:2;I1-I2:9;I1-I3:4;I1-I6:6;I1-I9:3;I2-I8:5;I2-I9:2;I2-I11:4;I2-I13:3;I3-I4:6;I3-I6:5;I4-I7:2;I4-I14:2;I8-I10:7;I8-I13:4;I9-I11:3;I12-I15:2,55080.000000,78601.202920,23521.202920,8.130588,17.311225,9.180637,5.876427,8.0,3.5,4.0,6.0,10.0,20.0,16.0,48.0,80.0,200.0,False,False,0.002,0.005,0.1,0.0,0.0,0.0,40000,20000,16,8,69.0,16,105.0,36.0,20.0,3095.000000,136,6,4,True,True,16,physical,3,42,1069.761260,0.0625
spanke_benes_16x16,default,10-3-11-0-12-14-8-9-2-5-15-4-6-1-13-7,routed,16,16,0,0,182,22,15,I0-I1:7;I0-I2:10;I0-I7:5;I1-I3:9;I1-I6:4;I1-I8:15;I1-I9:4;I1-I11:8;I2-I4:8;I3-I8:10;I3-I13:6;I4-I5:4;I4-I14:2;I5-I10:2;I6-I7:6;I6-I9:3;I6-I12:3;I8-I13:5;I9-I11:7;I9-I12:6;I9-I15:2;I12-I15:2,55080.000000,82489.282552,27409.282552,8.151488,18.862710,10.711221,5.998035,8.0,3.5,4.0,6.0,10.0,20.0,16.0,48.0,80.0,200.0,False,False,0.002,0.005,0.1,0.0,0.0,0.0,40000,20000,16,8,69.0,16,105.0,36.0,20.0,3095.000000,66,6,1,True,False,16,physical,4,42,140.342375,0.0
spanke_benes_16x16,default,9-14-11-13-1-0-12-5-3-8-10-4-6-15-2-7,routed,16,16,0,0,176,24,21,I0-I1:2;I0-I2:6;I0-I4:3;I0-I9:5;I0-I10:4;I1-I3:3;I1-I13:2;I2-I3:2;I2-I6:4;I2-I10:3;I3-I6:3;I4-I5:21;I4-I7:2;I4-I8:12;I4-I14:4;I7-I8:5;I7-I9:4;I7-I11:7;I7-I12:6;I7-I15:2;I8-I11:8;I8-I14:5;I9-I12:3;I12-I15:2,55080.000000,82405.194038,27325.194038,8.258821,18.898290,10.639469,5.921274,8.0,3.5,4.0,6.0,10.0,20.0,16.0,48.0,80.0,200.0,False,False,0.002,0.005,0.1,0.0,0.0,0.0,40000,20000,16,8,69.0,16,105.0,36.0,20.0,3095.000000,81,6,2,True,False,16,physical,5,42,241.654317,0.0
spanke_benes_16x16,default,4-15-0-2-14-12-10-6-7-13-5-11-9-3-1-8,routed,16,16,0,0,172,20,22,I0-I1:2;I0-I3:19;I0-I4:2;I0-I5:2;I0-I6:2;I0-I7:6;I0-I10:8;I0-I13:3;I2-I3:22;I2-I14:4;I3-I13:4;I3-I14:3;I5-I6:3;I5-I9:2;I6-I8:5;I6-I11:2;I7-I8:10;I7-I10:7;I8-I12:2;I8-I15:2,55080.000000,82128.946258,27048.946258,8.393122,19.740591,11.347469,5.832993,8.0,3.5,4.0,6.0,10.0,20.0,16.0,48.0,80.0,200.0,False,False,0.002,0.005,0.1,0.0,0.0,0.0,40000,20000,16,8,69.0,16,105.0,36.0,20.0,3095.000000,57,6,1,True,False,16,physical,6,42,139.108990,0.0
spanke_benes_16x16,default,1-7-14-10-0-15-4-2-3-5-12-13-6-9-11-8,routed,16,16,0,0,197,20,23,I0-I1:8;I0-I4:23;I0-I6:2;I0-I7:18;I1-I2:2;I1-I3:8;I1-I9:7;I1-I12:9;I1-I13:4;I1-I15:2;I2-I3:3;I2-I5:2;I3-I10:4;I3-I13:3;I3-I14:2;I6-I8:15;I6-I9:14;I7-I8:18;I9-I12:8;I10-I11:2,55080.000000,83113.955140,28033.955140,8.196222,19.398310,11.202088,6.253619,8.0,3.5,4.0,6.0,10.0,20.0,16.0,48.0,80.0,200.0,False,False,0.002,0.005,0.1,0.0,0.0,0.0,40000,20000,16,8,69.0,16,105.0,36.0,20.0,3095.000000,110,6,3,True,False,16,physical,7,42,507.584406,0.0
spanke_benes_16x16,default,13-3-15-0-8-2-4-7-11-14-1-9-6-10-12-5,routed,16,16,0,0,188,22,21,I0-I1:3;I0-I2:2;I0-I8:3;I0-I9:2;I1-I3:3;I1-I4:2;I1-I5:21;I1-I6:18;I1-I15:2;I3-I5:10;I3-I10:12;I4-I7:11;I4-I8:4;I4-I11:6;I5-I10:11;I6-I7:8;I6-I12:6;I6-I15:2;I7-I12:5;I8-I13:3;I8-I14:2;I11-I13:4,55080.000000,82751.472828,27671.472828,8.261855,19.421081,11.159226,6.101122,8.0,3.5,4.0,6.0,10.0,20.0,16.0,48.0,80.0,200.0,False,False,0.002,0.005,0.1,0.0,0.0,0.0,40000,20000,16,8,69.0,16,105.0,36.0,20.0,3095.000000,71,6,1,True,False,16,physical,8,42,164.312484,0.0
spanke_benes_16x16,default,3-9-13-11-15-14-0-7-2-6-4-1-5-10-12-8,routed,16,16,0,0,180,23,15,I0-I1:10;I0-I6:3;I0-I7:2;I0-I8:15;I0-I9:2;I0-I10:10;I0-I12:2;I1-I2:2;I1-I3:6;I1-I7:5;I1-I13:4;I2-I3:5;I2-I4:2;I2-I5:2;I3-I13:3;I3-I14:2;I6-I8:6;I6-I11:10;I7-I9:7;I7-I15:2;I8-I11:9;I9-I12:7;I10-I12:8,55080.000000,82366.114405,27286.114405,8.064955,16.985592,8.920637,5.960139,8.0,3.5,4.0,6.0,10.0,20.0,16.0,48.0,80.0,200.0,False,False,0.002,0.005,0.1,0.0,0.0,0.0,40000,20000,16,8,69.0,16,105.0,36.0,20.0,3095.000000,63,6,1,True,False,16,physical,9,42,151.535513,0.0
spanke_benes_rect_16x16,default,7-9-5-6-14-10-12-8-1-2-13-15-4-11-0-3,routed,16,16,0,0,175,21,10,I0-I1:2;I0-I3:7;I0-I7:8;I1-I5:8;I1-I7:7;I2-I3:10;I2-I12:3;I3-I5:2;I4-I10:7;I4-I11:8;I5-I13:8;I6-I10:8;I6-I13:9;I8-I9:8;I9-I10:2;I9-I12:2;I9-I15:2;I10-I11:6;I12-I13:2;I12-I15:3;I14-I15:2,33240.000000,61587.747101,28347.747101,4.955456,11.676637,6.721181,6.052531,8.0,3.5,4.0,6.0,10.0,20.0,16.0,48.0,80.0,200.0,False,False,0.002,0.005,0.1,0.0,0.0,0.0,40000,20000,16,8,69.0,16,105.0,36.0,20.0,1730.000000,66,6,1,True,False,16,physical,0,42,117.771006,0.0
spanke_benes_rect_16x16,default,5-1-13-12-2-4-15-10-6-11-3-14-0-9-8-7,routed,16,16,0,0,180,23,12,I0-I1:3;I0-I3:2;I0-I5:9;I0-I8:10;I1-I4:12;I1-I12:3;I2-I3:5;I2-I11:6;I3-I9:5;I4-I5:6;I4-I10:6;I5-I7:2;I5-I10:7;I6-I11:7;I7-I9:6;I7-I13:7;I8-I9:2;I8-I15:8;I9-I11:4;I10-I11:2;I12-I13:2;I13-I14:7;I14-I15:9,33240.000000,61595.397561,28355.397561,4.968123,11.653435,6.685312,6.108175,8.0,3.5,4.0,6.0,10.0,20.0,16.0,48.0,80.0,200.0,False,False,0.002,0.005,0.1,0.0,0.0,0.0,40000,20000,16,8,69.0,16,105.0,36.0,20.0,1730.000000,70,6,1,True,False,16,physical,1,42,130.355443,0.0
spanke_benes_rect_16x16,default,12-7-0-11-14-8-13-9-6-15-1-5-3-2-4-10,routed,16,16,0,0,173,24,8,I0-I3:5;I0-I6:4;I1-I2:5;I1-I5:8;I1-I8:3;I2-I3:2;I2-I8:2;I2-I10:6;I3-I6:2;I3-I15:5;I4-I6:7;I4-I9:8;I5-I7:6;I6-I9:2;I7-I15:6;I8-I9:2;I8-I11:3;I10-I11:2;I10-I13:6;I11-I14:5;I11-I15:2;I12-I13:5;I12-I14:8;I14-I15:4,33240.000000,61378.432936,28138.432936,4.968123,11.935551,6.967428,6.004179,8.0,3.5,4.0,6.0,10.0,20.0,16.0,48.0,80.0,200.0,False,False,0.002,0.005,0.1,0.0,0.0,0.0,40000,20000,16,8,69.0,16,105.0,36.0,20.0,1730.000000,57,6,1,True,False,16,physical,2,42,118.681804,0.0
spanke_benes_rect_16x16,default,2-10-7-12-13-0-11-15-5-9-4-8-1-6-14-3,failed,16,15,1,0,160,27,8,I0-I1:2;I0-I2:4;I0-I8:2;I0-I10:2;I0-I12:5;I0-I15:4;I1-I2:3;I1-I6:6;I1-I9:5;I2-I3:2;I2-I11:6;I2-I13:5;I3-I4:6;I3-I6:7;I4-I14:8;I6-I7:2;I7-I14:7;I8-I9:2;I8-I10:5;I8-I13:6;I9-I11:5;I9-I14:2;I10-I11:2;I10-I15:5;I11-I14:2;I12-I13:2;I13-I14:2,33240.000000,58998.902001,25758.902001,4.955456,11.479014,6.523559,6.126787,8.0,3.5,4.0,6.0,10.0,20.0,16.0,48.0,80.0,200.0,False,False,0.002,0.005,0.1,0.0,0.0,0.0,40000,20000,16,8,69.0,16,105.0,36.0,20.0,1730.000000,108,6,4,True,True,16,physical,3,42,844.954520,0.0625
spanke_benes_rect_16x16,default,10-3-11-0-12-14-8-9-2-5-15-4-6-1-13-7,routed,16,16,0,0,180,24,8,I0-I1:3;I0-I2:6;I0-I7:5;I1-I3:5;I1-I6:2;I1-I8:7;I1-I11:8;I2-I4:8;I3-I8:4;I3-I13:4;I4-I5:2;I4-I14:6;I5-I10:8;I5-I14:7;I6-I7:6;I6-I15:5;I7-I14:2;I8-I9:2;I8-I13:5;I9-I11:7;I9-I12:8;I10-I14:5;I12-I15:8;I14-I15:5,33240.000000,61597.835616,28357.835616,4.955456,12.043510,7.088054,6.107542,8.0,3.5,4.0,6.0,10.0,20.0,16.0,48.0,80.0,200.0,False,False,0.002,0.005,0.1,0.0,0.0,0.0,40000,20000,16,8,69.0,16,105.0,36.0,20.0,1730.000000,70,6,1,True,False,16,physical,4,42,136.046331,0.0
spanke_benes_rect_16x16,default,9-14-11-13-1-0-12-5-3-8-10-4-6-15-2-7,routed,16,16,0,0,172,28,11,I0-I1:2;I0-I2:2;I0-I9:3;I0-I10:4;I1-I3:3;I1-I13:2;I2-I3:2;I2-I6:4;I2-I10:3;I3-I6:3;I3-I13:2;I4-I5:11;I4-I7:2;I4-I8:6;I4-I14:4;I6-I10:3;I6-I13:4;I7-I11:7;I7-I12:8;I8-I9:2;I8-I11:8;I8-I14:3;I9-I10:4;I9-I15:7;I10-I13:4;I12-I13:2;I12-I15:6;I14-I15:2,33240.000000,61551.994881,28311.994881,5.006788,11.532588,6.525800,6.014312,8.0,3.5,4.0,6.0,10.0,20.0,16.0,48.0,80.0,200.0,False,False,0.002,0.005,0.1,0.0,0.0,0.0,40000,20000,16,8,69.0,16,105.0,36.0,20.0,1730.000000,77,6,2,True,False,16,physical,5,42,184.802179,0.0
spanke_benes_rect_16x16,default,4-15-0-2-14-12-10-6-7-13-5-11-9-3-1-8,routed,16,16,0,0,172,23,12,I0-I1:2;I0-I3:7;I0-I7:4;I0-I10:6;I0-I13:5;I2-I3:12;I2-I14:2;I3-I5:2;I3-I13:4;I3-I14:3;I4-I9:5;I5-I9:4;I5-I11:5;I6-I11:6;I6-I12:7;I7-I8:8;I7-I10:7;I8-I9:2;I8-I15:8;I9-I11:3;I10-I11:2;I12-I15:7;I14-I15:2,33240.000000,61363.207285,28123.207285,4.968123,11.815689,6.847566,5.983838,8.0,3.5,4.0,6.0,10.0,20.0,16.0,48.0,80.0,200.0,False,False,0.002,0.005,0.1,0.0,0.0,0.0,40000,20000,16,8,69.0,16,105.0,36.0,20.0,1730.000000,64,6,1,True,False,16,physical,6,42,114.609263,0.0
spanke_benes_rect_16x16,default,1-7-14-10-0-15-4-2-3-5-12-13-6-9-11-8,routed,16,16,0,0,191,23,12,I0-I1:4;I0-I4:11;I0-I7:12;I1-I3:2;I1-I12:7;I1-I15:8;I2-I5:4;I2-I11:5;I3-I13:7;I3-I14:6;I4-I5:2;I6-I8:11;I6-I9:10;I7-I8:10;I8-I9:2;I9-I10:2;I9-I12:10;I10-I11:10;I10-I14:9;I12-I13:2;I12-I15:2;I13-I14:4;I13-I15:9,33240.000000,62048.654222,28808.654222,4.955456,11.856438,6.900982,6.291082,8.0,3.5,4.0,6.0,10.0,20.0,16.0,48.0,80.0,200.0,False,False,0.002,0.005,0.1,0.0,0.0,0.0,40000,20000,16,8,69.0,16,105.0,36.0,20.0,1730.000000,104,6,3,True,False,16,physical,7,42,399.380025,0.0
spanke_benes_rect_16x16,default,13-3-15-0-8-2-4-7-11-14-1-9-6-10-12-5,routed,16,16,0,0,186,24,12,I0-I9:4;I0-I14:3;I1-I5:11;I1-I6:12;I2-I9:3;I3-I5:6;I3-I10:6;I4-I7:9;I4-I11:8;I5-I10:7;I6-I7:4;I6-I12:2;I6-I15:6;I7-I8:2;I7-I12:7;I8-I9:2;I8-I13:7;I8-I14:8;I9-I14:5;I10-I11:2;I11-I13:10;I12-I13:2;I12-I15:7;I13-I14:6,33240.000000,61919.441818,28679.441818,4.942788,11.981187,7.038398,6.219305,8.0,3.5,4.0,6.0,10.0,20.0,16.0,48.0,80.0,200.0,False,False,0.002,0.005,0.1,0.0,0.0,0.0,40000,20000,16,8,69.0,16,105.0,36.0,20.0,1730.000000,76,6,1,True,False,16,physical,8,42,144.476742,0.0
spanke_benes_rect_16x16,default,3-9-13-11-15-14-0-7-2-6-4-1-5-10-12-8,routed,16,16,0,0,178,26,10,I0-I1:6;I0-I8:7;I0-I10:8;I1-I3:4;I1-I13:4;I1-I15:3;I2-I3:3;I2-I5:6;I2-I14:3;I3-I13:3;I3-I14:4;I4-I5:5;I6-I7:2;I6-I8:2;I6-I11:6;I7-I9:5;I7-I15:6;I8-I9:2;I8-I11:7;I9-I12:7;I9-I15:2;I10-I12:8;I12-I13:2;I12-I15:2;I13-I14:10;I13-I15:7,33240.000000,61510.083395,28270.083395,4.968123,11.925187,6.957064,6.075323,8.0,3.5,4.0,6.0,10.0,20.0,16.0,48.0,80.0,200.0,False,False,0.002,0.005,0.1,0.0,0.0,0.0,40000,20000,16,8,69.0,16,105.0,36.0,20.0,1730.000000,64,6,1,True,False,16,physical,9,42,124.900317,0.0
