topology,layout,permutation,input_port,output_port,route_status,failure_reason,physical_wiring_um,bend_count,crossing_count,physical_il_db,topology_il_db,il_delta_db,topology_wiring_um,wiring_delta_um,mrr_loss_db,sxr_db,n_logical,layer,perm_idx,seed
padded_benes_4x4,default,2-1-3-0,0,2,routed,,664.809725,15,8,3.355958,1.905339,1.450619,377.000000,287.809725,1.151339,11.271180,4,physical,0,42
padded_benes_4x4,default,2-1-3-0,1,1,routed,,915.247780,12,8,3.358787,1.574292,1.784496,453.000000,462.247780,0.668292,19.439827,4,physical,0,42
padded_benes_4x4,default,2-1-3-0,2,3,routed,,1092.225651,19,11,4.530790,1.977339,2.553451,413.000000,679.225651,1.151339,10.597570,4,physical,0,42
padded_benes_4x4,default,2-1-3-0,3,0,routed,,734.809725,15,5,3.679005,2.420385,1.258619,393.000000,341.809725,1.634385,7.561953,4,physical,0,42
padded_benes_4x4,default,3-2-0-1,0,3,routed,,734.809725,15,5,3.679005,2.420385,1.258619,393.000000,341.809725,1.634385,7.985623,4,physical,1,42
padded_benes_4x4,default,3-2-0-1,1,2,routed,,916.663706,16,5,4.047713,2.484385,1.563327,425.000000,491.663706,1.634385,7.921623,4,physical,1,42
padded_benes_4x4,default,3-2-0-1,2,0,routed,,591.393798,11,6,2.989126,1.905339,1.083788,377.000000,214.393798,1.151339,10.841876,4,physical,1,42
padded_benes_4x4,default,3-2-0-1,3,1,routed,,1012.663706,16,6,3.856666,2.033339,1.823327,441.000000,571.663706,1.151339,10.713876,4,physical,1,42
padded_benes_4x4,default,1-3-2-0,0,1,routed,,563.393798,11,3,2.633126,1.849339,0.783788,349.000000,214.393798,1.151339,11.501892,4,physical,2,42
padded_benes_4x4,default,1-3-2-0,1,3,failed,capped rip-up hop exhausted bounded candidates before A*: same-net avoidance candidate outside route window,,,,,2.033339,,441.000000,,1.151339,10.690639,4,physical,2,42
padded_benes_4x4,default,1-3-2-0,2,2,routed,,739.393798,11,5,2.702079,1.510292,1.191788,421.000000,318.393798,0.668292,19.209592,4,physical,2,42
padded_benes_4x4,default,1-3-2-0,3,0,routed,,884.663706,16,4,3.883713,2.484385,1.399327,425.000000,459.663706,1.634385,7.700826,4,physical,2,42
waksman_4x4,default,2-1-3-0,0,2,routed,,651.685835,9,6,2.876946,1.622575,1.254372,347.000000,304.685835,0.928575,11.797311,4,physical,0,42
waksman_4x4,default,2-1-3-0,1,1,routed,,915.247780,12,7,3.258787,1.574292,1.684496,453.000000,462.247780,0.668292,19.495029,4,physical,0,42
waksman_4x4,default,2-1-3-0,2,3,routed,,783.393798,11,6,3.150362,1.686575,1.463788,379.000000,404.393798,0.928575,11.082975,4,physical,0,42
waksman_4x4,default,2-1-3-0,3,0,routed,,712.809725,15,5,3.635005,2.420385,1.214619,393.000000,319.809725,1.634385,7.566281,4,physical,0,42
waksman_4x4,default,3-2-0-1,0,3,routed,,697.247780,12,3,3.166117,2.193621,0.972496,391.000000,306.247780,1.411621,7.911880,4,physical,1,42
waksman_4x4,default,3-2-0-1,1,2,routed,,639.247780,12,3,3.050117,2.137621,0.912496,363.000000,276.247780,1.411621,7.972332,4,physical,1,42
waksman_4x4,default,3-2-0-1,2,0,routed,,621.393798,11,8,3.249126,1.905339,1.343788,377.000000,244.393798,1.151339,11.280214,4,physical,1,42
waksman_4x4,default,3-2-0-1,3,1,routed,,1056.371669,18,8,4.154082,2.033339,2.120743,441.000000,615.371669,1.151339,11.161267,4,physical,1,42
waksman_4x4,default,1-3-2-0,0,1,routed,,563.393798,11,5,2.833126,1.849339,0.983788,349.000000,214.393798,1.151339,11.501892,4,physical,2,42
waksman_4x4,default,1-3-2-0,1,3,routed,,759.539816,10,4,2.897654,1.742575,1.155080,407.000000,352.539816,0.928575,11.215920,4,physical,2,42
waksman_4x4,default,1-3-2-0,2,2,routed,,695.685835,9,6,2.481900,1.227528,1.254372,391.000000,304.685835,0.445528,21.027302,4,physical,2,42
waksman_4x4,default,1-3-2-0,3,0,routed,,884.663706,16,5,3.983713,2.484385,1.499327,425.000000,459.663706,1.634385,7.709900,4,physical,2,42
spanke_benes_4x4,default,2-1-3-0,0,2,routed,,1100.809725,15,6,4.733769,3.135149,1.598619,639.000000,461.809725,1.857149,6.950375,4,physical,0,42
spanke_benes_4x4,default,2-1-3-0,1,1,routed,,781.831853,8,4,3.638049,2.712385,0.925664,539.000000,242.831853,1.634385,7.815852,4,physical,0,42
spanke_benes_4x4,default,2-1-3-0,2,3,routed,,935.539816,10,3,3.149654,2.126575,1.023080,599.000000,336.539816,0.928575,10.667698,4,physical,0,42
spanke_benes_4x4,default,2-1-3-0,3,0,routed,,974.809725,15,3,4.442052,3.339432,1.102619,611.000000,363.809725,2.117432,5.648899,4,physical,0,42
spanke_benes_4x4,default,3-2-0-1,0,3,routed,,966.955743,14,3,4.421344,3.339432,1.081911,611.000000,355.955743,2.117432,4.899655,4,physical,1,42
spanke_benes_4x4,default,3-2-0-1,1,2,routed,,909.247780,12,3,4.295928,3.283432,1.012496,583.000000,326.247780,2.117432,5.413230,4,physical,1,42
spanke_benes_4x4,default,3-2-0-1,2,0,routed,,841.247780,12,4,3.776881,2.768385,1.008496,567.000000,274.247780,1.634385,7.828069,4,physical,1,42
spanke_benes_4x4,default,3-2-0-1,3,1,routed,,1084.955743,14,4,4.274297,2.888385,1.385911,627.000000,457.955743,1.634385,8.394864,4,physical,1,42
spanke_benes_4x4,default,1-3-2-0,0,1,routed,,690.269908,5,5,3.056878,2.197339,0.859540,523.000000,167.269908,1.151339,11.603905,4,physical,2,42
spanke_benes_4x4,default,1-3-2-0,1,3,routed,,1060.955743,14,4,4.226297,2.888385,1.337911,627.000000,433.955743,1.634385,6.983242,4,physical,2,42
spanke_benes_4x4,default,1-3-2-0,2,2,routed,,1064.955743,14,4,4.234297,2.888385,1.345911,627.000000,437.955743,1.634385,7.433795,4,physical,2,42
spanke_benes_4x4,default,1-3-2-0,3,0,routed,,974.809725,15,3,4.442052,3.339432,1.102619,611.000000,363.809725,2.117432,5.661173,4,physical,2,42
padded_benes_8x8,default,3-1-2-4-0,0,3,routed,,1026.225651,19,8,5.027365,3.365913,1.661451,643.000000,383.225651,2.079913,7.797064,5,physical,0,42
padded_benes_8x8,default,3-1-2-4-0,1,1,routed,,1264.079633,20,7,4.441979,2.519820,1.922159,703.000000,561.079633,1.113820,17.479472,5,physical,0,42
padded_benes_8x8,default,3-1-2-4-0,2,2,routed,,1611.349541,25,11,6.527612,3.693913,2.833699,807.000000,804.349541,2.079913,6.665350,5,physical,0,42
padded_benes_8x8,default,3-1-2-4-0,3,4,routed,,1480.911486,28,6,6.264783,4.072960,2.191823,755.000000,725.911486,2.562960,6.213122,5,physical,0,42
padded_benes_8x8,default,3-1-2-4-0,4,0,failed,capped rip-up hop exhausted bounded candidates before A*: same-net avoidance candidate outside route window,,,,,3.952960,,695.000000,,2.562960,6.697651,5,physical,0,42
padded_benes_8x8,default,3-2-0-4-1,0,3,routed,,1046.225651,19,9,5.167365,3.365913,1.801451,643.000000,403.225651,2.079913,7.797064,5,physical,1,42
padded_benes_8x8,default,3-2-0-4-1,1,2,routed,,1269.495559,24,9,5.638904,3.429913,2.208991,675.000000,594.495559,2.079913,7.498947,5,physical,1,42
padded_benes_8x8,default,3-2-0-4-1,2,0,routed,,1583.641578,23,12,7.045243,4.200960,2.844283,819.000000,764.641578,2.562960,4.819887,5,physical,1,42
padded_benes_8x8,default,3-2-0-4-1,3,4,routed,,1443.203522,26,9,6.479367,4.072960,2.406407,755.000000,688.203522,2.562960,6.213122,5,physical,1,42
padded_benes_8x8,default,3-2-0-4-1,4,1,routed,,1359.349541,25,5,6.389706,4.468007,1.921699,711.000000,648.349541,3.046007,4.878192,5,physical,1,42
padded_benes_8x8,default,3-1-2-0-4,0,3,routed,,1026.225651,19,8,5.027365,3.365913,1.661451,643.000000,383.225651,2.079913,7.430130,5,physical,2,42
padded_benes_8x8,default,3-1-2-0-4,1,1,routed,,1232.663706,16,8,4.459147,2.519820,1.939327,703.000000,529.663706,1.113820,17.306698,5,physical,2,42
padded_benes_8x8,default,3-1-2-0-4,2,2,routed,,1619.349541,25,12,6.643612,3.693913,2.949699,807.000000,812.349541,2.079913,6.665350,5,physical,2,42
padded_benes_8x8,default,3-1-2-0-4,3,0,failed,"capped rip-up hop exhausted bounded candidates before A*: deterministic hop candidate segment is blocked; blocked_by=padded_benes_8x8_s1_w1_3/obstacle:(123.000,191.000)->(212.000,191.000)",,,,,3.685913,,803.000000,,2.079913,6.368176,5,physical,2,42
padded_benes_8x8,default,3-1-2-0-4,4,4,routed,,1116.809725,15,8,4.222439,2.599820,1.622619,743.000000,373.809725,1.113820,22.205182,5,physical,2,42
waksman_5x5,default,3-1-2-4-0,0,3,routed,,1264.517688,17,11,5.571185,3.095149,2.476035,619.000000,645.517688,1.857149,7.424391,5,physical,0,42
waksman_5x5,default,3-1-2-4-0,1,1,routed,,1144.955743,14,10,4.028203,1.994292,2.033911,663.000000,481.955743,0.668292,18.777157,5,physical,0,42
waksman_5x5,default,3-1-2-4-0,2,2,routed,,1204.225651,19,6,4.737837,2.848385,1.889451,607.000000,597.225651,1.634385,7.551369,5,physical,0,42
waksman_5x5,default,3-1-2-4-0,3,4,failed,"capped rip-up hop exhausted bounded candidates before A*: deterministic hop candidate segment is blocked; blocked_by=waksman_5x5_s1_w1_3/obstacle:(123.000,83.000)->(212.000,83.000)",,,,,3.391432,,637.000000,,2.117432,4.911823,5,physical,0,42
waksman_5x5,default,3-1-2-4-0,4,0,routed,,829.685835,9,7,3.555710,2.305339,1.250372,577.000000,252.685835,1.151339,11.518892,5,physical,0,42
waksman_5x5,default,3-2-0-4-1,0,3,routed,,1264.225651,19,10,5.480601,3.095149,2.385451,619.000000,645.225651,1.857149,7.424391,5,physical,1,42
waksman_5x5,default,3-2-0-4-1,1,2,routed,,1126.663706,16,9,4.867713,2.904385,1.963327,635.000000,491.663706,1.634385,7.849914,5,physical,1,42
waksman_5x5,default,3-2-0-4-1,2,0,routed,,1036.517688,17,6,4.875468,3.355432,1.520035,619.000000,417.517688,2.117432,5.237131,5,physical,1,42
waksman_5x5,default,3-2-0-4-1,3,4,routed,,1048.663706,16,8,5.094760,3.391432,1.703327,637.000000,411.663706,2.117432,4.911823,5,physical,1,42
waksman_5x5,default,3-2-0-4-1,4,1,routed,,929.101761,13,5,4.057589,2.820385,1.237204,593.000000,336.101761,1.634385,8.436391,5,physical,1,42
waksman_5x5,default,3-1-2-0-4,0,3,failed,"cannot route waksman_5x5_s1_w0_2.th to waksman_5x5_s2_w0_4.in on physical grid: blocked by port access (port_access_overlap_foreign); candidate=(275.000,68.000)->(265.000,68.000) region=I4/waksman_5x5_s2_w0_4.drop:(279.000,68.000)->(265.000,68.000); soft_repeat=I1/repeated_crossing pair=I0-I1 at=(248.000,112.000) source=I0->I1@(48.000,130.000):(20.000,130.000)->(55.000,130.000)x(48.000,122.000)->(48.000,143.000) counters=port_access:28,window:728,same_net:464,crossing_candidate:15,crossing_budget:0,hard_reserved_crossing:0,soft_repeated_crossing:520,soft_reserved_crossing:0,reserved_spacing:68,segment:1542,pops:3278,max_heap:131",,,,,3.365913,,643.000000,,2.079913,7.106162,5,physical,2,42
waksman_5x5,default,3-1-2-0-4,1,1,routed,,1244.663706,16,6,3.837619,1.994292,1.843327,663.000000,581.663706,0.668292,18.969857,5,physical,2,42
waksman_5x5,default,3-1-2-0-4,2,2,routed,,1150.517688,17,6,4.620421,2.848385,1.772035,607.000000,543.517688,1.634385,7.643662,5,physical,2,42
waksman_5x5,default,3-1-2-0-4,3,0,routed,,1255.641578,23,8,5.283433,3.095149,2.188283,619.000000,636.641578,1.857149,6.956127,5,physical,2,42
waksman_5x5,default,3-1-2-0-4,4,4,routed,,918.123890,6,4,2.489012,1.364764,1.124248,571.000000,347.123890,0.222764,24.309551,5,physical,2,42
spanke_benes_5x5,default,3-1-2-4-0,0,3,routed,,1470.225651,19,7,6.298411,4.316960,1.981451,877.000000,593.225651,2.562960,3.982697,5,physical,0,42
spanke_benes_5x5,default,3-1-2-4-0,1,1,routed,,991.831853,8,6,4.480813,3.323149,1.157664,733.000000,258.831853,1.857149,7.354263,5,physical,0,42
spanke_benes_5x5,default,3-1-2-4-0,2,2,routed,,1562.079633,20,8,6.104073,3.865913,2.238159,893.000000,669.079633,2.079913,6.806477,5,physical,0,42
spanke_benes_5x5,default,3-1-2-4-0,3,4,routed,,1147.539816,10,3,3.573654,2.546575,1.027080,809.000000,338.539816,0.928575,10.279425,5,physical,0,42
spanke_benes_5x5,default,3-1-2-4-0,4,0,routed,,1312.225651,19,4,5.942694,4.521243,1.421451,849.000000,463.225651,2.823243,3.578313,5,physical,0,42
spanke_benes_5x5,default,3-2-0-4-1,0,3,routed,,1470.225651,19,7,6.298411,4.316960,1.981451,877.000000,593.225651,2.562960,3.990191,5,physical,1,42
spanke_benes_5x5,default,3-2-0-4-1,1,2,routed,,1406.371669,18,7,6.165703,4.260960,1.904743,849.000000,557.371669,2.562960,4.505371,5,physical,1,42
spanke_benes_5x5,default,3-2-0-4-1,2,0,routed,,1051.247780,12,6,4.619645,3.379149,1.240496,761.000000,290.247780,1.857149,7.131760,5,physical,1,42
spanke_benes_5x5,default,3-2-0-4-1,3,4,routed,,1147.539816,10,3,3.573654,2.546575,1.027080,809.000000,338.539816,0.928575,10.279425,5,physical,1,42
spanke_benes_5x5,default,3-2-0-4-1,4,1,routed,,1432.225651,19,5,5.799647,4.070196,1.729451,865.000000,567.225651,2.340196,5.331719,5,physical,1,42
spanke_benes_5x5,default,3-1-2-0-4,0,3,routed,,1501.933614,21,9,6.571827,4.316960,2.254867,877.000000,624.933614,2.562960,3.778067,5,physical,2,42
spanke_benes_5x5,default,3-1-2-0-4,1,1,routed,,1266.955743,14,8,5.483825,3.689913,1.793911,805.000000,461.955743,2.079913,6.649912,5,physical,2,42
spanke_benes_5x5,default,3-1-2-0-4,2,2,routed,,1578.079633,20,8,6.136073,3.865913,2.270159,893.000000,685.079633,2.079913,6.526555,5,physical,2,42
spanke_benes_5x5,default,3-1-2-0-4,3,0,routed,,1186.517688,17,5,5.298232,3.950196,1.348035,805.000000,381.517688,2.340196,5.300500,5,physical,2,42
spanke_benes_5x5,default,3-1-2-0-4,4,4,routed,,1052.123890,6,4,2.757012,1.784764,0.972248,781.000000,271.123890,0.222764,25.561456,5,physical,2,42
padded_benes_8x8,default,3-1-2-4-0-5,0,3,routed,,1026.225651,19,10,5.227365,3.365913,1.861451,643.000000,383.225651,2.079913,7.797064,6,physical,0,42
padded_benes_8x8,default,3-1-2-4-0-5,1,1,routed,,1264.079633,20,9,4.641979,2.519820,2.122159,703.000000,561.079633,1.113820,16.439022,6,physical,0,42
padded_benes_8x8,default,3-1-2-4-0-5,2,2,routed,,1611.349541,25,13,6.727612,3.693913,3.033699,807.000000,804.349541,2.079913,6.655926,6,physical,0,42
padded_benes_8x8,default,3-1-2-4-0-5,3,4,routed,,1580.619449,30,9,6.774199,4.072960,2.701239,755.000000,825.619449,2.562960,6.092197,6,physical,0,42
padded_benes_8x8,default,3-1-2-4-0-5,4,0,failed,"capped rip-up hop exhausted bounded candidates before A*: same-net avoidance candidate segment is blocked; blocked_by=unknown/forbidden_point at=(160.000,40.000):(160.000,68.000)->(160.000,-16.000)",,,,,3.952960,,695.000000,,2.562960,6.539144,6,physical,0,42
padded_benes_8x8,default,3-1-2-4-0-5,5,5,routed,,1664.079633,20,9,5.441979,2.839820,2.602159,863.000000,801.079633,1.113820,18.098039,6,physical,0,42
padded_benes_8x8,default,3-0-2-4-5-1,0,3,routed,,1026.225651,19,10,5.227365,3.365913,1.861451,643.000000,383.225651,2.079913,8.007128,6,physical,1,42
padded_benes_8x8,default,3-0-2-4-5-1,1,0,routed,,1163.787596,22,9,4.934442,2.970867,1.963575,687.000000,476.787596,1.596867,11.373703,6,physical,1,42
padded_benes_8x8,default,3-0-2-4-5-1,2,2,routed,,1611.349541,25,13,6.727612,3.693913,3.033699,807.000000,804.349541,2.079913,6.655926,6,physical,1,42
padded_benes_8x8,default,3-0-2-4-5-1,3,4,routed,,1580.619449,30,9,6.774199,4.072960,2.701239,755.000000,825.619449,2.562960,6.300444,6,physical,1,42
padded_benes_8x8,default,3-0-2-4-5-1,4,5,routed,,1538.225651,19,9,5.668318,3.290867,2.377451,847.000000,691.225651,1.596867,9.300948,6,physical,1,42
padded_benes_8x8,default,3-0-2-4-5-1,5,1,failed,"capped rip-up hop exhausted bounded candidates before A*: same-net avoidance candidate segment is blocked; blocked_by=unknown/forbidden_point at=(160.000,40.000):(160.000,68.000)->(160.000,-16.000)",,,,,4.983054,,727.000000,,3.529054,2.597273,6,physical,1,42
padded_benes_8x8,default,3-1-2-0-4-5,0,3,routed,,1048.225651,19,10,5.271365,3.365913,1.905451,643.000000,405.225651,2.079913,7.430130,6,physical,2,42
padded_benes_8x8,default,3-1-2-0-4-5,1,1,routed,,1232.663706,16,10,4.659147,2.519820,2.139327,703.000000,529.663706,1.113820,16.302483,6,physical,2,42
padded_benes_8x8,default,3-1-2-0-4-5,2,2,routed,,1696.765467,29,13,6.918444,3.693913,3.224531,807.000000,889.765467,2.079913,6.655926,6,physical,2,42
padded_benes_8x8,default,3-1-2-0-4-5,3,0,failed,"cannot route padded_benes_8x8_s1_w0_2.drop to padded_benes_8x8_s2_w2_6.in on physical grid: blocked by port access (port_access_overlap_foreign); candidate=(170.000,184.000)->(160.000,184.000) region=I1/padded_benes_8x8_s1_w1_3.in:(174.000,184.000)->(160.000,184.000); soft_repeat=I0/repeated_crossing pair=I0-I3 at=(232.000,220.000) source=I3->I0@(152.000,238.000):(152.000,238.000)->(152.000,251.000)x(115.000,238.000)->(160.000,238.000) counters=port_access:28,window:360,same_net:425,crossing_candidate:42,crossing_budget:0,hard_reserved_crossing:0,soft_repeated_crossing:285,soft_reserved_crossing:0,reserved_spacing:20,segment:624,pops:2500,max_heap:149",,,,,3.685913,,803.000000,,2.079913,6.359390,6,physical,2,42
padded_benes_8x8,default,3-1-2-0-4-5,4,4,routed,,1116.809725,15,13,4.722439,2.599820,2.122619,743.000000,373.809725,1.113820,17.979594,6,physical,2,42
padded_benes_8x8,default,3-1-2-0-4-5,5,5,routed,,1696.079633,20,12,5.805979,2.839820,2.966159,863.000000,833.079633,1.113820,17.840002,6,physical,2,42
waksman_6x6,default,3-1-2-4-0-5,0,3,routed,,1318.225651,19,8,5.388601,3.095149,2.293451,619.000000,699.225651,1.857149,7.530738,6,physical,0,42
waksman_6x6,default,3-1-2-4-0-5,1,1,failed,capped rip-up hop exhausted bounded candidates before A*: same-net avoidance candidate outside route window,,,,,2.519820,,703.000000,,1.113820,16.137174,6,physical,0,42
waksman_6x6,default,3-1-2-4-0-5,2,2,routed,,1575.641578,23,15,6.623433,3.103149,3.520283,623.000000,952.641578,1.857149,7.166571,6,physical,0,42
waksman_6x6,default,3-1-2-4-0-5,3,4,routed,,1136.371669,18,10,5.480176,3.391432,2.088743,637.000000,499.371669,2.117432,4.988902,6,physical,0,42
waksman_6x6,default,3-1-2-4-0-5,4,0,routed,,926.809725,15,7,4.002722,2.660103,1.342619,643.000000,283.809725,1.374103,10.886557,6,physical,0,42
waksman_6x6,default,3-1-2-4-0-5,5,5,routed,,1155.539816,10,10,3.806608,1.727528,2.079080,641.000000,514.539816,0.445528,20.708013,6,physical,0,42
waksman_6x6,default,3-0-2-4-5-1,0,3,routed,,1351.933614,21,12,5.866017,3.095149,2.770867,619.000000,732.933614,1.857149,7.543548,6,physical,1,42
waksman_6x6,default,3-0-2-4-5-1,1,0,routed,,1132.371669,18,11,5.051610,2.970867,2.080743,687.000000,445.371669,1.596867,10.464199,6,physical,1,42
waksman_6x6,default,3-0-2-4-5-1,2,2,routed,,1421.641578,23,15,6.315433,3.103149,3.212283,623.000000,798.641578,1.857149,7.166571,6,physical,1,42
waksman_6x6,default,3-0-2-4-5-1,3,4,routed,,1136.079633,20,10,5.489591,3.391432,2.098159,637.000000,499.079633,2.117432,5.141088,6,physical,1,42
waksman_6x6,default,3-0-2-4-5-1,4,5,routed,,1155.393798,11,8,4.094362,2.178575,1.915788,625.000000,530.393798,0.928575,10.602701,6,physical,1,42
waksman_6x6,default,3-0-2-4-5-1,5,1,failed,"cannot route waksman_6x6_s0_w4_5.th to waksman_6x6_s2_w0_4.add on physical grid: A* pop limit exceeded; soft_repeat=I0/repeated_crossing pair=I0-I5 at=(152.000,72.000) source=I5->I0@(144.000,83.000):(144.000,83.000)->(152.000,83.000)x(144.000,140.000)->(144.000,72.000) counters=port_access:40,window:596,same_net:748,crossing_candidate:37,crossing_budget:0,hard_reserved_crossing:0,soft_repeated_crossing:585,soft_reserved_crossing:0,reserved_spacing:131,segment:2181,pops:8001,max_heap:393",,,,,3.690196,,675.000000,,2.340196,5.188018,6,physical,1,42
waksman_6x6,default,3-1-2-0-4-5,0,3,routed,,1109.787596,22,10,5.409489,3.365913,2.043575,643.000000,466.787596,2.079913,7.217420,6,physical,2,42
waksman_6x6,default,3-1-2-0-4-5,1,1,routed,,1232.663706,16,11,4.759147,2.519820,2.239327,703.000000,529.663706,1.113820,16.215092,6,physical,2,42
waksman_6x6,default,3-1-2-0-4-5,2,2,routed,,1755.057504,27,11,6.602264,3.103149,3.499115,623.000000,1132.057504,1.857149,7.256114,6,physical,2,42
waksman_6x6,default,3-1-2-0-4-5,3,0,failed,"capped rip-up hop exhausted bounded candidates before A*: deterministic hop candidate segment is blocked; blocked_by=waksman_6x6_s1_w1_3/obstacle:(123.000,119.000)->(212.000,119.000)",,,,,3.095149,,619.000000,,1.857149,6.972152,6,physical,2,42
waksman_6x6,default,3-1-2-0-4-5,4,4,routed,,991.685835,9,10,3.473900,1.719528,1.754372,637.000000,354.685835,0.445528,20.640580,6,physical,2,42
waksman_6x6,default,3-1-2-0-4-5,5,5,routed,,1187.539816,10,10,3.870608,1.727528,2.143080,641.000000,546.539816,0.445528,20.708013,6,physical,2,42
spanke_benes_6x6,default,3-1-2-4-0-5,0,3,routed,,1509.349541,25,7,6.406659,4.560960,1.845699,999.000000,510.349541,2.562960,4.452105,6,physical,0,42
spanke_benes_6x6,default,3-1-2-4-0-5,1,1,routed,,1764.079633,20,12,7.353600,4.667441,2.686159,1071.000000,693.079633,2.525441,5.963810,6,physical,0,42
spanke_benes_6x6,default,3-1-2-4-0-5,2,2,routed,,2043.203522,26,12,7.941848,4.843441,3.098407,1159.000000,884.203522,2.525441,5.905208,6,physical,0,42
spanke_benes_6x6,default,3-1-2-4-0-5,3,4,routed,,1704.663706,16,7,5.563430,3.524103,2.039327,1075.000000,629.663706,1.374103,9.188536,6,physical,0,42
spanke_benes_6x6,default,3-1-2-4-0-5,4,0,routed,,1785.495559,24,8,7.759762,5.498771,2.260991,1115.000000,670.495559,3.268771,2.825311,6,physical,0,42
spanke_benes_6x6,default,3-1-2-4-0-5,5,5,routed,,1264.123890,6,2,2.981012,2.204764,0.776248,991.000000,273.123890,0.222764,23.246787,6,physical,0,42
spanke_benes_6x6,default,3-0-2-4-5-1,0,3,routed,,1509.349541,25,7,6.406659,4.560960,1.845699,999.000000,510.349541,2.562960,4.530004,6,physical,1,42
spanke_benes_6x6,default,3-0-2-4-5-1,1,0,routed,,1680.371669,18,13,6.793138,4.152394,2.640743,1055.000000,625.371669,2.042394,8.042596,6,physical,1,42
spanke_benes_6x6,default,3-0-2-4-5-1,2,2,routed,,2043.203522,26,12,7.941848,4.843441,3.098407,1159.000000,884.203522,2.525441,6.004190,6,physical,1,42
spanke_benes_6x6,default,3-0-2-4-5-1,3,4,routed,,1720.371669,18,7,5.604846,3.524103,2.080743,1075.000000,645.371669,1.374103,9.406832,6,physical,1,42
spanke_benes_6x6,default,3-0-2-4-5-1,4,5,routed,,1359.539816,10,3,3.997654,2.966575,1.031080,1019.000000,340.539816,0.928575,9.802975,6,physical,1,42
spanke_benes_6x6,default,3-0-2-4-5-1,5,1,routed,,1773.641578,23,6,7.308290,5.252007,2.056283,1103.000000,670.641578,3.046007,2.766087,6,physical,1,42
spanke_benes_6x6,default,3-1-2-0-4-5,0,3,routed,,1527.203522,26,9,6.647367,4.560960,2.086407,999.000000,528.203522,2.562960,4.370897,6,physical,2,42
spanke_benes_6x6,default,3-1-2-0-4-5,1,1,routed,,1764.079633,20,12,7.353600,4.667441,2.686159,1071.000000,693.079633,2.525441,5.878684,6,physical,2,42
spanke_benes_6x6,default,3-1-2-0-4-5,2,2,routed,,2043.203522,26,12,7.941848,4.843441,3.098407,1159.000000,884.203522,2.525441,5.802525,6,physical,2,42
spanke_benes_6x6,default,3-1-2-0-4-5,3,0,routed,,2034.619449,30,11,8.327727,5.294488,3.033239,1143.000000,891.619449,3.008488,4.311219,6,physical,2,42
spanke_benes_6x6,default,3-1-2-0-4-5,4,4,routed,,1505.247780,12,8,4.538787,2.762292,1.776496,1047.000000,458.247780,0.668292,17.983491,6,physical,2,42
spanke_benes_6x6,default,3-1-2-0-4-5,5,5,routed,,1264.123890,6,2,2.981012,2.204764,0.776248,991.000000,273.123890,0.222764,23.246787,6,physical,2,42
padded_benes_8x8,default,1-3-4-2-6-0-5,0,1,routed,,861.101761,13,11,4.484070,2.794867,1.689204,599.000000,262.101761,1.596867,11.213968,7,physical,0,42
padded_benes_8x8,default,1-3-4-2-6-0-5,1,3,routed,,1364.079633,20,12,5.625026,2.978867,2.646159,691.000000,673.079633,1.596867,10.721428,7,physical,0,42
padded_benes_8x8,default,1-3-4-2-6-0-5,2,4,routed,,1792.473431,31,9,7.685954,4.588007,3.097947,771.000000,1021.473431,3.046007,4.270441,7,physical,0,42
padded_benes_8x8,default,1-3-4-2-6-0-5,3,2,routed,,1547.787596,22,14,6.202442,3.290867,2.911575,847.000000,700.787596,1.596867,8.861825,7,physical,0,42
padded_benes_8x8,default,1-3-4-2-6-0-5,4,6,routed,,1361.641578,23,9,5.335150,3.170867,2.164283,787.000000,574.641578,1.596867,9.658569,7,physical,0,42
padded_benes_8x8,default,1-3-4-2-6-0-5,5,0,routed,,1546.619449,30,7,6.989246,4.644007,2.345239,799.000000,747.619449,3.046007,4.298539,7,physical,0,42
padded_benes_8x8,default,1-3-4-2-6-0-5,6,5,failed,capped rip-up hop exhausted bounded candidates before A*: same-net avoidance candidate outside route window,,,,,3.493913,,707.000000,,2.079913,7.606787,7,physical,0,42
padded_benes_8x8,default,3-6-2-4-0-5-1,0,3,routed,,1113.933614,21,6,5.012781,3.365913,1.646867,643.000000,470.933614,2.079913,7.797064,7,physical,1,42
padded_benes_8x8,default,3-6-2-4-0-5-1,1,6,failed,"cannot route padded_benes_8x8_s0_w0_1.drop to padded_benes_8x8_s1_w1_3.in on physical grid: blocked by port access (port_access_overlap_foreign); candidate=(113.000,238.000)->(105.000,238.000) region=I0/padded_benes_8x8_s0_w0_1.th:(101.000,238.000)->(115.000,238.000); soft_repeat=I0/repeated_crossing pair=I0-I1 at=(120.000,238.000) source=I1->I0@(48.000,238.000):(48.000,238.000)->(48.000,251.000)x(20.000,238.000)->(55.000,238.000) counters=port_access:11,window:406,same_net:382,crossing_candidate:48,crossing_budget:0,hard_reserved_crossing:0,soft_repeated_crossing:168,soft_reserved_crossing:0,reserved_spacing:42,segment:683,pops:2899,max_heap:97",,,,,4.072960,,755.000000,,2.562960,6.862006,7,physical,1,42
padded_benes_8x8,default,3-6-2-4-0-5-1,2,2,routed,,1611.349541,25,13,6.727612,3.693913,3.033699,807.000000,804.349541,2.079913,6.576966,7,physical,1,42
padded_benes_8x8,default,3-6-2-4-0-5-1,3,4,routed,,1520.327412,32,13,7.063615,4.072960,2.990655,755.000000,765.327412,2.562960,6.114239,7,physical,1,42
padded_benes_8x8,default,3-6-2-4-0-5-1,4,0,failed,"cannot route padded_benes_8x8_s3_w0_2.th to padded_benes_8x8_s4_w0_1.in on physical grid counters=port_access:0,window:0,same_net:21,crossing_candidate:0,crossing_budget:0,hard_reserved_crossing:0,soft_repeated_crossing:0,soft_reserved_crossing:0,reserved_spacing:0,segment:5,pops:15,max_heap:3",,,,,3.952960,,695.000000,,2.562960,6.572996,7,physical,1,42
padded_benes_8x8,default,3-6-2-4-0-5-1,5,5,routed,,1803.203522,26,10,6.816320,3.613913,3.202407,767.000000,1036.203522,2.079913,6.939829,7,physical,1,42
padded_benes_8x8,default,3-6-2-4-0-5-1,6,1,routed,,1431.349541,25,8,6.350659,4.072960,2.277699,755.000000,676.349541,2.562960,6.046955,7,physical,1,42
padded_benes_8x8,default,3-2-4-1-5-6-0,0,3,routed,,1046.225651,19,13,5.567365,3.365913,2.201451,643.000000,403.225651,2.079913,7.430130,7,physical,2,42
padded_benes_8x8,default,3-2-4-1-5-6-0,1,2,routed,,1238.079633,20,13,5.956073,3.429913,2.526159,675.000000,563.079633,2.079913,7.560155,7,physical,2,42
padded_benes_8x8,default,3-2-4-1-5-6-0,2,4,failed,"cannot route padded_benes_8x8_s1_w1_3.drop to padded_benes_8x8_s2_w3_7.in on physical grid: blocked by port access (port_access_overlap_foreign); candidate=(170.000,184.000)->(160.000,184.000) region=I1/padded_benes_8x8_s1_w1_3.in:(174.000,184.000)->(160.000,184.000); soft_repeat=I0/repeated_crossing pair=I0-I2 at=(248.000,220.000) source=I2->I0@(144.000,220.000):(144.000,216.000)->(144.000,224.000)x(136.000,220.000)->(160.000,220.000) counters=port_access:21,window:165,same_net:192,crossing_candidate:28,crossing_budget:0,hard_reserved_crossing:0,soft_repeated_crossing:146,soft_reserved_crossing:0,reserved_spacing:11,segment:381,pops:1129,max_heap:94",,,,,4.588007,,771.000000,,3.046007,2.929340,7,physical,2,42
padded_benes_8x8,default,3-2-4-1-5-6-0,3,1,routed,,1443.203522,26,11,6.679367,4.200960,2.478407,819.000000,624.203522,2.562960,4.806043,7,physical,2,42
padded_benes_8x8,default,3-2-4-1-5-6-0,4,5,routed,,1200.517688,17,11,5.182902,3.114867,2.068035,759.000000,441.517688,1.596867,11.385489,7,physical,2,42
padded_benes_8x8,default,3-2-4-1-5-6-0,5,6,routed,,1683.495559,24,13,6.866904,3.749913,3.116991,835.000000,848.495559,2.079913,9.917801,7,physical,2,42
padded_benes_8x8,default,3-2-4-1-5-6-0,6,0,routed,,1491.057504,27,7,6.863122,4.588007,2.275115,771.000000,720.057504,3.046007,4.649356,7,physical,2,42
waksman_7x7,default,1-3-4-2-6-0-5,0,1,routed,,861.101761,13,12,4.584070,2.794867,1.789204,599.000000,262.101761,1.596867,10.324708,7,physical,0,42
waksman_7x7,default,1-3-4-2-6-0-5,1,3,routed,,1811.203522,26,21,7.226510,2.708103,4.518407,667.000000,1144.203522,1.374103,10.249636,7,physical,0,42
waksman_7x7,default,1-3-4-2-6-0-5,2,4,routed,,1269.641578,23,11,6.577526,4.149243,2.428283,663.000000,606.641578,2.823243,3.158547,7,physical,0,42
waksman_7x7,default,1-3-4-2-6-0-5,3,2,routed,,1547.787596,22,18,6.602442,3.290867,3.311575,847.000000,700.787596,1.596867,8.845453,7,physical,0,42
waksman_7x7,default,1-3-4-2-6-0-5,4,6,routed,,1098.809725,15,4,3.823958,2.369339,1.454619,609.000000,489.809725,1.151339,10.185971,7,physical,0,42
waksman_7x7,default,1-3-4-2-6-0-5,5,0,failed,"cannot route waksman_7x7_s2_w1_5.th to waksman_7x7_s3_w1_3.in on physical grid: blocked by route window; soft_repeat=I0/repeated_crossing pair=I0-I5 at=(336.000,184.000) source=I5->I0@(440.000,202.000):(440.000,194.000)->(440.000,215.000)x(430.000,202.000)->(475.000,202.000) counters=port_access:0,window:576,same_net:366,crossing_candidate:123,crossing_budget:0,hard_reserved_crossing:0,soft_repeated_crossing:942,soft_reserved_crossing:0,reserved_spacing:26,segment:1882,pops:5049,max_heap:243",,,,,3.239149,,691.000000,,1.857149,7.566261,7,physical,0,42
waksman_7x7,default,1-3-4-2-6-0-5,6,5,routed,,1224.663706,16,14,5.563713,3.140385,2.423327,753.000000,471.663706,1.634385,7.752637,7,physical,0,42
waksman_7x7,default,3-6-2-4-0-5-1,0,3,routed,,1701.057504,27,18,7.194264,3.159149,4.035115,651.000000,1050.057504,1.857149,6.749587,7,physical,1,42
waksman_7x7,default,3-6-2-4-0-5-1,1,6,routed,,1084.955743,14,6,4.957344,3.463432,1.493911,673.000000,411.955743,2.117432,4.907938,7,physical,1,42
waksman_7x7,default,3-6-2-4-0-5-1,2,2,routed,,1032.225651,19,13,5.539365,3.421913,2.117451,671.000000,361.225651,2.079913,6.999303,7,physical,1,42
waksman_7x7,default,3-6-2-4-0-5-1,3,4,routed,,1325.495559,24,10,6.111187,3.698196,2.412991,679.000000,646.495559,2.340196,5.268685,7,physical,1,42
waksman_7x7,default,3-6-2-4-0-5-1,4,0,failed,"cannot route waksman_7x7_s2_w1_5.th to waksman_7x7_s3_w1_3.in on physical grid: blocked by port access (port_access_overlap_foreign); candidate=(275.000,112.000)->(265.000,112.000) region=I3/waksman_7x7_s2_w1_5.in:(279.000,112.000)->(265.000,112.000); soft_repeat=I0/repeated_crossing pair=I0-I4 at=(352.000,148.000) source=I4->I0@(344.000,119.000):(344.000,119.000)->(344.000,140.000)x(336.000,119.000)->(430.000,119.000) counters=port_access:6,window:449,same_net:662,crossing_candidate:60,crossing_budget:0,hard_reserved_crossing:0,soft_repeated_crossing:619,soft_reserved_crossing:0,reserved_spacing:68,segment:1174,pops:4263,max_heap:178",,,,,3.690196,,675.000000,,2.340196,5.249213,7,physical,1,42
waksman_7x7,default,3-6-2-4-0-5-1,5,5,routed,,1240.371669,18,16,6.027893,3.367149,2.660743,755.000000,485.371669,1.857149,7.073990,7,physical,1,42
waksman_7x7,default,3-6-2-4-0-5-1,6,1,routed,,1314.079633,20,7,5.768355,3.790196,1.978159,725.000000,589.079633,2.340196,5.723444,7,physical,1,42
waksman_7x7,default,3-2-4-1-5-6-0,0,3,routed,,1433.933614,21,13,6.352781,3.685913,2.666867,803.000000,630.933614,2.079913,6.663320,7,physical,2,42
waksman_7x7,default,3-2-4-1-5-6-0,1,2,routed,,1230.079633,20,11,5.740073,3.429913,2.310159,675.000000,555.079633,2.079913,6.995765,7,physical,2,42
waksman_7x7,default,3-2-4-1-5-6-0,2,4,failed,"cannot route waksman_7x7_s1_w0_2.th to waksman_7x7_s2_w0_4.in on physical grid counters=port_access:0,window:0,same_net:14,crossing_candidate:0,crossing_budget:0,hard_reserved_crossing:0,soft_repeated_crossing:0,soft_reserved_crossing:0,reserved_spacing:0,segment:2,pops:7,max_heap:2",,,,,3.231149,,687.000000,,1.857149,6.949646,7,physical,2,42
waksman_7x7,default,3-2-4-1-5-6-0,3,1,routed,,1517.495559,24,13,5.829094,2.708103,3.120991,667.000000,850.495559,1.374103,10.192597,7,physical,2,42
waksman_7x7,default,3-2-4-1-5-6-0,4,5,routed,,1438.225651,19,7,4.822790,2.541339,2.281451,695.000000,743.225651,1.151339,10.041897,7,physical,2,42
waksman_7x7,default,3-2-4-1-5-6-0,5,6,failed,"cannot route waksman_7x7_s2_w2_6.drop to O6 on physical grid: blocked by route window; soft_repeat=I4/repeated_crossing pair=I4-I5 at=(256.000,89.000) source=I5->I4@(55.000,36.000):(20.000,36.000)->(115.000,36.000)x(55.000,50.000)->(55.000,29.000) counters=port_access:0,window:60,same_net:139,crossing_candidate:3,crossing_budget:0,hard_reserved_crossing:0,soft_repeated_crossing:10,soft_reserved_crossing:0,reserved_spacing:11,segment:73,pops:458,max_heap:75",,,,,2.884385,,625.000000,,1.634385,7.007423,7,physical,2,42
waksman_7x7,default,3-2-4-1-5-6-0,6,0,routed,,1062.809725,15,10,5.057769,3.211149,1.846619,677.000000,385.809725,1.857149,7.350061,7,physical,2,42
spanke_benes_7x7,default,1-3-4-2-6-0-5,0,1,routed,,1603.393798,11,13,6.604182,4.396394,2.207788,1177.000000,426.393798,2.042394,9.719407,7,physical,0,42
spanke_benes_7x7,default,1-3-4-2-6-0-5,1,3,routed,,2580.035376,34,16,9.901040,5.820969,4.080071,1425.000000,1155.035376,2.970969,4.393549,7,physical,0,42
spanke_benes_7x7,default,1-3-4-2-6-0-5,2,4,routed,,2325.057504,27,12,8.510556,5.263441,3.247115,1369.000000,956.057504,2.525441,4.534460,7,physical,0,42
spanke_benes_7x7,default,1-3-4-2-6-0-5,3,2,routed,,2412.619449,30,13,9.506491,6.025252,3.481239,1397.000000,1015.619449,3.231252,2.765657,7,physical,0,42
spanke_benes_7x7,default,1-3-4-2-6-0-5,4,6,routed,,1748.809725,15,4,5.607005,4.148385,1.458619,1257.000000,491.809725,1.634385,5.747661,7,physical,0,42
spanke_benes_7x7,default,1-3-4-2-6-0-5,5,0,routed,,1892.765467,29,7,8.382349,6.313818,2.068531,1281.000000,611.765467,3.751818,0.887341,7,physical,0,42
spanke_benes_7x7,default,1-3-4-2-6-0-5,6,5,routed,,1559.539816,10,3,4.397654,3.386575,1.011080,1229.000000,330.539816,0.928575,10.356869,7,physical,0,42
spanke_benes_7x7,default,3-6-2-4-0-5-1,0,3,routed,,2193.057504,27,13,9.052367,5.905252,3.147115,1337.000000,856.057504,3.231252,3.275691,7,physical,1,42
spanke_benes_7x7,default,3-6-2-4-0-5-1,1,6,routed,,2073.203522,26,7,8.728225,6.433818,2.294407,1341.000000,732.203522,3.751818,-0.465023,7,physical,1,42
spanke_benes_7x7,default,3-6-2-4-0-5-1,2,2,routed,,1945.787596,22,10,8.493110,6.053535,2.439575,1281.000000,664.787596,3.491535,1.975331,7,physical,1,42
spanke_benes_7x7,default,3-6-2-4-0-5-1,3,4,routed,,2129.495559,24,9,8.064715,5.467724,2.596991,1341.000000,788.495559,2.785724,3.534404,7,physical,1,42
spanke_benes_7x7,default,3-6-2-4-0-5-1,4,0,routed,,1757.495559,24,8,7.703762,5.742771,1.960991,1237.000000,520.495559,3.268771,2.541579,7,physical,1,42
spanke_benes_7x7,default,3-6-2-4-0-5-1,5,5,routed,,1714.955743,14,4,5.534297,4.148385,1.385911,1257.000000,457.955743,1.634385,7.175169,7,physical,1,42
spanke_benes_7x7,default,3-6-2-4-0-5-1,6,1,routed,,2115.057504,27,7,8.816933,6.433818,2.383115,1341.000000,774.057504,3.751818,1.750310,7,physical,1,42
spanke_benes_7x7,default,3-2-4-1-5-6-0,0,3,routed,,2523.889357,35,17,10.376795,6.272016,4.104779,1409.000000,1114.889357,3.454016,2.359127,7,physical,2,42
spanke_benes_7x7,default,3-2-4-1-5-6-0,1,2,routed,,2093.495559,24,13,8.838243,5.849252,2.988991,1309.000000,784.495559,3.231252,3.295132,7,physical,2,42
spanke_benes_7x7,default,3-2-4-1-5-6-0,2,4,routed,,2285.203522,26,12,8.425848,5.263441,3.162407,1369.000000,916.203522,2.525441,4.819687,7,physical,2,42
spanke_benes_7x7,default,3-2-4-1-5-6-0,3,1,routed,,1735.787596,22,10,7.850346,5.686771,2.163575,1209.000000,526.787596,3.268771,2.490848,7,physical,2,42
spanke_benes_7x7,default,3-2-4-1-5-6-0,4,5,routed,,1918.371669,18,7,6.000846,3.944103,2.056743,1285.000000,633.371669,1.374103,9.056757,7,physical,2,42
spanke_benes_7x7,default,3-2-4-1-5-6-0,5,6,routed,,1571.539816,10,3,4.421654,3.386575,1.035080,1229.000000,342.539816,0.928575,9.382975,7,physical,2,42
spanke_benes_7x7,default,3-2-4-1-5-6-0,6,0,routed,,1987.057504,27,6,8.943979,6.884864,2.059115,1325.000000,662.057504,4.234864,-0.012451,7,physical,2,42
padded_benes_8x8,default,3-4-6-7-2-5-0-1,0,3,routed,,988.517688,17,10,5.141949,3.365913,1.776035,643.000000,345.517688,2.079913,7.825969,8,physical,0,42
padded_benes_8x8,default,3-4-6-7-2-5-0-1,1,4,routed,,1280.079633,20,16,6.340073,3.613913,2.726159,767.000000,513.079633,2.079913,7.052995,8,physical,0,42
padded_benes_8x8,default,3-4-6-7-2-5-0-1,2,6,routed,,1549.641578,23,23,7.111150,3.162867,3.948283,783.000000,766.641578,1.596867,9.334929,8,physical,0,42
padded_benes_8x8,default,3-4-6-7-2-5-0-1,3,7,routed,,2285.743339,36,27,9.048353,3.178867,5.869487,791.000000,1494.743339,1.596867,9.349916,8,physical,0,42
padded_benes_8x8,default,3-4-6-7-2-5-0-1,4,2,routed,,1285.641578,23,11,6.832290,4.524007,2.308283,739.000000,546.641578,3.046007,3.081254,8,physical,0,42
padded_benes_8x8,default,3-4-6-7-2-5-0-1,5,5,routed,,1292.079633,20,14,6.164073,3.629913,2.534159,775.000000,517.079633,2.079913,6.597548,8,physical,0,42
padded_benes_8x8,default,3-4-6-7-2-5-0-1,6,0,failed,"cannot route padded_benes_8x8_s1_w4_6.drop to padded_benes_8x8_s2_w2_6.add on physical grid: A* pop limit exceeded; soft_repeat=I1/repeated_crossing pair=I1-I6 at=(275.000,125.000) source=I6->I1@(265.000,133.000):(265.000,133.000)->(275.000,133.000)x(265.000,140.000)->(265.000,125.000) counters=port_access:167,window:1200,same_net:1278,crossing_candidate:64,crossing_budget:0,hard_reserved_crossing:0,soft_repeated_crossing:886,soft_reserved_crossing:0,reserved_spacing:327,segment:3165,pops:8001,max_heap:238",,,,,3.557913,,739.000000,,2.079913,6.605827,8,physical,0,42
padded_benes_8x8,default,3-4-6-7-2-5-0-1,7,1,routed,,1724.619449,30,13,6.979152,3.685913,3.293239,803.000000,921.619449,2.079913,6.891529,8,physical,0,42
padded_benes_8x8,default,3-7-2-0-4-6-5-1,0,3,routed,,1129.641578,23,7,5.154196,3.365913,1.788283,643.000000,486.641578,2.079913,7.445023,8,physical,1,42
padded_benes_8x8,default,3-7-2-0-4-6-5-1,1,7,routed,,1630.911486,28,15,6.981736,3.621913,3.359823,771.000000,859.911486,2.079913,7.192546,8,physical,1,42
padded_benes_8x8,default,3-7-2-0-4-6-5-1,2,2,routed,,1611.349541,25,9,6.327612,3.693913,2.633699,807.000000,804.349541,2.079913,6.569495,8,physical,1,42
padded_benes_8x8,default,3-7-2-0-4-6-5-1,3,0,failed,"cannot route padded_benes_8x8_s3_w0_2.th to padded_benes_8x8_s4_w0_1.in on physical grid counters=port_access:0,window:0,same_net:21,crossing_candidate:0,crossing_budget:0,hard_reserved_crossing:0,soft_repeated_crossing:0,soft_reserved_crossing:0,reserved_spacing:0,segment:5,pops:15,max_heap:3",,,,,3.685913,,803.000000,,2.079913,6.263036,8,physical,1,42
padded_benes_8x8,default,3-7-2-0-4-6-5-1,4,4,routed,,1551.349541,25,11,7.373706,4.516007,2.857699,735.000000,816.349541,3.046007,3.055668,8,physical,1,42
padded_benes_8x8,default,3-7-2-0-4-6-5-1,5,6,routed,,1433.203522,26,12,6.276320,3.685913,2.590407,803.000000,630.203522,2.079913,6.267330,8,physical,1,42
padded_benes_8x8,default,3-7-2-0-4-6-5-1,6,5,failed,"cannot route padded_benes_8x8_s2_w2_6.drop to padded_benes_8x8_s3_w4_6.add on physical grid; soft_repeat=I4/repeated_crossing pair=I4-I6 at=(256.000,104.000) source=I6->I4@(115.000,40.000):(115.000,22.000)->(115.000,53.000)x(55.000,40.000)->(160.000,40.000) counters=port_access:0,window:0,same_net:2,crossing_candidate:0,crossing_budget:0,hard_reserved_crossing:0,soft_repeated_crossing:2,soft_reserved_crossing:0,reserved_spacing:0,segment:10,pops:5,max_heap:2",,,,,3.493913,,707.000000,,2.079913,7.697969,8,physical,1,42
padded_benes_8x8,default,3-7-2-0-4-6-5-1,7,1,failed,"cannot route padded_benes_8x8_s1_w5_7.th to padded_benes_8x8_s2_w1_5.add on physical grid counters=port_access:0,window:0,same_net:9,crossing_candidate:0,crossing_budget:0,hard_reserved_crossing:0,soft_repeated_crossing:0,soft_reserved_crossing:0,reserved_spacing:0,segment:1,pops:4,max_heap:1",,,,,3.621913,,771.000000,,2.079913,6.574301,8,physical,1,42
padded_benes_8x8,default,3-5-2-4-1-6-7-0,0,3,routed,,1129.641578,23,7,5.154196,3.365913,1.788283,643.000000,486.641578,2.079913,7.661683,8,physical,2,42
padded_benes_8x8,default,3-5-2-4-1-6-7-0,1,5,failed,"cannot route padded_benes_8x8_s0_w0_1.drop to padded_benes_8x8_s1_w1_3.in on physical grid: blocked by port access (port_access_overlap_foreign); candidate=(113.000,238.000)->(105.000,238.000) region=I0/padded_benes_8x8_s0_w0_1.th:(101.000,238.000)->(115.000,238.000); soft_repeat=I0/repeated_crossing pair=I0-I1 at=(120.000,238.000) source=I1->I0@(48.000,238.000):(48.000,238.000)->(48.000,251.000)x(20.000,238.000)->(55.000,238.000) counters=port_access:11,window:406,same_net:382,crossing_candidate:48,crossing_budget:0,hard_reserved_crossing:0,soft_repeated_crossing:168,soft_reserved_crossing:0,reserved_spacing:42,segment:683,pops:2899,max_heap:97",,,,,3.162867,,783.000000,,1.596867,9.780495,8,physical,2,42
padded_benes_8x8,default,3-5-2-4-1-6-7-0,2,2,routed,,1611.349541,25,11,6.527612,3.693913,2.833699,807.000000,804.349541,2.079913,6.557744,8,physical,2,42
padded_benes_8x8,default,3-5-2-4-1-6-7-0,3,4,routed,,1662.035376,34,12,7.257031,4.072960,3.184071,755.000000,907.035376,2.562960,4.640865,8,physical,2,42
padded_benes_8x8,default,3-5-2-4-1-6-7-0,4,1,failed,"cannot route padded_benes_8x8_s1_w4_6.drop to padded_benes_8x8_s2_w2_6.add on physical grid: blocked by port access (port_access_overlap_foreign); candidate=(170.000,40.000)->(160.000,40.000) region=I5/padded_benes_8x8_s1_w5_7.in:(174.000,40.000)->(160.000,40.000); soft_repeat=I2/repeated_crossing pair=I2-I4 at=(240.000,155.000) source=I4->I2@(240.000,125.000):(240.000,125.000)->(248.000,125.000)x(240.000,197.000)->(240.000,76.000) counters=port_access:22,window:325,same_net:339,crossing_candidate:12,crossing_budget:0,hard_reserved_crossing:0,soft_repeated_crossing:219,soft_reserved_crossing:0,reserved_spacing:89,segment:1028,pops:2445,max_heap:124",,,,,4.468007,,711.000000,,3.046007,3.303618,8,physical,2,42
padded_benes_8x8,default,3-5-2-4-1-6-7-0,5,6,routed,,1820.911486,28,11,6.961736,3.557913,3.403823,739.000000,1081.911486,2.079913,7.000880,8,physical,2,42
padded_benes_8x8,default,3-5-2-4-1-6-7-0,6,7,routed,,1648.765467,29,11,7.105491,4.256960,2.848531,847.000000,801.765467,2.562960,4.782123,8,physical,2,42
padded_benes_8x8,default,3-5-2-4-1-6-7-0,7,0,failed,"cannot route padded_benes_8x8_s2_w1_5.th to padded_benes_8x8_s3_w1_3.in on physical grid counters=port_access:0,window:0,same_net:17,crossing_candidate:2,crossing_budget:0,hard_reserved_crossing:0,soft_repeated_crossing:0,soft_reserved_crossing:0,reserved_spacing:0,segment:5,pops:14,max_heap:6",,,,,4.072960,,755.000000,,2.562960,4.861823,8,physical,2,42
waksman_8x8,default,3-4-6-7-2-5-0-1,0,3,routed,,988.517688,17,11,5.241949,3.365913,1.876035,643.000000,345.517688,2.079913,7.825969,8,physical,0,42
waksman_8x8,default,3-4-6-7-2-5-0-1,1,4,routed,,1238.079633,20,11,5.533309,3.239149,2.294159,691.000000,547.079633,1.857149,7.457411,8,physical,0,42
waksman_8x8,default,3-4-6-7-2-5-0-1,2,6,routed,,1185.101761,13,12,4.786542,2.553339,2.233204,701.000000,484.101761,1.151339,10.339143,8,physical,0,42
waksman_8x8,default,3-4-6-7-2-5-0-1,3,7,routed,,1555.787596,22,13,5.672914,2.561339,3.111575,705.000000,850.787596,1.151339,10.339605,8,physical,0,42
waksman_8x8,default,3-4-6-7-2-5-0-1,4,2,routed,,1307.641578,23,16,7.376290,4.524007,2.852283,739.000000,568.641578,3.046007,3.081254,8,physical,0,42
waksman_8x8,default,3-4-6-7-2-5-0-1,5,5,routed,,1240.371669,18,16,6.027893,3.367149,2.660743,755.000000,485.371669,1.857149,6.877901,8,physical,0,42
waksman_8x8,default,3-4-6-7-2-5-0-1,6,0,routed,,1427.057504,27,21,7.169028,3.557913,3.611115,739.000000,688.057504,2.079913,6.610340,8,physical,0,42
waksman_8x8,default,3-4-6-7-2-5-0-1,7,1,routed,,1805.203522,26,22,8.020320,3.685913,4.334407,803.000000,1002.203522,2.079913,6.901462,8,physical,0,42
waksman_8x8,default,3-7-2-0-4-6-5-1,0,3,routed,,1077.933614,21,13,5.640781,3.365913,2.274867,643.000000,434.933614,2.079913,7.843146,8,physical,1,42
waksman_8x8,default,3-7-2-0-4-6-5-1,1,7,routed,,1244.371669,18,4,4.613129,3.068385,1.544743,717.000000,527.371669,1.634385,7.335239,8,physical,1,42
waksman_8x8,default,3-7-2-0-4-6-5-1,2,2,failed,"cannot route waksman_8x8_s1_w1_3.th to waksman_8x8_s2_w1_5.in on physical grid counters=port_access:0,window:0,same_net:9,crossing_candidate:0,crossing_budget:0,hard_reserved_crossing:0,soft_repeated_crossing:0,soft_reserved_crossing:0,reserved_spacing:0,segment:1,pops:4,max_heap:1",,,,,4.340007,,647.000000,,3.046007,3.221748,8,physical,1,42
waksman_8x8,default,3-7-2-0-4-6-5-1,3,0,routed,,1405.787596,22,8,5.801489,3.685913,2.115575,803.000000,602.787596,2.079913,6.286276,8,physical,1,42
waksman_8x8,default,3-7-2-0-4-6-5-1,4,4,routed,,1370.225651,19,13,5.992601,3.367149,2.625451,755.000000,615.225651,1.857149,6.902785,8,physical,1,42
waksman_8x8,default,3-7-2-0-4-6-5-1,5,6,failed,"cannot route waksman_8x8_s2_w2_6.drop to O6 on physical grid: blocked by route window; soft_repeat=I4/repeated_crossing pair=I4-I5 at=(256.000,104.000) source=I5->I4@(55.000,72.000):(20.000,72.000)->(115.000,72.000)x(55.000,86.000)->(55.000,40.000) counters=port_access:0,window:47,same_net:48,crossing_candidate:5,crossing_budget:0,hard_reserved_crossing:0,soft_repeated_crossing:19,soft_reserved_crossing:0,reserved_spacing:7,segment:103,pops:206,max_heap:38",,,,,2.884385,,625.000000,,1.634385,7.110298,8,physical,1,42
waksman_8x8,default,3-7-2-0-4-6-5-1,6,5,routed,,1308.225651,19,12,5.768601,3.423149,2.345451,783.000000,525.225651,1.857149,7.168512,8,physical,1,42
waksman_8x8,default,3-7-2-0-4-6-5-1,7,1,failed,"cannot route waksman_8x8_s2_w3_7.th to waksman_8x8_s3_w1_3.add on physical grid: A* pop limit exceeded; soft_repeat=I0/repeated_crossing pair=I0-I7 at=(464.000,166.000) source=I7->I0@(456.000,166.000):(456.000,155.000)->(456.000,176.000)x(424.000,166.000)->(475.000,166.000) counters=port_access:101,window:894,same_net:1069,crossing_candidate:100,crossing_budget:0,hard_reserved_crossing:0,soft_repeated_crossing:740,soft_reserved_crossing:0,reserved_spacing:66,segment:1718,pops:8001,max_heap:355",,,,,3.685913,,803.000000,,2.079913,7.144290,8,physical,1,42
waksman_8x8,default,3-5-2-4-1-6-7-0,0,3,routed,,1425.349541,25,10,6.055612,3.685913,2.369699,803.000000,622.349541,2.079913,6.931476,8,physical,2,42
waksman_8x8,default,3-5-2-4-1-6-7-0,1,5,failed,"cannot route waksman_8x8_s2_w1_5.drop to waksman_8x8_s4_w4_5.add on physical grid: blocked by route window; soft_repeat=I2/repeated_crossing pair=I1-I2 at=(240.000,140.000) source=I1->I2@(160.000,197.000):(160.000,205.000)->(160.000,184.000)x(152.000,197.000)->(240.000,197.000) counters=port_access:0,window:1,same_net:7,crossing_candidate:0,crossing_budget:0,hard_reserved_crossing:0,soft_repeated_crossing:3,soft_reserved_crossing:0,reserved_spacing:0,segment:15,pops:12,max_heap:5",,,,,2.788103,,707.000000,,1.374103,10.366372,8,physical,2,42
waksman_8x8,default,3-5-2-4-1-6-7-0,2,2,routed,,1595.641578,23,10,6.386196,3.693913,2.692283,807.000000,788.641578,2.079913,6.562349,8,physical,2,42
waksman_8x8,default,3-5-2-4-1-6-7-0,3,4,failed,"cannot route waksman_8x8_s1_w0_2.th to waksman_8x8_s2_w0_4.in on physical grid counters=port_access:0,window:0,same_net:17,crossing_candidate:0,crossing_budget:0,hard_reserved_crossing:0,soft_repeated_crossing:0,soft_reserved_crossing:0,reserved_spacing:0,segment:5,pops:12,max_heap:3",,,,,3.746196,,703.000000,,2.340196,4.901638,8,physical,2,42
waksman_8x8,default,3-5-2-4-1-6-7-0,4,1,failed,"cannot route waksman_8x8_s2_w1_5.th to waksman_8x8_s3_w1_3.in on physical grid counters=port_access:0,window:0,same_net:16,crossing_candidate:0,crossing_budget:0,hard_reserved_crossing:0,soft_repeated_crossing:0,soft_reserved_crossing:0,reserved_spacing:0,segment:12,pops:16,max_heap:4",,,,,3.613913,,767.000000,,2.079913,6.277720,8,physical,2,42
waksman_8x8,default,3-5-2-4-1-6-7-0,5,6,routed,,1595.495559,24,5,5.445377,2.884385,2.560991,625.000000,970.495559,1.634385,7.332782,8,physical,2,42
waksman_8x8,default,3-5-2-4-1-6-7-0,6,7,routed,,1348.517688,17,5,4.433374,2.433339,2.000035,641.000000,707.517688,1.151339,10.165206,8,physical,2,42
waksman_8x8,default,3-5-2-4-1-6-7-0,7,0,failed,"cannot route waksman_8x8_s1_w4_6.th to waksman_8x8_s2_w0_4.add on physical grid counters=port_access:0,window:0,same_net:14,crossing_candidate:0,crossing_budget:0,hard_reserved_crossing:0,soft_repeated_crossing:0,soft_reserved_crossing:0,reserved_spacing:0,segment:2,pops:7,max_heap:2",,,,,4.008960,,723.000000,,2.562960,4.740050,8,physical,2,42
spanke_benes_8x8,default,3-4-6-7-2-5-0-1,0,3,routed,,2064.225651,19,13,8.754703,6.149252,2.605451,1459.000000,605.225651,3.231252,4.096504,8,physical,0,42
spanke_benes_8x8,default,3-4-6-7-2-5-0-1,1,4,routed,,2875.743339,36,17,11.308267,7.002780,4.305487,1663.000000,1212.743339,3.676780,2.346792,8,physical,0,42
spanke_benes_8x8,default,3-4-6-7-2-5-0-1,2,6,routed,,2474.327412,32,10,9.600190,6.649535,2.950655,1579.000000,895.327412,3.491535,0.835978,8,physical,0,42
spanke_benes_8x8,default,3-4-6-7-2-5-0-1,3,7,routed,,2189.787596,22,6,8.135582,6.092007,2.043575,1523.000000,666.787596,3.046007,0.836243,8,physical,0,42
spanke_benes_8x8,default,3-4-6-7-2-5-0-1,4,2,routed,,2162.911486,28,8,9.723451,7.439628,2.283823,1491.000000,671.911486,4.457628,-0.831639,8,physical,0,42
spanke_benes_8x8,default,3-4-6-7-2-5-0-1,5,5,routed,,2181.787596,22,6,8.119582,6.092007,2.027575,1523.000000,658.787596,3.046007,2.117172,8,physical,0,42
spanke_benes_8x8,default,3-4-6-7-2-5-0-1,6,0,routed,,2253.743339,36,8,9.945115,7.495628,2.449487,1519.000000,734.743339,4.457628,-0.239561,8,physical,0,42
spanke_benes_8x8,default,3-4-6-7-2-5-0-1,7,1,routed,,2456.473431,31,8,10.325575,7.615628,2.709947,1579.000000,877.473431,4.457628,0.341642,8,physical,0,42
spanke_benes_8x8,default,3-7-2-0-4-6-5-1,0,3,routed,,2655.889357,35,17,10.863559,6.882780,3.980779,1603.000000,1052.889357,3.676780,2.112328,8,physical,1,42
spanke_benes_8x8,default,3-7-2-0-4-6-5-1,1,7,routed,,2410.619449,30,8,10.228867,7.615628,2.613239,1579.000000,831.619449,4.457628,-2.430055,8,physical,1,42
spanke_benes_8x8,default,3-7-2-0-4-6-5-1,2,2,routed,,2714.035376,34,16,11.357897,7.397827,3.960071,1619.000000,1095.035376,4.159827,0.456899,8,physical,1,42
spanke_benes_8x8,default,3-7-2-0-4-6-5-1,3,0,routed,,1915.495559,24,11,8.059479,5.782488,2.276991,1387.000000,528.495559,3.008488,3.326876,8,physical,1,42
spanke_benes_8x8,default,3-7-2-0-4-6-5-1,4,4,routed,,2553.203522,26,12,8.961848,5.683441,3.278407,1579.000000,974.203522,2.525441,5.546467,8,physical,1,42
spanke_benes_8x8,default,3-7-2-0-4-6-5-1,5,6,routed,,2022.371669,18,5,6.974940,5.330196,1.644743,1495.000000,527.371669,2.340196,4.003063,8,physical,1,42
spanke_benes_8x8,default,3-7-2-0-4-6-5-1,6,5,routed,,2042.079633,20,5,7.024355,5.330196,1.694159,1495.000000,547.079633,2.340196,4.521172,8,physical,1,42
spanke_benes_8x8,default,3-7-2-0-4-6-5-1,7,1,routed,,2456.473431,31,8,10.325575,7.615628,2.709947,1579.000000,877.473431,4.457628,0.029639,8,physical,1,42
spanke_benes_8x8,default,3-5-2-4-1-6-7-0,0,3,routed,,2654.181394,33,17,10.850143,6.882780,3.967363,1603.000000,1051.181394,3.676780,2.343749,8,physical,2,42
spanke_benes_8x8,default,3-5-2-4-1-6-7-0,1,5,routed,,2706.035376,34,14,10.919133,7.207063,3.712071,1635.000000,1071.035376,3.937063,-0.190134,8,physical,2,42
spanke_benes_8x8,default,3-5-2-4-1-6-7-0,2,2,routed,,2438.911486,28,14,10.354886,7.031063,3.323823,1547.000000,891.911486,3.937063,1.020870,8,physical,2,42
spanke_benes_8x8,default,3-5-2-4-1-6-7-0,3,4,routed,,2648.619449,30,13,9.978491,6.445252,3.533239,1607.000000,1041.619449,3.231252,2.666209,8,physical,2,42
spanke_benes_8x8,default,3-5-2-4-1-6-7-0,4,1,routed,,2104.619449,30,9,9.233821,6.868582,2.365239,1447.000000,657.619449,3.974582,0.892002,8,physical,2,42
spanke_benes_8x8,default,3-5-2-4-1-6-7-0,5,6,routed,,2132.371669,18,7,6.428846,4.364103,2.064743,1495.000000,637.371669,1.374103,8.749042,8,physical,2,42
spanke_benes_8x8,default,3-5-2-4-1-6-7-0,6,7,routed,,1767.539816,10,3,4.813654,3.806575,1.007080,1439.000000,328.539816,0.928575,8.962975,8,physical,2,42
spanke_benes_8x8,default,3-5-2-4-1-6-7-0,7,0,routed,,2324.473431,31,7,10.444622,8.066675,2.377947,1563.000000,761.473431,4.940675,-1.383466,8,physical,2,42
padded_benes_16x16,default,3-6-7-4-8-2-5-0-1,0,3,routed,,1373.933614,21,9,6.278308,4.455441,1.822867,965.000000,408.933614,2.525441,7.423575,9,physical,0,42
padded_benes_16x16,default,3-6-7-4-8-2-5-0-1,1,6,failed,"cannot route padded_benes_16x16_s1_w1_3.th to padded_benes_16x16_s2_w1_5.in on physical grid: blocked by port access (port_access_overlap_foreign); candidate=(275.000,472.000)->(265.000,472.000) region=I0/padded_benes_16x16_s2_w0_4.in:(279.000,472.000)->(265.000,472.000); soft_repeat=I0/repeated_crossing pair=I0-I1 at=(265.000,479.000) source=I1->I0@(48.000,526.000):(48.000,518.000)->(48.000,539.000)x(20.000,526.000)->(55.000,526.000) counters=port_access:16,window:102,same_net:78,crossing_candidate:31,crossing_budget:0,hard_reserved_crossing:0,soft_repeated_crossing:92,soft_reserved_crossing:0,reserved_spacing:11,segment:305,pops:668,max_heap:50",,,,,5.162488,,1077.000000,,3.008488,4.137687,9,physical,0,42
padded_benes_16x16,default,3-6-7-4-8-2-5-0-1,2,7,routed,,2119.597320,37,19,8.849636,4.767441,4.082195,1121.000000,998.597320,2.525441,6.785025,9,physical,0,42
padded_benes_16x16,default,3-6-7-4-8-2-5-0-1,3,4,routed,,1906.911486,28,14,8.362311,5.226488,3.135823,1109.000000,797.911486,3.008488,4.066300,9,physical,0,42
padded_benes_16x16,default,3-6-7-4-8-2-5-0-1,4,8,failed,"cannot route padded_benes_16x16_s1_w4_6.drop to padded_benes_16x16_s2_w2_6.add on physical grid: blocked by port access (port_access_overlap_foreign); candidate=(170.000,328.000)->(160.000,328.000) region=I5/padded_benes_16x16_s1_w5_7.in:(174.000,328.000)->(160.000,328.000); soft_repeat=I2/repeated_crossing pair=I2-I4 at=(240.000,443.000) source=I4->I2@(240.000,432.000):(240.000,432.000)->(248.000,432.000)x(240.000,539.000)->(240.000,421.000) counters=port_access:52,window:474,same_net:933,crossing_candidate:48,crossing_budget:0,hard_reserved_crossing:0,soft_repeated_crossing:336,soft_reserved_crossing:0,reserved_spacing:121,segment:1039,pops:3574,max_heap:179",,,,,5.893535,,1201.000000,,3.491535,4.665280,9,physical,0,42
padded_benes_16x16,default,3-6-7-4-8-2-5-0-1,5,2,routed,,2546.867229,42,15,9.812222,5.770488,4.041734,1381.000000,1165.867229,3.008488,3.518611,9,physical,0,42
padded_benes_16x16,default,3-6-7-4-8-2-5-0-1,6,5,routed,,2203.057504,27,20,9.066556,5.383441,3.683115,1429.000000,774.057504,2.525441,5.159311,9,physical,0,42
padded_benes_16x16,default,3-6-7-4-8-2-5-0-1,7,0,failed,"cannot route padded_benes_16x16_s2_w3_7.drop to padded_benes_16x16_s3_w7_15.in on physical grid: blocked by port access (port_access_overlap_foreign); candidate=(275.000,400.000)->(265.000,400.000) region=I2/padded_benes_16x16_s2_w2_6.in:(279.000,400.000)->(265.000,400.000); soft_repeat=I2/repeated_crossing pair=I2-I7 at=(240.000,443.000) source=I7->I2@(240.000,432.000):(240.000,432.000)->(248.000,432.000)x(240.000,539.000)->(240.000,421.000) counters=port_access:4,window:67,same_net:125,crossing_candidate:9,crossing_budget:0,hard_reserved_crossing:0,soft_repeated_crossing:45,soft_reserved_crossing:0,reserved_spacing:7,segment:120,pops:259,max_heap:17",,,,,5.834488,,1413.000000,,3.008488,3.921668,9,physical,0,42
padded_benes_16x16,default,3-6-7-4-8-2-5-0-1,8,1,routed,,2163.889357,35,7,9.660407,6.987628,2.672779,1265.000000,898.889357,4.457628,1.312847,9,physical,0,42
padded_benes_16x16,default,7-2-5-6-0-3-4-1-8,0,7,failed,"cannot route padded_benes_16x16_s4_w0_4.drop to padded_benes_16x16_s5_w4_6.in on physical grid: blocked by port access (port_access_overlap_foreign); candidate=(485.000,364.000)->(475.000,364.000) region=I3/padded_benes_16x16_s4_w3_7.in:(489.000,364.000)->(475.000,364.000); soft_repeat=I1/repeated_crossing pair=I0-I1 at=(456.000,436.000) source=I0->I1@(48.000,526.000):(20.000,526.000)->(55.000,526.000)x(48.000,518.000)->(48.000,539.000) counters=port_access:4,window:26,same_net:58,crossing_candidate:15,crossing_budget:0,hard_reserved_crossing:0,soft_repeated_crossing:57,soft_reserved_crossing:0,reserved_spacing:3,segment:121,pops:150,max_heap:20",,,,,5.098488,,1045.000000,,3.008488,4.283774,9,physical,1,42
padded_benes_16x16,default,7-2-5-6-0-3-4-1-8,1,2,routed,,1623.495559,24,8,6.692432,4.519441,2.172991,997.000000,626.495559,2.525441,7.377371,9,physical,1,42
padded_benes_16x16,default,7-2-5-6-0-3-4-1-8,2,5,failed,"cannot route padded_benes_16x16_s1_w0_2.drop to padded_benes_16x16_s2_w2_6.in on physical grid counters=port_access:0,window:0,same_net:28,crossing_candidate:0,crossing_budget:0,hard_reserved_crossing:0,soft_repeated_crossing:0,soft_reserved_crossing:0,reserved_spacing:0,segment:16,pops:29,max_heap:6",,,,,5.162488,,1077.000000,,3.008488,4.429452,9,physical,1,42
padded_benes_16x16,default,7-2-5-6-0-3-4-1-8,3,6,routed,,2153.743339,36,9,7.912928,4.719441,3.193487,1097.000000,1056.743339,2.525441,6.653122,9,physical,1,42
padded_benes_16x16,default,7-2-5-6-0-3-4-1-8,4,0,failed,"cannot route padded_benes_16x16_s2_w3_7.drop to padded_benes_16x16_s3_w7_15.in on physical grid: blocked by route window; soft_repeat=I1/repeated_crossing pair=I1-I4 at=(233.000,443.000) source=I4->I1@(248.000,436.000):(248.000,432.000)->(248.000,443.000)x(233.000,436.000)->(265.000,436.000) counters=port_access:0,window:60,same_net:141,crossing_candidate:10,crossing_budget:0,hard_reserved_crossing:0,soft_repeated_crossing:67,soft_reserved_crossing:0,reserved_spacing:6,segment:226,pops:467,max_heap:40",,,,,6.792582,,1409.000000,,3.974582,0.157160,9,physical,1,42
padded_benes_16x16,default,7-2-5-6-0-3-4-1-8,5,3,failed,"cannot route padded_benes_16x16_s2_w0_4.drop to padded_benes_16x16_s3_w4_12.in on physical grid counters=port_access:0,window:0,same_net:4,crossing_candidate:1,crossing_budget:0,hard_reserved_crossing:0,soft_repeated_crossing:0,soft_reserved_crossing:0,reserved_spacing:0,segment:7,pops:5,max_heap:3",,,,,6.221535,,1365.000000,,3.491535,1.709096,9,physical,1,42
padded_benes_16x16,default,7-2-5-6-0-3-4-1-8,6,4,routed,,2655.889357,35,10,9.495267,5.898488,3.596779,1445.000000,1210.889357,3.008488,2.953666,9,physical,1,42
padded_benes_16x16,default,7-2-5-6-0-3-4-1-8,7,1,failed,"cannot route padded_benes_16x16_s2_w2_6.drop to padded_benes_16x16_s3_w6_14.in on physical grid: blocked by route window; soft_repeat=I1/repeated_crossing pair=I1-I7 at=(248.000,436.000) source=I7->I1@(352.000,364.000):(352.000,360.000)->(352.000,392.000)x(338.000,364.000)->(370.000,364.000) counters=port_access:0,window:25,same_net:25,crossing_candidate:11,crossing_budget:0,hard_reserved_crossing:0,soft_repeated_crossing:29,soft_reserved_crossing:0,reserved_spacing:9,segment:158,pops:130,max_heap:18",,,,,6.285535,,1397.000000,,3.491535,1.910023,9,physical,1,42
padded_benes_16x16,default,7-2-5-6-0-3-4-1-8,8,8,routed,,1683.933614,21,5,5.532215,3.977348,1.554867,1209.000000,474.933614,1.559348,20.256792,9,physical,1,42
padded_benes_16x16,default,2-5-7-8-6-1-4-0-3,0,2,routed,,1290.225651,19,13,6.017846,3.940394,2.077451,949.000000,341.225651,2.042394,10.044350,9,physical,2,42
padded_benes_16x16,default,2-5-7-8-6-1-4-0-3,1,5,routed,,1833.203522,26,18,7.638801,4.252394,3.386407,1105.000000,728.203522,2.042394,8.815399,9,physical,2,42
padded_benes_16x16,default,2-5-7-8-6-1-4-0-3,2,7,routed,,2133.013247,41,24,9.396468,4.767441,4.629026,1121.000000,1012.013247,2.525441,6.592117,9,physical,2,42
padded_benes_16x16,default,2-5-7-8-6-1-4-0-3,3,8,routed,,2469.451302,38,19,10.037391,5.626488,4.410903,1309.000000,1160.451302,3.008488,8.015032,9,physical,2,42
padded_benes_16x16,default,2-5-7-8-6-1-4-0-3,4,6,routed,,2635.889357,35,21,10.555267,5.706488,4.848779,1349.000000,1286.889357,3.008488,2.919324,9,physical,2,42
padded_benes_16x16,default,2-5-7-8-6-1-4-0-3,5,1,failed,"cannot route padded_benes_16x16_s1_w4_6.drop to padded_benes_16x16_s2_w2_6.add on physical grid: blocked by port access (port_access_overlap_foreign); candidate=(170.000,328.000)->(160.000,328.000) region=I4/padded_benes_16x16_s1_w5_7.in:(174.000,328.000)->(160.000,328.000); soft_repeat=I1/repeated_crossing pair=I1-I5 at=(136.000,479.000) source=I5->I1@(152.000,472.000):(152.000,472.000)->(152.000,479.000)x(136.000,472.000)->(160.000,472.000) counters=port_access:52,window:364,same_net:482,crossing_candidate:33,crossing_budget:0,hard_reserved_crossing:0,soft_repeated_crossing:253,soft_reserved_crossing:0,reserved_spacing:99,segment:1028,pops:2798,max_heap:223",,,,,6.680582,,1353.000000,,3.974582,0.098344,9,physical,2,42
padded_benes_16x16,default,2-5-7-8-6-1-4-0-3,6,4,routed,,2182.765467,29,23,8.852925,4.868394,3.984531,1413.000000,769.765467,2.042394,7.665174,9,physical,2,42
padded_benes_16x16,default,2-5-7-8-6-1-4-0-3,7,0,failed,"cannot route padded_benes_16x16_s1_w5_7.th to padded_benes_16x16_s2_w1_5.add on physical grid: blocked by port access (port_access_overlap_foreign); candidate=(170.000,328.000)->(160.000,328.000) region=I4/padded_benes_16x16_s1_w5_7.in:(174.000,328.000)->(160.000,328.000); soft_repeat=I1/repeated_crossing pair=I1-I7 at=(233.000,443.000) source=I7->I1@(256.000,436.000):(256.000,432.000)->(256.000,443.000)x(233.000,436.000)->(265.000,436.000) counters=port_access:28,window:209,same_net:361,crossing_candidate:58,crossing_budget:0,hard_reserved_crossing:0,soft_repeated_crossing:201,soft_reserved_crossing:0,reserved_spacing:24,segment:1063,pops:2359,max_heap:135",,,,,5.770488,,1381.000000,,3.008488,3.613062,9,physical,2,42
padded_benes_16x16,default,2-5-7-8-6-1-4-0-3,8,3,routed,,2412.429174,45,12,9.258346,5.626488,3.631858,1309.000000,1103.429174,3.008488,7.422513,9,physical,2,42
waksman_9x9,default,3-6-7-4-8-2-5-0-1,0,3,routed,,1563.933614,21,12,6.512781,4.105913,2.406867,1013.000000,550.933614,2.079913,6.383977,9,physical,0,42
waksman_9x9,default,3-6-7-4-8-2-5-0-1,1,6,routed,,1619.495559,24,13,6.999187,4.302196,2.696991,981.000000,638.495559,2.340196,4.765780,9,physical,0,42
waksman_9x9,default,3-6-7-4-8-2-5-0-1,2,7,failed,"cannot route waksman_9x9_s1_w0_2.th to waksman_9x9_s2_w0_4.in on physical grid: blocked by port access (port_access_overlap_foreign); candidate=(170.000,256.000)->(160.000,256.000) region=I0/waksman_9x9_s1_w0_2.in:(174.000,256.000)->(160.000,256.000); soft_repeat=I0/repeated_crossing pair=I0-I2 at=(160.000,266.000) source=I2->I0@(136.000,274.000):(136.000,202.000)->(136.000,295.000)x(115.000,274.000)->(160.000,274.000) counters=port_access:4,window:0,same_net:48,crossing_candidate:3,crossing_budget:0,hard_reserved_crossing:0,soft_repeated_crossing:11,soft_reserved_crossing:0,reserved_spacing:4,segment:50,pops:56,max_heap:5",,,,,5.254771,,993.000000,,3.268771,2.283630,9,physical,0,42
waksman_9x9,default,3-6-7-4-8-2-5-0-1,3,4,routed,,1924.327412,32,12,7.548851,4.118196,3.430655,889.000000,1035.327412,2.340196,4.641216,9,physical,0,42
waksman_9x9,default,3-6-7-4-8-2-5-0-1,4,8,failed,"cannot route waksman_9x9_s2_w0_4.th to waksman_9x9_s3_w0_8.in on physical grid counters=port_access:0,window:0,same_net:6,crossing_candidate:0,crossing_budget:0,hard_reserved_crossing:0,soft_repeated_crossing:0,soft_reserved_crossing:0,reserved_spacing:0,segment:0,pops:2,max_heap:1",,,,,3.703149,,923.000000,,1.857149,6.428014,9,physical,0,42
waksman_9x9,default,3-6-7-4-8-2-5-0-1,5,2,routed,,1710.911486,28,13,7.424783,4.492960,2.931823,965.000000,745.911486,2.562960,4.639183,9,physical,0,42
waksman_9x9,default,3-6-7-4-8-2-5-0-1,6,5,routed,,1623.933614,21,18,7.232781,3.913913,3.318867,917.000000,706.933614,2.079913,7.295469,9,physical,0,42
waksman_9x9,default,3-6-7-4-8-2-5-0-1,7,0,routed,,2202.035376,34,19,9.037031,4.556960,4.480071,997.000000,1205.035376,2.562960,4.521538,9,physical,0,42
waksman_9x9,default,3-6-7-4-8-2-5-0-1,8,1,routed,,1322.371669,18,11,5.691893,3.575149,2.116743,859.000000,463.371669,1.857149,7.627038,9,physical,0,42
waksman_9x9,default,7-2-5-6-0-3-4-1-8,0,7,failed,"cannot route waksman_9x9_s2_w0_4.th to waksman_9x9_s3_w0_8.in on physical grid: blocked by port access (port_access_overlap_foreign); candidate=(424.000,140.000)->(420.000,140.000) region=I8/waksman_9x9_s3_w0_8.add:(416.000,140.000)->(430.000,140.000); soft_repeat=I1/repeated_crossing pair=I0-I1 at=(352.000,220.000) source=I0->I1@(48.000,274.000):(20.000,274.000)->(55.000,274.000)x(48.000,266.000)->(48.000,287.000) counters=port_access:16,window:332,same_net:306,crossing_candidate:22,crossing_budget:0,hard_reserved_crossing:0,soft_repeated_crossing:182,soft_reserved_crossing:0,reserved_spacing:18,segment:664,pops:1482,max_heap:50",,,,,5.098488,,1045.000000,,3.008488,3.845005,9,physical,1,42
waksman_9x9,default,7-2-5-6-0-3-4-1-8,1,2,routed,,1440.079633,20,8,5.860073,3.849913,2.010159,885.000000,555.079633,2.079913,7.867604,9,physical,1,42
waksman_9x9,default,7-2-5-6-0-3-4-1-8,2,5,failed,"cannot route waksman_9x9_s1_w0_2.drop to waksman_9x9_s2_w2_6.in on physical grid counters=port_access:0,window:0,same_net:10,crossing_candidate:0,crossing_budget:0,hard_reserved_crossing:0,soft_repeated_crossing:0,soft_reserved_crossing:0,reserved_spacing:0,segment:4,pops:6,max_heap:2",,,,,4.492960,,965.000000,,2.562960,4.867695,9,physical,1,42
waksman_9x9,default,7-2-5-6-0-3-4-1-8,3,6,routed,,1695.495559,24,7,6.068140,3.795149,2.272991,969.000000,726.495559,1.857149,7.643664,9,physical,1,42
waksman_9x9,default,7-2-5-6-0-3-4-1-8,4,0,routed,,1714.765467,29,13,8.403585,5.515054,2.888531,993.000000,721.765467,3.529054,1.253154,9,physical,1,42
waksman_9x9,default,7-2-5-6-0-3-4-1-8,5,3,routed,,1822.911486,28,20,9.054594,5.198771,3.855823,965.000000,857.911486,3.268771,2.557453,9,physical,1,42
waksman_9x9,default,7-2-5-6-0-3-4-1-8,6,4,routed,,1685.641578,23,14,7.226479,4.246196,2.980283,953.000000,732.641578,2.340196,4.657670,9,physical,1,42
waksman_9x9,default,7-2-5-6-0-3-4-1-8,7,1,routed,,1802.327412,32,16,8.410662,5.008007,3.402655,981.000000,821.327412,3.046007,3.017034,9,physical,1,42
waksman_9x9,default,7-2-5-6-0-3-4-1-8,8,8,routed,,1274.123890,6,2,3.001012,1.784764,1.216248,781.000000,493.123890,0.222764,24.112315,9,physical,1,42
waksman_9x9,default,2-5-7-8-6-1-4-0-3,0,2,routed,,1324.225651,19,9,6.206411,4.300960,1.905451,869.000000,455.225651,2.562960,4.755901,9,physical,2,42
waksman_9x9,default,2-5-7-8-6-1-4-0-3,1,5,failed,"capped rip-up hop exhausted bounded candidates before A*: deterministic hop candidate violates reserved port guard; blocked_by=I3/port_guard:(220.000,248.000)->(230.000,248.000); source=I1->I0@(55.000,252.000):(20.000,252.000)->(115.000,252.000)x(55.000,266.000)->(55.000,220.000)",,,,,5.403054,,937.000000,,3.529054,1.403406,9,physical,2,42
waksman_9x9,default,2-5-7-8-6-1-4-0-3,2,7,failed,capped rip-up hop exhausted bounded candidates before A*: same-net avoidance candidate outside route window,,,,,3.795149,,969.000000,,1.857149,6.409276,9,physical,2,42
waksman_9x9,default,2-5-7-8-6-1-4-0-3,3,8,routed,,1418.371669,18,6,5.866940,4.146196,1.720743,903.000000,515.371669,2.340196,4.213028,9,physical,2,42
waksman_9x9,default,2-5-7-8-6-1-4-0-3,4,6,routed,,1711.641578,23,10,6.357914,3.845630,2.512283,1013.000000,698.641578,1.819630,9.716599,9,physical,2,42
waksman_9x9,default,2-5-7-8-6-1-4-0-3,5,1,routed,,1944.619449,30,7,7.302199,4.612960,2.689239,1025.000000,919.619449,2.562960,4.356481,9,physical,2,42
waksman_9x9,default,2-5-7-8-6-1-4-0-3,6,4,routed,,1733.349541,25,9,6.831895,4.246196,2.585699,953.000000,780.349541,2.340196,4.718407,9,physical,2,42
waksman_9x9,default,2-5-7-8-6-1-4-0-3,7,0,failed,capped rip-up hop exhausted bounded candidates before A*: same-net avoidance candidate outside route window,,,,,4.492960,,965.000000,,2.562960,4.291433,9,physical,2,42
waksman_9x9,default,2-5-7-8-6-1-4-0-3,8,3,routed,,1410.517688,17,9,6.146232,4.146196,2.000035,903.000000,507.517688,2.340196,5.666281,9,physical,2,42
spanke_benes_9x9,default,3-6-7-4-8-2-5-0-1,0,3,routed,,2331.641578,23,17,9.932299,6.760016,3.172283,1653.000000,678.641578,3.454016,4.042210,9,physical,0,42
spanke_benes_9x9,default,3-6-7-4-8-2-5-0-1,1,6,routed,,3150.575192,44,17,12.864024,8.388873,4.475150,1873.000000,1277.575192,4.642873,-1.403742,9,physical,0,42
spanke_benes_9x9,default,3-6-7-4-8-2-5-0-1,2,7,routed,,2843.743339,36,11,11.164832,7.831346,3.333487,1817.000000,1026.743339,4.197346,-1.411386,9,physical,0,42
spanke_benes_9x9,default,3-6-7-4-8-2-5-0-1,3,4,routed,,3087.451302,38,15,12.507776,8.388873,4.118903,1873.000000,1214.451302,4.642873,-1.050052,9,physical,0,42
spanke_benes_9x9,default,3-6-7-4-8-2-5-0-1,4,8,routed,,2401.787596,22,6,8.559582,6.512007,2.047575,1733.000000,668.787596,3.046007,0.425405,9,physical,0,42
spanke_benes_9x9,default,3-6-7-4-8-2-5-0-1,5,2,routed,,2500.327412,32,9,11.224094,8.621439,2.602655,1729.000000,771.327412,5.163439,-2.204790,9,physical,0,42
spanke_benes_9x9,default,3-6-7-4-8-2-5-0-1,6,5,routed,,2493.203522,26,7,9.568225,7.273818,2.294407,1761.000000,732.203522,3.751818,0.623195,9,physical,0,42
spanke_benes_9x9,default,3-6-7-4-8-2-5-0-1,7,0,routed,,2606.867229,42,9,11.487174,8.677439,2.809734,1757.000000,849.867229,5.163439,-1.479019,9,physical,0,42
spanke_benes_9x9,default,3-6-7-4-8-2-5-0-1,8,1,routed,,2781.889357,35,9,11.802218,8.797439,3.004779,1817.000000,964.889357,5.163439,-0.897074,9,physical,0,42
spanke_benes_9x9,default,7-2-5-6-0-3-4-1-8,0,7,routed,,2783.889357,35,11,12.228982,9.044203,3.184779,1829.000000,954.889357,5.386203,-4.537480,9,physical,1,42
spanke_benes_9x9,default,7-2-5-6-0-3-4-1-8,1,2,routed,,2824.619449,30,19,11.598783,7.437544,4.161239,1769.000000,1055.619449,3.899544,1.893529,9,physical,1,42
spanke_benes_9x9,default,7-2-5-6-0-3-4-1-8,2,5,routed,,3098.867229,42,15,12.550608,8.388873,4.161734,1873.000000,1225.867229,4.642873,-1.338197,9,physical,1,42
spanke_benes_9x9,default,7-2-5-6-0-3-4-1-8,3,6,routed,,2871.743339,36,11,11.220832,7.831346,3.389487,1817.000000,1054.743339,4.197346,-1.065979,9,physical,1,42
spanke_benes_9x9,default,7-2-5-6-0-3-4-1-8,4,0,routed,,2250.911486,28,12,9.556122,6.964299,2.591823,1625.000000,625.911486,3.714299,1.229739,9,physical,1,42
spanke_benes_9x9,default,7-2-5-6-0-3-4-1-8,5,3,routed,,3067.451302,38,16,11.861965,7.627063,4.234903,1845.000000,1222.451302,3.937063,1.375313,9,physical,1,42
spanke_benes_9x9,default,7-2-5-6-0-3-4-1-8,6,4,routed,,2680.911486,28,12,10.193358,7.069535,3.123823,1789.000000,891.911486,3.491535,2.416379,9,physical,1,42
spanke_benes_9x9,default,7-2-5-6-0-3-4-1-8,7,1,routed,,2998.283155,46,12,12.329723,8.593156,3.736566,1845.000000,1153.283155,4.903156,-0.415192,9,physical,1,42
spanke_benes_9x9,default,7-2-5-6-0-3-4-1-8,8,8,routed,,1884.123890,6,2,4.221012,3.464764,0.756248,1621.000000,263.123890,0.222764,26.704699,9,physical,1,42
spanke_benes_9x9,default,2-5-7-8-6-1-4-0-3,0,2,routed,,2453.933614,21,18,10.006600,6.555733,3.450867,1681.000000,772.933614,3.193733,5.386201,9,physical,2,42
spanke_benes_9x9,default,2-5-7-8-6-1-4-0-3,1,5,routed,,3226.867229,42,18,12.846325,8.184591,4.661734,1901.000000,1325.867229,4.382591,0.297740,9,physical,2,42
spanke_benes_9x9,default,2-5-7-8-6-1-4-0-3,2,7,routed,,2903.159265,40,11,11.303664,7.831346,3.472319,1817.000000,1086.159265,4.197346,-1.273738,9,physical,2,42
spanke_benes_9x9,default,2-5-7-8-6-1-4-0-3,3,8,routed,,2497.203522,26,7,9.576225,7.273818,2.302407,1761.000000,736.203522,3.751818,-1.302447,9,physical,2,42
spanke_benes_9x9,default,2-5-7-8-6-1-4-0-3,4,6,routed,,2644.619449,30,8,10.696867,8.035628,2.661239,1789.000000,855.619449,4.457628,-1.786594,9,physical,2,42
spanke_benes_9x9,default,2-5-7-8-6-1-4-0-3,5,1,routed,,2663.743339,36,12,11.610643,8.417156,3.193487,1757.000000,906.743339,4.903156,-1.641011,9,physical,2,42
spanke_benes_9x9,default,2-5-7-8-6-1-4-0-3,6,4,routed,,2668.327412,32,8,10.754283,8.035628,2.718655,1789.000000,879.327412,4.457628,-0.550047,9,physical,2,42
spanke_benes_9x9,default,2-5-7-8-6-1-4-0-3,7,0,routed,,2599.013247,41,9,11.466466,8.677439,2.789026,1757.000000,842.013247,5.163439,-1.317450,9,physical,2,42
spanke_benes_9x9,default,2-5-7-8-6-1-4-0-3,8,3,routed,,2523.057504,27,7,9.632933,7.273818,2.359115,1761.000000,762.057504,3.751818,2.220000,9,physical,2,42
padded_benes_16x16,default,7-3-2-8-5-6-9-4-0-1,0,7,routed,,1694.765467,29,18,8.343019,5.098488,3.244531,1045.000000,649.765467,3.008488,4.532130,10,physical,0,42
padded_benes_16x16,default,7-3-2-8-5-6-9-4-0-1,1,3,routed,,1737.495559,24,18,7.437386,4.068394,3.368991,1013.000000,724.495559,2.042394,9.420865,10,physical,0,42
padded_benes_16x16,default,7-3-2-8-5-6-9-4-0-1,2,2,routed,,1777.641578,23,18,7.029631,3.865348,3.164283,1153.000000,624.641578,1.559348,14.346410,10,physical,0,42
padded_benes_16x16,default,7-3-2-8-5-6-9-4-0-1,3,8,routed,,2363.451302,38,13,9.225391,5.626488,3.598903,1309.000000,1054.451302,3.008488,5.667102,10,physical,0,42
padded_benes_16x16,default,7-3-2-8-5-6-9-4-0-1,4,5,failed,"cannot route padded_benes_16x16_s2_w2_6.drop to padded_benes_16x16_s3_w6_14.in on physical grid: blocked by route window; soft_repeat=I1/repeated_crossing pair=I1-I4 at=(248.000,436.000) source=I4->I1@(244.000,443.000):(240.000,443.000)->(248.000,443.000)x(244.000,472.000)->(244.000,436.000) counters=port_access:0,window:111,same_net:153,crossing_candidate:15,crossing_budget:0,hard_reserved_crossing:0,soft_repeated_crossing:65,soft_reserved_crossing:0,reserved_spacing:28,segment:344,pops:456,max_heap:30",,,,,5.586488,,1289.000000,,3.008488,3.480934,10,physical,0,42
padded_benes_16x16,default,7-3-2-8-5-6-9-4-0-1,5,6,routed,,2699.159265,40,21,10.223760,5.447441,4.776319,1461.000000,1238.159265,2.525441,5.499237,10,physical,0,42
padded_benes_16x16,default,7-3-2-8-5-6-9-4-0-1,6,9,failed,"cannot route padded_benes_16x16_s2_w0_4.drop to padded_benes_16x16_s3_w4_12.in on physical grid counters=port_access:0,window:0,same_net:4,crossing_candidate:1,crossing_budget:0,hard_reserved_crossing:0,soft_repeated_crossing:0,soft_reserved_crossing:0,reserved_spacing:0,segment:7,pops:5,max_heap:3",,,,,5.949535,,1229.000000,,3.491535,3.183743,10,physical,0,42
padded_benes_16x16,default,7-3-2-8-5-6-9-4-0-1,7,4,failed,"cannot route padded_benes_16x16_s2_w3_7.drop to padded_benes_16x16_s3_w7_15.in on physical grid: blocked by route window; soft_repeat=I1/repeated_crossing pair=I1-I7 at=(248.000,436.000) source=I7->I1@(244.000,443.000):(240.000,443.000)->(248.000,443.000)x(244.000,472.000)->(244.000,436.000) counters=port_access:0,window:64,same_net:136,crossing_candidate:8,crossing_budget:0,hard_reserved_crossing:0,soft_repeated_crossing:22,soft_reserved_crossing:0,reserved_spacing:7,segment:134,pops:257,max_heap:20",,,,,5.255441,,1365.000000,,2.525441,5.761325,10,physical,0,42
padded_benes_16x16,default,7-3-2-8-5-6-9-4-0-1,8,0,routed,,1774.765467,29,14,8.103019,5.186488,2.916531,1089.000000,685.765467,3.008488,5.429190,10,physical,0,42
padded_benes_16x16,default,7-3-2-8-5-6-9-4-0-1,9,1,routed,,2285.451302,38,14,9.169391,5.682488,3.486903,1337.000000,948.451302,3.008488,4.785671,10,physical,0,42
padded_benes_16x16,default,3-5-2-4-1-8-7-0-6-9,0,3,routed,,1503.057504,27,7,6.366556,4.455441,1.911115,965.000000,538.057504,2.525441,6.853003,10,physical,1,42
padded_benes_16x16,default,3-5-2-4-1-8-7-0-6-9,1,5,failed,"cannot route padded_benes_16x16_s4_w1_5.drop to padded_benes_16x16_s5_w5_7.in on physical grid: blocked by route window; soft_repeat=I6/repeated_crossing pair=I1-I6 at=(475.000,413.000) source=I1->I6@(344.000,413.000):(344.000,436.000)->(344.000,392.000)x(256.000,413.000)->(352.000,413.000) counters=port_access:0,window:1,same_net:36,crossing_candidate:1,crossing_budget:0,hard_reserved_crossing:0,soft_repeated_crossing:12,soft_reserved_crossing:0,reserved_spacing:0,segment:44,pops:50,max_heap:9",,,,,4.252394,,1105.000000,,2.042394,8.634625,10,physical,1,42
padded_benes_16x16,default,3-5-2-4-1-8-7-0-6-9,2,2,routed,,1984.765467,29,13,7.939972,4.783441,3.156531,1129.000000,855.765467,2.525441,5.512957,10,physical,1,42
padded_benes_16x16,default,3-5-2-4-1-8-7-0-6-9,3,4,failed,"cannot route padded_benes_16x16_s4_w2_6.drop to padded_benes_16x16_s5_w4_6.add on physical grid counters=port_access:0,window:0,same_net:5,crossing_candidate:1,crossing_budget:0,hard_reserved_crossing:0,soft_repeated_crossing:0,soft_reserved_crossing:0,reserved_spacing:0,segment:6,pops:5,max_heap:3",,,,,5.162488,,1077.000000,,3.008488,3.849111,10,physical,1,42
padded_benes_16x16,default,3-5-2-4-1-8-7-0-6-9,4,1,failed,"cannot route padded_benes_16x16_s2_w1_5.drop to padded_benes_16x16_s3_w5_13.in on physical grid; soft_repeat=I6/repeated_crossing pair=I4-I6 at=(265.000,413.000) source=I4->I6@(152.000,328.000):(55.000,328.000)->(160.000,328.000)x(152.000,320.000)->(152.000,341.000) counters=port_access:0,window:0,same_net:19,crossing_candidate:1,crossing_budget:0,hard_reserved_crossing:0,soft_repeated_crossing:3,soft_reserved_crossing:0,reserved_spacing:0,segment:26,pops:25,max_heap:7",,,,,5.311441,,1393.000000,,2.525441,4.643651,10,physical,1,42
padded_benes_16x16,default,3-5-2-4-1-8-7-0-6-9,5,8,failed,"cannot route padded_benes_16x16_s4_w8_12.th to padded_benes_16x16_s5_w8_10.in on physical grid counters=port_access:0,window:0,same_net:9,crossing_candidate:0,crossing_budget:0,hard_reserved_crossing:0,soft_repeated_crossing:0,soft_reserved_crossing:0,reserved_spacing:0,segment:1,pops:4,max_heap:1",,,,,5.378488,,1185.000000,,3.008488,4.757422,10,physical,1,42
padded_benes_16x16,default,3-5-2-4-1-8-7-0-6-9,6,7,routed,,3006.429174,45,14,9.680253,4.748394,4.931858,1353.000000,1653.429174,2.042394,7.382998,10,physical,1,42
padded_benes_16x16,default,3-5-2-4-1-8-7-0-6-9,7,0,failed,"cannot route padded_benes_16x16_s2_w2_6.drop to padded_benes_16x16_s3_w6_14.in on physical grid: blocked by port access (port_access_overlap_foreign); candidate=(275.000,472.000)->(265.000,472.000) region=I0/padded_benes_16x16_s2_w0_4.in:(279.000,472.000)->(265.000,472.000); soft_repeat=I0/repeated_crossing pair=I0-I7 at=(336.000,472.000) source=I7->I0@(265.000,485.000):(265.000,485.000)->(275.000,485.000)x(265.000,508.000)->(265.000,472.000) counters=port_access:77,window:385,same_net:639,crossing_candidate:49,crossing_budget:0,hard_reserved_crossing:0,soft_repeated_crossing:314,soft_reserved_crossing:0,reserved_spacing:116,segment:1494,pops:3726,max_heap:174",,,,,5.770488,,1381.000000,,3.008488,2.988860,10,physical,1,42
padded_benes_16x16,default,3-5-2-4-1-8-7-0-6-9,8,6,routed,,2189.889357,35,13,8.863267,5.434488,3.428779,1213.000000,976.889357,3.008488,5.647597,10,physical,1,42
padded_benes_16x16,default,3-5-2-4-1-8-7-0-6-9,9,9,routed,,2183.495559,24,11,7.146339,4.217348,2.928991,1329.000000,854.495559,1.559348,16.564887,10,physical,1,42
padded_benes_16x16,default,7-5-0-2-4-9-1-6-3-8,0,7,routed,,1797.597320,37,11,7.888683,5.098488,2.790195,1045.000000,752.597320,3.008488,4.161272,10,physical,2,42
padded_benes_16x16,default,7-5-0-2-4-9-1-6-3-8,1,5,failed,"cannot route padded_benes_16x16_s4_w1_5.drop to padded_benes_16x16_s5_w5_7.in on physical grid counters=port_access:0,window:0,same_net:16,crossing_candidate:0,crossing_budget:0,hard_reserved_crossing:0,soft_repeated_crossing:0,soft_reserved_crossing:0,reserved_spacing:0,segment:8,pops:14,max_heap:5",,,,,4.252394,,1105.000000,,2.042394,9.482639,10,physical,2,42
padded_benes_16x16,default,7-5-0-2-4-9-1-6-3-8,2,0,routed,,2020.473431,31,17,8.904435,5.290488,3.613947,1141.000000,879.473431,3.008488,4.154951,10,physical,2,42
padded_benes_16x16,default,7-5-0-2-4-9-1-6-3-8,3,2,routed,,1884.911486,28,15,7.452217,4.380394,3.071823,1169.000000,715.911486,2.042394,7.711005,10,physical,2,42
padded_benes_16x16,default,7-5-0-2-4-9-1-6-3-8,4,4,routed,,2160.473431,31,19,8.901388,5.071441,3.829947,1273.000000,887.473431,2.525441,5.267214,10,physical,2,42
padded_benes_16x16,default,7-5-0-2-4-9-1-6-3-8,5,9,failed,"cannot route padded_benes_16x16_s2_w1_5.drop to padded_benes_16x16_s3_w5_13.in on physical grid; soft_repeat=I2/repeated_crossing pair=I2-I5 at=(248.000,428.000) source=I5->I2@(248.000,485.000):(232.000,485.000)->(336.000,485.000)x(248.000,539.000)->(248.000,364.000) counters=port_access:0,window:0,same_net:24,crossing_candidate:0,crossing_budget:0,hard_reserved_crossing:0,soft_repeated_crossing:4,soft_reserved_crossing:0,reserved_spacing:8,segment:41,pops:42,max_heap:8",,,,,5.103441,,1289.000000,,2.525441,8.292706,10,physical,2,42
padded_benes_16x16,default,7-5-0-2-4-9-1-6-3-8,6,1,failed,"cannot route padded_benes_16x16_s2_w0_4.drop to padded_benes_16x16_s3_w4_12.in on physical grid counters=port_access:0,window:0,same_net:6,crossing_candidate:0,crossing_budget:0,hard_reserved_crossing:0,soft_repeated_crossing:0,soft_reserved_crossing:0,reserved_spacing:0,segment:2,pops:3,max_heap:1",,,,,5.706488,,1349.000000,,3.008488,3.271445,10,physical,2,42
padded_benes_16x16,default,7-5-0-2-4-9-1-6-3-8,7,6,failed,"cannot route padded_benes_16x16_s2_w3_7.drop to padded_benes_16x16_s3_w7_15.in on physical grid: blocked by port access (port_access_overlap_foreign); candidate=(275.000,392.000)->(265.000,392.000) region=I4/padded_benes_16x16_s2_w2_6.drop:(279.000,392.000)->(265.000,392.000); soft_repeat=I3/repeated_crossing pair=I3-I7 at=(240.000,432.000) source=I7->I3@(248.000,421.000):(248.000,421.000)->(248.000,432.000)x(240.000,421.000)->(265.000,421.000) counters=port_access:12,window:109,same_net:104,crossing_candidate:0,crossing_budget:0,hard_reserved_crossing:0,soft_repeated_crossing:18,soft_reserved_crossing:0,reserved_spacing:7,segment:171,pops:333,max_heap:33",,,,,4.748394,,1353.000000,,2.042394,8.982063,10,physical,2,42
padded_benes_16x16,default,7-5-0-2-4-9-1-6-3-8,8,3,routed,,2207.305284,39,14,9.984192,6.336582,3.647611,1181.000000,1026.305284,3.974582,1.331332,10,physical,2,42
padded_benes_16x16,default,7-5-0-2-4-9-1-6-3-8,9,8,routed,,1892.619449,30,10,6.977633,4.492394,2.485239,1225.000000,667.619449,2.042394,8.061737,10,physical,2,42
waksman_10x10,default,7-3-2-8-5-6-9-4-0-1,0,7,failed,"cannot route waksman_10x10_s2_w1_5.drop to waksman_10x10_s4_w1_5.add on physical grid: blocked by port access (port_access_overlap_foreign); candidate=(275.000,184.000)->(265.000,184.000) region=I1/waksman_10x10_s2_w2_6.in:(279.000,184.000)->(265.000,184.000); soft_repeat=I1/repeated_crossing pair=I0-I1 at=(248.000,205.000) source=I0->I1@(55.000,288.000):(55.000,302.000)->(55.000,263.000)x(20.000,288.000)->(115.000,288.000) counters=port_access:2,window:32,same_net:20,crossing_candidate:0,crossing_budget:0,hard_reserved_crossing:0,soft_repeated_crossing:13,soft_reserved_crossing:0,reserved_spacing:2,segment:62,pops:71,max_heap:10",,,,,4.747724,,981.000000,,2.785724,4.167485,10,physical,0,42
waksman_10x10,default,7-3-2-8-5-6-9-4-0-1,1,3,routed,,1798.619449,30,13,7.610199,4.620960,2.989239,1029.000000,769.619449,2.562960,4.083355,10,physical,0,42
waksman_10x10,default,7-3-2-8-5-6-9-4-0-1,2,2,routed,,1809.349541,25,17,7.523612,4.113913,3.409699,1017.000000,792.349541,2.079913,6.318560,10,physical,0,42
waksman_10x10,default,7-3-2-8-5-6-9-4-0-1,3,8,routed,,1874.911486,28,13,7.530019,4.146196,3.383823,903.000000,971.911486,2.340196,4.302798,10,physical,0,42
waksman_10x10,default,7-3-2-8-5-6-9-4-0-1,4,5,failed,"cannot route waksman_10x10_s2_w3_7.drop to waksman_10x10_s5_w5_7.add on physical grid: blocked by route window; soft_repeat=I2/repeated_crossing pair=I2-I4 at=(240.000,155.000) source=I4->I2@(248.000,148.000):(248.000,144.000)->(248.000,155.000)x(240.000,148.000)->(265.000,148.000) counters=port_access:0,window:100,same_net:123,crossing_candidate:0,crossing_budget:0,hard_reserved_crossing:0,soft_repeated_crossing:33,soft_reserved_crossing:0,reserved_spacing:9,segment:176,pops:483,max_heap:92",,,,,4.484960,,961.000000,,2.562960,4.379568,10,physical,0,42
waksman_10x10,default,7-3-2-8-5-6-9-4-0-1,5,6,routed,,1830.327412,32,8,6.923332,4.360677,2.562655,1029.000000,801.327412,2.302677,5.720022,10,physical,0,42
waksman_10x10,default,7-3-2-8-5-6-9-4-0-1,6,9,routed,,1645.641578,23,9,7.129526,4.733243,2.396283,955.000000,690.641578,2.823243,2.685774,10,physical,0,42
waksman_10x10,default,7-3-2-8-5-6-9-4-0-1,7,4,failed,"cannot route waksman_10x10_s2_w2_6.drop to waksman_10x10_s5_w4_6.add on physical grid: blocked by port access (port_access_overlap_foreign); candidate=(275.000,248.000)->(265.000,248.000) region=I5/waksman_10x10_s2_w0_4.drop:(279.000,248.000)->(265.000,248.000); soft_repeat=I1/repeated_crossing pair=I1-I7 at=(265.000,191.000) source=I7->I1@(248.000,205.000):(248.000,205.000)->(248.000,216.000)x(232.000,205.000)->(265.000,205.000) counters=port_access:10,window:23,same_net:30,crossing_candidate:0,crossing_budget:0,hard_reserved_crossing:0,soft_repeated_crossing:19,soft_reserved_crossing:0,reserved_spacing:7,segment:126,pops:115,max_heap:15",,,,,3.913913,,917.000000,,2.079913,6.368404,10,physical,0,42
waksman_10x10,default,7-3-2-8-5-6-9-4-0-1,8,0,routed,,1263.101761,13,9,5.088070,3.558867,1.529204,981.000000,282.101761,1.596867,9.960896,10,physical,0,42
waksman_10x10,default,7-3-2-8-5-6-9-4-0-1,9,1,routed,,1677.787596,22,11,6.162442,3.686867,2.475575,1045.000000,632.787596,1.596867,10.200888,10,physical,0,42
waksman_10x10,default,3-5-2-4-1-8-7-0-6-9,0,3,failed,"cannot route waksman_10x10_s2_w0_4.drop to waksman_10x10_s4_w0_4.add on physical grid: blocked by port access (port_access_overlap_foreign); candidate=(275.000,184.000)->(265.000,184.000) region=I3/waksman_10x10_s2_w2_6.in:(279.000,184.000)->(265.000,184.000); soft_repeat=I2/repeated_crossing pair=I0-I2 at=(232.000,269.000) source=I0->I2@(240.000,248.000):(240.000,248.000)->(232.000,248.000)x(240.000,269.000)->(240.000,148.000) counters=port_access:16,window:62,same_net:170,crossing_candidate:0,crossing_budget:0,hard_reserved_crossing:0,soft_repeated_crossing:24,soft_reserved_crossing:0,reserved_spacing:4,segment:175,pops:298,max_heap:30",,,,,5.006771,,869.000000,,3.268771,3.018847,10,physical,1,42
waksman_10x10,default,3-5-2-4-1-8-7-0-6-9,1,5,failed,"cannot route waksman_10x10_s0_w0_1.drop to waksman_10x10_s1_w1_3.in on physical grid: blocked by port access (port_access_overlap_foreign); candidate=(210.000,248.000)->(200.000,248.000) region=I2/waksman_10x10_s1_w1_3.add:(206.000,248.000)->(220.000,248.000); soft_repeat=I2/repeated_crossing pair=I1-I2 at=(220.000,227.000) source=I1->I2@(232.000,269.000):(232.000,269.000)->(232.000,263.000)x(152.000,269.000)->(240.000,269.000) counters=port_access:6,window:459,same_net:417,crossing_candidate:37,crossing_budget:0,hard_reserved_crossing:0,soft_repeated_crossing:143,soft_reserved_crossing:0,reserved_spacing:41,segment:648,pops:3103,max_heap:102",,,,,4.252394,,1105.000000,,2.042394,8.373263,10,physical,1,42
waksman_10x10,default,3-5-2-4-1-8-7-0-6-9,2,2,routed,,1909.057504,27,7,6.733028,4.113913,2.619115,1017.000000,892.057504,2.079913,6.549136,10,physical,1,42
waksman_10x10,default,3-5-2-4-1-8-7-0-6-9,3,4,routed,,2240.867229,42,16,8.854695,4.492960,4.361734,965.000000,1275.867229,2.562960,4.350373,10,physical,1,42
waksman_10x10,default,3-5-2-4-1-8-7-0-6-9,4,1,failed,"cannot route waksman_10x10_s2_w1_5.drop to waksman_10x10_s4_w1_5.add on physical grid counters=port_access:0,window:0,same_net:32,crossing_candidate:0,crossing_budget:0,hard_reserved_crossing:0,soft_repeated_crossing:0,soft_reserved_crossing:0,reserved_spacing:4,segment:26,pops:34,max_heap:4",,,,,4.288677,,993.000000,,2.302677,5.658040,10,physical,1,42
waksman_10x10,default,3-5-2-4-1-8-7-0-6-9,5,8,failed,"cannot route waksman_10x10_s2_w0_4.th to waksman_10x10_s3_w0_8.in on physical grid counters=port_access:0,window:0,same_net:9,crossing_candidate:0,crossing_budget:0,hard_reserved_crossing:0,soft_repeated_crossing:0,soft_reserved_crossing:0,reserved_spacing:0,segment:1,pops:4,max_heap:1",,,,,4.218196,,939.000000,,2.340196,4.144973,10,physical,1,42
waksman_10x10,default,3-5-2-4-1-8-7-0-6-9,6,7,routed,,2158.181394,33,15,7.578229,3.470867,4.107363,937.000000,1221.181394,1.596867,8.820632,10,physical,1,42
waksman_10x10,default,3-5-2-4-1-8-7-0-6-9,7,0,failed,"cannot route waksman_10x10_s0_w6_7.th to waksman_10x10_s1_w4_6.add on physical grid counters=port_access:0,window:0,same_net:9,crossing_candidate:0,crossing_budget:0,hard_reserved_crossing:0,soft_repeated_crossing:0,soft_reserved_crossing:0,reserved_spacing:0,segment:1,pops:4,max_heap:1",,,,,4.492960,,965.000000,,2.562960,4.418476,10,physical,1,42
waksman_10x10,default,3-5-2-4-1-8-7-0-6-9,8,6,routed,,1789.349541,25,13,7.566659,4.772960,2.793699,1105.000000,684.349541,2.562960,4.689341,10,physical,1,42
waksman_10x10,default,3-5-2-4-1-8-7-0-6-9,9,9,routed,,1511.539816,10,9,4.418608,2.291528,2.127080,923.000000,588.539816,0.445528,20.171014,10,physical,1,42
waksman_10x10,default,7-5-0-2-4-9-1-6-3-8,0,7,routed,,1646.765467,29,17,8.147019,5.098488,3.048531,1045.000000,601.765467,3.008488,3.796951,10,physical,2,42
waksman_10x10,default,7-5-0-2-4-9-1-6-3-8,1,5,failed,"cannot route waksman_10x10_s2_w1_5.drop to waksman_10x10_s4_w1_5.add on physical grid: blocked by port access (port_access_overlap_foreign); candidate=(275.000,176.000)->(265.000,176.000) region=I4/waksman_10x10_s2_w2_6.drop:(279.000,176.000)->(265.000,176.000); soft_repeat=I2/repeated_crossing pair=I1-I2 at=(248.000,212.000) source=I1->I2@(144.000,256.000):(128.000,256.000)->(160.000,256.000)x(144.000,248.000)->(144.000,323.000) counters=port_access:8,window:54,same_net:56,crossing_candidate:4,crossing_budget:0,hard_reserved_crossing:0,soft_repeated_crossing:17,soft_reserved_crossing:0,reserved_spacing:4,segment:81,pops:143,max_heap:13",,,,,3.837630,,1009.000000,,1.819630,8.485558,10,physical,2,42
waksman_10x10,default,7-5-0-2-4-9-1-6-3-8,2,0,routed,,1855.349541,25,21,8.498659,4.620960,3.877699,1029.000000,826.349541,2.562960,4.517260,10,physical,2,42
waksman_10x10,default,7-5-0-2-4-9-1-6-3-8,3,2,routed,,1709.495559,24,13,6.435858,3.710867,2.724991,1057.000000,652.495559,1.596867,8.501912,10,physical,2,42
waksman_10x10,default,7-5-0-2-4-9-1-6-3-8,4,4,routed,,1479.641578,23,16,6.754196,3.793913,2.960283,857.000000,622.641578,2.079913,6.648439,10,physical,2,42
waksman_10x10,default,7-5-0-2-4-9-1-6-3-8,5,9,routed,,1747.641578,23,14,6.867433,3.823149,3.044283,983.000000,764.641578,1.857149,6.428281,10,physical,2,42
waksman_10x10,default,7-5-0-2-4-9-1-6-3-8,6,1,failed,"cannot route waksman_10x10_s2_w0_4.drop to waksman_10x10_s4_w0_4.add on physical grid counters=port_access:0,window:0,same_net:6,crossing_candidate:0,crossing_budget:0,hard_reserved_crossing:0,soft_repeated_crossing:0,soft_reserved_crossing:0,reserved_spacing:0,segment:2,pops:3,max_heap:1",,,,,4.683724,,949.000000,,2.785724,4.192338,10,physical,2,42
waksman_10x10,default,7-5-0-2-4-9-1-6-3-8,7,6,failed,"cannot route waksman_10x10_s2_w3_7.drop to waksman_10x10_s5_w5_7.add on physical grid: blocked by port access (port_access_overlap_foreign); candidate=(275.000,176.000)->(265.000,176.000) region=I4/waksman_10x10_s2_w2_6.drop:(279.000,176.000)->(265.000,176.000); soft_repeat=I3/repeated_crossing pair=I3-I7 at=(240.000,216.000) source=I7->I3@(248.000,205.000):(248.000,205.000)->(248.000,216.000)x(240.000,205.000)->(265.000,205.000) counters=port_access:12,window:109,same_net:105,crossing_candidate:0,crossing_budget:0,hard_reserved_crossing:0,soft_repeated_crossing:18,soft_reserved_crossing:0,reserved_spacing:7,segment:170,pops:333,max_heap:37",,,,,3.470867,,937.000000,,1.596867,10.499548,10,physical,2,42
waksman_10x10,default,7-5-0-2-4-9-1-6-3-8,8,3,routed,,1733.349541,25,15,7.654659,4.596960,3.057699,1017.000000,716.349541,2.562960,4.203880,10,physical,2,42
waksman_10x10,default,7-5-0-2-4-9-1-6-3-8,9,8,routed,,1453.247780,12,14,5.295070,2.798575,2.496496,935.000000,518.247780,0.928575,9.969158,10,physical,2,42
spanke_benes_10x10,default,7-3-2-8-5-6-9-4-0-1,0,7,routed,,3332.137137,47,15,14.231005,10.021731,4.209274,2095.000000,1237.137137,5.831731,-4.829814,10,physical,0,42
spanke_benes_10x10,default,7-3-2-8-5-6-9-4-0-1,1,3,routed,,3723.991118,48,24,15.138865,9.352882,5.785982,2151.000000,1572.991118,5.050882,-1.093507,10,physical,0,42
spanke_benes_10x10,default,7-3-2-8-5-6-9-4-0-1,2,2,routed,,2296.663706,16,14,10.010390,7.519063,2.491327,1791.000000,505.663706,3.937063,1.493390,10,physical,0,42
spanke_benes_10x10,default,7-3-2-8-5-6-9-4-0-1,3,8,routed,,3058.035376,34,11,11.583416,8.251346,3.332071,2027.000000,1031.035376,4.197346,-1.945004,10,physical,0,42
spanke_benes_10x10,default,7-3-2-8-5-6-9-4-0-1,4,5,routed,,3255.451302,38,15,12.843776,8.808873,4.034903,2083.000000,1172.451302,4.642873,-1.057889,10,physical,0,42
spanke_benes_10x10,default,7-3-2-8-5-6-9-4-0-1,5,6,routed,,3038.327412,32,11,11.534000,8.251346,3.282655,2027.000000,1011.327412,4.197346,-0.438441,10,physical,0,42
spanke_benes_10x10,default,7-3-2-8-5-6-9-4-0-1,6,9,routed,,2442.371669,18,5,7.814940,6.170196,1.644743,1915.000000,527.371669,2.340196,2.009679,10,physical,0,42
spanke_benes_10x10,default,7-3-2-8-5-6-9-4-0-1,7,4,routed,,2995.451302,38,9,12.244342,9.217439,3.026903,2027.000000,968.451302,5.163439,-2.323640,10,physical,0,42
spanke_benes_10x10,default,7-3-2-8-5-6-9-4-0-1,8,0,routed,,2959.991118,48,10,13.029232,9.859250,3.169982,1995.000000,964.991118,5.869250,-3.004962,10,physical,0,42
spanke_benes_10x10,default,7-3-2-8-5-6-9-4-0-1,9,1,routed,,3123.305284,39,10,13.310860,9.979250,3.331611,2055.000000,1068.305284,5.869250,-2.422186,10,physical,0,42
spanke_benes_10x10,default,3-5-2-4-1-8-7-0-6-9,0,3,routed,,3719.991118,48,25,14.747818,8.837836,5.909982,2135.000000,1584.991118,4.567836,0.214790,10,physical,1,42
spanke_benes_10x10,default,3-5-2-4-1-8-7-0-6-9,1,5,routed,,3764.137137,47,22,14.791393,9.162118,5.629274,2167.000000,1597.137137,4.828118,-2.288722,10,physical,1,42
spanke_benes_10x10,default,3-5-2-4-1-8-7-0-6-9,2,2,routed,,3409.159265,40,22,14.046437,8.986118,5.060319,2079.000000,1330.159265,4.828118,-1.060208,10,physical,1,42
spanke_benes_10x10,default,3-5-2-4-1-8-7-0-6-9,3,4,routed,,3626.867229,42,21,13.686042,8.400308,5.285734,2139.000000,1487.867229,4.122308,0.550027,10,physical,1,42
spanke_benes_10x10,default,3-5-2-4-1-8-7-0-6-9,4,1,routed,,3078.867229,42,17,12.933372,8.823637,4.109734,1979.000000,1099.867229,4.865637,-1.167222,10,physical,1,42
spanke_benes_10x10,default,3-5-2-4-1-8-7-0-6-9,5,8,routed,,2767.495559,24,9,9.340715,6.727724,2.612991,1971.000000,796.495559,2.785724,1.327118,10,physical,1,42
spanke_benes_10x10,default,3-5-2-4-1-8-7-0-6-9,6,7,routed,,2787.495559,24,11,9.580715,6.727724,2.852991,1971.000000,816.495559,2.785724,1.879737,10,physical,1,42
spanke_benes_10x10,default,3-5-2-4-1-8-7-0-6-9,7,0,routed,,2862.429174,45,11,12.436061,9.288203,3.147858,1951.000000,911.429174,5.386203,-2.451616,10,physical,1,42
spanke_benes_10x10,default,3-5-2-4-1-8-7-0-6-9,8,6,routed,,2683.495559,24,10,8.566904,5.965913,2.600991,1943.000000,740.495559,2.079913,5.424385,10,physical,1,42
spanke_benes_10x10,default,3-5-2-4-1-8-7-0-6-9,9,9,routed,,2096.123890,6,2,4.645012,3.884764,0.760248,1831.000000,265.123890,0.222764,23.684220,10,physical,1,42
spanke_benes_10x10,default,7-5-0-2-4-9-1-6-3-8,0,7,routed,,3363.991118,48,15,14.299713,10.021731,4.277982,2095.000000,1268.991118,5.831731,-5.289855,10,physical,2,42
spanke_benes_10x10,default,7-5-0-2-4-9-1-6-3-8,1,5,routed,,3533.553063,51,18,14.693554,9.761448,4.932106,2095.000000,1438.553063,5.571448,-3.818321,10,physical,2,42
spanke_benes_10x10,default,7-5-0-2-4-9-1-6-3-8,2,0,routed,,2085.539816,10,16,8.792049,6.432969,2.359080,1731.000000,354.539816,2.970969,3.767713,10,physical,2,42
spanke_benes_10x10,default,7-5-0-2-4-9-1-6-3-8,3,2,routed,,3845.991118,48,25,14.999818,8.957836,6.041982,2195.000000,1650.991118,4.567836,0.392882,10,physical,2,42
spanke_benes_10x10,default,7-5-0-2-4-9-1-6-3-8,4,4,routed,,3433.159265,40,18,13.248909,8.604591,4.644319,2111.000000,1322.159265,4.382591,0.312088,10,physical,2,42
spanke_benes_10x10,default,7-5-0-2-4-9-1-6-3-8,5,9,routed,,2635.641578,23,6,9.032290,6.932007,2.100283,1943.000000,692.641578,3.046007,0.023820,10,physical,2,42
spanke_benes_10x10,default,7-5-0-2-4-9-1-6-3-8,6,1,routed,,3611.699082,50,19,14.461800,9.366401,5.095398,2139.000000,1472.699082,5.088401,-1.517766,10,physical,2,42
spanke_benes_10x10,default,7-5-0-2-4-9-1-6-3-8,7,6,routed,,2763.495559,24,9,9.332715,6.727724,2.604991,1971.000000,792.495559,2.785724,3.295369,10,physical,2,42
spanke_benes_10x10,default,7-5-0-2-4-9-1-6-3-8,8,3,routed,,3101.305284,39,11,11.694956,8.251346,3.443611,2027.000000,1074.305284,4.197346,0.573116,10,physical,2,42
spanke_benes_10x10,default,7-5-0-2-4-9-1-6-3-8,9,8,routed,,2195.539816,10,3,5.669654,4.646575,1.023080,1859.000000,336.539816,0.928575,10.576585,10,physical,2,42
padded_benes_16x16,default,7-3-2-8-5-6-9-4-0-1-10,0,7,routed,,1664.765467,29,18,8.283019,5.098488,3.184531,1045.000000,619.765467,3.008488,4.532130,11,physical,0,42
padded_benes_16x16,default,7-3-2-8-5-6-9-4-0-1-10,1,3,routed,,1737.495559,24,17,7.337386,4.068394,3.268991,1013.000000,724.495559,2.042394,9.420865,11,physical,0,42
padded_benes_16x16,default,7-3-2-8-5-6-9-4-0-1-10,2,2,routed,,1777.641578,23,20,7.229631,3.865348,3.364283,1153.000000,624.641578,1.559348,13.663069,11,physical,0,42
padded_benes_16x16,default,7-3-2-8-5-6-9-4-0-1-10,3,8,failed,"cannot route padded_benes_16x16_s2_w3_7.th to padded_benes_16x16_s3_w3_11.in on physical grid: blocked by port access (port_access_overlap_foreign); candidate=(315.000,400.000)->(304.000,400.000) region=I2/padded_benes_16x16_s2_w2_6.th:(311.000,400.000)->(325.000,400.000); soft_repeat=I1/repeated_crossing pair=I1-I3 at=(336.000,436.000) source=I3->I1@(144.000,472.000):(144.000,464.000)->(144.000,539.000)x(136.000,472.000)->(160.000,472.000) counters=port_access:3,window:10,same_net:35,crossing_candidate:11,crossing_budget:0,hard_reserved_crossing:0,soft_repeated_crossing:9,soft_reserved_crossing:0,reserved_spacing:2,segment:72,pops:69,max_heap:7",,,,,5.626488,,1309.000000,,3.008488,5.661256,11,physical,0,42
padded_benes_16x16,default,7-3-2-8-5-6-9-4-0-1-10,4,5,failed,"cannot route padded_benes_16x16_s2_w2_6.drop to padded_benes_16x16_s3_w6_14.in on physical grid: blocked by route window; soft_repeat=I1/repeated_crossing pair=I1-I4 at=(252.000,443.000) source=I4->I1@(240.000,472.000):(240.000,472.000)->(240.000,479.000)x(220.000,472.000)->(252.000,472.000) counters=port_access:0,window:131,same_net:111,crossing_candidate:7,crossing_budget:0,hard_reserved_crossing:0,soft_repeated_crossing:33,soft_reserved_crossing:0,reserved_spacing:11,segment:222,pops:376,max_heap:25",,,,,5.586488,,1289.000000,,3.008488,3.473932,11,physical,0,42
padded_benes_16x16,default,7-3-2-8-5-6-9-4-0-1-10,5,6,routed,,2620.035376,34,28,10.735512,5.447441,5.288071,1461.000000,1159.035376,2.525441,5.488448,11,physical,0,42
padded_benes_16x16,default,7-3-2-8-5-6-9-4-0-1-10,6,9,routed,,2211.889357,35,17,9.790314,5.949535,3.840779,1229.000000,982.889357,3.491535,3.094967,11,physical,0,42
padded_benes_16x16,default,7-3-2-8-5-6-9-4-0-1-10,7,4,failed,"cannot route padded_benes_16x16_s2_w3_7.drop to padded_benes_16x16_s3_w7_15.in on physical grid: blocked by route window; soft_repeat=I2/repeated_crossing pair=I2-I7 at=(256.000,400.000) source=I7->I2@(248.000,407.000):(248.000,407.000)->(256.000,407.000)x(248.000,526.000)->(248.000,400.000) counters=port_access:0,window:33,same_net:27,crossing_candidate:4,crossing_budget:0,hard_reserved_crossing:0,soft_repeated_crossing:6,soft_reserved_crossing:0,reserved_spacing:6,segment:53,pops:116,max_heap:18",,,,,5.255441,,1365.000000,,2.525441,5.750362,11,physical,0,42
padded_benes_16x16,default,7-3-2-8-5-6-9-4-0-1-10,8,0,routed,,1806.473431,31,20,8.776435,5.186488,3.589947,1089.000000,717.473431,3.008488,5.279177,11,physical,0,42
padded_benes_16x16,default,7-3-2-8-5-6-9-4-0-1-10,9,1,routed,,2285.159265,40,17,9.478807,5.682488,3.796319,1337.000000,948.159265,3.008488,4.780837,11,physical,0,42
padded_benes_16x16,default,7-3-2-8-5-6-9-4-0-1-10,10,10,routed,,2323.057504,27,17,8.040463,4.473348,3.567115,1457.000000,866.057504,1.559348,16.343796,11,physical,0,42
padded_benes_16x16,default,4-3-2-10-5-1-7-8-0-6-9,0,4,failed,"cannot route padded_benes_16x16_s4_w0_4.drop to padded_benes_16x16_s5_w4_6.in on physical grid: blocked by route window; soft_repeat=I1/repeated_crossing pair=I0-I1 at=(456.000,421.000) source=I0->I1@(48.000,526.000):(20.000,526.000)->(55.000,526.000)x(48.000,518.000)->(48.000,539.000) counters=port_access:0,window:19,same_net:43,crossing_candidate:6,crossing_budget:0,hard_reserved_crossing:0,soft_repeated_crossing:17,soft_reserved_crossing:0,reserved_spacing:4,segment:75,pops:87,max_heap:10",,,,,4.012394,,985.000000,,2.042394,9.123764,11,physical,1,42
padded_benes_16x16,default,4-3-2-10-5-1-7-8-0-6-9,1,3,routed,,1753.203522,26,16,7.278801,4.068394,3.210407,1013.000000,740.203522,2.042394,9.593327,11,physical,1,42
padded_benes_16x16,default,4-3-2-10-5-1-7-8-0-6-9,2,2,routed,,1777.641578,23,15,6.729631,3.865348,2.864283,1153.000000,624.641578,1.559348,14.470345,11,physical,1,42
padded_benes_16x16,default,4-3-2-10-5-1-7-8-0-6-9,3,10,failed,"cannot route padded_benes_16x16_s2_w3_7.th to padded_benes_16x16_s3_w3_11.in on physical grid: blocked by port access (port_access_overlap_foreign); candidate=(315.000,400.000)->(304.000,400.000) region=I2/padded_benes_16x16_s2_w2_6.th:(311.000,400.000)->(325.000,400.000); soft_repeat=I1/repeated_crossing pair=I1-I3 at=(336.000,436.000) source=I3->I1@(144.000,472.000):(144.000,464.000)->(144.000,539.000)x(136.000,472.000)->(160.000,472.000) counters=port_access:3,window:10,same_net:35,crossing_candidate:11,crossing_budget:0,hard_reserved_crossing:0,soft_repeated_crossing:9,soft_reserved_crossing:0,reserved_spacing:2,segment:72,pops:69,max_heap:7",,,,,5.119441,,1297.000000,,2.525441,8.295712,11,physical,1,42
padded_benes_16x16,default,4-3-2-10-5-1-7-8-0-6-9,4,5,routed,,2581.597320,37,17,9.090589,4.988394,4.102195,1473.000000,1108.597320,2.042394,7.007793,11,physical,1,42
padded_benes_16x16,default,4-3-2-10-5-1-7-8-0-6-9,5,1,routed,,2124.327412,32,18,9.217143,5.650488,3.566655,1321.000000,803.327412,3.008488,3.455418,11,physical,1,42
padded_benes_16x16,default,4-3-2-10-5-1-7-8-0-6-9,6,7,failed,"cannot route padded_benes_16x16_s2_w3_7.drop to padded_benes_16x16_s3_w7_15.in on physical grid: blocked by route window; soft_repeat=I2/repeated_crossing pair=I2-I6 at=(256.000,400.000) source=I6->I2@(248.000,407.000):(248.000,407.000)->(256.000,407.000)x(248.000,526.000)->(248.000,400.000) counters=port_access:0,window:50,same_net:74,crossing_candidate:3,crossing_budget:0,hard_reserved_crossing:0,soft_repeated_crossing:11,soft_reserved_crossing:0,reserved_spacing:7,segment:71,pops:162,max_heap:18",,,,,4.748394,,1353.000000,,2.042394,7.391330,11,physical,1,42
padded_benes_16x16,default,4-3-2-10-5-1-7-8-0-6-9,7,8,failed,"cannot route padded_benes_16x16_s2_w2_6.drop to padded_benes_16x16_s3_w6_14.in on physical grid: blocked by route window; soft_repeat=I1/repeated_crossing pair=I1-I7 at=(252.000,443.000) source=I7->I1@(240.000,472.000):(240.000,472.000)->(240.000,479.000)x(220.000,472.000)->(252.000,472.000) counters=port_access:0,window:39,same_net:20,crossing_candidate:5,crossing_budget:0,hard_reserved_crossing:0,soft_repeated_crossing:13,soft_reserved_crossing:0,reserved_spacing:4,segment:79,pops:103,max_heap:11",,,,,6.013535,,1261.000000,,3.491535,4.510697,11,physical,1,42
padded_benes_16x16,default,4-3-2-10-5-1-7-8-0-6-9,8,0,routed,,1979.889357,35,9,9.009360,6.584582,2.424779,1305.000000,674.889357,3.974582,0.254286,11,physical,1,42
padded_benes_16x16,default,4-3-2-10-5-1-7-8-0-6-9,9,6,failed,"cannot route padded_benes_16x16_s4_w2_6.drop to padded_benes_16x16_s5_w4_6.add on physical grid: blocked by route window; soft_repeat=I1/repeated_crossing pair=I1-I9 at=(456.000,421.000) source=I9->I1@(456.000,407.000):(456.000,407.000)->(448.000,407.000)x(456.000,364.000)->(456.000,432.000) counters=port_access:0,window:66,same_net:49,crossing_candidate:7,crossing_budget:0,hard_reserved_crossing:0,soft_repeated_crossing:12,soft_reserved_crossing:0,reserved_spacing:9,segment:160,pops:212,max_heap:13",,,,,6.013535,,1261.000000,,3.491535,4.175082,11,physical,1,42
padded_benes_16x16,default,4-3-2-10-5-1-7-8-0-6-9,10,9,routed,,2194.765467,29,9,7.959972,5.127441,2.832531,1301.000000,893.765467,2.525441,7.894823,11,physical,1,42
padded_benes_16x16,default,5-1-9-0-2-4-7-3-6-8-10,0,5,routed,,1525.349541,25,17,7.401140,4.527441,2.873699,1001.000000,524.349541,2.525441,5.893608,11,physical,2,42
padded_benes_16x16,default,5-1-9-0-2-4-7-3-6-8-10,1,1,routed,,1606.079633,20,14,6.271507,3.609348,2.662159,1025.000000,581.079633,1.559348,14.588404,11,physical,2,42
padded_benes_16x16,default,5-1-9-0-2-4-7-3-6-8-10,2,9,routed,,2273.889357,35,15,9.231267,5.626488,3.604779,1309.000000,964.889357,3.008488,4.691046,11,physical,2,42
padded_benes_16x16,default,5-1-9-0-2-4-7-3-6-8-10,3,0,failed,"cannot route padded_benes_16x16_s1_w0_2.drop to padded_benes_16x16_s2_w2_6.in on physical grid counters=port_access:0,window:0,same_net:14,crossing_candidate:0,crossing_budget:0,hard_reserved_crossing:0,soft_repeated_crossing:0,soft_reserved_crossing:0,reserved_spacing:0,segment:5,pops:9,max_heap:2",,,,,4.775441,,1125.000000,,2.525441,5.286013,11,physical,2,42
padded_benes_16x16,default,5-1-9-0-2-4-7-3-6-8-10,4,2,routed,,2013.349541,25,21,8.777140,5.191441,3.585699,1333.000000,680.349541,2.525441,5.399786,11,physical,2,42
padded_benes_16x16,default,5-1-9-0-2-4-7-3-6-8-10,5,4,routed,,2482.911486,28,26,9.748217,4.988394,4.759823,1473.000000,1009.911486,2.042394,8.292991,11,physical,2,42
padded_benes_16x16,default,5-1-9-0-2-4-7-3-6-8-10,6,7,failed,"cannot route padded_benes_16x16_s2_w2_6.drop to padded_benes_16x16_s3_w6_14.in on physical grid counters=port_access:0,window:0,same_net:10,crossing_candidate:0,crossing_budget:0,hard_reserved_crossing:0,soft_repeated_crossing:0,soft_reserved_crossing:0,reserved_spacing:0,segment:14,pops:11,max_heap:3",,,,,4.796394,,1377.000000,,2.042394,9.487527,11,physical,2,42
padded_benes_16x16,default,5-1-9-0-2-4-7-3-6-8-10,7,3,failed,"cannot route padded_benes_16x16_s2_w3_7.drop to padded_benes_16x16_s3_w7_15.in on physical grid: blocked by route window; soft_repeat=I1/repeated_crossing pair=I1-I7 at=(233.000,443.000) source=I7->I1@(240.000,436.000):(240.000,432.000)->(240.000,443.000)x(233.000,436.000)->(265.000,436.000) counters=port_access:0,window:28,same_net:62,crossing_candidate:7,crossing_budget:0,hard_reserved_crossing:0,soft_repeated_crossing:36,soft_reserved_crossing:0,reserved_spacing:2,segment:140,pops:170,max_heap:18",,,,,4.876394,,1417.000000,,2.042394,8.836629,11,physical,2,42
padded_benes_16x16,default,5-1-9-0-2-4-7-3-6-8-10,8,6,failed,"cannot route padded_benes_16x16_s2_w11_15.th to padded_benes_16x16_s3_w3_11.add on physical grid: A* pop limit exceeded; soft_repeat=I4/repeated_crossing pair=I4-I8 at=(304.000,256.000) source=I8->I4@(315.000,256.000):(315.000,256.000)->(315.000,263.000)x(248.000,256.000)->(370.000,256.000) counters=port_access:76,window:502,same_net:964,crossing_candidate:103,crossing_budget:0,hard_reserved_crossing:0,soft_repeated_crossing:464,soft_reserved_crossing:0,reserved_spacing:71,segment:2252,pops:8001,max_heap:433",,,,,6.464582,,1245.000000,,3.974582,1.255074,11,physical,2,42
padded_benes_16x16,default,5-1-9-0-2-4-7-3-6-8-10,9,8,routed,,1791.495559,24,17,7.445386,4.492394,2.952991,1225.000000,566.495559,2.042394,7.688396,11,physical,2,42
padded_benes_16x16,default,5-1-9-0-2-4-7-3-6-8-10,10,10,routed,,2323.057504,27,12,7.540463,4.473348,3.067115,1457.000000,866.057504,1.559348,16.534816,11,physical,2,42
waksman_11x11,default,7-3-2-8-5-6-9-4-0-1-10,0,7,failed,"cannot route waksman_11x11_s2_w0_4.drop to waksman_11x11_s4_w0_4.add on physical grid: blocked by route window; soft_repeat=I2/repeated_crossing pair=I0-I2 at=(240.000,284.000) source=I0->I2@(152.000,346.000):(115.000,346.000)->(160.000,346.000)x(152.000,320.000)->(152.000,359.000) counters=port_access:0,window:53,same_net:55,crossing_candidate:11,crossing_budget:0,hard_reserved_crossing:0,soft_repeated_crossing:41,soft_reserved_crossing:0,reserved_spacing:17,segment:113,pops:180,max_heap:26",,,,,4.683724,,949.000000,,2.785724,4.517906,11,physical,0,42
waksman_11x11,default,7-3-2-8-5-6-9-4-0-1-10,1,3,failed,"cannot route waksman_11x11_s6_w2_3.drop to O3 on physical grid counters=port_access:0,window:0,same_net:16,crossing_candidate:0,crossing_budget:0,hard_reserved_crossing:0,soft_repeated_crossing:0,soft_reserved_crossing:0,reserved_spacing:0,segment:10,pops:12,max_heap:2",,,,,3.718867,,1061.000000,,1.596867,8.571572,11,physical,0,42
waksman_11x11,default,7-3-2-8-5-6-9-4-0-1-10,2,2,routed,,1829.641578,23,9,6.233631,3.865348,2.368283,1153.000000,676.641578,1.559348,13.212870,11,physical,0,42
waksman_11x11,default,7-3-2-8-5-6-9-4-0-1-10,3,8,routed,,1717.203522,26,8,6.927367,4.596960,2.330407,1017.000000,700.203522,2.562960,4.234359,11,physical,0,42
waksman_11x11,default,7-3-2-8-5-6-9-4-0-1-10,4,5,failed,"cannot route waksman_11x11_s2_w2_6.drop to waksman_11x11_s4_w2_6.add on physical grid: blocked by route window; soft_repeat=I2/repeated_crossing pair=I2-I4 at=(240.000,233.000) source=I4->I2@(248.000,220.000):(248.000,220.000)->(248.000,233.000)x(240.000,220.000)->(265.000,220.000) counters=port_access:0,window:108,same_net:95,crossing_candidate:4,crossing_budget:0,hard_reserved_crossing:0,soft_repeated_crossing:30,soft_reserved_crossing:0,reserved_spacing:41,segment:182,pops:334,max_heap:23",,,,,4.563724,,889.000000,,2.785724,4.319354,11,physical,0,42
waksman_11x11,default,7-3-2-8-5-6-9-4-0-1-10,5,6,routed,,2226.035376,34,5,7.424748,4.424677,3.000071,1061.000000,1165.035376,2.302677,6.243669,11,physical,0,42
waksman_11x11,default,7-3-2-8-5-6-9-4-0-1-10,6,9,failed,"cannot route waksman_11x11_s2_w0_4.th to waksman_11x11_s3_w0_8.in on physical grid counters=port_access:0,window:0,same_net:5,crossing_candidate:0,crossing_budget:0,hard_reserved_crossing:0,soft_repeated_crossing:0,soft_reserved_crossing:0,reserved_spacing:0,segment:1,pops:2,max_heap:1",,,,,5.288007,,1121.000000,,3.046007,2.297704,11,physical,0,42
waksman_11x11,default,7-3-2-8-5-6-9-4-0-1-10,7,4,failed,"cannot route waksman_11x11_s2_w3_7.drop to waksman_11x11_s5_w5_7.add on physical grid: blocked by route window; soft_repeat=I2/repeated_crossing pair=I2-I7 at=(240.000,233.000) source=I7->I2@(248.000,220.000):(248.000,220.000)->(248.000,233.000)x(240.000,220.000)->(265.000,220.000) counters=port_access:0,window:59,same_net:61,crossing_candidate:3,crossing_budget:0,hard_reserved_crossing:0,soft_repeated_crossing:18,soft_reserved_crossing:0,reserved_spacing:9,segment:79,pops:177,max_heap:21",,,,,3.977913,,949.000000,,2.079913,6.954940,11,physical,0,42
waksman_11x11,default,7-3-2-8-5-6-9-4-0-1-10,8,0,routed,,1310.517688,17,9,5.425666,3.821630,1.604035,1001.000000,309.517688,1.819630,9.372497,11,physical,0,42
waksman_11x11,default,7-3-2-8-5-6-9-4-0-1-10,9,1,failed,"cannot route waksman_11x11_s0_w8_9.drop to waksman_11x11_s3_w1_9.add on physical grid: A* pop limit exceeded; soft_repeat=I2/repeated_crossing pair=I2-I9 at=(338.000,161.000) source=I9->I2@(344.000,148.000):(344.000,148.000)->(344.000,161.000)x(338.000,148.000)->(370.000,148.000) counters=port_access:63,window:451,same_net:632,crossing_candidate:32,crossing_budget:0,hard_reserved_crossing:0,soft_repeated_crossing:232,soft_reserved_crossing:0,reserved_spacing:281,segment:1703,pops:8001,max_heap:724",,,,,3.686867,,1045.000000,,1.596867,9.366490,11,physical,0,42
waksman_11x11,default,7-3-2-8-5-6-9-4-0-1-10,10,10,routed,,1441.539816,10,7,4.078608,2.255528,1.823080,905.000000,536.539816,0.445528,20.402777,11,physical,0,42
waksman_11x11,default,4-3-2-10-5-1-7-8-0-6-9,0,4,routed,,1645.057504,27,11,8.054169,5.515054,2.539115,993.000000,652.057504,3.529054,1.321409,11,physical,1,42
waksman_11x11,default,4-3-2-10-5-1-7-8-0-6-9,1,3,routed,,1465.495559,24,9,6.959479,4.970488,1.988991,981.000000,484.495559,3.008488,4.393638,11,physical,1,42
waksman_11x11,default,4-3-2-10-5-1-7-8-0-6-9,2,2,failed,"cannot route waksman_11x11_s1_w1_3.th to waksman_11x11_s2_w1_5.in on physical grid counters=port_access:0,window:0,same_net:4,crossing_candidate:0,crossing_budget:0,hard_reserved_crossing:0,soft_repeated_crossing:0,soft_reserved_crossing:0,reserved_spacing:0,segment:0,pops:1,max_heap:1",,,,,5.980864,,873.000000,,4.234864,0.251673,11,physical,1,42
waksman_11x11,default,4-3-2-10-5-1-7-8-0-6-9,3,10,routed,,1628.371669,18,10,6.203893,3.823149,2.380743,983.000000,645.371669,1.857149,6.330115,11,physical,1,42
waksman_11x11,default,4-3-2-10-5-1-7-8-0-6-9,4,5,routed,,1579.933614,21,13,6.384498,3.789630,2.594867,985.000000,594.933614,1.819630,10.211251,11,physical,1,42
waksman_11x11,default,4-3-2-10-5-1-7-8-0-6-9,5,1,routed,,1960.619449,30,12,7.834199,4.612960,3.221239,1025.000000,935.619449,2.562960,4.757910,11,physical,1,42
waksman_11x11,default,4-3-2-10-5-1-7-8-0-6-9,6,7,routed,,2091.057504,27,15,7.636745,3.773630,3.863115,977.000000,1114.057504,1.819630,9.897134,11,physical,1,42
waksman_11x11,default,4-3-2-10-5-1-7-8-0-6-9,7,8,failed,"cannot route waksman_11x11_s6_w8_9.th to O8 on physical grid counters=port_access:0,window:0,same_net:4,crossing_candidate:0,crossing_budget:0,hard_reserved_crossing:0,soft_repeated_crossing:0,soft_reserved_crossing:0,reserved_spacing:0,segment:0,pops:1,max_heap:1",,,,,5.240007,,1097.000000,,3.046007,2.317222,11,physical,1,42
waksman_11x11,default,4-3-2-10-5-1-7-8-0-6-9,8,0,failed,"cannot route waksman_11x11_s3_w2_10.th to waksman_11x11_s4_w2_6.in on physical grid: blocked by port access (port_access_overlap_foreign); candidate=(485.000,212.000)->(475.000,212.000) region=I6/waksman_11x11_s4_w2_6.drop:(489.000,212.000)->(475.000,212.000); soft_repeat=I0/repeated_crossing pair=I0-I8 at=(448.000,108.000) source=I8->I0@(430.000,108.000):(430.000,36.000)->(430.000,140.000)x(265.000,108.000)->(640.000,108.000) counters=port_access:64,window:549,same_net:839,crossing_candidate:82,crossing_budget:0,hard_reserved_crossing:0,soft_repeated_crossing:583,soft_reserved_crossing:0,reserved_spacing:159,segment:2600,pops:6747,max_heap:147",,,,,4.851724,,1033.000000,,2.785724,3.965789,11,physical,1,42
waksman_11x11,default,4-3-2-10-5-1-7-8-0-6-9,9,6,failed,"cannot route waksman_11x11_s0_w8_9.drop to waksman_11x11_s3_w1_9.add on physical grid: A* pop limit exceeded; soft_repeat=I4/repeated_crossing pair=I4-I9 at=(220.000,212.000) source=I9->I4@(220.000,191.000):(224.000,191.000)->(218.000,191.000)x(220.000,184.000)->(220.000,269.000) counters=port_access:25,window:267,same_net:523,crossing_candidate:37,crossing_budget:0,hard_reserved_crossing:0,soft_repeated_crossing:262,soft_reserved_crossing:0,reserved_spacing:218,segment:979,pops:8001,max_heap:1332",,,,,5.240007,,1097.000000,,3.046007,3.341725,11,physical,1,42
waksman_11x11,default,4-3-2-10-5-1-7-8-0-6-9,10,9,routed,,1600.663706,16,8,5.715713,3.848385,1.867327,1107.000000,493.663706,1.634385,7.138540,11,physical,1,42
waksman_11x11,default,5-1-9-0-2-4-7-3-6-8-10,0,5,failed,"cannot route waksman_11x11_s2_w0_4.th to waksman_11x11_s3_w0_8.in on physical grid: blocked by port access (port_access_overlap_foreign); candidate=(315.000,212.000)->(304.000,212.000) region=I6/waksman_11x11_s2_w2_6.add:(311.000,212.000)->(325.000,212.000); soft_repeat=I1/repeated_crossing pair=I0-I1 at=(344.000,197.000) source=I0->I1@(48.000,346.000):(20.000,346.000)->(55.000,346.000)x(48.000,338.000)->(48.000,359.000) counters=port_access:82,window:933,same_net:1302,crossing_candidate:83,crossing_budget:0,hard_reserved_crossing:0,soft_repeated_crossing:257,soft_reserved_crossing:0,reserved_spacing:177,segment:1617,pops:6340,max_heap:175",,,,,4.527441,,1001.000000,,2.525441,5.964283,11,physical,2,42
waksman_11x11,default,5-1-9-0-2-4-7-3-6-8-10,1,1,routed,,1757.495559,24,10,6.714904,4.225913,2.488991,1073.000000,684.495559,2.079913,6.542126,11,physical,2,42
waksman_11x11,default,5-1-9-0-2-4-7-3-6-8-10,2,9,routed,,1717.349541,25,9,7.022659,4.596960,2.425699,1017.000000,700.349541,2.562960,3.767733,11,physical,2,42
waksman_11x11,default,5-1-9-0-2-4-7-3-6-8-10,3,0,failed,"cannot route waksman_11x11_s2_w2_6.th to waksman_11x11_s3_w2_10.in on physical grid: blocked by port access (port_access_overlap_foreign); candidate=(376.000,140.000)->(370.000,140.000) region=I10/waksman_11x11_s3_w2_10.drop:(384.000,140.000)->(370.000,140.000); soft_repeat=I1/repeated_crossing pair=I1-I3 at=(344.000,197.000) source=I3->I1@(128.000,305.000):(115.000,305.000)->(220.000,305.000)x(128.000,359.000)->(128.000,292.000) counters=port_access:54,window:511,same_net:623,crossing_candidate:53,crossing_budget:0,hard_reserved_crossing:0,soft_repeated_crossing:207,soft_reserved_crossing:0,reserved_spacing:117,segment:1113,pops:3378,max_heap:98",,,,,4.775441,,1125.000000,,2.525441,5.173860,11,physical,2,42
waksman_11x11,default,5-1-9-0-2-4-7-3-6-8-10,4,2,failed,"cannot route waksman_11x11_s2_w0_4.drop to waksman_11x11_s4_w0_4.add on physical grid counters=port_access:0,window:0,same_net:9,crossing_candidate:0,crossing_budget:0,hard_reserved_crossing:0,soft_repeated_crossing:0,soft_reserved_crossing:0,reserved_spacing:0,segment:7,pops:7,max_heap:2",,,,,4.168677,,933.000000,,2.302677,6.473124,11,physical,2,42
waksman_11x11,default,5-1-9-0-2-4-7-3-6-8-10,5,4,failed,"cannot route waksman_11x11_s2_w3_7.drop to waksman_11x11_s5_w5_7.add on physical grid: blocked by port access (port_access_overlap_foreign); candidate=(275.000,212.000)->(265.000,212.000) region=I6/waksman_11x11_s2_w2_6.drop:(279.000,212.000)->(265.000,212.000); soft_repeat=I1/repeated_crossing pair=I1-I5 at=(240.000,197.000) source=I5->I1@(248.000,197.000):(248.000,191.000)->(248.000,212.000)x(160.000,197.000)->(265.000,197.000) counters=port_access:4,window:68,same_net:120,crossing_candidate:4,crossing_budget:0,hard_reserved_crossing:0,soft_repeated_crossing:34,soft_reserved_crossing:0,reserved_spacing:12,segment:160,pops:435,max_heap:68",,,,,4.484960,,961.000000,,2.562960,4.821525,11,physical,2,42
waksman_11x11,default,5-1-9-0-2-4-7-3-6-8-10,6,7,routed,,2306.473431,31,11,7.687577,3.773630,3.913947,977.000000,1329.473431,1.819630,10.245459,11,physical,2,42
waksman_11x11,default,5-1-9-0-2-4-7-3-6-8-10,7,3,failed,"cannot route waksman_11x11_s4_w1_5.th to waksman_11x11_s5_w1_3.in on physical grid counters=port_access:0,window:0,same_net:13,crossing_candidate:0,crossing_budget:0,hard_reserved_crossing:0,soft_repeated_crossing:0,soft_reserved_crossing:0,reserved_spacing:0,segment:9,pops:12,max_heap:3",,,,,4.755724,,985.000000,,2.785724,4.101266,11,physical,2,42
waksman_11x11,default,5-1-9-0-2-4-7-3-6-8-10,8,6,failed,"cannot route waksman_11x11_s4_w1_5.drop to waksman_11x11_s5_w5_7.in on physical grid: blocked by port access (port_access_overlap_foreign); candidate=(485.000,212.000)->(475.000,212.000) region=I6/waksman_11x11_s4_w2_6.drop:(489.000,212.000)->(475.000,212.000); soft_repeat=I9/repeated_crossing pair=I8-I9 at=(485.000,233.000) source=I8->I9@(55.000,36.000):(55.000,50.000)->(55.000,19.000)x(20.000,36.000)->(115.000,36.000) counters=port_access:2,window:0,same_net:8,crossing_candidate:1,crossing_budget:0,hard_reserved_crossing:0,soft_repeated_crossing:1,soft_reserved_crossing:0,reserved_spacing:0,segment:15,pops:12,max_heap:5",,,,,5.691054,,1081.000000,,3.529054,1.278708,11,physical,2,42
waksman_11x11,default,5-1-9-0-2-4-7-3-6-8-10,9,8,routed,,1516.955743,14,11,5.578014,3.560103,2.017911,1093.000000,423.955743,1.374103,8.796463,11,physical,2,42
waksman_11x11,default,5-1-9-0-2-4-7-3-6-8-10,10,10,routed,,1441.539816,10,5,3.878608,2.255528,1.623080,905.000000,536.539816,0.445528,20.885824,11,physical,2,42
spanke_benes_11x11,default,7-3-2-8-5-6-9-4-0-1-10,0,7,routed,,3948.968990,55,20,16.450197,10.999259,5.450938,2361.000000,1587.968990,6.277259,-5.839170,11,physical,0,42
spanke_benes_11x11,default,7-3-2-8-5-6-9-4-0-1-10,1,3,routed,,4213.115008,54,26,16.792640,10.330410,6.462230,2417.000000,1796.115008,5.496410,-2.131113,11,physical,0,42
spanke_benes_11x11,default,7-3-2-8-5-6-9-4-0-1-10,2,2,routed,,2817.787596,22,16,11.728166,8.496591,3.231575,2057.000000,760.787596,4.382591,0.458558,11,physical,0,42
spanke_benes_11x11,default,7-3-2-8-5-6-9-4-0-1-10,3,8,routed,,3531.013247,41,18,13.709900,9.228873,4.481026,2293.000000,1238.013247,4.642873,-2.967679,11,physical,0,42
spanke_benes_11x11,default,7-3-2-8-5-6-9-4-0-1-10,4,5,routed,,3861.991118,48,18,14.852384,9.786401,5.065982,2349.000000,1512.991118,5.088401,-2.086806,11,physical,0,42
spanke_benes_11x11,default,7-3-2-8-5-6-9-4-0-1-10,5,6,routed,,3491.451302,38,14,13.215776,9.228873,3.986903,2293.000000,1198.451302,4.642873,-1.462287,11,physical,0,42
spanke_benes_11x11,default,7-3-2-8-5-6-9-4-0-1-10,6,9,routed,,2981.495559,24,10,9.868715,7.147724,2.720991,2181.000000,800.495559,2.785724,0.915455,11,physical,0,42
spanke_benes_11x11,default,7-3-2-8-5-6-9-4-0-1-10,7,4,routed,,3645.991118,48,12,14.340949,10.194967,4.145982,2293.000000,1352.991118,5.608967,-3.341678,11,physical,0,42
spanke_benes_11x11,default,7-3-2-8-5-6-9-4-0-1-10,8,0,routed,,3169.991118,48,8,13.471996,10.470014,3.001982,2189.000000,980.991118,6.092014,-3.631226,11,physical,0,42
spanke_benes_11x11,default,7-3-2-8-5-6-9-4-0-1-10,9,1,failed,capped rip-up hop exhausted bounded candidates before A*: deterministic hop candidate has multiple crossings on one segment,,,,,10.956778,,2321.000000,,6.314778,-3.447157,11,physical,0,42
spanke_benes_11x11,default,7-3-2-8-5-6-9-4-0-1-10,10,10,routed,,2350.123890,6,6,5.553012,4.304764,1.248248,2041.000000,309.123890,0.222764,23.264220,11,physical,0,42
spanke_benes_11x11,default,4-3-2-10-5-1-7-8-0-6-9,0,4,routed,,4372.530935,58,28,17.331472,10.386410,6.945062,2445.000000,1927.530935,5.496410,-3.011602,11,physical,1,42
spanke_benes_11x11,default,4-3-2-10-5-1-7-8-0-6-9,1,3,routed,,4265.115008,54,28,17.096640,10.330410,6.766230,2417.000000,1848.115008,5.496410,-2.465031,11,physical,1,42
spanke_benes_11x11,default,4-3-2-10-5-1-7-8-0-6-9,2,2,routed,,3695.159265,40,24,15.041201,9.596882,5.444319,2273.000000,1422.159265,5.050882,-1.150352,11,physical,1,42
spanke_benes_11x11,default,4-3-2-10-5-1-7-8-0-6-9,3,10,routed,,3193.889357,35,9,12.626218,9.637439,2.988779,2237.000000,956.889357,5.163439,-5.104932,11,physical,1,42
spanke_benes_11x11,default,4-3-2-10-5-1-7-8-0-6-9,4,5,routed,,3862.575192,44,21,14.167458,8.820308,5.347150,2349.000000,1513.575192,4.122308,-0.150917,11,physical,1,42
spanke_benes_11x11,default,4-3-2-10-5-1-7-8-0-6-9,5,1,routed,,3459.991118,48,18,14.531430,10.005448,4.525982,2217.000000,1242.991118,5.571448,-2.903781,11,physical,1,42
spanke_benes_11x11,default,4-3-2-10-5-1-7-8-0-6-9,6,7,routed,,3236.619449,30,15,11.354491,7.705252,3.649239,2237.000000,999.619449,3.231252,1.633382,11,physical,1,42
spanke_benes_11x11,default,4-3-2-10-5-1-7-8-0-6-9,7,8,routed,,3043.495559,24,15,10.492715,7.147724,3.344991,2181.000000,862.495559,2.785724,2.034374,11,physical,1,42
spanke_benes_11x11,default,4-3-2-10-5-1-7-8-0-6-9,8,0,routed,,3235.553063,51,12,14.018120,10.470014,3.548106,2189.000000,1046.553063,6.092014,-3.789215,11,physical,1,42
spanke_benes_11x11,default,4-3-2-10-5-1-7-8-0-6-9,9,6,routed,,3052.473431,31,13,10.345671,7.147724,3.197947,2181.000000,871.473431,2.785724,3.281941,11,physical,1,42
spanke_benes_11x11,default,4-3-2-10-5-1-7-8-0-6-9,10,9,routed,,2407.539816,10,3,6.093654,5.066575,1.027080,2069.000000,338.539816,0.928575,11.996517,11,physical,1,42
spanke_benes_11x11,default,5-1-9-0-2-4-7-3-6-8-10,0,5,routed,,4176.384916,59,19,16.304463,10.590693,5.713770,2417.000000,1759.384916,5.756693,-4.282203,11,physical,2,42
spanke_benes_11x11,default,5-1-9-0-2-4-7-3-6-8-10,1,1,routed,,4213.699082,50,32,16.630479,9.555081,7.075398,2401.000000,1812.699082,4.753081,-0.010360,11,physical,2,42
spanke_benes_11x11,default,5-1-9-0-2-4-7-3-6-8-10,2,9,routed,,3499.159265,40,14,14.207286,10.194967,4.012319,2293.000000,1206.159265,5.608967,-5.733464,11,physical,2,42
spanke_benes_11x11,default,5-1-9-0-2-4-7-3-6-8-10,3,0,routed,,2871.305284,39,17,11.314390,7.614780,3.699611,1969.000000,902.305284,3.676780,1.033570,11,physical,2,42
spanke_benes_11x11,default,5-1-9-0-2-4-7-3-6-8-10,4,2,routed,,4441.115008,54,28,16.259783,9.173553,7.086230,2433.000000,2008.115008,4.307553,1.126354,11,physical,2,42
spanke_benes_11x11,default,5-1-9-0-2-4-7-3-6-8-10,5,4,routed,,3858.867229,42,21,14.150042,8.820308,5.329734,2349.000000,1509.867229,4.122308,0.974498,11,physical,2,42
spanke_benes_11x11,default,5-1-9-0-2-4-7-3-6-8-10,6,7,routed,,3256.619449,30,10,10.894491,7.705252,3.189239,2237.000000,1019.619449,3.231252,1.348181,11,physical,2,42
spanke_benes_11x11,default,5-1-9-0-2-4-7-3-6-8-10,7,3,routed,,3662.575192,44,18,13.727741,9.024591,4.703150,2321.000000,1341.575192,4.382591,-0.071810,11,physical,2,42
spanke_benes_11x11,default,5-1-9-0-2-4-7-3-6-8-10,8,6,failed,capped rip-up hop exhausted bounded candidates before A*: same-net avoidance candidate outside route window,,,,,6.943441,,2209.000000,,2.525441,5.167532,11,physical,2,42
spanke_benes_11x11,default,5-1-9-0-2-4-7-3-6-8-10,9,8,routed,,2792.663706,16,13,8.339430,5.624103,2.715327,2125.000000,667.663706,1.374103,10.929533,11,physical,2,42
spanke_benes_11x11,default,5-1-9-0-2-4-7-3-6-8-10,10,10,routed,,2350.123890,6,8,5.753012,4.304764,1.448248,2041.000000,309.123890,0.222764,26.087463,11,physical,2,42
padded_benes_16x16,default,7-5-2-8-9-6-11-3-4-0-1-10,0,7,routed,,1663.057504,27,13,7.769603,5.098488,2.671115,1045.000000,618.057504,3.008488,4.952777,12,physical,0,42
padded_benes_16x16,default,7-5-2-8-9-6-11-3-4-0-1-10,1,5,routed,,1954.327412,32,19,8.011049,4.252394,3.758655,1105.000000,849.327412,2.042394,8.646209,12,physical,0,42
padded_benes_16x16,default,7-5-2-8-9-6-11-3-4-0-1-10,2,2,routed,,1777.641578,23,16,6.829631,3.865348,2.964283,1153.000000,624.641578,1.559348,14.558550,12,physical,0,42
padded_benes_16x16,default,7-5-2-8-9-6-11-3-4-0-1-10,3,8,routed,,2433.159265,40,19,9.974807,5.626488,4.348319,1309.000000,1124.159265,3.008488,3.878645,12,physical,0,42
padded_benes_16x16,default,7-5-2-8-9-6-11-3-4-0-1-10,4,9,failed,"cannot route padded_benes_16x16_s2_w0_4.drop to padded_benes_16x16_s3_w4_12.in on physical grid counters=port_access:0,window:0,same_net:4,crossing_candidate:1,crossing_budget:0,hard_reserved_crossing:0,soft_repeated_crossing:0,soft_reserved_crossing:0,reserved_spacing:0,segment:3,pops:3,max_heap:1",,,,,5.378488,,1185.000000,,3.008488,5.850181,12,physical,0,42
padded_benes_16x16,default,7-5-2-8-9-6-11-3-4-0-1-10,5,6,routed,,2840.867229,42,20,10.417176,5.255441,5.161734,1365.000000,1475.867229,2.525441,5.321268,12,physical,0,42
padded_benes_16x16,default,7-5-2-8-9-6-11-3-4-0-1-10,6,11,failed,"cannot route padded_benes_16x16_s4_w10_14.th to padded_benes_16x16_s5_w8_10.add on physical grid counters=port_access:0,window:0,same_net:9,crossing_candidate:0,crossing_budget:0,hard_reserved_crossing:0,soft_repeated_crossing:0,soft_reserved_crossing:0,reserved_spacing:0,segment:1,pops:4,max_heap:1",,,,,5.618488,,1305.000000,,3.008488,5.615948,12,physical,0,42
padded_benes_16x16,default,7-5-2-8-9-6-11-3-4-0-1-10,7,3,failed,"cannot route padded_benes_16x16_s2_w1_5.drop to padded_benes_16x16_s3_w5_13.in on physical grid; soft_repeat=I1/repeated_crossing pair=I1-I7 at=(256.000,436.000) source=I7->I1@(240.000,436.000):(240.000,328.000)->(240.000,485.000)x(233.000,436.000)->(265.000,436.000) counters=port_access:0,window:0,same_net:19,crossing_candidate:3,crossing_budget:0,hard_reserved_crossing:0,soft_repeated_crossing:3,soft_reserved_crossing:0,reserved_spacing:12,segment:43,pops:47,max_heap:11",,,,,5.778488,,1385.000000,,3.008488,3.128739,12,physical,0,42
padded_benes_16x16,default,7-5-2-8-9-6-11-3-4-0-1-10,8,4,failed,"cannot route padded_benes_16x16_s4_w2_6.drop to padded_benes_16x16_s5_w4_6.add on physical grid: blocked by route window; soft_repeat=I5/repeated_crossing pair=I5-I8 at=(464.000,392.000) source=I8->I5@(440.000,148.000):(440.000,53.000)->(440.000,155.000)x(430.000,148.000)->(448.000,148.000) counters=port_access:0,window:2,same_net:2,crossing_candidate:0,crossing_budget:0,hard_reserved_crossing:0,soft_repeated_crossing:4,soft_reserved_crossing:0,reserved_spacing:0,segment:20,pops:11,max_heap:3",,,,,5.893535,,1201.000000,,3.491535,2.854844,12,physical,0,42
padded_benes_16x16,default,7-5-2-8-9-6-11-3-4-0-1-10,9,0,failed,"cannot route padded_benes_16x16_s3_w3_11.th to padded_benes_16x16_s4_w3_7.in on physical grid: blocked by port access (port_access_overlap_foreign); candidate=(420.000,328.000)->(416.000,328.000) region=I2/padded_benes_16x16_s3_w2_10.th:(416.000,328.000)->(430.000,328.000); soft_repeat=I1/repeated_crossing pair=I1-I9 at=(485.000,341.000) source=I9->I1@(464.000,341.000):(464.000,341.000)->(464.000,349.000)x(448.000,341.000)->(544.000,341.000) counters=port_access:27,window:471,same_net:1021,crossing_candidate:22,crossing_budget:0,hard_reserved_crossing:0,soft_repeated_crossing:334,soft_reserved_crossing:0,reserved_spacing:15,segment:1044,pops:4591,max_heap:300",,,,,6.133535,,1321.000000,,3.491535,2.057089,12,physical,0,42
padded_benes_16x16,default,7-5-2-8-9-6-11-3-4-0-1-10,10,1,failed,"cannot route padded_benes_16x16_s3_w4_12.th to padded_benes_16x16_s4_w0_4.add on physical grid: blocked by port access (port_access_overlap_foreign); candidate=(428.000,328.000)->(424.000,328.000) region=I2/padded_benes_16x16_s3_w2_10.th:(416.000,328.000)->(430.000,328.000); soft_repeat=I1/repeated_crossing pair=I1-I10 at=(485.000,341.000) source=I10->I1@(475.000,341.000):(475.000,341.000)->(475.000,349.000)x(448.000,341.000)->(544.000,341.000) counters=port_access:24,window:193,same_net:645,crossing_candidate:19,crossing_budget:0,hard_reserved_crossing:0,soft_repeated_crossing:262,soft_reserved_crossing:0,reserved_spacing:31,segment:979,pops:2990,max_heap:193",,,,,6.272582,,1149.000000,,3.974582,1.580511,12,physical,0,42
padded_benes_16x16,default,7-5-2-8-9-6-11-3-4-0-1-10,11,10,routed,,2278.035376,34,11,8.834559,5.586488,3.248071,1289.000000,989.035376,3.008488,3.668541,12,physical,0,42
padded_benes_16x16,default,5-7-2-9-10-6-4-8-3-1-11-0,0,5,routed,,1409.933614,21,13,6.750308,4.527441,2.222867,1001.000000,408.933614,2.525441,7.092205,12,physical,1,42
padded_benes_16x16,default,5-7-2-9-10-6-4-8-3-1-11-0,1,7,routed,,1974.327412,32,17,8.334096,4.711441,3.622655,1093.000000,881.327412,2.525441,6.565516,12,physical,1,42
padded_benes_16x16,default,5-7-2-9-10-6-4-8-3-1-11-0,2,2,routed,,1777.641578,23,26,7.829631,3.865348,3.964283,1153.000000,624.641578,1.559348,14.013290,12,physical,1,42
padded_benes_16x16,default,5-7-2-9-10-6-4-8-3-1-11-0,3,9,routed,,2461.451302,38,20,9.638344,5.175441,4.462903,1325.000000,1136.451302,2.525441,5.709415,12,physical,1,42
padded_benes_16x16,default,5-7-2-9-10-6-4-8-3-1-11-0,4,10,routed,,2622.721210,43,22,11.635024,6.464582,5.170442,1245.000000,1377.721210,3.974582,1.428292,12,physical,1,42
padded_benes_16x16,default,5-7-2-9-10-6-4-8-3-1-11-0,5,6,routed,,2405.743339,36,18,9.316928,5.191441,4.125487,1333.000000,1072.743339,2.525441,4.688904,12,physical,1,42
padded_benes_16x16,default,5-7-2-9-10-6-4-8-3-1-11-0,6,4,failed,"cannot route padded_benes_16x16_s2_w3_7.drop to padded_benes_16x16_s3_w7_15.in on physical grid: blocked by port access (port_access_overlap_foreign); candidate=(275.000,392.000)->(265.000,392.000) region=I5/padded_benes_16x16_s2_w2_6.drop:(279.000,392.000)->(265.000,392.000); soft_repeat=I2/repeated_crossing pair=I2-I6 at=(248.000,432.000) source=I6->I2@(248.000,421.000):(248.000,421.000)->(256.000,421.000)x(248.000,526.000)->(248.000,400.000) counters=port_access:12,window:104,same_net:132,crossing_candidate:0,crossing_budget:0,hard_reserved_crossing:0,soft_repeated_crossing:26,soft_reserved_crossing:0,reserved_spacing:5,segment:194,pops:353,max_heap:32",,,,,5.706488,,1349.000000,,3.008488,3.295117,12,physical,1,42
padded_benes_16x16,default,5-7-2-9-10-6-4-8-3-1-11-0,7,8,failed,"cannot route padded_benes_16x16_s4_w8_12.th to padded_benes_16x16_s5_w8_10.in on physical grid counters=port_access:0,window:0,same_net:9,crossing_candidate:0,crossing_budget:0,hard_reserved_crossing:0,soft_repeated_crossing:0,soft_reserved_crossing:0,reserved_spacing:0,segment:1,pops:4,max_heap:1",,,,,5.949535,,1229.000000,,3.491535,2.749926,12,physical,1,42
padded_benes_16x16,default,5-7-2-9-10-6-4-8-3-1-11-0,8,3,routed,,2169.597320,37,19,10.398776,6.336582,4.062195,1181.000000,988.597320,3.974582,1.352462,12,physical,1,42
padded_benes_16x16,default,5-7-2-9-10-6-4-8-3-1-11-0,9,1,failed,"cannot route padded_benes_16x16_s2_w8_12.drop to padded_benes_16x16_s3_w4_12.add on physical grid: blocked by port access (port_access_overlap_foreign); candidate=(275.000,112.000)->(265.000,112.000) region=I10/padded_benes_16x16_s2_w10_14.in:(279.000,112.000)->(265.000,112.000); soft_repeat=I8/repeated_crossing pair=I8-I9 at=(256.000,148.000) source=I9->I8@(55.000,216.000):(20.000,216.000)->(115.000,216.000)x(55.000,230.000)->(55.000,184.000) counters=port_access:6,window:67,same_net:86,crossing_candidate:10,crossing_budget:0,hard_reserved_crossing:0,soft_repeated_crossing:47,soft_reserved_crossing:0,reserved_spacing:12,segment:134,pops:221,max_heap:23",,,,,6.216582,,1121.000000,,3.974582,1.724896,12,physical,1,42
padded_benes_16x16,default,5-7-2-9-10-6-4-8-3-1-11-0,10,11,routed,,2406.765467,29,17,8.700925,4.988394,3.712531,1473.000000,933.765467,2.042394,9.600136,12,physical,1,42
padded_benes_16x16,default,5-7-2-9-10-6-4-8-3-1-11-0,11,0,failed,"cannot route padded_benes_16x16_s2_w11_15.th to padded_benes_16x16_s3_w3_11.add on physical grid: A* pop limit exceeded; soft_repeat=I3/repeated_crossing pair=I3-I11 at=(456.000,76.000) source=I11->I3@(448.000,83.000):(448.000,83.000)->(456.000,83.000)x(448.000,155.000)->(448.000,76.000) counters=port_access:67,window:680,same_net:1156,crossing_candidate:46,crossing_budget:0,hard_reserved_crossing:0,soft_repeated_crossing:375,soft_reserved_crossing:0,reserved_spacing:35,segment:1969,pops:8001,max_heap:595",,,,,5.626488,,1309.000000,,3.008488,4.362413,12,physical,1,42
padded_benes_16x16,default,8-10-5-2-11-1-6-0-4-9-7-3,0,8,routed,,1511.349541,25,20,7.190094,4.156394,3.033699,1057.000000,454.349541,2.042394,8.462586,12,physical,2,42
padded_benes_16x16,default,8-10-5-2-11-1-6-0-4-9-7-3,1,10,routed,,2067.743339,36,18,9.123975,5.306488,3.817487,1149.000000,918.743339,3.008488,4.354571,12,physical,2,42
padded_benes_16x16,default,8-10-5-2-11-1-6-0-4-9-7-3,2,5,routed,,2227.889357,35,16,9.239267,5.226488,4.012779,1109.000000,1118.889357,3.008488,3.699702,12,physical,2,42
padded_benes_16x16,default,8-10-5-2-11-1-6-0-4-9-7-3,3,2,routed,,1869.203522,26,18,7.710801,4.380394,3.330407,1169.000000,700.203522,2.042394,7.718794,12,physical,2,42
padded_benes_16x16,default,8-10-5-2-11-1-6-0-4-9-7-3,4,11,failed,"cannot route padded_benes_16x16_s1_w4_6.drop to padded_benes_16x16_s2_w2_6.add on physical grid: blocked by port access (port_access_overlap_foreign); candidate=(218.000,328.000)->(210.000,328.000) region=I6/padded_benes_16x16_s1_w5_7.th:(206.000,328.000)->(220.000,328.000); soft_repeat=I2/repeated_crossing pair=I2-I4 at=(248.000,360.000) source=I4->I2@(240.000,371.000):(240.000,371.000)->(248.000,371.000)x(240.000,539.000)->(240.000,360.000) counters=port_access:76,window:523,same_net:748,crossing_candidate:5,crossing_budget:0,hard_reserved_crossing:0,soft_repeated_crossing:252,soft_reserved_crossing:0,reserved_spacing:234,segment:1635,pops:4484,max_heap:154",,,,,6.013535,,1261.000000,,3.491535,3.239040,12,physical,2,42
padded_benes_16x16,default,8-10-5-2-11-1-6-0-4-9-7-3,5,1,failed,"cannot route padded_benes_16x16_s2_w3_7.drop to padded_benes_16x16_s3_w7_15.in on physical grid: blocked by route window; soft_repeat=I2/repeated_crossing pair=I2-I5 at=(315.000,320.000) source=I5->I2@(315.000,299.000):(160.000,299.000)->(325.000,299.000)x(315.000,360.000)->(315.000,288.000) counters=port_access:0,window:60,same_net:129,crossing_candidate:4,crossing_budget:0,hard_reserved_crossing:0,soft_repeated_crossing:55,soft_reserved_crossing:0,reserved_spacing:6,segment:203,pops:421,max_heap:40",,,,,5.890488,,1441.000000,,3.008488,3.375510,12,physical,2,42
padded_benes_16x16,default,8-10-5-2-11-1-6-0-4-9-7-3,6,6,routed,,2726.721210,43,20,11.159977,6.357535,4.802442,1433.000000,1293.721210,3.491535,1.495076,12,physical,2,42
padded_benes_16x16,default,8-10-5-2-11-1-6-0-4-9-7-3,7,0,failed,"cannot route padded_benes_16x16_s2_w0_4.drop to padded_benes_16x16_s3_w4_12.in on physical grid; soft_repeat=I3/repeated_crossing pair=I3-I7 at=(248.000,464.000) source=I7->I3@(248.000,493.000):(232.000,493.000)->(336.000,493.000)x(248.000,526.000)->(248.000,400.000) counters=port_access:0,window:0,same_net:6,crossing_candidate:1,crossing_budget:0,hard_reserved_crossing:0,soft_repeated_crossing:6,soft_reserved_crossing:0,reserved_spacing:0,segment:23,pops:14,max_heap:3",,,,,5.706488,,1349.000000,,3.008488,2.782802,12,physical,2,42
padded_benes_16x16,default,8-10-5-2-11-1-6-0-4-9-7-3,8,4,failed,"cannot route padded_benes_16x16_s3_w0_8.th to padded_benes_16x16_s4_w0_4.in on physical grid counters=port_access:0,window:0,same_net:17,crossing_candidate:0,crossing_budget:0,hard_reserved_crossing:0,soft_repeated_crossing:0,soft_reserved_crossing:0,reserved_spacing:0,segment:1,pops:9,max_heap:3",,,,,4.799441,,1137.000000,,2.525441,5.862674,12,physical,2,42
padded_benes_16x16,default,8-10-5-2-11-1-6-0-4-9-7-3,9,9,routed,,2510.327412,32,20,9.706096,5.503441,4.202655,1489.000000,1021.327412,2.525441,4.925707,12,physical,2,42
padded_benes_16x16,default,8-10-5-2-11-1-6-0-4-9-7-3,10,7,failed,"cannot route padded_benes_16x16_s4_w2_6.drop to padded_benes_16x16_s5_w4_6.add on physical grid: blocked by port access (port_access_overlap_foreign); candidate=(485.000,356.000)->(475.000,356.000) region=I2/padded_benes_16x16_s4_w3_7.drop:(489.000,356.000)->(475.000,356.000); soft_repeat=I2/repeated_crossing pair=I2-I10 at=(456.000,364.000) source=I10->I2@(544.000,299.000):(544.000,216.000)->(544.000,392.000)x(475.000,299.000)->(640.000,299.000) counters=port_access:10,window:265,same_net:315,crossing_candidate:6,crossing_budget:0,hard_reserved_crossing:0,soft_repeated_crossing:222,soft_reserved_crossing:0,reserved_spacing:13,segment:632,pops:1255,max_heap:85",,,,,5.618488,,1305.000000,,3.008488,5.591833,12,physical,2,42
padded_benes_16x16,default,8-10-5-2-11-1-6-0-4-9-7-3,11,3,routed,,2231.159265,40,16,9.270807,5.314488,3.956319,1153.000000,1078.159265,3.008488,3.567152,12,physical,2,42
waksman_12x12,default,7-5-2-8-9-6-11-3-4-0-1-10,0,7,failed,"cannot route waksman_12x12_s2_w1_5.drop to waksman_12x12_s4_w1_5.add on physical grid: blocked by route window; soft_repeat=I4/repeated_crossing pair=I0-I4 at=(275.000,269.000) source=I0->I4@(265.000,269.000):(265.000,269.000)->(265.000,263.000)x(256.000,269.000)->(325.000,269.000) counters=port_access:0,window:54,same_net:45,crossing_candidate:0,crossing_budget:0,hard_reserved_crossing:0,soft_repeated_crossing:5,soft_reserved_crossing:0,reserved_spacing:7,segment:71,pops:195,max_heap:44",,,,,4.747724,,981.000000,,2.785724,4.327665,12,physical,0,42
waksman_12x12,default,7-5-2-8-9-6-11-3-4-0-1-10,1,5,failed,"cannot route waksman_12x12_s2_w2_6.th to waksman_12x12_s3_w2_10.in on physical grid: blocked by port access (port_access_overlap_foreign); candidate=(376.000,256.000)->(370.000,256.000) region=I3/waksman_12x12_s3_w0_8.in:(384.000,256.000)->(370.000,256.000); soft_repeat=I3/repeated_crossing pair=I1-I3 at=(360.000,248.000) source=I1->I3@(152.000,341.000):(152.000,356.000)->(152.000,277.000)x(115.000,341.000)->(220.000,341.000) counters=port_access:60,window:454,same_net:722,crossing_candidate:94,crossing_budget:0,hard_reserved_crossing:0,soft_repeated_crossing:471,soft_reserved_crossing:0,reserved_spacing:69,segment:1582,pops:4384,max_heap:136",,,,,6.072582,,1049.000000,,3.974582,1.010956,12,physical,0,42
waksman_12x12,default,7-5-2-8-9-6-11-3-4-0-1-10,2,2,failed,"cannot route waksman_12x12_s4_w3_7.th to waksman_12x12_s5_w1_3.add on physical grid counters=port_access:0,window:0,same_net:16,crossing_candidate:0,crossing_budget:0,hard_reserved_crossing:0,soft_repeated_crossing:0,soft_reserved_crossing:0,reserved_spacing:0,segment:9,pops:14,max_heap:3",,,,,5.334771,,1033.000000,,3.268771,2.690930,12,physical,0,42
waksman_12x12,default,7-5-2-8-9-6-11-3-4-0-1-10,3,8,routed,,1498.079633,20,11,6.759119,4.644960,2.114159,1041.000000,457.079633,2.562960,3.957893,12,physical,0,42
waksman_12x12,default,7-5-2-8-9-6-11-3-4-0-1-10,4,9,routed,,1846.765467,29,14,7.801491,4.780960,3.020531,1109.000000,737.765467,2.562960,4.019877,12,physical,0,42
waksman_12x12,default,7-5-2-8-9-6-11-3-4-0-1-10,5,6,routed,,1715.203522,26,4,6.263084,4.360677,1.902407,1029.000000,686.203522,2.302677,6.241547,12,physical,0,42
waksman_12x12,default,7-5-2-8-9-6-11-3-4-0-1-10,6,11,routed,,1617.933614,21,9,6.581063,4.154196,2.426867,907.000000,710.933614,2.340196,4.724783,12,physical,0,42
waksman_12x12,default,7-5-2-8-9-6-11-3-4-0-1-10,7,3,failed,"cannot route waksman_12x12_s4_w2_6.th to waksman_12x12_s5_w0_2.add on physical grid counters=port_access:0,window:0,same_net:9,crossing_candidate:0,crossing_budget:0,hard_reserved_crossing:0,soft_repeated_crossing:0,soft_reserved_crossing:0,reserved_spacing:0,segment:1,pops:4,max_heap:1",,,,,4.867724,,1041.000000,,2.785724,4.410186,12,physical,0,42
waksman_12x12,default,7-5-2-8-9-6-11-3-4-0-1-10,8,4,routed,,1820.765467,29,13,9.321395,6.380864,2.940531,1073.000000,747.765467,4.234864,0.238640,12,physical,0,42
waksman_12x12,default,7-5-2-8-9-6-11-3-4-0-1-10,9,0,failed,"cannot route waksman_12x12_s3_w0_8.th to waksman_12x12_s4_w0_4.in on physical grid counters=port_access:0,window:0,same_net:11,crossing_candidate:0,crossing_budget:0,hard_reserved_crossing:0,soft_repeated_crossing:0,soft_reserved_crossing:0,reserved_spacing:0,segment:1,pops:5,max_heap:1",,,,,4.336677,,1017.000000,,2.302677,5.955716,12,physical,0,42
waksman_12x12,default,7-5-2-8-9-6-11-3-4-0-1-10,10,1,routed,,1771.641578,23,9,7.344007,4.971724,2.372283,1093.000000,678.641578,2.785724,3.773903,12,physical,0,42
waksman_12x12,default,7-5-2-8-9-6-11-3-4-0-1-10,11,10,routed,,1620.371669,18,14,5.882082,3.053339,2.828743,951.000000,669.371669,1.151339,9.550216,12,physical,0,42
waksman_12x12,default,5-7-2-9-10-6-4-8-3-1-11-0,0,5,failed,"cannot route waksman_12x12_s2_w1_5.drop to waksman_12x12_s4_w1_5.add on physical grid: blocked by route window; soft_repeat=I2/repeated_crossing pair=I0-I2 at=(240.000,277.000) source=I0->I2@(152.000,328.000):(55.000,328.000)->(160.000,328.000)x(152.000,320.000)->(152.000,341.000) counters=port_access:0,window:72,same_net:73,crossing_candidate:8,crossing_budget:0,hard_reserved_crossing:0,soft_repeated_crossing:48,soft_reserved_crossing:0,reserved_spacing:17,segment:164,pops:253,max_heap:21",,,,,4.288677,,993.000000,,2.302677,5.685789,12,physical,1,42
waksman_12x12,default,5-7-2-9-10-6-4-8-3-1-11-0,1,7,failed,"cannot route waksman_12x12_s2_w2_6.drop to waksman_12x12_s4_w2_6.add on physical grid: blocked by port access (port_access_overlap_foreign); candidate=(485.000,328.000)->(475.000,328.000) region=I8/waksman_12x12_s4_w0_4.in:(489.000,328.000)->(475.000,328.000); soft_repeat=I2/repeated_crossing pair=I1-I2 at=(248.000,220.000) source=I1->I2@(220.000,288.000):(144.000,288.000)->(232.000,288.000)x(220.000,277.000)->(220.000,320.000) counters=port_access:83,window:683,same_net:873,crossing_candidate:178,crossing_budget:0,hard_reserved_crossing:0,soft_repeated_crossing:450,soft_reserved_crossing:0,reserved_spacing:203,segment:1721,pops:4366,max_heap:154",,,,,5.262771,,997.000000,,3.268771,2.360863,12,physical,1,42
waksman_12x12,default,5-7-2-9-10-6-4-8-3-1-11-0,2,2,routed,,1984.765467,29,10,7.639972,4.783441,2.856531,1129.000000,855.765467,2.525441,5.478109,12,physical,1,42
waksman_12x12,default,5-7-2-9-10-6-4-8-3-1-11-0,3,9,failed,"cannot route waksman_12x12_s1_w0_2.th to waksman_12x12_s2_w0_4.in on physical grid counters=port_access:0,window:0,same_net:17,crossing_candidate:0,crossing_budget:0,hard_reserved_crossing:0,soft_repeated_crossing:0,soft_reserved_crossing:0,reserved_spacing:0,segment:5,pops:12,max_heap:3",,,,,5.160007,,1057.000000,,3.046007,2.532479,12,physical,1,42
waksman_12x12,default,5-7-2-9-10-6-4-8-3-1-11-0,4,10,failed,"cannot route waksman_12x12_s2_w2_6.th to waksman_12x12_s3_w2_10.in on physical grid; soft_repeat=I5/repeated_crossing pair=I4-I5 at=(325.000,269.000) source=I4->I5@(48.000,238.000):(20.000,238.000)->(55.000,238.000)x(48.000,230.000)->(48.000,256.000) counters=port_access:0,window:0,same_net:14,crossing_candidate:4,crossing_budget:0,hard_reserved_crossing:0,soft_repeated_crossing:3,soft_reserved_crossing:0,reserved_spacing:0,segment:12,pops:16,max_heap:2",,,,,4.090196,,875.000000,,2.340196,4.851297,12,physical,1,42
waksman_12x12,default,5-7-2-9-10-6-4-8-3-1-11-0,5,6,routed,,2172.619449,30,9,7.697916,4.232677,3.465239,965.000000,1207.619449,2.302677,6.448811,12,physical,1,42
waksman_12x12,default,5-7-2-9-10-6-4-8-3-1-11-0,6,4,failed,"cannot route waksman_12x12_s2_w0_4.drop to waksman_12x12_s4_w0_4.add on physical grid: blocked by route window; soft_repeat=I5/repeated_crossing pair=I5-I6 at=(275.000,269.000) source=I6->I5@(128.000,197.000):(115.000,197.000)->(220.000,197.000)x(128.000,256.000)->(128.000,184.000) counters=port_access:0,window:1,same_net:32,crossing_candidate:0,crossing_budget:0,hard_reserved_crossing:0,soft_repeated_crossing:2,soft_reserved_crossing:0,reserved_spacing:1,segment:39,pops:43,max_heap:9",,,,,3.845630,,1013.000000,,1.819630,8.410843,12,physical,1,42
waksman_12x12,default,5-7-2-9-10-6-4-8-3-1-11-0,7,8,routed,,1954.619449,30,11,8.205246,5.240007,2.965239,1097.000000,857.619449,3.046007,2.557057,12,physical,1,42
waksman_12x12,default,5-7-2-9-10-6-4-8-3-1-11-0,8,3,routed,,1655.349541,25,8,7.021423,4.907724,2.113699,1061.000000,594.349541,2.785724,4.735632,12,physical,1,42
waksman_12x12,default,5-7-2-9-10-6-4-8-3-1-11-0,9,1,failed,"cannot route waksman_12x12_s1_w9_11.th to waksman_12x12_s3_w1_9.add on physical grid: A* pop limit exceeded; soft_repeat=I7/repeated_crossing pair=I7-I9 at=(360.000,61.000) source=I9->I7@(352.000,72.000):(352.000,72.000)->(360.000,72.000)x(352.000,191.000)->(352.000,61.000) counters=port_access:4,window:672,same_net:572,crossing_candidate:35,crossing_budget:0,hard_reserved_crossing:0,soft_repeated_crossing:752,soft_reserved_crossing:0,reserved_spacing:17,segment:1037,pops:8001,max_heap:761",,,,,4.061630,,1121.000000,,1.819630,9.238918,12,physical,1,42
waksman_12x12,default,5-7-2-9-10-6-4-8-3-1-11-0,10,11,routed,,1662.809725,15,10,5.551958,2.997339,2.554619,923.000000,739.809725,1.151339,9.587098,12,physical,1,42
waksman_12x12,default,5-7-2-9-10-6-4-8-3-1-11-0,11,0,failed,"cannot route waksman_12x12_s5_w0_2.th to waksman_12x12_s6_w0_1.in on physical grid counters=port_access:0,window:0,same_net:17,crossing_candidate:0,crossing_budget:0,hard_reserved_crossing:0,soft_repeated_crossing:0,soft_reserved_crossing:0,reserved_spacing:0,segment:5,pops:12,max_heap:3",,,,,4.971724,,1093.000000,,2.785724,3.934970,12,physical,1,42
waksman_12x12,default,8-10-5-2-11-1-6-0-4-9-7-3,0,8,routed,,1527.641578,23,11,6.833243,4.588960,2.244283,1013.000000,514.641578,2.562960,4.110800,12,physical,2,42
waksman_12x12,default,8-10-5-2-11-1-6-0-4-9-7-3,1,10,failed,"cannot route waksman_12x12_s2_w2_6.th to waksman_12x12_s3_w2_10.in on physical grid: A* pop limit exceeded; soft_repeat=I0/repeated_crossing pair=I0-I1 at=(341.000,256.000) source=I1->I0@(55.000,360.000):(20.000,360.000)->(115.000,360.000)x(55.000,374.000)->(55.000,333.000) counters=port_access:232,window:939,same_net:1500,crossing_candidate:320,crossing_budget:0,hard_reserved_crossing:0,soft_repeated_crossing:1226,soft_reserved_crossing:0,reserved_spacing:120,segment:3739,pops:8001,max_heap:196",,,,,4.218196,,939.000000,,2.340196,4.277847,12,physical,2,42
waksman_12x12,default,8-10-5-2-11-1-6-0-4-9-7-3,2,5,routed,,1830.181394,33,15,8.333851,5.098488,3.235363,1045.000000,785.181394,3.008488,4.118497,12,physical,2,42
waksman_12x12,default,8-10-5-2-11-1-6-0-4-9-7-3,3,2,routed,,2269.743339,36,25,10.005211,4.883724,5.121487,1049.000000,1220.743339,2.785724,4.697512,12,physical,2,42
waksman_12x12,default,8-10-5-2-11-1-6-0-4-9-7-3,4,11,routed,,1617.641578,23,11,7.273526,4.661243,2.612283,919.000000,698.641578,2.823243,2.702396,12,physical,2,42
waksman_12x12,default,8-10-5-2-11-1-6-0-4-9-7-3,5,1,failed,"cannot route waksman_12x12_s4_w0_4.th to waksman_12x12_s5_w0_2.in on physical grid counters=port_access:0,window:0,same_net:9,crossing_candidate:0,crossing_budget:0,hard_reserved_crossing:0,soft_repeated_crossing:0,soft_reserved_crossing:0,reserved_spacing:0,segment:1,pops:4,max_heap:1",,,,,4.627724,,921.000000,,2.785724,4.398322,12,physical,2,42
waksman_12x12,default,8-10-5-2-11-1-6-0-4-9-7-3,6,6,routed,,2033.057504,27,27,8.237699,3.258584,4.979115,961.000000,1072.057504,1.336584,15.188746,12,physical,2,42
waksman_12x12,default,8-10-5-2-11-1-6-0-4-9-7-3,7,0,failed,"cannot route waksman_12x12_s4_w1_5.th to waksman_12x12_s5_w1_3.in on physical grid counters=port_access:0,window:0,same_net:16,crossing_candidate:0,crossing_budget:0,hard_reserved_crossing:0,soft_repeated_crossing:0,soft_reserved_crossing:0,reserved_spacing:0,segment:9,pops:14,max_heap:3",,,,,4.747724,,981.000000,,2.785724,4.601333,12,physical,2,42
waksman_12x12,default,8-10-5-2-11-1-6-0-4-9-7-3,8,4,failed,"cannot route waksman_12x12_s1_w9_11.th to waksman_12x12_s3_w1_9.add on physical grid: A* pop limit exceeded; soft_repeat=I3/repeated_crossing pair=I3-I8 at=(464.000,127.000) source=I8->I3@(448.000,127.000):(448.000,127.000)->(448.000,137.000)x(265.000,127.000)->(535.000,127.000) counters=port_access:10,window:604,same_net:440,crossing_candidate:32,crossing_budget:0,hard_reserved_crossing:0,soft_repeated_crossing:668,soft_reserved_crossing:0,reserved_spacing:43,segment:910,pops:8001,max_heap:743",,,,,5.606771,,1169.000000,,3.268771,2.307827,12,physical,2,42
waksman_12x12,default,8-10-5-2-11-1-6-0-4-9-7-3,9,9,routed,,1616.371669,18,17,6.879893,4.075149,2.804743,1109.000000,507.371669,1.857149,6.467497,12,physical,2,42
waksman_12x12,default,8-10-5-2-11-1-6-0-4-9-7-3,10,7,routed,,2256.473431,31,25,9.953671,4.915724,5.037947,1065.000000,1191.473431,2.785724,4.081119,12,physical,2,42
waksman_12x12,default,8-10-5-2-11-1-6-0-4-9-7-3,11,3,routed,,2145.743339,36,21,9.357211,5.091724,4.265487,1153.000000,992.743339,2.785724,3.992671,12,physical,2,42
spanke_benes_12x12,default,7-5-2-8-9-6-11-3-4-0-1-10,0,7,routed,,4370.238898,60,24,18.163265,11.976787,6.186478,2627.000000,1743.238898,6.722787,-6.360809,12,physical,0,42
spanke_benes_12x12,default,7-5-2-8-9-6-11-3-4-0-1-10,1,5,routed,,4428.676953,57,25,18.104858,11.716504,6.388354,2627.000000,1801.676953,6.462504,-4.688959,12,physical,0,42
spanke_benes_12x12,default,7-5-2-8-9-6-11-3-4-0-1-10,2,2,routed,,3001.787596,22,17,12.418930,9.107355,3.311575,2251.000000,750.787596,4.605355,-0.000607,12,physical,0,42
spanke_benes_12x12,default,7-5-2-8-9-6-11-3-4-0-1-10,3,8,routed,,4079.991118,48,20,15.488384,10.206401,5.281982,2559.000000,1520.991118,5.088401,-3.210548,12,physical,0,42
spanke_benes_12x12,default,7-5-2-8-9-6-11-3-4-0-1-10,4,9,routed,,3793.451302,38,18,14.219776,9.648873,4.570903,2503.000000,1290.451302,4.642873,-3.296565,12,physical,0,42
spanke_benes_12x12,default,7-5-2-8-9-6-11-3-4-0-1-10,5,6,routed,,3934.283155,46,16,15.753061,11.172495,4.580566,2559.000000,1375.283155,6.054495,-4.797331,12,physical,0,42
spanke_benes_12x12,default,7-5-2-8-9-6-11-3-4-0-1-10,6,11,routed,,3139.057504,27,6,10.764933,8.533818,2.231115,2391.000000,748.057504,3.751818,-2.555098,12,physical,0,42
spanke_benes_12x12,default,7-5-2-8-9-6-11-3-4-0-1-10,7,3,routed,,4172.384916,59,17,17.100076,11.934306,5.165770,2587.000000,1585.384916,6.760306,-5.517644,12,physical,0,42
spanke_benes_12x12,default,7-5-2-8-9-6-11-3-4-0-1-10,8,4,routed,,3843.407045,52,13,15.561592,11.376778,4.184814,2531.000000,1312.407045,6.314778,-4.418221,12,physical,0,42
spanke_benes_12x12,default,7-5-2-8-9-6-11-3-4-0-1-10,9,0,routed,,3523.115008,54,9,15.014055,11.651825,3.362230,2427.000000,1096.115008,6.797825,-4.640571,12,physical,0,42
spanke_benes_12x12,default,7-5-2-8-9-6-11-3-4-0-1-10,10,1,failed,capped rip-up hop exhausted bounded candidates before A*: deterministic hop candidate has multiple crossings on one segment,,,,,12.138589,,2559.000000,,7.020589,-4.455407,12,physical,0,42
spanke_benes_12x12,default,7-5-2-8-9-6-11-3-4-0-1-10,11,10,routed,,2619.539816,10,3,6.517654,5.486575,1.031080,2279.000000,340.539816,0.928575,10.374301,12,physical,0,42
spanke_benes_12x12,default,5-7-2-9-10-6-4-8-3-1-11-0,0,5,routed,,4322.968990,55,27,17.600395,11.201457,6.398938,2611.000000,1711.968990,5.979457,-3.010050,12,physical,1,42
spanke_benes_12x12,default,5-7-2-9-10-6-4-8-3-1-11-0,1,7,routed,,4402.530935,58,24,17.734802,11.525740,6.209062,2643.000000,1759.530935,6.239740,-5.126327,12,physical,1,42
spanke_benes_12x12,default,5-7-2-9-10-6-4-8-3-1-11-0,2,2,routed,,2999.787596,22,20,12.714930,9.107355,3.607575,2251.000000,748.787596,4.605355,-0.292813,12,physical,1,42
spanke_benes_12x12,default,5-7-2-9-10-6-4-8-3-1-11-0,3,9,routed,,3949.699082,50,16,15.098082,10.410684,4.687398,2531.000000,1418.699082,5.348684,-4.542388,12,physical,1,42
spanke_benes_12x12,default,5-7-2-9-10-6-4-8-3-1-11-0,4,10,routed,,3569.743339,36,12,13.422643,9.853156,3.569487,2475.000000,1094.743339,4.903156,-4.616998,12,physical,1,42
spanke_benes_12x12,default,5-7-2-9-10-6-4-8-3-1-11-0,5,6,routed,,3994.283155,46,17,15.973061,11.172495,4.800566,2559.000000,1435.283155,6.054495,-4.884241,12,physical,1,42
spanke_benes_12x12,default,5-7-2-9-10-6-4-8-3-1-11-0,6,4,routed,,4121.407045,52,18,17.063120,11.934306,5.128814,2587.000000,1534.407045,6.760306,-5.439429,12,physical,1,42
spanke_benes_12x12,default,5-7-2-9-10-6-4-8-3-1-11-0,7,8,routed,,3470.327412,32,11,12.398000,9.091346,3.306655,2447.000000,1023.327412,4.197346,-1.438721,12,physical,1,42
spanke_benes_12x12,default,5-7-2-9-10-6-4-8-3-1-11-0,8,3,routed,,4004.238898,60,15,16.829066,12.138589,4.690478,2559.000000,1445.238898,7.020589,-5.337860,12,physical,1,42
spanke_benes_12x12,default,5-7-2-9-10-6-4-8-3-1-11-0,9,1,routed,,3606.822972,56,12,15.974517,12.166871,3.807646,2443.000000,1163.822972,7.280871,-5.220930,12,physical,1,42
spanke_benes_12x12,default,5-7-2-9-10-6-4-8-3-1-11-0,10,11,routed,,2615.539816,10,3,6.509654,5.486575,1.023080,2279.000000,336.539816,0.928575,7.415253,12,physical,1,42
spanke_benes_12x12,default,5-7-2-9-10-6-4-8-3-1-11-0,11,0,routed,,3674.137137,47,11,16.447192,12.793918,3.653274,2515.000000,1159.137137,7.763918,-5.910231,12,physical,1,42
spanke_benes_12x12,default,8-10-5-2-11-1-6-0-4-9-7-3,0,8,routed,,3938.384916,59,18,16.732076,11.814306,4.917770,2527.000000,1411.384916,6.760306,-6.602035,12,physical,2,42
spanke_benes_12x12,default,8-10-5-2-11-1-6-0-4-9-7-3,1,10,routed,,4044.238898,60,15,16.909066,12.138589,4.770478,2559.000000,1485.238898,7.020589,-8.219130,12,physical,2,42
spanke_benes_12x12,default,8-10-5-2-11-1-6-0-4-9-7-3,2,5,routed,,4244.822972,56,23,17.792433,11.920787,5.871646,2599.000000,1645.822972,6.722787,-5.807292,12,physical,2,42
spanke_benes_12x12,default,8-10-5-2-11-1-6-0-4-9-7-3,3,2,routed,,4243.699082,50,26,17.316855,11.145457,6.171398,2583.000000,1660.699082,5.979457,-3.643048,12,physical,2,42
spanke_benes_12x12,default,8-10-5-2-11-1-6-0-4-9-7-3,4,11,routed,,3384.035376,34,9,13.001510,10.057439,2.944071,2447.000000,937.035376,5.163439,-5.523595,12,physical,2,42
spanke_benes_12x12,default,8-10-5-2-11-1-6-0-4-9-7-3,5,1,routed,,4127.407045,52,25,17.254554,11.349740,5.904814,2555.000000,1572.407045,6.239740,-4.225746,12,physical,2,42
spanke_benes_12x12,default,8-10-5-2-11-1-6-0-4-9-7-3,6,6,routed,,3902.867229,42,16,14.964419,10.410684,4.553734,2531.000000,1371.867229,5.348684,-3.018087,12,physical,2,42
spanke_benes_12x12,default,8-10-5-2-11-1-6-0-4-9-7-3,7,0,routed,,3357.845100,49,15,14.292421,10.509731,3.782690,2339.000000,1018.845100,5.831731,-2.976757,12,physical,2,42
spanke_benes_12x12,default,8-10-5-2-11-1-6-0-4-9-7-3,8,4,routed,,3918.575192,44,16,15.005835,10.410684,4.595150,2531.000000,1387.575192,5.348684,-1.579210,12,physical,2,42
spanke_benes_12x12,default,8-10-5-2-11-1-6-0-4-9-7-3,9,9,routed,,3029.787596,22,6,9.815582,7.772007,2.043575,2363.000000,666.787596,3.046007,1.651967,12,physical,2,42
spanke_benes_12x12,default,8-10-5-2-11-1-6-0-4-9-7-3,10,7,routed,,3132.911486,28,7,10.857641,8.533818,2.323823,2391.000000,741.911486,3.751818,1.014102,12,physical,2,42
spanke_benes_12x12,default,8-10-5-2-11-1-6-0-4-9-7-3,11,3,routed,,3664.721210,43,10,14.413692,10.819250,3.594442,2475.000000,1189.721210,5.869250,-2.392228,12,physical,2,42
padded_benes_16x16,default,7-6-2-9-12-5-11-8-3-4-0-1-10,0,7,routed,,1599.057504,27,6,6.941603,5.098488,1.843115,1045.000000,554.057504,3.008488,4.838049,13,physical,0,42
padded_benes_16x16,default,7-6-2-9-12-5-11-8-3-4-0-1-10,1,6,failed,"cannot route padded_benes_16x16_s4_w1_5.drop to padded_benes_16x16_s5_w5_7.in on physical grid: blocked by port access (port_access_overlap_foreign); candidate=(485.000,392.000)->(475.000,392.000) region=I5/padded_benes_16x16_s4_w2_6.drop:(489.000,392.000)->(475.000,392.000); soft_repeat=I5/repeated_crossing pair=I1-I5 at=(475.000,413.000) source=I1->I5@(336.000,392.000):(336.000,436.000)->(336.000,371.000)x(344.000,392.000)->(325.000,392.000) counters=port_access:2,window:0,same_net:20,crossing_candidate:1,crossing_budget:0,hard_reserved_crossing:0,soft_repeated_crossing:3,soft_reserved_crossing:0,reserved_spacing:0,segment:23,pops:26,max_heap:8",,,,,5.162488,,1077.000000,,3.008488,4.968049,13,physical,0,42
padded_benes_16x16,default,7-6-2-9-12-5-11-8-3-4-0-1-10,2,2,routed,,1984.765467,29,12,7.839972,4.783441,3.056531,1129.000000,855.765467,2.525441,5.997042,13,physical,0,42
padded_benes_16x16,default,7-6-2-9-12-5-11-8-3-4-0-1-10,3,9,routed,,2107.743339,36,12,9.087021,6.077535,3.009487,1293.000000,814.743339,3.491535,2.063492,13,physical,0,42
padded_benes_16x16,default,7-6-2-9-12-5-11-8-3-4-0-1-10,4,12,failed,"cannot route padded_benes_16x16_s2_w1_5.drop to padded_benes_16x16_s3_w5_13.in on physical grid; soft_repeat=I3/repeated_crossing pair=I3-I4 at=(248.000,428.000) source=I4->I3@(232.000,432.000):(232.000,349.000)->(232.000,443.000)x(170.000,432.000)->(248.000,432.000) counters=port_access:0,window:0,same_net:7,crossing_candidate:0,crossing_budget:0,hard_reserved_crossing:0,soft_repeated_crossing:1,soft_reserved_crossing:0,reserved_spacing:0,segment:11,pops:9,max_heap:5",,,,,5.682488,,1337.000000,,3.008488,4.617187,13,physical,0,42
padded_benes_16x16,default,7-6-2-9-12-5-11-8-3-4-0-1-10,5,5,routed,,2367.451302,38,11,9.516437,6.101535,3.414903,1305.000000,1062.451302,3.491535,1.817255,13,physical,0,42
padded_benes_16x16,default,7-6-2-9-12-5-11-8-3-4-0-1-10,6,11,failed,"cannot route padded_benes_16x16_s2_w0_4.drop to padded_benes_16x16_s3_w4_12.in on physical grid: blocked by port access (port_access_overlap_foreign); candidate=(275.000,392.000)->(265.000,392.000) region=I5/padded_benes_16x16_s2_w2_6.drop:(279.000,392.000)->(265.000,392.000); soft_repeat=I5/repeated_crossing pair=I5-I6 at=(275.000,413.000) source=I6->I5@(224.000,341.000):(224.000,299.000)->(224.000,356.000)x(160.000,341.000)->(344.000,341.000) counters=port_access:2,window:0,same_net:33,crossing_candidate:0,crossing_budget:0,hard_reserved_crossing:0,soft_repeated_crossing:2,soft_reserved_crossing:0,reserved_spacing:1,segment:37,pops:43,max_heap:8",,,,,6.520582,,1273.000000,,3.974582,1.851887,13,physical,0,42
padded_benes_16x16,default,7-6-2-9-12-5-11-8-3-4-0-1-10,7,8,failed,"cannot route padded_benes_16x16_s2_w3_7.drop to padded_benes_16x16_s3_w7_15.in on physical grid: blocked by port access (port_access_overlap_foreign); candidate=(275.000,392.000)->(265.000,392.000) region=I5/padded_benes_16x16_s2_w2_6.drop:(279.000,392.000)->(265.000,392.000); soft_repeat=I2/repeated_crossing pair=I2-I7 at=(256.000,364.000) source=I7->I2@(248.000,364.000):(248.000,360.000)->(248.000,371.000)x(240.000,364.000)->(265.000,364.000) counters=port_access:4,window:102,same_net:82,crossing_candidate:4,crossing_budget:0,hard_reserved_crossing:0,soft_repeated_crossing:33,soft_reserved_crossing:0,reserved_spacing:8,segment:172,pops:285,max_heap:22",,,,,6.077535,,1293.000000,,3.491535,3.905531,13,physical,0,42
padded_benes_16x16,default,7-6-2-9-12-5-11-8-3-4-0-1-10,8,3,failed,"cannot route padded_benes_16x16_s2_w8_12.drop to padded_benes_16x16_s3_w4_12.add on physical grid: blocked by route window; soft_repeat=I12/repeated_crossing pair=I8-I12 at=(275.000,125.000) source=I8->I12@(256.000,125.000):(256.000,125.000)->(256.000,119.000)x(220.000,125.000)->(325.000,125.000) counters=port_access:0,window:58,same_net:89,crossing_candidate:0,crossing_budget:0,hard_reserved_crossing:0,soft_repeated_crossing:2,soft_reserved_crossing:0,reserved_spacing:6,segment:51,pops:233,max_heap:31",,,,,6.272582,,1149.000000,,3.974582,1.859726,13,physical,0,42
padded_benes_16x16,default,7-6-2-9-12-5-11-8-3-4-0-1-10,9,4,failed,"cannot route padded_benes_16x16_s4_w3_7.drop to padded_benes_16x16_s5_w5_7.add on physical grid: blocked by port access (port_access_overlap_foreign); candidate=(485.000,392.000)->(475.000,392.000) region=I5/padded_benes_16x16_s4_w2_6.drop:(489.000,392.000)->(475.000,392.000); soft_repeat=I2/repeated_crossing pair=I2-I9 at=(448.000,364.000) source=I9->I2@(456.000,364.000):(456.000,360.000)->(456.000,371.000)x(443.000,364.000)->(475.000,364.000) counters=port_access:2,window:70,same_net:102,crossing_candidate:4,crossing_budget:0,hard_reserved_crossing:0,soft_repeated_crossing:34,soft_reserved_crossing:0,reserved_spacing:1,segment:189,pops:273,max_heap:36",,,,,6.584582,,1305.000000,,3.974582,1.445417,13,physical,0,42
padded_benes_16x16,default,7-6-2-9-12-5-11-8-3-4-0-1-10,10,0,failed,"cannot route padded_benes_16x16_s2_w10_14.th to padded_benes_16x16_s3_w2_10.add on physical grid: A* pop limit exceeded; soft_repeat=I2/repeated_crossing pair=I2-I10 at=(338.000,299.000) source=I10->I2@(344.000,292.000):(344.000,288.000)->(344.000,299.000)x(338.000,292.000)->(370.000,292.000) counters=port_access:26,window:668,same_net:1129,crossing_candidate:51,crossing_budget:0,hard_reserved_crossing:0,soft_repeated_crossing:276,soft_reserved_crossing:0,reserved_spacing:45,segment:1801,pops:8001,max_heap:389",,,,,5.047441,,1261.000000,,2.525441,6.099617,13,physical,0,42
padded_benes_16x16,default,7-6-2-9-12-5-11-8-3-4-0-1-10,11,1,failed,"cannot route padded_benes_16x16_s2_w9_13.drop to padded_benes_16x16_s3_w5_13.add on physical grid: blocked by route window; soft_repeat=I12/repeated_crossing pair=I11-I12 at=(275.000,125.000) source=I11->I12@(265.000,125.000):(265.000,125.000)->(265.000,119.000)x(220.000,125.000)->(325.000,125.000) counters=port_access:0,window:46,same_net:51,crossing_candidate:0,crossing_budget:0,hard_reserved_crossing:0,soft_repeated_crossing:5,soft_reserved_crossing:0,reserved_spacing:3,segment:55,pops:174,max_heap:33",,,,,5.885535,,1197.000000,,3.491535,1.676671,13,physical,0,42
padded_benes_16x16,default,7-6-2-9-12-5-11-8-3-4-0-1-10,12,10,routed,,2359.305284,39,9,9.305145,6.221535,3.083611,1365.000000,994.305284,3.491535,3.725309,13,physical,0,42
padded_benes_16x16,default,2-5-7-8-6-10-4-11-9-3-1-12-0,0,2,routed,,1290.225651,19,12,5.917846,3.940394,1.977451,949.000000,341.225651,2.042394,9.790389,13,physical,1,42
padded_benes_16x16,default,2-5-7-8-6-10-4-11-9-3-1-12-0,1,5,routed,,1894.911486,28,19,7.872217,4.252394,3.619823,1105.000000,789.911486,2.042394,9.166841,13,physical,1,42
padded_benes_16x16,default,2-5-7-8-6-10-4-11-9-3-1-12-0,2,7,failed,"cannot route padded_benes_16x16_s3_w2_10.th to padded_benes_16x16_s4_w2_6.in on physical grid: blocked by port access (port_access_overlap_foreign); candidate=(428.000,256.000)->(424.000,256.000) region=I6/padded_benes_16x16_s3_w4_12.th:(416.000,256.000)->(430.000,256.000); soft_repeat=I0/repeated_crossing pair=I0-I2 at=(535.000,479.000) source=I2->I0@(152.000,526.000):(152.000,500.000)->(152.000,539.000)x(115.000,526.000)->(160.000,526.000) counters=port_access:122,window:440,same_net:833,crossing_candidate:47,crossing_budget:0,hard_reserved_crossing:0,soft_repeated_crossing:543,soft_reserved_crossing:0,reserved_spacing:61,segment:1978,pops:3728,max_heap:187",,,,,4.767441,,1121.000000,,2.525441,6.446036,13,physical,1,42
padded_benes_16x16,default,2-5-7-8-6-10-4-11-9-3-1-12-0,3,8,failed,"cannot route padded_benes_16x16_s3_w3_11.drop to padded_benes_16x16_s4_w11_15.in on physical grid; soft_repeat=I6/repeated_crossing pair=I3-I6 at=(352.000,284.000) source=I3->I6@(352.000,360.000):(325.000,360.000)->(380.000,360.000)x(352.000,485.000)->(352.000,256.000) counters=port_access:0,window:0,same_net:15,crossing_candidate:0,crossing_budget:0,hard_reserved_crossing:0,soft_repeated_crossing:4,soft_reserved_crossing:0,reserved_spacing:0,segment:7,pops:10,max_heap:3",,,,,5.626488,,1309.000000,,3.008488,3.868139,13,physical,1,42
padded_benes_16x16,default,2-5-7-8-6-10-4-11-9-3-1-12-0,4,6,routed,,2651.597320,37,20,10.496683,5.706488,4.790195,1349.000000,1302.597320,3.008488,2.887604,13,physical,1,42
padded_benes_16x16,default,2-5-7-8-6-10-4-11-9-3-1-12-0,5,10,failed,"cannot route padded_benes_16x16_s1_w4_6.drop to padded_benes_16x16_s2_w2_6.add on physical grid: blocked by port access (port_access_overlap_foreign); candidate=(170.000,328.000)->(160.000,328.000) region=I4/padded_benes_16x16_s1_w5_7.in:(174.000,328.000)->(160.000,328.000); soft_repeat=I1/repeated_crossing pair=I1-I5 at=(233.000,443.000) source=I5->I1@(240.000,436.000):(240.000,432.000)->(240.000,443.000)x(233.000,436.000)->(265.000,436.000) counters=port_access:109,window:427,same_net:584,crossing_candidate:46,crossing_budget:0,hard_reserved_crossing:0,soft_repeated_crossing:440,soft_reserved_crossing:0,reserved_spacing:177,segment:1454,pops:3658,max_heap:122",,,,,6.013535,,1261.000000,,3.491535,1.435264,13,physical,1,42
padded_benes_16x16,default,2-5-7-8-6-10-4-11-9-3-1-12-0,6,4,routed,,2119.349541,25,24,8.806094,4.868394,3.937699,1413.000000,706.349541,2.042394,7.634153,13,physical,1,42
padded_benes_16x16,default,2-5-7-8-6-10-4-11-9-3-1-12-0,7,11,routed,,2753.991118,48,18,11.039517,6.021535,5.017982,1265.000000,1488.991118,3.491535,3.044473,13,physical,1,42
padded_benes_16x16,default,2-5-7-8-6-10-4-11-9-3-1-12-0,8,9,routed,,1767.641578,23,19,7.592678,4.492394,3.100283,1225.000000,542.641578,2.042394,9.461686,13,physical,1,42
padded_benes_16x16,default,2-5-7-8-6-10-4-11-9-3-1-12-0,9,3,routed,,2380.575192,44,23,10.772685,5.885535,4.887150,1197.000000,1183.575192,3.491535,3.356173,13,physical,1,42
padded_benes_16x16,default,2-5-7-8-6-10-4-11-9-3-1-12-0,10,1,routed,,2326.721210,43,17,9.576930,5.626488,3.950442,1309.000000,1017.721210,3.008488,3.291224,13,physical,1,42
padded_benes_16x16,default,2-5-7-8-6-10-4-11-9-3-1-12-0,11,12,failed,"cannot route padded_benes_16x16_s3_w2_10.drop to padded_benes_16x16_s4_w10_14.in on physical grid: blocked by port access (port_access_overlap_foreign); candidate=(380.000,392.000)->(376.000,392.000) region=I8/padded_benes_16x16_s3_w0_8.drop:(384.000,392.000)->(370.000,392.000); soft_repeat=I6/repeated_crossing pair=I6-I11 at=(352.000,263.000) source=I11->I6@(352.000,320.000):(352.000,320.000)->(344.000,320.000)x(352.000,485.000)->(352.000,256.000) counters=port_access:26,window:149,same_net:276,crossing_candidate:0,crossing_budget:0,hard_reserved_crossing:0,soft_repeated_crossing:65,soft_reserved_crossing:0,reserved_spacing:10,segment:365,pops:821,max_heap:75",,,,,5.770488,,1381.000000,,3.008488,4.759316,13,physical,1,42
padded_benes_16x16,default,2-5-7-8-6-10-4-11-9-3-1-12-0,12,0,failed,"cannot route padded_benes_16x16_s3_w6_14.th to padded_benes_16x16_s4_w2_6.add on physical grid; soft_repeat=I9/repeated_crossing pair=I9-I12 at=(440.000,184.000) source=I12->I9@(265.000,176.000):(256.000,176.000)->(275.000,176.000)x(265.000,180.000)->(265.000,148.000) counters=port_access:0,window:0,same_net:2,crossing_candidate:0,crossing_budget:0,hard_reserved_crossing:0,soft_repeated_crossing:1,soft_reserved_crossing:0,reserved_spacing:0,segment:6,pops:3,max_heap:1",,,,,5.893535,,1201.000000,,3.491535,3.346064,13,physical,1,42
padded_benes_16x16,default,11-3-10-8-7-1-12-5-6-2-0-4-9,0,11,failed,"cannot route padded_benes_16x16_s3_w0_8.drop to padded_benes_16x16_s4_w8_12.in on physical grid; soft_repeat=I12/repeated_crossing pair=I0-I12 at=(360.000,392.000) source=I0->I12@(370.000,413.000):(370.000,472.000)->(370.000,400.000)x(360.000,413.000)->(448.000,413.000) counters=port_access:0,window:0,same_net:2,crossing_candidate:0,crossing_budget:0,hard_reserved_crossing:0,soft_repeated_crossing:1,soft_reserved_crossing:0,reserved_spacing:0,segment:8,pops:4,max_heap:2",,,,,5.242488,,1117.000000,,3.008488,4.426877,13,physical,2,42
padded_benes_16x16,default,11-3-10-8-7-1-12-5-6-2-0-4-9,1,3,routed,,1737.495559,24,14,7.037386,4.068394,2.968991,1013.000000,724.495559,2.042394,9.430556,13,physical,2,42
padded_benes_16x16,default,11-3-10-8-7-1-12-5-6-2-0-4-9,2,10,routed,,2743.305284,39,20,10.690099,5.570488,5.119611,1281.000000,1462.305284,3.008488,3.265970,13,physical,2,42
padded_benes_16x16,default,11-3-10-8-7-1-12-5-6-2-0-4-9,3,8,routed,,2201.451302,38,26,10.201391,5.562488,4.638903,1277.000000,924.451302,3.008488,3.101382,13,physical,2,42
padded_benes_16x16,default,11-3-10-8-7-1-12-5-6-2-0-4-9,4,7,routed,,2459.013247,41,20,9.648468,5.383441,4.265026,1429.000000,1030.013247,2.525441,6.160264,13,physical,2,42
padded_benes_16x16,default,11-3-10-8-7-1-12-5-6-2-0-4-9,5,1,failed,"cannot route padded_benes_16x16_s2_w3_7.drop to padded_benes_16x16_s3_w7_15.in on physical grid: blocked by port access (port_access_overlap_foreign); candidate=(275.000,392.000)->(265.000,392.000) region=I7/padded_benes_16x16_s2_w2_6.drop:(279.000,392.000)->(265.000,392.000); soft_repeat=I1/repeated_crossing pair=I1-I5 at=(256.000,436.000) source=I5->I1@(248.000,436.000):(248.000,432.000)->(248.000,443.000)x(233.000,436.000)->(265.000,436.000) counters=port_access:6,window:81,same_net:93,crossing_candidate:5,crossing_budget:0,hard_reserved_crossing:0,soft_repeated_crossing:41,soft_reserved_crossing:0,reserved_spacing:9,segment:158,pops:484,max_heap:56",,,,,5.890488,,1441.000000,,3.008488,3.088077,13,physical,2,42
padded_benes_16x16,default,11-3-10-8-7-1-12-5-6-2-0-4-9,6,12,failed,"cannot route padded_benes_16x16_s2_w1_5.drop to padded_benes_16x16_s3_w5_13.in on physical grid: blocked by port access (port_access_overlap_foreign); candidate=(275.000,400.000)->(265.000,400.000) region=I3/padded_benes_16x16_s2_w2_6.in:(279.000,400.000)->(265.000,400.000); soft_repeat=I1/repeated_crossing pair=I1-I6 at=(256.000,436.000) source=I6->I1@(240.000,436.000):(240.000,328.000)->(240.000,493.000)x(233.000,436.000)->(265.000,436.000) counters=port_access:121,window:436,same_net:1193,crossing_candidate:60,crossing_budget:0,hard_reserved_crossing:0,soft_repeated_crossing:449,soft_reserved_crossing:0,reserved_spacing:104,segment:1903,pops:5964,max_heap:213",,,,,6.141535,,1325.000000,,3.491535,2.457081,13,physical,2,42
padded_benes_16x16,default,11-3-10-8-7-1-12-5-6-2-0-4-9,7,5,routed,,2402.035376,34,15,9.482559,5.706488,3.776071,1349.000000,1053.035376,3.008488,3.360184,13,physical,2,42
padded_benes_16x16,default,11-3-10-8-7-1-12-5-6-2-0-4-9,8,6,failed,"cannot route padded_benes_16x16_s2_w9_13.drop to padded_benes_16x16_s3_w5_13.add on physical grid: blocked by route window; soft_repeat=I12/repeated_crossing pair=I8-I12 at=(275.000,125.000) source=I8->I12@(265.000,125.000):(265.000,125.000)->(265.000,119.000)x(220.000,125.000)->(325.000,125.000) counters=port_access:0,window:60,same_net:54,crossing_candidate:0,crossing_budget:0,hard_reserved_crossing:0,soft_repeated_crossing:5,soft_reserved_crossing:0,reserved_spacing:4,segment:50,pops:222,max_heap:36",,,,,6.464582,,1245.000000,,3.974582,0.625159,13,physical,2,42
padded_benes_16x16,default,11-3-10-8-7-1-12-5-6-2-0-4-9,9,2,failed,"cannot route padded_benes_16x16_s2_w8_12.th to padded_benes_16x16_s3_w0_8.add on physical grid: A* pop limit exceeded; soft_repeat=I1/repeated_crossing pair=I1-I9 at=(256.000,436.000) source=I9->I1@(240.000,436.000):(240.000,432.000)->(240.000,443.000)x(233.000,436.000)->(265.000,436.000) counters=port_access:195,window:702,same_net:1116,crossing_candidate:95,crossing_budget:0,hard_reserved_crossing:0,soft_repeated_crossing:672,soft_reserved_crossing:0,reserved_spacing:90,segment:3360,pops:8001,max_heap:276",,,,,5.242488,,1117.000000,,3.008488,3.433252,13,physical,2,42
padded_benes_16x16,default,11-3-10-8-7-1-12-5-6-2-0-4-9,10,0,failed,"cannot route padded_benes_16x16_s3_w2_10.th to padded_benes_16x16_s4_w2_6.in on physical grid: blocked by port access (port_access_overlap_foreign); candidate=(525.000,392.000)->(520.000,392.000) region=I7/padded_benes_16x16_s4_w2_6.add:(521.000,392.000)->(535.000,392.000); soft_repeat=I1/repeated_crossing pair=I1-I10 at=(544.000,436.000) source=I10->I1@(548.000,443.000):(552.000,443.000)->(544.000,443.000)x(548.000,436.000)->(548.000,472.000) counters=port_access:28,window:130,same_net:183,crossing_candidate:45,crossing_budget:0,hard_reserved_crossing:0,soft_repeated_crossing:108,soft_reserved_crossing:0,reserved_spacing:19,segment:459,pops:1108,max_heap:96",,,,,5.047441,,1261.000000,,2.525441,5.913803,13,physical,2,42
padded_benes_16x16,default,11-3-10-8-7-1-12-5-6-2-0-4-9,11,4,failed,"cannot route padded_benes_16x16_s4_w3_7.drop to padded_benes_16x16_s5_w5_7.add on physical grid; soft_repeat=I4/repeated_crossing pair=I4-I11 at=(464.000,356.000) source=I11->I4@(456.000,292.000):(430.000,292.000)->(475.000,292.000)x(456.000,256.000)->(456.000,485.000) counters=port_access:0,window:0,same_net:7,crossing_candidate:0,crossing_budget:0,hard_reserved_crossing:0,soft_repeated_crossing:2,soft_reserved_crossing:0,reserved_spacing:0,segment:5,pops:5,max_heap:2",,,,,6.013535,,1261.000000,,3.491535,2.566292,13,physical,2,42
padded_benes_16x16,default,11-3-10-8-7-1-12-5-6-2-0-4-9,12,9,routed,,2383.013247,41,15,8.996468,5.311441,3.685026,1393.000000,990.013247,2.525441,7.721907,13,physical,2,42
waksman_13x13,default,7-6-2-9-12-5-11-8-3-4-0-1-10,0,7,routed,,1710.473431,31,10,7.584435,5.098488,2.485947,1045.000000,665.473431,3.008488,4.986973,13,physical,0,42
waksman_13x13,default,7-6-2-9-12-5-11-8-3-4-0-1-10,1,6,failed,"cannot route waksman_13x13_s4_w3_7.drop to waksman_13x13_s5_w5_7.add on physical grid: blocked by route window; soft_repeat=I5/repeated_crossing pair=I1-I5 at=(464.000,313.000) source=I1->I5@(275.000,305.000):(275.000,313.000)->(275.000,263.000)x(256.000,305.000)->(325.000,305.000) counters=port_access:0,window:62,same_net:89,crossing_candidate:0,crossing_budget:0,hard_reserved_crossing:0,soft_repeated_crossing:31,soft_reserved_crossing:0,reserved_spacing:15,segment:177,pops:261,max_heap:25",,,,,4.811724,,1013.000000,,2.785724,4.172732,13,physical,0,42
waksman_13x13,default,7-6-2-9-12-5-11-8-3-4-0-1-10,2,2,failed,"cannot route waksman_13x13_s1_w0_2.drop to waksman_13x13_s2_w2_6.in on physical grid: blocked by port access (port_access_overlap_foreign); candidate=(218.000,220.000)->(210.000,220.000) region=I5/waksman_13x13_s1_w5_7.th:(206.000,220.000)->(220.000,220.000); soft_repeat=I5/repeated_crossing pair=I2-I5 at=(325.000,313.000) source=I2->I5@(336.000,377.000):(336.000,377.000)->(336.000,364.000)x(256.000,377.000)->(464.000,377.000) counters=port_access:10,window:370,same_net:449,crossing_candidate:11,crossing_budget:0,hard_reserved_crossing:0,soft_repeated_crossing:35,soft_reserved_crossing:0,reserved_spacing:147,segment:487,pops:2976,max_heap:157",,,,,4.416677,,1057.000000,,2.302677,6.472721,13,physical,0,42
waksman_13x13,default,7-6-2-9-12-5-11-8-3-4-0-1-10,3,9,routed,,1944.619449,30,11,7.219152,4.145913,3.073239,1033.000000,911.619449,2.079913,6.023681,13,physical,0,42
waksman_13x13,default,7-6-2-9-12-5-11-8-3-4-0-1-10,4,12,failed,"cannot route waksman_13x13_s2_w0_4.drop to waksman_13x13_s3_w4_12.in on physical grid: blocked by port access (port_access_overlap_foreign); candidate=(376.000,284.000)->(370.000,284.000) region=I12/waksman_13x13_s3_w0_8.drop:(384.000,284.000)->(370.000,284.000); soft_repeat=I3/repeated_crossing pair=I3-I4 at=(248.000,328.000) source=I4->I3@(240.000,328.000):(240.000,256.000)->(240.000,385.000)x(226.000,328.000)->(265.000,328.000) counters=port_access:13,window:313,same_net:696,crossing_candidate:67,crossing_budget:0,hard_reserved_crossing:0,soft_repeated_crossing:319,soft_reserved_crossing:0,reserved_spacing:56,segment:1037,pops:2905,max_heap:103",,,,,3.524103,,1075.000000,,1.374103,10.063512,13,physical,0,42
waksman_13x13,default,7-6-2-9-12-5-11-8-3-4-0-1-10,5,5,routed,,2188.911486,28,14,7.254407,3.514584,3.739823,1089.000000,1099.911486,1.336584,14.806660,13,physical,0,42
waksman_13x13,default,7-6-2-9-12-5-11-8-3-4-0-1-10,6,11,routed,,2054.765467,29,15,8.317491,4.660960,3.656531,1049.000000,1005.765467,2.562960,3.843489,13,physical,0,42
waksman_13x13,default,7-6-2-9-12-5-11-8-3-4-0-1-10,7,8,routed,,1963.743339,36,14,8.776258,5.358771,3.417487,1045.000000,918.743339,3.268771,2.146037,13,physical,0,42
waksman_13x13,default,7-6-2-9-12-5-11-8-3-4-0-1-10,8,3,routed,,1777.057504,27,10,7.474839,4.971724,2.503115,1093.000000,684.057504,2.785724,3.774271,13,physical,0,42
waksman_13x13,default,7-6-2-9-12-5-11-8-3-4-0-1-10,9,4,failed,"cannot route waksman_13x13_s1_w8_10.drop to waksman_13x13_s3_w2_10.add on physical grid: A* pop limit exceeded; soft_repeat=I3/repeated_crossing pair=I3-I9 at=(344.000,104.000) source=I9->I3@(344.000,89.000):(344.000,89.000)->(352.000,89.000)x(344.000,212.000)->(344.000,68.000) counters=port_access:63,window:263,same_net:967,crossing_candidate:31,crossing_budget:0,hard_reserved_crossing:0,soft_repeated_crossing:456,soft_reserved_crossing:0,reserved_spacing:144,segment:2208,pops:8001,max_heap:709",,,,,5.753818,,1001.000000,,3.751818,1.056937,13,physical,0,42
waksman_13x13,default,7-6-2-9-12-5-11-8-3-4-0-1-10,10,0,failed,"cannot route waksman_13x13_s1_w8_10.th to waksman_13x13_s2_w8_12.in on physical grid counters=port_access:0,window:0,same_net:14,crossing_candidate:0,crossing_budget:0,hard_reserved_crossing:0,soft_repeated_crossing:0,soft_reserved_crossing:0,reserved_spacing:0,segment:2,pops:7,max_heap:2",,,,,5.757535,,1133.000000,,3.491535,1.584654,13,physical,0,42
waksman_13x13,default,7-6-2-9-12-5-11-8-3-4-0-1-10,11,1,failed,"cannot route waksman_13x13_s1_w9_11.drop to waksman_13x13_s3_w3_11.add on physical grid: A* pop limit exceeded; soft_repeat=I3/repeated_crossing pair=I3-I11 at=(344.000,101.000) source=I11->I3@(344.000,89.000):(344.000,89.000)->(352.000,89.000)x(344.000,212.000)->(344.000,68.000) counters=port_access:94,window:413,same_net:966,crossing_candidate:27,crossing_budget:0,hard_reserved_crossing:0,soft_repeated_crossing:465,soft_reserved_crossing:0,reserved_spacing:175,segment:2416,pops:8001,max_heap:606",,,,,4.584677,,1141.000000,,2.302677,6.531055,13,physical,0,42
waksman_13x13,default,7-6-2-9-12-5-11-8-3-4-0-1-10,12,10,routed,,1752.371669,18,10,6.451893,4.239149,2.212743,1191.000000,561.371669,1.857149,6.994728,13,physical,0,42
waksman_13x13,default,2-5-7-8-6-10-4-11-9-3-1-12-0,0,2,routed,,1655.641578,23,12,6.668678,4.260394,2.408283,1109.000000,546.641578,2.042394,7.683264,13,physical,1,42
waksman_13x13,default,2-5-7-8-6-10-4-11-9-3-1-12-0,1,5,failed,"cannot route waksman_13x13_s4_w3_7.drop to waksman_13x13_s5_w5_7.add on physical grid: blocked by port access (port_access_overlap_foreign); candidate=(485.000,284.000)->(475.000,284.000) region=I6/waksman_13x13_s4_w2_6.drop:(489.000,284.000)->(475.000,284.000); soft_repeat=I0/repeated_crossing pair=I0-I1 at=(456.000,292.000) source=I1->I0@(48.000,418.000):(48.000,410.000)->(48.000,431.000)x(20.000,418.000)->(55.000,418.000) counters=port_access:4,window:41,same_net:77,crossing_candidate:2,crossing_budget:0,hard_reserved_crossing:0,soft_repeated_crossing:21,soft_reserved_crossing:0,reserved_spacing:13,segment:101,pops:171,max_heap:15",,,,,4.867724,,1041.000000,,2.785724,3.746106,13,physical,1,42
waksman_13x13,default,2-5-7-8-6-10-4-11-9-3-1-12-0,2,7,failed,"cannot route waksman_13x13_s1_w0_2.th to waksman_13x13_s2_w0_4.in on physical grid counters=port_access:0,window:0,same_net:14,crossing_candidate:0,crossing_budget:0,hard_reserved_crossing:0,soft_repeated_crossing:0,soft_reserved_crossing:0,reserved_spacing:0,segment:2,pops:7,max_heap:2",,,,,6.277535,,1393.000000,,3.491535,1.441469,13,physical,1,42
waksman_13x13,default,2-5-7-8-6-10-4-11-9-3-1-12-0,3,8,routed,,1814.911486,28,13,7.632783,4.596960,3.035823,1017.000000,797.911486,2.562960,4.205523,13,physical,1,42
waksman_13x13,default,2-5-7-8-6-10-4-11-9-3-1-12-0,4,6,failed,"cannot route waksman_13x13_s4_w1_5.drop to waksman_13x13_s5_w5_7.in on physical grid: blocked by port access (port_access_overlap_foreign); candidate=(485.000,284.000)->(475.000,284.000) region=I6/waksman_13x13_s4_w2_6.drop:(489.000,284.000)->(475.000,284.000); soft_repeat=I0/repeated_crossing pair=I0-I4 at=(443.000,284.000) source=I4->I0@(448.000,292.000):(448.000,292.000)->(448.000,284.000)x(443.000,292.000)->(475.000,292.000) counters=port_access:14,window:240,same_net:359,crossing_candidate:13,crossing_budget:0,hard_reserved_crossing:0,soft_repeated_crossing:123,soft_reserved_crossing:0,reserved_spacing:80,segment:580,pops:1599,max_heap:120",,,,,4.875724,,1045.000000,,2.785724,4.412696,13,physical,1,42
waksman_13x13,default,2-5-7-8-6-10-4-11-9-3-1-12-0,5,10,failed,"cannot route waksman_13x13_s2_w0_4.th to waksman_13x13_s3_w0_8.in on physical grid counters=port_access:0,window:0,same_net:4,crossing_candidate:0,crossing_budget:0,hard_reserved_crossing:0,soft_repeated_crossing:0,soft_reserved_crossing:0,reserved_spacing:0,segment:0,pops:1,max_heap:1",,,,,5.550771,,1141.000000,,3.268771,1.963675,13,physical,1,42
waksman_13x13,default,2-5-7-8-6-10-4-11-9-3-1-12-0,6,4,routed,,2367.597320,37,21,8.839825,3.653630,5.186195,917.000000,1450.597320,1.819630,9.922296,13,physical,1,42
waksman_13x13,default,2-5-7-8-6-10-4-11-9-3-1-12-0,7,11,routed,,2142.619449,30,13,7.815152,4.209913,3.605239,1065.000000,1077.619449,2.079913,6.321257,13,physical,1,42
waksman_13x13,default,2-5-7-8-6-10-4-11-9-3-1-12-0,8,9,routed,,2013.057504,27,21,8.824075,4.596960,4.227115,1017.000000,996.057504,2.562960,4.974328,13,physical,1,42
waksman_13x13,default,2-5-7-8-6-10-4-11-9-3-1-12-0,9,3,failed,"cannot route waksman_13x13_s0_w8_9.drop to waksman_13x13_s1_w9_11.in on physical grid: blocked by route window; soft_repeat=I8/repeated_crossing pair=I8-I9 at=(120.000,130.000) source=I9->I8@(48.000,130.000):(48.000,122.000)->(48.000,140.000)x(20.000,130.000)->(55.000,130.000) counters=port_access:0,window:324,same_net:376,crossing_candidate:31,crossing_budget:0,hard_reserved_crossing:0,soft_repeated_crossing:117,soft_reserved_crossing:0,reserved_spacing:63,segment:414,pops:2461,max_heap:115",,,,,4.520677,,1109.000000,,2.302677,6.331472,13,physical,1,42
waksman_13x13,default,2-5-7-8-6-10-4-11-9-3-1-12-0,10,1,routed,,2028.473431,31,20,8.997671,5.035724,3.961947,1125.000000,903.473431,2.785724,3.723801,13,physical,1,42
waksman_13x13,default,2-5-7-8-6-10-4-11-9-3-1-12-0,11,12,routed,,1673.787596,22,13,7.097771,4.210196,2.887575,935.000000,738.787596,2.340196,4.027180,13,physical,1,42
waksman_13x13,default,2-5-7-8-6-10-4-11-9-3-1-12-0,12,0,routed,,1518.225651,19,15,6.711365,4.181913,2.529451,1051.000000,467.225651,2.079913,6.945310,13,physical,1,42
waksman_13x13,default,11-3-10-8-7-1-12-5-6-2-0-4-9,0,11,routed,,1808.473431,31,8,7.134907,4.780960,2.353947,1109.000000,699.473431,2.562960,3.639655,13,physical,2,42
waksman_13x13,default,11-3-10-8-7-1-12-5-6-2-0-4-9,1,3,routed,,1465.495559,24,12,7.259479,4.970488,2.288991,981.000000,484.495559,3.008488,4.226052,13,physical,2,42
waksman_13x13,default,11-3-10-8-7-1-12-5-6-2-0-4-9,2,10,failed,"cannot route waksman_13x13_s1_w0_2.drop to waksman_13x13_s2_w2_6.in on physical grid: blocked by port access (port_access_overlap_foreign); candidate=(275.000,284.000)->(265.000,284.000) region=I5/waksman_13x13_s2_w2_6.drop:(279.000,284.000)->(265.000,284.000); soft_repeat=I1/repeated_crossing pair=I1-I2 at=(232.000,400.000) source=I2->I1@(152.000,418.000):(152.000,410.000)->(152.000,431.000)x(115.000,418.000)->(160.000,418.000) counters=port_access:14,window:542,same_net:824,crossing_candidate:92,crossing_budget:0,hard_reserved_crossing:0,soft_repeated_crossing:289,soft_reserved_crossing:0,reserved_spacing:122,segment:1034,pops:3714,max_heap:96",,,,,4.061630,,1121.000000,,1.819630,8.657653,13,physical,2,42
waksman_13x13,default,11-3-10-8-7-1-12-5-6-2-0-4-9,3,8,routed,,1741.203522,26,9,7.075367,4.596960,2.478407,1017.000000,724.203522,2.562960,4.180758,13,physical,2,42
waksman_13x13,default,11-3-10-8-7-1-12-5-6-2-0-4-9,4,7,routed,,2273.889357,35,27,9.725456,4.424677,5.300779,1061.000000,1212.889357,2.302677,5.524428,13,physical,2,42
waksman_13x13,default,11-3-10-8-7-1-12-5-6-2-0-4-9,5,1,routed,,2490.867229,42,32,12.143552,5.657818,6.485734,953.000000,1537.867229,3.751818,1.374321,13,physical,2,42
waksman_13x13,default,11-3-10-8-7-1-12-5-6-2-0-4-9,6,12,failed,"cannot route waksman_13x13_s2_w0_4.drop to waksman_13x13_s3_w4_12.in on physical grid; soft_repeat=I4/repeated_crossing pair=I4-I6 at=(256.000,356.000) source=I6->I4@(336.000,385.000):(336.000,389.000)->(336.000,356.000)x(256.000,385.000)->(552.000,385.000) counters=port_access:0,window:0,same_net:4,crossing_candidate:1,crossing_budget:0,hard_reserved_crossing:0,soft_repeated_crossing:2,soft_reserved_crossing:0,reserved_spacing:0,segment:11,pops:7,max_heap:3",,,,,4.095149,,1119.000000,,1.857149,6.480863,13,physical,2,42
waksman_13x13,default,11-3-10-8-7-1-12-5-6-2-0-4-9,7,5,routed,,2400.035376,34,26,9.389701,3.781630,5.608071,981.000000,1419.035376,1.819630,9.351758,13,physical,2,42
waksman_13x13,default,11-3-10-8-7-1-12-5-6-2-0-4-9,8,6,routed,,1933.057504,27,19,8.909603,5.434488,3.475115,1213.000000,720.057504,3.008488,3.465617,13,physical,2,42
waksman_13x13,default,11-3-10-8-7-1-12-5-6-2-0-4-9,9,2,failed,"cannot route waksman_13x13_s1_w9_11.th to waksman_13x13_s3_w1_9.add on physical grid: A* pop limit exceeded; soft_repeat=I3/repeated_crossing pair=I3-I9 at=(341.000,263.000) source=I9->I3@(360.000,256.000):(360.000,252.000)->(360.000,263.000)x(341.000,256.000)->(370.000,256.000) counters=port_access:188,window:610,same_net:843,crossing_candidate:61,crossing_budget:0,hard_reserved_crossing:0,soft_repeated_crossing:563,soft_reserved_crossing:0,reserved_spacing:221,segment:2379,pops:8001,max_heap:443",,,,,4.971724,,1093.000000,,2.785724,4.628804,13,physical,2,42
waksman_13x13,default,11-3-10-8-7-1-12-5-6-2-0-4-9,10,0,failed,"cannot route waksman_13x13_s3_w3_11.th to waksman_13x13_s4_w3_7.in on physical grid: blocked by port access (port_access_overlap_foreign); candidate=(424.000,140.000)->(420.000,140.000) region=I8/waksman_13x13_s3_w4_12.add:(416.000,140.000)->(430.000,140.000); soft_repeat=I3/repeated_crossing pair=I3-I10 at=(352.000,119.000) source=I10->I3@(352.000,161.000):(152.000,161.000)->(430.000,161.000)x(352.000,241.000)->(352.000,89.000) counters=port_access:40,window:491,same_net:804,crossing_candidate:5,crossing_budget:0,hard_reserved_crossing:0,soft_repeated_crossing:607,soft_reserved_crossing:0,reserved_spacing:53,segment:1318,pops:4050,max_heap:153",,,,,5.486771,,1109.000000,,3.268771,2.684103,13,physical,2,42
waksman_13x13,default,11-3-10-8-7-1-12-5-6-2-0-4-9,11,4,failed,"cannot route waksman_13x13_s3_w2_10.th to waksman_13x13_s4_w2_6.in on physical grid; soft_repeat=I5/repeated_crossing pair=I5-I11 at=(424.000,245.000) source=I11->I5@(430.000,241.000):(430.000,241.000)->(430.000,245.000)x(424.000,241.000)->(464.000,241.000) counters=port_access:0,window:0,same_net:4,crossing_candidate:0,crossing_budget:0,hard_reserved_crossing:0,soft_repeated_crossing:1,soft_reserved_crossing:0,reserved_spacing:1,segment:14,pops:10,max_heap:3",,,,,5.358771,,1045.000000,,3.268771,2.479909,13,physical,2,42
waksman_13x13,default,11-3-10-8-7-1-12-5-6-2-0-4-9,12,9,routed,,1736.079633,20,13,6.729309,4.183149,2.546159,1163.000000,573.079633,1.857149,6.588792,13,physical,2,42
spanke_benes_13x13,default,7-6-2-9-12-5-11-8-3-4-0-1-10,0,7,routed,,4891.216769,67,28,20.085748,12.954315,7.131434,2893.000000,1998.216769,7.168315,-7.081233,13,physical,0,42
spanke_benes_13x13,default,7-6-2-9-12-5-11-8-3-4-0-1-10,1,6,routed,,4847.800843,63,28,19.978916,12.898315,7.080602,2865.000000,1982.800843,7.168315,-6.456137,13,physical,0,42
spanke_benes_13x13,default,7-6-2-9-12-5-11-8-3-4-0-1-10,2,2,routed,,3229.787596,22,19,13.297694,9.718118,3.579575,2445.000000,784.787596,4.828118,-0.484188,13,physical,0,42
spanke_benes_13x13,default,7-6-2-9-12-5-11-8-3-4-0-1-10,3,9,routed,,4389.407045,52,21,16.933026,11.388212,5.544814,2797.000000,1592.407045,5.794212,-5.142661,13,physical,0,42
spanke_benes_13x13,default,7-6-2-9-12-5-11-8-3-4-0-1-10,4,12,routed,,3773.305284,39,9,14.510860,11.239250,3.271611,2685.000000,1088.305284,5.869250,-7.290684,13,physical,0,42
spanke_benes_13x13,default,7-6-2-9-12-5-11-8-3-4-0-1-10,5,5,routed,,4568.822972,56,21,18.723480,12.911834,5.811646,2853.000000,1715.822972,7.205834,-6.607798,13,physical,0,42
spanke_benes_13x13,default,7-6-2-9-12-5-11-8-3-4-0-1-10,6,11,routed,,3599.743339,36,8,13.342926,10.477439,2.865487,2657.000000,942.743339,5.163439,-5.213204,13,physical,0,42
spanke_benes_13x13,default,7-6-2-9-12-5-11-8-3-4-0-1-10,7,8,routed,,3969.159265,40,18,15.547286,11.034967,4.512319,2713.000000,1256.159265,5.608967,-4.712783,13,physical,0,42
spanke_benes_13x13,default,7-6-2-9-12-5-11-8-3-4-0-1-10,8,3,routed,,4543.362788,66,20,18.882842,13.116116,5.766726,2825.000000,1718.362788,7.466116,-6.435522,13,physical,0,42
spanke_benes_13x13,default,7-6-2-9-12-5-11-8-3-4-0-1-10,9,4,routed,,4272.384916,59,16,17.460358,12.558589,4.901770,2769.000000,1503.384916,7.020589,-5.311402,13,physical,0,42
spanke_benes_13x13,default,7-6-2-9-12-5-11-8-3-4-0-1-10,10,0,routed,,3876.238898,60,10,16.556113,12.833635,3.722478,2665.000000,1211.238898,7.503635,-5.540245,13,physical,0,42
spanke_benes_13x13,default,7-6-2-9-12-5-11-8-3-4-0-1-10,11,1,failed,capped rip-up hop exhausted bounded candidates before A*: deterministic hop candidate has multiple crossings on one segment,,,,,13.320399,,2797.000000,,7.726399,-5.354917,13,physical,0,42
spanke_benes_13x13,default,7-6-2-9-12-5-11-8-3-4-0-1-10,12,10,routed,,3016.955743,14,8,8.538297,6.668385,1.869911,2517.000000,499.955743,1.634385,8.014590,13,physical,0,42
spanke_benes_13x13,default,2-5-7-8-6-10-4-11-9-3-1-12-0,0,2,routed,,2994.809725,15,24,12.326644,8.632025,3.694619,2385.000000,609.809725,3.862025,5.410482,13,physical,1,42
spanke_benes_13x13,default,2-5-7-8-6-10-4-11-9-3-1-12-0,1,5,routed,,5299.070751,68,34,20.502844,12.094702,8.408142,2965.000000,2334.070751,6.164702,-2.514013,13,physical,1,42
spanke_benes_13x13,default,2-5-7-8-6-10-4-11-9-3-1-12-0,2,7,routed,,4967.654825,64,27,18.934767,11.741457,7.193310,2881.000000,2086.654825,5.979457,-4.150093,13,physical,1,42
spanke_benes_13x13,default,2-5-7-8-6-10-4-11-9-3-1-12-0,3,8,routed,,4501.407045,52,23,17.096743,11.183929,5.912814,2825.000000,1676.407045,5.533929,-4.152974,13,physical,1,42
spanke_benes_13x13,default,2-5-7-8-6-10-4-11-9-3-1-12-0,4,6,routed,,4641.115008,54,24,18.191970,11.945740,6.246230,2853.000000,1788.115008,6.239740,-4.929218,13,physical,1,42
spanke_benes_13x13,default,2-5-7-8-6-10-4-11-9-3-1-12-0,5,10,routed,,3951.159265,40,15,14.245192,10.068873,4.176319,2713.000000,1238.159265,4.642873,-3.572445,13,physical,1,42
spanke_benes_13x13,default,2-5-7-8-6-10-4-11-9-3-1-12-0,6,4,routed,,4580.530935,58,22,18.856895,12.911834,5.945062,2853.000000,1727.530935,7.205834,-6.642360,13,physical,1,42
spanke_benes_13x13,default,2-5-7-8-6-10-4-11-9-3-1-12-0,7,11,routed,,3516.911486,28,10,11.665358,8.749535,2.915823,2629.000000,887.911486,3.491535,-1.743849,13,physical,1,42
spanke_benes_13x13,default,2-5-7-8-6-10-4-11-9-3-1-12-0,8,9,routed,,3668.327412,32,11,12.794000,9.511346,3.282655,2657.000000,1011.327412,4.197346,-2.320337,13,physical,1,42
spanke_benes_13x13,default,2-5-7-8-6-10-4-11-9-3-1-12-0,9,3,routed,,4395.362788,66,16,18.447125,13.320399,5.126726,2797.000000,1598.362788,7.726399,-7.187141,13,physical,1,42
spanke_benes_13x13,default,2-5-7-8-6-10-4-11-9-3-1-12-0,10,1,routed,,3959.946861,62,13,17.516576,13.348682,4.167894,2681.000000,1278.946861,7.986682,-7.083778,13,physical,1,42
spanke_benes_13x13,default,2-5-7-8-6-10-4-11-9-3-1-12-0,11,12,routed,,2827.539816,10,3,6.933654,5.906575,1.027080,2489.000000,338.539816,0.928575,6.954300,13,physical,1,42
spanke_benes_13x13,default,2-5-7-8-6-10-4-11-9-3-1-12-0,12,0,routed,,4011.553063,51,12,17.947835,13.975729,3.972106,2753.000000,1258.553063,8.469729,-7.603426,13,physical,1,42
spanke_benes_13x13,default,11-3-10-8-7-1-12-5-6-2-0-4-9,0,11,routed,,4208.092880,61,15,18.430632,13.771446,4.659186,2781.000000,1427.092880,8.209446,-10.842783,13,physical,2,42
spanke_benes_13x13,default,11-3-10-8-7-1-12-5-6-2-0-4-9,1,3,routed,,4342.283155,46,30,17.633741,11.185174,6.448566,2733.000000,1609.283155,5.719174,-2.173211,13,physical,2,42
spanke_benes_13x13,default,11-3-10-8-7-1-12-5-6-2-0-4-9,2,10,routed,,4391.362788,66,16,18.439125,13.320399,5.118726,2797.000000,1594.362788,7.726399,-9.253839,13,physical,2,42
spanke_benes_13x13,default,11-3-10-8-7-1-12-5-6-2-0-4-9,3,8,routed,,4507.800843,63,19,18.696718,13.116116,5.580602,2825.000000,1682.800843,7.466116,-8.030335,13,physical,2,42
spanke_benes_13x13,default,11-3-10-8-7-1-12-5-6-2-0-4-9,4,7,routed,,4476.238898,60,19,18.618594,13.116116,5.502478,2825.000000,1651.238898,7.466116,-7.388822,13,physical,2,42
spanke_benes_13x13,default,11-3-10-8-7-1-12-5-6-2-0-4-9,5,1,routed,,3906.283155,46,22,16.259542,11.226976,5.032566,2605.000000,1301.283155,6.016976,-3.521014,13,physical,2,42
spanke_benes_13x13,default,11-3-10-8-7-1-12-5-6-2-0-4-9,6,12,routed,,3506.473431,31,8,12.425575,9.715628,2.709947,2629.000000,877.473431,4.457628,-4.506068,13,physical,2,42
spanke_benes_13x13,default,11-3-10-8-7-1-12-5-6-2-0-4-9,7,5,routed,,4353.407045,52,18,17.527120,12.354306,5.172814,2797.000000,1556.407045,6.760306,-5.307804,13,physical,2,42
spanke_benes_13x13,default,11-3-10-8-7-1-12-5-6-2-0-4-9,8,6,routed,,4034.575192,44,14,16.003928,11.796778,4.207150,2741.000000,1293.575192,6.314778,-4.434188,13,physical,2,42
spanke_benes_13x13,default,11-3-10-8-7-1-12-5-6-2-0-4-9,9,2,routed,,4555.362788,66,19,18.806842,13.116116,5.690726,2825.000000,1730.362788,7.466116,-5.631437,13,physical,2,42
spanke_benes_13x13,default,11-3-10-8-7-1-12-5-6-2-0-4-9,10,0,routed,,3926.092880,61,14,17.060821,12.833635,4.227186,2665.000000,1261.092880,7.503635,-5.107601,13,physical,2,42
spanke_benes_13x13,default,11-3-10-8-7-1-12-5-6-2-0-4-9,11,4,routed,,4021.553063,51,13,15.207073,11.034967,4.172106,2713.000000,1308.553063,5.608967,-1.112646,13,physical,2,42
spanke_benes_13x13,default,11-3-10-8-7-1-12-5-6-2-0-4-9,12,9,routed,,3074.371669,18,5,9.078940,7.430196,1.648743,2545.000000,529.371669,2.340196,6.496880,13,physical,2,42
padded_benes_16x16,default,8-12-7-6-13-11-5-2-9-3-4-0-1-10,0,8,failed,"cannot route padded_benes_16x16_s3_w0_8.drop to padded_benes_16x16_s4_w8_12.in on physical grid: blocked by port access (port_access_overlap_foreign); candidate=(380.000,320.000)->(376.000,320.000) region=I13/padded_benes_16x16_s3_w2_10.drop:(384.000,320.000)->(370.000,320.000); soft_repeat=I5/repeated_crossing pair=I0-I5 at=(360.000,392.000) source=I0->I5@(252.000,493.000):(252.000,508.000)->(252.000,472.000)x(248.000,493.000)->(360.000,493.000) counters=port_access:6,window:10,same_net:30,crossing_candidate:7,crossing_budget:0,hard_reserved_crossing:0,soft_repeated_crossing:22,soft_reserved_crossing:0,reserved_spacing:0,segment:116,pops:108,max_heap:12",,,,,4.156394,,1057.000000,,2.042394,8.804582,14,physical,0,42
padded_benes_16x16,default,8-12-7-6-13-11-5-2-9-3-4-0-1-10,1,12,failed,"cannot route padded_benes_16x16_s3_w1_9.drop to padded_benes_16x16_s4_w9_13.in on physical grid: blocked by port access (port_access_overlap_foreign); candidate=(380.000,320.000)->(376.000,320.000) region=I13/padded_benes_16x16_s3_w2_10.drop:(384.000,320.000)->(370.000,320.000); soft_repeat=I3/repeated_crossing pair=I1-I3 at=(344.000,356.000) source=I1->I3@(136.000,485.000):(136.000,539.000)->(136.000,472.000)x(48.000,485.000)->(224.000,485.000) counters=port_access:2,window:3,same_net:15,crossing_candidate:2,crossing_budget:0,hard_reserved_crossing:0,soft_repeated_crossing:10,soft_reserved_crossing:0,reserved_spacing:0,segment:40,pops:35,max_heap:6",,,,,5.490488,,1241.000000,,3.008488,4.218051,14,physical,0,42
padded_benes_16x16,default,8-12-7-6-13-11-5-2-9-3-4-0-1-10,2,7,failed,"cannot route padded_benes_16x16_s4_w2_6.drop to padded_benes_16x16_s5_w4_6.add on physical grid counters=port_access:0,window:0,same_net:5,crossing_candidate:1,crossing_budget:0,hard_reserved_crossing:0,soft_repeated_crossing:0,soft_reserved_crossing:0,reserved_spacing:0,segment:6,pops:5,max_heap:3",,,,,4.767441,,1121.000000,,2.525441,6.456053,14,physical,0,42
padded_benes_16x16,default,8-12-7-6-13-11-5-2-9-3-4-0-1-10,3,6,routed,,2062.327412,32,12,8.010096,4.719441,3.290655,1097.000000,965.327412,2.525441,5.889594,14,physical,0,42
padded_benes_16x16,default,8-12-7-6-13-11-5-2-9-3-4-0-1-10,4,13,failed,"cannot route padded_benes_16x16_s1_w4_6.drop to padded_benes_16x16_s2_w2_6.add on physical grid: blocked by port access (port_access_overlap_foreign); candidate=(170.000,328.000)->(160.000,328.000) region=I5/padded_benes_16x16_s1_w5_7.in:(174.000,328.000)->(160.000,328.000); soft_repeat=I3/repeated_crossing pair=I3-I4 at=(248.000,377.000) source=I4->I3@(240.000,377.000):(240.000,371.000)->(240.000,392.000)x(160.000,377.000)->(265.000,377.000) counters=port_access:47,window:360,same_net:584,crossing_candidate:29,crossing_budget:0,hard_reserved_crossing:0,soft_repeated_crossing:244,soft_reserved_crossing:0,reserved_spacing:116,segment:840,pops:2614,max_heap:154",,,,,5.829535,,1169.000000,,3.491535,3.378633,14,physical,0,42
padded_benes_16x16,default,8-12-7-6-13-11-5-2-9-3-4-0-1-10,5,11,routed,,2626.867229,42,18,10.272222,5.562488,4.709734,1277.000000,1349.867229,3.008488,3.733274,14,physical,0,42
padded_benes_16x16,default,8-12-7-6-13-11-5-2-9-3-4-0-1-10,6,5,routed,,2203.057504,27,13,8.366556,5.383441,2.983115,1429.000000,774.057504,2.525441,5.452220,14,physical,0,42
padded_benes_16x16,default,8-12-7-6-13-11-5-2-9-3-4-0-1-10,7,2,failed,"cannot route padded_benes_16x16_s2_w3_7.drop to padded_benes_16x16_s3_w7_15.in on physical grid: blocked by port access (port_access_overlap_foreign); candidate=(428.000,320.000)->(424.000,320.000) region=I13/padded_benes_16x16_s3_w2_10.add:(416.000,320.000)->(430.000,320.000); soft_repeat=I3/repeated_crossing pair=I3-I7 at=(256.000,377.000) source=I7->I3@(160.000,392.000):(152.000,392.000)->(240.000,392.000)x(160.000,464.000)->(160.000,377.000) counters=port_access:14,window:265,same_net:365,crossing_candidate:44,crossing_budget:0,hard_reserved_crossing:0,soft_repeated_crossing:154,soft_reserved_crossing:0,reserved_spacing:91,segment:661,pops:1526,max_heap:105",,,,,5.327441,,1401.000000,,2.525441,5.703312,14,physical,0,42
padded_benes_16x16,default,8-12-7-6-13-11-5-2-9-3-4-0-1-10,8,9,routed,,2400.181394,33,17,9.673851,5.954488,3.719363,1473.000000,927.181394,3.008488,2.912165,14,physical,0,42
padded_benes_16x16,default,8-12-7-6-13-11-5-2-9-3-4-0-1-10,9,3,failed,"cannot route padded_benes_16x16_s3_w0_8.th to padded_benes_16x16_s4_w0_4.in on physical grid counters=port_access:0,window:0,same_net:10,crossing_candidate:0,crossing_budget:0,hard_reserved_crossing:0,soft_repeated_crossing:0,soft_reserved_crossing:0,reserved_spacing:0,segment:4,pops:7,max_heap:2",,,,,5.757535,,1133.000000,,3.491535,2.306043,14,physical,0,42
padded_benes_16x16,default,8-12-7-6-13-11-5-2-9-3-4-0-1-10,10,4,failed,"cannot route padded_benes_16x16_s2_w9_13.th to padded_benes_16x16_s3_w1_9.add on physical grid: A* pop limit exceeded; soft_repeat=I3/repeated_crossing pair=I3-I10 at=(240.000,377.000) source=I10->I3@(248.000,377.000):(248.000,371.000)->(248.000,392.000)x(160.000,377.000)->(265.000,377.000) counters=port_access:60,window:523,same_net:1047,crossing_candidate:116,crossing_budget:0,hard_reserved_crossing:0,soft_repeated_crossing:422,soft_reserved_crossing:0,reserved_spacing:130,segment:2554,pops:8001,max_heap:347",,,,,6.400582,,1213.000000,,3.974582,0.444822,14,physical,0,42
padded_benes_16x16,default,8-12-7-6-13-11-5-2-9-3-4-0-1-10,11,0,failed,"cannot route padded_benes_16x16_s2_w10_14.drop to padded_benes_16x16_s3_w6_14.add on physical grid: blocked by port access (port_access_overlap_foreign); candidate=(323.000,112.000)->(315.000,112.000) region=I13/padded_benes_16x16_s2_w10_14.th:(311.000,112.000)->(325.000,112.000); soft_repeat=I5/repeated_crossing pair=I5-I11 at=(376.000,197.000) source=I11->I5@(370.000,205.000):(370.000,205.000)->(376.000,205.000)x(370.000,212.000)->(370.000,197.000) counters=port_access:28,window:630,same_net:927,crossing_candidate:70,crossing_budget:0,hard_reserved_crossing:0,soft_repeated_crossing:463,soft_reserved_crossing:0,reserved_spacing:50,segment:1483,pops:4776,max_heap:264",,,,,6.592582,,1309.000000,,3.974582,0.353715,14,physical,0,42
padded_benes_16x16,default,8-12-7-6-13-11-5-2-9-3-4-0-1-10,12,1,routed,,2252.181394,33,12,8.877851,5.554488,3.323363,1273.000000,979.181394,3.008488,3.327890,14,physical,0,42
padded_benes_16x16,default,8-12-7-6-13-11-5-2-9-3-4-0-1-10,13,10,routed,,2682.575192,44,24,10.993638,5.770488,5.223150,1381.000000,1301.575192,3.008488,4.218240,14,physical,0,42
padded_benes_16x16,default,2-5-7-9-6-11-4-12-8-10-3-1-13-0,0,2,routed,,1290.225651,19,12,5.917846,3.940394,1.977451,949.000000,341.225651,2.042394,10.061684,14,physical,1,42
padded_benes_16x16,default,2-5-7-9-6-11-4-12-8-10-3-1-13-0,1,5,failed,"cannot route padded_benes_16x16_s4_w1_5.drop to padded_benes_16x16_s5_w5_7.in on physical grid; soft_repeat=I9/repeated_crossing pair=I1-I9 at=(464.000,407.000) source=I1->I9@(352.000,364.000):(348.000,364.000)->(370.000,364.000)x(352.000,356.000)->(352.000,421.000) counters=port_access:0,window:0,same_net:15,crossing_candidate:0,crossing_budget:0,hard_reserved_crossing:0,soft_repeated_crossing:1,soft_reserved_crossing:0,reserved_spacing:0,segment:20,pops:20,max_heap:7",,,,,4.252394,,1105.000000,,2.042394,8.594713,14,physical,1,42
padded_benes_16x16,default,2-5-7-9-6-11-4-12-8-10-3-1-13-0,2,7,failed,"cannot route padded_benes_16x16_s4_w2_6.drop to padded_benes_16x16_s5_w4_6.add on physical grid; soft_repeat=I9/repeated_crossing pair=I2-I9 at=(464.000,392.000) source=I2->I9@(352.000,407.000):(325.000,407.000)->(376.000,407.000)x(352.000,356.000)->(352.000,421.000) counters=port_access:0,window:0,same_net:5,crossing_candidate:0,crossing_budget:0,hard_reserved_crossing:0,soft_repeated_crossing:2,soft_reserved_crossing:0,reserved_spacing:0,segment:11,pops:7,max_heap:3",,,,,4.767441,,1121.000000,,2.525441,6.788442,14,physical,1,42
padded_benes_16x16,default,2-5-7-9-6-11-4-12-8-10-3-1-13-0,3,9,routed,,2254.327412,32,15,8.694096,5.175441,3.518655,1325.000000,929.327412,2.525441,5.327338,14,physical,1,42
padded_benes_16x16,default,2-5-7-9-6-11-4-12-8-10-3-1-13-0,4,6,routed,,2676.721210,43,14,9.976930,5.706488,4.270442,1349.000000,1327.721210,3.008488,2.881324,14,physical,1,42
padded_benes_16x16,default,2-5-7-9-6-11-4-12-8-10-3-1-13-0,5,11,failed,"cannot route padded_benes_16x16_s1_w4_6.drop to padded_benes_16x16_s2_w2_6.add on physical grid: blocked by port access (port_access_overlap_foreign); candidate=(170.000,328.000)->(160.000,328.000) region=I4/padded_benes_16x16_s1_w5_7.in:(174.000,328.000)->(160.000,328.000); soft_repeat=I3/repeated_crossing pair=I3-I5 at=(224.000,479.000) source=I5->I3@(232.000,360.000):(232.000,360.000)->(232.000,371.000)x(210.000,360.000)->(265.000,360.000) counters=port_access:44,window:449,same_net:524,crossing_candidate:13,crossing_budget:0,hard_reserved_crossing:0,soft_repeated_crossing:282,soft_reserved_crossing:0,reserved_spacing:138,segment:991,pops:2763,max_heap:175",,,,,6.528582,,1277.000000,,3.974582,1.138074,14,physical,1,42
padded_benes_16x16,default,2-5-7-9-6-11-4-12-8-10-3-1-13-0,6,4,routed,,2150.765467,29,18,8.288925,4.868394,3.420531,1413.000000,737.765467,2.042394,7.439807,14,physical,1,42
padded_benes_16x16,default,2-5-7-9-6-11-4-12-8-10-3-1-13-0,7,12,failed,"cannot route padded_benes_16x16_s2_w1_5.drop to padded_benes_16x16_s3_w5_13.in on physical grid; soft_repeat=I4/repeated_crossing pair=I4-I7 at=(265.000,413.000) source=I7->I4@(55.000,335.000):(48.000,335.000)->(136.000,335.000)x(55.000,374.000)->(55.000,328.000) counters=port_access:0,window:0,same_net:29,crossing_candidate:3,crossing_budget:0,hard_reserved_crossing:0,soft_repeated_crossing:3,soft_reserved_crossing:0,reserved_spacing:0,segment:40,pops:40,max_heap:7",,,,,5.690488,,1341.000000,,3.008488,3.111203,14,physical,1,42
padded_benes_16x16,default,2-5-7-9-6-11-4-12-8-10-3-1-13-0,8,8,routed,,1683.933614,21,20,7.032215,3.977348,3.054867,1209.000000,474.933614,1.559348,13.487745,14,physical,1,42
padded_benes_16x16,default,2-5-7-9-6-11-4-12-8-10-3-1-13-0,9,10,routed,,2328.619449,30,25,9.832680,5.127441,4.705239,1301.000000,1027.619449,2.525441,6.241839,14,physical,1,42
padded_benes_16x16,default,2-5-7-9-6-11-4-12-8-10-3-1-13-0,10,3,routed,,2689.845100,49,23,10.450131,5.119441,5.330690,1297.000000,1392.845100,2.525441,4.747702,14,physical,1,42
padded_benes_16x16,default,2-5-7-9-6-11-4-12-8-10-3-1-13-0,11,1,failed,"cannot route padded_benes_16x16_s2_w10_14.drop to padded_benes_16x16_s3_w6_14.add on physical grid: blocked by port access (port_access_overlap_foreign); candidate=(376.000,248.000)->(370.000,248.000) region=I12/padded_benes_16x16_s3_w4_12.drop:(384.000,248.000)->(370.000,248.000); soft_repeat=I3/repeated_crossing pair=I3-I11 at=(360.000,76.000) source=I11->I3@(352.000,83.000):(352.000,83.000)->(360.000,83.000)x(352.000,284.000)->(352.000,76.000) counters=port_access:68,window:462,same_net:630,crossing_candidate:78,crossing_budget:0,hard_reserved_crossing:0,soft_repeated_crossing:455,soft_reserved_crossing:0,reserved_spacing:18,segment:1190,pops:3925,max_heap:248",,,,,7.107628,,1325.000000,,4.457628,-0.067852,14,physical,1,42
padded_benes_16x16,default,2-5-7-9-6-11-4-12-8-10-3-1-13-0,12,13,routed,,1931.057504,27,21,8.139509,4.332394,3.807115,1145.000000,786.057504,2.042394,9.468700,14,physical,1,42
padded_benes_16x16,default,2-5-7-9-6-11-4-12-8-10-3-1-13-0,13,0,failed,"cannot route padded_benes_16x16_s2_w9_13.drop to padded_benes_16x16_s3_w5_13.add on physical grid: blocked by port access (port_access_overlap_foreign); candidate=(275.000,184.000)->(265.000,184.000) region=I8/padded_benes_16x16_s2_w8_12.in:(279.000,184.000)->(265.000,184.000); soft_repeat=I3/repeated_crossing pair=I3-I13 at=(352.000,191.000) source=I13->I3@(352.000,205.000):(352.000,205.000)->(360.000,205.000)x(352.000,284.000)->(352.000,76.000) counters=port_access:100,window:568,same_net:1125,crossing_candidate:123,crossing_budget:0,hard_reserved_crossing:0,soft_repeated_crossing:784,soft_reserved_crossing:0,reserved_spacing:50,segment:2123,pops:5776,max_heap:206",,,,,5.554488,,1273.000000,,3.008488,4.058380,14,physical,1,42
padded_benes_16x16,default,7-8-3-11-10-13-1-12-5-6-2-0-4-9,0,7,routed,,1748.181394,33,24,9.069851,5.098488,3.971363,1045.000000,703.181394,3.008488,5.398011,14,physical,2,42
padded_benes_16x16,default,7-8-3-11-10-13-1-12-5-6-2-0-4-9,1,8,routed,,1836.911486,28,27,9.039264,4.847441,4.191823,1161.000000,675.911486,2.525441,6.247299,14,physical,2,42
padded_benes_16x16,default,7-8-3-11-10-13-1-12-5-6-2-0-4-9,2,3,routed,,1861.349541,25,22,8.090094,4.380394,3.709699,1169.000000,692.349541,2.042394,9.222721,14,physical,2,42
padded_benes_16x16,default,7-8-3-11-10-13-1-12-5-6-2-0-4-9,3,11,routed,,2856.867229,42,26,10.566129,4.668394,5.897734,1313.000000,1543.867229,2.042394,8.036595,14,physical,2,42
padded_benes_16x16,default,7-8-3-11-10-13-1-12-5-6-2-0-4-9,4,10,failed,"cannot route padded_benes_16x16_s2_w0_4.drop to padded_benes_16x16_s3_w4_12.in on physical grid; soft_repeat=I6/repeated_crossing pair=I4-I6 at=(256.000,464.000) source=I4->I6@(336.000,485.000):(336.000,493.000)->(336.000,464.000)x(256.000,485.000)->(344.000,485.000) counters=port_access:0,window:0,same_net:6,crossing_candidate:1,crossing_budget:0,hard_reserved_crossing:0,soft_repeated_crossing:3,soft_reserved_crossing:0,reserved_spacing:0,segment:17,pops:11,max_heap:3",,,,,5.434488,,1213.000000,,3.008488,6.099093,14,physical,2,42
padded_benes_16x16,default,7-8-3-11-10-13-1-12-5-6-2-0-4-9,5,13,failed,"cannot route padded_benes_16x16_s2_w3_7.drop to padded_benes_16x16_s3_w7_15.in on physical grid: blocked by route window; soft_repeat=I2/repeated_crossing pair=I2-I5 at=(256.000,400.000) source=I5->I2@(248.000,407.000):(248.000,407.000)->(256.000,407.000)x(248.000,526.000)->(248.000,400.000) counters=port_access:0,window:51,same_net:83,crossing_candidate:5,crossing_budget:0,hard_reserved_crossing:0,soft_repeated_crossing:43,soft_reserved_crossing:0,reserved_spacing:6,segment:172,pops:302,max_heap:34",,,,,5.554488,,1273.000000,,3.008488,5.045721,14,physical,2,42
padded_benes_16x16,default,7-8-3-11-10-13-1-12-5-6-2-0-4-9,6,1,routed,,2501.305284,39,22,10.406099,5.770488,4.635611,1381.000000,1120.305284,3.008488,2.722904,14,physical,2,42
padded_benes_16x16,default,7-8-3-11-10-13-1-12-5-6-2-0-4-9,7,12,failed,"cannot route padded_benes_16x16_s2_w2_6.drop to padded_benes_16x16_s3_w6_14.in on physical grid: blocked by route window; soft_repeat=I2/repeated_crossing pair=I2-I7 at=(248.000,407.000) source=I7->I2@(256.000,400.000):(256.000,400.000)->(256.000,407.000)x(248.000,400.000)->(265.000,400.000) counters=port_access:0,window:46,same_net:28,crossing_candidate:3,crossing_budget:0,hard_reserved_crossing:0,soft_repeated_crossing:16,soft_reserved_crossing:0,reserved_spacing:6,segment:83,pops:125,max_heap:12",,,,,5.434488,,1213.000000,,3.008488,4.815511,14,physical,2,42
padded_benes_16x16,default,7-8-3-11-10-13-1-12-5-6-2-0-4-9,8,5,routed,,2421.013247,41,26,11.621608,6.408582,5.213026,1217.000000,1204.013247,3.974582,0.995556,14,physical,2,42
padded_benes_16x16,default,7-8-3-11-10-13-1-12-5-6-2-0-4-9,9,6,routed,,2048.035376,34,20,9.757606,5.949535,3.808071,1229.000000,819.035376,3.491535,2.606031,14,physical,2,42
padded_benes_16x16,default,7-8-3-11-10-13-1-12-5-6-2-0-4-9,10,2,routed,,2812.721210,43,26,11.448930,5.570488,5.878442,1281.000000,1531.721210,3.008488,2.985207,14,physical,2,42
padded_benes_16x16,default,7-8-3-11-10-13-1-12-5-6-2-0-4-9,11,0,failed,"cannot route padded_benes_16x16_s3_w4_12.th to padded_benes_16x16_s4_w0_4.add on physical grid: A* pop limit exceeded; soft_repeat=I0/repeated_crossing pair=I0-I11 at=(464.000,349.000) source=I11->I0@(475.000,341.000):(475.000,341.000)->(475.000,349.000)x(464.000,341.000)->(560.000,341.000) counters=port_access:160,window:252,same_net:1642,crossing_candidate:191,crossing_budget:0,hard_reserved_crossing:0,soft_repeated_crossing:1385,soft_reserved_crossing:0,reserved_spacing:90,segment:3378,pops:8001,max_heap:359",,,,,6.272582,,1149.000000,,3.974582,1.023076,14,physical,2,42
padded_benes_16x16,default,7-8-3-11-10-13-1-12-5-6-2-0-4-9,12,4,failed,"cannot route padded_benes_16x16_s4_w3_7.drop to padded_benes_16x16_s5_w5_7.add on physical grid: blocked by route window; soft_repeat=I0/repeated_crossing pair=I0-I12 at=(475.000,341.000) source=I12->I0@(535.000,341.000):(535.000,205.000)->(535.000,356.000)x(464.000,341.000)->(560.000,341.000) counters=port_access:0,window:43,same_net:94,crossing_candidate:0,crossing_budget:0,hard_reserved_crossing:0,soft_repeated_crossing:33,soft_reserved_crossing:0,reserved_spacing:0,segment:137,pops:295,max_heap:44",,,,,6.456582,,1241.000000,,3.974582,1.838949,14,physical,2,42
padded_benes_16x16,default,7-8-3-11-10-13-1-12-5-6-2-0-4-9,13,9,routed,,2459.159265,40,25,11.592900,6.680582,4.912319,1353.000000,1106.159265,3.974582,1.271122,14,physical,2,42
waksman_14x14,default,8-12-7-6-13-11-5-2-9-3-4-0-1-10,0,8,routed,,1872.181394,33,10,8.661180,5.993818,2.667363,1121.000000,751.181394,3.751818,0.631459,14,physical,0,42
waksman_14x14,default,8-12-7-6-13-11-5-2-9-3-4-0-1-10,1,12,failed,"cannot route waksman_14x14_s2_w0_4.drop to waksman_14x14_s3_w4_12.in on physical grid: blocked by port access (port_access_overlap_foreign); candidate=(376.000,248.000)->(370.000,248.000) region=I8/waksman_14x14_s3_w2_10.drop:(384.000,248.000)->(370.000,248.000); soft_repeat=I0/repeated_crossing pair=I0-I1 at=(248.000,288.000) source=I1->I0@(55.000,432.000):(20.000,432.000)->(115.000,432.000)x(55.000,446.000)->(55.000,400.000) counters=port_access:72,window:654,same_net:1094,crossing_candidate:126,crossing_budget:0,hard_reserved_crossing:0,soft_repeated_crossing:398,soft_reserved_crossing:0,reserved_spacing:104,segment:1514,pops:6023,max_heap:216",,,,,4.362196,,1011.000000,,2.340196,4.199852,14,physical,0,42
waksman_14x14,default,8-12-7-6-13-11-5-2-9-3-4-0-1-10,2,7,failed,"cannot route waksman_14x14_s4_w2_6.drop to waksman_14x14_s5_w4_6.add on physical grid: blocked by port access (port_access_overlap_foreign); candidate=(485.000,284.000)->(475.000,284.000) region=I6/waksman_14x14_s4_w3_7.drop:(489.000,284.000)->(475.000,284.000); soft_repeat=I6/repeated_crossing pair=I2-I6 at=(464.000,320.000) source=I2->I6@(265.000,341.000):(265.000,349.000)->(265.000,328.000)x(256.000,341.000)->(440.000,341.000) counters=port_access:4,window:14,same_net:31,crossing_candidate:1,crossing_budget:0,hard_reserved_crossing:0,soft_repeated_crossing:18,soft_reserved_crossing:0,reserved_spacing:0,segment:71,pops:78,max_heap:13",,,,,4.767441,,1121.000000,,2.525441,6.292681,14,physical,0,42
waksman_14x14,default,8-12-7-6-13-11-5-2-9-3-4-0-1-10,3,6,failed,"cannot route waksman_14x14_s4_w1_5.drop to waksman_14x14_s5_w5_7.in on physical grid: blocked by route window; soft_repeat=I6/repeated_crossing pair=I3-I6 at=(475.000,341.000) source=I3->I6@(338.000,341.000):(338.000,364.000)->(338.000,292.000)x(256.000,341.000)->(440.000,341.000) counters=port_access:0,window:2,same_net:83,crossing_candidate:3,crossing_budget:0,hard_reserved_crossing:0,soft_repeated_crossing:32,soft_reserved_crossing:0,reserved_spacing:4,segment:131,pops:134,max_heap:14",,,,,5.621535,,1065.000000,,3.491535,2.523839,14,physical,0,42
waksman_14x14,default,8-12-7-6-13-11-5-2-9-3-4-0-1-10,4,13,failed,"cannot route waksman_14x14_s2_w1_5.drop to waksman_14x14_s3_w5_13.in on physical grid: blocked by port access (port_access_overlap_foreign); candidate=(315.000,400.000)->(304.000,400.000) region=I5/waksman_14x14_s2_w0_4.th:(311.000,400.000)->(325.000,400.000); soft_repeat=I5/repeated_crossing pair=I4-I5 at=(256.000,377.000) source=I4->I5@(55.000,288.000):(55.000,302.000)->(55.000,256.000)x(20.000,288.000)->(115.000,288.000) counters=port_access:26,window:503,same_net:760,crossing_candidate:41,crossing_budget:0,hard_reserved_crossing:0,soft_repeated_crossing:260,soft_reserved_crossing:0,reserved_spacing:86,segment:928,pops:4212,max_heap:233",,,,,4.095149,,1119.000000,,1.857149,6.149211,14,physical,0,42
waksman_14x14,default,8-12-7-6-13-11-5-2-9-3-4-0-1-10,5,11,routed,,1866.035376,34,14,9.053888,6.065818,2.988071,1157.000000,709.035376,3.751818,0.849812,14,physical,0,42
waksman_14x14,default,8-12-7-6-13-11-5-2-9-3-4-0-1-10,6,5,routed,,2310.181394,33,12,8.288040,4.232677,4.055363,965.000000,1345.181394,2.302677,6.192631,14,physical,0,42
waksman_14x14,default,8-12-7-6-13-11-5-2-9-3-4-0-1-10,7,2,failed,"cannot route waksman_14x14_s4_w2_6.th to waksman_14x14_s5_w0_2.add on physical grid; soft_repeat=I6/repeated_crossing pair=I6-I7 at=(535.000,341.000) source=I7->I6@(55.000,216.000):(20.000,216.000)->(115.000,216.000)x(55.000,230.000)->(55.000,205.000) counters=port_access:0,window:0,same_net:22,crossing_candidate:0,crossing_budget:0,hard_reserved_crossing:0,soft_repeated_crossing:3,soft_reserved_crossing:0,reserved_spacing:0,segment:23,pops:29,max_heap:4",,,,,4.352677,,1025.000000,,2.302677,5.610464,14,physical,0,42
waksman_14x14,default,8-12-7-6-13-11-5-2-9-3-4-0-1-10,8,9,routed,,1707.349541,25,19,8.002659,4.596960,3.405699,1017.000000,690.349541,2.562960,5.067260,14,physical,0,42
waksman_14x14,default,8-12-7-6-13-11-5-2-9-3-4-0-1-10,9,3,routed,,2225.743339,36,18,9.923021,5.885535,4.037487,1197.000000,1028.743339,3.491535,1.862885,14,physical,0,42
waksman_14x14,default,8-12-7-6-13-11-5-2-9-3-4-0-1-10,10,4,failed,"cannot route waksman_14x14_s3_w0_8.th to waksman_14x14_s4_w0_4.in on physical grid; soft_repeat=I6/repeated_crossing pair=I6-I10 at=(430.000,341.000) source=I10->I6@(352.000,341.000):(352.000,112.000)->(352.000,360.000)x(256.000,341.000)->(440.000,341.000) counters=port_access:0,window:0,same_net:9,crossing_candidate:0,crossing_budget:0,hard_reserved_crossing:0,soft_repeated_crossing:2,soft_reserved_crossing:0,reserved_spacing:0,segment:13,pops:11,max_heap:3",,,,,5.370488,,1181.000000,,3.008488,3.438262,14,physical,0,42
waksman_14x14,default,8-12-7-6-13-11-5-2-9-3-4-0-1-10,11,0,failed,"cannot route waksman_14x14_s1_w9_11.drop to waksman_14x14_s3_w3_11.add on physical grid: A* pop limit exceeded; soft_repeat=I0/repeated_crossing pair=I0-I11 at=(338.000,227.000) source=I11->I0@(344.000,220.000):(344.000,216.000)->(344.000,227.000)x(338.000,220.000)->(370.000,220.000) counters=port_access:65,window:356,same_net:899,crossing_candidate:117,crossing_budget:0,hard_reserved_crossing:0,soft_repeated_crossing:616,soft_reserved_crossing:0,reserved_spacing:201,segment:2491,pops:8001,max_heap:670",,,,,5.035724,,1125.000000,,2.785724,4.837794,14,physical,0,42
waksman_14x14,default,8-12-7-6-13-11-5-2-9-3-4-0-1-10,12,1,routed,,1915.057504,27,19,8.650839,5.115724,3.535115,1165.000000,750.057504,2.785724,4.607808,14,physical,0,42
waksman_14x14,default,8-12-7-6-13-11-5-2-9-3-4-0-1-10,13,10,routed,,2150.911486,28,22,9.204783,5.060960,4.143823,1249.000000,901.911486,2.562960,4.702705,14,physical,0,42
waksman_14x14,default,2-5-7-9-6-11-4-12-8-10-3-1-13-0,0,2,routed,,1507.641578,23,10,7.138771,4.970488,2.168283,981.000000,526.641578,3.008488,3.824237,14,physical,1,42
waksman_14x14,default,2-5-7-9-6-11-4-12-8-10-3-1-13-0,1,5,failed,"cannot route waksman_14x14_s4_w0_4.drop to waksman_14x14_s5_w4_6.in on physical grid; soft_repeat=I4/repeated_crossing pair=I1-I4 at=(464.000,371.000) source=I1->I4@(265.000,413.000):(265.000,436.000)->(265.000,400.000)x(256.000,413.000)->(344.000,413.000) counters=port_access:0,window:0,same_net:17,crossing_candidate:3,crossing_budget:0,hard_reserved_crossing:0,soft_repeated_crossing:3,soft_reserved_crossing:0,reserved_spacing:0,segment:10,pops:14,max_heap:3",,,,,5.042488,,1017.000000,,3.008488,3.972205,14,physical,1,42
waksman_14x14,default,2-5-7-9-6-11-4-12-8-10-3-1-13-0,2,7,failed,"cannot route waksman_14x14_s4_w2_6.drop to waksman_14x14_s5_w4_6.add on physical grid counters=port_access:0,window:0,same_net:9,crossing_candidate:0,crossing_budget:0,hard_reserved_crossing:0,soft_repeated_crossing:0,soft_reserved_crossing:0,reserved_spacing:0,segment:9,pops:8,max_heap:2",,,,,4.352677,,1025.000000,,2.302677,6.796042,14,physical,1,42
waksman_14x14,default,2-5-7-9-6-11-4-12-8-10-3-1-13-0,3,9,failed,"cannot route waksman_14x14_s3_w3_11.drop to waksman_14x14_s5_w9_11.add on physical grid: blocked by port access (port_access_overlap_foreign); candidate=(380.000,184.000)->(376.000,184.000) region=I7/waksman_14x14_s3_w4_12.in:(384.000,184.000)->(370.000,184.000); soft_repeat=I4/repeated_crossing pair=I3-I4 at=(344.000,212.000) source=I3->I4@(256.000,288.000):(210.000,288.000)->(265.000,288.000)x(256.000,256.000)->(256.000,341.000) counters=port_access:8,window:8,same_net:16,crossing_candidate:4,crossing_budget:0,hard_reserved_crossing:0,soft_repeated_crossing:13,soft_reserved_crossing:0,reserved_spacing:1,segment:45,pops:46,max_heap:5",,,,,4.584677,,1141.000000,,2.302677,5.527765,14,physical,1,42
waksman_14x14,default,2-5-7-9-6-11-4-12-8-10-3-1-13-0,4,6,routed,,2543.889357,35,19,10.171267,5.898488,4.272779,1445.000000,1098.889357,3.008488,2.868346,14,physical,1,42
waksman_14x14,default,2-5-7-9-6-11-4-12-8-10-3-1-13-0,5,11,failed,"cannot route waksman_14x14_s2_w2_6.th to waksman_14x14_s3_w2_10.in on physical grid: blocked by port access (port_access_overlap_foreign); candidate=(376.000,320.000)->(370.000,320.000) region=I8/waksman_14x14_s3_w0_8.drop:(384.000,320.000)->(370.000,320.000); soft_repeat=I0/repeated_crossing pair=I0-I5 at=(338.000,328.000) source=I5->I0@(360.000,292.000):(360.000,277.000)->(360.000,299.000)x(338.000,292.000)->(370.000,292.000) counters=port_access:26,window:85,same_net:94,crossing_candidate:30,crossing_budget:0,hard_reserved_crossing:0,soft_repeated_crossing:70,soft_reserved_crossing:0,reserved_spacing:13,segment:300,pops:831,max_heap:83",,,,,5.873818,,1061.000000,,3.751818,0.682062,14,physical,1,42
waksman_14x14,default,2-5-7-9-6-11-4-12-8-10-3-1-13-0,6,4,failed,"cannot route waksman_14x14_s4_w3_7.drop to waksman_14x14_s5_w5_7.add on physical grid: blocked by route window; soft_repeat=I8/repeated_crossing pair=I6-I8 at=(485.000,341.000) source=I6->I8@(456.000,341.000):(456.000,360.000)->(456.000,263.000)x(360.000,341.000)->(544.000,341.000) counters=port_access:0,window:10,same_net:67,crossing_candidate:0,crossing_budget:0,hard_reserved_crossing:0,soft_repeated_crossing:4,soft_reserved_crossing:0,reserved_spacing:4,segment:59,pops:87,max_heap:11",,,,,4.683724,,949.000000,,2.785724,4.427851,14,physical,1,42
waksman_14x14,default,2-5-7-9-6-11-4-12-8-10-3-1-13-0,7,12,routed,,1987.495559,24,16,8.035187,4.610196,3.424991,1135.000000,852.495559,2.340196,4.038557,14,physical,1,42
waksman_14x14,default,2-5-7-9-6-11-4-12-8-10-3-1-13-0,8,8,routed,,1580.517688,17,13,5.882619,3.642584,2.240035,1153.000000,427.517688,1.336584,14.391302,14,physical,1,42
waksman_14x14,default,2-5-7-9-6-11-4-12-8-10-3-1-13-0,9,10,routed,,2142.911486,28,16,8.328500,4.792677,3.535823,1245.000000,897.911486,2.302677,6.548285,14,physical,1,42
waksman_14x14,default,2-5-7-9-6-11-4-12-8-10-3-1-13-0,10,3,failed,"cannot route waksman_14x14_s1_w8_10.drop to waksman_14x14_s3_w2_10.add on physical grid: A* pop limit exceeded; soft_repeat=I4/repeated_crossing pair=I4-I10 at=(256.000,263.000) source=I10->I4@(240.000,256.000):(240.000,256.000)->(240.000,263.000)x(220.000,256.000)->(256.000,256.000) counters=port_access:113,window:662,same_net:1188,crossing_candidate:139,crossing_budget:0,hard_reserved_crossing:0,soft_repeated_crossing:648,soft_reserved_crossing:0,reserved_spacing:251,segment:2380,pops:8001,max_heap:524",,,,,4.576677,,1137.000000,,2.302677,6.866198,14,physical,1,42
waksman_14x14,default,2-5-7-9-6-11-4-12-8-10-3-1-13-0,11,1,routed,,2210.035376,34,13,8.192748,4.584677,3.608071,1141.000000,1069.035376,2.302677,5.916576,14,physical,1,42
waksman_14x14,default,2-5-7-9-6-11-4-12-8-10-3-1-13-0,12,13,routed,,1680.517688,17,11,5.697374,2.997339,2.700035,923.000000,757.517688,1.151339,9.590446,14,physical,1,42
waksman_14x14,default,2-5-7-9-6-11-4-12-8-10-3-1-13-0,13,0,failed,"cannot route waksman_14x14_s0_w12_13.th to waksman_14x14_s2_w8_12.add on physical grid: A* pop limit exceeded; soft_repeat=I7/repeated_crossing pair=I7-I13 at=(344.000,36.000) source=I13->I7@(336.000,43.000):(336.000,43.000)->(344.000,43.000)x(336.000,176.000)->(336.000,36.000) counters=port_access:38,window:485,same_net:962,crossing_candidate:52,crossing_budget:0,hard_reserved_crossing:0,soft_repeated_crossing:422,soft_reserved_crossing:0,reserved_spacing:127,segment:1877,pops:8001,max_heap:373",,,,,5.115724,,1165.000000,,2.785724,3.784802,14,physical,1,42
waksman_14x14,default,7-8-3-11-10-13-1-12-5-6-2-0-4-9,0,7,failed,"cannot route waksman_14x14_s4_w0_4.drop to waksman_14x14_s5_w4_6.in on physical grid: blocked by port access (port_access_overlap_foreign); candidate=(485.000,328.000)->(475.000,328.000) region=I8/waksman_14x14_s4_w2_6.in:(489.000,328.000)->(475.000,328.000); soft_repeat=I13/repeated_crossing pair=I0-I13 at=(464.000,341.000) source=I0->I13@(370.000,341.000):(370.000,400.000)->(370.000,328.000)x(360.000,341.000)->(552.000,341.000) counters=port_access:6,window:0,same_net:73,crossing_candidate:0,crossing_budget:0,hard_reserved_crossing:0,soft_repeated_crossing:9,soft_reserved_crossing:0,reserved_spacing:2,segment:52,pops:99,max_heap:24",,,,,5.098488,,1045.000000,,3.008488,5.185570,14,physical,2,42
waksman_14x14,default,7-8-3-11-10-13-1-12-5-6-2-0-4-9,1,8,routed,,1798.327412,32,14,7.459332,4.512677,2.946655,1105.000000,693.327412,2.302677,6.523970,14,physical,2,42
waksman_14x14,default,7-8-3-11-10-13-1-12-5-6-2-0-4-9,2,3,routed,,2070.181394,33,22,9.291087,4.931724,4.359363,1073.000000,997.181394,2.785724,4.773205,14,physical,2,42
waksman_14x14,default,7-8-3-11-10-13-1-12-5-6-2-0-4-9,3,11,failed,"cannot route waksman_14x14_s1_w1_3.drop to waksman_14x14_s2_w3_7.in on physical grid: blocked by port access (port_access_overlap_foreign); candidate=(170.000,400.000)->(160.000,400.000) region=I1/waksman_14x14_s1_w1_3.in:(174.000,400.000)->(160.000,400.000); soft_repeat=I1/repeated_crossing pair=I1-I3 at=(136.000,407.000) source=I3->I1@(144.000,400.000):(144.000,400.000)->(144.000,407.000)x(136.000,400.000)->(160.000,400.000) counters=port_access:14,window:215,same_net:166,crossing_candidate:17,crossing_budget:0,hard_reserved_crossing:0,soft_repeated_crossing:101,soft_reserved_crossing:0,reserved_spacing:19,segment:411,pops:1189,max_heap:95",,,,,4.077630,,1129.000000,,1.819630,8.622906,14,physical,2,42
waksman_14x14,default,7-8-3-11-10-13-1-12-5-6-2-0-4-9,4,10,routed,,2012.181394,33,28,9.775087,4.843724,4.931363,1029.000000,983.181394,2.785724,3.810167,14,physical,2,42
waksman_14x14,default,7-8-3-11-10-13-1-12-5-6-2-0-4-9,5,13,routed,,2234.619449,30,32,9.193341,3.644103,5.549239,1135.000000,1099.619449,1.374103,9.380771,14,physical,2,42
waksman_14x14,default,7-8-3-11-10-13-1-12-5-6-2-0-4-9,6,1,routed,,2369.305284,39,28,10.519335,4.811724,5.707611,1013.000000,1356.305284,2.785724,4.383699,14,physical,2,42
waksman_14x14,default,7-8-3-11-10-13-1-12-5-6-2-0-4-9,7,12,routed,,1865.495559,24,22,8.391187,4.610196,3.780991,1135.000000,730.495559,2.340196,4.180324,14,physical,2,42
waksman_14x14,default,7-8-3-11-10-13-1-12-5-6-2-0-4-9,8,5,routed,,2340.137137,47,22,10.867092,5.753818,5.113274,1001.000000,1339.137137,3.751818,1.570612,14,physical,2,42
waksman_14x14,default,7-8-3-11-10-13-1-12-5-6-2-0-4-9,9,6,routed,,2102.035376,34,20,9.642842,5.422771,4.220071,1077.000000,1025.035376,3.268771,2.549480,14,physical,2,42
waksman_14x14,default,7-8-3-11-10-13-1-12-5-6-2-0-4-9,10,2,failed,"cannot route waksman_14x14_s2_w9_13.th to waksman_14x14_s3_w1_9.add on physical grid: A* pop limit exceeded; soft_repeat=I1/repeated_crossing pair=I1-I10 at=(376.000,216.000) source=I10->I1@(360.000,205.000):(360.000,205.000)->(370.000,205.000)x(360.000,216.000)->(360.000,191.000) counters=port_access:92,window:770,same_net:990,crossing_candidate:26,crossing_budget:0,hard_reserved_crossing:0,soft_repeated_crossing:1072,soft_reserved_crossing:0,reserved_spacing:186,segment:3622,pops:8001,max_heap:281",,,,,6.216582,,1121.000000,,3.974582,0.560122,14,physical,2,42
waksman_14x14,default,7-8-3-11-10-13-1-12-5-6-2-0-4-9,11,0,failed,"cannot route waksman_14x14_s4_w0_4.th to waksman_14x14_s5_w0_2.in on physical grid counters=port_access:0,window:0,same_net:9,crossing_candidate:0,crossing_budget:0,hard_reserved_crossing:0,soft_repeated_crossing:0,soft_reserved_crossing:0,reserved_spacing:0,segment:1,pops:4,max_heap:1",,,,,6.272582,,1149.000000,,3.974582,0.299976,14,physical,2,42
waksman_14x14,default,7-8-3-11-10-13-1-12-5-6-2-0-4-9,12,4,failed,"cannot route waksman_14x14_s4_w1_5.drop to waksman_14x14_s5_w5_7.in on physical grid: blocked by port access (port_access_overlap_foreign); candidate=(485.000,328.000)->(475.000,328.000) region=I8/waksman_14x14_s4_w2_6.in:(489.000,328.000)->(475.000,328.000); soft_repeat=I8/repeated_crossing pair=I8-I12 at=(464.000,328.000) source=I12->I8@(256.000,125.000):(256.000,68.000)->(256.000,133.000)x(160.000,125.000)->(456.000,125.000) counters=port_access:4,window:24,same_net:69,crossing_candidate:0,crossing_budget:0,hard_reserved_crossing:0,soft_repeated_crossing:13,soft_reserved_crossing:0,reserved_spacing:14,segment:105,pops:234,max_heap:26",,,,,5.307724,,1261.000000,,2.785724,3.739464,14,physical,2,42
waksman_14x14,default,7-8-3-11-10-13-1-12-5-6-2-0-4-9,13,9,routed,,1889.787596,22,20,8.452535,5.052960,3.399575,1245.000000,644.787596,2.562960,3.923941,14,physical,2,42
spanke_benes_14x14,default,8-12-7-6-13-11-5-2-9-3-4-0-1-10,0,8,routed,,4916.924733,69,27,20.530211,13.769361,6.760849,3059.000000,1857.924733,7.651361,-8.014059,14,physical,0,42
spanke_benes_14x14,default,8-12-7-6-13-11-5-2-9-3-4-0-1-10,1,12,routed,,4734.778714,70,16,19.851767,14.502210,5.349557,3035.000000,1699.778714,8.432210,-11.409124,14,physical,0,42
spanke_benes_14x14,default,8-12-7-6-13-11-5-2-9-3-4-0-1-10,2,7,routed,,5013.216769,67,26,21.095842,14.284408,6.811434,3075.000000,1938.216769,8.134408,-8.799843,14,physical,0,42
spanke_benes_14x14,default,8-12-7-6-13-11-5-2-9-3-4-0-1-10,3,6,routed,,4347.699082,50,20,18.634279,13.550880,5.083398,2931.000000,1416.699082,7.688880,-7.405787,14,physical,0,42
spanke_benes_14x14,default,8-12-7-6-13-11-5-2-9-3-4-0-1-10,4,13,routed,,4080.721210,43,10,15.951503,12.421061,3.530442,2923.000000,1157.721210,6.575061,-8.973013,14,physical,0,42
spanke_benes_14x14,default,8-12-7-6-13-11-5-2-9-3-4-0-1-10,5,11,routed,,4253.407045,52,11,17.147685,13.182871,3.964814,2951.000000,1302.407045,7.280871,-8.857029,14,physical,0,42
spanke_benes_14x14,default,8-12-7-6-13-11-5-2-9-3-4-0-1-10,6,5,routed,,4620.822972,56,18,19.976620,14.692974,5.283646,3019.000000,1601.822972,8.654974,-8.972228,14,physical,0,42
spanke_benes_14x14,default,8-12-7-6-13-11-5-2-9-3-4-0-1-10,7,2,routed,,4082.283155,46,16,17.460683,13.184116,4.276566,2859.000000,1223.283155,7.466116,-6.115831,14,physical,0,42
spanke_benes_14x14,default,8-12-7-6-13-11-5-2-9-3-4-0-1-10,8,9,routed,,4183.159265,40,16,15.775286,11.454967,4.320319,2923.000000,1260.159265,5.608967,-4.453032,14,physical,0,42
spanke_benes_14x14,default,8-12-7-6-13-11-5-2-9-3-4-0-1-10,9,3,routed,,4854.924733,69,19,20.126777,14.297927,5.828849,3063.000000,1791.924733,8.171927,-6.973653,14,physical,0,42
spanke_benes_14x14,default,8-12-7-6-13-11-5-2-9-3-4-0-1-10,10,4,routed,,4533.946861,62,15,18.604293,13.740399,4.863894,3007.000000,1526.946861,7.726399,-5.875618,14,physical,0,42
spanke_benes_14x14,default,8-12-7-6-13-11-5-2-9-3-4-0-1-10,11,0,routed,,4213.654825,64,11,18.056756,14.015446,4.041310,2903.000000,1310.654825,8.209446,-5.881639,14,physical,0,42
spanke_benes_14x14,default,8-12-7-6-13-11-5-2-9-3-4-0-1-10,12,1,failed,capped rip-up hop exhausted bounded candidates before A*: deterministic hop candidate has multiple crossings on one segment,,,,,14.502210,,3035.000000,,8.432210,-5.686897,14,physical,0,42
spanke_benes_14x14,default,8-12-7-6-13-11-5-2-9-3-4-0-1-10,13,10,routed,,3286.371669,18,5,9.502940,7.850196,1.652743,2755.000000,531.371669,2.340196,6.925556,14,physical,0,42
spanke_benes_14x14,default,2-5-7-9-6-11-4-12-8-10-3-1-13-0,0,2,routed,,3192.809725,15,26,13.145408,9.242789,3.902619,2579.000000,613.809725,4.084789,5.089008,14,physical,1,42
spanke_benes_14x14,default,2-5-7-9-6-11-4-12-8-10-3-1-13-0,1,5,routed,,5684.486678,72,38,22.139203,13.072230,9.066973,3231.000000,2453.486678,6.610230,-3.249594,14,physical,1,42
spanke_benes_14x14,default,2-5-7-9-6-11-4-12-8-10-3-1-13-0,2,7,routed,,5287.362788,66,31,20.429711,12.718985,7.710726,3147.000000,2140.362788,6.424985,-4.923234,14,physical,1,42
spanke_benes_14x14,default,2-5-7-9-6-11-4-12-8-10-3-1-13-0,3,9,routed,,4896.530935,58,24,18.722802,12.365740,6.357062,3063.000000,1833.530935,6.239740,-6.069483,14,physical,1,42
spanke_benes_14x14,default,2-5-7-9-6-11-4-12-8-10-3-1-13-0,4,6,routed,,5190.238898,60,28,20.165746,12.923268,7.242478,3119.000000,2071.238898,6.685268,-5.749660,14,physical,1,42
spanke_benes_14x14,default,2-5-7-9-6-11-4-12-8-10-3-1-13-0,5,11,routed,,4290.283155,46,16,15.759251,11.250684,4.508566,2951.000000,1339.283155,5.348684,-5.504509,14,physical,1,42
spanke_benes_14x14,default,2-5-7-9-6-11-4-12-8-10-3-1-13-0,6,4,routed,,5103.654825,64,26,20.778671,13.889361,6.889310,3119.000000,1984.654825,7.651361,-7.549317,14,physical,1,42
spanke_benes_14x14,default,2-5-7-9-6-11-4-12-8-10-3-1-13-0,7,12,routed,,3886.327412,32,11,13.230000,9.931346,3.298655,2867.000000,1019.327412,4.197346,-3.894451,14,physical,1,42
spanke_benes_14x14,default,2-5-7-9-6-11-4-12-8-10-3-1-13-0,8,8,routed,,4330.867229,42,16,15.820419,11.250684,4.569734,2951.000000,1379.867229,5.348684,-4.090139,14,physical,1,42
spanke_benes_14x14,default,2-5-7-9-6-11-4-12-8-10-3-1-13-0,9,10,routed,,3882.327412,32,11,13.222000,9.931346,3.290655,2867.000000,1015.327412,4.197346,-2.429278,14,physical,1,42
spanke_benes_14x14,default,2-5-7-9-6-11-4-12-8-10-3-1-13-0,10,3,routed,,4710.486678,72,17,19.913183,14.502210,5.410973,3035.000000,1675.486678,8.432210,-8.363589,14,physical,1,42
spanke_benes_14x14,default,2-5-7-9-6-11-4-12-8-10-3-1-13-0,11,1,routed,,4313.070751,68,14,19.058634,14.530493,4.528142,2919.000000,1394.070751,8.692493,-8.234626,14,physical,1,42
spanke_benes_14x14,default,2-5-7-9-6-11-4-12-8-10-3-1-13-0,12,13,routed,,3039.539816,10,3,7.357654,6.326575,1.031080,2699.000000,340.539816,0.928575,6.556389,14,physical,1,42
spanke_benes_14x14,default,2-5-7-9-6-11-4-12-8-10-3-1-13-0,13,0,routed,,4348.968990,55,13,19.448478,15.157540,4.290938,2991.000000,1357.968990,9.175540,-8.753678,14,physical,1,42
spanke_benes_14x14,default,7-8-3-11-10-13-1-12-5-6-2-0-4-9,0,7,routed,,5057.216769,67,29,20.740512,13.565079,7.175434,3087.000000,1970.216769,7.391079,-6.558316,14,physical,2,42
spanke_benes_14x14,default,7-8-3-11-10-13-1-12-5-6-2-0-4-9,1,8,routed,,5282.778714,70,29,21.206636,13.685079,7.521557,3147.000000,2135.778714,7.391079,-7.378951,14,physical,2,42
spanke_benes_14x14,default,7-8-3-11-10-13-1-12-5-6-2-0-4-9,2,3,routed,,4727.699082,50,31,19.230383,12.366985,6.863398,2971.000000,1756.699082,6.424985,-4.411655,14,physical,2,42
spanke_benes_14x14,default,7-8-3-11-10-13-1-12-5-6-2-0-4-9,3,11,routed,,4612.530935,58,18,18.075368,12.774306,5.301062,3007.000000,1605.530935,6.760306,-7.846161,14,physical,2,42
spanke_benes_14x14,default,7-8-3-11-10-13-1-12-5-6-2-0-4-9,4,10,routed,,4596.822972,56,18,18.033952,12.774306,5.259646,3007.000000,1589.822972,6.760306,-7.208538,14,physical,2,42
spanke_benes_14x14,default,7-8-3-11-10-13-1-12-5-6-2-0-4-9,5,13,routed,,3985.305284,39,10,15.034860,11.659250,3.375611,2895.000000,1090.305284,5.869250,-7.706072,14,physical,2,42
spanke_benes_14x14,default,7-8-3-11-10-13-1-12-5-6-2-0-4-9,6,1,routed,,4195.699082,50,23,17.664185,12.408787,5.255398,2843.000000,1352.699082,6.722787,-5.975107,14,physical,2,42
spanke_benes_14x14,default,7-8-3-11-10-13-1-12-5-6-2-0-4-9,7,12,routed,,3811.743339,36,9,13.866926,10.897439,2.969487,2867.000000,944.743339,5.163439,-5.628415,14,physical,2,42
spanke_benes_14x14,default,7-8-3-11-10-13-1-12-5-6-2-0-4-9,8,5,routed,,4664.676953,57,19,18.980470,13.536116,5.444354,3035.000000,1629.676953,7.466116,-7.143354,14,physical,2,42
spanke_benes_14x14,default,7-8-3-11-10-13-1-12-5-6-2-0-4-9,9,6,routed,,4363.991118,48,15,17.488571,12.978589,4.509982,2979.000000,1384.991118,7.020589,-6.170348,14,physical,2,42
spanke_benes_14x14,default,7-8-3-11-10-13-1-12-5-6-2-0-4-9,10,2,routed,,4860.194641,74,20,20.262316,14.297927,5.964389,3063.000000,1797.194641,8.171927,-7.226026,14,physical,2,42
spanke_benes_14x14,default,7-8-3-11-10-13-1-12-5-6-2-0-4-9,11,0,routed,,4274.924733,69,15,18.604296,14.015446,4.588849,2903.000000,1371.924733,8.209446,-6.601001,14,physical,2,42
spanke_benes_14x14,default,7-8-3-11-10-13-1-12-5-6-2-0-4-9,12,4,routed,,4298.822972,56,14,16.592424,12.216778,4.375646,2951.000000,1347.822972,6.314778,-2.962390,14,physical,2,42
spanke_benes_14x14,default,7-8-3-11-10-13-1-12-5-6-2-0-4-9,13,9,routed,,3445.787596,22,6,10.647582,8.612007,2.035575,2783.000000,662.787596,3.046007,3.712443,14,physical,2,42
padded_benes_16x16,default,8-13-7-6-14-12-5-2-9-3-4-11-0-1-10,0,8,routed,,1635.349541,25,21,7.538094,4.156394,3.381699,1057.000000,578.349541,2.042394,8.769152,15,physical,0,42
padded_benes_16x16,default,8-13-7-6-14-12-5-2-9-3-4-11-0-1-10,1,13,failed,"cannot route padded_benes_16x16_s2_w1_5.th to padded_benes_16x16_s3_w1_9.in on physical grid: blocked by port access (port_access_overlap_foreign); candidate=(323.000,400.000)->(315.000,400.000) region=I2/padded_benes_16x16_s2_w2_6.th:(311.000,400.000)->(325.000,400.000); soft_repeat=I0/repeated_crossing pair=I0-I1 at=(344.000,472.000) source=I1->I0@(48.000,526.000):(48.000,518.000)->(48.000,539.000)x(20.000,526.000)->(55.000,526.000) counters=port_access:178,window:830,same_net:873,crossing_candidate:57,crossing_budget:0,hard_reserved_crossing:0,soft_repeated_crossing:658,soft_reserved_crossing:0,reserved_spacing:112,segment:2016,pops:5715,max_heap:192",,,,,5.039441,,1257.000000,,2.525441,5.953058,15,physical,0,42
padded_benes_16x16,default,8-13-7-6-14-12-5-2-9-3-4-11-0-1-10,2,7,routed,,2129.889357,35,19,8.860220,4.767441,4.092779,1121.000000,1008.889357,2.525441,6.251652,15,physical,0,42
padded_benes_16x16,default,8-13-7-6-14-12-5-2-9-3-4-11-0-1-10,3,6,routed,,2046.619449,30,17,8.468680,4.719441,3.749239,1097.000000,949.619449,2.525441,6.345557,15,physical,0,42
padded_benes_16x16,default,8-13-7-6-14-12-5-2-9-3-4-11-0-1-10,4,14,failed,"cannot route padded_benes_16x16_s1_w5_7.drop to padded_benes_16x16_s2_w3_7.add on physical grid: blocked by port access (port_access_overlap_foreign); candidate=(210.000,356.000)->(200.000,356.000) region=I6/padded_benes_16x16_s1_w4_6.add:(206.000,356.000)->(220.000,356.000); soft_repeat=I0/repeated_crossing pair=I0-I4 at=(344.000,288.000) source=I4->I0@(344.000,277.000):(344.000,277.000)->(352.000,277.000)x(344.000,299.000)->(344.000,125.000) counters=port_access:62,window:698,same_net:1003,crossing_candidate:45,crossing_budget:0,hard_reserved_crossing:0,soft_repeated_crossing:523,soft_reserved_crossing:0,reserved_spacing:147,segment:1555,pops:4417,max_heap:147",,,,,5.949535,,1229.000000,,3.491535,2.488662,15,physical,0,42
padded_benes_16x16,default,8-13-7-6-14-12-5-2-9-3-4-11-0-1-10,5,12,failed,"cannot route padded_benes_16x16_s1_w4_6.drop to padded_benes_16x16_s2_w2_6.add on physical grid: blocked by port access (port_access_overlap_foreign); candidate=(210.000,356.000)->(200.000,356.000) region=I6/padded_benes_16x16_s1_w4_6.add:(206.000,356.000)->(220.000,356.000); soft_repeat=I0/repeated_crossing pair=I0-I5 at=(344.000,288.000) source=I5->I0@(344.000,277.000):(344.000,277.000)->(352.000,277.000)x(344.000,299.000)->(344.000,125.000) counters=port_access:55,window:461,same_net:859,crossing_candidate:39,crossing_budget:0,hard_reserved_crossing:0,soft_repeated_crossing:476,soft_reserved_crossing:0,reserved_spacing:125,segment:1420,pops:3524,max_heap:132",,,,,5.829535,,1169.000000,,3.491535,2.592408,15,physical,0,42
padded_benes_16x16,default,8-13-7-6-14-12-5-2-9-3-4-11-0-1-10,6,5,routed,,2203.057504,27,27,9.766556,5.383441,4.383115,1429.000000,774.057504,2.525441,5.723755,15,physical,0,42
padded_benes_16x16,default,8-13-7-6-14-12-5-2-9-3-4-11-0-1-10,7,2,routed,,2576.867229,42,21,10.955269,6.229535,4.725734,1369.000000,1207.867229,3.491535,2.461446,15,physical,0,42
padded_benes_16x16,default,8-13-7-6-14-12-5-2-9-3-4-11-0-1-10,8,9,failed,"cannot route padded_benes_16x16_s3_w3_11.drop to padded_benes_16x16_s4_w11_15.in on physical grid: blocked by port access (port_access_overlap_foreign); candidate=(380.000,320.000)->(376.000,320.000) region=I11/padded_benes_16x16_s3_w2_10.drop:(384.000,320.000)->(370.000,320.000); soft_repeat=I6/repeated_crossing pair=I6-I8 at=(352.000,263.000) source=I8->I6@(352.000,284.000):(352.000,284.000)->(344.000,284.000)x(352.000,485.000)->(352.000,256.000) counters=port_access:13,window:133,same_net:191,crossing_candidate:0,crossing_budget:0,hard_reserved_crossing:0,soft_repeated_crossing:48,soft_reserved_crossing:0,reserved_spacing:6,segment:257,pops:528,max_heap:48",,,,,5.954488,,1473.000000,,3.008488,2.875107,15,physical,0,42
padded_benes_16x16,default,8-13-7-6-14-12-5-2-9-3-4-11-0-1-10,9,3,failed,"cannot route padded_benes_16x16_s2_w8_12.th to padded_benes_16x16_s3_w0_8.add on physical grid: A* pop limit exceeded; soft_repeat=I2/repeated_crossing pair=I2-I9 at=(256.000,400.000) source=I9->I2@(240.000,400.000):(240.000,400.000)->(240.000,407.000)x(170.000,400.000)->(265.000,400.000) counters=port_access:80,window:484,same_net:1164,crossing_candidate:175,crossing_budget:0,hard_reserved_crossing:0,soft_repeated_crossing:688,soft_reserved_crossing:0,reserved_spacing:66,segment:3333,pops:8001,max_heap:405",,,,,5.757535,,1133.000000,,3.491535,2.408508,15,physical,0,42
padded_benes_16x16,default,8-13-7-6-14-12-5-2-9-3-4-11-0-1-10,10,4,failed,"cannot route padded_benes_16x16_s2_w9_13.th to padded_benes_16x16_s3_w1_9.add on physical grid: A* pop limit exceeded; soft_repeat=I0/repeated_crossing pair=I0-I10 at=(360.000,125.000) source=I10->I0@(344.000,148.000):(344.000,148.000)->(352.000,148.000)x(344.000,299.000)->(344.000,125.000) counters=port_access:54,window:765,same_net:1211,crossing_candidate:49,crossing_budget:0,hard_reserved_crossing:0,soft_repeated_crossing:564,soft_reserved_crossing:0,reserved_spacing:87,segment:2925,pops:8001,max_heap:426",,,,,6.400582,,1213.000000,,3.974582,0.370254,15,physical,0,42
padded_benes_16x16,default,8-13-7-6-14-12-5-2-9-3-4-11-0-1-10,11,11,routed,,2498.327412,32,25,10.182096,5.503441,4.678655,1489.000000,1009.327412,2.525441,5.114995,15,physical,0,42
padded_benes_16x16,default,8-13-7-6-14-12-5-2-9-3-4-11-0-1-10,12,0,routed,,2251.013247,41,23,10.498561,5.893535,4.605026,1201.000000,1050.013247,3.491535,3.520210,15,physical,0,42
padded_benes_16x16,default,8-13-7-6-14-12-5-2-9-3-4-11-0-1-10,13,1,routed,,2744.867229,42,29,12.091269,6.133535,5.957734,1321.000000,1423.867229,3.491535,1.921389,15,physical,0,42
padded_benes_16x16,default,8-13-7-6-14-12-5-2-9-3-4-11-0-1-10,14,10,routed,,2300.721210,43,16,10.391024,6.200582,4.190442,1113.000000,1187.721210,3.974582,1.930824,15,physical,0,42
padded_benes_16x16,default,2-12-9-7-4-6-5-10-13-8-11-3-1-14-0,0,2,routed,,1319.933614,21,17,6.487262,3.940394,2.546867,949.000000,370.933614,2.042394,9.801115,15,physical,1,42
padded_benes_16x16,default,2-12-9-7-4-6-5-10-13-8-11-3-1-14-0,1,12,failed,"cannot route padded_benes_16x16_s3_w1_9.drop to padded_benes_16x16_s4_w9_13.in on physical grid: blocked by route window; soft_repeat=I4/repeated_crossing pair=I1-I4 at=(344.000,356.000) source=I1->I4@(256.000,436.000):(244.000,436.000)->(265.000,436.000)x(256.000,428.000)->(256.000,485.000) counters=port_access:0,window:2,same_net:11,crossing_candidate:0,crossing_budget:0,hard_reserved_crossing:0,soft_repeated_crossing:4,soft_reserved_crossing:0,reserved_spacing:0,segment:14,pops:15,max_heap:5",,,,,5.490488,,1241.000000,,3.008488,4.309767,15,physical,1,42
padded_benes_16x16,default,2-12-9-7-4-6-5-10-13-8-11-3-1-14-0,2,9,routed,,2086.181394,33,16,8.945851,5.562488,3.383363,1277.000000,809.181394,3.008488,4.004952,15,physical,1,42
padded_benes_16x16,default,2-12-9-7-4-6-5-10-13-8-11-3-1-14-0,3,7,failed,"cannot route padded_benes_16x16_s6_w6_7.drop to O7 on physical grid counters=port_access:0,window:0,same_net:16,crossing_candidate:0,crossing_budget:0,hard_reserved_crossing:0,soft_repeated_crossing:0,soft_reserved_crossing:0,reserved_spacing:0,segment:10,pops:12,max_heap:2",,,,,4.268394,,1113.000000,,2.042394,8.895564,15,physical,1,42
padded_benes_16x16,default,2-12-9-7-4-6-5-10-13-8-11-3-1-14-0,4,4,routed,,2357.057504,27,21,9.474556,5.439441,4.035115,1457.000000,900.057504,2.525441,4.729369,15,physical,1,42
padded_benes_16x16,default,2-12-9-7-4-6-5-10-13-8-11-3-1-14-0,5,6,routed,,2274.911486,28,18,9.015264,5.383441,3.631823,1429.000000,845.911486,2.525441,4.600813,15,physical,1,42
padded_benes_16x16,default,2-12-9-7-4-6-5-10-13-8-11-3-1-14-0,6,5,failed,"cannot route padded_benes_16x16_s2_w2_6.drop to padded_benes_16x16_s3_w6_14.in on physical grid counters=port_access:0,window:0,same_net:10,crossing_candidate:0,crossing_budget:0,hard_reserved_crossing:0,soft_repeated_crossing:0,soft_reserved_crossing:0,reserved_spacing:0,segment:14,pops:11,max_heap:3",,,,,5.191441,,1333.000000,,2.525441,5.720006,15,physical,1,42
padded_benes_16x16,default,2-12-9-7-4-6-5-10-13-8-11-3-1-14-0,7,10,failed,"cannot route padded_benes_16x16_s1_w5_7.drop to padded_benes_16x16_s2_w3_7.add on physical grid counters=port_access:0,window:0,same_net:3,crossing_candidate:0,crossing_budget:0,hard_reserved_crossing:0,soft_repeated_crossing:0,soft_reserved_crossing:0,reserved_spacing:0,segment:1,pops:1,max_heap:1",,,,,5.570488,,1281.000000,,3.008488,3.956804,15,physical,1,42
padded_benes_16x16,default,2-12-9-7-4-6-5-10-13-8-11-3-1-14-0,8,13,failed,"cannot route padded_benes_16x16_s3_w6_14.drop to padded_benes_16x16_s4_w10_14.add on physical grid: blocked by port access (port_access_overlap_foreign); candidate=(380.000,256.000)->(376.000,256.000) region=I5/padded_benes_16x16_s3_w4_12.in:(384.000,256.000)->(370.000,256.000); soft_repeat=I4/repeated_crossing pair=I4-I8 at=(344.000,227.000) source=I8->I4@(352.000,220.000):(352.000,216.000)->(352.000,227.000)x(344.000,220.000)->(370.000,220.000) counters=port_access:4,window:130,same_net:646,crossing_candidate:30,crossing_budget:0,hard_reserved_crossing:0,soft_repeated_crossing:74,soft_reserved_crossing:0,reserved_spacing:2,segment:382,pops:1731,max_heap:182",,,,,5.685535,,1097.000000,,3.491535,3.305335,15,physical,1,42
padded_benes_16x16,default,2-12-9-7-4-6-5-10-13-8-11-3-1-14-0,9,8,routed,,2103.451302,38,18,9.205391,5.154488,4.050903,1073.000000,1030.451302,3.008488,4.299488,15,physical,1,42
padded_benes_16x16,default,2-12-9-7-4-6-5-10-13-8-11-3-1-14-0,10,11,routed,,2101.597320,37,15,8.896683,5.634488,3.262195,1313.000000,788.597320,3.008488,3.620541,15,physical,1,42
padded_benes_16x16,default,2-12-9-7-4-6-5-10-13-8-11-3-1-14-0,11,3,routed,,2957.699082,50,18,10.973886,5.698488,5.275398,1345.000000,1612.699082,3.008488,3.008483,15,physical,1,42
padded_benes_16x16,default,2-12-9-7-4-6-5-10-13-8-11-3-1-14-0,12,1,routed,,2138.429174,45,15,9.976440,6.344582,3.631858,1185.000000,953.429174,3.974582,1.824661,15,physical,1,42
padded_benes_16x16,default,2-12-9-7-4-6-5-10-13-8-11-3-1-14-0,13,14,failed,"cannot route padded_benes_16x16_s3_w3_11.drop to padded_benes_16x16_s4_w11_15.in on physical grid: blocked by port access (port_access_overlap_foreign); candidate=(380.000,256.000)->(376.000,256.000) region=I5/padded_benes_16x16_s3_w4_12.in:(384.000,256.000)->(370.000,256.000); soft_repeat=I4/repeated_crossing pair=I4-I13 at=(344.000,284.000) source=I13->I4@(440.000,220.000):(440.000,76.000)->(440.000,248.000)x(430.000,220.000)->(464.000,220.000) counters=port_access:6,window:191,same_net:315,crossing_candidate:34,crossing_budget:0,hard_reserved_crossing:0,soft_repeated_crossing:182,soft_reserved_crossing:0,reserved_spacing:10,segment:750,pops:1302,max_heap:147",,,,,6.221535,,1365.000000,,3.491535,2.549955,15,physical,1,42
padded_benes_16x16,default,2-12-9-7-4-6-5-10-13-8-11-3-1-14-0,14,0,failed,"cannot route padded_benes_16x16_s2_w9_13.th to padded_benes_16x16_s3_w1_9.add on physical grid: A* pop limit exceeded; soft_repeat=I2/repeated_crossing pair=I2-I14 at=(352.000,205.000) source=I14->I2@(352.000,191.000):(352.000,191.000)->(360.000,191.000)x(352.000,227.000)->(352.000,112.000) counters=port_access:75,window:658,same_net:1421,crossing_candidate:90,crossing_budget:0,hard_reserved_crossing:0,soft_repeated_crossing:603,soft_reserved_crossing:0,reserved_spacing:76,segment:3152,pops:8001,max_heap:537",,,,,6.400582,,1213.000000,,3.974582,1.445731,15,physical,1,42
padded_benes_16x16,default,7-8-3-11-10-14-1-13-5-6-2-0-12-4-9,0,7,routed,,1635.057504,27,14,7.813603,5.098488,2.715115,1045.000000,590.057504,3.008488,5.182183,15,physical,2,42
padded_benes_16x16,default,7-8-3-11-10-14-1-13-5-6-2-0-12-4-9,1,8,routed,,1753.203522,26,16,7.761848,4.847441,2.914407,1161.000000,592.203522,2.525441,6.089388,15,physical,2,42
padded_benes_16x16,default,7-8-3-11-10-14-1-13-5-6-2-0-12-4-9,2,3,failed,"cannot route padded_benes_16x16_s6_w2_3.drop to O3 on physical grid counters=port_access:0,window:0,same_net:16,crossing_candidate:0,crossing_budget:0,hard_reserved_crossing:0,soft_repeated_crossing:0,soft_reserved_crossing:0,reserved_spacing:0,segment:10,pops:12,max_heap:2",,,,,4.332394,,1145.000000,,2.042394,7.793661,15,physical,2,42
padded_benes_16x16,default,7-8-3-11-10-14-1-13-5-6-2-0-12-4-9,3,11,routed,,2363.743339,36,19,9.815975,5.682488,4.133487,1337.000000,1026.743339,3.008488,3.407390,15,physical,2,42
padded_benes_16x16,default,7-8-3-11-10-14-1-13-5-6-2-0-12-4-9,4,10,failed,"cannot route padded_benes_16x16_s2_w3_7.drop to padded_benes_16x16_s3_w7_15.in on physical grid: blocked by port access (port_access_overlap_foreign); candidate=(275.000,392.000)->(265.000,392.000) region=I6/padded_benes_16x16_s2_w2_6.drop:(279.000,392.000)->(265.000,392.000); soft_repeat=I1/repeated_crossing pair=I1-I4 at=(233.000,443.000) source=I4->I1@(240.000,436.000):(240.000,432.000)->(240.000,443.000)x(233.000,436.000)->(265.000,436.000) counters=port_access:10,window:131,same_net:170,crossing_candidate:10,crossing_budget:0,hard_reserved_crossing:0,soft_repeated_crossing:104,soft_reserved_crossing:0,reserved_spacing:13,segment:350,pops:793,max_heap:62",,,,,6.528582,,1277.000000,,3.974582,1.248357,15,physical,2,42
padded_benes_16x16,default,7-8-3-11-10-14-1-13-5-6-2-0-12-4-9,5,14,failed,"cannot route padded_benes_16x16_s2_w0_4.drop to padded_benes_16x16_s3_w4_12.in on physical grid: blocked by port access (port_access_overlap_foreign); candidate=(376.000,400.000)->(370.000,400.000) region=I0/padded_benes_16x16_s3_w0_8.in:(384.000,400.000)->(370.000,400.000); soft_repeat=I0/repeated_crossing pair=I0-I5 at=(232.000,508.000) source=I5->I0@(240.000,508.000):(240.000,504.000)->(240.000,512.000)x(220.000,508.000)->(265.000,508.000) counters=port_access:99,window:444,same_net:726,crossing_candidate:24,crossing_budget:0,hard_reserved_crossing:0,soft_repeated_crossing:423,soft_reserved_crossing:0,reserved_spacing:52,segment:1144,pops:3733,max_heap:180",,,,,5.626488,,1309.000000,,3.008488,3.289589,15,physical,2,42
padded_benes_16x16,default,7-8-3-11-10-14-1-13-5-6-2-0-12-4-9,6,1,routed,,2228.181394,33,17,9.329851,5.770488,3.559363,1381.000000,847.181394,3.008488,4.277724,15,physical,2,42
padded_benes_16x16,default,7-8-3-11-10-14-1-13-5-6-2-0-12-4-9,7,13,routed,,2891.159265,40,25,11.007760,5.239441,5.768319,1357.000000,1534.159265,2.525441,4.905037,15,physical,2,42
padded_benes_16x16,default,7-8-3-11-10-14-1-13-5-6-2-0-12-4-9,8,5,routed,,2529.553063,51,19,11.188688,6.344582,4.844106,1185.000000,1344.553063,3.974582,0.619003,15,physical,2,42
padded_benes_16x16,default,7-8-3-11-10-14-1-13-5-6-2-0-12-4-9,9,6,routed,,2605.159265,40,19,10.801853,6.077535,4.724319,1293.000000,1312.159265,3.491535,3.141303,15,physical,2,42
padded_benes_16x16,default,7-8-3-11-10-14-1-13-5-6-2-0-12-4-9,10,2,failed,"cannot route padded_benes_16x16_s2_w8_12.drop to padded_benes_16x16_s3_w4_12.add on physical grid: blocked by port access (port_access_overlap_foreign); candidate=(275.000,112.000)->(265.000,112.000) region=I8/padded_benes_16x16_s2_w10_14.in:(279.000,112.000)->(265.000,112.000); soft_repeat=I8/repeated_crossing pair=I8-I10 at=(265.000,119.000) source=I10->I8@(248.000,133.000):(248.000,133.000)->(248.000,125.000)x(170.000,133.000)->(265.000,133.000) counters=port_access:8,window:92,same_net:98,crossing_candidate:0,crossing_budget:0,hard_reserved_crossing:0,soft_repeated_crossing:8,soft_reserved_crossing:0,reserved_spacing:7,segment:69,pops:305,max_heap:33",,,,,6.328582,,1177.000000,,3.974582,0.485647,15,physical,2,42
padded_benes_16x16,default,7-8-3-11-10-14-1-13-5-6-2-0-12-4-9,11,0,failed,"cannot route padded_benes_16x16_s2_w9_13.th to padded_benes_16x16_s3_w1_9.add on physical grid: A* pop limit exceeded; soft_repeat=I1/repeated_crossing pair=I1-I11 at=(370.000,349.000) source=I11->I1@(376.000,341.000):(376.000,341.000)->(376.000,349.000)x(370.000,341.000)->(424.000,341.000) counters=port_access:223,window:937,same_net:1430,crossing_candidate:122,crossing_budget:0,hard_reserved_crossing:0,soft_repeated_crossing:974,soft_reserved_crossing:0,reserved_spacing:114,segment:3874,pops:8001,max_heap:421",,,,,5.306488,,1149.000000,,3.008488,3.515379,15,physical,2,42
padded_benes_16x16,default,7-8-3-11-10-14-1-13-5-6-2-0-12-4-9,12,12,routed,,1946.765467,29,19,8.463972,4.591441,3.872531,1033.000000,913.765467,2.525441,5.818674,15,physical,2,42
padded_benes_16x16,default,7-8-3-11-10-14-1-13-5-6-2-0-12-4-9,13,4,failed,"cannot route padded_benes_16x16_s2_w9_13.drop to padded_benes_16x16_s3_w5_13.add on physical grid: A* pop limit exceeded; soft_repeat=I3/repeated_crossing pair=I3-I13 at=(336.000,248.000) source=I13->I3@(336.000,227.000):(336.000,227.000)->(344.000,227.000)x(336.000,320.000)->(336.000,104.000) counters=port_access:116,window:1120,same_net:1287,crossing_candidate:53,crossing_budget:0,hard_reserved_crossing:0,soft_repeated_crossing:805,soft_reserved_crossing:0,reserved_spacing:136,segment:2904,pops:8001,max_heap:462",,,,,5.231441,,1353.000000,,2.525441,6.150038,15,physical,2,42
padded_benes_16x16,default,7-8-3-11-10-14-1-13-5-6-2-0-12-4-9,14,9,failed,"cannot route padded_benes_16x16_s2_w8_12.th to padded_benes_16x16_s3_w0_8.add on physical grid counters=port_access:0,window:0,same_net:9,crossing_candidate:0,crossing_budget:0,hard_reserved_crossing:0,soft_repeated_crossing:0,soft_reserved_crossing:0,reserved_spacing:0,segment:1,pops:4,max_heap:1",,,,,5.706488,,1349.000000,,3.008488,3.189388,15,physical,2,42
waksman_15x15,default,8-13-7-6-14-12-5-2-9-3-4-11-0-1-10,0,8,routed,,1826.473431,31,13,8.859765,5.993818,2.865947,1121.000000,705.473431,3.751818,0.800387,15,physical,0,42
waksman_15x15,default,8-13-7-6-14-12-5-2-9-3-4-11-0-1-10,1,13,failed,"cannot route waksman_15x15_s2_w0_4.drop to waksman_15x15_s3_w4_12.in on physical grid: blocked by port access (port_access_overlap_foreign); candidate=(275.000,356.000)->(265.000,356.000) region=I4/waksman_15x15_s2_w2_6.drop:(279.000,356.000)->(265.000,356.000); soft_repeat=I0/repeated_crossing pair=I0-I1 at=(240.000,341.000) source=I1->I0@(55.000,468.000):(20.000,468.000)->(115.000,468.000)x(55.000,482.000)->(55.000,436.000) counters=port_access:8,window:378,same_net:1095,crossing_candidate:86,crossing_budget:0,hard_reserved_crossing:0,soft_repeated_crossing:532,soft_reserved_crossing:0,reserved_spacing:88,segment:1794,pops:4151,max_heap:122",,,,,5.376007,,1165.000000,,3.046007,2.560263,15,physical,0,42
waksman_15x15,default,8-13-7-6-14-12-5-2-9-3-4-11-0-1-10,2,7,failed,"cannot route waksman_15x15_s1_w0_2.drop to waksman_15x15_s2_w2_6.in on physical grid: blocked by port access (port_access_overlap_foreign); candidate=(218.000,284.000)->(210.000,284.000) region=I6/waksman_15x15_s1_w5_7.add:(206.000,284.000)->(220.000,284.000); soft_repeat=I6/repeated_crossing pair=I2-I6 at=(265.000,292.000) source=I2->I6@(248.000,292.000):(248.000,292.000)->(248.000,284.000)x(240.000,292.000)->(325.000,292.000) counters=port_access:10,window:746,same_net:1180,crossing_candidate:24,crossing_budget:0,hard_reserved_crossing:0,soft_repeated_crossing:79,soft_reserved_crossing:0,reserved_spacing:307,segment:1041,pops:5477,max_heap:171",,,,,4.767441,,1121.000000,,2.525441,6.637201,15,physical,0,42
waksman_15x15,default,8-13-7-6-14-12-5-2-9-3-4-11-0-1-10,3,6,failed,"cannot route waksman_15x15_s4_w1_5.drop to waksman_15x15_s5_w5_7.in on physical grid; soft_repeat=I6/repeated_crossing pair=I3-I6 at=(485.000,377.000) source=I3->I6@(338.000,377.000):(338.000,400.000)->(338.000,328.000)x(256.000,377.000)->(352.000,377.000) counters=port_access:0,window:0,same_net:17,crossing_candidate:1,crossing_budget:0,hard_reserved_crossing:0,soft_repeated_crossing:2,soft_reserved_crossing:0,reserved_spacing:0,segment:31,pops:32,max_heap:10",,,,,5.621535,,1065.000000,,3.491535,2.364788,15,physical,0,42
waksman_15x15,default,8-13-7-6-14-12-5-2-9-3-4-11-0-1-10,4,14,routed,,2092.911486,28,13,7.482972,3.911149,3.571823,1027.000000,1065.911486,1.857149,6.670570,15,physical,0,42
waksman_15x15,default,8-13-7-6-14-12-5-2-9-3-4-11-0-1-10,5,12,failed,"cannot route waksman_15x15_s0_w4_5.drop to waksman_15x15_s1_w5_7.in on physical grid: blocked by port access (port_access_overlap_foreign); candidate=(170.000,284.000)->(160.000,284.000) region=I6/waksman_15x15_s1_w5_7.drop:(174.000,284.000)->(160.000,284.000); soft_repeat=I6/repeated_crossing pair=I5-I6 at=(144.000,245.000) source=I5->I6@(128.000,245.000):(128.000,245.000)->(128.000,241.000)x(55.000,245.000)->(220.000,245.000) counters=port_access:8,window:370,same_net:441,crossing_candidate:9,crossing_budget:0,hard_reserved_crossing:0,soft_repeated_crossing:57,soft_reserved_crossing:0,reserved_spacing:54,segment:394,pops:2520,max_heap:155",,,,,4.601913,,1261.000000,,2.079913,6.177664,15,physical,0,42
waksman_15x15,default,8-13-7-6-14-12-5-2-9-3-4-11-0-1-10,6,5,routed,,2371.597320,37,10,8.230872,4.232677,3.998195,965.000000,1406.597320,2.302677,6.180303,15,physical,0,42
waksman_15x15,default,8-13-7-6-14-12-5-2-9-3-4-11-0-1-10,7,2,failed,"cannot route waksman_15x15_s1_w4_6.th to waksman_15x15_s2_w0_4.add on physical grid counters=port_access:0,window:0,same_net:14,crossing_candidate:0,crossing_budget:0,hard_reserved_crossing:0,soft_repeated_crossing:0,soft_reserved_crossing:0,reserved_spacing:0,segment:2,pops:7,max_heap:2",,,,,5.669535,,1089.000000,,3.491535,1.973577,15,physical,0,42
waksman_15x15,default,8-13-7-6-14-12-5-2-9-3-4-11-0-1-10,8,9,failed,"cannot route waksman_15x15_s3_w2_10.drop to waksman_15x15_s5_w8_10.add on physical grid: blocked by route window; soft_repeat=I11/repeated_crossing pair=I8-I11 at=(360.000,284.000) source=I8->I11@(232.000,112.000):(232.000,161.000)->(232.000,76.000)x(226.000,112.000)->(265.000,112.000) counters=port_access:0,window:152,same_net:221,crossing_candidate:8,crossing_budget:0,hard_reserved_crossing:0,soft_repeated_crossing:47,soft_reserved_crossing:0,reserved_spacing:17,segment:416,pops:1144,max_heap:138",,,,,5.187724,,1201.000000,,2.785724,4.156155,15,physical,0,42
waksman_15x15,default,8-13-7-6-14-12-5-2-9-3-4-11-0-1-10,9,3,failed,"cannot route waksman_15x15_s3_w3_11.th to waksman_15x15_s4_w3_7.in on physical grid: blocked by route window; soft_repeat=I6/repeated_crossing pair=I6-I9 at=(485.000,292.000) source=I9->I6@(464.000,292.000):(464.000,292.000)->(464.000,305.000)x(456.000,292.000)->(535.000,292.000) counters=port_access:0,window:160,same_net:261,crossing_candidate:8,crossing_budget:0,hard_reserved_crossing:0,soft_repeated_crossing:124,soft_reserved_crossing:0,reserved_spacing:19,segment:334,pops:1521,max_heap:117",,,,,4.584677,,1141.000000,,2.302677,5.754393,15,physical,0,42
waksman_15x15,default,8-13-7-6-14-12-5-2-9-3-4-11-0-1-10,10,4,routed,,2126.181394,33,20,9.425851,5.434488,3.991363,1213.000000,913.181394,3.008488,3.265252,15,physical,0,42
waksman_15x15,default,8-13-7-6-14-12-5-2-9-3-4-11-0-1-10,11,11,routed,,2280.619449,30,17,8.713916,4.800677,3.913239,1249.000000,1031.619449,2.302677,5.745988,15,physical,0,42
waksman_15x15,default,8-13-7-6-14-12-5-2-9-3-4-11-0-1-10,12,0,failed,"cannot route waksman_15x15_s1_w12_14.drop to waksman_15x15_s2_w10_14.add on physical grid: blocked by port access (port_access_overlap_foreign); candidate=(210.000,32.000)->(200.000,32.000) region=I14/waksman_15x15_s1_w12_14.add:(206.000,32.000)->(220.000,32.000); soft_repeat=I10/repeated_crossing pair=I10-I12 at=(275.000,89.000) source=I12->I10@(256.000,97.000):(256.000,97.000)->(265.000,97.000)x(256.000,140.000)->(256.000,89.000) counters=port_access:10,window:429,same_net:274,crossing_candidate:22,crossing_budget:0,hard_reserved_crossing:0,soft_repeated_crossing:183,soft_reserved_crossing:0,reserved_spacing:48,segment:531,pops:3012,max_heap:234",,,,,5.893535,,1201.000000,,3.491535,1.919146,15,physical,0,42
waksman_15x15,default,8-13-7-6-14-12-5-2-9-3-4-11-0-1-10,13,1,routed,,2212.327412,32,19,8.787332,4.728677,4.058655,1213.000000,999.327412,2.302677,5.733765,15,physical,0,42
waksman_15x15,default,8-13-7-6-14-12-5-2-9-3-4-11-0-1-10,14,10,routed,,2160.911486,28,22,9.224783,5.144960,4.079823,1291.000000,869.911486,2.562960,3.718475,15,physical,0,42
waksman_15x15,default,2-12-9-7-4-6-5-10-13-8-11-3-1-14-0,0,2,failed,"cannot route waksman_15x15_s1_w0_2.drop to waksman_15x15_s2_w2_6.in on physical grid: blocked by port access (port_access_overlap_foreign); candidate=(218.000,292.000)->(210.000,292.000) region=I4/waksman_15x15_s1_w5_7.th:(206.000,292.000)->(220.000,292.000); soft_repeat=I4/repeated_crossing pair=I0-I4 at=(325.000,385.000) source=I0->I4@(338.000,385.000):(344.000,385.000)->(336.000,385.000)x(338.000,400.000)->(338.000,328.000) counters=port_access:25,window:647,same_net:706,crossing_candidate:52,crossing_budget:0,hard_reserved_crossing:0,soft_repeated_crossing:212,soft_reserved_crossing:0,reserved_spacing:287,segment:1008,pops:4467,max_heap:156",,,,,4.260394,,1109.000000,,2.042394,7.708423,15,physical,1,42
waksman_15x15,default,2-12-9-7-4-6-5-10-13-8-11-3-1-14-0,1,12,routed,,1884.911486,28,8,7.272783,4.924960,2.347823,1181.000000,703.911486,2.562960,4.128986,15,physical,1,42
waksman_15x15,default,2-12-9-7-4-6-5-10-13-8-11-3-1-14-0,2,9,routed,,1573.349541,25,11,7.157423,4.907724,2.249699,1061.000000,512.349541,2.785724,3.913597,15,physical,1,42
waksman_15x15,default,2-12-9-7-4-6-5-10-13-8-11-3-1-14-0,3,7,failed,"cannot route waksman_15x15_s4_w3_7.drop to waksman_15x15_s5_w5_7.add on physical grid: blocked by route window; soft_repeat=I4/repeated_crossing pair=I3-I4 at=(475.000,385.000) source=I3->I4@(256.000,324.000):(210.000,324.000)->(265.000,324.000)x(256.000,292.000)->(256.000,377.000) counters=port_access:0,window:12,same_net:65,crossing_candidate:6,crossing_budget:0,hard_reserved_crossing:0,soft_repeated_crossing:20,soft_reserved_crossing:0,reserved_spacing:6,segment:56,pops:93,max_heap:14",,,,,3.853630,,1017.000000,,1.819630,8.496799,15,physical,1,42
waksman_15x15,default,2-12-9-7-4-6-5-10-13-8-11-3-1-14-0,4,4,routed,,1713.057504,27,9,7.952650,5.797535,2.155115,1153.000000,560.057504,3.491535,1.871542,15,physical,1,42
waksman_15x15,default,2-12-9-7-4-6-5-10-13-8-11-3-1-14-0,5,6,routed,,2258.327412,32,13,8.502096,5.383441,3.118655,1429.000000,829.327412,2.525441,4.518554,15,physical,1,42
waksman_15x15,default,2-12-9-7-4-6-5-10-13-8-11-3-1-14-0,6,5,failed,"cannot route waksman_15x15_s2_w2_6.drop to waksman_15x15_s3_w6_14.in on physical grid counters=port_access:0,window:0,same_net:12,crossing_candidate:0,crossing_budget:0,hard_reserved_crossing:0,soft_repeated_crossing:0,soft_reserved_crossing:0,reserved_spacing:2,segment:16,pops:15,max_heap:3",,,,,5.191441,,1333.000000,,2.525441,6.054403,15,physical,1,42
waksman_15x15,default,2-12-9-7-4-6-5-10-13-8-11-3-1-14-0,7,10,failed,"cannot route waksman_15x15_s5_w9_11.drop to waksman_15x15_s6_w10_11.add on physical grid counters=port_access:0,window:0,same_net:4,crossing_candidate:0,crossing_budget:0,hard_reserved_crossing:0,soft_repeated_crossing:0,soft_reserved_crossing:0,reserved_spacing:0,segment:2,pops:2,max_heap:1",,,,,4.915724,,1065.000000,,2.785724,3.690758,15,physical,1,42
waksman_15x15,default,2-12-9-7-4-6-5-10-13-8-11-3-1-14-0,8,13,failed,"cannot route waksman_15x15_s2_w8_12.drop to waksman_15x15_s3_w4_12.add on physical grid: blocked by port access (port_access_overlap_foreign); candidate=(275.000,68.000)->(265.000,68.000) region=I13/waksman_15x15_s2_w10_14.drop:(279.000,68.000)->(265.000,68.000); soft_repeat=I9/repeated_crossing pair=I8-I9 at=(256.000,112.000) source=I8->I9@(48.000,202.000):(20.000,202.000)->(55.000,202.000)x(48.000,194.000)->(48.000,220.000) counters=port_access:2,window:34,same_net:36,crossing_candidate:3,crossing_budget:0,hard_reserved_crossing:0,soft_repeated_crossing:16,soft_reserved_crossing:0,reserved_spacing:11,segment:34,pops:139,max_heap:30",,,,,4.137913,,1029.000000,,2.079913,6.616493,15,physical,1,42
waksman_15x15,default,2-12-9-7-4-6-5-10-13-8-11-3-1-14-0,9,8,routed,,1981.787596,22,15,7.393206,4.333630,3.059575,1257.000000,724.787596,1.819630,9.116142,15,physical,1,42
waksman_15x15,default,2-12-9-7-4-6-5-10-13-8-11-3-1-14-0,10,11,failed,"cannot route waksman_15x15_s3_w2_10.drop to waksman_15x15_s5_w8_10.add on physical grid: blocked by route window; soft_repeat=I9/repeated_crossing pair=I9-I10 at=(360.000,284.000) source=I10->I9@(128.000,161.000):(115.000,161.000)->(220.000,161.000)x(128.000,220.000)->(128.000,148.000) counters=port_access:0,window:159,same_net:221,crossing_candidate:8,crossing_budget:0,hard_reserved_crossing:0,soft_repeated_crossing:47,soft_reserved_crossing:0,reserved_spacing:17,segment:413,pops:1151,max_heap:141",,,,,4.397630,,1289.000000,,1.819630,9.065642,15,physical,1,42
waksman_15x15,default,2-12-9-7-4-6-5-10-13-8-11-3-1-14-0,11,3,failed,"cannot route waksman_15x15_s6_w2_3.drop to O3 on physical grid counters=port_access:0,window:0,same_net:16,crossing_candidate:0,crossing_budget:0,hard_reserved_crossing:0,soft_repeated_crossing:0,soft_reserved_crossing:0,reserved_spacing:0,segment:10,pops:12,max_heap:2",,,,,4.077630,,1129.000000,,1.819630,8.751407,15,physical,1,42
waksman_15x15,default,2-12-9-7-4-6-5-10-13-8-11-3-1-14-0,12,1,routed,,2250.473431,31,12,8.641671,5.179724,3.461947,1197.000000,1053.473431,2.785724,3.703766,15,physical,1,42
waksman_15x15,default,2-12-9-7-4-6-5-10-13-8-11-3-1-14-0,13,14,routed,,1731.787596,22,8,6.230725,3.703149,2.527575,923.000000,808.787596,1.857149,6.065165,15,physical,1,42
waksman_15x15,default,2-12-9-7-4-6-5-10-13-8-11-3-1-14-0,14,0,failed,"cannot route waksman_15x15_s2_w8_12.th to waksman_15x15_s3_w0_8.add on physical grid counters=port_access:0,window:0,same_net:5,crossing_candidate:0,crossing_budget:0,hard_reserved_crossing:0,soft_repeated_crossing:0,soft_reserved_crossing:0,reserved_spacing:0,segment:1,pops:2,max_heap:1",,,,,5.087724,,1151.000000,,2.785724,3.670257,15,physical,1,42
waksman_15x15,default,7-8-3-11-10-14-1-13-5-6-2-0-12-4-9,0,7,failed,"cannot route waksman_15x15_s1_w0_2.drop to waksman_15x15_s2_w2_6.in on physical grid: blocked by port access (port_access_overlap_foreign); candidate=(218.000,436.000)->(210.000,436.000) region=I1/waksman_15x15_s1_w1_3.th:(206.000,436.000)->(220.000,436.000); soft_repeat=I1/repeated_crossing pair=I0-I1 at=(233.000,428.000) source=I0->I1@(48.000,490.000):(20.000,490.000)->(55.000,490.000)x(48.000,482.000)->(48.000,503.000) counters=port_access:67,window:888,same_net:1258,crossing_candidate:63,crossing_budget:0,hard_reserved_crossing:0,soft_repeated_crossing:374,soft_reserved_crossing:0,reserved_spacing:470,segment:1757,pops:7166,max_heap:188",,,,,5.162488,,1077.000000,,3.008488,4.277480,15,physical,2,42
waksman_15x15,default,7-8-3-11-10-14-1-13-5-6-2-0-12-4-9,1,8,routed,,1759.495559,24,16,7.541668,4.512677,3.028991,1105.000000,654.495559,2.302677,6.370550,15,physical,2,42
waksman_15x15,default,7-8-3-11-10-14-1-13-5-6-2-0-12-4-9,2,3,failed,"cannot route waksman_15x15_s6_w2_3.drop to O3 on physical grid counters=port_access:0,window:0,same_net:16,crossing_candidate:0,crossing_budget:0,hard_reserved_crossing:0,soft_repeated_crossing:0,soft_reserved_crossing:0,reserved_spacing:0,segment:10,pops:12,max_heap:2",,,,,4.883724,,1049.000000,,2.785724,4.026173,15,physical,2,42
waksman_15x15,default,7-8-3-11-10-14-1-13-5-6-2-0-12-4-9,3,11,routed,,2022.327412,32,17,9.656472,5.993818,3.662655,1121.000000,901.327412,3.751818,0.845581,15,physical,2,42
waksman_15x15,default,7-8-3-11-10-14-1-13-5-6-2-0-12-4-9,4,10,failed,"cannot route waksman_15x15_s2_w3_7.th to waksman_15x15_s3_w3_11.in on physical grid: blocked by port access (port_access_overlap_foreign); candidate=(376.000,328.000)->(370.000,328.000) region=I1/waksman_15x15_s3_w1_9.in:(384.000,328.000)->(370.000,328.000); soft_repeat=I1/repeated_crossing pair=I1-I4 at=(352.000,328.000) source=I4->I1@(348.000,335.000):(344.000,335.000)->(352.000,335.000)x(348.000,400.000)->(348.000,328.000) counters=port_access:118,window:563,same_net:604,crossing_candidate:102,crossing_budget:0,hard_reserved_crossing:0,soft_repeated_crossing:367,soft_reserved_crossing:0,reserved_spacing:110,segment:1284,pops:2897,max_heap:100",,,,,5.873818,,1061.000000,,3.751818,0.982630,15,physical,2,42
waksman_15x15,default,7-8-3-11-10-14-1-13-5-6-2-0-12-4-9,5,14,failed,"cannot route waksman_15x15_s2_w2_6.drop to waksman_15x15_s3_w6_14.in on physical grid: blocked by route window; soft_repeat=I1/repeated_crossing pair=I1-I5 at=(233.000,407.000) source=I5->I1@(240.000,400.000):(240.000,396.000)->(240.000,407.000)x(233.000,400.000)->(265.000,400.000) counters=port_access:0,window:35,same_net:41,crossing_candidate:5,crossing_budget:0,hard_reserved_crossing:0,soft_repeated_crossing:18,soft_reserved_crossing:0,reserved_spacing:14,segment:81,pops:167,max_heap:33",,,,,4.426196,,1043.000000,,2.340196,4.138075,15,physical,2,42
waksman_15x15,default,7-8-3-11-10-14-1-13-5-6-2-0-12-4-9,6,1,failed,"cannot route waksman_15x15_s2_w0_4.drop to waksman_15x15_s3_w4_12.in on physical grid: A* pop limit exceeded; soft_repeat=I8/repeated_crossing pair=I6-I8 at=(325.000,220.000) source=I6->I8@(344.000,305.000):(344.000,305.000)->(344.000,292.000)x(325.000,305.000)->(440.000,305.000) counters=port_access:36,window:875,same_net:1552,crossing_candidate:31,crossing_budget:0,hard_reserved_crossing:0,soft_repeated_crossing:269,soft_reserved_crossing:0,reserved_spacing:267,segment:1423,pops:8001,max_heap:235",,,,,5.706488,,1349.000000,,3.008488,3.513846,15,physical,2,42
waksman_15x15,default,7-8-3-11-10-14-1-13-5-6-2-0-12-4-9,7,13,routed,,2298.619449,30,14,8.227152,4.609913,3.617239,1265.000000,1033.619449,2.079913,5.523443,15,physical,2,42
waksman_15x15,default,7-8-3-11-10-14-1-13-5-6-2-0-12-4-9,8,5,routed,,1681.057504,27,9,7.405603,5.314488,2.091115,1153.000000,528.057504,3.008488,3.996623,15,physical,2,42
waksman_15x15,default,7-8-3-11-10-14-1-13-5-6-2-0-12-4-9,9,6,routed,,2174.327412,32,11,8.877426,5.422771,3.454655,1077.000000,1097.327412,3.268771,2.850168,15,physical,2,42
waksman_15x15,default,7-8-3-11-10-14-1-13-5-6-2-0-12-4-9,10,2,failed,"cannot route waksman_15x15_s2_w10_14.drop to waksman_15x15_s3_w6_14.add on physical grid: blocked by port access (port_access_overlap_foreign); candidate=(376.000,212.000)->(370.000,212.000) region=I12/waksman_15x15_s3_w4_12.drop:(384.000,212.000)->(370.000,212.000); soft_repeat=I1/repeated_crossing pair=I1-I10 at=(352.000,173.000) source=I10->I1@(352.000,191.000):(352.000,191.000)->(360.000,191.000)x(352.000,313.000)->(352.000,119.000) counters=port_access:6,window:780,same_net:708,crossing_candidate:37,crossing_budget:0,hard_reserved_crossing:0,soft_repeated_crossing:438,soft_reserved_crossing:0,reserved_spacing:71,segment:1339,pops:4154,max_heap:202",,,,,5.682488,,1337.000000,,3.008488,3.197220,15,physical,2,42
waksman_15x15,default,7-8-3-11-10-14-1-13-5-6-2-0-12-4-9,11,0,failed,"cannot route waksman_15x15_s1_w9_11.th to waksman_15x15_s2_w9_13.in on physical grid counters=port_access:0,window:0,same_net:4,crossing_candidate:0,crossing_budget:0,hard_reserved_crossing:0,soft_repeated_crossing:0,soft_reserved_crossing:0,reserved_spacing:0,segment:0,pops:1,max_heap:1",,,,,5.306488,,1149.000000,,3.008488,3.514358,15,physical,2,42
waksman_15x15,default,7-8-3-11-10-14-1-13-5-6-2-0-12-4-9,12,12,routed,,1626.225651,19,15,5.961271,3.299820,2.661451,1093.000000,533.225651,1.113820,15.218769,15,physical,2,42
waksman_15x15,default,7-8-3-11-10-14-1-13-5-6-2-0-12-4-9,13,4,failed,"cannot route waksman_15x15_s4_w1_5.drop to waksman_15x15_s5_w5_7.in on physical grid: blocked by port access (port_access_overlap_foreign); candidate=(485.000,436.000)->(475.000,436.000) region=I8/waksman_15x15_s4_w0_4.in:(489.000,436.000)->(475.000,436.000); soft_repeat=I8/repeated_crossing pair=I8-I13 at=(464.000,436.000) source=I13->I8@(265.000,169.000):(248.000,169.000)->(344.000,169.000)x(265.000,184.000)->(265.000,148.000) counters=port_access:8,window:765,same_net:1031,crossing_candidate:65,crossing_budget:0,hard_reserved_crossing:0,soft_repeated_crossing:399,soft_reserved_crossing:0,reserved_spacing:321,segment:1329,pops:5290,max_heap:236",,,,,4.856677,,1277.000000,,2.302677,6.183067,15,physical,2,42
waksman_15x15,default,7-8-3-11-10-14-1-13-5-6-2-0-12-4-9,14,9,routed,,2174.619449,30,20,9.062199,4.896960,4.165239,1167.000000,1007.619449,2.562960,4.486109,15,physical,2,42
spanke_benes_15x15,default,8-13-7-6-14-12-5-2-9-3-4-11-0-1-10,0,8,routed,,5573.610567,78,30,22.634110,14.746889,7.887221,3325.000000,2248.610567,8.096889,-8.891469,15,physical,0,42
spanke_benes_15x15,default,8-13-7-6-14-12-5-2-9-3-4-11-0-1-10,1,13,routed,,5057.902604,76,18,21.433826,15.684021,5.749805,3273.000000,1784.902604,9.138021,-12.951775,15,physical,0,42
spanke_benes_15x15,default,8-13-7-6-14-12-5-2-9-3-4-11-0-1-10,2,7,routed,,5438.486678,72,29,22.716910,15.261936,7.454973,3341.000000,2097.486678,8.579936,-9.696319,15,physical,0,42
spanke_benes_15x15,default,8-13-7-6-14-12-5-2-9-3-4-11-0-1-10,3,6,routed,,4916.822972,56,25,20.748054,14.528408,6.219646,3197.000000,1719.822972,8.134408,-8.303025,15,physical,0,42
spanke_benes_15x15,default,8-13-7-6-14-12-5-2-9-3-4-11-0-1-10,4,14,routed,,4499.699082,50,12,17.730270,13.602871,4.127398,3161.000000,1338.699082,7.280871,-10.610420,15,physical,0,42
spanke_benes_15x15,default,8-13-7-6-14-12-5-2-9-3-4-11-0-1-10,5,12,routed,,4607.946861,62,13,18.812576,14.364682,4.447894,3189.000000,1418.946861,7.986682,-10.444120,15,physical,0,42
spanke_benes_15x15,default,8-13-7-6-14-12-5-2-9-3-4-11-0-1-10,6,5,routed,,5071.946861,62,23,21.854396,15.670502,6.183894,3285.000000,1786.946861,9.100502,-9.894361,15,physical,0,42
spanke_benes_15x15,default,8-13-7-6-14-12-5-2-9-3-4-11-0-1-10,7,2,routed,,4326.283155,46,21,18.671447,13.794880,4.876566,3053.000000,1273.283155,7.688880,-6.673073,15,physical,0,42
spanke_benes_15x15,default,8-13-7-6-14-12-5-2-9-3-4-11-0-1-10,8,9,routed,,4570.283155,46,17,17.125061,12.432495,4.692566,3189.000000,1381.283155,6.054495,-5.277388,15,physical,0,42
spanke_benes_15x15,default,8-13-7-6-14-12-5-2-9-3-4-11-0-1-10,9,3,routed,,5302.486678,72,24,21.982428,15.275455,6.706973,3329.000000,1973.486678,8.617455,-7.904168,15,physical,0,42
spanke_benes_15x15,default,8-13-7-6-14-12-5-2-9-3-4-11-0-1-10,10,4,routed,,5130.924733,69,20,20.778777,14.717927,6.060849,3273.000000,1857.924733,8.171927,-6.775909,15,physical,0,42
spanke_benes_15x15,default,8-13-7-6-14-12-5-2-9-3-4-11-0-1-10,11,11,routed,,3904.619449,30,8,13.216867,10.555628,2.661239,3049.000000,855.619449,4.457628,-1.960918,15,physical,0,42
spanke_benes_15x15,default,8-13-7-6-14-12-5-2-9-3-4-11-0-1-10,12,0,routed,,4566.778714,70,16,19.998814,15.197257,4.801557,3141.000000,1425.778714,8.915257,-7.401402,15,physical,0,42
spanke_benes_15x15,default,8-13-7-6-14-12-5-2-9-3-4-11-0-1-10,13,1,routed,,5117.026494,82,18,21.582074,15.684021,5.898053,3273.000000,1844.026494,9.138021,-7.203211,15,physical,0,42
spanke_benes_15x15,default,8-13-7-6-14-12-5-2-9-3-4-11-0-1-10,14,10,routed,,3657.787596,22,6,11.071582,9.032007,2.039575,2993.000000,664.787596,3.046007,4.028289,15,physical,0,42
spanke_benes_15x15,default,2-12-9-7-4-6-5-10-13-8-11-3-1-14-0,0,2,routed,,3406.809725,15,28,13.996172,9.853553,4.142619,2773.000000,633.809725,4.307553,4.787413,15,physical,1,42
spanke_benes_15x15,default,2-12-9-7-4-6-5-10-13-8-11-3-1-14-0,1,12,routed,,5119.070751,68,21,21.555879,15.479738,6.076142,3301.000000,1818.070751,8.877738,-12.618410,15,physical,1,42
spanke_benes_15x15,default,2-12-9-7-4-6-5-10-13-8-11-3-1-14-0,2,9,routed,,5537.902604,76,27,22.512977,15.071172,7.441805,3357.000000,2180.902604,8.357172,-10.361287,15,physical,1,42
spanke_benes_15x15,default,2-12-9-7-4-6-5-10-13-8-11-3-1-14-0,3,7,routed,,5773.610567,78,30,23.034110,14.866889,8.167221,3385.000000,2388.610567,8.096889,-8.976544,15,physical,1,42
spanke_benes_15x15,default,2-12-9-7-4-6-5-10-13-8-11-3-1-14-0,4,4,routed,,5838.486678,72,36,23.213297,14.458324,8.754973,3441.000000,2397.486678,7.576324,-6.524469,15,physical,1,42
spanke_benes_15x15,default,2-12-9-7-4-6-5-10-13-8-11-3-1-14-0,5,6,routed,,5447.654825,64,29,21.506388,14.105079,7.401310,3357.000000,2090.654825,7.391079,-6.565713,15,physical,1,42
spanke_benes_15x15,default,2-12-9-7-4-6-5-10-13-8-11-3-1-14-0,6,5,routed,,5658.194641,74,29,21.977468,14.105079,7.872389,3357.000000,2301.194641,7.391079,-6.011962,15,physical,1,42
spanke_benes_15x15,default,2-12-9-7-4-6-5-10-13-8-11-3-1-14-0,7,10,routed,,4682.283155,46,19,16.582968,11.466401,5.116566,3189.000000,1493.283155,5.088401,-3.318081,15,physical,1,42
spanke_benes_15x15,default,2-12-9-7-4-6-5-10-13-8-11-3-1-14-0,8,13,routed,,4084.327412,32,11,13.626000,10.351346,3.274655,3077.000000,1007.327412,4.197346,-4.279744,15,physical,1,42
spanke_benes_15x15,default,2-12-9-7-4-6-5-10-13-8-11-3-1-14-0,9,8,routed,,4574.283155,46,17,17.133061,12.432495,4.700566,3189.000000,1385.283155,6.054495,-5.091061,15,physical,1,42
spanke_benes_15x15,default,2-12-9-7-4-6-5-10-13-8-11-3-1-14-0,10,11,routed,,4096.327412,32,11,13.650000,10.351346,3.298655,3077.000000,1019.327412,4.197346,-2.409482,15,physical,1,42
spanke_benes_15x15,default,2-12-9-7-4-6-5-10-13-8-11-3-1-14-0,11,3,routed,,5085.902604,76,18,21.489826,15.684021,5.805805,3273.000000,1812.902604,9.138021,-9.274203,15,physical,1,42
spanke_benes_15x15,default,2-12-9-7-4-6-5-10-13-8-11-3-1-14-0,12,1,routed,,4666.194641,74,15,20.600693,15.712304,4.888389,3157.000000,1509.194641,9.398304,-9.150486,15,physical,1,42
spanke_benes_15x15,default,2-12-9-7-4-6-5-10-13-8-11-3-1-14-0,13,14,routed,,3251.539816,10,3,7.781654,6.746575,1.035080,2909.000000,342.539816,0.928575,6.136389,15,physical,1,42
spanke_benes_15x15,default,2-12-9-7-4-6-5-10-13-8-11-3-1-14-0,14,0,routed,,4686.384916,59,14,20.949120,16.339350,4.609770,3229.000000,1457.384916,9.881350,-9.721378,15,physical,1,42
spanke_benes_15x15,default,7-8-3-11-10-14-1-13-5-6-2-0-12-4-9,0,7,routed,,5582.340659,73,33,22.666288,14.542607,8.123681,3353.000000,2229.340659,7.836607,-7.492150,15,physical,2,42
spanke_benes_15x15,default,7-8-3-11-10-14-1-13-5-6-2-0-12-4-9,1,8,routed,,5905.172512,81,33,23.351952,14.662607,8.689345,3413.000000,2492.172512,7.836607,-8.306768,15,physical,2,42
spanke_benes_15x15,default,7-8-3-11-10-14-1-13-5-6-2-0-12-4-9,2,3,routed,,5156.822972,56,35,20.964159,13.344513,7.619646,3237.000000,1919.822972,6.870513,-5.413242,15,physical,2,42
spanke_benes_15x15,default,7-8-3-11-10-14-1-13-5-6-2-0-12-4-9,3,11,routed,,5051.946861,62,22,19.819727,13.751834,6.067894,3273.000000,1778.946861,7.205834,-8.717101,15,physical,2,42
spanke_benes_15x15,default,7-8-3-11-10-14-1-13-5-6-2-0-12-4-9,4,10,routed,,5083.946861,62,22,19.883727,13.751834,6.131894,3273.000000,1810.946861,7.205834,-8.064431,15,physical,2,42
spanke_benes_15x15,default,7-8-3-11-10-14-1-13-5-6-2-0-12-4-9,5,14,routed,,4344.283155,46,11,16.593627,12.841061,3.752566,3133.000000,1211.283155,6.575061,-9.396503,15,physical,2,42
spanke_benes_15x15,default,7-8-3-11-10-14-1-13-5-6-2-0-12-4-9,6,1,routed,,4728.822972,56,27,19.605961,13.386315,6.219646,3109.000000,1619.822972,7.168315,-6.969553,15,physical,2,42
spanke_benes_15x15,default,7-8-3-11-10-14-1-13-5-6-2-0-12-4-9,7,13,routed,,4210.575192,44,10,15.510400,12.079250,3.431150,3105.000000,1105.575192,5.869250,-7.390632,15,physical,2,42
spanke_benes_15x15,default,7-8-3-11-10-14-1-13-5-6-2-0-12-4-9,8,5,routed,,5199.946861,62,23,20.921538,14.513644,6.407894,3301.000000,1898.946861,7.911644,-8.101814,15,physical,2,42
spanke_benes_15x15,default,7-8-3-11-10-14-1-13-5-6-2-0-12-4-9,9,6,routed,,4845.115008,54,19,19.326346,13.956116,5.370230,3245.000000,1600.115008,7.466116,-7.115170,15,physical,2,42
spanke_benes_15x15,default,7-8-3-11-10-14-1-13-5-6-2-0-12-4-9,10,2,routed,,5472.734457,84,24,22.382924,15.275455,7.107469,3329.000000,2143.734457,8.617455,-8.231946,15,physical,2,42
spanke_benes_15x15,default,7-8-3-11-10-14-1-13-5-6-2-0-12-4-9,11,0,routed,,4578.340659,73,17,19.653891,14.626210,5.027681,3097.000000,1481.340659,8.432210,-7.226255,15,physical,2,42
spanke_benes_15x15,default,7-8-3-11-10-14-1-13-5-6-2-0-12-4-9,12,12,routed,,3649.787596,22,6,11.055582,9.032007,2.023575,2993.000000,656.787596,3.046007,0.471313,15,physical,2,42
spanke_benes_15x15,default,7-8-3-11-10-14-1-13-5-6-2-0-12-4-9,13,4,routed,,4743.216769,67,15,18.342022,13.398589,4.943434,3189.000000,1554.216769,7.020589,-4.842018,15,physical,2,42
spanke_benes_15x15,default,7-8-3-11-10-14-1-13-5-6-2-0-12-4-9,14,9,routed,,3757.203522,26,7,12.096225,9.793818,2.302407,3021.000000,736.203522,3.751818,1.160337,15,physical,2,42
padded_benes_16x16,default,7-9-5-6-14-10-12-8-1-2-13-15-4-11-0-3,0,7,routed,,1657.057504,27,11,7.557603,5.098488,2.459115,1045.000000,612.057504,3.008488,4.439619,16,physical,0,42
padded_benes_16x16,default,7-9-5-6-14-10-12-8-1-2-13-15-4-11-0-3,1,9,routed,,1918.911486,28,15,7.520217,4.396394,3.123823,1177.000000,741.911486,2.042394,8.036288,16,physical,0,42
padded_benes_16x16,default,7-9-5-6-14-10-12-8-1-2-13-15-4-11-0-3,2,5,failed,"cannot route padded_benes_16x16_s4_w2_6.drop to padded_benes_16x16_s5_w4_6.add on physical grid counters=port_access:0,window:0,same_net:5,crossing_candidate:1,crossing_budget:0,hard_reserved_crossing:0,soft_repeated_crossing:0,soft_reserved_crossing:0,reserved_spacing:0,segment:6,pops:5,max_heap:3",,,,,5.162488,,1077.000000,,3.008488,4.479694,16,physical,0,42
padded_benes_16x16,default,7-9-5-6-14-10-12-8-1-2-13-15-4-11-0-3,3,6,routed,,2122.327412,32,18,8.730096,4.719441,4.010655,1097.000000,1025.327412,2.525441,6.476434,16,physical,0,42
padded_benes_16x16,default,7-9-5-6-14-10-12-8-1-2-13-15-4-11-0-3,4,14,failed,"cannot route padded_benes_16x16_s2_w0_4.drop to padded_benes_16x16_s3_w4_12.in on physical grid: blocked by port access (port_access_overlap_foreign); candidate=(275.000,472.000)->(265.000,472.000) region=I0/padded_benes_16x16_s2_w0_4.in:(279.000,472.000)->(265.000,472.000); soft_repeat=I0/repeated_crossing pair=I0-I4 at=(265.000,479.000) source=I4->I0@(265.000,485.000):(248.000,485.000)->(336.000,485.000)x(265.000,508.000)->(265.000,472.000) counters=port_access:2,window:0,same_net:24,crossing_candidate:3,crossing_budget:0,hard_reserved_crossing:0,soft_repeated_crossing:5,soft_reserved_crossing:0,reserved_spacing:1,segment:32,pops:34,max_heap:6",,,,,5.111441,,1293.000000,,2.525441,5.485408,16,physical,0,42
padded_benes_16x16,default,7-9-5-6-14-10-12-8-1-2-13-15-4-11-0-3,5,10,routed,,2922.575192,44,13,10.856685,6.077535,4.779150,1293.000000,1629.575192,3.491535,1.963667,16,physical,0,42
padded_benes_16x16,default,7-9-5-6-14-10-12-8-1-2-13-15-4-11-0-3,6,12,failed,"cannot route padded_benes_16x16_s2_w1_5.drop to padded_benes_16x16_s3_w5_13.in on physical grid; soft_repeat=I5/repeated_crossing pair=I5-I6 at=(265.000,413.000) source=I6->I5@(220.000,299.000):(220.000,277.000)->(220.000,320.000)x(160.000,299.000)->(325.000,299.000) counters=port_access:0,window:0,same_net:41,crossing_candidate:1,crossing_budget:0,hard_reserved_crossing:0,soft_repeated_crossing:3,soft_reserved_crossing:0,reserved_spacing:4,segment:46,pops:52,max_heap:7",,,,,6.141535,,1325.000000,,3.491535,1.449203,16,physical,0,42
padded_benes_16x16,default,7-9-5-6-14-10-12-8-1-2-13-15-4-11-0-3,7,8,failed,"cannot route padded_benes_16x16_s4_w10_14.th to padded_benes_16x16_s5_w8_10.add on physical grid counters=port_access:0,window:0,same_net:9,crossing_candidate:0,crossing_budget:0,hard_reserved_crossing:0,soft_repeated_crossing:0,soft_reserved_crossing:0,reserved_spacing:0,segment:1,pops:4,max_heap:1",,,,,6.013535,,1261.000000,,3.491535,1.700284,16,physical,0,42
padded_benes_16x16,default,7-9-5-6-14-10-12-8-1-2-13-15-4-11-0-3,8,1,routed,,1854.765467,29,18,9.146066,5.701535,3.444531,1105.000000,749.765467,3.491535,2.355061,16,physical,0,42
padded_benes_16x16,default,7-9-5-6-14-10-12-8-1-2-13-15-4-11-0-3,9,2,failed,"cannot route padded_benes_16x16_s2_w9_13.th to padded_benes_16x16_s3_w1_9.add on physical grid: A* pop limit exceeded; soft_repeat=I1/repeated_crossing pair=I1-I9 at=(380.000,197.000) source=I9->I1@(352.000,205.000):(352.000,205.000)->(360.000,205.000)x(352.000,349.000)->(352.000,197.000) counters=port_access:141,window:642,same_net:1258,crossing_candidate:105,crossing_budget:0,hard_reserved_crossing:0,soft_repeated_crossing:760,soft_reserved_crossing:0,reserved_spacing:203,segment:3555,pops:8001,max_heap:530",,,,,5.306488,,1149.000000,,3.008488,4.337751,16,physical,0,42
padded_benes_16x16,default,7-9-5-6-14-10-12-8-1-2-13-15-4-11-0-3,10,13,routed,,2504.181394,33,19,10.081851,5.770488,4.311363,1381.000000,1123.181394,3.008488,3.960474,16,physical,0,42
padded_benes_16x16,default,7-9-5-6-14-10-12-8-1-2-13-15-4-11-0-3,11,15,failed,"cannot route padded_benes_16x16_s3_w3_11.drop to padded_benes_16x16_s4_w11_15.in on physical grid: blocked by port access (port_access_overlap_foreign); candidate=(380.000,320.000)->(376.000,320.000) region=I10/padded_benes_16x16_s3_w2_10.drop:(384.000,320.000)->(370.000,320.000); soft_repeat=I3/repeated_crossing pair=I3-I11 at=(360.000,292.000) source=I11->I3@(352.000,292.000):(352.000,288.000)->(352.000,299.000)x(338.000,292.000)->(370.000,292.000) counters=port_access:20,window:223,same_net:685,crossing_candidate:24,crossing_budget:0,hard_reserved_crossing:0,soft_repeated_crossing:231,soft_reserved_crossing:0,reserved_spacing:40,segment:1062,pops:2702,max_heap:244",,,,,4.876394,,1417.000000,,2.042394,8.259422,16,physical,0,42
padded_benes_16x16,default,7-9-5-6-14-10-12-8-1-2-13-15-4-11-0-3,12,4,routed,,2673.845100,49,21,10.701178,5.682488,5.018690,1337.000000,1336.845100,3.008488,3.339264,16,physical,0,42
padded_benes_16x16,default,7-9-5-6-14-10-12-8-1-2-13-15-4-11-0-3,13,11,routed,,2166.035376,34,21,10.093606,6.221535,3.872071,1365.000000,801.035376,3.491535,1.781665,16,physical,0,42
padded_benes_16x16,default,7-9-5-6-14-10-12-8-1-2-13-15-4-11-0-3,14,0,failed,"cannot route padded_benes_16x16_s3_w7_15.th to padded_benes_16x16_s4_w3_7.add on physical grid counters=port_access:0,window:0,same_net:1,crossing_candidate:0,crossing_budget:0,hard_reserved_crossing:0,soft_repeated_crossing:0,soft_reserved_crossing:0,reserved_spacing:0,segment:3,pops:1,max_heap:1",,,,,6.528582,,1277.000000,,3.974582,0.531557,16,physical,0,42
padded_benes_16x16,default,7-9-5-6-14-10-12-8-1-2-13-15-4-11-0-3,15,3,failed,"cannot route padded_benes_16x16_s2_w10_14.drop to padded_benes_16x16_s3_w6_14.add on physical grid: blocked by port access (port_access_overlap_foreign); candidate=(275.000,112.000)->(265.000,112.000) region=I10/padded_benes_16x16_s2_w10_14.in:(279.000,112.000)->(265.000,112.000); soft_repeat=I1/repeated_crossing pair=I1-I15 at=(360.000,197.000) source=I15->I1@(352.000,205.000):(352.000,205.000)->(360.000,205.000)x(352.000,349.000)->(352.000,197.000) counters=port_access:28,window:385,same_net:718,crossing_candidate:40,crossing_budget:0,hard_reserved_crossing:0,soft_repeated_crossing:545,soft_reserved_crossing:0,reserved_spacing:47,segment:1559,pops:3235,max_heap:202",,,,,6.133535,,1321.000000,,3.491535,1.633431,16,physical,0,42
padded_benes_16x16,default,5-1-13-12-2-4-15-10-6-11-3-14-0-9-8-7,0,5,failed,"cannot route padded_benes_16x16_s4_w0_4.drop to padded_benes_16x16_s5_w4_6.in on physical grid: blocked by port access (port_access_overlap_foreign); candidate=(485.000,400.000)->(475.000,400.000) region=I8/padded_benes_16x16_s4_w2_6.in:(489.000,400.000)->(475.000,400.000); soft_repeat=I1/repeated_crossing pair=I0-I1 at=(464.000,436.000) source=I0->I1@(48.000,526.000):(20.000,526.000)->(55.000,526.000)x(48.000,518.000)->(48.000,539.000) counters=port_access:4,window:7,same_net:37,crossing_candidate:2,crossing_budget:0,hard_reserved_crossing:0,soft_repeated_crossing:13,soft_reserved_crossing:0,reserved_spacing:0,segment:33,pops:56,max_heap:12",,,,,4.527441,,1001.000000,,2.525441,6.290749,16,physical,1,42
padded_benes_16x16,default,5-1-13-12-2-4-15-10-6-11-3-14-0-9-8-7,1,1,routed,,1606.079633,20,12,6.071507,3.609348,2.462159,1025.000000,581.079633,1.559348,14.237586,16,physical,1,42
padded_benes_16x16,default,5-1-13-12-2-4-15-10-6-11-3-14-0-9-8-7,2,13,failed,"cannot route padded_benes_16x16_s3_w2_10.drop to padded_benes_16x16_s4_w10_14.in on physical grid: blocked by port access (port_access_overlap_foreign); candidate=(380.000,256.000)->(376.000,256.000) region=I4/padded_benes_16x16_s3_w4_12.in:(384.000,256.000)->(370.000,256.000); soft_repeat=I4/repeated_crossing pair=I2-I4 at=(352.000,320.000) source=I2->I4@(248.000,449.000):(248.000,526.000)->(248.000,421.000)x(220.000,449.000)->(325.000,449.000) counters=port_access:8,window:71,same_net:111,crossing_candidate:7,crossing_budget:0,hard_reserved_crossing:0,soft_repeated_crossing:132,soft_reserved_crossing:0,reserved_spacing:8,segment:532,pops:462,max_heap:42",,,,,5.949535,,1229.000000,,3.491535,2.751288,16,physical,1,42
padded_benes_16x16,default,5-1-13-12-2-4-15-10-6-11-3-14-0-9-8-7,3,12,failed,"cannot route padded_benes_16x16_s3_w3_11.drop to padded_benes_16x16_s4_w11_15.in on physical grid: blocked by port access (port_access_overlap_foreign); candidate=(380.000,256.000)->(376.000,256.000) region=I4/padded_benes_16x16_s3_w4_12.in:(384.000,256.000)->(370.000,256.000); soft_repeat=I4/repeated_crossing pair=I3-I4 at=(352.000,284.000) source=I3->I4@(352.000,299.000):(336.000,299.000)->(370.000,299.000)x(352.000,485.000)->(352.000,277.000) counters=port_access:4,window:12,same_net:23,crossing_candidate:1,crossing_budget:0,hard_reserved_crossing:0,soft_repeated_crossing:25,soft_reserved_crossing:0,reserved_spacing:2,segment:122,pops:109,max_heap:11",,,,,6.013535,,1261.000000,,3.491535,2.565502,16,physical,1,42
padded_benes_16x16,default,5-1-13-12-2-4-15-10-6-11-3-14-0-9-8-7,4,2,routed,,1955.057504,27,16,8.170556,5.191441,2.979115,1333.000000,622.057504,2.525441,5.651289,16,physical,1,42
padded_benes_16x16,default,5-1-13-12-2-4-15-10-6-11-3-14-0-9-8-7,5,4,routed,,2622.035376,34,20,10.422559,5.762488,4.660071,1377.000000,1245.035376,3.008488,3.521512,16,physical,1,42
padded_benes_16x16,default,5-1-13-12-2-4-15-10-6-11-3-14-0-9-8-7,6,15,failed,"cannot route padded_benes_16x16_s2_w1_5.drop to padded_benes_16x16_s3_w5_13.in on physical grid: blocked by port access (port_access_overlap_foreign); candidate=(275.000,464.000)->(265.000,464.000) region=I4/padded_benes_16x16_s2_w0_4.drop:(279.000,464.000)->(265.000,464.000); soft_repeat=I1/repeated_crossing pair=I1-I6 at=(256.000,436.000) source=I6->I1@(338.000,421.000):(323.000,421.000)->(344.000,421.000)x(338.000,436.000)->(338.000,364.000) counters=port_access:10,window:524,same_net:535,crossing_candidate:56,crossing_budget:0,hard_reserved_crossing:0,soft_repeated_crossing:195,soft_reserved_crossing:0,reserved_spacing:45,segment:670,pops:3886,max_heap:226",,,,,6.149535,,1329.000000,,3.491535,1.415291,16,physical,1,42
padded_benes_16x16,default,5-1-13-12-2-4-15-10-6-11-3-14-0-9-8-7,7,10,failed,"cannot route padded_benes_16x16_s2_w2_6.drop to padded_benes_16x16_s3_w6_14.in on physical grid counters=port_access:0,window:0,same_net:6,crossing_candidate:1,crossing_budget:0,hard_reserved_crossing:0,soft_repeated_crossing:0,soft_reserved_crossing:0,reserved_spacing:0,segment:11,pops:8,max_heap:3",,,,,5.618488,,1305.000000,,3.008488,3.049839,16,physical,1,42
padded_benes_16x16,default,5-1-13-12-2-4-15-10-6-11-3-14-0-9-8-7,8,6,routed,,2212.137137,47,20,9.667762,5.434488,4.233274,1213.000000,999.137137,3.008488,3.464646,16,physical,1,42
padded_benes_16x16,default,5-1-13-12-2-4-15-10-6-11-3-14-0-9-8-7,9,11,routed,,2376.327412,32,25,9.455049,4.676394,4.778655,1317.000000,1059.327412,2.042394,8.616773,16,physical,1,42
padded_benes_16x16,default,5-1-13-12-2-4-15-10-6-11-3-14-0-9-8-7,10,3,routed,,2774.137137,47,35,11.808715,5.119441,6.689274,1297.000000,1477.137137,2.525441,4.618727,16,physical,1,42
padded_benes_16x16,default,5-1-13-12-2-4-15-10-6-11-3-14-0-9-8-7,11,14,failed,"cannot route padded_benes_16x16_s2_w8_12.th to padded_benes_16x16_s3_w0_8.add on physical grid: A* pop limit exceeded; soft_repeat=I1/repeated_crossing pair=I1-I11 at=(256.000,436.000) source=I11->I1@(248.000,436.000):(248.000,432.000)->(248.000,443.000)x(233.000,436.000)->(265.000,436.000) counters=port_access:112,window:740,same_net:926,crossing_candidate:212,crossing_budget:0,hard_reserved_crossing:0,soft_repeated_crossing:792,soft_reserved_crossing:0,reserved_spacing:126,segment:3690,pops:8001,max_heap:309",,,,,6.277535,,1393.000000,,3.491535,1.334002,16,physical,1,42
padded_benes_16x16,default,5-1-13-12-2-4-15-10-6-11-3-14-0-9-8-7,12,0,failed,"cannot route padded_benes_16x16_s2_w10_14.drop to padded_benes_16x16_s3_w6_14.add on physical grid: blocked by port access (port_access_overlap_foreign); candidate=(380.000,256.000)->(376.000,256.000) region=I4/padded_benes_16x16_s3_w4_12.in:(384.000,256.000)->(370.000,256.000); soft_repeat=I5/repeated_crossing pair=I5-I12 at=(344.000,216.000) source=I12->I5@(344.000,248.000):(344.000,248.000)->(352.000,248.000)x(344.000,413.000)->(344.000,148.000) counters=port_access:8,window:424,same_net:622,crossing_candidate:31,crossing_budget:0,hard_reserved_crossing:0,soft_repeated_crossing:278,soft_reserved_crossing:0,reserved_spacing:58,segment:1103,pops:2779,max_heap:98",,,,,5.893535,,1201.000000,,3.491535,2.000515,16,physical,1,42
padded_benes_16x16,default,5-1-13-12-2-4-15-10-6-11-3-14-0-9-8-7,13,9,routed,,2543.159265,40,10,9.294807,5.410488,3.884319,1201.000000,1342.159265,3.008488,3.353713,16,physical,1,42
padded_benes_16x16,default,5-1-13-12-2-4-15-10-6-11-3-14-0-9-8-7,14,8,failed,"cannot route padded_benes_16x16_s2_w8_12.drop to padded_benes_16x16_s3_w4_12.add on physical grid: blocked by route window; soft_repeat=I8/repeated_crossing pair=I8-I14 at=(256.000,112.000) source=I14->I8@(210.000,197.000):(210.000,155.000)->(210.000,205.000)x(160.000,197.000)->(224.000,197.000) counters=port_access:0,window:32,same_net:46,crossing_candidate:3,crossing_budget:0,hard_reserved_crossing:0,soft_repeated_crossing:11,soft_reserved_crossing:0,reserved_spacing:10,segment:49,pops:146,max_heap:20",,,,,4.711441,,1093.000000,,2.525441,5.609113,16,physical,1,42
padded_benes_16x16,default,5-1-13-12-2-4-15-10-6-11-3-14-0-9-8-7,15,7,failed,"cannot route padded_benes_16x16_s2_w9_13.drop to padded_benes_16x16_s3_w5_13.add on physical grid: blocked by port access (port_access_overlap_foreign); candidate=(380.000,256.000)->(376.000,256.000) region=I4/padded_benes_16x16_s3_w4_12.in:(384.000,256.000)->(370.000,256.000); soft_repeat=I4/repeated_crossing pair=I4-I15 at=(370.000,263.000) source=I15->I4@(352.000,288.000):(352.000,288.000)->(360.000,288.000)x(352.000,485.000)->(352.000,277.000) counters=port_access:24,window:732,same_net:1242,crossing_candidate:58,crossing_budget:0,hard_reserved_crossing:0,soft_repeated_crossing:546,soft_reserved_crossing:0,reserved_spacing:132,segment:2628,pops:7044,max_heap:146",,,,,5.698488,,1345.000000,,3.008488,3.230570,16,physical,1,42
padded_benes_16x16,default,12-7-0-11-14-8-13-9-6-15-1-5-3-2-4-10,0,12,failed,"cannot route padded_benes_16x16_s3_w0_8.drop to padded_benes_16x16_s4_w8_12.in on physical grid: blocked by route window; soft_repeat=I1/repeated_crossing pair=I0-I1 at=(348.000,392.000) source=I0->I1@(48.000,526.000):(20.000,526.000)->(55.000,526.000)x(48.000,518.000)->(48.000,539.000) counters=port_access:0,window:23,same_net:62,crossing_candidate:5,crossing_budget:0,hard_reserved_crossing:0,soft_repeated_crossing:30,soft_reserved_crossing:0,reserved_spacing:0,segment:46,pops:86,max_heap:10",,,,,4.799441,,1137.000000,,2.525441,5.927104,16,physical,2,42
padded_benes_16x16,default,12-7-0-11-14-8-13-9-6-15-1-5-3-2-4-10,1,7,routed,,1900.911486,28,16,8.067264,4.711441,3.355823,1093.000000,807.911486,2.525441,6.213352,16,physical,2,42
padded_benes_16x16,default,12-7-0-11-14-8-13-9-6-15-1-5-3-2-4-10,2,0,routed,,1637.641578,23,23,7.732678,4.260394,3.472283,1109.000000,528.641578,2.042394,9.127713,16,physical,2,42
padded_benes_16x16,default,12-7-0-11-14-8-13-9-6-15-1-5-3-2-4-10,3,11,routed,,2654.867229,42,21,9.662129,4.668394,4.993734,1313.000000,1341.867229,2.042394,8.006967,16,physical,2,42
padded_benes_16x16,default,12-7-0-11-14-8-13-9-6-15-1-5-3-2-4-10,4,14,failed,"cannot route padded_benes_16x16_s1_w4_6.drop to padded_benes_16x16_s2_w2_6.add on physical grid: A* pop limit exceeded; soft_repeat=I1/repeated_crossing pair=I1-I4 at=(136.000,479.000) source=I4->I1@(152.000,472.000):(152.000,472.000)->(152.000,479.000)x(136.000,472.000)->(160.000,472.000) counters=port_access:105,window:999,same_net:1733,crossing_candidate:49,crossing_budget:0,hard_reserved_crossing:0,soft_repeated_crossing:281,soft_reserved_crossing:0,reserved_spacing:299,segment:2297,pops:8001,max_heap:234",,,,,4.919441,,1197.000000,,2.525441,5.557177,16,physical,2,42
padded_benes_16x16,default,12-7-0-11-14-8-13-9-6-15-1-5-3-2-4-10,5,8,routed,,2240.035376,34,18,9.458559,5.554488,3.904071,1273.000000,967.035376,3.008488,3.676048,16,physical,2,42
padded_benes_16x16,default,12-7-0-11-14-8-13-9-6-15-1-5-3-2-4-10,6,13,failed,"cannot route padded_benes_16x16_s2_w3_7.drop to padded_benes_16x16_s3_w7_15.in on physical grid: blocked by route window; soft_repeat=I2/repeated_crossing pair=I2-I6 at=(256.000,400.000) source=I6->I2@(248.000,407.000):(248.000,407.000)->(256.000,407.000)x(248.000,526.000)->(248.000,400.000) counters=port_access:0,window:34,same_net:51,crossing_candidate:4,crossing_budget:0,hard_reserved_crossing:0,soft_repeated_crossing:14,soft_reserved_crossing:0,reserved_spacing:6,segment:96,pops:127,max_heap:12",,,,,5.498488,,1245.000000,,3.008488,3.247284,16,physical,2,42
padded_benes_16x16,default,12-7-0-11-14-8-13-9-6-15-1-5-3-2-4-10,7,9,failed,"cannot route padded_benes_16x16_s2_w0_4.drop to padded_benes_16x16_s3_w4_12.in on physical grid; soft_repeat=I5/repeated_crossing pair=I5-I7 at=(256.000,464.000) source=I7->I5@(128.000,341.000):(115.000,341.000)->(220.000,341.000)x(128.000,400.000)->(128.000,328.000) counters=port_access:0,window:0,same_net:6,crossing_candidate:1,crossing_budget:0,hard_reserved_crossing:0,soft_repeated_crossing:3,soft_reserved_crossing:0,reserved_spacing:0,segment:17,pops:11,max_heap:3",,,,,6.464582,,1245.000000,,3.974582,0.261889,16,physical,2,42
padded_benes_16x16,default,12-7-0-11-14-8-13-9-6-15-1-5-3-2-4-10,8,6,routed,,1720.473431,31,20,8.604435,5.370488,3.233947,1181.000000,539.473431,3.008488,3.898104,16,physical,2,42
padded_benes_16x16,default,12-7-0-11-14-8-13-9-6-15-1-5-3-2-4-10,9,15,routed,,2581.743339,36,28,10.668928,5.319441,5.349487,1397.000000,1184.743339,2.525441,5.542093,16,physical,2,42
padded_benes_16x16,default,12-7-0-11-14-8-13-9-6-15-1-5-3-2-4-10,10,1,routed,,2370.765467,29,29,10.795019,5.626488,5.168531,1309.000000,1061.765467,3.008488,3.068784,16,physical,2,42
padded_benes_16x16,default,12-7-0-11-14-8-13-9-6-15-1-5-3-2-4-10,11,5,routed,,3070.822972,56,28,13.196228,6.528582,6.667646,1277.000000,1793.822972,3.974582,0.617551,16,physical,2,42
padded_benes_16x16,default,12-7-0-11-14-8-13-9-6-15-1-5-3-2-4-10,12,3,routed,,2366.429174,45,21,10.549393,5.949535,4.599858,1229.000000,1137.429174,3.491535,2.409004,16,physical,2,42
padded_benes_16x16,default,12-7-0-11-14-8-13-9-6-15-1-5-3-2-4-10,13,2,failed,"cannot route padded_benes_16x16_s2_w9_13.drop to padded_benes_16x16_s3_w5_13.add on physical grid: blocked by port access (port_access_overlap_foreign); candidate=(275.000,176.000)->(265.000,176.000) region=I12/padded_benes_16x16_s2_w8_12.drop:(279.000,176.000)->(265.000,176.000); soft_repeat=I3/repeated_crossing pair=I3-I13 at=(352.000,216.000) source=I13->I3@(352.000,205.000):(352.000,205.000)->(360.000,205.000)x(352.000,277.000)->(352.000,83.000) counters=port_access:68,window:552,same_net:691,crossing_candidate:61,crossing_budget:0,hard_reserved_crossing:0,soft_repeated_crossing:755,soft_reserved_crossing:0,reserved_spacing:31,segment:2122,pops:4602,max_heap:157",,,,,6.013535,,1261.000000,,3.491535,2.192355,16,physical,2,42
padded_benes_16x16,default,12-7-0-11-14-8-13-9-6-15-1-5-3-2-4-10,14,4,failed,"cannot route padded_benes_16x16_s4_w3_7.drop to padded_benes_16x16_s5_w5_7.add on physical grid: blocked by port access (port_access_overlap_foreign); candidate=(485.000,392.000)->(475.000,392.000) region=I11/padded_benes_16x16_s4_w2_6.drop:(489.000,392.000)->(475.000,392.000); soft_repeat=I1/repeated_crossing pair=I1-I14 at=(475.000,421.000) source=I14->I1@(485.000,413.000):(485.000,413.000)->(485.000,421.000)x(475.000,413.000)->(544.000,413.000) counters=port_access:4,window:119,same_net:170,crossing_candidate:13,crossing_budget:0,hard_reserved_crossing:0,soft_repeated_crossing:124,soft_reserved_crossing:0,reserved_spacing:0,segment:301,pops:612,max_heap:61",,,,,5.949535,,1229.000000,,3.491535,2.153963,16,physical,2,42
padded_benes_16x16,default,12-7-0-11-14-8-13-9-6-15-1-5-3-2-4-10,15,10,failed,"cannot route padded_benes_16x16_s2_w10_14.th to padded_benes_16x16_s3_w2_10.add on physical grid counters=port_access:0,window:0,same_net:9,crossing_candidate:0,crossing_budget:0,hard_reserved_crossing:0,soft_repeated_crossing:0,soft_reserved_crossing:0,reserved_spacing:0,segment:1,pops:4,max_heap:1",,,,,5.375441,,1425.000000,,2.525441,4.482961,16,physical,2,42
waksman_16x16,default,7-9-5-6-14-10-12-8-1-2-13-15-4-11-0-3,0,7,routed,,2152.765467,29,28,10.259019,5.706488,4.552531,1349.000000,803.765467,3.008488,3.697789,16,physical,0,42
waksman_16x16,default,7-9-5-6-14-10-12-8-1-2-13-15-4-11-0-3,1,9,failed,"cannot route waksman_16x16_s2_w1_5.th to waksman_16x16_s3_w1_9.in on physical grid: blocked by port access (port_access_overlap_foreign); candidate=(323.000,400.000)->(315.000,400.000) region=I2/waksman_16x16_s2_w2_6.th:(311.000,400.000)->(325.000,400.000); soft_repeat=I2/repeated_crossing pair=I1-I2 at=(336.000,400.000) source=I1->I2@(152.000,479.000):(136.000,479.000)->(160.000,479.000)x(152.000,454.000)->(152.000,526.000) counters=port_access:178,window:520,same_net:942,crossing_candidate:50,crossing_budget:0,hard_reserved_crossing:0,soft_repeated_crossing:382,soft_reserved_crossing:0,reserved_spacing:144,segment:1454,pops:5092,max_heap:187",,,,,4.061630,,1121.000000,,1.819630,8.509216,16,physical,0,42
waksman_16x16,default,7-9-5-6-14-10-12-8-1-2-13-15-4-11-0-3,2,5,routed,,2410.429174,45,25,10.554346,5.162488,5.391858,1077.000000,1333.429174,3.008488,4.645253,16,physical,0,42
waksman_16x16,default,7-9-5-6-14-10-12-8-1-2-13-15-4-11-0-3,3,6,routed,,2606.035376,34,23,10.207512,5.327441,4.880071,1401.000000,1205.035376,2.525441,5.468245,16,physical,0,42
waksman_16x16,default,7-9-5-6-14-10-12-8-1-2-13-15-4-11-0-3,4,14,failed,"cannot route waksman_16x16_s1_w4_6.drop to waksman_16x16_s2_w2_6.add on physical grid: blocked by port access (port_access_overlap_foreign); candidate=(170.000,328.000)->(160.000,328.000) region=I5/waksman_16x16_s1_w5_7.in:(174.000,328.000)->(160.000,328.000); soft_repeat=I0/repeated_crossing pair=I0-I4 at=(240.000,320.000) source=I4->I0@(240.000,288.000):(240.000,288.000)->(248.000,288.000)x(240.000,464.000)->(240.000,256.000) counters=port_access:60,window:238,same_net:430,crossing_candidate:31,crossing_budget:0,hard_reserved_crossing:0,soft_repeated_crossing:407,soft_reserved_crossing:0,reserved_spacing:95,segment:1224,pops:2156,max_heap:110",,,,,3.911149,,1027.000000,,1.857149,6.881032,16,physical,0,42
waksman_16x16,default,7-9-5-6-14-10-12-8-1-2-13-15-4-11-0-3,5,10,routed,,2632.867229,42,19,10.644505,5.422771,5.221734,1077.000000,1555.867229,3.268771,2.647586,16,physical,0,42
waksman_16x16,default,7-9-5-6-14-10-12-8-1-2-13-15-4-11-0-3,6,12,routed,,2212.181394,33,18,9.435370,5.512007,3.923363,1233.000000,979.181394,3.046007,2.123463,16,physical,0,42
waksman_16x16,default,7-9-5-6-14-10-12-8-1-2-13-15-4-11-0-3,7,8,routed,,1728.619449,30,21,8.976010,5.550771,3.425239,1141.000000,587.619449,3.268771,1.933857,16,physical,0,42
waksman_16x16,default,7-9-5-6-14-10-12-8-1-2-13-15-4-11-0-3,8,1,failed,"cannot route waksman_16x16_s2_w10_14.drop to waksman_16x16_s3_w6_14.add on physical grid: blocked by port access (port_access_overlap_foreign); candidate=(315.000,104.000)->(304.000,104.000) region=I13/waksman_16x16_s2_w10_14.add:(311.000,104.000)->(325.000,104.000); soft_repeat=I0/repeated_crossing pair=I0-I8 at=(240.000,263.000) source=I8->I0@(256.000,256.000):(256.000,256.000)->(256.000,263.000)x(240.000,256.000)->(370.000,256.000) counters=port_access:41,window:846,same_net:1056,crossing_candidate:92,crossing_budget:0,hard_reserved_crossing:0,soft_repeated_crossing:653,soft_reserved_crossing:0,reserved_spacing:72,segment:2533,pops:4659,max_heap:176",,,,,6.987628,,1265.000000,,4.457628,-0.329298,16,physical,0,42
waksman_16x16,default,7-9-5-6-14-10-12-8-1-2-13-15-4-11-0-3,9,2,routed,,2157.159265,40,19,9.422807,5.306488,4.116319,1149.000000,1008.159265,3.008488,4.548903,16,physical,0,42
waksman_16x16,default,7-9-5-6-14-10-12-8-1-2-13-15-4-11-0-3,10,13,failed,"cannot route waksman_16x16_s1_w8_10.th to waksman_16x16_s2_w8_12.in on physical grid counters=port_access:0,window:0,same_net:14,crossing_candidate:0,crossing_budget:0,hard_reserved_crossing:0,soft_repeated_crossing:0,soft_reserved_crossing:0,reserved_spacing:0,segment:2,pops:7,max_heap:2",,,,,4.708960,,1073.000000,,2.562960,4.524733,16,physical,0,42
waksman_16x16,default,7-9-5-6-14-10-12-8-1-2-13-15-4-11-0-3,11,15,routed,,2009.787596,22,13,6.803678,3.380103,3.423575,1003.000000,1006.787596,1.374103,9.724467,16,physical,0,42
waksman_16x16,default,7-9-5-6-14-10-12-8-1-2-13-15-4-11-0-3,12,4,failed,"cannot route waksman_16x16_s2_w9_13.drop to waksman_16x16_s3_w5_13.add on physical grid: blocked by port access (port_access_overlap_foreign); candidate=(376.000,212.000)->(370.000,212.000) region=I6/waksman_16x16_s3_w5_13.drop:(384.000,212.000)->(370.000,212.000); soft_repeat=I0/repeated_crossing pair=I0-I12 at=(240.000,263.000) source=I12->I0@(248.000,256.000):(248.000,256.000)->(248.000,263.000)x(240.000,256.000)->(370.000,256.000) counters=port_access:66,window:831,same_net:1694,crossing_candidate:179,crossing_budget:0,hard_reserved_crossing:0,soft_repeated_crossing:856,soft_reserved_crossing:0,reserved_spacing:146,segment:3543,pops:7367,max_heap:300",,,,,5.682488,,1337.000000,,3.008488,3.339264,16,physical,0,42
waksman_16x16,default,7-9-5-6-14-10-12-8-1-2-13-15-4-11-0-3,13,11,routed,,2248.035376,34,26,10.534842,5.694771,4.840071,1213.000000,1035.035376,3.268771,2.095640,16,physical,0,42
waksman_16x16,default,7-9-5-6-14-10-12-8-1-2-13-15-4-11-0-3,14,0,failed,"cannot route waksman_16x16_s3_w3_11.th to waksman_16x16_s4_w3_7.in on physical grid: blocked by route window; soft_repeat=I0/repeated_crossing pair=I0-I14 at=(448.000,292.000) source=I14->I0@(448.000,263.000):(456.000,263.000)->(430.000,263.000)x(448.000,256.000)->(448.000,485.000) counters=port_access:0,window:223,same_net:849,crossing_candidate:22,crossing_budget:0,hard_reserved_crossing:0,soft_repeated_crossing:435,soft_reserved_crossing:0,reserved_spacing:38,segment:1121,pops:2777,max_heap:115",,,,,6.464582,,1245.000000,,3.974582,0.709819,16,physical,0,42
waksman_16x16,default,7-9-5-6-14-10-12-8-1-2-13-15-4-11-0-3,15,3,failed,"cannot route waksman_16x16_s1_w12_14.th to waksman_16x16_s2_w8_12.add on physical grid: A* pop limit exceeded; soft_repeat=I0/repeated_crossing pair=I0-I15 at=(240.000,263.000) source=I15->I0@(248.000,256.000):(248.000,256.000)->(248.000,263.000)x(240.000,256.000)->(370.000,256.000) counters=port_access:136,window:884,same_net:1305,crossing_candidate:81,crossing_budget:0,hard_reserved_crossing:0,soft_repeated_crossing:415,soft_reserved_crossing:0,reserved_spacing:308,segment:2517,pops:8001,max_heap:318",,,,,6.971628,,1257.000000,,4.457628,-0.423147,16,physical,0,42
waksman_16x16,default,5-1-13-12-2-4-15-10-6-11-3-14-0-9-8-7,0,5,failed,"cannot route waksman_16x16_s3_w6_14.th to waksman_16x16_s4_w2_6.add on physical grid: A* pop limit exceeded; soft_repeat=I1/repeated_crossing pair=I0-I1 at=(443.000,299.000) source=I0->I1@(48.000,526.000):(20.000,526.000)->(55.000,526.000)x(48.000,518.000)->(48.000,539.000) counters=port_access:120,window:404,same_net:1029,crossing_candidate:160,crossing_budget:0,hard_reserved_crossing:0,soft_repeated_crossing:861,soft_reserved_crossing:0,reserved_spacing:62,segment:2670,pops:8001,max_heap:395",,,,,6.165535,,1337.000000,,3.491535,1.875992,16,physical,1,42
waksman_16x16,default,5-1-13-12-2-4-15-10-6-11-3-14-0-9-8-7,1,1,routed,,1932.911486,28,15,8.031264,4.895441,3.135823,1185.000000,747.911486,2.525441,5.918554,16,physical,1,42
waksman_16x16,default,5-1-13-12-2-4-15-10-6-11-3-14-0-9-8-7,2,13,routed,,1759.641578,23,9,7.580290,5.432007,2.148283,1193.000000,566.641578,3.046007,2.410238,16,physical,1,42
waksman_16x16,default,5-1-13-12-2-4-15-10-6-11-3-14-0-9-8-7,3,12,failed,"cannot route waksman_16x16_s1_w1_3.th to waksman_16x16_s2_w1_5.in on physical grid counters=port_access:0,window:0,same_net:9,crossing_candidate:0,crossing_budget:0,hard_reserved_crossing:0,soft_repeated_crossing:0,soft_reserved_crossing:0,reserved_spacing:0,segment:1,pops:4,max_heap:1",,,,,5.384007,,1169.000000,,3.046007,2.662472,16,physical,1,42
waksman_16x16,default,5-1-13-12-2-4-15-10-6-11-3-14-0-9-8-7,4,2,routed,,1453.641578,23,8,6.347724,4.583441,1.764283,1029.000000,424.641578,2.525441,6.419222,16,physical,1,42
waksman_16x16,default,5-1-13-12-2-4-15-10-6-11-3-14-0-9-8-7,5,4,routed,,1838.911486,28,8,7.626311,5.346488,2.279823,1169.000000,669.911486,3.008488,4.490265,16,physical,1,42
waksman_16x16,default,5-1-13-12-2-4-15-10-6-11-3-14-0-9-8-7,6,15,failed,"cannot route waksman_16x16_s2_w3_7.drop to waksman_16x16_s3_w7_15.in on physical grid: blocked by route window; soft_repeat=I1/repeated_crossing pair=I1-I6 at=(240.000,377.000) source=I6->I1@(248.000,377.000):(248.000,371.000)->(248.000,392.000)x(160.000,377.000)->(265.000,377.000) counters=port_access:0,window:49,same_net:68,crossing_candidate:4,crossing_budget:0,hard_reserved_crossing:0,soft_repeated_crossing:16,soft_reserved_crossing:0,reserved_spacing:4,segment:78,pops:192,max_heap:28",,,,,3.975149,,1059.000000,,1.857149,6.075468,16,physical,1,42
waksman_16x16,default,5-1-13-12-2-4-15-10-6-11-3-14-0-9-8-7,7,10,failed,"cannot route waksman_16x16_s3_w2_10.drop to waksman_16x16_s5_w8_10.add on physical grid: blocked by port access (port_access_overlap_foreign); candidate=(380.000,176.000)->(376.000,176.000) region=I11/waksman_16x16_s3_w6_14.drop:(384.000,176.000)->(370.000,176.000); soft_repeat=I1/repeated_crossing pair=I1-I7 at=(352.000,292.000) source=I7->I1@(160.000,392.000):(152.000,392.000)->(248.000,392.000)x(160.000,464.000)->(160.000,377.000) counters=port_access:12,window:112,same_net:106,crossing_candidate:19,crossing_budget:0,hard_reserved_crossing:0,soft_repeated_crossing:72,soft_reserved_crossing:0,reserved_spacing:13,segment:330,pops:511,max_heap:72",,,,,4.963724,,1089.000000,,2.785724,3.798514,16,physical,1,42
waksman_16x16,default,5-1-13-12-2-4-15-10-6-11-3-14-0-9-8-7,8,6,routed,,2078.473431,31,18,9.120435,5.434488,3.685947,1213.000000,865.473431,3.008488,3.877130,16,physical,1,42
waksman_16x16,default,5-1-13-12-2-4-15-10-6-11-3-14-0-9-8-7,9,11,routed,,2476.327412,32,12,8.132285,4.405630,3.726655,1293.000000,1183.327412,1.819630,8.115754,16,physical,1,42
waksman_16x16,default,5-1-13-12-2-4-15-10-6-11-3-14-0-9-8-7,10,3,failed,"cannot route waksman_16x16_s2_w9_13.drop to waksman_16x16_s3_w5_13.add on physical grid: blocked by port access (port_access_overlap_foreign); candidate=(275.000,112.000)->(265.000,112.000) region=I11/waksman_16x16_s2_w10_14.in:(279.000,112.000)->(265.000,112.000); soft_repeat=I8/repeated_crossing pair=I8-I10 at=(265.000,125.000) source=I10->I8@(256.000,148.000):(244.000,148.000)->(265.000,148.000)x(256.000,176.000)->(256.000,125.000) counters=port_access:12,window:61,same_net:68,crossing_candidate:8,crossing_budget:0,hard_reserved_crossing:0,soft_repeated_crossing:57,soft_reserved_crossing:0,reserved_spacing:9,segment:142,pops:209,max_heap:25",,,,,6.795628,,1169.000000,,4.457628,-0.803842,16,physical,1,42
waksman_16x16,default,5-1-13-12-2-4-15-10-6-11-3-14-0-9-8-7,11,14,routed,,2023.203522,26,10,7.033556,3.887149,3.146407,1015.000000,1008.203522,1.857149,6.290857,16,physical,1,42
waksman_16x16,default,5-1-13-12-2-4-15-10-6-11-3-14-0-9-8-7,12,0,routed,,1898.035376,34,16,9.057606,5.829535,3.228071,1169.000000,729.035376,3.491535,1.989527,16,physical,1,42
waksman_16x16,default,5-1-13-12-2-4-15-10-6-11-3-14-0-9-8-7,13,9,failed,"cannot route waksman_16x16_s2_w9_13.th to waksman_16x16_s3_w1_9.add on physical grid: A* pop limit exceeded; soft_repeat=I1/repeated_crossing pair=I1-I13 at=(338.000,356.000) source=I13->I1@(352.000,292.000):(352.000,288.000)->(352.000,299.000)x(338.000,292.000)->(370.000,292.000) counters=port_access:87,window:400,same_net:1252,crossing_candidate:91,crossing_budget:0,hard_reserved_crossing:0,soft_repeated_crossing:511,soft_reserved_crossing:0,reserved_spacing:103,segment:2237,pops:8001,max_heap:533",,,,,4.525630,,1353.000000,,1.819630,8.465512,16,physical,1,42
waksman_16x16,default,5-1-13-12-2-4-15-10-6-11-3-14-0-9-8-7,14,8,failed,"cannot route waksman_16x16_s2_w8_12.th to waksman_16x16_s3_w0_8.add on physical grid: A* pop limit exceeded; soft_repeat=I1/repeated_crossing pair=I1-I14 at=(344.000,292.000) source=I14->I1@(338.000,299.000):(336.000,299.000)->(344.000,299.000)x(338.000,364.000)->(338.000,292.000) counters=port_access:100,window:372,same_net:1344,crossing_candidate:121,crossing_budget:0,hard_reserved_crossing:0,soft_repeated_crossing:467,soft_reserved_crossing:0,reserved_spacing:77,segment:2368,pops:8001,max_heap:656",,,,,4.856677,,1277.000000,,2.302677,4.991670,16,physical,1,42
waksman_16x16,default,5-1-13-12-2-4-15-10-6-11-3-14-0-9-8-7,15,7,failed,"cannot route waksman_16x16_s4_w3_7.drop to waksman_16x16_s5_w5_7.add on physical grid: blocked by route window; soft_repeat=I1/repeated_crossing pair=I1-I15 at=(464.000,364.000) source=I15->I1@(456.000,364.000):(456.000,360.000)->(456.000,371.000)x(443.000,364.000)->(475.000,364.000) counters=port_access:0,window:180,same_net:278,crossing_candidate:23,crossing_budget:0,hard_reserved_crossing:0,soft_repeated_crossing:98,soft_reserved_crossing:0,reserved_spacing:16,segment:380,pops:1173,max_heap:108",,,,,4.540394,,1249.000000,,2.042394,8.220698,16,physical,1,42
waksman_16x16,default,12-7-0-11-14-8-13-9-6-15-1-5-3-2-4-10,0,12,failed,"cannot route waksman_16x16_s2_w0_4.drop to waksman_16x16_s3_w4_12.in on physical grid: blocked by port access (port_access_overlap_foreign); candidate=(275.000,184.000)->(265.000,184.000) region=I8/waksman_16x16_s2_w8_12.in:(279.000,184.000)->(265.000,184.000); soft_repeat=I1/repeated_crossing pair=I0-I1 at=(240.000,377.000) source=I0->I1@(48.000,526.000):(20.000,526.000)->(55.000,526.000)x(48.000,518.000)->(48.000,539.000) counters=port_access:8,window:215,same_net:504,crossing_candidate:86,crossing_budget:0,hard_reserved_crossing:0,soft_repeated_crossing:500,soft_reserved_crossing:0,reserved_spacing:70,segment:1495,pops:2513,max_heap:128",,,,,4.345913,,1133.000000,,2.079913,6.229343,16,physical,2,42
waksman_16x16,default,12-7-0-11-14-8-13-9-6-15-1-5-3-2-4-10,1,7,routed,,2837.159265,40,25,10.899760,5.383441,5.516319,1429.000000,1408.159265,2.525441,4.624090,16,physical,2,42
waksman_16x16,default,12-7-0-11-14-8-13-9-6-15-1-5-3-2-4-10,2,0,routed,,1637.641578,23,22,7.632678,4.260394,3.372283,1109.000000,528.641578,2.042394,9.118248,16,physical,2,42
waksman_16x16,default,12-7-0-11-14-8-13-9-6-15-1-5-3-2-4-10,3,11,routed,,2180.035376,34,24,9.715795,4.979724,4.736071,1097.000000,1083.035376,2.785724,4.260591,16,physical,2,42
waksman_16x16,default,12-7-0-11-14-8-13-9-6-15-1-5-3-2-4-10,4,14,failed,"cannot route waksman_16x16_s2_w2_6.drop to waksman_16x16_s3_w6_14.in on physical grid: blocked by route window; soft_repeat=I1/repeated_crossing pair=I1-I4 at=(232.000,377.000) source=I4->I1@(240.000,377.000):(240.000,392.000)->(240.000,371.000)x(160.000,377.000)->(265.000,377.000) counters=port_access:0,window:94,same_net:48,crossing_candidate:6,crossing_budget:0,hard_reserved_crossing:0,soft_repeated_crossing:51,soft_reserved_crossing:0,reserved_spacing:7,segment:124,pops:199,max_heap:22",,,,,3.911149,,1027.000000,,1.857149,6.881032,16,physical,2,42
waksman_16x16,default,12-7-0-11-14-8-13-9-6-15-1-5-3-2-4-10,5,8,routed,,2013.743339,36,19,9.859304,5.929818,3.929487,1089.000000,924.743339,3.751818,1.546705,16,physical,2,42
waksman_16x16,default,12-7-0-11-14-8-13-9-6-15-1-5-3-2-4-10,6,13,routed,,2262.181394,33,18,9.052323,5.060960,3.991363,1249.000000,1013.181394,2.562960,3.559254,16,physical,2,42
waksman_16x16,default,12-7-0-11-14-8-13-9-6-15-1-5-3-2-4-10,7,9,routed,,1812.327412,32,20,9.536472,6.065818,3.470655,1157.000000,655.327412,3.751818,0.639284,16,physical,2,42
waksman_16x16,default,12-7-0-11-14-8-13-9-6-15-1-5-3-2-4-10,8,6,routed,,1720.473431,31,17,8.304435,5.370488,2.933947,1181.000000,539.473431,3.008488,4.369084,16,physical,2,42
waksman_16x16,default,12-7-0-11-14-8-13-9-6-15-1-5-3-2-4-10,9,15,failed,"cannot route waksman_16x16_s3_w7_15.drop to O15 on physical grid: blocked by route window; soft_repeat=I5/repeated_crossing pair=I5-I9 at=(370.000,197.000) source=I9->I5@(360.000,205.000):(360.000,205.000)->(370.000,205.000)x(360.000,263.000)->(360.000,197.000) counters=port_access:0,window:132,same_net:261,crossing_candidate:0,crossing_budget:0,hard_reserved_crossing:0,soft_repeated_crossing:11,soft_reserved_crossing:0,reserved_spacing:8,segment:158,pops:1142,max_heap:177",,,,,3.887149,,1015.000000,,1.857149,6.641744,16,physical,2,42
waksman_16x16,default,12-7-0-11-14-8-13-9-6-15-1-5-3-2-4-10,10,1,routed,,2030.473431,31,19,9.124435,5.306488,3.817947,1149.000000,881.473431,3.008488,3.082532,16,physical,2,42
waksman_16x16,default,12-7-0-11-14-8-13-9-6-15-1-5-3-2-4-10,11,5,routed,,3099.991118,48,29,13.314564,6.528582,6.785982,1277.000000,1822.991118,3.974582,0.619803,16,physical,2,42
waksman_16x16,default,12-7-0-11-14-8-13-9-6-15-1-5-3-2-4-10,12,3,failed,"cannot route waksman_16x16_s2_w8_12.drop to waksman_16x16_s3_w4_12.add on physical grid: blocked by port access (port_access_overlap_foreign); candidate=(275.000,184.000)->(265.000,184.000) region=I8/waksman_16x16_s2_w8_12.in:(279.000,184.000)->(265.000,184.000); soft_repeat=I1/repeated_crossing pair=I1-I12 at=(315.000,216.000) source=I12->I1@(336.000,155.000):(336.000,125.000)->(336.000,176.000)x(315.000,155.000)->(370.000,155.000) counters=port_access:28,window:473,same_net:1274,crossing_candidate:120,crossing_budget:0,hard_reserved_crossing:0,soft_repeated_crossing:1105,soft_reserved_crossing:0,reserved_spacing:81,segment:2999,pops:5957,max_heap:404",,,,,5.949535,,1229.000000,,3.491535,2.287584,16,physical,2,42
waksman_16x16,default,12-7-0-11-14-8-13-9-6-15-1-5-3-2-4-10,13,2,routed,,2728.575192,44,21,11.268685,6.013535,5.255150,1261.000000,1467.575192,3.491535,2.172619,16,physical,2,42
waksman_16x16,default,12-7-0-11-14-8-13-9-6-15-1-5-3-2-4-10,14,4,failed,"cannot route waksman_16x16_s4_w1_5.drop to waksman_16x16_s5_w5_7.in on physical grid: blocked by port access (port_access_overlap_foreign); candidate=(485.000,400.000)->(475.000,400.000) region=I2/waksman_16x16_s4_w2_6.in:(489.000,400.000)->(475.000,400.000); soft_repeat=I1/repeated_crossing pair=I1-I14 at=(475.000,413.000) source=I14->I1@(315.000,197.000):(256.000,197.000)->(336.000,197.000)x(315.000,227.000)->(315.000,155.000) counters=port_access:72,window:874,same_net:1036,crossing_candidate:125,crossing_budget:0,hard_reserved_crossing:0,soft_repeated_crossing:730,soft_reserved_crossing:0,reserved_spacing:149,segment:2357,pops:5134,max_heap:214",,,,,6.141535,,1325.000000,,3.491535,1.735247,16,physical,2,42
waksman_16x16,default,12-7-0-11-14-8-13-9-6-15-1-5-3-2-4-10,15,10,failed,"cannot route waksman_16x16_s2_w10_14.th to waksman_16x16_s3_w2_10.add on physical grid counters=port_access:0,window:0,same_net:9,crossing_candidate:0,crossing_budget:0,hard_reserved_crossing:0,soft_repeated_crossing:0,soft_reserved_crossing:0,reserved_spacing:0,segment:1,pops:4,max_heap:1",,,,,4.784677,,1241.000000,,2.302677,5.183912,16,physical,2,42
spanke_benes_16x16,default,7-9-5-6-14-10-12-8-1-2-13-15-4-11-0-3,0,7,routed,,5998.048623,75,37,24.353232,15.520134,8.833097,3619.000000,2379.048623,8.282134,-8.417103,16,physical,0,42
spanke_benes_16x16,default,7-9-5-6-14-10-12-8-1-2-13-15-4-11-0-3,1,9,routed,,6226.734457,84,34,24.815886,15.844417,8.971469,3651.000000,2575.734457,8.542417,-10.230852,16,physical,0,42
spanke_benes_16x16,default,7-9-5-6-14-10-12-8-1-2-13-15-4-11-0-3,2,5,routed,,4810.283155,46,29,20.141645,13.997079,6.144566,3303.000000,1507.283155,7.391079,-6.345236,16,physical,0,42
spanke_benes_16x16,default,7-9-5-6-14-10-12-8-1-2-13-15-4-11-0-3,3,6,routed,,6245.902604,76,37,24.853940,15.640134,9.213805,3679.000000,2566.902604,8.282134,-8.129376,16,physical,0,42
spanke_benes_16x16,default,7-9-5-6-14-10-12-8-1-2-13-15-4-11-0-3,4,14,routed,,4922.822972,56,16,19.452045,14.580399,4.871646,3427.000000,1495.822972,7.726399,-11.369966,16,physical,0,42
spanke_benes_16x16,default,7-9-5-6-14-10-12-8-1-2-13-15-4-11-0-3,5,10,routed,,5408.238898,60,25,20.562029,13.967551,6.594478,3511.000000,1897.238898,6.945551,-7.753316,16,physical,0,42
spanke_benes_16x16,default,7-9-5-6-14-10-12-8-1-2-13-15-4-11-0-3,6,12,routed,,4961.115008,54,18,18.752536,13.614306,5.138230,3427.000000,1534.115008,6.760306,-8.393159,16,physical,0,42
spanke_benes_16x16,default,7-9-5-6-14-10-12-8-1-2-13-15-4-11-0-3,7,8,routed,,5406.238898,60,23,21.324122,14.933644,6.390478,3511.000000,1895.238898,7.911644,-8.840198,16,physical,0,42
spanke_benes_16x16,default,7-9-5-6-14-10-12-8-1-2-13-15-4-11-0-3,8,1,routed,,4575.115008,54,24,19.731874,14.405644,5.326230,3247.000000,1328.115008,7.911644,-7.914388,16,physical,0,42
spanke_benes_16x16,default,7-9-5-6-14-10-12-8-1-2-13-15-4-11-0-3,9,2,routed,,5976.734457,84,30,24.176169,16.048700,8.127469,3623.000000,2353.734457,8.802700,-8.996662,16,physical,0,42
spanke_benes_16x16,default,7-9-5-6-14-10-12-8-1-2-13-15-4-11-0-3,10,13,routed,,4330.035376,34,11,14.127416,10.771346,3.356071,3287.000000,1043.035376,4.197346,-3.061185,16,physical,0,42
spanke_benes_16x16,default,7-9-5-6-14-10-12-8-1-2-13-15-4-11-0-3,11,15,routed,,3869.787596,22,6,11.495582,9.452007,2.043575,3203.000000,666.787596,3.046007,-2.485585,16,physical,0,42
spanke_benes_16x16,default,7-9-5-6-14-10-12-8-1-2-13-15-4-11-0-3,12,4,routed,,5251.902604,76,18,21.821826,16.104021,5.717805,3483.000000,1768.902604,9.138021,-9.678049,16,physical,0,42
spanke_benes_16x16,default,7-9-5-6-14-10-12-8-1-2-13-15-4-11-0-3,13,11,routed,,4120.619449,30,8,13.648867,10.975628,2.673239,3259.000000,861.619449,4.457628,-2.889779,16,physical,0,42
spanke_benes_16x16,default,7-9-5-6-14-10-12-8-1-2-13-15-4-11-0-3,14,0,routed,,5070.880476,83,16,22.260875,16.950114,5.310761,3423.000000,1647.880476,10.104114,-10.127094,16,physical,0,42
spanke_benes_16x16,default,7-9-5-6-14-10-12-8-1-2-13-15-4-11-0-3,15,3,routed,,5014.384916,59,14,20.416263,15.546493,4.869770,3427.000000,1587.384916,8.692493,-7.598407,16,physical,0,42
spanke_benes_16x16,default,5-1-13-12-2-4-15-10-6-11-3-14-0-9-8-7,0,5,routed,,6864.982237,96,46,26.794297,15.478333,11.315964,3747.000000,3117.982237,7.984333,-8.186832,16,physical,1,42
spanke_benes_16x16,default,5-1-13-12-2-4-15-10-6-11-3-14-0-9-8-7,1,1,routed,,4151.203522,26,35,16.908252,11.141845,5.766407,3083.000000,1068.203522,4.975845,0.013298,16,physical,1,42
spanke_benes_16x16,default,5-1-13-12-2-4-15-10-6-11-3-14-0-9-8-7,2,13,routed,,5454.194641,74,21,22.256127,15.899738,6.356389,3511.000000,1943.194641,8.877738,-12.668272,16,physical,1,42
spanke_benes_16x16,default,5-1-13-12-2-4-15-10-6-11-3-14-0-9-8-7,3,12,routed,,5409.610567,78,21,22.186959,15.899738,6.287221,3511.000000,1898.610567,8.877738,-12.001662,16,physical,1,42
spanke_benes_16x16,default,5-1-13-12-2-4-15-10-6-11-3-14-0-9-8-7,4,2,routed,,6649.026494,82,45,25.709339,15.027286,10.682053,3763.000000,2886.026494,7.501286,-6.927897,16,physical,1,42
spanke_benes_16x16,default,5-1-13-12-2-4-15-10-6-11-3-14-0-9-8-7,5,4,routed,,6222.194641,74,39,24.030430,14.674041,9.356389,3679.000000,2543.194641,7.316041,-6.279150,16,physical,1,42
spanke_benes_16x16,default,5-1-13-12-2-4-15-10-6-11-3-14-0-9-8-7,6,15,routed,,4488.721210,43,11,16.867503,13.261061,3.606442,3343.000000,1145.721210,6.575061,-9.810045,16,physical,1,42
spanke_benes_16x16,default,5-1-13-12-2-4-15-10-6-11-3-14-0-9-8-7,7,10,routed,,5108.530935,58,19,19.873178,14.376116,5.497062,3455.000000,1653.530935,7.466116,-8.406295,16,physical,1,42
spanke_benes_16x16,default,5-1-13-12-2-4-15-10-6-11-3-14-0-9-8-7,8,6,routed,,5514.238898,60,27,20.713746,13.763268,6.950478,3539.000000,1975.238898,6.685268,-5.956171,16,physical,1,42
spanke_benes_16x16,default,5-1-13-12-2-4-15-10-6-11-3-14-0-9-8-7,9,11,routed,,4656.575192,44,14,17.247928,13.056778,4.191150,3371.000000,1285.575192,6.314778,-6.297147,16,physical,1,42
spanke_benes_16x16,default,5-1-13-12-2-4-15-10-6-11-3-14-0-9-8-7,10,3,routed,,5900.734457,84,27,23.278641,15.491172,7.787469,3567.000000,2333.734457,8.357172,-8.274501,16,physical,1,42
spanke_benes_16x16,default,5-1-13-12-2-4-15-10-6-11-3-14-0-9-8-7,11,14,routed,,3969.203522,26,7,12.520225,10.213818,2.306407,3231.000000,738.203522,3.751818,-3.127947,16,physical,1,42
spanke_benes_16x16,default,5-1-13-12-2-4-15-10-6-11-3-14-0-9-8-7,12,0,routed,,4891.464549,79,18,21.115950,15.808021,5.307929,3335.000000,1556.464549,9.138021,-9.334575,16,physical,1,42
spanke_benes_16x16,default,5-1-13-12-2-4-15-10-6-11-3-14-0-9-8-7,13,9,routed,,4410.867229,42,10,15.900984,12.499250,3.401734,3315.000000,1095.867229,5.869250,-4.128514,16,physical,1,42
spanke_benes_16x16,default,5-1-13-12-2-4-15-10-6-11-3-14-0-9-8-7,14,8,routed,,4446.283155,46,10,15.991816,12.499250,3.492566,3315.000000,1131.283155,5.869250,-3.490003,16,physical,1,42
spanke_benes_16x16,default,5-1-13-12-2-4-15-10-6-11-3-14-0-9-8-7,15,7,routed,,4474.867229,42,10,16.028984,12.499250,3.529734,3315.000000,1159.867229,5.869250,-2.850561,16,physical,1,42
spanke_benes_16x16,default,12-7-0-11-14-8-13-9-6-15-1-5-3-2-4-10,0,12,routed,,5617.172512,81,23,23.745658,16.908313,6.837345,3551.000000,2066.172512,9.806313,-13.551844,16,physical,2,42
spanke_benes_16x16,default,12-7-0-11-14-8-13-9-6-15-1-5-3-2-4-10,1,7,routed,,6107.464549,79,37,25.075110,16.035181,9.039929,3635.000000,2472.464549,8.765181,-9.340478,16,physical,2,42
spanke_benes_16x16,default,12-7-0-11-14-8-13-9-6-15-1-5-3-2-4-10,2,0,routed,,3345.539816,10,28,13.848632,10.097553,3.751080,2895.000000,450.539816,4.307553,-0.035431,16,physical,2,42
spanke_benes_16x16,default,12-7-0-11-14-8-13-9-6-15-1-5-3-2-4-10,3,11,routed,,5568.486678,72,23,22.414428,15.695455,6.718973,3539.000000,2029.486678,8.617455,-10.486474,16,physical,2,42
spanke_benes_16x16,default,12-7-0-11-14-8-13-9-6-15-1-5-3-2-4-10,4,14,routed,,4918.822972,56,15,19.344045,14.580399,4.763646,3427.000000,1491.822972,7.726399,-11.222988,16,physical,2,42
spanke_benes_16x16,default,12-7-0-11-14-8-13-9-6-15-1-5-3-2-4-10,5,8,routed,,5631.362788,66,28,22.749898,15.491172,7.258726,3567.000000,2064.362788,8.357172,-9.283844,16,physical,2,42
spanke_benes_16x16,default,12-7-0-11-14-8-13-9-6-15-1-5-3-2-4-10,6,13,routed,,4843.407045,52,14,18.367403,13.818589,4.548814,3399.000000,1444.407045,7.020589,-9.207758,16,physical,2,42
spanke_benes_16x16,default,12-7-0-11-14-8-13-9-6-15-1-5-3-2-4-10,7,9,routed,,5266.530935,58,23,21.294989,15.137927,6.157062,3483.000000,1783.530935,8.171927,-9.398010,16,physical,2,42
spanke_benes_16x16,default,12-7-0-11-14-8-13-9-6-15-1-5-3-2-4-10,8,6,routed,,5438.778714,70,21,22.911106,16.661549,6.249557,3539.000000,1899.778714,9.583549,-10.619534,16,physical,2,42
spanke_benes_16x16,default,12-7-0-11-14-8-13-9-6-15-1-5-3-2-4-10,9,15,routed,,4142.473431,31,7,13.597575,10.975628,2.621947,3259.000000,883.473431,4.457628,-5.768325,16,physical,2,42
spanke_benes_16x16,default,12-7-0-11-14-8-13-9-6-15-1-5-3-2-4-10,10,1,routed,,5998.734457,84,31,24.320169,16.048700,8.271469,3623.000000,2375.734457,8.802700,-9.198856,16,physical,2,42
spanke_benes_16x16,default,12-7-0-11-14-8-13-9-6-15-1-5-3-2-4-10,11,5,routed,,5256.632696,71,15,21.506286,16.104021,5.402265,3483.000000,1773.632696,9.138021,-9.174834,16,physical,2,42
spanke_benes_16x16,default,12-7-0-11-14-8-13-9-6-15-1-5-3-2-4-10,12,3,routed,,5469.610567,78,19,22.106959,15.899738,6.207221,3511.000000,1958.610567,8.877738,-8.074393,16,physical,2,42
spanke_benes_16x16,default,12-7-0-11-14-8-13-9-6-15-1-5-3-2-4-10,13,2,routed,,5493.026494,82,23,22.573791,15.899738,6.674053,3511.000000,1982.026494,8.877738,-7.401728,16,physical,2,42
spanke_benes_16x16,default,12-7-0-11-14-8-13-9-6-15-1-5-3-2-4-10,14,4,failed,capped rip-up hop exhausted bounded candidates before A*: deterministic hop candidate has multiple crossings on one segment,,,,,14.580399,,3427.000000,,7.726399,-5.052758,16,physical,2,42
spanke_benes_16x16,default,12-7-0-11-14-8-13-9-6-15-1-5-3-2-4-10,15,10,routed,,3969.203522,26,7,12.520225,10.213818,2.306407,3231.000000,738.203522,3.751818,2.194732,16,physical,2,42
