topology,layout,permutation,input_port,output_port,route_status,failure_reason,physical_wiring_um,bend_count,crossing_count,physical_il_db,topology_il_db,il_delta_db,topology_wiring_um,wiring_delta_um,mrr_loss_db,sxr_db,n_logical,layer,perm_idx,seed
padded_benes_4x4,default,1-2-0,0,1,routed,,547.685835,9,3,1.546603,0.904232,0.642372,349.000000,198.685835,0.106232,20.897640,3,physical,0,42
padded_benes_4x4,default,1-2-0,1,2,routed,,916.663706,16,3,2.338892,1.175565,1.163327,425.000000,491.663706,0.125565,20.560822,3,physical,0,42
padded_benes_4x4,default,1-2-0,2,0,routed,,816.517688,17,2,2.062933,1.162898,0.900035,409.000000,407.517688,0.144898,36.782770,3,physical,0,42
padded_benes_4x4,default,0-2-1,0,0,routed,,463.977871,7,4,1.449855,0.852899,0.596956,333.000000,130.977871,0.086899,18.006394,3,physical,1,42
padded_benes_4x4,default,0-2-1,1,2,routed,,916.663706,16,3,2.338892,1.175565,1.163327,425.000000,491.663706,0.125565,20.560822,3,physical,1,42
padded_benes_4x4,default,0-2-1,2,1,routed,,944.517688,17,3,2.399600,1.175565,1.224035,425.000000,519.517688,0.125565,20.617534,3,physical,1,42
padded_benes_4x4,default,1-0-2,0,1,routed,,563.393798,11,2,1.488019,0.904232,0.583788,349.000000,214.393798,0.106232,17.911512,3,physical,2,42
padded_benes_4x4,default,1-0-2,1,0,failed,"capped rip-up hop exhausted bounded candidates before A*: same-net avoidance candidate outside route window; source=I1->I2@(224.000,94.000):(224.000,107.000)->(224.000,11.000)x(152.000,94.000)->(240.000,94.000)",,,,,1.280232,,437.000000,,0.106232,20.391899,3,physical,2,42
padded_benes_4x4,default,1-0-2,2,2,routed,,739.393798,11,2,1.820686,1.228899,0.591788,421.000000,318.393798,0.086899,20.490621,3,physical,2,42
padded_benes_4x4,default,2-0-1,0,2,routed,,629.101761,13,3,1.729435,1.160232,0.569204,377.000000,252.101761,0.106232,20.511770,3,physical,3,42
padded_benes_4x4,default,2-0-1,1,0,routed,,803.247780,12,4,2.172727,1.280232,0.892496,437.000000,366.247780,0.106232,20.391985,3,physical,3,42
padded_benes_4x4,default,2-0-1,2,1,routed,,675.101761,13,3,1.840768,1.211565,0.629204,393.000000,282.101761,0.125565,34.630616,3,physical,3,42
padded_benes_4x4,default,0-1-2,0,0,routed,,463.977871,7,6,1.649855,0.852899,0.796956,333.000000,130.977871,0.086899,16.226353,3,physical,4,42
padded_benes_4x4,default,0-1-2,1,1,routed,,931.247780,12,6,2.609394,1.292899,1.316496,453.000000,478.247780,0.086899,17.481236,3,physical,4,42
padded_benes_4x4,default,0-1-2,2,2,routed,,765.393798,11,4,2.072686,1.228899,0.843788,421.000000,344.393798,0.086899,20.490621,3,physical,4,42
padded_benes_4x4,default,2-1-0,0,2,routed,,591.393798,11,4,1.744019,1.160232,0.583788,377.000000,214.393798,0.106232,20.511770,3,physical,5,42
padded_benes_4x4,default,2-1-0,1,1,routed,,915.247780,12,5,2.477394,1.292899,1.184496,453.000000,462.247780,0.086899,17.490683,3,physical,5,42
padded_benes_4x4,default,2-1-0,2,0,routed,,621.247780,12,3,1.708727,1.160232,0.548496,377.000000,244.247780,0.106232,20.567729,3,physical,5,42
waksman_3x3,default,1-2-0,0,1,routed,,769.393798,11,5,2.171053,0.999265,1.171788,361.000000,408.393798,0.077265,20.719261,3,physical,0,42
waksman_3x3,default,1-2-0,1,2,routed,,623.539816,10,3,1.693678,1.022598,0.671080,363.000000,260.539816,0.096598,36.906652,3,physical,0,42
waksman_3x3,default,1-2-0,2,0,routed,,539.831853,8,4,1.596929,0.971265,0.625664,347.000000,192.831853,0.077265,20.812478,3,physical,0,42
waksman_3x3,default,0-2-1,0,0,routed,,657.393798,11,4,1.866386,0.986598,0.879788,345.000000,312.393798,0.096598,34.851083,3,physical,1,42
waksman_3x3,default,0-2-1,1,2,routed,,623.539816,10,3,1.693678,1.022598,0.671080,363.000000,260.539816,0.096598,36.906652,3,physical,1,42
waksman_3x3,default,0-2-1,2,1,routed,,631.393798,11,3,1.714386,1.022598,0.691788,363.000000,268.393798,0.096598,36.924906,3,physical,1,42
waksman_3x3,default,1-0-2,0,1,routed,,569.539816,10,3,1.595311,1.104232,0.491080,349.000000,220.539816,0.106232,17.631607,3,physical,2,42
waksman_3x3,default,1-0-2,1,0,routed,,934.955743,14,1,2.117177,0.999265,1.117911,361.000000,573.955743,0.077265,20.672865,3,physical,2,42
waksman_3x3,default,1-0-2,2,2,routed,,670.123890,6,2,1.599214,0.850966,0.748248,361.000000,309.123890,0.028966,20.999562,3,physical,2,42
waksman_3x3,default,2-0-1,0,2,routed,,539.831853,8,2,1.396929,0.971265,0.425664,347.000000,192.831853,0.077265,20.764903,3,physical,3,42
waksman_3x3,default,2-0-1,1,0,routed,,753.247780,12,3,1.943761,0.999265,0.944496,361.000000,392.247780,0.077265,20.672823,3,physical,3,42
waksman_3x3,default,2-0-1,2,1,routed,,623.539816,10,3,1.693678,1.022598,0.671080,363.000000,260.539816,0.096598,36.917614,3,physical,3,42
waksman_3x3,default,0-1-2,0,0,routed,,463.977871,7,4,1.449855,1.052899,0.396956,333.000000,130.977871,0.086899,15.963170,3,physical,4,42
waksman_3x3,default,0-1-2,1,1,routed,,769.831853,8,2,1.837596,1.011933,0.825664,377.000000,392.831853,0.057933,17.762203,3,physical,4,42
waksman_3x3,default,0-1-2,2,2,routed,,670.123890,6,2,1.599214,0.850966,0.748248,361.000000,309.123890,0.028966,20.999562,3,physical,4,42
waksman_3x3,default,2-1-0,0,2,routed,,531.977871,7,2,1.376221,0.971265,0.404956,347.000000,184.977871,0.077265,20.764903,3,physical,5,42
waksman_3x3,default,2-1-0,1,1,routed,,865.247780,12,4,2.248428,1.011933,1.236496,377.000000,488.247780,0.057933,17.757488,3,physical,5,42
waksman_3x3,default,2-1-0,2,0,routed,,539.831853,8,4,1.596929,0.971265,0.625664,347.000000,192.831853,0.077265,20.793436,3,physical,5,42
spanke_benes_3x3,default,1-2-0,0,1,routed,,480.269908,5,3,1.362805,0.735265,0.627540,329.000000,151.269908,0.077265,21.066387,3,physical,0,42
spanke_benes_3x3,default,1-2-0,1,2,routed,,723.539816,10,3,1.874345,0.855265,1.019080,389.000000,334.539816,0.077265,20.946165,3,physical,0,42
spanke_benes_3x3,default,1-2-0,2,0,routed,,637.393798,11,2,1.626386,0.842598,0.783788,373.000000,264.393798,0.096598,41.326499,3,physical,0,42
spanke_benes_3x3,default,0-2-1,0,0,routed,,396.561945,3,4,1.266056,0.683933,0.582124,313.000000,83.561945,0.057933,18.151412,3,physical,1,42
spanke_benes_3x3,default,0-2-1,1,2,routed,,723.539816,10,3,1.874345,0.855265,1.019080,389.000000,334.539816,0.077265,20.946165,3,physical,1,42
spanke_benes_3x3,default,0-2-1,2,1,routed,,765.393798,11,3,1.963053,0.855265,1.107788,389.000000,376.393798,0.077265,20.975131,3,physical,1,42
spanke_benes_3x3,default,1-0-2,0,1,routed,,779.393798,11,5,2.220019,0.908232,1.311788,401.000000,378.393798,0.106232,17.916979,3,physical,2,42
spanke_benes_3x3,default,1-0-2,1,0,routed,,488.123890,6,3,1.383513,0.735265,0.648248,329.000000,159.123890,0.077265,21.143070,3,physical,2,42
spanke_benes_3x3,default,1-0-2,2,2,routed,,628.123890,6,2,1.515214,0.750966,0.764248,361.000000,267.123890,0.028966,21.118895,3,physical,2,42
spanke_benes_3x3,default,2-0-1,0,2,routed,,629.539816,10,2,1.605678,0.842598,0.763080,373.000000,256.539816,0.096598,41.297532,3,physical,3,42
spanke_benes_3x3,default,2-0-1,1,0,routed,,488.123890,6,3,1.383513,0.735265,0.648248,329.000000,159.123890,0.077265,21.114239,3,physical,3,42
spanke_benes_3x3,default,2-0-1,2,1,routed,,743.539816,10,3,1.914345,0.855265,1.059080,389.000000,354.539816,0.077265,20.994464,3,physical,3,42
spanke_benes_3x3,default,0-1-2,0,0,routed,,396.561945,3,4,1.266056,0.683933,0.582124,313.000000,83.561945,0.057933,18.156200,3,physical,4,42
spanke_benes_3x3,default,0-1-2,1,1,routed,,895.247780,12,6,2.537394,0.920899,1.616496,417.000000,478.247780,0.086899,16.139085,3,physical,4,42
spanke_benes_3x3,default,0-1-2,2,2,routed,,628.123890,6,2,1.515214,0.750966,0.764248,361.000000,267.123890,0.028966,21.099562,3,physical,4,42
spanke_benes_3x3,default,2-1-0,0,2,routed,,607.685835,9,2,1.556970,0.842598,0.714372,373.000000,234.685835,0.096598,41.297532,3,physical,5,42
spanke_benes_3x3,default,2-1-0,1,1,routed,,571.831853,8,2,1.480262,0.786598,0.693664,345.000000,226.831853,0.096598,41.377615,3,physical,5,42
spanke_benes_3x3,default,2-1-0,2,0,routed,,637.393798,11,2,1.626386,0.842598,0.783788,373.000000,264.393798,0.096598,41.345832,3,physical,5,42
padded_benes_4x4,default,2-1-3-0,0,2,routed,,664.809725,15,8,2.310851,1.160232,1.150619,377.000000,287.809725,0.106232,17.613447,4,physical,0,42
padded_benes_4x4,default,2-1-3-0,1,1,routed,,915.247780,12,8,2.777394,1.292899,1.484496,453.000000,462.247780,0.086899,15.761267,4,physical,0,42
padded_benes_4x4,default,2-1-3-0,2,3,routed,,1092.225651,19,11,3.485683,1.032232,2.453451,413.000000,679.225651,0.106232,17.821878,4,physical,0,42
padded_benes_4x4,default,2-1-3-0,3,0,routed,,734.809725,15,5,2.170184,1.211565,0.958619,393.000000,341.809725,0.125565,20.496692,4,physical,0,42
padded_benes_4x4,default,0-3-2-1,0,0,routed,,463.977871,7,6,1.649855,0.852899,0.796956,333.000000,130.977871,0.086899,16.232745,4,physical,1,42
padded_benes_4x4,default,0-3-2-1,1,3,routed,,1038.663706,16,6,2.863559,1.288232,1.575327,441.000000,597.663706,0.106232,17.475978,4,physical,1,42
padded_benes_4x4,default,0-3-2-1,2,2,routed,,765.393798,11,8,2.472686,1.228899,1.243788,421.000000,344.393798,0.086899,15.812571,4,physical,1,42
padded_benes_4x4,default,0-3-2-1,3,1,routed,,1028.371669,18,6,2.852975,1.288232,1.564743,441.000000,587.371669,0.106232,17.475978,4,physical,1,42
padded_benes_4x4,default,3-0-1-2,0,3,routed,,734.809725,15,6,2.270184,1.211565,1.058619,393.000000,341.809725,0.125565,20.441242,4,physical,2,42
padded_benes_4x4,default,3-0-1-2,1,0,routed,,803.247780,12,4,2.172727,1.280232,0.892496,437.000000,366.247780,0.106232,17.469926,4,physical,2,42
padded_benes_4x4,default,3-0-1-2,2,1,failed,"capped rip-up hop exhausted bounded candidates before A*: deterministic hop candidate segment is blocked; blocked_by=I3/external/spacing:(120.000,40.000)->(120.000,14.000)",,,,,1.211565,,393.000000,,0.125565,20.441242,4,physical,2,42
padded_benes_4x4,default,3-0-1-2,3,2,routed,,1024.371669,18,6,2.844975,1.032232,1.812743,413.000000,611.371669,0.106232,17.783556,4,physical,2,42
padded_benes_4x4,default,3-2-1-0,0,3,routed,,712.809725,15,5,2.126184,1.211565,0.914619,393.000000,319.809725,0.125565,20.441327,4,physical,3,42
padded_benes_4x4,default,3-2-1-0,1,2,routed,,916.663706,16,5,2.538892,1.275565,1.263327,425.000000,491.663706,0.125565,20.377327,4,physical,3,42
padded_benes_4x4,default,3-2-1-0,2,1,routed,,675.101761,13,5,2.040768,1.211565,0.829204,393.000000,282.101761,0.125565,20.441327,4,physical,3,42
padded_benes_4x4,default,3-2-1-0,3,0,routed,,936.371669,18,5,2.588308,1.275565,1.312743,425.000000,511.371669,0.125565,20.377327,4,physical,3,42
padded_benes_4x4,default,2-0-3-1,0,2,routed,,664.809725,15,8,2.310851,1.160232,1.150619,377.000000,287.809725,0.106232,17.613447,4,physical,4,42
padded_benes_4x4,default,2-0-3-1,1,0,routed,,803.247780,12,7,2.472727,1.280232,1.192496,437.000000,366.247780,0.106232,17.479426,4,physical,4,42
padded_benes_4x4,default,2-0-3-1,2,3,routed,,1092.225651,19,11,3.485683,1.032232,2.453451,413.000000,679.225651,0.106232,17.821878,4,physical,4,42
padded_benes_4x4,default,2-0-3-1,3,1,routed,,826.371669,18,4,2.287641,1.262898,1.024743,409.000000,417.371669,0.144898,34.097714,4,physical,4,42
padded_benes_4x4,default,1-3-0-2,0,1,routed,,547.685835,9,5,1.746603,0.904232,0.842372,349.000000,198.685835,0.106232,17.921202,4,physical,5,42
padded_benes_4x4,default,1-3-0-2,1,3,routed,,1038.663706,16,6,2.863559,1.288232,1.575327,441.000000,597.663706,0.106232,17.485447,4,physical,5,42
padded_benes_4x4,default,1-3-0-2,2,0,routed,,832.225651,19,4,2.304349,1.262898,1.041451,409.000000,423.225651,0.144898,34.097714,4,physical,5,42
padded_benes_4x4,default,1-3-0-2,3,2,routed,,856.955743,14,7,2.590143,1.280232,1.309911,437.000000,419.955743,0.106232,17.507670,4,physical,5,42
padded_benes_4x4,default,2-3-1-0,0,2,routed,,629.393798,11,8,2.220019,1.160232,1.059788,377.000000,252.393798,0.106232,17.613403,4,physical,6,42
padded_benes_4x4,default,2-3-1-0,1,3,routed,,1054.371669,18,8,3.104975,1.288232,1.816743,441.000000,613.371669,0.106232,17.485403,4,physical,6,42
padded_benes_4x4,default,2-3-1-0,2,1,routed,,675.101761,13,5,2.040768,1.211565,0.829204,393.000000,282.101761,0.125565,20.441327,4,physical,6,42
padded_benes_4x4,default,2-3-1-0,3,0,routed,,936.371669,18,5,2.588308,1.275565,1.312743,425.000000,511.371669,0.125565,20.377327,4,physical,6,42
padded_benes_4x4,default,1-3-2-0,0,1,routed,,563.393798,11,3,1.588019,0.904232,0.683788,349.000000,214.393798,0.106232,17.911556,4,physical,7,42
padded_benes_4x4,default,1-3-2-0,1,3,failed,capped rip-up hop exhausted bounded candidates before A*: same-net avoidance candidate outside route window,,,,,1.288232,,441.000000,,0.106232,17.475978,4,physical,7,42
padded_benes_4x4,default,1-3-2-0,2,2,routed,,739.393798,11,5,2.120686,1.228899,0.891788,421.000000,318.393798,0.086899,15.812571,4,physical,7,42
padded_benes_4x4,default,1-3-2-0,3,0,routed,,884.663706,16,4,2.374892,1.275565,1.099327,425.000000,459.663706,0.125565,20.377242,4,physical,7,42
padded_benes_4x4,default,2-1-0-3,0,2,routed,,686.809725,15,8,2.354851,1.160232,1.194619,377.000000,309.809725,0.106232,17.603978,4,physical,8,42
padded_benes_4x4,default,2-1-0-3,1,1,routed,,915.247780,12,8,2.777394,1.292899,1.484496,453.000000,462.247780,0.086899,15.748571,4,physical,8,42
padded_benes_4x4,default,2-1-0-3,2,0,routed,,657.247780,12,8,2.280727,1.160232,1.120496,377.000000,280.247780,0.106232,17.603978,4,physical,8,42
padded_benes_4x4,default,2-1-0-3,3,3,routed,,1176.079633,20,14,3.939058,1.044899,2.894159,429.000000,747.079633,0.086899,16.040745,4,physical,8,42
padded_benes_4x4,default,2-3-0-1,0,2,routed,,591.393798,11,6,1.944019,1.160232,0.783788,377.000000,214.393798,0.106232,17.613403,4,physical,9,42
padded_benes_4x4,default,2-3-0-1,1,3,routed,,1038.663706,16,6,2.863559,1.288232,1.575327,441.000000,597.663706,0.106232,17.485403,4,physical,9,42
padded_benes_4x4,default,2-3-0-1,2,0,routed,,621.393798,11,8,2.204019,1.160232,1.043788,377.000000,244.393798,0.106232,17.613403,4,physical,9,42
padded_benes_4x4,default,2-3-0-1,3,1,routed,,1072.079633,20,8,3.150391,1.288232,1.862159,441.000000,631.079633,0.106232,17.485403,4,physical,9,42
padded_benes_4x4,default,0-1-3-2,0,0,routed,,463.977871,7,8,1.849855,0.852899,0.996956,333.000000,130.977871,0.086899,16.226353,4,physical,10,42
padded_benes_4x4,default,0-1-3-2,1,1,routed,,931.247780,12,8,2.809394,1.292899,1.516496,453.000000,478.247780,0.086899,15.742243,4,physical,10,42
padded_benes_4x4,default,0-1-3-2,2,3,routed,,849.101761,13,9,2.769435,1.280232,1.489204,437.000000,412.101761,0.106232,17.469882,4,physical,10,42
padded_benes_4x4,default,0-1-3-2,3,2,routed,,1409.787596,22,9,3.935807,1.032232,2.903575,413.000000,996.787596,0.106232,17.783512,4,physical,10,42
padded_benes_4x4,default,2-0-1-3,0,2,routed,,717.101761,13,8,2.405435,1.160232,1.245204,377.000000,340.101761,0.106232,17.603978,4,physical,11,42
padded_benes_4x4,default,2-0-1-3,1,0,routed,,834.663706,16,6,2.455559,1.280232,1.175327,437.000000,397.663706,0.106232,17.469926,4,physical,11,42
padded_benes_4x4,default,2-0-1-3,2,1,routed,,734.809725,15,5,2.170184,1.211565,0.958619,393.000000,341.809725,0.125565,20.441242,4,physical,11,42
padded_benes_4x4,default,2-0-1-3,3,3,routed,,1146.371669,18,9,3.369642,1.044899,2.324743,429.000000,717.371669,0.086899,16.040745,4,physical,11,42
padded_benes_4x4,default,3-1-2-0,0,3,routed,,751.101761,13,7,2.392768,1.211565,1.181204,393.000000,358.101761,0.125565,20.441413,4,physical,12,42
padded_benes_4x4,default,3-1-2-0,1,1,routed,,915.247780,12,7,2.677394,1.292899,1.384496,453.000000,462.247780,0.086899,15.761267,4,physical,12,42
padded_benes_4x4,default,3-1-2-0,2,2,routed,,940.517688,17,7,2.791600,1.019565,1.772035,397.000000,543.517688,0.125565,20.790880,4,physical,12,42
padded_benes_4x4,default,3-1-2-0,3,0,routed,,712.809725,15,5,2.126184,1.211565,0.914619,393.000000,319.809725,0.125565,20.496692,4,physical,12,42
padded_benes_4x4,default,1-0-2-3,0,1,routed,,547.685835,9,7,1.946603,0.904232,1.042372,349.000000,198.685835,0.106232,17.911512,4,physical,13,42
padded_benes_4x4,default,1-0-2-3,1,0,routed,,984.371669,18,7,2.864975,1.280232,1.584743,437.000000,547.371669,0.106232,17.469882,4,physical,13,42
padded_benes_4x4,default,1-0-2-3,2,2,routed,,739.393798,11,10,2.620686,1.228899,1.391788,421.000000,318.393798,0.086899,15.806243,4,physical,13,42
padded_benes_4x4,default,1-0-2-3,3,3,routed,,1347.495559,24,10,3.901890,1.044899,2.856991,429.000000,918.495559,0.086899,16.034353,4,physical,13,42
padded_benes_4x4,default,1-2-3-0,0,1,routed,,547.685835,9,5,1.746603,0.904232,0.842372,349.000000,198.685835,0.106232,17.911556,4,physical,14,42
padded_benes_4x4,default,1-2-3-0,1,2,routed,,916.663706,16,5,2.538892,1.275565,1.263327,425.000000,491.663706,0.125565,20.377242,4,physical,14,42
padded_benes_4x4,default,1-2-3-0,2,3,routed,,849.101761,13,7,2.569435,1.280232,1.289204,437.000000,412.101761,0.106232,17.469926,4,physical,14,42
padded_benes_4x4,default,1-2-3-0,3,0,routed,,884.663706,16,5,2.474892,1.275565,1.199327,425.000000,459.663706,0.125565,20.377242,4,physical,14,42
padded_benes_4x4,default,0-2-1-3,0,0,routed,,463.977871,7,6,1.649855,0.852899,0.796956,333.000000,130.977871,0.086899,16.245571,4,physical,15,42
padded_benes_4x4,default,0-2-1-3,1,2,routed,,916.663706,16,5,2.538892,1.275565,1.263327,425.000000,491.663706,0.125565,20.377413,4,physical,15,42
padded_benes_4x4,default,0-2-1-3,2,1,routed,,944.517688,17,5,2.599600,1.275565,1.324035,425.000000,519.517688,0.125565,20.432692,4,physical,15,42
padded_benes_4x4,default,0-2-1-3,3,3,routed,,940.663706,16,6,2.686892,1.331565,1.355327,453.000000,487.663706,0.125565,20.349057,4,physical,15,42
padded_benes_4x4,default,3-2-0-1,0,3,routed,,734.809725,15,5,2.170184,1.211565,0.958619,393.000000,341.809725,0.125565,20.441327,4,physical,16,42
padded_benes_4x4,default,3-2-0-1,1,2,routed,,916.663706,16,5,2.538892,1.275565,1.263327,425.000000,491.663706,0.125565,20.377327,4,physical,16,42
padded_benes_4x4,default,3-2-0-1,2,0,routed,,591.393798,11,6,1.944019,1.160232,0.783788,377.000000,214.393798,0.106232,17.613403,4,physical,16,42
padded_benes_4x4,default,3-2-0-1,3,1,routed,,1012.663706,16,6,2.811559,1.288232,1.523327,441.000000,571.663706,0.106232,17.485403,4,physical,16,42
padded_benes_4x4,default,0-3-1-2,0,0,routed,,463.977871,7,6,1.649855,0.852899,0.796956,333.000000,130.977871,0.086899,16.245571,4,physical,17,42
padded_benes_4x4,default,0-3-1-2,1,3,routed,,1086.371669,18,8,3.168975,1.288232,1.880743,441.000000,645.371669,0.106232,17.485447,4,physical,17,42
padded_benes_4x4,default,0-3-1-2,2,1,routed,,928.809725,15,7,2.758184,1.275565,1.482619,425.000000,503.809725,0.125565,20.432692,4,physical,17,42
padded_benes_4x4,default,0-3-1-2,3,2,routed,,856.955743,14,7,2.590143,1.280232,1.309911,437.000000,419.955743,0.106232,17.507670,4,physical,17,42
padded_benes_4x4,default,3-0-2-1,0,3,routed,,751.101761,13,7,2.392768,1.211565,1.181204,393.000000,358.101761,0.125565,20.441413,4,physical,18,42
padded_benes_4x4,default,3-0-2-1,1,0,routed,,818.955743,14,6,2.414143,1.280232,1.133911,437.000000,381.955743,0.106232,17.479426,4,physical,18,42
padded_benes_4x4,default,3-0-2-1,2,2,routed,,940.517688,17,7,2.791600,1.019565,1.772035,397.000000,543.517688,0.125565,20.790880,4,physical,18,42
padded_benes_4x4,default,3-0-2-1,3,1,routed,,804.371669,18,4,2.243641,1.262898,0.980743,409.000000,395.371669,0.144898,34.097714,4,physical,18,42
padded_benes_4x4,default,1-0-3-2,0,1,routed,,547.685835,9,7,1.946603,0.904232,1.042372,349.000000,198.685835,0.106232,17.911512,4,physical,19,42
padded_benes_4x4,default,1-0-3-2,1,0,routed,,803.247780,12,7,2.472727,1.280232,1.192496,437.000000,366.247780,0.106232,17.469882,4,physical,19,42
padded_benes_4x4,default,1-0-3-2,2,3,routed,,849.101761,13,9,2.769435,1.280232,1.489204,437.000000,412.101761,0.106232,17.469882,4,physical,19,42
padded_benes_4x4,default,1-0-3-2,3,2,routed,,1399.787596,22,9,3.915807,1.032232,2.883575,413.000000,986.787596,0.106232,17.783512,4,physical,19,42
padded_benes_4x4,default,1-2-0-3,0,1,routed,,563.393798,11,3,1.588019,0.904232,0.683788,349.000000,214.393798,0.106232,17.921202,4,physical,20,42
padded_benes_4x4,default,1-2-0-3,1,2,failed,capped rip-up hop exhausted bounded candidates before A*: same-net avoidance candidate outside route window,,,,,1.275565,,425.000000,,0.125565,20.377413,4,physical,20,42
padded_benes_4x4,default,1-2-0-3,2,0,routed,,800.809725,15,3,2.121517,1.262898,0.858619,409.000000,391.809725,0.144898,34.097714,4,physical,20,42
padded_benes_4x4,default,1-2-0-3,3,3,routed,,914.663706,16,4,2.434892,1.331565,1.103327,453.000000,461.663706,0.125565,20.349057,4,physical,20,42
padded_benes_4x4,default,0-1-2-3,0,0,routed,,463.977871,7,8,1.849855,0.852899,0.996956,333.000000,130.977871,0.086899,16.226353,4,physical,21,42
padded_benes_4x4,default,0-1-2-3,1,1,routed,,931.247780,12,8,2.809394,1.292899,1.516496,453.000000,478.247780,0.086899,15.742243,4,physical,21,42
padded_benes_4x4,default,0-1-2-3,2,2,routed,,765.393798,11,8,2.472686,1.228899,1.243788,421.000000,344.393798,0.086899,15.806243,4,physical,21,42
padded_benes_4x4,default,0-1-2-3,3,3,routed,,1174.955743,14,8,3.306810,1.044899,2.261911,429.000000,745.955743,0.086899,16.034353,4,physical,21,42
padded_benes_4x4,default,0-2-3-1,0,0,routed,,463.977871,7,6,1.649855,0.852899,0.796956,333.000000,130.977871,0.086899,16.232745,4,physical,22,42
padded_benes_4x4,default,0-2-3-1,1,2,routed,,916.663706,16,5,2.538892,1.275565,1.263327,425.000000,491.663706,0.125565,20.377242,4,physical,22,42
padded_benes_4x4,default,0-2-3-1,2,3,routed,,849.101761,13,7,2.569435,1.280232,1.289204,437.000000,412.101761,0.106232,17.469926,4,physical,22,42
padded_benes_4x4,default,0-2-3-1,3,1,routed,,1012.663706,16,6,2.811559,1.288232,1.523327,441.000000,571.663706,0.106232,17.475978,4,physical,22,42
padded_benes_4x4,default,3-1-0-2,0,3,routed,,734.809725,15,6,2.270184,1.211565,1.058619,393.000000,341.809725,0.125565,20.441242,4,physical,23,42
padded_benes_4x4,default,3-1-0-2,1,1,routed,,915.247780,12,4,2.377394,1.292899,1.084496,453.000000,462.247780,0.086899,15.748571,4,physical,23,42
padded_benes_4x4,default,3-1-0-2,2,0,failed,"capped rip-up hop exhausted bounded candidates before A*: deterministic hop candidate segment is blocked; blocked_by=I3/external/spacing:(120.000,40.000)->(120.000,14.000)",,,,,1.160232,,377.000000,,0.106232,17.603978,4,physical,23,42
padded_benes_4x4,default,3-1-0-2,3,2,routed,,1024.371669,18,6,2.844975,1.032232,1.812743,413.000000,611.371669,0.106232,17.783556,4,physical,23,42
waksman_4x4,default,2-1-3-0,0,2,routed,,651.685835,9,6,2.025637,0.871265,1.154372,347.000000,304.685835,0.077265,20.930387,4,physical,0,42
waksman_4x4,default,2-1-3-0,1,1,routed,,915.247780,12,7,2.677394,1.192899,1.484496,453.000000,462.247780,0.086899,15.883363,4,physical,0,42
waksman_4x4,default,2-1-3-0,2,3,routed,,783.393798,11,6,2.299053,0.935265,1.363788,379.000000,404.393798,0.077265,20.894997,4,physical,0,42
waksman_4x4,default,2-1-3-0,3,0,routed,,712.809725,15,5,2.126184,1.111565,1.014619,393.000000,319.809725,0.125565,20.661533,4,physical,0,42
waksman_4x4,default,0-3-2-1,0,0,routed,,463.977871,7,6,1.649855,0.852899,0.796956,333.000000,130.977871,0.086899,16.232745,4,physical,1,42
waksman_4x4,default,0-3-2-1,1,3,routed,,759.539816,10,4,2.046345,1.091265,0.955080,407.000000,352.539816,0.077265,20.645034,4,physical,1,42
waksman_4x4,default,0-3-2-1,2,2,routed,,695.685835,9,6,2.094304,1.039933,1.054372,391.000000,304.685835,0.057933,17.752774,4,physical,1,42
waksman_4x4,default,0-3-2-1,3,1,routed,,1012.663706,16,6,2.811559,1.088232,1.723327,441.000000,571.663706,0.106232,17.741823,4,physical,1,42
waksman_4x4,default,3-0-1-2,0,3,routed,,643.685835,9,3,1.728970,1.078598,0.650372,391.000000,252.685835,0.096598,36.859769,4,physical,2,42
waksman_4x4,default,3-0-1-2,1,0,routed,,571.247780,12,5,1.808727,0.904232,0.904496,349.000000,222.247780,0.106232,17.969165,4,physical,2,42
waksman_4x4,default,3-0-1-2,2,1,routed,,928.809725,15,5,2.558184,1.075565,1.482619,425.000000,503.809725,0.125565,20.782599,4,physical,2,42
waksman_4x4,default,3-0-1-2,3,2,routed,,787.247780,12,5,2.211761,1.091265,1.120496,407.000000,380.247780,0.077265,20.692256,4,physical,2,42
waksman_4x4,default,3-2-1-0,0,3,routed,,643.685835,9,5,1.928970,1.078598,0.850372,391.000000,252.685835,0.096598,36.856130,4,physical,3,42
waksman_4x4,default,3-2-1-0,1,2,routed,,639.247780,12,3,1.735094,0.922598,0.812496,363.000000,276.247780,0.096598,41.231991,4,physical,3,42
waksman_4x4,default,3-2-1-0,2,1,routed,,705.101761,13,7,2.300768,1.111565,1.189204,393.000000,312.101761,0.125565,20.605428,4,physical,3,42
waksman_4x4,default,3-2-1-0,3,0,routed,,956.371669,18,9,3.028308,1.075565,1.952743,425.000000,531.371669,0.125565,20.706400,4,physical,3,42
waksman_4x4,default,2-0-3-1,0,2,routed,,629.685835,9,4,1.781637,0.871265,0.910372,347.000000,282.685835,0.077265,20.930387,4,physical,4,42
waksman_4x4,default,2-0-3-1,1,0,routed,,818.955743,14,5,2.314143,1.180232,1.133911,437.000000,381.955743,0.106232,17.612190,4,physical,4,42
waksman_4x4,default,2-0-3-1,2,3,routed,,783.393798,11,3,1.999053,0.935265,1.063788,379.000000,404.393798,0.077265,20.894997,4,physical,4,42
waksman_4x4,default,2-0-3-1,3,1,failed,"cannot route waksman_4x4_s1_w0_2.th to waksman_4x4_s2_w0_1.in on physical grid: blocked by port access (port_access_overlap_foreign); candidate=(170.000,76.000)->(160.000,76.000) region=I0/waksman_4x4_s1_w0_2.in:(174.000,76.000)->(160.000,76.000) counters=port_access:2,window:0,same_net:27,crossing_candidate:0,crossing_budget:0,hard_reserved_crossing:0,soft_repeated_crossing:0,soft_reserved_crossing:0,reserved_spacing:0,segment:15,pops:27,max_heap:5",,,,,1.162898,,409.000000,,0.144898,36.026070,4,physical,4,42
waksman_4x4,default,1-3-0-2,0,1,routed,,563.393798,11,5,1.788019,0.904232,0.883788,349.000000,214.393798,0.106232,17.921202,4,physical,5,42
waksman_4x4,default,1-3-0-2,1,3,routed,,759.539816,10,4,2.046345,1.091265,0.955080,407.000000,352.539816,0.077265,20.645122,4,physical,5,42
waksman_4x4,default,1-3-0-2,2,0,routed,,800.809725,15,4,2.221517,1.062898,1.158619,409.000000,391.809725,0.144898,39.345222,4,physical,5,42
waksman_4x4,default,1-3-0-2,3,2,routed,,787.247780,12,5,2.211761,1.091265,1.120496,407.000000,380.247780,0.077265,20.673303,4,physical,5,42
waksman_4x4,default,2-3-1-0,0,2,routed,,613.685835,9,6,1.949637,0.871265,1.078372,347.000000,266.685835,0.077265,20.930298,4,physical,6,42
waksman_4x4,default,2-3-1-0,1,3,routed,,775.247780,12,6,2.287761,1.091265,1.196496,407.000000,368.247780,0.077265,20.645034,4,physical,6,42
waksman_4x4,default,2-3-1-0,2,1,routed,,675.101761,13,5,2.040768,1.111565,0.929204,393.000000,282.101761,0.125565,20.605341,4,physical,6,42
waksman_4x4,default,2-3-1-0,3,0,routed,,926.663706,16,5,2.558892,1.075565,1.483327,425.000000,501.663706,0.125565,20.706312,4,physical,6,42
waksman_4x4,default,1-3-2-0,0,1,routed,,563.393798,11,5,1.788019,0.904232,0.883788,349.000000,214.393798,0.106232,17.911556,4,physical,7,42
waksman_4x4,default,1-3-2-0,1,3,routed,,759.539816,10,4,2.046345,1.091265,0.955080,407.000000,352.539816,0.077265,20.645034,4,physical,7,42
waksman_4x4,default,1-3-2-0,2,2,routed,,695.685835,9,6,2.094304,1.039933,1.054372,391.000000,304.685835,0.057933,17.752774,4,physical,7,42
waksman_4x4,default,1-3-2-0,3,0,routed,,884.663706,16,5,2.474892,1.075565,1.399327,425.000000,459.663706,0.125565,20.706224,4,physical,7,42
waksman_4x4,default,2-1-0-3,0,2,routed,,651.685835,9,6,2.025637,0.871265,1.154372,347.000000,304.685835,0.077265,20.930298,4,physical,8,42
waksman_4x4,default,2-1-0-3,1,1,routed,,930.955743,14,7,2.718810,1.192899,1.525911,453.000000,477.955743,0.086899,15.870602,4,physical,8,42
waksman_4x4,default,2-1-0-3,2,0,routed,,657.247780,12,6,2.080727,1.060232,1.020496,377.000000,280.247780,0.106232,17.736775,4,physical,8,42
waksman_4x4,default,2-1-0-3,3,3,routed,,867.247780,12,7,2.552428,0.947933,1.604496,395.000000,472.247780,0.057933,17.877789,4,physical,8,42
waksman_4x4,default,2-3-0-1,0,2,routed,,547.685835,9,4,1.617637,0.871265,0.746372,347.000000,200.685835,0.077265,20.930298,4,physical,9,42
waksman_4x4,default,2-3-0-1,1,3,routed,,759.539816,10,4,2.046345,1.091265,0.955080,407.000000,352.539816,0.077265,20.645034,4,physical,9,42
waksman_4x4,default,2-3-0-1,2,0,routed,,621.393798,11,8,2.204019,1.060232,1.143788,377.000000,244.393798,0.106232,17.746272,4,physical,9,42
waksman_4x4,default,2-3-0-1,3,1,routed,,1086.079633,20,8,3.178391,1.088232,2.090159,441.000000,645.079633,0.106232,17.751392,4,physical,9,42
waksman_4x4,default,0-1-3-2,0,0,routed,,463.977871,7,5,1.549855,0.852899,0.696956,333.000000,130.977871,0.086899,16.232788,4,physical,10,42
waksman_4x4,default,0-1-3-2,1,1,routed,,931.247780,12,8,2.809394,1.192899,1.616496,453.000000,478.247780,0.086899,15.870644,4,physical,10,42
waksman_4x4,default,0-1-3-2,2,3,routed,,783.393798,11,4,2.099053,0.935265,1.163788,379.000000,404.393798,0.077265,20.894997,4,physical,10,42
waksman_4x4,default,0-1-3-2,3,2,routed,,850.955743,14,5,2.349177,1.091265,1.257911,407.000000,443.955743,0.077265,20.673303,4,physical,10,42
waksman_4x4,default,2-0-1-3,0,2,routed,,665.685835,9,6,2.053637,0.871265,1.182372,347.000000,318.685835,0.077265,20.930298,4,physical,11,42
waksman_4x4,default,2-0-1-3,1,0,routed,,818.955743,14,6,2.414143,1.180232,1.233911,437.000000,381.955743,0.106232,17.602617,4,physical,11,42
waksman_4x4,default,2-0-1-3,2,1,routed,,734.809725,15,5,2.170184,1.111565,1.058619,393.000000,341.809725,0.125565,20.605254,4,physical,11,42
waksman_4x4,default,2-0-1-3,3,3,routed,,867.247780,12,7,2.552428,0.947933,1.604496,395.000000,472.247780,0.057933,17.877789,4,physical,11,42
waksman_4x4,default,3-1-2-0,0,3,routed,,643.685835,9,3,1.728970,1.078598,0.650372,391.000000,252.685835,0.096598,36.856130,4,physical,12,42
waksman_4x4,default,3-1-2-0,1,1,routed,,670.663706,16,4,1.946892,0.955565,0.991327,365.000000,305.663706,0.125565,20.854880,4,physical,12,42
waksman_4x4,default,3-1-2-0,2,2,routed,,695.685835,9,6,2.094304,1.039933,1.054372,391.000000,304.685835,0.057933,17.762325,4,physical,12,42
waksman_4x4,default,3-1-2-0,3,0,routed,,898.663706,16,5,2.502892,1.075565,1.427327,425.000000,473.663706,0.125565,20.706400,4,physical,12,42
waksman_4x4,default,1-0-2-3,0,1,routed,,573.393798,11,9,2.208019,0.904232,1.303788,349.000000,224.393798,0.106232,17.911512,4,physical,13,42
waksman_4x4,default,1-0-2-3,1,0,routed,,1153.787596,22,9,3.423807,1.180232,2.243575,437.000000,716.787596,0.106232,17.602573,4,physical,13,42
waksman_4x4,default,1-0-2-3,2,2,routed,,695.685835,9,8,2.294304,1.039933,1.254372,391.000000,304.685835,0.057933,17.752774,4,physical,13,42
waksman_4x4,default,1-0-2-3,3,3,routed,,1022.955743,14,8,2.973844,0.947933,2.025911,395.000000,627.955743,0.057933,17.877789,4,physical,13,42
waksman_4x4,default,1-2-3-0,0,1,routed,,799.393798,11,6,2.360019,1.180232,1.179788,437.000000,362.393798,0.106232,17.659788,4,physical,14,42
waksman_4x4,default,1-2-3-0,1,2,routed,,743.247780,12,5,2.143094,0.922598,1.220496,363.000000,380.247780,0.096598,41.241615,4,physical,14,42
waksman_4x4,default,1-2-3-0,2,3,routed,,783.393798,11,6,2.299053,0.935265,1.363788,379.000000,404.393798,0.077265,20.914239,4,physical,14,42
waksman_4x4,default,1-2-3-0,3,0,routed,,712.809725,15,5,2.126184,1.111565,1.014619,393.000000,319.809725,0.125565,20.680485,4,physical,14,42
waksman_4x4,default,0-2-1-3,0,0,routed,,703.101761,13,5,2.096768,1.167565,0.929204,421.000000,282.101761,0.125565,20.577483,4,physical,15,42
waksman_4x4,default,0-2-1-3,1,2,routed,,743.247780,12,5,2.143094,0.922598,1.220496,363.000000,380.247780,0.096598,41.231991,4,physical,15,42
waksman_4x4,default,0-2-1-3,2,1,routed,,748.809725,15,5,2.198184,1.111565,1.086619,393.000000,355.809725,0.125565,20.605428,4,physical,15,42
waksman_4x4,default,0-2-1-3,3,3,routed,,867.247780,12,7,2.552428,0.947933,1.604496,395.000000,472.247780,0.057933,17.887412,4,physical,15,42
waksman_4x4,default,3-2-0-1,0,3,routed,,697.247780,12,3,1.851094,1.078598,0.772496,391.000000,306.247780,0.096598,36.856130,4,physical,16,42
waksman_4x4,default,3-2-0-1,1,2,routed,,639.247780,12,3,1.735094,0.922598,0.812496,363.000000,276.247780,0.096598,41.231991,4,physical,16,42
waksman_4x4,default,3-2-0-1,2,0,routed,,621.393798,11,8,2.204019,1.060232,1.143788,377.000000,244.393798,0.106232,17.746316,4,physical,16,42
waksman_4x4,default,3-2-0-1,3,1,routed,,1056.371669,18,8,3.108975,1.088232,2.020743,441.000000,615.371669,0.106232,17.751437,4,physical,16,42
waksman_4x4,default,0-3-1-2,0,0,routed,,463.977871,7,6,1.649855,0.852899,0.796956,333.000000,130.977871,0.086899,16.245571,4,physical,17,42
waksman_4x4,default,0-3-1-2,1,3,routed,,759.539816,10,4,2.046345,1.091265,0.955080,407.000000,352.539816,0.077265,20.645122,4,physical,17,42
waksman_4x4,default,0-3-1-2,2,1,routed,,944.809725,15,7,2.790184,1.075565,1.714619,425.000000,519.809725,0.125565,20.763357,4,physical,17,42
waksman_4x4,default,0-3-1-2,3,2,routed,,813.247780,12,7,2.463761,1.091265,1.372496,407.000000,406.247780,0.077265,20.673303,4,physical,17,42
waksman_4x4,default,3-0-2-1,0,3,routed,,659.393798,11,3,1.770386,1.078598,0.691788,391.000000,268.393798,0.096598,36.856130,4,physical,18,42
waksman_4x4,default,3-0-2-1,1,0,routed,,571.247780,12,5,1.808727,0.904232,0.904496,349.000000,222.247780,0.106232,17.949878,4,physical,18,42
waksman_4x4,default,3-0-2-1,2,2,routed,,695.685835,9,6,2.094304,1.039933,1.054372,391.000000,304.685835,0.057933,17.762325,4,physical,18,42
waksman_4x4,default,3-0-2-1,3,1,routed,,1012.663706,16,6,2.811559,1.088232,1.723327,441.000000,571.663706,0.106232,17.751437,4,physical,18,42
waksman_4x4,default,1-0-3-2,0,1,routed,,579.101761,13,5,1.829435,0.904232,0.925204,349.000000,230.101761,0.106232,17.921114,4,physical,19,42
waksman_4x4,default,1-0-3-2,1,0,routed,,819.247780,12,6,2.404727,1.180232,1.224496,437.000000,382.247780,0.106232,17.612102,4,physical,19,42
waksman_4x4,default,1-0-3-2,2,3,routed,,815.393798,11,7,2.463053,0.935265,1.527788,379.000000,436.393798,0.077265,20.894997,4,physical,19,42
waksman_4x4,default,1-0-3-2,3,2,routed,,844.955743,14,8,2.637177,1.091265,1.545911,407.000000,437.955743,0.077265,20.673303,4,physical,19,42
waksman_4x4,default,1-2-0-3,0,1,routed,,815.101761,13,6,2.401435,1.180232,1.221204,437.000000,378.101761,0.106232,17.640648,4,physical,20,42
waksman_4x4,default,1-2-0-3,1,2,routed,,743.247780,12,5,2.143094,0.922598,1.220496,363.000000,380.247780,0.096598,41.231991,4,physical,20,42
waksman_4x4,default,1-2-0-3,2,0,routed,,657.247780,12,6,2.080727,1.060232,1.020496,377.000000,280.247780,0.106232,17.746316,4,physical,20,42
waksman_4x4,default,1-2-0-3,3,3,routed,,867.247780,12,7,2.552428,0.947933,1.604496,395.000000,472.247780,0.057933,17.887412,4,physical,20,42
waksman_4x4,default,0-1-2-3,0,0,routed,,489.685835,9,8,1.911270,0.852899,1.058372,333.000000,156.685835,0.086899,16.226353,4,physical,21,42
waksman_4x4,default,0-1-2-3,1,1,routed,,946.955743,14,8,2.850810,1.192899,1.657911,453.000000,493.955743,0.086899,15.864242,4,physical,21,42
waksman_4x4,default,0-1-2-3,2,2,routed,,695.685835,9,8,2.294304,1.039933,1.254372,391.000000,304.685835,0.057933,17.752774,4,physical,21,42
waksman_4x4,default,0-1-2-3,3,3,routed,,1022.955743,14,8,2.973844,0.947933,2.025911,395.000000,627.955743,0.057933,17.877789,4,physical,21,42
waksman_4x4,default,0-2-3-1,0,0,routed,,687.393798,11,5,2.055352,1.167565,0.887788,421.000000,266.393798,0.125565,20.596438,4,physical,22,42
waksman_4x4,default,0-2-3-1,1,2,routed,,743.247780,12,5,2.143094,0.922598,1.220496,363.000000,380.247780,0.096598,41.241615,4,physical,22,42
waksman_4x4,default,0-2-3-1,2,3,routed,,783.393798,11,6,2.299053,0.935265,1.363788,379.000000,404.393798,0.077265,20.914239,4,physical,22,42
waksman_4x4,default,0-2-3-1,3,1,routed,,804.371669,18,4,2.243641,1.162898,1.080743,409.000000,395.371669,0.144898,36.032182,4,physical,22,42
waksman_4x4,default,3-1-0-2,0,3,routed,,643.685835,9,3,1.728970,1.078598,0.650372,391.000000,252.685835,0.096598,36.859769,4,physical,23,42
waksman_4x4,default,3-1-0-2,1,1,routed,,639.247780,12,4,1.864060,0.955565,0.908496,365.000000,274.247780,0.125565,20.874123,4,physical,23,42
waksman_4x4,default,3-1-0-2,2,0,routed,,800.809725,15,4,2.221517,1.062898,1.158619,409.000000,391.809725,0.144898,39.358058,4,physical,23,42
waksman_4x4,default,3-1-0-2,3,2,routed,,813.247780,12,5,2.263761,1.091265,1.172496,407.000000,406.247780,0.077265,20.692256,4,physical,23,42
spanke_benes_4x4,default,2-1-3-0,0,2,routed,,1100.809725,15,6,3.031150,1.432531,1.598619,639.000000,461.809725,0.154531,17.382682,4,physical,0,42
spanke_benes_4x4,default,2-1-3-0,1,1,routed,,781.831853,8,4,2.129228,1.203565,0.925664,539.000000,242.831853,0.125565,20.654822,4,physical,0,42
spanke_benes_4x4,default,2-1-3-0,2,3,routed,,935.539816,10,3,2.298345,1.275265,1.023080,599.000000,336.539816,0.077265,20.574239,4,physical,0,42
spanke_benes_4x4,default,2-1-3-0,3,0,routed,,974.809725,15,3,2.469517,1.366898,1.102619,611.000000,363.809725,0.144898,39.083025,4,physical,0,42
spanke_benes_4x4,default,0-3-2-1,0,0,routed,,606.561945,3,6,1.915023,1.100899,0.814124,507.000000,99.561945,0.086899,15.997571,4,physical,1,42
spanke_benes_4x4,default,0-3-2-1,1,3,routed,,1060.955743,14,4,2.717476,1.379565,1.337911,627.000000,433.955743,0.125565,20.401826,4,physical,1,42
spanke_benes_4x4,default,0-3-2-1,2,2,routed,,1064.955743,14,4,2.725476,1.379565,1.345911,627.000000,437.955743,0.125565,20.430881,4,physical,1,42
spanke_benes_4x4,default,0-3-2-1,3,1,routed,,1106.809725,15,4,2.814184,1.379565,1.434619,627.000000,479.809725,0.125565,20.459936,4,physical,1,42
spanke_benes_4x4,default,3-0-1-2,0,3,routed,,966.955743,14,3,2.448809,1.366898,1.081911,611.000000,355.955743,0.144898,39.012321,4,physical,2,42
spanke_benes_4x4,default,3-0-1-2,1,0,routed,,698.123890,6,5,2.032480,1.152232,0.880248,523.000000,175.123890,0.106232,17.725941,4,physical,2,42
spanke_benes_4x4,default,3-0-1-2,2,1,routed,,1240.663706,16,7,3.396525,1.445198,1.951327,655.000000,585.663706,0.135198,15.656349,4,physical,2,42
spanke_benes_4x4,default,3-0-1-2,3,2,routed,,939.539816,10,3,2.306345,1.275265,1.031080,599.000000,340.539816,0.077265,20.603519,4,physical,2,42
spanke_benes_4x4,default,3-2-1-0,0,3,routed,,945.101761,13,3,2.400101,1.366898,1.033204,611.000000,334.101761,0.144898,39.012321,4,physical,3,42
spanke_benes_4x4,default,3-2-1-0,1,2,routed,,909.247780,12,3,2.323393,1.310898,1.012496,583.000000,326.247780,0.144898,39.100460,4,physical,3,42
spanke_benes_4x4,default,3-2-1-0,2,1,routed,,924.955743,14,3,2.364809,1.310898,1.053911,583.000000,341.955743,0.144898,39.132660,4,physical,3,42
spanke_benes_4x4,default,3-2-1-0,3,0,routed,,974.809725,15,3,2.469517,1.366898,1.102619,611.000000,363.809725,0.144898,39.108919,4,physical,3,42
spanke_benes_4x4,default,2-0-3-1,0,2,routed,,1100.809725,15,6,3.031150,1.432531,1.598619,639.000000,461.809725,0.154531,17.382682,4,physical,4,42
spanke_benes_4x4,default,2-0-3-1,1,0,routed,,698.123890,6,5,2.032480,1.152232,0.880248,523.000000,175.123890,0.106232,17.735671,4,physical,4,42
spanke_benes_4x4,default,2-0-3-1,2,3,routed,,935.539816,10,3,2.298345,1.275265,1.023080,599.000000,336.539816,0.077265,20.574239,4,physical,4,42
spanke_benes_4x4,default,2-0-3-1,3,1,routed,,1106.809725,15,4,2.814184,1.379565,1.434619,627.000000,479.809725,0.125565,20.479001,4,physical,4,42
spanke_benes_4x4,default,1-3-0-2,0,1,routed,,977.393798,11,7,2.844986,1.325198,1.519788,595.000000,382.393798,0.135198,15.766551,4,physical,5,42
spanke_benes_4x4,default,1-3-0-2,1,3,routed,,1082.809725,15,4,2.766184,1.379565,1.386619,627.000000,455.809725,0.125565,20.401826,4,physical,5,42
spanke_benes_4x4,default,1-3-0-2,2,0,routed,,833.393798,11,4,2.247352,1.259565,0.987788,567.000000,266.393798,0.125565,20.627340,4,physical,5,42
spanke_benes_4x4,default,1-3-0-2,3,2,routed,,939.539816,10,3,2.306345,1.275265,1.031080,599.000000,340.539816,0.077265,20.603430,4,physical,5,42
spanke_benes_4x4,default,2-3-1-0,0,2,routed,,833.393798,11,4,2.247352,1.259565,0.987788,567.000000,266.393798,0.125565,20.522269,4,physical,6,42
spanke_benes_4x4,default,2-3-1-0,1,3,routed,,1060.955743,14,4,2.717476,1.379565,1.337911,627.000000,433.955743,0.125565,20.401826,4,physical,6,42
spanke_benes_4x4,default,2-3-1-0,2,1,routed,,909.247780,12,3,2.323393,1.310898,1.012496,583.000000,326.247780,0.144898,39.119714,4,physical,6,42
spanke_benes_4x4,default,2-3-1-0,3,0,routed,,974.809725,15,3,2.469517,1.366898,1.102619,611.000000,363.809725,0.144898,39.096021,4,physical,6,42
spanke_benes_4x4,default,1-3-2-0,0,1,routed,,690.269908,5,5,2.011772,1.152232,0.859540,523.000000,167.269908,0.106232,17.673202,4,physical,7,42
spanke_benes_4x4,default,1-3-2-0,1,3,routed,,1060.955743,14,4,2.717476,1.379565,1.337911,627.000000,433.955743,0.125565,20.401826,4,physical,7,42
spanke_benes_4x4,default,1-3-2-0,2,2,routed,,1064.955743,14,4,2.725476,1.379565,1.345911,627.000000,437.955743,0.125565,20.430881,4,physical,7,42
spanke_benes_4x4,default,1-3-2-0,3,0,routed,,974.809725,15,3,2.469517,1.366898,1.102619,611.000000,363.809725,0.144898,39.083132,4,physical,7,42
spanke_benes_4x4,default,2-1-0-3,0,2,routed,,1162.517688,17,8,3.364566,1.432531,1.932035,639.000000,523.517688,0.154531,17.406407,4,physical,8,42
spanke_benes_4x4,default,2-1-0-3,1,1,routed,,1068.955743,14,6,2.962442,1.376531,1.585911,611.000000,457.955743,0.154531,17.525250,4,physical,8,42
spanke_benes_4x4,default,2-1-0-3,2,0,routed,,833.393798,11,4,2.247352,1.259565,0.987788,567.000000,266.393798,0.125565,20.646673,4,physical,8,42
spanke_benes_4x4,default,2-1-0-3,3,3,routed,,840.123890,6,4,2.139214,1.170966,0.968248,571.000000,269.123890,0.028966,20.747195,4,physical,8,42
spanke_benes_4x4,default,2-3-0-1,0,2,routed,,817.685835,9,4,2.205936,1.259565,0.946372,567.000000,250.685835,0.125565,20.522269,4,physical,9,42
spanke_benes_4x4,default,2-3-0-1,1,3,routed,,1060.955743,14,4,2.717476,1.379565,1.337911,627.000000,433.955743,0.125565,20.401826,4,physical,9,42
spanke_benes_4x4,default,2-3-0-1,2,0,routed,,841.247780,12,4,2.268060,1.259565,1.008496,567.000000,274.247780,0.125565,20.617797,4,physical,9,42
spanke_benes_4x4,default,2-3-0-1,3,1,routed,,1106.809725,15,4,2.814184,1.379565,1.434619,627.000000,479.809725,0.125565,20.498246,4,physical,9,42
spanke_benes_4x4,default,0-1-3-2,0,0,routed,,606.561945,3,6,1.915023,1.100899,0.814124,507.000000,99.561945,0.086899,16.007126,4,physical,10,42
spanke_benes_4x4,default,0-1-3-2,1,1,routed,,1392.371669,18,10,4.019575,1.510831,2.508743,683.000000,709.371669,0.144831,13.348004,4,physical,10,42
spanke_benes_4x4,default,0-1-3-2,2,3,routed,,935.539816,10,3,2.298345,1.275265,1.023080,599.000000,336.539816,0.077265,20.554997,4,physical,10,42
spanke_benes_4x4,default,0-1-3-2,3,2,routed,,961.393798,11,3,2.355053,1.275265,1.079788,599.000000,362.393798,0.077265,20.612794,4,physical,10,42
spanke_benes_4x4,default,2-0-1-3,0,2,routed,,1162.517688,17,8,3.364566,1.432531,1.932035,639.000000,523.517688,0.154531,17.396882,4,physical,11,42
spanke_benes_4x4,default,2-0-1-3,1,0,routed,,698.123890,6,5,2.032480,1.152232,0.880248,523.000000,175.123890,0.106232,17.725941,4,physical,11,42
spanke_benes_4x4,default,2-0-1-3,2,1,routed,,1240.663706,16,7,3.396525,1.445198,1.951327,655.000000,585.663706,0.135198,15.681969,4,physical,11,42
spanke_benes_4x4,default,2-0-1-3,3,3,routed,,840.123890,6,4,2.139214,1.170966,0.968248,571.000000,269.123890,0.028966,20.747195,4,physical,11,42
spanke_benes_4x4,default,3-1-2-0,0,3,routed,,945.101761,13,3,2.400101,1.366898,1.033204,611.000000,334.101761,0.144898,39.012321,4,physical,12,42
spanke_benes_4x4,default,3-1-2-0,1,1,routed,,781.831853,8,4,2.129228,1.203565,0.925664,539.000000,242.831853,0.125565,20.626123,4,physical,12,42
spanke_benes_4x4,default,3-1-2-0,2,2,routed,,1064.955743,14,4,2.725476,1.379565,1.345911,627.000000,437.955743,0.125565,20.450125,4,physical,12,42
spanke_benes_4x4,default,3-1-2-0,3,0,routed,,974.809725,15,3,2.469517,1.366898,1.102619,611.000000,363.809725,0.144898,39.096021,4,physical,12,42
spanke_benes_4x4,default,1-0-2-3,0,1,routed,,1276.517688,17,9,3.702200,1.498164,2.204035,667.000000,609.517688,0.164164,14.343484,4,physical,13,42
spanke_benes_4x4,default,1-0-2-3,1,0,routed,,698.123890,6,5,2.032480,1.152232,0.880248,523.000000,175.123890,0.106232,17.754839,4,physical,13,42
spanke_benes_4x4,default,1-0-2-3,2,2,routed,,1152.955743,14,8,3.262810,1.340899,1.921911,627.000000,525.955743,0.086899,15.760744,4,physical,13,42
spanke_benes_4x4,default,1-0-2-3,3,3,routed,,840.123890,6,4,2.139214,1.170966,0.968248,571.000000,269.123890,0.028966,20.679562,4,physical,13,42
spanke_benes_4x4,default,1-2-3-0,0,1,routed,,690.269908,5,5,2.011772,1.152232,0.859540,523.000000,167.269908,0.106232,17.677978,4,physical,14,42
spanke_benes_4x4,default,1-2-3-0,1,2,routed,,1216.663706,16,7,3.348525,1.445198,1.903327,655.000000,561.663706,0.135198,15.608124,4,physical,14,42
spanke_benes_4x4,default,1-2-3-0,2,3,routed,,935.539816,10,3,2.298345,1.275265,1.023080,599.000000,336.539816,0.077265,20.554997,4,physical,14,42
spanke_benes_4x4,default,1-2-3-0,3,0,routed,,974.809725,15,3,2.469517,1.366898,1.102619,611.000000,363.809725,0.144898,39.070189,4,physical,14,42
spanke_benes_4x4,default,0-2-1-3,0,0,routed,,606.561945,3,6,1.915023,1.100899,0.814124,507.000000,99.561945,0.086899,16.000744,4,physical,15,42
spanke_benes_4x4,default,0-2-1-3,1,2,routed,,1278.371669,18,9,3.681941,1.445198,2.236743,655.000000,623.371669,0.135198,15.623994,4,physical,15,42
spanke_benes_4x4,default,0-2-1-3,2,1,routed,,1240.663706,16,7,3.396525,1.445198,1.951327,655.000000,585.663706,0.135198,15.662636,4,physical,15,42
spanke_benes_4x4,default,0-2-1-3,3,3,routed,,840.123890,6,4,2.139214,1.170966,0.968248,571.000000,269.123890,0.028966,20.727862,4,physical,15,42
spanke_benes_4x4,default,3-2-0-1,0,3,routed,,966.955743,14,3,2.448809,1.366898,1.081911,611.000000,355.955743,0.144898,39.012321,4,physical,16,42
spanke_benes_4x4,default,3-2-0-1,1,2,routed,,909.247780,12,3,2.323393,1.310898,1.012496,583.000000,326.247780,0.144898,39.100460,4,physical,16,42
spanke_benes_4x4,default,3-2-0-1,2,0,routed,,841.247780,12,4,2.268060,1.259565,1.008496,567.000000,274.247780,0.125565,20.617978,4,physical,16,42
spanke_benes_4x4,default,3-2-0-1,3,1,routed,,1084.955743,14,4,2.765476,1.379565,1.385911,627.000000,457.955743,0.125565,20.498425,4,physical,16,42
spanke_benes_4x4,default,0-3-1-2,0,0,routed,,606.561945,3,6,1.915023,1.100899,0.814124,507.000000,99.561945,0.086899,16.000744,4,physical,17,42
spanke_benes_4x4,default,0-3-1-2,1,3,routed,,1082.809725,15,4,2.766184,1.379565,1.386619,627.000000,455.809725,0.125565,20.401826,4,physical,17,42
spanke_benes_4x4,default,0-3-1-2,2,1,routed,,1240.663706,16,7,3.396525,1.445198,1.951327,655.000000,585.663706,0.135198,15.643455,4,physical,17,42
spanke_benes_4x4,default,0-3-1-2,3,2,routed,,939.539816,10,3,2.306345,1.275265,1.031080,599.000000,340.539816,0.077265,20.603430,4,physical,17,42
spanke_benes_4x4,default,3-0-2-1,0,3,routed,,966.955743,14,3,2.448809,1.366898,1.081911,611.000000,355.955743,0.144898,39.012321,4,physical,18,42
spanke_benes_4x4,default,3-0-2-1,1,0,routed,,698.123890,6,5,2.032480,1.152232,0.880248,523.000000,175.123890,0.106232,17.721165,4,physical,18,42
spanke_benes_4x4,default,3-0-2-1,2,2,routed,,1064.955743,14,4,2.725476,1.379565,1.345911,627.000000,437.955743,0.125565,20.450125,4,physical,18,42
spanke_benes_4x4,default,3-0-2-1,3,1,routed,,1084.955743,14,4,2.765476,1.379565,1.385911,627.000000,457.955743,0.125565,20.479181,4,physical,18,42
spanke_benes_4x4,default,1-0-3-2,0,1,routed,,1276.517688,17,9,3.702200,1.498164,2.204035,667.000000,609.517688,0.164164,14.341083,4,physical,19,42
spanke_benes_4x4,default,1-0-3-2,1,0,routed,,698.123890,6,5,2.032480,1.152232,0.880248,523.000000,175.123890,0.106232,17.754839,4,physical,19,42
spanke_benes_4x4,default,1-0-3-2,2,3,routed,,935.539816,10,3,2.298345,1.275265,1.023080,599.000000,336.539816,0.077265,20.574239,4,physical,19,42
spanke_benes_4x4,default,1-0-3-2,3,2,routed,,961.393798,11,3,2.355053,1.275265,1.079788,599.000000,362.393798,0.077265,20.632036,4,physical,19,42
spanke_benes_4x4,default,1-2-0-3,0,1,routed,,977.393798,11,7,2.844986,1.325198,1.519788,595.000000,382.393798,0.135198,15.785746,4,physical,20,42
spanke_benes_4x4,default,1-2-0-3,1,2,routed,,1278.371669,18,9,3.681941,1.445198,2.236743,655.000000,623.371669,0.135198,15.623994,4,physical,20,42
spanke_benes_4x4,default,1-2-0-3,2,0,routed,,833.393798,11,4,2.247352,1.259565,0.987788,567.000000,266.393798,0.125565,20.627340,4,physical,20,42
spanke_benes_4x4,default,1-2-0-3,3,3,routed,,840.123890,6,4,2.139214,1.170966,0.968248,571.000000,269.123890,0.028966,20.727862,4,physical,20,42
spanke_benes_4x4,default,0-1-2-3,0,0,routed,,606.561945,3,6,1.915023,1.100899,0.814124,507.000000,99.561945,0.086899,16.007126,4,physical,21,42
spanke_benes_4x4,default,0-1-2-3,1,1,routed,,1392.371669,18,10,4.019575,1.510831,2.508743,683.000000,709.371669,0.144831,13.349920,4,physical,21,42
spanke_benes_4x4,default,0-1-2-3,2,2,routed,,1152.955743,14,8,3.262810,1.340899,1.921911,627.000000,525.955743,0.086899,15.747923,4,physical,21,42
spanke_benes_4x4,default,0-1-2-3,3,3,routed,,840.123890,6,4,2.139214,1.170966,0.968248,571.000000,269.123890,0.028966,20.679562,4,physical,21,42
spanke_benes_4x4,default,0-2-3-1,0,0,routed,,606.561945,3,6,1.915023,1.100899,0.814124,507.000000,99.561945,0.086899,16.000780,4,physical,22,42
spanke_benes_4x4,default,0-2-3-1,1,2,routed,,1216.663706,16,7,3.348525,1.445198,1.903327,655.000000,561.663706,0.135198,15.608124,4,physical,22,42
spanke_benes_4x4,default,0-2-3-1,2,3,routed,,935.539816,10,3,2.298345,1.275265,1.023080,599.000000,336.539816,0.077265,20.554997,4,physical,22,42
spanke_benes_4x4,default,0-2-3-1,3,1,routed,,1106.809725,15,4,2.814184,1.379565,1.434619,627.000000,479.809725,0.125565,20.459758,4,physical,22,42
spanke_benes_4x4,default,3-1-0-2,0,3,routed,,966.955743,14,3,2.448809,1.366898,1.081911,611.000000,355.955743,0.144898,39.012321,4,physical,23,42
spanke_benes_4x4,default,3-1-0-2,1,1,routed,,1068.955743,14,6,2.962442,1.376531,1.585911,611.000000,457.955743,0.154531,17.486756,4,physical,23,42
spanke_benes_4x4,default,3-1-0-2,2,0,routed,,833.393798,11,4,2.247352,1.259565,0.987788,567.000000,266.393798,0.125565,20.646673,4,physical,23,42
spanke_benes_4x4,default,3-1-0-2,3,2,routed,,939.539816,10,3,2.306345,1.275265,1.031080,599.000000,340.539816,0.077265,20.622763,4,physical,23,42
padded_benes_8x8,default,0-2-3-4-1,0,0,routed,,777.393798,11,9,2.654619,1.810831,0.843788,583.000000,194.393798,0.144831,14.066770,5,physical,0,42
padded_benes_8x8,default,0-2-3-4-1,1,2,routed,,1269.495559,24,9,3.742488,2.433497,1.308991,675.000000,594.495559,0.183497,16.242622,5,physical,0,42
padded_benes_8x8,default,0-2-3-4-1,2,3,routed,,1593.641578,23,12,4.666447,2.758164,1.908283,847.000000,746.641578,0.164164,14.236248,5,physical,0,42
padded_benes_8x8,default,0-2-3-4-1,3,4,routed,,1737.203522,26,9,4.707237,2.376830,2.330407,787.000000,950.203522,0.202830,16.406062,5,physical,0,42
padded_benes_8x8,default,0-2-3-4-1,4,1,routed,,1537.057504,27,5,3.931278,2.620163,1.311115,799.000000,738.057504,0.222163,19.079585,5,physical,0,42
padded_benes_8x8,default,3-2-0-1-4,0,3,routed,,1103.933614,21,13,3.796364,2.169497,1.626867,643.000000,460.933614,0.183497,14.852597,5,physical,1,42
padded_benes_8x8,default,3-2-0-1-4,1,2,routed,,1238.079633,20,13,4.059656,2.633497,1.426159,675.000000,563.079633,0.183497,15.978970,5,physical,1,42
padded_benes_8x8,default,3-2-0-1-4,2,0,routed,,1252.225651,19,13,4.063616,2.838164,1.225451,787.000000,465.225651,0.164164,14.128283,5,physical,1,42
padded_benes_8x8,default,3-2-0-1-4,3,1,routed,,1894.619449,30,15,5.603403,2.766164,2.837239,851.000000,1043.619449,0.164164,14.243696,5,physical,1,42
padded_benes_8x8,default,3-2-0-1-4,4,4,routed,,1116.809725,15,10,3.453451,2.730831,0.722619,743.000000,373.809725,0.144831,18.764484,5,physical,1,42
padded_benes_8x8,default,3-4-2-1-0,0,3,routed,,1062.225651,19,6,3.002949,2.169497,0.833451,643.000000,419.225651,0.183497,16.580529,5,physical,2,42
padded_benes_8x8,default,3-4-2-1-0,1,4,routed,,1311.495559,24,6,3.526488,2.717497,0.808991,767.000000,544.495559,0.183497,15.945286,5,physical,2,42
padded_benes_8x8,default,3-4-2-1-0,2,2,routed,,1611.349541,25,9,4.431196,2.497497,1.933699,807.000000,804.349541,0.183497,16.304164,5,physical,2,42
padded_benes_8x8,default,3-4-2-1-0,3,1,failed,"capped rip-up hop exhausted bounded candidates before A*: deterministic hop candidate segment is blocked; blocked_by=padded_benes_8x8_s1_w1_3/obstacle:(123.000,191.000)->(212.000,191.000)",,,,,2.940830,,819.000000,,0.202830,18.473511,5,physical,2,42
padded_benes_8x8,default,3-4-2-1-0,4,0,routed,,1186.225651,19,5,3.170281,2.704830,0.465451,751.000000,435.225651,0.202830,18.859744,5,physical,2,42
padded_benes_8x8,default,4-3-0-1-2,0,4,routed,,1032.225651,19,9,3.223616,2.390164,0.833451,663.000000,369.225651,0.164164,16.295296,5,physical,3,42
padded_benes_8x8,default,4-3-0-1-2,1,3,routed,,1364.079633,20,14,4.392324,2.646164,1.746159,691.000000,673.079633,0.164164,14.326401,5,physical,3,42
padded_benes_8x8,default,4-3-0-1-2,2,0,routed,,1252.225651,19,11,3.863616,2.838164,1.025451,787.000000,465.225651,0.164164,14.128311,5,physical,3,42
padded_benes_8x8,default,4-3-0-1-2,3,1,routed,,1858.619449,30,12,5.231403,2.766164,2.465239,851.000000,1007.619449,0.164164,14.243696,5,physical,3,42
padded_benes_8x8,default,4-3-0-1-2,4,2,routed,,1261.349541,25,8,3.631196,2.697497,0.933699,707.000000,554.349541,0.183497,18.831227,5,physical,3,42
padded_benes_8x8,default,3-4-1-0-2,0,3,routed,,1062.225651,19,10,3.402949,2.169497,1.233451,643.000000,419.225651,0.183497,16.571134,5,physical,4,42
padded_benes_8x8,default,3-4-1-0-2,1,4,routed,,1311.495559,24,8,3.726488,2.717497,1.008991,767.000000,544.495559,0.183497,15.936037,5,physical,4,42
padded_benes_8x8,default,3-4-1-0-2,2,1,routed,,1335.933614,21,10,3.960364,2.889497,1.070867,803.000000,532.933614,0.183497,15.722970,5,physical,4,42
padded_benes_8x8,default,3-4-1-0-2,3,0,routed,,1764.619449,30,11,4.962736,2.753497,2.209239,835.000000,929.619449,0.183497,15.922622,5,physical,4,42
padded_benes_8x8,default,3-4-1-0-2,4,2,routed,,1349.349541,25,7,3.745862,2.700163,1.045699,739.000000,610.349541,0.222163,29.593582,5,physical,4,42
padded_benes_8x8,default,1-2-0-3-4,0,1,routed,,876.809725,15,11,3.092784,1.862164,1.230619,599.000000,277.809725,0.164164,13.986825,5,physical,5,42
padded_benes_8x8,default,1-2-0-3-4,1,2,routed,,1238.079633,20,11,3.859656,2.633497,1.226159,675.000000,563.079633,0.183497,15.988173,5,physical,5,42
padded_benes_8x8,default,1-2-0-3-4,2,0,routed,,1643.057504,27,13,4.923945,2.740830,2.183115,819.000000,824.057504,0.202830,18.795341,5,physical,5,42
padded_benes_8x8,default,1-2-0-3-4,3,3,routed,,1579.495559,24,13,4.762488,3.009497,1.752991,863.000000,716.495559,0.183497,15.644065,5,physical,5,42
padded_benes_8x8,default,1-2-0-3-4,4,4,routed,,1116.809725,15,10,3.453451,2.730831,0.722619,743.000000,373.809725,0.144831,18.764484,5,physical,5,42
padded_benes_8x8,default,3-4-1-2-0,0,3,routed,,1062.225651,19,6,3.002949,2.169497,0.833451,643.000000,419.225651,0.183497,16.571006,5,physical,6,42
padded_benes_8x8,default,3-4-1-2-0,1,4,routed,,1311.495559,24,6,3.526488,2.717497,0.808991,767.000000,544.495559,0.183497,15.936037,5,physical,6,42
padded_benes_8x8,default,3-4-1-2-0,2,1,failed,"cannot route padded_benes_8x8_s1_w0_2.drop to padded_benes_8x8_s2_w2_6.in on physical grid: blocked by port access (port_access_overlap_foreign); candidate=(170.000,176.000)->(160.000,176.000) region=I3/padded_benes_8x8_s1_w1_3.drop:(174.000,176.000)->(160.000,176.000); soft_repeat=I3/repeated_crossing pair=I2-I3 at=(160.000,197.000) source=I2->I3@(48.000,166.000):(20.000,166.000)->(55.000,166.000)x(48.000,158.000)->(48.000,184.000) counters=port_access:2,window:0,same_net:32,crossing_candidate:1,crossing_budget:0,hard_reserved_crossing:0,soft_repeated_crossing:3,soft_reserved_crossing:0,reserved_spacing:0,segment:27,pops:39,max_heap:7",,,,,2.889497,,803.000000,,0.183497,15.723011,5,physical,6,42
padded_benes_8x8,default,3-4-1-2-0,3,2,routed,,1687.203522,26,9,4.568571,2.510164,2.058407,823.000000,864.203522,0.164164,14.540504,5,physical,6,42
padded_benes_8x8,default,3-4-1-2-0,4,0,routed,,1186.225651,19,5,3.170281,2.704830,0.465451,751.000000,435.225651,0.202830,18.841878,5,physical,6,42
padded_benes_8x8,default,3-2-1-4-0,0,3,routed,,988.517688,17,7,2.945533,2.169497,0.776035,643.000000,345.517688,0.183497,16.580572,5,physical,7,42
padded_benes_8x8,default,3-2-1-4-0,1,2,routed,,1269.495559,24,8,3.642488,2.433497,1.208991,675.000000,594.495559,0.183497,16.251877,5,physical,7,42
padded_benes_8x8,default,3-2-1-4-0,2,1,routed,,1575.641578,23,10,4.449780,2.753497,1.696283,835.000000,740.641578,0.183497,16.005630,5,physical,7,42
padded_benes_8x8,default,3-2-1-4-0,3,4,routed,,1480.911486,28,7,4.004653,2.612830,1.391823,755.000000,725.911486,0.202830,18.941737,5,physical,7,42
padded_benes_8x8,default,3-2-1-4-0,4,0,routed,,1267.787596,22,6,3.448405,2.492830,0.955575,695.000000,572.787596,0.202830,19.179303,5,physical,7,42
padded_benes_8x8,default,4-0-1-2-3,0,4,routed,,958.809725,15,5,2.656784,2.390164,0.266619,663.000000,295.809725,0.164164,16.295296,5,physical,8,42
padded_benes_8x8,default,4-0-1-2-3,1,0,routed,,1116.663706,16,8,3.277492,2.638164,0.639327,687.000000,429.663706,0.164164,14.312988,5,physical,8,42
padded_benes_8x8,default,4-0-1-2-3,2,1,failed,"capped rip-up hop exhausted bounded candidates before A*: deterministic hop candidate segment is blocked; blocked_by=I3/external/spacing:(120.000,184.000)->(120.000,158.000)",,,,,2.889497,,803.000000,,0.183497,15.722970,5,physical,8,42
padded_benes_8x8,default,4-0-1-2-3,3,2,routed,,1687.203522,26,9,4.568571,2.510164,2.058407,823.000000,864.203522,0.164164,14.527973,5,physical,8,42
padded_benes_8x8,default,4-0-1-2-3,4,3,routed,,1289.349541,25,6,3.506529,2.748830,0.757699,723.000000,566.349541,0.202830,28.863784,5,physical,8,42
padded_benes_8x8,default,4-2-0-3-1,0,4,routed,,1032.225651,19,9,3.223616,2.390164,0.833451,663.000000,369.225651,0.164164,16.304614,5,physical,9,42
padded_benes_8x8,default,4-2-0-3-1,1,2,routed,,1238.079633,20,11,3.859656,2.633497,1.226159,675.000000,563.079633,0.183497,15.988173,5,physical,9,42
padded_benes_8x8,default,4-2-0-3-1,2,0,routed,,1635.057504,27,10,4.607945,2.740830,1.867115,819.000000,816.057504,0.202830,18.795423,5,physical,9,42
padded_benes_8x8,default,4-2-0-3-1,3,3,routed,,1579.495559,24,11,4.562488,3.009497,1.552991,863.000000,716.495559,0.183497,15.653192,5,physical,9,42
padded_benes_8x8,default,4-2-0-3-1,4,1,routed,,1139.933614,21,5,3.068364,2.441497,0.626867,679.000000,460.933614,0.183497,19.185793,5,physical,9,42
padded_benes_8x8,default,1-4-3-2-0,0,1,routed,,861.101761,13,10,2.951368,1.862164,1.089204,599.000000,262.101761,0.164164,15.220113,5,physical,10,42
padded_benes_8x8,default,1-4-3-2-0,1,4,routed,,1327.203522,26,8,3.767904,2.717497,1.050407,767.000000,560.203522,0.183497,15.936037,5,physical,10,42
padded_benes_8x8,default,1-4-3-2-0,2,3,routed,,1593.641578,23,14,4.866447,2.958164,1.908283,847.000000,746.641578,0.164164,13.992960,5,physical,10,42
padded_benes_8x8,default,1-4-3-2-0,3,2,routed,,2234.327412,32,17,6.492819,2.510164,3.982655,823.000000,1411.327412,0.164164,14.540475,5,physical,10,42
padded_benes_8x8,default,1-4-3-2-0,4,0,routed,,1227.933614,21,7,3.463697,2.704830,0.758867,751.000000,476.933614,0.202830,18.841796,5,physical,10,42
padded_benes_8x8,default,3-1-0-4-2,0,3,routed,,1119.933614,21,13,3.828364,2.169497,1.658867,643.000000,476.933614,0.183497,16.571134,5,physical,11,42
padded_benes_8x8,default,3-1-0-4-2,1,1,routed,,1264.079633,20,12,3.972991,2.450831,1.522159,703.000000,561.079633,0.144831,13.360206,5,physical,11,42
padded_benes_8x8,default,3-1-0-4-2,2,0,routed,,1244.371669,18,13,4.042908,2.638164,1.404743,787.000000,457.371669,0.164164,14.365498,5,physical,11,42
padded_benes_8x8,default,3-1-0-4-2,3,4,routed,,1772.619449,30,8,4.698069,2.376830,2.321239,787.000000,985.619449,0.202830,16.406062,5,physical,11,42
padded_benes_8x8,default,3-1-0-4-2,4,2,routed,,1937.597320,37,10,5.282358,2.364163,2.918195,771.000000,1166.597320,0.222163,19.437946,5,physical,11,42
padded_benes_8x8,default,3-2-4-0-1,0,3,routed,,988.517688,17,8,3.045533,2.169497,0.876035,643.000000,345.517688,0.183497,16.571135,5,physical,12,42
padded_benes_8x8,default,3-2-4-0-1,1,2,routed,,1269.495559,24,9,3.742488,2.433497,1.308991,675.000000,594.495559,0.183497,16.242537,5,physical,12,42
padded_benes_8x8,default,3-2-4-0-1,2,4,routed,,1351.641578,23,10,4.001780,2.561497,1.440283,739.000000,612.641578,0.183497,16.124007,5,physical,12,42
padded_benes_8x8,default,3-2-4-0-1,3,0,routed,,1713.203522,26,12,4.939904,2.753497,2.186407,835.000000,878.203522,0.183497,15.922621,5,physical,12,42
padded_benes_8x8,default,3-2-4-0-1,4,1,routed,,1359.349541,25,5,3.565862,2.544163,1.021699,711.000000,648.349541,0.222163,30.556603,5,physical,12,42
padded_benes_8x8,default,1-2-3-0-4,0,1,routed,,861.101761,13,11,3.051368,1.862164,1.189204,599.000000,262.101761,0.164164,13.977191,5,physical,13,42
padded_benes_8x8,default,1-2-3-0-4,1,2,routed,,1238.079633,20,11,3.859656,2.633497,1.226159,675.000000,563.079633,0.183497,15.978928,5,physical,13,42
padded_benes_8x8,default,1-2-3-0-4,2,3,routed,,1539.933614,21,14,4.749031,2.958164,1.790867,847.000000,692.933614,0.164164,13.992988,5,physical,13,42
padded_benes_8x8,default,1-2-3-0-4,3,0,routed,,1778.619449,30,14,5.290736,2.753497,2.537239,835.000000,943.619449,0.183497,15.922495,5,physical,13,42
padded_benes_8x8,default,1-2-3-0-4,4,4,routed,,1116.809725,15,10,3.453451,2.730831,0.722619,743.000000,373.809725,0.144831,18.764484,5,physical,13,42
padded_benes_8x8,default,0-3-4-1-2,0,0,routed,,777.393798,11,7,2.454619,1.810831,0.643788,583.000000,194.393798,0.144831,14.062163,5,physical,14,42
padded_benes_8x8,default,0-3-4-1-2,1,3,routed,,1395.495559,24,9,3.975155,2.446164,1.528991,691.000000,704.495559,0.164164,14.569876,5,physical,14,42
padded_benes_8x8,default,0-3-4-1-2,2,4,routed,,1491.057504,27,9,4.200612,2.561497,1.639115,739.000000,752.057504,0.183497,16.124007,5,physical,14,42
padded_benes_8x8,default,0-3-4-1-2,3,1,routed,,1683.203522,26,13,4.960571,2.766164,2.194407,851.000000,832.203522,0.164164,14.237498,5,physical,14,42
padded_benes_8x8,default,0-3-4-1-2,4,2,routed,,1469.349541,25,8,4.047196,2.561497,1.485699,739.000000,730.349541,0.183497,16.217385,5,physical,14,42
padded_benes_8x8,default,2-3-1-0-4,0,2,routed,,978.517688,17,14,3.606200,2.118164,1.488035,627.000000,351.517688,0.164164,13.699740,5,physical,15,42
padded_benes_8x8,default,2-3-1-0-4,1,3,routed,,1364.079633,20,14,4.392324,2.646164,1.746159,691.000000,673.079633,0.164164,14.320283,5,physical,15,42
padded_benes_8x8,default,2-3-1-0-4,2,1,routed,,1335.933614,21,12,4.160364,2.889497,1.270867,803.000000,532.933614,0.183497,15.722970,5,physical,15,42
padded_benes_8x8,default,2-3-1-0-4,3,0,routed,,1822.327412,32,13,5.288152,2.753497,2.534655,835.000000,987.327412,0.183497,15.922537,5,physical,15,42
padded_benes_8x8,default,2-3-1-0-4,4,4,routed,,1116.809725,15,9,3.353451,2.730831,0.622619,743.000000,373.809725,0.144831,18.764484,5,physical,15,42
padded_benes_8x8,default,3-1-4-0-2,0,3,routed,,988.517688,17,8,3.045533,2.169497,0.876035,643.000000,345.517688,0.183497,16.580614,5,physical,16,42
padded_benes_8x8,default,3-1-4-0-2,1,1,routed,,1264.079633,20,11,3.872991,2.450831,1.422159,703.000000,561.079633,0.144831,13.369703,5,physical,16,42
padded_benes_8x8,default,3-1-4-0-2,2,4,routed,,1521.349541,25,5,3.889862,2.364163,1.525699,771.000000,750.349541,0.222163,19.380971,5,physical,16,42
padded_benes_8x8,default,3-1-4-0-2,3,0,routed,,1473.349541,25,10,4.255196,2.689497,1.565699,803.000000,670.349541,0.183497,16.042004,5,physical,16,42
padded_benes_8x8,default,3-1-4-0-2,4,2,routed,,1905.597320,37,8,5.018358,2.364163,2.654195,771.000000,1134.597320,0.222163,19.438034,5,physical,16,42
padded_benes_8x8,default,4-0-1-3-2,0,4,routed,,940.809725,15,4,2.520784,2.390164,0.130619,663.000000,277.809725,0.164164,16.295296,5,physical,17,42
padded_benes_8x8,default,4-0-1-3-2,1,0,routed,,1148.079633,20,7,3.260324,2.638164,0.622159,687.000000,461.079633,0.164164,14.312988,5,physical,17,42
padded_benes_8x8,default,4-0-1-3-2,2,1,failed,"cannot route padded_benes_8x8_s3_w0_2.th to padded_benes_8x8_s4_w0_1.in on physical grid counters=port_access:0,window:0,same_net:21,crossing_candidate:0,crossing_budget:0,hard_reserved_crossing:0,soft_repeated_crossing:0,soft_reserved_crossing:0,reserved_spacing:0,segment:5,pops:15,max_heap:3",,,,,2.889497,,803.000000,,0.183497,15.722970,5,physical,17,42
padded_benes_8x8,default,4-0-1-3-2,3,3,routed,,1858.619449,30,5,4.512070,2.522831,1.989239,839.000000,1019.619449,0.144831,13.311912,5,physical,17,42
padded_benes_8x8,default,4-0-1-3-2,4,2,failed,"cannot route padded_benes_8x8_s3_w0_2.drop to padded_benes_8x8_s4_w2_3.in on physical grid: blocked by port access (port_access_overlap_foreign); candidate=(380.000,176.000)->(376.000,176.000) region=I3/padded_benes_8x8_s3_w1_3.drop:(384.000,176.000)->(370.000,176.000); soft_repeat=I1/repeated_crossing pair=I1-I4 at=(352.000,184.000) source=I4->I1@(338.000,176.000):(344.000,176.000)->(325.000,176.000)x(338.000,148.000)->(338.000,184.000) counters=port_access:78,window:640,same_net:546,crossing_candidate:5,crossing_budget:0,hard_reserved_crossing:0,soft_repeated_crossing:353,soft_reserved_crossing:0,reserved_spacing:96,segment:976,pops:4713,max_heap:266",,,,,2.697497,,707.000000,,0.183497,18.813704,5,physical,17,42
padded_benes_8x8,default,2-0-3-4-1,0,2,routed,,920.517688,17,6,2.690200,2.118164,0.572035,627.000000,293.517688,0.164164,14.942004,5,physical,18,42
padded_benes_8x8,default,2-0-3-4-1,1,0,routed,,1148.079633,20,5,3.060324,2.438164,0.622159,687.000000,461.079633,0.164164,14.568851,5,physical,18,42
padded_benes_8x8,default,2-0-3-4-1,2,3,failed,capped rip-up hop exhausted bounded candidates before A*: same-net avoidance candidate outside route window,,,,,2.510164,,823.000000,,0.164164,14.572210,5,physical,18,42
padded_benes_8x8,default,2-0-3-4-1,3,4,routed,,1480.911486,28,4,3.704653,2.612830,1.091823,755.000000,725.911486,0.202830,18.941737,5,physical,18,42
padded_benes_8x8,default,2-0-3-4-1,4,1,routed,,1359.349541,25,3,3.365862,2.544163,0.821699,711.000000,648.349541,0.222163,30.556619,5,physical,18,42
padded_benes_8x8,default,2-4-1-0-3,0,2,routed,,978.517688,17,11,3.306200,2.118164,1.188035,627.000000,351.517688,0.164164,14.948014,5,physical,19,42
padded_benes_8x8,default,2-4-1-0-3,1,4,routed,,1298.079633,20,9,3.779656,2.717497,1.062159,767.000000,531.079633,0.183497,15.936037,5,physical,19,42
padded_benes_8x8,default,2-4-1-0-3,2,1,routed,,1335.933614,21,12,4.160364,2.889497,1.270867,803.000000,532.933614,0.183497,15.722970,5,physical,19,42
padded_benes_8x8,default,2-4-1-0-3,3,0,routed,,1960.327412,32,11,5.364152,2.753497,2.610655,835.000000,1125.327412,0.183497,15.922622,5,physical,19,42
padded_benes_8x8,default,2-4-1-0-3,4,3,routed,,1427.349541,25,7,3.882529,2.712830,1.169699,755.000000,672.349541,0.202830,18.878090,5,physical,19,42
padded_benes_8x8,default,0-2-3-1-4,0,0,routed,,777.393798,11,12,2.954619,1.810831,1.143788,583.000000,194.393798,0.144831,13.082579,5,physical,20,42
padded_benes_8x8,default,0-2-3-1-4,1,2,routed,,1238.079633,20,11,3.859656,2.633497,1.226159,675.000000,563.079633,0.183497,15.978928,5,physical,20,42
padded_benes_8x8,default,0-2-3-1-4,2,3,routed,,1539.933614,21,14,4.749031,2.958164,1.790867,847.000000,692.933614,0.164164,13.992988,5,physical,20,42
padded_benes_8x8,default,0-2-3-1-4,3,1,routed,,1910.619449,30,15,5.635403,2.766164,2.869239,851.000000,1059.619449,0.164164,14.237498,5,physical,20,42
padded_benes_8x8,default,0-2-3-1-4,4,4,routed,,1116.809725,15,10,3.453451,2.730831,0.722619,743.000000,373.809725,0.144831,18.764484,5,physical,20,42
padded_benes_8x8,default,2-3-0-4-1,0,2,routed,,904.809725,15,9,2.948784,2.118164,0.830619,627.000000,277.809725,0.164164,14.942004,5,physical,21,42
padded_benes_8x8,default,2-3-0-4-1,1,3,routed,,1395.495559,24,10,4.075155,2.446164,1.628991,691.000000,704.495559,0.164164,14.570058,5,physical,21,42
padded_benes_8x8,default,2-3-0-4-1,2,0,routed,,1615.349541,25,12,4.758529,2.740830,2.017699,819.000000,796.349541,0.202830,18.795585,5,physical,21,42
padded_benes_8x8,default,2-3-0-4-1,3,4,routed,,1522.911486,28,8,4.188653,2.612830,1.575823,755.000000,767.911486,0.202830,18.941737,5,physical,21,42
padded_benes_8x8,default,2-3-0-4-1,4,1,routed,,1359.349541,25,5,3.565862,2.544163,1.021699,711.000000,648.349541,0.222163,30.558958,5,physical,21,42
padded_benes_8x8,default,4-0-2-1-3,0,4,routed,,958.809725,15,5,2.656784,2.390164,0.266619,663.000000,295.809725,0.164164,16.304614,5,physical,22,42
padded_benes_8x8,default,4-0-2-1-3,1,0,routed,,1132.371669,18,8,3.318908,2.638164,0.680743,687.000000,445.371669,0.164164,14.325437,5,physical,22,42
padded_benes_8x8,default,4-0-2-1-3,2,2,routed,,1611.349541,25,9,4.431196,2.497497,1.933699,807.000000,804.349541,0.183497,16.285424,5,physical,22,42
padded_benes_8x8,default,4-0-2-1-3,3,1,failed,"capped rip-up hop exhausted bounded candidates before A*: deterministic hop candidate segment is blocked; blocked_by=padded_benes_8x8_s1_w1_3/obstacle:(123.000,191.000)->(212.000,191.000)",,,,,2.940830,,819.000000,,0.202830,18.473433,5,physical,22,42
padded_benes_8x8,default,4-0-2-1-3,4,3,routed,,1289.349541,25,6,3.506529,2.748830,0.757699,723.000000,566.349541,0.202830,28.865453,5,physical,22,42
padded_benes_8x8,default,4-2-0-1-3,0,4,routed,,1032.225651,19,9,3.223616,2.390164,0.833451,663.000000,369.225651,0.164164,16.295296,5,physical,23,42
padded_benes_8x8,default,4-2-0-1-3,1,2,routed,,1238.079633,20,13,4.059656,2.633497,1.426159,675.000000,563.079633,0.183497,15.979011,5,physical,23,42
padded_benes_8x8,default,4-2-0-1-3,2,0,routed,,1252.225651,19,11,3.863616,2.838164,1.025451,787.000000,465.225651,0.164164,14.128311,5,physical,23,42
padded_benes_8x8,default,4-2-0-1-3,3,1,routed,,1842.911486,28,12,5.189987,2.766164,2.423823,851.000000,991.911486,0.164164,14.243696,5,physical,23,42
padded_benes_8x8,default,4-2-0-1-3,4,3,routed,,1309.349541,25,7,3.646529,2.748830,0.897699,723.000000,586.349541,0.202830,28.864616,5,physical,23,42
padded_benes_8x8,default,0-2-1-4-3,0,0,routed,,777.393798,11,7,2.454619,1.810831,0.643788,583.000000,194.393798,0.144831,14.071797,5,physical,24,42
padded_benes_8x8,default,0-2-1-4-3,1,2,routed,,1269.495559,24,8,3.642488,2.433497,1.208991,675.000000,594.495559,0.183497,16.251919,5,physical,24,42
padded_benes_8x8,default,0-2-1-4-3,2,1,routed,,1591.641578,23,10,4.481780,2.753497,1.728283,835.000000,756.641578,0.183497,15.978004,5,physical,24,42
padded_benes_8x8,default,0-2-1-4-3,3,4,routed,,1560.619449,30,6,4.074069,2.612830,1.461239,755.000000,805.619449,0.202830,18.941737,5,physical,24,42
padded_benes_8x8,default,0-2-1-4-3,4,3,routed,,1537.349541,25,7,4.102529,2.612830,1.489699,755.000000,782.349541,0.202830,18.996418,5,physical,24,42
padded_benes_8x8,default,0-1-2-4-3,0,0,routed,,777.393798,11,7,2.454619,1.810831,0.643788,583.000000,194.393798,0.144831,14.062260,5,physical,25,42
padded_benes_8x8,default,0-1-2-4-3,1,1,routed,,1280.079633,20,10,3.804991,2.450831,1.354159,703.000000,577.079633,0.144831,13.350898,5,physical,25,42
padded_benes_8x8,default,0-1-2-4-3,2,2,routed,,1611.349541,25,10,4.531196,2.497497,2.033699,807.000000,804.349541,0.183497,16.285424,5,physical,25,42
padded_benes_8x8,default,0-1-2-4-3,3,4,routed,,1560.619449,30,6,4.074069,2.612830,1.461239,755.000000,805.619449,0.202830,18.941737,5,physical,25,42
padded_benes_8x8,default,0-1-2-4-3,4,3,routed,,1553.057504,27,7,4.143945,2.612830,1.531115,755.000000,798.057504,0.202830,18.996418,5,physical,25,42
padded_benes_8x8,default,3-1-0-2-4,0,3,routed,,1026.225651,19,11,3.430949,2.169497,1.261451,643.000000,383.225651,0.183497,14.852568,5,physical,26,42
padded_benes_8x8,default,3-1-0-2-4,1,1,routed,,1232.663706,16,11,3.790159,2.650831,1.139327,703.000000,529.663706,0.144831,13.113203,5,physical,26,42
padded_benes_8x8,default,3-1-0-2-4,2,0,routed,,1282.079633,20,12,4.028324,2.838164,1.190159,787.000000,495.079633,0.164164,14.122146,5,physical,26,42
padded_benes_8x8,default,3-1-0-2-4,3,2,routed,,1611.495559,24,14,4.907155,2.510164,2.396991,823.000000,788.495559,0.164164,14.527944,5,physical,26,42
padded_benes_8x8,default,3-1-0-2-4,4,4,routed,,1116.809725,15,8,3.253451,2.730831,0.522619,743.000000,373.809725,0.144831,18.764484,5,physical,26,42
padded_benes_8x8,default,2-4-3-0-1,0,2,routed,,904.809725,15,3,2.348784,2.118164,0.230619,627.000000,277.809725,0.164164,14.941975,5,physical,27,42
padded_benes_8x8,default,2-4-3-0-1,1,4,routed,,1311.495559,24,3,3.226488,2.717497,0.508991,767.000000,544.495559,0.183497,15.945286,5,physical,27,42
padded_benes_8x8,default,2-4-3-0-1,2,3,failed,"capped rip-up hop exhausted bounded candidates before A*: same-net avoidance candidate segment is blocked; blocked_by=unknown/forbidden_point at=(160.000,184.000):(160.000,176.000)->(160.000,272.000); source=I2->I0@(370.000,197.000):(360.000,197.000)->(456.000,197.000)x(370.000,197.000)->(370.000,191.000)",,,,,2.510164,,823.000000,,0.164164,14.584899,5,physical,27,42
padded_benes_8x8,default,2-4-3-0-1,3,0,failed,"capped rip-up hop exhausted bounded candidates before A*: same-net avoidance candidate segment is blocked; blocked_by=unknown/forbidden_point at=(160.000,220.000):(160.000,212.000)->(160.000,272.000)",,,,,2.889497,,803.000000,,0.183497,15.795792,5,physical,27,42
padded_benes_8x8,default,2-4-3-0-1,4,1,routed,,1333.641578,23,2,3.165780,2.717497,0.448283,767.000000,566.641578,0.183497,16.047287,5,physical,27,42
padded_benes_8x8,default,1-0-3-2-4,0,1,routed,,861.101761,13,13,3.251368,1.862164,1.389204,599.000000,262.101761,0.164164,13.977169,5,physical,28,42
padded_benes_8x8,default,1-0-3-2-4,1,0,routed,,1116.663706,16,13,3.777492,2.638164,1.139327,687.000000,429.663706,0.164164,14.312960,5,physical,28,42
padded_benes_8x8,default,1-0-3-2-4,2,3,routed,,1539.933614,21,16,4.949031,2.958164,1.990867,847.000000,692.933614,0.164164,13.992960,5,physical,28,42
padded_benes_8x8,default,1-0-3-2-4,3,2,routed,,2305.743339,36,18,6.755651,2.510164,4.245487,823.000000,1482.743339,0.164164,14.527915,5,physical,28,42
padded_benes_8x8,default,1-0-3-2-4,4,4,routed,,1116.809725,15,10,3.453451,2.730831,0.722619,743.000000,373.809725,0.144831,18.764484,5,physical,28,42
padded_benes_8x8,default,3-1-2-0-4,0,3,routed,,1026.225651,19,8,3.130949,2.169497,0.961451,643.000000,383.225651,0.183497,14.858977,5,physical,29,42
padded_benes_8x8,default,3-1-2-0-4,1,1,routed,,1232.663706,16,8,3.490159,2.650831,0.839327,703.000000,529.663706,0.144831,13.127298,5,physical,29,42
padded_benes_8x8,default,3-1-2-0-4,2,2,routed,,1619.349541,25,12,4.747196,2.497497,2.249699,807.000000,812.349541,0.183497,16.285381,5,physical,29,42
padded_benes_8x8,default,3-1-2-0-4,3,0,failed,"capped rip-up hop exhausted bounded candidates before A*: deterministic hop candidate segment is blocked; blocked_by=padded_benes_8x8_s1_w1_3/obstacle:(123.000,191.000)->(212.000,191.000)",,,,,2.889497,,803.000000,,0.183497,15.777625,5,physical,29,42
padded_benes_8x8,default,3-1-2-0-4,4,4,routed,,1116.809725,15,8,3.253451,2.730831,0.522619,743.000000,373.809725,0.144831,18.764484,5,physical,29,42
padded_benes_8x8,default,0-4-2-3-1,0,0,routed,,777.393798,11,11,2.854619,1.810831,1.043788,583.000000,194.393798,0.144831,14.057328,5,physical,30,42
padded_benes_8x8,default,0-4-2-3-1,1,4,routed,,1327.203522,26,8,3.767904,2.717497,1.050407,767.000000,560.203522,0.183497,15.936037,5,physical,30,42
padded_benes_8x8,default,0-4-2-3-1,2,2,routed,,1509.933614,21,15,4.769699,2.906831,1.862867,831.000000,678.933614,0.144831,12.852550,5,physical,30,42
padded_benes_8x8,default,0-4-2-3-1,3,3,routed,,2170.327412,32,18,6.445486,2.522831,3.922655,839.000000,1331.327412,0.144831,13.311975,5,physical,30,42
padded_benes_8x8,default,0-4-2-3-1,4,1,routed,,1511.641578,23,8,4.121780,2.717497,1.404283,767.000000,744.641578,0.183497,16.019482,5,physical,30,42
padded_benes_8x8,default,2-0-4-1-3,0,2,routed,,904.809725,15,11,3.148784,2.118164,1.030619,627.000000,277.809725,0.164164,14.954459,5,physical,31,42
padded_benes_8x8,default,2-0-4-1-3,1,0,routed,,1148.079633,20,12,3.760324,2.438164,1.322159,687.000000,461.079633,0.164164,14.581237,5,physical,31,42
padded_benes_8x8,default,2-0-4-1-3,2,4,routed,,1677.057504,27,8,4.511278,2.364163,2.147115,771.000000,906.057504,0.222163,19.380971,5,physical,31,42
padded_benes_8x8,default,2-0-4-1-3,3,1,routed,,1522.911486,28,9,4.288653,2.740830,1.547823,819.000000,703.911486,0.202830,18.795341,5,physical,31,42
padded_benes_8x8,default,2-0-4-1-3,4,3,routed,,1794.473431,31,10,4.946777,2.376830,2.569947,787.000000,1007.473431,0.202830,16.501582,5,physical,31,42
padded_benes_8x8,default,1-3-4-2-0,0,1,routed,,861.101761,13,8,2.751368,1.862164,0.889204,599.000000,262.101761,0.164164,15.232974,5,physical,32,42
padded_benes_8x8,default,1-3-4-2-0,1,3,routed,,1395.495559,24,10,4.075155,2.446164,1.628991,691.000000,704.495559,0.164164,14.570116,5,physical,32,42
padded_benes_8x8,default,1-3-4-2-0,2,4,routed,,1661.349541,25,8,4.469862,2.364163,2.105699,771.000000,890.349541,0.222163,19.380971,5,physical,32,42
padded_benes_8x8,default,1-3-4-2-0,3,2,routed,,1601.495559,24,12,4.687155,2.758164,1.928991,847.000000,754.495559,0.164164,14.280069,5,physical,32,42
padded_benes_8x8,default,1-3-4-2-0,4,0,routed,,1420.765467,29,4,3.628027,2.607496,1.020531,783.000000,637.765467,0.241496,31.485305,5,physical,32,42
padded_benes_8x8,default,2-0-3-1-4,0,2,routed,,920.517688,17,8,2.890200,2.118164,0.772035,627.000000,293.517688,0.164164,13.704573,5,physical,33,42
padded_benes_8x8,default,2-0-3-1-4,1,0,routed,,1116.663706,16,7,3.177492,2.638164,0.539327,687.000000,429.663706,0.164164,14.325437,5,physical,33,42
padded_benes_8x8,default,2-0-3-1-4,2,3,failed,capped rip-up hop exhausted bounded candidates before A*: same-net avoidance candidate outside route window,,,,,2.510164,,823.000000,,0.164164,14.572210,5,physical,33,42
padded_benes_8x8,default,2-0-3-1-4,3,1,routed,,1465.203522,26,7,3.963237,2.940830,1.022407,819.000000,646.203522,0.202830,18.473353,5,physical,33,42
padded_benes_8x8,default,2-0-3-1-4,4,4,routed,,1116.809725,15,6,3.053451,2.730831,0.322619,743.000000,373.809725,0.144831,18.764484,5,physical,33,42
padded_benes_8x8,default,2-4-0-1-3,0,2,routed,,904.809725,15,9,2.948784,2.118164,0.830619,627.000000,277.809725,0.164164,14.948014,5,physical,34,42
padded_benes_8x8,default,2-4-0-1-3,1,4,routed,,1329.787596,22,9,3.853072,2.717497,1.135575,767.000000,562.787596,0.183497,15.936037,5,physical,34,42
padded_benes_8x8,default,2-4-0-1-3,2,0,routed,,1351.933614,21,14,4.373031,2.838164,1.534867,787.000000,564.933614,0.164164,14.128283,5,physical,34,42
padded_benes_8x8,default,2-4-0-1-3,3,1,routed,,1839.203522,26,18,5.772571,2.766164,3.006407,851.000000,988.203522,0.164164,14.243754,5,physical,34,42
padded_benes_8x8,default,2-4-0-1-3,4,3,routed,,1472.765467,29,8,4.093361,2.712830,1.380531,755.000000,717.765467,0.202830,18.878090,5,physical,34,42
padded_benes_8x8,default,1-3-2-4-0,0,1,routed,,876.809725,15,8,2.792784,1.862164,0.930619,599.000000,277.809725,0.164164,15.220171,5,physical,35,42
padded_benes_8x8,default,1-3-2-4-0,1,3,routed,,1395.495559,24,10,4.075155,2.446164,1.628991,691.000000,704.495559,0.164164,14.557585,5,physical,35,42
padded_benes_8x8,default,1-3-2-4-0,2,2,routed,,1404.225651,19,13,4.348283,2.706831,1.641451,831.000000,573.225651,0.144831,13.090078,5,physical,35,42
padded_benes_8x8,default,1-3-2-4-0,3,4,routed,,1826.327412,32,7,4.715485,2.376830,2.338655,787.000000,1039.327412,0.202830,16.406062,5,physical,35,42
padded_benes_8x8,default,1-3-2-4-0,4,0,routed,,1420.765467,29,4,3.628027,2.607496,1.020531,783.000000,637.765467,0.241496,31.483813,5,physical,35,42
padded_benes_8x8,default,2-4-0-3-1,0,2,failed,"cannot route padded_benes_8x8_s3_w0_2.drop to padded_benes_8x8_s4_w2_3.in on physical grid: blocked by port access (port_access_overlap_foreign); candidate=(380.000,176.000)->(376.000,176.000) region=I3/padded_benes_8x8_s3_w1_3.drop:(384.000,176.000)->(370.000,176.000); soft_repeat=I3/repeated_crossing pair=I0-I3 at=(380.000,197.000) source=I0->I3@(370.000,197.000):(370.000,197.000)->(370.000,191.000)x(360.000,197.000)->(456.000,197.000) counters=port_access:23,window:361,same_net:259,crossing_candidate:2,crossing_budget:0,hard_reserved_crossing:0,soft_repeated_crossing:81,soft_reserved_crossing:0,reserved_spacing:50,segment:471,pops:2346,max_heap:189",,,,,2.118164,,627.000000,,0.164164,14.929288,5,physical,36,42
padded_benes_8x8,default,2-4-0-3-1,1,4,routed,,1311.495559,24,4,3.326488,2.717497,0.608991,767.000000,544.495559,0.183497,15.936037,5,physical,36,42
padded_benes_8x8,default,2-4-0-3-1,2,0,failed,"cannot route padded_benes_8x8_s1_w0_2.drop to padded_benes_8x8_s2_w2_6.in on physical grid: blocked by port access (port_access_overlap_foreign); candidate=(170.000,176.000)->(160.000,176.000) region=I3/padded_benes_8x8_s1_w1_3.drop:(174.000,176.000)->(160.000,176.000); soft_repeat=I3/repeated_crossing pair=I2-I3 at=(160.000,197.000) source=I2->I3@(48.000,166.000):(20.000,166.000)->(55.000,166.000)x(48.000,158.000)->(48.000,184.000) counters=port_access:2,window:0,same_net:32,crossing_candidate:1,crossing_budget:0,hard_reserved_crossing:0,soft_repeated_crossing:3,soft_reserved_crossing:0,reserved_spacing:0,segment:27,pops:39,max_heap:7",,,,,2.838164,,787.000000,,0.164164,14.134401,5,physical,36,42
padded_benes_8x8,default,2-4-0-3-1,3,3,routed,,1858.619449,30,6,4.612070,2.522831,2.089239,839.000000,1019.619449,0.144831,13.316710,5,physical,36,42
padded_benes_8x8,default,2-4-0-3-1,4,1,routed,,1333.641578,23,4,3.365780,2.717497,0.648283,767.000000,566.641578,0.183497,16.028723,5,physical,36,42
padded_benes_8x8,default,1-2-4-0-3,0,1,routed,,861.101761,13,8,2.751368,1.862164,0.889204,599.000000,262.101761,0.164164,15.232772,5,physical,37,42
padded_benes_8x8,default,1-2-4-0-3,1,2,routed,,1269.495559,24,9,3.742488,2.433497,1.308991,675.000000,594.495559,0.183497,16.242579,5,physical,37,42
padded_benes_8x8,default,1-2-4-0-3,2,4,routed,,1515.349541,25,9,4.239196,2.561497,1.677699,739.000000,776.349541,0.183497,16.124007,5,physical,37,42
padded_benes_8x8,default,1-2-4-0-3,3,0,routed,,1675.495559,24,13,4.954488,2.753497,2.200991,835.000000,840.495559,0.183497,15.922495,5,physical,37,42
padded_benes_8x8,default,1-2-4-0-3,4,3,routed,,1453.349541,25,7,3.934529,2.612830,1.321699,755.000000,698.349541,0.202830,18.996334,5,physical,37,42
padded_benes_8x8,default,2-3-0-1-4,0,2,routed,,904.809725,15,12,3.248784,2.118164,1.130619,627.000000,277.809725,0.164164,13.699740,5,physical,38,42
padded_benes_8x8,default,2-3-0-1-4,1,3,routed,,1364.079633,20,12,4.192324,2.646164,1.546159,691.000000,673.079633,0.164164,14.320283,5,physical,38,42
padded_benes_8x8,default,2-3-0-1-4,2,0,routed,,1298.225651,19,15,4.355616,2.838164,1.517451,787.000000,511.225651,0.164164,14.128283,5,physical,38,42
padded_benes_8x8,default,2-3-0-1-4,3,1,routed,,1988.035376,34,16,5.910235,2.766164,3.144071,851.000000,1137.035376,0.164164,14.243696,5,physical,38,42
padded_benes_8x8,default,2-3-0-1-4,4,4,routed,,1116.809725,15,9,3.353451,2.730831,0.622619,743.000000,373.809725,0.144831,18.764484,5,physical,38,42
padded_benes_8x8,default,1-3-2-0-4,0,1,routed,,876.809725,15,11,3.092784,1.862164,1.230619,599.000000,277.809725,0.164164,13.977191,5,physical,39,42
padded_benes_8x8,default,1-3-2-0-4,1,3,routed,,1364.079633,20,12,4.192324,2.646164,1.546159,691.000000,673.079633,0.164164,14.314146,5,physical,39,42
padded_benes_8x8,default,1-3-2-0-4,2,2,routed,,1404.225651,19,14,4.448283,2.906831,1.541451,831.000000,573.225651,0.144831,12.857203,5,physical,39,42
padded_benes_8x8,default,1-3-2-0-4,3,0,routed,,1740.619449,30,14,5.214736,2.753497,2.461239,835.000000,905.619449,0.183497,15.922495,5,physical,39,42
padded_benes_8x8,default,1-3-2-0-4,4,4,routed,,1190.225651,19,9,3.520283,2.730831,0.789451,743.000000,447.225651,0.144831,18.764484,5,physical,39,42
padded_benes_8x8,default,2-1-4-3-0,0,2,failed,"cannot route padded_benes_8x8_s3_w0_2.drop to padded_benes_8x8_s4_w2_3.in on physical grid: blocked by port access (port_access_overlap_foreign); candidate=(380.000,176.000)->(376.000,176.000) region=I3/padded_benes_8x8_s3_w1_3.drop:(384.000,176.000)->(370.000,176.000); soft_repeat=I1/repeated_crossing pair=I0-I1 at=(352.000,180.000) source=I0->I1@(48.000,238.000):(20.000,238.000)->(55.000,238.000)x(48.000,230.000)->(48.000,251.000) counters=port_access:69,window:592,same_net:428,crossing_candidate:3,crossing_budget:0,hard_reserved_crossing:0,soft_repeated_crossing:242,soft_reserved_crossing:0,reserved_spacing:65,segment:857,pops:3790,max_heap:297",,,,,2.118164,,627.000000,,0.164164,14.929346,5,physical,40,42
padded_benes_8x8,default,2-1-4-3-0,1,1,routed,,1264.079633,20,8,3.572991,2.450831,1.122159,703.000000,561.079633,0.144831,13.355408,5,physical,40,42
padded_benes_8x8,default,2-1-4-3-0,2,4,failed,"cannot route padded_benes_8x8_s1_w0_2.drop to padded_benes_8x8_s2_w2_6.in on physical grid counters=port_access:0,window:0,same_net:28,crossing_candidate:0,crossing_budget:0,hard_reserved_crossing:0,soft_repeated_crossing:0,soft_reserved_crossing:0,reserved_spacing:0,segment:16,pops:29,max_heap:6",,,,,2.561497,,739.000000,,0.183497,16.124007,5,physical,40,42
padded_benes_8x8,default,2-1-4-3-0,3,3,routed,,1858.619449,30,8,4.812070,2.522831,2.289239,839.000000,1019.619449,0.144831,13.307203,5,physical,40,42
padded_benes_8x8,default,2-1-4-3-0,4,0,routed,,1183.787596,22,4,3.080405,2.492830,0.587575,695.000000,488.787596,0.202830,19.143155,5,physical,40,42
padded_benes_8x8,default,2-1-0-4-3,0,2,routed,,904.809725,15,11,3.148784,2.118164,1.030619,627.000000,277.809725,0.164164,14.948014,5,physical,41,42
padded_benes_8x8,default,2-1-0-4-3,1,1,routed,,1264.079633,20,14,4.172991,2.450831,1.722159,703.000000,561.079633,0.144831,13.360206,5,physical,41,42
padded_benes_8x8,default,2-1-0-4-3,2,0,routed,,1344.079633,20,13,4.252324,2.638164,1.614159,787.000000,557.079633,0.164164,14.365498,5,physical,41,42
padded_benes_8x8,default,2-1-0-4-3,3,4,routed,,1737.203522,26,9,4.707237,2.376830,2.330407,787.000000,950.203522,0.202830,16.406062,5,physical,41,42
padded_benes_8x8,default,2-1-0-4-3,4,3,routed,,1825.889357,35,11,5.129609,2.376830,2.752779,787.000000,1038.889357,0.202830,16.501537,5,physical,41,42
padded_benes_8x8,default,3-0-4-1-2,0,3,routed,,1062.225651,19,12,3.602949,2.169497,1.433451,643.000000,419.225651,0.183497,16.580614,5,physical,42,42
padded_benes_8x8,default,3-0-4-1-2,1,0,routed,,1148.079633,20,11,3.660324,2.438164,1.222159,687.000000,461.079633,0.164164,14.581237,5,physical,42,42
padded_benes_8x8,default,3-0-4-1-2,2,4,routed,,1750.473431,31,6,4.478110,2.364163,2.113947,771.000000,979.473431,0.222163,19.380971,5,physical,42,42
padded_benes_8x8,default,3-0-4-1-2,3,1,routed,,1427.495559,24,11,4.277821,2.740830,1.536991,819.000000,608.495559,0.202830,18.795341,5,physical,42,42
padded_benes_8x8,default,3-0-4-1-2,4,2,routed,,1937.597320,37,10,5.282358,2.364163,2.918195,771.000000,1166.597320,0.222163,19.438034,5,physical,42,42
padded_benes_8x8,default,0-4-3-1-2,0,0,routed,,777.393798,11,9,2.654619,1.810831,0.843788,583.000000,194.393798,0.144831,14.052583,5,physical,43,42
padded_benes_8x8,default,0-4-3-1-2,1,4,routed,,1327.203522,26,8,3.767904,2.717497,1.050407,767.000000,560.203522,0.183497,15.936037,5,physical,43,42
padded_benes_8x8,default,0-4-3-1-2,2,3,routed,,1593.641578,23,12,4.666447,2.958164,1.708283,847.000000,746.641578,0.164164,13.993045,5,physical,43,42
padded_benes_8x8,default,0-4-3-1-2,3,1,routed,,1839.203522,26,14,5.372571,2.766164,2.606407,851.000000,988.203522,0.164164,14.237556,5,physical,43,42
padded_benes_8x8,default,0-4-3-1-2,4,2,routed,,1365.057504,27,5,3.587278,2.700163,0.887115,739.000000,626.057504,0.222163,29.592609,5,physical,43,42
padded_benes_8x8,default,2-3-1-4-0,0,2,routed,,904.809725,15,7,2.748784,2.118164,0.630619,627.000000,277.809725,0.164164,14.942004,5,physical,44,42
padded_benes_8x8,default,2-3-1-4-0,1,3,routed,,1440.911486,28,11,4.285987,2.446164,1.839823,691.000000,749.911486,0.164164,14.570058,5,physical,44,42
padded_benes_8x8,default,2-3-1-4-0,2,1,routed,,1575.641578,23,12,4.649780,2.753497,1.896283,835.000000,740.641578,0.183497,16.005630,5,physical,44,42
padded_benes_8x8,default,2-3-1-4-0,3,4,routed,,1560.619449,30,6,4.074069,2.612830,1.461239,755.000000,805.619449,0.202830,18.941737,5,physical,44,42
padded_benes_8x8,default,2-3-1-4-0,4,0,routed,,1267.787596,22,6,3.448405,2.492830,0.955575,695.000000,572.787596,0.202830,19.179303,5,physical,44,42
padded_benes_8x8,default,2-3-4-1-0,0,2,routed,,904.809725,15,7,2.748784,2.118164,0.630619,627.000000,277.809725,0.164164,14.935607,5,physical,45,42
padded_benes_8x8,default,2-3-4-1-0,1,3,routed,,1395.495559,24,9,3.975155,2.446164,1.528991,691.000000,704.495559,0.164164,14.563696,5,physical,45,42
padded_benes_8x8,default,2-3-4-1-0,2,4,routed,,1491.057504,27,9,4.200612,2.561497,1.639115,739.000000,752.057504,0.183497,16.124007,5,physical,45,42
padded_benes_8x8,default,2-3-4-1-0,3,1,routed,,1667.203522,26,13,4.928571,2.766164,2.162407,851.000000,816.203522,0.164164,14.256037,5,physical,45,42
padded_benes_8x8,default,2-3-4-1-0,4,0,routed,,1267.787596,22,6,3.448405,2.492830,0.955575,695.000000,572.787596,0.202830,19.161189,5,physical,45,42
padded_benes_8x8,default,0-4-3-2-1,0,0,routed,,777.393798,11,11,2.854619,1.810831,1.043788,583.000000,194.393798,0.144831,14.057328,5,physical,46,42
padded_benes_8x8,default,0-4-3-2-1,1,4,routed,,1327.203522,26,8,3.767904,2.717497,1.050407,767.000000,560.203522,0.183497,15.936037,5,physical,46,42
padded_benes_8x8,default,0-4-3-2-1,2,3,routed,,1593.641578,23,14,4.866447,2.958164,1.908283,847.000000,746.641578,0.164164,13.992960,5,physical,46,42
padded_benes_8x8,default,0-4-3-2-1,3,2,routed,,2234.327412,32,17,6.492819,2.510164,3.982655,823.000000,1411.327412,0.164164,14.540475,5,physical,46,42
padded_benes_8x8,default,0-4-3-2-1,4,1,routed,,1369.933614,21,8,3.828364,2.717497,1.110867,767.000000,602.933614,0.183497,16.019482,5,physical,46,42
padded_benes_8x8,default,1-3-4-0-2,0,1,routed,,861.101761,13,8,2.751368,1.862164,0.889204,599.000000,262.101761,0.164164,15.232772,5,physical,47,42
padded_benes_8x8,default,1-3-4-0-2,1,3,routed,,1395.495559,24,10,4.075155,2.446164,1.628991,691.000000,704.495559,0.164164,14.569876,5,physical,47,42
padded_benes_8x8,default,1-3-4-0-2,2,4,routed,,1431.349541,25,9,4.071196,2.561497,1.509699,739.000000,692.349541,0.183497,16.124007,5,physical,47,42
padded_benes_8x8,default,1-3-4-0-2,3,0,routed,,1691.203522,26,13,4.995904,2.753497,2.242407,835.000000,856.203522,0.183497,15.922495,5,physical,47,42
padded_benes_8x8,default,1-3-4-0-2,4,2,routed,,1469.349541,25,8,4.047196,2.561497,1.485699,739.000000,730.349541,0.183497,16.217385,5,physical,47,42
padded_benes_8x8,default,4-0-2-3-1,0,4,routed,,1032.225651,19,9,3.223616,2.390164,0.833451,663.000000,369.225651,0.164164,16.295296,5,physical,48,42
padded_benes_8x8,default,4-0-2-3-1,1,0,routed,,1284.079633,20,13,4.132324,2.638164,1.494159,687.000000,597.079633,0.164164,14.312988,5,physical,48,42
padded_benes_8x8,default,4-0-2-3-1,2,2,routed,,1404.225651,19,15,4.548283,2.906831,1.641451,831.000000,573.225651,0.144831,12.857234,5,physical,48,42
padded_benes_8x8,default,4-0-2-3-1,3,3,routed,,2189.743339,36,16,6.304318,2.522831,3.781487,839.000000,1350.743339,0.144831,13.302479,5,physical,48,42
padded_benes_8x8,default,4-0-2-3-1,4,1,routed,,1123.933614,21,7,3.236364,2.441497,0.794867,679.000000,444.933614,0.183497,19.167584,5,physical,48,42
padded_benes_8x8,default,4-2-3-0-1,0,4,routed,,1032.225651,19,9,3.223616,2.390164,0.833451,663.000000,369.225651,0.164164,16.295296,5,physical,49,42
padded_benes_8x8,default,4-2-3-0-1,1,2,routed,,1238.079633,20,11,3.859656,2.633497,1.226159,675.000000,563.079633,0.183497,15.978928,5,physical,49,42
padded_benes_8x8,default,4-2-3-0-1,2,3,routed,,1487.933614,21,12,4.445031,2.958164,1.486867,847.000000,640.933614,0.164164,13.999153,5,physical,49,42
padded_benes_8x8,default,4-2-3-0-1,3,0,routed,,1710.911486,28,11,4.845320,2.753497,2.091823,835.000000,875.911486,0.183497,15.922537,5,physical,49,42
padded_benes_8x8,default,4-2-3-0-1,4,1,routed,,1139.933614,21,5,3.068364,2.441497,0.626867,679.000000,460.933614,0.183497,19.167667,5,physical,49,42
padded_benes_8x8,default,1-0-2-3-4,0,1,routed,,876.809725,15,14,3.392784,1.862164,1.530619,599.000000,277.809725,0.164164,13.977169,5,physical,50,42
padded_benes_8x8,default,1-0-2-3-4,1,0,routed,,1377.495559,24,13,4.339155,2.638164,1.700991,687.000000,690.495559,0.164164,14.312960,5,physical,50,42
padded_benes_8x8,default,1-0-2-3-4,2,2,routed,,1404.225651,19,16,4.648283,2.906831,1.741451,831.000000,573.225651,0.144831,12.852550,5,physical,50,42
padded_benes_8x8,default,1-0-2-3-4,3,3,routed,,2189.743339,36,16,6.304318,2.522831,3.781487,839.000000,1350.743339,0.144831,13.302479,5,physical,50,42
padded_benes_8x8,default,1-0-2-3-4,4,4,routed,,1216.225651,19,5,3.172283,2.730831,0.441451,743.000000,473.225651,0.144831,18.764484,5,physical,50,42
padded_benes_8x8,default,0-2-1-3-4,0,0,routed,,777.393798,11,12,2.954619,1.810831,1.143788,583.000000,194.393798,0.144831,13.094110,5,physical,51,42
padded_benes_8x8,default,0-2-1-3-4,1,2,routed,,1238.079633,20,11,3.859656,2.633497,1.226159,675.000000,563.079633,0.183497,15.988173,5,physical,51,42
padded_benes_8x8,default,0-2-1-3-4,2,1,routed,,1791.057504,27,14,5.300612,2.753497,2.547115,835.000000,956.057504,0.183497,15.978004,5,physical,51,42
padded_benes_8x8,default,0-2-1-3-4,3,3,routed,,1631.495559,24,13,4.866488,3.009497,1.856991,863.000000,768.495559,0.183497,15.644065,5,physical,51,42
padded_benes_8x8,default,0-2-1-3-4,4,4,routed,,1116.809725,15,10,3.453451,2.730831,0.722619,743.000000,373.809725,0.144831,18.764484,5,physical,51,42
padded_benes_8x8,default,2-1-3-0-4,0,2,failed,"cannot route padded_benes_8x8_s3_w0_2.drop to padded_benes_8x8_s4_w2_3.in on physical grid: blocked by port access (port_access_overlap_foreign); candidate=(380.000,176.000)->(376.000,176.000) region=I2/padded_benes_8x8_s3_w1_3.drop:(384.000,176.000)->(370.000,176.000); soft_repeat=I1/repeated_crossing pair=I0-I1 at=(352.000,184.000) source=I0->I1@(48.000,238.000):(20.000,238.000)->(55.000,238.000)x(48.000,230.000)->(48.000,251.000) counters=port_access:142,window:1067,same_net:798,crossing_candidate:6,crossing_budget:0,hard_reserved_crossing:0,soft_repeated_crossing:486,soft_reserved_crossing:0,reserved_spacing:126,segment:1853,pops:7059,max_heap:332",,,,,2.118164,,627.000000,,0.164164,13.704573,5,physical,52,42
padded_benes_8x8,default,2-1-3-0-4,1,1,routed,,1232.663706,16,11,3.790159,2.650831,1.139327,703.000000,529.663706,0.144831,13.127298,5,physical,52,42
padded_benes_8x8,default,2-1-3-0-4,2,3,routed,,1790.765467,29,13,5.190695,2.510164,2.680531,823.000000,967.765467,0.164164,14.572210,5,physical,52,42
padded_benes_8x8,default,2-1-3-0-4,3,0,routed,,1373.641578,23,8,3.845780,2.889497,0.956283,803.000000,570.641578,0.183497,15.777625,5,physical,52,42
padded_benes_8x8,default,2-1-3-0-4,4,4,routed,,1116.809725,15,8,3.253451,2.730831,0.522619,743.000000,373.809725,0.144831,18.764484,5,physical,52,42
padded_benes_8x8,default,3-4-0-1-2,0,3,routed,,1062.225651,19,11,3.502949,2.169497,1.333451,643.000000,419.225651,0.183497,16.571134,5,physical,53,42
padded_benes_8x8,default,3-4-0-1-2,1,4,routed,,1311.495559,24,8,3.726488,2.717497,1.008991,767.000000,544.495559,0.183497,15.936037,5,physical,53,42
padded_benes_8x8,default,3-4-0-1-2,2,0,routed,,1252.225651,19,11,3.863616,2.838164,1.025451,787.000000,465.225651,0.164164,14.128283,5,physical,53,42
padded_benes_8x8,default,3-4-0-1-2,3,1,routed,,1874.619449,30,13,5.363403,2.766164,2.597239,851.000000,1023.619449,0.164164,14.243754,5,physical,53,42
padded_benes_8x8,default,3-4-0-1-2,4,2,routed,,1349.349541,25,7,3.745862,2.700163,1.045699,739.000000,610.349541,0.222163,29.593582,5,physical,53,42
padded_benes_8x8,default,0-4-1-2-3,0,0,routed,,777.393798,11,9,2.654619,1.810831,0.843788,583.000000,194.393798,0.144831,14.067005,5,physical,54,42
padded_benes_8x8,default,0-4-1-2-3,1,4,routed,,1314.079633,20,9,3.811656,2.717497,1.094159,767.000000,547.079633,0.183497,15.945286,5,physical,54,42
padded_benes_8x8,default,0-4-1-2-3,2,1,routed,,1731.641578,23,15,5.261780,2.753497,2.508283,835.000000,896.641578,0.183497,15.978090,5,physical,54,42
padded_benes_8x8,default,0-4-1-2-3,3,2,routed,,1601.495559,24,13,4.787155,2.958164,1.828991,847.000000,754.495559,0.164164,14.048669,5,physical,54,42
padded_benes_8x8,default,0-4-1-2-3,4,3,routed,,1472.765467,29,8,4.093361,2.712830,1.380531,755.000000,717.765467,0.202830,18.878173,5,physical,54,42
padded_benes_8x8,default,2-0-1-4-3,0,2,routed,,978.517688,17,13,3.506200,2.118164,1.388035,627.000000,351.517688,0.164164,14.948014,5,physical,55,42
padded_benes_8x8,default,2-0-1-4-3,1,0,routed,,1148.079633,20,13,3.860324,2.438164,1.422159,687.000000,461.079633,0.164164,14.574871,5,physical,55,42
padded_benes_8x8,default,2-0-1-4-3,2,1,routed,,1335.933614,21,12,4.160364,2.689497,1.470867,803.000000,532.933614,0.183497,15.986495,5,physical,55,42
padded_benes_8x8,default,2-0-1-4-3,3,4,routed,,1826.327412,32,7,4.715485,2.376830,2.338655,787.000000,1039.327412,0.202830,16.406062,5,physical,55,42
padded_benes_8x8,default,2-0-1-4-3,4,3,routed,,1857.889357,35,13,5.393609,2.376830,3.016779,787.000000,1070.889357,0.202830,16.501537,5,physical,55,42
padded_benes_8x8,default,4-3-2-0-1,0,4,routed,,1032.225651,19,9,3.223616,2.390164,0.833451,663.000000,369.225651,0.164164,16.295296,5,physical,56,42
padded_benes_8x8,default,4-3-2-0-1,1,3,routed,,1364.079633,20,12,4.192324,2.646164,1.546159,691.000000,673.079633,0.164164,14.314146,5,physical,56,42
padded_benes_8x8,default,4-3-2-0-1,2,2,routed,,1404.225651,19,13,4.348283,2.906831,1.441451,831.000000,573.225651,0.144831,12.861893,5,physical,56,42
padded_benes_8x8,default,4-3-2-0-1,3,0,routed,,1726.619449,30,11,4.886736,2.753497,2.133239,835.000000,891.619449,0.183497,15.922537,5,physical,56,42
padded_benes_8x8,default,4-3-2-0-1,4,1,routed,,1139.933614,21,5,3.068364,2.441497,0.626867,679.000000,460.933614,0.183497,19.167667,5,physical,56,42
padded_benes_8x8,default,1-4-0-2-3,0,1,routed,,861.101761,13,8,2.751368,1.862164,0.889204,599.000000,262.101761,0.164164,15.232915,5,physical,57,42
padded_benes_8x8,default,1-4-0-2-3,1,4,routed,,1314.079633,20,9,3.811656,2.717497,1.094159,767.000000,547.079633,0.183497,15.945286,5,physical,57,42
padded_benes_8x8,default,1-4-0-2-3,2,0,routed,,1794.765467,29,11,5.037361,2.740830,2.296531,819.000000,975.765467,0.202830,18.795505,5,physical,57,42
padded_benes_8x8,default,1-4-0-2-3,3,2,routed,,1601.495559,24,13,4.787155,2.958164,1.828991,847.000000,754.495559,0.164164,14.048669,5,physical,57,42
padded_benes_8x8,default,1-4-0-2-3,4,3,routed,,1443.057504,27,5,3.723945,2.712830,1.011115,755.000000,688.057504,0.202830,18.878173,5,physical,57,42
padded_benes_8x8,default,0-1-3-2-4,0,0,routed,,777.393798,11,14,3.154619,1.810831,1.343788,583.000000,194.393798,0.144831,13.078770,5,physical,58,42
padded_benes_8x8,default,0-1-3-2-4,1,1,routed,,1248.663706,16,14,4.122159,2.650831,1.471327,703.000000,545.663706,0.144831,13.108550,5,physical,58,42
padded_benes_8x8,default,0-1-3-2-4,2,3,routed,,1539.933614,21,16,4.949031,2.958164,1.990867,847.000000,692.933614,0.164164,13.992960,5,physical,58,42
padded_benes_8x8,default,0-1-3-2-4,3,2,routed,,2315.743339,36,18,6.775651,2.510164,4.265487,823.000000,1492.743339,0.164164,14.527915,5,physical,58,42
padded_benes_8x8,default,0-1-3-2-4,4,4,routed,,1116.809725,15,10,3.453451,2.730831,0.722619,743.000000,373.809725,0.144831,18.764484,5,physical,58,42
padded_benes_8x8,default,4-1-0-3-2,0,4,routed,,940.809725,15,4,2.520784,2.390164,0.130619,663.000000,277.809725,0.164164,16.295296,5,physical,59,42
padded_benes_8x8,default,4-1-0-3-2,1,1,routed,,1232.663706,16,9,3.590159,2.650831,0.939327,703.000000,529.663706,0.144831,13.113203,5,physical,59,42
padded_benes_8x8,default,4-1-0-3-2,2,0,failed,"cannot route padded_benes_8x8_s1_w0_2.drop to padded_benes_8x8_s2_w2_6.in on physical grid counters=port_access:0,window:0,same_net:28,crossing_candidate:0,crossing_budget:0,hard_reserved_crossing:0,soft_repeated_crossing:0,soft_reserved_crossing:0,reserved_spacing:0,segment:16,pops:29,max_heap:6",,,,,2.838164,,787.000000,,0.164164,14.122175,5,physical,59,42
padded_benes_8x8,default,4-1-0-3-2,3,3,routed,,1858.619449,30,7,4.712070,2.522831,2.189239,839.000000,1019.619449,0.144831,13.311912,5,physical,59,42
padded_benes_8x8,default,4-1-0-3-2,4,2,failed,"cannot route padded_benes_8x8_s3_w0_2.drop to padded_benes_8x8_s4_w2_3.in on physical grid: blocked by port access (port_access_overlap_foreign); candidate=(380.000,176.000)->(376.000,176.000) region=I3/padded_benes_8x8_s3_w1_3.drop:(384.000,176.000)->(370.000,176.000); soft_repeat=I1/repeated_crossing pair=I1-I4 at=(352.000,184.000) source=I4->I1@(338.000,176.000):(344.000,176.000)->(325.000,176.000)x(338.000,148.000)->(338.000,184.000) counters=port_access:69,window:499,same_net:448,crossing_candidate:3,crossing_budget:0,hard_reserved_crossing:0,soft_repeated_crossing:211,soft_reserved_crossing:0,reserved_spacing:63,segment:850,pops:3534,max_heap:227",,,,,2.697497,,707.000000,,0.183497,18.813704,5,physical,59,42
padded_benes_8x8,default,3-0-1-2-4,0,3,routed,,1026.225651,19,11,3.430949,2.169497,1.261451,643.000000,383.225651,0.183497,14.852568,5,physical,60,42
padded_benes_8x8,default,3-0-1-2-4,1,0,routed,,1116.663706,16,10,3.477492,2.638164,0.839327,687.000000,429.663706,0.164164,14.312988,5,physical,60,42
padded_benes_8x8,default,3-0-1-2-4,2,1,routed,,1373.641578,23,11,4.145780,2.889497,1.256283,803.000000,570.641578,0.183497,15.722928,5,physical,60,42
padded_benes_8x8,default,3-0-1-2-4,3,2,routed,,1611.495559,24,14,4.907155,2.510164,2.396991,823.000000,788.495559,0.164164,14.527944,5,physical,60,42
padded_benes_8x8,default,3-0-1-2-4,4,4,routed,,1116.809725,15,8,3.253451,2.730831,0.522619,743.000000,373.809725,0.144831,18.764484,5,physical,60,42
padded_benes_8x8,default,3-0-1-4-2,0,3,routed,,1119.933614,21,13,3.828364,2.169497,1.658867,643.000000,476.933614,0.183497,16.571134,5,physical,61,42
padded_benes_8x8,default,3-0-1-4-2,1,0,routed,,1148.079633,20,11,3.660324,2.438164,1.222159,687.000000,461.079633,0.164164,14.574871,5,physical,61,42
padded_benes_8x8,default,3-0-1-4-2,2,1,routed,,1335.933614,21,12,4.160364,2.689497,1.470867,803.000000,532.933614,0.183497,15.986495,5,physical,61,42
padded_benes_8x8,default,3-0-1-4-2,3,4,routed,,1772.619449,30,8,4.698069,2.376830,2.321239,787.000000,985.619449,0.202830,16.406062,5,physical,61,42
padded_benes_8x8,default,3-0-1-4-2,4,2,routed,,1937.597320,37,10,5.282358,2.364163,2.918195,771.000000,1166.597320,0.222163,19.437946,5,physical,61,42
padded_benes_8x8,default,1-3-0-2-4,0,1,routed,,861.101761,13,11,3.051368,1.862164,1.189204,599.000000,262.101761,0.164164,13.986825,5,physical,62,42
padded_benes_8x8,default,1-3-0-2-4,1,3,routed,,1364.079633,20,12,4.192324,2.646164,1.546159,691.000000,673.079633,0.164164,14.326581,5,physical,62,42
padded_benes_8x8,default,1-3-0-2-4,2,0,routed,,1674.765467,29,13,4.997361,2.740830,2.256531,819.000000,855.765467,0.202830,18.795341,5,physical,62,42
padded_benes_8x8,default,1-3-0-2-4,3,2,routed,,1547.787596,22,14,4.769739,2.958164,1.811575,847.000000,700.787596,0.164164,14.036372,5,physical,62,42
padded_benes_8x8,default,1-3-0-2-4,4,4,routed,,1116.809725,15,10,3.453451,2.730831,0.722619,743.000000,373.809725,0.144831,18.764484,5,physical,62,42
padded_benes_8x8,default,1-4-3-0-2,0,1,routed,,861.101761,13,8,2.751368,1.862164,0.889204,599.000000,262.101761,0.164164,15.220084,5,physical,63,42
padded_benes_8x8,default,1-4-3-0-2,1,4,routed,,1311.495559,24,8,3.726488,2.717497,1.008991,767.000000,544.495559,0.183497,15.936037,5,physical,63,42
padded_benes_8x8,default,1-4-3-0-2,2,3,routed,,1593.641578,23,12,4.666447,2.958164,1.708283,847.000000,746.641578,0.164164,13.993045,5,physical,63,42
padded_benes_8x8,default,1-4-3-0-2,3,0,routed,,1675.495559,24,13,4.954488,2.753497,2.200991,835.000000,840.495559,0.183497,15.922580,5,physical,63,42
padded_benes_8x8,default,1-4-3-0-2,4,2,routed,,1365.057504,27,5,3.587278,2.700163,0.887115,739.000000,626.057504,0.222163,29.592609,5,physical,63,42
padded_benes_8x8,default,1-3-0-4-2,0,1,routed,,861.101761,13,8,2.751368,1.862164,0.889204,599.000000,262.101761,0.164164,15.239260,5,physical,64,42
padded_benes_8x8,default,1-3-0-4-2,1,3,routed,,1395.495559,24,10,4.075155,2.446164,1.628991,691.000000,704.495559,0.164164,14.576247,5,physical,64,42
padded_benes_8x8,default,1-3-0-4-2,2,0,routed,,1615.349541,25,12,4.758529,2.740830,2.017699,819.000000,796.349541,0.202830,18.795341,5,physical,64,42
padded_benes_8x8,default,1-3-0-4-2,3,4,routed,,1522.911486,28,8,4.188653,2.612830,1.575823,755.000000,767.911486,0.202830,18.941737,5,physical,64,42
padded_benes_8x8,default,1-3-0-4-2,4,2,routed,,1469.349541,25,8,4.047196,2.561497,1.485699,739.000000,730.349541,0.183497,16.217429,5,physical,64,42
padded_benes_8x8,default,0-2-4-1-3,0,0,routed,,777.393798,11,7,2.454619,1.810831,0.643788,583.000000,194.393798,0.144831,14.062163,5,physical,65,42
padded_benes_8x8,default,0-2-4-1-3,1,2,routed,,1269.495559,24,8,3.642488,2.433497,1.208991,675.000000,594.495559,0.183497,16.242579,5,physical,65,42
padded_benes_8x8,default,0-2-4-1-3,2,4,routed,,1575.057504,27,9,4.368612,2.561497,1.807115,739.000000,836.057504,0.183497,16.124007,5,physical,65,42
padded_benes_8x8,default,0-2-4-1-3,3,1,routed,,1667.495559,24,13,4.919155,2.766164,2.152991,851.000000,816.495559,0.164164,14.237498,5,physical,65,42
padded_benes_8x8,default,0-2-4-1-3,4,3,routed,,1453.349541,25,7,3.934529,2.612830,1.321699,755.000000,698.349541,0.202830,18.996334,5,physical,65,42
padded_benes_8x8,default,3-0-2-1-4,0,3,routed,,1026.225651,19,11,3.430949,2.169497,1.261451,643.000000,383.225651,0.183497,14.858977,5,physical,66,42
padded_benes_8x8,default,3-0-2-1-4,1,0,routed,,1116.663706,16,10,3.477492,2.638164,0.839327,687.000000,429.663706,0.164164,14.325437,5,physical,66,42
padded_benes_8x8,default,3-0-2-1-4,2,2,routed,,1619.057504,27,15,5.056612,2.497497,2.559115,807.000000,812.057504,0.183497,16.285381,5,physical,66,42
padded_benes_8x8,default,3-0-2-1-4,3,1,routed,,1465.203522,26,12,4.463237,2.940830,1.522407,819.000000,646.203522,0.202830,18.473353,5,physical,66,42
padded_benes_8x8,default,3-0-2-1-4,4,4,routed,,1116.809725,15,8,3.253451,2.730831,0.522619,743.000000,373.809725,0.144831,18.764484,5,physical,66,42
padded_benes_8x8,default,0-3-2-4-1,0,0,routed,,777.393798,11,9,2.654619,1.810831,0.843788,583.000000,194.393798,0.144831,14.066770,5,physical,67,42
padded_benes_8x8,default,0-3-2-4-1,1,3,routed,,1395.495559,24,10,4.075155,2.446164,1.628991,691.000000,704.495559,0.164164,14.557585,5,physical,67,42
padded_benes_8x8,default,0-3-2-4-1,2,2,routed,,1509.933614,21,13,4.569699,2.706831,1.862867,831.000000,678.933614,0.144831,13.090078,5,physical,67,42
padded_benes_8x8,default,0-3-2-4-1,3,4,routed,,1737.203522,26,9,4.707237,2.376830,2.330407,787.000000,950.203522,0.202830,16.406062,5,physical,67,42
padded_benes_8x8,default,0-3-2-4-1,4,1,routed,,1552.765467,29,5,3.972694,2.620163,1.352531,799.000000,753.765467,0.222163,19.079585,5,physical,67,42
padded_benes_8x8,default,2-1-4-0-3,0,2,routed,,904.809725,15,9,2.948784,2.118164,0.830619,627.000000,277.809725,0.164164,14.954459,5,physical,68,42
padded_benes_8x8,default,2-1-4-0-3,1,1,routed,,1264.079633,20,12,3.972991,2.450831,1.522159,703.000000,561.079633,0.144831,13.369703,5,physical,68,42
padded_benes_8x8,default,2-1-4-0-3,2,4,routed,,1537.057504,27,5,3.931278,2.364163,1.567115,771.000000,766.057504,0.222163,19.380971,5,physical,68,42
padded_benes_8x8,default,2-1-4-0-3,3,0,routed,,1479.057504,27,8,4.076612,2.689497,1.387115,803.000000,676.057504,0.183497,16.042004,5,physical,68,42
padded_benes_8x8,default,2-1-4-0-3,4,3,routed,,1794.473431,31,10,4.946777,2.376830,2.569947,787.000000,1007.473431,0.202830,16.501582,5,physical,68,42
padded_benes_8x8,default,0-1-4-3-2,0,0,routed,,777.393798,11,5,2.254619,1.810831,0.443788,583.000000,194.393798,0.144831,14.057392,5,physical,69,42
padded_benes_8x8,default,0-1-4-3-2,1,1,routed,,1280.079633,20,11,3.904991,2.450831,1.454159,703.000000,577.079633,0.144831,13.341389,5,physical,69,42
padded_benes_8x8,default,0-1-4-3-2,2,4,routed,,1491.057504,27,8,4.100612,2.561497,1.539115,739.000000,752.057504,0.183497,16.124007,5,physical,69,42
padded_benes_8x8,default,0-1-4-3-2,3,3,routed,,1858.619449,30,12,5.212070,2.522831,2.689239,839.000000,1019.619449,0.144831,13.311912,5,physical,69,42
padded_benes_8x8,default,0-1-4-3-2,4,2,failed,"cannot route padded_benes_8x8_s3_w0_2.drop to padded_benes_8x8_s4_w2_3.in on physical grid: blocked by port access (port_access_overlap_foreign); candidate=(380.000,176.000)->(376.000,176.000) region=I3/padded_benes_8x8_s3_w1_3.drop:(384.000,176.000)->(370.000,176.000); soft_repeat=I0/repeated_crossing pair=I0-I4 at=(440.000,238.000) source=I4->I0@(360.000,220.000):(360.000,216.000)->(360.000,224.000)x(325.000,220.000)->(370.000,220.000) counters=port_access:124,window:832,same_net:734,crossing_candidate:64,crossing_budget:0,hard_reserved_crossing:0,soft_repeated_crossing:376,soft_reserved_crossing:0,reserved_spacing:63,segment:1370,pops:5256,max_heap:288",,,,,2.561497,,739.000000,,0.183497,16.208074,5,physical,69,42
padded_benes_8x8,default,1-2-3-4-0,0,1,routed,,861.101761,13,8,2.751368,1.862164,0.889204,599.000000,262.101761,0.164164,15.220171,5,physical,70,42
padded_benes_8x8,default,1-2-3-4-0,1,2,routed,,1269.495559,24,9,3.742488,2.433497,1.308991,675.000000,594.495559,0.183497,16.242622,5,physical,70,42
padded_benes_8x8,default,1-2-3-4-0,2,3,routed,,1593.641578,23,12,4.666447,2.758164,1.908283,847.000000,746.641578,0.164164,14.236248,5,physical,70,42
padded_benes_8x8,default,1-2-3-4-0,3,4,routed,,1737.203522,26,9,4.707237,2.376830,2.330407,787.000000,950.203522,0.202830,16.406062,5,physical,70,42
padded_benes_8x8,default,1-2-3-4-0,4,0,routed,,1405.057504,27,4,3.586611,2.607496,0.979115,783.000000,622.057504,0.241496,31.483813,5,physical,70,42
padded_benes_8x8,default,1-4-2-0-3,0,1,routed,,876.809725,15,8,2.792784,1.862164,0.930619,599.000000,277.809725,0.164164,15.220084,5,physical,71,42
padded_benes_8x8,default,1-4-2-0-3,1,4,routed,,1298.079633,20,9,3.779656,2.717497,1.062159,767.000000,531.079633,0.183497,15.936037,5,physical,71,42
padded_benes_8x8,default,1-4-2-0-3,2,2,routed,,1404.225651,19,15,4.548283,2.906831,1.641451,831.000000,573.225651,0.144831,12.866463,5,physical,71,42
padded_benes_8x8,default,1-4-2-0-3,3,0,routed,,1940.327412,32,11,5.324152,2.753497,2.570655,835.000000,1105.327412,0.183497,15.922580,5,physical,71,42
padded_benes_8x8,default,1-4-2-0-3,4,3,routed,,1443.057504,27,5,3.723945,2.712830,1.011115,755.000000,688.057504,0.202830,18.860315,5,physical,71,42
padded_benes_8x8,default,1-4-2-3-0,0,1,routed,,861.101761,13,12,3.151368,1.862164,1.289204,599.000000,262.101761,0.164164,15.220113,5,physical,72,42
padded_benes_8x8,default,1-4-2-3-0,1,4,routed,,1311.495559,24,8,3.726488,2.717497,1.008991,767.000000,544.495559,0.183497,15.936037,5,physical,72,42
padded_benes_8x8,default,1-4-2-3-0,2,2,routed,,1404.225651,19,15,4.548283,2.906831,1.641451,831.000000,573.225651,0.144831,12.852550,5,physical,72,42
padded_benes_8x8,default,1-4-2-3-0,3,3,routed,,2189.743339,36,17,6.404318,2.522831,3.881487,839.000000,1350.743339,0.144831,13.311975,5,physical,72,42
padded_benes_8x8,default,1-4-2-3-0,4,0,routed,,1473.057504,27,8,4.083945,2.704830,1.379115,751.000000,722.057504,0.202830,18.841796,5,physical,72,42
padded_benes_8x8,default,0-3-1-2-4,0,0,routed,,777.393798,11,12,2.954619,1.810831,1.143788,583.000000,194.393798,0.144831,13.094110,5,physical,73,42
padded_benes_8x8,default,0-3-1-2-4,1,3,routed,,1393.787596,22,14,4.461739,2.646164,1.815575,691.000000,702.787596,0.164164,14.326581,5,physical,73,42
padded_benes_8x8,default,0-3-1-2-4,2,1,routed,,1791.057504,27,16,5.500612,2.753497,2.747115,835.000000,956.057504,0.183497,15.978004,5,physical,73,42
padded_benes_8x8,default,0-3-1-2-4,3,2,routed,,1547.787596,22,14,4.769739,2.958164,1.811575,847.000000,700.787596,0.164164,14.036372,5,physical,73,42
padded_benes_8x8,default,0-3-1-2-4,4,4,routed,,1116.809725,15,10,3.453451,2.730831,0.722619,743.000000,373.809725,0.144831,18.764484,5,physical,73,42
padded_benes_8x8,default,2-0-1-3-4,0,2,routed,,920.517688,17,8,2.890200,2.118164,0.772035,627.000000,293.517688,0.164164,13.695028,5,physical,74,42
padded_benes_8x8,default,2-0-1-3-4,1,0,routed,,1132.371669,18,8,3.318908,2.638164,0.680743,687.000000,445.371669,0.164164,14.312988,5,physical,74,42
padded_benes_8x8,default,2-0-1-3-4,2,1,routed,,1399.933614,21,8,3.888364,2.889497,0.998867,803.000000,596.933614,0.183497,15.722928,5,physical,74,42
padded_benes_8x8,default,2-0-1-3-4,3,3,failed,"capped rip-up hop exhausted bounded candidates before A*: deterministic hop candidate segment is blocked; blocked_by=unknown/forbidden_point at=(55.000,166.000):(55.000,158.000)->(55.000,184.000)",,,,,2.522831,,839.000000,,0.144831,13.307203,5,physical,74,42
padded_benes_8x8,default,2-0-1-3-4,4,4,routed,,1216.225651,19,6,3.272283,2.730831,0.541451,743.000000,473.225651,0.144831,18.764484,5,physical,74,42
padded_benes_8x8,default,4-0-3-2-1,0,4,routed,,1032.225651,19,9,3.223616,2.390164,0.833451,663.000000,369.225651,0.164164,16.295296,5,physical,75,42
padded_benes_8x8,default,4-0-3-2-1,1,0,routed,,1116.663706,16,13,3.777492,2.638164,1.139327,687.000000,429.663706,0.164164,14.312988,5,physical,75,42
padded_benes_8x8,default,4-0-3-2-1,2,3,routed,,1487.933614,21,14,4.645031,2.958164,1.686867,847.000000,640.933614,0.164164,13.999124,5,physical,75,42
padded_benes_8x8,default,4-0-3-2-1,3,2,routed,,2238.035376,34,15,6.310235,2.510164,3.800071,823.000000,1415.035376,0.164164,14.527915,5,physical,75,42
padded_benes_8x8,default,4-0-3-2-1,4,1,routed,,1155.641578,23,7,3.309780,2.441497,0.868283,679.000000,476.641578,0.183497,19.167584,5,physical,75,42
padded_benes_8x8,default,4-2-1-0-3,0,4,routed,,1078.225651,19,9,3.315616,2.390164,0.925451,663.000000,415.225651,0.164164,16.295296,5,physical,76,42
padded_benes_8x8,default,4-2-1-0-3,1,2,routed,,1238.079633,20,13,4.059656,2.633497,1.426159,675.000000,563.079633,0.183497,15.979011,5,physical,76,42
padded_benes_8x8,default,4-2-1-0-3,2,1,routed,,1335.933614,21,12,4.160364,2.889497,1.270867,803.000000,532.933614,0.183497,15.723012,5,physical,76,42
padded_benes_8x8,default,4-2-1-0-3,3,0,routed,,1848.619449,30,11,5.130736,2.753497,2.377239,835.000000,1013.619449,0.183497,15.922537,5,physical,76,42
padded_benes_8x8,default,4-2-1-0-3,4,3,routed,,1263.349541,25,7,3.554529,2.748830,0.805699,723.000000,540.349541,0.202830,28.864616,5,physical,76,42
padded_benes_8x8,default,4-3-2-1-0,0,4,routed,,1078.225651,19,8,3.215616,2.390164,0.825451,663.000000,415.225651,0.164164,16.295296,5,physical,77,42
padded_benes_8x8,default,4-3-2-1-0,1,3,routed,,1364.079633,20,12,4.192324,2.646164,1.546159,691.000000,673.079633,0.164164,14.314146,5,physical,77,42
padded_benes_8x8,default,4-3-2-1-0,2,2,routed,,1404.225651,19,13,4.348283,2.906831,1.441451,831.000000,573.225651,0.144831,12.861893,5,physical,77,42
padded_benes_8x8,default,4-3-2-1-0,3,1,routed,,1842.619449,30,12,5.199403,2.766164,2.433239,851.000000,991.619449,0.164164,14.243696,5,physical,77,42
padded_benes_8x8,default,4-3-2-1-0,4,0,routed,,1086.371669,18,7,3.126908,2.390164,0.736743,663.000000,423.371669,0.164164,16.388718,5,physical,77,42
