node_id,subnet_size,boundary_signature,num_raw_candidates,num_after_dominance,pareto_size,runtime
root.U.U,2,"{""ordered_input_wires"":[0,4],""ordered_output_wires"":[0,4],""top_to_bottom"":[{""access"":[381.0,325.5],""edge"":""stage:1:w0:waksman_8x8_s1_w0_2.th->waksman_8x8_s2_w0_4.in:w0"",""endpoint"":""waksman_8x8_s2_w0_4.in"",""facing"":""W"",""logical_PSE_role"":""upper"",""parent_endpoint"":""waksman_8x8_s1_w0_2.th"",""physical_PSE_role"":""upper"",""side"":""input"",""toward_parent_x"":true,""wire"":0,""xy"":[413.0,325.5]},{""access"":[461.0,325.5],""edge"":""stage:2:w0:waksman_8x8_s2_w0_4.th->waksman_8x8_s3_w0_2.in:w0"",""endpoint"":""waksman_8x8_s2_w0_4.th"",""facing"":""E"",""logical_PSE_role"":""upper"",""parent_endpoint"":""waksman_8x8_s3_w0_2.in"",""physical_PSE_role"":""upper"",""side"":""output"",""toward_parent_x"":true,""wire"":0,""xy"":[429.0,325.5]},{""access"":[461.0,314.5],""edge"":""stage:1:w4:waksman_8x8_s1_w4_6.th->waksman_8x8_s2_w0_4.add:w4"",""endpoint"":""waksman_8x8_s2_w0_4.add"",""facing"":""E"",""logical_PSE_role"":""lower"",""parent_endpoint"":""waksman_8x8_s1_w4_6.th"",""physical_PSE_role"":""lower"",""side"":""input"",""toward_parent_x"":false,""wire"":4,""xy"":[429.0,314.5]},{""access"":[381.0,314.5],""edge"":""stage:2:w4:waksman_8x8_s2_w0_4.drop->waksman_8x8_s4_w4_5.in:w4"",""endpoint"":""waksman_8x8_s2_w0_4.drop"",""facing"":""W"",""logical_PSE_role"":""lower"",""parent_endpoint"":""waksman_8x8_s4_w4_5.in"",""physical_PSE_role"":""lower"",""side"":""output"",""toward_parent_x"":false,""wire"":4,""xy"":[413.0,314.5]}]}",1,1,1,0.0001917604822665453
root.U.U,2,"{""ordered_input_wires"":[0,4],""ordered_output_wires"":[0,4],""top_to_bottom"":[{""access"":[461.0,325.5],""edge"":""stage:1:w4:waksman_8x8_s1_w4_6.th->waksman_8x8_s2_w0_4.add:w4"",""endpoint"":""waksman_8x8_s2_w0_4.add"",""facing"":""E"",""logical_PSE_role"":""lower"",""parent_endpoint"":""waksman_8x8_s1_w4_6.th"",""physical_PSE_role"":""upper"",""side"":""input"",""toward_parent_x"":false,""wire"":4,""xy"":[429.0,325.5]},{""access"":[381.0,325.5],""edge"":""stage:2:w4:waksman_8x8_s2_w0_4.drop->waksman_8x8_s4_w4_5.in:w4"",""endpoint"":""waksman_8x8_s2_w0_4.drop"",""facing"":""W"",""logical_PSE_role"":""lower"",""parent_endpoint"":""waksman_8x8_s4_w4_5.in"",""physical_PSE_role"":""upper"",""side"":""output"",""toward_parent_x"":false,""wire"":4,""xy"":[413.0,325.5]},{""access"":[381.0,314.5],""edge"":""stage:1:w0:waksman_8x8_s1_w0_2.th->waksman_8x8_s2_w0_4.in:w0"",""endpoint"":""waksman_8x8_s2_w0_4.in"",""facing"":""W"",""logical_PSE_role"":""upper"",""parent_endpoint"":""waksman_8x8_s1_w0_2.th"",""physical_PSE_role"":""lower"",""side"":""input"",""toward_parent_x"":true,""wire"":0,""xy"":[413.0,314.5]},{""access"":[461.0,314.5],""edge"":""stage:2:w0:waksman_8x8_s2_w0_4.th->waksman_8x8_s3_w0_2.in:w0"",""endpoint"":""waksman_8x8_s2_w0_4.th"",""facing"":""E"",""logical_PSE_role"":""upper"",""parent_endpoint"":""waksman_8x8_s3_w0_2.in"",""physical_PSE_role"":""lower"",""side"":""output"",""toward_parent_x"":true,""wire"":0,""xy"":[429.0,314.5]}]}",1,1,1,0.00020033842884004116
root.U.L,2,"{""ordered_input_wires"":[2,6],""ordered_output_wires"":[2,6],""top_to_bottom"":[{""access"":[381.0,197.5],""edge"":""stage:1:w2:waksman_8x8_s1_w0_2.drop->waksman_8x8_s2_w2_6.in:w2"",""endpoint"":""waksman_8x8_s2_w2_6.in"",""facing"":""W"",""logical_PSE_role"":""upper"",""parent_endpoint"":""waksman_8x8_s1_w0_2.drop"",""physical_PSE_role"":""upper"",""side"":""input"",""toward_parent_x"":true,""wire"":2,""xy"":[413.0,197.5]},{""access"":[461.0,197.5],""edge"":""stage:2:w2:waksman_8x8_s2_w2_6.th->waksman_8x8_s3_w0_2.add:w2"",""endpoint"":""waksman_8x8_s2_w2_6.th"",""facing"":""E"",""logical_PSE_role"":""upper"",""parent_endpoint"":""waksman_8x8_s3_w0_2.add"",""physical_PSE_role"":""upper"",""side"":""output"",""toward_parent_x"":true,""wire"":2,""xy"":[429.0,197.5]},{""access"":[461.0,186.5],""edge"":""stage:1:w6:waksman_8x8_s1_w4_6.drop->waksman_8x8_s2_w2_6.add:w6"",""endpoint"":""waksman_8x8_s2_w2_6.add"",""facing"":""E"",""logical_PSE_role"":""lower"",""parent_endpoint"":""waksman_8x8_s1_w4_6.drop"",""physical_PSE_role"":""lower"",""side"":""input"",""toward_parent_x"":false,""wire"":6,""xy"":[429.0,186.5]},{""access"":[381.0,186.5],""edge"":""output:waksman_8x8_s2_w2_6.drop->w6"",""endpoint"":""waksman_8x8_s2_w2_6.drop"",""facing"":""W"",""logical_PSE_role"":""lower"",""parent_endpoint"":""O6"",""physical_PSE_role"":""lower"",""side"":""output"",""toward_parent_x"":false,""wire"":6,""xy"":[413.0,186.5]}]}",1,1,1,7.331953383982182e-05
root.U.L,2,"{""ordered_input_wires"":[2,6],""ordered_output_wires"":[2,6],""top_to_bottom"":[{""access"":[461.0,197.5],""edge"":""stage:1:w6:waksman_8x8_s1_w4_6.drop->waksman_8x8_s2_w2_6.add:w6"",""endpoint"":""waksman_8x8_s2_w2_6.add"",""facing"":""E"",""logical_PSE_role"":""lower"",""parent_endpoint"":""waksman_8x8_s1_w4_6.drop"",""physical_PSE_role"":""upper"",""side"":""input"",""toward_parent_x"":false,""wire"":6,""xy"":[429.0,197.5]},{""access"":[381.0,197.5],""edge"":""output:waksman_8x8_s2_w2_6.drop->w6"",""endpoint"":""waksman_8x8_s2_w2_6.drop"",""facing"":""W"",""logical_PSE_role"":""lower"",""parent_endpoint"":""O6"",""physical_PSE_role"":""upper"",""side"":""output"",""toward_parent_x"":false,""wire"":6,""xy"":[413.0,197.5]},{""access"":[381.0,186.5],""edge"":""stage:1:w2:waksman_8x8_s1_w0_2.drop->waksman_8x8_s2_w2_6.in:w2"",""endpoint"":""waksman_8x8_s2_w2_6.in"",""facing"":""W"",""logical_PSE_role"":""upper"",""parent_endpoint"":""waksman_8x8_s1_w0_2.drop"",""physical_PSE_role"":""lower"",""side"":""input"",""toward_parent_x"":true,""wire"":2,""xy"":[413.0,186.5]},{""access"":[461.0,186.5],""edge"":""stage:2:w2:waksman_8x8_s2_w2_6.th->waksman_8x8_s3_w0_2.add:w2"",""endpoint"":""waksman_8x8_s2_w2_6.th"",""facing"":""E"",""logical_PSE_role"":""upper"",""parent_endpoint"":""waksman_8x8_s3_w0_2.add"",""physical_PSE_role"":""lower"",""side"":""output"",""toward_parent_x"":true,""wire"":2,""xy"":[429.0,186.5]}]}",1,1,1,7.822655607014894e-05
root.U,4,"{""ordered_input_wires"":[0,2,4,6],""ordered_output_wires"":[0,2,4,6],""top_to_bottom"":[{""access"":[213.0,389.5],""edge"":""stage:0:w0:waksman_8x8_s0_w0_1.th->waksman_8x8_s1_w0_2.in:w0"",""endpoint"":""waksman_8x8_s1_w0_2.in"",""facing"":""W"",""logical_PSE_role"":""upper"",""parent_endpoint"":""waksman_8x8_s0_w0_1.th"",""physical_PSE_role"":""upper"",""side"":""input"",""toward_parent_x"":true,""wire"":0,""xy"":[245.0,389.5]},{""access"":[629.0,389.5],""edge"":""stage:3:w0:waksman_8x8_s3_w0_2.th->waksman_8x8_s4_w0_1.in:w0"",""endpoint"":""waksman_8x8_s3_w0_2.th"",""facing"":""E"",""logical_PSE_role"":""upper"",""parent_endpoint"":""waksman_8x8_s4_w0_1.in"",""physical_PSE_role"":""upper"",""side"":""output"",""toward_parent_x"":true,""wire"":0,""xy"":[597.0,389.5]},{""access"":[293.0,378.5],""edge"":""stage:0:w2:waksman_8x8_s0_w2_3.th->waksman_8x8_s1_w0_2.add:w2"",""endpoint"":""waksman_8x8_s1_w0_2.add"",""facing"":""E"",""logical_PSE_role"":""lower"",""parent_endpoint"":""waksman_8x8_s0_w2_3.th"",""physical_PSE_role"":""lower"",""side"":""input"",""toward_parent_x"":false,""wire"":2,""xy"":[261.0,378.5]},{""access"":[549.0,378.5],""edge"":""stage:3:w2:waksman_8x8_s3_w0_2.drop->waksman_8x8_s4_w2_3.in:w2"",""endpoint"":""waksman_8x8_s3_w0_2.drop"",""facing"":""W"",""logical_PSE_role"":""lower"",""parent_endpoint"":""waksman_8x8_s4_w2_3.in"",""physical_PSE_role"":""lower"",""side"":""output"",""toward_parent_x"":false,""wire"":2,""xy"":[581.0,378.5]},{""access"":[381.0,314.5],""edge"":""stage:2:w4:waksman_8x8_s2_w0_4.drop->waksman_8x8_s4_w4_5.in:w4"",""endpoint"":""waksman_8x8_s2_w0_4.drop"",""facing"":""W"",""logical_PSE_role"":""lower"",""parent_endpoint"":""waksman_8x8_s4_w4_5.in"",""physical_PSE_role"":""lower"",""side"":""output"",""toward_parent_x"":false,""wire"":4,""xy"":[413.0,314.5]},{""access"":[381.0,186.5],""edge"":""output:waksman_8x8_s2_w2_6.drop->w6"",""endpoint"":""waksman_8x8_s2_w2_6.drop"",""facing"":""W"",""logical_PSE_role"":""lower"",""parent_endpoint"":""O6"",""physical_PSE_role"":""lower"",""side"":""output"",""toward_parent_x"":false,""wire"":6,""xy"":[413.0,186.5]},{""access"":[213.0,133.5],""edge"":""stage:0:w4:waksman_8x8_s0_w4_5.th->waksman_8x8_s1_w4_6.in:w4"",""endpoint"":""waksman_8x8_s1_w4_6.in"",""facing"":""W"",""logical_PSE_role"":""upper"",""parent_endpoint"":""waksman_8x8_s0_w4_5.th"",""physical_PSE_role"":""upper"",""side"":""input"",""toward_parent_x"":true,""wire"":4,""xy"":[245.0,133.5]},{""access"":[293.0,122.5],""edge"":""stage:0:w6:waksman_8x8_s0_w6_7.th->waksman_8x8_s1_w4_6.add:w6"",""endpoint"":""waksman_8x8_s1_w4_6.add"",""facing"":""E"",""logical_PSE_role"":""lower"",""parent_endpoint"":""waksman_8x8_s0_w6_7.th"",""physical_PSE_role"":""lower"",""side"":""input"",""toward_parent_x"":false,""wire"":6,""xy"":[261.0,122.5]}]}",1,1,1,0.0001402583729941398
root.U,4,"{""ordered_input_wires"":[0,2,4,6],""ordered_output_wires"":[0,2,4,6],""top_to_bottom"":[{""access"":[213.0,389.5],""edge"":""stage:0:w0:waksman_8x8_s0_w0_1.th->waksman_8x8_s1_w0_2.in:w0"",""endpoint"":""waksman_8x8_s1_w0_2.in"",""facing"":""W"",""logical_PSE_role"":""upper"",""parent_endpoint"":""waksman_8x8_s0_w0_1.th"",""physical_PSE_role"":""upper"",""side"":""input"",""toward_parent_x"":true,""wire"":0,""xy"":[245.0,389.5]},{""access"":[629.0,389.5],""edge"":""stage:3:w0:waksman_8x8_s3_w0_2.th->waksman_8x8_s4_w0_1.in:w0"",""endpoint"":""waksman_8x8_s3_w0_2.th"",""facing"":""E"",""logical_PSE_role"":""upper"",""parent_endpoint"":""waksman_8x8_s4_w0_1.in"",""physical_PSE_role"":""upper"",""side"":""output"",""toward_parent_x"":true,""wire"":0,""xy"":[597.0,389.5]},{""access"":[293.0,378.5],""edge"":""stage:0:w2:waksman_8x8_s0_w2_3.th->waksman_8x8_s1_w0_2.add:w2"",""endpoint"":""waksman_8x8_s1_w0_2.add"",""facing"":""E"",""logical_PSE_role"":""lower"",""parent_endpoint"":""waksman_8x8_s0_w2_3.th"",""physical_PSE_role"":""lower"",""side"":""input"",""toward_parent_x"":false,""wire"":2,""xy"":[261.0,378.5]},{""access"":[549.0,378.5],""edge"":""stage:3:w2:waksman_8x8_s3_w0_2.drop->waksman_8x8_s4_w2_3.in:w2"",""endpoint"":""waksman_8x8_s3_w0_2.drop"",""facing"":""W"",""logical_PSE_role"":""lower"",""parent_endpoint"":""waksman_8x8_s4_w2_3.in"",""physical_PSE_role"":""lower"",""side"":""output"",""toward_parent_x"":false,""wire"":2,""xy"":[581.0,378.5]},{""access"":[381.0,314.5],""edge"":""output:waksman_8x8_s2_w2_6.drop->w6"",""endpoint"":""waksman_8x8_s2_w2_6.drop"",""facing"":""W"",""logical_PSE_role"":""lower"",""parent_endpoint"":""O6"",""physical_PSE_role"":""lower"",""side"":""output"",""toward_parent_x"":false,""wire"":6,""xy"":[413.0,314.5]},{""access"":[381.0,186.5],""edge"":""stage:2:w4:waksman_8x8_s2_w0_4.drop->waksman_8x8_s4_w4_5.in:w4"",""endpoint"":""waksman_8x8_s2_w0_4.drop"",""facing"":""W"",""logical_PSE_role"":""lower"",""parent_endpoint"":""waksman_8x8_s4_w4_5.in"",""physical_PSE_role"":""lower"",""side"":""output"",""toward_parent_x"":false,""wire"":4,""xy"":[413.0,186.5]},{""access"":[213.0,133.5],""edge"":""stage:0:w4:waksman_8x8_s0_w4_5.th->waksman_8x8_s1_w4_6.in:w4"",""endpoint"":""waksman_8x8_s1_w4_6.in"",""facing"":""W"",""logical_PSE_role"":""upper"",""parent_endpoint"":""waksman_8x8_s0_w4_5.th"",""physical_PSE_role"":""upper"",""side"":""input"",""toward_parent_x"":true,""wire"":4,""xy"":[245.0,133.5]},{""access"":[293.0,122.5],""edge"":""stage:0:w6:waksman_8x8_s0_w6_7.th->waksman_8x8_s1_w4_6.add:w6"",""endpoint"":""waksman_8x8_s1_w4_6.add"",""facing"":""E"",""logical_PSE_role"":""lower"",""parent_endpoint"":""waksman_8x8_s0_w6_7.th"",""physical_PSE_role"":""lower"",""side"":""input"",""toward_parent_x"":false,""wire"":6,""xy"":[261.0,122.5]}]}",1,1,1,0.00014085993461776525
root.U,4,"{""ordered_input_wires"":[0,2,4,6],""ordered_output_wires"":[0,2,4,6],""top_to_bottom"":[{""access"":[293.0,389.5],""edge"":""stage:0:w6:waksman_8x8_s0_w6_7.th->waksman_8x8_s1_w4_6.add:w6"",""endpoint"":""waksman_8x8_s1_w4_6.add"",""facing"":""E"",""logical_PSE_role"":""lower"",""parent_endpoint"":""waksman_8x8_s0_w6_7.th"",""physical_PSE_role"":""upper"",""side"":""input"",""toward_parent_x"":false,""wire"":6,""xy"":[261.0,389.5]},{""access"":[213.0,378.5],""edge"":""stage:0:w4:waksman_8x8_s0_w4_5.th->waksman_8x8_s1_w4_6.in:w4"",""endpoint"":""waksman_8x8_s1_w4_6.in"",""facing"":""W"",""logical_PSE_role"":""upper"",""parent_endpoint"":""waksman_8x8_s0_w4_5.th"",""physical_PSE_role"":""lower"",""side"":""input"",""toward_parent_x"":true,""wire"":4,""xy"":[245.0,378.5]},{""access"":[381.0,325.5],""edge"":""output:waksman_8x8_s2_w2_6.drop->w6"",""endpoint"":""waksman_8x8_s2_w2_6.drop"",""facing"":""W"",""logical_PSE_role"":""lower"",""parent_endpoint"":""O6"",""physical_PSE_role"":""upper"",""side"":""output"",""toward_parent_x"":false,""wire"":6,""xy"":[413.0,325.5]},{""access"":[381.0,197.5],""edge"":""stage:2:w4:waksman_8x8_s2_w0_4.drop->waksman_8x8_s4_w4_5.in:w4"",""endpoint"":""waksman_8x8_s2_w0_4.drop"",""facing"":""W"",""logical_PSE_role"":""lower"",""parent_endpoint"":""waksman_8x8_s4_w4_5.in"",""physical_PSE_role"":""upper"",""side"":""output"",""toward_parent_x"":false,""wire"":4,""xy"":[413.0,197.5]},{""access"":[293.0,133.5],""edge"":""stage:0:w2:waksman_8x8_s0_w2_3.th->waksman_8x8_s1_w0_2.add:w2"",""endpoint"":""waksman_8x8_s1_w0_2.add"",""facing"":""E"",""logical_PSE_role"":""lower"",""parent_endpoint"":""waksman_8x8_s0_w2_3.th"",""physical_PSE_role"":""upper"",""side"":""input"",""toward_parent_x"":false,""wire"":2,""xy"":[261.0,133.5]},{""access"":[549.0,133.5],""edge"":""stage:3:w2:waksman_8x8_s3_w0_2.drop->waksman_8x8_s4_w2_3.in:w2"",""endpoint"":""waksman_8x8_s3_w0_2.drop"",""facing"":""W"",""logical_PSE_role"":""lower"",""parent_endpoint"":""waksman_8x8_s4_w2_3.in"",""physical_PSE_role"":""upper"",""side"":""output"",""toward_parent_x"":false,""wire"":2,""xy"":[581.0,133.5]},{""access"":[213.0,122.5],""edge"":""stage:0:w0:waksman_8x8_s0_w0_1.th->waksman_8x8_s1_w0_2.in:w0"",""endpoint"":""waksman_8x8_s1_w0_2.in"",""facing"":""W"",""logical_PSE_role"":""upper"",""parent_endpoint"":""waksman_8x8_s0_w0_1.th"",""physical_PSE_role"":""lower"",""side"":""input"",""toward_parent_x"":true,""wire"":0,""xy"":[245.0,122.5]},{""access"":[629.0,122.5],""edge"":""stage:3:w0:waksman_8x8_s3_w0_2.th->waksman_8x8_s4_w0_1.in:w0"",""endpoint"":""waksman_8x8_s3_w0_2.th"",""facing"":""E"",""logical_PSE_role"":""upper"",""parent_endpoint"":""waksman_8x8_s4_w0_1.in"",""physical_PSE_role"":""lower"",""side"":""output"",""toward_parent_x"":true,""wire"":0,""xy"":[597.0,122.5]}]}",1,1,1,0.00014134687080513686
root.U,4,"{""ordered_input_wires"":[0,2,4,6],""ordered_output_wires"":[0,2,4,6],""top_to_bottom"":[{""access"":[293.0,389.5],""edge"":""stage:0:w6:waksman_8x8_s0_w6_7.th->waksman_8x8_s1_w4_6.add:w6"",""endpoint"":""waksman_8x8_s1_w4_6.add"",""facing"":""E"",""logical_PSE_role"":""lower"",""parent_endpoint"":""waksman_8x8_s0_w6_7.th"",""physical_PSE_role"":""upper"",""side"":""input"",""toward_parent_x"":false,""wire"":6,""xy"":[261.0,389.5]},{""access"":[213.0,378.5],""edge"":""stage:0:w4:waksman_8x8_s0_w4_5.th->waksman_8x8_s1_w4_6.in:w4"",""endpoint"":""waksman_8x8_s1_w4_6.in"",""facing"":""W"",""logical_PSE_role"":""upper"",""parent_endpoint"":""waksman_8x8_s0_w4_5.th"",""physical_PSE_role"":""lower"",""side"":""input"",""toward_parent_x"":true,""wire"":4,""xy"":[245.0,378.5]},{""access"":[381.0,325.5],""edge"":""stage:2:w4:waksman_8x8_s2_w0_4.drop->waksman_8x8_s4_w4_5.in:w4"",""endpoint"":""waksman_8x8_s2_w0_4.drop"",""facing"":""W"",""logical_PSE_role"":""lower"",""parent_endpoint"":""waksman_8x8_s4_w4_5.in"",""physical_PSE_role"":""upper"",""side"":""output"",""toward_parent_x"":false,""wire"":4,""xy"":[413.0,325.5]},{""access"":[381.0,197.5],""edge"":""output:waksman_8x8_s2_w2_6.drop->w6"",""endpoint"":""waksman_8x8_s2_w2_6.drop"",""facing"":""W"",""logical_PSE_role"":""lower"",""parent_endpoint"":""O6"",""physical_PSE_role"":""upper"",""side"":""output"",""toward_parent_x"":false,""wire"":6,""xy"":[413.0,197.5]},{""access"":[293.0,133.5],""edge"":""stage:0:w2:waksman_8x8_s0_w2_3.th->waksman_8x8_s1_w0_2.add:w2"",""endpoint"":""waksman_8x8_s1_w0_2.add"",""facing"":""E"",""logical_PSE_role"":""lower"",""parent_endpoint"":""waksman_8x8_s0_w2_3.th"",""physical_PSE_role"":""upper"",""side"":""input"",""toward_parent_x"":false,""wire"":2,""xy"":[261.0,133.5]},{""access"":[549.0,133.5],""edge"":""stage:3:w2:waksman_8x8_s3_w0_2.drop->waksman_8x8_s4_w2_3.in:w2"",""endpoint"":""waksman_8x8_s3_w0_2.drop"",""facing"":""W"",""logical_PSE_role"":""lower"",""parent_endpoint"":""waksman_8x8_s4_w2_3.in"",""physical_PSE_role"":""upper"",""side"":""output"",""toward_parent_x"":false,""wire"":2,""xy"":[581.0,133.5]},{""access"":[213.0,122.5],""edge"":""stage:0:w0:waksman_8x8_s0_w0_1.th->waksman_8x8_s1_w0_2.in:w0"",""endpoint"":""waksman_8x8_s1_w0_2.in"",""facing"":""W"",""logical_PSE_role"":""upper"",""parent_endpoint"":""waksman_8x8_s0_w0_1.th"",""physical_PSE_role"":""lower"",""side"":""input"",""toward_parent_x"":true,""wire"":0,""xy"":[245.0,122.5]},{""access"":[629.0,122.5],""edge"":""stage:3:w0:waksman_8x8_s3_w0_2.th->waksman_8x8_s4_w0_1.in:w0"",""endpoint"":""waksman_8x8_s3_w0_2.th"",""facing"":""E"",""logical_PSE_role"":""upper"",""parent_endpoint"":""waksman_8x8_s4_w0_1.in"",""physical_PSE_role"":""lower"",""side"":""output"",""toward_parent_x"":true,""wire"":0,""xy"":[597.0,122.5]}]}",1,1,1,0.00014179255231283605
root.U,4,"{""ordered_input_wires"":[0,2,4,6],""ordered_output_wires"":[0,2,4,6],""top_to_bottom"":[{""access"":[213.0,389.5],""edge"":""stage:0:w0:waksman_8x8_s0_w0_1.th->waksman_8x8_s1_w0_2.in:w0"",""endpoint"":""waksman_8x8_s1_w0_2.in"",""facing"":""W"",""logical_PSE_role"":""upper"",""parent_endpoint"":""waksman_8x8_s0_w0_1.th"",""physical_PSE_role"":""upper"",""side"":""input"",""toward_parent_x"":true,""wire"":0,""xy"":[245.0,389.5]},{""access"":[629.0,389.5],""edge"":""stage:3:w0:waksman_8x8_s3_w0_2.th->waksman_8x8_s4_w0_1.in:w0"",""endpoint"":""waksman_8x8_s3_w0_2.th"",""facing"":""E"",""logical_PSE_role"":""upper"",""parent_endpoint"":""waksman_8x8_s4_w0_1.in"",""physical_PSE_role"":""upper"",""side"":""output"",""toward_parent_x"":true,""wire"":0,""xy"":[597.0,389.5]},{""access"":[293.0,378.5],""edge"":""stage:0:w2:waksman_8x8_s0_w2_3.th->waksman_8x8_s1_w0_2.add:w2"",""endpoint"":""waksman_8x8_s1_w0_2.add"",""facing"":""E"",""logical_PSE_role"":""lower"",""parent_endpoint"":""waksman_8x8_s0_w2_3.th"",""physical_PSE_role"":""lower"",""side"":""input"",""toward_parent_x"":false,""wire"":2,""xy"":[261.0,378.5]},{""access"":[549.0,378.5],""edge"":""stage:3:w2:waksman_8x8_s3_w0_2.drop->waksman_8x8_s4_w2_3.in:w2"",""endpoint"":""waksman_8x8_s3_w0_2.drop"",""facing"":""W"",""logical_PSE_role"":""lower"",""parent_endpoint"":""waksman_8x8_s4_w2_3.in"",""physical_PSE_role"":""lower"",""side"":""output"",""toward_parent_x"":false,""wire"":2,""xy"":[581.0,378.5]},{""access"":[381.0,314.5],""edge"":""stage:2:w4:waksman_8x8_s2_w0_4.drop->waksman_8x8_s4_w4_5.in:w4"",""endpoint"":""waksman_8x8_s2_w0_4.drop"",""facing"":""W"",""logical_PSE_role"":""lower"",""parent_endpoint"":""waksman_8x8_s4_w4_5.in"",""physical_PSE_role"":""lower"",""side"":""output"",""toward_parent_x"":false,""wire"":4,""xy"":[413.0,314.5]},{""access"":[381.0,197.5],""edge"":""output:waksman_8x8_s2_w2_6.drop->w6"",""endpoint"":""waksman_8x8_s2_w2_6.drop"",""facing"":""W"",""logical_PSE_role"":""lower"",""parent_endpoint"":""O6"",""physical_PSE_role"":""upper"",""side"":""output"",""toward_parent_x"":false,""wire"":6,""xy"":[413.0,197.5]},{""access"":[213.0,133.5],""edge"":""stage:0:w4:waksman_8x8_s0_w4_5.th->waksman_8x8_s1_w4_6.in:w4"",""endpoint"":""waksman_8x8_s1_w4_6.in"",""facing"":""W"",""logical_PSE_role"":""upper"",""parent_endpoint"":""waksman_8x8_s0_w4_5.th"",""physical_PSE_role"":""upper"",""side"":""input"",""toward_parent_x"":true,""wire"":4,""xy"":[245.0,133.5]},{""access"":[293.0,122.5],""edge"":""stage:0:w6:waksman_8x8_s0_w6_7.th->waksman_8x8_s1_w4_6.add:w6"",""endpoint"":""waksman_8x8_s1_w4_6.add"",""facing"":""E"",""logical_PSE_role"":""lower"",""parent_endpoint"":""waksman_8x8_s0_w6_7.th"",""physical_PSE_role"":""lower"",""side"":""input"",""toward_parent_x"":false,""wire"":6,""xy"":[261.0,122.5]}]}",1,1,1,0.00014221444143913686
root.U,4,"{""ordered_input_wires"":[0,2,4,6],""ordered_output_wires"":[0,2,4,6],""top_to_bottom"":[{""access"":[213.0,389.5],""edge"":""stage:0:w0:waksman_8x8_s0_w0_1.th->waksman_8x8_s1_w0_2.in:w0"",""endpoint"":""waksman_8x8_s1_w0_2.in"",""facing"":""W"",""logical_PSE_role"":""upper"",""parent_endpoint"":""waksman_8x8_s0_w0_1.th"",""physical_PSE_role"":""upper"",""side"":""input"",""toward_parent_x"":true,""wire"":0,""xy"":[245.0,389.5]},{""access"":[629.0,389.5],""edge"":""stage:3:w0:waksman_8x8_s3_w0_2.th->waksman_8x8_s4_w0_1.in:w0"",""endpoint"":""waksman_8x8_s3_w0_2.th"",""facing"":""E"",""logical_PSE_role"":""upper"",""parent_endpoint"":""waksman_8x8_s4_w0_1.in"",""physical_PSE_role"":""upper"",""side"":""output"",""toward_parent_x"":true,""wire"":0,""xy"":[597.0,389.5]},{""access"":[293.0,378.5],""edge"":""stage:0:w2:waksman_8x8_s0_w2_3.th->waksman_8x8_s1_w0_2.add:w2"",""endpoint"":""waksman_8x8_s1_w0_2.add"",""facing"":""E"",""logical_PSE_role"":""lower"",""parent_endpoint"":""waksman_8x8_s0_w2_3.th"",""physical_PSE_role"":""lower"",""side"":""input"",""toward_parent_x"":false,""wire"":2,""xy"":[261.0,378.5]},{""access"":[549.0,378.5],""edge"":""stage:3:w2:waksman_8x8_s3_w0_2.drop->waksman_8x8_s4_w2_3.in:w2"",""endpoint"":""waksman_8x8_s3_w0_2.drop"",""facing"":""W"",""logical_PSE_role"":""lower"",""parent_endpoint"":""waksman_8x8_s4_w2_3.in"",""physical_PSE_role"":""lower"",""side"":""output"",""toward_parent_x"":false,""wire"":2,""xy"":[581.0,378.5]},{""access"":[381.0,325.5],""edge"":""output:waksman_8x8_s2_w2_6.drop->w6"",""endpoint"":""waksman_8x8_s2_w2_6.drop"",""facing"":""W"",""logical_PSE_role"":""lower"",""parent_endpoint"":""O6"",""physical_PSE_role"":""upper"",""side"":""output"",""toward_parent_x"":false,""wire"":6,""xy"":[413.0,325.5]},{""access"":[381.0,186.5],""edge"":""stage:2:w4:waksman_8x8_s2_w0_4.drop->waksman_8x8_s4_w4_5.in:w4"",""endpoint"":""waksman_8x8_s2_w0_4.drop"",""facing"":""W"",""logical_PSE_role"":""lower"",""parent_endpoint"":""waksman_8x8_s4_w4_5.in"",""physical_PSE_role"":""lower"",""side"":""output"",""toward_parent_x"":false,""wire"":4,""xy"":[413.0,186.5]},{""access"":[213.0,133.5],""edge"":""stage:0:w4:waksman_8x8_s0_w4_5.th->waksman_8x8_s1_w4_6.in:w4"",""endpoint"":""waksman_8x8_s1_w4_6.in"",""facing"":""W"",""logical_PSE_role"":""upper"",""parent_endpoint"":""waksman_8x8_s0_w4_5.th"",""physical_PSE_role"":""upper"",""side"":""input"",""toward_parent_x"":true,""wire"":4,""xy"":[245.0,133.5]},{""access"":[293.0,122.5],""edge"":""stage:0:w6:waksman_8x8_s0_w6_7.th->waksman_8x8_s1_w4_6.add:w6"",""endpoint"":""waksman_8x8_s1_w4_6.add"",""facing"":""E"",""logical_PSE_role"":""lower"",""parent_endpoint"":""waksman_8x8_s0_w6_7.th"",""physical_PSE_role"":""lower"",""side"":""input"",""toward_parent_x"":false,""wire"":6,""xy"":[261.0,122.5]}]}",1,1,1,0.00014264255878515542
root.U,4,"{""ordered_input_wires"":[0,2,4,6],""ordered_output_wires"":[0,2,4,6],""top_to_bottom"":[{""access"":[293.0,389.5],""edge"":""stage:0:w6:waksman_8x8_s0_w6_7.th->waksman_8x8_s1_w4_6.add:w6"",""endpoint"":""waksman_8x8_s1_w4_6.add"",""facing"":""E"",""logical_PSE_role"":""lower"",""parent_endpoint"":""waksman_8x8_s0_w6_7.th"",""physical_PSE_role"":""upper"",""side"":""input"",""toward_parent_x"":false,""wire"":6,""xy"":[261.0,389.5]},{""access"":[213.0,378.5],""edge"":""stage:0:w4:waksman_8x8_s0_w4_5.th->waksman_8x8_s1_w4_6.in:w4"",""endpoint"":""waksman_8x8_s1_w4_6.in"",""facing"":""W"",""logical_PSE_role"":""upper"",""parent_endpoint"":""waksman_8x8_s0_w4_5.th"",""physical_PSE_role"":""lower"",""side"":""input"",""toward_parent_x"":true,""wire"":4,""xy"":[245.0,378.5]},{""access"":[381.0,314.5],""edge"":""output:waksman_8x8_s2_w2_6.drop->w6"",""endpoint"":""waksman_8x8_s2_w2_6.drop"",""facing"":""W"",""logical_PSE_role"":""lower"",""parent_endpoint"":""O6"",""physical_PSE_role"":""lower"",""side"":""output"",""toward_parent_x"":false,""wire"":6,""xy"":[413.0,314.5]},{""access"":[381.0,197.5],""edge"":""stage:2:w4:waksman_8x8_s2_w0_4.drop->waksman_8x8_s4_w4_5.in:w4"",""endpoint"":""waksman_8x8_s2_w0_4.drop"",""facing"":""W"",""logical_PSE_role"":""lower"",""parent_endpoint"":""waksman_8x8_s4_w4_5.in"",""physical_PSE_role"":""upper"",""side"":""output"",""toward_parent_x"":false,""wire"":4,""xy"":[413.0,197.5]},{""access"":[293.0,133.5],""edge"":""stage:0:w2:waksman_8x8_s0_w2_3.th->waksman_8x8_s1_w0_2.add:w2"",""endpoint"":""waksman_8x8_s1_w0_2.add"",""facing"":""E"",""logical_PSE_role"":""lower"",""parent_endpoint"":""waksman_8x8_s0_w2_3.th"",""physical_PSE_role"":""upper"",""side"":""input"",""toward_parent_x"":false,""wire"":2,""xy"":[261.0,133.5]},{""access"":[549.0,133.5],""edge"":""stage:3:w2:waksman_8x8_s3_w0_2.drop->waksman_8x8_s4_w2_3.in:w2"",""endpoint"":""waksman_8x8_s3_w0_2.drop"",""facing"":""W"",""logical_PSE_role"":""lower"",""parent_endpoint"":""waksman_8x8_s4_w2_3.in"",""physical_PSE_role"":""upper"",""side"":""output"",""toward_parent_x"":false,""wire"":2,""xy"":[581.0,133.5]},{""access"":[213.0,122.5],""edge"":""stage:0:w0:waksman_8x8_s0_w0_1.th->waksman_8x8_s1_w0_2.in:w0"",""endpoint"":""waksman_8x8_s1_w0_2.in"",""facing"":""W"",""logical_PSE_role"":""upper"",""parent_endpoint"":""waksman_8x8_s0_w0_1.th"",""physical_PSE_role"":""lower"",""side"":""input"",""toward_parent_x"":true,""wire"":0,""xy"":[245.0,122.5]},{""access"":[629.0,122.5],""edge"":""stage:3:w0:waksman_8x8_s3_w0_2.th->waksman_8x8_s4_w0_1.in:w0"",""endpoint"":""waksman_8x8_s3_w0_2.th"",""facing"":""E"",""logical_PSE_role"":""upper"",""parent_endpoint"":""waksman_8x8_s4_w0_1.in"",""physical_PSE_role"":""lower"",""side"":""output"",""toward_parent_x"":true,""wire"":0,""xy"":[597.0,122.5]}]}",1,1,1,0.00014305881632026285
root.U,4,"{""ordered_input_wires"":[0,2,4,6],""ordered_output_wires"":[0,2,4,6],""top_to_bottom"":[{""access"":[293.0,389.5],""edge"":""stage:0:w6:waksman_8x8_s0_w6_7.th->waksman_8x8_s1_w4_6.add:w6"",""endpoint"":""waksman_8x8_s1_w4_6.add"",""facing"":""E"",""logical_PSE_role"":""lower"",""parent_endpoint"":""waksman_8x8_s0_w6_7.th"",""physical_PSE_role"":""upper"",""side"":""input"",""toward_parent_x"":false,""wire"":6,""xy"":[261.0,389.5]},{""access"":[213.0,378.5],""edge"":""stage:0:w4:waksman_8x8_s0_w4_5.th->waksman_8x8_s1_w4_6.in:w4"",""endpoint"":""waksman_8x8_s1_w4_6.in"",""facing"":""W"",""logical_PSE_role"":""upper"",""parent_endpoint"":""waksman_8x8_s0_w4_5.th"",""physical_PSE_role"":""lower"",""side"":""input"",""toward_parent_x"":true,""wire"":4,""xy"":[245.0,378.5]},{""access"":[381.0,325.5],""edge"":""stage:2:w4:waksman_8x8_s2_w0_4.drop->waksman_8x8_s4_w4_5.in:w4"",""endpoint"":""waksman_8x8_s2_w0_4.drop"",""facing"":""W"",""logical_PSE_role"":""lower"",""parent_endpoint"":""waksman_8x8_s4_w4_5.in"",""physical_PSE_role"":""upper"",""side"":""output"",""toward_parent_x"":false,""wire"":4,""xy"":[413.0,325.5]},{""access"":[381.0,186.5],""edge"":""output:waksman_8x8_s2_w2_6.drop->w6"",""endpoint"":""waksman_8x8_s2_w2_6.drop"",""facing"":""W"",""logical_PSE_role"":""lower"",""parent_endpoint"":""O6"",""physical_PSE_role"":""lower"",""side"":""output"",""toward_parent_x"":false,""wire"":6,""xy"":[413.0,186.5]},{""access"":[293.0,133.5],""edge"":""stage:0:w2:waksman_8x8_s0_w2_3.th->waksman_8x8_s1_w0_2.add:w2"",""endpoint"":""waksman_8x8_s1_w0_2.add"",""facing"":""E"",""logical_PSE_role"":""lower"",""parent_endpoint"":""waksman_8x8_s0_w2_3.th"",""physical_PSE_role"":""upper"",""side"":""input"",""toward_parent_x"":false,""wire"":2,""xy"":[261.0,133.5]},{""access"":[549.0,133.5],""edge"":""stage:3:w2:waksman_8x8_s3_w0_2.drop->waksman_8x8_s4_w2_3.in:w2"",""endpoint"":""waksman_8x8_s3_w0_2.drop"",""facing"":""W"",""logical_PSE_role"":""lower"",""parent_endpoint"":""waksman_8x8_s4_w2_3.in"",""physical_PSE_role"":""upper"",""side"":""output"",""toward_parent_x"":false,""wire"":2,""xy"":[581.0,133.5]},{""access"":[213.0,122.5],""edge"":""stage:0:w0:waksman_8x8_s0_w0_1.th->waksman_8x8_s1_w0_2.in:w0"",""endpoint"":""waksman_8x8_s1_w0_2.in"",""facing"":""W"",""logical_PSE_role"":""upper"",""parent_endpoint"":""waksman_8x8_s0_w0_1.th"",""physical_PSE_role"":""lower"",""side"":""input"",""toward_parent_x"":true,""wire"":0,""xy"":[245.0,122.5]},{""access"":[629.0,122.5],""edge"":""stage:3:w0:waksman_8x8_s3_w0_2.th->waksman_8x8_s4_w0_1.in:w0"",""endpoint"":""waksman_8x8_s3_w0_2.th"",""facing"":""E"",""logical_PSE_role"":""upper"",""parent_endpoint"":""waksman_8x8_s4_w0_1.in"",""physical_PSE_role"":""lower"",""side"":""output"",""toward_parent_x"":true,""wire"":0,""xy"":[597.0,122.5]}]}",1,1,1,0.00014347568503580987
root.U,4,"{""ordered_input_wires"":[0,2,4,6],""ordered_output_wires"":[0,2,4,6],""top_to_bottom"":[{""access"":[213.0,389.5],""edge"":""stage:0:w0:waksman_8x8_s0_w0_1.th->waksman_8x8_s1_w0_2.in:w0"",""endpoint"":""waksman_8x8_s1_w0_2.in"",""facing"":""W"",""logical_PSE_role"":""upper"",""parent_endpoint"":""waksman_8x8_s0_w0_1.th"",""physical_PSE_role"":""upper"",""side"":""input"",""toward_parent_x"":true,""wire"":0,""xy"":[245.0,389.5]},{""access"":[629.0,389.5],""edge"":""stage:3:w0:waksman_8x8_s3_w0_2.th->waksman_8x8_s4_w0_1.in:w0"",""endpoint"":""waksman_8x8_s3_w0_2.th"",""facing"":""E"",""logical_PSE_role"":""upper"",""parent_endpoint"":""waksman_8x8_s4_w0_1.in"",""physical_PSE_role"":""upper"",""side"":""output"",""toward_parent_x"":true,""wire"":0,""xy"":[597.0,389.5]},{""access"":[293.0,378.5],""edge"":""stage:0:w2:waksman_8x8_s0_w2_3.th->waksman_8x8_s1_w0_2.add:w2"",""endpoint"":""waksman_8x8_s1_w0_2.add"",""facing"":""E"",""logical_PSE_role"":""lower"",""parent_endpoint"":""waksman_8x8_s0_w2_3.th"",""physical_PSE_role"":""lower"",""side"":""input"",""toward_parent_x"":false,""wire"":2,""xy"":[261.0,378.5]},{""access"":[549.0,378.5],""edge"":""stage:3:w2:waksman_8x8_s3_w0_2.drop->waksman_8x8_s4_w2_3.in:w2"",""endpoint"":""waksman_8x8_s3_w0_2.drop"",""facing"":""W"",""logical_PSE_role"":""lower"",""parent_endpoint"":""waksman_8x8_s4_w2_3.in"",""physical_PSE_role"":""lower"",""side"":""output"",""toward_parent_x"":false,""wire"":2,""xy"":[581.0,378.5]},{""access"":[381.0,325.5],""edge"":""stage:2:w4:waksman_8x8_s2_w0_4.drop->waksman_8x8_s4_w4_5.in:w4"",""endpoint"":""waksman_8x8_s2_w0_4.drop"",""facing"":""W"",""logical_PSE_role"":""lower"",""parent_endpoint"":""waksman_8x8_s4_w4_5.in"",""physical_PSE_role"":""upper"",""side"":""output"",""toward_parent_x"":false,""wire"":4,""xy"":[413.0,325.5]},{""access"":[381.0,186.5],""edge"":""output:waksman_8x8_s2_w2_6.drop->w6"",""endpoint"":""waksman_8x8_s2_w2_6.drop"",""facing"":""W"",""logical_PSE_role"":""lower"",""parent_endpoint"":""O6"",""physical_PSE_role"":""lower"",""side"":""output"",""toward_parent_x"":false,""wire"":6,""xy"":[413.0,186.5]},{""access"":[213.0,133.5],""edge"":""stage:0:w4:waksman_8x8_s0_w4_5.th->waksman_8x8_s1_w4_6.in:w4"",""endpoint"":""waksman_8x8_s1_w4_6.in"",""facing"":""W"",""logical_PSE_role"":""upper"",""parent_endpoint"":""waksman_8x8_s0_w4_5.th"",""physical_PSE_role"":""upper"",""side"":""input"",""toward_parent_x"":true,""wire"":4,""xy"":[245.0,133.5]},{""access"":[293.0,122.5],""edge"":""stage:0:w6:waksman_8x8_s0_w6_7.th->waksman_8x8_s1_w4_6.add:w6"",""endpoint"":""waksman_8x8_s1_w4_6.add"",""facing"":""E"",""logical_PSE_role"":""lower"",""parent_endpoint"":""waksman_8x8_s0_w6_7.th"",""physical_PSE_role"":""lower"",""side"":""input"",""toward_parent_x"":false,""wire"":6,""xy"":[261.0,122.5]}]}",1,1,1,0.000143895682413131
root.U,4,"{""ordered_input_wires"":[0,2,4,6],""ordered_output_wires"":[0,2,4,6],""top_to_bottom"":[{""access"":[213.0,389.5],""edge"":""stage:0:w0:waksman_8x8_s0_w0_1.th->waksman_8x8_s1_w0_2.in:w0"",""endpoint"":""waksman_8x8_s1_w0_2.in"",""facing"":""W"",""logical_PSE_role"":""upper"",""parent_endpoint"":""waksman_8x8_s0_w0_1.th"",""physical_PSE_role"":""upper"",""side"":""input"",""toward_parent_x"":true,""wire"":0,""xy"":[245.0,389.5]},{""access"":[629.0,389.5],""edge"":""stage:3:w0:waksman_8x8_s3_w0_2.th->waksman_8x8_s4_w0_1.in:w0"",""endpoint"":""waksman_8x8_s3_w0_2.th"",""facing"":""E"",""logical_PSE_role"":""upper"",""parent_endpoint"":""waksman_8x8_s4_w0_1.in"",""physical_PSE_role"":""upper"",""side"":""output"",""toward_parent_x"":true,""wire"":0,""xy"":[597.0,389.5]},{""access"":[293.0,378.5],""edge"":""stage:0:w2:waksman_8x8_s0_w2_3.th->waksman_8x8_s1_w0_2.add:w2"",""endpoint"":""waksman_8x8_s1_w0_2.add"",""facing"":""E"",""logical_PSE_role"":""lower"",""parent_endpoint"":""waksman_8x8_s0_w2_3.th"",""physical_PSE_role"":""lower"",""side"":""input"",""toward_parent_x"":false,""wire"":2,""xy"":[261.0,378.5]},{""access"":[549.0,378.5],""edge"":""stage:3:w2:waksman_8x8_s3_w0_2.drop->waksman_8x8_s4_w2_3.in:w2"",""endpoint"":""waksman_8x8_s3_w0_2.drop"",""facing"":""W"",""logical_PSE_role"":""lower"",""parent_endpoint"":""waksman_8x8_s4_w2_3.in"",""physical_PSE_role"":""lower"",""side"":""output"",""toward_parent_x"":false,""wire"":2,""xy"":[581.0,378.5]},{""access"":[381.0,314.5],""edge"":""output:waksman_8x8_s2_w2_6.drop->w6"",""endpoint"":""waksman_8x8_s2_w2_6.drop"",""facing"":""W"",""logical_PSE_role"":""lower"",""parent_endpoint"":""O6"",""physical_PSE_role"":""lower"",""side"":""output"",""toward_parent_x"":false,""wire"":6,""xy"":[413.0,314.5]},{""access"":[381.0,197.5],""edge"":""stage:2:w4:waksman_8x8_s2_w0_4.drop->waksman_8x8_s4_w4_5.in:w4"",""endpoint"":""waksman_8x8_s2_w0_4.drop"",""facing"":""W"",""logical_PSE_role"":""lower"",""parent_endpoint"":""waksman_8x8_s4_w4_5.in"",""physical_PSE_role"":""upper"",""side"":""output"",""toward_parent_x"":false,""wire"":4,""xy"":[413.0,197.5]},{""access"":[213.0,133.5],""edge"":""stage:0:w4:waksman_8x8_s0_w4_5.th->waksman_8x8_s1_w4_6.in:w4"",""endpoint"":""waksman_8x8_s1_w4_6.in"",""facing"":""W"",""logical_PSE_role"":""upper"",""parent_endpoint"":""waksman_8x8_s0_w4_5.th"",""physical_PSE_role"":""upper"",""side"":""input"",""toward_parent_x"":true,""wire"":4,""xy"":[245.0,133.5]},{""access"":[293.0,122.5],""edge"":""stage:0:w6:waksman_8x8_s0_w6_7.th->waksman_8x8_s1_w4_6.add:w6"",""endpoint"":""waksman_8x8_s1_w4_6.add"",""facing"":""E"",""logical_PSE_role"":""lower"",""parent_endpoint"":""waksman_8x8_s0_w6_7.th"",""physical_PSE_role"":""lower"",""side"":""input"",""toward_parent_x"":false,""wire"":6,""xy"":[261.0,122.5]}]}",1,1,1,0.0001443244400434196
root.U,4,"{""ordered_input_wires"":[0,2,4,6],""ordered_output_wires"":[0,2,4,6],""top_to_bottom"":[{""access"":[293.0,389.5],""edge"":""stage:0:w6:waksman_8x8_s0_w6_7.th->waksman_8x8_s1_w4_6.add:w6"",""endpoint"":""waksman_8x8_s1_w4_6.add"",""facing"":""E"",""logical_PSE_role"":""lower"",""parent_endpoint"":""waksman_8x8_s0_w6_7.th"",""physical_PSE_role"":""upper"",""side"":""input"",""toward_parent_x"":false,""wire"":6,""xy"":[261.0,389.5]},{""access"":[213.0,378.5],""edge"":""stage:0:w4:waksman_8x8_s0_w4_5.th->waksman_8x8_s1_w4_6.in:w4"",""endpoint"":""waksman_8x8_s1_w4_6.in"",""facing"":""W"",""logical_PSE_role"":""upper"",""parent_endpoint"":""waksman_8x8_s0_w4_5.th"",""physical_PSE_role"":""lower"",""side"":""input"",""toward_parent_x"":true,""wire"":4,""xy"":[245.0,378.5]},{""access"":[381.0,325.5],""edge"":""output:waksman_8x8_s2_w2_6.drop->w6"",""endpoint"":""waksman_8x8_s2_w2_6.drop"",""facing"":""W"",""logical_PSE_role"":""lower"",""parent_endpoint"":""O6"",""physical_PSE_role"":""upper"",""side"":""output"",""toward_parent_x"":false,""wire"":6,""xy"":[413.0,325.5]},{""access"":[381.0,186.5],""edge"":""stage:2:w4:waksman_8x8_s2_w0_4.drop->waksman_8x8_s4_w4_5.in:w4"",""endpoint"":""waksman_8x8_s2_w0_4.drop"",""facing"":""W"",""logical_PSE_role"":""lower"",""parent_endpoint"":""waksman_8x8_s4_w4_5.in"",""physical_PSE_role"":""lower"",""side"":""output"",""toward_parent_x"":false,""wire"":4,""xy"":[413.0,186.5]},{""access"":[293.0,133.5],""edge"":""stage:0:w2:waksman_8x8_s0_w2_3.th->waksman_8x8_s1_w0_2.add:w2"",""endpoint"":""waksman_8x8_s1_w0_2.add"",""facing"":""E"",""logical_PSE_role"":""lower"",""parent_endpoint"":""waksman_8x8_s0_w2_3.th"",""physical_PSE_role"":""upper"",""side"":""input"",""toward_parent_x"":false,""wire"":2,""xy"":[261.0,133.5]},{""access"":[549.0,133.5],""edge"":""stage:3:w2:waksman_8x8_s3_w0_2.drop->waksman_8x8_s4_w2_3.in:w2"",""endpoint"":""waksman_8x8_s3_w0_2.drop"",""facing"":""W"",""logical_PSE_role"":""lower"",""parent_endpoint"":""waksman_8x8_s4_w2_3.in"",""physical_PSE_role"":""upper"",""side"":""output"",""toward_parent_x"":false,""wire"":2,""xy"":[581.0,133.5]},{""access"":[213.0,122.5],""edge"":""stage:0:w0:waksman_8x8_s0_w0_1.th->waksman_8x8_s1_w0_2.in:w0"",""endpoint"":""waksman_8x8_s1_w0_2.in"",""facing"":""W"",""logical_PSE_role"":""upper"",""parent_endpoint"":""waksman_8x8_s0_w0_1.th"",""physical_PSE_role"":""lower"",""side"":""input"",""toward_parent_x"":true,""wire"":0,""xy"":[245.0,122.5]},{""access"":[629.0,122.5],""edge"":""stage:3:w0:waksman_8x8_s3_w0_2.th->waksman_8x8_s4_w0_1.in:w0"",""endpoint"":""waksman_8x8_s3_w0_2.th"",""facing"":""E"",""logical_PSE_role"":""upper"",""parent_endpoint"":""waksman_8x8_s4_w0_1.in"",""physical_PSE_role"":""lower"",""side"":""output"",""toward_parent_x"":true,""wire"":0,""xy"":[597.0,122.5]}]}",1,1,1,0.00014473068586084992
root.U,4,"{""ordered_input_wires"":[0,2,4,6],""ordered_output_wires"":[0,2,4,6],""top_to_bottom"":[{""access"":[293.0,389.5],""edge"":""stage:0:w6:waksman_8x8_s0_w6_7.th->waksman_8x8_s1_w4_6.add:w6"",""endpoint"":""waksman_8x8_s1_w4_6.add"",""facing"":""E"",""logical_PSE_role"":""lower"",""parent_endpoint"":""waksman_8x8_s0_w6_7.th"",""physical_PSE_role"":""upper"",""side"":""input"",""toward_parent_x"":false,""wire"":6,""xy"":[261.0,389.5]},{""access"":[213.0,378.5],""edge"":""stage:0:w4:waksman_8x8_s0_w4_5.th->waksman_8x8_s1_w4_6.in:w4"",""endpoint"":""waksman_8x8_s1_w4_6.in"",""facing"":""W"",""logical_PSE_role"":""upper"",""parent_endpoint"":""waksman_8x8_s0_w4_5.th"",""physical_PSE_role"":""lower"",""side"":""input"",""toward_parent_x"":true,""wire"":4,""xy"":[245.0,378.5]},{""access"":[381.0,314.5],""edge"":""stage:2:w4:waksman_8x8_s2_w0_4.drop->waksman_8x8_s4_w4_5.in:w4"",""endpoint"":""waksman_8x8_s2_w0_4.drop"",""facing"":""W"",""logical_PSE_role"":""lower"",""parent_endpoint"":""waksman_8x8_s4_w4_5.in"",""physical_PSE_role"":""lower"",""side"":""output"",""toward_parent_x"":false,""wire"":4,""xy"":[413.0,314.5]},{""access"":[381.0,197.5],""edge"":""output:waksman_8x8_s2_w2_6.drop->w6"",""endpoint"":""waksman_8x8_s2_w2_6.drop"",""facing"":""W"",""logical_PSE_role"":""lower"",""parent_endpoint"":""O6"",""physical_PSE_role"":""upper"",""side"":""output"",""toward_parent_x"":false,""wire"":6,""xy"":[413.0,197.5]},{""access"":[293.0,133.5],""edge"":""stage:0:w2:waksman_8x8_s0_w2_3.th->waksman_8x8_s1_w0_2.add:w2"",""endpoint"":""waksman_8x8_s1_w0_2.add"",""facing"":""E"",""logical_PSE_role"":""lower"",""parent_endpoint"":""waksman_8x8_s0_w2_3.th"",""physical_PSE_role"":""upper"",""side"":""input"",""toward_parent_x"":false,""wire"":2,""xy"":[261.0,133.5]},{""access"":[549.0,133.5],""edge"":""stage:3:w2:waksman_8x8_s3_w0_2.drop->waksman_8x8_s4_w2_3.in:w2"",""endpoint"":""waksman_8x8_s3_w0_2.drop"",""facing"":""W"",""logical_PSE_role"":""lower"",""parent_endpoint"":""waksman_8x8_s4_w2_3.in"",""physical_PSE_role"":""upper"",""side"":""output"",""toward_parent_x"":false,""wire"":2,""xy"":[581.0,133.5]},{""access"":[213.0,122.5],""edge"":""stage:0:w0:waksman_8x8_s0_w0_1.th->waksman_8x8_s1_w0_2.in:w0"",""endpoint"":""waksman_8x8_s1_w0_2.in"",""facing"":""W"",""logical_PSE_role"":""upper"",""parent_endpoint"":""waksman_8x8_s0_w0_1.th"",""physical_PSE_role"":""lower"",""side"":""input"",""toward_parent_x"":true,""wire"":0,""xy"":[245.0,122.5]},{""access"":[629.0,122.5],""edge"":""stage:3:w0:waksman_8x8_s3_w0_2.th->waksman_8x8_s4_w0_1.in:w0"",""endpoint"":""waksman_8x8_s3_w0_2.th"",""facing"":""E"",""logical_PSE_role"":""upper"",""parent_endpoint"":""waksman_8x8_s4_w0_1.in"",""physical_PSE_role"":""lower"",""side"":""output"",""toward_parent_x"":true,""wire"":0,""xy"":[597.0,122.5]}]}",1,1,1,0.00014513249334413558
root.U,4,"{""ordered_input_wires"":[0,2,4,6],""ordered_output_wires"":[0,2,4,6],""top_to_bottom"":[{""access"":[213.0,389.5],""edge"":""stage:0:w0:waksman_8x8_s0_w0_1.th->waksman_8x8_s1_w0_2.in:w0"",""endpoint"":""waksman_8x8_s1_w0_2.in"",""facing"":""W"",""logical_PSE_role"":""upper"",""parent_endpoint"":""waksman_8x8_s0_w0_1.th"",""physical_PSE_role"":""upper"",""side"":""input"",""toward_parent_x"":true,""wire"":0,""xy"":[245.0,389.5]},{""access"":[629.0,389.5],""edge"":""stage:3:w0:waksman_8x8_s3_w0_2.th->waksman_8x8_s4_w0_1.in:w0"",""endpoint"":""waksman_8x8_s3_w0_2.th"",""facing"":""E"",""logical_PSE_role"":""upper"",""parent_endpoint"":""waksman_8x8_s4_w0_1.in"",""physical_PSE_role"":""upper"",""side"":""output"",""toward_parent_x"":true,""wire"":0,""xy"":[597.0,389.5]},{""access"":[293.0,378.5],""edge"":""stage:0:w2:waksman_8x8_s0_w2_3.th->waksman_8x8_s1_w0_2.add:w2"",""endpoint"":""waksman_8x8_s1_w0_2.add"",""facing"":""E"",""logical_PSE_role"":""lower"",""parent_endpoint"":""waksman_8x8_s0_w2_3.th"",""physical_PSE_role"":""lower"",""side"":""input"",""toward_parent_x"":false,""wire"":2,""xy"":[261.0,378.5]},{""access"":[549.0,378.5],""edge"":""stage:3:w2:waksman_8x8_s3_w0_2.drop->waksman_8x8_s4_w2_3.in:w2"",""endpoint"":""waksman_8x8_s3_w0_2.drop"",""facing"":""W"",""logical_PSE_role"":""lower"",""parent_endpoint"":""waksman_8x8_s4_w2_3.in"",""physical_PSE_role"":""lower"",""side"":""output"",""toward_parent_x"":false,""wire"":2,""xy"":[581.0,378.5]},{""access"":[381.0,325.5],""edge"":""stage:2:w4:waksman_8x8_s2_w0_4.drop->waksman_8x8_s4_w4_5.in:w4"",""endpoint"":""waksman_8x8_s2_w0_4.drop"",""facing"":""W"",""logical_PSE_role"":""lower"",""parent_endpoint"":""waksman_8x8_s4_w4_5.in"",""physical_PSE_role"":""upper"",""side"":""output"",""toward_parent_x"":false,""wire"":4,""xy"":[413.0,325.5]},{""access"":[381.0,197.5],""edge"":""output:waksman_8x8_s2_w2_6.drop->w6"",""endpoint"":""waksman_8x8_s2_w2_6.drop"",""facing"":""W"",""logical_PSE_role"":""lower"",""parent_endpoint"":""O6"",""physical_PSE_role"":""upper"",""side"":""output"",""toward_parent_x"":false,""wire"":6,""xy"":[413.0,197.5]},{""access"":[213.0,133.5],""edge"":""stage:0:w4:waksman_8x8_s0_w4_5.th->waksman_8x8_s1_w4_6.in:w4"",""endpoint"":""waksman_8x8_s1_w4_6.in"",""facing"":""W"",""logical_PSE_role"":""upper"",""parent_endpoint"":""waksman_8x8_s0_w4_5.th"",""physical_PSE_role"":""upper"",""side"":""input"",""toward_parent_x"":true,""wire"":4,""xy"":[245.0,133.5]},{""access"":[293.0,122.5],""edge"":""stage:0:w6:waksman_8x8_s0_w6_7.th->waksman_8x8_s1_w4_6.add:w6"",""endpoint"":""waksman_8x8_s1_w4_6.add"",""facing"":""E"",""logical_PSE_role"":""lower"",""parent_endpoint"":""waksman_8x8_s0_w6_7.th"",""physical_PSE_role"":""lower"",""side"":""input"",""toward_parent_x"":false,""wire"":6,""xy"":[261.0,122.5]}]}",1,1,1,0.00014554186782334
root.U,4,"{""ordered_input_wires"":[0,2,4,6],""ordered_output_wires"":[0,2,4,6],""top_to_bottom"":[{""access"":[213.0,389.5],""edge"":""stage:0:w0:waksman_8x8_s0_w0_1.th->waksman_8x8_s1_w0_2.in:w0"",""endpoint"":""waksman_8x8_s1_w0_2.in"",""facing"":""W"",""logical_PSE_role"":""upper"",""parent_endpoint"":""waksman_8x8_s0_w0_1.th"",""physical_PSE_role"":""upper"",""side"":""input"",""toward_parent_x"":true,""wire"":0,""xy"":[245.0,389.5]},{""access"":[629.0,389.5],""edge"":""stage:3:w0:waksman_8x8_s3_w0_2.th->waksman_8x8_s4_w0_1.in:w0"",""endpoint"":""waksman_8x8_s3_w0_2.th"",""facing"":""E"",""logical_PSE_role"":""upper"",""parent_endpoint"":""waksman_8x8_s4_w0_1.in"",""physical_PSE_role"":""upper"",""side"":""output"",""toward_parent_x"":true,""wire"":0,""xy"":[597.0,389.5]},{""access"":[293.0,378.5],""edge"":""stage:0:w2:waksman_8x8_s0_w2_3.th->waksman_8x8_s1_w0_2.add:w2"",""endpoint"":""waksman_8x8_s1_w0_2.add"",""facing"":""E"",""logical_PSE_role"":""lower"",""parent_endpoint"":""waksman_8x8_s0_w2_3.th"",""physical_PSE_role"":""lower"",""side"":""input"",""toward_parent_x"":false,""wire"":2,""xy"":[261.0,378.5]},{""access"":[549.0,378.5],""edge"":""stage:3:w2:waksman_8x8_s3_w0_2.drop->waksman_8x8_s4_w2_3.in:w2"",""endpoint"":""waksman_8x8_s3_w0_2.drop"",""facing"":""W"",""logical_PSE_role"":""lower"",""parent_endpoint"":""waksman_8x8_s4_w2_3.in"",""physical_PSE_role"":""lower"",""side"":""output"",""toward_parent_x"":false,""wire"":2,""xy"":[581.0,378.5]},{""access"":[381.0,325.5],""edge"":""output:waksman_8x8_s2_w2_6.drop->w6"",""endpoint"":""waksman_8x8_s2_w2_6.drop"",""facing"":""W"",""logical_PSE_role"":""lower"",""parent_endpoint"":""O6"",""physical_PSE_role"":""upper"",""side"":""output"",""toward_parent_x"":false,""wire"":6,""xy"":[413.0,325.5]},{""access"":[381.0,197.5],""edge"":""stage:2:w4:waksman_8x8_s2_w0_4.drop->waksman_8x8_s4_w4_5.in:w4"",""endpoint"":""waksman_8x8_s2_w0_4.drop"",""facing"":""W"",""logical_PSE_role"":""lower"",""parent_endpoint"":""waksman_8x8_s4_w4_5.in"",""physical_PSE_role"":""upper"",""side"":""output"",""toward_parent_x"":false,""wire"":4,""xy"":[413.0,197.5]},{""access"":[213.0,133.5],""edge"":""stage:0:w4:waksman_8x8_s0_w4_5.th->waksman_8x8_s1_w4_6.in:w4"",""endpoint"":""waksman_8x8_s1_w4_6.in"",""facing"":""W"",""logical_PSE_role"":""upper"",""parent_endpoint"":""waksman_8x8_s0_w4_5.th"",""physical_PSE_role"":""upper"",""side"":""input"",""toward_parent_x"":true,""wire"":4,""xy"":[245.0,133.5]},{""access"":[293.0,122.5],""edge"":""stage:0:w6:waksman_8x8_s0_w6_7.th->waksman_8x8_s1_w4_6.add:w6"",""endpoint"":""waksman_8x8_s1_w4_6.add"",""facing"":""E"",""logical_PSE_role"":""lower"",""parent_endpoint"":""waksman_8x8_s0_w6_7.th"",""physical_PSE_role"":""lower"",""side"":""input"",""toward_parent_x"":false,""wire"":6,""xy"":[261.0,122.5]}]}",1,1,1,0.00014594875392504036
root.U,4,"{""ordered_input_wires"":[0,2,4,6],""ordered_output_wires"":[0,2,4,6],""top_to_bottom"":[{""access"":[293.0,389.5],""edge"":""stage:0:w6:waksman_8x8_s0_w6_7.th->waksman_8x8_s1_w4_6.add:w6"",""endpoint"":""waksman_8x8_s1_w4_6.add"",""facing"":""E"",""logical_PSE_role"":""lower"",""parent_endpoint"":""waksman_8x8_s0_w6_7.th"",""physical_PSE_role"":""upper"",""side"":""input"",""toward_parent_x"":false,""wire"":6,""xy"":[261.0,389.5]},{""access"":[213.0,378.5],""edge"":""stage:0:w4:waksman_8x8_s0_w4_5.th->waksman_8x8_s1_w4_6.in:w4"",""endpoint"":""waksman_8x8_s1_w4_6.in"",""facing"":""W"",""logical_PSE_role"":""upper"",""parent_endpoint"":""waksman_8x8_s0_w4_5.th"",""physical_PSE_role"":""lower"",""side"":""input"",""toward_parent_x"":true,""wire"":4,""xy"":[245.0,378.5]},{""access"":[381.0,314.5],""edge"":""output:waksman_8x8_s2_w2_6.drop->w6"",""endpoint"":""waksman_8x8_s2_w2_6.drop"",""facing"":""W"",""logical_PSE_role"":""lower"",""parent_endpoint"":""O6"",""physical_PSE_role"":""lower"",""side"":""output"",""toward_parent_x"":false,""wire"":6,""xy"":[413.0,314.5]},{""access"":[381.0,186.5],""edge"":""stage:2:w4:waksman_8x8_s2_w0_4.drop->waksman_8x8_s4_w4_5.in:w4"",""endpoint"":""waksman_8x8_s2_w0_4.drop"",""facing"":""W"",""logical_PSE_role"":""lower"",""parent_endpoint"":""waksman_8x8_s4_w4_5.in"",""physical_PSE_role"":""lower"",""side"":""output"",""toward_parent_x"":false,""wire"":4,""xy"":[413.0,186.5]},{""access"":[293.0,133.5],""edge"":""stage:0:w2:waksman_8x8_s0_w2_3.th->waksman_8x8_s1_w0_2.add:w2"",""endpoint"":""waksman_8x8_s1_w0_2.add"",""facing"":""E"",""logical_PSE_role"":""lower"",""parent_endpoint"":""waksman_8x8_s0_w2_3.th"",""physical_PSE_role"":""upper"",""side"":""input"",""toward_parent_x"":false,""wire"":2,""xy"":[261.0,133.5]},{""access"":[549.0,133.5],""edge"":""stage:3:w2:waksman_8x8_s3_w0_2.drop->waksman_8x8_s4_w2_3.in:w2"",""endpoint"":""waksman_8x8_s3_w0_2.drop"",""facing"":""W"",""logical_PSE_role"":""lower"",""parent_endpoint"":""waksman_8x8_s4_w2_3.in"",""physical_PSE_role"":""upper"",""side"":""output"",""toward_parent_x"":false,""wire"":2,""xy"":[581.0,133.5]},{""access"":[213.0,122.5],""edge"":""stage:0:w0:waksman_8x8_s0_w0_1.th->waksman_8x8_s1_w0_2.in:w0"",""endpoint"":""waksman_8x8_s1_w0_2.in"",""facing"":""W"",""logical_PSE_role"":""upper"",""parent_endpoint"":""waksman_8x8_s0_w0_1.th"",""physical_PSE_role"":""lower"",""side"":""input"",""toward_parent_x"":true,""wire"":0,""xy"":[245.0,122.5]},{""access"":[629.0,122.5],""edge"":""stage:3:w0:waksman_8x8_s3_w0_2.th->waksman_8x8_s4_w0_1.in:w0"",""endpoint"":""waksman_8x8_s3_w0_2.th"",""facing"":""E"",""logical_PSE_role"":""upper"",""parent_endpoint"":""waksman_8x8_s4_w0_1.in"",""physical_PSE_role"":""lower"",""side"":""output"",""toward_parent_x"":true,""wire"":0,""xy"":[597.0,122.5]}]}",1,1,1,0.00014635374827776104
root.U,4,"{""ordered_input_wires"":[0,2,4,6],""ordered_output_wires"":[0,2,4,6],""top_to_bottom"":[{""access"":[293.0,389.5],""edge"":""stage:0:w6:waksman_8x8_s0_w6_7.th->waksman_8x8_s1_w4_6.add:w6"",""endpoint"":""waksman_8x8_s1_w4_6.add"",""facing"":""E"",""logical_PSE_role"":""lower"",""parent_endpoint"":""waksman_8x8_s0_w6_7.th"",""physical_PSE_role"":""upper"",""side"":""input"",""toward_parent_x"":false,""wire"":6,""xy"":[261.0,389.5]},{""access"":[213.0,378.5],""edge"":""stage:0:w4:waksman_8x8_s0_w4_5.th->waksman_8x8_s1_w4_6.in:w4"",""endpoint"":""waksman_8x8_s1_w4_6.in"",""facing"":""W"",""logical_PSE_role"":""upper"",""parent_endpoint"":""waksman_8x8_s0_w4_5.th"",""physical_PSE_role"":""lower"",""side"":""input"",""toward_parent_x"":true,""wire"":4,""xy"":[245.0,378.5]},{""access"":[381.0,314.5],""edge"":""stage:2:w4:waksman_8x8_s2_w0_4.drop->waksman_8x8_s4_w4_5.in:w4"",""endpoint"":""waksman_8x8_s2_w0_4.drop"",""facing"":""W"",""logical_PSE_role"":""lower"",""parent_endpoint"":""waksman_8x8_s4_w4_5.in"",""physical_PSE_role"":""lower"",""side"":""output"",""toward_parent_x"":false,""wire"":4,""xy"":[413.0,314.5]},{""access"":[381.0,186.5],""edge"":""output:waksman_8x8_s2_w2_6.drop->w6"",""endpoint"":""waksman_8x8_s2_w2_6.drop"",""facing"":""W"",""logical_PSE_role"":""lower"",""parent_endpoint"":""O6"",""physical_PSE_role"":""lower"",""side"":""output"",""toward_parent_x"":false,""wire"":6,""xy"":[413.0,186.5]},{""access"":[293.0,133.5],""edge"":""stage:0:w2:waksman_8x8_s0_w2_3.th->waksman_8x8_s1_w0_2.add:w2"",""endpoint"":""waksman_8x8_s1_w0_2.add"",""facing"":""E"",""logical_PSE_role"":""lower"",""parent_endpoint"":""waksman_8x8_s0_w2_3.th"",""physical_PSE_role"":""upper"",""side"":""input"",""toward_parent_x"":false,""wire"":2,""xy"":[261.0,133.5]},{""access"":[549.0,133.5],""edge"":""stage:3:w2:waksman_8x8_s3_w0_2.drop->waksman_8x8_s4_w2_3.in:w2"",""endpoint"":""waksman_8x8_s3_w0_2.drop"",""facing"":""W"",""logical_PSE_role"":""lower"",""parent_endpoint"":""waksman_8x8_s4_w2_3.in"",""physical_PSE_role"":""upper"",""side"":""output"",""toward_parent_x"":false,""wire"":2,""xy"":[581.0,133.5]},{""access"":[213.0,122.5],""edge"":""stage:0:w0:waksman_8x8_s0_w0_1.th->waksman_8x8_s1_w0_2.in:w0"",""endpoint"":""waksman_8x8_s1_w0_2.in"",""facing"":""W"",""logical_PSE_role"":""upper"",""parent_endpoint"":""waksman_8x8_s0_w0_1.th"",""physical_PSE_role"":""lower"",""side"":""input"",""toward_parent_x"":true,""wire"":0,""xy"":[245.0,122.5]},{""access"":[629.0,122.5],""edge"":""stage:3:w0:waksman_8x8_s3_w0_2.th->waksman_8x8_s4_w0_1.in:w0"",""endpoint"":""waksman_8x8_s3_w0_2.th"",""facing"":""E"",""logical_PSE_role"":""upper"",""parent_endpoint"":""waksman_8x8_s4_w0_1.in"",""physical_PSE_role"":""lower"",""side"":""output"",""toward_parent_x"":true,""wire"":0,""xy"":[597.0,122.5]}]}",1,1,1,0.00014676805585622787
root.L.U,2,"{""ordered_input_wires"":[1,5],""ordered_output_wires"":[1,5],""top_to_bottom"":[{""access"":[381.0,261.5],""edge"":""stage:1:w1:waksman_8x8_s1_w1_3.th->waksman_8x8_s2_w1_5.in:w1"",""endpoint"":""waksman_8x8_s2_w1_5.in"",""facing"":""W"",""logical_PSE_role"":""upper"",""parent_endpoint"":""waksman_8x8_s1_w1_3.th"",""physical_PSE_role"":""upper"",""side"":""input"",""toward_parent_x"":true,""wire"":1,""xy"":[413.0,261.5]},{""access"":[461.0,261.5],""edge"":""stage:2:w1:waksman_8x8_s2_w1_5.th->waksman_8x8_s3_w1_3.in:w1"",""endpoint"":""waksman_8x8_s2_w1_5.th"",""facing"":""E"",""logical_PSE_role"":""upper"",""parent_endpoint"":""waksman_8x8_s3_w1_3.in"",""physical_PSE_role"":""upper"",""side"":""output"",""toward_parent_x"":true,""wire"":1,""xy"":[429.0,261.5]},{""access"":[461.0,250.5],""edge"":""stage:1:w5:waksman_8x8_s1_w5_7.th->waksman_8x8_s2_w1_5.add:w5"",""endpoint"":""waksman_8x8_s2_w1_5.add"",""facing"":""E"",""logical_PSE_role"":""lower"",""parent_endpoint"":""waksman_8x8_s1_w5_7.th"",""physical_PSE_role"":""lower"",""side"":""input"",""toward_parent_x"":false,""wire"":5,""xy"":[429.0,250.5]},{""access"":[381.0,250.5],""edge"":""stage:2:w5:waksman_8x8_s2_w1_5.drop->waksman_8x8_s4_w4_5.add:w5"",""endpoint"":""waksman_8x8_s2_w1_5.drop"",""facing"":""W"",""logical_PSE_role"":""lower"",""parent_endpoint"":""waksman_8x8_s4_w4_5.add"",""physical_PSE_role"":""lower"",""side"":""output"",""toward_parent_x"":false,""wire"":5,""xy"":[413.0,250.5]}]}",1,1,1,6.611854769289494e-05
root.L.U,2,"{""ordered_input_wires"":[1,5],""ordered_output_wires"":[1,5],""top_to_bottom"":[{""access"":[461.0,261.5],""edge"":""stage:1:w5:waksman_8x8_s1_w5_7.th->waksman_8x8_s2_w1_5.add:w5"",""endpoint"":""waksman_8x8_s2_w1_5.add"",""facing"":""E"",""logical_PSE_role"":""lower"",""parent_endpoint"":""waksman_8x8_s1_w5_7.th"",""physical_PSE_role"":""upper"",""side"":""input"",""toward_parent_x"":false,""wire"":5,""xy"":[429.0,261.5]},{""access"":[381.0,261.5],""edge"":""stage:2:w5:waksman_8x8_s2_w1_5.drop->waksman_8x8_s4_w4_5.add:w5"",""endpoint"":""waksman_8x8_s2_w1_5.drop"",""facing"":""W"",""logical_PSE_role"":""lower"",""parent_endpoint"":""waksman_8x8_s4_w4_5.add"",""physical_PSE_role"":""upper"",""side"":""output"",""toward_parent_x"":false,""wire"":5,""xy"":[413.0,261.5]},{""access"":[381.0,250.5],""edge"":""stage:1:w1:waksman_8x8_s1_w1_3.th->waksman_8x8_s2_w1_5.in:w1"",""endpoint"":""waksman_8x8_s2_w1_5.in"",""facing"":""W"",""logical_PSE_role"":""upper"",""parent_endpoint"":""waksman_8x8_s1_w1_3.th"",""physical_PSE_role"":""lower"",""side"":""input"",""toward_parent_x"":true,""wire"":1,""xy"":[413.0,250.5]},{""access"":[461.0,250.5],""edge"":""stage:2:w1:waksman_8x8_s2_w1_5.th->waksman_8x8_s3_w1_3.in:w1"",""endpoint"":""waksman_8x8_s2_w1_5.th"",""facing"":""E"",""logical_PSE_role"":""upper"",""parent_endpoint"":""waksman_8x8_s3_w1_3.in"",""physical_PSE_role"":""lower"",""side"":""output"",""toward_parent_x"":true,""wire"":1,""xy"":[429.0,250.5]}]}",1,1,1,6.984954234212637e-05
root.L.L,2,"{""ordered_input_wires"":[3,7],""ordered_output_wires"":[3,7],""top_to_bottom"":[{""access"":[381.0,133.5],""edge"":""stage:1:w3:waksman_8x8_s1_w1_3.drop->waksman_8x8_s2_w3_7.in:w3"",""endpoint"":""waksman_8x8_s2_w3_7.in"",""facing"":""W"",""logical_PSE_role"":""upper"",""parent_endpoint"":""waksman_8x8_s1_w1_3.drop"",""physical_PSE_role"":""upper"",""side"":""input"",""toward_parent_x"":true,""wire"":3,""xy"":[413.0,133.5]},{""access"":[461.0,133.5],""edge"":""stage:2:w3:waksman_8x8_s2_w3_7.th->waksman_8x8_s3_w1_3.add:w3"",""endpoint"":""waksman_8x8_s2_w3_7.th"",""facing"":""E"",""logical_PSE_role"":""upper"",""parent_endpoint"":""waksman_8x8_s3_w1_3.add"",""physical_PSE_role"":""upper"",""side"":""output"",""toward_parent_x"":true,""wire"":3,""xy"":[429.0,133.5]},{""access"":[461.0,122.5],""edge"":""stage:1:w7:waksman_8x8_s1_w5_7.drop->waksman_8x8_s2_w3_7.add:w7"",""endpoint"":""waksman_8x8_s2_w3_7.add"",""facing"":""E"",""logical_PSE_role"":""lower"",""parent_endpoint"":""waksman_8x8_s1_w5_7.drop"",""physical_PSE_role"":""lower"",""side"":""input"",""toward_parent_x"":false,""wire"":7,""xy"":[429.0,122.5]},{""access"":[381.0,122.5],""edge"":""output:waksman_8x8_s2_w3_7.drop->w7"",""endpoint"":""waksman_8x8_s2_w3_7.drop"",""facing"":""W"",""logical_PSE_role"":""lower"",""parent_endpoint"":""O7"",""physical_PSE_role"":""lower"",""side"":""output"",""toward_parent_x"":false,""wire"":7,""xy"":[413.0,122.5]}]}",1,1,1,5.760102067142725e-05
root.L.L,2,"{""ordered_input_wires"":[3,7],""ordered_output_wires"":[3,7],""top_to_bottom"":[{""access"":[461.0,133.5],""edge"":""stage:1:w7:waksman_8x8_s1_w5_7.drop->waksman_8x8_s2_w3_7.add:w7"",""endpoint"":""waksman_8x8_s2_w3_7.add"",""facing"":""E"",""logical_PSE_role"":""lower"",""parent_endpoint"":""waksman_8x8_s1_w5_7.drop"",""physical_PSE_role"":""upper"",""side"":""input"",""toward_parent_x"":false,""wire"":7,""xy"":[429.0,133.5]},{""access"":[381.0,133.5],""edge"":""output:waksman_8x8_s2_w3_7.drop->w7"",""endpoint"":""waksman_8x8_s2_w3_7.drop"",""facing"":""W"",""logical_PSE_role"":""lower"",""parent_endpoint"":""O7"",""physical_PSE_role"":""upper"",""side"":""output"",""toward_parent_x"":false,""wire"":7,""xy"":[413.0,133.5]},{""access"":[381.0,122.5],""edge"":""stage:1:w3:waksman_8x8_s1_w1_3.drop->waksman_8x8_s2_w3_7.in:w3"",""endpoint"":""waksman_8x8_s2_w3_7.in"",""facing"":""W"",""logical_PSE_role"":""upper"",""parent_endpoint"":""waksman_8x8_s1_w1_3.drop"",""physical_PSE_role"":""lower"",""side"":""input"",""toward_parent_x"":true,""wire"":3,""xy"":[413.0,122.5]},{""access"":[461.0,122.5],""edge"":""stage:2:w3:waksman_8x8_s2_w3_7.th->waksman_8x8_s3_w1_3.add:w3"",""endpoint"":""waksman_8x8_s2_w3_7.th"",""facing"":""E"",""logical_PSE_role"":""upper"",""parent_endpoint"":""waksman_8x8_s3_w1_3.add"",""physical_PSE_role"":""lower"",""side"":""output"",""toward_parent_x"":true,""wire"":3,""xy"":[429.0,122.5]}]}",1,1,1,6.127147935330868e-05
root.L,4,"{""ordered_input_wires"":[1,3,5,7],""ordered_output_wires"":[1,3,5,7],""top_to_bottom"":[{""access"":[213.0,325.5],""edge"":""stage:0:w1:waksman_8x8_s0_w0_1.drop->waksman_8x8_s1_w1_3.in:w1"",""endpoint"":""waksman_8x8_s1_w1_3.in"",""facing"":""W"",""logical_PSE_role"":""upper"",""parent_endpoint"":""waksman_8x8_s0_w0_1.drop"",""physical_PSE_role"":""upper"",""side"":""input"",""toward_parent_x"":true,""wire"":1,""xy"":[245.0,325.5]},{""access"":[629.0,325.5],""edge"":""stage:3:w1:waksman_8x8_s3_w1_3.th->waksman_8x8_s4_w0_1.add:w1"",""endpoint"":""waksman_8x8_s3_w1_3.th"",""facing"":""E"",""logical_PSE_role"":""upper"",""parent_endpoint"":""waksman_8x8_s4_w0_1.add"",""physical_PSE_role"":""upper"",""side"":""output"",""toward_parent_x"":true,""wire"":1,""xy"":[597.0,325.5]},{""access"":[293.0,314.5],""edge"":""stage:0:w3:waksman_8x8_s0_w2_3.drop->waksman_8x8_s1_w1_3.add:w3"",""endpoint"":""waksman_8x8_s1_w1_3.add"",""facing"":""E"",""logical_PSE_role"":""lower"",""parent_endpoint"":""waksman_8x8_s0_w2_3.drop"",""physical_PSE_role"":""lower"",""side"":""input"",""toward_parent_x"":false,""wire"":3,""xy"":[261.0,314.5]},{""access"":[549.0,314.5],""edge"":""stage:3:w3:waksman_8x8_s3_w1_3.drop->waksman_8x8_s4_w2_3.add:w3"",""endpoint"":""waksman_8x8_s3_w1_3.drop"",""facing"":""W"",""logical_PSE_role"":""lower"",""parent_endpoint"":""waksman_8x8_s4_w2_3.add"",""physical_PSE_role"":""lower"",""side"":""output"",""toward_parent_x"":false,""wire"":3,""xy"":[581.0,314.5]},{""access"":[381.0,250.5],""edge"":""stage:2:w5:waksman_8x8_s2_w1_5.drop->waksman_8x8_s4_w4_5.add:w5"",""endpoint"":""waksman_8x8_s2_w1_5.drop"",""facing"":""W"",""logical_PSE_role"":""lower"",""parent_endpoint"":""waksman_8x8_s4_w4_5.add"",""physical_PSE_role"":""lower"",""side"":""output"",""toward_parent_x"":false,""wire"":5,""xy"":[413.0,250.5]},{""access"":[381.0,122.5],""edge"":""output:waksman_8x8_s2_w3_7.drop->w7"",""endpoint"":""waksman_8x8_s2_w3_7.drop"",""facing"":""W"",""logical_PSE_role"":""lower"",""parent_endpoint"":""O7"",""physical_PSE_role"":""lower"",""side"":""output"",""toward_parent_x"":false,""wire"":7,""xy"":[413.0,122.5]},{""access"":[213.0,69.5],""edge"":""stage:0:w5:waksman_8x8_s0_w4_5.drop->waksman_8x8_s1_w5_7.in:w5"",""endpoint"":""waksman_8x8_s1_w5_7.in"",""facing"":""W"",""logical_PSE_role"":""upper"",""parent_endpoint"":""waksman_8x8_s0_w4_5.drop"",""physical_PSE_role"":""upper"",""side"":""input"",""toward_parent_x"":true,""wire"":5,""xy"":[245.0,69.5]},{""access"":[293.0,58.5],""edge"":""stage:0:w7:waksman_8x8_s0_w6_7.drop->waksman_8x8_s1_w5_7.add:w7"",""endpoint"":""waksman_8x8_s1_w5_7.add"",""facing"":""E"",""logical_PSE_role"":""lower"",""parent_endpoint"":""waksman_8x8_s0_w6_7.drop"",""physical_PSE_role"":""lower"",""side"":""input"",""toward_parent_x"":false,""wire"":7,""xy"":[261.0,58.5]}]}",1,1,1,0.00014260568423196673
root.L,4,"{""ordered_input_wires"":[1,3,5,7],""ordered_output_wires"":[1,3,5,7],""top_to_bottom"":[{""access"":[213.0,325.5],""edge"":""stage:0:w1:waksman_8x8_s0_w0_1.drop->waksman_8x8_s1_w1_3.in:w1"",""endpoint"":""waksman_8x8_s1_w1_3.in"",""facing"":""W"",""logical_PSE_role"":""upper"",""parent_endpoint"":""waksman_8x8_s0_w0_1.drop"",""physical_PSE_role"":""upper"",""side"":""input"",""toward_parent_x"":true,""wire"":1,""xy"":[245.0,325.5]},{""access"":[629.0,325.5],""edge"":""stage:3:w1:waksman_8x8_s3_w1_3.th->waksman_8x8_s4_w0_1.add:w1"",""endpoint"":""waksman_8x8_s3_w1_3.th"",""facing"":""E"",""logical_PSE_role"":""upper"",""parent_endpoint"":""waksman_8x8_s4_w0_1.add"",""physical_PSE_role"":""upper"",""side"":""output"",""toward_parent_x"":true,""wire"":1,""xy"":[597.0,325.5]},{""access"":[293.0,314.5],""edge"":""stage:0:w3:waksman_8x8_s0_w2_3.drop->waksman_8x8_s1_w1_3.add:w3"",""endpoint"":""waksman_8x8_s1_w1_3.add"",""facing"":""E"",""logical_PSE_role"":""lower"",""parent_endpoint"":""waksman_8x8_s0_w2_3.drop"",""physical_PSE_role"":""lower"",""side"":""input"",""toward_parent_x"":false,""wire"":3,""xy"":[261.0,314.5]},{""access"":[549.0,314.5],""edge"":""stage:3:w3:waksman_8x8_s3_w1_3.drop->waksman_8x8_s4_w2_3.add:w3"",""endpoint"":""waksman_8x8_s3_w1_3.drop"",""facing"":""W"",""logical_PSE_role"":""lower"",""parent_endpoint"":""waksman_8x8_s4_w2_3.add"",""physical_PSE_role"":""lower"",""side"":""output"",""toward_parent_x"":false,""wire"":3,""xy"":[581.0,314.5]},{""access"":[381.0,250.5],""edge"":""output:waksman_8x8_s2_w3_7.drop->w7"",""endpoint"":""waksman_8x8_s2_w3_7.drop"",""facing"":""W"",""logical_PSE_role"":""lower"",""parent_endpoint"":""O7"",""physical_PSE_role"":""lower"",""side"":""output"",""toward_parent_x"":false,""wire"":7,""xy"":[413.0,250.5]},{""access"":[381.0,122.5],""edge"":""stage:2:w5:waksman_8x8_s2_w1_5.drop->waksman_8x8_s4_w4_5.add:w5"",""endpoint"":""waksman_8x8_s2_w1_5.drop"",""facing"":""W"",""logical_PSE_role"":""lower"",""parent_endpoint"":""waksman_8x8_s4_w4_5.add"",""physical_PSE_role"":""lower"",""side"":""output"",""toward_parent_x"":false,""wire"":5,""xy"":[413.0,122.5]},{""access"":[213.0,69.5],""edge"":""stage:0:w5:waksman_8x8_s0_w4_5.drop->waksman_8x8_s1_w5_7.in:w5"",""endpoint"":""waksman_8x8_s1_w5_7.in"",""facing"":""W"",""logical_PSE_role"":""upper"",""parent_endpoint"":""waksman_8x8_s0_w4_5.drop"",""physical_PSE_role"":""upper"",""side"":""input"",""toward_parent_x"":true,""wire"":5,""xy"":[245.0,69.5]},{""access"":[293.0,58.5],""edge"":""stage:0:w7:waksman_8x8_s0_w6_7.drop->waksman_8x8_s1_w5_7.add:w7"",""endpoint"":""waksman_8x8_s1_w5_7.add"",""facing"":""E"",""logical_PSE_role"":""lower"",""parent_endpoint"":""waksman_8x8_s0_w6_7.drop"",""physical_PSE_role"":""lower"",""side"":""input"",""toward_parent_x"":false,""wire"":7,""xy"":[261.0,58.5]}]}",1,1,1,0.00014332111459225416
root.L,4,"{""ordered_input_wires"":[1,3,5,7],""ordered_output_wires"":[1,3,5,7],""top_to_bottom"":[{""access"":[293.0,325.5],""edge"":""stage:0:w7:waksman_8x8_s0_w6_7.drop->waksman_8x8_s1_w5_7.add:w7"",""endpoint"":""waksman_8x8_s1_w5_7.add"",""facing"":""E"",""logical_PSE_role"":""lower"",""parent_endpoint"":""waksman_8x8_s0_w6_7.drop"",""physical_PSE_role"":""upper"",""side"":""input"",""toward_parent_x"":false,""wire"":7,""xy"":[261.0,325.5]},{""access"":[213.0,314.5],""edge"":""stage:0:w5:waksman_8x8_s0_w4_5.drop->waksman_8x8_s1_w5_7.in:w5"",""endpoint"":""waksman_8x8_s1_w5_7.in"",""facing"":""W"",""logical_PSE_role"":""upper"",""parent_endpoint"":""waksman_8x8_s0_w4_5.drop"",""physical_PSE_role"":""lower"",""side"":""input"",""toward_parent_x"":true,""wire"":5,""xy"":[245.0,314.5]},{""access"":[381.0,261.5],""edge"":""output:waksman_8x8_s2_w3_7.drop->w7"",""endpoint"":""waksman_8x8_s2_w3_7.drop"",""facing"":""W"",""logical_PSE_role"":""lower"",""parent_endpoint"":""O7"",""physical_PSE_role"":""upper"",""side"":""output"",""toward_parent_x"":false,""wire"":7,""xy"":[413.0,261.5]},{""access"":[381.0,133.5],""edge"":""stage:2:w5:waksman_8x8_s2_w1_5.drop->waksman_8x8_s4_w4_5.add:w5"",""endpoint"":""waksman_8x8_s2_w1_5.drop"",""facing"":""W"",""logical_PSE_role"":""lower"",""parent_endpoint"":""waksman_8x8_s4_w4_5.add"",""physical_PSE_role"":""upper"",""side"":""output"",""toward_parent_x"":false,""wire"":5,""xy"":[413.0,133.5]},{""access"":[293.0,69.5],""edge"":""stage:0:w3:waksman_8x8_s0_w2_3.drop->waksman_8x8_s1_w1_3.add:w3"",""endpoint"":""waksman_8x8_s1_w1_3.add"",""facing"":""E"",""logical_PSE_role"":""lower"",""parent_endpoint"":""waksman_8x8_s0_w2_3.drop"",""physical_PSE_role"":""upper"",""side"":""input"",""toward_parent_x"":false,""wire"":3,""xy"":[261.0,69.5]},{""access"":[549.0,69.5],""edge"":""stage:3:w3:waksman_8x8_s3_w1_3.drop->waksman_8x8_s4_w2_3.add:w3"",""endpoint"":""waksman_8x8_s3_w1_3.drop"",""facing"":""W"",""logical_PSE_role"":""lower"",""parent_endpoint"":""waksman_8x8_s4_w2_3.add"",""physical_PSE_role"":""upper"",""side"":""output"",""toward_parent_x"":false,""wire"":3,""xy"":[581.0,69.5]},{""access"":[213.0,58.5],""edge"":""stage:0:w1:waksman_8x8_s0_w0_1.drop->waksman_8x8_s1_w1_3.in:w1"",""endpoint"":""waksman_8x8_s1_w1_3.in"",""facing"":""W"",""logical_PSE_role"":""upper"",""parent_endpoint"":""waksman_8x8_s0_w0_1.drop"",""physical_PSE_role"":""lower"",""side"":""input"",""toward_parent_x"":true,""wire"":1,""xy"":[245.0,58.5]},{""access"":[629.0,58.5],""edge"":""stage:3:w1:waksman_8x8_s3_w1_3.th->waksman_8x8_s4_w0_1.add:w1"",""endpoint"":""waksman_8x8_s3_w1_3.th"",""facing"":""E"",""logical_PSE_role"":""upper"",""parent_endpoint"":""waksman_8x8_s4_w0_1.add"",""physical_PSE_role"":""lower"",""side"":""output"",""toward_parent_x"":true,""wire"":1,""xy"":[597.0,58.5]}]}",1,1,1,0.00014397768245544285
root.L,4,"{""ordered_input_wires"":[1,3,5,7],""ordered_output_wires"":[1,3,5,7],""top_to_bottom"":[{""access"":[293.0,325.5],""edge"":""stage:0:w7:waksman_8x8_s0_w6_7.drop->waksman_8x8_s1_w5_7.add:w7"",""endpoint"":""waksman_8x8_s1_w5_7.add"",""facing"":""E"",""logical_PSE_role"":""lower"",""parent_endpoint"":""waksman_8x8_s0_w6_7.drop"",""physical_PSE_role"":""upper"",""side"":""input"",""toward_parent_x"":false,""wire"":7,""xy"":[261.0,325.5]},{""access"":[213.0,314.5],""edge"":""stage:0:w5:waksman_8x8_s0_w4_5.drop->waksman_8x8_s1_w5_7.in:w5"",""endpoint"":""waksman_8x8_s1_w5_7.in"",""facing"":""W"",""logical_PSE_role"":""upper"",""parent_endpoint"":""waksman_8x8_s0_w4_5.drop"",""physical_PSE_role"":""lower"",""side"":""input"",""toward_parent_x"":true,""wire"":5,""xy"":[245.0,314.5]},{""access"":[381.0,261.5],""edge"":""stage:2:w5:waksman_8x8_s2_w1_5.drop->waksman_8x8_s4_w4_5.add:w5"",""endpoint"":""waksman_8x8_s2_w1_5.drop"",""facing"":""W"",""logical_PSE_role"":""lower"",""parent_endpoint"":""waksman_8x8_s4_w4_5.add"",""physical_PSE_role"":""upper"",""side"":""output"",""toward_parent_x"":false,""wire"":5,""xy"":[413.0,261.5]},{""access"":[381.0,133.5],""edge"":""output:waksman_8x8_s2_w3_7.drop->w7"",""endpoint"":""waksman_8x8_s2_w3_7.drop"",""facing"":""W"",""logical_PSE_role"":""lower"",""parent_endpoint"":""O7"",""physical_PSE_role"":""upper"",""side"":""output"",""toward_parent_x"":false,""wire"":7,""xy"":[413.0,133.5]},{""access"":[293.0,69.5],""edge"":""stage:0:w3:waksman_8x8_s0_w2_3.drop->waksman_8x8_s1_w1_3.add:w3"",""endpoint"":""waksman_8x8_s1_w1_3.add"",""facing"":""E"",""logical_PSE_role"":""lower"",""parent_endpoint"":""waksman_8x8_s0_w2_3.drop"",""physical_PSE_role"":""upper"",""side"":""input"",""toward_parent_x"":false,""wire"":3,""xy"":[261.0,69.5]},{""access"":[549.0,69.5],""edge"":""stage:3:w3:waksman_8x8_s3_w1_3.drop->waksman_8x8_s4_w2_3.add:w3"",""endpoint"":""waksman_8x8_s3_w1_3.drop"",""facing"":""W"",""logical_PSE_role"":""lower"",""parent_endpoint"":""waksman_8x8_s4_w2_3.add"",""physical_PSE_role"":""upper"",""side"":""output"",""toward_parent_x"":false,""wire"":3,""xy"":[581.0,69.5]},{""access"":[213.0,58.5],""edge"":""stage:0:w1:waksman_8x8_s0_w0_1.drop->waksman_8x8_s1_w1_3.in:w1"",""endpoint"":""waksman_8x8_s1_w1_3.in"",""facing"":""W"",""logical_PSE_role"":""upper"",""parent_endpoint"":""waksman_8x8_s0_w0_1.drop"",""physical_PSE_role"":""lower"",""side"":""input"",""toward_parent_x"":true,""wire"":1,""xy"":[245.0,58.5]},{""access"":[629.0,58.5],""edge"":""stage:3:w1:waksman_8x8_s3_w1_3.th->waksman_8x8_s4_w0_1.add:w1"",""endpoint"":""waksman_8x8_s3_w1_3.th"",""facing"":""E"",""logical_PSE_role"":""upper"",""parent_endpoint"":""waksman_8x8_s4_w0_1.add"",""physical_PSE_role"":""lower"",""side"":""output"",""toward_parent_x"":true,""wire"":1,""xy"":[597.0,58.5]}]}",1,1,1,0.0001446061214664951
root.L,4,"{""ordered_input_wires"":[1,3,5,7],""ordered_output_wires"":[1,3,5,7],""top_to_bottom"":[{""access"":[213.0,325.5],""edge"":""stage:0:w1:waksman_8x8_s0_w0_1.drop->waksman_8x8_s1_w1_3.in:w1"",""endpoint"":""waksman_8x8_s1_w1_3.in"",""facing"":""W"",""logical_PSE_role"":""upper"",""parent_endpoint"":""waksman_8x8_s0_w0_1.drop"",""physical_PSE_role"":""upper"",""side"":""input"",""toward_parent_x"":true,""wire"":1,""xy"":[245.0,325.5]},{""access"":[629.0,325.5],""edge"":""stage:3:w1:waksman_8x8_s3_w1_3.th->waksman_8x8_s4_w0_1.add:w1"",""endpoint"":""waksman_8x8_s3_w1_3.th"",""facing"":""E"",""logical_PSE_role"":""upper"",""parent_endpoint"":""waksman_8x8_s4_w0_1.add"",""physical_PSE_role"":""upper"",""side"":""output"",""toward_parent_x"":true,""wire"":1,""xy"":[597.0,325.5]},{""access"":[293.0,314.5],""edge"":""stage:0:w3:waksman_8x8_s0_w2_3.drop->waksman_8x8_s1_w1_3.add:w3"",""endpoint"":""waksman_8x8_s1_w1_3.add"",""facing"":""E"",""logical_PSE_role"":""lower"",""parent_endpoint"":""waksman_8x8_s0_w2_3.drop"",""physical_PSE_role"":""lower"",""side"":""input"",""toward_parent_x"":false,""wire"":3,""xy"":[261.0,314.5]},{""access"":[549.0,314.5],""edge"":""stage:3:w3:waksman_8x8_s3_w1_3.drop->waksman_8x8_s4_w2_3.add:w3"",""endpoint"":""waksman_8x8_s3_w1_3.drop"",""facing"":""W"",""logical_PSE_role"":""lower"",""parent_endpoint"":""waksman_8x8_s4_w2_3.add"",""physical_PSE_role"":""lower"",""side"":""output"",""toward_parent_x"":false,""wire"":3,""xy"":[581.0,314.5]},{""access"":[381.0,250.5],""edge"":""stage:2:w5:waksman_8x8_s2_w1_5.drop->waksman_8x8_s4_w4_5.add:w5"",""endpoint"":""waksman_8x8_s2_w1_5.drop"",""facing"":""W"",""logical_PSE_role"":""lower"",""parent_endpoint"":""waksman_8x8_s4_w4_5.add"",""physical_PSE_role"":""lower"",""side"":""output"",""toward_parent_x"":false,""wire"":5,""xy"":[413.0,250.5]},{""access"":[381.0,133.5],""edge"":""output:waksman_8x8_s2_w3_7.drop->w7"",""endpoint"":""waksman_8x8_s2_w3_7.drop"",""facing"":""W"",""logical_PSE_role"":""lower"",""parent_endpoint"":""O7"",""physical_PSE_role"":""upper"",""side"":""output"",""toward_parent_x"":false,""wire"":7,""xy"":[413.0,133.5]},{""access"":[213.0,69.5],""edge"":""stage:0:w5:waksman_8x8_s0_w4_5.drop->waksman_8x8_s1_w5_7.in:w5"",""endpoint"":""waksman_8x8_s1_w5_7.in"",""facing"":""W"",""logical_PSE_role"":""upper"",""parent_endpoint"":""waksman_8x8_s0_w4_5.drop"",""physical_PSE_role"":""upper"",""side"":""input"",""toward_parent_x"":true,""wire"":5,""xy"":[245.0,69.5]},{""access"":[293.0,58.5],""edge"":""stage:0:w7:waksman_8x8_s0_w6_7.drop->waksman_8x8_s1_w5_7.add:w7"",""endpoint"":""waksman_8x8_s1_w5_7.add"",""facing"":""E"",""logical_PSE_role"":""lower"",""parent_endpoint"":""waksman_8x8_s0_w6_7.drop"",""physical_PSE_role"":""lower"",""side"":""input"",""toward_parent_x"":false,""wire"":7,""xy"":[261.0,58.5]}]}",1,1,1,0.0001452764990972355
root.L,4,"{""ordered_input_wires"":[1,3,5,7],""ordered_output_wires"":[1,3,5,7],""top_to_bottom"":[{""access"":[213.0,325.5],""edge"":""stage:0:w1:waksman_8x8_s0_w0_1.drop->waksman_8x8_s1_w1_3.in:w1"",""endpoint"":""waksman_8x8_s1_w1_3.in"",""facing"":""W"",""logical_PSE_role"":""upper"",""parent_endpoint"":""waksman_8x8_s0_w0_1.drop"",""physical_PSE_role"":""upper"",""side"":""input"",""toward_parent_x"":true,""wire"":1,""xy"":[245.0,325.5]},{""access"":[629.0,325.5],""edge"":""stage:3:w1:waksman_8x8_s3_w1_3.th->waksman_8x8_s4_w0_1.add:w1"",""endpoint"":""waksman_8x8_s3_w1_3.th"",""facing"":""E"",""logical_PSE_role"":""upper"",""parent_endpoint"":""waksman_8x8_s4_w0_1.add"",""physical_PSE_role"":""upper"",""side"":""output"",""toward_parent_x"":true,""wire"":1,""xy"":[597.0,325.5]},{""access"":[293.0,314.5],""edge"":""stage:0:w3:waksman_8x8_s0_w2_3.drop->waksman_8x8_s1_w1_3.add:w3"",""endpoint"":""waksman_8x8_s1_w1_3.add"",""facing"":""E"",""logical_PSE_role"":""lower"",""parent_endpoint"":""waksman_8x8_s0_w2_3.drop"",""physical_PSE_role"":""lower"",""side"":""input"",""toward_parent_x"":false,""wire"":3,""xy"":[261.0,314.5]},{""access"":[549.0,314.5],""edge"":""stage:3:w3:waksman_8x8_s3_w1_3.drop->waksman_8x8_s4_w2_3.add:w3"",""endpoint"":""waksman_8x8_s3_w1_3.drop"",""facing"":""W"",""logical_PSE_role"":""lower"",""parent_endpoint"":""waksman_8x8_s4_w2_3.add"",""physical_PSE_role"":""lower"",""side"":""output"",""toward_parent_x"":false,""wire"":3,""xy"":[581.0,314.5]},{""access"":[381.0,261.5],""edge"":""output:waksman_8x8_s2_w3_7.drop->w7"",""endpoint"":""waksman_8x8_s2_w3_7.drop"",""facing"":""W"",""logical_PSE_role"":""lower"",""parent_endpoint"":""O7"",""physical_PSE_role"":""upper"",""side"":""output"",""toward_parent_x"":false,""wire"":7,""xy"":[413.0,261.5]},{""access"":[381.0,122.5],""edge"":""stage:2:w5:waksman_8x8_s2_w1_5.drop->waksman_8x8_s4_w4_5.add:w5"",""endpoint"":""waksman_8x8_s2_w1_5.drop"",""facing"":""W"",""logical_PSE_role"":""lower"",""parent_endpoint"":""waksman_8x8_s4_w4_5.add"",""physical_PSE_role"":""lower"",""side"":""output"",""toward_parent_x"":false,""wire"":5,""xy"":[413.0,122.5]},{""access"":[213.0,69.5],""edge"":""stage:0:w5:waksman_8x8_s0_w4_5.drop->waksman_8x8_s1_w5_7.in:w5"",""endpoint"":""waksman_8x8_s1_w5_7.in"",""facing"":""W"",""logical_PSE_role"":""upper"",""parent_endpoint"":""waksman_8x8_s0_w4_5.drop"",""physical_PSE_role"":""upper"",""side"":""input"",""toward_parent_x"":true,""wire"":5,""xy"":[245.0,69.5]},{""access"":[293.0,58.5],""edge"":""stage:0:w7:waksman_8x8_s0_w6_7.drop->waksman_8x8_s1_w5_7.add:w7"",""endpoint"":""waksman_8x8_s1_w5_7.add"",""facing"":""E"",""logical_PSE_role"":""lower"",""parent_endpoint"":""waksman_8x8_s0_w6_7.drop"",""physical_PSE_role"":""lower"",""side"":""input"",""toward_parent_x"":false,""wire"":7,""xy"":[261.0,58.5]}]}",1,1,1,0.00014587493205908686
root.L,4,"{""ordered_input_wires"":[1,3,5,7],""ordered_output_wires"":[1,3,5,7],""top_to_bottom"":[{""access"":[293.0,325.5],""edge"":""stage:0:w7:waksman_8x8_s0_w6_7.drop->waksman_8x8_s1_w5_7.add:w7"",""endpoint"":""waksman_8x8_s1_w5_7.add"",""facing"":""E"",""logical_PSE_role"":""lower"",""parent_endpoint"":""waksman_8x8_s0_w6_7.drop"",""physical_PSE_role"":""upper"",""side"":""input"",""toward_parent_x"":false,""wire"":7,""xy"":[261.0,325.5]},{""access"":[213.0,314.5],""edge"":""stage:0:w5:waksman_8x8_s0_w4_5.drop->waksman_8x8_s1_w5_7.in:w5"",""endpoint"":""waksman_8x8_s1_w5_7.in"",""facing"":""W"",""logical_PSE_role"":""upper"",""parent_endpoint"":""waksman_8x8_s0_w4_5.drop"",""physical_PSE_role"":""lower"",""side"":""input"",""toward_parent_x"":true,""wire"":5,""xy"":[245.0,314.5]},{""access"":[381.0,250.5],""edge"":""output:waksman_8x8_s2_w3_7.drop->w7"",""endpoint"":""waksman_8x8_s2_w3_7.drop"",""facing"":""W"",""logical_PSE_role"":""lower"",""parent_endpoint"":""O7"",""physical_PSE_role"":""lower"",""side"":""output"",""toward_parent_x"":false,""wire"":7,""xy"":[413.0,250.5]},{""access"":[381.0,133.5],""edge"":""stage:2:w5:waksman_8x8_s2_w1_5.drop->waksman_8x8_s4_w4_5.add:w5"",""endpoint"":""waksman_8x8_s2_w1_5.drop"",""facing"":""W"",""logical_PSE_role"":""lower"",""parent_endpoint"":""waksman_8x8_s4_w4_5.add"",""physical_PSE_role"":""upper"",""side"":""output"",""toward_parent_x"":false,""wire"":5,""xy"":[413.0,133.5]},{""access"":[293.0,69.5],""edge"":""stage:0:w3:waksman_8x8_s0_w2_3.drop->waksman_8x8_s1_w1_3.add:w3"",""endpoint"":""waksman_8x8_s1_w1_3.add"",""facing"":""E"",""logical_PSE_role"":""lower"",""parent_endpoint"":""waksman_8x8_s0_w2_3.drop"",""physical_PSE_role"":""upper"",""side"":""input"",""toward_parent_x"":false,""wire"":3,""xy"":[261.0,69.5]},{""access"":[549.0,69.5],""edge"":""stage:3:w3:waksman_8x8_s3_w1_3.drop->waksman_8x8_s4_w2_3.add:w3"",""endpoint"":""waksman_8x8_s3_w1_3.drop"",""facing"":""W"",""logical_PSE_role"":""lower"",""parent_endpoint"":""waksman_8x8_s4_w2_3.add"",""physical_PSE_role"":""upper"",""side"":""output"",""toward_parent_x"":false,""wire"":3,""xy"":[581.0,69.5]},{""access"":[213.0,58.5],""edge"":""stage:0:w1:waksman_8x8_s0_w0_1.drop->waksman_8x8_s1_w1_3.in:w1"",""endpoint"":""waksman_8x8_s1_w1_3.in"",""facing"":""W"",""logical_PSE_role"":""upper"",""parent_endpoint"":""waksman_8x8_s0_w0_1.drop"",""physical_PSE_role"":""lower"",""side"":""input"",""toward_parent_x"":true,""wire"":1,""xy"":[245.0,58.5]},{""access"":[629.0,58.5],""edge"":""stage:3:w1:waksman_8x8_s3_w1_3.th->waksman_8x8_s4_w0_1.add:w1"",""endpoint"":""waksman_8x8_s3_w1_3.th"",""facing"":""E"",""logical_PSE_role"":""upper"",""parent_endpoint"":""waksman_8x8_s4_w0_1.add"",""physical_PSE_role"":""lower"",""side"":""output"",""toward_parent_x"":true,""wire"":1,""xy"":[597.0,58.5]}]}",1,1,1,0.00014650462253484875
root.L,4,"{""ordered_input_wires"":[1,3,5,7],""ordered_output_wires"":[1,3,5,7],""top_to_bottom"":[{""access"":[293.0,325.5],""edge"":""stage:0:w7:waksman_8x8_s0_w6_7.drop->waksman_8x8_s1_w5_7.add:w7"",""endpoint"":""waksman_8x8_s1_w5_7.add"",""facing"":""E"",""logical_PSE_role"":""lower"",""parent_endpoint"":""waksman_8x8_s0_w6_7.drop"",""physical_PSE_role"":""upper"",""side"":""input"",""toward_parent_x"":false,""wire"":7,""xy"":[261.0,325.5]},{""access"":[213.0,314.5],""edge"":""stage:0:w5:waksman_8x8_s0_w4_5.drop->waksman_8x8_s1_w5_7.in:w5"",""endpoint"":""waksman_8x8_s1_w5_7.in"",""facing"":""W"",""logical_PSE_role"":""upper"",""parent_endpoint"":""waksman_8x8_s0_w4_5.drop"",""physical_PSE_role"":""lower"",""side"":""input"",""toward_parent_x"":true,""wire"":5,""xy"":[245.0,314.5]},{""access"":[381.0,261.5],""edge"":""stage:2:w5:waksman_8x8_s2_w1_5.drop->waksman_8x8_s4_w4_5.add:w5"",""endpoint"":""waksman_8x8_s2_w1_5.drop"",""facing"":""W"",""logical_PSE_role"":""lower"",""parent_endpoint"":""waksman_8x8_s4_w4_5.add"",""physical_PSE_role"":""upper"",""side"":""output"",""toward_parent_x"":false,""wire"":5,""xy"":[413.0,261.5]},{""access"":[381.0,122.5],""edge"":""output:waksman_8x8_s2_w3_7.drop->w7"",""endpoint"":""waksman_8x8_s2_w3_7.drop"",""facing"":""W"",""logical_PSE_role"":""lower"",""parent_endpoint"":""O7"",""physical_PSE_role"":""lower"",""side"":""output"",""toward_parent_x"":false,""wire"":7,""xy"":[413.0,122.5]},{""access"":[293.0,69.5],""edge"":""stage:0:w3:waksman_8x8_s0_w2_3.drop->waksman_8x8_s1_w1_3.add:w3"",""endpoint"":""waksman_8x8_s1_w1_3.add"",""facing"":""E"",""logical_PSE_role"":""lower"",""parent_endpoint"":""waksman_8x8_s0_w2_3.drop"",""physical_PSE_role"":""upper"",""side"":""input"",""toward_parent_x"":false,""wire"":3,""xy"":[261.0,69.5]},{""access"":[549.0,69.5],""edge"":""stage:3:w3:waksman_8x8_s3_w1_3.drop->waksman_8x8_s4_w2_3.add:w3"",""endpoint"":""waksman_8x8_s3_w1_3.drop"",""facing"":""W"",""logical_PSE_role"":""lower"",""parent_endpoint"":""waksman_8x8_s4_w2_3.add"",""physical_PSE_role"":""upper"",""side"":""output"",""toward_parent_x"":false,""wire"":3,""xy"":[581.0,69.5]},{""access"":[213.0,58.5],""edge"":""stage:0:w1:waksman_8x8_s0_w0_1.drop->waksman_8x8_s1_w1_3.in:w1"",""endpoint"":""waksman_8x8_s1_w1_3.in"",""facing"":""W"",""logical_PSE_role"":""upper"",""parent_endpoint"":""waksman_8x8_s0_w0_1.drop"",""physical_PSE_role"":""lower"",""side"":""input"",""toward_parent_x"":true,""wire"":1,""xy"":[245.0,58.5]},{""access"":[629.0,58.5],""edge"":""stage:3:w1:waksman_8x8_s3_w1_3.th->waksman_8x8_s4_w0_1.add:w1"",""endpoint"":""waksman_8x8_s3_w1_3.th"",""facing"":""E"",""logical_PSE_role"":""upper"",""parent_endpoint"":""waksman_8x8_s4_w0_1.add"",""physical_PSE_role"":""lower"",""side"":""output"",""toward_parent_x"":true,""wire"":1,""xy"":[597.0,58.5]}]}",1,1,1,0.00014711986295878887
root.L,4,"{""ordered_input_wires"":[1,3,5,7],""ordered_output_wires"":[1,3,5,7],""top_to_bottom"":[{""access"":[213.0,325.5],""edge"":""stage:0:w1:waksman_8x8_s0_w0_1.drop->waksman_8x8_s1_w1_3.in:w1"",""endpoint"":""waksman_8x8_s1_w1_3.in"",""facing"":""W"",""logical_PSE_role"":""upper"",""parent_endpoint"":""waksman_8x8_s0_w0_1.drop"",""physical_PSE_role"":""upper"",""side"":""input"",""toward_parent_x"":true,""wire"":1,""xy"":[245.0,325.5]},{""access"":[629.0,325.5],""edge"":""stage:3:w1:waksman_8x8_s3_w1_3.th->waksman_8x8_s4_w0_1.add:w1"",""endpoint"":""waksman_8x8_s3_w1_3.th"",""facing"":""E"",""logical_PSE_role"":""upper"",""parent_endpoint"":""waksman_8x8_s4_w0_1.add"",""physical_PSE_role"":""upper"",""side"":""output"",""toward_parent_x"":true,""wire"":1,""xy"":[597.0,325.5]},{""access"":[293.0,314.5],""edge"":""stage:0:w3:waksman_8x8_s0_w2_3.drop->waksman_8x8_s1_w1_3.add:w3"",""endpoint"":""waksman_8x8_s1_w1_3.add"",""facing"":""E"",""logical_PSE_role"":""lower"",""parent_endpoint"":""waksman_8x8_s0_w2_3.drop"",""physical_PSE_role"":""lower"",""side"":""input"",""toward_parent_x"":false,""wire"":3,""xy"":[261.0,314.5]},{""access"":[549.0,314.5],""edge"":""stage:3:w3:waksman_8x8_s3_w1_3.drop->waksman_8x8_s4_w2_3.add:w3"",""endpoint"":""waksman_8x8_s3_w1_3.drop"",""facing"":""W"",""logical_PSE_role"":""lower"",""parent_endpoint"":""waksman_8x8_s4_w2_3.add"",""physical_PSE_role"":""lower"",""side"":""output"",""toward_parent_x"":false,""wire"":3,""xy"":[581.0,314.5]},{""access"":[381.0,261.5],""edge"":""stage:2:w5:waksman_8x8_s2_w1_5.drop->waksman_8x8_s4_w4_5.add:w5"",""endpoint"":""waksman_8x8_s2_w1_5.drop"",""facing"":""W"",""logical_PSE_role"":""lower"",""parent_endpoint"":""waksman_8x8_s4_w4_5.add"",""physical_PSE_role"":""upper"",""side"":""output"",""toward_parent_x"":false,""wire"":5,""xy"":[413.0,261.5]},{""access"":[381.0,122.5],""edge"":""output:waksman_8x8_s2_w3_7.drop->w7"",""endpoint"":""waksman_8x8_s2_w3_7.drop"",""facing"":""W"",""logical_PSE_role"":""lower"",""parent_endpoint"":""O7"",""physical_PSE_role"":""lower"",""side"":""output"",""toward_parent_x"":false,""wire"":7,""xy"":[413.0,122.5]},{""access"":[213.0,69.5],""edge"":""stage:0:w5:waksman_8x8_s0_w4_5.drop->waksman_8x8_s1_w5_7.in:w5"",""endpoint"":""waksman_8x8_s1_w5_7.in"",""facing"":""W"",""logical_PSE_role"":""upper"",""parent_endpoint"":""waksman_8x8_s0_w4_5.drop"",""physical_PSE_role"":""upper"",""side"":""input"",""toward_parent_x"":true,""wire"":5,""xy"":[245.0,69.5]},{""access"":[293.0,58.5],""edge"":""stage:0:w7:waksman_8x8_s0_w6_7.drop->waksman_8x8_s1_w5_7.add:w7"",""endpoint"":""waksman_8x8_s1_w5_7.add"",""facing"":""E"",""logical_PSE_role"":""lower"",""parent_endpoint"":""waksman_8x8_s0_w6_7.drop"",""physical_PSE_role"":""lower"",""side"":""input"",""toward_parent_x"":false,""wire"":7,""xy"":[261.0,58.5]}]}",1,1,1,0.00014773767907172441
root.L,4,"{""ordered_input_wires"":[1,3,5,7],""ordered_output_wires"":[1,3,5,7],""top_to_bottom"":[{""access"":[213.0,325.5],""edge"":""stage:0:w1:waksman_8x8_s0_w0_1.drop->waksman_8x8_s1_w1_3.in:w1"",""endpoint"":""waksman_8x8_s1_w1_3.in"",""facing"":""W"",""logical_PSE_role"":""upper"",""parent_endpoint"":""waksman_8x8_s0_w0_1.drop"",""physical_PSE_role"":""upper"",""side"":""input"",""toward_parent_x"":true,""wire"":1,""xy"":[245.0,325.5]},{""access"":[629.0,325.5],""edge"":""stage:3:w1:waksman_8x8_s3_w1_3.th->waksman_8x8_s4_w0_1.add:w1"",""endpoint"":""waksman_8x8_s3_w1_3.th"",""facing"":""E"",""logical_PSE_role"":""upper"",""parent_endpoint"":""waksman_8x8_s4_w0_1.add"",""physical_PSE_role"":""upper"",""side"":""output"",""toward_parent_x"":true,""wire"":1,""xy"":[597.0,325.5]},{""access"":[293.0,314.5],""edge"":""stage:0:w3:waksman_8x8_s0_w2_3.drop->waksman_8x8_s1_w1_3.add:w3"",""endpoint"":""waksman_8x8_s1_w1_3.add"",""facing"":""E"",""logical_PSE_role"":""lower"",""parent_endpoint"":""waksman_8x8_s0_w2_3.drop"",""physical_PSE_role"":""lower"",""side"":""input"",""toward_parent_x"":false,""wire"":3,""xy"":[261.0,314.5]},{""access"":[549.0,314.5],""edge"":""stage:3:w3:waksman_8x8_s3_w1_3.drop->waksman_8x8_s4_w2_3.add:w3"",""endpoint"":""waksman_8x8_s3_w1_3.drop"",""facing"":""W"",""logical_PSE_role"":""lower"",""parent_endpoint"":""waksman_8x8_s4_w2_3.add"",""physical_PSE_role"":""lower"",""side"":""output"",""toward_parent_x"":false,""wire"":3,""xy"":[581.0,314.5]},{""access"":[381.0,250.5],""edge"":""output:waksman_8x8_s2_w3_7.drop->w7"",""endpoint"":""waksman_8x8_s2_w3_7.drop"",""facing"":""W"",""logical_PSE_role"":""lower"",""parent_endpoint"":""O7"",""physical_PSE_role"":""lower"",""side"":""output"",""toward_parent_x"":false,""wire"":7,""xy"":[413.0,250.5]},{""access"":[381.0,133.5],""edge"":""stage:2:w5:waksman_8x8_s2_w1_5.drop->waksman_8x8_s4_w4_5.add:w5"",""endpoint"":""waksman_8x8_s2_w1_5.drop"",""facing"":""W"",""logical_PSE_role"":""lower"",""parent_endpoint"":""waksman_8x8_s4_w4_5.add"",""physical_PSE_role"":""upper"",""side"":""output"",""toward_parent_x"":false,""wire"":5,""xy"":[413.0,133.5]},{""access"":[213.0,69.5],""edge"":""stage:0:w5:waksman_8x8_s0_w4_5.drop->waksman_8x8_s1_w5_7.in:w5"",""endpoint"":""waksman_8x8_s1_w5_7.in"",""facing"":""W"",""logical_PSE_role"":""upper"",""parent_endpoint"":""waksman_8x8_s0_w4_5.drop"",""physical_PSE_role"":""upper"",""side"":""input"",""toward_parent_x"":true,""wire"":5,""xy"":[245.0,69.5]},{""access"":[293.0,58.5],""edge"":""stage:0:w7:waksman_8x8_s0_w6_7.drop->waksman_8x8_s1_w5_7.add:w7"",""endpoint"":""waksman_8x8_s1_w5_7.add"",""facing"":""E"",""logical_PSE_role"":""lower"",""parent_endpoint"":""waksman_8x8_s0_w6_7.drop"",""physical_PSE_role"":""lower"",""side"":""input"",""toward_parent_x"":false,""wire"":7,""xy"":[261.0,58.5]}]}",1,1,1,0.00014834862668067217
root.L,4,"{""ordered_input_wires"":[1,3,5,7],""ordered_output_wires"":[1,3,5,7],""top_to_bottom"":[{""access"":[293.0,325.5],""edge"":""stage:0:w7:waksman_8x8_s0_w6_7.drop->waksman_8x8_s1_w5_7.add:w7"",""endpoint"":""waksman_8x8_s1_w5_7.add"",""facing"":""E"",""logical_PSE_role"":""lower"",""parent_endpoint"":""waksman_8x8_s0_w6_7.drop"",""physical_PSE_role"":""upper"",""side"":""input"",""toward_parent_x"":false,""wire"":7,""xy"":[261.0,325.5]},{""access"":[213.0,314.5],""edge"":""stage:0:w5:waksman_8x8_s0_w4_5.drop->waksman_8x8_s1_w5_7.in:w5"",""endpoint"":""waksman_8x8_s1_w5_7.in"",""facing"":""W"",""logical_PSE_role"":""upper"",""parent_endpoint"":""waksman_8x8_s0_w4_5.drop"",""physical_PSE_role"":""lower"",""side"":""input"",""toward_parent_x"":true,""wire"":5,""xy"":[245.0,314.5]},{""access"":[381.0,261.5],""edge"":""output:waksman_8x8_s2_w3_7.drop->w7"",""endpoint"":""waksman_8x8_s2_w3_7.drop"",""facing"":""W"",""logical_PSE_role"":""lower"",""parent_endpoint"":""O7"",""physical_PSE_role"":""upper"",""side"":""output"",""toward_parent_x"":false,""wire"":7,""xy"":[413.0,261.5]},{""access"":[381.0,122.5],""edge"":""stage:2:w5:waksman_8x8_s2_w1_5.drop->waksman_8x8_s4_w4_5.add:w5"",""endpoint"":""waksman_8x8_s2_w1_5.drop"",""facing"":""W"",""logical_PSE_role"":""lower"",""parent_endpoint"":""waksman_8x8_s4_w4_5.add"",""physical_PSE_role"":""lower"",""side"":""output"",""toward_parent_x"":false,""wire"":5,""xy"":[413.0,122.5]},{""access"":[293.0,69.5],""edge"":""stage:0:w3:waksman_8x8_s0_w2_3.drop->waksman_8x8_s1_w1_3.add:w3"",""endpoint"":""waksman_8x8_s1_w1_3.add"",""facing"":""E"",""logical_PSE_role"":""lower"",""parent_endpoint"":""waksman_8x8_s0_w2_3.drop"",""physical_PSE_role"":""upper"",""side"":""input"",""toward_parent_x"":false,""wire"":3,""xy"":[261.0,69.5]},{""access"":[549.0,69.5],""edge"":""stage:3:w3:waksman_8x8_s3_w1_3.drop->waksman_8x8_s4_w2_3.add:w3"",""endpoint"":""waksman_8x8_s3_w1_3.drop"",""facing"":""W"",""logical_PSE_role"":""lower"",""parent_endpoint"":""waksman_8x8_s4_w2_3.add"",""physical_PSE_role"":""upper"",""side"":""output"",""toward_parent_x"":false,""wire"":3,""xy"":[581.0,69.5]},{""access"":[213.0,58.5],""edge"":""stage:0:w1:waksman_8x8_s0_w0_1.drop->waksman_8x8_s1_w1_3.in:w1"",""endpoint"":""waksman_8x8_s1_w1_3.in"",""facing"":""W"",""logical_PSE_role"":""upper"",""parent_endpoint"":""waksman_8x8_s0_w0_1.drop"",""physical_PSE_role"":""lower"",""side"":""input"",""toward_parent_x"":true,""wire"":1,""xy"":[245.0,58.5]},{""access"":[629.0,58.5],""edge"":""stage:3:w1:waksman_8x8_s3_w1_3.th->waksman_8x8_s4_w0_1.add:w1"",""endpoint"":""waksman_8x8_s3_w1_3.th"",""facing"":""E"",""logical_PSE_role"":""upper"",""parent_endpoint"":""waksman_8x8_s4_w0_1.add"",""physical_PSE_role"":""lower"",""side"":""output"",""toward_parent_x"":true,""wire"":1,""xy"":[597.0,58.5]}]}",1,1,1,0.00014896324137225747
root.L,4,"{""ordered_input_wires"":[1,3,5,7],""ordered_output_wires"":[1,3,5,7],""top_to_bottom"":[{""access"":[293.0,325.5],""edge"":""stage:0:w7:waksman_8x8_s0_w6_7.drop->waksman_8x8_s1_w5_7.add:w7"",""endpoint"":""waksman_8x8_s1_w5_7.add"",""facing"":""E"",""logical_PSE_role"":""lower"",""parent_endpoint"":""waksman_8x8_s0_w6_7.drop"",""physical_PSE_role"":""upper"",""side"":""input"",""toward_parent_x"":false,""wire"":7,""xy"":[261.0,325.5]},{""access"":[213.0,314.5],""edge"":""stage:0:w5:waksman_8x8_s0_w4_5.drop->waksman_8x8_s1_w5_7.in:w5"",""endpoint"":""waksman_8x8_s1_w5_7.in"",""facing"":""W"",""logical_PSE_role"":""upper"",""parent_endpoint"":""waksman_8x8_s0_w4_5.drop"",""physical_PSE_role"":""lower"",""side"":""input"",""toward_parent_x"":true,""wire"":5,""xy"":[245.0,314.5]},{""access"":[381.0,250.5],""edge"":""stage:2:w5:waksman_8x8_s2_w1_5.drop->waksman_8x8_s4_w4_5.add:w5"",""endpoint"":""waksman_8x8_s2_w1_5.drop"",""facing"":""W"",""logical_PSE_role"":""lower"",""parent_endpoint"":""waksman_8x8_s4_w4_5.add"",""physical_PSE_role"":""lower"",""side"":""output"",""toward_parent_x"":false,""wire"":5,""xy"":[413.0,250.5]},{""access"":[381.0,133.5],""edge"":""output:waksman_8x8_s2_w3_7.drop->w7"",""endpoint"":""waksman_8x8_s2_w3_7.drop"",""facing"":""W"",""logical_PSE_role"":""lower"",""parent_endpoint"":""O7"",""physical_PSE_role"":""upper"",""side"":""output"",""toward_parent_x"":false,""wire"":7,""xy"":[413.0,133.5]},{""access"":[293.0,69.5],""edge"":""stage:0:w3:waksman_8x8_s0_w2_3.drop->waksman_8x8_s1_w1_3.add:w3"",""endpoint"":""waksman_8x8_s1_w1_3.add"",""facing"":""E"",""logical_PSE_role"":""lower"",""parent_endpoint"":""waksman_8x8_s0_w2_3.drop"",""physical_PSE_role"":""upper"",""side"":""input"",""toward_parent_x"":false,""wire"":3,""xy"":[261.0,69.5]},{""access"":[549.0,69.5],""edge"":""stage:3:w3:waksman_8x8_s3_w1_3.drop->waksman_8x8_s4_w2_3.add:w3"",""endpoint"":""waksman_8x8_s3_w1_3.drop"",""facing"":""W"",""logical_PSE_role"":""lower"",""parent_endpoint"":""waksman_8x8_s4_w2_3.add"",""physical_PSE_role"":""upper"",""side"":""output"",""toward_parent_x"":false,""wire"":3,""xy"":[581.0,69.5]},{""access"":[213.0,58.5],""edge"":""stage:0:w1:waksman_8x8_s0_w0_1.drop->waksman_8x8_s1_w1_3.in:w1"",""endpoint"":""waksman_8x8_s1_w1_3.in"",""facing"":""W"",""logical_PSE_role"":""upper"",""parent_endpoint"":""waksman_8x8_s0_w0_1.drop"",""physical_PSE_role"":""lower"",""side"":""input"",""toward_parent_x"":true,""wire"":1,""xy"":[245.0,58.5]},{""access"":[629.0,58.5],""edge"":""stage:3:w1:waksman_8x8_s3_w1_3.th->waksman_8x8_s4_w0_1.add:w1"",""endpoint"":""waksman_8x8_s3_w1_3.th"",""facing"":""E"",""logical_PSE_role"":""upper"",""parent_endpoint"":""waksman_8x8_s4_w0_1.add"",""physical_PSE_role"":""lower"",""side"":""output"",""toward_parent_x"":true,""wire"":1,""xy"":[597.0,58.5]}]}",1,1,1,0.00014955856022424996
root.L,4,"{""ordered_input_wires"":[1,3,5,7],""ordered_output_wires"":[1,3,5,7],""top_to_bottom"":[{""access"":[213.0,325.5],""edge"":""stage:0:w1:waksman_8x8_s0_w0_1.drop->waksman_8x8_s1_w1_3.in:w1"",""endpoint"":""waksman_8x8_s1_w1_3.in"",""facing"":""W"",""logical_PSE_role"":""upper"",""parent_endpoint"":""waksman_8x8_s0_w0_1.drop"",""physical_PSE_role"":""upper"",""side"":""input"",""toward_parent_x"":true,""wire"":1,""xy"":[245.0,325.5]},{""access"":[629.0,325.5],""edge"":""stage:3:w1:waksman_8x8_s3_w1_3.th->waksman_8x8_s4_w0_1.add:w1"",""endpoint"":""waksman_8x8_s3_w1_3.th"",""facing"":""E"",""logical_PSE_role"":""upper"",""parent_endpoint"":""waksman_8x8_s4_w0_1.add"",""physical_PSE_role"":""upper"",""side"":""output"",""toward_parent_x"":true,""wire"":1,""xy"":[597.0,325.5]},{""access"":[293.0,314.5],""edge"":""stage:0:w3:waksman_8x8_s0_w2_3.drop->waksman_8x8_s1_w1_3.add:w3"",""endpoint"":""waksman_8x8_s1_w1_3.add"",""facing"":""E"",""logical_PSE_role"":""lower"",""parent_endpoint"":""waksman_8x8_s0_w2_3.drop"",""physical_PSE_role"":""lower"",""side"":""input"",""toward_parent_x"":false,""wire"":3,""xy"":[261.0,314.5]},{""access"":[549.0,314.5],""edge"":""stage:3:w3:waksman_8x8_s3_w1_3.drop->waksman_8x8_s4_w2_3.add:w3"",""endpoint"":""waksman_8x8_s3_w1_3.drop"",""facing"":""W"",""logical_PSE_role"":""lower"",""parent_endpoint"":""waksman_8x8_s4_w2_3.add"",""physical_PSE_role"":""lower"",""side"":""output"",""toward_parent_x"":false,""wire"":3,""xy"":[581.0,314.5]},{""access"":[381.0,261.5],""edge"":""stage:2:w5:waksman_8x8_s2_w1_5.drop->waksman_8x8_s4_w4_5.add:w5"",""endpoint"":""waksman_8x8_s2_w1_5.drop"",""facing"":""W"",""logical_PSE_role"":""lower"",""parent_endpoint"":""waksman_8x8_s4_w4_5.add"",""physical_PSE_role"":""upper"",""side"":""output"",""toward_parent_x"":false,""wire"":5,""xy"":[413.0,261.5]},{""access"":[381.0,133.5],""edge"":""output:waksman_8x8_s2_w3_7.drop->w7"",""endpoint"":""waksman_8x8_s2_w3_7.drop"",""facing"":""W"",""logical_PSE_role"":""lower"",""parent_endpoint"":""O7"",""physical_PSE_role"":""upper"",""side"":""output"",""toward_parent_x"":false,""wire"":7,""xy"":[413.0,133.5]},{""access"":[213.0,69.5],""edge"":""stage:0:w5:waksman_8x8_s0_w4_5.drop->waksman_8x8_s1_w5_7.in:w5"",""endpoint"":""waksman_8x8_s1_w5_7.in"",""facing"":""W"",""logical_PSE_role"":""upper"",""parent_endpoint"":""waksman_8x8_s0_w4_5.drop"",""physical_PSE_role"":""upper"",""side"":""input"",""toward_parent_x"":true,""wire"":5,""xy"":[245.0,69.5]},{""access"":[293.0,58.5],""edge"":""stage:0:w7:waksman_8x8_s0_w6_7.drop->waksman_8x8_s1_w5_7.add:w7"",""endpoint"":""waksman_8x8_s1_w5_7.add"",""facing"":""E"",""logical_PSE_role"":""lower"",""parent_endpoint"":""waksman_8x8_s0_w6_7.drop"",""physical_PSE_role"":""lower"",""side"":""input"",""toward_parent_x"":false,""wire"":7,""xy"":[261.0,58.5]}]}",1,1,1,0.0001501406222814694
root.L,4,"{""ordered_input_wires"":[1,3,5,7],""ordered_output_wires"":[1,3,5,7],""top_to_bottom"":[{""access"":[213.0,325.5],""edge"":""stage:0:w1:waksman_8x8_s0_w0_1.drop->waksman_8x8_s1_w1_3.in:w1"",""endpoint"":""waksman_8x8_s1_w1_3.in"",""facing"":""W"",""logical_PSE_role"":""upper"",""parent_endpoint"":""waksman_8x8_s0_w0_1.drop"",""physical_PSE_role"":""upper"",""side"":""input"",""toward_parent_x"":true,""wire"":1,""xy"":[245.0,325.5]},{""access"":[629.0,325.5],""edge"":""stage:3:w1:waksman_8x8_s3_w1_3.th->waksman_8x8_s4_w0_1.add:w1"",""endpoint"":""waksman_8x8_s3_w1_3.th"",""facing"":""E"",""logical_PSE_role"":""upper"",""parent_endpoint"":""waksman_8x8_s4_w0_1.add"",""physical_PSE_role"":""upper"",""side"":""output"",""toward_parent_x"":true,""wire"":1,""xy"":[597.0,325.5]},{""access"":[293.0,314.5],""edge"":""stage:0:w3:waksman_8x8_s0_w2_3.drop->waksman_8x8_s1_w1_3.add:w3"",""endpoint"":""waksman_8x8_s1_w1_3.add"",""facing"":""E"",""logical_PSE_role"":""lower"",""parent_endpoint"":""waksman_8x8_s0_w2_3.drop"",""physical_PSE_role"":""lower"",""side"":""input"",""toward_parent_x"":false,""wire"":3,""xy"":[261.0,314.5]},{""access"":[549.0,314.5],""edge"":""stage:3:w3:waksman_8x8_s3_w1_3.drop->waksman_8x8_s4_w2_3.add:w3"",""endpoint"":""waksman_8x8_s3_w1_3.drop"",""facing"":""W"",""logical_PSE_role"":""lower"",""parent_endpoint"":""waksman_8x8_s4_w2_3.add"",""physical_PSE_role"":""lower"",""side"":""output"",""toward_parent_x"":false,""wire"":3,""xy"":[581.0,314.5]},{""access"":[381.0,261.5],""edge"":""output:waksman_8x8_s2_w3_7.drop->w7"",""endpoint"":""waksman_8x8_s2_w3_7.drop"",""facing"":""W"",""logical_PSE_role"":""lower"",""parent_endpoint"":""O7"",""physical_PSE_role"":""upper"",""side"":""output"",""toward_parent_x"":false,""wire"":7,""xy"":[413.0,261.5]},{""access"":[381.0,133.5],""edge"":""stage:2:w5:waksman_8x8_s2_w1_5.drop->waksman_8x8_s4_w4_5.add:w5"",""endpoint"":""waksman_8x8_s2_w1_5.drop"",""facing"":""W"",""logical_PSE_role"":""lower"",""parent_endpoint"":""waksman_8x8_s4_w4_5.add"",""physical_PSE_role"":""upper"",""side"":""output"",""toward_parent_x"":false,""wire"":5,""xy"":[413.0,133.5]},{""access"":[213.0,69.5],""edge"":""stage:0:w5:waksman_8x8_s0_w4_5.drop->waksman_8x8_s1_w5_7.in:w5"",""endpoint"":""waksman_8x8_s1_w5_7.in"",""facing"":""W"",""logical_PSE_role"":""upper"",""parent_endpoint"":""waksman_8x8_s0_w4_5.drop"",""physical_PSE_role"":""upper"",""side"":""input"",""toward_parent_x"":true,""wire"":5,""xy"":[245.0,69.5]},{""access"":[293.0,58.5],""edge"":""stage:0:w7:waksman_8x8_s0_w6_7.drop->waksman_8x8_s1_w5_7.add:w7"",""endpoint"":""waksman_8x8_s1_w5_7.add"",""facing"":""E"",""logical_PSE_role"":""lower"",""parent_endpoint"":""waksman_8x8_s0_w6_7.drop"",""physical_PSE_role"":""lower"",""side"":""input"",""toward_parent_x"":false,""wire"":7,""xy"":[261.0,58.5]}]}",1,1,1,0.00015074905240908265
root.L,4,"{""ordered_input_wires"":[1,3,5,7],""ordered_output_wires"":[1,3,5,7],""top_to_bottom"":[{""access"":[293.0,325.5],""edge"":""stage:0:w7:waksman_8x8_s0_w6_7.drop->waksman_8x8_s1_w5_7.add:w7"",""endpoint"":""waksman_8x8_s1_w5_7.add"",""facing"":""E"",""logical_PSE_role"":""lower"",""parent_endpoint"":""waksman_8x8_s0_w6_7.drop"",""physical_PSE_role"":""upper"",""side"":""input"",""toward_parent_x"":false,""wire"":7,""xy"":[261.0,325.5]},{""access"":[213.0,314.5],""edge"":""stage:0:w5:waksman_8x8_s0_w4_5.drop->waksman_8x8_s1_w5_7.in:w5"",""endpoint"":""waksman_8x8_s1_w5_7.in"",""facing"":""W"",""logical_PSE_role"":""upper"",""parent_endpoint"":""waksman_8x8_s0_w4_5.drop"",""physical_PSE_role"":""lower"",""side"":""input"",""toward_parent_x"":true,""wire"":5,""xy"":[245.0,314.5]},{""access"":[381.0,250.5],""edge"":""output:waksman_8x8_s2_w3_7.drop->w7"",""endpoint"":""waksman_8x8_s2_w3_7.drop"",""facing"":""W"",""logical_PSE_role"":""lower"",""parent_endpoint"":""O7"",""physical_PSE_role"":""lower"",""side"":""output"",""toward_parent_x"":false,""wire"":7,""xy"":[413.0,250.5]},{""access"":[381.0,122.5],""edge"":""stage:2:w5:waksman_8x8_s2_w1_5.drop->waksman_8x8_s4_w4_5.add:w5"",""endpoint"":""waksman_8x8_s2_w1_5.drop"",""facing"":""W"",""logical_PSE_role"":""lower"",""parent_endpoint"":""waksman_8x8_s4_w4_5.add"",""physical_PSE_role"":""lower"",""side"":""output"",""toward_parent_x"":false,""wire"":5,""xy"":[413.0,122.5]},{""access"":[293.0,69.5],""edge"":""stage:0:w3:waksman_8x8_s0_w2_3.drop->waksman_8x8_s1_w1_3.add:w3"",""endpoint"":""waksman_8x8_s1_w1_3.add"",""facing"":""E"",""logical_PSE_role"":""lower"",""parent_endpoint"":""waksman_8x8_s0_w2_3.drop"",""physical_PSE_role"":""upper"",""side"":""input"",""toward_parent_x"":false,""wire"":3,""xy"":[261.0,69.5]},{""access"":[549.0,69.5],""edge"":""stage:3:w3:waksman_8x8_s3_w1_3.drop->waksman_8x8_s4_w2_3.add:w3"",""endpoint"":""waksman_8x8_s3_w1_3.drop"",""facing"":""W"",""logical_PSE_role"":""lower"",""parent_endpoint"":""waksman_8x8_s4_w2_3.add"",""physical_PSE_role"":""upper"",""side"":""output"",""toward_parent_x"":false,""wire"":3,""xy"":[581.0,69.5]},{""access"":[213.0,58.5],""edge"":""stage:0:w1:waksman_8x8_s0_w0_1.drop->waksman_8x8_s1_w1_3.in:w1"",""endpoint"":""waksman_8x8_s1_w1_3.in"",""facing"":""W"",""logical_PSE_role"":""upper"",""parent_endpoint"":""waksman_8x8_s0_w0_1.drop"",""physical_PSE_role"":""lower"",""side"":""input"",""toward_parent_x"":true,""wire"":1,""xy"":[245.0,58.5]},{""access"":[629.0,58.5],""edge"":""stage:3:w1:waksman_8x8_s3_w1_3.th->waksman_8x8_s4_w0_1.add:w1"",""endpoint"":""waksman_8x8_s3_w1_3.th"",""facing"":""E"",""logical_PSE_role"":""upper"",""parent_endpoint"":""waksman_8x8_s4_w0_1.add"",""physical_PSE_role"":""lower"",""side"":""output"",""toward_parent_x"":true,""wire"":1,""xy"":[597.0,58.5]}]}",1,1,1,0.00015134680143091828
root.L,4,"{""ordered_input_wires"":[1,3,5,7],""ordered_output_wires"":[1,3,5,7],""top_to_bottom"":[{""access"":[293.0,325.5],""edge"":""stage:0:w7:waksman_8x8_s0_w6_7.drop->waksman_8x8_s1_w5_7.add:w7"",""endpoint"":""waksman_8x8_s1_w5_7.add"",""facing"":""E"",""logical_PSE_role"":""lower"",""parent_endpoint"":""waksman_8x8_s0_w6_7.drop"",""physical_PSE_role"":""upper"",""side"":""input"",""toward_parent_x"":false,""wire"":7,""xy"":[261.0,325.5]},{""access"":[213.0,314.5],""edge"":""stage:0:w5:waksman_8x8_s0_w4_5.drop->waksman_8x8_s1_w5_7.in:w5"",""endpoint"":""waksman_8x8_s1_w5_7.in"",""facing"":""W"",""logical_PSE_role"":""upper"",""parent_endpoint"":""waksman_8x8_s0_w4_5.drop"",""physical_PSE_role"":""lower"",""side"":""input"",""toward_parent_x"":true,""wire"":5,""xy"":[245.0,314.5]},{""access"":[381.0,250.5],""edge"":""stage:2:w5:waksman_8x8_s2_w1_5.drop->waksman_8x8_s4_w4_5.add:w5"",""endpoint"":""waksman_8x8_s2_w1_5.drop"",""facing"":""W"",""logical_PSE_role"":""lower"",""parent_endpoint"":""waksman_8x8_s4_w4_5.add"",""physical_PSE_role"":""lower"",""side"":""output"",""toward_parent_x"":false,""wire"":5,""xy"":[413.0,250.5]},{""access"":[381.0,122.5],""edge"":""output:waksman_8x8_s2_w3_7.drop->w7"",""endpoint"":""waksman_8x8_s2_w3_7.drop"",""facing"":""W"",""logical_PSE_role"":""lower"",""parent_endpoint"":""O7"",""physical_PSE_role"":""lower"",""side"":""output"",""toward_parent_x"":false,""wire"":7,""xy"":[413.0,122.5]},{""access"":[293.0,69.5],""edge"":""stage:0:w3:waksman_8x8_s0_w2_3.drop->waksman_8x8_s1_w1_3.add:w3"",""endpoint"":""waksman_8x8_s1_w1_3.add"",""facing"":""E"",""logical_PSE_role"":""lower"",""parent_endpoint"":""waksman_8x8_s0_w2_3.drop"",""physical_PSE_role"":""upper"",""side"":""input"",""toward_parent_x"":false,""wire"":3,""xy"":[261.0,69.5]},{""access"":[549.0,69.5],""edge"":""stage:3:w3:waksman_8x8_s3_w1_3.drop->waksman_8x8_s4_w2_3.add:w3"",""endpoint"":""waksman_8x8_s3_w1_3.drop"",""facing"":""W"",""logical_PSE_role"":""lower"",""parent_endpoint"":""waksman_8x8_s4_w2_3.add"",""physical_PSE_role"":""upper"",""side"":""output"",""toward_parent_x"":false,""wire"":3,""xy"":[581.0,69.5]},{""access"":[213.0,58.5],""edge"":""stage:0:w1:waksman_8x8_s0_w0_1.drop->waksman_8x8_s1_w1_3.in:w1"",""endpoint"":""waksman_8x8_s1_w1_3.in"",""facing"":""W"",""logical_PSE_role"":""upper"",""parent_endpoint"":""waksman_8x8_s0_w0_1.drop"",""physical_PSE_role"":""lower"",""side"":""input"",""toward_parent_x"":true,""wire"":1,""xy"":[245.0,58.5]},{""access"":[629.0,58.5],""edge"":""stage:3:w1:waksman_8x8_s3_w1_3.th->waksman_8x8_s4_w0_1.add:w1"",""endpoint"":""waksman_8x8_s3_w1_3.th"",""facing"":""E"",""logical_PSE_role"":""upper"",""parent_endpoint"":""waksman_8x8_s4_w0_1.add"",""physical_PSE_role"":""lower"",""side"":""output"",""toward_parent_x"":true,""wire"":1,""xy"":[597.0,58.5]}]}",1,1,1,0.00015195149171631783
root,8,"{""ordered_input_wires"":[0,1,2,3,4,5,6,7],""ordered_output_wires"":[0,1,2,3,4,5,6,7],""top_to_bottom"":[{""access"":[45.0,421.5],""edge"":""input:w0->waksman_8x8_s0_w0_1.in"",""endpoint"":""waksman_8x8_s0_w0_1.in"",""facing"":""W"",""logical_PSE_role"":""upper"",""parent_endpoint"":""I0"",""physical_PSE_role"":""upper"",""side"":""input"",""toward_parent_x"":true,""wire"":0,""xy"":[77.0,421.5]},{""access"":[797.0,421.5],""edge"":""output:waksman_8x8_s4_w0_1.th->w0"",""endpoint"":""waksman_8x8_s4_w0_1.th"",""facing"":""E"",""logical_PSE_role"":""upper"",""parent_endpoint"":""O0"",""physical_PSE_role"":""upper"",""side"":""output"",""toward_parent_x"":true,""wire"":0,""xy"":[765.0,421.5]},{""access"":[125.0,410.5],""edge"":""input:w1->waksman_8x8_s0_w0_1.add"",""endpoint"":""waksman_8x8_s0_w0_1.add"",""facing"":""E"",""logical_PSE_role"":""lower"",""parent_endpoint"":""I1"",""physical_PSE_role"":""lower"",""side"":""input"",""toward_parent_x"":false,""wire"":1,""xy"":[93.0,410.5]},{""access"":[717.0,410.5],""edge"":""output:waksman_8x8_s4_w0_1.drop->w1"",""endpoint"":""waksman_8x8_s4_w0_1.drop"",""facing"":""W"",""logical_PSE_role"":""lower"",""parent_endpoint"":""O1"",""physical_PSE_role"":""lower"",""side"":""output"",""toward_parent_x"":false,""wire"":1,""xy"":[749.0,410.5]},{""access"":[45.0,293.5],""edge"":""input:w2->waksman_8x8_s0_w2_3.in"",""endpoint"":""waksman_8x8_s0_w2_3.in"",""facing"":""W"",""logical_PSE_role"":""upper"",""parent_endpoint"":""I2"",""physical_PSE_role"":""upper"",""side"":""input"",""toward_parent_x"":true,""wire"":2,""xy"":[77.0,293.5]},{""access"":[797.0,293.5],""edge"":""output:waksman_8x8_s4_w2_3.th->w2"",""endpoint"":""waksman_8x8_s4_w2_3.th"",""facing"":""E"",""logical_PSE_role"":""upper"",""parent_endpoint"":""O2"",""physical_PSE_role"":""upper"",""side"":""output"",""toward_parent_x"":true,""wire"":2,""xy"":[765.0,293.5]},{""access"":[125.0,282.5],""edge"":""input:w3->waksman_8x8_s0_w2_3.add"",""endpoint"":""waksman_8x8_s0_w2_3.add"",""facing"":""E"",""logical_PSE_role"":""lower"",""parent_endpoint"":""I3"",""physical_PSE_role"":""lower"",""side"":""input"",""toward_parent_x"":false,""wire"":3,""xy"":[93.0,282.5]},{""access"":[717.0,282.5],""edge"":""output:waksman_8x8_s4_w2_3.drop->w3"",""endpoint"":""waksman_8x8_s4_w2_3.drop"",""facing"":""W"",""logical_PSE_role"":""lower"",""parent_endpoint"":""O3"",""physical_PSE_role"":""lower"",""side"":""output"",""toward_parent_x"":false,""wire"":3,""xy"":[749.0,282.5]},{""access"":[381.0,186.5],""edge"":""output:waksman_8x8_s2_w2_6.drop->w6"",""endpoint"":""waksman_8x8_s2_w2_6.drop"",""facing"":""W"",""logical_PSE_role"":""lower"",""parent_endpoint"":""O6"",""physical_PSE_role"":""lower"",""side"":""output"",""toward_parent_x"":false,""wire"":6,""xy"":[413.0,186.5]},{""access"":[45.0,165.5],""edge"":""input:w4->waksman_8x8_s0_w4_5.in"",""endpoint"":""waksman_8x8_s0_w4_5.in"",""facing"":""W"",""logical_PSE_role"":""upper"",""parent_endpoint"":""I4"",""physical_PSE_role"":""upper"",""side"":""input"",""toward_parent_x"":true,""wire"":4,""xy"":[77.0,165.5]},{""access"":[797.0,165.5],""edge"":""output:waksman_8x8_s4_w4_5.th->w4"",""endpoint"":""waksman_8x8_s4_w4_5.th"",""facing"":""E"",""logical_PSE_role"":""upper"",""parent_endpoint"":""O4"",""physical_PSE_role"":""upper"",""side"":""output"",""toward_parent_x"":true,""wire"":4,""xy"":[765.0,165.5]},{""access"":[125.0,154.5],""edge"":""input:w5->waksman_8x8_s0_w4_5.add"",""endpoint"":""waksman_8x8_s0_w4_5.add"",""facing"":""E"",""logical_PSE_role"":""lower"",""parent_endpoint"":""I5"",""physical_PSE_role"":""lower"",""side"":""input"",""toward_parent_x"":false,""wire"":5,""xy"":[93.0,154.5]},{""access"":[717.0,154.5],""edge"":""output:waksman_8x8_s4_w4_5.drop->w5"",""endpoint"":""waksman_8x8_s4_w4_5.drop"",""facing"":""W"",""logical_PSE_role"":""lower"",""parent_endpoint"":""O5"",""physical_PSE_role"":""lower"",""side"":""output"",""toward_parent_x"":false,""wire"":5,""xy"":[749.0,154.5]},{""access"":[381.0,122.5],""edge"":""output:waksman_8x8_s2_w3_7.drop->w7"",""endpoint"":""waksman_8x8_s2_w3_7.drop"",""facing"":""W"",""logical_PSE_role"":""lower"",""parent_endpoint"":""O7"",""physical_PSE_role"":""lower"",""side"":""output"",""toward_parent_x"":false,""wire"":7,""xy"":[413.0,122.5]},{""access"":[45.0,37.5],""edge"":""input:w6->waksman_8x8_s0_w6_7.in"",""endpoint"":""waksman_8x8_s0_w6_7.in"",""facing"":""W"",""logical_PSE_role"":""upper"",""parent_endpoint"":""I6"",""physical_PSE_role"":""upper"",""side"":""input"",""toward_parent_x"":true,""wire"":6,""xy"":[77.0,37.5]},{""access"":[125.0,26.5],""edge"":""input:w7->waksman_8x8_s0_w6_7.add"",""endpoint"":""waksman_8x8_s0_w6_7.add"",""facing"":""E"",""logical_PSE_role"":""lower"",""parent_endpoint"":""I7"",""physical_PSE_role"":""lower"",""side"":""input"",""toward_parent_x"":false,""wire"":7,""xy"":[93.0,26.5]}]}",16,9,9,0.00605068560980726
root,8,"{""ordered_input_wires"":[0,1,2,3,4,5,6,7],""ordered_output_wires"":[0,1,2,3,4,5,6,7],""top_to_bottom"":[{""access"":[45.0,421.5],""edge"":""input:w0->waksman_8x8_s0_w0_1.in"",""endpoint"":""waksman_8x8_s0_w0_1.in"",""facing"":""W"",""logical_PSE_role"":""upper"",""parent_endpoint"":""I0"",""physical_PSE_role"":""upper"",""side"":""input"",""toward_parent_x"":true,""wire"":0,""xy"":[77.0,421.5]},{""access"":[797.0,421.5],""edge"":""output:waksman_8x8_s4_w0_1.th->w0"",""endpoint"":""waksman_8x8_s4_w0_1.th"",""facing"":""E"",""logical_PSE_role"":""upper"",""parent_endpoint"":""O0"",""physical_PSE_role"":""upper"",""side"":""output"",""toward_parent_x"":true,""wire"":0,""xy"":[765.0,421.5]},{""access"":[125.0,410.5],""edge"":""input:w1->waksman_8x8_s0_w0_1.add"",""endpoint"":""waksman_8x8_s0_w0_1.add"",""facing"":""E"",""logical_PSE_role"":""lower"",""parent_endpoint"":""I1"",""physical_PSE_role"":""lower"",""side"":""input"",""toward_parent_x"":false,""wire"":1,""xy"":[93.0,410.5]},{""access"":[717.0,410.5],""edge"":""output:waksman_8x8_s4_w0_1.drop->w1"",""endpoint"":""waksman_8x8_s4_w0_1.drop"",""facing"":""W"",""logical_PSE_role"":""lower"",""parent_endpoint"":""O1"",""physical_PSE_role"":""lower"",""side"":""output"",""toward_parent_x"":false,""wire"":1,""xy"":[749.0,410.5]},{""access"":[45.0,293.5],""edge"":""input:w2->waksman_8x8_s0_w2_3.in"",""endpoint"":""waksman_8x8_s0_w2_3.in"",""facing"":""W"",""logical_PSE_role"":""upper"",""parent_endpoint"":""I2"",""physical_PSE_role"":""upper"",""side"":""input"",""toward_parent_x"":true,""wire"":2,""xy"":[77.0,293.5]},{""access"":[797.0,293.5],""edge"":""output:waksman_8x8_s4_w2_3.th->w2"",""endpoint"":""waksman_8x8_s4_w2_3.th"",""facing"":""E"",""logical_PSE_role"":""upper"",""parent_endpoint"":""O2"",""physical_PSE_role"":""upper"",""side"":""output"",""toward_parent_x"":true,""wire"":2,""xy"":[765.0,293.5]},{""access"":[125.0,282.5],""edge"":""input:w3->waksman_8x8_s0_w2_3.add"",""endpoint"":""waksman_8x8_s0_w2_3.add"",""facing"":""E"",""logical_PSE_role"":""lower"",""parent_endpoint"":""I3"",""physical_PSE_role"":""lower"",""side"":""input"",""toward_parent_x"":false,""wire"":3,""xy"":[93.0,282.5]},{""access"":[717.0,282.5],""edge"":""output:waksman_8x8_s4_w2_3.drop->w3"",""endpoint"":""waksman_8x8_s4_w2_3.drop"",""facing"":""W"",""logical_PSE_role"":""lower"",""parent_endpoint"":""O3"",""physical_PSE_role"":""lower"",""side"":""output"",""toward_parent_x"":false,""wire"":3,""xy"":[749.0,282.5]},{""access"":[381.0,186.5],""edge"":""output:waksman_8x8_s2_w3_7.drop->w7"",""endpoint"":""waksman_8x8_s2_w3_7.drop"",""facing"":""W"",""logical_PSE_role"":""lower"",""parent_endpoint"":""O7"",""physical_PSE_role"":""lower"",""side"":""output"",""toward_parent_x"":false,""wire"":7,""xy"":[413.0,186.5]},{""access"":[45.0,165.5],""edge"":""input:w4->waksman_8x8_s0_w4_5.in"",""endpoint"":""waksman_8x8_s0_w4_5.in"",""facing"":""W"",""logical_PSE_role"":""upper"",""parent_endpoint"":""I4"",""physical_PSE_role"":""upper"",""side"":""input"",""toward_parent_x"":true,""wire"":4,""xy"":[77.0,165.5]},{""access"":[797.0,165.5],""edge"":""output:waksman_8x8_s4_w4_5.th->w4"",""endpoint"":""waksman_8x8_s4_w4_5.th"",""facing"":""E"",""logical_PSE_role"":""upper"",""parent_endpoint"":""O4"",""physical_PSE_role"":""upper"",""side"":""output"",""toward_parent_x"":true,""wire"":4,""xy"":[765.0,165.5]},{""access"":[125.0,154.5],""edge"":""input:w5->waksman_8x8_s0_w4_5.add"",""endpoint"":""waksman_8x8_s0_w4_5.add"",""facing"":""E"",""logical_PSE_role"":""lower"",""parent_endpoint"":""I5"",""physical_PSE_role"":""lower"",""side"":""input"",""toward_parent_x"":false,""wire"":5,""xy"":[93.0,154.5]},{""access"":[717.0,154.5],""edge"":""output:waksman_8x8_s4_w4_5.drop->w5"",""endpoint"":""waksman_8x8_s4_w4_5.drop"",""facing"":""W"",""logical_PSE_role"":""lower"",""parent_endpoint"":""O5"",""physical_PSE_role"":""lower"",""side"":""output"",""toward_parent_x"":false,""wire"":5,""xy"":[749.0,154.5]},{""access"":[381.0,122.5],""edge"":""output:waksman_8x8_s2_w2_6.drop->w6"",""endpoint"":""waksman_8x8_s2_w2_6.drop"",""facing"":""W"",""logical_PSE_role"":""lower"",""parent_endpoint"":""O6"",""physical_PSE_role"":""lower"",""side"":""output"",""toward_parent_x"":false,""wire"":6,""xy"":[413.0,122.5]},{""access"":[45.0,37.5],""edge"":""input:w6->waksman_8x8_s0_w6_7.in"",""endpoint"":""waksman_8x8_s0_w6_7.in"",""facing"":""W"",""logical_PSE_role"":""upper"",""parent_endpoint"":""I6"",""physical_PSE_role"":""upper"",""side"":""input"",""toward_parent_x"":true,""wire"":6,""xy"":[77.0,37.5]},{""access"":[125.0,26.5],""edge"":""input:w7->waksman_8x8_s0_w6_7.add"",""endpoint"":""waksman_8x8_s0_w6_7.add"",""facing"":""E"",""logical_PSE_role"":""lower"",""parent_endpoint"":""I7"",""physical_PSE_role"":""lower"",""side"":""input"",""toward_parent_x"":false,""wire"":7,""xy"":[93.0,26.5]}]}",16,9,9,0.00605285603160155
root,8,"{""ordered_input_wires"":[0,1,2,3,4,5,6,7],""ordered_output_wires"":[0,1,2,3,4,5,6,7],""top_to_bottom"":[{""access"":[125.0,421.5],""edge"":""input:w7->waksman_8x8_s0_w6_7.add"",""endpoint"":""waksman_8x8_s0_w6_7.add"",""facing"":""E"",""logical_PSE_role"":""lower"",""parent_endpoint"":""I7"",""physical_PSE_role"":""upper"",""side"":""input"",""toward_parent_x"":false,""wire"":7,""xy"":[93.0,421.5]},{""access"":[45.0,410.5],""edge"":""input:w6->waksman_8x8_s0_w6_7.in"",""endpoint"":""waksman_8x8_s0_w6_7.in"",""facing"":""W"",""logical_PSE_role"":""upper"",""parent_endpoint"":""I6"",""physical_PSE_role"":""lower"",""side"":""input"",""toward_parent_x"":true,""wire"":6,""xy"":[77.0,410.5]},{""access"":[381.0,325.5],""edge"":""output:waksman_8x8_s2_w3_7.drop->w7"",""endpoint"":""waksman_8x8_s2_w3_7.drop"",""facing"":""W"",""logical_PSE_role"":""lower"",""parent_endpoint"":""O7"",""physical_PSE_role"":""upper"",""side"":""output"",""toward_parent_x"":false,""wire"":7,""xy"":[413.0,325.5]},{""access"":[125.0,293.5],""edge"":""input:w5->waksman_8x8_s0_w4_5.add"",""endpoint"":""waksman_8x8_s0_w4_5.add"",""facing"":""E"",""logical_PSE_role"":""lower"",""parent_endpoint"":""I5"",""physical_PSE_role"":""upper"",""side"":""input"",""toward_parent_x"":false,""wire"":5,""xy"":[93.0,293.5]},{""access"":[717.0,293.5],""edge"":""output:waksman_8x8_s4_w4_5.drop->w5"",""endpoint"":""waksman_8x8_s4_w4_5.drop"",""facing"":""W"",""logical_PSE_role"":""lower"",""parent_endpoint"":""O5"",""physical_PSE_role"":""upper"",""side"":""output"",""toward_parent_x"":false,""wire"":5,""xy"":[749.0,293.5]},{""access"":[45.0,282.5],""edge"":""input:w4->waksman_8x8_s0_w4_5.in"",""endpoint"":""waksman_8x8_s0_w4_5.in"",""facing"":""W"",""logical_PSE_role"":""upper"",""parent_endpoint"":""I4"",""physical_PSE_role"":""lower"",""side"":""input"",""toward_parent_x"":true,""wire"":4,""xy"":[77.0,282.5]},{""access"":[797.0,282.5],""edge"":""output:waksman_8x8_s4_w4_5.th->w4"",""endpoint"":""waksman_8x8_s4_w4_5.th"",""facing"":""E"",""logical_PSE_role"":""upper"",""parent_endpoint"":""O4"",""physical_PSE_role"":""lower"",""side"":""output"",""toward_parent_x"":true,""wire"":4,""xy"":[765.0,282.5]},{""access"":[381.0,261.5],""edge"":""output:waksman_8x8_s2_w2_6.drop->w6"",""endpoint"":""waksman_8x8_s2_w2_6.drop"",""facing"":""W"",""logical_PSE_role"":""lower"",""parent_endpoint"":""O6"",""physical_PSE_role"":""upper"",""side"":""output"",""toward_parent_x"":false,""wire"":6,""xy"":[413.0,261.5]},{""access"":[125.0,165.5],""edge"":""input:w3->waksman_8x8_s0_w2_3.add"",""endpoint"":""waksman_8x8_s0_w2_3.add"",""facing"":""E"",""logical_PSE_role"":""lower"",""parent_endpoint"":""I3"",""physical_PSE_role"":""upper"",""side"":""input"",""toward_parent_x"":false,""wire"":3,""xy"":[93.0,165.5]},{""access"":[717.0,165.5],""edge"":""output:waksman_8x8_s4_w2_3.drop->w3"",""endpoint"":""waksman_8x8_s4_w2_3.drop"",""facing"":""W"",""logical_PSE_role"":""lower"",""parent_endpoint"":""O3"",""physical_PSE_role"":""upper"",""side"":""output"",""toward_parent_x"":false,""wire"":3,""xy"":[749.0,165.5]},{""access"":[45.0,154.5],""edge"":""input:w2->waksman_8x8_s0_w2_3.in"",""endpoint"":""waksman_8x8_s0_w2_3.in"",""facing"":""W"",""logical_PSE_role"":""upper"",""parent_endpoint"":""I2"",""physical_PSE_role"":""lower"",""side"":""input"",""toward_parent_x"":true,""wire"":2,""xy"":[77.0,154.5]},{""access"":[797.0,154.5],""edge"":""output:waksman_8x8_s4_w2_3.th->w2"",""endpoint"":""waksman_8x8_s4_w2_3.th"",""facing"":""E"",""logical_PSE_role"":""upper"",""parent_endpoint"":""O2"",""physical_PSE_role"":""lower"",""side"":""output"",""toward_parent_x"":true,""wire"":2,""xy"":[765.0,154.5]},{""access"":[125.0,37.5],""edge"":""input:w1->waksman_8x8_s0_w0_1.add"",""endpoint"":""waksman_8x8_s0_w0_1.add"",""facing"":""E"",""logical_PSE_role"":""lower"",""parent_endpoint"":""I1"",""physical_PSE_role"":""upper"",""side"":""input"",""toward_parent_x"":false,""wire"":1,""xy"":[93.0,37.5]},{""access"":[717.0,37.5],""edge"":""output:waksman_8x8_s4_w0_1.drop->w1"",""endpoint"":""waksman_8x8_s4_w0_1.drop"",""facing"":""W"",""logical_PSE_role"":""lower"",""parent_endpoint"":""O1"",""physical_PSE_role"":""upper"",""side"":""output"",""toward_parent_x"":false,""wire"":1,""xy"":[749.0,37.5]},{""access"":[45.0,26.5],""edge"":""input:w0->waksman_8x8_s0_w0_1.in"",""endpoint"":""waksman_8x8_s0_w0_1.in"",""facing"":""W"",""logical_PSE_role"":""upper"",""parent_endpoint"":""I0"",""physical_PSE_role"":""lower"",""side"":""input"",""toward_parent_x"":true,""wire"":0,""xy"":[77.0,26.5]},{""access"":[797.0,26.5],""edge"":""output:waksman_8x8_s4_w0_1.th->w0"",""endpoint"":""waksman_8x8_s4_w0_1.th"",""facing"":""E"",""logical_PSE_role"":""upper"",""parent_endpoint"":""O0"",""physical_PSE_role"":""lower"",""side"":""output"",""toward_parent_x"":true,""wire"":0,""xy"":[765.0,26.5]}]}",16,9,9,0.006054848217900144
root,8,"{""ordered_input_wires"":[0,1,2,3,4,5,6,7],""ordered_output_wires"":[0,1,2,3,4,5,6,7],""top_to_bottom"":[{""access"":[125.0,421.5],""edge"":""input:w7->waksman_8x8_s0_w6_7.add"",""endpoint"":""waksman_8x8_s0_w6_7.add"",""facing"":""E"",""logical_PSE_role"":""lower"",""parent_endpoint"":""I7"",""physical_PSE_role"":""upper"",""side"":""input"",""toward_parent_x"":false,""wire"":7,""xy"":[93.0,421.5]},{""access"":[45.0,410.5],""edge"":""input:w6->waksman_8x8_s0_w6_7.in"",""endpoint"":""waksman_8x8_s0_w6_7.in"",""facing"":""W"",""logical_PSE_role"":""upper"",""parent_endpoint"":""I6"",""physical_PSE_role"":""lower"",""side"":""input"",""toward_parent_x"":true,""wire"":6,""xy"":[77.0,410.5]},{""access"":[381.0,325.5],""edge"":""output:waksman_8x8_s2_w2_6.drop->w6"",""endpoint"":""waksman_8x8_s2_w2_6.drop"",""facing"":""W"",""logical_PSE_role"":""lower"",""parent_endpoint"":""O6"",""physical_PSE_role"":""upper"",""side"":""output"",""toward_parent_x"":false,""wire"":6,""xy"":[413.0,325.5]},{""access"":[125.0,293.5],""edge"":""input:w5->waksman_8x8_s0_w4_5.add"",""endpoint"":""waksman_8x8_s0_w4_5.add"",""facing"":""E"",""logical_PSE_role"":""lower"",""parent_endpoint"":""I5"",""physical_PSE_role"":""upper"",""side"":""input"",""toward_parent_x"":false,""wire"":5,""xy"":[93.0,293.5]},{""access"":[717.0,293.5],""edge"":""output:waksman_8x8_s4_w4_5.drop->w5"",""endpoint"":""waksman_8x8_s4_w4_5.drop"",""facing"":""W"",""logical_PSE_role"":""lower"",""parent_endpoint"":""O5"",""physical_PSE_role"":""upper"",""side"":""output"",""toward_parent_x"":false,""wire"":5,""xy"":[749.0,293.5]},{""access"":[45.0,282.5],""edge"":""input:w4->waksman_8x8_s0_w4_5.in"",""endpoint"":""waksman_8x8_s0_w4_5.in"",""facing"":""W"",""logical_PSE_role"":""upper"",""parent_endpoint"":""I4"",""physical_PSE_role"":""lower"",""side"":""input"",""toward_parent_x"":true,""wire"":4,""xy"":[77.0,282.5]},{""access"":[797.0,282.5],""edge"":""output:waksman_8x8_s4_w4_5.th->w4"",""endpoint"":""waksman_8x8_s4_w4_5.th"",""facing"":""E"",""logical_PSE_role"":""upper"",""parent_endpoint"":""O4"",""physical_PSE_role"":""lower"",""side"":""output"",""toward_parent_x"":true,""wire"":4,""xy"":[765.0,282.5]},{""access"":[381.0,261.5],""edge"":""output:waksman_8x8_s2_w3_7.drop->w7"",""endpoint"":""waksman_8x8_s2_w3_7.drop"",""facing"":""W"",""logical_PSE_role"":""lower"",""parent_endpoint"":""O7"",""physical_PSE_role"":""upper"",""side"":""output"",""toward_parent_x"":false,""wire"":7,""xy"":[413.0,261.5]},{""access"":[125.0,165.5],""edge"":""input:w3->waksman_8x8_s0_w2_3.add"",""endpoint"":""waksman_8x8_s0_w2_3.add"",""facing"":""E"",""logical_PSE_role"":""lower"",""parent_endpoint"":""I3"",""physical_PSE_role"":""upper"",""side"":""input"",""toward_parent_x"":false,""wire"":3,""xy"":[93.0,165.5]},{""access"":[717.0,165.5],""edge"":""output:waksman_8x8_s4_w2_3.drop->w3"",""endpoint"":""waksman_8x8_s4_w2_3.drop"",""facing"":""W"",""logical_PSE_role"":""lower"",""parent_endpoint"":""O3"",""physical_PSE_role"":""upper"",""side"":""output"",""toward_parent_x"":false,""wire"":3,""xy"":[749.0,165.5]},{""access"":[45.0,154.5],""edge"":""input:w2->waksman_8x8_s0_w2_3.in"",""endpoint"":""waksman_8x8_s0_w2_3.in"",""facing"":""W"",""logical_PSE_role"":""upper"",""parent_endpoint"":""I2"",""physical_PSE_role"":""lower"",""side"":""input"",""toward_parent_x"":true,""wire"":2,""xy"":[77.0,154.5]},{""access"":[797.0,154.5],""edge"":""output:waksman_8x8_s4_w2_3.th->w2"",""endpoint"":""waksman_8x8_s4_w2_3.th"",""facing"":""E"",""logical_PSE_role"":""upper"",""parent_endpoint"":""O2"",""physical_PSE_role"":""lower"",""side"":""output"",""toward_parent_x"":true,""wire"":2,""xy"":[765.0,154.5]},{""access"":[125.0,37.5],""edge"":""input:w1->waksman_8x8_s0_w0_1.add"",""endpoint"":""waksman_8x8_s0_w0_1.add"",""facing"":""E"",""logical_PSE_role"":""lower"",""parent_endpoint"":""I1"",""physical_PSE_role"":""upper"",""side"":""input"",""toward_parent_x"":false,""wire"":1,""xy"":[93.0,37.5]},{""access"":[717.0,37.5],""edge"":""output:waksman_8x8_s4_w0_1.drop->w1"",""endpoint"":""waksman_8x8_s4_w0_1.drop"",""facing"":""W"",""logical_PSE_role"":""lower"",""parent_endpoint"":""O1"",""physical_PSE_role"":""upper"",""side"":""output"",""toward_parent_x"":false,""wire"":1,""xy"":[749.0,37.5]},{""access"":[45.0,26.5],""edge"":""input:w0->waksman_8x8_s0_w0_1.in"",""endpoint"":""waksman_8x8_s0_w0_1.in"",""facing"":""W"",""logical_PSE_role"":""upper"",""parent_endpoint"":""I0"",""physical_PSE_role"":""lower"",""side"":""input"",""toward_parent_x"":true,""wire"":0,""xy"":[77.0,26.5]},{""access"":[797.0,26.5],""edge"":""output:waksman_8x8_s4_w0_1.th->w0"",""endpoint"":""waksman_8x8_s4_w0_1.th"",""facing"":""E"",""logical_PSE_role"":""upper"",""parent_endpoint"":""O0"",""physical_PSE_role"":""lower"",""side"":""output"",""toward_parent_x"":true,""wire"":0,""xy"":[765.0,26.5]}]}",16,9,9,0.006056826314306818
root,8,"{""ordered_input_wires"":[0,1,2,3,4,5,6,7],""ordered_output_wires"":[0,1,2,3,4,5,6,7],""top_to_bottom"":[{""access"":[45.0,421.5],""edge"":""input:w0->waksman_8x8_s0_w0_1.in"",""endpoint"":""waksman_8x8_s0_w0_1.in"",""facing"":""W"",""logical_PSE_role"":""upper"",""parent_endpoint"":""I0"",""physical_PSE_role"":""upper"",""side"":""input"",""toward_parent_x"":true,""wire"":0,""xy"":[77.0,421.5]},{""access"":[797.0,421.5],""edge"":""output:waksman_8x8_s4_w0_1.th->w0"",""endpoint"":""waksman_8x8_s4_w0_1.th"",""facing"":""E"",""logical_PSE_role"":""upper"",""parent_endpoint"":""O0"",""physical_PSE_role"":""upper"",""side"":""output"",""toward_parent_x"":true,""wire"":0,""xy"":[765.0,421.5]},{""access"":[125.0,410.5],""edge"":""input:w1->waksman_8x8_s0_w0_1.add"",""endpoint"":""waksman_8x8_s0_w0_1.add"",""facing"":""E"",""logical_PSE_role"":""lower"",""parent_endpoint"":""I1"",""physical_PSE_role"":""lower"",""side"":""input"",""toward_parent_x"":false,""wire"":1,""xy"":[93.0,410.5]},{""access"":[717.0,410.5],""edge"":""output:waksman_8x8_s4_w0_1.drop->w1"",""endpoint"":""waksman_8x8_s4_w0_1.drop"",""facing"":""W"",""logical_PSE_role"":""lower"",""parent_endpoint"":""O1"",""physical_PSE_role"":""lower"",""side"":""output"",""toward_parent_x"":false,""wire"":1,""xy"":[749.0,410.5]},{""access"":[45.0,293.5],""edge"":""input:w2->waksman_8x8_s0_w2_3.in"",""endpoint"":""waksman_8x8_s0_w2_3.in"",""facing"":""W"",""logical_PSE_role"":""upper"",""parent_endpoint"":""I2"",""physical_PSE_role"":""upper"",""side"":""input"",""toward_parent_x"":true,""wire"":2,""xy"":[77.0,293.5]},{""access"":[797.0,293.5],""edge"":""output:waksman_8x8_s4_w2_3.th->w2"",""endpoint"":""waksman_8x8_s4_w2_3.th"",""facing"":""E"",""logical_PSE_role"":""upper"",""parent_endpoint"":""O2"",""physical_PSE_role"":""upper"",""side"":""output"",""toward_parent_x"":true,""wire"":2,""xy"":[765.0,293.5]},{""access"":[125.0,282.5],""edge"":""input:w3->waksman_8x8_s0_w2_3.add"",""endpoint"":""waksman_8x8_s0_w2_3.add"",""facing"":""E"",""logical_PSE_role"":""lower"",""parent_endpoint"":""I3"",""physical_PSE_role"":""lower"",""side"":""input"",""toward_parent_x"":false,""wire"":3,""xy"":[93.0,282.5]},{""access"":[717.0,282.5],""edge"":""output:waksman_8x8_s4_w2_3.drop->w3"",""endpoint"":""waksman_8x8_s4_w2_3.drop"",""facing"":""W"",""logical_PSE_role"":""lower"",""parent_endpoint"":""O3"",""physical_PSE_role"":""lower"",""side"":""output"",""toward_parent_x"":false,""wire"":3,""xy"":[749.0,282.5]},{""access"":[381.0,250.5],""edge"":""output:waksman_8x8_s2_w3_7.drop->w7"",""endpoint"":""waksman_8x8_s2_w3_7.drop"",""facing"":""W"",""logical_PSE_role"":""lower"",""parent_endpoint"":""O7"",""physical_PSE_role"":""lower"",""side"":""output"",""toward_parent_x"":false,""wire"":7,""xy"":[413.0,250.5]},{""access"":[381.0,186.5],""edge"":""output:waksman_8x8_s2_w2_6.drop->w6"",""endpoint"":""waksman_8x8_s2_w2_6.drop"",""facing"":""W"",""logical_PSE_role"":""lower"",""parent_endpoint"":""O6"",""physical_PSE_role"":""lower"",""side"":""output"",""toward_parent_x"":false,""wire"":6,""xy"":[413.0,186.5]},{""access"":[45.0,165.5],""edge"":""input:w4->waksman_8x8_s0_w4_5.in"",""endpoint"":""waksman_8x8_s0_w4_5.in"",""facing"":""W"",""logical_PSE_role"":""upper"",""parent_endpoint"":""I4"",""physical_PSE_role"":""upper"",""side"":""input"",""toward_parent_x"":true,""wire"":4,""xy"":[77.0,165.5]},{""access"":[797.0,165.5],""edge"":""output:waksman_8x8_s4_w4_5.th->w4"",""endpoint"":""waksman_8x8_s4_w4_5.th"",""facing"":""E"",""logical_PSE_role"":""upper"",""parent_endpoint"":""O4"",""physical_PSE_role"":""upper"",""side"":""output"",""toward_parent_x"":true,""wire"":4,""xy"":[765.0,165.5]},{""access"":[125.0,154.5],""edge"":""input:w5->waksman_8x8_s0_w4_5.add"",""endpoint"":""waksman_8x8_s0_w4_5.add"",""facing"":""E"",""logical_PSE_role"":""lower"",""parent_endpoint"":""I5"",""physical_PSE_role"":""lower"",""side"":""input"",""toward_parent_x"":false,""wire"":5,""xy"":[93.0,154.5]},{""access"":[717.0,154.5],""edge"":""output:waksman_8x8_s4_w4_5.drop->w5"",""endpoint"":""waksman_8x8_s4_w4_5.drop"",""facing"":""W"",""logical_PSE_role"":""lower"",""parent_endpoint"":""O5"",""physical_PSE_role"":""lower"",""side"":""output"",""toward_parent_x"":false,""wire"":5,""xy"":[749.0,154.5]},{""access"":[45.0,37.5],""edge"":""input:w6->waksman_8x8_s0_w6_7.in"",""endpoint"":""waksman_8x8_s0_w6_7.in"",""facing"":""W"",""logical_PSE_role"":""upper"",""parent_endpoint"":""I6"",""physical_PSE_role"":""upper"",""side"":""input"",""toward_parent_x"":true,""wire"":6,""xy"":[77.0,37.5]},{""access"":[125.0,26.5],""edge"":""input:w7->waksman_8x8_s0_w6_7.add"",""endpoint"":""waksman_8x8_s0_w6_7.add"",""facing"":""E"",""logical_PSE_role"":""lower"",""parent_endpoint"":""I7"",""physical_PSE_role"":""lower"",""side"":""input"",""toward_parent_x"":false,""wire"":7,""xy"":[93.0,26.5]}]}",16,9,9,0.00605883524985984
root,8,"{""ordered_input_wires"":[0,1,2,3,4,5,6,7],""ordered_output_wires"":[0,1,2,3,4,5,6,7],""top_to_bottom"":[{""access"":[45.0,421.5],""edge"":""input:w0->waksman_8x8_s0_w0_1.in"",""endpoint"":""waksman_8x8_s0_w0_1.in"",""facing"":""W"",""logical_PSE_role"":""upper"",""parent_endpoint"":""I0"",""physical_PSE_role"":""upper"",""side"":""input"",""toward_parent_x"":true,""wire"":0,""xy"":[77.0,421.5]},{""access"":[797.0,421.5],""edge"":""output:waksman_8x8_s4_w0_1.th->w0"",""endpoint"":""waksman_8x8_s4_w0_1.th"",""facing"":""E"",""logical_PSE_role"":""upper"",""parent_endpoint"":""O0"",""physical_PSE_role"":""upper"",""side"":""output"",""toward_parent_x"":true,""wire"":0,""xy"":[765.0,421.5]},{""access"":[125.0,410.5],""edge"":""input:w1->waksman_8x8_s0_w0_1.add"",""endpoint"":""waksman_8x8_s0_w0_1.add"",""facing"":""E"",""logical_PSE_role"":""lower"",""parent_endpoint"":""I1"",""physical_PSE_role"":""lower"",""side"":""input"",""toward_parent_x"":false,""wire"":1,""xy"":[93.0,410.5]},{""access"":[717.0,410.5],""edge"":""output:waksman_8x8_s4_w0_1.drop->w1"",""endpoint"":""waksman_8x8_s4_w0_1.drop"",""facing"":""W"",""logical_PSE_role"":""lower"",""parent_endpoint"":""O1"",""physical_PSE_role"":""lower"",""side"":""output"",""toward_parent_x"":false,""wire"":1,""xy"":[749.0,410.5]},{""access"":[381.0,314.5],""edge"":""output:waksman_8x8_s2_w3_7.drop->w7"",""endpoint"":""waksman_8x8_s2_w3_7.drop"",""facing"":""W"",""logical_PSE_role"":""lower"",""parent_endpoint"":""O7"",""physical_PSE_role"":""lower"",""side"":""output"",""toward_parent_x"":false,""wire"":7,""xy"":[413.0,314.5]},{""access"":[45.0,293.5],""edge"":""input:w2->waksman_8x8_s0_w2_3.in"",""endpoint"":""waksman_8x8_s0_w2_3.in"",""facing"":""W"",""logical_PSE_role"":""upper"",""parent_endpoint"":""I2"",""physical_PSE_role"":""upper"",""side"":""input"",""toward_parent_x"":true,""wire"":2,""xy"":[77.0,293.5]},{""access"":[797.0,293.5],""edge"":""output:waksman_8x8_s4_w2_3.th->w2"",""endpoint"":""waksman_8x8_s4_w2_3.th"",""facing"":""E"",""logical_PSE_role"":""upper"",""parent_endpoint"":""O2"",""physical_PSE_role"":""upper"",""side"":""output"",""toward_parent_x"":true,""wire"":2,""xy"":[765.0,293.5]},{""access"":[125.0,282.5],""edge"":""input:w3->waksman_8x8_s0_w2_3.add"",""endpoint"":""waksman_8x8_s0_w2_3.add"",""facing"":""E"",""logical_PSE_role"":""lower"",""parent_endpoint"":""I3"",""physical_PSE_role"":""lower"",""side"":""input"",""toward_parent_x"":false,""wire"":3,""xy"":[93.0,282.5]},{""access"":[717.0,282.5],""edge"":""output:waksman_8x8_s4_w2_3.drop->w3"",""endpoint"":""waksman_8x8_s4_w2_3.drop"",""facing"":""W"",""logical_PSE_role"":""lower"",""parent_endpoint"":""O3"",""physical_PSE_role"":""lower"",""side"":""output"",""toward_parent_x"":false,""wire"":3,""xy"":[749.0,282.5]},{""access"":[45.0,165.5],""edge"":""input:w4->waksman_8x8_s0_w4_5.in"",""endpoint"":""waksman_8x8_s0_w4_5.in"",""facing"":""W"",""logical_PSE_role"":""upper"",""parent_endpoint"":""I4"",""physical_PSE_role"":""upper"",""side"":""input"",""toward_parent_x"":true,""wire"":4,""xy"":[77.0,165.5]},{""access"":[797.0,165.5],""edge"":""output:waksman_8x8_s4_w4_5.th->w4"",""endpoint"":""waksman_8x8_s4_w4_5.th"",""facing"":""E"",""logical_PSE_role"":""upper"",""parent_endpoint"":""O4"",""physical_PSE_role"":""upper"",""side"":""output"",""toward_parent_x"":true,""wire"":4,""xy"":[765.0,165.5]},{""access"":[125.0,154.5],""edge"":""input:w5->waksman_8x8_s0_w4_5.add"",""endpoint"":""waksman_8x8_s0_w4_5.add"",""facing"":""E"",""logical_PSE_role"":""lower"",""parent_endpoint"":""I5"",""physical_PSE_role"":""lower"",""side"":""input"",""toward_parent_x"":false,""wire"":5,""xy"":[93.0,154.5]},{""access"":[717.0,154.5],""edge"":""output:waksman_8x8_s4_w4_5.drop->w5"",""endpoint"":""waksman_8x8_s4_w4_5.drop"",""facing"":""W"",""logical_PSE_role"":""lower"",""parent_endpoint"":""O5"",""physical_PSE_role"":""lower"",""side"":""output"",""toward_parent_x"":false,""wire"":5,""xy"":[749.0,154.5]},{""access"":[381.0,122.5],""edge"":""output:waksman_8x8_s2_w2_6.drop->w6"",""endpoint"":""waksman_8x8_s2_w2_6.drop"",""facing"":""W"",""logical_PSE_role"":""lower"",""parent_endpoint"":""O6"",""physical_PSE_role"":""lower"",""side"":""output"",""toward_parent_x"":false,""wire"":6,""xy"":[413.0,122.5]},{""access"":[45.0,37.5],""edge"":""input:w6->waksman_8x8_s0_w6_7.in"",""endpoint"":""waksman_8x8_s0_w6_7.in"",""facing"":""W"",""logical_PSE_role"":""upper"",""parent_endpoint"":""I6"",""physical_PSE_role"":""upper"",""side"":""input"",""toward_parent_x"":true,""wire"":6,""xy"":[77.0,37.5]},{""access"":[125.0,26.5],""edge"":""input:w7->waksman_8x8_s0_w6_7.add"",""endpoint"":""waksman_8x8_s0_w6_7.add"",""facing"":""E"",""logical_PSE_role"":""lower"",""parent_endpoint"":""I7"",""physical_PSE_role"":""lower"",""side"":""input"",""toward_parent_x"":false,""wire"":7,""xy"":[93.0,26.5]}]}",16,9,9,0.006060825093300082
root,8,"{""ordered_input_wires"":[0,1,2,3,4,5,6,7],""ordered_output_wires"":[0,1,2,3,4,5,6,7],""top_to_bottom"":[{""access"":[125.0,421.5],""edge"":""input:w7->waksman_8x8_s0_w6_7.add"",""endpoint"":""waksman_8x8_s0_w6_7.add"",""facing"":""E"",""logical_PSE_role"":""lower"",""parent_endpoint"":""I7"",""physical_PSE_role"":""upper"",""side"":""input"",""toward_parent_x"":false,""wire"":7,""xy"":[93.0,421.5]},{""access"":[45.0,410.5],""edge"":""input:w6->waksman_8x8_s0_w6_7.in"",""endpoint"":""waksman_8x8_s0_w6_7.in"",""facing"":""W"",""logical_PSE_role"":""upper"",""parent_endpoint"":""I6"",""physical_PSE_role"":""lower"",""side"":""input"",""toward_parent_x"":true,""wire"":6,""xy"":[77.0,410.5]},{""access"":[125.0,293.5],""edge"":""input:w5->waksman_8x8_s0_w4_5.add"",""endpoint"":""waksman_8x8_s0_w4_5.add"",""facing"":""E"",""logical_PSE_role"":""lower"",""parent_endpoint"":""I5"",""physical_PSE_role"":""upper"",""side"":""input"",""toward_parent_x"":false,""wire"":5,""xy"":[93.0,293.5]},{""access"":[717.0,293.5],""edge"":""output:waksman_8x8_s4_w4_5.drop->w5"",""endpoint"":""waksman_8x8_s4_w4_5.drop"",""facing"":""W"",""logical_PSE_role"":""lower"",""parent_endpoint"":""O5"",""physical_PSE_role"":""upper"",""side"":""output"",""toward_parent_x"":false,""wire"":5,""xy"":[749.0,293.5]},{""access"":[45.0,282.5],""edge"":""input:w4->waksman_8x8_s0_w4_5.in"",""endpoint"":""waksman_8x8_s0_w4_5.in"",""facing"":""W"",""logical_PSE_role"":""upper"",""parent_endpoint"":""I4"",""physical_PSE_role"":""lower"",""side"":""input"",""toward_parent_x"":true,""wire"":4,""xy"":[77.0,282.5]},{""access"":[797.0,282.5],""edge"":""output:waksman_8x8_s4_w4_5.th->w4"",""endpoint"":""waksman_8x8_s4_w4_5.th"",""facing"":""E"",""logical_PSE_role"":""upper"",""parent_endpoint"":""O4"",""physical_PSE_role"":""lower"",""side"":""output"",""toward_parent_x"":true,""wire"":4,""xy"":[765.0,282.5]},{""access"":[381.0,261.5],""edge"":""output:waksman_8x8_s2_w2_6.drop->w6"",""endpoint"":""waksman_8x8_s2_w2_6.drop"",""facing"":""W"",""logical_PSE_role"":""lower"",""parent_endpoint"":""O6"",""physical_PSE_role"":""upper"",""side"":""output"",""toward_parent_x"":false,""wire"":6,""xy"":[413.0,261.5]},{""access"":[381.0,197.5],""edge"":""output:waksman_8x8_s2_w3_7.drop->w7"",""endpoint"":""waksman_8x8_s2_w3_7.drop"",""facing"":""W"",""logical_PSE_role"":""lower"",""parent_endpoint"":""O7"",""physical_PSE_role"":""upper"",""side"":""output"",""toward_parent_x"":false,""wire"":7,""xy"":[413.0,197.5]},{""access"":[125.0,165.5],""edge"":""input:w3->waksman_8x8_s0_w2_3.add"",""endpoint"":""waksman_8x8_s0_w2_3.add"",""facing"":""E"",""logical_PSE_role"":""lower"",""parent_endpoint"":""I3"",""physical_PSE_role"":""upper"",""side"":""input"",""toward_parent_x"":false,""wire"":3,""xy"":[93.0,165.5]},{""access"":[717.0,165.5],""edge"":""output:waksman_8x8_s4_w2_3.drop->w3"",""endpoint"":""waksman_8x8_s4_w2_3.drop"",""facing"":""W"",""logical_PSE_role"":""lower"",""parent_endpoint"":""O3"",""physical_PSE_role"":""upper"",""side"":""output"",""toward_parent_x"":false,""wire"":3,""xy"":[749.0,165.5]},{""access"":[45.0,154.5],""edge"":""input:w2->waksman_8x8_s0_w2_3.in"",""endpoint"":""waksman_8x8_s0_w2_3.in"",""facing"":""W"",""logical_PSE_role"":""upper"",""parent_endpoint"":""I2"",""physical_PSE_role"":""lower"",""side"":""input"",""toward_parent_x"":true,""wire"":2,""xy"":[77.0,154.5]},{""access"":[797.0,154.5],""edge"":""output:waksman_8x8_s4_w2_3.th->w2"",""endpoint"":""waksman_8x8_s4_w2_3.th"",""facing"":""E"",""logical_PSE_role"":""upper"",""parent_endpoint"":""O2"",""physical_PSE_role"":""lower"",""side"":""output"",""toward_parent_x"":true,""wire"":2,""xy"":[765.0,154.5]},{""access"":[125.0,37.5],""edge"":""input:w1->waksman_8x8_s0_w0_1.add"",""endpoint"":""waksman_8x8_s0_w0_1.add"",""facing"":""E"",""logical_PSE_role"":""lower"",""parent_endpoint"":""I1"",""physical_PSE_role"":""upper"",""side"":""input"",""toward_parent_x"":false,""wire"":1,""xy"":[93.0,37.5]},{""access"":[717.0,37.5],""edge"":""output:waksman_8x8_s4_w0_1.drop->w1"",""endpoint"":""waksman_8x8_s4_w0_1.drop"",""facing"":""W"",""logical_PSE_role"":""lower"",""parent_endpoint"":""O1"",""physical_PSE_role"":""upper"",""side"":""output"",""toward_parent_x"":false,""wire"":1,""xy"":[749.0,37.5]},{""access"":[45.0,26.5],""edge"":""input:w0->waksman_8x8_s0_w0_1.in"",""endpoint"":""waksman_8x8_s0_w0_1.in"",""facing"":""W"",""logical_PSE_role"":""upper"",""parent_endpoint"":""I0"",""physical_PSE_role"":""lower"",""side"":""input"",""toward_parent_x"":true,""wire"":0,""xy"":[77.0,26.5]},{""access"":[797.0,26.5],""edge"":""output:waksman_8x8_s4_w0_1.th->w0"",""endpoint"":""waksman_8x8_s4_w0_1.th"",""facing"":""E"",""logical_PSE_role"":""upper"",""parent_endpoint"":""O0"",""physical_PSE_role"":""lower"",""side"":""output"",""toward_parent_x"":true,""wire"":0,""xy"":[765.0,26.5]}]}",16,9,9,0.006062788797862595
root,8,"{""ordered_input_wires"":[0,1,2,3,4,5,6,7],""ordered_output_wires"":[0,1,2,3,4,5,6,7],""top_to_bottom"":[{""access"":[125.0,421.5],""edge"":""input:w7->waksman_8x8_s0_w6_7.add"",""endpoint"":""waksman_8x8_s0_w6_7.add"",""facing"":""E"",""logical_PSE_role"":""lower"",""parent_endpoint"":""I7"",""physical_PSE_role"":""upper"",""side"":""input"",""toward_parent_x"":false,""wire"":7,""xy"":[93.0,421.5]},{""access"":[45.0,410.5],""edge"":""input:w6->waksman_8x8_s0_w6_7.in"",""endpoint"":""waksman_8x8_s0_w6_7.in"",""facing"":""W"",""logical_PSE_role"":""upper"",""parent_endpoint"":""I6"",""physical_PSE_role"":""lower"",""side"":""input"",""toward_parent_x"":true,""wire"":6,""xy"":[77.0,410.5]},{""access"":[381.0,325.5],""edge"":""output:waksman_8x8_s2_w2_6.drop->w6"",""endpoint"":""waksman_8x8_s2_w2_6.drop"",""facing"":""W"",""logical_PSE_role"":""lower"",""parent_endpoint"":""O6"",""physical_PSE_role"":""upper"",""side"":""output"",""toward_parent_x"":false,""wire"":6,""xy"":[413.0,325.5]},{""access"":[125.0,293.5],""edge"":""input:w5->waksman_8x8_s0_w4_5.add"",""endpoint"":""waksman_8x8_s0_w4_5.add"",""facing"":""E"",""logical_PSE_role"":""lower"",""parent_endpoint"":""I5"",""physical_PSE_role"":""upper"",""side"":""input"",""toward_parent_x"":false,""wire"":5,""xy"":[93.0,293.5]},{""access"":[717.0,293.5],""edge"":""output:waksman_8x8_s4_w4_5.drop->w5"",""endpoint"":""waksman_8x8_s4_w4_5.drop"",""facing"":""W"",""logical_PSE_role"":""lower"",""parent_endpoint"":""O5"",""physical_PSE_role"":""upper"",""side"":""output"",""toward_parent_x"":false,""wire"":5,""xy"":[749.0,293.5]},{""access"":[45.0,282.5],""edge"":""input:w4->waksman_8x8_s0_w4_5.in"",""endpoint"":""waksman_8x8_s0_w4_5.in"",""facing"":""W"",""logical_PSE_role"":""upper"",""parent_endpoint"":""I4"",""physical_PSE_role"":""lower"",""side"":""input"",""toward_parent_x"":true,""wire"":4,""xy"":[77.0,282.5]},{""access"":[797.0,282.5],""edge"":""output:waksman_8x8_s4_w4_5.th->w4"",""endpoint"":""waksman_8x8_s4_w4_5.th"",""facing"":""E"",""logical_PSE_role"":""upper"",""parent_endpoint"":""O4"",""physical_PSE_role"":""lower"",""side"":""output"",""toward_parent_x"":true,""wire"":4,""xy"":[765.0,282.5]},{""access"":[125.0,165.5],""edge"":""input:w3->waksman_8x8_s0_w2_3.add"",""endpoint"":""waksman_8x8_s0_w2_3.add"",""facing"":""E"",""logical_PSE_role"":""lower"",""parent_endpoint"":""I3"",""physical_PSE_role"":""upper"",""side"":""input"",""toward_parent_x"":false,""wire"":3,""xy"":[93.0,165.5]},{""access"":[717.0,165.5],""edge"":""output:waksman_8x8_s4_w2_3.drop->w3"",""endpoint"":""waksman_8x8_s4_w2_3.drop"",""facing"":""W"",""logical_PSE_role"":""lower"",""parent_endpoint"":""O3"",""physical_PSE_role"":""upper"",""side"":""output"",""toward_parent_x"":false,""wire"":3,""xy"":[749.0,165.5]},{""access"":[45.0,154.5],""edge"":""input:w2->waksman_8x8_s0_w2_3.in"",""endpoint"":""waksman_8x8_s0_w2_3.in"",""facing"":""W"",""logical_PSE_role"":""upper"",""parent_endpoint"":""I2"",""physical_PSE_role"":""lower"",""side"":""input"",""toward_parent_x"":true,""wire"":2,""xy"":[77.0,154.5]},{""access"":[797.0,154.5],""edge"":""output:waksman_8x8_s4_w2_3.th->w2"",""endpoint"":""waksman_8x8_s4_w2_3.th"",""facing"":""E"",""logical_PSE_role"":""upper"",""parent_endpoint"":""O2"",""physical_PSE_role"":""lower"",""side"":""output"",""toward_parent_x"":true,""wire"":2,""xy"":[765.0,154.5]},{""access"":[381.0,133.5],""edge"":""output:waksman_8x8_s2_w3_7.drop->w7"",""endpoint"":""waksman_8x8_s2_w3_7.drop"",""facing"":""W"",""logical_PSE_role"":""lower"",""parent_endpoint"":""O7"",""physical_PSE_role"":""upper"",""side"":""output"",""toward_parent_x"":false,""wire"":7,""xy"":[413.0,133.5]},{""access"":[125.0,37.5],""edge"":""input:w1->waksman_8x8_s0_w0_1.add"",""endpoint"":""waksman_8x8_s0_w0_1.add"",""facing"":""E"",""logical_PSE_role"":""lower"",""parent_endpoint"":""I1"",""physical_PSE_role"":""upper"",""side"":""input"",""toward_parent_x"":false,""wire"":1,""xy"":[93.0,37.5]},{""access"":[717.0,37.5],""edge"":""output:waksman_8x8_s4_w0_1.drop->w1"",""endpoint"":""waksman_8x8_s4_w0_1.drop"",""facing"":""W"",""logical_PSE_role"":""lower"",""parent_endpoint"":""O1"",""physical_PSE_role"":""upper"",""side"":""output"",""toward_parent_x"":false,""wire"":1,""xy"":[749.0,37.5]},{""access"":[45.0,26.5],""edge"":""input:w0->waksman_8x8_s0_w0_1.in"",""endpoint"":""waksman_8x8_s0_w0_1.in"",""facing"":""W"",""logical_PSE_role"":""upper"",""parent_endpoint"":""I0"",""physical_PSE_role"":""lower"",""side"":""input"",""toward_parent_x"":true,""wire"":0,""xy"":[77.0,26.5]},{""access"":[797.0,26.5],""edge"":""output:waksman_8x8_s4_w0_1.th->w0"",""endpoint"":""waksman_8x8_s4_w0_1.th"",""facing"":""E"",""logical_PSE_role"":""upper"",""parent_endpoint"":""O0"",""physical_PSE_role"":""lower"",""side"":""output"",""toward_parent_x"":true,""wire"":0,""xy"":[765.0,26.5]}]}",16,9,9,0.006064761109882966
root,8,"{""ordered_input_wires"":[0,1,2,3,4,5,6,7],""ordered_output_wires"":[0,1,2,3,4,5,6,7],""top_to_bottom"":[{""access"":[45.0,421.5],""edge"":""input:w0->waksman_8x8_s0_w0_1.in"",""endpoint"":""waksman_8x8_s0_w0_1.in"",""facing"":""W"",""logical_PSE_role"":""upper"",""parent_endpoint"":""I0"",""physical_PSE_role"":""upper"",""side"":""input"",""toward_parent_x"":true,""wire"":0,""xy"":[77.0,421.5]},{""access"":[797.0,421.5],""edge"":""output:waksman_8x8_s4_w0_1.th->w0"",""endpoint"":""waksman_8x8_s4_w0_1.th"",""facing"":""E"",""logical_PSE_role"":""upper"",""parent_endpoint"":""O0"",""physical_PSE_role"":""upper"",""side"":""output"",""toward_parent_x"":true,""wire"":0,""xy"":[765.0,421.5]},{""access"":[125.0,410.5],""edge"":""input:w1->waksman_8x8_s0_w0_1.add"",""endpoint"":""waksman_8x8_s0_w0_1.add"",""facing"":""E"",""logical_PSE_role"":""lower"",""parent_endpoint"":""I1"",""physical_PSE_role"":""lower"",""side"":""input"",""toward_parent_x"":false,""wire"":1,""xy"":[93.0,410.5]},{""access"":[717.0,410.5],""edge"":""output:waksman_8x8_s4_w0_1.drop->w1"",""endpoint"":""waksman_8x8_s4_w0_1.drop"",""facing"":""W"",""logical_PSE_role"":""lower"",""parent_endpoint"":""O1"",""physical_PSE_role"":""lower"",""side"":""output"",""toward_parent_x"":false,""wire"":1,""xy"":[749.0,410.5]},{""access"":[45.0,293.5],""edge"":""input:w2->waksman_8x8_s0_w2_3.in"",""endpoint"":""waksman_8x8_s0_w2_3.in"",""facing"":""W"",""logical_PSE_role"":""upper"",""parent_endpoint"":""I2"",""physical_PSE_role"":""upper"",""side"":""input"",""toward_parent_x"":true,""wire"":2,""xy"":[77.0,293.5]},{""access"":[797.0,293.5],""edge"":""output:waksman_8x8_s4_w2_3.th->w2"",""endpoint"":""waksman_8x8_s4_w2_3.th"",""facing"":""E"",""logical_PSE_role"":""upper"",""parent_endpoint"":""O2"",""physical_PSE_role"":""upper"",""side"":""output"",""toward_parent_x"":true,""wire"":2,""xy"":[765.0,293.5]},{""access"":[125.0,282.5],""edge"":""input:w3->waksman_8x8_s0_w2_3.add"",""endpoint"":""waksman_8x8_s0_w2_3.add"",""facing"":""E"",""logical_PSE_role"":""lower"",""parent_endpoint"":""I3"",""physical_PSE_role"":""lower"",""side"":""input"",""toward_parent_x"":false,""wire"":3,""xy"":[93.0,282.5]},{""access"":[717.0,282.5],""edge"":""output:waksman_8x8_s4_w2_3.drop->w3"",""endpoint"":""waksman_8x8_s4_w2_3.drop"",""facing"":""W"",""logical_PSE_role"":""lower"",""parent_endpoint"":""O3"",""physical_PSE_role"":""lower"",""side"":""output"",""toward_parent_x"":false,""wire"":3,""xy"":[749.0,282.5]},{""access"":[381.0,261.5],""edge"":""output:waksman_8x8_s2_w3_7.drop->w7"",""endpoint"":""waksman_8x8_s2_w3_7.drop"",""facing"":""W"",""logical_PSE_role"":""lower"",""parent_endpoint"":""O7"",""physical_PSE_role"":""upper"",""side"":""output"",""toward_parent_x"":false,""wire"":7,""xy"":[413.0,261.5]},{""access"":[381.0,186.5],""edge"":""output:waksman_8x8_s2_w2_6.drop->w6"",""endpoint"":""waksman_8x8_s2_w2_6.drop"",""facing"":""W"",""logical_PSE_role"":""lower"",""parent_endpoint"":""O6"",""physical_PSE_role"":""lower"",""side"":""output"",""toward_parent_x"":false,""wire"":6,""xy"":[413.0,186.5]},{""access"":[45.0,165.5],""edge"":""input:w4->waksman_8x8_s0_w4_5.in"",""endpoint"":""waksman_8x8_s0_w4_5.in"",""facing"":""W"",""logical_PSE_role"":""upper"",""parent_endpoint"":""I4"",""physical_PSE_role"":""upper"",""side"":""input"",""toward_parent_x"":true,""wire"":4,""xy"":[77.0,165.5]},{""access"":[797.0,165.5],""edge"":""output:waksman_8x8_s4_w4_5.th->w4"",""endpoint"":""waksman_8x8_s4_w4_5.th"",""facing"":""E"",""logical_PSE_role"":""upper"",""parent_endpoint"":""O4"",""physical_PSE_role"":""upper"",""side"":""output"",""toward_parent_x"":true,""wire"":4,""xy"":[765.0,165.5]},{""access"":[125.0,154.5],""edge"":""input:w5->waksman_8x8_s0_w4_5.add"",""endpoint"":""waksman_8x8_s0_w4_5.add"",""facing"":""E"",""logical_PSE_role"":""lower"",""parent_endpoint"":""I5"",""physical_PSE_role"":""lower"",""side"":""input"",""toward_parent_x"":false,""wire"":5,""xy"":[93.0,154.5]},{""access"":[717.0,154.5],""edge"":""output:waksman_8x8_s4_w4_5.drop->w5"",""endpoint"":""waksman_8x8_s4_w4_5.drop"",""facing"":""W"",""logical_PSE_role"":""lower"",""parent_endpoint"":""O5"",""physical_PSE_role"":""lower"",""side"":""output"",""toward_parent_x"":false,""wire"":5,""xy"":[749.0,154.5]},{""access"":[45.0,37.5],""edge"":""input:w6->waksman_8x8_s0_w6_7.in"",""endpoint"":""waksman_8x8_s0_w6_7.in"",""facing"":""W"",""logical_PSE_role"":""upper"",""parent_endpoint"":""I6"",""physical_PSE_role"":""upper"",""side"":""input"",""toward_parent_x"":true,""wire"":6,""xy"":[77.0,37.5]},{""access"":[125.0,26.5],""edge"":""input:w7->waksman_8x8_s0_w6_7.add"",""endpoint"":""waksman_8x8_s0_w6_7.add"",""facing"":""E"",""logical_PSE_role"":""lower"",""parent_endpoint"":""I7"",""physical_PSE_role"":""lower"",""side"":""input"",""toward_parent_x"":false,""wire"":7,""xy"":[93.0,26.5]}]}",16,9,9,0.006066771766199963
root,8,"{""ordered_input_wires"":[0,1,2,3,4,5,6,7],""ordered_output_wires"":[0,1,2,3,4,5,6,7],""top_to_bottom"":[{""access"":[45.0,421.5],""edge"":""input:w0->waksman_8x8_s0_w0_1.in"",""endpoint"":""waksman_8x8_s0_w0_1.in"",""facing"":""W"",""logical_PSE_role"":""upper"",""parent_endpoint"":""I0"",""physical_PSE_role"":""upper"",""side"":""input"",""toward_parent_x"":true,""wire"":0,""xy"":[77.0,421.5]},{""access"":[797.0,421.5],""edge"":""output:waksman_8x8_s4_w0_1.th->w0"",""endpoint"":""waksman_8x8_s4_w0_1.th"",""facing"":""E"",""logical_PSE_role"":""upper"",""parent_endpoint"":""O0"",""physical_PSE_role"":""upper"",""side"":""output"",""toward_parent_x"":true,""wire"":0,""xy"":[765.0,421.5]},{""access"":[125.0,410.5],""edge"":""input:w1->waksman_8x8_s0_w0_1.add"",""endpoint"":""waksman_8x8_s0_w0_1.add"",""facing"":""E"",""logical_PSE_role"":""lower"",""parent_endpoint"":""I1"",""physical_PSE_role"":""lower"",""side"":""input"",""toward_parent_x"":false,""wire"":1,""xy"":[93.0,410.5]},{""access"":[717.0,410.5],""edge"":""output:waksman_8x8_s4_w0_1.drop->w1"",""endpoint"":""waksman_8x8_s4_w0_1.drop"",""facing"":""W"",""logical_PSE_role"":""lower"",""parent_endpoint"":""O1"",""physical_PSE_role"":""lower"",""side"":""output"",""toward_parent_x"":false,""wire"":1,""xy"":[749.0,410.5]},{""access"":[381.0,325.5],""edge"":""output:waksman_8x8_s2_w3_7.drop->w7"",""endpoint"":""waksman_8x8_s2_w3_7.drop"",""facing"":""W"",""logical_PSE_role"":""lower"",""parent_endpoint"":""O7"",""physical_PSE_role"":""upper"",""side"":""output"",""toward_parent_x"":false,""wire"":7,""xy"":[413.0,325.5]},{""access"":[45.0,293.5],""edge"":""input:w2->waksman_8x8_s0_w2_3.in"",""endpoint"":""waksman_8x8_s0_w2_3.in"",""facing"":""W"",""logical_PSE_role"":""upper"",""parent_endpoint"":""I2"",""physical_PSE_role"":""upper"",""side"":""input"",""toward_parent_x"":true,""wire"":2,""xy"":[77.0,293.5]},{""access"":[797.0,293.5],""edge"":""output:waksman_8x8_s4_w2_3.th->w2"",""endpoint"":""waksman_8x8_s4_w2_3.th"",""facing"":""E"",""logical_PSE_role"":""upper"",""parent_endpoint"":""O2"",""physical_PSE_role"":""upper"",""side"":""output"",""toward_parent_x"":true,""wire"":2,""xy"":[765.0,293.5]},{""access"":[125.0,282.5],""edge"":""input:w3->waksman_8x8_s0_w2_3.add"",""endpoint"":""waksman_8x8_s0_w2_3.add"",""facing"":""E"",""logical_PSE_role"":""lower"",""parent_endpoint"":""I3"",""physical_PSE_role"":""lower"",""side"":""input"",""toward_parent_x"":false,""wire"":3,""xy"":[93.0,282.5]},{""access"":[717.0,282.5],""edge"":""output:waksman_8x8_s4_w2_3.drop->w3"",""endpoint"":""waksman_8x8_s4_w2_3.drop"",""facing"":""W"",""logical_PSE_role"":""lower"",""parent_endpoint"":""O3"",""physical_PSE_role"":""lower"",""side"":""output"",""toward_parent_x"":false,""wire"":3,""xy"":[749.0,282.5]},{""access"":[45.0,165.5],""edge"":""input:w4->waksman_8x8_s0_w4_5.in"",""endpoint"":""waksman_8x8_s0_w4_5.in"",""facing"":""W"",""logical_PSE_role"":""upper"",""parent_endpoint"":""I4"",""physical_PSE_role"":""upper"",""side"":""input"",""toward_parent_x"":true,""wire"":4,""xy"":[77.0,165.5]},{""access"":[797.0,165.5],""edge"":""output:waksman_8x8_s4_w4_5.th->w4"",""endpoint"":""waksman_8x8_s4_w4_5.th"",""facing"":""E"",""logical_PSE_role"":""upper"",""parent_endpoint"":""O4"",""physical_PSE_role"":""upper"",""side"":""output"",""toward_parent_x"":true,""wire"":4,""xy"":[765.0,165.5]},{""access"":[125.0,154.5],""edge"":""input:w5->waksman_8x8_s0_w4_5.add"",""endpoint"":""waksman_8x8_s0_w4_5.add"",""facing"":""E"",""logical_PSE_role"":""lower"",""parent_endpoint"":""I5"",""physical_PSE_role"":""lower"",""side"":""input"",""toward_parent_x"":false,""wire"":5,""xy"":[93.0,154.5]},{""access"":[717.0,154.5],""edge"":""output:waksman_8x8_s4_w4_5.drop->w5"",""endpoint"":""waksman_8x8_s4_w4_5.drop"",""facing"":""W"",""logical_PSE_role"":""lower"",""parent_endpoint"":""O5"",""physical_PSE_role"":""lower"",""side"":""output"",""toward_parent_x"":false,""wire"":5,""xy"":[749.0,154.5]},{""access"":[381.0,122.5],""edge"":""output:waksman_8x8_s2_w2_6.drop->w6"",""endpoint"":""waksman_8x8_s2_w2_6.drop"",""facing"":""W"",""logical_PSE_role"":""lower"",""parent_endpoint"":""O6"",""physical_PSE_role"":""lower"",""side"":""output"",""toward_parent_x"":false,""wire"":6,""xy"":[413.0,122.5]},{""access"":[45.0,37.5],""edge"":""input:w6->waksman_8x8_s0_w6_7.in"",""endpoint"":""waksman_8x8_s0_w6_7.in"",""facing"":""W"",""logical_PSE_role"":""upper"",""parent_endpoint"":""I6"",""physical_PSE_role"":""upper"",""side"":""input"",""toward_parent_x"":true,""wire"":6,""xy"":[77.0,37.5]},{""access"":[125.0,26.5],""edge"":""input:w7->waksman_8x8_s0_w6_7.add"",""endpoint"":""waksman_8x8_s0_w6_7.add"",""facing"":""E"",""logical_PSE_role"":""lower"",""parent_endpoint"":""I7"",""physical_PSE_role"":""lower"",""side"":""input"",""toward_parent_x"":false,""wire"":7,""xy"":[93.0,26.5]}]}",16,9,9,0.006068813094316283
root,8,"{""ordered_input_wires"":[0,1,2,3,4,5,6,7],""ordered_output_wires"":[0,1,2,3,4,5,6,7],""top_to_bottom"":[{""access"":[125.0,421.5],""edge"":""input:w7->waksman_8x8_s0_w6_7.add"",""endpoint"":""waksman_8x8_s0_w6_7.add"",""facing"":""E"",""logical_PSE_role"":""lower"",""parent_endpoint"":""I7"",""physical_PSE_role"":""upper"",""side"":""input"",""toward_parent_x"":false,""wire"":7,""xy"":[93.0,421.5]},{""access"":[45.0,410.5],""edge"":""input:w6->waksman_8x8_s0_w6_7.in"",""endpoint"":""waksman_8x8_s0_w6_7.in"",""facing"":""W"",""logical_PSE_role"":""upper"",""parent_endpoint"":""I6"",""physical_PSE_role"":""lower"",""side"":""input"",""toward_parent_x"":true,""wire"":6,""xy"":[77.0,410.5]},{""access"":[125.0,293.5],""edge"":""input:w5->waksman_8x8_s0_w4_5.add"",""endpoint"":""waksman_8x8_s0_w4_5.add"",""facing"":""E"",""logical_PSE_role"":""lower"",""parent_endpoint"":""I5"",""physical_PSE_role"":""upper"",""side"":""input"",""toward_parent_x"":false,""wire"":5,""xy"":[93.0,293.5]},{""access"":[717.0,293.5],""edge"":""output:waksman_8x8_s4_w4_5.drop->w5"",""endpoint"":""waksman_8x8_s4_w4_5.drop"",""facing"":""W"",""logical_PSE_role"":""lower"",""parent_endpoint"":""O5"",""physical_PSE_role"":""upper"",""side"":""output"",""toward_parent_x"":false,""wire"":5,""xy"":[749.0,293.5]},{""access"":[45.0,282.5],""edge"":""input:w4->waksman_8x8_s0_w4_5.in"",""endpoint"":""waksman_8x8_s0_w4_5.in"",""facing"":""W"",""logical_PSE_role"":""upper"",""parent_endpoint"":""I4"",""physical_PSE_role"":""lower"",""side"":""input"",""toward_parent_x"":true,""wire"":4,""xy"":[77.0,282.5]},{""access"":[797.0,282.5],""edge"":""output:waksman_8x8_s4_w4_5.th->w4"",""endpoint"":""waksman_8x8_s4_w4_5.th"",""facing"":""E"",""logical_PSE_role"":""upper"",""parent_endpoint"":""O4"",""physical_PSE_role"":""lower"",""side"":""output"",""toward_parent_x"":true,""wire"":4,""xy"":[765.0,282.5]},{""access"":[381.0,261.5],""edge"":""output:waksman_8x8_s2_w2_6.drop->w6"",""endpoint"":""waksman_8x8_s2_w2_6.drop"",""facing"":""W"",""logical_PSE_role"":""lower"",""parent_endpoint"":""O6"",""physical_PSE_role"":""upper"",""side"":""output"",""toward_parent_x"":false,""wire"":6,""xy"":[413.0,261.5]},{""access"":[381.0,186.5],""edge"":""output:waksman_8x8_s2_w3_7.drop->w7"",""endpoint"":""waksman_8x8_s2_w3_7.drop"",""facing"":""W"",""logical_PSE_role"":""lower"",""parent_endpoint"":""O7"",""physical_PSE_role"":""lower"",""side"":""output"",""toward_parent_x"":false,""wire"":7,""xy"":[413.0,186.5]},{""access"":[125.0,165.5],""edge"":""input:w3->waksman_8x8_s0_w2_3.add"",""endpoint"":""waksman_8x8_s0_w2_3.add"",""facing"":""E"",""logical_PSE_role"":""lower"",""parent_endpoint"":""I3"",""physical_PSE_role"":""upper"",""side"":""input"",""toward_parent_x"":false,""wire"":3,""xy"":[93.0,165.5]},{""access"":[717.0,165.5],""edge"":""output:waksman_8x8_s4_w2_3.drop->w3"",""endpoint"":""waksman_8x8_s4_w2_3.drop"",""facing"":""W"",""logical_PSE_role"":""lower"",""parent_endpoint"":""O3"",""physical_PSE_role"":""upper"",""side"":""output"",""toward_parent_x"":false,""wire"":3,""xy"":[749.0,165.5]},{""access"":[45.0,154.5],""edge"":""input:w2->waksman_8x8_s0_w2_3.in"",""endpoint"":""waksman_8x8_s0_w2_3.in"",""facing"":""W"",""logical_PSE_role"":""upper"",""parent_endpoint"":""I2"",""physical_PSE_role"":""lower"",""side"":""input"",""toward_parent_x"":true,""wire"":2,""xy"":[77.0,154.5]},{""access"":[797.0,154.5],""edge"":""output:waksman_8x8_s4_w2_3.th->w2"",""endpoint"":""waksman_8x8_s4_w2_3.th"",""facing"":""E"",""logical_PSE_role"":""upper"",""parent_endpoint"":""O2"",""physical_PSE_role"":""lower"",""side"":""output"",""toward_parent_x"":true,""wire"":2,""xy"":[765.0,154.5]},{""access"":[125.0,37.5],""edge"":""input:w1->waksman_8x8_s0_w0_1.add"",""endpoint"":""waksman_8x8_s0_w0_1.add"",""facing"":""E"",""logical_PSE_role"":""lower"",""parent_endpoint"":""I1"",""physical_PSE_role"":""upper"",""side"":""input"",""toward_parent_x"":false,""wire"":1,""xy"":[93.0,37.5]},{""access"":[717.0,37.5],""edge"":""output:waksman_8x8_s4_w0_1.drop->w1"",""endpoint"":""waksman_8x8_s4_w0_1.drop"",""facing"":""W"",""logical_PSE_role"":""lower"",""parent_endpoint"":""O1"",""physical_PSE_role"":""upper"",""side"":""output"",""toward_parent_x"":false,""wire"":1,""xy"":[749.0,37.5]},{""access"":[45.0,26.5],""edge"":""input:w0->waksman_8x8_s0_w0_1.in"",""endpoint"":""waksman_8x8_s0_w0_1.in"",""facing"":""W"",""logical_PSE_role"":""upper"",""parent_endpoint"":""I0"",""physical_PSE_role"":""lower"",""side"":""input"",""toward_parent_x"":true,""wire"":0,""xy"":[77.0,26.5]},{""access"":[797.0,26.5],""edge"":""output:waksman_8x8_s4_w0_1.th->w0"",""endpoint"":""waksman_8x8_s4_w0_1.th"",""facing"":""E"",""logical_PSE_role"":""upper"",""parent_endpoint"":""O0"",""physical_PSE_role"":""lower"",""side"":""output"",""toward_parent_x"":true,""wire"":0,""xy"":[765.0,26.5]}]}",16,9,9,0.006070774765248643
root,8,"{""ordered_input_wires"":[0,1,2,3,4,5,6,7],""ordered_output_wires"":[0,1,2,3,4,5,6,7],""top_to_bottom"":[{""access"":[125.0,421.5],""edge"":""input:w7->waksman_8x8_s0_w6_7.add"",""endpoint"":""waksman_8x8_s0_w6_7.add"",""facing"":""E"",""logical_PSE_role"":""lower"",""parent_endpoint"":""I7"",""physical_PSE_role"":""upper"",""side"":""input"",""toward_parent_x"":false,""wire"":7,""xy"":[93.0,421.5]},{""access"":[45.0,410.5],""edge"":""input:w6->waksman_8x8_s0_w6_7.in"",""endpoint"":""waksman_8x8_s0_w6_7.in"",""facing"":""W"",""logical_PSE_role"":""upper"",""parent_endpoint"":""I6"",""physical_PSE_role"":""lower"",""side"":""input"",""toward_parent_x"":true,""wire"":6,""xy"":[77.0,410.5]},{""access"":[381.0,325.5],""edge"":""output:waksman_8x8_s2_w2_6.drop->w6"",""endpoint"":""waksman_8x8_s2_w2_6.drop"",""facing"":""W"",""logical_PSE_role"":""lower"",""parent_endpoint"":""O6"",""physical_PSE_role"":""upper"",""side"":""output"",""toward_parent_x"":false,""wire"":6,""xy"":[413.0,325.5]},{""access"":[125.0,293.5],""edge"":""input:w5->waksman_8x8_s0_w4_5.add"",""endpoint"":""waksman_8x8_s0_w4_5.add"",""facing"":""E"",""logical_PSE_role"":""lower"",""parent_endpoint"":""I5"",""physical_PSE_role"":""upper"",""side"":""input"",""toward_parent_x"":false,""wire"":5,""xy"":[93.0,293.5]},{""access"":[717.0,293.5],""edge"":""output:waksman_8x8_s4_w4_5.drop->w5"",""endpoint"":""waksman_8x8_s4_w4_5.drop"",""facing"":""W"",""logical_PSE_role"":""lower"",""parent_endpoint"":""O5"",""physical_PSE_role"":""upper"",""side"":""output"",""toward_parent_x"":false,""wire"":5,""xy"":[749.0,293.5]},{""access"":[45.0,282.5],""edge"":""input:w4->waksman_8x8_s0_w4_5.in"",""endpoint"":""waksman_8x8_s0_w4_5.in"",""facing"":""W"",""logical_PSE_role"":""upper"",""parent_endpoint"":""I4"",""physical_PSE_role"":""lower"",""side"":""input"",""toward_parent_x"":true,""wire"":4,""xy"":[77.0,282.5]},{""access"":[797.0,282.5],""edge"":""output:waksman_8x8_s4_w4_5.th->w4"",""endpoint"":""waksman_8x8_s4_w4_5.th"",""facing"":""E"",""logical_PSE_role"":""upper"",""parent_endpoint"":""O4"",""physical_PSE_role"":""lower"",""side"":""output"",""toward_parent_x"":true,""wire"":4,""xy"":[765.0,282.5]},{""access"":[125.0,165.5],""edge"":""input:w3->waksman_8x8_s0_w2_3.add"",""endpoint"":""waksman_8x8_s0_w2_3.add"",""facing"":""E"",""logical_PSE_role"":""lower"",""parent_endpoint"":""I3"",""physical_PSE_role"":""upper"",""side"":""input"",""toward_parent_x"":false,""wire"":3,""xy"":[93.0,165.5]},{""access"":[717.0,165.5],""edge"":""output:waksman_8x8_s4_w2_3.drop->w3"",""endpoint"":""waksman_8x8_s4_w2_3.drop"",""facing"":""W"",""logical_PSE_role"":""lower"",""parent_endpoint"":""O3"",""physical_PSE_role"":""upper"",""side"":""output"",""toward_parent_x"":false,""wire"":3,""xy"":[749.0,165.5]},{""access"":[45.0,154.5],""edge"":""input:w2->waksman_8x8_s0_w2_3.in"",""endpoint"":""waksman_8x8_s0_w2_3.in"",""facing"":""W"",""logical_PSE_role"":""upper"",""parent_endpoint"":""I2"",""physical_PSE_role"":""lower"",""side"":""input"",""toward_parent_x"":true,""wire"":2,""xy"":[77.0,154.5]},{""access"":[797.0,154.5],""edge"":""output:waksman_8x8_s4_w2_3.th->w2"",""endpoint"":""waksman_8x8_s4_w2_3.th"",""facing"":""E"",""logical_PSE_role"":""upper"",""parent_endpoint"":""O2"",""physical_PSE_role"":""lower"",""side"":""output"",""toward_parent_x"":true,""wire"":2,""xy"":[765.0,154.5]},{""access"":[381.0,122.5],""edge"":""output:waksman_8x8_s2_w3_7.drop->w7"",""endpoint"":""waksman_8x8_s2_w3_7.drop"",""facing"":""W"",""logical_PSE_role"":""lower"",""parent_endpoint"":""O7"",""physical_PSE_role"":""lower"",""side"":""output"",""toward_parent_x"":false,""wire"":7,""xy"":[413.0,122.5]},{""access"":[125.0,37.5],""edge"":""input:w1->waksman_8x8_s0_w0_1.add"",""endpoint"":""waksman_8x8_s0_w0_1.add"",""facing"":""E"",""logical_PSE_role"":""lower"",""parent_endpoint"":""I1"",""physical_PSE_role"":""upper"",""side"":""input"",""toward_parent_x"":false,""wire"":1,""xy"":[93.0,37.5]},{""access"":[717.0,37.5],""edge"":""output:waksman_8x8_s4_w0_1.drop->w1"",""endpoint"":""waksman_8x8_s4_w0_1.drop"",""facing"":""W"",""logical_PSE_role"":""lower"",""parent_endpoint"":""O1"",""physical_PSE_role"":""upper"",""side"":""output"",""toward_parent_x"":false,""wire"":1,""xy"":[749.0,37.5]},{""access"":[45.0,26.5],""edge"":""input:w0->waksman_8x8_s0_w0_1.in"",""endpoint"":""waksman_8x8_s0_w0_1.in"",""facing"":""W"",""logical_PSE_role"":""upper"",""parent_endpoint"":""I0"",""physical_PSE_role"":""lower"",""side"":""input"",""toward_parent_x"":true,""wire"":0,""xy"":[77.0,26.5]},{""access"":[797.0,26.5],""edge"":""output:waksman_8x8_s4_w0_1.th->w0"",""endpoint"":""waksman_8x8_s4_w0_1.th"",""facing"":""E"",""logical_PSE_role"":""upper"",""parent_endpoint"":""O0"",""physical_PSE_role"":""lower"",""side"":""output"",""toward_parent_x"":true,""wire"":0,""xy"":[765.0,26.5]}]}",16,9,9,0.006072743486583931
root,8,"{""ordered_input_wires"":[0,1,2,3,4,5,6,7],""ordered_output_wires"":[0,1,2,3,4,5,6,7],""top_to_bottom"":[{""access"":[45.0,421.5],""edge"":""input:w0->waksman_8x8_s0_w0_1.in"",""endpoint"":""waksman_8x8_s0_w0_1.in"",""facing"":""W"",""logical_PSE_role"":""upper"",""parent_endpoint"":""I0"",""physical_PSE_role"":""upper"",""side"":""input"",""toward_parent_x"":true,""wire"":0,""xy"":[77.0,421.5]},{""access"":[797.0,421.5],""edge"":""output:waksman_8x8_s4_w0_1.th->w0"",""endpoint"":""waksman_8x8_s4_w0_1.th"",""facing"":""E"",""logical_PSE_role"":""upper"",""parent_endpoint"":""O0"",""physical_PSE_role"":""upper"",""side"":""output"",""toward_parent_x"":true,""wire"":0,""xy"":[765.0,421.5]},{""access"":[125.0,410.5],""edge"":""input:w1->waksman_8x8_s0_w0_1.add"",""endpoint"":""waksman_8x8_s0_w0_1.add"",""facing"":""E"",""logical_PSE_role"":""lower"",""parent_endpoint"":""I1"",""physical_PSE_role"":""lower"",""side"":""input"",""toward_parent_x"":false,""wire"":1,""xy"":[93.0,410.5]},{""access"":[717.0,410.5],""edge"":""output:waksman_8x8_s4_w0_1.drop->w1"",""endpoint"":""waksman_8x8_s4_w0_1.drop"",""facing"":""W"",""logical_PSE_role"":""lower"",""parent_endpoint"":""O1"",""physical_PSE_role"":""lower"",""side"":""output"",""toward_parent_x"":false,""wire"":1,""xy"":[749.0,410.5]},{""access"":[45.0,293.5],""edge"":""input:w2->waksman_8x8_s0_w2_3.in"",""endpoint"":""waksman_8x8_s0_w2_3.in"",""facing"":""W"",""logical_PSE_role"":""upper"",""parent_endpoint"":""I2"",""physical_PSE_role"":""upper"",""side"":""input"",""toward_parent_x"":true,""wire"":2,""xy"":[77.0,293.5]},{""access"":[797.0,293.5],""edge"":""output:waksman_8x8_s4_w2_3.th->w2"",""endpoint"":""waksman_8x8_s4_w2_3.th"",""facing"":""E"",""logical_PSE_role"":""upper"",""parent_endpoint"":""O2"",""physical_PSE_role"":""upper"",""side"":""output"",""toward_parent_x"":true,""wire"":2,""xy"":[765.0,293.5]},{""access"":[125.0,282.5],""edge"":""input:w3->waksman_8x8_s0_w2_3.add"",""endpoint"":""waksman_8x8_s0_w2_3.add"",""facing"":""E"",""logical_PSE_role"":""lower"",""parent_endpoint"":""I3"",""physical_PSE_role"":""lower"",""side"":""input"",""toward_parent_x"":false,""wire"":3,""xy"":[93.0,282.5]},{""access"":[717.0,282.5],""edge"":""output:waksman_8x8_s4_w2_3.drop->w3"",""endpoint"":""waksman_8x8_s4_w2_3.drop"",""facing"":""W"",""logical_PSE_role"":""lower"",""parent_endpoint"":""O3"",""physical_PSE_role"":""lower"",""side"":""output"",""toward_parent_x"":false,""wire"":3,""xy"":[749.0,282.5]},{""access"":[381.0,186.5],""edge"":""output:waksman_8x8_s2_w2_6.drop->w6"",""endpoint"":""waksman_8x8_s2_w2_6.drop"",""facing"":""W"",""logical_PSE_role"":""lower"",""parent_endpoint"":""O6"",""physical_PSE_role"":""lower"",""side"":""output"",""toward_parent_x"":false,""wire"":6,""xy"":[413.0,186.5]},{""access"":[45.0,165.5],""edge"":""input:w4->waksman_8x8_s0_w4_5.in"",""endpoint"":""waksman_8x8_s0_w4_5.in"",""facing"":""W"",""logical_PSE_role"":""upper"",""parent_endpoint"":""I4"",""physical_PSE_role"":""upper"",""side"":""input"",""toward_parent_x"":true,""wire"":4,""xy"":[77.0,165.5]},{""access"":[797.0,165.5],""edge"":""output:waksman_8x8_s4_w4_5.th->w4"",""endpoint"":""waksman_8x8_s4_w4_5.th"",""facing"":""E"",""logical_PSE_role"":""upper"",""parent_endpoint"":""O4"",""physical_PSE_role"":""upper"",""side"":""output"",""toward_parent_x"":true,""wire"":4,""xy"":[765.0,165.5]},{""access"":[125.0,154.5],""edge"":""input:w5->waksman_8x8_s0_w4_5.add"",""endpoint"":""waksman_8x8_s0_w4_5.add"",""facing"":""E"",""logical_PSE_role"":""lower"",""parent_endpoint"":""I5"",""physical_PSE_role"":""lower"",""side"":""input"",""toward_parent_x"":false,""wire"":5,""xy"":[93.0,154.5]},{""access"":[717.0,154.5],""edge"":""output:waksman_8x8_s4_w4_5.drop->w5"",""endpoint"":""waksman_8x8_s4_w4_5.drop"",""facing"":""W"",""logical_PSE_role"":""lower"",""parent_endpoint"":""O5"",""physical_PSE_role"":""lower"",""side"":""output"",""toward_parent_x"":false,""wire"":5,""xy"":[749.0,154.5]},{""access"":[381.0,133.5],""edge"":""output:waksman_8x8_s2_w3_7.drop->w7"",""endpoint"":""waksman_8x8_s2_w3_7.drop"",""facing"":""W"",""logical_PSE_role"":""lower"",""parent_endpoint"":""O7"",""physical_PSE_role"":""upper"",""side"":""output"",""toward_parent_x"":false,""wire"":7,""xy"":[413.0,133.5]},{""access"":[45.0,37.5],""edge"":""input:w6->waksman_8x8_s0_w6_7.in"",""endpoint"":""waksman_8x8_s0_w6_7.in"",""facing"":""W"",""logical_PSE_role"":""upper"",""parent_endpoint"":""I6"",""physical_PSE_role"":""upper"",""side"":""input"",""toward_parent_x"":true,""wire"":6,""xy"":[77.0,37.5]},{""access"":[125.0,26.5],""edge"":""input:w7->waksman_8x8_s0_w6_7.add"",""endpoint"":""waksman_8x8_s0_w6_7.add"",""facing"":""E"",""logical_PSE_role"":""lower"",""parent_endpoint"":""I7"",""physical_PSE_role"":""lower"",""side"":""input"",""toward_parent_x"":false,""wire"":7,""xy"":[93.0,26.5]}]}",16,9,9,0.0060747145471395925
root,8,"{""ordered_input_wires"":[0,1,2,3,4,5,6,7],""ordered_output_wires"":[0,1,2,3,4,5,6,7],""top_to_bottom"":[{""access"":[45.0,421.5],""edge"":""input:w0->waksman_8x8_s0_w0_1.in"",""endpoint"":""waksman_8x8_s0_w0_1.in"",""facing"":""W"",""logical_PSE_role"":""upper"",""parent_endpoint"":""I0"",""physical_PSE_role"":""upper"",""side"":""input"",""toward_parent_x"":true,""wire"":0,""xy"":[77.0,421.5]},{""access"":[797.0,421.5],""edge"":""output:waksman_8x8_s4_w0_1.th->w0"",""endpoint"":""waksman_8x8_s4_w0_1.th"",""facing"":""E"",""logical_PSE_role"":""upper"",""parent_endpoint"":""O0"",""physical_PSE_role"":""upper"",""side"":""output"",""toward_parent_x"":true,""wire"":0,""xy"":[765.0,421.5]},{""access"":[125.0,410.5],""edge"":""input:w1->waksman_8x8_s0_w0_1.add"",""endpoint"":""waksman_8x8_s0_w0_1.add"",""facing"":""E"",""logical_PSE_role"":""lower"",""parent_endpoint"":""I1"",""physical_PSE_role"":""lower"",""side"":""input"",""toward_parent_x"":false,""wire"":1,""xy"":[93.0,410.5]},{""access"":[717.0,410.5],""edge"":""output:waksman_8x8_s4_w0_1.drop->w1"",""endpoint"":""waksman_8x8_s4_w0_1.drop"",""facing"":""W"",""logical_PSE_role"":""lower"",""parent_endpoint"":""O1"",""physical_PSE_role"":""lower"",""side"":""output"",""toward_parent_x"":false,""wire"":1,""xy"":[749.0,410.5]},{""access"":[45.0,293.5],""edge"":""input:w2->waksman_8x8_s0_w2_3.in"",""endpoint"":""waksman_8x8_s0_w2_3.in"",""facing"":""W"",""logical_PSE_role"":""upper"",""parent_endpoint"":""I2"",""physical_PSE_role"":""upper"",""side"":""input"",""toward_parent_x"":true,""wire"":2,""xy"":[77.0,293.5]},{""access"":[797.0,293.5],""edge"":""output:waksman_8x8_s4_w2_3.th->w2"",""endpoint"":""waksman_8x8_s4_w2_3.th"",""facing"":""E"",""logical_PSE_role"":""upper"",""parent_endpoint"":""O2"",""physical_PSE_role"":""upper"",""side"":""output"",""toward_parent_x"":true,""wire"":2,""xy"":[765.0,293.5]},{""access"":[125.0,282.5],""edge"":""input:w3->waksman_8x8_s0_w2_3.add"",""endpoint"":""waksman_8x8_s0_w2_3.add"",""facing"":""E"",""logical_PSE_role"":""lower"",""parent_endpoint"":""I3"",""physical_PSE_role"":""lower"",""side"":""input"",""toward_parent_x"":false,""wire"":3,""xy"":[93.0,282.5]},{""access"":[717.0,282.5],""edge"":""output:waksman_8x8_s4_w2_3.drop->w3"",""endpoint"":""waksman_8x8_s4_w2_3.drop"",""facing"":""W"",""logical_PSE_role"":""lower"",""parent_endpoint"":""O3"",""physical_PSE_role"":""lower"",""side"":""output"",""toward_parent_x"":false,""wire"":3,""xy"":[749.0,282.5]},{""access"":[381.0,197.5],""edge"":""output:waksman_8x8_s2_w3_7.drop->w7"",""endpoint"":""waksman_8x8_s2_w3_7.drop"",""facing"":""W"",""logical_PSE_role"":""lower"",""parent_endpoint"":""O7"",""physical_PSE_role"":""upper"",""side"":""output"",""toward_parent_x"":false,""wire"":7,""xy"":[413.0,197.5]},{""access"":[45.0,165.5],""edge"":""input:w4->waksman_8x8_s0_w4_5.in"",""endpoint"":""waksman_8x8_s0_w4_5.in"",""facing"":""W"",""logical_PSE_role"":""upper"",""parent_endpoint"":""I4"",""physical_PSE_role"":""upper"",""side"":""input"",""toward_parent_x"":true,""wire"":4,""xy"":[77.0,165.5]},{""access"":[797.0,165.5],""edge"":""output:waksman_8x8_s4_w4_5.th->w4"",""endpoint"":""waksman_8x8_s4_w4_5.th"",""facing"":""E"",""logical_PSE_role"":""upper"",""parent_endpoint"":""O4"",""physical_PSE_role"":""upper"",""side"":""output"",""toward_parent_x"":true,""wire"":4,""xy"":[765.0,165.5]},{""access"":[125.0,154.5],""edge"":""input:w5->waksman_8x8_s0_w4_5.add"",""endpoint"":""waksman_8x8_s0_w4_5.add"",""facing"":""E"",""logical_PSE_role"":""lower"",""parent_endpoint"":""I5"",""physical_PSE_role"":""lower"",""side"":""input"",""toward_parent_x"":false,""wire"":5,""xy"":[93.0,154.5]},{""access"":[717.0,154.5],""edge"":""output:waksman_8x8_s4_w4_5.drop->w5"",""endpoint"":""waksman_8x8_s4_w4_5.drop"",""facing"":""W"",""logical_PSE_role"":""lower"",""parent_endpoint"":""O5"",""physical_PSE_role"":""lower"",""side"":""output"",""toward_parent_x"":false,""wire"":5,""xy"":[749.0,154.5]},{""access"":[381.0,122.5],""edge"":""output:waksman_8x8_s2_w2_6.drop->w6"",""endpoint"":""waksman_8x8_s2_w2_6.drop"",""facing"":""W"",""logical_PSE_role"":""lower"",""parent_endpoint"":""O6"",""physical_PSE_role"":""lower"",""side"":""output"",""toward_parent_x"":false,""wire"":6,""xy"":[413.0,122.5]},{""access"":[45.0,37.5],""edge"":""input:w6->waksman_8x8_s0_w6_7.in"",""endpoint"":""waksman_8x8_s0_w6_7.in"",""facing"":""W"",""logical_PSE_role"":""upper"",""parent_endpoint"":""I6"",""physical_PSE_role"":""upper"",""side"":""input"",""toward_parent_x"":true,""wire"":6,""xy"":[77.0,37.5]},{""access"":[125.0,26.5],""edge"":""input:w7->waksman_8x8_s0_w6_7.add"",""endpoint"":""waksman_8x8_s0_w6_7.add"",""facing"":""E"",""logical_PSE_role"":""lower"",""parent_endpoint"":""I7"",""physical_PSE_role"":""lower"",""side"":""input"",""toward_parent_x"":false,""wire"":7,""xy"":[93.0,26.5]}]}",16,9,9,0.006076689514884492
root,8,"{""ordered_input_wires"":[0,1,2,3,4,5,6,7],""ordered_output_wires"":[0,1,2,3,4,5,6,7],""top_to_bottom"":[{""access"":[125.0,421.5],""edge"":""input:w7->waksman_8x8_s0_w6_7.add"",""endpoint"":""waksman_8x8_s0_w6_7.add"",""facing"":""E"",""logical_PSE_role"":""lower"",""parent_endpoint"":""I7"",""physical_PSE_role"":""upper"",""side"":""input"",""toward_parent_x"":false,""wire"":7,""xy"":[93.0,421.5]},{""access"":[45.0,410.5],""edge"":""input:w6->waksman_8x8_s0_w6_7.in"",""endpoint"":""waksman_8x8_s0_w6_7.in"",""facing"":""W"",""logical_PSE_role"":""upper"",""parent_endpoint"":""I6"",""physical_PSE_role"":""lower"",""side"":""input"",""toward_parent_x"":true,""wire"":6,""xy"":[77.0,410.5]},{""access"":[381.0,314.5],""edge"":""output:waksman_8x8_s2_w3_7.drop->w7"",""endpoint"":""waksman_8x8_s2_w3_7.drop"",""facing"":""W"",""logical_PSE_role"":""lower"",""parent_endpoint"":""O7"",""physical_PSE_role"":""lower"",""side"":""output"",""toward_parent_x"":false,""wire"":7,""xy"":[413.0,314.5]},{""access"":[125.0,293.5],""edge"":""input:w5->waksman_8x8_s0_w4_5.add"",""endpoint"":""waksman_8x8_s0_w4_5.add"",""facing"":""E"",""logical_PSE_role"":""lower"",""parent_endpoint"":""I5"",""physical_PSE_role"":""upper"",""side"":""input"",""toward_parent_x"":false,""wire"":5,""xy"":[93.0,293.5]},{""access"":[717.0,293.5],""edge"":""output:waksman_8x8_s4_w4_5.drop->w5"",""endpoint"":""waksman_8x8_s4_w4_5.drop"",""facing"":""W"",""logical_PSE_role"":""lower"",""parent_endpoint"":""O5"",""physical_PSE_role"":""upper"",""side"":""output"",""toward_parent_x"":false,""wire"":5,""xy"":[749.0,293.5]},{""access"":[45.0,282.5],""edge"":""input:w4->waksman_8x8_s0_w4_5.in"",""endpoint"":""waksman_8x8_s0_w4_5.in"",""facing"":""W"",""logical_PSE_role"":""upper"",""parent_endpoint"":""I4"",""physical_PSE_role"":""lower"",""side"":""input"",""toward_parent_x"":true,""wire"":4,""xy"":[77.0,282.5]},{""access"":[797.0,282.5],""edge"":""output:waksman_8x8_s4_w4_5.th->w4"",""endpoint"":""waksman_8x8_s4_w4_5.th"",""facing"":""E"",""logical_PSE_role"":""upper"",""parent_endpoint"":""O4"",""physical_PSE_role"":""lower"",""side"":""output"",""toward_parent_x"":true,""wire"":4,""xy"":[765.0,282.5]},{""access"":[381.0,261.5],""edge"":""output:waksman_8x8_s2_w2_6.drop->w6"",""endpoint"":""waksman_8x8_s2_w2_6.drop"",""facing"":""W"",""logical_PSE_role"":""lower"",""parent_endpoint"":""O6"",""physical_PSE_role"":""upper"",""side"":""output"",""toward_parent_x"":false,""wire"":6,""xy"":[413.0,261.5]},{""access"":[125.0,165.5],""edge"":""input:w3->waksman_8x8_s0_w2_3.add"",""endpoint"":""waksman_8x8_s0_w2_3.add"",""facing"":""E"",""logical_PSE_role"":""lower"",""parent_endpoint"":""I3"",""physical_PSE_role"":""upper"",""side"":""input"",""toward_parent_x"":false,""wire"":3,""xy"":[93.0,165.5]},{""access"":[717.0,165.5],""edge"":""output:waksman_8x8_s4_w2_3.drop->w3"",""endpoint"":""waksman_8x8_s4_w2_3.drop"",""facing"":""W"",""logical_PSE_role"":""lower"",""parent_endpoint"":""O3"",""physical_PSE_role"":""upper"",""side"":""output"",""toward_parent_x"":false,""wire"":3,""xy"":[749.0,165.5]},{""access"":[45.0,154.5],""edge"":""input:w2->waksman_8x8_s0_w2_3.in"",""endpoint"":""waksman_8x8_s0_w2_3.in"",""facing"":""W"",""logical_PSE_role"":""upper"",""parent_endpoint"":""I2"",""physical_PSE_role"":""lower"",""side"":""input"",""toward_parent_x"":true,""wire"":2,""xy"":[77.0,154.5]},{""access"":[797.0,154.5],""edge"":""output:waksman_8x8_s4_w2_3.th->w2"",""endpoint"":""waksman_8x8_s4_w2_3.th"",""facing"":""E"",""logical_PSE_role"":""upper"",""parent_endpoint"":""O2"",""physical_PSE_role"":""lower"",""side"":""output"",""toward_parent_x"":true,""wire"":2,""xy"":[765.0,154.5]},{""access"":[125.0,37.5],""edge"":""input:w1->waksman_8x8_s0_w0_1.add"",""endpoint"":""waksman_8x8_s0_w0_1.add"",""facing"":""E"",""logical_PSE_role"":""lower"",""parent_endpoint"":""I1"",""physical_PSE_role"":""upper"",""side"":""input"",""toward_parent_x"":false,""wire"":1,""xy"":[93.0,37.5]},{""access"":[717.0,37.5],""edge"":""output:waksman_8x8_s4_w0_1.drop->w1"",""endpoint"":""waksman_8x8_s4_w0_1.drop"",""facing"":""W"",""logical_PSE_role"":""lower"",""parent_endpoint"":""O1"",""physical_PSE_role"":""upper"",""side"":""output"",""toward_parent_x"":false,""wire"":1,""xy"":[749.0,37.5]},{""access"":[45.0,26.5],""edge"":""input:w0->waksman_8x8_s0_w0_1.in"",""endpoint"":""waksman_8x8_s0_w0_1.in"",""facing"":""W"",""logical_PSE_role"":""upper"",""parent_endpoint"":""I0"",""physical_PSE_role"":""lower"",""side"":""input"",""toward_parent_x"":true,""wire"":0,""xy"":[77.0,26.5]},{""access"":[797.0,26.5],""edge"":""output:waksman_8x8_s4_w0_1.th->w0"",""endpoint"":""waksman_8x8_s4_w0_1.th"",""facing"":""E"",""logical_PSE_role"":""upper"",""parent_endpoint"":""O0"",""physical_PSE_role"":""lower"",""side"":""output"",""toward_parent_x"":true,""wire"":0,""xy"":[765.0,26.5]}]}",16,9,9,0.0060786156718677375
root,8,"{""ordered_input_wires"":[0,1,2,3,4,5,6,7],""ordered_output_wires"":[0,1,2,3,4,5,6,7],""top_to_bottom"":[{""access"":[125.0,421.5],""edge"":""input:w7->waksman_8x8_s0_w6_7.add"",""endpoint"":""waksman_8x8_s0_w6_7.add"",""facing"":""E"",""logical_PSE_role"":""lower"",""parent_endpoint"":""I7"",""physical_PSE_role"":""upper"",""side"":""input"",""toward_parent_x"":false,""wire"":7,""xy"":[93.0,421.5]},{""access"":[45.0,410.5],""edge"":""input:w6->waksman_8x8_s0_w6_7.in"",""endpoint"":""waksman_8x8_s0_w6_7.in"",""facing"":""W"",""logical_PSE_role"":""upper"",""parent_endpoint"":""I6"",""physical_PSE_role"":""lower"",""side"":""input"",""toward_parent_x"":true,""wire"":6,""xy"":[77.0,410.5]},{""access"":[381.0,325.5],""edge"":""output:waksman_8x8_s2_w2_6.drop->w6"",""endpoint"":""waksman_8x8_s2_w2_6.drop"",""facing"":""W"",""logical_PSE_role"":""lower"",""parent_endpoint"":""O6"",""physical_PSE_role"":""upper"",""side"":""output"",""toward_parent_x"":false,""wire"":6,""xy"":[413.0,325.5]},{""access"":[125.0,293.5],""edge"":""input:w5->waksman_8x8_s0_w4_5.add"",""endpoint"":""waksman_8x8_s0_w4_5.add"",""facing"":""E"",""logical_PSE_role"":""lower"",""parent_endpoint"":""I5"",""physical_PSE_role"":""upper"",""side"":""input"",""toward_parent_x"":false,""wire"":5,""xy"":[93.0,293.5]},{""access"":[717.0,293.5],""edge"":""output:waksman_8x8_s4_w4_5.drop->w5"",""endpoint"":""waksman_8x8_s4_w4_5.drop"",""facing"":""W"",""logical_PSE_role"":""lower"",""parent_endpoint"":""O5"",""physical_PSE_role"":""upper"",""side"":""output"",""toward_parent_x"":false,""wire"":5,""xy"":[749.0,293.5]},{""access"":[45.0,282.5],""edge"":""input:w4->waksman_8x8_s0_w4_5.in"",""endpoint"":""waksman_8x8_s0_w4_5.in"",""facing"":""W"",""logical_PSE_role"":""upper"",""parent_endpoint"":""I4"",""physical_PSE_role"":""lower"",""side"":""input"",""toward_parent_x"":true,""wire"":4,""xy"":[77.0,282.5]},{""access"":[797.0,282.5],""edge"":""output:waksman_8x8_s4_w4_5.th->w4"",""endpoint"":""waksman_8x8_s4_w4_5.th"",""facing"":""E"",""logical_PSE_role"":""upper"",""parent_endpoint"":""O4"",""physical_PSE_role"":""lower"",""side"":""output"",""toward_parent_x"":true,""wire"":4,""xy"":[765.0,282.5]},{""access"":[381.0,250.5],""edge"":""output:waksman_8x8_s2_w3_7.drop->w7"",""endpoint"":""waksman_8x8_s2_w3_7.drop"",""facing"":""W"",""logical_PSE_role"":""lower"",""parent_endpoint"":""O7"",""physical_PSE_role"":""lower"",""side"":""output"",""toward_parent_x"":false,""wire"":7,""xy"":[413.0,250.5]},{""access"":[125.0,165.5],""edge"":""input:w3->waksman_8x8_s0_w2_3.add"",""endpoint"":""waksman_8x8_s0_w2_3.add"",""facing"":""E"",""logical_PSE_role"":""lower"",""parent_endpoint"":""I3"",""physical_PSE_role"":""upper"",""side"":""input"",""toward_parent_x"":false,""wire"":3,""xy"":[93.0,165.5]},{""access"":[717.0,165.5],""edge"":""output:waksman_8x8_s4_w2_3.drop->w3"",""endpoint"":""waksman_8x8_s4_w2_3.drop"",""facing"":""W"",""logical_PSE_role"":""lower"",""parent_endpoint"":""O3"",""physical_PSE_role"":""upper"",""side"":""output"",""toward_parent_x"":false,""wire"":3,""xy"":[749.0,165.5]},{""access"":[45.0,154.5],""edge"":""input:w2->waksman_8x8_s0_w2_3.in"",""endpoint"":""waksman_8x8_s0_w2_3.in"",""facing"":""W"",""logical_PSE_role"":""upper"",""parent_endpoint"":""I2"",""physical_PSE_role"":""lower"",""side"":""input"",""toward_parent_x"":true,""wire"":2,""xy"":[77.0,154.5]},{""access"":[797.0,154.5],""edge"":""output:waksman_8x8_s4_w2_3.th->w2"",""endpoint"":""waksman_8x8_s4_w2_3.th"",""facing"":""E"",""logical_PSE_role"":""upper"",""parent_endpoint"":""O2"",""physical_PSE_role"":""lower"",""side"":""output"",""toward_parent_x"":true,""wire"":2,""xy"":[765.0,154.5]},{""access"":[125.0,37.5],""edge"":""input:w1->waksman_8x8_s0_w0_1.add"",""endpoint"":""waksman_8x8_s0_w0_1.add"",""facing"":""E"",""logical_PSE_role"":""lower"",""parent_endpoint"":""I1"",""physical_PSE_role"":""upper"",""side"":""input"",""toward_parent_x"":false,""wire"":1,""xy"":[93.0,37.5]},{""access"":[717.0,37.5],""edge"":""output:waksman_8x8_s4_w0_1.drop->w1"",""endpoint"":""waksman_8x8_s4_w0_1.drop"",""facing"":""W"",""logical_PSE_role"":""lower"",""parent_endpoint"":""O1"",""physical_PSE_role"":""upper"",""side"":""output"",""toward_parent_x"":false,""wire"":1,""xy"":[749.0,37.5]},{""access"":[45.0,26.5],""edge"":""input:w0->waksman_8x8_s0_w0_1.in"",""endpoint"":""waksman_8x8_s0_w0_1.in"",""facing"":""W"",""logical_PSE_role"":""upper"",""parent_endpoint"":""I0"",""physical_PSE_role"":""lower"",""side"":""input"",""toward_parent_x"":true,""wire"":0,""xy"":[77.0,26.5]},{""access"":[797.0,26.5],""edge"":""output:waksman_8x8_s4_w0_1.th->w0"",""endpoint"":""waksman_8x8_s4_w0_1.th"",""facing"":""E"",""logical_PSE_role"":""upper"",""parent_endpoint"":""O0"",""physical_PSE_role"":""lower"",""side"":""output"",""toward_parent_x"":true,""wire"":0,""xy"":[765.0,26.5]}]}",16,9,9,0.006080591891077347
root,8,"{""ordered_input_wires"":[0,1,2,3,4,5,6,7],""ordered_output_wires"":[0,1,2,3,4,5,6,7],""top_to_bottom"":[{""access"":[45.0,421.5],""edge"":""input:w0->waksman_8x8_s0_w0_1.in"",""endpoint"":""waksman_8x8_s0_w0_1.in"",""facing"":""W"",""logical_PSE_role"":""upper"",""parent_endpoint"":""I0"",""physical_PSE_role"":""upper"",""side"":""input"",""toward_parent_x"":true,""wire"":0,""xy"":[77.0,421.5]},{""access"":[797.0,421.5],""edge"":""output:waksman_8x8_s4_w0_1.th->w0"",""endpoint"":""waksman_8x8_s4_w0_1.th"",""facing"":""E"",""logical_PSE_role"":""upper"",""parent_endpoint"":""O0"",""physical_PSE_role"":""upper"",""side"":""output"",""toward_parent_x"":true,""wire"":0,""xy"":[765.0,421.5]},{""access"":[125.0,410.5],""edge"":""input:w1->waksman_8x8_s0_w0_1.add"",""endpoint"":""waksman_8x8_s0_w0_1.add"",""facing"":""E"",""logical_PSE_role"":""lower"",""parent_endpoint"":""I1"",""physical_PSE_role"":""lower"",""side"":""input"",""toward_parent_x"":false,""wire"":1,""xy"":[93.0,410.5]},{""access"":[717.0,410.5],""edge"":""output:waksman_8x8_s4_w0_1.drop->w1"",""endpoint"":""waksman_8x8_s4_w0_1.drop"",""facing"":""W"",""logical_PSE_role"":""lower"",""parent_endpoint"":""O1"",""physical_PSE_role"":""lower"",""side"":""output"",""toward_parent_x"":false,""wire"":1,""xy"":[749.0,410.5]},{""access"":[381.0,314.5],""edge"":""output:waksman_8x8_s2_w2_6.drop->w6"",""endpoint"":""waksman_8x8_s2_w2_6.drop"",""facing"":""W"",""logical_PSE_role"":""lower"",""parent_endpoint"":""O6"",""physical_PSE_role"":""lower"",""side"":""output"",""toward_parent_x"":false,""wire"":6,""xy"":[413.0,314.5]},{""access"":[45.0,293.5],""edge"":""input:w2->waksman_8x8_s0_w2_3.in"",""endpoint"":""waksman_8x8_s0_w2_3.in"",""facing"":""W"",""logical_PSE_role"":""upper"",""parent_endpoint"":""I2"",""physical_PSE_role"":""upper"",""side"":""input"",""toward_parent_x"":true,""wire"":2,""xy"":[77.0,293.5]},{""access"":[797.0,293.5],""edge"":""output:waksman_8x8_s4_w2_3.th->w2"",""endpoint"":""waksman_8x8_s4_w2_3.th"",""facing"":""E"",""logical_PSE_role"":""upper"",""parent_endpoint"":""O2"",""physical_PSE_role"":""upper"",""side"":""output"",""toward_parent_x"":true,""wire"":2,""xy"":[765.0,293.5]},{""access"":[125.0,282.5],""edge"":""input:w3->waksman_8x8_s0_w2_3.add"",""endpoint"":""waksman_8x8_s0_w2_3.add"",""facing"":""E"",""logical_PSE_role"":""lower"",""parent_endpoint"":""I3"",""physical_PSE_role"":""lower"",""side"":""input"",""toward_parent_x"":false,""wire"":3,""xy"":[93.0,282.5]},{""access"":[717.0,282.5],""edge"":""output:waksman_8x8_s4_w2_3.drop->w3"",""endpoint"":""waksman_8x8_s4_w2_3.drop"",""facing"":""W"",""logical_PSE_role"":""lower"",""parent_endpoint"":""O3"",""physical_PSE_role"":""lower"",""side"":""output"",""toward_parent_x"":false,""wire"":3,""xy"":[749.0,282.5]},{""access"":[45.0,165.5],""edge"":""input:w4->waksman_8x8_s0_w4_5.in"",""endpoint"":""waksman_8x8_s0_w4_5.in"",""facing"":""W"",""logical_PSE_role"":""upper"",""parent_endpoint"":""I4"",""physical_PSE_role"":""upper"",""side"":""input"",""toward_parent_x"":true,""wire"":4,""xy"":[77.0,165.5]},{""access"":[797.0,165.5],""edge"":""output:waksman_8x8_s4_w4_5.th->w4"",""endpoint"":""waksman_8x8_s4_w4_5.th"",""facing"":""E"",""logical_PSE_role"":""upper"",""parent_endpoint"":""O4"",""physical_PSE_role"":""upper"",""side"":""output"",""toward_parent_x"":true,""wire"":4,""xy"":[765.0,165.5]},{""access"":[125.0,154.5],""edge"":""input:w5->waksman_8x8_s0_w4_5.add"",""endpoint"":""waksman_8x8_s0_w4_5.add"",""facing"":""E"",""logical_PSE_role"":""lower"",""parent_endpoint"":""I5"",""physical_PSE_role"":""lower"",""side"":""input"",""toward_parent_x"":false,""wire"":5,""xy"":[93.0,154.5]},{""access"":[717.0,154.5],""edge"":""output:waksman_8x8_s4_w4_5.drop->w5"",""endpoint"":""waksman_8x8_s4_w4_5.drop"",""facing"":""W"",""logical_PSE_role"":""lower"",""parent_endpoint"":""O5"",""physical_PSE_role"":""lower"",""side"":""output"",""toward_parent_x"":false,""wire"":5,""xy"":[749.0,154.5]},{""access"":[381.0,122.5],""edge"":""output:waksman_8x8_s2_w3_7.drop->w7"",""endpoint"":""waksman_8x8_s2_w3_7.drop"",""facing"":""W"",""logical_PSE_role"":""lower"",""parent_endpoint"":""O7"",""physical_PSE_role"":""lower"",""side"":""output"",""toward_parent_x"":false,""wire"":7,""xy"":[413.0,122.5]},{""access"":[45.0,37.5],""edge"":""input:w6->waksman_8x8_s0_w6_7.in"",""endpoint"":""waksman_8x8_s0_w6_7.in"",""facing"":""W"",""logical_PSE_role"":""upper"",""parent_endpoint"":""I6"",""physical_PSE_role"":""upper"",""side"":""input"",""toward_parent_x"":true,""wire"":6,""xy"":[77.0,37.5]},{""access"":[125.0,26.5],""edge"":""input:w7->waksman_8x8_s0_w6_7.add"",""endpoint"":""waksman_8x8_s0_w6_7.add"",""facing"":""E"",""logical_PSE_role"":""lower"",""parent_endpoint"":""I7"",""physical_PSE_role"":""lower"",""side"":""input"",""toward_parent_x"":false,""wire"":7,""xy"":[93.0,26.5]}]}",16,9,9,0.006082613032049267
root,8,"{""ordered_input_wires"":[0,1,2,3,4,5,6,7],""ordered_output_wires"":[0,1,2,3,4,5,6,7],""top_to_bottom"":[{""access"":[45.0,421.5],""edge"":""input:w0->waksman_8x8_s0_w0_1.in"",""endpoint"":""waksman_8x8_s0_w0_1.in"",""facing"":""W"",""logical_PSE_role"":""upper"",""parent_endpoint"":""I0"",""physical_PSE_role"":""upper"",""side"":""input"",""toward_parent_x"":true,""wire"":0,""xy"":[77.0,421.5]},{""access"":[797.0,421.5],""edge"":""output:waksman_8x8_s4_w0_1.th->w0"",""endpoint"":""waksman_8x8_s4_w0_1.th"",""facing"":""E"",""logical_PSE_role"":""upper"",""parent_endpoint"":""O0"",""physical_PSE_role"":""upper"",""side"":""output"",""toward_parent_x"":true,""wire"":0,""xy"":[765.0,421.5]},{""access"":[125.0,410.5],""edge"":""input:w1->waksman_8x8_s0_w0_1.add"",""endpoint"":""waksman_8x8_s0_w0_1.add"",""facing"":""E"",""logical_PSE_role"":""lower"",""parent_endpoint"":""I1"",""physical_PSE_role"":""lower"",""side"":""input"",""toward_parent_x"":false,""wire"":1,""xy"":[93.0,410.5]},{""access"":[717.0,410.5],""edge"":""output:waksman_8x8_s4_w0_1.drop->w1"",""endpoint"":""waksman_8x8_s4_w0_1.drop"",""facing"":""W"",""logical_PSE_role"":""lower"",""parent_endpoint"":""O1"",""physical_PSE_role"":""lower"",""side"":""output"",""toward_parent_x"":false,""wire"":1,""xy"":[749.0,410.5]},{""access"":[45.0,293.5],""edge"":""input:w2->waksman_8x8_s0_w2_3.in"",""endpoint"":""waksman_8x8_s0_w2_3.in"",""facing"":""W"",""logical_PSE_role"":""upper"",""parent_endpoint"":""I2"",""physical_PSE_role"":""upper"",""side"":""input"",""toward_parent_x"":true,""wire"":2,""xy"":[77.0,293.5]},{""access"":[797.0,293.5],""edge"":""output:waksman_8x8_s4_w2_3.th->w2"",""endpoint"":""waksman_8x8_s4_w2_3.th"",""facing"":""E"",""logical_PSE_role"":""upper"",""parent_endpoint"":""O2"",""physical_PSE_role"":""upper"",""side"":""output"",""toward_parent_x"":true,""wire"":2,""xy"":[765.0,293.5]},{""access"":[125.0,282.5],""edge"":""input:w3->waksman_8x8_s0_w2_3.add"",""endpoint"":""waksman_8x8_s0_w2_3.add"",""facing"":""E"",""logical_PSE_role"":""lower"",""parent_endpoint"":""I3"",""physical_PSE_role"":""lower"",""side"":""input"",""toward_parent_x"":false,""wire"":3,""xy"":[93.0,282.5]},{""access"":[717.0,282.5],""edge"":""output:waksman_8x8_s4_w2_3.drop->w3"",""endpoint"":""waksman_8x8_s4_w2_3.drop"",""facing"":""W"",""logical_PSE_role"":""lower"",""parent_endpoint"":""O3"",""physical_PSE_role"":""lower"",""side"":""output"",""toward_parent_x"":false,""wire"":3,""xy"":[749.0,282.5]},{""access"":[381.0,250.5],""edge"":""output:waksman_8x8_s2_w2_6.drop->w6"",""endpoint"":""waksman_8x8_s2_w2_6.drop"",""facing"":""W"",""logical_PSE_role"":""lower"",""parent_endpoint"":""O6"",""physical_PSE_role"":""lower"",""side"":""output"",""toward_parent_x"":false,""wire"":6,""xy"":[413.0,250.5]},{""access"":[381.0,186.5],""edge"":""output:waksman_8x8_s2_w3_7.drop->w7"",""endpoint"":""waksman_8x8_s2_w3_7.drop"",""facing"":""W"",""logical_PSE_role"":""lower"",""parent_endpoint"":""O7"",""physical_PSE_role"":""lower"",""side"":""output"",""toward_parent_x"":false,""wire"":7,""xy"":[413.0,186.5]},{""access"":[45.0,165.5],""edge"":""input:w4->waksman_8x8_s0_w4_5.in"",""endpoint"":""waksman_8x8_s0_w4_5.in"",""facing"":""W"",""logical_PSE_role"":""upper"",""parent_endpoint"":""I4"",""physical_PSE_role"":""upper"",""side"":""input"",""toward_parent_x"":true,""wire"":4,""xy"":[77.0,165.5]},{""access"":[797.0,165.5],""edge"":""output:waksman_8x8_s4_w4_5.th->w4"",""endpoint"":""waksman_8x8_s4_w4_5.th"",""facing"":""E"",""logical_PSE_role"":""upper"",""parent_endpoint"":""O4"",""physical_PSE_role"":""upper"",""side"":""output"",""toward_parent_x"":true,""wire"":4,""xy"":[765.0,165.5]},{""access"":[125.0,154.5],""edge"":""input:w5->waksman_8x8_s0_w4_5.add"",""endpoint"":""waksman_8x8_s0_w4_5.add"",""facing"":""E"",""logical_PSE_role"":""lower"",""parent_endpoint"":""I5"",""physical_PSE_role"":""lower"",""side"":""input"",""toward_parent_x"":false,""wire"":5,""xy"":[93.0,154.5]},{""access"":[717.0,154.5],""edge"":""output:waksman_8x8_s4_w4_5.drop->w5"",""endpoint"":""waksman_8x8_s4_w4_5.drop"",""facing"":""W"",""logical_PSE_role"":""lower"",""parent_endpoint"":""O5"",""physical_PSE_role"":""lower"",""side"":""output"",""toward_parent_x"":false,""wire"":5,""xy"":[749.0,154.5]},{""access"":[45.0,37.5],""edge"":""input:w6->waksman_8x8_s0_w6_7.in"",""endpoint"":""waksman_8x8_s0_w6_7.in"",""facing"":""W"",""logical_PSE_role"":""upper"",""parent_endpoint"":""I6"",""physical_PSE_role"":""upper"",""side"":""input"",""toward_parent_x"":true,""wire"":6,""xy"":[77.0,37.5]},{""access"":[125.0,26.5],""edge"":""input:w7->waksman_8x8_s0_w6_7.add"",""endpoint"":""waksman_8x8_s0_w6_7.add"",""facing"":""E"",""logical_PSE_role"":""lower"",""parent_endpoint"":""I7"",""physical_PSE_role"":""lower"",""side"":""input"",""toward_parent_x"":false,""wire"":7,""xy"":[93.0,26.5]}]}",16,9,9,0.0060846410488011315
root,8,"{""ordered_input_wires"":[0,1,2,3,4,5,6,7],""ordered_output_wires"":[0,1,2,3,4,5,6,7],""top_to_bottom"":[{""access"":[125.0,421.5],""edge"":""input:w7->waksman_8x8_s0_w6_7.add"",""endpoint"":""waksman_8x8_s0_w6_7.add"",""facing"":""E"",""logical_PSE_role"":""lower"",""parent_endpoint"":""I7"",""physical_PSE_role"":""upper"",""side"":""input"",""toward_parent_x"":false,""wire"":7,""xy"":[93.0,421.5]},{""access"":[45.0,410.5],""edge"":""input:w6->waksman_8x8_s0_w6_7.in"",""endpoint"":""waksman_8x8_s0_w6_7.in"",""facing"":""W"",""logical_PSE_role"":""upper"",""parent_endpoint"":""I6"",""physical_PSE_role"":""lower"",""side"":""input"",""toward_parent_x"":true,""wire"":6,""xy"":[77.0,410.5]},{""access"":[381.0,325.5],""edge"":""output:waksman_8x8_s2_w3_7.drop->w7"",""endpoint"":""waksman_8x8_s2_w3_7.drop"",""facing"":""W"",""logical_PSE_role"":""lower"",""parent_endpoint"":""O7"",""physical_PSE_role"":""upper"",""side"":""output"",""toward_parent_x"":false,""wire"":7,""xy"":[413.0,325.5]},{""access"":[125.0,293.5],""edge"":""input:w5->waksman_8x8_s0_w4_5.add"",""endpoint"":""waksman_8x8_s0_w4_5.add"",""facing"":""E"",""logical_PSE_role"":""lower"",""parent_endpoint"":""I5"",""physical_PSE_role"":""upper"",""side"":""input"",""toward_parent_x"":false,""wire"":5,""xy"":[93.0,293.5]},{""access"":[717.0,293.5],""edge"":""output:waksman_8x8_s4_w4_5.drop->w5"",""endpoint"":""waksman_8x8_s4_w4_5.drop"",""facing"":""W"",""logical_PSE_role"":""lower"",""parent_endpoint"":""O5"",""physical_PSE_role"":""upper"",""side"":""output"",""toward_parent_x"":false,""wire"":5,""xy"":[749.0,293.5]},{""access"":[45.0,282.5],""edge"":""input:w4->waksman_8x8_s0_w4_5.in"",""endpoint"":""waksman_8x8_s0_w4_5.in"",""facing"":""W"",""logical_PSE_role"":""upper"",""parent_endpoint"":""I4"",""physical_PSE_role"":""lower"",""side"":""input"",""toward_parent_x"":true,""wire"":4,""xy"":[77.0,282.5]},{""access"":[797.0,282.5],""edge"":""output:waksman_8x8_s4_w4_5.th->w4"",""endpoint"":""waksman_8x8_s4_w4_5.th"",""facing"":""E"",""logical_PSE_role"":""upper"",""parent_endpoint"":""O4"",""physical_PSE_role"":""lower"",""side"":""output"",""toward_parent_x"":true,""wire"":4,""xy"":[765.0,282.5]},{""access"":[125.0,165.5],""edge"":""input:w3->waksman_8x8_s0_w2_3.add"",""endpoint"":""waksman_8x8_s0_w2_3.add"",""facing"":""E"",""logical_PSE_role"":""lower"",""parent_endpoint"":""I3"",""physical_PSE_role"":""upper"",""side"":""input"",""toward_parent_x"":false,""wire"":3,""xy"":[93.0,165.5]},{""access"":[717.0,165.5],""edge"":""output:waksman_8x8_s4_w2_3.drop->w3"",""endpoint"":""waksman_8x8_s4_w2_3.drop"",""facing"":""W"",""logical_PSE_role"":""lower"",""parent_endpoint"":""O3"",""physical_PSE_role"":""upper"",""side"":""output"",""toward_parent_x"":false,""wire"":3,""xy"":[749.0,165.5]},{""access"":[45.0,154.5],""edge"":""input:w2->waksman_8x8_s0_w2_3.in"",""endpoint"":""waksman_8x8_s0_w2_3.in"",""facing"":""W"",""logical_PSE_role"":""upper"",""parent_endpoint"":""I2"",""physical_PSE_role"":""lower"",""side"":""input"",""toward_parent_x"":true,""wire"":2,""xy"":[77.0,154.5]},{""access"":[797.0,154.5],""edge"":""output:waksman_8x8_s4_w2_3.th->w2"",""endpoint"":""waksman_8x8_s4_w2_3.th"",""facing"":""E"",""logical_PSE_role"":""upper"",""parent_endpoint"":""O2"",""physical_PSE_role"":""lower"",""side"":""output"",""toward_parent_x"":true,""wire"":2,""xy"":[765.0,154.5]},{""access"":[381.0,133.5],""edge"":""output:waksman_8x8_s2_w2_6.drop->w6"",""endpoint"":""waksman_8x8_s2_w2_6.drop"",""facing"":""W"",""logical_PSE_role"":""lower"",""parent_endpoint"":""O6"",""physical_PSE_role"":""upper"",""side"":""output"",""toward_parent_x"":false,""wire"":6,""xy"":[413.0,133.5]},{""access"":[125.0,37.5],""edge"":""input:w1->waksman_8x8_s0_w0_1.add"",""endpoint"":""waksman_8x8_s0_w0_1.add"",""facing"":""E"",""logical_PSE_role"":""lower"",""parent_endpoint"":""I1"",""physical_PSE_role"":""upper"",""side"":""input"",""toward_parent_x"":false,""wire"":1,""xy"":[93.0,37.5]},{""access"":[717.0,37.5],""edge"":""output:waksman_8x8_s4_w0_1.drop->w1"",""endpoint"":""waksman_8x8_s4_w0_1.drop"",""facing"":""W"",""logical_PSE_role"":""lower"",""parent_endpoint"":""O1"",""physical_PSE_role"":""upper"",""side"":""output"",""toward_parent_x"":false,""wire"":1,""xy"":[749.0,37.5]},{""access"":[45.0,26.5],""edge"":""input:w0->waksman_8x8_s0_w0_1.in"",""endpoint"":""waksman_8x8_s0_w0_1.in"",""facing"":""W"",""logical_PSE_role"":""upper"",""parent_endpoint"":""I0"",""physical_PSE_role"":""lower"",""side"":""input"",""toward_parent_x"":true,""wire"":0,""xy"":[77.0,26.5]},{""access"":[797.0,26.5],""edge"":""output:waksman_8x8_s4_w0_1.th->w0"",""endpoint"":""waksman_8x8_s4_w0_1.th"",""facing"":""E"",""logical_PSE_role"":""upper"",""parent_endpoint"":""O0"",""physical_PSE_role"":""lower"",""side"":""output"",""toward_parent_x"":true,""wire"":0,""xy"":[765.0,26.5]}]}",16,9,9,0.006086613517254591
root,8,"{""ordered_input_wires"":[0,1,2,3,4,5,6,7],""ordered_output_wires"":[0,1,2,3,4,5,6,7],""top_to_bottom"":[{""access"":[125.0,421.5],""edge"":""input:w7->waksman_8x8_s0_w6_7.add"",""endpoint"":""waksman_8x8_s0_w6_7.add"",""facing"":""E"",""logical_PSE_role"":""lower"",""parent_endpoint"":""I7"",""physical_PSE_role"":""upper"",""side"":""input"",""toward_parent_x"":false,""wire"":7,""xy"":[93.0,421.5]},{""access"":[45.0,410.5],""edge"":""input:w6->waksman_8x8_s0_w6_7.in"",""endpoint"":""waksman_8x8_s0_w6_7.in"",""facing"":""W"",""logical_PSE_role"":""upper"",""parent_endpoint"":""I6"",""physical_PSE_role"":""lower"",""side"":""input"",""toward_parent_x"":true,""wire"":6,""xy"":[77.0,410.5]},{""access"":[125.0,293.5],""edge"":""input:w5->waksman_8x8_s0_w4_5.add"",""endpoint"":""waksman_8x8_s0_w4_5.add"",""facing"":""E"",""logical_PSE_role"":""lower"",""parent_endpoint"":""I5"",""physical_PSE_role"":""upper"",""side"":""input"",""toward_parent_x"":false,""wire"":5,""xy"":[93.0,293.5]},{""access"":[717.0,293.5],""edge"":""output:waksman_8x8_s4_w4_5.drop->w5"",""endpoint"":""waksman_8x8_s4_w4_5.drop"",""facing"":""W"",""logical_PSE_role"":""lower"",""parent_endpoint"":""O5"",""physical_PSE_role"":""upper"",""side"":""output"",""toward_parent_x"":false,""wire"":5,""xy"":[749.0,293.5]},{""access"":[45.0,282.5],""edge"":""input:w4->waksman_8x8_s0_w4_5.in"",""endpoint"":""waksman_8x8_s0_w4_5.in"",""facing"":""W"",""logical_PSE_role"":""upper"",""parent_endpoint"":""I4"",""physical_PSE_role"":""lower"",""side"":""input"",""toward_parent_x"":true,""wire"":4,""xy"":[77.0,282.5]},{""access"":[797.0,282.5],""edge"":""output:waksman_8x8_s4_w4_5.th->w4"",""endpoint"":""waksman_8x8_s4_w4_5.th"",""facing"":""E"",""logical_PSE_role"":""upper"",""parent_endpoint"":""O4"",""physical_PSE_role"":""lower"",""side"":""output"",""toward_parent_x"":true,""wire"":4,""xy"":[765.0,282.5]},{""access"":[381.0,261.5],""edge"":""output:waksman_8x8_s2_w3_7.drop->w7"",""endpoint"":""waksman_8x8_s2_w3_7.drop"",""facing"":""W"",""logical_PSE_role"":""lower"",""parent_endpoint"":""O7"",""physical_PSE_role"":""upper"",""side"":""output"",""toward_parent_x"":false,""wire"":7,""xy"":[413.0,261.5]},{""access"":[381.0,197.5],""edge"":""output:waksman_8x8_s2_w2_6.drop->w6"",""endpoint"":""waksman_8x8_s2_w2_6.drop"",""facing"":""W"",""logical_PSE_role"":""lower"",""parent_endpoint"":""O6"",""physical_PSE_role"":""upper"",""side"":""output"",""toward_parent_x"":false,""wire"":6,""xy"":[413.0,197.5]},{""access"":[125.0,165.5],""edge"":""input:w3->waksman_8x8_s0_w2_3.add"",""endpoint"":""waksman_8x8_s0_w2_3.add"",""facing"":""E"",""logical_PSE_role"":""lower"",""parent_endpoint"":""I3"",""physical_PSE_role"":""upper"",""side"":""input"",""toward_parent_x"":false,""wire"":3,""xy"":[93.0,165.5]},{""access"":[717.0,165.5],""edge"":""output:waksman_8x8_s4_w2_3.drop->w3"",""endpoint"":""waksman_8x8_s4_w2_3.drop"",""facing"":""W"",""logical_PSE_role"":""lower"",""parent_endpoint"":""O3"",""physical_PSE_role"":""upper"",""side"":""output"",""toward_parent_x"":false,""wire"":3,""xy"":[749.0,165.5]},{""access"":[45.0,154.5],""edge"":""input:w2->waksman_8x8_s0_w2_3.in"",""endpoint"":""waksman_8x8_s0_w2_3.in"",""facing"":""W"",""logical_PSE_role"":""upper"",""parent_endpoint"":""I2"",""physical_PSE_role"":""lower"",""side"":""input"",""toward_parent_x"":true,""wire"":2,""xy"":[77.0,154.5]},{""access"":[797.0,154.5],""edge"":""output:waksman_8x8_s4_w2_3.th->w2"",""endpoint"":""waksman_8x8_s4_w2_3.th"",""facing"":""E"",""logical_PSE_role"":""upper"",""parent_endpoint"":""O2"",""physical_PSE_role"":""lower"",""side"":""output"",""toward_parent_x"":true,""wire"":2,""xy"":[765.0,154.5]},{""access"":[125.0,37.5],""edge"":""input:w1->waksman_8x8_s0_w0_1.add"",""endpoint"":""waksman_8x8_s0_w0_1.add"",""facing"":""E"",""logical_PSE_role"":""lower"",""parent_endpoint"":""I1"",""physical_PSE_role"":""upper"",""side"":""input"",""toward_parent_x"":false,""wire"":1,""xy"":[93.0,37.5]},{""access"":[717.0,37.5],""edge"":""output:waksman_8x8_s4_w0_1.drop->w1"",""endpoint"":""waksman_8x8_s4_w0_1.drop"",""facing"":""W"",""logical_PSE_role"":""lower"",""parent_endpoint"":""O1"",""physical_PSE_role"":""upper"",""side"":""output"",""toward_parent_x"":false,""wire"":1,""xy"":[749.0,37.5]},{""access"":[45.0,26.5],""edge"":""input:w0->waksman_8x8_s0_w0_1.in"",""endpoint"":""waksman_8x8_s0_w0_1.in"",""facing"":""W"",""logical_PSE_role"":""upper"",""parent_endpoint"":""I0"",""physical_PSE_role"":""lower"",""side"":""input"",""toward_parent_x"":true,""wire"":0,""xy"":[77.0,26.5]},{""access"":[797.0,26.5],""edge"":""output:waksman_8x8_s4_w0_1.th->w0"",""endpoint"":""waksman_8x8_s4_w0_1.th"",""facing"":""E"",""logical_PSE_role"":""upper"",""parent_endpoint"":""O0"",""physical_PSE_role"":""lower"",""side"":""output"",""toward_parent_x"":true,""wire"":0,""xy"":[765.0,26.5]}]}",16,9,9,0.00608856643884792
root,8,"{""ordered_input_wires"":[0,1,2,3,4,5,6,7],""ordered_output_wires"":[0,1,2,3,4,5,6,7],""top_to_bottom"":[{""access"":[45.0,421.5],""edge"":""input:w0->waksman_8x8_s0_w0_1.in"",""endpoint"":""waksman_8x8_s0_w0_1.in"",""facing"":""W"",""logical_PSE_role"":""upper"",""parent_endpoint"":""I0"",""physical_PSE_role"":""upper"",""side"":""input"",""toward_parent_x"":true,""wire"":0,""xy"":[77.0,421.5]},{""access"":[797.0,421.5],""edge"":""output:waksman_8x8_s4_w0_1.th->w0"",""endpoint"":""waksman_8x8_s4_w0_1.th"",""facing"":""E"",""logical_PSE_role"":""upper"",""parent_endpoint"":""O0"",""physical_PSE_role"":""upper"",""side"":""output"",""toward_parent_x"":true,""wire"":0,""xy"":[765.0,421.5]},{""access"":[125.0,410.5],""edge"":""input:w1->waksman_8x8_s0_w0_1.add"",""endpoint"":""waksman_8x8_s0_w0_1.add"",""facing"":""E"",""logical_PSE_role"":""lower"",""parent_endpoint"":""I1"",""physical_PSE_role"":""lower"",""side"":""input"",""toward_parent_x"":false,""wire"":1,""xy"":[93.0,410.5]},{""access"":[717.0,410.5],""edge"":""output:waksman_8x8_s4_w0_1.drop->w1"",""endpoint"":""waksman_8x8_s4_w0_1.drop"",""facing"":""W"",""logical_PSE_role"":""lower"",""parent_endpoint"":""O1"",""physical_PSE_role"":""lower"",""side"":""output"",""toward_parent_x"":false,""wire"":1,""xy"":[749.0,410.5]},{""access"":[381.0,314.5],""edge"":""output:waksman_8x8_s2_w2_6.drop->w6"",""endpoint"":""waksman_8x8_s2_w2_6.drop"",""facing"":""W"",""logical_PSE_role"":""lower"",""parent_endpoint"":""O6"",""physical_PSE_role"":""lower"",""side"":""output"",""toward_parent_x"":false,""wire"":6,""xy"":[413.0,314.5]},{""access"":[45.0,293.5],""edge"":""input:w2->waksman_8x8_s0_w2_3.in"",""endpoint"":""waksman_8x8_s0_w2_3.in"",""facing"":""W"",""logical_PSE_role"":""upper"",""parent_endpoint"":""I2"",""physical_PSE_role"":""upper"",""side"":""input"",""toward_parent_x"":true,""wire"":2,""xy"":[77.0,293.5]},{""access"":[797.0,293.5],""edge"":""output:waksman_8x8_s4_w2_3.th->w2"",""endpoint"":""waksman_8x8_s4_w2_3.th"",""facing"":""E"",""logical_PSE_role"":""upper"",""parent_endpoint"":""O2"",""physical_PSE_role"":""upper"",""side"":""output"",""toward_parent_x"":true,""wire"":2,""xy"":[765.0,293.5]},{""access"":[125.0,282.5],""edge"":""input:w3->waksman_8x8_s0_w2_3.add"",""endpoint"":""waksman_8x8_s0_w2_3.add"",""facing"":""E"",""logical_PSE_role"":""lower"",""parent_endpoint"":""I3"",""physical_PSE_role"":""lower"",""side"":""input"",""toward_parent_x"":false,""wire"":3,""xy"":[93.0,282.5]},{""access"":[717.0,282.5],""edge"":""output:waksman_8x8_s4_w2_3.drop->w3"",""endpoint"":""waksman_8x8_s4_w2_3.drop"",""facing"":""W"",""logical_PSE_role"":""lower"",""parent_endpoint"":""O3"",""physical_PSE_role"":""lower"",""side"":""output"",""toward_parent_x"":false,""wire"":3,""xy"":[749.0,282.5]},{""access"":[381.0,250.5],""edge"":""output:waksman_8x8_s2_w3_7.drop->w7"",""endpoint"":""waksman_8x8_s2_w3_7.drop"",""facing"":""W"",""logical_PSE_role"":""lower"",""parent_endpoint"":""O7"",""physical_PSE_role"":""lower"",""side"":""output"",""toward_parent_x"":false,""wire"":7,""xy"":[413.0,250.5]},{""access"":[45.0,165.5],""edge"":""input:w4->waksman_8x8_s0_w4_5.in"",""endpoint"":""waksman_8x8_s0_w4_5.in"",""facing"":""W"",""logical_PSE_role"":""upper"",""parent_endpoint"":""I4"",""physical_PSE_role"":""upper"",""side"":""input"",""toward_parent_x"":true,""wire"":4,""xy"":[77.0,165.5]},{""access"":[797.0,165.5],""edge"":""output:waksman_8x8_s4_w4_5.th->w4"",""endpoint"":""waksman_8x8_s4_w4_5.th"",""facing"":""E"",""logical_PSE_role"":""upper"",""parent_endpoint"":""O4"",""physical_PSE_role"":""upper"",""side"":""output"",""toward_parent_x"":true,""wire"":4,""xy"":[765.0,165.5]},{""access"":[125.0,154.5],""edge"":""input:w5->waksman_8x8_s0_w4_5.add"",""endpoint"":""waksman_8x8_s0_w4_5.add"",""facing"":""E"",""logical_PSE_role"":""lower"",""parent_endpoint"":""I5"",""physical_PSE_role"":""lower"",""side"":""input"",""toward_parent_x"":false,""wire"":5,""xy"":[93.0,154.5]},{""access"":[717.0,154.5],""edge"":""output:waksman_8x8_s4_w4_5.drop->w5"",""endpoint"":""waksman_8x8_s4_w4_5.drop"",""facing"":""W"",""logical_PSE_role"":""lower"",""parent_endpoint"":""O5"",""physical_PSE_role"":""lower"",""side"":""output"",""toward_parent_x"":false,""wire"":5,""xy"":[749.0,154.5]},{""access"":[45.0,37.5],""edge"":""input:w6->waksman_8x8_s0_w6_7.in"",""endpoint"":""waksman_8x8_s0_w6_7.in"",""facing"":""W"",""logical_PSE_role"":""upper"",""parent_endpoint"":""I6"",""physical_PSE_role"":""upper"",""side"":""input"",""toward_parent_x"":true,""wire"":6,""xy"":[77.0,37.5]},{""access"":[125.0,26.5],""edge"":""input:w7->waksman_8x8_s0_w6_7.add"",""endpoint"":""waksman_8x8_s0_w6_7.add"",""facing"":""E"",""logical_PSE_role"":""lower"",""parent_endpoint"":""I7"",""physical_PSE_role"":""lower"",""side"":""input"",""toward_parent_x"":false,""wire"":7,""xy"":[93.0,26.5]}]}",16,9,9,0.006090562375902664
root,8,"{""ordered_input_wires"":[0,1,2,3,4,5,6,7],""ordered_output_wires"":[0,1,2,3,4,5,6,7],""top_to_bottom"":[{""access"":[45.0,421.5],""edge"":""input:w0->waksman_8x8_s0_w0_1.in"",""endpoint"":""waksman_8x8_s0_w0_1.in"",""facing"":""W"",""logical_PSE_role"":""upper"",""parent_endpoint"":""I0"",""physical_PSE_role"":""upper"",""side"":""input"",""toward_parent_x"":true,""wire"":0,""xy"":[77.0,421.5]},{""access"":[797.0,421.5],""edge"":""output:waksman_8x8_s4_w0_1.th->w0"",""endpoint"":""waksman_8x8_s4_w0_1.th"",""facing"":""E"",""logical_PSE_role"":""upper"",""parent_endpoint"":""O0"",""physical_PSE_role"":""upper"",""side"":""output"",""toward_parent_x"":true,""wire"":0,""xy"":[765.0,421.5]},{""access"":[125.0,410.5],""edge"":""input:w1->waksman_8x8_s0_w0_1.add"",""endpoint"":""waksman_8x8_s0_w0_1.add"",""facing"":""E"",""logical_PSE_role"":""lower"",""parent_endpoint"":""I1"",""physical_PSE_role"":""lower"",""side"":""input"",""toward_parent_x"":false,""wire"":1,""xy"":[93.0,410.5]},{""access"":[717.0,410.5],""edge"":""output:waksman_8x8_s4_w0_1.drop->w1"",""endpoint"":""waksman_8x8_s4_w0_1.drop"",""facing"":""W"",""logical_PSE_role"":""lower"",""parent_endpoint"":""O1"",""physical_PSE_role"":""lower"",""side"":""output"",""toward_parent_x"":false,""wire"":1,""xy"":[749.0,410.5]},{""access"":[381.0,314.5],""edge"":""output:waksman_8x8_s2_w3_7.drop->w7"",""endpoint"":""waksman_8x8_s2_w3_7.drop"",""facing"":""W"",""logical_PSE_role"":""lower"",""parent_endpoint"":""O7"",""physical_PSE_role"":""lower"",""side"":""output"",""toward_parent_x"":false,""wire"":7,""xy"":[413.0,314.5]},{""access"":[45.0,293.5],""edge"":""input:w2->waksman_8x8_s0_w2_3.in"",""endpoint"":""waksman_8x8_s0_w2_3.in"",""facing"":""W"",""logical_PSE_role"":""upper"",""parent_endpoint"":""I2"",""physical_PSE_role"":""upper"",""side"":""input"",""toward_parent_x"":true,""wire"":2,""xy"":[77.0,293.5]},{""access"":[797.0,293.5],""edge"":""output:waksman_8x8_s4_w2_3.th->w2"",""endpoint"":""waksman_8x8_s4_w2_3.th"",""facing"":""E"",""logical_PSE_role"":""upper"",""parent_endpoint"":""O2"",""physical_PSE_role"":""upper"",""side"":""output"",""toward_parent_x"":true,""wire"":2,""xy"":[765.0,293.5]},{""access"":[125.0,282.5],""edge"":""input:w3->waksman_8x8_s0_w2_3.add"",""endpoint"":""waksman_8x8_s0_w2_3.add"",""facing"":""E"",""logical_PSE_role"":""lower"",""parent_endpoint"":""I3"",""physical_PSE_role"":""lower"",""side"":""input"",""toward_parent_x"":false,""wire"":3,""xy"":[93.0,282.5]},{""access"":[717.0,282.5],""edge"":""output:waksman_8x8_s4_w2_3.drop->w3"",""endpoint"":""waksman_8x8_s4_w2_3.drop"",""facing"":""W"",""logical_PSE_role"":""lower"",""parent_endpoint"":""O3"",""physical_PSE_role"":""lower"",""side"":""output"",""toward_parent_x"":false,""wire"":3,""xy"":[749.0,282.5]},{""access"":[381.0,250.5],""edge"":""output:waksman_8x8_s2_w2_6.drop->w6"",""endpoint"":""waksman_8x8_s2_w2_6.drop"",""facing"":""W"",""logical_PSE_role"":""lower"",""parent_endpoint"":""O6"",""physical_PSE_role"":""lower"",""side"":""output"",""toward_parent_x"":false,""wire"":6,""xy"":[413.0,250.5]},{""access"":[45.0,165.5],""edge"":""input:w4->waksman_8x8_s0_w4_5.in"",""endpoint"":""waksman_8x8_s0_w4_5.in"",""facing"":""W"",""logical_PSE_role"":""upper"",""parent_endpoint"":""I4"",""physical_PSE_role"":""upper"",""side"":""input"",""toward_parent_x"":true,""wire"":4,""xy"":[77.0,165.5]},{""access"":[797.0,165.5],""edge"":""output:waksman_8x8_s4_w4_5.th->w4"",""endpoint"":""waksman_8x8_s4_w4_5.th"",""facing"":""E"",""logical_PSE_role"":""upper"",""parent_endpoint"":""O4"",""physical_PSE_role"":""upper"",""side"":""output"",""toward_parent_x"":true,""wire"":4,""xy"":[765.0,165.5]},{""access"":[125.0,154.5],""edge"":""input:w5->waksman_8x8_s0_w4_5.add"",""endpoint"":""waksman_8x8_s0_w4_5.add"",""facing"":""E"",""logical_PSE_role"":""lower"",""parent_endpoint"":""I5"",""physical_PSE_role"":""lower"",""side"":""input"",""toward_parent_x"":false,""wire"":5,""xy"":[93.0,154.5]},{""access"":[717.0,154.5],""edge"":""output:waksman_8x8_s4_w4_5.drop->w5"",""endpoint"":""waksman_8x8_s4_w4_5.drop"",""facing"":""W"",""logical_PSE_role"":""lower"",""parent_endpoint"":""O5"",""physical_PSE_role"":""lower"",""side"":""output"",""toward_parent_x"":false,""wire"":5,""xy"":[749.0,154.5]},{""access"":[45.0,37.5],""edge"":""input:w6->waksman_8x8_s0_w6_7.in"",""endpoint"":""waksman_8x8_s0_w6_7.in"",""facing"":""W"",""logical_PSE_role"":""upper"",""parent_endpoint"":""I6"",""physical_PSE_role"":""upper"",""side"":""input"",""toward_parent_x"":true,""wire"":6,""xy"":[77.0,37.5]},{""access"":[125.0,26.5],""edge"":""input:w7->waksman_8x8_s0_w6_7.add"",""endpoint"":""waksman_8x8_s0_w6_7.add"",""facing"":""E"",""logical_PSE_role"":""lower"",""parent_endpoint"":""I7"",""physical_PSE_role"":""lower"",""side"":""input"",""toward_parent_x"":false,""wire"":7,""xy"":[93.0,26.5]}]}",16,9,9,0.006092520921811229
root,8,"{""ordered_input_wires"":[0,1,2,3,4,5,6,7],""ordered_output_wires"":[0,1,2,3,4,5,6,7],""top_to_bottom"":[{""access"":[125.0,421.5],""edge"":""input:w7->waksman_8x8_s0_w6_7.add"",""endpoint"":""waksman_8x8_s0_w6_7.add"",""facing"":""E"",""logical_PSE_role"":""lower"",""parent_endpoint"":""I7"",""physical_PSE_role"":""upper"",""side"":""input"",""toward_parent_x"":false,""wire"":7,""xy"":[93.0,421.5]},{""access"":[45.0,410.5],""edge"":""input:w6->waksman_8x8_s0_w6_7.in"",""endpoint"":""waksman_8x8_s0_w6_7.in"",""facing"":""W"",""logical_PSE_role"":""upper"",""parent_endpoint"":""I6"",""physical_PSE_role"":""lower"",""side"":""input"",""toward_parent_x"":true,""wire"":6,""xy"":[77.0,410.5]},{""access"":[125.0,293.5],""edge"":""input:w5->waksman_8x8_s0_w4_5.add"",""endpoint"":""waksman_8x8_s0_w4_5.add"",""facing"":""E"",""logical_PSE_role"":""lower"",""parent_endpoint"":""I5"",""physical_PSE_role"":""upper"",""side"":""input"",""toward_parent_x"":false,""wire"":5,""xy"":[93.0,293.5]},{""access"":[717.0,293.5],""edge"":""output:waksman_8x8_s4_w4_5.drop->w5"",""endpoint"":""waksman_8x8_s4_w4_5.drop"",""facing"":""W"",""logical_PSE_role"":""lower"",""parent_endpoint"":""O5"",""physical_PSE_role"":""upper"",""side"":""output"",""toward_parent_x"":false,""wire"":5,""xy"":[749.0,293.5]},{""access"":[45.0,282.5],""edge"":""input:w4->waksman_8x8_s0_w4_5.in"",""endpoint"":""waksman_8x8_s0_w4_5.in"",""facing"":""W"",""logical_PSE_role"":""upper"",""parent_endpoint"":""I4"",""physical_PSE_role"":""lower"",""side"":""input"",""toward_parent_x"":true,""wire"":4,""xy"":[77.0,282.5]},{""access"":[797.0,282.5],""edge"":""output:waksman_8x8_s4_w4_5.th->w4"",""endpoint"":""waksman_8x8_s4_w4_5.th"",""facing"":""E"",""logical_PSE_role"":""upper"",""parent_endpoint"":""O4"",""physical_PSE_role"":""lower"",""side"":""output"",""toward_parent_x"":true,""wire"":4,""xy"":[765.0,282.5]},{""access"":[381.0,197.5],""edge"":""output:waksman_8x8_s2_w3_7.drop->w7"",""endpoint"":""waksman_8x8_s2_w3_7.drop"",""facing"":""W"",""logical_PSE_role"":""lower"",""parent_endpoint"":""O7"",""physical_PSE_role"":""upper"",""side"":""output"",""toward_parent_x"":false,""wire"":7,""xy"":[413.0,197.5]},{""access"":[125.0,165.5],""edge"":""input:w3->waksman_8x8_s0_w2_3.add"",""endpoint"":""waksman_8x8_s0_w2_3.add"",""facing"":""E"",""logical_PSE_role"":""lower"",""parent_endpoint"":""I3"",""physical_PSE_role"":""upper"",""side"":""input"",""toward_parent_x"":false,""wire"":3,""xy"":[93.0,165.5]},{""access"":[717.0,165.5],""edge"":""output:waksman_8x8_s4_w2_3.drop->w3"",""endpoint"":""waksman_8x8_s4_w2_3.drop"",""facing"":""W"",""logical_PSE_role"":""lower"",""parent_endpoint"":""O3"",""physical_PSE_role"":""upper"",""side"":""output"",""toward_parent_x"":false,""wire"":3,""xy"":[749.0,165.5]},{""access"":[45.0,154.5],""edge"":""input:w2->waksman_8x8_s0_w2_3.in"",""endpoint"":""waksman_8x8_s0_w2_3.in"",""facing"":""W"",""logical_PSE_role"":""upper"",""parent_endpoint"":""I2"",""physical_PSE_role"":""lower"",""side"":""input"",""toward_parent_x"":true,""wire"":2,""xy"":[77.0,154.5]},{""access"":[797.0,154.5],""edge"":""output:waksman_8x8_s4_w2_3.th->w2"",""endpoint"":""waksman_8x8_s4_w2_3.th"",""facing"":""E"",""logical_PSE_role"":""upper"",""parent_endpoint"":""O2"",""physical_PSE_role"":""lower"",""side"":""output"",""toward_parent_x"":true,""wire"":2,""xy"":[765.0,154.5]},{""access"":[381.0,133.5],""edge"":""output:waksman_8x8_s2_w2_6.drop->w6"",""endpoint"":""waksman_8x8_s2_w2_6.drop"",""facing"":""W"",""logical_PSE_role"":""lower"",""parent_endpoint"":""O6"",""physical_PSE_role"":""upper"",""side"":""output"",""toward_parent_x"":false,""wire"":6,""xy"":[413.0,133.5]},{""access"":[125.0,37.5],""edge"":""input:w1->waksman_8x8_s0_w0_1.add"",""endpoint"":""waksman_8x8_s0_w0_1.add"",""facing"":""E"",""logical_PSE_role"":""lower"",""parent_endpoint"":""I1"",""physical_PSE_role"":""upper"",""side"":""input"",""toward_parent_x"":false,""wire"":1,""xy"":[93.0,37.5]},{""access"":[717.0,37.5],""edge"":""output:waksman_8x8_s4_w0_1.drop->w1"",""endpoint"":""waksman_8x8_s4_w0_1.drop"",""facing"":""W"",""logical_PSE_role"":""lower"",""parent_endpoint"":""O1"",""physical_PSE_role"":""upper"",""side"":""output"",""toward_parent_x"":false,""wire"":1,""xy"":[749.0,37.5]},{""access"":[45.0,26.5],""edge"":""input:w0->waksman_8x8_s0_w0_1.in"",""endpoint"":""waksman_8x8_s0_w0_1.in"",""facing"":""W"",""logical_PSE_role"":""upper"",""parent_endpoint"":""I0"",""physical_PSE_role"":""lower"",""side"":""input"",""toward_parent_x"":true,""wire"":0,""xy"":[77.0,26.5]},{""access"":[797.0,26.5],""edge"":""output:waksman_8x8_s4_w0_1.th->w0"",""endpoint"":""waksman_8x8_s4_w0_1.th"",""facing"":""E"",""logical_PSE_role"":""upper"",""parent_endpoint"":""O0"",""physical_PSE_role"":""lower"",""side"":""output"",""toward_parent_x"":true,""wire"":0,""xy"":[765.0,26.5]}]}",16,9,9,0.006094475549616618
root,8,"{""ordered_input_wires"":[0,1,2,3,4,5,6,7],""ordered_output_wires"":[0,1,2,3,4,5,6,7],""top_to_bottom"":[{""access"":[125.0,421.5],""edge"":""input:w7->waksman_8x8_s0_w6_7.add"",""endpoint"":""waksman_8x8_s0_w6_7.add"",""facing"":""E"",""logical_PSE_role"":""lower"",""parent_endpoint"":""I7"",""physical_PSE_role"":""upper"",""side"":""input"",""toward_parent_x"":false,""wire"":7,""xy"":[93.0,421.5]},{""access"":[45.0,410.5],""edge"":""input:w6->waksman_8x8_s0_w6_7.in"",""endpoint"":""waksman_8x8_s0_w6_7.in"",""facing"":""W"",""logical_PSE_role"":""upper"",""parent_endpoint"":""I6"",""physical_PSE_role"":""lower"",""side"":""input"",""toward_parent_x"":true,""wire"":6,""xy"":[77.0,410.5]},{""access"":[125.0,293.5],""edge"":""input:w5->waksman_8x8_s0_w4_5.add"",""endpoint"":""waksman_8x8_s0_w4_5.add"",""facing"":""E"",""logical_PSE_role"":""lower"",""parent_endpoint"":""I5"",""physical_PSE_role"":""upper"",""side"":""input"",""toward_parent_x"":false,""wire"":5,""xy"":[93.0,293.5]},{""access"":[717.0,293.5],""edge"":""output:waksman_8x8_s4_w4_5.drop->w5"",""endpoint"":""waksman_8x8_s4_w4_5.drop"",""facing"":""W"",""logical_PSE_role"":""lower"",""parent_endpoint"":""O5"",""physical_PSE_role"":""upper"",""side"":""output"",""toward_parent_x"":false,""wire"":5,""xy"":[749.0,293.5]},{""access"":[45.0,282.5],""edge"":""input:w4->waksman_8x8_s0_w4_5.in"",""endpoint"":""waksman_8x8_s0_w4_5.in"",""facing"":""W"",""logical_PSE_role"":""upper"",""parent_endpoint"":""I4"",""physical_PSE_role"":""lower"",""side"":""input"",""toward_parent_x"":true,""wire"":4,""xy"":[77.0,282.5]},{""access"":[797.0,282.5],""edge"":""output:waksman_8x8_s4_w4_5.th->w4"",""endpoint"":""waksman_8x8_s4_w4_5.th"",""facing"":""E"",""logical_PSE_role"":""upper"",""parent_endpoint"":""O4"",""physical_PSE_role"":""lower"",""side"":""output"",""toward_parent_x"":true,""wire"":4,""xy"":[765.0,282.5]},{""access"":[381.0,197.5],""edge"":""output:waksman_8x8_s2_w2_6.drop->w6"",""endpoint"":""waksman_8x8_s2_w2_6.drop"",""facing"":""W"",""logical_PSE_role"":""lower"",""parent_endpoint"":""O6"",""physical_PSE_role"":""upper"",""side"":""output"",""toward_parent_x"":false,""wire"":6,""xy"":[413.0,197.5]},{""access"":[125.0,165.5],""edge"":""input:w3->waksman_8x8_s0_w2_3.add"",""endpoint"":""waksman_8x8_s0_w2_3.add"",""facing"":""E"",""logical_PSE_role"":""lower"",""parent_endpoint"":""I3"",""physical_PSE_role"":""upper"",""side"":""input"",""toward_parent_x"":false,""wire"":3,""xy"":[93.0,165.5]},{""access"":[717.0,165.5],""edge"":""output:waksman_8x8_s4_w2_3.drop->w3"",""endpoint"":""waksman_8x8_s4_w2_3.drop"",""facing"":""W"",""logical_PSE_role"":""lower"",""parent_endpoint"":""O3"",""physical_PSE_role"":""upper"",""side"":""output"",""toward_parent_x"":false,""wire"":3,""xy"":[749.0,165.5]},{""access"":[45.0,154.5],""edge"":""input:w2->waksman_8x8_s0_w2_3.in"",""endpoint"":""waksman_8x8_s0_w2_3.in"",""facing"":""W"",""logical_PSE_role"":""upper"",""parent_endpoint"":""I2"",""physical_PSE_role"":""lower"",""side"":""input"",""toward_parent_x"":true,""wire"":2,""xy"":[77.0,154.5]},{""access"":[797.0,154.5],""edge"":""output:waksman_8x8_s4_w2_3.th->w2"",""endpoint"":""waksman_8x8_s4_w2_3.th"",""facing"":""E"",""logical_PSE_role"":""upper"",""parent_endpoint"":""O2"",""physical_PSE_role"":""lower"",""side"":""output"",""toward_parent_x"":true,""wire"":2,""xy"":[765.0,154.5]},{""access"":[381.0,133.5],""edge"":""output:waksman_8x8_s2_w3_7.drop->w7"",""endpoint"":""waksman_8x8_s2_w3_7.drop"",""facing"":""W"",""logical_PSE_role"":""lower"",""parent_endpoint"":""O7"",""physical_PSE_role"":""upper"",""side"":""output"",""toward_parent_x"":false,""wire"":7,""xy"":[413.0,133.5]},{""access"":[125.0,37.5],""edge"":""input:w1->waksman_8x8_s0_w0_1.add"",""endpoint"":""waksman_8x8_s0_w0_1.add"",""facing"":""E"",""logical_PSE_role"":""lower"",""parent_endpoint"":""I1"",""physical_PSE_role"":""upper"",""side"":""input"",""toward_parent_x"":false,""wire"":1,""xy"":[93.0,37.5]},{""access"":[717.0,37.5],""edge"":""output:waksman_8x8_s4_w0_1.drop->w1"",""endpoint"":""waksman_8x8_s4_w0_1.drop"",""facing"":""W"",""logical_PSE_role"":""lower"",""parent_endpoint"":""O1"",""physical_PSE_role"":""upper"",""side"":""output"",""toward_parent_x"":false,""wire"":1,""xy"":[749.0,37.5]},{""access"":[45.0,26.5],""edge"":""input:w0->waksman_8x8_s0_w0_1.in"",""endpoint"":""waksman_8x8_s0_w0_1.in"",""facing"":""W"",""logical_PSE_role"":""upper"",""parent_endpoint"":""I0"",""physical_PSE_role"":""lower"",""side"":""input"",""toward_parent_x"":true,""wire"":0,""xy"":[77.0,26.5]},{""access"":[797.0,26.5],""edge"":""output:waksman_8x8_s4_w0_1.th->w0"",""endpoint"":""waksman_8x8_s4_w0_1.th"",""facing"":""E"",""logical_PSE_role"":""upper"",""parent_endpoint"":""O0"",""physical_PSE_role"":""lower"",""side"":""output"",""toward_parent_x"":true,""wire"":0,""xy"":[765.0,26.5]}]}",16,9,9,0.006096444110880839
root,8,"{""ordered_input_wires"":[0,1,2,3,4,5,6,7],""ordered_output_wires"":[0,1,2,3,4,5,6,7],""top_to_bottom"":[{""access"":[45.0,421.5],""edge"":""input:w0->waksman_8x8_s0_w0_1.in"",""endpoint"":""waksman_8x8_s0_w0_1.in"",""facing"":""W"",""logical_PSE_role"":""upper"",""parent_endpoint"":""I0"",""physical_PSE_role"":""upper"",""side"":""input"",""toward_parent_x"":true,""wire"":0,""xy"":[77.0,421.5]},{""access"":[797.0,421.5],""edge"":""output:waksman_8x8_s4_w0_1.th->w0"",""endpoint"":""waksman_8x8_s4_w0_1.th"",""facing"":""E"",""logical_PSE_role"":""upper"",""parent_endpoint"":""O0"",""physical_PSE_role"":""upper"",""side"":""output"",""toward_parent_x"":true,""wire"":0,""xy"":[765.0,421.5]},{""access"":[125.0,410.5],""edge"":""input:w1->waksman_8x8_s0_w0_1.add"",""endpoint"":""waksman_8x8_s0_w0_1.add"",""facing"":""E"",""logical_PSE_role"":""lower"",""parent_endpoint"":""I1"",""physical_PSE_role"":""lower"",""side"":""input"",""toward_parent_x"":false,""wire"":1,""xy"":[93.0,410.5]},{""access"":[717.0,410.5],""edge"":""output:waksman_8x8_s4_w0_1.drop->w1"",""endpoint"":""waksman_8x8_s4_w0_1.drop"",""facing"":""W"",""logical_PSE_role"":""lower"",""parent_endpoint"":""O1"",""physical_PSE_role"":""lower"",""side"":""output"",""toward_parent_x"":false,""wire"":1,""xy"":[749.0,410.5]},{""access"":[381.0,314.5],""edge"":""output:waksman_8x8_s2_w2_6.drop->w6"",""endpoint"":""waksman_8x8_s2_w2_6.drop"",""facing"":""W"",""logical_PSE_role"":""lower"",""parent_endpoint"":""O6"",""physical_PSE_role"":""lower"",""side"":""output"",""toward_parent_x"":false,""wire"":6,""xy"":[413.0,314.5]},{""access"":[45.0,293.5],""edge"":""input:w2->waksman_8x8_s0_w2_3.in"",""endpoint"":""waksman_8x8_s0_w2_3.in"",""facing"":""W"",""logical_PSE_role"":""upper"",""parent_endpoint"":""I2"",""physical_PSE_role"":""upper"",""side"":""input"",""toward_parent_x"":true,""wire"":2,""xy"":[77.0,293.5]},{""access"":[797.0,293.5],""edge"":""output:waksman_8x8_s4_w2_3.th->w2"",""endpoint"":""waksman_8x8_s4_w2_3.th"",""facing"":""E"",""logical_PSE_role"":""upper"",""parent_endpoint"":""O2"",""physical_PSE_role"":""upper"",""side"":""output"",""toward_parent_x"":true,""wire"":2,""xy"":[765.0,293.5]},{""access"":[125.0,282.5],""edge"":""input:w3->waksman_8x8_s0_w2_3.add"",""endpoint"":""waksman_8x8_s0_w2_3.add"",""facing"":""E"",""logical_PSE_role"":""lower"",""parent_endpoint"":""I3"",""physical_PSE_role"":""lower"",""side"":""input"",""toward_parent_x"":false,""wire"":3,""xy"":[93.0,282.5]},{""access"":[717.0,282.5],""edge"":""output:waksman_8x8_s4_w2_3.drop->w3"",""endpoint"":""waksman_8x8_s4_w2_3.drop"",""facing"":""W"",""logical_PSE_role"":""lower"",""parent_endpoint"":""O3"",""physical_PSE_role"":""lower"",""side"":""output"",""toward_parent_x"":false,""wire"":3,""xy"":[749.0,282.5]},{""access"":[381.0,261.5],""edge"":""output:waksman_8x8_s2_w3_7.drop->w7"",""endpoint"":""waksman_8x8_s2_w3_7.drop"",""facing"":""W"",""logical_PSE_role"":""lower"",""parent_endpoint"":""O7"",""physical_PSE_role"":""upper"",""side"":""output"",""toward_parent_x"":false,""wire"":7,""xy"":[413.0,261.5]},{""access"":[45.0,165.5],""edge"":""input:w4->waksman_8x8_s0_w4_5.in"",""endpoint"":""waksman_8x8_s0_w4_5.in"",""facing"":""W"",""logical_PSE_role"":""upper"",""parent_endpoint"":""I4"",""physical_PSE_role"":""upper"",""side"":""input"",""toward_parent_x"":true,""wire"":4,""xy"":[77.0,165.5]},{""access"":[797.0,165.5],""edge"":""output:waksman_8x8_s4_w4_5.th->w4"",""endpoint"":""waksman_8x8_s4_w4_5.th"",""facing"":""E"",""logical_PSE_role"":""upper"",""parent_endpoint"":""O4"",""physical_PSE_role"":""upper"",""side"":""output"",""toward_parent_x"":true,""wire"":4,""xy"":[765.0,165.5]},{""access"":[125.0,154.5],""edge"":""input:w5->waksman_8x8_s0_w4_5.add"",""endpoint"":""waksman_8x8_s0_w4_5.add"",""facing"":""E"",""logical_PSE_role"":""lower"",""parent_endpoint"":""I5"",""physical_PSE_role"":""lower"",""side"":""input"",""toward_parent_x"":false,""wire"":5,""xy"":[93.0,154.5]},{""access"":[717.0,154.5],""edge"":""output:waksman_8x8_s4_w4_5.drop->w5"",""endpoint"":""waksman_8x8_s4_w4_5.drop"",""facing"":""W"",""logical_PSE_role"":""lower"",""parent_endpoint"":""O5"",""physical_PSE_role"":""lower"",""side"":""output"",""toward_parent_x"":false,""wire"":5,""xy"":[749.0,154.5]},{""access"":[45.0,37.5],""edge"":""input:w6->waksman_8x8_s0_w6_7.in"",""endpoint"":""waksman_8x8_s0_w6_7.in"",""facing"":""W"",""logical_PSE_role"":""upper"",""parent_endpoint"":""I6"",""physical_PSE_role"":""upper"",""side"":""input"",""toward_parent_x"":true,""wire"":6,""xy"":[77.0,37.5]},{""access"":[125.0,26.5],""edge"":""input:w7->waksman_8x8_s0_w6_7.add"",""endpoint"":""waksman_8x8_s0_w6_7.add"",""facing"":""E"",""logical_PSE_role"":""lower"",""parent_endpoint"":""I7"",""physical_PSE_role"":""lower"",""side"":""input"",""toward_parent_x"":false,""wire"":7,""xy"":[93.0,26.5]}]}",16,9,9,0.006098440531786764
root,8,"{""ordered_input_wires"":[0,1,2,3,4,5,6,7],""ordered_output_wires"":[0,1,2,3,4,5,6,7],""top_to_bottom"":[{""access"":[45.0,421.5],""edge"":""input:w0->waksman_8x8_s0_w0_1.in"",""endpoint"":""waksman_8x8_s0_w0_1.in"",""facing"":""W"",""logical_PSE_role"":""upper"",""parent_endpoint"":""I0"",""physical_PSE_role"":""upper"",""side"":""input"",""toward_parent_x"":true,""wire"":0,""xy"":[77.0,421.5]},{""access"":[797.0,421.5],""edge"":""output:waksman_8x8_s4_w0_1.th->w0"",""endpoint"":""waksman_8x8_s4_w0_1.th"",""facing"":""E"",""logical_PSE_role"":""upper"",""parent_endpoint"":""O0"",""physical_PSE_role"":""upper"",""side"":""output"",""toward_parent_x"":true,""wire"":0,""xy"":[765.0,421.5]},{""access"":[125.0,410.5],""edge"":""input:w1->waksman_8x8_s0_w0_1.add"",""endpoint"":""waksman_8x8_s0_w0_1.add"",""facing"":""E"",""logical_PSE_role"":""lower"",""parent_endpoint"":""I1"",""physical_PSE_role"":""lower"",""side"":""input"",""toward_parent_x"":false,""wire"":1,""xy"":[93.0,410.5]},{""access"":[717.0,410.5],""edge"":""output:waksman_8x8_s4_w0_1.drop->w1"",""endpoint"":""waksman_8x8_s4_w0_1.drop"",""facing"":""W"",""logical_PSE_role"":""lower"",""parent_endpoint"":""O1"",""physical_PSE_role"":""lower"",""side"":""output"",""toward_parent_x"":false,""wire"":1,""xy"":[749.0,410.5]},{""access"":[381.0,325.5],""edge"":""output:waksman_8x8_s2_w3_7.drop->w7"",""endpoint"":""waksman_8x8_s2_w3_7.drop"",""facing"":""W"",""logical_PSE_role"":""lower"",""parent_endpoint"":""O7"",""physical_PSE_role"":""upper"",""side"":""output"",""toward_parent_x"":false,""wire"":7,""xy"":[413.0,325.5]},{""access"":[45.0,293.5],""edge"":""input:w2->waksman_8x8_s0_w2_3.in"",""endpoint"":""waksman_8x8_s0_w2_3.in"",""facing"":""W"",""logical_PSE_role"":""upper"",""parent_endpoint"":""I2"",""physical_PSE_role"":""upper"",""side"":""input"",""toward_parent_x"":true,""wire"":2,""xy"":[77.0,293.5]},{""access"":[797.0,293.5],""edge"":""output:waksman_8x8_s4_w2_3.th->w2"",""endpoint"":""waksman_8x8_s4_w2_3.th"",""facing"":""E"",""logical_PSE_role"":""upper"",""parent_endpoint"":""O2"",""physical_PSE_role"":""upper"",""side"":""output"",""toward_parent_x"":true,""wire"":2,""xy"":[765.0,293.5]},{""access"":[125.0,282.5],""edge"":""input:w3->waksman_8x8_s0_w2_3.add"",""endpoint"":""waksman_8x8_s0_w2_3.add"",""facing"":""E"",""logical_PSE_role"":""lower"",""parent_endpoint"":""I3"",""physical_PSE_role"":""lower"",""side"":""input"",""toward_parent_x"":false,""wire"":3,""xy"":[93.0,282.5]},{""access"":[717.0,282.5],""edge"":""output:waksman_8x8_s4_w2_3.drop->w3"",""endpoint"":""waksman_8x8_s4_w2_3.drop"",""facing"":""W"",""logical_PSE_role"":""lower"",""parent_endpoint"":""O3"",""physical_PSE_role"":""lower"",""side"":""output"",""toward_parent_x"":false,""wire"":3,""xy"":[749.0,282.5]},{""access"":[381.0,250.5],""edge"":""output:waksman_8x8_s2_w2_6.drop->w6"",""endpoint"":""waksman_8x8_s2_w2_6.drop"",""facing"":""W"",""logical_PSE_role"":""lower"",""parent_endpoint"":""O6"",""physical_PSE_role"":""lower"",""side"":""output"",""toward_parent_x"":false,""wire"":6,""xy"":[413.0,250.5]},{""access"":[45.0,165.5],""edge"":""input:w4->waksman_8x8_s0_w4_5.in"",""endpoint"":""waksman_8x8_s0_w4_5.in"",""facing"":""W"",""logical_PSE_role"":""upper"",""parent_endpoint"":""I4"",""physical_PSE_role"":""upper"",""side"":""input"",""toward_parent_x"":true,""wire"":4,""xy"":[77.0,165.5]},{""access"":[797.0,165.5],""edge"":""output:waksman_8x8_s4_w4_5.th->w4"",""endpoint"":""waksman_8x8_s4_w4_5.th"",""facing"":""E"",""logical_PSE_role"":""upper"",""parent_endpoint"":""O4"",""physical_PSE_role"":""upper"",""side"":""output"",""toward_parent_x"":true,""wire"":4,""xy"":[765.0,165.5]},{""access"":[125.0,154.5],""edge"":""input:w5->waksman_8x8_s0_w4_5.add"",""endpoint"":""waksman_8x8_s0_w4_5.add"",""facing"":""E"",""logical_PSE_role"":""lower"",""parent_endpoint"":""I5"",""physical_PSE_role"":""lower"",""side"":""input"",""toward_parent_x"":false,""wire"":5,""xy"":[93.0,154.5]},{""access"":[717.0,154.5],""edge"":""output:waksman_8x8_s4_w4_5.drop->w5"",""endpoint"":""waksman_8x8_s4_w4_5.drop"",""facing"":""W"",""logical_PSE_role"":""lower"",""parent_endpoint"":""O5"",""physical_PSE_role"":""lower"",""side"":""output"",""toward_parent_x"":false,""wire"":5,""xy"":[749.0,154.5]},{""access"":[45.0,37.5],""edge"":""input:w6->waksman_8x8_s0_w6_7.in"",""endpoint"":""waksman_8x8_s0_w6_7.in"",""facing"":""W"",""logical_PSE_role"":""upper"",""parent_endpoint"":""I6"",""physical_PSE_role"":""upper"",""side"":""input"",""toward_parent_x"":true,""wire"":6,""xy"":[77.0,37.5]},{""access"":[125.0,26.5],""edge"":""input:w7->waksman_8x8_s0_w6_7.add"",""endpoint"":""waksman_8x8_s0_w6_7.add"",""facing"":""E"",""logical_PSE_role"":""lower"",""parent_endpoint"":""I7"",""physical_PSE_role"":""lower"",""side"":""input"",""toward_parent_x"":false,""wire"":7,""xy"":[93.0,26.5]}]}",16,9,9,0.00610049248643918
root,8,"{""ordered_input_wires"":[0,1,2,3,4,5,6,7],""ordered_output_wires"":[0,1,2,3,4,5,6,7],""top_to_bottom"":[{""access"":[125.0,421.5],""edge"":""input:w7->waksman_8x8_s0_w6_7.add"",""endpoint"":""waksman_8x8_s0_w6_7.add"",""facing"":""E"",""logical_PSE_role"":""lower"",""parent_endpoint"":""I7"",""physical_PSE_role"":""upper"",""side"":""input"",""toward_parent_x"":false,""wire"":7,""xy"":[93.0,421.5]},{""access"":[45.0,410.5],""edge"":""input:w6->waksman_8x8_s0_w6_7.in"",""endpoint"":""waksman_8x8_s0_w6_7.in"",""facing"":""W"",""logical_PSE_role"":""upper"",""parent_endpoint"":""I6"",""physical_PSE_role"":""lower"",""side"":""input"",""toward_parent_x"":true,""wire"":6,""xy"":[77.0,410.5]},{""access"":[125.0,293.5],""edge"":""input:w5->waksman_8x8_s0_w4_5.add"",""endpoint"":""waksman_8x8_s0_w4_5.add"",""facing"":""E"",""logical_PSE_role"":""lower"",""parent_endpoint"":""I5"",""physical_PSE_role"":""upper"",""side"":""input"",""toward_parent_x"":false,""wire"":5,""xy"":[93.0,293.5]},{""access"":[717.0,293.5],""edge"":""output:waksman_8x8_s4_w4_5.drop->w5"",""endpoint"":""waksman_8x8_s4_w4_5.drop"",""facing"":""W"",""logical_PSE_role"":""lower"",""parent_endpoint"":""O5"",""physical_PSE_role"":""upper"",""side"":""output"",""toward_parent_x"":false,""wire"":5,""xy"":[749.0,293.5]},{""access"":[45.0,282.5],""edge"":""input:w4->waksman_8x8_s0_w4_5.in"",""endpoint"":""waksman_8x8_s0_w4_5.in"",""facing"":""W"",""logical_PSE_role"":""upper"",""parent_endpoint"":""I4"",""physical_PSE_role"":""lower"",""side"":""input"",""toward_parent_x"":true,""wire"":4,""xy"":[77.0,282.5]},{""access"":[797.0,282.5],""edge"":""output:waksman_8x8_s4_w4_5.th->w4"",""endpoint"":""waksman_8x8_s4_w4_5.th"",""facing"":""E"",""logical_PSE_role"":""upper"",""parent_endpoint"":""O4"",""physical_PSE_role"":""lower"",""side"":""output"",""toward_parent_x"":true,""wire"":4,""xy"":[765.0,282.5]},{""access"":[381.0,186.5],""edge"":""output:waksman_8x8_s2_w3_7.drop->w7"",""endpoint"":""waksman_8x8_s2_w3_7.drop"",""facing"":""W"",""logical_PSE_role"":""lower"",""parent_endpoint"":""O7"",""physical_PSE_role"":""lower"",""side"":""output"",""toward_parent_x"":false,""wire"":7,""xy"":[413.0,186.5]},{""access"":[125.0,165.5],""edge"":""input:w3->waksman_8x8_s0_w2_3.add"",""endpoint"":""waksman_8x8_s0_w2_3.add"",""facing"":""E"",""logical_PSE_role"":""lower"",""parent_endpoint"":""I3"",""physical_PSE_role"":""upper"",""side"":""input"",""toward_parent_x"":false,""wire"":3,""xy"":[93.0,165.5]},{""access"":[717.0,165.5],""edge"":""output:waksman_8x8_s4_w2_3.drop->w3"",""endpoint"":""waksman_8x8_s4_w2_3.drop"",""facing"":""W"",""logical_PSE_role"":""lower"",""parent_endpoint"":""O3"",""physical_PSE_role"":""upper"",""side"":""output"",""toward_parent_x"":false,""wire"":3,""xy"":[749.0,165.5]},{""access"":[45.0,154.5],""edge"":""input:w2->waksman_8x8_s0_w2_3.in"",""endpoint"":""waksman_8x8_s0_w2_3.in"",""facing"":""W"",""logical_PSE_role"":""upper"",""parent_endpoint"":""I2"",""physical_PSE_role"":""lower"",""side"":""input"",""toward_parent_x"":true,""wire"":2,""xy"":[77.0,154.5]},{""access"":[797.0,154.5],""edge"":""output:waksman_8x8_s4_w2_3.th->w2"",""endpoint"":""waksman_8x8_s4_w2_3.th"",""facing"":""E"",""logical_PSE_role"":""upper"",""parent_endpoint"":""O2"",""physical_PSE_role"":""lower"",""side"":""output"",""toward_parent_x"":true,""wire"":2,""xy"":[765.0,154.5]},{""access"":[381.0,133.5],""edge"":""output:waksman_8x8_s2_w2_6.drop->w6"",""endpoint"":""waksman_8x8_s2_w2_6.drop"",""facing"":""W"",""logical_PSE_role"":""lower"",""parent_endpoint"":""O6"",""physical_PSE_role"":""upper"",""side"":""output"",""toward_parent_x"":false,""wire"":6,""xy"":[413.0,133.5]},{""access"":[125.0,37.5],""edge"":""input:w1->waksman_8x8_s0_w0_1.add"",""endpoint"":""waksman_8x8_s0_w0_1.add"",""facing"":""E"",""logical_PSE_role"":""lower"",""parent_endpoint"":""I1"",""physical_PSE_role"":""upper"",""side"":""input"",""toward_parent_x"":false,""wire"":1,""xy"":[93.0,37.5]},{""access"":[717.0,37.5],""edge"":""output:waksman_8x8_s4_w0_1.drop->w1"",""endpoint"":""waksman_8x8_s4_w0_1.drop"",""facing"":""W"",""logical_PSE_role"":""lower"",""parent_endpoint"":""O1"",""physical_PSE_role"":""upper"",""side"":""output"",""toward_parent_x"":false,""wire"":1,""xy"":[749.0,37.5]},{""access"":[45.0,26.5],""edge"":""input:w0->waksman_8x8_s0_w0_1.in"",""endpoint"":""waksman_8x8_s0_w0_1.in"",""facing"":""W"",""logical_PSE_role"":""upper"",""parent_endpoint"":""I0"",""physical_PSE_role"":""lower"",""side"":""input"",""toward_parent_x"":true,""wire"":0,""xy"":[77.0,26.5]},{""access"":[797.0,26.5],""edge"":""output:waksman_8x8_s4_w0_1.th->w0"",""endpoint"":""waksman_8x8_s4_w0_1.th"",""facing"":""E"",""logical_PSE_role"":""upper"",""parent_endpoint"":""O0"",""physical_PSE_role"":""lower"",""side"":""output"",""toward_parent_x"":true,""wire"":0,""xy"":[765.0,26.5]}]}",16,9,9,0.006102443829149706
root,8,"{""ordered_input_wires"":[0,1,2,3,4,5,6,7],""ordered_output_wires"":[0,1,2,3,4,5,6,7],""top_to_bottom"":[{""access"":[125.0,421.5],""edge"":""input:w7->waksman_8x8_s0_w6_7.add"",""endpoint"":""waksman_8x8_s0_w6_7.add"",""facing"":""E"",""logical_PSE_role"":""lower"",""parent_endpoint"":""I7"",""physical_PSE_role"":""upper"",""side"":""input"",""toward_parent_x"":false,""wire"":7,""xy"":[93.0,421.5]},{""access"":[45.0,410.5],""edge"":""input:w6->waksman_8x8_s0_w6_7.in"",""endpoint"":""waksman_8x8_s0_w6_7.in"",""facing"":""W"",""logical_PSE_role"":""upper"",""parent_endpoint"":""I6"",""physical_PSE_role"":""lower"",""side"":""input"",""toward_parent_x"":true,""wire"":6,""xy"":[77.0,410.5]},{""access"":[125.0,293.5],""edge"":""input:w5->waksman_8x8_s0_w4_5.add"",""endpoint"":""waksman_8x8_s0_w4_5.add"",""facing"":""E"",""logical_PSE_role"":""lower"",""parent_endpoint"":""I5"",""physical_PSE_role"":""upper"",""side"":""input"",""toward_parent_x"":false,""wire"":5,""xy"":[93.0,293.5]},{""access"":[717.0,293.5],""edge"":""output:waksman_8x8_s4_w4_5.drop->w5"",""endpoint"":""waksman_8x8_s4_w4_5.drop"",""facing"":""W"",""logical_PSE_role"":""lower"",""parent_endpoint"":""O5"",""physical_PSE_role"":""upper"",""side"":""output"",""toward_parent_x"":false,""wire"":5,""xy"":[749.0,293.5]},{""access"":[45.0,282.5],""edge"":""input:w4->waksman_8x8_s0_w4_5.in"",""endpoint"":""waksman_8x8_s0_w4_5.in"",""facing"":""W"",""logical_PSE_role"":""upper"",""parent_endpoint"":""I4"",""physical_PSE_role"":""lower"",""side"":""input"",""toward_parent_x"":true,""wire"":4,""xy"":[77.0,282.5]},{""access"":[797.0,282.5],""edge"":""output:waksman_8x8_s4_w4_5.th->w4"",""endpoint"":""waksman_8x8_s4_w4_5.th"",""facing"":""E"",""logical_PSE_role"":""upper"",""parent_endpoint"":""O4"",""physical_PSE_role"":""lower"",""side"":""output"",""toward_parent_x"":true,""wire"":4,""xy"":[765.0,282.5]},{""access"":[381.0,197.5],""edge"":""output:waksman_8x8_s2_w2_6.drop->w6"",""endpoint"":""waksman_8x8_s2_w2_6.drop"",""facing"":""W"",""logical_PSE_role"":""lower"",""parent_endpoint"":""O6"",""physical_PSE_role"":""upper"",""side"":""output"",""toward_parent_x"":false,""wire"":6,""xy"":[413.0,197.5]},{""access"":[125.0,165.5],""edge"":""input:w3->waksman_8x8_s0_w2_3.add"",""endpoint"":""waksman_8x8_s0_w2_3.add"",""facing"":""E"",""logical_PSE_role"":""lower"",""parent_endpoint"":""I3"",""physical_PSE_role"":""upper"",""side"":""input"",""toward_parent_x"":false,""wire"":3,""xy"":[93.0,165.5]},{""access"":[717.0,165.5],""edge"":""output:waksman_8x8_s4_w2_3.drop->w3"",""endpoint"":""waksman_8x8_s4_w2_3.drop"",""facing"":""W"",""logical_PSE_role"":""lower"",""parent_endpoint"":""O3"",""physical_PSE_role"":""upper"",""side"":""output"",""toward_parent_x"":false,""wire"":3,""xy"":[749.0,165.5]},{""access"":[45.0,154.5],""edge"":""input:w2->waksman_8x8_s0_w2_3.in"",""endpoint"":""waksman_8x8_s0_w2_3.in"",""facing"":""W"",""logical_PSE_role"":""upper"",""parent_endpoint"":""I2"",""physical_PSE_role"":""lower"",""side"":""input"",""toward_parent_x"":true,""wire"":2,""xy"":[77.0,154.5]},{""access"":[797.0,154.5],""edge"":""output:waksman_8x8_s4_w2_3.th->w2"",""endpoint"":""waksman_8x8_s4_w2_3.th"",""facing"":""E"",""logical_PSE_role"":""upper"",""parent_endpoint"":""O2"",""physical_PSE_role"":""lower"",""side"":""output"",""toward_parent_x"":true,""wire"":2,""xy"":[765.0,154.5]},{""access"":[381.0,122.5],""edge"":""output:waksman_8x8_s2_w3_7.drop->w7"",""endpoint"":""waksman_8x8_s2_w3_7.drop"",""facing"":""W"",""logical_PSE_role"":""lower"",""parent_endpoint"":""O7"",""physical_PSE_role"":""lower"",""side"":""output"",""toward_parent_x"":false,""wire"":7,""xy"":[413.0,122.5]},{""access"":[125.0,37.5],""edge"":""input:w1->waksman_8x8_s0_w0_1.add"",""endpoint"":""waksman_8x8_s0_w0_1.add"",""facing"":""E"",""logical_PSE_role"":""lower"",""parent_endpoint"":""I1"",""physical_PSE_role"":""upper"",""side"":""input"",""toward_parent_x"":false,""wire"":1,""xy"":[93.0,37.5]},{""access"":[717.0,37.5],""edge"":""output:waksman_8x8_s4_w0_1.drop->w1"",""endpoint"":""waksman_8x8_s4_w0_1.drop"",""facing"":""W"",""logical_PSE_role"":""lower"",""parent_endpoint"":""O1"",""physical_PSE_role"":""upper"",""side"":""output"",""toward_parent_x"":false,""wire"":1,""xy"":[749.0,37.5]},{""access"":[45.0,26.5],""edge"":""input:w0->waksman_8x8_s0_w0_1.in"",""endpoint"":""waksman_8x8_s0_w0_1.in"",""facing"":""W"",""logical_PSE_role"":""upper"",""parent_endpoint"":""I0"",""physical_PSE_role"":""lower"",""side"":""input"",""toward_parent_x"":true,""wire"":0,""xy"":[77.0,26.5]},{""access"":[797.0,26.5],""edge"":""output:waksman_8x8_s4_w0_1.th->w0"",""endpoint"":""waksman_8x8_s4_w0_1.th"",""facing"":""E"",""logical_PSE_role"":""upper"",""parent_endpoint"":""O0"",""physical_PSE_role"":""lower"",""side"":""output"",""toward_parent_x"":true,""wire"":0,""xy"":[765.0,26.5]}]}",16,9,9,0.006104396750743035
root,8,"{""ordered_input_wires"":[0,1,2,3,4,5,6,7],""ordered_output_wires"":[0,1,2,3,4,5,6,7],""top_to_bottom"":[{""access"":[45.0,421.5],""edge"":""input:w0->waksman_8x8_s0_w0_1.in"",""endpoint"":""waksman_8x8_s0_w0_1.in"",""facing"":""W"",""logical_PSE_role"":""upper"",""parent_endpoint"":""I0"",""physical_PSE_role"":""upper"",""side"":""input"",""toward_parent_x"":true,""wire"":0,""xy"":[77.0,421.5]},{""access"":[797.0,421.5],""edge"":""output:waksman_8x8_s4_w0_1.th->w0"",""endpoint"":""waksman_8x8_s4_w0_1.th"",""facing"":""E"",""logical_PSE_role"":""upper"",""parent_endpoint"":""O0"",""physical_PSE_role"":""upper"",""side"":""output"",""toward_parent_x"":true,""wire"":0,""xy"":[765.0,421.5]},{""access"":[125.0,410.5],""edge"":""input:w1->waksman_8x8_s0_w0_1.add"",""endpoint"":""waksman_8x8_s0_w0_1.add"",""facing"":""E"",""logical_PSE_role"":""lower"",""parent_endpoint"":""I1"",""physical_PSE_role"":""lower"",""side"":""input"",""toward_parent_x"":false,""wire"":1,""xy"":[93.0,410.5]},{""access"":[717.0,410.5],""edge"":""output:waksman_8x8_s4_w0_1.drop->w1"",""endpoint"":""waksman_8x8_s4_w0_1.drop"",""facing"":""W"",""logical_PSE_role"":""lower"",""parent_endpoint"":""O1"",""physical_PSE_role"":""lower"",""side"":""output"",""toward_parent_x"":false,""wire"":1,""xy"":[749.0,410.5]},{""access"":[381.0,314.5],""edge"":""output:waksman_8x8_s2_w2_6.drop->w6"",""endpoint"":""waksman_8x8_s2_w2_6.drop"",""facing"":""W"",""logical_PSE_role"":""lower"",""parent_endpoint"":""O6"",""physical_PSE_role"":""lower"",""side"":""output"",""toward_parent_x"":false,""wire"":6,""xy"":[413.0,314.5]},{""access"":[45.0,293.5],""edge"":""input:w2->waksman_8x8_s0_w2_3.in"",""endpoint"":""waksman_8x8_s0_w2_3.in"",""facing"":""W"",""logical_PSE_role"":""upper"",""parent_endpoint"":""I2"",""physical_PSE_role"":""upper"",""side"":""input"",""toward_parent_x"":true,""wire"":2,""xy"":[77.0,293.5]},{""access"":[797.0,293.5],""edge"":""output:waksman_8x8_s4_w2_3.th->w2"",""endpoint"":""waksman_8x8_s4_w2_3.th"",""facing"":""E"",""logical_PSE_role"":""upper"",""parent_endpoint"":""O2"",""physical_PSE_role"":""upper"",""side"":""output"",""toward_parent_x"":true,""wire"":2,""xy"":[765.0,293.5]},{""access"":[125.0,282.5],""edge"":""input:w3->waksman_8x8_s0_w2_3.add"",""endpoint"":""waksman_8x8_s0_w2_3.add"",""facing"":""E"",""logical_PSE_role"":""lower"",""parent_endpoint"":""I3"",""physical_PSE_role"":""lower"",""side"":""input"",""toward_parent_x"":false,""wire"":3,""xy"":[93.0,282.5]},{""access"":[717.0,282.5],""edge"":""output:waksman_8x8_s4_w2_3.drop->w3"",""endpoint"":""waksman_8x8_s4_w2_3.drop"",""facing"":""W"",""logical_PSE_role"":""lower"",""parent_endpoint"":""O3"",""physical_PSE_role"":""lower"",""side"":""output"",""toward_parent_x"":false,""wire"":3,""xy"":[749.0,282.5]},{""access"":[45.0,165.5],""edge"":""input:w4->waksman_8x8_s0_w4_5.in"",""endpoint"":""waksman_8x8_s0_w4_5.in"",""facing"":""W"",""logical_PSE_role"":""upper"",""parent_endpoint"":""I4"",""physical_PSE_role"":""upper"",""side"":""input"",""toward_parent_x"":true,""wire"":4,""xy"":[77.0,165.5]},{""access"":[797.0,165.5],""edge"":""output:waksman_8x8_s4_w4_5.th->w4"",""endpoint"":""waksman_8x8_s4_w4_5.th"",""facing"":""E"",""logical_PSE_role"":""upper"",""parent_endpoint"":""O4"",""physical_PSE_role"":""upper"",""side"":""output"",""toward_parent_x"":true,""wire"":4,""xy"":[765.0,165.5]},{""access"":[125.0,154.5],""edge"":""input:w5->waksman_8x8_s0_w4_5.add"",""endpoint"":""waksman_8x8_s0_w4_5.add"",""facing"":""E"",""logical_PSE_role"":""lower"",""parent_endpoint"":""I5"",""physical_PSE_role"":""lower"",""side"":""input"",""toward_parent_x"":false,""wire"":5,""xy"":[93.0,154.5]},{""access"":[717.0,154.5],""edge"":""output:waksman_8x8_s4_w4_5.drop->w5"",""endpoint"":""waksman_8x8_s4_w4_5.drop"",""facing"":""W"",""logical_PSE_role"":""lower"",""parent_endpoint"":""O5"",""physical_PSE_role"":""lower"",""side"":""output"",""toward_parent_x"":false,""wire"":5,""xy"":[749.0,154.5]},{""access"":[381.0,133.5],""edge"":""output:waksman_8x8_s2_w3_7.drop->w7"",""endpoint"":""waksman_8x8_s2_w3_7.drop"",""facing"":""W"",""logical_PSE_role"":""lower"",""parent_endpoint"":""O7"",""physical_PSE_role"":""upper"",""side"":""output"",""toward_parent_x"":false,""wire"":7,""xy"":[413.0,133.5]},{""access"":[45.0,37.5],""edge"":""input:w6->waksman_8x8_s0_w6_7.in"",""endpoint"":""waksman_8x8_s0_w6_7.in"",""facing"":""W"",""logical_PSE_role"":""upper"",""parent_endpoint"":""I6"",""physical_PSE_role"":""upper"",""side"":""input"",""toward_parent_x"":true,""wire"":6,""xy"":[77.0,37.5]},{""access"":[125.0,26.5],""edge"":""input:w7->waksman_8x8_s0_w6_7.add"",""endpoint"":""waksman_8x8_s0_w6_7.add"",""facing"":""E"",""logical_PSE_role"":""lower"",""parent_endpoint"":""I7"",""physical_PSE_role"":""lower"",""side"":""input"",""toward_parent_x"":false,""wire"":7,""xy"":[93.0,26.5]}]}",16,9,9,0.006106367658503586
root,8,"{""ordered_input_wires"":[0,1,2,3,4,5,6,7],""ordered_output_wires"":[0,1,2,3,4,5,6,7],""top_to_bottom"":[{""access"":[45.0,421.5],""edge"":""input:w0->waksman_8x8_s0_w0_1.in"",""endpoint"":""waksman_8x8_s0_w0_1.in"",""facing"":""W"",""logical_PSE_role"":""upper"",""parent_endpoint"":""I0"",""physical_PSE_role"":""upper"",""side"":""input"",""toward_parent_x"":true,""wire"":0,""xy"":[77.0,421.5]},{""access"":[797.0,421.5],""edge"":""output:waksman_8x8_s4_w0_1.th->w0"",""endpoint"":""waksman_8x8_s4_w0_1.th"",""facing"":""E"",""logical_PSE_role"":""upper"",""parent_endpoint"":""O0"",""physical_PSE_role"":""upper"",""side"":""output"",""toward_parent_x"":true,""wire"":0,""xy"":[765.0,421.5]},{""access"":[125.0,410.5],""edge"":""input:w1->waksman_8x8_s0_w0_1.add"",""endpoint"":""waksman_8x8_s0_w0_1.add"",""facing"":""E"",""logical_PSE_role"":""lower"",""parent_endpoint"":""I1"",""physical_PSE_role"":""lower"",""side"":""input"",""toward_parent_x"":false,""wire"":1,""xy"":[93.0,410.5]},{""access"":[717.0,410.5],""edge"":""output:waksman_8x8_s4_w0_1.drop->w1"",""endpoint"":""waksman_8x8_s4_w0_1.drop"",""facing"":""W"",""logical_PSE_role"":""lower"",""parent_endpoint"":""O1"",""physical_PSE_role"":""lower"",""side"":""output"",""toward_parent_x"":false,""wire"":1,""xy"":[749.0,410.5]},{""access"":[45.0,293.5],""edge"":""input:w2->waksman_8x8_s0_w2_3.in"",""endpoint"":""waksman_8x8_s0_w2_3.in"",""facing"":""W"",""logical_PSE_role"":""upper"",""parent_endpoint"":""I2"",""physical_PSE_role"":""upper"",""side"":""input"",""toward_parent_x"":true,""wire"":2,""xy"":[77.0,293.5]},{""access"":[797.0,293.5],""edge"":""output:waksman_8x8_s4_w2_3.th->w2"",""endpoint"":""waksman_8x8_s4_w2_3.th"",""facing"":""E"",""logical_PSE_role"":""upper"",""parent_endpoint"":""O2"",""physical_PSE_role"":""upper"",""side"":""output"",""toward_parent_x"":true,""wire"":2,""xy"":[765.0,293.5]},{""access"":[125.0,282.5],""edge"":""input:w3->waksman_8x8_s0_w2_3.add"",""endpoint"":""waksman_8x8_s0_w2_3.add"",""facing"":""E"",""logical_PSE_role"":""lower"",""parent_endpoint"":""I3"",""physical_PSE_role"":""lower"",""side"":""input"",""toward_parent_x"":false,""wire"":3,""xy"":[93.0,282.5]},{""access"":[717.0,282.5],""edge"":""output:waksman_8x8_s4_w2_3.drop->w3"",""endpoint"":""waksman_8x8_s4_w2_3.drop"",""facing"":""W"",""logical_PSE_role"":""lower"",""parent_endpoint"":""O3"",""physical_PSE_role"":""lower"",""side"":""output"",""toward_parent_x"":false,""wire"":3,""xy"":[749.0,282.5]},{""access"":[381.0,250.5],""edge"":""output:waksman_8x8_s2_w2_6.drop->w6"",""endpoint"":""waksman_8x8_s2_w2_6.drop"",""facing"":""W"",""logical_PSE_role"":""lower"",""parent_endpoint"":""O6"",""physical_PSE_role"":""lower"",""side"":""output"",""toward_parent_x"":false,""wire"":6,""xy"":[413.0,250.5]},{""access"":[381.0,197.5],""edge"":""output:waksman_8x8_s2_w3_7.drop->w7"",""endpoint"":""waksman_8x8_s2_w3_7.drop"",""facing"":""W"",""logical_PSE_role"":""lower"",""parent_endpoint"":""O7"",""physical_PSE_role"":""upper"",""side"":""output"",""toward_parent_x"":false,""wire"":7,""xy"":[413.0,197.5]},{""access"":[45.0,165.5],""edge"":""input:w4->waksman_8x8_s0_w4_5.in"",""endpoint"":""waksman_8x8_s0_w4_5.in"",""facing"":""W"",""logical_PSE_role"":""upper"",""parent_endpoint"":""I4"",""physical_PSE_role"":""upper"",""side"":""input"",""toward_parent_x"":true,""wire"":4,""xy"":[77.0,165.5]},{""access"":[797.0,165.5],""edge"":""output:waksman_8x8_s4_w4_5.th->w4"",""endpoint"":""waksman_8x8_s4_w4_5.th"",""facing"":""E"",""logical_PSE_role"":""upper"",""parent_endpoint"":""O4"",""physical_PSE_role"":""upper"",""side"":""output"",""toward_parent_x"":true,""wire"":4,""xy"":[765.0,165.5]},{""access"":[125.0,154.5],""edge"":""input:w5->waksman_8x8_s0_w4_5.add"",""endpoint"":""waksman_8x8_s0_w4_5.add"",""facing"":""E"",""logical_PSE_role"":""lower"",""parent_endpoint"":""I5"",""physical_PSE_role"":""lower"",""side"":""input"",""toward_parent_x"":false,""wire"":5,""xy"":[93.0,154.5]},{""access"":[717.0,154.5],""edge"":""output:waksman_8x8_s4_w4_5.drop->w5"",""endpoint"":""waksman_8x8_s4_w4_5.drop"",""facing"":""W"",""logical_PSE_role"":""lower"",""parent_endpoint"":""O5"",""physical_PSE_role"":""lower"",""side"":""output"",""toward_parent_x"":false,""wire"":5,""xy"":[749.0,154.5]},{""access"":[45.0,37.5],""edge"":""input:w6->waksman_8x8_s0_w6_7.in"",""endpoint"":""waksman_8x8_s0_w6_7.in"",""facing"":""W"",""logical_PSE_role"":""upper"",""parent_endpoint"":""I6"",""physical_PSE_role"":""upper"",""side"":""input"",""toward_parent_x"":true,""wire"":6,""xy"":[77.0,37.5]},{""access"":[125.0,26.5],""edge"":""input:w7->waksman_8x8_s0_w6_7.add"",""endpoint"":""waksman_8x8_s0_w6_7.add"",""facing"":""E"",""logical_PSE_role"":""lower"",""parent_endpoint"":""I7"",""physical_PSE_role"":""lower"",""side"":""input"",""toward_parent_x"":false,""wire"":7,""xy"":[93.0,26.5]}]}",16,9,9,0.006108338249759981
root,8,"{""ordered_input_wires"":[0,1,2,3,4,5,6,7],""ordered_output_wires"":[0,1,2,3,4,5,6,7],""top_to_bottom"":[{""access"":[125.0,421.5],""edge"":""input:w7->waksman_8x8_s0_w6_7.add"",""endpoint"":""waksman_8x8_s0_w6_7.add"",""facing"":""E"",""logical_PSE_role"":""lower"",""parent_endpoint"":""I7"",""physical_PSE_role"":""upper"",""side"":""input"",""toward_parent_x"":false,""wire"":7,""xy"":[93.0,421.5]},{""access"":[45.0,410.5],""edge"":""input:w6->waksman_8x8_s0_w6_7.in"",""endpoint"":""waksman_8x8_s0_w6_7.in"",""facing"":""W"",""logical_PSE_role"":""upper"",""parent_endpoint"":""I6"",""physical_PSE_role"":""lower"",""side"":""input"",""toward_parent_x"":true,""wire"":6,""xy"":[77.0,410.5]},{""access"":[381.0,314.5],""edge"":""output:waksman_8x8_s2_w3_7.drop->w7"",""endpoint"":""waksman_8x8_s2_w3_7.drop"",""facing"":""W"",""logical_PSE_role"":""lower"",""parent_endpoint"":""O7"",""physical_PSE_role"":""lower"",""side"":""output"",""toward_parent_x"":false,""wire"":7,""xy"":[413.0,314.5]},{""access"":[125.0,293.5],""edge"":""input:w5->waksman_8x8_s0_w4_5.add"",""endpoint"":""waksman_8x8_s0_w4_5.add"",""facing"":""E"",""logical_PSE_role"":""lower"",""parent_endpoint"":""I5"",""physical_PSE_role"":""upper"",""side"":""input"",""toward_parent_x"":false,""wire"":5,""xy"":[93.0,293.5]},{""access"":[717.0,293.5],""edge"":""output:waksman_8x8_s4_w4_5.drop->w5"",""endpoint"":""waksman_8x8_s4_w4_5.drop"",""facing"":""W"",""logical_PSE_role"":""lower"",""parent_endpoint"":""O5"",""physical_PSE_role"":""upper"",""side"":""output"",""toward_parent_x"":false,""wire"":5,""xy"":[749.0,293.5]},{""access"":[45.0,282.5],""edge"":""input:w4->waksman_8x8_s0_w4_5.in"",""endpoint"":""waksman_8x8_s0_w4_5.in"",""facing"":""W"",""logical_PSE_role"":""upper"",""parent_endpoint"":""I4"",""physical_PSE_role"":""lower"",""side"":""input"",""toward_parent_x"":true,""wire"":4,""xy"":[77.0,282.5]},{""access"":[797.0,282.5],""edge"":""output:waksman_8x8_s4_w4_5.th->w4"",""endpoint"":""waksman_8x8_s4_w4_5.th"",""facing"":""E"",""logical_PSE_role"":""upper"",""parent_endpoint"":""O4"",""physical_PSE_role"":""lower"",""side"":""output"",""toward_parent_x"":true,""wire"":4,""xy"":[765.0,282.5]},{""access"":[125.0,165.5],""edge"":""input:w3->waksman_8x8_s0_w2_3.add"",""endpoint"":""waksman_8x8_s0_w2_3.add"",""facing"":""E"",""logical_PSE_role"":""lower"",""parent_endpoint"":""I3"",""physical_PSE_role"":""upper"",""side"":""input"",""toward_parent_x"":false,""wire"":3,""xy"":[93.0,165.5]},{""access"":[717.0,165.5],""edge"":""output:waksman_8x8_s4_w2_3.drop->w3"",""endpoint"":""waksman_8x8_s4_w2_3.drop"",""facing"":""W"",""logical_PSE_role"":""lower"",""parent_endpoint"":""O3"",""physical_PSE_role"":""upper"",""side"":""output"",""toward_parent_x"":false,""wire"":3,""xy"":[749.0,165.5]},{""access"":[45.0,154.5],""edge"":""input:w2->waksman_8x8_s0_w2_3.in"",""endpoint"":""waksman_8x8_s0_w2_3.in"",""facing"":""W"",""logical_PSE_role"":""upper"",""parent_endpoint"":""I2"",""physical_PSE_role"":""lower"",""side"":""input"",""toward_parent_x"":true,""wire"":2,""xy"":[77.0,154.5]},{""access"":[797.0,154.5],""edge"":""output:waksman_8x8_s4_w2_3.th->w2"",""endpoint"":""waksman_8x8_s4_w2_3.th"",""facing"":""E"",""logical_PSE_role"":""upper"",""parent_endpoint"":""O2"",""physical_PSE_role"":""lower"",""side"":""output"",""toward_parent_x"":true,""wire"":2,""xy"":[765.0,154.5]},{""access"":[381.0,133.5],""edge"":""output:waksman_8x8_s2_w2_6.drop->w6"",""endpoint"":""waksman_8x8_s2_w2_6.drop"",""facing"":""W"",""logical_PSE_role"":""lower"",""parent_endpoint"":""O6"",""physical_PSE_role"":""upper"",""side"":""output"",""toward_parent_x"":false,""wire"":6,""xy"":[413.0,133.5]},{""access"":[125.0,37.5],""edge"":""input:w1->waksman_8x8_s0_w0_1.add"",""endpoint"":""waksman_8x8_s0_w0_1.add"",""facing"":""E"",""logical_PSE_role"":""lower"",""parent_endpoint"":""I1"",""physical_PSE_role"":""upper"",""side"":""input"",""toward_parent_x"":false,""wire"":1,""xy"":[93.0,37.5]},{""access"":[717.0,37.5],""edge"":""output:waksman_8x8_s4_w0_1.drop->w1"",""endpoint"":""waksman_8x8_s4_w0_1.drop"",""facing"":""W"",""logical_PSE_role"":""lower"",""parent_endpoint"":""O1"",""physical_PSE_role"":""upper"",""side"":""output"",""toward_parent_x"":false,""wire"":1,""xy"":[749.0,37.5]},{""access"":[45.0,26.5],""edge"":""input:w0->waksman_8x8_s0_w0_1.in"",""endpoint"":""waksman_8x8_s0_w0_1.in"",""facing"":""W"",""logical_PSE_role"":""upper"",""parent_endpoint"":""I0"",""physical_PSE_role"":""lower"",""side"":""input"",""toward_parent_x"":true,""wire"":0,""xy"":[77.0,26.5]},{""access"":[797.0,26.5],""edge"":""output:waksman_8x8_s4_w0_1.th->w0"",""endpoint"":""waksman_8x8_s4_w0_1.th"",""facing"":""E"",""logical_PSE_role"":""upper"",""parent_endpoint"":""O0"",""physical_PSE_role"":""lower"",""side"":""output"",""toward_parent_x"":true,""wire"":0,""xy"":[765.0,26.5]}]}",16,9,9,0.006110279424319742
root,8,"{""ordered_input_wires"":[0,1,2,3,4,5,6,7],""ordered_output_wires"":[0,1,2,3,4,5,6,7],""top_to_bottom"":[{""access"":[125.0,421.5],""edge"":""input:w7->waksman_8x8_s0_w6_7.add"",""endpoint"":""waksman_8x8_s0_w6_7.add"",""facing"":""E"",""logical_PSE_role"":""lower"",""parent_endpoint"":""I7"",""physical_PSE_role"":""upper"",""side"":""input"",""toward_parent_x"":false,""wire"":7,""xy"":[93.0,421.5]},{""access"":[45.0,410.5],""edge"":""input:w6->waksman_8x8_s0_w6_7.in"",""endpoint"":""waksman_8x8_s0_w6_7.in"",""facing"":""W"",""logical_PSE_role"":""upper"",""parent_endpoint"":""I6"",""physical_PSE_role"":""lower"",""side"":""input"",""toward_parent_x"":true,""wire"":6,""xy"":[77.0,410.5]},{""access"":[125.0,293.5],""edge"":""input:w5->waksman_8x8_s0_w4_5.add"",""endpoint"":""waksman_8x8_s0_w4_5.add"",""facing"":""E"",""logical_PSE_role"":""lower"",""parent_endpoint"":""I5"",""physical_PSE_role"":""upper"",""side"":""input"",""toward_parent_x"":false,""wire"":5,""xy"":[93.0,293.5]},{""access"":[717.0,293.5],""edge"":""output:waksman_8x8_s4_w4_5.drop->w5"",""endpoint"":""waksman_8x8_s4_w4_5.drop"",""facing"":""W"",""logical_PSE_role"":""lower"",""parent_endpoint"":""O5"",""physical_PSE_role"":""upper"",""side"":""output"",""toward_parent_x"":false,""wire"":5,""xy"":[749.0,293.5]},{""access"":[45.0,282.5],""edge"":""input:w4->waksman_8x8_s0_w4_5.in"",""endpoint"":""waksman_8x8_s0_w4_5.in"",""facing"":""W"",""logical_PSE_role"":""upper"",""parent_endpoint"":""I4"",""physical_PSE_role"":""lower"",""side"":""input"",""toward_parent_x"":true,""wire"":4,""xy"":[77.0,282.5]},{""access"":[797.0,282.5],""edge"":""output:waksman_8x8_s4_w4_5.th->w4"",""endpoint"":""waksman_8x8_s4_w4_5.th"",""facing"":""E"",""logical_PSE_role"":""upper"",""parent_endpoint"":""O4"",""physical_PSE_role"":""lower"",""side"":""output"",""toward_parent_x"":true,""wire"":4,""xy"":[765.0,282.5]},{""access"":[381.0,250.5],""edge"":""output:waksman_8x8_s2_w3_7.drop->w7"",""endpoint"":""waksman_8x8_s2_w3_7.drop"",""facing"":""W"",""logical_PSE_role"":""lower"",""parent_endpoint"":""O7"",""physical_PSE_role"":""lower"",""side"":""output"",""toward_parent_x"":false,""wire"":7,""xy"":[413.0,250.5]},{""access"":[381.0,197.5],""edge"":""output:waksman_8x8_s2_w2_6.drop->w6"",""endpoint"":""waksman_8x8_s2_w2_6.drop"",""facing"":""W"",""logical_PSE_role"":""lower"",""parent_endpoint"":""O6"",""physical_PSE_role"":""upper"",""side"":""output"",""toward_parent_x"":false,""wire"":6,""xy"":[413.0,197.5]},{""access"":[125.0,165.5],""edge"":""input:w3->waksman_8x8_s0_w2_3.add"",""endpoint"":""waksman_8x8_s0_w2_3.add"",""facing"":""E"",""logical_PSE_role"":""lower"",""parent_endpoint"":""I3"",""physical_PSE_role"":""upper"",""side"":""input"",""toward_parent_x"":false,""wire"":3,""xy"":[93.0,165.5]},{""access"":[717.0,165.5],""edge"":""output:waksman_8x8_s4_w2_3.drop->w3"",""endpoint"":""waksman_8x8_s4_w2_3.drop"",""facing"":""W"",""logical_PSE_role"":""lower"",""parent_endpoint"":""O3"",""physical_PSE_role"":""upper"",""side"":""output"",""toward_parent_x"":false,""wire"":3,""xy"":[749.0,165.5]},{""access"":[45.0,154.5],""edge"":""input:w2->waksman_8x8_s0_w2_3.in"",""endpoint"":""waksman_8x8_s0_w2_3.in"",""facing"":""W"",""logical_PSE_role"":""upper"",""parent_endpoint"":""I2"",""physical_PSE_role"":""lower"",""side"":""input"",""toward_parent_x"":true,""wire"":2,""xy"":[77.0,154.5]},{""access"":[797.0,154.5],""edge"":""output:waksman_8x8_s4_w2_3.th->w2"",""endpoint"":""waksman_8x8_s4_w2_3.th"",""facing"":""E"",""logical_PSE_role"":""upper"",""parent_endpoint"":""O2"",""physical_PSE_role"":""lower"",""side"":""output"",""toward_parent_x"":true,""wire"":2,""xy"":[765.0,154.5]},{""access"":[125.0,37.5],""edge"":""input:w1->waksman_8x8_s0_w0_1.add"",""endpoint"":""waksman_8x8_s0_w0_1.add"",""facing"":""E"",""logical_PSE_role"":""lower"",""parent_endpoint"":""I1"",""physical_PSE_role"":""upper"",""side"":""input"",""toward_parent_x"":false,""wire"":1,""xy"":[93.0,37.5]},{""access"":[717.0,37.5],""edge"":""output:waksman_8x8_s4_w0_1.drop->w1"",""endpoint"":""waksman_8x8_s4_w0_1.drop"",""facing"":""W"",""logical_PSE_role"":""lower"",""parent_endpoint"":""O1"",""physical_PSE_role"":""upper"",""side"":""output"",""toward_parent_x"":false,""wire"":1,""xy"":[749.0,37.5]},{""access"":[45.0,26.5],""edge"":""input:w0->waksman_8x8_s0_w0_1.in"",""endpoint"":""waksman_8x8_s0_w0_1.in"",""facing"":""W"",""logical_PSE_role"":""upper"",""parent_endpoint"":""I0"",""physical_PSE_role"":""lower"",""side"":""input"",""toward_parent_x"":true,""wire"":0,""xy"":[77.0,26.5]},{""access"":[797.0,26.5],""edge"":""output:waksman_8x8_s4_w0_1.th->w0"",""endpoint"":""waksman_8x8_s4_w0_1.th"",""facing"":""E"",""logical_PSE_role"":""upper"",""parent_endpoint"":""O0"",""physical_PSE_role"":""lower"",""side"":""output"",""toward_parent_x"":true,""wire"":0,""xy"":[765.0,26.5]}]}",16,9,9,0.006112203533120919
root,8,"{""ordered_input_wires"":[0,1,2,3,4,5,6,7],""ordered_output_wires"":[0,1,2,3,4,5,6,7],""top_to_bottom"":[{""access"":[45.0,421.5],""edge"":""input:w0->waksman_8x8_s0_w0_1.in"",""endpoint"":""waksman_8x8_s0_w0_1.in"",""facing"":""W"",""logical_PSE_role"":""upper"",""parent_endpoint"":""I0"",""physical_PSE_role"":""upper"",""side"":""input"",""toward_parent_x"":true,""wire"":0,""xy"":[77.0,421.5]},{""access"":[797.0,421.5],""edge"":""output:waksman_8x8_s4_w0_1.th->w0"",""endpoint"":""waksman_8x8_s4_w0_1.th"",""facing"":""E"",""logical_PSE_role"":""upper"",""parent_endpoint"":""O0"",""physical_PSE_role"":""upper"",""side"":""output"",""toward_parent_x"":true,""wire"":0,""xy"":[765.0,421.5]},{""access"":[125.0,410.5],""edge"":""input:w1->waksman_8x8_s0_w0_1.add"",""endpoint"":""waksman_8x8_s0_w0_1.add"",""facing"":""E"",""logical_PSE_role"":""lower"",""parent_endpoint"":""I1"",""physical_PSE_role"":""lower"",""side"":""input"",""toward_parent_x"":false,""wire"":1,""xy"":[93.0,410.5]},{""access"":[717.0,410.5],""edge"":""output:waksman_8x8_s4_w0_1.drop->w1"",""endpoint"":""waksman_8x8_s4_w0_1.drop"",""facing"":""W"",""logical_PSE_role"":""lower"",""parent_endpoint"":""O1"",""physical_PSE_role"":""lower"",""side"":""output"",""toward_parent_x"":false,""wire"":1,""xy"":[749.0,410.5]},{""access"":[381.0,325.5],""edge"":""output:waksman_8x8_s2_w2_6.drop->w6"",""endpoint"":""waksman_8x8_s2_w2_6.drop"",""facing"":""W"",""logical_PSE_role"":""lower"",""parent_endpoint"":""O6"",""physical_PSE_role"":""upper"",""side"":""output"",""toward_parent_x"":false,""wire"":6,""xy"":[413.0,325.5]},{""access"":[45.0,293.5],""edge"":""input:w2->waksman_8x8_s0_w2_3.in"",""endpoint"":""waksman_8x8_s0_w2_3.in"",""facing"":""W"",""logical_PSE_role"":""upper"",""parent_endpoint"":""I2"",""physical_PSE_role"":""upper"",""side"":""input"",""toward_parent_x"":true,""wire"":2,""xy"":[77.0,293.5]},{""access"":[797.0,293.5],""edge"":""output:waksman_8x8_s4_w2_3.th->w2"",""endpoint"":""waksman_8x8_s4_w2_3.th"",""facing"":""E"",""logical_PSE_role"":""upper"",""parent_endpoint"":""O2"",""physical_PSE_role"":""upper"",""side"":""output"",""toward_parent_x"":true,""wire"":2,""xy"":[765.0,293.5]},{""access"":[125.0,282.5],""edge"":""input:w3->waksman_8x8_s0_w2_3.add"",""endpoint"":""waksman_8x8_s0_w2_3.add"",""facing"":""E"",""logical_PSE_role"":""lower"",""parent_endpoint"":""I3"",""physical_PSE_role"":""lower"",""side"":""input"",""toward_parent_x"":false,""wire"":3,""xy"":[93.0,282.5]},{""access"":[717.0,282.5],""edge"":""output:waksman_8x8_s4_w2_3.drop->w3"",""endpoint"":""waksman_8x8_s4_w2_3.drop"",""facing"":""W"",""logical_PSE_role"":""lower"",""parent_endpoint"":""O3"",""physical_PSE_role"":""lower"",""side"":""output"",""toward_parent_x"":false,""wire"":3,""xy"":[749.0,282.5]},{""access"":[45.0,165.5],""edge"":""input:w4->waksman_8x8_s0_w4_5.in"",""endpoint"":""waksman_8x8_s0_w4_5.in"",""facing"":""W"",""logical_PSE_role"":""upper"",""parent_endpoint"":""I4"",""physical_PSE_role"":""upper"",""side"":""input"",""toward_parent_x"":true,""wire"":4,""xy"":[77.0,165.5]},{""access"":[797.0,165.5],""edge"":""output:waksman_8x8_s4_w4_5.th->w4"",""endpoint"":""waksman_8x8_s4_w4_5.th"",""facing"":""E"",""logical_PSE_role"":""upper"",""parent_endpoint"":""O4"",""physical_PSE_role"":""upper"",""side"":""output"",""toward_parent_x"":true,""wire"":4,""xy"":[765.0,165.5]},{""access"":[125.0,154.5],""edge"":""input:w5->waksman_8x8_s0_w4_5.add"",""endpoint"":""waksman_8x8_s0_w4_5.add"",""facing"":""E"",""logical_PSE_role"":""lower"",""parent_endpoint"":""I5"",""physical_PSE_role"":""lower"",""side"":""input"",""toward_parent_x"":false,""wire"":5,""xy"":[93.0,154.5]},{""access"":[717.0,154.5],""edge"":""output:waksman_8x8_s4_w4_5.drop->w5"",""endpoint"":""waksman_8x8_s4_w4_5.drop"",""facing"":""W"",""logical_PSE_role"":""lower"",""parent_endpoint"":""O5"",""physical_PSE_role"":""lower"",""side"":""output"",""toward_parent_x"":false,""wire"":5,""xy"":[749.0,154.5]},{""access"":[381.0,122.5],""edge"":""output:waksman_8x8_s2_w3_7.drop->w7"",""endpoint"":""waksman_8x8_s2_w3_7.drop"",""facing"":""W"",""logical_PSE_role"":""lower"",""parent_endpoint"":""O7"",""physical_PSE_role"":""lower"",""side"":""output"",""toward_parent_x"":false,""wire"":7,""xy"":[413.0,122.5]},{""access"":[45.0,37.5],""edge"":""input:w6->waksman_8x8_s0_w6_7.in"",""endpoint"":""waksman_8x8_s0_w6_7.in"",""facing"":""W"",""logical_PSE_role"":""upper"",""parent_endpoint"":""I6"",""physical_PSE_role"":""upper"",""side"":""input"",""toward_parent_x"":true,""wire"":6,""xy"":[77.0,37.5]},{""access"":[125.0,26.5],""edge"":""input:w7->waksman_8x8_s0_w6_7.add"",""endpoint"":""waksman_8x8_s0_w6_7.add"",""facing"":""E"",""logical_PSE_role"":""lower"",""parent_endpoint"":""I7"",""physical_PSE_role"":""lower"",""side"":""input"",""toward_parent_x"":false,""wire"":7,""xy"":[93.0,26.5]}]}",16,9,9,0.006114220141171245
root,8,"{""ordered_input_wires"":[0,1,2,3,4,5,6,7],""ordered_output_wires"":[0,1,2,3,4,5,6,7],""top_to_bottom"":[{""access"":[45.0,421.5],""edge"":""input:w0->waksman_8x8_s0_w0_1.in"",""endpoint"":""waksman_8x8_s0_w0_1.in"",""facing"":""W"",""logical_PSE_role"":""upper"",""parent_endpoint"":""I0"",""physical_PSE_role"":""upper"",""side"":""input"",""toward_parent_x"":true,""wire"":0,""xy"":[77.0,421.5]},{""access"":[797.0,421.5],""edge"":""output:waksman_8x8_s4_w0_1.th->w0"",""endpoint"":""waksman_8x8_s4_w0_1.th"",""facing"":""E"",""logical_PSE_role"":""upper"",""parent_endpoint"":""O0"",""physical_PSE_role"":""upper"",""side"":""output"",""toward_parent_x"":true,""wire"":0,""xy"":[765.0,421.5]},{""access"":[125.0,410.5],""edge"":""input:w1->waksman_8x8_s0_w0_1.add"",""endpoint"":""waksman_8x8_s0_w0_1.add"",""facing"":""E"",""logical_PSE_role"":""lower"",""parent_endpoint"":""I1"",""physical_PSE_role"":""lower"",""side"":""input"",""toward_parent_x"":false,""wire"":1,""xy"":[93.0,410.5]},{""access"":[717.0,410.5],""edge"":""output:waksman_8x8_s4_w0_1.drop->w1"",""endpoint"":""waksman_8x8_s4_w0_1.drop"",""facing"":""W"",""logical_PSE_role"":""lower"",""parent_endpoint"":""O1"",""physical_PSE_role"":""lower"",""side"":""output"",""toward_parent_x"":false,""wire"":1,""xy"":[749.0,410.5]},{""access"":[45.0,293.5],""edge"":""input:w2->waksman_8x8_s0_w2_3.in"",""endpoint"":""waksman_8x8_s0_w2_3.in"",""facing"":""W"",""logical_PSE_role"":""upper"",""parent_endpoint"":""I2"",""physical_PSE_role"":""upper"",""side"":""input"",""toward_parent_x"":true,""wire"":2,""xy"":[77.0,293.5]},{""access"":[797.0,293.5],""edge"":""output:waksman_8x8_s4_w2_3.th->w2"",""endpoint"":""waksman_8x8_s4_w2_3.th"",""facing"":""E"",""logical_PSE_role"":""upper"",""parent_endpoint"":""O2"",""physical_PSE_role"":""upper"",""side"":""output"",""toward_parent_x"":true,""wire"":2,""xy"":[765.0,293.5]},{""access"":[125.0,282.5],""edge"":""input:w3->waksman_8x8_s0_w2_3.add"",""endpoint"":""waksman_8x8_s0_w2_3.add"",""facing"":""E"",""logical_PSE_role"":""lower"",""parent_endpoint"":""I3"",""physical_PSE_role"":""lower"",""side"":""input"",""toward_parent_x"":false,""wire"":3,""xy"":[93.0,282.5]},{""access"":[717.0,282.5],""edge"":""output:waksman_8x8_s4_w2_3.drop->w3"",""endpoint"":""waksman_8x8_s4_w2_3.drop"",""facing"":""W"",""logical_PSE_role"":""lower"",""parent_endpoint"":""O3"",""physical_PSE_role"":""lower"",""side"":""output"",""toward_parent_x"":false,""wire"":3,""xy"":[749.0,282.5]},{""access"":[381.0,261.5],""edge"":""output:waksman_8x8_s2_w2_6.drop->w6"",""endpoint"":""waksman_8x8_s2_w2_6.drop"",""facing"":""W"",""logical_PSE_role"":""lower"",""parent_endpoint"":""O6"",""physical_PSE_role"":""upper"",""side"":""output"",""toward_parent_x"":false,""wire"":6,""xy"":[413.0,261.5]},{""access"":[381.0,186.5],""edge"":""output:waksman_8x8_s2_w3_7.drop->w7"",""endpoint"":""waksman_8x8_s2_w3_7.drop"",""facing"":""W"",""logical_PSE_role"":""lower"",""parent_endpoint"":""O7"",""physical_PSE_role"":""lower"",""side"":""output"",""toward_parent_x"":false,""wire"":7,""xy"":[413.0,186.5]},{""access"":[45.0,165.5],""edge"":""input:w4->waksman_8x8_s0_w4_5.in"",""endpoint"":""waksman_8x8_s0_w4_5.in"",""facing"":""W"",""logical_PSE_role"":""upper"",""parent_endpoint"":""I4"",""physical_PSE_role"":""upper"",""side"":""input"",""toward_parent_x"":true,""wire"":4,""xy"":[77.0,165.5]},{""access"":[797.0,165.5],""edge"":""output:waksman_8x8_s4_w4_5.th->w4"",""endpoint"":""waksman_8x8_s4_w4_5.th"",""facing"":""E"",""logical_PSE_role"":""upper"",""parent_endpoint"":""O4"",""physical_PSE_role"":""upper"",""side"":""output"",""toward_parent_x"":true,""wire"":4,""xy"":[765.0,165.5]},{""access"":[125.0,154.5],""edge"":""input:w5->waksman_8x8_s0_w4_5.add"",""endpoint"":""waksman_8x8_s0_w4_5.add"",""facing"":""E"",""logical_PSE_role"":""lower"",""parent_endpoint"":""I5"",""physical_PSE_role"":""lower"",""side"":""input"",""toward_parent_x"":false,""wire"":5,""xy"":[93.0,154.5]},{""access"":[717.0,154.5],""edge"":""output:waksman_8x8_s4_w4_5.drop->w5"",""endpoint"":""waksman_8x8_s4_w4_5.drop"",""facing"":""W"",""logical_PSE_role"":""lower"",""parent_endpoint"":""O5"",""physical_PSE_role"":""lower"",""side"":""output"",""toward_parent_x"":false,""wire"":5,""xy"":[749.0,154.5]},{""access"":[45.0,37.5],""edge"":""input:w6->waksman_8x8_s0_w6_7.in"",""endpoint"":""waksman_8x8_s0_w6_7.in"",""facing"":""W"",""logical_PSE_role"":""upper"",""parent_endpoint"":""I6"",""physical_PSE_role"":""upper"",""side"":""input"",""toward_parent_x"":true,""wire"":6,""xy"":[77.0,37.5]},{""access"":[125.0,26.5],""edge"":""input:w7->waksman_8x8_s0_w6_7.add"",""endpoint"":""waksman_8x8_s0_w6_7.add"",""facing"":""E"",""logical_PSE_role"":""lower"",""parent_endpoint"":""I7"",""physical_PSE_role"":""lower"",""side"":""input"",""toward_parent_x"":false,""wire"":7,""xy"":[93.0,26.5]}]}",16,9,9,0.006116224220022559
root,8,"{""ordered_input_wires"":[0,1,2,3,4,5,6,7],""ordered_output_wires"":[0,1,2,3,4,5,6,7],""top_to_bottom"":[{""access"":[125.0,421.5],""edge"":""input:w7->waksman_8x8_s0_w6_7.add"",""endpoint"":""waksman_8x8_s0_w6_7.add"",""facing"":""E"",""logical_PSE_role"":""lower"",""parent_endpoint"":""I7"",""physical_PSE_role"":""upper"",""side"":""input"",""toward_parent_x"":false,""wire"":7,""xy"":[93.0,421.5]},{""access"":[45.0,410.5],""edge"":""input:w6->waksman_8x8_s0_w6_7.in"",""endpoint"":""waksman_8x8_s0_w6_7.in"",""facing"":""W"",""logical_PSE_role"":""upper"",""parent_endpoint"":""I6"",""physical_PSE_role"":""lower"",""side"":""input"",""toward_parent_x"":true,""wire"":6,""xy"":[77.0,410.5]},{""access"":[381.0,325.5],""edge"":""output:waksman_8x8_s2_w3_7.drop->w7"",""endpoint"":""waksman_8x8_s2_w3_7.drop"",""facing"":""W"",""logical_PSE_role"":""lower"",""parent_endpoint"":""O7"",""physical_PSE_role"":""upper"",""side"":""output"",""toward_parent_x"":false,""wire"":7,""xy"":[413.0,325.5]},{""access"":[125.0,293.5],""edge"":""input:w5->waksman_8x8_s0_w4_5.add"",""endpoint"":""waksman_8x8_s0_w4_5.add"",""facing"":""E"",""logical_PSE_role"":""lower"",""parent_endpoint"":""I5"",""physical_PSE_role"":""upper"",""side"":""input"",""toward_parent_x"":false,""wire"":5,""xy"":[93.0,293.5]},{""access"":[717.0,293.5],""edge"":""output:waksman_8x8_s4_w4_5.drop->w5"",""endpoint"":""waksman_8x8_s4_w4_5.drop"",""facing"":""W"",""logical_PSE_role"":""lower"",""parent_endpoint"":""O5"",""physical_PSE_role"":""upper"",""side"":""output"",""toward_parent_x"":false,""wire"":5,""xy"":[749.0,293.5]},{""access"":[45.0,282.5],""edge"":""input:w4->waksman_8x8_s0_w4_5.in"",""endpoint"":""waksman_8x8_s0_w4_5.in"",""facing"":""W"",""logical_PSE_role"":""upper"",""parent_endpoint"":""I4"",""physical_PSE_role"":""lower"",""side"":""input"",""toward_parent_x"":true,""wire"":4,""xy"":[77.0,282.5]},{""access"":[797.0,282.5],""edge"":""output:waksman_8x8_s4_w4_5.th->w4"",""endpoint"":""waksman_8x8_s4_w4_5.th"",""facing"":""E"",""logical_PSE_role"":""upper"",""parent_endpoint"":""O4"",""physical_PSE_role"":""lower"",""side"":""output"",""toward_parent_x"":true,""wire"":4,""xy"":[765.0,282.5]},{""access"":[125.0,165.5],""edge"":""input:w3->waksman_8x8_s0_w2_3.add"",""endpoint"":""waksman_8x8_s0_w2_3.add"",""facing"":""E"",""logical_PSE_role"":""lower"",""parent_endpoint"":""I3"",""physical_PSE_role"":""upper"",""side"":""input"",""toward_parent_x"":false,""wire"":3,""xy"":[93.0,165.5]},{""access"":[717.0,165.5],""edge"":""output:waksman_8x8_s4_w2_3.drop->w3"",""endpoint"":""waksman_8x8_s4_w2_3.drop"",""facing"":""W"",""logical_PSE_role"":""lower"",""parent_endpoint"":""O3"",""physical_PSE_role"":""upper"",""side"":""output"",""toward_parent_x"":false,""wire"":3,""xy"":[749.0,165.5]},{""access"":[45.0,154.5],""edge"":""input:w2->waksman_8x8_s0_w2_3.in"",""endpoint"":""waksman_8x8_s0_w2_3.in"",""facing"":""W"",""logical_PSE_role"":""upper"",""parent_endpoint"":""I2"",""physical_PSE_role"":""lower"",""side"":""input"",""toward_parent_x"":true,""wire"":2,""xy"":[77.0,154.5]},{""access"":[797.0,154.5],""edge"":""output:waksman_8x8_s4_w2_3.th->w2"",""endpoint"":""waksman_8x8_s4_w2_3.th"",""facing"":""E"",""logical_PSE_role"":""upper"",""parent_endpoint"":""O2"",""physical_PSE_role"":""lower"",""side"":""output"",""toward_parent_x"":true,""wire"":2,""xy"":[765.0,154.5]},{""access"":[381.0,122.5],""edge"":""output:waksman_8x8_s2_w2_6.drop->w6"",""endpoint"":""waksman_8x8_s2_w2_6.drop"",""facing"":""W"",""logical_PSE_role"":""lower"",""parent_endpoint"":""O6"",""physical_PSE_role"":""lower"",""side"":""output"",""toward_parent_x"":false,""wire"":6,""xy"":[413.0,122.5]},{""access"":[125.0,37.5],""edge"":""input:w1->waksman_8x8_s0_w0_1.add"",""endpoint"":""waksman_8x8_s0_w0_1.add"",""facing"":""E"",""logical_PSE_role"":""lower"",""parent_endpoint"":""I1"",""physical_PSE_role"":""upper"",""side"":""input"",""toward_parent_x"":false,""wire"":1,""xy"":[93.0,37.5]},{""access"":[717.0,37.5],""edge"":""output:waksman_8x8_s4_w0_1.drop->w1"",""endpoint"":""waksman_8x8_s4_w0_1.drop"",""facing"":""W"",""logical_PSE_role"":""lower"",""parent_endpoint"":""O1"",""physical_PSE_role"":""upper"",""side"":""output"",""toward_parent_x"":false,""wire"":1,""xy"":[749.0,37.5]},{""access"":[45.0,26.5],""edge"":""input:w0->waksman_8x8_s0_w0_1.in"",""endpoint"":""waksman_8x8_s0_w0_1.in"",""facing"":""W"",""logical_PSE_role"":""upper"",""parent_endpoint"":""I0"",""physical_PSE_role"":""lower"",""side"":""input"",""toward_parent_x"":true,""wire"":0,""xy"":[77.0,26.5]},{""access"":[797.0,26.5],""edge"":""output:waksman_8x8_s4_w0_1.th->w0"",""endpoint"":""waksman_8x8_s4_w0_1.th"",""facing"":""E"",""logical_PSE_role"":""upper"",""parent_endpoint"":""O0"",""physical_PSE_role"":""lower"",""side"":""output"",""toward_parent_x"":true,""wire"":0,""xy"":[765.0,26.5]}]}",16,9,9,0.00611818698598654
root,8,"{""ordered_input_wires"":[0,1,2,3,4,5,6,7],""ordered_output_wires"":[0,1,2,3,4,5,6,7],""top_to_bottom"":[{""access"":[125.0,421.5],""edge"":""input:w7->waksman_8x8_s0_w6_7.add"",""endpoint"":""waksman_8x8_s0_w6_7.add"",""facing"":""E"",""logical_PSE_role"":""lower"",""parent_endpoint"":""I7"",""physical_PSE_role"":""upper"",""side"":""input"",""toward_parent_x"":false,""wire"":7,""xy"":[93.0,421.5]},{""access"":[45.0,410.5],""edge"":""input:w6->waksman_8x8_s0_w6_7.in"",""endpoint"":""waksman_8x8_s0_w6_7.in"",""facing"":""W"",""logical_PSE_role"":""upper"",""parent_endpoint"":""I6"",""physical_PSE_role"":""lower"",""side"":""input"",""toward_parent_x"":true,""wire"":6,""xy"":[77.0,410.5]},{""access"":[125.0,293.5],""edge"":""input:w5->waksman_8x8_s0_w4_5.add"",""endpoint"":""waksman_8x8_s0_w4_5.add"",""facing"":""E"",""logical_PSE_role"":""lower"",""parent_endpoint"":""I5"",""physical_PSE_role"":""upper"",""side"":""input"",""toward_parent_x"":false,""wire"":5,""xy"":[93.0,293.5]},{""access"":[717.0,293.5],""edge"":""output:waksman_8x8_s4_w4_5.drop->w5"",""endpoint"":""waksman_8x8_s4_w4_5.drop"",""facing"":""W"",""logical_PSE_role"":""lower"",""parent_endpoint"":""O5"",""physical_PSE_role"":""upper"",""side"":""output"",""toward_parent_x"":false,""wire"":5,""xy"":[749.0,293.5]},{""access"":[45.0,282.5],""edge"":""input:w4->waksman_8x8_s0_w4_5.in"",""endpoint"":""waksman_8x8_s0_w4_5.in"",""facing"":""W"",""logical_PSE_role"":""upper"",""parent_endpoint"":""I4"",""physical_PSE_role"":""lower"",""side"":""input"",""toward_parent_x"":true,""wire"":4,""xy"":[77.0,282.5]},{""access"":[797.0,282.5],""edge"":""output:waksman_8x8_s4_w4_5.th->w4"",""endpoint"":""waksman_8x8_s4_w4_5.th"",""facing"":""E"",""logical_PSE_role"":""upper"",""parent_endpoint"":""O4"",""physical_PSE_role"":""lower"",""side"":""output"",""toward_parent_x"":true,""wire"":4,""xy"":[765.0,282.5]},{""access"":[381.0,261.5],""edge"":""output:waksman_8x8_s2_w3_7.drop->w7"",""endpoint"":""waksman_8x8_s2_w3_7.drop"",""facing"":""W"",""logical_PSE_role"":""lower"",""parent_endpoint"":""O7"",""physical_PSE_role"":""upper"",""side"":""output"",""toward_parent_x"":false,""wire"":7,""xy"":[413.0,261.5]},{""access"":[381.0,186.5],""edge"":""output:waksman_8x8_s2_w2_6.drop->w6"",""endpoint"":""waksman_8x8_s2_w2_6.drop"",""facing"":""W"",""logical_PSE_role"":""lower"",""parent_endpoint"":""O6"",""physical_PSE_role"":""lower"",""side"":""output"",""toward_parent_x"":false,""wire"":6,""xy"":[413.0,186.5]},{""access"":[125.0,165.5],""edge"":""input:w3->waksman_8x8_s0_w2_3.add"",""endpoint"":""waksman_8x8_s0_w2_3.add"",""facing"":""E"",""logical_PSE_role"":""lower"",""parent_endpoint"":""I3"",""physical_PSE_role"":""upper"",""side"":""input"",""toward_parent_x"":false,""wire"":3,""xy"":[93.0,165.5]},{""access"":[717.0,165.5],""edge"":""output:waksman_8x8_s4_w2_3.drop->w3"",""endpoint"":""waksman_8x8_s4_w2_3.drop"",""facing"":""W"",""logical_PSE_role"":""lower"",""parent_endpoint"":""O3"",""physical_PSE_role"":""upper"",""side"":""output"",""toward_parent_x"":false,""wire"":3,""xy"":[749.0,165.5]},{""access"":[45.0,154.5],""edge"":""input:w2->waksman_8x8_s0_w2_3.in"",""endpoint"":""waksman_8x8_s0_w2_3.in"",""facing"":""W"",""logical_PSE_role"":""upper"",""parent_endpoint"":""I2"",""physical_PSE_role"":""lower"",""side"":""input"",""toward_parent_x"":true,""wire"":2,""xy"":[77.0,154.5]},{""access"":[797.0,154.5],""edge"":""output:waksman_8x8_s4_w2_3.th->w2"",""endpoint"":""waksman_8x8_s4_w2_3.th"",""facing"":""E"",""logical_PSE_role"":""upper"",""parent_endpoint"":""O2"",""physical_PSE_role"":""lower"",""side"":""output"",""toward_parent_x"":true,""wire"":2,""xy"":[765.0,154.5]},{""access"":[125.0,37.5],""edge"":""input:w1->waksman_8x8_s0_w0_1.add"",""endpoint"":""waksman_8x8_s0_w0_1.add"",""facing"":""E"",""logical_PSE_role"":""lower"",""parent_endpoint"":""I1"",""physical_PSE_role"":""upper"",""side"":""input"",""toward_parent_x"":false,""wire"":1,""xy"":[93.0,37.5]},{""access"":[717.0,37.5],""edge"":""output:waksman_8x8_s4_w0_1.drop->w1"",""endpoint"":""waksman_8x8_s4_w0_1.drop"",""facing"":""W"",""logical_PSE_role"":""lower"",""parent_endpoint"":""O1"",""physical_PSE_role"":""upper"",""side"":""output"",""toward_parent_x"":false,""wire"":1,""xy"":[749.0,37.5]},{""access"":[45.0,26.5],""edge"":""input:w0->waksman_8x8_s0_w0_1.in"",""endpoint"":""waksman_8x8_s0_w0_1.in"",""facing"":""W"",""logical_PSE_role"":""upper"",""parent_endpoint"":""I0"",""physical_PSE_role"":""lower"",""side"":""input"",""toward_parent_x"":true,""wire"":0,""xy"":[77.0,26.5]},{""access"":[797.0,26.5],""edge"":""output:waksman_8x8_s4_w0_1.th->w0"",""endpoint"":""waksman_8x8_s4_w0_1.th"",""facing"":""E"",""logical_PSE_role"":""upper"",""parent_endpoint"":""O0"",""physical_PSE_role"":""lower"",""side"":""output"",""toward_parent_x"":true,""wire"":0,""xy"":[765.0,26.5]}]}",16,9,9,0.006120183548773639
root,8,"{""ordered_input_wires"":[0,1,2,3,4,5,6,7],""ordered_output_wires"":[0,1,2,3,4,5,6,7],""top_to_bottom"":[{""access"":[45.0,421.5],""edge"":""input:w0->waksman_8x8_s0_w0_1.in"",""endpoint"":""waksman_8x8_s0_w0_1.in"",""facing"":""W"",""logical_PSE_role"":""upper"",""parent_endpoint"":""I0"",""physical_PSE_role"":""upper"",""side"":""input"",""toward_parent_x"":true,""wire"":0,""xy"":[77.0,421.5]},{""access"":[797.0,421.5],""edge"":""output:waksman_8x8_s4_w0_1.th->w0"",""endpoint"":""waksman_8x8_s4_w0_1.th"",""facing"":""E"",""logical_PSE_role"":""upper"",""parent_endpoint"":""O0"",""physical_PSE_role"":""upper"",""side"":""output"",""toward_parent_x"":true,""wire"":0,""xy"":[765.0,421.5]},{""access"":[125.0,410.5],""edge"":""input:w1->waksman_8x8_s0_w0_1.add"",""endpoint"":""waksman_8x8_s0_w0_1.add"",""facing"":""E"",""logical_PSE_role"":""lower"",""parent_endpoint"":""I1"",""physical_PSE_role"":""lower"",""side"":""input"",""toward_parent_x"":false,""wire"":1,""xy"":[93.0,410.5]},{""access"":[717.0,410.5],""edge"":""output:waksman_8x8_s4_w0_1.drop->w1"",""endpoint"":""waksman_8x8_s4_w0_1.drop"",""facing"":""W"",""logical_PSE_role"":""lower"",""parent_endpoint"":""O1"",""physical_PSE_role"":""lower"",""side"":""output"",""toward_parent_x"":false,""wire"":1,""xy"":[749.0,410.5]},{""access"":[381.0,325.5],""edge"":""output:waksman_8x8_s2_w2_6.drop->w6"",""endpoint"":""waksman_8x8_s2_w2_6.drop"",""facing"":""W"",""logical_PSE_role"":""lower"",""parent_endpoint"":""O6"",""physical_PSE_role"":""upper"",""side"":""output"",""toward_parent_x"":false,""wire"":6,""xy"":[413.0,325.5]},{""access"":[45.0,293.5],""edge"":""input:w2->waksman_8x8_s0_w2_3.in"",""endpoint"":""waksman_8x8_s0_w2_3.in"",""facing"":""W"",""logical_PSE_role"":""upper"",""parent_endpoint"":""I2"",""physical_PSE_role"":""upper"",""side"":""input"",""toward_parent_x"":true,""wire"":2,""xy"":[77.0,293.5]},{""access"":[797.0,293.5],""edge"":""output:waksman_8x8_s4_w2_3.th->w2"",""endpoint"":""waksman_8x8_s4_w2_3.th"",""facing"":""E"",""logical_PSE_role"":""upper"",""parent_endpoint"":""O2"",""physical_PSE_role"":""upper"",""side"":""output"",""toward_parent_x"":true,""wire"":2,""xy"":[765.0,293.5]},{""access"":[125.0,282.5],""edge"":""input:w3->waksman_8x8_s0_w2_3.add"",""endpoint"":""waksman_8x8_s0_w2_3.add"",""facing"":""E"",""logical_PSE_role"":""lower"",""parent_endpoint"":""I3"",""physical_PSE_role"":""lower"",""side"":""input"",""toward_parent_x"":false,""wire"":3,""xy"":[93.0,282.5]},{""access"":[717.0,282.5],""edge"":""output:waksman_8x8_s4_w2_3.drop->w3"",""endpoint"":""waksman_8x8_s4_w2_3.drop"",""facing"":""W"",""logical_PSE_role"":""lower"",""parent_endpoint"":""O3"",""physical_PSE_role"":""lower"",""side"":""output"",""toward_parent_x"":false,""wire"":3,""xy"":[749.0,282.5]},{""access"":[381.0,250.5],""edge"":""output:waksman_8x8_s2_w3_7.drop->w7"",""endpoint"":""waksman_8x8_s2_w3_7.drop"",""facing"":""W"",""logical_PSE_role"":""lower"",""parent_endpoint"":""O7"",""physical_PSE_role"":""lower"",""side"":""output"",""toward_parent_x"":false,""wire"":7,""xy"":[413.0,250.5]},{""access"":[45.0,165.5],""edge"":""input:w4->waksman_8x8_s0_w4_5.in"",""endpoint"":""waksman_8x8_s0_w4_5.in"",""facing"":""W"",""logical_PSE_role"":""upper"",""parent_endpoint"":""I4"",""physical_PSE_role"":""upper"",""side"":""input"",""toward_parent_x"":true,""wire"":4,""xy"":[77.0,165.5]},{""access"":[797.0,165.5],""edge"":""output:waksman_8x8_s4_w4_5.th->w4"",""endpoint"":""waksman_8x8_s4_w4_5.th"",""facing"":""E"",""logical_PSE_role"":""upper"",""parent_endpoint"":""O4"",""physical_PSE_role"":""upper"",""side"":""output"",""toward_parent_x"":true,""wire"":4,""xy"":[765.0,165.5]},{""access"":[125.0,154.5],""edge"":""input:w5->waksman_8x8_s0_w4_5.add"",""endpoint"":""waksman_8x8_s0_w4_5.add"",""facing"":""E"",""logical_PSE_role"":""lower"",""parent_endpoint"":""I5"",""physical_PSE_role"":""lower"",""side"":""input"",""toward_parent_x"":false,""wire"":5,""xy"":[93.0,154.5]},{""access"":[717.0,154.5],""edge"":""output:waksman_8x8_s4_w4_5.drop->w5"",""endpoint"":""waksman_8x8_s4_w4_5.drop"",""facing"":""W"",""logical_PSE_role"":""lower"",""parent_endpoint"":""O5"",""physical_PSE_role"":""lower"",""side"":""output"",""toward_parent_x"":false,""wire"":5,""xy"":[749.0,154.5]},{""access"":[45.0,37.5],""edge"":""input:w6->waksman_8x8_s0_w6_7.in"",""endpoint"":""waksman_8x8_s0_w6_7.in"",""facing"":""W"",""logical_PSE_role"":""upper"",""parent_endpoint"":""I6"",""physical_PSE_role"":""upper"",""side"":""input"",""toward_parent_x"":true,""wire"":6,""xy"":[77.0,37.5]},{""access"":[125.0,26.5],""edge"":""input:w7->waksman_8x8_s0_w6_7.add"",""endpoint"":""waksman_8x8_s0_w6_7.add"",""facing"":""E"",""logical_PSE_role"":""lower"",""parent_endpoint"":""I7"",""physical_PSE_role"":""lower"",""side"":""input"",""toward_parent_x"":false,""wire"":7,""xy"":[93.0,26.5]}]}",16,9,9,0.006122184502601158
root,8,"{""ordered_input_wires"":[0,1,2,3,4,5,6,7],""ordered_output_wires"":[0,1,2,3,4,5,6,7],""top_to_bottom"":[{""access"":[45.0,421.5],""edge"":""input:w0->waksman_8x8_s0_w0_1.in"",""endpoint"":""waksman_8x8_s0_w0_1.in"",""facing"":""W"",""logical_PSE_role"":""upper"",""parent_endpoint"":""I0"",""physical_PSE_role"":""upper"",""side"":""input"",""toward_parent_x"":true,""wire"":0,""xy"":[77.0,421.5]},{""access"":[797.0,421.5],""edge"":""output:waksman_8x8_s4_w0_1.th->w0"",""endpoint"":""waksman_8x8_s4_w0_1.th"",""facing"":""E"",""logical_PSE_role"":""upper"",""parent_endpoint"":""O0"",""physical_PSE_role"":""upper"",""side"":""output"",""toward_parent_x"":true,""wire"":0,""xy"":[765.0,421.5]},{""access"":[125.0,410.5],""edge"":""input:w1->waksman_8x8_s0_w0_1.add"",""endpoint"":""waksman_8x8_s0_w0_1.add"",""facing"":""E"",""logical_PSE_role"":""lower"",""parent_endpoint"":""I1"",""physical_PSE_role"":""lower"",""side"":""input"",""toward_parent_x"":false,""wire"":1,""xy"":[93.0,410.5]},{""access"":[717.0,410.5],""edge"":""output:waksman_8x8_s4_w0_1.drop->w1"",""endpoint"":""waksman_8x8_s4_w0_1.drop"",""facing"":""W"",""logical_PSE_role"":""lower"",""parent_endpoint"":""O1"",""physical_PSE_role"":""lower"",""side"":""output"",""toward_parent_x"":false,""wire"":1,""xy"":[749.0,410.5]},{""access"":[381.0,314.5],""edge"":""output:waksman_8x8_s2_w3_7.drop->w7"",""endpoint"":""waksman_8x8_s2_w3_7.drop"",""facing"":""W"",""logical_PSE_role"":""lower"",""parent_endpoint"":""O7"",""physical_PSE_role"":""lower"",""side"":""output"",""toward_parent_x"":false,""wire"":7,""xy"":[413.0,314.5]},{""access"":[45.0,293.5],""edge"":""input:w2->waksman_8x8_s0_w2_3.in"",""endpoint"":""waksman_8x8_s0_w2_3.in"",""facing"":""W"",""logical_PSE_role"":""upper"",""parent_endpoint"":""I2"",""physical_PSE_role"":""upper"",""side"":""input"",""toward_parent_x"":true,""wire"":2,""xy"":[77.0,293.5]},{""access"":[797.0,293.5],""edge"":""output:waksman_8x8_s4_w2_3.th->w2"",""endpoint"":""waksman_8x8_s4_w2_3.th"",""facing"":""E"",""logical_PSE_role"":""upper"",""parent_endpoint"":""O2"",""physical_PSE_role"":""upper"",""side"":""output"",""toward_parent_x"":true,""wire"":2,""xy"":[765.0,293.5]},{""access"":[125.0,282.5],""edge"":""input:w3->waksman_8x8_s0_w2_3.add"",""endpoint"":""waksman_8x8_s0_w2_3.add"",""facing"":""E"",""logical_PSE_role"":""lower"",""parent_endpoint"":""I3"",""physical_PSE_role"":""lower"",""side"":""input"",""toward_parent_x"":false,""wire"":3,""xy"":[93.0,282.5]},{""access"":[717.0,282.5],""edge"":""output:waksman_8x8_s4_w2_3.drop->w3"",""endpoint"":""waksman_8x8_s4_w2_3.drop"",""facing"":""W"",""logical_PSE_role"":""lower"",""parent_endpoint"":""O3"",""physical_PSE_role"":""lower"",""side"":""output"",""toward_parent_x"":false,""wire"":3,""xy"":[749.0,282.5]},{""access"":[381.0,261.5],""edge"":""output:waksman_8x8_s2_w2_6.drop->w6"",""endpoint"":""waksman_8x8_s2_w2_6.drop"",""facing"":""W"",""logical_PSE_role"":""lower"",""parent_endpoint"":""O6"",""physical_PSE_role"":""upper"",""side"":""output"",""toward_parent_x"":false,""wire"":6,""xy"":[413.0,261.5]},{""access"":[45.0,165.5],""edge"":""input:w4->waksman_8x8_s0_w4_5.in"",""endpoint"":""waksman_8x8_s0_w4_5.in"",""facing"":""W"",""logical_PSE_role"":""upper"",""parent_endpoint"":""I4"",""physical_PSE_role"":""upper"",""side"":""input"",""toward_parent_x"":true,""wire"":4,""xy"":[77.0,165.5]},{""access"":[797.0,165.5],""edge"":""output:waksman_8x8_s4_w4_5.th->w4"",""endpoint"":""waksman_8x8_s4_w4_5.th"",""facing"":""E"",""logical_PSE_role"":""upper"",""parent_endpoint"":""O4"",""physical_PSE_role"":""upper"",""side"":""output"",""toward_parent_x"":true,""wire"":4,""xy"":[765.0,165.5]},{""access"":[125.0,154.5],""edge"":""input:w5->waksman_8x8_s0_w4_5.add"",""endpoint"":""waksman_8x8_s0_w4_5.add"",""facing"":""E"",""logical_PSE_role"":""lower"",""parent_endpoint"":""I5"",""physical_PSE_role"":""lower"",""side"":""input"",""toward_parent_x"":false,""wire"":5,""xy"":[93.0,154.5]},{""access"":[717.0,154.5],""edge"":""output:waksman_8x8_s4_w4_5.drop->w5"",""endpoint"":""waksman_8x8_s4_w4_5.drop"",""facing"":""W"",""logical_PSE_role"":""lower"",""parent_endpoint"":""O5"",""physical_PSE_role"":""lower"",""side"":""output"",""toward_parent_x"":false,""wire"":5,""xy"":[749.0,154.5]},{""access"":[45.0,37.5],""edge"":""input:w6->waksman_8x8_s0_w6_7.in"",""endpoint"":""waksman_8x8_s0_w6_7.in"",""facing"":""W"",""logical_PSE_role"":""upper"",""parent_endpoint"":""I6"",""physical_PSE_role"":""upper"",""side"":""input"",""toward_parent_x"":true,""wire"":6,""xy"":[77.0,37.5]},{""access"":[125.0,26.5],""edge"":""input:w7->waksman_8x8_s0_w6_7.add"",""endpoint"":""waksman_8x8_s0_w6_7.add"",""facing"":""E"",""logical_PSE_role"":""lower"",""parent_endpoint"":""I7"",""physical_PSE_role"":""lower"",""side"":""input"",""toward_parent_x"":false,""wire"":7,""xy"":[93.0,26.5]}]}",16,9,9,0.0061241530638653785
root,8,"{""ordered_input_wires"":[0,1,2,3,4,5,6,7],""ordered_output_wires"":[0,1,2,3,4,5,6,7],""top_to_bottom"":[{""access"":[125.0,421.5],""edge"":""input:w7->waksman_8x8_s0_w6_7.add"",""endpoint"":""waksman_8x8_s0_w6_7.add"",""facing"":""E"",""logical_PSE_role"":""lower"",""parent_endpoint"":""I7"",""physical_PSE_role"":""upper"",""side"":""input"",""toward_parent_x"":false,""wire"":7,""xy"":[93.0,421.5]},{""access"":[45.0,410.5],""edge"":""input:w6->waksman_8x8_s0_w6_7.in"",""endpoint"":""waksman_8x8_s0_w6_7.in"",""facing"":""W"",""logical_PSE_role"":""upper"",""parent_endpoint"":""I6"",""physical_PSE_role"":""lower"",""side"":""input"",""toward_parent_x"":true,""wire"":6,""xy"":[77.0,410.5]},{""access"":[125.0,293.5],""edge"":""input:w5->waksman_8x8_s0_w4_5.add"",""endpoint"":""waksman_8x8_s0_w4_5.add"",""facing"":""E"",""logical_PSE_role"":""lower"",""parent_endpoint"":""I5"",""physical_PSE_role"":""upper"",""side"":""input"",""toward_parent_x"":false,""wire"":5,""xy"":[93.0,293.5]},{""access"":[717.0,293.5],""edge"":""output:waksman_8x8_s4_w4_5.drop->w5"",""endpoint"":""waksman_8x8_s4_w4_5.drop"",""facing"":""W"",""logical_PSE_role"":""lower"",""parent_endpoint"":""O5"",""physical_PSE_role"":""upper"",""side"":""output"",""toward_parent_x"":false,""wire"":5,""xy"":[749.0,293.5]},{""access"":[45.0,282.5],""edge"":""input:w4->waksman_8x8_s0_w4_5.in"",""endpoint"":""waksman_8x8_s0_w4_5.in"",""facing"":""W"",""logical_PSE_role"":""upper"",""parent_endpoint"":""I4"",""physical_PSE_role"":""lower"",""side"":""input"",""toward_parent_x"":true,""wire"":4,""xy"":[77.0,282.5]},{""access"":[797.0,282.5],""edge"":""output:waksman_8x8_s4_w4_5.th->w4"",""endpoint"":""waksman_8x8_s4_w4_5.th"",""facing"":""E"",""logical_PSE_role"":""upper"",""parent_endpoint"":""O4"",""physical_PSE_role"":""lower"",""side"":""output"",""toward_parent_x"":true,""wire"":4,""xy"":[765.0,282.5]},{""access"":[381.0,197.5],""edge"":""output:waksman_8x8_s2_w3_7.drop->w7"",""endpoint"":""waksman_8x8_s2_w3_7.drop"",""facing"":""W"",""logical_PSE_role"":""lower"",""parent_endpoint"":""O7"",""physical_PSE_role"":""upper"",""side"":""output"",""toward_parent_x"":false,""wire"":7,""xy"":[413.0,197.5]},{""access"":[125.0,165.5],""edge"":""input:w3->waksman_8x8_s0_w2_3.add"",""endpoint"":""waksman_8x8_s0_w2_3.add"",""facing"":""E"",""logical_PSE_role"":""lower"",""parent_endpoint"":""I3"",""physical_PSE_role"":""upper"",""side"":""input"",""toward_parent_x"":false,""wire"":3,""xy"":[93.0,165.5]},{""access"":[717.0,165.5],""edge"":""output:waksman_8x8_s4_w2_3.drop->w3"",""endpoint"":""waksman_8x8_s4_w2_3.drop"",""facing"":""W"",""logical_PSE_role"":""lower"",""parent_endpoint"":""O3"",""physical_PSE_role"":""upper"",""side"":""output"",""toward_parent_x"":false,""wire"":3,""xy"":[749.0,165.5]},{""access"":[45.0,154.5],""edge"":""input:w2->waksman_8x8_s0_w2_3.in"",""endpoint"":""waksman_8x8_s0_w2_3.in"",""facing"":""W"",""logical_PSE_role"":""upper"",""parent_endpoint"":""I2"",""physical_PSE_role"":""lower"",""side"":""input"",""toward_parent_x"":true,""wire"":2,""xy"":[77.0,154.5]},{""access"":[797.0,154.5],""edge"":""output:waksman_8x8_s4_w2_3.th->w2"",""endpoint"":""waksman_8x8_s4_w2_3.th"",""facing"":""E"",""logical_PSE_role"":""upper"",""parent_endpoint"":""O2"",""physical_PSE_role"":""lower"",""side"":""output"",""toward_parent_x"":true,""wire"":2,""xy"":[765.0,154.5]},{""access"":[381.0,122.5],""edge"":""output:waksman_8x8_s2_w2_6.drop->w6"",""endpoint"":""waksman_8x8_s2_w2_6.drop"",""facing"":""W"",""logical_PSE_role"":""lower"",""parent_endpoint"":""O6"",""physical_PSE_role"":""lower"",""side"":""output"",""toward_parent_x"":false,""wire"":6,""xy"":[413.0,122.5]},{""access"":[125.0,37.5],""edge"":""input:w1->waksman_8x8_s0_w0_1.add"",""endpoint"":""waksman_8x8_s0_w0_1.add"",""facing"":""E"",""logical_PSE_role"":""lower"",""parent_endpoint"":""I1"",""physical_PSE_role"":""upper"",""side"":""input"",""toward_parent_x"":false,""wire"":1,""xy"":[93.0,37.5]},{""access"":[717.0,37.5],""edge"":""output:waksman_8x8_s4_w0_1.drop->w1"",""endpoint"":""waksman_8x8_s4_w0_1.drop"",""facing"":""W"",""logical_PSE_role"":""lower"",""parent_endpoint"":""O1"",""physical_PSE_role"":""upper"",""side"":""output"",""toward_parent_x"":false,""wire"":1,""xy"":[749.0,37.5]},{""access"":[45.0,26.5],""edge"":""input:w0->waksman_8x8_s0_w0_1.in"",""endpoint"":""waksman_8x8_s0_w0_1.in"",""facing"":""W"",""logical_PSE_role"":""upper"",""parent_endpoint"":""I0"",""physical_PSE_role"":""lower"",""side"":""input"",""toward_parent_x"":true,""wire"":0,""xy"":[77.0,26.5]},{""access"":[797.0,26.5],""edge"":""output:waksman_8x8_s4_w0_1.th->w0"",""endpoint"":""waksman_8x8_s4_w0_1.th"",""facing"":""E"",""logical_PSE_role"":""upper"",""parent_endpoint"":""O0"",""physical_PSE_role"":""lower"",""side"":""output"",""toward_parent_x"":true,""wire"":0,""xy"":[765.0,26.5]}]}",16,9,9,0.006126122876594309
root,8,"{""ordered_input_wires"":[0,1,2,3,4,5,6,7],""ordered_output_wires"":[0,1,2,3,4,5,6,7],""top_to_bottom"":[{""access"":[125.0,421.5],""edge"":""input:w7->waksman_8x8_s0_w6_7.add"",""endpoint"":""waksman_8x8_s0_w6_7.add"",""facing"":""E"",""logical_PSE_role"":""lower"",""parent_endpoint"":""I7"",""physical_PSE_role"":""upper"",""side"":""input"",""toward_parent_x"":false,""wire"":7,""xy"":[93.0,421.5]},{""access"":[45.0,410.5],""edge"":""input:w6->waksman_8x8_s0_w6_7.in"",""endpoint"":""waksman_8x8_s0_w6_7.in"",""facing"":""W"",""logical_PSE_role"":""upper"",""parent_endpoint"":""I6"",""physical_PSE_role"":""lower"",""side"":""input"",""toward_parent_x"":true,""wire"":6,""xy"":[77.0,410.5]},{""access"":[125.0,293.5],""edge"":""input:w5->waksman_8x8_s0_w4_5.add"",""endpoint"":""waksman_8x8_s0_w4_5.add"",""facing"":""E"",""logical_PSE_role"":""lower"",""parent_endpoint"":""I5"",""physical_PSE_role"":""upper"",""side"":""input"",""toward_parent_x"":false,""wire"":5,""xy"":[93.0,293.5]},{""access"":[717.0,293.5],""edge"":""output:waksman_8x8_s4_w4_5.drop->w5"",""endpoint"":""waksman_8x8_s4_w4_5.drop"",""facing"":""W"",""logical_PSE_role"":""lower"",""parent_endpoint"":""O5"",""physical_PSE_role"":""upper"",""side"":""output"",""toward_parent_x"":false,""wire"":5,""xy"":[749.0,293.5]},{""access"":[45.0,282.5],""edge"":""input:w4->waksman_8x8_s0_w4_5.in"",""endpoint"":""waksman_8x8_s0_w4_5.in"",""facing"":""W"",""logical_PSE_role"":""upper"",""parent_endpoint"":""I4"",""physical_PSE_role"":""lower"",""side"":""input"",""toward_parent_x"":true,""wire"":4,""xy"":[77.0,282.5]},{""access"":[797.0,282.5],""edge"":""output:waksman_8x8_s4_w4_5.th->w4"",""endpoint"":""waksman_8x8_s4_w4_5.th"",""facing"":""E"",""logical_PSE_role"":""upper"",""parent_endpoint"":""O4"",""physical_PSE_role"":""lower"",""side"":""output"",""toward_parent_x"":true,""wire"":4,""xy"":[765.0,282.5]},{""access"":[381.0,186.5],""edge"":""output:waksman_8x8_s2_w2_6.drop->w6"",""endpoint"":""waksman_8x8_s2_w2_6.drop"",""facing"":""W"",""logical_PSE_role"":""lower"",""parent_endpoint"":""O6"",""physical_PSE_role"":""lower"",""side"":""output"",""toward_parent_x"":false,""wire"":6,""xy"":[413.0,186.5]},{""access"":[125.0,165.5],""edge"":""input:w3->waksman_8x8_s0_w2_3.add"",""endpoint"":""waksman_8x8_s0_w2_3.add"",""facing"":""E"",""logical_PSE_role"":""lower"",""parent_endpoint"":""I3"",""physical_PSE_role"":""upper"",""side"":""input"",""toward_parent_x"":false,""wire"":3,""xy"":[93.0,165.5]},{""access"":[717.0,165.5],""edge"":""output:waksman_8x8_s4_w2_3.drop->w3"",""endpoint"":""waksman_8x8_s4_w2_3.drop"",""facing"":""W"",""logical_PSE_role"":""lower"",""parent_endpoint"":""O3"",""physical_PSE_role"":""upper"",""side"":""output"",""toward_parent_x"":false,""wire"":3,""xy"":[749.0,165.5]},{""access"":[45.0,154.5],""edge"":""input:w2->waksman_8x8_s0_w2_3.in"",""endpoint"":""waksman_8x8_s0_w2_3.in"",""facing"":""W"",""logical_PSE_role"":""upper"",""parent_endpoint"":""I2"",""physical_PSE_role"":""lower"",""side"":""input"",""toward_parent_x"":true,""wire"":2,""xy"":[77.0,154.5]},{""access"":[797.0,154.5],""edge"":""output:waksman_8x8_s4_w2_3.th->w2"",""endpoint"":""waksman_8x8_s4_w2_3.th"",""facing"":""E"",""logical_PSE_role"":""upper"",""parent_endpoint"":""O2"",""physical_PSE_role"":""lower"",""side"":""output"",""toward_parent_x"":true,""wire"":2,""xy"":[765.0,154.5]},{""access"":[381.0,133.5],""edge"":""output:waksman_8x8_s2_w3_7.drop->w7"",""endpoint"":""waksman_8x8_s2_w3_7.drop"",""facing"":""W"",""logical_PSE_role"":""lower"",""parent_endpoint"":""O7"",""physical_PSE_role"":""upper"",""side"":""output"",""toward_parent_x"":false,""wire"":7,""xy"":[413.0,133.5]},{""access"":[125.0,37.5],""edge"":""input:w1->waksman_8x8_s0_w0_1.add"",""endpoint"":""waksman_8x8_s0_w0_1.add"",""facing"":""E"",""logical_PSE_role"":""lower"",""parent_endpoint"":""I1"",""physical_PSE_role"":""upper"",""side"":""input"",""toward_parent_x"":false,""wire"":1,""xy"":[93.0,37.5]},{""access"":[717.0,37.5],""edge"":""output:waksman_8x8_s4_w0_1.drop->w1"",""endpoint"":""waksman_8x8_s4_w0_1.drop"",""facing"":""W"",""logical_PSE_role"":""lower"",""parent_endpoint"":""O1"",""physical_PSE_role"":""upper"",""side"":""output"",""toward_parent_x"":false,""wire"":1,""xy"":[749.0,37.5]},{""access"":[45.0,26.5],""edge"":""input:w0->waksman_8x8_s0_w0_1.in"",""endpoint"":""waksman_8x8_s0_w0_1.in"",""facing"":""W"",""logical_PSE_role"":""upper"",""parent_endpoint"":""I0"",""physical_PSE_role"":""lower"",""side"":""input"",""toward_parent_x"":true,""wire"":0,""xy"":[77.0,26.5]},{""access"":[797.0,26.5],""edge"":""output:waksman_8x8_s4_w0_1.th->w0"",""endpoint"":""waksman_8x8_s4_w0_1.th"",""facing"":""E"",""logical_PSE_role"":""upper"",""parent_endpoint"":""O0"",""physical_PSE_role"":""lower"",""side"":""output"",""toward_parent_x"":true,""wire"":0,""xy"":[765.0,26.5]}]}",16,9,9,0.006128088298282819
root,8,"{""ordered_input_wires"":[0,1,2,3,4,5,6,7],""ordered_output_wires"":[0,1,2,3,4,5,6,7],""top_to_bottom"":[{""access"":[45.0,421.5],""edge"":""input:w0->waksman_8x8_s0_w0_1.in"",""endpoint"":""waksman_8x8_s0_w0_1.in"",""facing"":""W"",""logical_PSE_role"":""upper"",""parent_endpoint"":""I0"",""physical_PSE_role"":""upper"",""side"":""input"",""toward_parent_x"":true,""wire"":0,""xy"":[77.0,421.5]},{""access"":[797.0,421.5],""edge"":""output:waksman_8x8_s4_w0_1.th->w0"",""endpoint"":""waksman_8x8_s4_w0_1.th"",""facing"":""E"",""logical_PSE_role"":""upper"",""parent_endpoint"":""O0"",""physical_PSE_role"":""upper"",""side"":""output"",""toward_parent_x"":true,""wire"":0,""xy"":[765.0,421.5]},{""access"":[125.0,410.5],""edge"":""input:w1->waksman_8x8_s0_w0_1.add"",""endpoint"":""waksman_8x8_s0_w0_1.add"",""facing"":""E"",""logical_PSE_role"":""lower"",""parent_endpoint"":""I1"",""physical_PSE_role"":""lower"",""side"":""input"",""toward_parent_x"":false,""wire"":1,""xy"":[93.0,410.5]},{""access"":[717.0,410.5],""edge"":""output:waksman_8x8_s4_w0_1.drop->w1"",""endpoint"":""waksman_8x8_s4_w0_1.drop"",""facing"":""W"",""logical_PSE_role"":""lower"",""parent_endpoint"":""O1"",""physical_PSE_role"":""lower"",""side"":""output"",""toward_parent_x"":false,""wire"":1,""xy"":[749.0,410.5]},{""access"":[381.0,325.5],""edge"":""output:waksman_8x8_s2_w2_6.drop->w6"",""endpoint"":""waksman_8x8_s2_w2_6.drop"",""facing"":""W"",""logical_PSE_role"":""lower"",""parent_endpoint"":""O6"",""physical_PSE_role"":""upper"",""side"":""output"",""toward_parent_x"":false,""wire"":6,""xy"":[413.0,325.5]},{""access"":[45.0,293.5],""edge"":""input:w2->waksman_8x8_s0_w2_3.in"",""endpoint"":""waksman_8x8_s0_w2_3.in"",""facing"":""W"",""logical_PSE_role"":""upper"",""parent_endpoint"":""I2"",""physical_PSE_role"":""upper"",""side"":""input"",""toward_parent_x"":true,""wire"":2,""xy"":[77.0,293.5]},{""access"":[797.0,293.5],""edge"":""output:waksman_8x8_s4_w2_3.th->w2"",""endpoint"":""waksman_8x8_s4_w2_3.th"",""facing"":""E"",""logical_PSE_role"":""upper"",""parent_endpoint"":""O2"",""physical_PSE_role"":""upper"",""side"":""output"",""toward_parent_x"":true,""wire"":2,""xy"":[765.0,293.5]},{""access"":[125.0,282.5],""edge"":""input:w3->waksman_8x8_s0_w2_3.add"",""endpoint"":""waksman_8x8_s0_w2_3.add"",""facing"":""E"",""logical_PSE_role"":""lower"",""parent_endpoint"":""I3"",""physical_PSE_role"":""lower"",""side"":""input"",""toward_parent_x"":false,""wire"":3,""xy"":[93.0,282.5]},{""access"":[717.0,282.5],""edge"":""output:waksman_8x8_s4_w2_3.drop->w3"",""endpoint"":""waksman_8x8_s4_w2_3.drop"",""facing"":""W"",""logical_PSE_role"":""lower"",""parent_endpoint"":""O3"",""physical_PSE_role"":""lower"",""side"":""output"",""toward_parent_x"":false,""wire"":3,""xy"":[749.0,282.5]},{""access"":[381.0,261.5],""edge"":""output:waksman_8x8_s2_w3_7.drop->w7"",""endpoint"":""waksman_8x8_s2_w3_7.drop"",""facing"":""W"",""logical_PSE_role"":""lower"",""parent_endpoint"":""O7"",""physical_PSE_role"":""upper"",""side"":""output"",""toward_parent_x"":false,""wire"":7,""xy"":[413.0,261.5]},{""access"":[45.0,165.5],""edge"":""input:w4->waksman_8x8_s0_w4_5.in"",""endpoint"":""waksman_8x8_s0_w4_5.in"",""facing"":""W"",""logical_PSE_role"":""upper"",""parent_endpoint"":""I4"",""physical_PSE_role"":""upper"",""side"":""input"",""toward_parent_x"":true,""wire"":4,""xy"":[77.0,165.5]},{""access"":[797.0,165.5],""edge"":""output:waksman_8x8_s4_w4_5.th->w4"",""endpoint"":""waksman_8x8_s4_w4_5.th"",""facing"":""E"",""logical_PSE_role"":""upper"",""parent_endpoint"":""O4"",""physical_PSE_role"":""upper"",""side"":""output"",""toward_parent_x"":true,""wire"":4,""xy"":[765.0,165.5]},{""access"":[125.0,154.5],""edge"":""input:w5->waksman_8x8_s0_w4_5.add"",""endpoint"":""waksman_8x8_s0_w4_5.add"",""facing"":""E"",""logical_PSE_role"":""lower"",""parent_endpoint"":""I5"",""physical_PSE_role"":""lower"",""side"":""input"",""toward_parent_x"":false,""wire"":5,""xy"":[93.0,154.5]},{""access"":[717.0,154.5],""edge"":""output:waksman_8x8_s4_w4_5.drop->w5"",""endpoint"":""waksman_8x8_s4_w4_5.drop"",""facing"":""W"",""logical_PSE_role"":""lower"",""parent_endpoint"":""O5"",""physical_PSE_role"":""lower"",""side"":""output"",""toward_parent_x"":false,""wire"":5,""xy"":[749.0,154.5]},{""access"":[45.0,37.5],""edge"":""input:w6->waksman_8x8_s0_w6_7.in"",""endpoint"":""waksman_8x8_s0_w6_7.in"",""facing"":""W"",""logical_PSE_role"":""upper"",""parent_endpoint"":""I6"",""physical_PSE_role"":""upper"",""side"":""input"",""toward_parent_x"":true,""wire"":6,""xy"":[77.0,37.5]},{""access"":[125.0,26.5],""edge"":""input:w7->waksman_8x8_s0_w6_7.add"",""endpoint"":""waksman_8x8_s0_w6_7.add"",""facing"":""E"",""logical_PSE_role"":""lower"",""parent_endpoint"":""I7"",""physical_PSE_role"":""lower"",""side"":""input"",""toward_parent_x"":false,""wire"":7,""xy"":[93.0,26.5]}]}",16,9,9,0.006130087531346362
root,8,"{""ordered_input_wires"":[0,1,2,3,4,5,6,7],""ordered_output_wires"":[0,1,2,3,4,5,6,7],""top_to_bottom"":[{""access"":[45.0,421.5],""edge"":""input:w0->waksman_8x8_s0_w0_1.in"",""endpoint"":""waksman_8x8_s0_w0_1.in"",""facing"":""W"",""logical_PSE_role"":""upper"",""parent_endpoint"":""I0"",""physical_PSE_role"":""upper"",""side"":""input"",""toward_parent_x"":true,""wire"":0,""xy"":[77.0,421.5]},{""access"":[797.0,421.5],""edge"":""output:waksman_8x8_s4_w0_1.th->w0"",""endpoint"":""waksman_8x8_s4_w0_1.th"",""facing"":""E"",""logical_PSE_role"":""upper"",""parent_endpoint"":""O0"",""physical_PSE_role"":""upper"",""side"":""output"",""toward_parent_x"":true,""wire"":0,""xy"":[765.0,421.5]},{""access"":[125.0,410.5],""edge"":""input:w1->waksman_8x8_s0_w0_1.add"",""endpoint"":""waksman_8x8_s0_w0_1.add"",""facing"":""E"",""logical_PSE_role"":""lower"",""parent_endpoint"":""I1"",""physical_PSE_role"":""lower"",""side"":""input"",""toward_parent_x"":false,""wire"":1,""xy"":[93.0,410.5]},{""access"":[717.0,410.5],""edge"":""output:waksman_8x8_s4_w0_1.drop->w1"",""endpoint"":""waksman_8x8_s4_w0_1.drop"",""facing"":""W"",""logical_PSE_role"":""lower"",""parent_endpoint"":""O1"",""physical_PSE_role"":""lower"",""side"":""output"",""toward_parent_x"":false,""wire"":1,""xy"":[749.0,410.5]},{""access"":[381.0,325.5],""edge"":""output:waksman_8x8_s2_w3_7.drop->w7"",""endpoint"":""waksman_8x8_s2_w3_7.drop"",""facing"":""W"",""logical_PSE_role"":""lower"",""parent_endpoint"":""O7"",""physical_PSE_role"":""upper"",""side"":""output"",""toward_parent_x"":false,""wire"":7,""xy"":[413.0,325.5]},{""access"":[45.0,293.5],""edge"":""input:w2->waksman_8x8_s0_w2_3.in"",""endpoint"":""waksman_8x8_s0_w2_3.in"",""facing"":""W"",""logical_PSE_role"":""upper"",""parent_endpoint"":""I2"",""physical_PSE_role"":""upper"",""side"":""input"",""toward_parent_x"":true,""wire"":2,""xy"":[77.0,293.5]},{""access"":[797.0,293.5],""edge"":""output:waksman_8x8_s4_w2_3.th->w2"",""endpoint"":""waksman_8x8_s4_w2_3.th"",""facing"":""E"",""logical_PSE_role"":""upper"",""parent_endpoint"":""O2"",""physical_PSE_role"":""upper"",""side"":""output"",""toward_parent_x"":true,""wire"":2,""xy"":[765.0,293.5]},{""access"":[125.0,282.5],""edge"":""input:w3->waksman_8x8_s0_w2_3.add"",""endpoint"":""waksman_8x8_s0_w2_3.add"",""facing"":""E"",""logical_PSE_role"":""lower"",""parent_endpoint"":""I3"",""physical_PSE_role"":""lower"",""side"":""input"",""toward_parent_x"":false,""wire"":3,""xy"":[93.0,282.5]},{""access"":[717.0,282.5],""edge"":""output:waksman_8x8_s4_w2_3.drop->w3"",""endpoint"":""waksman_8x8_s4_w2_3.drop"",""facing"":""W"",""logical_PSE_role"":""lower"",""parent_endpoint"":""O3"",""physical_PSE_role"":""lower"",""side"":""output"",""toward_parent_x"":false,""wire"":3,""xy"":[749.0,282.5]},{""access"":[381.0,261.5],""edge"":""output:waksman_8x8_s2_w2_6.drop->w6"",""endpoint"":""waksman_8x8_s2_w2_6.drop"",""facing"":""W"",""logical_PSE_role"":""lower"",""parent_endpoint"":""O6"",""physical_PSE_role"":""upper"",""side"":""output"",""toward_parent_x"":false,""wire"":6,""xy"":[413.0,261.5]},{""access"":[45.0,165.5],""edge"":""input:w4->waksman_8x8_s0_w4_5.in"",""endpoint"":""waksman_8x8_s0_w4_5.in"",""facing"":""W"",""logical_PSE_role"":""upper"",""parent_endpoint"":""I4"",""physical_PSE_role"":""upper"",""side"":""input"",""toward_parent_x"":true,""wire"":4,""xy"":[77.0,165.5]},{""access"":[797.0,165.5],""edge"":""output:waksman_8x8_s4_w4_5.th->w4"",""endpoint"":""waksman_8x8_s4_w4_5.th"",""facing"":""E"",""logical_PSE_role"":""upper"",""parent_endpoint"":""O4"",""physical_PSE_role"":""upper"",""side"":""output"",""toward_parent_x"":true,""wire"":4,""xy"":[765.0,165.5]},{""access"":[125.0,154.5],""edge"":""input:w5->waksman_8x8_s0_w4_5.add"",""endpoint"":""waksman_8x8_s0_w4_5.add"",""facing"":""E"",""logical_PSE_role"":""lower"",""parent_endpoint"":""I5"",""physical_PSE_role"":""lower"",""side"":""input"",""toward_parent_x"":false,""wire"":5,""xy"":[93.0,154.5]},{""access"":[717.0,154.5],""edge"":""output:waksman_8x8_s4_w4_5.drop->w5"",""endpoint"":""waksman_8x8_s4_w4_5.drop"",""facing"":""W"",""logical_PSE_role"":""lower"",""parent_endpoint"":""O5"",""physical_PSE_role"":""lower"",""side"":""output"",""toward_parent_x"":false,""wire"":5,""xy"":[749.0,154.5]},{""access"":[45.0,37.5],""edge"":""input:w6->waksman_8x8_s0_w6_7.in"",""endpoint"":""waksman_8x8_s0_w6_7.in"",""facing"":""W"",""logical_PSE_role"":""upper"",""parent_endpoint"":""I6"",""physical_PSE_role"":""upper"",""side"":""input"",""toward_parent_x"":true,""wire"":6,""xy"":[77.0,37.5]},{""access"":[125.0,26.5],""edge"":""input:w7->waksman_8x8_s0_w6_7.add"",""endpoint"":""waksman_8x8_s0_w6_7.add"",""facing"":""E"",""logical_PSE_role"":""lower"",""parent_endpoint"":""I7"",""physical_PSE_role"":""lower"",""side"":""input"",""toward_parent_x"":false,""wire"":7,""xy"":[93.0,26.5]}]}",16,9,9,0.0061320643762883265
root,8,"{""ordered_input_wires"":[0,1,2,3,4,5,6,7],""ordered_output_wires"":[0,1,2,3,4,5,6,7],""top_to_bottom"":[{""access"":[125.0,421.5],""edge"":""input:w7->waksman_8x8_s0_w6_7.add"",""endpoint"":""waksman_8x8_s0_w6_7.add"",""facing"":""E"",""logical_PSE_role"":""lower"",""parent_endpoint"":""I7"",""physical_PSE_role"":""upper"",""side"":""input"",""toward_parent_x"":false,""wire"":7,""xy"":[93.0,421.5]},{""access"":[45.0,410.5],""edge"":""input:w6->waksman_8x8_s0_w6_7.in"",""endpoint"":""waksman_8x8_s0_w6_7.in"",""facing"":""W"",""logical_PSE_role"":""upper"",""parent_endpoint"":""I6"",""physical_PSE_role"":""lower"",""side"":""input"",""toward_parent_x"":true,""wire"":6,""xy"":[77.0,410.5]},{""access"":[125.0,293.5],""edge"":""input:w5->waksman_8x8_s0_w4_5.add"",""endpoint"":""waksman_8x8_s0_w4_5.add"",""facing"":""E"",""logical_PSE_role"":""lower"",""parent_endpoint"":""I5"",""physical_PSE_role"":""upper"",""side"":""input"",""toward_parent_x"":false,""wire"":5,""xy"":[93.0,293.5]},{""access"":[717.0,293.5],""edge"":""output:waksman_8x8_s4_w4_5.drop->w5"",""endpoint"":""waksman_8x8_s4_w4_5.drop"",""facing"":""W"",""logical_PSE_role"":""lower"",""parent_endpoint"":""O5"",""physical_PSE_role"":""upper"",""side"":""output"",""toward_parent_x"":false,""wire"":5,""xy"":[749.0,293.5]},{""access"":[45.0,282.5],""edge"":""input:w4->waksman_8x8_s0_w4_5.in"",""endpoint"":""waksman_8x8_s0_w4_5.in"",""facing"":""W"",""logical_PSE_role"":""upper"",""parent_endpoint"":""I4"",""physical_PSE_role"":""lower"",""side"":""input"",""toward_parent_x"":true,""wire"":4,""xy"":[77.0,282.5]},{""access"":[797.0,282.5],""edge"":""output:waksman_8x8_s4_w4_5.th->w4"",""endpoint"":""waksman_8x8_s4_w4_5.th"",""facing"":""E"",""logical_PSE_role"":""upper"",""parent_endpoint"":""O4"",""physical_PSE_role"":""lower"",""side"":""output"",""toward_parent_x"":true,""wire"":4,""xy"":[765.0,282.5]},{""access"":[381.0,186.5],""edge"":""output:waksman_8x8_s2_w3_7.drop->w7"",""endpoint"":""waksman_8x8_s2_w3_7.drop"",""facing"":""W"",""logical_PSE_role"":""lower"",""parent_endpoint"":""O7"",""physical_PSE_role"":""lower"",""side"":""output"",""toward_parent_x"":false,""wire"":7,""xy"":[413.0,186.5]},{""access"":[125.0,165.5],""edge"":""input:w3->waksman_8x8_s0_w2_3.add"",""endpoint"":""waksman_8x8_s0_w2_3.add"",""facing"":""E"",""logical_PSE_role"":""lower"",""parent_endpoint"":""I3"",""physical_PSE_role"":""upper"",""side"":""input"",""toward_parent_x"":false,""wire"":3,""xy"":[93.0,165.5]},{""access"":[717.0,165.5],""edge"":""output:waksman_8x8_s4_w2_3.drop->w3"",""endpoint"":""waksman_8x8_s4_w2_3.drop"",""facing"":""W"",""logical_PSE_role"":""lower"",""parent_endpoint"":""O3"",""physical_PSE_role"":""upper"",""side"":""output"",""toward_parent_x"":false,""wire"":3,""xy"":[749.0,165.5]},{""access"":[45.0,154.5],""edge"":""input:w2->waksman_8x8_s0_w2_3.in"",""endpoint"":""waksman_8x8_s0_w2_3.in"",""facing"":""W"",""logical_PSE_role"":""upper"",""parent_endpoint"":""I2"",""physical_PSE_role"":""lower"",""side"":""input"",""toward_parent_x"":true,""wire"":2,""xy"":[77.0,154.5]},{""access"":[797.0,154.5],""edge"":""output:waksman_8x8_s4_w2_3.th->w2"",""endpoint"":""waksman_8x8_s4_w2_3.th"",""facing"":""E"",""logical_PSE_role"":""upper"",""parent_endpoint"":""O2"",""physical_PSE_role"":""lower"",""side"":""output"",""toward_parent_x"":true,""wire"":2,""xy"":[765.0,154.5]},{""access"":[381.0,122.5],""edge"":""output:waksman_8x8_s2_w2_6.drop->w6"",""endpoint"":""waksman_8x8_s2_w2_6.drop"",""facing"":""W"",""logical_PSE_role"":""lower"",""parent_endpoint"":""O6"",""physical_PSE_role"":""lower"",""side"":""output"",""toward_parent_x"":false,""wire"":6,""xy"":[413.0,122.5]},{""access"":[125.0,37.5],""edge"":""input:w1->waksman_8x8_s0_w0_1.add"",""endpoint"":""waksman_8x8_s0_w0_1.add"",""facing"":""E"",""logical_PSE_role"":""lower"",""parent_endpoint"":""I1"",""physical_PSE_role"":""upper"",""side"":""input"",""toward_parent_x"":false,""wire"":1,""xy"":[93.0,37.5]},{""access"":[717.0,37.5],""edge"":""output:waksman_8x8_s4_w0_1.drop->w1"",""endpoint"":""waksman_8x8_s4_w0_1.drop"",""facing"":""W"",""logical_PSE_role"":""lower"",""parent_endpoint"":""O1"",""physical_PSE_role"":""upper"",""side"":""output"",""toward_parent_x"":false,""wire"":1,""xy"":[749.0,37.5]},{""access"":[45.0,26.5],""edge"":""input:w0->waksman_8x8_s0_w0_1.in"",""endpoint"":""waksman_8x8_s0_w0_1.in"",""facing"":""W"",""logical_PSE_role"":""upper"",""parent_endpoint"":""I0"",""physical_PSE_role"":""lower"",""side"":""input"",""toward_parent_x"":true,""wire"":0,""xy"":[77.0,26.5]},{""access"":[797.0,26.5],""edge"":""output:waksman_8x8_s4_w0_1.th->w0"",""endpoint"":""waksman_8x8_s4_w0_1.th"",""facing"":""E"",""logical_PSE_role"":""upper"",""parent_endpoint"":""O0"",""physical_PSE_role"":""lower"",""side"":""output"",""toward_parent_x"":true,""wire"":0,""xy"":[765.0,26.5]}]}",16,9,9,0.006134041235782206
root,8,"{""ordered_input_wires"":[0,1,2,3,4,5,6,7],""ordered_output_wires"":[0,1,2,3,4,5,6,7],""top_to_bottom"":[{""access"":[125.0,421.5],""edge"":""input:w7->waksman_8x8_s0_w6_7.add"",""endpoint"":""waksman_8x8_s0_w6_7.add"",""facing"":""E"",""logical_PSE_role"":""lower"",""parent_endpoint"":""I7"",""physical_PSE_role"":""upper"",""side"":""input"",""toward_parent_x"":false,""wire"":7,""xy"":[93.0,421.5]},{""access"":[45.0,410.5],""edge"":""input:w6->waksman_8x8_s0_w6_7.in"",""endpoint"":""waksman_8x8_s0_w6_7.in"",""facing"":""W"",""logical_PSE_role"":""upper"",""parent_endpoint"":""I6"",""physical_PSE_role"":""lower"",""side"":""input"",""toward_parent_x"":true,""wire"":6,""xy"":[77.0,410.5]},{""access"":[125.0,293.5],""edge"":""input:w5->waksman_8x8_s0_w4_5.add"",""endpoint"":""waksman_8x8_s0_w4_5.add"",""facing"":""E"",""logical_PSE_role"":""lower"",""parent_endpoint"":""I5"",""physical_PSE_role"":""upper"",""side"":""input"",""toward_parent_x"":false,""wire"":5,""xy"":[93.0,293.5]},{""access"":[717.0,293.5],""edge"":""output:waksman_8x8_s4_w4_5.drop->w5"",""endpoint"":""waksman_8x8_s4_w4_5.drop"",""facing"":""W"",""logical_PSE_role"":""lower"",""parent_endpoint"":""O5"",""physical_PSE_role"":""upper"",""side"":""output"",""toward_parent_x"":false,""wire"":5,""xy"":[749.0,293.5]},{""access"":[45.0,282.5],""edge"":""input:w4->waksman_8x8_s0_w4_5.in"",""endpoint"":""waksman_8x8_s0_w4_5.in"",""facing"":""W"",""logical_PSE_role"":""upper"",""parent_endpoint"":""I4"",""physical_PSE_role"":""lower"",""side"":""input"",""toward_parent_x"":true,""wire"":4,""xy"":[77.0,282.5]},{""access"":[797.0,282.5],""edge"":""output:waksman_8x8_s4_w4_5.th->w4"",""endpoint"":""waksman_8x8_s4_w4_5.th"",""facing"":""E"",""logical_PSE_role"":""upper"",""parent_endpoint"":""O4"",""physical_PSE_role"":""lower"",""side"":""output"",""toward_parent_x"":true,""wire"":4,""xy"":[765.0,282.5]},{""access"":[381.0,186.5],""edge"":""output:waksman_8x8_s2_w2_6.drop->w6"",""endpoint"":""waksman_8x8_s2_w2_6.drop"",""facing"":""W"",""logical_PSE_role"":""lower"",""parent_endpoint"":""O6"",""physical_PSE_role"":""lower"",""side"":""output"",""toward_parent_x"":false,""wire"":6,""xy"":[413.0,186.5]},{""access"":[125.0,165.5],""edge"":""input:w3->waksman_8x8_s0_w2_3.add"",""endpoint"":""waksman_8x8_s0_w2_3.add"",""facing"":""E"",""logical_PSE_role"":""lower"",""parent_endpoint"":""I3"",""physical_PSE_role"":""upper"",""side"":""input"",""toward_parent_x"":false,""wire"":3,""xy"":[93.0,165.5]},{""access"":[717.0,165.5],""edge"":""output:waksman_8x8_s4_w2_3.drop->w3"",""endpoint"":""waksman_8x8_s4_w2_3.drop"",""facing"":""W"",""logical_PSE_role"":""lower"",""parent_endpoint"":""O3"",""physical_PSE_role"":""upper"",""side"":""output"",""toward_parent_x"":false,""wire"":3,""xy"":[749.0,165.5]},{""access"":[45.0,154.5],""edge"":""input:w2->waksman_8x8_s0_w2_3.in"",""endpoint"":""waksman_8x8_s0_w2_3.in"",""facing"":""W"",""logical_PSE_role"":""upper"",""parent_endpoint"":""I2"",""physical_PSE_role"":""lower"",""side"":""input"",""toward_parent_x"":true,""wire"":2,""xy"":[77.0,154.5]},{""access"":[797.0,154.5],""edge"":""output:waksman_8x8_s4_w2_3.th->w2"",""endpoint"":""waksman_8x8_s4_w2_3.th"",""facing"":""E"",""logical_PSE_role"":""upper"",""parent_endpoint"":""O2"",""physical_PSE_role"":""lower"",""side"":""output"",""toward_parent_x"":true,""wire"":2,""xy"":[765.0,154.5]},{""access"":[381.0,122.5],""edge"":""output:waksman_8x8_s2_w3_7.drop->w7"",""endpoint"":""waksman_8x8_s2_w3_7.drop"",""facing"":""W"",""logical_PSE_role"":""lower"",""parent_endpoint"":""O7"",""physical_PSE_role"":""lower"",""side"":""output"",""toward_parent_x"":false,""wire"":7,""xy"":[413.0,122.5]},{""access"":[125.0,37.5],""edge"":""input:w1->waksman_8x8_s0_w0_1.add"",""endpoint"":""waksman_8x8_s0_w0_1.add"",""facing"":""E"",""logical_PSE_role"":""lower"",""parent_endpoint"":""I1"",""physical_PSE_role"":""upper"",""side"":""input"",""toward_parent_x"":false,""wire"":1,""xy"":[93.0,37.5]},{""access"":[717.0,37.5],""edge"":""output:waksman_8x8_s4_w0_1.drop->w1"",""endpoint"":""waksman_8x8_s4_w0_1.drop"",""facing"":""W"",""logical_PSE_role"":""lower"",""parent_endpoint"":""O1"",""physical_PSE_role"":""upper"",""side"":""output"",""toward_parent_x"":false,""wire"":1,""xy"":[749.0,37.5]},{""access"":[45.0,26.5],""edge"":""input:w0->waksman_8x8_s0_w0_1.in"",""endpoint"":""waksman_8x8_s0_w0_1.in"",""facing"":""W"",""logical_PSE_role"":""upper"",""parent_endpoint"":""I0"",""physical_PSE_role"":""lower"",""side"":""input"",""toward_parent_x"":true,""wire"":0,""xy"":[77.0,26.5]},{""access"":[797.0,26.5],""edge"":""output:waksman_8x8_s4_w0_1.th->w0"",""endpoint"":""waksman_8x8_s4_w0_1.th"",""facing"":""E"",""logical_PSE_role"":""upper"",""parent_endpoint"":""O0"",""physical_PSE_role"":""lower"",""side"":""output"",""toward_parent_x"":true,""wire"":0,""xy"":[765.0,26.5]}]}",16,9,9,0.0061360087056527846
root,8,"{""ordered_input_wires"":[0,1,2,3,4,5,6,7],""ordered_output_wires"":[0,1,2,3,4,5,6,7],""top_to_bottom"":[{""access"":[45.0,421.5],""edge"":""input:w0->waksman_8x8_s0_w0_1.in"",""endpoint"":""waksman_8x8_s0_w0_1.in"",""facing"":""W"",""logical_PSE_role"":""upper"",""parent_endpoint"":""I0"",""physical_PSE_role"":""upper"",""side"":""input"",""toward_parent_x"":true,""wire"":0,""xy"":[77.0,421.5]},{""access"":[797.0,421.5],""edge"":""output:waksman_8x8_s4_w0_1.th->w0"",""endpoint"":""waksman_8x8_s4_w0_1.th"",""facing"":""E"",""logical_PSE_role"":""upper"",""parent_endpoint"":""O0"",""physical_PSE_role"":""upper"",""side"":""output"",""toward_parent_x"":true,""wire"":0,""xy"":[765.0,421.5]},{""access"":[125.0,410.5],""edge"":""input:w1->waksman_8x8_s0_w0_1.add"",""endpoint"":""waksman_8x8_s0_w0_1.add"",""facing"":""E"",""logical_PSE_role"":""lower"",""parent_endpoint"":""I1"",""physical_PSE_role"":""lower"",""side"":""input"",""toward_parent_x"":false,""wire"":1,""xy"":[93.0,410.5]},{""access"":[717.0,410.5],""edge"":""output:waksman_8x8_s4_w0_1.drop->w1"",""endpoint"":""waksman_8x8_s4_w0_1.drop"",""facing"":""W"",""logical_PSE_role"":""lower"",""parent_endpoint"":""O1"",""physical_PSE_role"":""lower"",""side"":""output"",""toward_parent_x"":false,""wire"":1,""xy"":[749.0,410.5]},{""access"":[381.0,325.5],""edge"":""output:waksman_8x8_s2_w2_6.drop->w6"",""endpoint"":""waksman_8x8_s2_w2_6.drop"",""facing"":""W"",""logical_PSE_role"":""lower"",""parent_endpoint"":""O6"",""physical_PSE_role"":""upper"",""side"":""output"",""toward_parent_x"":false,""wire"":6,""xy"":[413.0,325.5]},{""access"":[45.0,293.5],""edge"":""input:w2->waksman_8x8_s0_w2_3.in"",""endpoint"":""waksman_8x8_s0_w2_3.in"",""facing"":""W"",""logical_PSE_role"":""upper"",""parent_endpoint"":""I2"",""physical_PSE_role"":""upper"",""side"":""input"",""toward_parent_x"":true,""wire"":2,""xy"":[77.0,293.5]},{""access"":[797.0,293.5],""edge"":""output:waksman_8x8_s4_w2_3.th->w2"",""endpoint"":""waksman_8x8_s4_w2_3.th"",""facing"":""E"",""logical_PSE_role"":""upper"",""parent_endpoint"":""O2"",""physical_PSE_role"":""upper"",""side"":""output"",""toward_parent_x"":true,""wire"":2,""xy"":[765.0,293.5]},{""access"":[125.0,282.5],""edge"":""input:w3->waksman_8x8_s0_w2_3.add"",""endpoint"":""waksman_8x8_s0_w2_3.add"",""facing"":""E"",""logical_PSE_role"":""lower"",""parent_endpoint"":""I3"",""physical_PSE_role"":""lower"",""side"":""input"",""toward_parent_x"":false,""wire"":3,""xy"":[93.0,282.5]},{""access"":[717.0,282.5],""edge"":""output:waksman_8x8_s4_w2_3.drop->w3"",""endpoint"":""waksman_8x8_s4_w2_3.drop"",""facing"":""W"",""logical_PSE_role"":""lower"",""parent_endpoint"":""O3"",""physical_PSE_role"":""lower"",""side"":""output"",""toward_parent_x"":false,""wire"":3,""xy"":[749.0,282.5]},{""access"":[45.0,165.5],""edge"":""input:w4->waksman_8x8_s0_w4_5.in"",""endpoint"":""waksman_8x8_s0_w4_5.in"",""facing"":""W"",""logical_PSE_role"":""upper"",""parent_endpoint"":""I4"",""physical_PSE_role"":""upper"",""side"":""input"",""toward_parent_x"":true,""wire"":4,""xy"":[77.0,165.5]},{""access"":[797.0,165.5],""edge"":""output:waksman_8x8_s4_w4_5.th->w4"",""endpoint"":""waksman_8x8_s4_w4_5.th"",""facing"":""E"",""logical_PSE_role"":""upper"",""parent_endpoint"":""O4"",""physical_PSE_role"":""upper"",""side"":""output"",""toward_parent_x"":true,""wire"":4,""xy"":[765.0,165.5]},{""access"":[125.0,154.5],""edge"":""input:w5->waksman_8x8_s0_w4_5.add"",""endpoint"":""waksman_8x8_s0_w4_5.add"",""facing"":""E"",""logical_PSE_role"":""lower"",""parent_endpoint"":""I5"",""physical_PSE_role"":""lower"",""side"":""input"",""toward_parent_x"":false,""wire"":5,""xy"":[93.0,154.5]},{""access"":[717.0,154.5],""edge"":""output:waksman_8x8_s4_w4_5.drop->w5"",""endpoint"":""waksman_8x8_s4_w4_5.drop"",""facing"":""W"",""logical_PSE_role"":""lower"",""parent_endpoint"":""O5"",""physical_PSE_role"":""lower"",""side"":""output"",""toward_parent_x"":false,""wire"":5,""xy"":[749.0,154.5]},{""access"":[381.0,133.5],""edge"":""output:waksman_8x8_s2_w3_7.drop->w7"",""endpoint"":""waksman_8x8_s2_w3_7.drop"",""facing"":""W"",""logical_PSE_role"":""lower"",""parent_endpoint"":""O7"",""physical_PSE_role"":""upper"",""side"":""output"",""toward_parent_x"":false,""wire"":7,""xy"":[413.0,133.5]},{""access"":[45.0,37.5],""edge"":""input:w6->waksman_8x8_s0_w6_7.in"",""endpoint"":""waksman_8x8_s0_w6_7.in"",""facing"":""W"",""logical_PSE_role"":""upper"",""parent_endpoint"":""I6"",""physical_PSE_role"":""upper"",""side"":""input"",""toward_parent_x"":true,""wire"":6,""xy"":[77.0,37.5]},{""access"":[125.0,26.5],""edge"":""input:w7->waksman_8x8_s0_w6_7.add"",""endpoint"":""waksman_8x8_s0_w6_7.add"",""facing"":""E"",""logical_PSE_role"":""lower"",""parent_endpoint"":""I7"",""physical_PSE_role"":""lower"",""side"":""input"",""toward_parent_x"":false,""wire"":7,""xy"":[93.0,26.5]}]}",16,9,9,0.006138015905889915
root,8,"{""ordered_input_wires"":[0,1,2,3,4,5,6,7],""ordered_output_wires"":[0,1,2,3,4,5,6,7],""top_to_bottom"":[{""access"":[45.0,421.5],""edge"":""input:w0->waksman_8x8_s0_w0_1.in"",""endpoint"":""waksman_8x8_s0_w0_1.in"",""facing"":""W"",""logical_PSE_role"":""upper"",""parent_endpoint"":""I0"",""physical_PSE_role"":""upper"",""side"":""input"",""toward_parent_x"":true,""wire"":0,""xy"":[77.0,421.5]},{""access"":[797.0,421.5],""edge"":""output:waksman_8x8_s4_w0_1.th->w0"",""endpoint"":""waksman_8x8_s4_w0_1.th"",""facing"":""E"",""logical_PSE_role"":""upper"",""parent_endpoint"":""O0"",""physical_PSE_role"":""upper"",""side"":""output"",""toward_parent_x"":true,""wire"":0,""xy"":[765.0,421.5]},{""access"":[125.0,410.5],""edge"":""input:w1->waksman_8x8_s0_w0_1.add"",""endpoint"":""waksman_8x8_s0_w0_1.add"",""facing"":""E"",""logical_PSE_role"":""lower"",""parent_endpoint"":""I1"",""physical_PSE_role"":""lower"",""side"":""input"",""toward_parent_x"":false,""wire"":1,""xy"":[93.0,410.5]},{""access"":[717.0,410.5],""edge"":""output:waksman_8x8_s4_w0_1.drop->w1"",""endpoint"":""waksman_8x8_s4_w0_1.drop"",""facing"":""W"",""logical_PSE_role"":""lower"",""parent_endpoint"":""O1"",""physical_PSE_role"":""lower"",""side"":""output"",""toward_parent_x"":false,""wire"":1,""xy"":[749.0,410.5]},{""access"":[45.0,293.5],""edge"":""input:w2->waksman_8x8_s0_w2_3.in"",""endpoint"":""waksman_8x8_s0_w2_3.in"",""facing"":""W"",""logical_PSE_role"":""upper"",""parent_endpoint"":""I2"",""physical_PSE_role"":""upper"",""side"":""input"",""toward_parent_x"":true,""wire"":2,""xy"":[77.0,293.5]},{""access"":[797.0,293.5],""edge"":""output:waksman_8x8_s4_w2_3.th->w2"",""endpoint"":""waksman_8x8_s4_w2_3.th"",""facing"":""E"",""logical_PSE_role"":""upper"",""parent_endpoint"":""O2"",""physical_PSE_role"":""upper"",""side"":""output"",""toward_parent_x"":true,""wire"":2,""xy"":[765.0,293.5]},{""access"":[125.0,282.5],""edge"":""input:w3->waksman_8x8_s0_w2_3.add"",""endpoint"":""waksman_8x8_s0_w2_3.add"",""facing"":""E"",""logical_PSE_role"":""lower"",""parent_endpoint"":""I3"",""physical_PSE_role"":""lower"",""side"":""input"",""toward_parent_x"":false,""wire"":3,""xy"":[93.0,282.5]},{""access"":[717.0,282.5],""edge"":""output:waksman_8x8_s4_w2_3.drop->w3"",""endpoint"":""waksman_8x8_s4_w2_3.drop"",""facing"":""W"",""logical_PSE_role"":""lower"",""parent_endpoint"":""O3"",""physical_PSE_role"":""lower"",""side"":""output"",""toward_parent_x"":false,""wire"":3,""xy"":[749.0,282.5]},{""access"":[381.0,261.5],""edge"":""output:waksman_8x8_s2_w2_6.drop->w6"",""endpoint"":""waksman_8x8_s2_w2_6.drop"",""facing"":""W"",""logical_PSE_role"":""lower"",""parent_endpoint"":""O6"",""physical_PSE_role"":""upper"",""side"":""output"",""toward_parent_x"":false,""wire"":6,""xy"":[413.0,261.5]},{""access"":[381.0,197.5],""edge"":""output:waksman_8x8_s2_w3_7.drop->w7"",""endpoint"":""waksman_8x8_s2_w3_7.drop"",""facing"":""W"",""logical_PSE_role"":""lower"",""parent_endpoint"":""O7"",""physical_PSE_role"":""upper"",""side"":""output"",""toward_parent_x"":false,""wire"":7,""xy"":[413.0,197.5]},{""access"":[45.0,165.5],""edge"":""input:w4->waksman_8x8_s0_w4_5.in"",""endpoint"":""waksman_8x8_s0_w4_5.in"",""facing"":""W"",""logical_PSE_role"":""upper"",""parent_endpoint"":""I4"",""physical_PSE_role"":""upper"",""side"":""input"",""toward_parent_x"":true,""wire"":4,""xy"":[77.0,165.5]},{""access"":[797.0,165.5],""edge"":""output:waksman_8x8_s4_w4_5.th->w4"",""endpoint"":""waksman_8x8_s4_w4_5.th"",""facing"":""E"",""logical_PSE_role"":""upper"",""parent_endpoint"":""O4"",""physical_PSE_role"":""upper"",""side"":""output"",""toward_parent_x"":true,""wire"":4,""xy"":[765.0,165.5]},{""access"":[125.0,154.5],""edge"":""input:w5->waksman_8x8_s0_w4_5.add"",""endpoint"":""waksman_8x8_s0_w4_5.add"",""facing"":""E"",""logical_PSE_role"":""lower"",""parent_endpoint"":""I5"",""physical_PSE_role"":""lower"",""side"":""input"",""toward_parent_x"":false,""wire"":5,""xy"":[93.0,154.5]},{""access"":[717.0,154.5],""edge"":""output:waksman_8x8_s4_w4_5.drop->w5"",""endpoint"":""waksman_8x8_s4_w4_5.drop"",""facing"":""W"",""logical_PSE_role"":""lower"",""parent_endpoint"":""O5"",""physical_PSE_role"":""lower"",""side"":""output"",""toward_parent_x"":false,""wire"":5,""xy"":[749.0,154.5]},{""access"":[45.0,37.5],""edge"":""input:w6->waksman_8x8_s0_w6_7.in"",""endpoint"":""waksman_8x8_s0_w6_7.in"",""facing"":""W"",""logical_PSE_role"":""upper"",""parent_endpoint"":""I6"",""physical_PSE_role"":""upper"",""side"":""input"",""toward_parent_x"":true,""wire"":6,""xy"":[77.0,37.5]},{""access"":[125.0,26.5],""edge"":""input:w7->waksman_8x8_s0_w6_7.add"",""endpoint"":""waksman_8x8_s0_w6_7.add"",""facing"":""E"",""logical_PSE_role"":""lower"",""parent_endpoint"":""I7"",""physical_PSE_role"":""lower"",""side"":""input"",""toward_parent_x"":false,""wire"":7,""xy"":[93.0,26.5]}]}",16,9,9,0.006139966939372243
root,8,"{""ordered_input_wires"":[0,1,2,3,4,5,6,7],""ordered_output_wires"":[0,1,2,3,4,5,6,7],""top_to_bottom"":[{""access"":[125.0,421.5],""edge"":""input:w7->waksman_8x8_s0_w6_7.add"",""endpoint"":""waksman_8x8_s0_w6_7.add"",""facing"":""E"",""logical_PSE_role"":""lower"",""parent_endpoint"":""I7"",""physical_PSE_role"":""upper"",""side"":""input"",""toward_parent_x"":false,""wire"":7,""xy"":[93.0,421.5]},{""access"":[45.0,410.5],""edge"":""input:w6->waksman_8x8_s0_w6_7.in"",""endpoint"":""waksman_8x8_s0_w6_7.in"",""facing"":""W"",""logical_PSE_role"":""upper"",""parent_endpoint"":""I6"",""physical_PSE_role"":""lower"",""side"":""input"",""toward_parent_x"":true,""wire"":6,""xy"":[77.0,410.5]},{""access"":[381.0,314.5],""edge"":""output:waksman_8x8_s2_w3_7.drop->w7"",""endpoint"":""waksman_8x8_s2_w3_7.drop"",""facing"":""W"",""logical_PSE_role"":""lower"",""parent_endpoint"":""O7"",""physical_PSE_role"":""lower"",""side"":""output"",""toward_parent_x"":false,""wire"":7,""xy"":[413.0,314.5]},{""access"":[125.0,293.5],""edge"":""input:w5->waksman_8x8_s0_w4_5.add"",""endpoint"":""waksman_8x8_s0_w4_5.add"",""facing"":""E"",""logical_PSE_role"":""lower"",""parent_endpoint"":""I5"",""physical_PSE_role"":""upper"",""side"":""input"",""toward_parent_x"":false,""wire"":5,""xy"":[93.0,293.5]},{""access"":[717.0,293.5],""edge"":""output:waksman_8x8_s4_w4_5.drop->w5"",""endpoint"":""waksman_8x8_s4_w4_5.drop"",""facing"":""W"",""logical_PSE_role"":""lower"",""parent_endpoint"":""O5"",""physical_PSE_role"":""upper"",""side"":""output"",""toward_parent_x"":false,""wire"":5,""xy"":[749.0,293.5]},{""access"":[45.0,282.5],""edge"":""input:w4->waksman_8x8_s0_w4_5.in"",""endpoint"":""waksman_8x8_s0_w4_5.in"",""facing"":""W"",""logical_PSE_role"":""upper"",""parent_endpoint"":""I4"",""physical_PSE_role"":""lower"",""side"":""input"",""toward_parent_x"":true,""wire"":4,""xy"":[77.0,282.5]},{""access"":[797.0,282.5],""edge"":""output:waksman_8x8_s4_w4_5.th->w4"",""endpoint"":""waksman_8x8_s4_w4_5.th"",""facing"":""E"",""logical_PSE_role"":""upper"",""parent_endpoint"":""O4"",""physical_PSE_role"":""lower"",""side"":""output"",""toward_parent_x"":true,""wire"":4,""xy"":[765.0,282.5]},{""access"":[125.0,165.5],""edge"":""input:w3->waksman_8x8_s0_w2_3.add"",""endpoint"":""waksman_8x8_s0_w2_3.add"",""facing"":""E"",""logical_PSE_role"":""lower"",""parent_endpoint"":""I3"",""physical_PSE_role"":""upper"",""side"":""input"",""toward_parent_x"":false,""wire"":3,""xy"":[93.0,165.5]},{""access"":[717.0,165.5],""edge"":""output:waksman_8x8_s4_w2_3.drop->w3"",""endpoint"":""waksman_8x8_s4_w2_3.drop"",""facing"":""W"",""logical_PSE_role"":""lower"",""parent_endpoint"":""O3"",""physical_PSE_role"":""upper"",""side"":""output"",""toward_parent_x"":false,""wire"":3,""xy"":[749.0,165.5]},{""access"":[45.0,154.5],""edge"":""input:w2->waksman_8x8_s0_w2_3.in"",""endpoint"":""waksman_8x8_s0_w2_3.in"",""facing"":""W"",""logical_PSE_role"":""upper"",""parent_endpoint"":""I2"",""physical_PSE_role"":""lower"",""side"":""input"",""toward_parent_x"":true,""wire"":2,""xy"":[77.0,154.5]},{""access"":[797.0,154.5],""edge"":""output:waksman_8x8_s4_w2_3.th->w2"",""endpoint"":""waksman_8x8_s4_w2_3.th"",""facing"":""E"",""logical_PSE_role"":""upper"",""parent_endpoint"":""O2"",""physical_PSE_role"":""lower"",""side"":""output"",""toward_parent_x"":true,""wire"":2,""xy"":[765.0,154.5]},{""access"":[381.0,122.5],""edge"":""output:waksman_8x8_s2_w2_6.drop->w6"",""endpoint"":""waksman_8x8_s2_w2_6.drop"",""facing"":""W"",""logical_PSE_role"":""lower"",""parent_endpoint"":""O6"",""physical_PSE_role"":""lower"",""side"":""output"",""toward_parent_x"":false,""wire"":6,""xy"":[413.0,122.5]},{""access"":[125.0,37.5],""edge"":""input:w1->waksman_8x8_s0_w0_1.add"",""endpoint"":""waksman_8x8_s0_w0_1.add"",""facing"":""E"",""logical_PSE_role"":""lower"",""parent_endpoint"":""I1"",""physical_PSE_role"":""upper"",""side"":""input"",""toward_parent_x"":false,""wire"":1,""xy"":[93.0,37.5]},{""access"":[717.0,37.5],""edge"":""output:waksman_8x8_s4_w0_1.drop->w1"",""endpoint"":""waksman_8x8_s4_w0_1.drop"",""facing"":""W"",""logical_PSE_role"":""lower"",""parent_endpoint"":""O1"",""physical_PSE_role"":""upper"",""side"":""output"",""toward_parent_x"":false,""wire"":1,""xy"":[749.0,37.5]},{""access"":[45.0,26.5],""edge"":""input:w0->waksman_8x8_s0_w0_1.in"",""endpoint"":""waksman_8x8_s0_w0_1.in"",""facing"":""W"",""logical_PSE_role"":""upper"",""parent_endpoint"":""I0"",""physical_PSE_role"":""lower"",""side"":""input"",""toward_parent_x"":true,""wire"":0,""xy"":[77.0,26.5]},{""access"":[797.0,26.5],""edge"":""output:waksman_8x8_s4_w0_1.th->w0"",""endpoint"":""waksman_8x8_s4_w0_1.th"",""facing"":""E"",""logical_PSE_role"":""upper"",""parent_endpoint"":""O0"",""physical_PSE_role"":""lower"",""side"":""output"",""toward_parent_x"":true,""wire"":0,""xy"":[765.0,26.5]}]}",16,9,9,0.0061419467674568295
root,8,"{""ordered_input_wires"":[0,1,2,3,4,5,6,7],""ordered_output_wires"":[0,1,2,3,4,5,6,7],""top_to_bottom"":[{""access"":[125.0,421.5],""edge"":""input:w7->waksman_8x8_s0_w6_7.add"",""endpoint"":""waksman_8x8_s0_w6_7.add"",""facing"":""E"",""logical_PSE_role"":""lower"",""parent_endpoint"":""I7"",""physical_PSE_role"":""upper"",""side"":""input"",""toward_parent_x"":false,""wire"":7,""xy"":[93.0,421.5]},{""access"":[45.0,410.5],""edge"":""input:w6->waksman_8x8_s0_w6_7.in"",""endpoint"":""waksman_8x8_s0_w6_7.in"",""facing"":""W"",""logical_PSE_role"":""upper"",""parent_endpoint"":""I6"",""physical_PSE_role"":""lower"",""side"":""input"",""toward_parent_x"":true,""wire"":6,""xy"":[77.0,410.5]},{""access"":[125.0,293.5],""edge"":""input:w5->waksman_8x8_s0_w4_5.add"",""endpoint"":""waksman_8x8_s0_w4_5.add"",""facing"":""E"",""logical_PSE_role"":""lower"",""parent_endpoint"":""I5"",""physical_PSE_role"":""upper"",""side"":""input"",""toward_parent_x"":false,""wire"":5,""xy"":[93.0,293.5]},{""access"":[717.0,293.5],""edge"":""output:waksman_8x8_s4_w4_5.drop->w5"",""endpoint"":""waksman_8x8_s4_w4_5.drop"",""facing"":""W"",""logical_PSE_role"":""lower"",""parent_endpoint"":""O5"",""physical_PSE_role"":""upper"",""side"":""output"",""toward_parent_x"":false,""wire"":5,""xy"":[749.0,293.5]},{""access"":[45.0,282.5],""edge"":""input:w4->waksman_8x8_s0_w4_5.in"",""endpoint"":""waksman_8x8_s0_w4_5.in"",""facing"":""W"",""logical_PSE_role"":""upper"",""parent_endpoint"":""I4"",""physical_PSE_role"":""lower"",""side"":""input"",""toward_parent_x"":true,""wire"":4,""xy"":[77.0,282.5]},{""access"":[797.0,282.5],""edge"":""output:waksman_8x8_s4_w4_5.th->w4"",""endpoint"":""waksman_8x8_s4_w4_5.th"",""facing"":""E"",""logical_PSE_role"":""upper"",""parent_endpoint"":""O4"",""physical_PSE_role"":""lower"",""side"":""output"",""toward_parent_x"":true,""wire"":4,""xy"":[765.0,282.5]},{""access"":[381.0,250.5],""edge"":""output:waksman_8x8_s2_w3_7.drop->w7"",""endpoint"":""waksman_8x8_s2_w3_7.drop"",""facing"":""W"",""logical_PSE_role"":""lower"",""parent_endpoint"":""O7"",""physical_PSE_role"":""lower"",""side"":""output"",""toward_parent_x"":false,""wire"":7,""xy"":[413.0,250.5]},{""access"":[381.0,186.5],""edge"":""output:waksman_8x8_s2_w2_6.drop->w6"",""endpoint"":""waksman_8x8_s2_w2_6.drop"",""facing"":""W"",""logical_PSE_role"":""lower"",""parent_endpoint"":""O6"",""physical_PSE_role"":""lower"",""side"":""output"",""toward_parent_x"":false,""wire"":6,""xy"":[413.0,186.5]},{""access"":[125.0,165.5],""edge"":""input:w3->waksman_8x8_s0_w2_3.add"",""endpoint"":""waksman_8x8_s0_w2_3.add"",""facing"":""E"",""logical_PSE_role"":""lower"",""parent_endpoint"":""I3"",""physical_PSE_role"":""upper"",""side"":""input"",""toward_parent_x"":false,""wire"":3,""xy"":[93.0,165.5]},{""access"":[717.0,165.5],""edge"":""output:waksman_8x8_s4_w2_3.drop->w3"",""endpoint"":""waksman_8x8_s4_w2_3.drop"",""facing"":""W"",""logical_PSE_role"":""lower"",""parent_endpoint"":""O3"",""physical_PSE_role"":""upper"",""side"":""output"",""toward_parent_x"":false,""wire"":3,""xy"":[749.0,165.5]},{""access"":[45.0,154.5],""edge"":""input:w2->waksman_8x8_s0_w2_3.in"",""endpoint"":""waksman_8x8_s0_w2_3.in"",""facing"":""W"",""logical_PSE_role"":""upper"",""parent_endpoint"":""I2"",""physical_PSE_role"":""lower"",""side"":""input"",""toward_parent_x"":true,""wire"":2,""xy"":[77.0,154.5]},{""access"":[797.0,154.5],""edge"":""output:waksman_8x8_s4_w2_3.th->w2"",""endpoint"":""waksman_8x8_s4_w2_3.th"",""facing"":""E"",""logical_PSE_role"":""upper"",""parent_endpoint"":""O2"",""physical_PSE_role"":""lower"",""side"":""output"",""toward_parent_x"":true,""wire"":2,""xy"":[765.0,154.5]},{""access"":[125.0,37.5],""edge"":""input:w1->waksman_8x8_s0_w0_1.add"",""endpoint"":""waksman_8x8_s0_w0_1.add"",""facing"":""E"",""logical_PSE_role"":""lower"",""parent_endpoint"":""I1"",""physical_PSE_role"":""upper"",""side"":""input"",""toward_parent_x"":false,""wire"":1,""xy"":[93.0,37.5]},{""access"":[717.0,37.5],""edge"":""output:waksman_8x8_s4_w0_1.drop->w1"",""endpoint"":""waksman_8x8_s4_w0_1.drop"",""facing"":""W"",""logical_PSE_role"":""lower"",""parent_endpoint"":""O1"",""physical_PSE_role"":""upper"",""side"":""output"",""toward_parent_x"":false,""wire"":1,""xy"":[749.0,37.5]},{""access"":[45.0,26.5],""edge"":""input:w0->waksman_8x8_s0_w0_1.in"",""endpoint"":""waksman_8x8_s0_w0_1.in"",""facing"":""W"",""logical_PSE_role"":""upper"",""parent_endpoint"":""I0"",""physical_PSE_role"":""lower"",""side"":""input"",""toward_parent_x"":true,""wire"":0,""xy"":[77.0,26.5]},{""access"":[797.0,26.5],""edge"":""output:waksman_8x8_s4_w0_1.th->w0"",""endpoint"":""waksman_8x8_s4_w0_1.th"",""facing"":""E"",""logical_PSE_role"":""upper"",""parent_endpoint"":""O0"",""physical_PSE_role"":""lower"",""side"":""output"",""toward_parent_x"":true,""wire"":0,""xy"":[765.0,26.5]}]}",16,9,9,0.006143900296592619
root,8,"{""ordered_input_wires"":[0,1,2,3,4,5,6,7],""ordered_output_wires"":[0,1,2,3,4,5,6,7],""top_to_bottom"":[{""access"":[45.0,421.5],""edge"":""input:w0->waksman_8x8_s0_w0_1.in"",""endpoint"":""waksman_8x8_s0_w0_1.in"",""facing"":""W"",""logical_PSE_role"":""upper"",""parent_endpoint"":""I0"",""physical_PSE_role"":""upper"",""side"":""input"",""toward_parent_x"":true,""wire"":0,""xy"":[77.0,421.5]},{""access"":[797.0,421.5],""edge"":""output:waksman_8x8_s4_w0_1.th->w0"",""endpoint"":""waksman_8x8_s4_w0_1.th"",""facing"":""E"",""logical_PSE_role"":""upper"",""parent_endpoint"":""O0"",""physical_PSE_role"":""upper"",""side"":""output"",""toward_parent_x"":true,""wire"":0,""xy"":[765.0,421.5]},{""access"":[125.0,410.5],""edge"":""input:w1->waksman_8x8_s0_w0_1.add"",""endpoint"":""waksman_8x8_s0_w0_1.add"",""facing"":""E"",""logical_PSE_role"":""lower"",""parent_endpoint"":""I1"",""physical_PSE_role"":""lower"",""side"":""input"",""toward_parent_x"":false,""wire"":1,""xy"":[93.0,410.5]},{""access"":[717.0,410.5],""edge"":""output:waksman_8x8_s4_w0_1.drop->w1"",""endpoint"":""waksman_8x8_s4_w0_1.drop"",""facing"":""W"",""logical_PSE_role"":""lower"",""parent_endpoint"":""O1"",""physical_PSE_role"":""lower"",""side"":""output"",""toward_parent_x"":false,""wire"":1,""xy"":[749.0,410.5]},{""access"":[45.0,293.5],""edge"":""input:w2->waksman_8x8_s0_w2_3.in"",""endpoint"":""waksman_8x8_s0_w2_3.in"",""facing"":""W"",""logical_PSE_role"":""upper"",""parent_endpoint"":""I2"",""physical_PSE_role"":""upper"",""side"":""input"",""toward_parent_x"":true,""wire"":2,""xy"":[77.0,293.5]},{""access"":[797.0,293.5],""edge"":""output:waksman_8x8_s4_w2_3.th->w2"",""endpoint"":""waksman_8x8_s4_w2_3.th"",""facing"":""E"",""logical_PSE_role"":""upper"",""parent_endpoint"":""O2"",""physical_PSE_role"":""upper"",""side"":""output"",""toward_parent_x"":true,""wire"":2,""xy"":[765.0,293.5]},{""access"":[125.0,282.5],""edge"":""input:w3->waksman_8x8_s0_w2_3.add"",""endpoint"":""waksman_8x8_s0_w2_3.add"",""facing"":""E"",""logical_PSE_role"":""lower"",""parent_endpoint"":""I3"",""physical_PSE_role"":""lower"",""side"":""input"",""toward_parent_x"":false,""wire"":3,""xy"":[93.0,282.5]},{""access"":[717.0,282.5],""edge"":""output:waksman_8x8_s4_w2_3.drop->w3"",""endpoint"":""waksman_8x8_s4_w2_3.drop"",""facing"":""W"",""logical_PSE_role"":""lower"",""parent_endpoint"":""O3"",""physical_PSE_role"":""lower"",""side"":""output"",""toward_parent_x"":false,""wire"":3,""xy"":[749.0,282.5]},{""access"":[381.0,197.5],""edge"":""output:waksman_8x8_s2_w2_6.drop->w6"",""endpoint"":""waksman_8x8_s2_w2_6.drop"",""facing"":""W"",""logical_PSE_role"":""lower"",""parent_endpoint"":""O6"",""physical_PSE_role"":""upper"",""side"":""output"",""toward_parent_x"":false,""wire"":6,""xy"":[413.0,197.5]},{""access"":[45.0,165.5],""edge"":""input:w4->waksman_8x8_s0_w4_5.in"",""endpoint"":""waksman_8x8_s0_w4_5.in"",""facing"":""W"",""logical_PSE_role"":""upper"",""parent_endpoint"":""I4"",""physical_PSE_role"":""upper"",""side"":""input"",""toward_parent_x"":true,""wire"":4,""xy"":[77.0,165.5]},{""access"":[797.0,165.5],""edge"":""output:waksman_8x8_s4_w4_5.th->w4"",""endpoint"":""waksman_8x8_s4_w4_5.th"",""facing"":""E"",""logical_PSE_role"":""upper"",""parent_endpoint"":""O4"",""physical_PSE_role"":""upper"",""side"":""output"",""toward_parent_x"":true,""wire"":4,""xy"":[765.0,165.5]},{""access"":[125.0,154.5],""edge"":""input:w5->waksman_8x8_s0_w4_5.add"",""endpoint"":""waksman_8x8_s0_w4_5.add"",""facing"":""E"",""logical_PSE_role"":""lower"",""parent_endpoint"":""I5"",""physical_PSE_role"":""lower"",""side"":""input"",""toward_parent_x"":false,""wire"":5,""xy"":[93.0,154.5]},{""access"":[717.0,154.5],""edge"":""output:waksman_8x8_s4_w4_5.drop->w5"",""endpoint"":""waksman_8x8_s4_w4_5.drop"",""facing"":""W"",""logical_PSE_role"":""lower"",""parent_endpoint"":""O5"",""physical_PSE_role"":""lower"",""side"":""output"",""toward_parent_x"":false,""wire"":5,""xy"":[749.0,154.5]},{""access"":[381.0,122.5],""edge"":""output:waksman_8x8_s2_w3_7.drop->w7"",""endpoint"":""waksman_8x8_s2_w3_7.drop"",""facing"":""W"",""logical_PSE_role"":""lower"",""parent_endpoint"":""O7"",""physical_PSE_role"":""lower"",""side"":""output"",""toward_parent_x"":false,""wire"":7,""xy"":[413.0,122.5]},{""access"":[45.0,37.5],""edge"":""input:w6->waksman_8x8_s0_w6_7.in"",""endpoint"":""waksman_8x8_s0_w6_7.in"",""facing"":""W"",""logical_PSE_role"":""upper"",""parent_endpoint"":""I6"",""physical_PSE_role"":""upper"",""side"":""input"",""toward_parent_x"":true,""wire"":6,""xy"":[77.0,37.5]},{""access"":[125.0,26.5],""edge"":""input:w7->waksman_8x8_s0_w6_7.add"",""endpoint"":""waksman_8x8_s0_w6_7.add"",""facing"":""E"",""logical_PSE_role"":""lower"",""parent_endpoint"":""I7"",""physical_PSE_role"":""lower"",""side"":""input"",""toward_parent_x"":false,""wire"":7,""xy"":[93.0,26.5]}]}",16,9,9,0.00614592253259616
root,8,"{""ordered_input_wires"":[0,1,2,3,4,5,6,7],""ordered_output_wires"":[0,1,2,3,4,5,6,7],""top_to_bottom"":[{""access"":[45.0,421.5],""edge"":""input:w0->waksman_8x8_s0_w0_1.in"",""endpoint"":""waksman_8x8_s0_w0_1.in"",""facing"":""W"",""logical_PSE_role"":""upper"",""parent_endpoint"":""I0"",""physical_PSE_role"":""upper"",""side"":""input"",""toward_parent_x"":true,""wire"":0,""xy"":[77.0,421.5]},{""access"":[797.0,421.5],""edge"":""output:waksman_8x8_s4_w0_1.th->w0"",""endpoint"":""waksman_8x8_s4_w0_1.th"",""facing"":""E"",""logical_PSE_role"":""upper"",""parent_endpoint"":""O0"",""physical_PSE_role"":""upper"",""side"":""output"",""toward_parent_x"":true,""wire"":0,""xy"":[765.0,421.5]},{""access"":[125.0,410.5],""edge"":""input:w1->waksman_8x8_s0_w0_1.add"",""endpoint"":""waksman_8x8_s0_w0_1.add"",""facing"":""E"",""logical_PSE_role"":""lower"",""parent_endpoint"":""I1"",""physical_PSE_role"":""lower"",""side"":""input"",""toward_parent_x"":false,""wire"":1,""xy"":[93.0,410.5]},{""access"":[717.0,410.5],""edge"":""output:waksman_8x8_s4_w0_1.drop->w1"",""endpoint"":""waksman_8x8_s4_w0_1.drop"",""facing"":""W"",""logical_PSE_role"":""lower"",""parent_endpoint"":""O1"",""physical_PSE_role"":""lower"",""side"":""output"",""toward_parent_x"":false,""wire"":1,""xy"":[749.0,410.5]},{""access"":[45.0,293.5],""edge"":""input:w2->waksman_8x8_s0_w2_3.in"",""endpoint"":""waksman_8x8_s0_w2_3.in"",""facing"":""W"",""logical_PSE_role"":""upper"",""parent_endpoint"":""I2"",""physical_PSE_role"":""upper"",""side"":""input"",""toward_parent_x"":true,""wire"":2,""xy"":[77.0,293.5]},{""access"":[797.0,293.5],""edge"":""output:waksman_8x8_s4_w2_3.th->w2"",""endpoint"":""waksman_8x8_s4_w2_3.th"",""facing"":""E"",""logical_PSE_role"":""upper"",""parent_endpoint"":""O2"",""physical_PSE_role"":""upper"",""side"":""output"",""toward_parent_x"":true,""wire"":2,""xy"":[765.0,293.5]},{""access"":[125.0,282.5],""edge"":""input:w3->waksman_8x8_s0_w2_3.add"",""endpoint"":""waksman_8x8_s0_w2_3.add"",""facing"":""E"",""logical_PSE_role"":""lower"",""parent_endpoint"":""I3"",""physical_PSE_role"":""lower"",""side"":""input"",""toward_parent_x"":false,""wire"":3,""xy"":[93.0,282.5]},{""access"":[717.0,282.5],""edge"":""output:waksman_8x8_s4_w2_3.drop->w3"",""endpoint"":""waksman_8x8_s4_w2_3.drop"",""facing"":""W"",""logical_PSE_role"":""lower"",""parent_endpoint"":""O3"",""physical_PSE_role"":""lower"",""side"":""output"",""toward_parent_x"":false,""wire"":3,""xy"":[749.0,282.5]},{""access"":[381.0,186.5],""edge"":""output:waksman_8x8_s2_w3_7.drop->w7"",""endpoint"":""waksman_8x8_s2_w3_7.drop"",""facing"":""W"",""logical_PSE_role"":""lower"",""parent_endpoint"":""O7"",""physical_PSE_role"":""lower"",""side"":""output"",""toward_parent_x"":false,""wire"":7,""xy"":[413.0,186.5]},{""access"":[45.0,165.5],""edge"":""input:w4->waksman_8x8_s0_w4_5.in"",""endpoint"":""waksman_8x8_s0_w4_5.in"",""facing"":""W"",""logical_PSE_role"":""upper"",""parent_endpoint"":""I4"",""physical_PSE_role"":""upper"",""side"":""input"",""toward_parent_x"":true,""wire"":4,""xy"":[77.0,165.5]},{""access"":[797.0,165.5],""edge"":""output:waksman_8x8_s4_w4_5.th->w4"",""endpoint"":""waksman_8x8_s4_w4_5.th"",""facing"":""E"",""logical_PSE_role"":""upper"",""parent_endpoint"":""O4"",""physical_PSE_role"":""upper"",""side"":""output"",""toward_parent_x"":true,""wire"":4,""xy"":[765.0,165.5]},{""access"":[125.0,154.5],""edge"":""input:w5->waksman_8x8_s0_w4_5.add"",""endpoint"":""waksman_8x8_s0_w4_5.add"",""facing"":""E"",""logical_PSE_role"":""lower"",""parent_endpoint"":""I5"",""physical_PSE_role"":""lower"",""side"":""input"",""toward_parent_x"":false,""wire"":5,""xy"":[93.0,154.5]},{""access"":[717.0,154.5],""edge"":""output:waksman_8x8_s4_w4_5.drop->w5"",""endpoint"":""waksman_8x8_s4_w4_5.drop"",""facing"":""W"",""logical_PSE_role"":""lower"",""parent_endpoint"":""O5"",""physical_PSE_role"":""lower"",""side"":""output"",""toward_parent_x"":false,""wire"":5,""xy"":[749.0,154.5]},{""access"":[381.0,133.5],""edge"":""output:waksman_8x8_s2_w2_6.drop->w6"",""endpoint"":""waksman_8x8_s2_w2_6.drop"",""facing"":""W"",""logical_PSE_role"":""lower"",""parent_endpoint"":""O6"",""physical_PSE_role"":""upper"",""side"":""output"",""toward_parent_x"":false,""wire"":6,""xy"":[413.0,133.5]},{""access"":[45.0,37.5],""edge"":""input:w6->waksman_8x8_s0_w6_7.in"",""endpoint"":""waksman_8x8_s0_w6_7.in"",""facing"":""W"",""logical_PSE_role"":""upper"",""parent_endpoint"":""I6"",""physical_PSE_role"":""upper"",""side"":""input"",""toward_parent_x"":true,""wire"":6,""xy"":[77.0,37.5]},{""access"":[125.0,26.5],""edge"":""input:w7->waksman_8x8_s0_w6_7.add"",""endpoint"":""waksman_8x8_s0_w6_7.add"",""facing"":""E"",""logical_PSE_role"":""lower"",""parent_endpoint"":""I7"",""physical_PSE_role"":""lower"",""side"":""input"",""toward_parent_x"":false,""wire"":7,""xy"":[93.0,26.5]}]}",16,9,9,0.006148021908302326
root,8,"{""ordered_input_wires"":[0,1,2,3,4,5,6,7],""ordered_output_wires"":[0,1,2,3,4,5,6,7],""top_to_bottom"":[{""access"":[125.0,421.5],""edge"":""input:w7->waksman_8x8_s0_w6_7.add"",""endpoint"":""waksman_8x8_s0_w6_7.add"",""facing"":""E"",""logical_PSE_role"":""lower"",""parent_endpoint"":""I7"",""physical_PSE_role"":""upper"",""side"":""input"",""toward_parent_x"":false,""wire"":7,""xy"":[93.0,421.5]},{""access"":[45.0,410.5],""edge"":""input:w6->waksman_8x8_s0_w6_7.in"",""endpoint"":""waksman_8x8_s0_w6_7.in"",""facing"":""W"",""logical_PSE_role"":""upper"",""parent_endpoint"":""I6"",""physical_PSE_role"":""lower"",""side"":""input"",""toward_parent_x"":true,""wire"":6,""xy"":[77.0,410.5]},{""access"":[381.0,325.5],""edge"":""output:waksman_8x8_s2_w3_7.drop->w7"",""endpoint"":""waksman_8x8_s2_w3_7.drop"",""facing"":""W"",""logical_PSE_role"":""lower"",""parent_endpoint"":""O7"",""physical_PSE_role"":""upper"",""side"":""output"",""toward_parent_x"":false,""wire"":7,""xy"":[413.0,325.5]},{""access"":[125.0,293.5],""edge"":""input:w5->waksman_8x8_s0_w4_5.add"",""endpoint"":""waksman_8x8_s0_w4_5.add"",""facing"":""E"",""logical_PSE_role"":""lower"",""parent_endpoint"":""I5"",""physical_PSE_role"":""upper"",""side"":""input"",""toward_parent_x"":false,""wire"":5,""xy"":[93.0,293.5]},{""access"":[717.0,293.5],""edge"":""output:waksman_8x8_s4_w4_5.drop->w5"",""endpoint"":""waksman_8x8_s4_w4_5.drop"",""facing"":""W"",""logical_PSE_role"":""lower"",""parent_endpoint"":""O5"",""physical_PSE_role"":""upper"",""side"":""output"",""toward_parent_x"":false,""wire"":5,""xy"":[749.0,293.5]},{""access"":[45.0,282.5],""edge"":""input:w4->waksman_8x8_s0_w4_5.in"",""endpoint"":""waksman_8x8_s0_w4_5.in"",""facing"":""W"",""logical_PSE_role"":""upper"",""parent_endpoint"":""I4"",""physical_PSE_role"":""lower"",""side"":""input"",""toward_parent_x"":true,""wire"":4,""xy"":[77.0,282.5]},{""access"":[797.0,282.5],""edge"":""output:waksman_8x8_s4_w4_5.th->w4"",""endpoint"":""waksman_8x8_s4_w4_5.th"",""facing"":""E"",""logical_PSE_role"":""upper"",""parent_endpoint"":""O4"",""physical_PSE_role"":""lower"",""side"":""output"",""toward_parent_x"":true,""wire"":4,""xy"":[765.0,282.5]},{""access"":[381.0,250.5],""edge"":""output:waksman_8x8_s2_w2_6.drop->w6"",""endpoint"":""waksman_8x8_s2_w2_6.drop"",""facing"":""W"",""logical_PSE_role"":""lower"",""parent_endpoint"":""O6"",""physical_PSE_role"":""lower"",""side"":""output"",""toward_parent_x"":false,""wire"":6,""xy"":[413.0,250.5]},{""access"":[125.0,165.5],""edge"":""input:w3->waksman_8x8_s0_w2_3.add"",""endpoint"":""waksman_8x8_s0_w2_3.add"",""facing"":""E"",""logical_PSE_role"":""lower"",""parent_endpoint"":""I3"",""physical_PSE_role"":""upper"",""side"":""input"",""toward_parent_x"":false,""wire"":3,""xy"":[93.0,165.5]},{""access"":[717.0,165.5],""edge"":""output:waksman_8x8_s4_w2_3.drop->w3"",""endpoint"":""waksman_8x8_s4_w2_3.drop"",""facing"":""W"",""logical_PSE_role"":""lower"",""parent_endpoint"":""O3"",""physical_PSE_role"":""upper"",""side"":""output"",""toward_parent_x"":false,""wire"":3,""xy"":[749.0,165.5]},{""access"":[45.0,154.5],""edge"":""input:w2->waksman_8x8_s0_w2_3.in"",""endpoint"":""waksman_8x8_s0_w2_3.in"",""facing"":""W"",""logical_PSE_role"":""upper"",""parent_endpoint"":""I2"",""physical_PSE_role"":""lower"",""side"":""input"",""toward_parent_x"":true,""wire"":2,""xy"":[77.0,154.5]},{""access"":[797.0,154.5],""edge"":""output:waksman_8x8_s4_w2_3.th->w2"",""endpoint"":""waksman_8x8_s4_w2_3.th"",""facing"":""E"",""logical_PSE_role"":""upper"",""parent_endpoint"":""O2"",""physical_PSE_role"":""lower"",""side"":""output"",""toward_parent_x"":true,""wire"":2,""xy"":[765.0,154.5]},{""access"":[125.0,37.5],""edge"":""input:w1->waksman_8x8_s0_w0_1.add"",""endpoint"":""waksman_8x8_s0_w0_1.add"",""facing"":""E"",""logical_PSE_role"":""lower"",""parent_endpoint"":""I1"",""physical_PSE_role"":""upper"",""side"":""input"",""toward_parent_x"":false,""wire"":1,""xy"":[93.0,37.5]},{""access"":[717.0,37.5],""edge"":""output:waksman_8x8_s4_w0_1.drop->w1"",""endpoint"":""waksman_8x8_s4_w0_1.drop"",""facing"":""W"",""logical_PSE_role"":""lower"",""parent_endpoint"":""O1"",""physical_PSE_role"":""upper"",""side"":""output"",""toward_parent_x"":false,""wire"":1,""xy"":[749.0,37.5]},{""access"":[45.0,26.5],""edge"":""input:w0->waksman_8x8_s0_w0_1.in"",""endpoint"":""waksman_8x8_s0_w0_1.in"",""facing"":""W"",""logical_PSE_role"":""upper"",""parent_endpoint"":""I0"",""physical_PSE_role"":""lower"",""side"":""input"",""toward_parent_x"":true,""wire"":0,""xy"":[77.0,26.5]},{""access"":[797.0,26.5],""edge"":""output:waksman_8x8_s4_w0_1.th->w0"",""endpoint"":""waksman_8x8_s4_w0_1.th"",""facing"":""E"",""logical_PSE_role"":""upper"",""parent_endpoint"":""O0"",""physical_PSE_role"":""lower"",""side"":""output"",""toward_parent_x"":true,""wire"":0,""xy"":[765.0,26.5]}]}",16,9,9,0.0061499959556385875
root,8,"{""ordered_input_wires"":[0,1,2,3,4,5,6,7],""ordered_output_wires"":[0,1,2,3,4,5,6,7],""top_to_bottom"":[{""access"":[125.0,421.5],""edge"":""input:w7->waksman_8x8_s0_w6_7.add"",""endpoint"":""waksman_8x8_s0_w6_7.add"",""facing"":""E"",""logical_PSE_role"":""lower"",""parent_endpoint"":""I7"",""physical_PSE_role"":""upper"",""side"":""input"",""toward_parent_x"":false,""wire"":7,""xy"":[93.0,421.5]},{""access"":[45.0,410.5],""edge"":""input:w6->waksman_8x8_s0_w6_7.in"",""endpoint"":""waksman_8x8_s0_w6_7.in"",""facing"":""W"",""logical_PSE_role"":""upper"",""parent_endpoint"":""I6"",""physical_PSE_role"":""lower"",""side"":""input"",""toward_parent_x"":true,""wire"":6,""xy"":[77.0,410.5]},{""access"":[381.0,314.5],""edge"":""output:waksman_8x8_s2_w2_6.drop->w6"",""endpoint"":""waksman_8x8_s2_w2_6.drop"",""facing"":""W"",""logical_PSE_role"":""lower"",""parent_endpoint"":""O6"",""physical_PSE_role"":""lower"",""side"":""output"",""toward_parent_x"":false,""wire"":6,""xy"":[413.0,314.5]},{""access"":[125.0,293.5],""edge"":""input:w5->waksman_8x8_s0_w4_5.add"",""endpoint"":""waksman_8x8_s0_w4_5.add"",""facing"":""E"",""logical_PSE_role"":""lower"",""parent_endpoint"":""I5"",""physical_PSE_role"":""upper"",""side"":""input"",""toward_parent_x"":false,""wire"":5,""xy"":[93.0,293.5]},{""access"":[717.0,293.5],""edge"":""output:waksman_8x8_s4_w4_5.drop->w5"",""endpoint"":""waksman_8x8_s4_w4_5.drop"",""facing"":""W"",""logical_PSE_role"":""lower"",""parent_endpoint"":""O5"",""physical_PSE_role"":""upper"",""side"":""output"",""toward_parent_x"":false,""wire"":5,""xy"":[749.0,293.5]},{""access"":[45.0,282.5],""edge"":""input:w4->waksman_8x8_s0_w4_5.in"",""endpoint"":""waksman_8x8_s0_w4_5.in"",""facing"":""W"",""logical_PSE_role"":""upper"",""parent_endpoint"":""I4"",""physical_PSE_role"":""lower"",""side"":""input"",""toward_parent_x"":true,""wire"":4,""xy"":[77.0,282.5]},{""access"":[797.0,282.5],""edge"":""output:waksman_8x8_s4_w4_5.th->w4"",""endpoint"":""waksman_8x8_s4_w4_5.th"",""facing"":""E"",""logical_PSE_role"":""upper"",""parent_endpoint"":""O4"",""physical_PSE_role"":""lower"",""side"":""output"",""toward_parent_x"":true,""wire"":4,""xy"":[765.0,282.5]},{""access"":[381.0,261.5],""edge"":""output:waksman_8x8_s2_w3_7.drop->w7"",""endpoint"":""waksman_8x8_s2_w3_7.drop"",""facing"":""W"",""logical_PSE_role"":""lower"",""parent_endpoint"":""O7"",""physical_PSE_role"":""upper"",""side"":""output"",""toward_parent_x"":false,""wire"":7,""xy"":[413.0,261.5]},{""access"":[125.0,165.5],""edge"":""input:w3->waksman_8x8_s0_w2_3.add"",""endpoint"":""waksman_8x8_s0_w2_3.add"",""facing"":""E"",""logical_PSE_role"":""lower"",""parent_endpoint"":""I3"",""physical_PSE_role"":""upper"",""side"":""input"",""toward_parent_x"":false,""wire"":3,""xy"":[93.0,165.5]},{""access"":[717.0,165.5],""edge"":""output:waksman_8x8_s4_w2_3.drop->w3"",""endpoint"":""waksman_8x8_s4_w2_3.drop"",""facing"":""W"",""logical_PSE_role"":""lower"",""parent_endpoint"":""O3"",""physical_PSE_role"":""upper"",""side"":""output"",""toward_parent_x"":false,""wire"":3,""xy"":[749.0,165.5]},{""access"":[45.0,154.5],""edge"":""input:w2->waksman_8x8_s0_w2_3.in"",""endpoint"":""waksman_8x8_s0_w2_3.in"",""facing"":""W"",""logical_PSE_role"":""upper"",""parent_endpoint"":""I2"",""physical_PSE_role"":""lower"",""side"":""input"",""toward_parent_x"":true,""wire"":2,""xy"":[77.0,154.5]},{""access"":[797.0,154.5],""edge"":""output:waksman_8x8_s4_w2_3.th->w2"",""endpoint"":""waksman_8x8_s4_w2_3.th"",""facing"":""E"",""logical_PSE_role"":""upper"",""parent_endpoint"":""O2"",""physical_PSE_role"":""lower"",""side"":""output"",""toward_parent_x"":true,""wire"":2,""xy"":[765.0,154.5]},{""access"":[125.0,37.5],""edge"":""input:w1->waksman_8x8_s0_w0_1.add"",""endpoint"":""waksman_8x8_s0_w0_1.add"",""facing"":""E"",""logical_PSE_role"":""lower"",""parent_endpoint"":""I1"",""physical_PSE_role"":""upper"",""side"":""input"",""toward_parent_x"":false,""wire"":1,""xy"":[93.0,37.5]},{""access"":[717.0,37.5],""edge"":""output:waksman_8x8_s4_w0_1.drop->w1"",""endpoint"":""waksman_8x8_s4_w0_1.drop"",""facing"":""W"",""logical_PSE_role"":""lower"",""parent_endpoint"":""O1"",""physical_PSE_role"":""upper"",""side"":""output"",""toward_parent_x"":false,""wire"":1,""xy"":[749.0,37.5]},{""access"":[45.0,26.5],""edge"":""input:w0->waksman_8x8_s0_w0_1.in"",""endpoint"":""waksman_8x8_s0_w0_1.in"",""facing"":""W"",""logical_PSE_role"":""upper"",""parent_endpoint"":""I0"",""physical_PSE_role"":""lower"",""side"":""input"",""toward_parent_x"":true,""wire"":0,""xy"":[77.0,26.5]},{""access"":[797.0,26.5],""edge"":""output:waksman_8x8_s4_w0_1.th->w0"",""endpoint"":""waksman_8x8_s4_w0_1.th"",""facing"":""E"",""logical_PSE_role"":""upper"",""parent_endpoint"":""O0"",""physical_PSE_role"":""lower"",""side"":""output"",""toward_parent_x"":true,""wire"":0,""xy"":[765.0,26.5]}]}",16,9,9,0.006151962155854562
root,8,"{""ordered_input_wires"":[0,1,2,3,4,5,6,7],""ordered_output_wires"":[0,1,2,3,4,5,6,7],""top_to_bottom"":[{""access"":[45.0,421.5],""edge"":""input:w0->waksman_8x8_s0_w0_1.in"",""endpoint"":""waksman_8x8_s0_w0_1.in"",""facing"":""W"",""logical_PSE_role"":""upper"",""parent_endpoint"":""I0"",""physical_PSE_role"":""upper"",""side"":""input"",""toward_parent_x"":true,""wire"":0,""xy"":[77.0,421.5]},{""access"":[797.0,421.5],""edge"":""output:waksman_8x8_s4_w0_1.th->w0"",""endpoint"":""waksman_8x8_s4_w0_1.th"",""facing"":""E"",""logical_PSE_role"":""upper"",""parent_endpoint"":""O0"",""physical_PSE_role"":""upper"",""side"":""output"",""toward_parent_x"":true,""wire"":0,""xy"":[765.0,421.5]},{""access"":[125.0,410.5],""edge"":""input:w1->waksman_8x8_s0_w0_1.add"",""endpoint"":""waksman_8x8_s0_w0_1.add"",""facing"":""E"",""logical_PSE_role"":""lower"",""parent_endpoint"":""I1"",""physical_PSE_role"":""lower"",""side"":""input"",""toward_parent_x"":false,""wire"":1,""xy"":[93.0,410.5]},{""access"":[717.0,410.5],""edge"":""output:waksman_8x8_s4_w0_1.drop->w1"",""endpoint"":""waksman_8x8_s4_w0_1.drop"",""facing"":""W"",""logical_PSE_role"":""lower"",""parent_endpoint"":""O1"",""physical_PSE_role"":""lower"",""side"":""output"",""toward_parent_x"":false,""wire"":1,""xy"":[749.0,410.5]},{""access"":[45.0,293.5],""edge"":""input:w2->waksman_8x8_s0_w2_3.in"",""endpoint"":""waksman_8x8_s0_w2_3.in"",""facing"":""W"",""logical_PSE_role"":""upper"",""parent_endpoint"":""I2"",""physical_PSE_role"":""upper"",""side"":""input"",""toward_parent_x"":true,""wire"":2,""xy"":[77.0,293.5]},{""access"":[797.0,293.5],""edge"":""output:waksman_8x8_s4_w2_3.th->w2"",""endpoint"":""waksman_8x8_s4_w2_3.th"",""facing"":""E"",""logical_PSE_role"":""upper"",""parent_endpoint"":""O2"",""physical_PSE_role"":""upper"",""side"":""output"",""toward_parent_x"":true,""wire"":2,""xy"":[765.0,293.5]},{""access"":[125.0,282.5],""edge"":""input:w3->waksman_8x8_s0_w2_3.add"",""endpoint"":""waksman_8x8_s0_w2_3.add"",""facing"":""E"",""logical_PSE_role"":""lower"",""parent_endpoint"":""I3"",""physical_PSE_role"":""lower"",""side"":""input"",""toward_parent_x"":false,""wire"":3,""xy"":[93.0,282.5]},{""access"":[717.0,282.5],""edge"":""output:waksman_8x8_s4_w2_3.drop->w3"",""endpoint"":""waksman_8x8_s4_w2_3.drop"",""facing"":""W"",""logical_PSE_role"":""lower"",""parent_endpoint"":""O3"",""physical_PSE_role"":""lower"",""side"":""output"",""toward_parent_x"":false,""wire"":3,""xy"":[749.0,282.5]},{""access"":[381.0,250.5],""edge"":""output:waksman_8x8_s2_w3_7.drop->w7"",""endpoint"":""waksman_8x8_s2_w3_7.drop"",""facing"":""W"",""logical_PSE_role"":""lower"",""parent_endpoint"":""O7"",""physical_PSE_role"":""lower"",""side"":""output"",""toward_parent_x"":false,""wire"":7,""xy"":[413.0,250.5]},{""access"":[381.0,197.5],""edge"":""output:waksman_8x8_s2_w2_6.drop->w6"",""endpoint"":""waksman_8x8_s2_w2_6.drop"",""facing"":""W"",""logical_PSE_role"":""lower"",""parent_endpoint"":""O6"",""physical_PSE_role"":""upper"",""side"":""output"",""toward_parent_x"":false,""wire"":6,""xy"":[413.0,197.5]},{""access"":[45.0,165.5],""edge"":""input:w4->waksman_8x8_s0_w4_5.in"",""endpoint"":""waksman_8x8_s0_w4_5.in"",""facing"":""W"",""logical_PSE_role"":""upper"",""parent_endpoint"":""I4"",""physical_PSE_role"":""upper"",""side"":""input"",""toward_parent_x"":true,""wire"":4,""xy"":[77.0,165.5]},{""access"":[797.0,165.5],""edge"":""output:waksman_8x8_s4_w4_5.th->w4"",""endpoint"":""waksman_8x8_s4_w4_5.th"",""facing"":""E"",""logical_PSE_role"":""upper"",""parent_endpoint"":""O4"",""physical_PSE_role"":""upper"",""side"":""output"",""toward_parent_x"":true,""wire"":4,""xy"":[765.0,165.5]},{""access"":[125.0,154.5],""edge"":""input:w5->waksman_8x8_s0_w4_5.add"",""endpoint"":""waksman_8x8_s0_w4_5.add"",""facing"":""E"",""logical_PSE_role"":""lower"",""parent_endpoint"":""I5"",""physical_PSE_role"":""lower"",""side"":""input"",""toward_parent_x"":false,""wire"":5,""xy"":[93.0,154.5]},{""access"":[717.0,154.5],""edge"":""output:waksman_8x8_s4_w4_5.drop->w5"",""endpoint"":""waksman_8x8_s4_w4_5.drop"",""facing"":""W"",""logical_PSE_role"":""lower"",""parent_endpoint"":""O5"",""physical_PSE_role"":""lower"",""side"":""output"",""toward_parent_x"":false,""wire"":5,""xy"":[749.0,154.5]},{""access"":[45.0,37.5],""edge"":""input:w6->waksman_8x8_s0_w6_7.in"",""endpoint"":""waksman_8x8_s0_w6_7.in"",""facing"":""W"",""logical_PSE_role"":""upper"",""parent_endpoint"":""I6"",""physical_PSE_role"":""upper"",""side"":""input"",""toward_parent_x"":true,""wire"":6,""xy"":[77.0,37.5]},{""access"":[125.0,26.5],""edge"":""input:w7->waksman_8x8_s0_w6_7.add"",""endpoint"":""waksman_8x8_s0_w6_7.add"",""facing"":""E"",""logical_PSE_role"":""lower"",""parent_endpoint"":""I7"",""physical_PSE_role"":""lower"",""side"":""input"",""toward_parent_x"":false,""wire"":7,""xy"":[93.0,26.5]}]}",16,9,9,0.006153949030704098
root,8,"{""ordered_input_wires"":[0,1,2,3,4,5,6,7],""ordered_output_wires"":[0,1,2,3,4,5,6,7],""top_to_bottom"":[{""access"":[45.0,421.5],""edge"":""input:w0->waksman_8x8_s0_w0_1.in"",""endpoint"":""waksman_8x8_s0_w0_1.in"",""facing"":""W"",""logical_PSE_role"":""upper"",""parent_endpoint"":""I0"",""physical_PSE_role"":""upper"",""side"":""input"",""toward_parent_x"":true,""wire"":0,""xy"":[77.0,421.5]},{""access"":[797.0,421.5],""edge"":""output:waksman_8x8_s4_w0_1.th->w0"",""endpoint"":""waksman_8x8_s4_w0_1.th"",""facing"":""E"",""logical_PSE_role"":""upper"",""parent_endpoint"":""O0"",""physical_PSE_role"":""upper"",""side"":""output"",""toward_parent_x"":true,""wire"":0,""xy"":[765.0,421.5]},{""access"":[125.0,410.5],""edge"":""input:w1->waksman_8x8_s0_w0_1.add"",""endpoint"":""waksman_8x8_s0_w0_1.add"",""facing"":""E"",""logical_PSE_role"":""lower"",""parent_endpoint"":""I1"",""physical_PSE_role"":""lower"",""side"":""input"",""toward_parent_x"":false,""wire"":1,""xy"":[93.0,410.5]},{""access"":[717.0,410.5],""edge"":""output:waksman_8x8_s4_w0_1.drop->w1"",""endpoint"":""waksman_8x8_s4_w0_1.drop"",""facing"":""W"",""logical_PSE_role"":""lower"",""parent_endpoint"":""O1"",""physical_PSE_role"":""lower"",""side"":""output"",""toward_parent_x"":false,""wire"":1,""xy"":[749.0,410.5]},{""access"":[381.0,314.5],""edge"":""output:waksman_8x8_s2_w3_7.drop->w7"",""endpoint"":""waksman_8x8_s2_w3_7.drop"",""facing"":""W"",""logical_PSE_role"":""lower"",""parent_endpoint"":""O7"",""physical_PSE_role"":""lower"",""side"":""output"",""toward_parent_x"":false,""wire"":7,""xy"":[413.0,314.5]},{""access"":[45.0,293.5],""edge"":""input:w2->waksman_8x8_s0_w2_3.in"",""endpoint"":""waksman_8x8_s0_w2_3.in"",""facing"":""W"",""logical_PSE_role"":""upper"",""parent_endpoint"":""I2"",""physical_PSE_role"":""upper"",""side"":""input"",""toward_parent_x"":true,""wire"":2,""xy"":[77.0,293.5]},{""access"":[797.0,293.5],""edge"":""output:waksman_8x8_s4_w2_3.th->w2"",""endpoint"":""waksman_8x8_s4_w2_3.th"",""facing"":""E"",""logical_PSE_role"":""upper"",""parent_endpoint"":""O2"",""physical_PSE_role"":""upper"",""side"":""output"",""toward_parent_x"":true,""wire"":2,""xy"":[765.0,293.5]},{""access"":[125.0,282.5],""edge"":""input:w3->waksman_8x8_s0_w2_3.add"",""endpoint"":""waksman_8x8_s0_w2_3.add"",""facing"":""E"",""logical_PSE_role"":""lower"",""parent_endpoint"":""I3"",""physical_PSE_role"":""lower"",""side"":""input"",""toward_parent_x"":false,""wire"":3,""xy"":[93.0,282.5]},{""access"":[717.0,282.5],""edge"":""output:waksman_8x8_s4_w2_3.drop->w3"",""endpoint"":""waksman_8x8_s4_w2_3.drop"",""facing"":""W"",""logical_PSE_role"":""lower"",""parent_endpoint"":""O3"",""physical_PSE_role"":""lower"",""side"":""output"",""toward_parent_x"":false,""wire"":3,""xy"":[749.0,282.5]},{""access"":[45.0,165.5],""edge"":""input:w4->waksman_8x8_s0_w4_5.in"",""endpoint"":""waksman_8x8_s0_w4_5.in"",""facing"":""W"",""logical_PSE_role"":""upper"",""parent_endpoint"":""I4"",""physical_PSE_role"":""upper"",""side"":""input"",""toward_parent_x"":true,""wire"":4,""xy"":[77.0,165.5]},{""access"":[797.0,165.5],""edge"":""output:waksman_8x8_s4_w4_5.th->w4"",""endpoint"":""waksman_8x8_s4_w4_5.th"",""facing"":""E"",""logical_PSE_role"":""upper"",""parent_endpoint"":""O4"",""physical_PSE_role"":""upper"",""side"":""output"",""toward_parent_x"":true,""wire"":4,""xy"":[765.0,165.5]},{""access"":[125.0,154.5],""edge"":""input:w5->waksman_8x8_s0_w4_5.add"",""endpoint"":""waksman_8x8_s0_w4_5.add"",""facing"":""E"",""logical_PSE_role"":""lower"",""parent_endpoint"":""I5"",""physical_PSE_role"":""lower"",""side"":""input"",""toward_parent_x"":false,""wire"":5,""xy"":[93.0,154.5]},{""access"":[717.0,154.5],""edge"":""output:waksman_8x8_s4_w4_5.drop->w5"",""endpoint"":""waksman_8x8_s4_w4_5.drop"",""facing"":""W"",""logical_PSE_role"":""lower"",""parent_endpoint"":""O5"",""physical_PSE_role"":""lower"",""side"":""output"",""toward_parent_x"":false,""wire"":5,""xy"":[749.0,154.5]},{""access"":[381.0,133.5],""edge"":""output:waksman_8x8_s2_w2_6.drop->w6"",""endpoint"":""waksman_8x8_s2_w2_6.drop"",""facing"":""W"",""logical_PSE_role"":""lower"",""parent_endpoint"":""O6"",""physical_PSE_role"":""upper"",""side"":""output"",""toward_parent_x"":false,""wire"":6,""xy"":[413.0,133.5]},{""access"":[45.0,37.5],""edge"":""input:w6->waksman_8x8_s0_w6_7.in"",""endpoint"":""waksman_8x8_s0_w6_7.in"",""facing"":""W"",""logical_PSE_role"":""upper"",""parent_endpoint"":""I6"",""physical_PSE_role"":""upper"",""side"":""input"",""toward_parent_x"":true,""wire"":6,""xy"":[77.0,37.5]},{""access"":[125.0,26.5],""edge"":""input:w7->waksman_8x8_s0_w6_7.add"",""endpoint"":""waksman_8x8_s0_w6_7.add"",""facing"":""E"",""logical_PSE_role"":""lower"",""parent_endpoint"":""I7"",""physical_PSE_role"":""lower"",""side"":""input"",""toward_parent_x"":false,""wire"":7,""xy"":[93.0,26.5]}]}",16,9,9,0.006155922907055356
root,8,"{""ordered_input_wires"":[0,1,2,3,4,5,6,7],""ordered_output_wires"":[0,1,2,3,4,5,6,7],""top_to_bottom"":[{""access"":[125.0,421.5],""edge"":""input:w7->waksman_8x8_s0_w6_7.add"",""endpoint"":""waksman_8x8_s0_w6_7.add"",""facing"":""E"",""logical_PSE_role"":""lower"",""parent_endpoint"":""I7"",""physical_PSE_role"":""upper"",""side"":""input"",""toward_parent_x"":false,""wire"":7,""xy"":[93.0,421.5]},{""access"":[45.0,410.5],""edge"":""input:w6->waksman_8x8_s0_w6_7.in"",""endpoint"":""waksman_8x8_s0_w6_7.in"",""facing"":""W"",""logical_PSE_role"":""upper"",""parent_endpoint"":""I6"",""physical_PSE_role"":""lower"",""side"":""input"",""toward_parent_x"":true,""wire"":6,""xy"":[77.0,410.5]},{""access"":[125.0,293.5],""edge"":""input:w5->waksman_8x8_s0_w4_5.add"",""endpoint"":""waksman_8x8_s0_w4_5.add"",""facing"":""E"",""logical_PSE_role"":""lower"",""parent_endpoint"":""I5"",""physical_PSE_role"":""upper"",""side"":""input"",""toward_parent_x"":false,""wire"":5,""xy"":[93.0,293.5]},{""access"":[717.0,293.5],""edge"":""output:waksman_8x8_s4_w4_5.drop->w5"",""endpoint"":""waksman_8x8_s4_w4_5.drop"",""facing"":""W"",""logical_PSE_role"":""lower"",""parent_endpoint"":""O5"",""physical_PSE_role"":""upper"",""side"":""output"",""toward_parent_x"":false,""wire"":5,""xy"":[749.0,293.5]},{""access"":[45.0,282.5],""edge"":""input:w4->waksman_8x8_s0_w4_5.in"",""endpoint"":""waksman_8x8_s0_w4_5.in"",""facing"":""W"",""logical_PSE_role"":""upper"",""parent_endpoint"":""I4"",""physical_PSE_role"":""lower"",""side"":""input"",""toward_parent_x"":true,""wire"":4,""xy"":[77.0,282.5]},{""access"":[797.0,282.5],""edge"":""output:waksman_8x8_s4_w4_5.th->w4"",""endpoint"":""waksman_8x8_s4_w4_5.th"",""facing"":""E"",""logical_PSE_role"":""upper"",""parent_endpoint"":""O4"",""physical_PSE_role"":""lower"",""side"":""output"",""toward_parent_x"":true,""wire"":4,""xy"":[765.0,282.5]},{""access"":[381.0,250.5],""edge"":""output:waksman_8x8_s2_w2_6.drop->w6"",""endpoint"":""waksman_8x8_s2_w2_6.drop"",""facing"":""W"",""logical_PSE_role"":""lower"",""parent_endpoint"":""O6"",""physical_PSE_role"":""lower"",""side"":""output"",""toward_parent_x"":false,""wire"":6,""xy"":[413.0,250.5]},{""access"":[381.0,197.5],""edge"":""output:waksman_8x8_s2_w3_7.drop->w7"",""endpoint"":""waksman_8x8_s2_w3_7.drop"",""facing"":""W"",""logical_PSE_role"":""lower"",""parent_endpoint"":""O7"",""physical_PSE_role"":""upper"",""side"":""output"",""toward_parent_x"":false,""wire"":7,""xy"":[413.0,197.5]},{""access"":[125.0,165.5],""edge"":""input:w3->waksman_8x8_s0_w2_3.add"",""endpoint"":""waksman_8x8_s0_w2_3.add"",""facing"":""E"",""logical_PSE_role"":""lower"",""parent_endpoint"":""I3"",""physical_PSE_role"":""upper"",""side"":""input"",""toward_parent_x"":false,""wire"":3,""xy"":[93.0,165.5]},{""access"":[717.0,165.5],""edge"":""output:waksman_8x8_s4_w2_3.drop->w3"",""endpoint"":""waksman_8x8_s4_w2_3.drop"",""facing"":""W"",""logical_PSE_role"":""lower"",""parent_endpoint"":""O3"",""physical_PSE_role"":""upper"",""side"":""output"",""toward_parent_x"":false,""wire"":3,""xy"":[749.0,165.5]},{""access"":[45.0,154.5],""edge"":""input:w2->waksman_8x8_s0_w2_3.in"",""endpoint"":""waksman_8x8_s0_w2_3.in"",""facing"":""W"",""logical_PSE_role"":""upper"",""parent_endpoint"":""I2"",""physical_PSE_role"":""lower"",""side"":""input"",""toward_parent_x"":true,""wire"":2,""xy"":[77.0,154.5]},{""access"":[797.0,154.5],""edge"":""output:waksman_8x8_s4_w2_3.th->w2"",""endpoint"":""waksman_8x8_s4_w2_3.th"",""facing"":""E"",""logical_PSE_role"":""upper"",""parent_endpoint"":""O2"",""physical_PSE_role"":""lower"",""side"":""output"",""toward_parent_x"":true,""wire"":2,""xy"":[765.0,154.5]},{""access"":[125.0,37.5],""edge"":""input:w1->waksman_8x8_s0_w0_1.add"",""endpoint"":""waksman_8x8_s0_w0_1.add"",""facing"":""E"",""logical_PSE_role"":""lower"",""parent_endpoint"":""I1"",""physical_PSE_role"":""upper"",""side"":""input"",""toward_parent_x"":false,""wire"":1,""xy"":[93.0,37.5]},{""access"":[717.0,37.5],""edge"":""output:waksman_8x8_s4_w0_1.drop->w1"",""endpoint"":""waksman_8x8_s4_w0_1.drop"",""facing"":""W"",""logical_PSE_role"":""lower"",""parent_endpoint"":""O1"",""physical_PSE_role"":""upper"",""side"":""output"",""toward_parent_x"":false,""wire"":1,""xy"":[749.0,37.5]},{""access"":[45.0,26.5],""edge"":""input:w0->waksman_8x8_s0_w0_1.in"",""endpoint"":""waksman_8x8_s0_w0_1.in"",""facing"":""W"",""logical_PSE_role"":""upper"",""parent_endpoint"":""I0"",""physical_PSE_role"":""lower"",""side"":""input"",""toward_parent_x"":true,""wire"":0,""xy"":[77.0,26.5]},{""access"":[797.0,26.5],""edge"":""output:waksman_8x8_s4_w0_1.th->w0"",""endpoint"":""waksman_8x8_s4_w0_1.th"",""facing"":""E"",""logical_PSE_role"":""upper"",""parent_endpoint"":""O0"",""physical_PSE_role"":""lower"",""side"":""output"",""toward_parent_x"":true,""wire"":0,""xy"":[765.0,26.5]}]}",16,9,9,0.006157898344099522
root,8,"{""ordered_input_wires"":[0,1,2,3,4,5,6,7],""ordered_output_wires"":[0,1,2,3,4,5,6,7],""top_to_bottom"":[{""access"":[125.0,421.5],""edge"":""input:w7->waksman_8x8_s0_w6_7.add"",""endpoint"":""waksman_8x8_s0_w6_7.add"",""facing"":""E"",""logical_PSE_role"":""lower"",""parent_endpoint"":""I7"",""physical_PSE_role"":""upper"",""side"":""input"",""toward_parent_x"":false,""wire"":7,""xy"":[93.0,421.5]},{""access"":[45.0,410.5],""edge"":""input:w6->waksman_8x8_s0_w6_7.in"",""endpoint"":""waksman_8x8_s0_w6_7.in"",""facing"":""W"",""logical_PSE_role"":""upper"",""parent_endpoint"":""I6"",""physical_PSE_role"":""lower"",""side"":""input"",""toward_parent_x"":true,""wire"":6,""xy"":[77.0,410.5]},{""access"":[381.0,314.5],""edge"":""output:waksman_8x8_s2_w2_6.drop->w6"",""endpoint"":""waksman_8x8_s2_w2_6.drop"",""facing"":""W"",""logical_PSE_role"":""lower"",""parent_endpoint"":""O6"",""physical_PSE_role"":""lower"",""side"":""output"",""toward_parent_x"":false,""wire"":6,""xy"":[413.0,314.5]},{""access"":[125.0,293.5],""edge"":""input:w5->waksman_8x8_s0_w4_5.add"",""endpoint"":""waksman_8x8_s0_w4_5.add"",""facing"":""E"",""logical_PSE_role"":""lower"",""parent_endpoint"":""I5"",""physical_PSE_role"":""upper"",""side"":""input"",""toward_parent_x"":false,""wire"":5,""xy"":[93.0,293.5]},{""access"":[717.0,293.5],""edge"":""output:waksman_8x8_s4_w4_5.drop->w5"",""endpoint"":""waksman_8x8_s4_w4_5.drop"",""facing"":""W"",""logical_PSE_role"":""lower"",""parent_endpoint"":""O5"",""physical_PSE_role"":""upper"",""side"":""output"",""toward_parent_x"":false,""wire"":5,""xy"":[749.0,293.5]},{""access"":[45.0,282.5],""edge"":""input:w4->waksman_8x8_s0_w4_5.in"",""endpoint"":""waksman_8x8_s0_w4_5.in"",""facing"":""W"",""logical_PSE_role"":""upper"",""parent_endpoint"":""I4"",""physical_PSE_role"":""lower"",""side"":""input"",""toward_parent_x"":true,""wire"":4,""xy"":[77.0,282.5]},{""access"":[797.0,282.5],""edge"":""output:waksman_8x8_s4_w4_5.th->w4"",""endpoint"":""waksman_8x8_s4_w4_5.th"",""facing"":""E"",""logical_PSE_role"":""upper"",""parent_endpoint"":""O4"",""physical_PSE_role"":""lower"",""side"":""output"",""toward_parent_x"":true,""wire"":4,""xy"":[765.0,282.5]},{""access"":[125.0,165.5],""edge"":""input:w3->waksman_8x8_s0_w2_3.add"",""endpoint"":""waksman_8x8_s0_w2_3.add"",""facing"":""E"",""logical_PSE_role"":""lower"",""parent_endpoint"":""I3"",""physical_PSE_role"":""upper"",""side"":""input"",""toward_parent_x"":false,""wire"":3,""xy"":[93.0,165.5]},{""access"":[717.0,165.5],""edge"":""output:waksman_8x8_s4_w2_3.drop->w3"",""endpoint"":""waksman_8x8_s4_w2_3.drop"",""facing"":""W"",""logical_PSE_role"":""lower"",""parent_endpoint"":""O3"",""physical_PSE_role"":""upper"",""side"":""output"",""toward_parent_x"":false,""wire"":3,""xy"":[749.0,165.5]},{""access"":[45.0,154.5],""edge"":""input:w2->waksman_8x8_s0_w2_3.in"",""endpoint"":""waksman_8x8_s0_w2_3.in"",""facing"":""W"",""logical_PSE_role"":""upper"",""parent_endpoint"":""I2"",""physical_PSE_role"":""lower"",""side"":""input"",""toward_parent_x"":true,""wire"":2,""xy"":[77.0,154.5]},{""access"":[797.0,154.5],""edge"":""output:waksman_8x8_s4_w2_3.th->w2"",""endpoint"":""waksman_8x8_s4_w2_3.th"",""facing"":""E"",""logical_PSE_role"":""upper"",""parent_endpoint"":""O2"",""physical_PSE_role"":""lower"",""side"":""output"",""toward_parent_x"":true,""wire"":2,""xy"":[765.0,154.5]},{""access"":[381.0,133.5],""edge"":""output:waksman_8x8_s2_w3_7.drop->w7"",""endpoint"":""waksman_8x8_s2_w3_7.drop"",""facing"":""W"",""logical_PSE_role"":""lower"",""parent_endpoint"":""O7"",""physical_PSE_role"":""upper"",""side"":""output"",""toward_parent_x"":false,""wire"":7,""xy"":[413.0,133.5]},{""access"":[125.0,37.5],""edge"":""input:w1->waksman_8x8_s0_w0_1.add"",""endpoint"":""waksman_8x8_s0_w0_1.add"",""facing"":""E"",""logical_PSE_role"":""lower"",""parent_endpoint"":""I1"",""physical_PSE_role"":""upper"",""side"":""input"",""toward_parent_x"":false,""wire"":1,""xy"":[93.0,37.5]},{""access"":[717.0,37.5],""edge"":""output:waksman_8x8_s4_w0_1.drop->w1"",""endpoint"":""waksman_8x8_s4_w0_1.drop"",""facing"":""W"",""logical_PSE_role"":""lower"",""parent_endpoint"":""O1"",""physical_PSE_role"":""upper"",""side"":""output"",""toward_parent_x"":false,""wire"":1,""xy"":[749.0,37.5]},{""access"":[45.0,26.5],""edge"":""input:w0->waksman_8x8_s0_w0_1.in"",""endpoint"":""waksman_8x8_s0_w0_1.in"",""facing"":""W"",""logical_PSE_role"":""upper"",""parent_endpoint"":""I0"",""physical_PSE_role"":""lower"",""side"":""input"",""toward_parent_x"":true,""wire"":0,""xy"":[77.0,26.5]},{""access"":[797.0,26.5],""edge"":""output:waksman_8x8_s4_w0_1.th->w0"",""endpoint"":""waksman_8x8_s4_w0_1.th"",""facing"":""E"",""logical_PSE_role"":""upper"",""parent_endpoint"":""O0"",""physical_PSE_role"":""lower"",""side"":""output"",""toward_parent_x"":true,""wire"":0,""xy"":[765.0,26.5]}]}",16,9,9,0.006159856890008086
root,8,"{""ordered_input_wires"":[0,1,2,3,4,5,6,7],""ordered_output_wires"":[0,1,2,3,4,5,6,7],""top_to_bottom"":[{""access"":[45.0,421.5],""edge"":""input:w0->waksman_8x8_s0_w0_1.in"",""endpoint"":""waksman_8x8_s0_w0_1.in"",""facing"":""W"",""logical_PSE_role"":""upper"",""parent_endpoint"":""I0"",""physical_PSE_role"":""upper"",""side"":""input"",""toward_parent_x"":true,""wire"":0,""xy"":[77.0,421.5]},{""access"":[797.0,421.5],""edge"":""output:waksman_8x8_s4_w0_1.th->w0"",""endpoint"":""waksman_8x8_s4_w0_1.th"",""facing"":""E"",""logical_PSE_role"":""upper"",""parent_endpoint"":""O0"",""physical_PSE_role"":""upper"",""side"":""output"",""toward_parent_x"":true,""wire"":0,""xy"":[765.0,421.5]},{""access"":[125.0,410.5],""edge"":""input:w1->waksman_8x8_s0_w0_1.add"",""endpoint"":""waksman_8x8_s0_w0_1.add"",""facing"":""E"",""logical_PSE_role"":""lower"",""parent_endpoint"":""I1"",""physical_PSE_role"":""lower"",""side"":""input"",""toward_parent_x"":false,""wire"":1,""xy"":[93.0,410.5]},{""access"":[717.0,410.5],""edge"":""output:waksman_8x8_s4_w0_1.drop->w1"",""endpoint"":""waksman_8x8_s4_w0_1.drop"",""facing"":""W"",""logical_PSE_role"":""lower"",""parent_endpoint"":""O1"",""physical_PSE_role"":""lower"",""side"":""output"",""toward_parent_x"":false,""wire"":1,""xy"":[749.0,410.5]},{""access"":[45.0,293.5],""edge"":""input:w2->waksman_8x8_s0_w2_3.in"",""endpoint"":""waksman_8x8_s0_w2_3.in"",""facing"":""W"",""logical_PSE_role"":""upper"",""parent_endpoint"":""I2"",""physical_PSE_role"":""upper"",""side"":""input"",""toward_parent_x"":true,""wire"":2,""xy"":[77.0,293.5]},{""access"":[797.0,293.5],""edge"":""output:waksman_8x8_s4_w2_3.th->w2"",""endpoint"":""waksman_8x8_s4_w2_3.th"",""facing"":""E"",""logical_PSE_role"":""upper"",""parent_endpoint"":""O2"",""physical_PSE_role"":""upper"",""side"":""output"",""toward_parent_x"":true,""wire"":2,""xy"":[765.0,293.5]},{""access"":[125.0,282.5],""edge"":""input:w3->waksman_8x8_s0_w2_3.add"",""endpoint"":""waksman_8x8_s0_w2_3.add"",""facing"":""E"",""logical_PSE_role"":""lower"",""parent_endpoint"":""I3"",""physical_PSE_role"":""lower"",""side"":""input"",""toward_parent_x"":false,""wire"":3,""xy"":[93.0,282.5]},{""access"":[717.0,282.5],""edge"":""output:waksman_8x8_s4_w2_3.drop->w3"",""endpoint"":""waksman_8x8_s4_w2_3.drop"",""facing"":""W"",""logical_PSE_role"":""lower"",""parent_endpoint"":""O3"",""physical_PSE_role"":""lower"",""side"":""output"",""toward_parent_x"":false,""wire"":3,""xy"":[749.0,282.5]},{""access"":[381.0,261.5],""edge"":""output:waksman_8x8_s2_w3_7.drop->w7"",""endpoint"":""waksman_8x8_s2_w3_7.drop"",""facing"":""W"",""logical_PSE_role"":""lower"",""parent_endpoint"":""O7"",""physical_PSE_role"":""upper"",""side"":""output"",""toward_parent_x"":false,""wire"":7,""xy"":[413.0,261.5]},{""access"":[381.0,197.5],""edge"":""output:waksman_8x8_s2_w2_6.drop->w6"",""endpoint"":""waksman_8x8_s2_w2_6.drop"",""facing"":""W"",""logical_PSE_role"":""lower"",""parent_endpoint"":""O6"",""physical_PSE_role"":""upper"",""side"":""output"",""toward_parent_x"":false,""wire"":6,""xy"":[413.0,197.5]},{""access"":[45.0,165.5],""edge"":""input:w4->waksman_8x8_s0_w4_5.in"",""endpoint"":""waksman_8x8_s0_w4_5.in"",""facing"":""W"",""logical_PSE_role"":""upper"",""parent_endpoint"":""I4"",""physical_PSE_role"":""upper"",""side"":""input"",""toward_parent_x"":true,""wire"":4,""xy"":[77.0,165.5]},{""access"":[797.0,165.5],""edge"":""output:waksman_8x8_s4_w4_5.th->w4"",""endpoint"":""waksman_8x8_s4_w4_5.th"",""facing"":""E"",""logical_PSE_role"":""upper"",""parent_endpoint"":""O4"",""physical_PSE_role"":""upper"",""side"":""output"",""toward_parent_x"":true,""wire"":4,""xy"":[765.0,165.5]},{""access"":[125.0,154.5],""edge"":""input:w5->waksman_8x8_s0_w4_5.add"",""endpoint"":""waksman_8x8_s0_w4_5.add"",""facing"":""E"",""logical_PSE_role"":""lower"",""parent_endpoint"":""I5"",""physical_PSE_role"":""lower"",""side"":""input"",""toward_parent_x"":false,""wire"":5,""xy"":[93.0,154.5]},{""access"":[717.0,154.5],""edge"":""output:waksman_8x8_s4_w4_5.drop->w5"",""endpoint"":""waksman_8x8_s4_w4_5.drop"",""facing"":""W"",""logical_PSE_role"":""lower"",""parent_endpoint"":""O5"",""physical_PSE_role"":""lower"",""side"":""output"",""toward_parent_x"":false,""wire"":5,""xy"":[749.0,154.5]},{""access"":[45.0,37.5],""edge"":""input:w6->waksman_8x8_s0_w6_7.in"",""endpoint"":""waksman_8x8_s0_w6_7.in"",""facing"":""W"",""logical_PSE_role"":""upper"",""parent_endpoint"":""I6"",""physical_PSE_role"":""upper"",""side"":""input"",""toward_parent_x"":true,""wire"":6,""xy"":[77.0,37.5]},{""access"":[125.0,26.5],""edge"":""input:w7->waksman_8x8_s0_w6_7.add"",""endpoint"":""waksman_8x8_s0_w6_7.add"",""facing"":""E"",""logical_PSE_role"":""lower"",""parent_endpoint"":""I7"",""physical_PSE_role"":""lower"",""side"":""input"",""toward_parent_x"":false,""wire"":7,""xy"":[93.0,26.5]}]}",16,9,9,0.006161915593111189
root,8,"{""ordered_input_wires"":[0,1,2,3,4,5,6,7],""ordered_output_wires"":[0,1,2,3,4,5,6,7],""top_to_bottom"":[{""access"":[45.0,421.5],""edge"":""input:w0->waksman_8x8_s0_w0_1.in"",""endpoint"":""waksman_8x8_s0_w0_1.in"",""facing"":""W"",""logical_PSE_role"":""upper"",""parent_endpoint"":""I0"",""physical_PSE_role"":""upper"",""side"":""input"",""toward_parent_x"":true,""wire"":0,""xy"":[77.0,421.5]},{""access"":[797.0,421.5],""edge"":""output:waksman_8x8_s4_w0_1.th->w0"",""endpoint"":""waksman_8x8_s4_w0_1.th"",""facing"":""E"",""logical_PSE_role"":""upper"",""parent_endpoint"":""O0"",""physical_PSE_role"":""upper"",""side"":""output"",""toward_parent_x"":true,""wire"":0,""xy"":[765.0,421.5]},{""access"":[125.0,410.5],""edge"":""input:w1->waksman_8x8_s0_w0_1.add"",""endpoint"":""waksman_8x8_s0_w0_1.add"",""facing"":""E"",""logical_PSE_role"":""lower"",""parent_endpoint"":""I1"",""physical_PSE_role"":""lower"",""side"":""input"",""toward_parent_x"":false,""wire"":1,""xy"":[93.0,410.5]},{""access"":[717.0,410.5],""edge"":""output:waksman_8x8_s4_w0_1.drop->w1"",""endpoint"":""waksman_8x8_s4_w0_1.drop"",""facing"":""W"",""logical_PSE_role"":""lower"",""parent_endpoint"":""O1"",""physical_PSE_role"":""lower"",""side"":""output"",""toward_parent_x"":false,""wire"":1,""xy"":[749.0,410.5]},{""access"":[381.0,325.5],""edge"":""output:waksman_8x8_s2_w3_7.drop->w7"",""endpoint"":""waksman_8x8_s2_w3_7.drop"",""facing"":""W"",""logical_PSE_role"":""lower"",""parent_endpoint"":""O7"",""physical_PSE_role"":""upper"",""side"":""output"",""toward_parent_x"":false,""wire"":7,""xy"":[413.0,325.5]},{""access"":[45.0,293.5],""edge"":""input:w2->waksman_8x8_s0_w2_3.in"",""endpoint"":""waksman_8x8_s0_w2_3.in"",""facing"":""W"",""logical_PSE_role"":""upper"",""parent_endpoint"":""I2"",""physical_PSE_role"":""upper"",""side"":""input"",""toward_parent_x"":true,""wire"":2,""xy"":[77.0,293.5]},{""access"":[797.0,293.5],""edge"":""output:waksman_8x8_s4_w2_3.th->w2"",""endpoint"":""waksman_8x8_s4_w2_3.th"",""facing"":""E"",""logical_PSE_role"":""upper"",""parent_endpoint"":""O2"",""physical_PSE_role"":""upper"",""side"":""output"",""toward_parent_x"":true,""wire"":2,""xy"":[765.0,293.5]},{""access"":[125.0,282.5],""edge"":""input:w3->waksman_8x8_s0_w2_3.add"",""endpoint"":""waksman_8x8_s0_w2_3.add"",""facing"":""E"",""logical_PSE_role"":""lower"",""parent_endpoint"":""I3"",""physical_PSE_role"":""lower"",""side"":""input"",""toward_parent_x"":false,""wire"":3,""xy"":[93.0,282.5]},{""access"":[717.0,282.5],""edge"":""output:waksman_8x8_s4_w2_3.drop->w3"",""endpoint"":""waksman_8x8_s4_w2_3.drop"",""facing"":""W"",""logical_PSE_role"":""lower"",""parent_endpoint"":""O3"",""physical_PSE_role"":""lower"",""side"":""output"",""toward_parent_x"":false,""wire"":3,""xy"":[749.0,282.5]},{""access"":[45.0,165.5],""edge"":""input:w4->waksman_8x8_s0_w4_5.in"",""endpoint"":""waksman_8x8_s0_w4_5.in"",""facing"":""W"",""logical_PSE_role"":""upper"",""parent_endpoint"":""I4"",""physical_PSE_role"":""upper"",""side"":""input"",""toward_parent_x"":true,""wire"":4,""xy"":[77.0,165.5]},{""access"":[797.0,165.5],""edge"":""output:waksman_8x8_s4_w4_5.th->w4"",""endpoint"":""waksman_8x8_s4_w4_5.th"",""facing"":""E"",""logical_PSE_role"":""upper"",""parent_endpoint"":""O4"",""physical_PSE_role"":""upper"",""side"":""output"",""toward_parent_x"":true,""wire"":4,""xy"":[765.0,165.5]},{""access"":[125.0,154.5],""edge"":""input:w5->waksman_8x8_s0_w4_5.add"",""endpoint"":""waksman_8x8_s0_w4_5.add"",""facing"":""E"",""logical_PSE_role"":""lower"",""parent_endpoint"":""I5"",""physical_PSE_role"":""lower"",""side"":""input"",""toward_parent_x"":false,""wire"":5,""xy"":[93.0,154.5]},{""access"":[717.0,154.5],""edge"":""output:waksman_8x8_s4_w4_5.drop->w5"",""endpoint"":""waksman_8x8_s4_w4_5.drop"",""facing"":""W"",""logical_PSE_role"":""lower"",""parent_endpoint"":""O5"",""physical_PSE_role"":""lower"",""side"":""output"",""toward_parent_x"":false,""wire"":5,""xy"":[749.0,154.5]},{""access"":[381.0,133.5],""edge"":""output:waksman_8x8_s2_w2_6.drop->w6"",""endpoint"":""waksman_8x8_s2_w2_6.drop"",""facing"":""W"",""logical_PSE_role"":""lower"",""parent_endpoint"":""O6"",""physical_PSE_role"":""upper"",""side"":""output"",""toward_parent_x"":false,""wire"":6,""xy"":[413.0,133.5]},{""access"":[45.0,37.5],""edge"":""input:w6->waksman_8x8_s0_w6_7.in"",""endpoint"":""waksman_8x8_s0_w6_7.in"",""facing"":""W"",""logical_PSE_role"":""upper"",""parent_endpoint"":""I6"",""physical_PSE_role"":""upper"",""side"":""input"",""toward_parent_x"":true,""wire"":6,""xy"":[77.0,37.5]},{""access"":[125.0,26.5],""edge"":""input:w7->waksman_8x8_s0_w6_7.add"",""endpoint"":""waksman_8x8_s0_w6_7.add"",""facing"":""E"",""logical_PSE_role"":""lower"",""parent_endpoint"":""I7"",""physical_PSE_role"":""lower"",""side"":""input"",""toward_parent_x"":false,""wire"":7,""xy"":[93.0,26.5]}]}",16,9,9,0.006163900736282812
root,8,"{""ordered_input_wires"":[0,1,2,3,4,5,6,7],""ordered_output_wires"":[0,1,2,3,4,5,6,7],""top_to_bottom"":[{""access"":[125.0,421.5],""edge"":""input:w7->waksman_8x8_s0_w6_7.add"",""endpoint"":""waksman_8x8_s0_w6_7.add"",""facing"":""E"",""logical_PSE_role"":""lower"",""parent_endpoint"":""I7"",""physical_PSE_role"":""upper"",""side"":""input"",""toward_parent_x"":false,""wire"":7,""xy"":[93.0,421.5]},{""access"":[45.0,410.5],""edge"":""input:w6->waksman_8x8_s0_w6_7.in"",""endpoint"":""waksman_8x8_s0_w6_7.in"",""facing"":""W"",""logical_PSE_role"":""upper"",""parent_endpoint"":""I6"",""physical_PSE_role"":""lower"",""side"":""input"",""toward_parent_x"":true,""wire"":6,""xy"":[77.0,410.5]},{""access"":[125.0,293.5],""edge"":""input:w5->waksman_8x8_s0_w4_5.add"",""endpoint"":""waksman_8x8_s0_w4_5.add"",""facing"":""E"",""logical_PSE_role"":""lower"",""parent_endpoint"":""I5"",""physical_PSE_role"":""upper"",""side"":""input"",""toward_parent_x"":false,""wire"":5,""xy"":[93.0,293.5]},{""access"":[717.0,293.5],""edge"":""output:waksman_8x8_s4_w4_5.drop->w5"",""endpoint"":""waksman_8x8_s4_w4_5.drop"",""facing"":""W"",""logical_PSE_role"":""lower"",""parent_endpoint"":""O5"",""physical_PSE_role"":""upper"",""side"":""output"",""toward_parent_x"":false,""wire"":5,""xy"":[749.0,293.5]},{""access"":[45.0,282.5],""edge"":""input:w4->waksman_8x8_s0_w4_5.in"",""endpoint"":""waksman_8x8_s0_w4_5.in"",""facing"":""W"",""logical_PSE_role"":""upper"",""parent_endpoint"":""I4"",""physical_PSE_role"":""lower"",""side"":""input"",""toward_parent_x"":true,""wire"":4,""xy"":[77.0,282.5]},{""access"":[797.0,282.5],""edge"":""output:waksman_8x8_s4_w4_5.th->w4"",""endpoint"":""waksman_8x8_s4_w4_5.th"",""facing"":""E"",""logical_PSE_role"":""upper"",""parent_endpoint"":""O4"",""physical_PSE_role"":""lower"",""side"":""output"",""toward_parent_x"":true,""wire"":4,""xy"":[765.0,282.5]},{""access"":[381.0,250.5],""edge"":""output:waksman_8x8_s2_w2_6.drop->w6"",""endpoint"":""waksman_8x8_s2_w2_6.drop"",""facing"":""W"",""logical_PSE_role"":""lower"",""parent_endpoint"":""O6"",""physical_PSE_role"":""lower"",""side"":""output"",""toward_parent_x"":false,""wire"":6,""xy"":[413.0,250.5]},{""access"":[381.0,186.5],""edge"":""output:waksman_8x8_s2_w3_7.drop->w7"",""endpoint"":""waksman_8x8_s2_w3_7.drop"",""facing"":""W"",""logical_PSE_role"":""lower"",""parent_endpoint"":""O7"",""physical_PSE_role"":""lower"",""side"":""output"",""toward_parent_x"":false,""wire"":7,""xy"":[413.0,186.5]},{""access"":[125.0,165.5],""edge"":""input:w3->waksman_8x8_s0_w2_3.add"",""endpoint"":""waksman_8x8_s0_w2_3.add"",""facing"":""E"",""logical_PSE_role"":""lower"",""parent_endpoint"":""I3"",""physical_PSE_role"":""upper"",""side"":""input"",""toward_parent_x"":false,""wire"":3,""xy"":[93.0,165.5]},{""access"":[717.0,165.5],""edge"":""output:waksman_8x8_s4_w2_3.drop->w3"",""endpoint"":""waksman_8x8_s4_w2_3.drop"",""facing"":""W"",""logical_PSE_role"":""lower"",""parent_endpoint"":""O3"",""physical_PSE_role"":""upper"",""side"":""output"",""toward_parent_x"":false,""wire"":3,""xy"":[749.0,165.5]},{""access"":[45.0,154.5],""edge"":""input:w2->waksman_8x8_s0_w2_3.in"",""endpoint"":""waksman_8x8_s0_w2_3.in"",""facing"":""W"",""logical_PSE_role"":""upper"",""parent_endpoint"":""I2"",""physical_PSE_role"":""lower"",""side"":""input"",""toward_parent_x"":true,""wire"":2,""xy"":[77.0,154.5]},{""access"":[797.0,154.5],""edge"":""output:waksman_8x8_s4_w2_3.th->w2"",""endpoint"":""waksman_8x8_s4_w2_3.th"",""facing"":""E"",""logical_PSE_role"":""upper"",""parent_endpoint"":""O2"",""physical_PSE_role"":""lower"",""side"":""output"",""toward_parent_x"":true,""wire"":2,""xy"":[765.0,154.5]},{""access"":[125.0,37.5],""edge"":""input:w1->waksman_8x8_s0_w0_1.add"",""endpoint"":""waksman_8x8_s0_w0_1.add"",""facing"":""E"",""logical_PSE_role"":""lower"",""parent_endpoint"":""I1"",""physical_PSE_role"":""upper"",""side"":""input"",""toward_parent_x"":false,""wire"":1,""xy"":[93.0,37.5]},{""access"":[717.0,37.5],""edge"":""output:waksman_8x8_s4_w0_1.drop->w1"",""endpoint"":""waksman_8x8_s4_w0_1.drop"",""facing"":""W"",""logical_PSE_role"":""lower"",""parent_endpoint"":""O1"",""physical_PSE_role"":""upper"",""side"":""output"",""toward_parent_x"":false,""wire"":1,""xy"":[749.0,37.5]},{""access"":[45.0,26.5],""edge"":""input:w0->waksman_8x8_s0_w0_1.in"",""endpoint"":""waksman_8x8_s0_w0_1.in"",""facing"":""W"",""logical_PSE_role"":""upper"",""parent_endpoint"":""I0"",""physical_PSE_role"":""lower"",""side"":""input"",""toward_parent_x"":true,""wire"":0,""xy"":[77.0,26.5]},{""access"":[797.0,26.5],""edge"":""output:waksman_8x8_s4_w0_1.th->w0"",""endpoint"":""waksman_8x8_s4_w0_1.th"",""facing"":""E"",""logical_PSE_role"":""upper"",""parent_endpoint"":""O0"",""physical_PSE_role"":""lower"",""side"":""output"",""toward_parent_x"":true,""wire"":0,""xy"":[765.0,26.5]}]}",16,9,9,0.0061658595950575545
root,8,"{""ordered_input_wires"":[0,1,2,3,4,5,6,7],""ordered_output_wires"":[0,1,2,3,4,5,6,7],""top_to_bottom"":[{""access"":[125.0,421.5],""edge"":""input:w7->waksman_8x8_s0_w6_7.add"",""endpoint"":""waksman_8x8_s0_w6_7.add"",""facing"":""E"",""logical_PSE_role"":""lower"",""parent_endpoint"":""I7"",""physical_PSE_role"":""upper"",""side"":""input"",""toward_parent_x"":false,""wire"":7,""xy"":[93.0,421.5]},{""access"":[45.0,410.5],""edge"":""input:w6->waksman_8x8_s0_w6_7.in"",""endpoint"":""waksman_8x8_s0_w6_7.in"",""facing"":""W"",""logical_PSE_role"":""upper"",""parent_endpoint"":""I6"",""physical_PSE_role"":""lower"",""side"":""input"",""toward_parent_x"":true,""wire"":6,""xy"":[77.0,410.5]},{""access"":[381.0,314.5],""edge"":""output:waksman_8x8_s2_w2_6.drop->w6"",""endpoint"":""waksman_8x8_s2_w2_6.drop"",""facing"":""W"",""logical_PSE_role"":""lower"",""parent_endpoint"":""O6"",""physical_PSE_role"":""lower"",""side"":""output"",""toward_parent_x"":false,""wire"":6,""xy"":[413.0,314.5]},{""access"":[125.0,293.5],""edge"":""input:w5->waksman_8x8_s0_w4_5.add"",""endpoint"":""waksman_8x8_s0_w4_5.add"",""facing"":""E"",""logical_PSE_role"":""lower"",""parent_endpoint"":""I5"",""physical_PSE_role"":""upper"",""side"":""input"",""toward_parent_x"":false,""wire"":5,""xy"":[93.0,293.5]},{""access"":[717.0,293.5],""edge"":""output:waksman_8x8_s4_w4_5.drop->w5"",""endpoint"":""waksman_8x8_s4_w4_5.drop"",""facing"":""W"",""logical_PSE_role"":""lower"",""parent_endpoint"":""O5"",""physical_PSE_role"":""upper"",""side"":""output"",""toward_parent_x"":false,""wire"":5,""xy"":[749.0,293.5]},{""access"":[45.0,282.5],""edge"":""input:w4->waksman_8x8_s0_w4_5.in"",""endpoint"":""waksman_8x8_s0_w4_5.in"",""facing"":""W"",""logical_PSE_role"":""upper"",""parent_endpoint"":""I4"",""physical_PSE_role"":""lower"",""side"":""input"",""toward_parent_x"":true,""wire"":4,""xy"":[77.0,282.5]},{""access"":[797.0,282.5],""edge"":""output:waksman_8x8_s4_w4_5.th->w4"",""endpoint"":""waksman_8x8_s4_w4_5.th"",""facing"":""E"",""logical_PSE_role"":""upper"",""parent_endpoint"":""O4"",""physical_PSE_role"":""lower"",""side"":""output"",""toward_parent_x"":true,""wire"":4,""xy"":[765.0,282.5]},{""access"":[125.0,165.5],""edge"":""input:w3->waksman_8x8_s0_w2_3.add"",""endpoint"":""waksman_8x8_s0_w2_3.add"",""facing"":""E"",""logical_PSE_role"":""lower"",""parent_endpoint"":""I3"",""physical_PSE_role"":""upper"",""side"":""input"",""toward_parent_x"":false,""wire"":3,""xy"":[93.0,165.5]},{""access"":[717.0,165.5],""edge"":""output:waksman_8x8_s4_w2_3.drop->w3"",""endpoint"":""waksman_8x8_s4_w2_3.drop"",""facing"":""W"",""logical_PSE_role"":""lower"",""parent_endpoint"":""O3"",""physical_PSE_role"":""upper"",""side"":""output"",""toward_parent_x"":false,""wire"":3,""xy"":[749.0,165.5]},{""access"":[45.0,154.5],""edge"":""input:w2->waksman_8x8_s0_w2_3.in"",""endpoint"":""waksman_8x8_s0_w2_3.in"",""facing"":""W"",""logical_PSE_role"":""upper"",""parent_endpoint"":""I2"",""physical_PSE_role"":""lower"",""side"":""input"",""toward_parent_x"":true,""wire"":2,""xy"":[77.0,154.5]},{""access"":[797.0,154.5],""edge"":""output:waksman_8x8_s4_w2_3.th->w2"",""endpoint"":""waksman_8x8_s4_w2_3.th"",""facing"":""E"",""logical_PSE_role"":""upper"",""parent_endpoint"":""O2"",""physical_PSE_role"":""lower"",""side"":""output"",""toward_parent_x"":true,""wire"":2,""xy"":[765.0,154.5]},{""access"":[381.0,122.5],""edge"":""output:waksman_8x8_s2_w3_7.drop->w7"",""endpoint"":""waksman_8x8_s2_w3_7.drop"",""facing"":""W"",""logical_PSE_role"":""lower"",""parent_endpoint"":""O7"",""physical_PSE_role"":""lower"",""side"":""output"",""toward_parent_x"":false,""wire"":7,""xy"":[413.0,122.5]},{""access"":[125.0,37.5],""edge"":""input:w1->waksman_8x8_s0_w0_1.add"",""endpoint"":""waksman_8x8_s0_w0_1.add"",""facing"":""E"",""logical_PSE_role"":""lower"",""parent_endpoint"":""I1"",""physical_PSE_role"":""upper"",""side"":""input"",""toward_parent_x"":false,""wire"":1,""xy"":[93.0,37.5]},{""access"":[717.0,37.5],""edge"":""output:waksman_8x8_s4_w0_1.drop->w1"",""endpoint"":""waksman_8x8_s4_w0_1.drop"",""facing"":""W"",""logical_PSE_role"":""lower"",""parent_endpoint"":""O1"",""physical_PSE_role"":""upper"",""side"":""output"",""toward_parent_x"":false,""wire"":1,""xy"":[749.0,37.5]},{""access"":[45.0,26.5],""edge"":""input:w0->waksman_8x8_s0_w0_1.in"",""endpoint"":""waksman_8x8_s0_w0_1.in"",""facing"":""W"",""logical_PSE_role"":""upper"",""parent_endpoint"":""I0"",""physical_PSE_role"":""lower"",""side"":""input"",""toward_parent_x"":true,""wire"":0,""xy"":[77.0,26.5]},{""access"":[797.0,26.5],""edge"":""output:waksman_8x8_s4_w0_1.th->w0"",""endpoint"":""waksman_8x8_s4_w0_1.th"",""facing"":""E"",""logical_PSE_role"":""upper"",""parent_endpoint"":""O0"",""physical_PSE_role"":""lower"",""side"":""output"",""toward_parent_x"":true,""wire"":0,""xy"":[765.0,26.5]}]}",16,9,9,0.006167848016048083
root,8,"{""ordered_input_wires"":[0,1,2,3,4,5,6,7],""ordered_output_wires"":[0,1,2,3,4,5,6,7],""top_to_bottom"":[{""access"":[45.0,421.5],""edge"":""input:w0->waksman_8x8_s0_w0_1.in"",""endpoint"":""waksman_8x8_s0_w0_1.in"",""facing"":""W"",""logical_PSE_role"":""upper"",""parent_endpoint"":""I0"",""physical_PSE_role"":""upper"",""side"":""input"",""toward_parent_x"":true,""wire"":0,""xy"":[77.0,421.5]},{""access"":[797.0,421.5],""edge"":""output:waksman_8x8_s4_w0_1.th->w0"",""endpoint"":""waksman_8x8_s4_w0_1.th"",""facing"":""E"",""logical_PSE_role"":""upper"",""parent_endpoint"":""O0"",""physical_PSE_role"":""upper"",""side"":""output"",""toward_parent_x"":true,""wire"":0,""xy"":[765.0,421.5]},{""access"":[125.0,410.5],""edge"":""input:w1->waksman_8x8_s0_w0_1.add"",""endpoint"":""waksman_8x8_s0_w0_1.add"",""facing"":""E"",""logical_PSE_role"":""lower"",""parent_endpoint"":""I1"",""physical_PSE_role"":""lower"",""side"":""input"",""toward_parent_x"":false,""wire"":1,""xy"":[93.0,410.5]},{""access"":[717.0,410.5],""edge"":""output:waksman_8x8_s4_w0_1.drop->w1"",""endpoint"":""waksman_8x8_s4_w0_1.drop"",""facing"":""W"",""logical_PSE_role"":""lower"",""parent_endpoint"":""O1"",""physical_PSE_role"":""lower"",""side"":""output"",""toward_parent_x"":false,""wire"":1,""xy"":[749.0,410.5]},{""access"":[45.0,293.5],""edge"":""input:w2->waksman_8x8_s0_w2_3.in"",""endpoint"":""waksman_8x8_s0_w2_3.in"",""facing"":""W"",""logical_PSE_role"":""upper"",""parent_endpoint"":""I2"",""physical_PSE_role"":""upper"",""side"":""input"",""toward_parent_x"":true,""wire"":2,""xy"":[77.0,293.5]},{""access"":[797.0,293.5],""edge"":""output:waksman_8x8_s4_w2_3.th->w2"",""endpoint"":""waksman_8x8_s4_w2_3.th"",""facing"":""E"",""logical_PSE_role"":""upper"",""parent_endpoint"":""O2"",""physical_PSE_role"":""upper"",""side"":""output"",""toward_parent_x"":true,""wire"":2,""xy"":[765.0,293.5]},{""access"":[125.0,282.5],""edge"":""input:w3->waksman_8x8_s0_w2_3.add"",""endpoint"":""waksman_8x8_s0_w2_3.add"",""facing"":""E"",""logical_PSE_role"":""lower"",""parent_endpoint"":""I3"",""physical_PSE_role"":""lower"",""side"":""input"",""toward_parent_x"":false,""wire"":3,""xy"":[93.0,282.5]},{""access"":[717.0,282.5],""edge"":""output:waksman_8x8_s4_w2_3.drop->w3"",""endpoint"":""waksman_8x8_s4_w2_3.drop"",""facing"":""W"",""logical_PSE_role"":""lower"",""parent_endpoint"":""O3"",""physical_PSE_role"":""lower"",""side"":""output"",""toward_parent_x"":false,""wire"":3,""xy"":[749.0,282.5]},{""access"":[381.0,197.5],""edge"":""output:waksman_8x8_s2_w2_6.drop->w6"",""endpoint"":""waksman_8x8_s2_w2_6.drop"",""facing"":""W"",""logical_PSE_role"":""lower"",""parent_endpoint"":""O6"",""physical_PSE_role"":""upper"",""side"":""output"",""toward_parent_x"":false,""wire"":6,""xy"":[413.0,197.5]},{""access"":[45.0,165.5],""edge"":""input:w4->waksman_8x8_s0_w4_5.in"",""endpoint"":""waksman_8x8_s0_w4_5.in"",""facing"":""W"",""logical_PSE_role"":""upper"",""parent_endpoint"":""I4"",""physical_PSE_role"":""upper"",""side"":""input"",""toward_parent_x"":true,""wire"":4,""xy"":[77.0,165.5]},{""access"":[797.0,165.5],""edge"":""output:waksman_8x8_s4_w4_5.th->w4"",""endpoint"":""waksman_8x8_s4_w4_5.th"",""facing"":""E"",""logical_PSE_role"":""upper"",""parent_endpoint"":""O4"",""physical_PSE_role"":""upper"",""side"":""output"",""toward_parent_x"":true,""wire"":4,""xy"":[765.0,165.5]},{""access"":[125.0,154.5],""edge"":""input:w5->waksman_8x8_s0_w4_5.add"",""endpoint"":""waksman_8x8_s0_w4_5.add"",""facing"":""E"",""logical_PSE_role"":""lower"",""parent_endpoint"":""I5"",""physical_PSE_role"":""lower"",""side"":""input"",""toward_parent_x"":false,""wire"":5,""xy"":[93.0,154.5]},{""access"":[717.0,154.5],""edge"":""output:waksman_8x8_s4_w4_5.drop->w5"",""endpoint"":""waksman_8x8_s4_w4_5.drop"",""facing"":""W"",""logical_PSE_role"":""lower"",""parent_endpoint"":""O5"",""physical_PSE_role"":""lower"",""side"":""output"",""toward_parent_x"":false,""wire"":5,""xy"":[749.0,154.5]},{""access"":[381.0,133.5],""edge"":""output:waksman_8x8_s2_w3_7.drop->w7"",""endpoint"":""waksman_8x8_s2_w3_7.drop"",""facing"":""W"",""logical_PSE_role"":""lower"",""parent_endpoint"":""O7"",""physical_PSE_role"":""upper"",""side"":""output"",""toward_parent_x"":false,""wire"":7,""xy"":[413.0,133.5]},{""access"":[45.0,37.5],""edge"":""input:w6->waksman_8x8_s0_w6_7.in"",""endpoint"":""waksman_8x8_s0_w6_7.in"",""facing"":""W"",""logical_PSE_role"":""upper"",""parent_endpoint"":""I6"",""physical_PSE_role"":""upper"",""side"":""input"",""toward_parent_x"":true,""wire"":6,""xy"":[77.0,37.5]},{""access"":[125.0,26.5],""edge"":""input:w7->waksman_8x8_s0_w6_7.add"",""endpoint"":""waksman_8x8_s0_w6_7.add"",""facing"":""E"",""logical_PSE_role"":""lower"",""parent_endpoint"":""I7"",""physical_PSE_role"":""lower"",""side"":""input"",""toward_parent_x"":false,""wire"":7,""xy"":[93.0,26.5]}]}",16,9,9,0.006169847252749605
root,8,"{""ordered_input_wires"":[0,1,2,3,4,5,6,7],""ordered_output_wires"":[0,1,2,3,4,5,6,7],""top_to_bottom"":[{""access"":[45.0,421.5],""edge"":""input:w0->waksman_8x8_s0_w0_1.in"",""endpoint"":""waksman_8x8_s0_w0_1.in"",""facing"":""W"",""logical_PSE_role"":""upper"",""parent_endpoint"":""I0"",""physical_PSE_role"":""upper"",""side"":""input"",""toward_parent_x"":true,""wire"":0,""xy"":[77.0,421.5]},{""access"":[797.0,421.5],""edge"":""output:waksman_8x8_s4_w0_1.th->w0"",""endpoint"":""waksman_8x8_s4_w0_1.th"",""facing"":""E"",""logical_PSE_role"":""upper"",""parent_endpoint"":""O0"",""physical_PSE_role"":""upper"",""side"":""output"",""toward_parent_x"":true,""wire"":0,""xy"":[765.0,421.5]},{""access"":[125.0,410.5],""edge"":""input:w1->waksman_8x8_s0_w0_1.add"",""endpoint"":""waksman_8x8_s0_w0_1.add"",""facing"":""E"",""logical_PSE_role"":""lower"",""parent_endpoint"":""I1"",""physical_PSE_role"":""lower"",""side"":""input"",""toward_parent_x"":false,""wire"":1,""xy"":[93.0,410.5]},{""access"":[717.0,410.5],""edge"":""output:waksman_8x8_s4_w0_1.drop->w1"",""endpoint"":""waksman_8x8_s4_w0_1.drop"",""facing"":""W"",""logical_PSE_role"":""lower"",""parent_endpoint"":""O1"",""physical_PSE_role"":""lower"",""side"":""output"",""toward_parent_x"":false,""wire"":1,""xy"":[749.0,410.5]},{""access"":[45.0,293.5],""edge"":""input:w2->waksman_8x8_s0_w2_3.in"",""endpoint"":""waksman_8x8_s0_w2_3.in"",""facing"":""W"",""logical_PSE_role"":""upper"",""parent_endpoint"":""I2"",""physical_PSE_role"":""upper"",""side"":""input"",""toward_parent_x"":true,""wire"":2,""xy"":[77.0,293.5]},{""access"":[797.0,293.5],""edge"":""output:waksman_8x8_s4_w2_3.th->w2"",""endpoint"":""waksman_8x8_s4_w2_3.th"",""facing"":""E"",""logical_PSE_role"":""upper"",""parent_endpoint"":""O2"",""physical_PSE_role"":""upper"",""side"":""output"",""toward_parent_x"":true,""wire"":2,""xy"":[765.0,293.5]},{""access"":[125.0,282.5],""edge"":""input:w3->waksman_8x8_s0_w2_3.add"",""endpoint"":""waksman_8x8_s0_w2_3.add"",""facing"":""E"",""logical_PSE_role"":""lower"",""parent_endpoint"":""I3"",""physical_PSE_role"":""lower"",""side"":""input"",""toward_parent_x"":false,""wire"":3,""xy"":[93.0,282.5]},{""access"":[717.0,282.5],""edge"":""output:waksman_8x8_s4_w2_3.drop->w3"",""endpoint"":""waksman_8x8_s4_w2_3.drop"",""facing"":""W"",""logical_PSE_role"":""lower"",""parent_endpoint"":""O3"",""physical_PSE_role"":""lower"",""side"":""output"",""toward_parent_x"":false,""wire"":3,""xy"":[749.0,282.5]},{""access"":[381.0,197.5],""edge"":""output:waksman_8x8_s2_w3_7.drop->w7"",""endpoint"":""waksman_8x8_s2_w3_7.drop"",""facing"":""W"",""logical_PSE_role"":""lower"",""parent_endpoint"":""O7"",""physical_PSE_role"":""upper"",""side"":""output"",""toward_parent_x"":false,""wire"":7,""xy"":[413.0,197.5]},{""access"":[45.0,165.5],""edge"":""input:w4->waksman_8x8_s0_w4_5.in"",""endpoint"":""waksman_8x8_s0_w4_5.in"",""facing"":""W"",""logical_PSE_role"":""upper"",""parent_endpoint"":""I4"",""physical_PSE_role"":""upper"",""side"":""input"",""toward_parent_x"":true,""wire"":4,""xy"":[77.0,165.5]},{""access"":[797.0,165.5],""edge"":""output:waksman_8x8_s4_w4_5.th->w4"",""endpoint"":""waksman_8x8_s4_w4_5.th"",""facing"":""E"",""logical_PSE_role"":""upper"",""parent_endpoint"":""O4"",""physical_PSE_role"":""upper"",""side"":""output"",""toward_parent_x"":true,""wire"":4,""xy"":[765.0,165.5]},{""access"":[125.0,154.5],""edge"":""input:w5->waksman_8x8_s0_w4_5.add"",""endpoint"":""waksman_8x8_s0_w4_5.add"",""facing"":""E"",""logical_PSE_role"":""lower"",""parent_endpoint"":""I5"",""physical_PSE_role"":""lower"",""side"":""input"",""toward_parent_x"":false,""wire"":5,""xy"":[93.0,154.5]},{""access"":[717.0,154.5],""edge"":""output:waksman_8x8_s4_w4_5.drop->w5"",""endpoint"":""waksman_8x8_s4_w4_5.drop"",""facing"":""W"",""logical_PSE_role"":""lower"",""parent_endpoint"":""O5"",""physical_PSE_role"":""lower"",""side"":""output"",""toward_parent_x"":false,""wire"":5,""xy"":[749.0,154.5]},{""access"":[381.0,133.5],""edge"":""output:waksman_8x8_s2_w2_6.drop->w6"",""endpoint"":""waksman_8x8_s2_w2_6.drop"",""facing"":""W"",""logical_PSE_role"":""lower"",""parent_endpoint"":""O6"",""physical_PSE_role"":""upper"",""side"":""output"",""toward_parent_x"":false,""wire"":6,""xy"":[413.0,133.5]},{""access"":[45.0,37.5],""edge"":""input:w6->waksman_8x8_s0_w6_7.in"",""endpoint"":""waksman_8x8_s0_w6_7.in"",""facing"":""W"",""logical_PSE_role"":""upper"",""parent_endpoint"":""I6"",""physical_PSE_role"":""upper"",""side"":""input"",""toward_parent_x"":true,""wire"":6,""xy"":[77.0,37.5]},{""access"":[125.0,26.5],""edge"":""input:w7->waksman_8x8_s0_w6_7.add"",""endpoint"":""waksman_8x8_s0_w6_7.add"",""facing"":""E"",""logical_PSE_role"":""lower"",""parent_endpoint"":""I7"",""physical_PSE_role"":""lower"",""side"":""input"",""toward_parent_x"":false,""wire"":7,""xy"":[93.0,26.5]}]}",16,9,9,0.006171827080834191
root,8,"{""ordered_input_wires"":[0,1,2,3,4,5,6,7],""ordered_output_wires"":[0,1,2,3,4,5,6,7],""top_to_bottom"":[{""access"":[125.0,421.5],""edge"":""input:w7->waksman_8x8_s0_w6_7.add"",""endpoint"":""waksman_8x8_s0_w6_7.add"",""facing"":""E"",""logical_PSE_role"":""lower"",""parent_endpoint"":""I7"",""physical_PSE_role"":""upper"",""side"":""input"",""toward_parent_x"":false,""wire"":7,""xy"":[93.0,421.5]},{""access"":[45.0,410.5],""edge"":""input:w6->waksman_8x8_s0_w6_7.in"",""endpoint"":""waksman_8x8_s0_w6_7.in"",""facing"":""W"",""logical_PSE_role"":""upper"",""parent_endpoint"":""I6"",""physical_PSE_role"":""lower"",""side"":""input"",""toward_parent_x"":true,""wire"":6,""xy"":[77.0,410.5]},{""access"":[381.0,314.5],""edge"":""output:waksman_8x8_s2_w3_7.drop->w7"",""endpoint"":""waksman_8x8_s2_w3_7.drop"",""facing"":""W"",""logical_PSE_role"":""lower"",""parent_endpoint"":""O7"",""physical_PSE_role"":""lower"",""side"":""output"",""toward_parent_x"":false,""wire"":7,""xy"":[413.0,314.5]},{""access"":[125.0,293.5],""edge"":""input:w5->waksman_8x8_s0_w4_5.add"",""endpoint"":""waksman_8x8_s0_w4_5.add"",""facing"":""E"",""logical_PSE_role"":""lower"",""parent_endpoint"":""I5"",""physical_PSE_role"":""upper"",""side"":""input"",""toward_parent_x"":false,""wire"":5,""xy"":[93.0,293.5]},{""access"":[717.0,293.5],""edge"":""output:waksman_8x8_s4_w4_5.drop->w5"",""endpoint"":""waksman_8x8_s4_w4_5.drop"",""facing"":""W"",""logical_PSE_role"":""lower"",""parent_endpoint"":""O5"",""physical_PSE_role"":""upper"",""side"":""output"",""toward_parent_x"":false,""wire"":5,""xy"":[749.0,293.5]},{""access"":[45.0,282.5],""edge"":""input:w4->waksman_8x8_s0_w4_5.in"",""endpoint"":""waksman_8x8_s0_w4_5.in"",""facing"":""W"",""logical_PSE_role"":""upper"",""parent_endpoint"":""I4"",""physical_PSE_role"":""lower"",""side"":""input"",""toward_parent_x"":true,""wire"":4,""xy"":[77.0,282.5]},{""access"":[797.0,282.5],""edge"":""output:waksman_8x8_s4_w4_5.th->w4"",""endpoint"":""waksman_8x8_s4_w4_5.th"",""facing"":""E"",""logical_PSE_role"":""upper"",""parent_endpoint"":""O4"",""physical_PSE_role"":""lower"",""side"":""output"",""toward_parent_x"":true,""wire"":4,""xy"":[765.0,282.5]},{""access"":[381.0,250.5],""edge"":""output:waksman_8x8_s2_w2_6.drop->w6"",""endpoint"":""waksman_8x8_s2_w2_6.drop"",""facing"":""W"",""logical_PSE_role"":""lower"",""parent_endpoint"":""O6"",""physical_PSE_role"":""lower"",""side"":""output"",""toward_parent_x"":false,""wire"":6,""xy"":[413.0,250.5]},{""access"":[125.0,165.5],""edge"":""input:w3->waksman_8x8_s0_w2_3.add"",""endpoint"":""waksman_8x8_s0_w2_3.add"",""facing"":""E"",""logical_PSE_role"":""lower"",""parent_endpoint"":""I3"",""physical_PSE_role"":""upper"",""side"":""input"",""toward_parent_x"":false,""wire"":3,""xy"":[93.0,165.5]},{""access"":[717.0,165.5],""edge"":""output:waksman_8x8_s4_w2_3.drop->w3"",""endpoint"":""waksman_8x8_s4_w2_3.drop"",""facing"":""W"",""logical_PSE_role"":""lower"",""parent_endpoint"":""O3"",""physical_PSE_role"":""upper"",""side"":""output"",""toward_parent_x"":false,""wire"":3,""xy"":[749.0,165.5]},{""access"":[45.0,154.5],""edge"":""input:w2->waksman_8x8_s0_w2_3.in"",""endpoint"":""waksman_8x8_s0_w2_3.in"",""facing"":""W"",""logical_PSE_role"":""upper"",""parent_endpoint"":""I2"",""physical_PSE_role"":""lower"",""side"":""input"",""toward_parent_x"":true,""wire"":2,""xy"":[77.0,154.5]},{""access"":[797.0,154.5],""edge"":""output:waksman_8x8_s4_w2_3.th->w2"",""endpoint"":""waksman_8x8_s4_w2_3.th"",""facing"":""E"",""logical_PSE_role"":""upper"",""parent_endpoint"":""O2"",""physical_PSE_role"":""lower"",""side"":""output"",""toward_parent_x"":true,""wire"":2,""xy"":[765.0,154.5]},{""access"":[125.0,37.5],""edge"":""input:w1->waksman_8x8_s0_w0_1.add"",""endpoint"":""waksman_8x8_s0_w0_1.add"",""facing"":""E"",""logical_PSE_role"":""lower"",""parent_endpoint"":""I1"",""physical_PSE_role"":""upper"",""side"":""input"",""toward_parent_x"":false,""wire"":1,""xy"":[93.0,37.5]},{""access"":[717.0,37.5],""edge"":""output:waksman_8x8_s4_w0_1.drop->w1"",""endpoint"":""waksman_8x8_s4_w0_1.drop"",""facing"":""W"",""logical_PSE_role"":""lower"",""parent_endpoint"":""O1"",""physical_PSE_role"":""upper"",""side"":""output"",""toward_parent_x"":false,""wire"":1,""xy"":[749.0,37.5]},{""access"":[45.0,26.5],""edge"":""input:w0->waksman_8x8_s0_w0_1.in"",""endpoint"":""waksman_8x8_s0_w0_1.in"",""facing"":""W"",""logical_PSE_role"":""upper"",""parent_endpoint"":""I0"",""physical_PSE_role"":""lower"",""side"":""input"",""toward_parent_x"":true,""wire"":0,""xy"":[77.0,26.5]},{""access"":[797.0,26.5],""edge"":""output:waksman_8x8_s4_w0_1.th->w0"",""endpoint"":""waksman_8x8_s4_w0_1.th"",""facing"":""E"",""logical_PSE_role"":""upper"",""parent_endpoint"":""O0"",""physical_PSE_role"":""lower"",""side"":""output"",""toward_parent_x"":true,""wire"":0,""xy"":[765.0,26.5]}]}",16,9,9,0.006173827718157554
root,8,"{""ordered_input_wires"":[0,1,2,3,4,5,6,7],""ordered_output_wires"":[0,1,2,3,4,5,6,7],""top_to_bottom"":[{""access"":[125.0,421.5],""edge"":""input:w7->waksman_8x8_s0_w6_7.add"",""endpoint"":""waksman_8x8_s0_w6_7.add"",""facing"":""E"",""logical_PSE_role"":""lower"",""parent_endpoint"":""I7"",""physical_PSE_role"":""upper"",""side"":""input"",""toward_parent_x"":false,""wire"":7,""xy"":[93.0,421.5]},{""access"":[45.0,410.5],""edge"":""input:w6->waksman_8x8_s0_w6_7.in"",""endpoint"":""waksman_8x8_s0_w6_7.in"",""facing"":""W"",""logical_PSE_role"":""upper"",""parent_endpoint"":""I6"",""physical_PSE_role"":""lower"",""side"":""input"",""toward_parent_x"":true,""wire"":6,""xy"":[77.0,410.5]},{""access"":[381.0,314.5],""edge"":""output:waksman_8x8_s2_w2_6.drop->w6"",""endpoint"":""waksman_8x8_s2_w2_6.drop"",""facing"":""W"",""logical_PSE_role"":""lower"",""parent_endpoint"":""O6"",""physical_PSE_role"":""lower"",""side"":""output"",""toward_parent_x"":false,""wire"":6,""xy"":[413.0,314.5]},{""access"":[125.0,293.5],""edge"":""input:w5->waksman_8x8_s0_w4_5.add"",""endpoint"":""waksman_8x8_s0_w4_5.add"",""facing"":""E"",""logical_PSE_role"":""lower"",""parent_endpoint"":""I5"",""physical_PSE_role"":""upper"",""side"":""input"",""toward_parent_x"":false,""wire"":5,""xy"":[93.0,293.5]},{""access"":[717.0,293.5],""edge"":""output:waksman_8x8_s4_w4_5.drop->w5"",""endpoint"":""waksman_8x8_s4_w4_5.drop"",""facing"":""W"",""logical_PSE_role"":""lower"",""parent_endpoint"":""O5"",""physical_PSE_role"":""upper"",""side"":""output"",""toward_parent_x"":false,""wire"":5,""xy"":[749.0,293.5]},{""access"":[45.0,282.5],""edge"":""input:w4->waksman_8x8_s0_w4_5.in"",""endpoint"":""waksman_8x8_s0_w4_5.in"",""facing"":""W"",""logical_PSE_role"":""upper"",""parent_endpoint"":""I4"",""physical_PSE_role"":""lower"",""side"":""input"",""toward_parent_x"":true,""wire"":4,""xy"":[77.0,282.5]},{""access"":[797.0,282.5],""edge"":""output:waksman_8x8_s4_w4_5.th->w4"",""endpoint"":""waksman_8x8_s4_w4_5.th"",""facing"":""E"",""logical_PSE_role"":""upper"",""parent_endpoint"":""O4"",""physical_PSE_role"":""lower"",""side"":""output"",""toward_parent_x"":true,""wire"":4,""xy"":[765.0,282.5]},{""access"":[381.0,250.5],""edge"":""output:waksman_8x8_s2_w3_7.drop->w7"",""endpoint"":""waksman_8x8_s2_w3_7.drop"",""facing"":""W"",""logical_PSE_role"":""lower"",""parent_endpoint"":""O7"",""physical_PSE_role"":""lower"",""side"":""output"",""toward_parent_x"":false,""wire"":7,""xy"":[413.0,250.5]},{""access"":[125.0,165.5],""edge"":""input:w3->waksman_8x8_s0_w2_3.add"",""endpoint"":""waksman_8x8_s0_w2_3.add"",""facing"":""E"",""logical_PSE_role"":""lower"",""parent_endpoint"":""I3"",""physical_PSE_role"":""upper"",""side"":""input"",""toward_parent_x"":false,""wire"":3,""xy"":[93.0,165.5]},{""access"":[717.0,165.5],""edge"":""output:waksman_8x8_s4_w2_3.drop->w3"",""endpoint"":""waksman_8x8_s4_w2_3.drop"",""facing"":""W"",""logical_PSE_role"":""lower"",""parent_endpoint"":""O3"",""physical_PSE_role"":""upper"",""side"":""output"",""toward_parent_x"":false,""wire"":3,""xy"":[749.0,165.5]},{""access"":[45.0,154.5],""edge"":""input:w2->waksman_8x8_s0_w2_3.in"",""endpoint"":""waksman_8x8_s0_w2_3.in"",""facing"":""W"",""logical_PSE_role"":""upper"",""parent_endpoint"":""I2"",""physical_PSE_role"":""lower"",""side"":""input"",""toward_parent_x"":true,""wire"":2,""xy"":[77.0,154.5]},{""access"":[797.0,154.5],""edge"":""output:waksman_8x8_s4_w2_3.th->w2"",""endpoint"":""waksman_8x8_s4_w2_3.th"",""facing"":""E"",""logical_PSE_role"":""upper"",""parent_endpoint"":""O2"",""physical_PSE_role"":""lower"",""side"":""output"",""toward_parent_x"":true,""wire"":2,""xy"":[765.0,154.5]},{""access"":[125.0,37.5],""edge"":""input:w1->waksman_8x8_s0_w0_1.add"",""endpoint"":""waksman_8x8_s0_w0_1.add"",""facing"":""E"",""logical_PSE_role"":""lower"",""parent_endpoint"":""I1"",""physical_PSE_role"":""upper"",""side"":""input"",""toward_parent_x"":false,""wire"":1,""xy"":[93.0,37.5]},{""access"":[717.0,37.5],""edge"":""output:waksman_8x8_s4_w0_1.drop->w1"",""endpoint"":""waksman_8x8_s4_w0_1.drop"",""facing"":""W"",""logical_PSE_role"":""lower"",""parent_endpoint"":""O1"",""physical_PSE_role"":""upper"",""side"":""output"",""toward_parent_x"":false,""wire"":1,""xy"":[749.0,37.5]},{""access"":[45.0,26.5],""edge"":""input:w0->waksman_8x8_s0_w0_1.in"",""endpoint"":""waksman_8x8_s0_w0_1.in"",""facing"":""W"",""logical_PSE_role"":""upper"",""parent_endpoint"":""I0"",""physical_PSE_role"":""lower"",""side"":""input"",""toward_parent_x"":true,""wire"":0,""xy"":[77.0,26.5]},{""access"":[797.0,26.5],""edge"":""output:waksman_8x8_s4_w0_1.th->w0"",""endpoint"":""waksman_8x8_s4_w0_1.th"",""facing"":""E"",""logical_PSE_role"":""upper"",""parent_endpoint"":""O0"",""physical_PSE_role"":""lower"",""side"":""output"",""toward_parent_x"":true,""wire"":0,""xy"":[765.0,26.5]}]}",16,9,9,0.006175809110573027
