wavelength_nm,frequency_Hz,out_port,in_port,abs_S,phase_rad,real_S,imag_S
1551.0000,1.932898e+14,B,A,0.99464039,0.06349086,0.99263633,0.06310816
1551.0500,1.932836e+14,B,A,0.99471080,0.06238013,0.99277608,0.06200996
1551.1000,1.932773e+14,B,A,0.99477907,0.06128390,0.99291160,0.06092579
1551.1500,1.932711e+14,B,A,0.99484527,0.06020173,0.99304303,0.05985524
1551.2000,1.932649e+14,B,A,0.99490949,0.05913319,0.99317053,0.05879789
1551.2500,1.932586e+14,B,A,0.99497178,0.05807788,0.99329421,0.05775337
1551.3000,1.932524e+14,B,A,0.99503222,0.05703540,0.99341422,0.05672130
1551.3500,1.932462e+14,B,A,0.99509086,0.05600538,0.99353067,0.05570131
1551.4000,1.932399e+14,B,A,0.99514776,0.05498744,0.99364367,0.05469306
1551.4500,1.932337e+14,B,A,0.99520299,0.05398123,0.99375334,0.05369619
1551.5000,1.932275e+14,B,A,0.99525658,0.05298640,0.99385979,0.05271039
1551.5500,1.932213e+14,B,A,0.99530861,0.05200262,0.99396312,0.05173533
1551.6000,1.932150e+14,B,A,0.99535910,0.05102957,0.99406342,0.05077071
1551.6500,1.932088e+14,B,A,0.99540812,0.05006693,0.99416079,0.04981621
1551.7000,1.932026e+14,B,A,0.99545571,0.04911440,0.99425532,0.04887156
1551.7500,1.931964e+14,B,A,0.99550190,0.04817169,0.99434709,0.04793646
1551.8000,1.931901e+14,B,A,0.99554675,0.04723850,0.99443619,0.04701065
1551.8500,1.931839e+14,B,A,0.99559029,0.04631457,0.99452269,0.04609386
1551.9000,1.931777e+14,B,A,0.99563256,0.04539962,0.99460667,0.04518582
1551.9500,1.931715e+14,B,A,0.99567359,0.04449340,0.99468821,0.04428629
1552.0000,1.931652e+14,B,A,0.99571343,0.04359564,0.99476736,0.04339502
1552.0500,1.931590e+14,B,A,0.99575210,0.04270611,0.99484421,0.04251177
1552.1000,1.931528e+14,B,A,0.99578964,0.04182456,0.99491880,0.04163632
1552.1500,1.931466e+14,B,A,0.99582608,0.04095075,0.99499121,0.04076843
1552.2000,1.931404e+14,B,A,0.99586144,0.04008447,0.99506149,0.03990789
1552.2500,1.931341e+14,B,A,0.99589576,0.03922549,0.99512970,0.03905449
1552.3000,1.931279e+14,B,A,0.99592906,0.03837360,0.99519588,0.03820801
1552.3500,1.931217e+14,B,A,0.99596137,0.03752859,0.99526010,0.03736825
1552.4000,1.931155e+14,B,A,0.99599272,0.03669024,0.99532240,0.03653502
1552.4500,1.931093e+14,B,A,0.99602312,0.03585838,0.99538284,0.03570812
1552.5000,1.931030e+14,B,A,0.99605261,0.03503279,0.99544144,0.03488736
1552.5500,1.930968e+14,B,A,0.99608120,0.03421329,0.99549827,0.03407257
1552.6000,1.930906e+14,B,A,0.99610891,0.03339970,0.99555336,0.03326355
1552.6500,1.930844e+14,B,A,0.99613577,0.03259184,0.99560676,0.03246015
1552.7000,1.930782e+14,B,A,0.99616179,0.03178952,0.99565849,0.03166217
1552.7500,1.930719e+14,B,A,0.99618700,0.03099258,0.99570860,0.03086946
1552.8000,1.930657e+14,B,A,0.99621141,0.03020085,0.99575713,0.03008186
1552.8500,1.930595e+14,B,A,0.99623504,0.02941416,0.99580410,0.02929920
1552.9000,1.930533e+14,B,A,0.99625790,0.02863236,0.99584956,0.02852132
1552.9500,1.930471e+14,B,A,0.99628002,0.02785528,0.99589353,0.02774807
1553.0000,1.930409e+14,B,A,0.99630140,0.02708278,0.99593604,0.02697931
1553.0500,1.930346e+14,B,A,0.99632207,0.02631469,0.99597713,0.02621488
1553.1000,1.930284e+14,B,A,0.99634203,0.02555087,0.99601681,0.02545464
1553.1500,1.930222e+14,B,A,0.99636129,0.02479118,0.99605513,0.02469844
1553.2000,1.930160e+14,B,A,0.99637989,0.02403547,0.99609209,0.02394616
1553.2500,1.930098e+14,B,A,0.99639781,0.02328361,0.99612774,0.02319764
1553.3000,1.930036e+14,B,A,0.99641508,0.02253545,0.99616208,0.02245276
1553.3500,1.929974e+14,B,A,0.99643171,0.02179086,0.99619515,0.02171138
1553.4000,1.929912e+14,B,A,0.99644771,0.02104971,0.99622696,0.02097338
1553.4500,1.929849e+14,B,A,0.99646309,0.02031186,0.99625754,0.02023863
1553.5000,1.929787e+14,B,A,0.99647785,0.01957720,0.99628690,0.01950700
1553.5500,1.929725e+14,B,A,0.99649202,0.01884558,0.99631507,0.01877836
1553.6000,1.929663e+14,B,A,0.99650559,0.01811690,0.99634206,0.01805260
1553.6500,1.929601e+14,B,A,0.99651858,0.01739102,0.99636788,0.01732960
1553.7000,1.929539e+14,B,A,0.99653099,0.01666782,0.99639256,0.01660923
1553.7500,1.929477e+14,B,A,0.99654283,0.01594719,0.99641612,0.01589139
1553.8000,1.929415e+14,B,A,0.99655411,0.01522901,0.99643855,0.01517595
1553.8500,1.929353e+14,B,A,0.99656484,0.01451316,0.99645989,0.01446280
1553.9000,1.929291e+14,B,A,0.99657502,0.01379953,0.99648013,0.01375183
1553.9500,1.929228e+14,B,A,0.99658466,0.01308800,0.99649931,0.01304293
1554.0000,1.929166e+14,B,A,0.99659376,0.01237846,0.99651741,0.01233598
1554.0500,1.929104e+14,B,A,0.99660234,0.01167081,0.99653447,0.01163089
1554.1000,1.929042e+14,B,A,0.99661039,0.01096492,0.99655048,0.01092754
1554.1500,1.928980e+14,B,A,0.99661792,0.01026070,0.99656546,0.01022582
1554.2000,1.928918e+14,B,A,0.99662494,0.00955804,0.99657942,0.00952563
1554.2500,1.928856e+14,B,A,0.99663145,0.00885682,0.99659236,0.00882687
1554.3000,1.928794e+14,B,A,0.99663745,0.00815695,0.99660429,0.00812943
1554.3500,1.928732e+14,B,A,0.99664294,0.00745831,0.99661522,0.00743320
1554.4000,1.928670e+14,B,A,0.99664794,0.00676081,0.99662516,0.00673810
1554.4500,1.928608e+14,B,A,0.99665244,0.00606434,0.99663412,0.00604400
1554.5000,1.928546e+14,B,A,0.99665645,0.00536880,0.99664209,0.00535082
1554.5500,1.928484e+14,B,A,0.99665996,0.00467408,0.99664908,0.00465845
1554.6000,1.928422e+14,B,A,0.99666299,0.00398008,0.99665510,0.00396679
1554.6500,1.928360e+14,B,A,0.99666553,0.00328671,0.99666015,0.00327575
1554.7000,1.928298e+14,B,A,0.99666758,0.00259386,0.99666423,0.00258521
1554.7500,1.928236e+14,B,A,0.99666915,0.00190143,0.99666735,0.00189510
1554.8000,1.928174e+14,B,A,0.99667024,0.00120932,0.99666951,0.00120529
1554.8500,1.928112e+14,B,A,0.99667084,0.00051743,0.99667070,0.00051570
1554.9000,1.928050e+14,B,A,0.99667096,-0.00017434,0.99667094,-0.00017376
1554.9500,1.927988e+14,B,A,0.99667060,-0.00086610,0.99667022,-0.00086321
1555.0000,1.927926e+14,B,A,0.99666975,-0.00155793,0.99666854,-0.00155274
1555.0500,1.927864e+14,B,A,0.99666842,-0.00224995,0.99666590,-0.00224245
1555.1000,1.927802e+14,B,A,0.99666661,-0.00294224,0.99666230,-0.00293243
1555.1500,1.927740e+14,B,A,0.99666432,-0.00363492,0.99665773,-0.00362279
1555.2000,1.927678e+14,B,A,0.99666153,-0.00432808,0.99665220,-0.00431361
1555.2500,1.927616e+14,B,A,0.99665827,-0.00502182,0.99664570,-0.00500502
1555.3000,1.927554e+14,B,A,0.99665451,-0.00571624,0.99663823,-0.00569709
1555.3500,1.927492e+14,B,A,0.99665026,-0.00641145,0.99662978,-0.00638993
1555.4000,1.927430e+14,B,A,0.99664552,-0.00710755,0.99662034,-0.00708365
1555.4500,1.927368e+14,B,A,0.99664028,-0.00780464,0.99660993,-0.00777834
1555.5000,1.927306e+14,B,A,0.99663454,-0.00850282,0.99659852,-0.00847410
1555.5500,1.927244e+14,B,A,0.99662830,-0.00920219,0.99658611,-0.00917104
1555.6000,1.927182e+14,B,A,0.99662156,-0.00990287,0.99657269,-0.00986925
1555.6500,1.927120e+14,B,A,0.99661430,-0.01060495,0.99655826,-0.01056885
1555.7000,1.927058e+14,B,A,0.99660653,-0.01130854,0.99654281,-0.01126993
1555.7500,1.926996e+14,B,A,0.99659825,-0.01201376,0.99652633,-0.01197260
1555.8000,1.926934e+14,B,A,0.99658944,-0.01272069,0.99650881,-0.01267697
1555.8500,1.926873e+14,B,A,0.99658010,-0.01342946,0.99649023,-0.01338313
1555.9000,1.926811e+14,B,A,0.99657022,-0.01414018,0.99647060,-0.01409121
1555.9500,1.926749e+14,B,A,0.99655981,-0.01485295,0.99644989,-0.01480131
1556.0000,1.926687e+14,B,A,0.99654885,-0.01556789,0.99642809,-0.01551354
1556.0500,1.926625e+14,B,A,0.99653734,-0.01628511,0.99640520,-0.01622800
1556.1000,1.926563e+14,B,A,0.99652527,-0.01700472,0.99638120,-0.01694482
1556.1500,1.926501e+14,B,A,0.99651263,-0.01772685,0.99635606,-0.01766411
1556.2000,1.926439e+14,B,A,0.99649942,-0.01845161,0.99632979,-0.01838597
1556.2500,1.926377e+14,B,A,0.99648563,-0.01917911,0.99630236,-0.01911054
1556.3000,1.926315e+14,B,A,0.99647124,-0.01990949,0.99627375,-0.01983792
1556.3500,1.926253e+14,B,A,0.99645626,-0.02064286,0.99624396,-0.02056824
1556.4000,1.926192e+14,B,A,0.99644066,-0.02137934,0.99621295,-0.02130163
1556.4500,1.926130e+14,B,A,0.99642445,-0.02211907,0.99618071,-0.02203819
1556.5000,1.926068e+14,B,A,0.99640761,-0.02286218,0.99614722,-0.02277806
1556.5500,1.926006e+14,B,A,0.99639013,-0.02360878,0.99611246,-0.02352138
1556.6000,1.925944e+14,B,A,0.99637200,-0.02435903,0.99607641,-0.02426825
1556.6500,1.925882e+14,B,A,0.99635320,-0.02511304,0.99603904,-0.02501883
1556.7000,1.925820e+14,B,A,0.99633373,-0.02587097,0.99600032,-0.02577324
1556.7500,1.925759e+14,B,A,0.99631358,-0.02663294,0.99596025,-0.02653163
1556.8000,1.925697e+14,B,A,0.99629272,-0.02739911,0.99591878,-0.02729412
1556.8500,1.925635e+14,B,A,0.99627115,-0.02816962,0.99587589,-0.02806087
1556.9000,1.925573e+14,B,A,0.99624884,-0.02894461,0.99583155,-0.02883201
1556.9500,1.925511e+14,B,A,0.99622580,-0.02972425,0.99578573,-0.02960770
1557.0000,1.925449e+14,B,A,0.99620200,-0.03050867,0.99573841,-0.03038809
1557.0500,1.925387e+14,B,A,0.99617741,-0.03129805,0.99568954,-0.03117332
1557.1000,1.925326e+14,B,A,0.99615204,-0.03209254,0.99563910,-0.03196356
1557.1500,1.925264e+14,B,A,0.99612586,-0.03289231,0.99558705,-0.03275897
1557.2000,1.925202e+14,B,A,0.99609884,-0.03369753,0.99553335,-0.03355972
1557.2500,1.925140e+14,B,A,0.99607098,-0.03450836,0.99547797,-0.03436596
1557.3000,1.925078e+14,B,A,0.99604225,-0.03532500,0.99542086,-0.03517787
1557.3500,1.925017e+14,B,A,0.99601263,-0.03614760,0.99536198,-0.03599563
1557.4000,1.924955e+14,B,A,0.99598210,-0.03697637,0.99530130,-0.03681941
1557.4500,1.924893e+14,B,A,0.99595064,-0.03781149,0.99523876,-0.03764941
1557.5000,1.924831e+14,B,A,0.99591821,-0.03865316,0.99517432,-0.03848580
1557.5500,1.924769e+14,B,A,0.99588481,-0.03950157,0.99510793,-0.03932878
1557.6000,1.924708e+14,B,A,0.99585040,-0.04035693,0.99503955,-0.04017855
1557.6500,1.924646e+14,B,A,0.99581495,-0.04121945,0.99496911,-0.04103532
1557.7000,1.924584e+14,B,A,0.99577845,-0.04208934,0.99489656,-0.04189928
1557.7500,1.924522e+14,B,A,0.99574085,-0.04296682,0.99482185,-0.04277066
1557.8000,1.924461e+14,B,A,0.99570213,-0.04385213,0.99474491,-0.04364967
1557.8500,1.924399e+14,B,A,0.99566226,-0.04474550,0.99466569,-0.04453654
1557.9000,1.924337e+14,B,A,0.99562121,-0.04564715,0.99458412,-0.04543149
1557.9500,1.924275e+14,B,A,0.99557893,-0.04655735,0.99450012,-0.04633478
1558.0000,1.924213e+14,B,A,0.99553540,-0.04747635,0.99441364,-0.04724663
1558.0500,1.924152e+14,B,A,0.99549058,-0.04840440,0.99432460,-0.04816731
1558.1000,1.924090e+14,B,A,0.99544443,-0.04934178,0.99423292,-0.04909707
1558.1500,1.924028e+14,B,A,0.99539691,-0.05028876,0.99413851,-0.05003618
1558.2000,1.923966e+14,B,A,0.99534797,-0.05124562,0.99404131,-0.05098491
1558.2500,1.923905e+14,B,A,0.99529758,-0.05221267,0.99394122,-0.05194354
1558.3000,1.923843e+14,B,A,0.99524568,-0.05319021,0.99383814,-0.05291237
1558.3500,1.923781e+14,B,A,0.99519224,-0.05417854,0.99373199,-0.05389169
1558.4000,1.923720e+14,B,A,0.99513719,-0.05517800,0.99362267,-0.05488182
1558.4500,1.923658e+14,B,A,0.99508049,-0.05618891,0.99351007,-0.05588307
1558.5000,1.923596e+14,B,A,0.99502208,-0.05721162,0.99339409,-0.05689577
1558.5500,1.923534e+14,B,A,0.99496191,-0.05824648,0.99327460,-0.05792026
1558.6000,1.923473e+14,B,A,0.99489991,-0.05929387,0.99315150,-0.05895690
1558.6500,1.923411e+14,B,A,0.99483602,-0.06035415,0.99302466,-0.06000604
1558.7000,1.923349e+14,B,A,0.99477018,-0.06142774,0.99289395,-0.06106806
1558.7500,1.923288e+14,B,A,0.99470231,-0.06251503,0.99275923,-0.06214334
1558.8000,1.923226e+14,B,A,0.99463236,-0.06361644,0.99262037,-0.06323230
1558.8500,1.923164e+14,B,A,0.99456023,-0.06473241,0.99247721,-0.06433533
1558.9000,1.923103e+14,B,A,0.99448585,-0.06586339,0.99232960,-0.06545286
1558.9500,1.923041e+14,B,A,0.99440915,-0.06700985,0.99217738,-0.06658535
1559.0000,1.922979e+14,B,A,0.99433003,-0.06817228,0.99202037,-0.06773325
1559.0500,1.922918e+14,B,A,0.99424839,-0.06935118,0.99185839,-0.06889704
1559.1000,1.922856e+14,B,A,0.99416416,-0.07054707,0.99169126,-0.07007721
1559.1500,1.922794e+14,B,A,0.99407722,-0.07176049,0.99151878,-0.07127426
1559.2000,1.922733e+14,B,A,0.99398747,-0.07299201,0.99134074,-0.07248874
1559.2500,1.922671e+14,B,A,0.99389479,-0.07424222,0.99115692,-0.07372119
1559.3000,1.922609e+14,B,A,0.99379908,-0.07551172,0.99096710,-0.07497218
1559.3500,1.922548e+14,B,A,0.99370021,-0.07680114,0.99077103,-0.07624230
1559.4000,1.922486e+14,B,A,0.99359805,-0.07811114,0.99056845,-0.07753218
1559.4500,1.922424e+14,B,A,0.99349247,-0.07944241,0.99035911,-0.07884245
1559.5000,1.922363e+14,B,A,0.99338332,-0.08079566,0.99014271,-0.08017377
1559.5500,1.922301e+14,B,A,0.99327045,-0.08217164,0.98991896,-0.08152684
1559.6000,1.922239e+14,B,A,0.99315370,-0.08357112,0.98968755,-0.08290239
1559.6500,1.922178e+14,B,A,0.99303290,-0.08499491,0.98944816,-0.08430115
1559.7000,1.922116e+14,B,A,0.99290788,-0.08644384,0.98920042,-0.08572392
1559.7500,1.922055e+14,B,A,0.99277844,-0.08791881,0.98894397,-0.08717150
1559.8000,1.921993e+14,B,A,0.99264440,-0.08942073,0.98867842,-0.08864474
1559.8500,1.921931e+14,B,A,0.99250554,-0.09095056,0.98840337,-0.09014453
1559.9000,1.921870e+14,B,A,0.99236164,-0.09250930,0.98811837,-0.09167180
1559.9500,1.921808e+14,B,A,0.99221246,-0.09409801,0.98782296,-0.09322749
1560.0000,1.921747e+14,B,A,0.99205776,-0.09571778,0.98751667,-0.09481263
1560.0500,1.921685e+14,B,A,0.99189727,-0.09736976,0.98719896,-0.09642826
1560.1000,1.921623e+14,B,A,0.99173071,-0.09905517,0.98686930,-0.09807548
1560.1500,1.921562e+14,B,A,0.99155779,-0.10077526,0.98652709,-0.09975545
1560.2000,1.921500e+14,B,A,0.99137819,-0.10253136,0.98617173,-0.10146935
1560.2500,1.921439e+14,B,A,0.99119157,-0.10432486,0.98580255,-0.10321845
1560.3000,1.921377e+14,B,A,0.99099757,-0.10615723,0.98541886,-0.10500407
1560.3500,1.921315e+14,B,A,0.99079582,-0.10802999,0.98501991,-0.10682759
1560.4000,1.921254e+14,B,A,0.99058591,-0.10994477,0.98460491,-0.10869046
1560.4500,1.921192e+14,B,A,0.99036741,-0.11190327,0.98417302,-0.11059420
1560.5000,1.921131e+14,B,A,0.99013985,-0.11390727,0.98372333,-0.11254039
1560.5500,1.921069e+14,B,A,0.98990275,-0.11595866,0.98325489,-0.11453072
1560.6000,1.921008e+14,B,A,0.98965557,-0.11805942,0.98276666,-0.11656694
1560.6500,1.920946e+14,B,A,0.98939776,-0.12021166,0.98225755,-0.11865090
1560.7000,1.920885e+14,B,A,0.98912870,-0.12241759,0.98172638,-0.12078454
1560.7500,1.920823e+14,B,A,0.98884776,-0.12467955,0.98117189,-0.12296992
1560.8000,1.920762e+14,B,A,0.98855423,-0.12700001,0.98059274,-0.12520918
1560.8500,1.920700e+14,B,A,0.98824736,-0.12938159,0.97998747,-0.12750459
1560.9000,1.920638e+14,B,A,0.98792637,-0.13182707,0.97935452,-0.12985856
1560.9500,1.920577e+14,B,A,0.98759038,-0.13433939,0.97869222,-0.13227359
1561.0000,1.920515e+14,B,A,0.98723846,-0.13692167,0.97799876,-0.13475237
1561.0500,1.920454e+14,B,A,0.98686961,-0.13957722,0.97727221,-0.13729770
1561.1000,1.920392e+14,B,A,0.98648275,-0.14230955,0.97651047,-0.13991255
1561.1500,1.920331e+14,B,A,0.98607670,-0.14512243,0.97571127,-0.14260007
1561.2000,1.920269e+14,B,A,0.98565020,-0.14801982,0.97487216,-0.14536359
1561.2500,1.920208e+14,B,A,0.98520187,-0.15100600,0.97399051,-0.14820663
1561.3000,1.920146e+14,B,A,0.98473022,-0.15408548,0.97306343,-0.15113292
1561.3500,1.920085e+14,B,A,0.98423363,-0.15726311,0.97208782,-0.15414642
1561.4000,1.920023e+14,B,A,0.98371035,-0.16054407,0.97106028,-0.15725132
1561.4500,1.919962e+14,B,A,0.98315845,-0.16393391,0.96997715,-0.16045207
1561.5000,1.919900e+14,B,A,0.98257584,-0.16743855,0.96883440,-0.16375340
1561.5500,1.919839e+14,B,A,0.98196023,-0.17106436,0.96762768,-0.16716034
1561.6000,1.919778e+14,B,A,0.98130913,-0.17481820,0.96635219,-0.17067822
1561.6500,1.919716e+14,B,A,0.98061979,-0.17870740,0.96500272,-0.17431273
1561.7000,1.919655e+14,B,A,0.97988920,-0.18273989,0.96357354,-0.17806990
1561.7500,1.919593e+14,B,A,0.97911406,-0.18692421,0.96205837,-0.18195618
1561.8000,1.919532e+14,B,A,0.97829073,-0.19126957,0.96045030,-0.18597841
1561.8500,1.919470e+14,B,A,0.97741518,-0.19578592,0.95874174,-0.19014391
1561.9000,1.919409e+14,B,A,0.97648298,-0.20048406,0.95692432,-0.19446045
1561.9500,1.919347e+14,B,A,0.97548922,-0.20537567,0.95498876,-0.19893634
1562.0000,1.919286e+14,B,A,0.97442842,-0.21047345,0.95292485,-0.20358043
1562.0500,1.919224e+14,B,A,0.97329455,-0.21579119,0.95072121,-0.20840215
1562.1000,1.919163e+14,B,A,0.97208083,-0.22134393,0.94836524,-0.21341156
1562.1500,1.919102e+14,B,A,0.97077972,-0.22714809,0.94584292,-0.21861939
1562.2000,1.919040e+14,B,A,0.96938279,-0.23322158,0.94313858,-0.22403704
1562.2500,1.918979e+14,B,A,0.96788056,-0.23958404,0.94023476,-0.22967667
1562.3000,1.918917e+14,B,A,0.96626240,-0.24625702,0.93711186,-0.23555121
1562.3500,1.918856e+14,B,A,0.96451630,-0.25326418,0.93374793,-0.24167436
1562.4000,1.918795e+14,B,A,0.96262871,-0.26063160,0.93011825,-0.24806063
1562.4500,1.918733e+14,B,A,0.96058426,-0.26838804,0.92619497,-0.25472536
1562.5000,1.918672e+14,B,A,0.95836551,-0.27656532,0.92194662,-0.26168468
1562.5500,1.918610e+14,B,A,0.95595255,-0.28519870,0.91733757,-0.26895547
1562.6000,1.918549e+14,B,A,0.95332264,-0.29432736,0.91232737,-0.27655527
1562.6500,1.918488e+14,B,A,0.95044972,-0.30399488,0.90686999,-0.28450220
1562.7000,1.918426e+14,B,A,0.94730381,-0.31424993,0.90091292,-0.29281466
1562.7500,1.918365e+14,B,A,0.94385032,-0.32514693,0.89439615,-0.30151111
1562.8000,1.918303e+14,B,A,0.94004917,-0.33674690,0.88725088,-0.31060960
1562.8500,1.918242e+14,B,A,0.93585385,-0.34911844,0.87939812,-0.32012712
1562.9000,1.918181e+14,B,A,0.93121010,-0.36233885,0.87074695,-0.33007877
1562.9500,1.918119e+14,B,A,0.92605443,-0.37649544,0.86119250,-0.34047654
1563.0000,1.918058e+14,B,A,0.92031230,-0.39168707,0.85061368,-0.35132762
1563.0500,1.917997e+14,B,A,0.91389586,-0.40802596,0.83887041,-0.36263216
1563.1000,1.917935e+14,B,A,0.90670122,-0.42563974,0.82580059,-0.37438013
1563.1500,1.917874e+14,B,A,0.89860507,-0.44467389,0.81121662,-0.38654711
1563.2000,1.917813e+14,B,A,0.88946061,-0.46529449,0.79490158,-0.39908853
1563.2500,1.917751e+14,B,A,0.87909253,-0.48769137,0.77660530,-0.41193191
1563.3000,1.917690e+14,B,A,0.86729098,-0.51208164,0.75604045,-0.42496644
1563.3500,1.917629e+14,B,A,0.85380427,-0.53871355,0.73287944,-0.43802905
1563.4000,1.917567e+14,B,A,0.83833032,-0.56787052,0.70675287,-0.45088592
1563.4500,1.917506e+14,B,A,0.82050676,-0.59987508,0.67725132,-0.46320837
1563.5000,1.917445e+14,B,A,0.79989987,-0.63509217,0.64393301,-0.47454197
1563.5500,1.917383e+14,B,A,0.77599327,-0.67393098,0.60634138,-0.48426820
1563.6000,1.917322e+14,B,A,0.74817758,-0.71684372,0.56403850,-0.49155902
1563.6500,1.917261e+14,B,A,0.71574406,-0.76431918,0.51666248,-0.49532761
1563.7000,1.917199e+14,B,A,0.67788681,-0.81686732,0.46401915,-0.49418291
1563.7500,1.917138e+14,B,A,0.63372120,-0.87498988,0.40621822,-0.48640448
1563.8000,1.917077e+14,B,A,0.58232908,-0.93912967,0.34385987,-0.46996547
1563.8500,1.917015e+14,B,A,0.52284357,-1.00958814,0.27826229,-0.44264602
1563.9000,1.916954e+14,B,A,0.45458502,-1.08639448,0.21169075,-0.40228668
1563.9500,1.916893e+14,B,A,0.37724968,-1.16908720,0.14750160,-0.34721837
1564.0000,1.916832e+14,B,A,0.29113053,-1.25626425,0.09006750,-0.27684803
1564.0500,1.916770e+14,B,A,0.19731751,-1.34411978,0.04434520,-0.19226987
1564.1000,1.916709e+14,B,A,0.09781190,-1.41639273,0.01504257,-0.09664827
1564.1500,1.916648e+14,B,A,0.00741523,0.72480644,0.00555125,0.00491623
1564.2000,1.916586e+14,B,A,0.10752272,1.41172099,0.01703217,0.10616516
1564.2500,1.916525e+14,B,A,0.20657700,1.33591155,0.04807686,0.20090464
1564.3000,1.916464e+14,B,A,0.29969659,1.24783182,0.09511746,0.28420189
1564.3500,1.916403e+14,B,A,0.38497483,1.16101602,0.15337699,0.35310214
1564.4000,1.916341e+14,B,A,0.46140868,1.07888780,0.21792746,0.40670086
1564.4500,1.916280e+14,B,A,0.52877483,1.00272204,0.28448603,0.44572471
1564.5000,1.916219e+14,B,A,0.58742423,0.93291745,0.34980688,0.47191353
1564.5500,1.916158e+14,B,A,0.63806266,0.86940978,0.41172751,0.48744683
1564.6000,1.916096e+14,B,A,0.68156696,0.81187854,0.46901118,0.49453214
1564.6500,1.916035e+14,B,A,0.71885465,0.75987195,0.52111515,0.49516766
1564.7000,1.915974e+14,B,A,0.75080363,0.71288562,0.56796626,0.49104014
1564.7500,1.915913e+14,B,A,0.77821030,0.67041077,0.60977953,0.48350821
1564.8000,1.915852e+14,B,A,0.80177316,0.63196185,0.64692682,0.47363054
1564.8500,1.915790e+14,B,A,0.82209174,0.59709087,0.67984910,0.46221211
1564.9000,1.915729e+14,B,A,0.83967357,0.56539320,0.70900190,0.44985332
1564.9500,1.915668e+14,B,A,0.85494461,0.53650833,0.73482373,0.43699470
1565.0000,1.915607e+14,B,A,0.86826071,0.51011790,0.75771979,0.42395447
1565.0500,1.915546e+14,B,A,0.87991846,0.48594228,0.77805493,0.41095867
1565.1000,1.915484e+14,B,A,0.89016498,0.46373657,0.79615235,0.39816471
1565.1500,1.915423e+14,B,A,0.89920637,0.44328662,0.81229527,0.38567926
1565.2000,1.915362e+14,B,A,0.90721485,0.42440517,0.82673022,0.37357183
1565.2500,1.915301e+14,B,A,0.91433467,0.40692838,0.83967090,0.36188489
1565.3000,1.915240e+14,B,A,0.92068706,0.39071273,0.85130211,0.35064139
1565.3500,1.915178e+14,B,A,0.92637419,0.37563225,0.86178355,0.33985035
1565.4000,1.915117e+14,B,A,0.93148248,0.36157619,0.87125321,0.32951095
1565.4500,1.915056e+14,B,A,0.93608530,0.34844693,0.87983044,0.31961555
1565.5000,1.914995e+14,B,A,0.94024516,0.33615825,0.88761859,0.31015191
1565.5500,1.914934e+14,B,A,0.94401549,0.32463379,0.89470730,0.30110481
1565.6000,1.914873e+14,B,A,0.94744216,0.31380579,0.90117447,0.29245720
1565.6500,1.914811e+14,B,A,0.95056464,0.30361393,0.90708796,0.28419106
1565.7000,1.914750e+14,B,A,0.95341705,0.29400441,0.91250700,0.27628799
1565.7500,1.914689e+14,B,A,0.95602898,0.28492913,0.91748340,0.26872965
1565.8000,1.914628e+14,B,A,0.95842615,0.27634496,0.92206261,0.26149806
1565.8500,1.914567e+14,B,A,0.96063100,0.26821316,0.92628457,0.25457577
1565.9000,1.914506e+14,B,A,0.96266319,0.26049884,0.93018449,0.24794603
1565.9500,1.914445e+14,B,A,0.96453996,0.25317051,0.93379347,0.24159281
1566.0000,1.914384e+14,B,A,0.96627649,0.24619969,0.93713903,0.23550092
1566.0500,1.914322e+14,B,A,0.96788618,0.23956056,0.94024561,0.22965593
1566.1000,1.914261e+14,B,A,0.96938089,0.23322969,0.94313493,0.22404426
1566.1500,1.914200e+14,B,A,0.97077117,0.22718575,0.94582635,0.21865308
1566.2000,1.914139e+14,B,A,0.97206636,0.22140927,0.94833719,0.21347035
1566.2500,1.914078e+14,B,A,0.97327484,0.21588249,0.95068293,0.20848473
1566.3000,1.914017e+14,B,A,0.97440405,0.21058915,0.95287745,0.20368560
1566.3500,1.913956e+14,B,A,0.97546070,0.20551436,0.95493325,0.19906297
1566.4000,1.913895e+14,B,A,0.97645078,0.20064442,0.95686156,0.19460748
1566.4500,1.913834e+14,B,A,0.97737971,0.19596675,0.95867255,0.19031036
1566.5000,1.913772e+14,B,A,0.97825235,0.19146976,0.96037537,0.18616337
1566.5500,1.913711e+14,B,A,0.97907310,0.18714275,0.96197833,0.18215880
1566.6000,1.913650e+14,B,A,0.97984596,0.18297584,0.96348897,0.17828938
1566.6500,1.913589e+14,B,A,0.98057452,0.17895989,0.96491413,0.17454832
1566.7000,1.913528e+14,B,A,0.98126207,0.17508643,0.96626003,0.17092923
1566.7500,1.913467e+14,B,A,0.98191159,0.17134761,0.96753236,0.16742612
1566.8000,1.913406e+14,B,A,0.98252581,0.16773612,0.96873630,0.16403334
1566.8500,1.913345e+14,B,A,0.98310720,0.16424516,0.96987660,0.16074560
1566.9000,1.913284e+14,B,A,0.98365803,0.16086843,0.97095759,0.15755791
1566.9500,1.913223e+14,B,A,0.98418039,0.15760003,0.97198324,0.15446557
1567.0000,1.913162e+14,B,A,0.98467617,0.15443445,0.97295723,0.15146417
1567.0500,1.913101e+14,B,A,0.98514713,0.15136655,0.97388290,0.14854954
1567.1000,1.913040e+14,B,A,0.98559488,0.14839152,0.97476335,0.14571776
1567.1500,1.912979e+14,B,A,0.98602088,0.14550486,0.97560144,0.14296511
1567.2000,1.912918e+14,B,A,0.98642652,0.14270234,0.97639978,0.14028810
1567.2500,1.912857e+14,B,A,0.98681305,0.13998001,0.97716082,0.13768343
1567.3000,1.912796e+14,B,A,0.98718163,0.13733413,0.97788680,0.13514797
1567.3500,1.912735e+14,B,A,0.98753335,0.13476122,0.97857982,0.13267876
1567.4000,1.912674e+14,B,A,0.98786919,0.13225799,0.97924179,0.13027302
1567.4500,1.912613e+14,B,A,0.98819009,0.12982132,0.97987451,0.12792809
1567.5000,1.912552e+14,B,A,0.98849690,0.12744830,0.98047965,0.12564147
1567.5500,1.912491e+14,B,A,0.98879042,0.12513617,0.98105875,0.12341078
1567.6000,1.912430e+14,B,A,0.98907140,0.12288233,0.98161327,0.12123376
1567.6500,1.912369e+14,B,A,0.98934052,0.12068432,0.98214453,0.11910827
1567.7000,1.912308e+14,B,A,0.98959843,0.11853981,0.98265380,0.11703228
1567.7500,1.912247e+14,B,A,0.98984573,0.11644660,0.98314225,0.11500385
1567.8000,1.912186e+14,B,A,0.99008299,0.11440260,0.98361097,0.11302116
1567.8500,1.912125e+14,B,A,0.99031072,0.11240584,0.98406098,0.11108244
1567.9000,1.912064e+14,B,A,0.99052942,0.11045444,0.98449324,0.10918604
1567.9500,1.912003e+14,B,A,0.99073955,0.10854662,0.98490865,0.10733037
1568.0000,1.911942e+14,B,A,0.99094153,0.10668070,0.98530804,0.10551393
1568.0500,1.911881e+14,B,A,0.99113578,0.10485506,0.98569221,0.10373527
1568.1000,1.911820e+14,B,A,0.99132267,0.10306818,0.98606189,0.10199302
1568.1500,1.911759e+14,B,A,0.99150255,0.10131861,0.98641779,0.10028587
1551.0000,1.932898e+14,D,A,0.10282303,-1.50695094,0.00656032,-0.10261354
1551.0500,1.932836e+14,D,A,0.10214726,-1.50806789,0.00640334,-0.10194636
1551.1000,1.932773e+14,D,A,0.10148765,-1.50917025,0.00625033,-0.10129500
1551.1500,1.932711e+14,D,A,0.10084379,-1.51025848,0.00610114,-0.10065906
1551.2000,1.932649e+14,D,A,0.10021529,-1.51133300,0.00595562,-0.10003816
1551.2500,1.932586e+14,D,A,0.09960177,-1.51239422,0.00581365,-0.09943196
1551.3000,1.932524e+14,D,A,0.09900288,-1.51344253,0.00567508,-0.09884009
1551.3500,1.932462e+14,D,A,0.09841827,-1.51447831,0.00553979,-0.09826224
1551.4000,1.932399e+14,D,A,0.09784760,-1.51550195,0.00540767,-0.09769806
1551.4500,1.932337e+14,D,A,0.09729056,-1.51651379,0.00527859,-0.09714725
1551.5000,1.932275e+14,D,A,0.09674682,-1.51751418,0.00515244,-0.09660952
1551.5500,1.932213e+14,D,A,0.09621609,-1.51850346,0.00502912,-0.09608456
1551.6000,1.932150e+14,D,A,0.09569808,-1.51948195,0.00490853,-0.09557211
1551.6500,1.932088e+14,D,A,0.09519251,-1.52044997,0.00479057,-0.09507189
1551.7000,1.932026e+14,D,A,0.09469912,-1.52140783,0.00467515,-0.09458365
1551.7500,1.931964e+14,D,A,0.09421764,-1.52235581,0.00456217,-0.09410712
1551.8000,1.931901e+14,D,A,0.09374782,-1.52329421,0.00445155,-0.09364207
1551.8500,1.931839e+14,D,A,0.09328943,-1.52422330,0.00434320,-0.09318827
1551.9000,1.931777e+14,D,A,0.09284222,-1.52514337,0.00423705,-0.09274549
1551.9500,1.931715e+14,D,A,0.09240598,-1.52605465,0.00413302,-0.09231350
1552.0000,1.931652e+14,D,A,0.09198049,-1.52695743,0.00403103,-0.09189211
1552.0500,1.931590e+14,D,A,0.09156553,-1.52785193,0.00393102,-0.09148111
1552.1000,1.931528e+14,D,A,0.09116091,-1.52873841,0.00383291,-0.09108030
1552.1500,1.931466e+14,D,A,0.09076643,-1.52961709,0.00373664,-0.09068948
1552.2000,1.931404e+14,D,A,0.09038190,-1.53048821,0.00364214,-0.09030849
1552.2500,1.931341e+14,D,A,0.09000715,-1.53135199,0.00354935,-0.08993714
1552.3000,1.931279e+14,D,A,0.08964199,-1.53220864,0.00345822,-0.08957526
1552.3500,1.931217e+14,D,A,0.08928625,-1.53305837,0.00336868,-0.08922268
1552.4000,1.931155e+14,D,A,0.08893978,-1.53390140,0.00328068,-0.08887925
1552.4500,1.931093e+14,D,A,0.08860241,-1.53473791,0.00319417,-0.08854482
1552.5000,1.931030e+14,D,A,0.08827400,-1.53556811,0.00310909,-0.08821923
1552.5500,1.930968e+14,D,A,0.08795438,-1.53639218,0.00302540,-0.08790234
1552.6000,1.930906e+14,D,A,0.08764343,-1.53721031,0.00294304,-0.08759401
1552.6500,1.930844e+14,D,A,0.08734101,-1.53802269,0.00286197,-0.08729411
1552.7000,1.930782e+14,D,A,0.08704698,-1.53882948,0.00278214,-0.08700251
1552.7500,1.930719e+14,D,A,0.08676121,-1.53963087,0.00270352,-0.08671908
1552.8000,1.930657e+14,D,A,0.08648359,-1.54042702,0.00262604,-0.08644371
1552.8500,1.930595e+14,D,A,0.08621399,-1.54121809,0.00254969,-0.08617628
1552.9000,1.930533e+14,D,A,0.08595231,-1.54200426,0.00247440,-0.08591668
1552.9500,1.930471e+14,D,A,0.08569842,-1.54278567,0.00240015,-0.08566480
1553.0000,1.930409e+14,D,A,0.08545222,-1.54356249,0.00232690,-0.08542053
1553.0500,1.930346e+14,D,A,0.08521361,-1.54433487,0.00225461,-0.08518378
1553.1000,1.930284e+14,D,A,0.08498250,-1.54510295,0.00218325,-0.08495445
1553.1500,1.930222e+14,D,A,0.08475878,-1.54586688,0.00211277,-0.08473244
1553.2000,1.930160e+14,D,A,0.08454237,-1.54662680,0.00204315,-0.08451768
1553.2500,1.930098e+14,D,A,0.08433317,-1.54738286,0.00197435,-0.08431006
1553.3000,1.930036e+14,D,A,0.08413111,-1.54813519,0.00190634,-0.08410951
1553.3500,1.929974e+14,D,A,0.08393610,-1.54888394,0.00183909,-0.08391595
1553.4000,1.929912e+14,D,A,0.08374807,-1.54962922,0.00177257,-0.08372930
1553.4500,1.929849e+14,D,A,0.08356693,-1.55037118,0.00170675,-0.08354950
1553.5000,1.929787e+14,D,A,0.08339262,-1.55110995,0.00164159,-0.08337646
1553.5500,1.929725e+14,D,A,0.08322507,-1.55184564,0.00157708,-0.08321012
1553.6000,1.929663e+14,D,A,0.08306421,-1.55257839,0.00151317,-0.08305043
1553.6500,1.929601e+14,D,A,0.08290998,-1.55330832,0.00144986,-0.08289731
1553.7000,1.929539e+14,D,A,0.08276233,-1.55403555,0.00138710,-0.08275070
1553.7500,1.929477e+14,D,A,0.08262118,-1.55476020,0.00132487,-0.08261056
1553.8000,1.929415e+14,D,A,0.08248649,-1.55548239,0.00126314,-0.08247682
1553.8500,1.929353e+14,D,A,0.08235821,-1.55620223,0.00120190,-0.08234944
1553.9000,1.929291e+14,D,A,0.08223629,-1.55691984,0.00114111,-0.08222837
1553.9500,1.929228e+14,D,A,0.08212068,-1.55763534,0.00108076,-0.08211357
1554.0000,1.929166e+14,D,A,0.08201133,-1.55834884,0.00102081,-0.08200498
1554.0500,1.929104e+14,D,A,0.08190821,-1.55906044,0.00096124,-0.08190257
1554.1000,1.929042e+14,D,A,0.08181127,-1.55977026,0.00090204,-0.08180630
1554.1500,1.928980e+14,D,A,0.08172048,-1.56047841,0.00084317,-0.08171613
1554.2000,1.928918e+14,D,A,0.08163580,-1.56118499,0.00078462,-0.08163203
1554.2500,1.928856e+14,D,A,0.08155721,-1.56189012,0.00072636,-0.08155397
1554.3000,1.928794e+14,D,A,0.08148466,-1.56259390,0.00066836,-0.08148192
1554.3500,1.928732e+14,D,A,0.08141814,-1.56329643,0.00061062,-0.08141585
1554.4000,1.928670e+14,D,A,0.08135762,-1.56399782,0.00055311,-0.08135574
1554.4500,1.928608e+14,D,A,0.08130307,-1.56469817,0.00049580,-0.08130156
1554.5000,1.928546e+14,D,A,0.08125448,-1.56539759,0.00043867,-0.08125330
1554.5500,1.928484e+14,D,A,0.08121182,-1.56609618,0.00038171,-0.08121093
1554.6000,1.928422e+14,D,A,0.08117508,-1.56679405,0.00032488,-0.08117443
1554.6500,1.928360e+14,D,A,0.08114425,-1.56749129,0.00026818,-0.08114381
1554.7000,1.928298e+14,D,A,0.08111931,-1.56818800,0.00021159,-0.08111903
1554.7500,1.928236e+14,D,A,0.08110025,-1.56888429,0.00015507,-0.08110010
1554.8000,1.928174e+14,D,A,0.08108706,-1.56958026,0.00009861,-0.08108700
1554.8500,1.928112e+14,D,A,0.08107974,-1.57027601,0.00004219,-0.08107973
1554.9000,1.928050e+14,D,A,0.08107829,-1.57097164,-0.00001421,-0.08107829
1554.9500,1.927988e+14,D,A,0.08108270,-1.57166725,-0.00007062,-0.08108266
1555.0000,1.927926e+14,D,A,0.08109297,-1.57236295,-0.00012704,-0.08109287
1555.0500,1.927864e+14,D,A,0.08110911,-1.57305882,-0.00018351,-0.08110890
1555.1000,1.927802e+14,D,A,0.08113111,-1.57375498,-0.00024004,-0.08113076
1555.1500,1.927740e+14,D,A,0.08115900,-1.57445151,-0.00029665,-0.08115846
1555.2000,1.927678e+14,D,A,0.08119277,-1.57514854,-0.00035337,-0.08119200
1555.2500,1.927616e+14,D,A,0.08123244,-1.57584615,-0.00041021,-0.08123140
1555.3000,1.927554e+14,D,A,0.08127802,-1.57654445,-0.00046719,-0.08127668
1555.3500,1.927492e+14,D,A,0.08132952,-1.57724353,-0.00052434,-0.08132783
1555.4000,1.927430e+14,D,A,0.08138697,-1.57794351,-0.00058168,-0.08138489
1555.4500,1.927368e+14,D,A,0.08145038,-1.57864449,-0.00063923,-0.08144787
1555.5000,1.927306e+14,D,A,0.08151978,-1.57934656,-0.00069700,-0.08151680
1555.5500,1.927244e+14,D,A,0.08159518,-1.58004983,-0.00075503,-0.08159169
1555.6000,1.927182e+14,D,A,0.08167662,-1.58075442,-0.00081333,-0.08167257
1555.6500,1.927120e+14,D,A,0.08176412,-1.58146042,-0.00087192,-0.08175947
1555.7000,1.927058e+14,D,A,0.08185772,-1.58216793,-0.00093083,-0.08185243
1555.7500,1.926996e+14,D,A,0.08195744,-1.58287708,-0.00099008,-0.08195146
1555.8000,1.926934e+14,D,A,0.08206333,-1.58358796,-0.00104970,-0.08205662
1555.8500,1.926873e+14,D,A,0.08217542,-1.58430068,-0.00110969,-0.08216793
1555.9000,1.926811e+14,D,A,0.08229375,-1.58501536,-0.00117010,-0.08228543
1555.9500,1.926749e+14,D,A,0.08241836,-1.58573211,-0.00123094,-0.08240917
1556.0000,1.926687e+14,D,A,0.08254930,-1.58645103,-0.00129223,-0.08253919
1556.0500,1.926625e+14,D,A,0.08268662,-1.58717225,-0.00135401,-0.08267553
1556.1000,1.926563e+14,D,A,0.08283036,-1.58789588,-0.00141629,-0.08281826
1556.1500,1.926501e+14,D,A,0.08298059,-1.58862204,-0.00147911,-0.08296741
1556.2000,1.926439e+14,D,A,0.08313735,-1.58935084,-0.00154248,-0.08312304
1556.2500,1.926377e+14,D,A,0.08330070,-1.59008240,-0.00160644,-0.08328521
1556.3000,1.926315e+14,D,A,0.08347071,-1.59081685,-0.00167102,-0.08345398
1556.3500,1.926253e+14,D,A,0.08364744,-1.59155431,-0.00173623,-0.08362941
1556.4000,1.926192e+14,D,A,0.08383095,-1.59229491,-0.00180211,-0.08381157
1556.4500,1.926130e+14,D,A,0.08402131,-1.59303876,-0.00186868,-0.08400053
1556.5000,1.926068e+14,D,A,0.08421860,-1.59378601,-0.00193599,-0.08419635
1556.5500,1.926006e+14,D,A,0.08442290,-1.59453679,-0.00200405,-0.08439911
1556.6000,1.925944e+14,D,A,0.08463427,-1.59529121,-0.00207290,-0.08460888
1556.6500,1.925882e+14,D,A,0.08485281,-1.59604944,-0.00214257,-0.08482576
1556.7000,1.925820e+14,D,A,0.08507860,-1.59681159,-0.00221309,-0.08504981
1556.7500,1.925759e+14,D,A,0.08531173,-1.59757782,-0.00228450,-0.08528113
1556.8000,1.925697e+14,D,A,0.08555228,-1.59834826,-0.00235683,-0.08551981
1556.8500,1.925635e+14,D,A,0.08580037,-1.59912307,-0.00243012,-0.08576595
1556.9000,1.925573e+14,D,A,0.08605607,-1.59990239,-0.00250440,-0.08601963
1556.9500,1.925511e+14,D,A,0.08631951,-1.60068637,-0.00257971,-0.08628095
1557.0000,1.925449e+14,D,A,0.08659078,-1.60147518,-0.00265609,-0.08655004
1557.0500,1.925387e+14,D,A,0.08687000,-1.60226896,-0.00273358,-0.08682698
1557.1000,1.925326e+14,D,A,0.08715729,-1.60306789,-0.00281221,-0.08711191
1557.1500,1.925264e+14,D,A,0.08745275,-1.60387212,-0.00289204,-0.08740492
1557.2000,1.925202e+14,D,A,0.08775652,-1.60468183,-0.00297311,-0.08770614
1557.2500,1.925140e+14,D,A,0.08806873,-1.60549720,-0.00305545,-0.08801571
1557.3000,1.925078e+14,D,A,0.08838950,-1.60631839,-0.00313912,-0.08833374
1557.3500,1.925017e+14,D,A,0.08871898,-1.60714559,-0.00322416,-0.08866037
1557.4000,1.924955e+14,D,A,0.08905731,-1.60797898,-0.00331062,-0.08899575
1557.4500,1.924893e+14,D,A,0.08940463,-1.60881877,-0.00339856,-0.08934001
1557.5000,1.924831e+14,D,A,0.08976110,-1.60966513,-0.00348803,-0.08969330
1557.5500,1.924769e+14,D,A,0.09012688,-1.61051828,-0.00357907,-0.09005579
1557.6000,1.924708e+14,D,A,0.09050213,-1.61137842,-0.00367176,-0.09042762
1557.6500,1.924646e+14,D,A,0.09088703,-1.61224576,-0.00376614,-0.09080897
1557.7000,1.924584e+14,D,A,0.09128174,-1.61312051,-0.00386227,-0.09120000
1557.7500,1.924522e+14,D,A,0.09168646,-1.61400289,-0.00396022,-0.09160089
1557.8000,1.924461e+14,D,A,0.09210137,-1.61489315,-0.00406006,-0.09201183
1557.8500,1.924399e+14,D,A,0.09252666,-1.61579150,-0.00416185,-0.09243301
1557.9000,1.924337e+14,D,A,0.09296254,-1.61669820,-0.00426566,-0.09286462
1557.9500,1.924275e+14,D,A,0.09340922,-1.61761349,-0.00437156,-0.09330687
1558.0000,1.924213e+14,D,A,0.09386692,-1.61853762,-0.00447963,-0.09375997
1558.0500,1.924152e+14,D,A,0.09433586,-1.61947086,-0.00458994,-0.09422413
1558.1000,1.924090e+14,D,A,0.09481627,-1.62041347,-0.00470258,-0.09469958
1558.1500,1.924028e+14,D,A,0.09530840,-1.62136575,-0.00481764,-0.09518656
1558.2000,1.923966e+14,D,A,0.09581249,-1.62232796,-0.00493519,-0.09568531
1558.2500,1.923905e+14,D,A,0.09632882,-1.62330042,-0.00505533,-0.09619607
1558.3000,1.923843e+14,D,A,0.09685764,-1.62428342,-0.00517816,-0.09671912
1558.3500,1.923781e+14,D,A,0.09739923,-1.62527728,-0.00530378,-0.09725472
1558.4000,1.923720e+14,D,A,0.09795389,-1.62628233,-0.00543228,-0.09780314
1558.4500,1.923658e+14,D,A,0.09852191,-1.62729889,-0.00556378,-0.09836469
1558.5000,1.923596e+14,D,A,0.09910361,-1.62832732,-0.00569838,-0.09893965
1558.5500,1.923534e+14,D,A,0.09969930,-1.62936798,-0.00583621,-0.09952833
1558.6000,1.923473e+14,D,A,0.10030933,-1.63042122,-0.00597739,-0.10013107
1558.6500,1.923411e+14,D,A,0.10093403,-1.63148745,-0.00612204,-0.10074820
1558.7000,1.923349e+14,D,A,0.10157378,-1.63256704,-0.00627030,-0.10138006
1558.7500,1.923288e+14,D,A,0.10222894,-1.63366041,-0.00642230,-0.10202700
1558.8000,1.923226e+14,D,A,0.10289990,-1.63476799,-0.00657819,-0.10268942
1558.8500,1.923164e+14,D,A,0.10358707,-1.63589021,-0.00673812,-0.10336768
1558.9000,1.923103e+14,D,A,0.10429086,-1.63702753,-0.00690226,-0.10406220
1558.9500,1.923041e+14,D,A,0.10501171,-1.63818041,-0.00707076,-0.10477340
1559.0000,1.922979e+14,D,A,0.10575008,-1.63934935,-0.00724381,-0.10550169
1559.0500,1.922918e+14,D,A,0.10650644,-1.64053486,-0.00742158,-0.10624755
1559.1000,1.922856e+14,D,A,0.10728127,-1.64173745,-0.00760427,-0.10701143
1559.1500,1.922794e+14,D,A,0.10807509,-1.64295767,-0.00779208,-0.10779382
1559.2000,1.922733e+14,D,A,0.10888842,-1.64419610,-0.00798521,-0.10859523
1559.2500,1.922671e+14,D,A,0.10972181,-1.64545331,-0.00818389,-0.10941618
1559.3000,1.922609e+14,D,A,0.11057586,-1.64672993,-0.00838836,-0.11025722
1559.3500,1.922548e+14,D,A,0.11145114,-1.64802658,-0.00859885,-0.11111893
1559.4000,1.922486e+14,D,A,0.11234829,-1.64934394,-0.00881562,-0.11200189
1559.4500,1.922424e+14,D,A,0.11326795,-1.65068268,-0.00903894,-0.11290672
1559.5000,1.922363e+14,D,A,0.11421081,-1.65204353,-0.00926910,-0.11383406
1559.5500,1.922301e+14,D,A,0.11517758,-1.65342723,-0.00950640,-0.11478459
1559.6000,1.922239e+14,D,A,0.11616898,-1.65483457,-0.00975115,-0.11575901
1559.6500,1.922178e+14,D,A,0.11718580,-1.65626635,-0.01000368,-0.11675803
1559.7000,1.922116e+14,D,A,0.11822884,-1.65772343,-0.01026435,-0.11778243
1559.7500,1.922055e+14,D,A,0.11929893,-1.65920668,-0.01053353,-0.11883299
1559.8000,1.921993e+14,D,A,0.12039697,-1.66071704,-0.01081160,-0.11991054
1559.8500,1.921931e+14,D,A,0.12152386,-1.66225547,-0.01109898,-0.12101595
1559.9000,1.921870e+14,D,A,0.12268058,-1.66382298,-0.01139611,-0.12215012
1559.9500,1.921808e+14,D,A,0.12386812,-1.66542063,-0.01170345,-0.12331399
1560.0000,1.921747e+14,D,A,0.12508755,-1.66704951,-0.01202149,-0.12450855
1560.0500,1.921685e+14,D,A,0.12633997,-1.66871080,-0.01235075,-0.12573482
1560.1000,1.921623e+14,D,A,0.12762653,-1.67040570,-0.01269179,-0.12699390
1560.1500,1.921562e+14,D,A,0.12894846,-1.67213548,-0.01304517,-0.12828690
1560.2000,1.921500e+14,D,A,0.13030703,-1.67390147,-0.01341153,-0.12961501
1560.2500,1.921439e+14,D,A,0.13170357,-1.67570508,-0.01379153,-0.13097948
1560.3000,1.921377e+14,D,A,0.13313949,-1.67754778,-0.01418586,-0.13238159
1560.3500,1.921315e+14,D,A,0.13461627,-1.67943112,-0.01459526,-0.13382271
1560.4000,1.921254e+14,D,A,0.13613547,-1.68135670,-0.01502054,-0.13530428
1560.4500,1.921192e+14,D,A,0.13769871,-1.68332626,-0.01546254,-0.13682779
1560.5000,1.921131e+14,D,A,0.13930771,-1.68534158,-0.01592217,-0.13839481
1560.5500,1.921069e+14,D,A,0.14096430,-1.68740456,-0.01640037,-0.14000701
1560.6000,1.921008e+14,D,A,0.14267039,-1.68951720,-0.01689819,-0.14166612
1560.6500,1.920946e+14,D,A,0.14442798,-1.69168162,-0.01741673,-0.14337398
1560.7000,1.920885e+14,D,A,0.14623920,-1.69390003,-0.01795715,-0.14513251
1560.7500,1.920823e+14,D,A,0.14810631,-1.69617480,-0.01852073,-0.14694374
1560.8000,1.920762e+14,D,A,0.15003168,-1.69850841,-0.01910881,-0.14880981
1560.8500,1.920700e+14,D,A,0.15201782,-1.70090350,-0.01972286,-0.15073297
1560.9000,1.920638e+14,D,A,0.15406740,-1.70336286,-0.02036441,-0.15271560
1560.9500,1.920577e+14,D,A,0.15618322,-1.70588944,-0.02103516,-0.15476020
1561.0000,1.920515e+14,D,A,0.15836828,-1.70848639,-0.02173690,-0.15686943
1561.0500,1.920454e+14,D,A,0.16062574,-1.71115704,-0.02247159,-0.15904608
1561.1000,1.920392e+14,D,A,0.16295897,-1.71390493,-0.02324131,-0.16129311
1561.1500,1.920331e+14,D,A,0.16537155,-1.71673382,-0.02404833,-0.16361365
1561.2000,1.920269e+14,D,A,0.16786727,-1.71964773,-0.02489511,-0.16601101
1561.2500,1.920208e+14,D,A,0.17045019,-1.72265094,-0.02578428,-0.16848869
1561.3000,1.920146e+14,D,A,0.17312462,-1.72574801,-0.02671873,-0.17105042
1561.3500,1.920085e+14,D,A,0.17589517,-1.72894380,-0.02770157,-0.17370012
1561.4000,1.920023e+14,D,A,0.17876673,-1.73224354,-0.02873617,-0.17644199
1561.4500,1.919962e+14,D,A,0.18174456,-1.73565279,-0.02982623,-0.17928046
1561.5000,1.919900e+14,D,A,0.18483428,-1.73917753,-0.03097576,-0.18222023
1561.5500,1.919839e+14,D,A,0.18804189,-1.74282416,-0.03218912,-0.18526633
1561.6000,1.919778e+14,D,A,0.19137383,-1.74659958,-0.03347110,-0.18842406
1561.6500,1.919716e+14,D,A,0.19483702,-1.75051117,-0.03482693,-0.19169911
1561.7000,1.919655e+14,D,A,0.19843888,-1.75456692,-0.03626232,-0.19509749
1561.7500,1.919593e+14,D,A,0.20218739,-1.75877540,-0.03778356,-0.19862564
1561.8000,1.919532e+14,D,A,0.20609116,-1.76314589,-0.03939755,-0.20229038
1561.8500,1.919470e+14,D,A,0.21015944,-1.76768841,-0.04111190,-0.20609901
1561.9000,1.919409e+14,D,A,0.21440225,-1.77241382,-0.04293498,-0.21005930
1561.9500,1.919347e+14,D,A,0.21883038,-1.77733388,-0.04487604,-0.21417954
1562.0000,1.919286e+14,D,A,0.22345553,-1.78246137,-0.04694534,-0.21846855
1562.0500,1.919224e+14,D,A,0.22829038,-1.78781018,-0.04915422,-0.22293577
1562.1000,1.919163e+14,D,A,0.23334866,-1.79339544,-0.05151530,-0.22759124
1562.1500,1.919102e+14,D,A,0.23864531,-1.79923368,-0.05404260,-0.23244566
1562.2000,1.919040e+14,D,A,0.24419658,-1.80534293,-0.05675178,-0.23751043
1562.2500,1.918979e+14,D,A,0.25002016,-1.81174297,-0.05966032,-0.24279771
1562.3000,1.918917e+14,D,A,0.25613535,-1.81845548,-0.06278779,-0.24832038
1562.3500,1.918856e+14,D,A,0.26256325,-1.82550430,-0.06615618,-0.25409215
1562.4000,1.918795e+14,D,A,0.26932694,-1.83291569,-0.06979018,-0.26012753
1562.4500,1.918733e+14,D,A,0.27645169,-1.84071861,-0.07371765,-0.26644182
1562.5000,1.918672e+14,D,A,0.28396524,-1.84894512,-0.07797006,-0.27305115
1562.5500,1.918610e+14,D,A,0.29189808,-1.85763073,-0.08258304,-0.27997237
1562.6000,1.918549e+14,D,A,0.30028373,-1.86681489,-0.08759705,-0.28722305
1562.6500,1.918488e+14,D,A,0.30915914,-1.87654155,-0.09305811,-0.29482124
1562.7000,1.918426e+14,D,A,0.31856504,-1.88685972,-0.09901873,-0.30278537
1562.7500,1.918365e+14,D,A,0.32854642,-1.89782427,-0.10553894,-0.31113387
1562.8000,1.918303e+14,D,A,0.33915297,-1.90949670,-0.11268750,-0.31988477
1562.8500,1.918242e+14,D,A,0.35043965,-1.92194620,-0.12054344,-0.32905506
1562.9000,1.918181e+14,D,A,0.36246726,-1.93525070,-0.12919767,-0.33865982
1562.9500,1.918119e+14,D,A,0.37530301,-1.94949829,-0.13875505,-0.34871103
1563.0000,1.918058e+14,D,A,0.38902119,-1.96478875,-0.14933668,-0.35921587
1563.0500,1.917997e+14,D,A,0.40370380,-1.98123535,-0.16108263,-0.37017448
1563.1000,1.917935e+14,D,A,0.41944109,-1.99896700,-0.17415501,-0.38157681
1563.1500,1.917874e+14,D,A,0.43633204,-2.01813071,-0.18874142,-0.39339843
1563.2000,1.917813e+14,D,A,0.45448454,-2.03889439,-0.20505877,-0.40559475
1563.2500,1.917751e+14,D,A,0.47401525,-2.06145016,-0.22335726,-0.41809328
1563.3000,1.917690e+14,D,A,0.49504867,-2.08601791,-0.24392418,-0.43078322
1563.3500,1.917629e+14,D,A,0.51771525,-2.11284939,-0.26708715,-0.44350146
1563.4000,1.917567e+14,D,A,0.54214784,-2.14223246,-0.29321555,-0.45601417
1563.4500,1.917506e+14,D,A,0.56847565,-2.17449534,-0.32271881,-0.46799266
1563.5000,1.917445e+14,D,A,0.59681472,-2.21001044,-0.35603872,-0.47898251
1563.5500,1.917383e+14,D,A,0.62725317,-2.24919691,-0.39363182,-0.48836515
1563.6000,1.917322e+14,D,A,0.65982936,-2.29252058,-0.43593606,-0.49531257
1563.6500,1.917261e+14,D,A,0.69450072,-2.34048928,-0.48331331,-0.49873790
1563.7000,1.917199e+14,D,A,0.73110080,-2.39364056,-0.53595776,-0.49725009
1563.7500,1.917138e+14,D,A,0.76928371,-2.45251764,-0.59375969,-0.48912867
1563.8000,1.917077e+14,D,A,0.80845750,-2.51762865,-0.65611892,-0.47234680
1563.8500,1.917015e+14,D,A,0.84771469,-2.58938422,-0.72171726,-0.44468459
1563.9000,1.916954e+14,D,A,0.88577773,-2.66801095,-0.78828945,-0.40398259
1563.9500,1.916893e+14,D,A,0.92099016,-2.75344454,-0.85247912,-0.34857170
1564.0000,1.916832e+14,D,A,0.95139285,-2.84521805,-0.90991363,-0.27785885
1564.0500,1.916770e+14,D,A,0.97491832,-2.94237558,-0.95563621,-0.19293824
1564.1000,1.916709e+14,D,A,0.98970140,-3.04345187,-0.98493902,-0.09697423
1564.1500,1.916648e+14,D,A,0.99444262,3.13663242,-0.99443039,0.00493265
1564.2000,1.916586e+14,D,A,0.98870465,3.03364221,-0.98294941,0.10652394
1564.2500,1.916525e+14,D,A,0.97301959,2.93288478,-0.95190454,0.20160576
1564.3000,1.916464e+14,D,A,0.94875872,2.83621738,-0.90486363,0.28524536
1564.3500,1.916403e+14,D,A,0.91782325,2.74505516,-0.84660369,0.35448797
1564.4000,1.916341e+14,D,A,0.88228153,2.66030182,-0.78205268,0.40842908
1564.4500,1.916280e+14,D,A,0.84406846,2.58237853,-0.71549345,0.44779536
1564.5000,1.916219e+14,D,A,0.80480383,2.51131475,-0.65017184,0.47432666
1564.5500,1.916158e+14,D,A,0.76572640,2.44686048,-0.58825031,0.49020250
1564.6000,1.916096e+14,D,A,0.72770911,2.38859159,-0.53096563,0.49763043
1564.6500,1.916035e+14,D,A,0.69131615,2.33599392,-0.47886054,0.49860866
1564.7000,1.915974e+14,D,A,0.65687275,2.28852328,-0.43200818,0.49482395
1564.7500,1.915913e+14,D,A,0.62453089,2.24564430,-0.39019355,0.48763493
1564.8000,1.915852e+14,D,A,0.59432358,2.20685300,-0.35304478,0.47810030
1564.8500,1.915790e+14,D,A,0.56620649,2.17168821,-0.32012089,0.46702506
1564.9000,1.915729e+14,D,A,0.54008811,2.13973560,-0.29096638,0.45500960
1564.9500,1.915668e+14,D,A,0.51585076,2.11062740,-0.26514270,0.44249447
1565.0000,1.915607e+14,D,A,0.49336469,2.08403970,-0.24224468,0.42979789
1565.0500,1.915546e+14,D,A,0.47249726,2.05968852,-0.22190746,0.41714595
1565.1000,1.915484e+14,D,A,0.45311865,2.03732556,-0.20380785,0.40469603
1565.1500,1.915423e+14,D,A,0.43510522,2.01673390,-0.18766260,0.39255484
1565.2000,1.915362e+14,D,A,0.41834129,1.99772410,-0.17322521,0.38079188
1565.2500,1.915301e+14,D,A,0.40271995,1.98013049,-0.16028197,0.36944965
1565.3000,1.915240e+14,D,A,0.38814321,1.96380803,-0.14864808,0.35855111
1565.3500,1.915178e+14,D,A,0.37452175,1.94862953,-0.13816383,0.34810529
1565.4000,1.915117e+14,D,A,0.36177443,1.93448316,-0.12869124,0.33811138
1565.4500,1.915056e+14,D,A,0.34982777,1.92127043,-0.12011096,0.32856175
1565.5000,1.914995e+14,D,A,0.33861525,1.90890436,-0.11231964,0.31944418
1565.5500,1.914934e+14,D,A,0.32807675,1.89730794,-0.10522763,0.31074347
1565.6000,1.914873e+14,D,A,0.31815791,1.88641284,-0.09875704,0.30244256
1565.6500,1.914811e+14,D,A,0.30880954,1.87615826,-0.09284000,0.29452345
1565.7000,1.914750e+14,D,A,0.29998714,1.86648998,-0.08741729,0.28696777
1565.7500,1.914689e+14,D,A,0.29165040,1.85735952,-0.08243710,0.27975718
1565.8000,1.914628e+14,D,A,0.28376276,1.84872343,-0.07785397,0.27287371
1565.8500,1.914567e+14,D,A,0.27629102,1.84054269,-0.07362796,0.26629993
1565.9000,1.914506e+14,D,A,0.26920502,1.83278214,-0.06972386,0.26001909
1565.9500,1.914445e+14,D,A,0.26247729,1.82541007,-0.06611058,0.25401519
1566.0000,1.914384e+14,D,A,0.25608278,1.81839781,-0.06276059,0.24827304
1566.0500,1.914322e+14,D,A,0.24999865,1.81171935,-0.05964945,0.24277823
1566.1000,1.914261e+14,D,A,0.24420400,1.80535109,-0.05675544,0.23751719
1566.1500,1.914200e+14,D,A,0.23867971,1.79927156,-0.05405920,0.23247711
1566.2000,1.914139e+14,D,A,0.23340823,1.79346116,-0.05154341,0.22764595
1566.2500,1.914078e+14,D,A,0.22837347,1.78790201,-0.04919260,0.22301240
1566.3000,1.914017e+14,D,A,0.22356062,1.78257775,-0.04699286,0.21856583
1566.3500,1.913956e+14,D,A,0.21895607,1.77747338,-0.04493171,0.21429629
1566.4000,1.913895e+14,D,A,0.21454724,1.77257511,-0.04299791,0.21019443
1566.4500,1.913834e+14,D,A,0.21032254,1.76787028,-0.04118132,0.20625148
1566.5000,1.913772e+14,D,A,0.20627126,1.76334723,-0.03947274,0.20245922
1566.5500,1.913711e+14,D,A,0.20238346,1.75899520,-0.03786390,0.19880993
1566.6000,1.913650e+14,D,A,0.19864996,1.75480422,-0.03634723,0.19529640
1566.6500,1.913589e+14,D,A,0.19506222,1.75076512,-0.03491592,0.19191183
1566.7000,1.913528e+14,D,A,0.19161233,1.74686936,-0.03356371,0.18864984
1566.7500,1.913467e+14,D,A,0.18829291,1.74310904,-0.03228494,0.18550446
1566.8000,1.913406e+14,D,A,0.18509711,1.73947680,-0.03107442,0.18247006
1566.8500,1.913345e+14,D,A,0.18201853,1.73596583,-0.02992740,0.17954135
1566.9000,1.913284e+14,D,A,0.17905120,1.73256976,-0.02883955,0.17671336
1566.9500,1.913223e+14,D,A,0.17618954,1.72928265,-0.02780688,0.17398141
1567.0000,1.913162e+14,D,A,0.17342836,1.72609897,-0.02682574,0.17134111
1567.0500,1.913101e+14,D,A,0.17076276,1.72301355,-0.02589277,0.16878829
1567.1000,1.913040e+14,D,A,0.16818819,1.72002154,-0.02500488,0.16631904
1567.1500,1.912979e+14,D,A,0.16570035,1.71711843,-0.02415920,0.16392968
1567.2000,1.912918e+14,D,A,0.16329523,1.71429995,-0.02335311,0.16161672
1567.2500,1.912857e+14,D,A,0.16096904,1.71156212,-0.02258418,0.15937687
1567.3000,1.912796e+14,D,A,0.15871823,1.70890120,-0.02185015,0.15720702
1567.3500,1.912735e+14,D,A,0.15653946,1.70631367,-0.02114894,0.15510424
1567.4000,1.912674e+14,D,A,0.15442958,1.70379622,-0.02047862,0.15306574
1567.4500,1.912613e+14,D,A,0.15238562,1.70134573,-0.01983739,0.15108890
1567.5000,1.912552e+14,D,A,0.15040478,1.69895925,-0.01922359,0.14917121
1567.5500,1.912491e+14,D,A,0.14848441,1.69663402,-0.01863566,0.14731033
1567.6000,1.912430e+14,D,A,0.14662202,1.69436741,-0.01807217,0.14550400
1567.6500,1.912369e+14,D,A,0.14481525,1.69215696,-0.01753176,0.14375011
1567.7000,1.912308e+14,D,A,0.14306185,1.69000031,-0.01701318,0.14204663
1567.7500,1.912247e+14,D,A,0.14135972,1.68789526,-0.01651527,0.14039165
1567.8000,1.912186e+14,D,A,0.13970685,1.68583971,-0.01603692,0.13878336
1567.8500,1.912125e+14,D,A,0.13810133,1.68383167,-0.01557711,0.13722001
1567.9000,1.912064e+14,D,A,0.13654137,1.68186925,-0.01513488,0.13569997
1567.9500,1.912003e+14,D,A,0.13502526,1.67995066,-0.01470934,0.13422166
1568.0000,1.911942e+14,D,A,0.13355135,1.67807421,-0.01429964,0.13278360
1568.0500,1.911881e+14,D,A,0.13211812,1.67623827,-0.01390499,0.13138436
1568.1000,1.911820e+14,D,A,0.13072409,1.67444132,-0.01352465,0.13002258
1568.1500,1.911759e+14,D,A,0.12936786,1.67268188,-0.01315792,0.12869697
1551.0000,1.932898e+14,B,C,0.10282303,-1.50695094,0.00656032,-0.10261354
1551.0500,1.932836e+14,B,C,0.10214726,-1.50806789,0.00640334,-0.10194636
1551.1000,1.932773e+14,B,C,0.10148765,-1.50917025,0.00625033,-0.10129500
1551.1500,1.932711e+14,B,C,0.10084379,-1.51025848,0.00610114,-0.10065906
1551.2000,1.932649e+14,B,C,0.10021529,-1.51133300,0.00595562,-0.10003816
1551.2500,1.932586e+14,B,C,0.09960177,-1.51239422,0.00581365,-0.09943196
1551.3000,1.932524e+14,B,C,0.09900288,-1.51344253,0.00567508,-0.09884009
1551.3500,1.932462e+14,B,C,0.09841827,-1.51447831,0.00553979,-0.09826224
1551.4000,1.932399e+14,B,C,0.09784760,-1.51550195,0.00540767,-0.09769806
1551.4500,1.932337e+14,B,C,0.09729056,-1.51651379,0.00527859,-0.09714725
1551.5000,1.932275e+14,B,C,0.09674682,-1.51751418,0.00515244,-0.09660952
1551.5500,1.932213e+14,B,C,0.09621609,-1.51850346,0.00502912,-0.09608456
1551.6000,1.932150e+14,B,C,0.09569808,-1.51948195,0.00490853,-0.09557211
1551.6500,1.932088e+14,B,C,0.09519251,-1.52044997,0.00479057,-0.09507189
1551.7000,1.932026e+14,B,C,0.09469912,-1.52140783,0.00467515,-0.09458365
1551.7500,1.931964e+14,B,C,0.09421764,-1.52235581,0.00456217,-0.09410712
1551.8000,1.931901e+14,B,C,0.09374782,-1.52329421,0.00445155,-0.09364207
1551.8500,1.931839e+14,B,C,0.09328943,-1.52422330,0.00434320,-0.09318827
1551.9000,1.931777e+14,B,C,0.09284222,-1.52514337,0.00423705,-0.09274549
1551.9500,1.931715e+14,B,C,0.09240598,-1.52605465,0.00413302,-0.09231350
1552.0000,1.931652e+14,B,C,0.09198049,-1.52695743,0.00403103,-0.09189211
1552.0500,1.931590e+14,B,C,0.09156553,-1.52785193,0.00393102,-0.09148111
1552.1000,1.931528e+14,B,C,0.09116091,-1.52873841,0.00383291,-0.09108030
1552.1500,1.931466e+14,B,C,0.09076643,-1.52961709,0.00373664,-0.09068948
1552.2000,1.931404e+14,B,C,0.09038190,-1.53048821,0.00364214,-0.09030849
1552.2500,1.931341e+14,B,C,0.09000715,-1.53135199,0.00354935,-0.08993714
1552.3000,1.931279e+14,B,C,0.08964199,-1.53220864,0.00345822,-0.08957526
1552.3500,1.931217e+14,B,C,0.08928625,-1.53305837,0.00336868,-0.08922268
1552.4000,1.931155e+14,B,C,0.08893978,-1.53390140,0.00328068,-0.08887925
1552.4500,1.931093e+14,B,C,0.08860241,-1.53473791,0.00319417,-0.08854482
1552.5000,1.931030e+14,B,C,0.08827400,-1.53556811,0.00310909,-0.08821923
1552.5500,1.930968e+14,B,C,0.08795438,-1.53639218,0.00302540,-0.08790234
1552.6000,1.930906e+14,B,C,0.08764343,-1.53721031,0.00294304,-0.08759401
1552.6500,1.930844e+14,B,C,0.08734101,-1.53802269,0.00286197,-0.08729411
1552.7000,1.930782e+14,B,C,0.08704698,-1.53882948,0.00278214,-0.08700251
1552.7500,1.930719e+14,B,C,0.08676121,-1.53963087,0.00270352,-0.08671908
1552.8000,1.930657e+14,B,C,0.08648359,-1.54042702,0.00262604,-0.08644371
1552.8500,1.930595e+14,B,C,0.08621399,-1.54121809,0.00254969,-0.08617628
1552.9000,1.930533e+14,B,C,0.08595231,-1.54200426,0.00247440,-0.08591668
1552.9500,1.930471e+14,B,C,0.08569842,-1.54278567,0.00240015,-0.08566480
1553.0000,1.930409e+14,B,C,0.08545222,-1.54356249,0.00232690,-0.08542053
1553.0500,1.930346e+14,B,C,0.08521361,-1.54433487,0.00225461,-0.08518378
1553.1000,1.930284e+14,B,C,0.08498250,-1.54510295,0.00218325,-0.08495445
1553.1500,1.930222e+14,B,C,0.08475878,-1.54586688,0.00211277,-0.08473244
1553.2000,1.930160e+14,B,C,0.08454237,-1.54662680,0.00204315,-0.08451768
1553.2500,1.930098e+14,B,C,0.08433317,-1.54738286,0.00197435,-0.08431006
1553.3000,1.930036e+14,B,C,0.08413111,-1.54813519,0.00190634,-0.08410951
1553.3500,1.929974e+14,B,C,0.08393610,-1.54888394,0.00183909,-0.08391595
1553.4000,1.929912e+14,B,C,0.08374807,-1.54962922,0.00177257,-0.08372930
1553.4500,1.929849e+14,B,C,0.08356693,-1.55037118,0.00170675,-0.08354950
1553.5000,1.929787e+14,B,C,0.08339262,-1.55110995,0.00164159,-0.08337646
1553.5500,1.929725e+14,B,C,0.08322507,-1.55184564,0.00157708,-0.08321012
1553.6000,1.929663e+14,B,C,0.08306421,-1.55257839,0.00151317,-0.08305043
1553.6500,1.929601e+14,B,C,0.08290998,-1.55330832,0.00144986,-0.08289731
1553.7000,1.929539e+14,B,C,0.08276233,-1.55403555,0.00138710,-0.08275070
1553.7500,1.929477e+14,B,C,0.08262118,-1.55476020,0.00132487,-0.08261056
1553.8000,1.929415e+14,B,C,0.08248649,-1.55548239,0.00126314,-0.08247682
1553.8500,1.929353e+14,B,C,0.08235821,-1.55620223,0.00120190,-0.08234944
1553.9000,1.929291e+14,B,C,0.08223629,-1.55691984,0.00114111,-0.08222837
1553.9500,1.929228e+14,B,C,0.08212068,-1.55763534,0.00108076,-0.08211357
1554.0000,1.929166e+14,B,C,0.08201133,-1.55834884,0.00102081,-0.08200498
1554.0500,1.929104e+14,B,C,0.08190821,-1.55906044,0.00096124,-0.08190257
1554.1000,1.929042e+14,B,C,0.08181127,-1.55977026,0.00090204,-0.08180630
1554.1500,1.928980e+14,B,C,0.08172048,-1.56047841,0.00084317,-0.08171613
1554.2000,1.928918e+14,B,C,0.08163580,-1.56118499,0.00078462,-0.08163203
1554.2500,1.928856e+14,B,C,0.08155721,-1.56189012,0.00072636,-0.08155397
1554.3000,1.928794e+14,B,C,0.08148466,-1.56259390,0.00066836,-0.08148192
1554.3500,1.928732e+14,B,C,0.08141814,-1.56329643,0.00061062,-0.08141585
1554.4000,1.928670e+14,B,C,0.08135762,-1.56399782,0.00055311,-0.08135574
1554.4500,1.928608e+14,B,C,0.08130307,-1.56469817,0.00049580,-0.08130156
1554.5000,1.928546e+14,B,C,0.08125448,-1.56539759,0.00043867,-0.08125330
1554.5500,1.928484e+14,B,C,0.08121182,-1.56609618,0.00038171,-0.08121093
1554.6000,1.928422e+14,B,C,0.08117508,-1.56679405,0.00032488,-0.08117443
1554.6500,1.928360e+14,B,C,0.08114425,-1.56749129,0.00026818,-0.08114381
1554.7000,1.928298e+14,B,C,0.08111931,-1.56818800,0.00021159,-0.08111903
1554.7500,1.928236e+14,B,C,0.08110025,-1.56888429,0.00015507,-0.08110010
1554.8000,1.928174e+14,B,C,0.08108706,-1.56958026,0.00009861,-0.08108700
1554.8500,1.928112e+14,B,C,0.08107974,-1.57027601,0.00004219,-0.08107973
1554.9000,1.928050e+14,B,C,0.08107829,-1.57097164,-0.00001421,-0.08107829
1554.9500,1.927988e+14,B,C,0.08108270,-1.57166725,-0.00007062,-0.08108266
1555.0000,1.927926e+14,B,C,0.08109297,-1.57236295,-0.00012704,-0.08109287
1555.0500,1.927864e+14,B,C,0.08110911,-1.57305882,-0.00018351,-0.08110890
1555.1000,1.927802e+14,B,C,0.08113111,-1.57375498,-0.00024004,-0.08113076
1555.1500,1.927740e+14,B,C,0.08115900,-1.57445151,-0.00029665,-0.08115846
1555.2000,1.927678e+14,B,C,0.08119277,-1.57514854,-0.00035337,-0.08119200
1555.2500,1.927616e+14,B,C,0.08123244,-1.57584615,-0.00041021,-0.08123140
1555.3000,1.927554e+14,B,C,0.08127802,-1.57654445,-0.00046719,-0.08127668
1555.3500,1.927492e+14,B,C,0.08132952,-1.57724353,-0.00052434,-0.08132783
1555.4000,1.927430e+14,B,C,0.08138697,-1.57794351,-0.00058168,-0.08138489
1555.4500,1.927368e+14,B,C,0.08145038,-1.57864449,-0.00063923,-0.08144787
1555.5000,1.927306e+14,B,C,0.08151978,-1.57934656,-0.00069700,-0.08151680
1555.5500,1.927244e+14,B,C,0.08159518,-1.58004983,-0.00075503,-0.08159169
1555.6000,1.927182e+14,B,C,0.08167662,-1.58075442,-0.00081333,-0.08167257
1555.6500,1.927120e+14,B,C,0.08176412,-1.58146042,-0.00087192,-0.08175947
1555.7000,1.927058e+14,B,C,0.08185772,-1.58216793,-0.00093083,-0.08185243
1555.7500,1.926996e+14,B,C,0.08195744,-1.58287708,-0.00099008,-0.08195146
1555.8000,1.926934e+14,B,C,0.08206333,-1.58358796,-0.00104970,-0.08205662
1555.8500,1.926873e+14,B,C,0.08217542,-1.58430068,-0.00110969,-0.08216793
1555.9000,1.926811e+14,B,C,0.08229375,-1.58501536,-0.00117010,-0.08228543
1555.9500,1.926749e+14,B,C,0.08241836,-1.58573211,-0.00123094,-0.08240917
1556.0000,1.926687e+14,B,C,0.08254930,-1.58645103,-0.00129223,-0.08253919
1556.0500,1.926625e+14,B,C,0.08268662,-1.58717225,-0.00135401,-0.08267553
1556.1000,1.926563e+14,B,C,0.08283036,-1.58789588,-0.00141629,-0.08281826
1556.1500,1.926501e+14,B,C,0.08298059,-1.58862204,-0.00147911,-0.08296741
1556.2000,1.926439e+14,B,C,0.08313735,-1.58935084,-0.00154248,-0.08312304
1556.2500,1.926377e+14,B,C,0.08330070,-1.59008240,-0.00160644,-0.08328521
1556.3000,1.926315e+14,B,C,0.08347071,-1.59081685,-0.00167102,-0.08345398
1556.3500,1.926253e+14,B,C,0.08364744,-1.59155431,-0.00173623,-0.08362941
1556.4000,1.926192e+14,B,C,0.08383095,-1.59229491,-0.00180211,-0.08381157
1556.4500,1.926130e+14,B,C,0.08402131,-1.59303876,-0.00186868,-0.08400053
1556.5000,1.926068e+14,B,C,0.08421860,-1.59378601,-0.00193599,-0.08419635
1556.5500,1.926006e+14,B,C,0.08442290,-1.59453679,-0.00200405,-0.08439911
1556.6000,1.925944e+14,B,C,0.08463427,-1.59529121,-0.00207290,-0.08460888
1556.6500,1.925882e+14,B,C,0.08485281,-1.59604944,-0.00214257,-0.08482576
1556.7000,1.925820e+14,B,C,0.08507860,-1.59681159,-0.00221309,-0.08504981
1556.7500,1.925759e+14,B,C,0.08531173,-1.59757782,-0.00228450,-0.08528113
1556.8000,1.925697e+14,B,C,0.08555228,-1.59834826,-0.00235683,-0.08551981
1556.8500,1.925635e+14,B,C,0.08580037,-1.59912307,-0.00243012,-0.08576595
1556.9000,1.925573e+14,B,C,0.08605607,-1.59990239,-0.00250440,-0.08601963
1556.9500,1.925511e+14,B,C,0.08631951,-1.60068637,-0.00257971,-0.08628095
1557.0000,1.925449e+14,B,C,0.08659078,-1.60147518,-0.00265609,-0.08655004
1557.0500,1.925387e+14,B,C,0.08687000,-1.60226896,-0.00273358,-0.08682698
1557.1000,1.925326e+14,B,C,0.08715729,-1.60306789,-0.00281221,-0.08711191
1557.1500,1.925264e+14,B,C,0.08745275,-1.60387212,-0.00289204,-0.08740492
1557.2000,1.925202e+14,B,C,0.08775652,-1.60468183,-0.00297311,-0.08770614
1557.2500,1.925140e+14,B,C,0.08806873,-1.60549720,-0.00305545,-0.08801571
1557.3000,1.925078e+14,B,C,0.08838950,-1.60631839,-0.00313912,-0.08833374
1557.3500,1.925017e+14,B,C,0.08871898,-1.60714559,-0.00322416,-0.08866037
1557.4000,1.924955e+14,B,C,0.08905731,-1.60797898,-0.00331062,-0.08899575
1557.4500,1.924893e+14,B,C,0.08940463,-1.60881877,-0.00339856,-0.08934001
1557.5000,1.924831e+14,B,C,0.08976110,-1.60966513,-0.00348803,-0.08969330
1557.5500,1.924769e+14,B,C,0.09012688,-1.61051828,-0.00357907,-0.09005579
1557.6000,1.924708e+14,B,C,0.09050213,-1.61137842,-0.00367176,-0.09042762
1557.6500,1.924646e+14,B,C,0.09088703,-1.61224576,-0.00376614,-0.09080897
1557.7000,1.924584e+14,B,C,0.09128174,-1.61312051,-0.00386227,-0.09120000
1557.7500,1.924522e+14,B,C,0.09168646,-1.61400289,-0.00396022,-0.09160089
1557.8000,1.924461e+14,B,C,0.09210137,-1.61489315,-0.00406006,-0.09201183
1557.8500,1.924399e+14,B,C,0.09252666,-1.61579150,-0.00416185,-0.09243301
1557.9000,1.924337e+14,B,C,0.09296254,-1.61669820,-0.00426566,-0.09286462
1557.9500,1.924275e+14,B,C,0.09340922,-1.61761349,-0.00437156,-0.09330687
1558.0000,1.924213e+14,B,C,0.09386692,-1.61853762,-0.00447963,-0.09375997
1558.0500,1.924152e+14,B,C,0.09433586,-1.61947086,-0.00458994,-0.09422413
1558.1000,1.924090e+14,B,C,0.09481627,-1.62041347,-0.00470258,-0.09469958
1558.1500,1.924028e+14,B,C,0.09530840,-1.62136575,-0.00481764,-0.09518656
1558.2000,1.923966e+14,B,C,0.09581249,-1.62232796,-0.00493519,-0.09568531
1558.2500,1.923905e+14,B,C,0.09632882,-1.62330042,-0.00505533,-0.09619607
1558.3000,1.923843e+14,B,C,0.09685764,-1.62428342,-0.00517816,-0.09671912
1558.3500,1.923781e+14,B,C,0.09739923,-1.62527728,-0.00530378,-0.09725472
1558.4000,1.923720e+14,B,C,0.09795389,-1.62628233,-0.00543228,-0.09780314
1558.4500,1.923658e+14,B,C,0.09852191,-1.62729889,-0.00556378,-0.09836469
1558.5000,1.923596e+14,B,C,0.09910361,-1.62832732,-0.00569838,-0.09893965
1558.5500,1.923534e+14,B,C,0.09969930,-1.62936798,-0.00583621,-0.09952833
1558.6000,1.923473e+14,B,C,0.10030933,-1.63042122,-0.00597739,-0.10013107
1558.6500,1.923411e+14,B,C,0.10093403,-1.63148745,-0.00612204,-0.10074820
1558.7000,1.923349e+14,B,C,0.10157378,-1.63256704,-0.00627030,-0.10138006
1558.7500,1.923288e+14,B,C,0.10222894,-1.63366041,-0.00642230,-0.10202700
1558.8000,1.923226e+14,B,C,0.10289990,-1.63476799,-0.00657819,-0.10268942
1558.8500,1.923164e+14,B,C,0.10358707,-1.63589021,-0.00673812,-0.10336768
1558.9000,1.923103e+14,B,C,0.10429086,-1.63702753,-0.00690226,-0.10406220
1558.9500,1.923041e+14,B,C,0.10501171,-1.63818041,-0.00707076,-0.10477340
1559.0000,1.922979e+14,B,C,0.10575008,-1.63934935,-0.00724381,-0.10550169
1559.0500,1.922918e+14,B,C,0.10650644,-1.64053486,-0.00742158,-0.10624755
1559.1000,1.922856e+14,B,C,0.10728127,-1.64173745,-0.00760427,-0.10701143
1559.1500,1.922794e+14,B,C,0.10807509,-1.64295767,-0.00779208,-0.10779382
1559.2000,1.922733e+14,B,C,0.10888842,-1.64419610,-0.00798521,-0.10859523
1559.2500,1.922671e+14,B,C,0.10972181,-1.64545331,-0.00818389,-0.10941618
1559.3000,1.922609e+14,B,C,0.11057586,-1.64672993,-0.00838836,-0.11025722
1559.3500,1.922548e+14,B,C,0.11145114,-1.64802658,-0.00859885,-0.11111893
1559.4000,1.922486e+14,B,C,0.11234829,-1.64934394,-0.00881562,-0.11200189
1559.4500,1.922424e+14,B,C,0.11326795,-1.65068268,-0.00903894,-0.11290672
1559.5000,1.922363e+14,B,C,0.11421081,-1.65204353,-0.00926910,-0.11383406
1559.5500,1.922301e+14,B,C,0.11517758,-1.65342723,-0.00950640,-0.11478459
1559.6000,1.922239e+14,B,C,0.11616898,-1.65483457,-0.00975115,-0.11575901
1559.6500,1.922178e+14,B,C,0.11718580,-1.65626635,-0.01000368,-0.11675803
1559.7000,1.922116e+14,B,C,0.11822884,-1.65772343,-0.01026435,-0.11778243
1559.7500,1.922055e+14,B,C,0.11929893,-1.65920668,-0.01053353,-0.11883299
1559.8000,1.921993e+14,B,C,0.12039697,-1.66071704,-0.01081160,-0.11991054
1559.8500,1.921931e+14,B,C,0.12152386,-1.66225547,-0.01109898,-0.12101595
1559.9000,1.921870e+14,B,C,0.12268058,-1.66382298,-0.01139611,-0.12215012
1559.9500,1.921808e+14,B,C,0.12386812,-1.66542063,-0.01170345,-0.12331399
1560.0000,1.921747e+14,B,C,0.12508755,-1.66704951,-0.01202149,-0.12450855
1560.0500,1.921685e+14,B,C,0.12633997,-1.66871080,-0.01235075,-0.12573482
1560.1000,1.921623e+14,B,C,0.12762653,-1.67040570,-0.01269179,-0.12699390
1560.1500,1.921562e+14,B,C,0.12894846,-1.67213548,-0.01304517,-0.12828690
1560.2000,1.921500e+14,B,C,0.13030703,-1.67390147,-0.01341153,-0.12961501
1560.2500,1.921439e+14,B,C,0.13170357,-1.67570508,-0.01379153,-0.13097948
1560.3000,1.921377e+14,B,C,0.13313949,-1.67754778,-0.01418586,-0.13238159
1560.3500,1.921315e+14,B,C,0.13461627,-1.67943112,-0.01459526,-0.13382271
1560.4000,1.921254e+14,B,C,0.13613547,-1.68135670,-0.01502054,-0.13530428
1560.4500,1.921192e+14,B,C,0.13769871,-1.68332626,-0.01546254,-0.13682779
1560.5000,1.921131e+14,B,C,0.13930771,-1.68534158,-0.01592217,-0.13839481
1560.5500,1.921069e+14,B,C,0.14096430,-1.68740456,-0.01640037,-0.14000701
1560.6000,1.921008e+14,B,C,0.14267039,-1.68951720,-0.01689819,-0.14166612
1560.6500,1.920946e+14,B,C,0.14442798,-1.69168162,-0.01741673,-0.14337398
1560.7000,1.920885e+14,B,C,0.14623920,-1.69390003,-0.01795715,-0.14513251
1560.7500,1.920823e+14,B,C,0.14810631,-1.69617480,-0.01852073,-0.14694374
1560.8000,1.920762e+14,B,C,0.15003168,-1.69850841,-0.01910881,-0.14880981
1560.8500,1.920700e+14,B,C,0.15201782,-1.70090350,-0.01972286,-0.15073297
1560.9000,1.920638e+14,B,C,0.15406740,-1.70336286,-0.02036441,-0.15271560
1560.9500,1.920577e+14,B,C,0.15618322,-1.70588944,-0.02103516,-0.15476020
1561.0000,1.920515e+14,B,C,0.15836828,-1.70848639,-0.02173690,-0.15686943
1561.0500,1.920454e+14,B,C,0.16062574,-1.71115704,-0.02247159,-0.15904608
1561.1000,1.920392e+14,B,C,0.16295897,-1.71390493,-0.02324131,-0.16129311
1561.1500,1.920331e+14,B,C,0.16537155,-1.71673382,-0.02404833,-0.16361365
1561.2000,1.920269e+14,B,C,0.16786727,-1.71964773,-0.02489511,-0.16601101
1561.2500,1.920208e+14,B,C,0.17045019,-1.72265094,-0.02578428,-0.16848869
1561.3000,1.920146e+14,B,C,0.17312462,-1.72574801,-0.02671873,-0.17105042
1561.3500,1.920085e+14,B,C,0.17589517,-1.72894380,-0.02770157,-0.17370012
1561.4000,1.920023e+14,B,C,0.17876673,-1.73224354,-0.02873617,-0.17644199
1561.4500,1.919962e+14,B,C,0.18174456,-1.73565279,-0.02982623,-0.17928046
1561.5000,1.919900e+14,B,C,0.18483428,-1.73917753,-0.03097576,-0.18222023
1561.5500,1.919839e+14,B,C,0.18804189,-1.74282416,-0.03218912,-0.18526633
1561.6000,1.919778e+14,B,C,0.19137383,-1.74659958,-0.03347110,-0.18842406
1561.6500,1.919716e+14,B,C,0.19483702,-1.75051117,-0.03482693,-0.19169911
1561.7000,1.919655e+14,B,C,0.19843888,-1.75456692,-0.03626232,-0.19509749
1561.7500,1.919593e+14,B,C,0.20218739,-1.75877540,-0.03778356,-0.19862564
1561.8000,1.919532e+14,B,C,0.20609116,-1.76314589,-0.03939755,-0.20229038
1561.8500,1.919470e+14,B,C,0.21015944,-1.76768841,-0.04111190,-0.20609901
1561.9000,1.919409e+14,B,C,0.21440225,-1.77241382,-0.04293498,-0.21005930
1561.9500,1.919347e+14,B,C,0.21883038,-1.77733388,-0.04487604,-0.21417954
1562.0000,1.919286e+14,B,C,0.22345553,-1.78246137,-0.04694534,-0.21846855
1562.0500,1.919224e+14,B,C,0.22829038,-1.78781018,-0.04915422,-0.22293577
1562.1000,1.919163e+14,B,C,0.23334866,-1.79339544,-0.05151530,-0.22759124
1562.1500,1.919102e+14,B,C,0.23864531,-1.79923368,-0.05404260,-0.23244566
1562.2000,1.919040e+14,B,C,0.24419658,-1.80534293,-0.05675178,-0.23751043
1562.2500,1.918979e+14,B,C,0.25002016,-1.81174297,-0.05966032,-0.24279771
1562.3000,1.918917e+14,B,C,0.25613535,-1.81845548,-0.06278779,-0.24832038
1562.3500,1.918856e+14,B,C,0.26256325,-1.82550430,-0.06615618,-0.25409215
1562.4000,1.918795e+14,B,C,0.26932694,-1.83291569,-0.06979018,-0.26012753
1562.4500,1.918733e+14,B,C,0.27645169,-1.84071861,-0.07371765,-0.26644182
1562.5000,1.918672e+14,B,C,0.28396524,-1.84894512,-0.07797006,-0.27305115
1562.5500,1.918610e+14,B,C,0.29189808,-1.85763073,-0.08258304,-0.27997237
1562.6000,1.918549e+14,B,C,0.30028373,-1.86681489,-0.08759705,-0.28722305
1562.6500,1.918488e+14,B,C,0.30915914,-1.87654155,-0.09305811,-0.29482124
1562.7000,1.918426e+14,B,C,0.31856504,-1.88685972,-0.09901873,-0.30278537
1562.7500,1.918365e+14,B,C,0.32854642,-1.89782427,-0.10553894,-0.31113387
1562.8000,1.918303e+14,B,C,0.33915297,-1.90949670,-0.11268750,-0.31988477
1562.8500,1.918242e+14,B,C,0.35043965,-1.92194620,-0.12054344,-0.32905506
1562.9000,1.918181e+14,B,C,0.36246726,-1.93525070,-0.12919767,-0.33865982
1562.9500,1.918119e+14,B,C,0.37530301,-1.94949829,-0.13875505,-0.34871103
1563.0000,1.918058e+14,B,C,0.38902119,-1.96478875,-0.14933668,-0.35921587
1563.0500,1.917997e+14,B,C,0.40370380,-1.98123535,-0.16108263,-0.37017448
1563.1000,1.917935e+14,B,C,0.41944109,-1.99896700,-0.17415501,-0.38157681
1563.1500,1.917874e+14,B,C,0.43633204,-2.01813071,-0.18874142,-0.39339843
1563.2000,1.917813e+14,B,C,0.45448454,-2.03889439,-0.20505877,-0.40559475
1563.2500,1.917751e+14,B,C,0.47401525,-2.06145016,-0.22335726,-0.41809328
1563.3000,1.917690e+14,B,C,0.49504867,-2.08601791,-0.24392418,-0.43078322
1563.3500,1.917629e+14,B,C,0.51771525,-2.11284939,-0.26708715,-0.44350146
1563.4000,1.917567e+14,B,C,0.54214784,-2.14223246,-0.29321555,-0.45601417
1563.4500,1.917506e+14,B,C,0.56847565,-2.17449534,-0.32271881,-0.46799266
1563.5000,1.917445e+14,B,C,0.59681472,-2.21001044,-0.35603872,-0.47898251
1563.5500,1.917383e+14,B,C,0.62725317,-2.24919691,-0.39363182,-0.48836515
1563.6000,1.917322e+14,B,C,0.65982936,-2.29252058,-0.43593606,-0.49531257
1563.6500,1.917261e+14,B,C,0.69450072,-2.34048928,-0.48331331,-0.49873790
1563.7000,1.917199e+14,B,C,0.73110080,-2.39364056,-0.53595776,-0.49725009
1563.7500,1.917138e+14,B,C,0.76928371,-2.45251764,-0.59375969,-0.48912867
1563.8000,1.917077e+14,B,C,0.80845750,-2.51762865,-0.65611892,-0.47234680
1563.8500,1.917015e+14,B,C,0.84771469,-2.58938422,-0.72171726,-0.44468459
1563.9000,1.916954e+14,B,C,0.88577773,-2.66801095,-0.78828945,-0.40398259
1563.9500,1.916893e+14,B,C,0.92099016,-2.75344454,-0.85247912,-0.34857170
1564.0000,1.916832e+14,B,C,0.95139285,-2.84521805,-0.90991363,-0.27785885
1564.0500,1.916770e+14,B,C,0.97491832,-2.94237558,-0.95563621,-0.19293824
1564.1000,1.916709e+14,B,C,0.98970140,-3.04345187,-0.98493902,-0.09697423
1564.1500,1.916648e+14,B,C,0.99444262,3.13663242,-0.99443039,0.00493265
1564.2000,1.916586e+14,B,C,0.98870465,3.03364221,-0.98294941,0.10652394
1564.2500,1.916525e+14,B,C,0.97301959,2.93288478,-0.95190454,0.20160576
1564.3000,1.916464e+14,B,C,0.94875872,2.83621738,-0.90486363,0.28524536
1564.3500,1.916403e+14,B,C,0.91782325,2.74505516,-0.84660369,0.35448797
1564.4000,1.916341e+14,B,C,0.88228153,2.66030182,-0.78205268,0.40842908
1564.4500,1.916280e+14,B,C,0.84406846,2.58237853,-0.71549345,0.44779536
1564.5000,1.916219e+14,B,C,0.80480383,2.51131475,-0.65017184,0.47432666
1564.5500,1.916158e+14,B,C,0.76572640,2.44686048,-0.58825031,0.49020250
1564.6000,1.916096e+14,B,C,0.72770911,2.38859159,-0.53096563,0.49763043
1564.6500,1.916035e+14,B,C,0.69131615,2.33599392,-0.47886054,0.49860866
1564.7000,1.915974e+14,B,C,0.65687275,2.28852328,-0.43200818,0.49482395
1564.7500,1.915913e+14,B,C,0.62453089,2.24564430,-0.39019355,0.48763493
1564.8000,1.915852e+14,B,C,0.59432358,2.20685300,-0.35304478,0.47810030
1564.8500,1.915790e+14,B,C,0.56620649,2.17168821,-0.32012089,0.46702506
1564.9000,1.915729e+14,B,C,0.54008811,2.13973560,-0.29096638,0.45500960
1564.9500,1.915668e+14,B,C,0.51585076,2.11062740,-0.26514270,0.44249447
1565.0000,1.915607e+14,B,C,0.49336469,2.08403970,-0.24224468,0.42979789
1565.0500,1.915546e+14,B,C,0.47249726,2.05968852,-0.22190746,0.41714595
1565.1000,1.915484e+14,B,C,0.45311865,2.03732556,-0.20380785,0.40469603
1565.1500,1.915423e+14,B,C,0.43510522,2.01673390,-0.18766260,0.39255484
1565.2000,1.915362e+14,B,C,0.41834129,1.99772410,-0.17322521,0.38079188
1565.2500,1.915301e+14,B,C,0.40271995,1.98013049,-0.16028197,0.36944965
1565.3000,1.915240e+14,B,C,0.38814321,1.96380803,-0.14864808,0.35855111
1565.3500,1.915178e+14,B,C,0.37452175,1.94862953,-0.13816383,0.34810529
1565.4000,1.915117e+14,B,C,0.36177443,1.93448316,-0.12869124,0.33811138
1565.4500,1.915056e+14,B,C,0.34982777,1.92127043,-0.12011096,0.32856175
1565.5000,1.914995e+14,B,C,0.33861525,1.90890436,-0.11231964,0.31944418
1565.5500,1.914934e+14,B,C,0.32807675,1.89730794,-0.10522763,0.31074347
1565.6000,1.914873e+14,B,C,0.31815791,1.88641284,-0.09875704,0.30244256
1565.6500,1.914811e+14,B,C,0.30880954,1.87615826,-0.09284000,0.29452345
1565.7000,1.914750e+14,B,C,0.29998714,1.86648998,-0.08741729,0.28696777
1565.7500,1.914689e+14,B,C,0.29165040,1.85735952,-0.08243710,0.27975718
1565.8000,1.914628e+14,B,C,0.28376276,1.84872343,-0.07785397,0.27287371
1565.8500,1.914567e+14,B,C,0.27629102,1.84054269,-0.07362796,0.26629993
1565.9000,1.914506e+14,B,C,0.26920502,1.83278214,-0.06972386,0.26001909
1565.9500,1.914445e+14,B,C,0.26247729,1.82541007,-0.06611058,0.25401519
1566.0000,1.914384e+14,B,C,0.25608278,1.81839781,-0.06276059,0.24827304
1566.0500,1.914322e+14,B,C,0.24999865,1.81171935,-0.05964945,0.24277823
1566.1000,1.914261e+14,B,C,0.24420400,1.80535109,-0.05675544,0.23751719
1566.1500,1.914200e+14,B,C,0.23867971,1.79927156,-0.05405920,0.23247711
1566.2000,1.914139e+14,B,C,0.23340823,1.79346116,-0.05154341,0.22764595
1566.2500,1.914078e+14,B,C,0.22837347,1.78790201,-0.04919260,0.22301240
1566.3000,1.914017e+14,B,C,0.22356062,1.78257775,-0.04699286,0.21856583
1566.3500,1.913956e+14,B,C,0.21895607,1.77747338,-0.04493171,0.21429629
1566.4000,1.913895e+14,B,C,0.21454724,1.77257511,-0.04299791,0.21019443
1566.4500,1.913834e+14,B,C,0.21032254,1.76787028,-0.04118132,0.20625148
1566.5000,1.913772e+14,B,C,0.20627126,1.76334723,-0.03947274,0.20245922
1566.5500,1.913711e+14,B,C,0.20238346,1.75899520,-0.03786390,0.19880993
1566.6000,1.913650e+14,B,C,0.19864996,1.75480422,-0.03634723,0.19529640
1566.6500,1.913589e+14,B,C,0.19506222,1.75076512,-0.03491592,0.19191183
1566.7000,1.913528e+14,B,C,0.19161233,1.74686936,-0.03356371,0.18864984
1566.7500,1.913467e+14,B,C,0.18829291,1.74310904,-0.03228494,0.18550446
1566.8000,1.913406e+14,B,C,0.18509711,1.73947680,-0.03107442,0.18247006
1566.8500,1.913345e+14,B,C,0.18201853,1.73596583,-0.02992740,0.17954135
1566.9000,1.913284e+14,B,C,0.17905120,1.73256976,-0.02883955,0.17671336
1566.9500,1.913223e+14,B,C,0.17618954,1.72928265,-0.02780688,0.17398141
1567.0000,1.913162e+14,B,C,0.17342836,1.72609897,-0.02682574,0.17134111
1567.0500,1.913101e+14,B,C,0.17076276,1.72301355,-0.02589277,0.16878829
1567.1000,1.913040e+14,B,C,0.16818819,1.72002154,-0.02500488,0.16631904
1567.1500,1.912979e+14,B,C,0.16570035,1.71711843,-0.02415920,0.16392968
1567.2000,1.912918e+14,B,C,0.16329523,1.71429995,-0.02335311,0.16161672
1567.2500,1.912857e+14,B,C,0.16096904,1.71156212,-0.02258418,0.15937687
1567.3000,1.912796e+14,B,C,0.15871823,1.70890120,-0.02185015,0.15720702
1567.3500,1.912735e+14,B,C,0.15653946,1.70631367,-0.02114894,0.15510424
1567.4000,1.912674e+14,B,C,0.15442958,1.70379622,-0.02047862,0.15306574
1567.4500,1.912613e+14,B,C,0.15238562,1.70134573,-0.01983739,0.15108890
1567.5000,1.912552e+14,B,C,0.15040478,1.69895925,-0.01922359,0.14917121
1567.5500,1.912491e+14,B,C,0.14848441,1.69663402,-0.01863566,0.14731033
1567.6000,1.912430e+14,B,C,0.14662202,1.69436741,-0.01807217,0.14550400
1567.6500,1.912369e+14,B,C,0.14481525,1.69215696,-0.01753176,0.14375011
1567.7000,1.912308e+14,B,C,0.14306185,1.69000031,-0.01701318,0.14204663
1567.7500,1.912247e+14,B,C,0.14135972,1.68789526,-0.01651527,0.14039165
1567.8000,1.912186e+14,B,C,0.13970685,1.68583971,-0.01603692,0.13878336
1567.8500,1.912125e+14,B,C,0.13810133,1.68383167,-0.01557711,0.13722001
1567.9000,1.912064e+14,B,C,0.13654137,1.68186925,-0.01513488,0.13569997
1567.9500,1.912003e+14,B,C,0.13502526,1.67995066,-0.01470934,0.13422166
1568.0000,1.911942e+14,B,C,0.13355135,1.67807421,-0.01429964,0.13278360
1568.0500,1.911881e+14,B,C,0.13211812,1.67623827,-0.01390499,0.13138436
1568.1000,1.911820e+14,B,C,0.13072409,1.67444132,-0.01352465,0.13002258
1568.1500,1.911759e+14,B,C,0.12936786,1.67268188,-0.01315792,0.12869697
1551.0000,1.932898e+14,D,C,0.99464039,0.06349086,0.99263633,0.06310816
1551.0500,1.932836e+14,D,C,0.99471080,0.06238013,0.99277608,0.06200996
1551.1000,1.932773e+14,D,C,0.99477907,0.06128390,0.99291160,0.06092579
1551.1500,1.932711e+14,D,C,0.99484527,0.06020173,0.99304303,0.05985524
1551.2000,1.932649e+14,D,C,0.99490949,0.05913319,0.99317053,0.05879789
1551.2500,1.932586e+14,D,C,0.99497178,0.05807788,0.99329421,0.05775337
1551.3000,1.932524e+14,D,C,0.99503222,0.05703540,0.99341422,0.05672130
1551.3500,1.932462e+14,D,C,0.99509086,0.05600538,0.99353067,0.05570131
1551.4000,1.932399e+14,D,C,0.99514776,0.05498744,0.99364367,0.05469306
1551.4500,1.932337e+14,D,C,0.99520299,0.05398123,0.99375334,0.05369619
1551.5000,1.932275e+14,D,C,0.99525658,0.05298640,0.99385979,0.05271039
1551.5500,1.932213e+14,D,C,0.99530861,0.05200262,0.99396312,0.05173533
1551.6000,1.932150e+14,D,C,0.99535910,0.05102957,0.99406342,0.05077071
1551.6500,1.932088e+14,D,C,0.99540812,0.05006693,0.99416079,0.04981621
1551.7000,1.932026e+14,D,C,0.99545571,0.04911440,0.99425532,0.04887156
1551.7500,1.931964e+14,D,C,0.99550190,0.04817169,0.99434709,0.04793646
1551.8000,1.931901e+14,D,C,0.99554675,0.04723850,0.99443619,0.04701065
1551.8500,1.931839e+14,D,C,0.99559029,0.04631457,0.99452269,0.04609386
1551.9000,1.931777e+14,D,C,0.99563256,0.04539962,0.99460667,0.04518582
1551.9500,1.931715e+14,D,C,0.99567359,0.04449340,0.99468821,0.04428629
1552.0000,1.931652e+14,D,C,0.99571343,0.04359564,0.99476736,0.04339502
1552.0500,1.931590e+14,D,C,0.99575210,0.04270611,0.99484421,0.04251177
1552.1000,1.931528e+14,D,C,0.99578964,0.04182456,0.99491880,0.04163632
1552.1500,1.931466e+14,D,C,0.99582608,0.04095075,0.99499121,0.04076843
1552.2000,1.931404e+14,D,C,0.99586144,0.04008447,0.99506149,0.03990789
1552.2500,1.931341e+14,D,C,0.99589576,0.03922549,0.99512970,0.03905449
1552.3000,1.931279e+14,D,C,0.99592906,0.03837360,0.99519588,0.03820801
1552.3500,1.931217e+14,D,C,0.99596137,0.03752859,0.99526010,0.03736825
1552.4000,1.931155e+14,D,C,0.99599272,0.03669024,0.99532240,0.03653502
1552.4500,1.931093e+14,D,C,0.99602312,0.03585838,0.99538284,0.03570812
1552.5000,1.931030e+14,D,C,0.99605261,0.03503279,0.99544144,0.03488736
1552.5500,1.930968e+14,D,C,0.99608120,0.03421329,0.99549827,0.03407257
1552.6000,1.930906e+14,D,C,0.99610891,0.03339970,0.99555336,0.03326355
1552.6500,1.930844e+14,D,C,0.99613577,0.03259184,0.99560676,0.03246015
1552.7000,1.930782e+14,D,C,0.99616179,0.03178952,0.99565849,0.03166217
1552.7500,1.930719e+14,D,C,0.99618700,0.03099258,0.99570860,0.03086946
1552.8000,1.930657e+14,D,C,0.99621141,0.03020085,0.99575713,0.03008186
1552.8500,1.930595e+14,D,C,0.99623504,0.02941416,0.99580410,0.02929920
1552.9000,1.930533e+14,D,C,0.99625790,0.02863236,0.99584956,0.02852132
1552.9500,1.930471e+14,D,C,0.99628002,0.02785528,0.99589353,0.02774807
1553.0000,1.930409e+14,D,C,0.99630140,0.02708278,0.99593604,0.02697931
1553.0500,1.930346e+14,D,C,0.99632207,0.02631469,0.99597713,0.02621488
1553.1000,1.930284e+14,D,C,0.99634203,0.02555087,0.99601681,0.02545464
1553.1500,1.930222e+14,D,C,0.99636129,0.02479118,0.99605513,0.02469844
1553.2000,1.930160e+14,D,C,0.99637989,0.02403547,0.99609209,0.02394616
1553.2500,1.930098e+14,D,C,0.99639781,0.02328361,0.99612774,0.02319764
1553.3000,1.930036e+14,D,C,0.99641508,0.02253545,0.99616208,0.02245276
1553.3500,1.929974e+14,D,C,0.99643171,0.02179086,0.99619515,0.02171138
1553.4000,1.929912e+14,D,C,0.99644771,0.02104971,0.99622696,0.02097338
1553.4500,1.929849e+14,D,C,0.99646309,0.02031186,0.99625754,0.02023863
1553.5000,1.929787e+14,D,C,0.99647785,0.01957720,0.99628690,0.01950700
1553.5500,1.929725e+14,D,C,0.99649202,0.01884558,0.99631507,0.01877836
1553.6000,1.929663e+14,D,C,0.99650559,0.01811690,0.99634206,0.01805260
1553.6500,1.929601e+14,D,C,0.99651858,0.01739102,0.99636788,0.01732960
1553.7000,1.929539e+14,D,C,0.99653099,0.01666782,0.99639256,0.01660923
1553.7500,1.929477e+14,D,C,0.99654283,0.01594719,0.99641612,0.01589139
1553.8000,1.929415e+14,D,C,0.99655411,0.01522901,0.99643855,0.01517595
1553.8500,1.929353e+14,D,C,0.99656484,0.01451316,0.99645989,0.01446280
1553.9000,1.929291e+14,D,C,0.99657502,0.01379953,0.99648013,0.01375183
1553.9500,1.929228e+14,D,C,0.99658466,0.01308800,0.99649931,0.01304293
1554.0000,1.929166e+14,D,C,0.99659376,0.01237846,0.99651741,0.01233598
1554.0500,1.929104e+14,D,C,0.99660234,0.01167081,0.99653447,0.01163089
1554.1000,1.929042e+14,D,C,0.99661039,0.01096492,0.99655048,0.01092754
1554.1500,1.928980e+14,D,C,0.99661792,0.01026070,0.99656546,0.01022582
1554.2000,1.928918e+14,D,C,0.99662494,0.00955804,0.99657942,0.00952563
1554.2500,1.928856e+14,D,C,0.99663145,0.00885682,0.99659236,0.00882687
1554.3000,1.928794e+14,D,C,0.99663745,0.00815695,0.99660429,0.00812943
1554.3500,1.928732e+14,D,C,0.99664294,0.00745831,0.99661522,0.00743320
1554.4000,1.928670e+14,D,C,0.99664794,0.00676081,0.99662516,0.00673810
1554.4500,1.928608e+14,D,C,0.99665244,0.00606434,0.99663412,0.00604400
1554.5000,1.928546e+14,D,C,0.99665645,0.00536880,0.99664209,0.00535082
1554.5500,1.928484e+14,D,C,0.99665996,0.00467408,0.99664908,0.00465845
1554.6000,1.928422e+14,D,C,0.99666299,0.00398008,0.99665510,0.00396679
1554.6500,1.928360e+14,D,C,0.99666553,0.00328671,0.99666015,0.00327575
1554.7000,1.928298e+14,D,C,0.99666758,0.00259386,0.99666423,0.00258521
1554.7500,1.928236e+14,D,C,0.99666915,0.00190143,0.99666735,0.00189510
1554.8000,1.928174e+14,D,C,0.99667024,0.00120932,0.99666951,0.00120529
1554.8500,1.928112e+14,D,C,0.99667084,0.00051743,0.99667070,0.00051570
1554.9000,1.928050e+14,D,C,0.99667096,-0.00017434,0.99667094,-0.00017376
1554.9500,1.927988e+14,D,C,0.99667060,-0.00086610,0.99667022,-0.00086321
1555.0000,1.927926e+14,D,C,0.99666975,-0.00155793,0.99666854,-0.00155274
1555.0500,1.927864e+14,D,C,0.99666842,-0.00224995,0.99666590,-0.00224245
1555.1000,1.927802e+14,D,C,0.99666661,-0.00294224,0.99666230,-0.00293243
1555.1500,1.927740e+14,D,C,0.99666432,-0.00363492,0.99665773,-0.00362279
1555.2000,1.927678e+14,D,C,0.99666153,-0.00432808,0.99665220,-0.00431361
1555.2500,1.927616e+14,D,C,0.99665827,-0.00502182,0.99664570,-0.00500502
1555.3000,1.927554e+14,D,C,0.99665451,-0.00571624,0.99663823,-0.00569709
1555.3500,1.927492e+14,D,C,0.99665026,-0.00641145,0.99662978,-0.00638993
1555.4000,1.927430e+14,D,C,0.99664552,-0.00710755,0.99662034,-0.00708365
1555.4500,1.927368e+14,D,C,0.99664028,-0.00780464,0.99660993,-0.00777834
1555.5000,1.927306e+14,D,C,0.99663454,-0.00850282,0.99659852,-0.00847410
1555.5500,1.927244e+14,D,C,0.99662830,-0.00920219,0.99658611,-0.00917104
1555.6000,1.927182e+14,D,C,0.99662156,-0.00990287,0.99657269,-0.00986925
1555.6500,1.927120e+14,D,C,0.99661430,-0.01060495,0.99655826,-0.01056885
1555.7000,1.927058e+14,D,C,0.99660653,-0.01130854,0.99654281,-0.01126993
1555.7500,1.926996e+14,D,C,0.99659825,-0.01201376,0.99652633,-0.01197260
1555.8000,1.926934e+14,D,C,0.99658944,-0.01272069,0.99650881,-0.01267697
1555.8500,1.926873e+14,D,C,0.99658010,-0.01342946,0.99649023,-0.01338313
1555.9000,1.926811e+14,D,C,0.99657022,-0.01414018,0.99647060,-0.01409121
1555.9500,1.926749e+14,D,C,0.99655981,-0.01485295,0.99644989,-0.01480131
1556.0000,1.926687e+14,D,C,0.99654885,-0.01556789,0.99642809,-0.01551354
1556.0500,1.926625e+14,D,C,0.99653734,-0.01628511,0.99640520,-0.01622800
1556.1000,1.926563e+14,D,C,0.99652527,-0.01700472,0.99638120,-0.01694482
1556.1500,1.926501e+14,D,C,0.99651263,-0.01772685,0.99635606,-0.01766411
1556.2000,1.926439e+14,D,C,0.99649942,-0.01845161,0.99632979,-0.01838597
1556.2500,1.926377e+14,D,C,0.99648563,-0.01917911,0.99630236,-0.01911054
1556.3000,1.926315e+14,D,C,0.99647124,-0.01990949,0.99627375,-0.01983792
1556.3500,1.926253e+14,D,C,0.99645626,-0.02064286,0.99624396,-0.02056824
1556.4000,1.926192e+14,D,C,0.99644066,-0.02137934,0.99621295,-0.02130163
1556.4500,1.926130e+14,D,C,0.99642445,-0.02211907,0.99618071,-0.02203819
1556.5000,1.926068e+14,D,C,0.99640761,-0.02286218,0.99614722,-0.02277806
1556.5500,1.926006e+14,D,C,0.99639013,-0.02360878,0.99611246,-0.02352138
1556.6000,1.925944e+14,D,C,0.99637200,-0.02435903,0.99607641,-0.02426825
1556.6500,1.925882e+14,D,C,0.99635320,-0.02511304,0.99603904,-0.02501883
1556.7000,1.925820e+14,D,C,0.99633373,-0.02587097,0.99600032,-0.02577324
1556.7500,1.925759e+14,D,C,0.99631358,-0.02663294,0.99596025,-0.02653163
1556.8000,1.925697e+14,D,C,0.99629272,-0.02739911,0.99591878,-0.02729412
1556.8500,1.925635e+14,D,C,0.99627115,-0.02816962,0.99587589,-0.02806087
1556.9000,1.925573e+14,D,C,0.99624884,-0.02894461,0.99583155,-0.02883201
1556.9500,1.925511e+14,D,C,0.99622580,-0.02972425,0.99578573,-0.02960770
1557.0000,1.925449e+14,D,C,0.99620200,-0.03050867,0.99573841,-0.03038809
1557.0500,1.925387e+14,D,C,0.99617741,-0.03129805,0.99568954,-0.03117332
1557.1000,1.925326e+14,D,C,0.99615204,-0.03209254,0.99563910,-0.03196356
1557.1500,1.925264e+14,D,C,0.99612586,-0.03289231,0.99558705,-0.03275897
1557.2000,1.925202e+14,D,C,0.99609884,-0.03369753,0.99553335,-0.03355972
1557.2500,1.925140e+14,D,C,0.99607098,-0.03450836,0.99547797,-0.03436596
1557.3000,1.925078e+14,D,C,0.99604225,-0.03532500,0.99542086,-0.03517787
1557.3500,1.925017e+14,D,C,0.99601263,-0.03614760,0.99536198,-0.03599563
1557.4000,1.924955e+14,D,C,0.99598210,-0.03697637,0.99530130,-0.03681941
1557.4500,1.924893e+14,D,C,0.99595064,-0.03781149,0.99523876,-0.03764941
1557.5000,1.924831e+14,D,C,0.99591821,-0.03865316,0.99517432,-0.03848580
1557.5500,1.924769e+14,D,C,0.99588481,-0.03950157,0.99510793,-0.03932878
1557.6000,1.924708e+14,D,C,0.99585040,-0.04035693,0.99503955,-0.04017855
1557.6500,1.924646e+14,D,C,0.99581495,-0.04121945,0.99496911,-0.04103532
1557.7000,1.924584e+14,D,C,0.99577845,-0.04208934,0.99489656,-0.04189928
1557.7500,1.924522e+14,D,C,0.99574085,-0.04296682,0.99482185,-0.04277066
1557.8000,1.924461e+14,D,C,0.99570213,-0.04385213,0.99474491,-0.04364967
1557.8500,1.924399e+14,D,C,0.99566226,-0.04474550,0.99466569,-0.04453654
1557.9000,1.924337e+14,D,C,0.99562121,-0.04564715,0.99458412,-0.04543149
1557.9500,1.924275e+14,D,C,0.99557893,-0.04655735,0.99450012,-0.04633478
1558.0000,1.924213e+14,D,C,0.99553540,-0.04747635,0.99441364,-0.04724663
1558.0500,1.924152e+14,D,C,0.99549058,-0.04840440,0.99432460,-0.04816731
1558.1000,1.924090e+14,D,C,0.99544443,-0.04934178,0.99423292,-0.04909707
1558.1500,1.924028e+14,D,C,0.99539691,-0.05028876,0.99413851,-0.05003618
1558.2000,1.923966e+14,D,C,0.99534797,-0.05124562,0.99404131,-0.05098491
1558.2500,1.923905e+14,D,C,0.99529758,-0.05221267,0.99394122,-0.05194354
1558.3000,1.923843e+14,D,C,0.99524568,-0.05319021,0.99383814,-0.05291237
1558.3500,1.923781e+14,D,C,0.99519224,-0.05417854,0.99373199,-0.05389169
1558.4000,1.923720e+14,D,C,0.99513719,-0.05517800,0.99362267,-0.05488182
1558.4500,1.923658e+14,D,C,0.99508049,-0.05618891,0.99351007,-0.05588307
1558.5000,1.923596e+14,D,C,0.99502208,-0.05721162,0.99339409,-0.05689577
1558.5500,1.923534e+14,D,C,0.99496191,-0.05824648,0.99327460,-0.05792026
1558.6000,1.923473e+14,D,C,0.99489991,-0.05929387,0.99315150,-0.05895690
1558.6500,1.923411e+14,D,C,0.99483602,-0.06035415,0.99302466,-0.06000604
1558.7000,1.923349e+14,D,C,0.99477018,-0.06142774,0.99289395,-0.06106806
1558.7500,1.923288e+14,D,C,0.99470231,-0.06251503,0.99275923,-0.06214334
1558.8000,1.923226e+14,D,C,0.99463236,-0.06361644,0.99262037,-0.06323230
1558.8500,1.923164e+14,D,C,0.99456023,-0.06473241,0.99247721,-0.06433533
1558.9000,1.923103e+14,D,C,0.99448585,-0.06586339,0.99232960,-0.06545286
1558.9500,1.923041e+14,D,C,0.99440915,-0.06700985,0.99217738,-0.06658535
1559.0000,1.922979e+14,D,C,0.99433003,-0.06817228,0.99202037,-0.06773325
1559.0500,1.922918e+14,D,C,0.99424839,-0.06935118,0.99185839,-0.06889704
1559.1000,1.922856e+14,D,C,0.99416416,-0.07054707,0.99169126,-0.07007721
1559.1500,1.922794e+14,D,C,0.99407722,-0.07176049,0.99151878,-0.07127426
1559.2000,1.922733e+14,D,C,0.99398747,-0.07299201,0.99134074,-0.07248874
1559.2500,1.922671e+14,D,C,0.99389479,-0.07424222,0.99115692,-0.07372119
1559.3000,1.922609e+14,D,C,0.99379908,-0.07551172,0.99096710,-0.07497218
1559.3500,1.922548e+14,D,C,0.99370021,-0.07680114,0.99077103,-0.07624230
1559.4000,1.922486e+14,D,C,0.99359805,-0.07811114,0.99056845,-0.07753218
1559.4500,1.922424e+14,D,C,0.99349247,-0.07944241,0.99035911,-0.07884245
1559.5000,1.922363e+14,D,C,0.99338332,-0.08079566,0.99014271,-0.08017377
1559.5500,1.922301e+14,D,C,0.99327045,-0.08217164,0.98991896,-0.08152684
1559.6000,1.922239e+14,D,C,0.99315370,-0.08357112,0.98968755,-0.08290239
1559.6500,1.922178e+14,D,C,0.99303290,-0.08499491,0.98944816,-0.08430115
1559.7000,1.922116e+14,D,C,0.99290788,-0.08644384,0.98920042,-0.08572392
1559.7500,1.922055e+14,D,C,0.99277844,-0.08791881,0.98894397,-0.08717150
1559.8000,1.921993e+14,D,C,0.99264440,-0.08942073,0.98867842,-0.08864474
1559.8500,1.921931e+14,D,C,0.99250554,-0.09095056,0.98840337,-0.09014453
1559.9000,1.921870e+14,D,C,0.99236164,-0.09250930,0.98811837,-0.09167180
1559.9500,1.921808e+14,D,C,0.99221246,-0.09409801,0.98782296,-0.09322749
1560.0000,1.921747e+14,D,C,0.99205776,-0.09571778,0.98751667,-0.09481263
1560.0500,1.921685e+14,D,C,0.99189727,-0.09736976,0.98719896,-0.09642826
1560.1000,1.921623e+14,D,C,0.99173071,-0.09905517,0.98686930,-0.09807548
1560.1500,1.921562e+14,D,C,0.99155779,-0.10077526,0.98652709,-0.09975545
1560.2000,1.921500e+14,D,C,0.99137819,-0.10253136,0.98617173,-0.10146935
1560.2500,1.921439e+14,D,C,0.99119157,-0.10432486,0.98580255,-0.10321845
1560.3000,1.921377e+14,D,C,0.99099757,-0.10615723,0.98541886,-0.10500407
1560.3500,1.921315e+14,D,C,0.99079582,-0.10802999,0.98501991,-0.10682759
1560.4000,1.921254e+14,D,C,0.99058591,-0.10994477,0.98460491,-0.10869046
1560.4500,1.921192e+14,D,C,0.99036741,-0.11190327,0.98417302,-0.11059420
1560.5000,1.921131e+14,D,C,0.99013985,-0.11390727,0.98372333,-0.11254039
1560.5500,1.921069e+14,D,C,0.98990275,-0.11595866,0.98325489,-0.11453072
1560.6000,1.921008e+14,D,C,0.98965557,-0.11805942,0.98276666,-0.11656694
1560.6500,1.920946e+14,D,C,0.98939776,-0.12021166,0.98225755,-0.11865090
1560.7000,1.920885e+14,D,C,0.98912870,-0.12241759,0.98172638,-0.12078454
1560.7500,1.920823e+14,D,C,0.98884776,-0.12467955,0.98117189,-0.12296992
1560.8000,1.920762e+14,D,C,0.98855423,-0.12700001,0.98059274,-0.12520918
1560.8500,1.920700e+14,D,C,0.98824736,-0.12938159,0.97998747,-0.12750459
1560.9000,1.920638e+14,D,C,0.98792637,-0.13182707,0.97935452,-0.12985856
1560.9500,1.920577e+14,D,C,0.98759038,-0.13433939,0.97869222,-0.13227359
1561.0000,1.920515e+14,D,C,0.98723846,-0.13692167,0.97799876,-0.13475237
1561.0500,1.920454e+14,D,C,0.98686961,-0.13957722,0.97727221,-0.13729770
1561.1000,1.920392e+14,D,C,0.98648275,-0.14230955,0.97651047,-0.13991255
1561.1500,1.920331e+14,D,C,0.98607670,-0.14512243,0.97571127,-0.14260007
1561.2000,1.920269e+14,D,C,0.98565020,-0.14801982,0.97487216,-0.14536359
1561.2500,1.920208e+14,D,C,0.98520187,-0.15100600,0.97399051,-0.14820663
1561.3000,1.920146e+14,D,C,0.98473022,-0.15408548,0.97306343,-0.15113292
1561.3500,1.920085e+14,D,C,0.98423363,-0.15726311,0.97208782,-0.15414642
1561.4000,1.920023e+14,D,C,0.98371035,-0.16054407,0.97106028,-0.15725132
1561.4500,1.919962e+14,D,C,0.98315845,-0.16393391,0.96997715,-0.16045207
1561.5000,1.919900e+14,D,C,0.98257584,-0.16743855,0.96883440,-0.16375340
1561.5500,1.919839e+14,D,C,0.98196023,-0.17106436,0.96762768,-0.16716034
1561.6000,1.919778e+14,D,C,0.98130913,-0.17481820,0.96635219,-0.17067822
1561.6500,1.919716e+14,D,C,0.98061979,-0.17870740,0.96500272,-0.17431273
1561.7000,1.919655e+14,D,C,0.97988920,-0.18273989,0.96357354,-0.17806990
1561.7500,1.919593e+14,D,C,0.97911406,-0.18692421,0.96205837,-0.18195618
1561.8000,1.919532e+14,D,C,0.97829073,-0.19126957,0.96045030,-0.18597841
1561.8500,1.919470e+14,D,C,0.97741518,-0.19578592,0.95874174,-0.19014391
1561.9000,1.919409e+14,D,C,0.97648298,-0.20048406,0.95692432,-0.19446045
1561.9500,1.919347e+14,D,C,0.97548922,-0.20537567,0.95498876,-0.19893634
1562.0000,1.919286e+14,D,C,0.97442842,-0.21047345,0.95292485,-0.20358043
1562.0500,1.919224e+14,D,C,0.97329455,-0.21579119,0.95072121,-0.20840215
1562.1000,1.919163e+14,D,C,0.97208083,-0.22134393,0.94836524,-0.21341156
1562.1500,1.919102e+14,D,C,0.97077972,-0.22714809,0.94584292,-0.21861939
1562.2000,1.919040e+14,D,C,0.96938279,-0.23322158,0.94313858,-0.22403704
1562.2500,1.918979e+14,D,C,0.96788056,-0.23958404,0.94023476,-0.22967667
1562.3000,1.918917e+14,D,C,0.96626240,-0.24625702,0.93711186,-0.23555121
1562.3500,1.918856e+14,D,C,0.96451630,-0.25326418,0.93374793,-0.24167436
1562.4000,1.918795e+14,D,C,0.96262871,-0.26063160,0.93011825,-0.24806063
1562.4500,1.918733e+14,D,C,0.96058426,-0.26838804,0.92619497,-0.25472536
1562.5000,1.918672e+14,D,C,0.95836551,-0.27656532,0.92194662,-0.26168468
1562.5500,1.918610e+14,D,C,0.95595255,-0.28519870,0.91733757,-0.26895547
1562.6000,1.918549e+14,D,C,0.95332264,-0.29432736,0.91232737,-0.27655527
1562.6500,1.918488e+14,D,C,0.95044972,-0.30399488,0.90686999,-0.28450220
1562.7000,1.918426e+14,D,C,0.94730381,-0.31424993,0.90091292,-0.29281466
1562.7500,1.918365e+14,D,C,0.94385032,-0.32514693,0.89439615,-0.30151111
1562.8000,1.918303e+14,D,C,0.94004917,-0.33674690,0.88725088,-0.31060960
1562.8500,1.918242e+14,D,C,0.93585385,-0.34911844,0.87939812,-0.32012712
1562.9000,1.918181e+14,D,C,0.93121010,-0.36233885,0.87074695,-0.33007877
1562.9500,1.918119e+14,D,C,0.92605443,-0.37649544,0.86119250,-0.34047654
1563.0000,1.918058e+14,D,C,0.92031230,-0.39168707,0.85061368,-0.35132762
1563.0500,1.917997e+14,D,C,0.91389586,-0.40802596,0.83887041,-0.36263216
1563.1000,1.917935e+14,D,C,0.90670122,-0.42563974,0.82580059,-0.37438013
1563.1500,1.917874e+14,D,C,0.89860507,-0.44467389,0.81121662,-0.38654711
1563.2000,1.917813e+14,D,C,0.88946061,-0.46529449,0.79490158,-0.39908853
1563.2500,1.917751e+14,D,C,0.87909253,-0.48769137,0.77660530,-0.41193191
1563.3000,1.917690e+14,D,C,0.86729098,-0.51208164,0.75604045,-0.42496644
1563.3500,1.917629e+14,D,C,0.85380427,-0.53871355,0.73287944,-0.43802905
1563.4000,1.917567e+14,D,C,0.83833032,-0.56787052,0.70675287,-0.45088592
1563.4500,1.917506e+14,D,C,0.82050676,-0.59987508,0.67725132,-0.46320837
1563.5000,1.917445e+14,D,C,0.79989987,-0.63509217,0.64393301,-0.47454197
1563.5500,1.917383e+14,D,C,0.77599327,-0.67393098,0.60634138,-0.48426820
1563.6000,1.917322e+14,D,C,0.74817758,-0.71684372,0.56403850,-0.49155902
1563.6500,1.917261e+14,D,C,0.71574406,-0.76431918,0.51666248,-0.49532761
1563.7000,1.917199e+14,D,C,0.67788681,-0.81686732,0.46401915,-0.49418291
1563.7500,1.917138e+14,D,C,0.63372120,-0.87498988,0.40621822,-0.48640448
1563.8000,1.917077e+14,D,C,0.58232908,-0.93912967,0.34385987,-0.46996547
1563.8500,1.917015e+14,D,C,0.52284357,-1.00958814,0.27826229,-0.44264602
1563.9000,1.916954e+14,D,C,0.45458502,-1.08639448,0.21169075,-0.40228668
1563.9500,1.916893e+14,D,C,0.37724968,-1.16908720,0.14750160,-0.34721837
1564.0000,1.916832e+14,D,C,0.29113053,-1.25626425,0.09006750,-0.27684803
1564.0500,1.916770e+14,D,C,0.19731751,-1.34411978,0.04434520,-0.19226987
1564.1000,1.916709e+14,D,C,0.09781190,-1.41639273,0.01504257,-0.09664827
1564.1500,1.916648e+14,D,C,0.00741523,0.72480644,0.00555125,0.00491623
1564.2000,1.916586e+14,D,C,0.10752272,1.41172099,0.01703217,0.10616516
1564.2500,1.916525e+14,D,C,0.20657700,1.33591155,0.04807686,0.20090464
1564.3000,1.916464e+14,D,C,0.29969659,1.24783182,0.09511746,0.28420189
1564.3500,1.916403e+14,D,C,0.38497483,1.16101602,0.15337699,0.35310214
1564.4000,1.916341e+14,D,C,0.46140868,1.07888780,0.21792746,0.40670086
1564.4500,1.916280e+14,D,C,0.52877483,1.00272204,0.28448603,0.44572471
1564.5000,1.916219e+14,D,C,0.58742423,0.93291745,0.34980688,0.47191353
1564.5500,1.916158e+14,D,C,0.63806266,0.86940978,0.41172751,0.48744683
1564.6000,1.916096e+14,D,C,0.68156696,0.81187854,0.46901118,0.49453214
1564.6500,1.916035e+14,D,C,0.71885465,0.75987195,0.52111515,0.49516766
1564.7000,1.915974e+14,D,C,0.75080363,0.71288562,0.56796626,0.49104014
1564.7500,1.915913e+14,D,C,0.77821030,0.67041077,0.60977953,0.48350821
1564.8000,1.915852e+14,D,C,0.80177316,0.63196185,0.64692682,0.47363054
1564.8500,1.915790e+14,D,C,0.82209174,0.59709087,0.67984910,0.46221211
1564.9000,1.915729e+14,D,C,0.83967357,0.56539320,0.70900190,0.44985332
1564.9500,1.915668e+14,D,C,0.85494461,0.53650833,0.73482373,0.43699470
1565.0000,1.915607e+14,D,C,0.86826071,0.51011790,0.75771979,0.42395447
1565.0500,1.915546e+14,D,C,0.87991846,0.48594228,0.77805493,0.41095867
1565.1000,1.915484e+14,D,C,0.89016498,0.46373657,0.79615235,0.39816471
1565.1500,1.915423e+14,D,C,0.89920637,0.44328662,0.81229527,0.38567926
1565.2000,1.915362e+14,D,C,0.90721485,0.42440517,0.82673022,0.37357183
1565.2500,1.915301e+14,D,C,0.91433467,0.40692838,0.83967090,0.36188489
1565.3000,1.915240e+14,D,C,0.92068706,0.39071273,0.85130211,0.35064139
1565.3500,1.915178e+14,D,C,0.92637419,0.37563225,0.86178355,0.33985035
1565.4000,1.915117e+14,D,C,0.93148248,0.36157619,0.87125321,0.32951095
1565.4500,1.915056e+14,D,C,0.93608530,0.34844693,0.87983044,0.31961555
1565.5000,1.914995e+14,D,C,0.94024516,0.33615825,0.88761859,0.31015191
1565.5500,1.914934e+14,D,C,0.94401549,0.32463379,0.89470730,0.30110481
1565.6000,1.914873e+14,D,C,0.94744216,0.31380579,0.90117447,0.29245720
1565.6500,1.914811e+14,D,C,0.95056464,0.30361393,0.90708796,0.28419106
1565.7000,1.914750e+14,D,C,0.95341705,0.29400441,0.91250700,0.27628799
1565.7500,1.914689e+14,D,C,0.95602898,0.28492913,0.91748340,0.26872965
1565.8000,1.914628e+14,D,C,0.95842615,0.27634496,0.92206261,0.26149806
1565.8500,1.914567e+14,D,C,0.96063100,0.26821316,0.92628457,0.25457577
1565.9000,1.914506e+14,D,C,0.96266319,0.26049884,0.93018449,0.24794603
1565.9500,1.914445e+14,D,C,0.96453996,0.25317051,0.93379347,0.24159281
1566.0000,1.914384e+14,D,C,0.96627649,0.24619969,0.93713903,0.23550092
1566.0500,1.914322e+14,D,C,0.96788618,0.23956056,0.94024561,0.22965593
1566.1000,1.914261e+14,D,C,0.96938089,0.23322969,0.94313493,0.22404426
1566.1500,1.914200e+14,D,C,0.97077117,0.22718575,0.94582635,0.21865308
1566.2000,1.914139e+14,D,C,0.97206636,0.22140927,0.94833719,0.21347035
1566.2500,1.914078e+14,D,C,0.97327484,0.21588249,0.95068293,0.20848473
1566.3000,1.914017e+14,D,C,0.97440405,0.21058915,0.95287745,0.20368560
1566.3500,1.913956e+14,D,C,0.97546070,0.20551436,0.95493325,0.19906297
1566.4000,1.913895e+14,D,C,0.97645078,0.20064442,0.95686156,0.19460748
1566.4500,1.913834e+14,D,C,0.97737971,0.19596675,0.95867255,0.19031036
1566.5000,1.913772e+14,D,C,0.97825235,0.19146976,0.96037537,0.18616337
1566.5500,1.913711e+14,D,C,0.97907310,0.18714275,0.96197833,0.18215880
1566.6000,1.913650e+14,D,C,0.97984596,0.18297584,0.96348897,0.17828938
1566.6500,1.913589e+14,D,C,0.98057452,0.17895989,0.96491413,0.17454832
1566.7000,1.913528e+14,D,C,0.98126207,0.17508643,0.96626003,0.17092923
1566.7500,1.913467e+14,D,C,0.98191159,0.17134761,0.96753236,0.16742612
1566.8000,1.913406e+14,D,C,0.98252581,0.16773612,0.96873630,0.16403334
1566.8500,1.913345e+14,D,C,0.98310720,0.16424516,0.96987660,0.16074560
1566.9000,1.913284e+14,D,C,0.98365803,0.16086843,0.97095759,0.15755791
1566.9500,1.913223e+14,D,C,0.98418039,0.15760003,0.97198324,0.15446557
1567.0000,1.913162e+14,D,C,0.98467617,0.15443445,0.97295723,0.15146417
1567.0500,1.913101e+14,D,C,0.98514713,0.15136655,0.97388290,0.14854954
1567.1000,1.913040e+14,D,C,0.98559488,0.14839152,0.97476335,0.14571776
1567.1500,1.912979e+14,D,C,0.98602088,0.14550486,0.97560144,0.14296511
1567.2000,1.912918e+14,D,C,0.98642652,0.14270234,0.97639978,0.14028810
1567.2500,1.912857e+14,D,C,0.98681305,0.13998001,0.97716082,0.13768343
1567.3000,1.912796e+14,D,C,0.98718163,0.13733413,0.97788680,0.13514797
1567.3500,1.912735e+14,D,C,0.98753335,0.13476122,0.97857982,0.13267876
1567.4000,1.912674e+14,D,C,0.98786919,0.13225799,0.97924179,0.13027302
1567.4500,1.912613e+14,D,C,0.98819009,0.12982132,0.97987451,0.12792809
1567.5000,1.912552e+14,D,C,0.98849690,0.12744830,0.98047965,0.12564147
1567.5500,1.912491e+14,D,C,0.98879042,0.12513617,0.98105875,0.12341078
1567.6000,1.912430e+14,D,C,0.98907140,0.12288233,0.98161327,0.12123376
1567.6500,1.912369e+14,D,C,0.98934052,0.12068432,0.98214453,0.11910827
1567.7000,1.912308e+14,D,C,0.98959843,0.11853981,0.98265380,0.11703228
1567.7500,1.912247e+14,D,C,0.98984573,0.11644660,0.98314225,0.11500385
1567.8000,1.912186e+14,D,C,0.99008299,0.11440260,0.98361097,0.11302116
1567.8500,1.912125e+14,D,C,0.99031072,0.11240584,0.98406098,0.11108244
1567.9000,1.912064e+14,D,C,0.99052942,0.11045444,0.98449324,0.10918604
1567.9500,1.912003e+14,D,C,0.99073955,0.10854662,0.98490865,0.10733037
1568.0000,1.911942e+14,D,C,0.99094153,0.10668070,0.98530804,0.10551393
1568.0500,1.911881e+14,D,C,0.99113578,0.10485506,0.98569221,0.10373527
1568.1000,1.911820e+14,D,C,0.99132267,0.10306818,0.98606189,0.10199302
1568.1500,1.911759e+14,D,C,0.99150255,0.10131861,0.98641779,0.10028587
