wavelength_nm,frequency_Hz,out_port,in_port,abs_S,phase_rad,real_S,imag_S
1541.0000,1.945441e+14,B,A,0.99438554,0.06735887,0.99213052,0.06693004
1541.0500,1.945378e+14,B,A,0.99446474,0.06618091,0.99228770,0.06576655
1541.1000,1.945315e+14,B,A,0.99454148,0.06501945,0.99243999,0.06461899
1541.1500,1.945252e+14,B,A,0.99461582,0.06387398,0.99258755,0.06348688
1541.2000,1.945189e+14,B,A,0.99468787,0.06274401,0.99273056,0.06236976
1541.2500,1.945125e+14,B,A,0.99475770,0.06162906,0.99286918,0.06126718
1541.3000,1.945062e+14,B,A,0.99482539,0.06052866,0.99300357,0.06017869
1541.3500,1.944999e+14,B,A,0.99489102,0.05944239,0.99313387,0.05910387
1541.4000,1.944936e+14,B,A,0.99495466,0.05836980,0.99326022,0.05804233
1541.4500,1.944873e+14,B,A,0.99501638,0.05731048,0.99338276,0.05699366
1541.5000,1.944810e+14,B,A,0.99507623,0.05626404,0.99350162,0.05595748
1541.5500,1.944747e+14,B,A,0.99513429,0.05523009,0.99361692,0.05493342
1541.6000,1.944684e+14,B,A,0.99519062,0.05420826,0.99372877,0.05392114
1541.6500,1.944621e+14,B,A,0.99524526,0.05319819,0.99383729,0.05292027
1541.7000,1.944558e+14,B,A,0.99529827,0.05219951,0.99394259,0.05193050
1541.7500,1.944495e+14,B,A,0.99534971,0.05121191,0.99404477,0.05095148
1541.8000,1.944432e+14,B,A,0.99539963,0.05023505,0.99414392,0.04998292
1541.8500,1.944369e+14,B,A,0.99544806,0.04926861,0.99424013,0.04902451
1541.9000,1.944305e+14,B,A,0.99549507,0.04831229,0.99433351,0.04807594
1541.9500,1.944242e+14,B,A,0.99554068,0.04736579,0.99442414,0.04713694
1542.0000,1.944179e+14,B,A,0.99558495,0.04642881,0.99451209,0.04620722
1542.0500,1.944116e+14,B,A,0.99562791,0.04550109,0.99459744,0.04528652
1542.1000,1.944053e+14,B,A,0.99566960,0.04458234,0.99468028,0.04437458
1542.1500,1.943990e+14,B,A,0.99571006,0.04367230,0.99476067,0.04347113
1542.2000,1.943927e+14,B,A,0.99574932,0.04277072,0.99483868,0.04257593
1542.2500,1.943864e+14,B,A,0.99578741,0.04187735,0.99491438,0.04168875
1542.3000,1.943801e+14,B,A,0.99582438,0.04099193,0.99498783,0.04080933
1542.3500,1.943738e+14,B,A,0.99586024,0.04011425,0.99505910,0.03993747
1542.4000,1.943675e+14,B,A,0.99589503,0.03924406,0.99512824,0.03907293
1542.4500,1.943612e+14,B,A,0.99592877,0.03838114,0.99519530,0.03821550
1542.5000,1.943549e+14,B,A,0.99596150,0.03752528,0.99526035,0.03736497
1542.5500,1.943486e+14,B,A,0.99599324,0.03667627,0.99532343,0.03652113
1542.6000,1.943423e+14,B,A,0.99602401,0.03583389,0.99538459,0.03568378
1542.6500,1.943360e+14,B,A,0.99605384,0.03499795,0.99544389,0.03485273
1542.7000,1.943297e+14,B,A,0.99608275,0.03416825,0.99550136,0.03402778
1542.7500,1.943234e+14,B,A,0.99611076,0.03334459,0.99555705,0.03320875
1542.8000,1.943171e+14,B,A,0.99613790,0.03252680,0.99561100,0.03239547
1542.8500,1.943108e+14,B,A,0.99616419,0.03171468,0.99566325,0.03158774
1542.9000,1.943045e+14,B,A,0.99618964,0.03090807,0.99571384,0.03078539
1542.9500,1.942982e+14,B,A,0.99621427,0.03010678,0.99576281,0.02998827
1543.0000,1.942919e+14,B,A,0.99623810,0.02931064,0.99581019,0.02919619
1543.0500,1.942856e+14,B,A,0.99626115,0.02851949,0.99585602,0.02840900
1543.1000,1.942793e+14,B,A,0.99628344,0.02773316,0.99590033,0.02762654
1543.1500,1.942731e+14,B,A,0.99630498,0.02695149,0.99594315,0.02684866
1543.2000,1.942668e+14,B,A,0.99632578,0.02617434,0.99598451,0.02607519
1543.2500,1.942605e+14,B,A,0.99634586,0.02540153,0.99602444,0.02530599
1543.3000,1.942542e+14,B,A,0.99636524,0.02463293,0.99606296,0.02454091
1543.3500,1.942479e+14,B,A,0.99638392,0.02386839,0.99610011,0.02377982
1543.4000,1.942416e+14,B,A,0.99640192,0.02310775,0.99613591,0.02302256
1543.4500,1.942353e+14,B,A,0.99641926,0.02235088,0.99617038,0.02226900
1543.5000,1.942290e+14,B,A,0.99643594,0.02159764,0.99620355,0.02151900
1543.5500,1.942227e+14,B,A,0.99645197,0.02084790,0.99623543,0.02077242
1543.6000,1.942164e+14,B,A,0.99646737,0.02010150,0.99626606,0.02002914
1543.6500,1.942101e+14,B,A,0.99648215,0.01935834,0.99629544,0.01928903
1543.7000,1.942038e+14,B,A,0.99649631,0.01861826,0.99632360,0.01855195
1543.7500,1.941975e+14,B,A,0.99650986,0.01788115,0.99635056,0.01781779
1543.8000,1.941913e+14,B,A,0.99652282,0.01714687,0.99637633,0.01708641
1543.8500,1.941850e+14,B,A,0.99653520,0.01641531,0.99640093,0.01635770
1543.9000,1.941787e+14,B,A,0.99654699,0.01568633,0.99642438,0.01563153
1543.9500,1.941724e+14,B,A,0.99655821,0.01495983,0.99644669,0.01490778
1544.0000,1.941661e+14,B,A,0.99656886,0.01423567,0.99646788,0.01418634
1544.0500,1.941598e+14,B,A,0.99657895,0.01351374,0.99648796,0.01346710
1544.1000,1.941535e+14,B,A,0.99658849,0.01279392,0.99650693,0.01274992
1544.1500,1.941472e+14,B,A,0.99659749,0.01207610,0.99652482,0.01203471
1544.2000,1.941410e+14,B,A,0.99660594,0.01136015,0.99654164,0.01132135
1544.2500,1.941347e+14,B,A,0.99661386,0.01064598,0.99655739,0.01060973
1544.3000,1.941284e+14,B,A,0.99662125,0.00993346,0.99657208,0.00989974
1544.3500,1.941221e+14,B,A,0.99662812,0.00922249,0.99658573,0.00919126
1544.4000,1.941158e+14,B,A,0.99663446,0.00851295,0.99659834,0.00848420
1544.4500,1.941095e+14,B,A,0.99664028,0.00780473,0.99660992,0.00777843
1544.5000,1.941032e+14,B,A,0.99664559,0.00709774,0.99662048,0.00707387
1544.5500,1.940970e+14,B,A,0.99665039,0.00639185,0.99663003,0.00637039
1544.6000,1.940907e+14,B,A,0.99665468,0.00568696,0.99663856,0.00566790
1544.6500,1.940844e+14,B,A,0.99665846,0.00498296,0.99664609,0.00496629
1544.7000,1.940781e+14,B,A,0.99666174,0.00427975,0.99665262,0.00426545
1544.7500,1.940718e+14,B,A,0.99666453,0.00357723,0.99665815,0.00356529
1544.8000,1.940655e+14,B,A,0.99666681,0.00287528,0.99666269,0.00286569
1544.8500,1.940593e+14,B,A,0.99666859,0.00217381,0.99666624,0.00216656
1544.9000,1.940530e+14,B,A,0.99666988,0.00147270,0.99666880,0.00146780
1544.9500,1.940467e+14,B,A,0.99667067,0.00077186,0.99667038,0.00076929
1545.0000,1.940404e+14,B,A,0.99667097,0.00007118,0.99667097,0.00007094
1545.0500,1.940341e+14,B,A,0.99667077,-0.00062945,0.99667058,-0.00062735
1545.1000,1.940279e+14,B,A,0.99667008,-0.00133012,0.99666920,-0.00132569
1545.1500,1.940216e+14,B,A,0.99666889,-0.00203095,0.99666684,-0.00202418
1545.2000,1.940153e+14,B,A,0.99666721,-0.00273203,0.99666349,-0.00272292
1545.2500,1.940090e+14,B,A,0.99666503,-0.00343347,0.99665916,-0.00342202
1545.3000,1.940028e+14,B,A,0.99666236,-0.00413538,0.99665383,-0.00412157
1545.3500,1.939965e+14,B,A,0.99665918,-0.00483786,0.99664752,-0.00482168
1545.4000,1.939902e+14,B,A,0.99665550,-0.00554101,0.99664020,-0.00552245
1545.4500,1.939839e+14,B,A,0.99665132,-0.00624494,0.99663189,-0.00622398
1545.5000,1.939776e+14,B,A,0.99664664,-0.00694975,0.99662257,-0.00692639
1545.5500,1.939714e+14,B,A,0.99664144,-0.00765556,0.99661224,-0.00762977
1545.6000,1.939651e+14,B,A,0.99663574,-0.00836246,0.99660089,-0.00833423
1545.6500,1.939588e+14,B,A,0.99662952,-0.00907057,0.99658852,-0.00903988
1545.7000,1.939526e+14,B,A,0.99662278,-0.00978000,0.99657511,-0.00974681
1545.7500,1.939463e+14,B,A,0.99661552,-0.01049085,0.99656067,-0.01045515
1545.8000,1.939400e+14,B,A,0.99660773,-0.01120323,0.99654519,-0.01116499
1545.8500,1.939337e+14,B,A,0.99659941,-0.01191725,0.99652864,-0.01187645
1545.9000,1.939275e+14,B,A,0.99659056,-0.01263304,0.99651103,-0.01258963
1545.9500,1.939212e+14,B,A,0.99658116,-0.01335068,0.99649235,-0.01330465
1546.0000,1.939149e+14,B,A,0.99657122,-0.01407032,0.99647257,-0.01402161
1546.0500,1.939086e+14,B,A,0.99656072,-0.01479205,0.99645170,-0.01474063
1546.1000,1.939024e+14,B,A,0.99654967,-0.01551599,0.99642971,-0.01546183
1546.1500,1.938961e+14,B,A,0.99653804,-0.01624226,0.99640660,-0.01618532
1546.2000,1.938898e+14,B,A,0.99652585,-0.01697099,0.99638234,-0.01691122
1546.2500,1.938836e+14,B,A,0.99651307,-0.01770229,0.99635694,-0.01763964
1546.3000,1.938773e+14,B,A,0.99649971,-0.01843628,0.99633036,-0.01837070
1546.3500,1.938710e+14,B,A,0.99648574,-0.01917308,0.99630259,-0.01910454
1546.4000,1.938648e+14,B,A,0.99647118,-0.01991284,0.99627362,-0.01984126
1546.4500,1.938585e+14,B,A,0.99645599,-0.02065566,0.99624343,-0.02058099
1546.5000,1.938522e+14,B,A,0.99644018,-0.02140168,0.99621199,-0.02132387
1546.5500,1.938460e+14,B,A,0.99642374,-0.02215104,0.99617929,-0.02207002
1546.6000,1.938397e+14,B,A,0.99640665,-0.02290386,0.99614531,-0.02281957
1546.6500,1.938334e+14,B,A,0.99638890,-0.02366029,0.99611002,-0.02357265
1546.7000,1.938272e+14,B,A,0.99637049,-0.02442045,0.99607340,-0.02432940
1546.7500,1.938209e+14,B,A,0.99635139,-0.02518450,0.99603544,-0.02508996
1546.8000,1.938146e+14,B,A,0.99633160,-0.02595257,0.99599609,-0.02585446
1546.8500,1.938084e+14,B,A,0.99631111,-0.02672481,0.99595534,-0.02662306
1546.9000,1.938021e+14,B,A,0.99628989,-0.02750137,0.99591315,-0.02739589
1546.9500,1.937958e+14,B,A,0.99626794,-0.02828240,0.99586951,-0.02817310
1547.0000,1.937896e+14,B,A,0.99624524,-0.02906806,0.99582438,-0.02895484
1547.0500,1.937833e+14,B,A,0.99622177,-0.02985851,0.99577772,-0.02974127
1547.1000,1.937770e+14,B,A,0.99619752,-0.03065389,0.99572951,-0.03053255
1547.1500,1.937708e+14,B,A,0.99617247,-0.03145439,0.99567972,-0.03132883
1547.2000,1.937645e+14,B,A,0.99614661,-0.03226017,0.99562830,-0.03213029
1547.2500,1.937583e+14,B,A,0.99611990,-0.03307140,0.99557522,-0.03293708
1547.3000,1.937520e+14,B,A,0.99609235,-0.03388826,0.99552044,-0.03374937
1547.3500,1.937457e+14,B,A,0.99606392,-0.03471092,0.99546393,-0.03456735
1547.4000,1.937395e+14,B,A,0.99603459,-0.03553957,0.99540563,-0.03539119
1547.4500,1.937332e+14,B,A,0.99600434,-0.03637441,0.99534551,-0.03622108
1547.5000,1.937270e+14,B,A,0.99597316,-0.03721562,0.99528352,-0.03705720
1547.5500,1.937207e+14,B,A,0.99594101,-0.03806340,0.99521962,-0.03789975
1547.6000,1.937144e+14,B,A,0.99590787,-0.03891796,0.99515376,-0.03874892
1547.6500,1.937082e+14,B,A,0.99587371,-0.03977950,0.99508587,-0.03960491
1547.7000,1.937019e+14,B,A,0.99583851,-0.04064824,0.99501592,-0.04046794
1547.7500,1.936957e+14,B,A,0.99580224,-0.04152440,0.99494385,-0.04133821
1547.8000,1.936894e+14,B,A,0.99576487,-0.04240821,0.99486959,-0.04221595
1547.8500,1.936831e+14,B,A,0.99572638,-0.04329989,0.99479309,-0.04310137
1547.9000,1.936769e+14,B,A,0.99568672,-0.04419968,0.99471428,-0.04399470
1547.9500,1.936706e+14,B,A,0.99564586,-0.04510783,0.99463310,-0.04489620
1548.0000,1.936644e+14,B,A,0.99560378,-0.04602459,0.99454949,-0.04580608
1548.0500,1.936581e+14,B,A,0.99556043,-0.04695023,0.99446336,-0.04672462
1548.1000,1.936519e+14,B,A,0.99551577,-0.04788500,0.99437465,-0.04765206
1548.1500,1.936456e+14,B,A,0.99546978,-0.04882918,0.99428327,-0.04858866
1548.2000,1.936394e+14,B,A,0.99542240,-0.04978306,0.99418915,-0.04953471
1548.2500,1.936331e+14,B,A,0.99537359,-0.05074693,0.99409220,-0.05049048
1548.3000,1.936269e+14,B,A,0.99532331,-0.05172108,0.99399233,-0.05145625
1548.3500,1.936206e+14,B,A,0.99527152,-0.05270584,0.99388945,-0.05243233
1548.4000,1.936143e+14,B,A,0.99521816,-0.05370151,0.99378347,-0.05341903
1548.4500,1.936081e+14,B,A,0.99516318,-0.05470843,0.99367428,-0.05441666
1548.5000,1.936018e+14,B,A,0.99510653,-0.05572694,0.99356178,-0.05542554
1548.5500,1.935956e+14,B,A,0.99504815,-0.05675739,0.99344586,-0.05644602
1548.6000,1.935893e+14,B,A,0.99498799,-0.05780015,0.99332640,-0.05747844
1548.6500,1.935831e+14,B,A,0.99492598,-0.05885559,0.99320328,-0.05852316
1548.7000,1.935768e+14,B,A,0.99486207,-0.05992411,0.99307638,-0.05958055
1548.7500,1.935706e+14,B,A,0.99479617,-0.06100610,0.99294556,-0.06065100
1548.8000,1.935643e+14,B,A,0.99472823,-0.06210199,0.99281069,-0.06173490
1548.8500,1.935581e+14,B,A,0.99465817,-0.06321220,0.99267162,-0.06283267
1548.9000,1.935518e+14,B,A,0.99458592,-0.06433718,0.99252820,-0.06394472
1548.9500,1.935456e+14,B,A,0.99451138,-0.06547740,0.99238027,-0.06507150
1549.0000,1.935394e+14,B,A,0.99443449,-0.06663333,0.99222766,-0.06621346
1549.0500,1.935331e+14,B,A,0.99435514,-0.06780548,0.99207020,-0.06737108
1549.1000,1.935269e+14,B,A,0.99427325,-0.06899436,0.99190771,-0.06854484
1549.1500,1.935206e+14,B,A,0.99418872,-0.07020051,0.99173999,-0.06973525
1549.2000,1.935144e+14,B,A,0.99410144,-0.07142449,0.99156683,-0.07094283
1549.2500,1.935081e+14,B,A,0.99401131,-0.07266687,0.99138804,-0.07216814
1549.3000,1.935019e+14,B,A,0.99391821,-0.07392826,0.99120338,-0.07341173
1549.3500,1.934956e+14,B,A,0.99382203,-0.07520929,0.99101261,-0.07467420
1549.4000,1.934894e+14,B,A,0.99372264,-0.07651059,0.99081549,-0.07595615
1549.4500,1.934831e+14,B,A,0.99361990,-0.07783287,0.99061177,-0.07725822
1549.5000,1.934769e+14,B,A,0.99351368,-0.07917681,0.99040115,-0.07858108
1549.5500,1.934707e+14,B,A,0.99340382,-0.08054315,0.99018336,-0.07992539
1549.6000,1.934644e+14,B,A,0.99329019,-0.08193267,0.98995809,-0.08129189
1549.6500,1.934582e+14,B,A,0.99317260,-0.08334615,0.98972501,-0.08268131
1549.7000,1.934519e+14,B,A,0.99305088,-0.08478444,0.98948380,-0.08409443
1549.7500,1.934457e+14,B,A,0.99292486,-0.08624840,0.98923407,-0.08553205
1549.8000,1.934394e+14,B,A,0.99279434,-0.08773895,0.98897547,-0.08699502
1549.8500,1.934332e+14,B,A,0.99265912,-0.08925703,0.98870758,-0.08848421
1549.9000,1.934270e+14,B,A,0.99251898,-0.09080364,0.98842998,-0.09000053
1549.9500,1.934207e+14,B,A,0.99237369,-0.09237981,0.98814223,-0.09154495
1550.0000,1.934145e+14,B,A,0.99222300,-0.09398663,0.98784384,-0.09311846
1550.0500,1.934083e+14,B,A,0.99206667,-0.09562524,0.98753431,-0.09472210
1550.1000,1.934020e+14,B,A,0.99190442,-0.09729683,0.98721310,-0.09635696
1550.1500,1.933958e+14,B,A,0.99173595,-0.09900265,0.98687965,-0.09802417
1550.2000,1.933895e+14,B,A,0.99156096,-0.10074402,0.98653336,-0.09972495
1550.2500,1.933833e+14,B,A,0.99137912,-0.10252231,0.98617358,-0.10146052
1550.3000,1.933771e+14,B,A,0.99119009,-0.10433896,0.98579963,-0.10323219
1550.3500,1.933708e+14,B,A,0.99099348,-0.10619549,0.98541078,-0.10504135
1550.4000,1.933646e+14,B,A,0.99078892,-0.10809351,0.98500626,-0.10688942
1550.4500,1.933584e+14,B,A,0.99057596,-0.11003469,0.98458525,-0.10877790
1550.5000,1.933521e+14,B,A,0.99035417,-0.11202080,0.98414686,-0.11070839
1550.5500,1.933459e+14,B,A,0.99012307,-0.11405371,0.98369016,-0.11268254
1550.6000,1.933396e+14,B,A,0.98988213,-0.11613538,0.98321415,-0.11470209
1550.6500,1.933334e+14,B,A,0.98963080,-0.11826788,0.98271774,-0.11676888
1550.7000,1.933272e+14,B,A,0.98936851,-0.12045342,0.98219980,-0.11888485
1550.7500,1.933209e+14,B,A,0.98909461,-0.12269429,0.98165908,-0.12105201
1550.8000,1.933147e+14,B,A,0.98880842,-0.12499296,0.98109428,-0.12327252
1550.8500,1.933085e+14,B,A,0.98850923,-0.12735200,0.98050397,-0.12554862
1550.9000,1.933022e+14,B,A,0.98819624,-0.12977417,0.97988664,-0.12788269
1550.9500,1.932960e+14,B,A,0.98786861,-0.13226238,0.97924064,-0.13027724
1551.0000,1.932898e+14,B,A,0.98752543,-0.13481970,0.97856421,-0.13273492
1551.0500,1.932836e+14,B,A,0.98716572,-0.13744942,0.97785545,-0.13525852
1551.1000,1.932773e+14,B,A,0.98678842,-0.14015502,0.97711232,-0.13785100
1551.1500,1.932711e+14,B,A,0.98639240,-0.14294020,0.97633261,-0.14051549
1551.2000,1.932649e+14,B,A,0.98597640,-0.14580892,0.97551391,-0.14325529
1551.2500,1.932586e+14,B,A,0.98553909,-0.14876538,0.97465364,-0.14607390
1551.3000,1.932524e+14,B,A,0.98507902,-0.15181406,0.97374900,-0.14897505
1551.3500,1.932462e+14,B,A,0.98459459,-0.15495976,0.97279693,-0.15196266
1551.4000,1.932399e+14,B,A,0.98408409,-0.15820760,0.97179412,-0.15504092
1551.4500,1.932337e+14,B,A,0.98354565,-0.16156307,0.97073698,-0.15821425
1551.5000,1.932275e+14,B,A,0.98297721,-0.16503204,0.96962159,-0.16148736
1551.5500,1.932213e+14,B,A,0.98237654,-0.16862082,0.96844366,-0.16486527
1551.6000,1.932150e+14,B,A,0.98174120,-0.17233619,0.96719851,-0.16835330
1551.6500,1.932088e+14,B,A,0.98106851,-0.17618542,0.96588103,-0.17195710
1551.7000,1.932026e+14,B,A,0.98035552,-0.18017635,0.96448563,-0.17568272
1551.7500,1.931964e+14,B,A,0.97959900,-0.18431745,0.96300614,-0.17953658
1551.8000,1.931901e+14,B,A,0.97879539,-0.18861783,0.96143580,-0.18352552
1551.8500,1.931839e+14,B,A,0.97794075,-0.19308737,0.95976717,-0.18765685
1551.9000,1.931777e+14,B,A,0.97703075,-0.19773674,0.95799204,-0.19193836
1551.9500,1.931715e+14,B,A,0.97606057,-0.20257754,0.95610135,-0.19637834
1552.0000,1.931652e+14,B,A,0.97502487,-0.20762234,0.95408504,-0.20098567
1552.0500,1.931590e+14,B,A,0.97391771,-0.21288483,0.95193198,-0.20576980
1552.1000,1.931528e+14,B,A,0.97273248,-0.21837991,0.94962981,-0.21074083
1552.1500,1.931466e+14,B,A,0.97146179,-0.22412385,0.94716476,-0.21590953
1552.2000,1.931404e+14,B,A,0.97009737,-0.23013444,0.94452147,-0.22128738
1552.2500,1.931341e+14,B,A,0.96862994,-0.23643115,0.94168277,-0.22688661
1552.3000,1.931279e+14,B,A,0.96704908,-0.24303536,0.93862943,-0.23272025
1552.3500,1.931217e+14,B,A,0.96534301,-0.24997057,0.93533986,-0.23880215
1552.4000,1.931155e+14,B,A,0.96349843,-0.25726266,0.93178977,-0.24514700
1552.4500,1.931093e+14,B,A,0.96150028,-0.26494021,0.92795177,-0.25177035
1552.5000,1.931030e+14,B,A,0.95933142,-0.27303482,0.92379488,-0.25868859
1552.5500,1.930968e+14,B,A,0.95697231,-0.28158155,0.91928403,-0.26591893
1552.6000,1.930906e+14,B,A,0.95440062,-0.29061933,0.91437935,-0.27347933
1552.6500,1.930844e+14,B,A,0.95159073,-0.30019153,0.90903547,-0.28138840
1552.7000,1.930782e+14,B,A,0.94851316,-0.31034657,0.90320058,-0.28966517
1552.7500,1.930719e+14,B,A,0.94513386,-0.32113865,0.89681543,-0.29832886
1552.8000,1.930657e+14,B,A,0.94141341,-0.33262854,0.88981202,-0.30739842
1552.8500,1.930595e+14,B,A,0.93730596,-0.34488464,0.88211220,-0.31689201
1552.9000,1.930533e+14,B,A,0.93275803,-0.35798404,0.87362592,-0.32682609
1552.9500,1.930471e+14,B,A,0.92770698,-0.37201390,0.86424922,-0.33721435
1553.0000,1.930409e+14,B,A,0.92207919,-0.38707298,0.85386185,-0.34806605
1553.0500,1.930346e+14,B,A,0.91578782,-0.40327351,0.84232451,-0.35938386
1553.1000,1.930284e+14,B,A,0.90873006,-0.42074324,0.82947573,-0.37116079
1553.1500,1.930222e+14,B,A,0.90078372,-0.43962796,0.81512825,-0.38337610
1553.2000,1.930160e+14,B,A,0.89180313,-0.46009432,0.79906508,-0.39598968
1553.2500,1.930098e+14,B,A,0.88161408,-0.48233307,0.78103527,-0.40893435
1553.3000,1.930036e+14,B,A,0.87000764,-0.50656276,0.76074976,-0.42210556
1553.3500,1.929974e+14,B,A,0.85673276,-0.53303374,0.73787775,-0.43534750
1553.4000,1.929912e+14,B,A,0.84148741,-0.56203243,0.71204457,-0.44843460
1553.4500,1.929849e+14,B,A,0.82390834,-0.59388562,0.68283266,-0.46104719
1553.5000,1.929787e+14,B,A,0.80355951,-0.62896415,0.64978822,-0.47274005
1553.5500,1.929725e+14,B,A,0.77992000,-0.66768525,0.61243764,-0.48290305
1553.6000,1.929663e+14,B,A,0.75237264,-0.71051194,0.57031959,-0.49071393
1553.6500,1.929601e+14,B,A,0.72019629,-0.75794724,0.52304159,-0.49508603
1553.7000,1.929539e+14,B,A,0.68256645,-0.81051947,0.47037162,-0.49461853
1553.7500,1.929477e+14,B,A,0.63857209,-0.86875322,0.41237644,-0.48756536
1553.8000,1.929415e+14,B,A,0.58725966,-0.93311858,0.34961398,-0.47185164
1553.8500,1.929353e+14,B,A,0.52771836,-1.00394745,0.28337232,-0.44518175
1553.9000,1.929291e+14,B,A,0.45921950,-1.08130003,0.21591646,-0.40529326
1553.9500,1.929228e+14,B,A,0.38141332,-1.16474214,0.15065347,-0.35039927
1554.0000,1.929166e+14,B,A,0.29456318,-1.25289194,0.09207357,-0.27980337
1554.0500,1.929104e+14,B,A,0.19976191,-1.34196599,0.04531369,-0.19455459
1554.1000,1.929042e+14,B,A,0.09905842,-1.41584958,0.01528744,-0.09787167
1554.1500,1.928980e+14,B,A,0.00745794,0.73112089,0.00555188,0.00497970
1554.2000,1.928918e+14,B,A,0.10889089,1.41098882,0.01732761,0.10750339
1554.2500,1.928856e+14,B,A,0.20912595,1.33362921,0.04913414,0.20327198
1554.3000,1.928794e+14,B,A,0.30321004,1.24435702,0.09723109,0.28719756
1554.3500,1.928732e+14,B,A,0.38919349,1.15659111,0.15663578,0.35628192
1554.4000,1.928670e+14,B,A,0.46607426,1.07373438,0.22224522,0.40967338
1554.4500,1.928608e+14,B,A,0.53366095,0.99704080,0.28966584,0.44820499
1554.5000,1.928546e+14,B,A,0.59235128,0.92688119,0.35560694,0.47373383
1554.5500,1.928484e+14,B,A,0.64289980,0.86316021,0.41791011,0.48853995
1554.6000,1.928422e+14,B,A,0.68622649,0.80552714,0.47537047,0.49490374
1554.6500,1.928360e+14,B,A,0.72328333,0.75350334,0.52748791,0.49486895
1554.7000,1.928298e+14,B,A,0.75497380,0.70656205,0.57423183,0.49014614
1554.7500,1.928236e+14,B,A,0.78211219,0.66417657,0.61585440,0.48210252
1554.8000,1.928174e+14,B,A,0.80540890,0.62584749,0.65275731,0.47179592
1554.8500,1.928112e+14,B,A,0.82547087,0.59111632,0.68540422,0.46002524
1554.9000,1.928050e+14,B,A,0.84280991,0.55957061,0.71426717,0.44738234
1554.9500,1.927988e+14,B,A,0.85785417,0.53084416,0.73979629,0.43429855
1555.0000,1.927926e+14,B,A,0.87096023,0.50461449,0.76240455,0.42108316
1555.0500,1.927864e+14,B,A,0.88242458,0.48059905,0.78246188,0.40795410
1555.1000,1.927802e+14,B,A,0.89249367,0.45855092,0.80029450,0.39506160
1555.1500,1.927740e+14,B,A,0.90137266,0.43825457,0.81618730,0.38250618
1555.2000,1.927678e+14,B,A,0.90923268,0.41952187,0.83038748,0.37035214
1555.2500,1.927616e+14,B,A,0.91621686,0.40218843,0.84310878,0.35863759
1555.3000,1.927554e+14,B,A,0.92244528,0.38611042,0.85453562,0.34738186
1555.3500,1.927492e+14,B,A,0.92801905,0.37116178,0.86482708,0.33659098
1555.4000,1.927430e+14,B,A,0.93302361,0.35723176,0.87412035,0.32626166
1555.4500,1.927368e+14,B,A,0.93753141,0.34422285,0.88253394,0.31638424
1555.5000,1.927306e+14,B,A,0.94160410,0.33204898,0.89017029,0.30694483
1555.5500,1.927244e+14,B,A,0.94529437,0.32063400,0.89711819,0.29792683
1555.6000,1.927182e+14,B,A,0.94864740,0.30991035,0.90345471,0.28931208
1555.6500,1.927120e+14,B,A,0.95170205,0.29981795,0.90924688,0.28108166
1555.7000,1.927058e+14,B,A,0.95449189,0.29030325,0.91455320,0.27321643
1555.7500,1.926996e+14,B,A,0.95704601,0.28131836,0.91942479,0.26569743
1555.8000,1.926934e+14,B,A,0.95938969,0.27282040,0.92390645,0.25850620
1555.8500,1.926873e+14,B,A,0.96154498,0.26477084,0.92803753,0.25162488
1555.9000,1.926811e+14,B,A,0.96353117,0.25713501,0.93185271,0.24503639
1555.9500,1.926749e+14,B,A,0.96536518,0.24988163,0.93538258,0.23872445
1556.0000,1.926687e+14,B,A,0.96706192,0.24298242,0.93865421,0.23267365
1556.0500,1.926625e+14,B,A,0.96863453,0.23641173,0.94169163,0.22686939
1556.1000,1.926563e+14,B,A,0.97009464,0.23014630,0.94451619,0.22129796
1556.1500,1.926501e+14,B,A,0.97145258,0.22416497,0.94714690,0.21594643
1556.2000,1.926439e+14,B,A,0.97271751,0.21844844,0.94960076,0.21080266
1556.2500,1.926377e+14,B,A,0.97389763,0.21297907,0.95189296,0.20585527
1556.3000,1.926315e+14,B,A,0.97500026,0.20774075,0.95403715,0.20109357
1556.3500,1.926253e+14,B,A,0.97603193,0.20271871,0.95604556,0.19650754
1556.4000,1.926192e+14,B,A,0.97699853,0.19789937,0.95792923,0.19208782
1556.4500,1.926130e+14,B,A,0.97790536,0.19327027,0.95969810,0.18782560
1556.5000,1.926068e+14,B,A,0.97875717,0.18881992,0.96136116,0.18371264
1556.5500,1.926006e+14,B,A,0.97955828,0.18453771,0.96292654,0.17974122
1556.6000,1.925944e+14,B,A,0.98031259,0.18041387,0.96440164,0.17590410
1556.6500,1.925882e+14,B,A,0.98102362,0.17643933,0.96579315,0.17219447
1556.7000,1.925820e+14,B,A,0.98169458,0.17260571,0.96710717,0.16860596
1556.7500,1.925759e+14,B,A,0.98232839,0.16890522,0.96834927,0.16513260
1556.8000,1.925697e+14,B,A,0.98292772,0.16533064,0.96952451,0.16176874
1556.8500,1.925635e+14,B,A,0.98349498,0.16187525,0.97063754,0.15850912
1556.9000,1.925573e+14,B,A,0.98403240,0.15853278,0.97169261,0.15534875
1556.9500,1.925511e+14,B,A,0.98454201,0.15529740,0.97269361,0.15228297
1557.0000,1.925449e+14,B,A,0.98502567,0.15216366,0.97364412,0.14930738
1557.0500,1.925387e+14,B,A,0.98548509,0.14912648,0.97454742,0.14641782
1557.1000,1.925326e+14,B,A,0.98592183,0.14618109,0.97540654,0.14361038
1557.1500,1.925264e+14,B,A,0.98633736,0.14332303,0.97622427,0.14088139
1557.2000,1.925202e+14,B,A,0.98673299,0.14054814,0.97700317,0.13822735
1557.2500,1.925140e+14,B,A,0.98710997,0.13785249,0.97774564,0.13564499
1557.3000,1.925078e+14,B,A,0.98746943,0.13523239,0.97845386,0.13313120
1557.3500,1.925017e+14,B,A,0.98781242,0.13268439,0.97912988,0.13068305
1557.4000,1.924955e+14,B,A,0.98813992,0.13020522,0.97977558,0.12829774
1557.4500,1.924893e+14,B,A,0.98845283,0.12779183,0.98039272,0.12597267
1557.5000,1.924831e+14,B,A,0.98875199,0.12544131,0.98098292,0.12370532
1557.5500,1.924769e+14,B,A,0.98903818,0.12315095,0.98154769,0.12149335
1557.6000,1.924708e+14,B,A,0.98931212,0.12091817,0.98208846,0.11933451
1557.6500,1.924646e+14,B,A,0.98957448,0.11874053,0.98260652,0.11722668
1557.7000,1.924584e+14,B,A,0.98982591,0.11661574,0.98310310,0.11516783
1557.7500,1.924522e+14,B,A,0.99006698,0.11454161,0.98357935,0.11315605
1557.8000,1.924461e+14,B,A,0.99029825,0.11251608,0.98403634,0.11118952
1557.8500,1.924399e+14,B,A,0.99052022,0.11053720,0.98447506,0.10926650
1557.9000,1.924337e+14,B,A,0.99073338,0.10860312,0.98489645,0.10738535
1557.9500,1.924275e+14,B,A,0.99093817,0.10671207,0.98530138,0.10554448
1558.0000,1.924213e+14,B,A,0.99113501,0.10486238,0.98569068,0.10374240
1558.0500,1.924152e+14,B,A,0.99132430,0.10305246,0.98606512,0.10197769
1558.1000,1.924090e+14,B,A,0.99150640,0.10128081,0.98642541,0.10024898
1558.1500,1.924028e+14,B,A,0.99168167,0.09954598,0.98677224,0.09855497
1541.0000,1.945441e+14,D,A,0.10523262,-1.50306127,0.00712249,-0.10499131
1541.0500,1.945378e+14,D,A,0.10448976,-1.50424583,0.00694871,-0.10425845
1541.1000,1.945315e+14,D,A,0.10376499,-1.50541379,0.00677959,-0.10354328
1541.1500,1.945252e+14,D,A,0.10305783,-1.50656568,0.00661492,-0.10284532
1541.2000,1.945189e+14,D,A,0.10236783,-1.50770197,0.00645455,-0.10216414
1541.2500,1.945125e+14,D,A,0.10169454,-1.50882317,0.00629830,-0.10149931
1541.3000,1.945062e+14,D,A,0.10103753,-1.50992972,0.00614601,-0.10085043
1541.3500,1.944999e+14,D,A,0.10039640,-1.51102208,0.00599755,-0.10021710
1541.4000,1.944936e+14,D,A,0.09977076,-1.51210067,0.00585275,-0.09959894
1541.4500,1.944873e+14,D,A,0.09916021,-1.51316591,0.00571148,-0.09899559
1541.5000,1.944810e+14,D,A,0.09856441,-1.51421820,0.00557361,-0.09840669
1541.5500,1.944747e+14,D,A,0.09798299,-1.51525794,0.00543902,-0.09783192
1541.6000,1.944684e+14,D,A,0.09741562,-1.51628548,0.00530758,-0.09727093
1541.6500,1.944621e+14,D,A,0.09686198,-1.51730121,0.00517917,-0.09672342
1541.7000,1.944558e+14,D,A,0.09632175,-1.51830547,0.00505369,-0.09618908
1541.7500,1.944495e+14,D,A,0.09579462,-1.51929859,0.00493103,-0.09566762
1541.8000,1.944432e+14,D,A,0.09528031,-1.52028091,0.00481108,-0.09515876
1541.8500,1.944369e+14,D,A,0.09477853,-1.52125275,0.00469375,-0.09466223
1541.9000,1.944305e+14,D,A,0.09428901,-1.52221442,0.00457894,-0.09417777
1541.9500,1.944242e+14,D,A,0.09381150,-1.52316621,0.00446656,-0.09370511
1542.0000,1.944179e+14,D,A,0.09334574,-1.52410842,0.00435653,-0.09324402
1542.0500,1.944116e+14,D,A,0.09289148,-1.52504133,0.00424877,-0.09279426
1542.1000,1.944053e+14,D,A,0.09244850,-1.52596522,0.00414318,-0.09235561
1542.1500,1.943990e+14,D,A,0.09201656,-1.52688034,0.00403970,-0.09192784
1542.2000,1.943927e+14,D,A,0.09159545,-1.52778696,0.00393825,-0.09151074
1542.2500,1.943864e+14,D,A,0.09118495,-1.52868532,0.00383876,-0.09110411
1542.3000,1.943801e+14,D,A,0.09078487,-1.52957568,0.00374115,-0.09070776
1542.3500,1.943738e+14,D,A,0.09039501,-1.53045827,0.00364537,-0.09032148
1542.4000,1.943675e+14,D,A,0.09001518,-1.53133332,0.00355135,-0.08994510
1542.4500,1.943612e+14,D,A,0.08964519,-1.53220105,0.00345902,-0.08957843
1542.5000,1.943549e+14,D,A,0.08928488,-1.53306169,0.00336833,-0.08922132
1542.5500,1.943486e+14,D,A,0.08893406,-1.53391545,0.00327922,-0.08887358
1542.6000,1.943423e+14,D,A,0.08859258,-1.53476253,0.00319164,-0.08853507
1542.6500,1.943360e+14,D,A,0.08826028,-1.53560314,0.00310552,-0.08820563
1542.7000,1.943297e+14,D,A,0.08793700,-1.53643747,0.00302082,-0.08788510
1542.7500,1.943234e+14,D,A,0.08762260,-1.53726572,0.00293749,-0.08757335
1542.8000,1.943171e+14,D,A,0.08731694,-1.53808808,0.00285547,-0.08727024
1542.8500,1.943108e+14,D,A,0.08701988,-1.53890473,0.00277473,-0.08697563
1542.9000,1.943045e+14,D,A,0.08673128,-1.53971585,0.00269522,-0.08668939
1542.9500,1.942982e+14,D,A,0.08645102,-1.54052162,0.00261688,-0.08641141
1543.0000,1.942919e+14,D,A,0.08617898,-1.54132220,0.00253968,-0.08614155
1543.0500,1.942856e+14,D,A,0.08591504,-1.54211777,0.00246358,-0.08587971
1543.1000,1.942793e+14,D,A,0.08565908,-1.54290848,0.00238854,-0.08562577
1543.1500,1.942731e+14,D,A,0.08541100,-1.54369451,0.00231451,-0.08537963
1543.2000,1.942668e+14,D,A,0.08517068,-1.54447600,0.00224146,-0.08514118
1543.2500,1.942605e+14,D,A,0.08493803,-1.54525312,0.00216935,-0.08491033
1543.3000,1.942542e+14,D,A,0.08471295,-1.54602601,0.00209815,-0.08468697
1543.3500,1.942479e+14,D,A,0.08449535,-1.54679482,0.00202782,-0.08447101
1543.4000,1.942416e+14,D,A,0.08428513,-1.54755970,0.00195833,-0.08426237
1543.4500,1.942353e+14,D,A,0.08408220,-1.54832079,0.00188963,-0.08406097
1543.5000,1.942290e+14,D,A,0.08388650,-1.54907823,0.00182171,-0.08386671
1543.5500,1.942227e+14,D,A,0.08369792,-1.54983216,0.00175453,-0.08367953
1543.6000,1.942164e+14,D,A,0.08351640,-1.55058272,0.00168805,-0.08349934
1543.6500,1.942101e+14,D,A,0.08334186,-1.55133003,0.00162225,-0.08332607
1543.7000,1.942038e+14,D,A,0.08317424,-1.55207424,0.00155710,-0.08315966
1543.7500,1.941975e+14,D,A,0.08301346,-1.55281546,0.00149257,-0.08300004
1543.8000,1.941913e+14,D,A,0.08285946,-1.55355383,0.00142863,-0.08284715
1543.8500,1.941850e+14,D,A,0.08271219,-1.55428947,0.00136526,-0.08270092
1543.9000,1.941787e+14,D,A,0.08257157,-1.55502251,0.00130241,-0.08256130
1543.9500,1.941724e+14,D,A,0.08243756,-1.55575307,0.00124008,-0.08242823
1544.0000,1.941661e+14,D,A,0.08231010,-1.55648127,0.00117823,-0.08230166
1544.0500,1.941598e+14,D,A,0.08218914,-1.55720723,0.00111684,-0.08218155
1544.1000,1.941535e+14,D,A,0.08207464,-1.55793106,0.00105588,-0.08206784
1544.1500,1.941472e+14,D,A,0.08196654,-1.55865289,0.00099533,-0.08196050
1544.2000,1.941410e+14,D,A,0.08186482,-1.55937282,0.00093516,-0.08185947
1544.2500,1.941347e+14,D,A,0.08176942,-1.56009098,0.00087535,-0.08176473
1544.3000,1.941284e+14,D,A,0.08168031,-1.56080747,0.00081588,-0.08167623
1544.3500,1.941221e+14,D,A,0.08159746,-1.56152241,0.00075672,-0.08159395
1544.4000,1.941158e+14,D,A,0.08152083,-1.56223591,0.00069784,-0.08151784
1544.4500,1.941095e+14,D,A,0.08145039,-1.56294807,0.00063924,-0.08144788
1544.5000,1.941032e+14,D,A,0.08138612,-1.56365901,0.00058087,-0.08138405
1544.5500,1.940970e+14,D,A,0.08132799,-1.56436884,0.00052273,-0.08132631
1544.6000,1.940907e+14,D,A,0.08127598,-1.56507766,0.00046479,-0.08127465
1544.6500,1.940844e+14,D,A,0.08123006,-1.56578558,0.00040702,-0.08122904
1544.7000,1.940781e+14,D,A,0.08119023,-1.56649271,0.00034941,-0.08118947
1544.7500,1.940718e+14,D,A,0.08115645,-1.56719915,0.00029193,-0.08115593
1544.8000,1.940655e+14,D,A,0.08112873,-1.56790501,0.00023457,-0.08112839
1544.8500,1.940593e+14,D,A,0.08110704,-1.56861040,0.00017729,-0.08110685
1544.9000,1.940530e+14,D,A,0.08109139,-1.56931541,0.00012009,-0.08109130
1544.9500,1.940467e+14,D,A,0.08108175,-1.57002016,0.00006293,-0.08108173
1545.0000,1.940404e+14,D,A,0.08107813,-1.57072475,0.00000580,-0.08107813
1545.0500,1.940341e+14,D,A,0.08108053,-1.57142929,-0.00005132,-0.08108051
1545.1000,1.940279e+14,D,A,0.08108894,-1.57213387,-0.00010846,-0.08108887
1545.1500,1.940216e+14,D,A,0.08110336,-1.57283860,-0.00016564,-0.08110320
1545.2000,1.940153e+14,D,A,0.08112381,-1.57354359,-0.00022287,-0.08112351
1545.2500,1.940090e+14,D,A,0.08115028,-1.57424895,-0.00028018,-0.08114980
1545.3000,1.940028e+14,D,A,0.08118279,-1.57495477,-0.00033759,-0.08118209
1545.3500,1.939965e+14,D,A,0.08122135,-1.57566116,-0.00039513,-0.08122039
1545.4000,1.939902e+14,D,A,0.08126596,-1.57636823,-0.00045280,-0.08126470
1545.4500,1.939839e+14,D,A,0.08131665,-1.57707609,-0.00051065,-0.08131505
1545.5000,1.939776e+14,D,A,0.08137343,-1.57778483,-0.00056867,-0.08137145
1545.5500,1.939714e+14,D,A,0.08143633,-1.57849458,-0.00062691,-0.08143391
1545.6000,1.939651e+14,D,A,0.08150535,-1.57920542,-0.00068538,-0.08150247
1545.6500,1.939588e+14,D,A,0.08158054,-1.57991748,-0.00074410,-0.08157715
1545.7000,1.939526e+14,D,A,0.08166191,-1.58063086,-0.00080309,-0.08165796
1545.7500,1.939463e+14,D,A,0.08174950,-1.58134568,-0.00086239,-0.08174495
1545.8000,1.939400e+14,D,A,0.08184333,-1.58206203,-0.00092200,-0.08183814
1545.8500,1.939337e+14,D,A,0.08194345,-1.58278004,-0.00098196,-0.08193756
1545.9000,1.939275e+14,D,A,0.08204988,-1.58349981,-0.00104229,-0.08204326
1545.9500,1.939212e+14,D,A,0.08216267,-1.58422146,-0.00110301,-0.08215526
1546.0000,1.939149e+14,D,A,0.08228185,-1.58494511,-0.00116415,-0.08227362
1546.0500,1.939086e+14,D,A,0.08240748,-1.58567086,-0.00122573,-0.08239836
1546.1000,1.939024e+14,D,A,0.08253960,-1.58639884,-0.00128777,-0.08252955
1546.1500,1.938961e+14,D,A,0.08267825,-1.58712917,-0.00135031,-0.08266722
1546.2000,1.938898e+14,D,A,0.08282349,-1.58786196,-0.00141337,-0.08281143
1546.2500,1.938836e+14,D,A,0.08297538,-1.58859734,-0.00147697,-0.08296223
1546.3000,1.938773e+14,D,A,0.08313397,-1.58933542,-0.00154114,-0.08311969
1546.3500,1.938710e+14,D,A,0.08329932,-1.59007634,-0.00160591,-0.08328384
1546.4000,1.938648e+14,D,A,0.08347150,-1.59082022,-0.00167131,-0.08345477
1546.4500,1.938585e+14,D,A,0.08365057,-1.59156718,-0.00173737,-0.08363253
1546.5000,1.938522e+14,D,A,0.08383661,-1.59231737,-0.00180411,-0.08381719
1546.5500,1.938460e+14,D,A,0.08402967,-1.59307091,-0.00187157,-0.08400883
1546.6000,1.938397e+14,D,A,0.08422985,-1.59382793,-0.00193978,-0.08420751
1546.6500,1.938334e+14,D,A,0.08443721,-1.59458857,-0.00200876,-0.08441331
1546.7000,1.938272e+14,D,A,0.08465185,-1.59535298,-0.00207856,-0.08462632
1546.7500,1.938209e+14,D,A,0.08487384,-1.59612129,-0.00214920,-0.08484662
1546.8000,1.938146e+14,D,A,0.08510327,-1.59689365,-0.00222072,-0.08507429
1546.8500,1.938084e+14,D,A,0.08534025,-1.59767020,-0.00229315,-0.08530943
1546.9000,1.938021e+14,D,A,0.08558485,-1.59845109,-0.00236653,-0.08555213
1546.9500,1.937958e+14,D,A,0.08583720,-1.59923648,-0.00244089,-0.08580248
1547.0000,1.937896e+14,D,A,0.08609738,-1.60002653,-0.00251629,-0.08606060
1547.0500,1.937833e+14,D,A,0.08636550,-1.60082138,-0.00259274,-0.08632657
1547.1000,1.937770e+14,D,A,0.08664168,-1.60162121,-0.00267030,-0.08660053
1547.1500,1.937708e+14,D,A,0.08692604,-1.60242618,-0.00274900,-0.08688256
1547.2000,1.937645e+14,D,A,0.08721870,-1.60323645,-0.00282889,-0.08717281
1547.2500,1.937583e+14,D,A,0.08751977,-1.60405221,-0.00291001,-0.08747138
1547.3000,1.937520e+14,D,A,0.08782939,-1.60487363,-0.00299241,-0.08777840
1547.3500,1.937457e+14,D,A,0.08814770,-1.60570088,-0.00307613,-0.08809401
1547.4000,1.937395e+14,D,A,0.08847483,-1.60653416,-0.00316123,-0.08841834
1547.4500,1.937332e+14,D,A,0.08881093,-1.60737366,-0.00324774,-0.08875153
1547.5000,1.937270e+14,D,A,0.08915615,-1.60821957,-0.00333573,-0.08909373
1547.5500,1.937207e+14,D,A,0.08951065,-1.60907208,-0.00342525,-0.08944509
1547.6000,1.937144e+14,D,A,0.08987457,-1.60993141,-0.00351635,-0.08980576
1547.6500,1.937082e+14,D,A,0.09024810,-1.61079777,-0.00360909,-0.09017591
1547.7000,1.937019e+14,D,A,0.09063141,-1.61167136,-0.00370353,-0.09055570
1547.7500,1.936957e+14,D,A,0.09102466,-1.61255241,-0.00379973,-0.09094532
1547.8000,1.936894e+14,D,A,0.09142806,-1.61344116,-0.00389775,-0.09134493
1547.8500,1.936831e+14,D,A,0.09184178,-1.61433782,-0.00399766,-0.09175473
1547.9000,1.936769e+14,D,A,0.09226603,-1.61524264,-0.00409953,-0.09217491
1547.9500,1.936706e+14,D,A,0.09270102,-1.61615586,-0.00420343,-0.09260567
1548.0000,1.936644e+14,D,A,0.09314696,-1.61707775,-0.00430944,-0.09304722
1548.0500,1.936581e+14,D,A,0.09360407,-1.61800856,-0.00441762,-0.09349977
1548.1000,1.936519e+14,D,A,0.09407258,-1.61894855,-0.00452805,-0.09396354
1548.1500,1.936456e+14,D,A,0.09455272,-1.61989801,-0.00464083,-0.09443877
1548.2000,1.936394e+14,D,A,0.09504475,-1.62085723,-0.00475604,-0.09492568
1548.2500,1.936331e+14,D,A,0.09554892,-1.62182648,-0.00487376,-0.09542454
1548.3000,1.936269e+14,D,A,0.09606549,-1.62280608,-0.00499409,-0.09593559
1548.3500,1.936206e+14,D,A,0.09659475,-1.62379634,-0.00511713,-0.09645911
1548.4000,1.936143e+14,D,A,0.09713696,-1.62479758,-0.00524297,-0.09699536
1548.4500,1.936081e+14,D,A,0.09769243,-1.62581013,-0.00537172,-0.09754463
1548.5000,1.936018e+14,D,A,0.09826147,-1.62683434,-0.00550350,-0.09810723
1548.5500,1.935956e+14,D,A,0.09884439,-1.62787056,-0.00563840,-0.09868344
1548.6000,1.935893e+14,D,A,0.09944152,-1.62891915,-0.00577657,-0.09927360
1548.6500,1.935831e+14,D,A,0.10005320,-1.62998050,-0.00591811,-0.09987802
1548.7000,1.935768e+14,D,A,0.10067980,-1.63105500,-0.00606316,-0.10049706
1548.7500,1.935706e+14,D,A,0.10132167,-1.63214304,-0.00621185,-0.10113107
1548.8000,1.935643e+14,D,A,0.10197920,-1.63324506,-0.00636433,-0.10178042
1548.8500,1.935581e+14,D,A,0.10265280,-1.63436149,-0.00652075,-0.10244548
1548.9000,1.935518e+14,D,A,0.10334287,-1.63549277,-0.00668125,-0.10312666
1548.9500,1.935456e+14,D,A,0.10404984,-1.63663938,-0.00684601,-0.10382437
1549.0000,1.935394e+14,D,A,0.10477416,-1.63780178,-0.00701519,-0.10453904
1549.0500,1.935331e+14,D,A,0.10551629,-1.63898050,-0.00718897,-0.10527111
1549.1000,1.935269e+14,D,A,0.10627672,-1.64017604,-0.00736753,-0.10602104
1549.1500,1.935206e+14,D,A,0.10705596,-1.64138895,-0.00755109,-0.10678932
1549.2000,1.935144e+14,D,A,0.10785451,-1.64261979,-0.00773983,-0.10757644
1549.2500,1.935081e+14,D,A,0.10867294,-1.64386913,-0.00793397,-0.10838293
1549.3000,1.935019e+14,D,A,0.10951181,-1.64513760,-0.00813375,-0.10920933
1549.3500,1.934956e+14,D,A,0.11037170,-1.64642580,-0.00833940,-0.11005620
1549.4000,1.934894e+14,D,A,0.11125323,-1.64773441,-0.00855117,-0.11092412
1549.4500,1.934831e+14,D,A,0.11215706,-1.64906410,-0.00876932,-0.11181371
1549.5000,1.934769e+14,D,A,0.11308384,-1.65041558,-0.00899414,-0.11272560
1549.5500,1.934707e+14,D,A,0.11403428,-1.65178960,-0.00922591,-0.11366045
1549.6000,1.934644e+14,D,A,0.11500910,-1.65318691,-0.00946495,-0.11461897
1549.6500,1.934582e+14,D,A,0.11600907,-1.65460834,-0.00971157,-0.11560186
1549.7000,1.934519e+14,D,A,0.11703498,-1.65605470,-0.00996613,-0.11660988
1549.7500,1.934457e+14,D,A,0.11808767,-1.65752689,-0.01022897,-0.11764381
1549.8000,1.934394e+14,D,A,0.11916800,-1.65902581,-0.01050050,-0.11870447
1549.8500,1.934332e+14,D,A,0.12027688,-1.66055243,-0.01078109,-0.11979272
1549.9000,1.934270e+14,D,A,0.12141527,-1.66210773,-0.01107120,-0.12090946
1549.9500,1.934207e+14,D,A,0.12258416,-1.66369276,-0.01137126,-0.12205560
1550.0000,1.934145e+14,D,A,0.12378459,-1.66530862,-0.01168176,-0.12323214
1550.0500,1.934083e+14,D,A,0.12501765,-1.66695645,-0.01200319,-0.12444009
1550.1000,1.934020e+14,D,A,0.12628449,-1.66863745,-0.01233611,-0.12568052
1550.1500,1.933958e+14,D,A,0.12758631,-1.67035288,-0.01268108,-0.12695455
1550.2000,1.933895e+14,D,A,0.12892437,-1.67210406,-0.01303871,-0.12826335
1550.2500,1.933833e+14,D,A,0.13030000,-1.67389237,-0.01340963,-0.12960815
1550.3000,1.933771e+14,D,A,0.13171458,-1.67571926,-0.01379454,-0.13099023
1550.3500,1.933708e+14,D,A,0.13316957,-1.67758627,-0.01419416,-0.13241096
1550.4000,1.933646e+14,D,A,0.13466652,-1.67949499,-0.01460926,-0.13387173
1550.4500,1.933584e+14,D,A,0.13620703,-1.68144713,-0.01504068,-0.13537405
1550.5000,1.933521e+14,D,A,0.13779281,-1.68344445,-0.01548929,-0.13691947
1550.5500,1.933459e+14,D,A,0.13942566,-1.68548885,-0.01595604,-0.13850963
1550.6000,1.933396e+14,D,A,0.14110746,-1.68758228,-0.01644193,-0.14014627
1550.6500,1.933334e+14,D,A,0.14284020,-1.68972685,-0.01694804,-0.14183119
1550.7000,1.933272e+14,D,A,0.14462600,-1.69192475,-0.01747551,-0.14356631
1550.7500,1.933209e+14,D,A,0.14646708,-1.69417831,-0.01802558,-0.14535365
1550.8000,1.933147e+14,D,A,0.14836578,-1.69648999,-0.01859957,-0.14719532
1550.8500,1.933085e+14,D,A,0.15032460,-1.69886241,-0.01919890,-0.14909356
1550.9000,1.933022e+14,D,A,0.15234617,-1.70129831,-0.01982509,-0.15105072
1550.9500,1.932960e+14,D,A,0.15443327,-1.70380064,-0.02047978,-0.15306931
1551.0000,1.932898e+14,D,A,0.15658887,-1.70637248,-0.02116474,-0.15515195
1551.0500,1.932836e+14,D,A,0.15881609,-1.70901714,-0.02188186,-0.15730141
1551.1000,1.932773e+14,D,A,0.16111827,-1.71173813,-0.02263319,-0.15952065
1551.1500,1.932711e+14,D,A,0.16349896,-1.71453917,-0.02342096,-0.16181276
1551.2000,1.932649e+14,D,A,0.16596191,-1.71742423,-0.02424754,-0.16418104
1551.2500,1.932586e+14,D,A,0.16851115,-1.72039754,-0.02511554,-0.16662898
1551.3000,1.932524e+14,D,A,0.17115093,-1.72346361,-0.02602777,-0.16916027
1551.3500,1.932462e+14,D,A,0.17388582,-1.72662728,-0.02698726,-0.17177883
1551.4000,1.932399e+14,D,A,0.17672069,-1.72989369,-0.02799733,-0.17448883
1551.4500,1.932337e+14,D,A,0.17966073,-1.73326837,-0.02906159,-0.17729468
1551.5000,1.932275e+14,D,A,0.18271151,-1.73675722,-0.03018396,-0.18020107
1551.5500,1.932213e+14,D,A,0.18587899,-1.74036659,-0.03136871,-0.18321300
1551.6000,1.932150e+14,D,A,0.18916955,-1.74410330,-0.03262053,-0.18633577
1551.6500,1.932088e+14,D,A,0.19259004,-1.74797467,-0.03394453,-0.18957503
1551.7000,1.932026e+14,D,A,0.19614784,-1.75198859,-0.03534632,-0.19293681
1551.7500,1.931964e+14,D,A,0.19985085,-1.75615358,-0.03683205,-0.19642750
1551.8000,1.931901e+14,D,A,0.20370762,-1.76047881,-0.03840848,-0.20005395
1551.8500,1.931839e+14,D,A,0.20772733,-1.76497421,-0.04008305,-0.20382343
1551.9000,1.931777e+14,D,A,0.21191991,-1.76965055,-0.04186399,-0.20774373
1551.9500,1.931715e+14,D,A,0.21629611,-1.77451947,-0.04376035,-0.21182313
1552.0000,1.931652e+14,D,A,0.22086752,-1.77959364,-0.04578219,-0.21607048
1552.0500,1.931590e+14,D,A,0.22564673,-1.78488683,-0.04794063,-0.22049522
1552.1000,1.931528e+14,D,A,0.23064741,-1.79041405,-0.05024805,-0.22510744
1552.1500,1.931466e+14,D,A,0.23588440,-1.79619167,-0.05271821,-0.22991789
1552.2000,1.931404e+14,D,A,0.24137384,-1.80223760,-0.05536648,-0.23493804
1552.2500,1.931341e+14,D,A,0.24713335,-1.80857144,-0.05821002,-0.24018011
1552.3000,1.931279e+14,D,A,0.25318214,-1.81521472,-0.06126806,-0.24565712
1552.3500,1.931217e+14,D,A,0.25954119,-1.82219109,-0.06456220,-0.25138288
1552.4000,1.931155e+14,D,A,0.26623351,-1.82952662,-0.06811673,-0.25737209
1552.4500,1.931093e+14,D,A,0.27328428,-1.83725009,-0.07195903,-0.26364027
1552.5000,1.931030e+14,D,A,0.28072116,-1.84539334,-0.07612009,-0.27020381
1552.5500,1.930968e+14,D,A,0.28857455,-1.85399166,-0.08063498,-0.27707990
1552.6000,1.930906e+14,D,A,0.29687795,-1.86308427,-0.08554356,-0.28428650
1552.6500,1.930844e+14,D,A,0.30566824,-1.87271489,-0.09089122,-0.29184218
1552.7000,1.930782e+14,D,A,0.31498616,-1.88293229,-0.09672976,-0.29976597
1552.7500,1.930719e+14,D,A,0.32487674,-1.89379108,-0.10311843,-0.30807707
1552.8000,1.930657e+14,D,A,0.33538975,-1.90535255,-0.11012524,-0.31679444
1552.8500,1.930595e+14,D,A,0.34658031,-1.91768564,-0.11782832,-0.32593619
1552.9000,1.930533e+14,D,A,0.35850946,-1.93086809,-0.12631773,-0.33551880
1552.9500,1.930471e+14,D,A,0.37124479,-1.94498783,-0.13569743,-0.34555593
1553.0000,1.930409e+14,D,A,0.38486112,-1.96014452,-0.14608769,-0.35605683
1553.0500,1.930346e+14,D,A,0.39944116,-1.97645141,-0.15762778,-0.36702415
1553.1000,1.930284e+14,D,A,0.41507618,-1.99403754,-0.17047919,-0.37845090
1553.1500,1.930222e+14,D,A,0.43186648,-2.01305020,-0.18482917,-0.39031632
1553.2000,1.930160e+14,D,A,0.44992174,-2.03365785,-0.20089472,-0.40258029
1553.2500,1.930098e+14,D,A,0.46936097,-2.05605350,-0.21892679,-0.41517560
1553.3000,1.930036e+14,D,A,0.49031171,-2.08045844,-0.23921442,-0.42799771
1553.3500,1.929974e+14,D,A,0.51290841,-2.10712648,-0.26208844,-0.44089079
1553.4000,1.929912e+14,D,A,0.53728898,-2.13634842,-0.28792351,-0.45362925
1553.4500,1.929849e+14,D,A,0.56358909,-2.16845668,-0.31713718,-0.46589341
1553.5000,1.929787e+14,D,A,0.59193281,-2.20382945,-0.35018324,-0.47723804
1553.5500,1.929725e+14,D,A,0.62241808,-2.24289382,-0.38753535,-0.48705300
1553.6000,1.929663e+14,D,A,0.65509489,-2.28612622,-0.42965478,-0.49451601
1553.6500,1.929601e+14,D,A,0.68993378,-2.33404852,-0.47693405,-0.49854041
1553.7000,1.929539e+14,D,A,0.72678206,-2.38721623,-0.52960517,-0.49772535
1553.7500,1.929477e+14,D,A,0.76530631,-2.44619493,-0.58760137,-0.49032476
1553.8000,1.929415e+14,D,A,0.80492260,-2.51151914,-0.65036474,-0.47426374
1553.8500,1.929353e+14,D,A,0.84472209,-2.58362862,-0.71660717,-0.44724666
1553.9000,1.929291e+14,D,A,0.88341037,-2.66277843,-0.78406369,-0.40701108
1553.9500,1.929228e+14,D,A,0.91929262,-2.74892652,-0.84932723,-0.35177008
1554.0000,1.929166e+14,D,A,0.95034733,-2.84161424,-0.90790754,-0.28082724
1554.0500,1.929104e+14,D,A,0.97442589,-2.93987189,-0.95466772,-0.19523158
1554.1000,1.929042e+14,D,A,0.98957878,-3.04219306,-0.98469415,-0.09820184
1554.1500,1.928980e+14,D,A,0.99444231,3.13656838,-0.99442976,0.00499633
1554.2000,1.928918e+14,D,A,0.98855656,3.03225950,-0.98265397,0.10786680
1554.2500,1.928856e+14,D,A,0.97248096,2.93026890,-0.95084725,0.20398215
1554.3000,1.928794e+14,D,A,0.94765405,2.83251835,-0.90274999,0.28825450
1554.3500,1.928732e+14,D,A,0.91606200,2.74046136,-0.84334487,0.35768564
1554.4000,1.928670e+14,D,A,0.87985293,2.65501292,-0.77773488,0.41142392
1554.4500,1.928608e+14,D,A,0.84102178,2.57658418,-0.71031359,0.45030238
1554.5000,1.928546e+14,D,A,0.80122438,2.50518139,-0.64437170,0.47617813
1554.5500,1.928484e+14,D,A,0.76171456,2.44052585,-0.58206761,0.49133122
1554.6000,1.928422e+14,D,A,0.72336545,2.38216449,-0.52460621,0.49804206
1554.6500,1.928360e+14,D,A,0.68673262,2.32955712,-0.47248763,0.49835443
1554.7000,1.928298e+14,D,A,0.65212861,2.28213766,-0.42574242,0.49397886
1554.7500,1.928236e+14,D,A,0.61969167,2.23935316,-0.38411845,0.48628261
1554.8000,1.928174e+14,D,A,0.58944182,2.20068604,-0.34721403,0.47632351
1554.8500,1.928112e+14,D,A,0.56132332,2.16566476,-0.31456547,0.46490045
1554.9000,1.928050e+14,D,A,0.53523501,2.13386733,-0.28570075,0.45260535
1554.9500,1.927988e+14,D,A,0.51105136,2.10492037,-0.26016975,0.43986952
1555.0000,1.927926e+14,D,A,0.48863631,2.07849591,-0.23755947,0.42700227
1555.0500,1.927864e+14,D,A,0.46785227,2.05430712,-0.21750002,0.41422154
1555.1000,1.927802e+14,D,A,0.44856554,2.03210370,-0.19966514,0.40167758
1555.1500,1.927740e+14,D,A,0.43064950,2.01166743,-0.18376996,0.38947092
1555.2000,1.927678e+14,D,A,0.41398619,1.99280797,-0.16956727,0.37766587
1555.2500,1.927616e+14,D,A,0.39846697,1.97535916,-0.15684334,0.36630055
1555.3000,1.927554e+14,D,A,0.38399254,1.95917568,-0.14541374,0.35539431
1555.3500,1.927492e+14,D,A,0.37047261,1.94413023,-0.13511940,0.34495319
1555.4000,1.927430e+14,D,A,0.35782535,1.93011103,-0.12582312,0.33497392
1555.4500,1.927368e+14,D,A,0.34597675,1.91701968,-0.11740641,0.32544684
1555.5000,1.927306e+14,D,A,0.33485994,1.90476937,-0.10976680,0.31635807
1555.5500,1.927244e+14,D,A,0.32441456,1.89328330,-0.10281551,0.30769105
1555.6000,1.927182e+14,D,A,0.31458610,1.88249337,-0.09647549,0.29942761
1555.6500,1.927120e+14,D,A,0.30532529,1.87233902,-0.09067967,0.29154884
1555.7000,1.927058e+14,D,A,0.29658760,1.86276627,-0.08536958,0.28403563
1555.7500,1.926996e+14,D,A,0.28833272,1.85372688,-0.08049410,0.27686903
1555.8000,1.926934e+14,D,A,0.28052413,1.84517763,-0.07600842,0.27003057
1555.8500,1.926873e+14,D,A,0.27312870,1.83707971,-0.07187317,0.26350244
1555.9000,1.926811e+14,D,A,0.26611632,1.82939822,-0.06805371,0.25726755
1555.9500,1.926749e+14,D,A,0.25945961,1.82210163,-0.06451942,0.25130964
1556.0000,1.926687e+14,D,A,0.25313362,1.81516146,-0.06124324,0.24561330
1556.0500,1.926625e+14,D,A,0.24711558,1.80855190,-0.05820114,0.24016398
1556.1000,1.926563e+14,D,A,0.24138469,1.80224954,-0.05537177,0.23494794
1556.1500,1.926501e+14,D,A,0.23592192,1.79623304,-0.05273611,0.22995229
1556.2000,1.926439e+14,D,A,0.23070983,1.79048298,-0.05027717,0.22516490
1556.2500,1.926377e+14,D,A,0.22573241,1.78498163,-0.04797974,0.22057440
1556.3000,1.926315e+14,D,A,0.22097494,1.77971274,-0.04583020,0.21617011
1556.3500,1.926253e+14,D,A,0.21642388,1.77466146,-0.04381630,0.21194204
1556.4000,1.926192e+14,D,A,0.21206676,1.76981412,-0.04192700,0.20788083
1556.4500,1.926130e+14,D,A,0.20789206,1.76515818,-0.04015236,0.20397768
1556.5000,1.926068e+14,D,A,0.20388913,1.76068206,-0.03848340,0.20022439
1556.5500,1.926006e+14,D,A,0.20004812,1.75637511,-0.03691196,0.19661322
1556.6000,1.925944e+14,D,A,0.19635992,1.75222748,-0.03543068,0.19313696
1556.6500,1.925882e+14,D,A,0.19281606,1.74823004,-0.03403284,0.18978883
1556.7000,1.925820e+14,D,A,0.18940868,1.74437437,-0.03271234,0.18656246
1556.7500,1.925759e+14,D,A,0.18613047,1.74065262,-0.03146363,0.18345188
1556.8000,1.925697e+14,D,A,0.18297463,1.73705753,-0.03028162,0.18045149
1556.8500,1.925635e+14,D,A,0.17993482,1.73358233,-0.02916168,0.17755601
1556.9000,1.925573e+14,D,A,0.17700512,1.73022073,-0.02809955,0.17476049
1556.9500,1.925511e+14,D,A,0.17418001,1.72696685,-0.02709135,0.17206027
1557.0000,1.925449e+14,D,A,0.17145433,1.72381521,-0.02613349,0.16945096
1557.0500,1.925387e+14,D,A,0.16882324,1.72076069,-0.02522268,0.16692844
1557.1000,1.925326e+14,D,A,0.16628222,1.71779851,-0.02435591,0.16448880
1557.1500,1.925264e+14,D,A,0.16382702,1.71492418,-0.02353037,0.16212838
1557.2000,1.925202e+14,D,A,0.16145365,1.71213349,-0.02274350,0.15984372
1557.2500,1.925140e+14,D,A,0.15915838,1.70942250,-0.02199292,0.15763154
1557.3000,1.925078e+14,D,A,0.15693769,1.70678751,-0.02127642,0.15548875
1557.3500,1.925017e+14,D,A,0.15478826,1.70422504,-0.02059197,0.15341244
1557.4000,1.924955e+14,D,A,0.15270699,1.70173180,-0.01993768,0.15139984
1557.4500,1.924893e+14,D,A,0.15069092,1.69930472,-0.01931179,0.14944834
1557.5000,1.924831e+14,D,A,0.14873729,1.69694089,-0.01871268,0.14755547
1557.5500,1.924769e+14,D,A,0.14684348,1.69463755,-0.01813883,0.14571887
1557.6000,1.924708e+14,D,A,0.14500701,1.69239213,-0.01758883,0.14393633
1557.6500,1.924646e+14,D,A,0.14322556,1.69020217,-0.01706136,0.14220574
1557.7000,1.924584e+14,D,A,0.14149691,1.68806536,-0.01655520,0.14052509
1557.7500,1.924522e+14,D,A,0.13981896,1.68597950,-0.01606920,0.13889248
1557.8000,1.924461e+14,D,A,0.13818973,1.68394253,-0.01560230,0.13730612
1557.8500,1.924399e+14,D,A,0.13660735,1.68195248,-0.01515350,0.13576428
1557.9000,1.924337e+14,D,A,0.13507002,1.68000747,-0.01472185,0.13426533
1557.9500,1.924275e+14,D,A,0.13357606,1.67810575,-0.01430648,0.13280771
1558.0000,1.924213e+14,D,A,0.13212385,1.67624563,-0.01390656,0.13138995
1558.0500,1.924152e+14,D,A,0.13071186,1.67442551,-0.01352133,0.13001063
1558.1000,1.924090e+14,D,A,0.12933865,1.67264388,-0.01315006,0.12866842
1558.1500,1.924028e+14,D,A,0.12800283,1.67089928,-0.01279207,0.12736204
1541.0000,1.945441e+14,B,C,0.10523262,-1.50306127,0.00712249,-0.10499131
1541.0500,1.945378e+14,B,C,0.10448976,-1.50424583,0.00694871,-0.10425845
1541.1000,1.945315e+14,B,C,0.10376499,-1.50541379,0.00677959,-0.10354328
1541.1500,1.945252e+14,B,C,0.10305783,-1.50656568,0.00661492,-0.10284532
1541.2000,1.945189e+14,B,C,0.10236783,-1.50770197,0.00645455,-0.10216414
1541.2500,1.945125e+14,B,C,0.10169454,-1.50882317,0.00629830,-0.10149931
1541.3000,1.945062e+14,B,C,0.10103753,-1.50992972,0.00614601,-0.10085043
1541.3500,1.944999e+14,B,C,0.10039640,-1.51102208,0.00599755,-0.10021710
1541.4000,1.944936e+14,B,C,0.09977076,-1.51210067,0.00585275,-0.09959894
1541.4500,1.944873e+14,B,C,0.09916021,-1.51316591,0.00571148,-0.09899559
1541.5000,1.944810e+14,B,C,0.09856441,-1.51421820,0.00557361,-0.09840669
1541.5500,1.944747e+14,B,C,0.09798299,-1.51525794,0.00543902,-0.09783192
1541.6000,1.944684e+14,B,C,0.09741562,-1.51628548,0.00530758,-0.09727093
1541.6500,1.944621e+14,B,C,0.09686198,-1.51730121,0.00517917,-0.09672342
1541.7000,1.944558e+14,B,C,0.09632175,-1.51830547,0.00505369,-0.09618908
1541.7500,1.944495e+14,B,C,0.09579462,-1.51929859,0.00493103,-0.09566762
1541.8000,1.944432e+14,B,C,0.09528031,-1.52028091,0.00481108,-0.09515876
1541.8500,1.944369e+14,B,C,0.09477853,-1.52125275,0.00469375,-0.09466223
1541.9000,1.944305e+14,B,C,0.09428901,-1.52221442,0.00457894,-0.09417777
1541.9500,1.944242e+14,B,C,0.09381150,-1.52316621,0.00446656,-0.09370511
1542.0000,1.944179e+14,B,C,0.09334574,-1.52410842,0.00435653,-0.09324402
1542.0500,1.944116e+14,B,C,0.09289148,-1.52504133,0.00424877,-0.09279426
1542.1000,1.944053e+14,B,C,0.09244850,-1.52596522,0.00414318,-0.09235561
1542.1500,1.943990e+14,B,C,0.09201656,-1.52688034,0.00403970,-0.09192784
1542.2000,1.943927e+14,B,C,0.09159545,-1.52778696,0.00393825,-0.09151074
1542.2500,1.943864e+14,B,C,0.09118495,-1.52868532,0.00383876,-0.09110411
1542.3000,1.943801e+14,B,C,0.09078487,-1.52957568,0.00374115,-0.09070776
1542.3500,1.943738e+14,B,C,0.09039501,-1.53045827,0.00364537,-0.09032148
1542.4000,1.943675e+14,B,C,0.09001518,-1.53133332,0.00355135,-0.08994510
1542.4500,1.943612e+14,B,C,0.08964519,-1.53220105,0.00345902,-0.08957843
1542.5000,1.943549e+14,B,C,0.08928488,-1.53306169,0.00336833,-0.08922132
1542.5500,1.943486e+14,B,C,0.08893406,-1.53391545,0.00327922,-0.08887358
1542.6000,1.943423e+14,B,C,0.08859258,-1.53476253,0.00319164,-0.08853507
1542.6500,1.943360e+14,B,C,0.08826028,-1.53560314,0.00310552,-0.08820563
1542.7000,1.943297e+14,B,C,0.08793700,-1.53643747,0.00302082,-0.08788510
1542.7500,1.943234e+14,B,C,0.08762260,-1.53726572,0.00293749,-0.08757335
1542.8000,1.943171e+14,B,C,0.08731694,-1.53808808,0.00285547,-0.08727024
1542.8500,1.943108e+14,B,C,0.08701988,-1.53890473,0.00277473,-0.08697563
1542.9000,1.943045e+14,B,C,0.08673128,-1.53971585,0.00269522,-0.08668939
1542.9500,1.942982e+14,B,C,0.08645102,-1.54052162,0.00261688,-0.08641141
1543.0000,1.942919e+14,B,C,0.08617898,-1.54132220,0.00253968,-0.08614155
1543.0500,1.942856e+14,B,C,0.08591504,-1.54211777,0.00246358,-0.08587971
1543.1000,1.942793e+14,B,C,0.08565908,-1.54290848,0.00238854,-0.08562577
1543.1500,1.942731e+14,B,C,0.08541100,-1.54369451,0.00231451,-0.08537963
1543.2000,1.942668e+14,B,C,0.08517068,-1.54447600,0.00224146,-0.08514118
1543.2500,1.942605e+14,B,C,0.08493803,-1.54525312,0.00216935,-0.08491033
1543.3000,1.942542e+14,B,C,0.08471295,-1.54602601,0.00209815,-0.08468697
1543.3500,1.942479e+14,B,C,0.08449535,-1.54679482,0.00202782,-0.08447101
1543.4000,1.942416e+14,B,C,0.08428513,-1.54755970,0.00195833,-0.08426237
1543.4500,1.942353e+14,B,C,0.08408220,-1.54832079,0.00188963,-0.08406097
1543.5000,1.942290e+14,B,C,0.08388650,-1.54907823,0.00182171,-0.08386671
1543.5500,1.942227e+14,B,C,0.08369792,-1.54983216,0.00175453,-0.08367953
1543.6000,1.942164e+14,B,C,0.08351640,-1.55058272,0.00168805,-0.08349934
1543.6500,1.942101e+14,B,C,0.08334186,-1.55133003,0.00162225,-0.08332607
1543.7000,1.942038e+14,B,C,0.08317424,-1.55207424,0.00155710,-0.08315966
1543.7500,1.941975e+14,B,C,0.08301346,-1.55281546,0.00149257,-0.08300004
1543.8000,1.941913e+14,B,C,0.08285946,-1.55355383,0.00142863,-0.08284715
1543.8500,1.941850e+14,B,C,0.08271219,-1.55428947,0.00136526,-0.08270092
1543.9000,1.941787e+14,B,C,0.08257157,-1.55502251,0.00130241,-0.08256130
1543.9500,1.941724e+14,B,C,0.08243756,-1.55575307,0.00124008,-0.08242823
1544.0000,1.941661e+14,B,C,0.08231010,-1.55648127,0.00117823,-0.08230166
1544.0500,1.941598e+14,B,C,0.08218914,-1.55720723,0.00111684,-0.08218155
1544.1000,1.941535e+14,B,C,0.08207464,-1.55793106,0.00105588,-0.08206784
1544.1500,1.941472e+14,B,C,0.08196654,-1.55865289,0.00099533,-0.08196050
1544.2000,1.941410e+14,B,C,0.08186482,-1.55937282,0.00093516,-0.08185947
1544.2500,1.941347e+14,B,C,0.08176942,-1.56009098,0.00087535,-0.08176473
1544.3000,1.941284e+14,B,C,0.08168031,-1.56080747,0.00081588,-0.08167623
1544.3500,1.941221e+14,B,C,0.08159746,-1.56152241,0.00075672,-0.08159395
1544.4000,1.941158e+14,B,C,0.08152083,-1.56223591,0.00069784,-0.08151784
1544.4500,1.941095e+14,B,C,0.08145039,-1.56294807,0.00063924,-0.08144788
1544.5000,1.941032e+14,B,C,0.08138612,-1.56365901,0.00058087,-0.08138405
1544.5500,1.940970e+14,B,C,0.08132799,-1.56436884,0.00052273,-0.08132631
1544.6000,1.940907e+14,B,C,0.08127598,-1.56507766,0.00046479,-0.08127465
1544.6500,1.940844e+14,B,C,0.08123006,-1.56578558,0.00040702,-0.08122904
1544.7000,1.940781e+14,B,C,0.08119023,-1.56649271,0.00034941,-0.08118947
1544.7500,1.940718e+14,B,C,0.08115645,-1.56719915,0.00029193,-0.08115593
1544.8000,1.940655e+14,B,C,0.08112873,-1.56790501,0.00023457,-0.08112839
1544.8500,1.940593e+14,B,C,0.08110704,-1.56861040,0.00017729,-0.08110685
1544.9000,1.940530e+14,B,C,0.08109139,-1.56931541,0.00012009,-0.08109130
1544.9500,1.940467e+14,B,C,0.08108175,-1.57002016,0.00006293,-0.08108173
1545.0000,1.940404e+14,B,C,0.08107813,-1.57072475,0.00000580,-0.08107813
1545.0500,1.940341e+14,B,C,0.08108053,-1.57142929,-0.00005132,-0.08108051
1545.1000,1.940279e+14,B,C,0.08108894,-1.57213387,-0.00010846,-0.08108887
1545.1500,1.940216e+14,B,C,0.08110336,-1.57283860,-0.00016564,-0.08110320
1545.2000,1.940153e+14,B,C,0.08112381,-1.57354359,-0.00022287,-0.08112351
1545.2500,1.940090e+14,B,C,0.08115028,-1.57424895,-0.00028018,-0.08114980
1545.3000,1.940028e+14,B,C,0.08118279,-1.57495477,-0.00033759,-0.08118209
1545.3500,1.939965e+14,B,C,0.08122135,-1.57566116,-0.00039513,-0.08122039
1545.4000,1.939902e+14,B,C,0.08126596,-1.57636823,-0.00045280,-0.08126470
1545.4500,1.939839e+14,B,C,0.08131665,-1.57707609,-0.00051065,-0.08131505
1545.5000,1.939776e+14,B,C,0.08137343,-1.57778483,-0.00056867,-0.08137145
1545.5500,1.939714e+14,B,C,0.08143633,-1.57849458,-0.00062691,-0.08143391
1545.6000,1.939651e+14,B,C,0.08150535,-1.57920542,-0.00068538,-0.08150247
1545.6500,1.939588e+14,B,C,0.08158054,-1.57991748,-0.00074410,-0.08157715
1545.7000,1.939526e+14,B,C,0.08166191,-1.58063086,-0.00080309,-0.08165796
1545.7500,1.939463e+14,B,C,0.08174950,-1.58134568,-0.00086239,-0.08174495
1545.8000,1.939400e+14,B,C,0.08184333,-1.58206203,-0.00092200,-0.08183814
1545.8500,1.939337e+14,B,C,0.08194345,-1.58278004,-0.00098196,-0.08193756
1545.9000,1.939275e+14,B,C,0.08204988,-1.58349981,-0.00104229,-0.08204326
1545.9500,1.939212e+14,B,C,0.08216267,-1.58422146,-0.00110301,-0.08215526
1546.0000,1.939149e+14,B,C,0.08228185,-1.58494511,-0.00116415,-0.08227362
1546.0500,1.939086e+14,B,C,0.08240748,-1.58567086,-0.00122573,-0.08239836
1546.1000,1.939024e+14,B,C,0.08253960,-1.58639884,-0.00128777,-0.08252955
1546.1500,1.938961e+14,B,C,0.08267825,-1.58712917,-0.00135031,-0.08266722
1546.2000,1.938898e+14,B,C,0.08282349,-1.58786196,-0.00141337,-0.08281143
1546.2500,1.938836e+14,B,C,0.08297538,-1.58859734,-0.00147697,-0.08296223
1546.3000,1.938773e+14,B,C,0.08313397,-1.58933542,-0.00154114,-0.08311969
1546.3500,1.938710e+14,B,C,0.08329932,-1.59007634,-0.00160591,-0.08328384
1546.4000,1.938648e+14,B,C,0.08347150,-1.59082022,-0.00167131,-0.08345477
1546.4500,1.938585e+14,B,C,0.08365057,-1.59156718,-0.00173737,-0.08363253
1546.5000,1.938522e+14,B,C,0.08383661,-1.59231737,-0.00180411,-0.08381719
1546.5500,1.938460e+14,B,C,0.08402967,-1.59307091,-0.00187157,-0.08400883
1546.6000,1.938397e+14,B,C,0.08422985,-1.59382793,-0.00193978,-0.08420751
1546.6500,1.938334e+14,B,C,0.08443721,-1.59458857,-0.00200876,-0.08441331
1546.7000,1.938272e+14,B,C,0.08465185,-1.59535298,-0.00207856,-0.08462632
1546.7500,1.938209e+14,B,C,0.08487384,-1.59612129,-0.00214920,-0.08484662
1546.8000,1.938146e+14,B,C,0.08510327,-1.59689365,-0.00222072,-0.08507429
1546.8500,1.938084e+14,B,C,0.08534025,-1.59767020,-0.00229315,-0.08530943
1546.9000,1.938021e+14,B,C,0.08558485,-1.59845109,-0.00236653,-0.08555213
1546.9500,1.937958e+14,B,C,0.08583720,-1.59923648,-0.00244089,-0.08580248
1547.0000,1.937896e+14,B,C,0.08609738,-1.60002653,-0.00251629,-0.08606060
1547.0500,1.937833e+14,B,C,0.08636550,-1.60082138,-0.00259274,-0.08632657
1547.1000,1.937770e+14,B,C,0.08664168,-1.60162121,-0.00267030,-0.08660053
1547.1500,1.937708e+14,B,C,0.08692604,-1.60242618,-0.00274900,-0.08688256
1547.2000,1.937645e+14,B,C,0.08721870,-1.60323645,-0.00282889,-0.08717281
1547.2500,1.937583e+14,B,C,0.08751977,-1.60405221,-0.00291001,-0.08747138
1547.3000,1.937520e+14,B,C,0.08782939,-1.60487363,-0.00299241,-0.08777840
1547.3500,1.937457e+14,B,C,0.08814770,-1.60570088,-0.00307613,-0.08809401
1547.4000,1.937395e+14,B,C,0.08847483,-1.60653416,-0.00316123,-0.08841834
1547.4500,1.937332e+14,B,C,0.08881093,-1.60737366,-0.00324774,-0.08875153
1547.5000,1.937270e+14,B,C,0.08915615,-1.60821957,-0.00333573,-0.08909373
1547.5500,1.937207e+14,B,C,0.08951065,-1.60907208,-0.00342525,-0.08944509
1547.6000,1.937144e+14,B,C,0.08987457,-1.60993141,-0.00351635,-0.08980576
1547.6500,1.937082e+14,B,C,0.09024810,-1.61079777,-0.00360909,-0.09017591
1547.7000,1.937019e+14,B,C,0.09063141,-1.61167136,-0.00370353,-0.09055570
1547.7500,1.936957e+14,B,C,0.09102466,-1.61255241,-0.00379973,-0.09094532
1547.8000,1.936894e+14,B,C,0.09142806,-1.61344116,-0.00389775,-0.09134493
1547.8500,1.936831e+14,B,C,0.09184178,-1.61433782,-0.00399766,-0.09175473
1547.9000,1.936769e+14,B,C,0.09226603,-1.61524264,-0.00409953,-0.09217491
1547.9500,1.936706e+14,B,C,0.09270102,-1.61615586,-0.00420343,-0.09260567
1548.0000,1.936644e+14,B,C,0.09314696,-1.61707775,-0.00430944,-0.09304722
1548.0500,1.936581e+14,B,C,0.09360407,-1.61800856,-0.00441762,-0.09349977
1548.1000,1.936519e+14,B,C,0.09407258,-1.61894855,-0.00452805,-0.09396354
1548.1500,1.936456e+14,B,C,0.09455272,-1.61989801,-0.00464083,-0.09443877
1548.2000,1.936394e+14,B,C,0.09504475,-1.62085723,-0.00475604,-0.09492568
1548.2500,1.936331e+14,B,C,0.09554892,-1.62182648,-0.00487376,-0.09542454
1548.3000,1.936269e+14,B,C,0.09606549,-1.62280608,-0.00499409,-0.09593559
1548.3500,1.936206e+14,B,C,0.09659475,-1.62379634,-0.00511713,-0.09645911
1548.4000,1.936143e+14,B,C,0.09713696,-1.62479758,-0.00524297,-0.09699536
1548.4500,1.936081e+14,B,C,0.09769243,-1.62581013,-0.00537172,-0.09754463
1548.5000,1.936018e+14,B,C,0.09826147,-1.62683434,-0.00550350,-0.09810723
1548.5500,1.935956e+14,B,C,0.09884439,-1.62787056,-0.00563840,-0.09868344
1548.6000,1.935893e+14,B,C,0.09944152,-1.62891915,-0.00577657,-0.09927360
1548.6500,1.935831e+14,B,C,0.10005320,-1.62998050,-0.00591811,-0.09987802
1548.7000,1.935768e+14,B,C,0.10067980,-1.63105500,-0.00606316,-0.10049706
1548.7500,1.935706e+14,B,C,0.10132167,-1.63214304,-0.00621185,-0.10113107
1548.8000,1.935643e+14,B,C,0.10197920,-1.63324506,-0.00636433,-0.10178042
1548.8500,1.935581e+14,B,C,0.10265280,-1.63436149,-0.00652075,-0.10244548
1548.9000,1.935518e+14,B,C,0.10334287,-1.63549277,-0.00668125,-0.10312666
1548.9500,1.935456e+14,B,C,0.10404984,-1.63663938,-0.00684601,-0.10382437
1549.0000,1.935394e+14,B,C,0.10477416,-1.63780178,-0.00701519,-0.10453904
1549.0500,1.935331e+14,B,C,0.10551629,-1.63898050,-0.00718897,-0.10527111
1549.1000,1.935269e+14,B,C,0.10627672,-1.64017604,-0.00736753,-0.10602104
1549.1500,1.935206e+14,B,C,0.10705596,-1.64138895,-0.00755109,-0.10678932
1549.2000,1.935144e+14,B,C,0.10785451,-1.64261979,-0.00773983,-0.10757644
1549.2500,1.935081e+14,B,C,0.10867294,-1.64386913,-0.00793397,-0.10838293
1549.3000,1.935019e+14,B,C,0.10951181,-1.64513760,-0.00813375,-0.10920933
1549.3500,1.934956e+14,B,C,0.11037170,-1.64642580,-0.00833940,-0.11005620
1549.4000,1.934894e+14,B,C,0.11125323,-1.64773441,-0.00855117,-0.11092412
1549.4500,1.934831e+14,B,C,0.11215706,-1.64906410,-0.00876932,-0.11181371
1549.5000,1.934769e+14,B,C,0.11308384,-1.65041558,-0.00899414,-0.11272560
1549.5500,1.934707e+14,B,C,0.11403428,-1.65178960,-0.00922591,-0.11366045
1549.6000,1.934644e+14,B,C,0.11500910,-1.65318691,-0.00946495,-0.11461897
1549.6500,1.934582e+14,B,C,0.11600907,-1.65460834,-0.00971157,-0.11560186
1549.7000,1.934519e+14,B,C,0.11703498,-1.65605470,-0.00996613,-0.11660988
1549.7500,1.934457e+14,B,C,0.11808767,-1.65752689,-0.01022897,-0.11764381
1549.8000,1.934394e+14,B,C,0.11916800,-1.65902581,-0.01050050,-0.11870447
1549.8500,1.934332e+14,B,C,0.12027688,-1.66055243,-0.01078109,-0.11979272
1549.9000,1.934270e+14,B,C,0.12141527,-1.66210773,-0.01107120,-0.12090946
1549.9500,1.934207e+14,B,C,0.12258416,-1.66369276,-0.01137126,-0.12205560
1550.0000,1.934145e+14,B,C,0.12378459,-1.66530862,-0.01168176,-0.12323214
1550.0500,1.934083e+14,B,C,0.12501765,-1.66695645,-0.01200319,-0.12444009
1550.1000,1.934020e+14,B,C,0.12628449,-1.66863745,-0.01233611,-0.12568052
1550.1500,1.933958e+14,B,C,0.12758631,-1.67035288,-0.01268108,-0.12695455
1550.2000,1.933895e+14,B,C,0.12892437,-1.67210406,-0.01303871,-0.12826335
1550.2500,1.933833e+14,B,C,0.13030000,-1.67389237,-0.01340963,-0.12960815
1550.3000,1.933771e+14,B,C,0.13171458,-1.67571926,-0.01379454,-0.13099023
1550.3500,1.933708e+14,B,C,0.13316957,-1.67758627,-0.01419416,-0.13241096
1550.4000,1.933646e+14,B,C,0.13466652,-1.67949499,-0.01460926,-0.13387173
1550.4500,1.933584e+14,B,C,0.13620703,-1.68144713,-0.01504068,-0.13537405
1550.5000,1.933521e+14,B,C,0.13779281,-1.68344445,-0.01548929,-0.13691947
1550.5500,1.933459e+14,B,C,0.13942566,-1.68548885,-0.01595604,-0.13850963
1550.6000,1.933396e+14,B,C,0.14110746,-1.68758228,-0.01644193,-0.14014627
1550.6500,1.933334e+14,B,C,0.14284020,-1.68972685,-0.01694804,-0.14183119
1550.7000,1.933272e+14,B,C,0.14462600,-1.69192475,-0.01747551,-0.14356631
1550.7500,1.933209e+14,B,C,0.14646708,-1.69417831,-0.01802558,-0.14535365
1550.8000,1.933147e+14,B,C,0.14836578,-1.69648999,-0.01859957,-0.14719532
1550.8500,1.933085e+14,B,C,0.15032460,-1.69886241,-0.01919890,-0.14909356
1550.9000,1.933022e+14,B,C,0.15234617,-1.70129831,-0.01982509,-0.15105072
1550.9500,1.932960e+14,B,C,0.15443327,-1.70380064,-0.02047978,-0.15306931
1551.0000,1.932898e+14,B,C,0.15658887,-1.70637248,-0.02116474,-0.15515195
1551.0500,1.932836e+14,B,C,0.15881609,-1.70901714,-0.02188186,-0.15730141
1551.1000,1.932773e+14,B,C,0.16111827,-1.71173813,-0.02263319,-0.15952065
1551.1500,1.932711e+14,B,C,0.16349896,-1.71453917,-0.02342096,-0.16181276
1551.2000,1.932649e+14,B,C,0.16596191,-1.71742423,-0.02424754,-0.16418104
1551.2500,1.932586e+14,B,C,0.16851115,-1.72039754,-0.02511554,-0.16662898
1551.3000,1.932524e+14,B,C,0.17115093,-1.72346361,-0.02602777,-0.16916027
1551.3500,1.932462e+14,B,C,0.17388582,-1.72662728,-0.02698726,-0.17177883
1551.4000,1.932399e+14,B,C,0.17672069,-1.72989369,-0.02799733,-0.17448883
1551.4500,1.932337e+14,B,C,0.17966073,-1.73326837,-0.02906159,-0.17729468
1551.5000,1.932275e+14,B,C,0.18271151,-1.73675722,-0.03018396,-0.18020107
1551.5500,1.932213e+14,B,C,0.18587899,-1.74036659,-0.03136871,-0.18321300
1551.6000,1.932150e+14,B,C,0.18916955,-1.74410330,-0.03262053,-0.18633577
1551.6500,1.932088e+14,B,C,0.19259004,-1.74797467,-0.03394453,-0.18957503
1551.7000,1.932026e+14,B,C,0.19614784,-1.75198859,-0.03534632,-0.19293681
1551.7500,1.931964e+14,B,C,0.19985085,-1.75615358,-0.03683205,-0.19642750
1551.8000,1.931901e+14,B,C,0.20370762,-1.76047881,-0.03840848,-0.20005395
1551.8500,1.931839e+14,B,C,0.20772733,-1.76497421,-0.04008305,-0.20382343
1551.9000,1.931777e+14,B,C,0.21191991,-1.76965055,-0.04186399,-0.20774373
1551.9500,1.931715e+14,B,C,0.21629611,-1.77451947,-0.04376035,-0.21182313
1552.0000,1.931652e+14,B,C,0.22086752,-1.77959364,-0.04578219,-0.21607048
1552.0500,1.931590e+14,B,C,0.22564673,-1.78488683,-0.04794063,-0.22049522
1552.1000,1.931528e+14,B,C,0.23064741,-1.79041405,-0.05024805,-0.22510744
1552.1500,1.931466e+14,B,C,0.23588440,-1.79619167,-0.05271821,-0.22991789
1552.2000,1.931404e+14,B,C,0.24137384,-1.80223760,-0.05536648,-0.23493804
1552.2500,1.931341e+14,B,C,0.24713335,-1.80857144,-0.05821002,-0.24018011
1552.3000,1.931279e+14,B,C,0.25318214,-1.81521472,-0.06126806,-0.24565712
1552.3500,1.931217e+14,B,C,0.25954119,-1.82219109,-0.06456220,-0.25138288
1552.4000,1.931155e+14,B,C,0.26623351,-1.82952662,-0.06811673,-0.25737209
1552.4500,1.931093e+14,B,C,0.27328428,-1.83725009,-0.07195903,-0.26364027
1552.5000,1.931030e+14,B,C,0.28072116,-1.84539334,-0.07612009,-0.27020381
1552.5500,1.930968e+14,B,C,0.28857455,-1.85399166,-0.08063498,-0.27707990
1552.6000,1.930906e+14,B,C,0.29687795,-1.86308427,-0.08554356,-0.28428650
1552.6500,1.930844e+14,B,C,0.30566824,-1.87271489,-0.09089122,-0.29184218
1552.7000,1.930782e+14,B,C,0.31498616,-1.88293229,-0.09672976,-0.29976597
1552.7500,1.930719e+14,B,C,0.32487674,-1.89379108,-0.10311843,-0.30807707
1552.8000,1.930657e+14,B,C,0.33538975,-1.90535255,-0.11012524,-0.31679444
1552.8500,1.930595e+14,B,C,0.34658031,-1.91768564,-0.11782832,-0.32593619
1552.9000,1.930533e+14,B,C,0.35850946,-1.93086809,-0.12631773,-0.33551880
1552.9500,1.930471e+14,B,C,0.37124479,-1.94498783,-0.13569743,-0.34555593
1553.0000,1.930409e+14,B,C,0.38486112,-1.96014452,-0.14608769,-0.35605683
1553.0500,1.930346e+14,B,C,0.39944116,-1.97645141,-0.15762778,-0.36702415
1553.1000,1.930284e+14,B,C,0.41507618,-1.99403754,-0.17047919,-0.37845090
1553.1500,1.930222e+14,B,C,0.43186648,-2.01305020,-0.18482917,-0.39031632
1553.2000,1.930160e+14,B,C,0.44992174,-2.03365785,-0.20089472,-0.40258029
1553.2500,1.930098e+14,B,C,0.46936097,-2.05605350,-0.21892679,-0.41517560
1553.3000,1.930036e+14,B,C,0.49031171,-2.08045844,-0.23921442,-0.42799771
1553.3500,1.929974e+14,B,C,0.51290841,-2.10712648,-0.26208844,-0.44089079
1553.4000,1.929912e+14,B,C,0.53728898,-2.13634842,-0.28792351,-0.45362925
1553.4500,1.929849e+14,B,C,0.56358909,-2.16845668,-0.31713718,-0.46589341
1553.5000,1.929787e+14,B,C,0.59193281,-2.20382945,-0.35018324,-0.47723804
1553.5500,1.929725e+14,B,C,0.62241808,-2.24289382,-0.38753535,-0.48705300
1553.6000,1.929663e+14,B,C,0.65509489,-2.28612622,-0.42965478,-0.49451601
1553.6500,1.929601e+14,B,C,0.68993378,-2.33404852,-0.47693405,-0.49854041
1553.7000,1.929539e+14,B,C,0.72678206,-2.38721623,-0.52960517,-0.49772535
1553.7500,1.929477e+14,B,C,0.76530631,-2.44619493,-0.58760137,-0.49032476
1553.8000,1.929415e+14,B,C,0.80492260,-2.51151914,-0.65036474,-0.47426374
1553.8500,1.929353e+14,B,C,0.84472209,-2.58362862,-0.71660717,-0.44724666
1553.9000,1.929291e+14,B,C,0.88341037,-2.66277843,-0.78406369,-0.40701108
1553.9500,1.929228e+14,B,C,0.91929262,-2.74892652,-0.84932723,-0.35177008
1554.0000,1.929166e+14,B,C,0.95034733,-2.84161424,-0.90790754,-0.28082724
1554.0500,1.929104e+14,B,C,0.97442589,-2.93987189,-0.95466772,-0.19523158
1554.1000,1.929042e+14,B,C,0.98957878,-3.04219306,-0.98469415,-0.09820184
1554.1500,1.928980e+14,B,C,0.99444231,3.13656838,-0.99442976,0.00499633
1554.2000,1.928918e+14,B,C,0.98855656,3.03225950,-0.98265397,0.10786680
1554.2500,1.928856e+14,B,C,0.97248096,2.93026890,-0.95084725,0.20398215
1554.3000,1.928794e+14,B,C,0.94765405,2.83251835,-0.90274999,0.28825450
1554.3500,1.928732e+14,B,C,0.91606200,2.74046136,-0.84334487,0.35768564
1554.4000,1.928670e+14,B,C,0.87985293,2.65501292,-0.77773488,0.41142392
1554.4500,1.928608e+14,B,C,0.84102178,2.57658418,-0.71031359,0.45030238
1554.5000,1.928546e+14,B,C,0.80122438,2.50518139,-0.64437170,0.47617813
1554.5500,1.928484e+14,B,C,0.76171456,2.44052585,-0.58206761,0.49133122
1554.6000,1.928422e+14,B,C,0.72336545,2.38216449,-0.52460621,0.49804206
1554.6500,1.928360e+14,B,C,0.68673262,2.32955712,-0.47248763,0.49835443
1554.7000,1.928298e+14,B,C,0.65212861,2.28213766,-0.42574242,0.49397886
1554.7500,1.928236e+14,B,C,0.61969167,2.23935316,-0.38411845,0.48628261
1554.8000,1.928174e+14,B,C,0.58944182,2.20068604,-0.34721403,0.47632351
1554.8500,1.928112e+14,B,C,0.56132332,2.16566476,-0.31456547,0.46490045
1554.9000,1.928050e+14,B,C,0.53523501,2.13386733,-0.28570075,0.45260535
1554.9500,1.927988e+14,B,C,0.51105136,2.10492037,-0.26016975,0.43986952
1555.0000,1.927926e+14,B,C,0.48863631,2.07849591,-0.23755947,0.42700227
1555.0500,1.927864e+14,B,C,0.46785227,2.05430712,-0.21750002,0.41422154
1555.1000,1.927802e+14,B,C,0.44856554,2.03210370,-0.19966514,0.40167758
1555.1500,1.927740e+14,B,C,0.43064950,2.01166743,-0.18376996,0.38947092
1555.2000,1.927678e+14,B,C,0.41398619,1.99280797,-0.16956727,0.37766587
1555.2500,1.927616e+14,B,C,0.39846697,1.97535916,-0.15684334,0.36630055
1555.3000,1.927554e+14,B,C,0.38399254,1.95917568,-0.14541374,0.35539431
1555.3500,1.927492e+14,B,C,0.37047261,1.94413023,-0.13511940,0.34495319
1555.4000,1.927430e+14,B,C,0.35782535,1.93011103,-0.12582312,0.33497392
1555.4500,1.927368e+14,B,C,0.34597675,1.91701968,-0.11740641,0.32544684
1555.5000,1.927306e+14,B,C,0.33485994,1.90476937,-0.10976680,0.31635807
1555.5500,1.927244e+14,B,C,0.32441456,1.89328330,-0.10281551,0.30769105
1555.6000,1.927182e+14,B,C,0.31458610,1.88249337,-0.09647549,0.29942761
1555.6500,1.927120e+14,B,C,0.30532529,1.87233902,-0.09067967,0.29154884
1555.7000,1.927058e+14,B,C,0.29658760,1.86276627,-0.08536958,0.28403563
1555.7500,1.926996e+14,B,C,0.28833272,1.85372688,-0.08049410,0.27686903
1555.8000,1.926934e+14,B,C,0.28052413,1.84517763,-0.07600842,0.27003057
1555.8500,1.926873e+14,B,C,0.27312870,1.83707971,-0.07187317,0.26350244
1555.9000,1.926811e+14,B,C,0.26611632,1.82939822,-0.06805371,0.25726755
1555.9500,1.926749e+14,B,C,0.25945961,1.82210163,-0.06451942,0.25130964
1556.0000,1.926687e+14,B,C,0.25313362,1.81516146,-0.06124324,0.24561330
1556.0500,1.926625e+14,B,C,0.24711558,1.80855190,-0.05820114,0.24016398
1556.1000,1.926563e+14,B,C,0.24138469,1.80224954,-0.05537177,0.23494794
1556.1500,1.926501e+14,B,C,0.23592192,1.79623304,-0.05273611,0.22995229
1556.2000,1.926439e+14,B,C,0.23070983,1.79048298,-0.05027717,0.22516490
1556.2500,1.926377e+14,B,C,0.22573241,1.78498163,-0.04797974,0.22057440
1556.3000,1.926315e+14,B,C,0.22097494,1.77971274,-0.04583020,0.21617011
1556.3500,1.926253e+14,B,C,0.21642388,1.77466146,-0.04381630,0.21194204
1556.4000,1.926192e+14,B,C,0.21206676,1.76981412,-0.04192700,0.20788083
1556.4500,1.926130e+14,B,C,0.20789206,1.76515818,-0.04015236,0.20397768
1556.5000,1.926068e+14,B,C,0.20388913,1.76068206,-0.03848340,0.20022439
1556.5500,1.926006e+14,B,C,0.20004812,1.75637511,-0.03691196,0.19661322
1556.6000,1.925944e+14,B,C,0.19635992,1.75222748,-0.03543068,0.19313696
1556.6500,1.925882e+14,B,C,0.19281606,1.74823004,-0.03403284,0.18978883
1556.7000,1.925820e+14,B,C,0.18940868,1.74437437,-0.03271234,0.18656246
1556.7500,1.925759e+14,B,C,0.18613047,1.74065262,-0.03146363,0.18345188
1556.8000,1.925697e+14,B,C,0.18297463,1.73705753,-0.03028162,0.18045149
1556.8500,1.925635e+14,B,C,0.17993482,1.73358233,-0.02916168,0.17755601
1556.9000,1.925573e+14,B,C,0.17700512,1.73022073,-0.02809955,0.17476049
1556.9500,1.925511e+14,B,C,0.17418001,1.72696685,-0.02709135,0.17206027
1557.0000,1.925449e+14,B,C,0.17145433,1.72381521,-0.02613349,0.16945096
1557.0500,1.925387e+14,B,C,0.16882324,1.72076069,-0.02522268,0.16692844
1557.1000,1.925326e+14,B,C,0.16628222,1.71779851,-0.02435591,0.16448880
1557.1500,1.925264e+14,B,C,0.16382702,1.71492418,-0.02353037,0.16212838
1557.2000,1.925202e+14,B,C,0.16145365,1.71213349,-0.02274350,0.15984372
1557.2500,1.925140e+14,B,C,0.15915838,1.70942250,-0.02199292,0.15763154
1557.3000,1.925078e+14,B,C,0.15693769,1.70678751,-0.02127642,0.15548875
1557.3500,1.925017e+14,B,C,0.15478826,1.70422504,-0.02059197,0.15341244
1557.4000,1.924955e+14,B,C,0.15270699,1.70173180,-0.01993768,0.15139984
1557.4500,1.924893e+14,B,C,0.15069092,1.69930472,-0.01931179,0.14944834
1557.5000,1.924831e+14,B,C,0.14873729,1.69694089,-0.01871268,0.14755547
1557.5500,1.924769e+14,B,C,0.14684348,1.69463755,-0.01813883,0.14571887
1557.6000,1.924708e+14,B,C,0.14500701,1.69239213,-0.01758883,0.14393633
1557.6500,1.924646e+14,B,C,0.14322556,1.69020217,-0.01706136,0.14220574
1557.7000,1.924584e+14,B,C,0.14149691,1.68806536,-0.01655520,0.14052509
1557.7500,1.924522e+14,B,C,0.13981896,1.68597950,-0.01606920,0.13889248
1557.8000,1.924461e+14,B,C,0.13818973,1.68394253,-0.01560230,0.13730612
1557.8500,1.924399e+14,B,C,0.13660735,1.68195248,-0.01515350,0.13576428
1557.9000,1.924337e+14,B,C,0.13507002,1.68000747,-0.01472185,0.13426533
1557.9500,1.924275e+14,B,C,0.13357606,1.67810575,-0.01430648,0.13280771
1558.0000,1.924213e+14,B,C,0.13212385,1.67624563,-0.01390656,0.13138995
1558.0500,1.924152e+14,B,C,0.13071186,1.67442551,-0.01352133,0.13001063
1558.1000,1.924090e+14,B,C,0.12933865,1.67264388,-0.01315006,0.12866842
1558.1500,1.924028e+14,B,C,0.12800283,1.67089928,-0.01279207,0.12736204
1541.0000,1.945441e+14,D,C,0.99438554,0.06735887,0.99213052,0.06693004
1541.0500,1.945378e+14,D,C,0.99446474,0.06618091,0.99228770,0.06576655
1541.1000,1.945315e+14,D,C,0.99454148,0.06501945,0.99243999,0.06461899
1541.1500,1.945252e+14,D,C,0.99461582,0.06387398,0.99258755,0.06348688
1541.2000,1.945189e+14,D,C,0.99468787,0.06274401,0.99273056,0.06236976
1541.2500,1.945125e+14,D,C,0.99475770,0.06162906,0.99286918,0.06126718
1541.3000,1.945062e+14,D,C,0.99482539,0.06052866,0.99300357,0.06017869
1541.3500,1.944999e+14,D,C,0.99489102,0.05944239,0.99313387,0.05910387
1541.4000,1.944936e+14,D,C,0.99495466,0.05836980,0.99326022,0.05804233
1541.4500,1.944873e+14,D,C,0.99501638,0.05731048,0.99338276,0.05699366
1541.5000,1.944810e+14,D,C,0.99507623,0.05626404,0.99350162,0.05595748
1541.5500,1.944747e+14,D,C,0.99513429,0.05523009,0.99361692,0.05493342
1541.6000,1.944684e+14,D,C,0.99519062,0.05420826,0.99372877,0.05392114
1541.6500,1.944621e+14,D,C,0.99524526,0.05319819,0.99383729,0.05292027
1541.7000,1.944558e+14,D,C,0.99529827,0.05219951,0.99394259,0.05193050
1541.7500,1.944495e+14,D,C,0.99534971,0.05121191,0.99404477,0.05095148
1541.8000,1.944432e+14,D,C,0.99539963,0.05023505,0.99414392,0.04998292
1541.8500,1.944369e+14,D,C,0.99544806,0.04926861,0.99424013,0.04902451
1541.9000,1.944305e+14,D,C,0.99549507,0.04831229,0.99433351,0.04807594
1541.9500,1.944242e+14,D,C,0.99554068,0.04736579,0.99442414,0.04713694
1542.0000,1.944179e+14,D,C,0.99558495,0.04642881,0.99451209,0.04620722
1542.0500,1.944116e+14,D,C,0.99562791,0.04550109,0.99459744,0.04528652
1542.1000,1.944053e+14,D,C,0.99566960,0.04458234,0.99468028,0.04437458
1542.1500,1.943990e+14,D,C,0.99571006,0.04367230,0.99476067,0.04347113
1542.2000,1.943927e+14,D,C,0.99574932,0.04277072,0.99483868,0.04257593
1542.2500,1.943864e+14,D,C,0.99578741,0.04187735,0.99491438,0.04168875
1542.3000,1.943801e+14,D,C,0.99582438,0.04099193,0.99498783,0.04080933
1542.3500,1.943738e+14,D,C,0.99586024,0.04011425,0.99505910,0.03993747
1542.4000,1.943675e+14,D,C,0.99589503,0.03924406,0.99512824,0.03907293
1542.4500,1.943612e+14,D,C,0.99592877,0.03838114,0.99519530,0.03821550
1542.5000,1.943549e+14,D,C,0.99596150,0.03752528,0.99526035,0.03736497
1542.5500,1.943486e+14,D,C,0.99599324,0.03667627,0.99532343,0.03652113
1542.6000,1.943423e+14,D,C,0.99602401,0.03583389,0.99538459,0.03568378
1542.6500,1.943360e+14,D,C,0.99605384,0.03499795,0.99544389,0.03485273
1542.7000,1.943297e+14,D,C,0.99608275,0.03416825,0.99550136,0.03402778
1542.7500,1.943234e+14,D,C,0.99611076,0.03334459,0.99555705,0.03320875
1542.8000,1.943171e+14,D,C,0.99613790,0.03252680,0.99561100,0.03239547
1542.8500,1.943108e+14,D,C,0.99616419,0.03171468,0.99566325,0.03158774
1542.9000,1.943045e+14,D,C,0.99618964,0.03090807,0.99571384,0.03078539
1542.9500,1.942982e+14,D,C,0.99621427,0.03010678,0.99576281,0.02998827
1543.0000,1.942919e+14,D,C,0.99623810,0.02931064,0.99581019,0.02919619
1543.0500,1.942856e+14,D,C,0.99626115,0.02851949,0.99585602,0.02840900
1543.1000,1.942793e+14,D,C,0.99628344,0.02773316,0.99590033,0.02762654
1543.1500,1.942731e+14,D,C,0.99630498,0.02695149,0.99594315,0.02684866
1543.2000,1.942668e+14,D,C,0.99632578,0.02617434,0.99598451,0.02607519
1543.2500,1.942605e+14,D,C,0.99634586,0.02540153,0.99602444,0.02530599
1543.3000,1.942542e+14,D,C,0.99636524,0.02463293,0.99606296,0.02454091
1543.3500,1.942479e+14,D,C,0.99638392,0.02386839,0.99610011,0.02377982
1543.4000,1.942416e+14,D,C,0.99640192,0.02310775,0.99613591,0.02302256
1543.4500,1.942353e+14,D,C,0.99641926,0.02235088,0.99617038,0.02226900
1543.5000,1.942290e+14,D,C,0.99643594,0.02159764,0.99620355,0.02151900
1543.5500,1.942227e+14,D,C,0.99645197,0.02084790,0.99623543,0.02077242
1543.6000,1.942164e+14,D,C,0.99646737,0.02010150,0.99626606,0.02002914
1543.6500,1.942101e+14,D,C,0.99648215,0.01935834,0.99629544,0.01928903
1543.7000,1.942038e+14,D,C,0.99649631,0.01861826,0.99632360,0.01855195
1543.7500,1.941975e+14,D,C,0.99650986,0.01788115,0.99635056,0.01781779
1543.8000,1.941913e+14,D,C,0.99652282,0.01714687,0.99637633,0.01708641
1543.8500,1.941850e+14,D,C,0.99653520,0.01641531,0.99640093,0.01635770
1543.9000,1.941787e+14,D,C,0.99654699,0.01568633,0.99642438,0.01563153
1543.9500,1.941724e+14,D,C,0.99655821,0.01495983,0.99644669,0.01490778
1544.0000,1.941661e+14,D,C,0.99656886,0.01423567,0.99646788,0.01418634
1544.0500,1.941598e+14,D,C,0.99657895,0.01351374,0.99648796,0.01346710
1544.1000,1.941535e+14,D,C,0.99658849,0.01279392,0.99650693,0.01274992
1544.1500,1.941472e+14,D,C,0.99659749,0.01207610,0.99652482,0.01203471
1544.2000,1.941410e+14,D,C,0.99660594,0.01136015,0.99654164,0.01132135
1544.2500,1.941347e+14,D,C,0.99661386,0.01064598,0.99655739,0.01060973
1544.3000,1.941284e+14,D,C,0.99662125,0.00993346,0.99657208,0.00989974
1544.3500,1.941221e+14,D,C,0.99662812,0.00922249,0.99658573,0.00919126
1544.4000,1.941158e+14,D,C,0.99663446,0.00851295,0.99659834,0.00848420
1544.4500,1.941095e+14,D,C,0.99664028,0.00780473,0.99660992,0.00777843
1544.5000,1.941032e+14,D,C,0.99664559,0.00709774,0.99662048,0.00707387
1544.5500,1.940970e+14,D,C,0.99665039,0.00639185,0.99663003,0.00637039
1544.6000,1.940907e+14,D,C,0.99665468,0.00568696,0.99663856,0.00566790
1544.6500,1.940844e+14,D,C,0.99665846,0.00498296,0.99664609,0.00496629
1544.7000,1.940781e+14,D,C,0.99666174,0.00427975,0.99665262,0.00426545
1544.7500,1.940718e+14,D,C,0.99666453,0.00357723,0.99665815,0.00356529
1544.8000,1.940655e+14,D,C,0.99666681,0.00287528,0.99666269,0.00286569
1544.8500,1.940593e+14,D,C,0.99666859,0.00217381,0.99666624,0.00216656
1544.9000,1.940530e+14,D,C,0.99666988,0.00147270,0.99666880,0.00146780
1544.9500,1.940467e+14,D,C,0.99667067,0.00077186,0.99667038,0.00076929
1545.0000,1.940404e+14,D,C,0.99667097,0.00007118,0.99667097,0.00007094
1545.0500,1.940341e+14,D,C,0.99667077,-0.00062945,0.99667058,-0.00062735
1545.1000,1.940279e+14,D,C,0.99667008,-0.00133012,0.99666920,-0.00132569
1545.1500,1.940216e+14,D,C,0.99666889,-0.00203095,0.99666684,-0.00202418
1545.2000,1.940153e+14,D,C,0.99666721,-0.00273203,0.99666349,-0.00272292
1545.2500,1.940090e+14,D,C,0.99666503,-0.00343347,0.99665916,-0.00342202
1545.3000,1.940028e+14,D,C,0.99666236,-0.00413538,0.99665383,-0.00412157
1545.3500,1.939965e+14,D,C,0.99665918,-0.00483786,0.99664752,-0.00482168
1545.4000,1.939902e+14,D,C,0.99665550,-0.00554101,0.99664020,-0.00552245
1545.4500,1.939839e+14,D,C,0.99665132,-0.00624494,0.99663189,-0.00622398
1545.5000,1.939776e+14,D,C,0.99664664,-0.00694975,0.99662257,-0.00692639
1545.5500,1.939714e+14,D,C,0.99664144,-0.00765556,0.99661224,-0.00762977
1545.6000,1.939651e+14,D,C,0.99663574,-0.00836246,0.99660089,-0.00833423
1545.6500,1.939588e+14,D,C,0.99662952,-0.00907057,0.99658852,-0.00903988
1545.7000,1.939526e+14,D,C,0.99662278,-0.00978000,0.99657511,-0.00974681
1545.7500,1.939463e+14,D,C,0.99661552,-0.01049085,0.99656067,-0.01045515
1545.8000,1.939400e+14,D,C,0.99660773,-0.01120323,0.99654519,-0.01116499
1545.8500,1.939337e+14,D,C,0.99659941,-0.01191725,0.99652864,-0.01187645
1545.9000,1.939275e+14,D,C,0.99659056,-0.01263304,0.99651103,-0.01258963
1545.9500,1.939212e+14,D,C,0.99658116,-0.01335068,0.99649235,-0.01330465
1546.0000,1.939149e+14,D,C,0.99657122,-0.01407032,0.99647257,-0.01402161
1546.0500,1.939086e+14,D,C,0.99656072,-0.01479205,0.99645170,-0.01474063
1546.1000,1.939024e+14,D,C,0.99654967,-0.01551599,0.99642971,-0.01546183
1546.1500,1.938961e+14,D,C,0.99653804,-0.01624226,0.99640660,-0.01618532
1546.2000,1.938898e+14,D,C,0.99652585,-0.01697099,0.99638234,-0.01691122
1546.2500,1.938836e+14,D,C,0.99651307,-0.01770229,0.99635694,-0.01763964
1546.3000,1.938773e+14,D,C,0.99649971,-0.01843628,0.99633036,-0.01837070
1546.3500,1.938710e+14,D,C,0.99648574,-0.01917308,0.99630259,-0.01910454
1546.4000,1.938648e+14,D,C,0.99647118,-0.01991284,0.99627362,-0.01984126
1546.4500,1.938585e+14,D,C,0.99645599,-0.02065566,0.99624343,-0.02058099
1546.5000,1.938522e+14,D,C,0.99644018,-0.02140168,0.99621199,-0.02132387
1546.5500,1.938460e+14,D,C,0.99642374,-0.02215104,0.99617929,-0.02207002
1546.6000,1.938397e+14,D,C,0.99640665,-0.02290386,0.99614531,-0.02281957
1546.6500,1.938334e+14,D,C,0.99638890,-0.02366029,0.99611002,-0.02357265
1546.7000,1.938272e+14,D,C,0.99637049,-0.02442045,0.99607340,-0.02432940
1546.7500,1.938209e+14,D,C,0.99635139,-0.02518450,0.99603544,-0.02508996
1546.8000,1.938146e+14,D,C,0.99633160,-0.02595257,0.99599609,-0.02585446
1546.8500,1.938084e+14,D,C,0.99631111,-0.02672481,0.99595534,-0.02662306
1546.9000,1.938021e+14,D,C,0.99628989,-0.02750137,0.99591315,-0.02739589
1546.9500,1.937958e+14,D,C,0.99626794,-0.02828240,0.99586951,-0.02817310
1547.0000,1.937896e+14,D,C,0.99624524,-0.02906806,0.99582438,-0.02895484
1547.0500,1.937833e+14,D,C,0.99622177,-0.02985851,0.99577772,-0.02974127
1547.1000,1.937770e+14,D,C,0.99619752,-0.03065389,0.99572951,-0.03053255
1547.1500,1.937708e+14,D,C,0.99617247,-0.03145439,0.99567972,-0.03132883
1547.2000,1.937645e+14,D,C,0.99614661,-0.03226017,0.99562830,-0.03213029
1547.2500,1.937583e+14,D,C,0.99611990,-0.03307140,0.99557522,-0.03293708
1547.3000,1.937520e+14,D,C,0.99609235,-0.03388826,0.99552044,-0.03374937
1547.3500,1.937457e+14,D,C,0.99606392,-0.03471092,0.99546393,-0.03456735
1547.4000,1.937395e+14,D,C,0.99603459,-0.03553957,0.99540563,-0.03539119
1547.4500,1.937332e+14,D,C,0.99600434,-0.03637441,0.99534551,-0.03622108
1547.5000,1.937270e+14,D,C,0.99597316,-0.03721562,0.99528352,-0.03705720
1547.5500,1.937207e+14,D,C,0.99594101,-0.03806340,0.99521962,-0.03789975
1547.6000,1.937144e+14,D,C,0.99590787,-0.03891796,0.99515376,-0.03874892
1547.6500,1.937082e+14,D,C,0.99587371,-0.03977950,0.99508587,-0.03960491
1547.7000,1.937019e+14,D,C,0.99583851,-0.04064824,0.99501592,-0.04046794
1547.7500,1.936957e+14,D,C,0.99580224,-0.04152440,0.99494385,-0.04133821
1547.8000,1.936894e+14,D,C,0.99576487,-0.04240821,0.99486959,-0.04221595
1547.8500,1.936831e+14,D,C,0.99572638,-0.04329989,0.99479309,-0.04310137
1547.9000,1.936769e+14,D,C,0.99568672,-0.04419968,0.99471428,-0.04399470
1547.9500,1.936706e+14,D,C,0.99564586,-0.04510783,0.99463310,-0.04489620
1548.0000,1.936644e+14,D,C,0.99560378,-0.04602459,0.99454949,-0.04580608
1548.0500,1.936581e+14,D,C,0.99556043,-0.04695023,0.99446336,-0.04672462
1548.1000,1.936519e+14,D,C,0.99551577,-0.04788500,0.99437465,-0.04765206
1548.1500,1.936456e+14,D,C,0.99546978,-0.04882918,0.99428327,-0.04858866
1548.2000,1.936394e+14,D,C,0.99542240,-0.04978306,0.99418915,-0.04953471
1548.2500,1.936331e+14,D,C,0.99537359,-0.05074693,0.99409220,-0.05049048
1548.3000,1.936269e+14,D,C,0.99532331,-0.05172108,0.99399233,-0.05145625
1548.3500,1.936206e+14,D,C,0.99527152,-0.05270584,0.99388945,-0.05243233
1548.4000,1.936143e+14,D,C,0.99521816,-0.05370151,0.99378347,-0.05341903
1548.4500,1.936081e+14,D,C,0.99516318,-0.05470843,0.99367428,-0.05441666
1548.5000,1.936018e+14,D,C,0.99510653,-0.05572694,0.99356178,-0.05542554
1548.5500,1.935956e+14,D,C,0.99504815,-0.05675739,0.99344586,-0.05644602
1548.6000,1.935893e+14,D,C,0.99498799,-0.05780015,0.99332640,-0.05747844
1548.6500,1.935831e+14,D,C,0.99492598,-0.05885559,0.99320328,-0.05852316
1548.7000,1.935768e+14,D,C,0.99486207,-0.05992411,0.99307638,-0.05958055
1548.7500,1.935706e+14,D,C,0.99479617,-0.06100610,0.99294556,-0.06065100
1548.8000,1.935643e+14,D,C,0.99472823,-0.06210199,0.99281069,-0.06173490
1548.8500,1.935581e+14,D,C,0.99465817,-0.06321220,0.99267162,-0.06283267
1548.9000,1.935518e+14,D,C,0.99458592,-0.06433718,0.99252820,-0.06394472
1548.9500,1.935456e+14,D,C,0.99451138,-0.06547740,0.99238027,-0.06507150
1549.0000,1.935394e+14,D,C,0.99443449,-0.06663333,0.99222766,-0.06621346
1549.0500,1.935331e+14,D,C,0.99435514,-0.06780548,0.99207020,-0.06737108
1549.1000,1.935269e+14,D,C,0.99427325,-0.06899436,0.99190771,-0.06854484
1549.1500,1.935206e+14,D,C,0.99418872,-0.07020051,0.99173999,-0.06973525
1549.2000,1.935144e+14,D,C,0.99410144,-0.07142449,0.99156683,-0.07094283
1549.2500,1.935081e+14,D,C,0.99401131,-0.07266687,0.99138804,-0.07216814
1549.3000,1.935019e+14,D,C,0.99391821,-0.07392826,0.99120338,-0.07341173
1549.3500,1.934956e+14,D,C,0.99382203,-0.07520929,0.99101261,-0.07467420
1549.4000,1.934894e+14,D,C,0.99372264,-0.07651059,0.99081549,-0.07595615
1549.4500,1.934831e+14,D,C,0.99361990,-0.07783287,0.99061177,-0.07725822
1549.5000,1.934769e+14,D,C,0.99351368,-0.07917681,0.99040115,-0.07858108
1549.5500,1.934707e+14,D,C,0.99340382,-0.08054315,0.99018336,-0.07992539
1549.6000,1.934644e+14,D,C,0.99329019,-0.08193267,0.98995809,-0.08129189
1549.6500,1.934582e+14,D,C,0.99317260,-0.08334615,0.98972501,-0.08268131
1549.7000,1.934519e+14,D,C,0.99305088,-0.08478444,0.98948380,-0.08409443
1549.7500,1.934457e+14,D,C,0.99292486,-0.08624840,0.98923407,-0.08553205
1549.8000,1.934394e+14,D,C,0.99279434,-0.08773895,0.98897547,-0.08699502
1549.8500,1.934332e+14,D,C,0.99265912,-0.08925703,0.98870758,-0.08848421
1549.9000,1.934270e+14,D,C,0.99251898,-0.09080364,0.98842998,-0.09000053
1549.9500,1.934207e+14,D,C,0.99237369,-0.09237981,0.98814223,-0.09154495
1550.0000,1.934145e+14,D,C,0.99222300,-0.09398663,0.98784384,-0.09311846
1550.0500,1.934083e+14,D,C,0.99206667,-0.09562524,0.98753431,-0.09472210
1550.1000,1.934020e+14,D,C,0.99190442,-0.09729683,0.98721310,-0.09635696
1550.1500,1.933958e+14,D,C,0.99173595,-0.09900265,0.98687965,-0.09802417
1550.2000,1.933895e+14,D,C,0.99156096,-0.10074402,0.98653336,-0.09972495
1550.2500,1.933833e+14,D,C,0.99137912,-0.10252231,0.98617358,-0.10146052
1550.3000,1.933771e+14,D,C,0.99119009,-0.10433896,0.98579963,-0.10323219
1550.3500,1.933708e+14,D,C,0.99099348,-0.10619549,0.98541078,-0.10504135
1550.4000,1.933646e+14,D,C,0.99078892,-0.10809351,0.98500626,-0.10688942
1550.4500,1.933584e+14,D,C,0.99057596,-0.11003469,0.98458525,-0.10877790
1550.5000,1.933521e+14,D,C,0.99035417,-0.11202080,0.98414686,-0.11070839
1550.5500,1.933459e+14,D,C,0.99012307,-0.11405371,0.98369016,-0.11268254
1550.6000,1.933396e+14,D,C,0.98988213,-0.11613538,0.98321415,-0.11470209
1550.6500,1.933334e+14,D,C,0.98963080,-0.11826788,0.98271774,-0.11676888
1550.7000,1.933272e+14,D,C,0.98936851,-0.12045342,0.98219980,-0.11888485
1550.7500,1.933209e+14,D,C,0.98909461,-0.12269429,0.98165908,-0.12105201
1550.8000,1.933147e+14,D,C,0.98880842,-0.12499296,0.98109428,-0.12327252
1550.8500,1.933085e+14,D,C,0.98850923,-0.12735200,0.98050397,-0.12554862
1550.9000,1.933022e+14,D,C,0.98819624,-0.12977417,0.97988664,-0.12788269
1550.9500,1.932960e+14,D,C,0.98786861,-0.13226238,0.97924064,-0.13027724
1551.0000,1.932898e+14,D,C,0.98752543,-0.13481970,0.97856421,-0.13273492
1551.0500,1.932836e+14,D,C,0.98716572,-0.13744942,0.97785545,-0.13525852
1551.1000,1.932773e+14,D,C,0.98678842,-0.14015502,0.97711232,-0.13785100
1551.1500,1.932711e+14,D,C,0.98639240,-0.14294020,0.97633261,-0.14051549
1551.2000,1.932649e+14,D,C,0.98597640,-0.14580892,0.97551391,-0.14325529
1551.2500,1.932586e+14,D,C,0.98553909,-0.14876538,0.97465364,-0.14607390
1551.3000,1.932524e+14,D,C,0.98507902,-0.15181406,0.97374900,-0.14897505
1551.3500,1.932462e+14,D,C,0.98459459,-0.15495976,0.97279693,-0.15196266
1551.4000,1.932399e+14,D,C,0.98408409,-0.15820760,0.97179412,-0.15504092
1551.4500,1.932337e+14,D,C,0.98354565,-0.16156307,0.97073698,-0.15821425
1551.5000,1.932275e+14,D,C,0.98297721,-0.16503204,0.96962159,-0.16148736
1551.5500,1.932213e+14,D,C,0.98237654,-0.16862082,0.96844366,-0.16486527
1551.6000,1.932150e+14,D,C,0.98174120,-0.17233619,0.96719851,-0.16835330
1551.6500,1.932088e+14,D,C,0.98106851,-0.17618542,0.96588103,-0.17195710
1551.7000,1.932026e+14,D,C,0.98035552,-0.18017635,0.96448563,-0.17568272
1551.7500,1.931964e+14,D,C,0.97959900,-0.18431745,0.96300614,-0.17953658
1551.8000,1.931901e+14,D,C,0.97879539,-0.18861783,0.96143580,-0.18352552
1551.8500,1.931839e+14,D,C,0.97794075,-0.19308737,0.95976717,-0.18765685
1551.9000,1.931777e+14,D,C,0.97703075,-0.19773674,0.95799204,-0.19193836
1551.9500,1.931715e+14,D,C,0.97606057,-0.20257754,0.95610135,-0.19637834
1552.0000,1.931652e+14,D,C,0.97502487,-0.20762234,0.95408504,-0.20098567
1552.0500,1.931590e+14,D,C,0.97391771,-0.21288483,0.95193198,-0.20576980
1552.1000,1.931528e+14,D,C,0.97273248,-0.21837991,0.94962981,-0.21074083
1552.1500,1.931466e+14,D,C,0.97146179,-0.22412385,0.94716476,-0.21590953
1552.2000,1.931404e+14,D,C,0.97009737,-0.23013444,0.94452147,-0.22128738
1552.2500,1.931341e+14,D,C,0.96862994,-0.23643115,0.94168277,-0.22688661
1552.3000,1.931279e+14,D,C,0.96704908,-0.24303536,0.93862943,-0.23272025
1552.3500,1.931217e+14,D,C,0.96534301,-0.24997057,0.93533986,-0.23880215
1552.4000,1.931155e+14,D,C,0.96349843,-0.25726266,0.93178977,-0.24514700
1552.4500,1.931093e+14,D,C,0.96150028,-0.26494021,0.92795177,-0.25177035
1552.5000,1.931030e+14,D,C,0.95933142,-0.27303482,0.92379488,-0.25868859
1552.5500,1.930968e+14,D,C,0.95697231,-0.28158155,0.91928403,-0.26591893
1552.6000,1.930906e+14,D,C,0.95440062,-0.29061933,0.91437935,-0.27347933
1552.6500,1.930844e+14,D,C,0.95159073,-0.30019153,0.90903547,-0.28138840
1552.7000,1.930782e+14,D,C,0.94851316,-0.31034657,0.90320058,-0.28966517
1552.7500,1.930719e+14,D,C,0.94513386,-0.32113865,0.89681543,-0.29832886
1552.8000,1.930657e+14,D,C,0.94141341,-0.33262854,0.88981202,-0.30739842
1552.8500,1.930595e+14,D,C,0.93730596,-0.34488464,0.88211220,-0.31689201
1552.9000,1.930533e+14,D,C,0.93275803,-0.35798404,0.87362592,-0.32682609
1552.9500,1.930471e+14,D,C,0.92770698,-0.37201390,0.86424922,-0.33721435
1553.0000,1.930409e+14,D,C,0.92207919,-0.38707298,0.85386185,-0.34806605
1553.0500,1.930346e+14,D,C,0.91578782,-0.40327351,0.84232451,-0.35938386
1553.1000,1.930284e+14,D,C,0.90873006,-0.42074324,0.82947573,-0.37116079
1553.1500,1.930222e+14,D,C,0.90078372,-0.43962796,0.81512825,-0.38337610
1553.2000,1.930160e+14,D,C,0.89180313,-0.46009432,0.79906508,-0.39598968
1553.2500,1.930098e+14,D,C,0.88161408,-0.48233307,0.78103527,-0.40893435
1553.3000,1.930036e+14,D,C,0.87000764,-0.50656276,0.76074976,-0.42210556
1553.3500,1.929974e+14,D,C,0.85673276,-0.53303374,0.73787775,-0.43534750
1553.4000,1.929912e+14,D,C,0.84148741,-0.56203243,0.71204457,-0.44843460
1553.4500,1.929849e+14,D,C,0.82390834,-0.59388562,0.68283266,-0.46104719
1553.5000,1.929787e+14,D,C,0.80355951,-0.62896415,0.64978822,-0.47274005
1553.5500,1.929725e+14,D,C,0.77992000,-0.66768525,0.61243764,-0.48290305
1553.6000,1.929663e+14,D,C,0.75237264,-0.71051194,0.57031959,-0.49071393
1553.6500,1.929601e+14,D,C,0.72019629,-0.75794724,0.52304159,-0.49508603
1553.7000,1.929539e+14,D,C,0.68256645,-0.81051947,0.47037162,-0.49461853
1553.7500,1.929477e+14,D,C,0.63857209,-0.86875322,0.41237644,-0.48756536
1553.8000,1.929415e+14,D,C,0.58725966,-0.93311858,0.34961398,-0.47185164
1553.8500,1.929353e+14,D,C,0.52771836,-1.00394745,0.28337232,-0.44518175
1553.9000,1.929291e+14,D,C,0.45921950,-1.08130003,0.21591646,-0.40529326
1553.9500,1.929228e+14,D,C,0.38141332,-1.16474214,0.15065347,-0.35039927
1554.0000,1.929166e+14,D,C,0.29456318,-1.25289194,0.09207357,-0.27980337
1554.0500,1.929104e+14,D,C,0.19976191,-1.34196599,0.04531369,-0.19455459
1554.1000,1.929042e+14,D,C,0.09905842,-1.41584958,0.01528744,-0.09787167
1554.1500,1.928980e+14,D,C,0.00745794,0.73112089,0.00555188,0.00497970
1554.2000,1.928918e+14,D,C,0.10889089,1.41098882,0.01732761,0.10750339
1554.2500,1.928856e+14,D,C,0.20912595,1.33362921,0.04913414,0.20327198
1554.3000,1.928794e+14,D,C,0.30321004,1.24435702,0.09723109,0.28719756
1554.3500,1.928732e+14,D,C,0.38919349,1.15659111,0.15663578,0.35628192
1554.4000,1.928670e+14,D,C,0.46607426,1.07373438,0.22224522,0.40967338
1554.4500,1.928608e+14,D,C,0.53366095,0.99704080,0.28966584,0.44820499
1554.5000,1.928546e+14,D,C,0.59235128,0.92688119,0.35560694,0.47373383
1554.5500,1.928484e+14,D,C,0.64289980,0.86316021,0.41791011,0.48853995
1554.6000,1.928422e+14,D,C,0.68622649,0.80552714,0.47537047,0.49490374
1554.6500,1.928360e+14,D,C,0.72328333,0.75350334,0.52748791,0.49486895
1554.7000,1.928298e+14,D,C,0.75497380,0.70656205,0.57423183,0.49014614
1554.7500,1.928236e+14,D,C,0.78211219,0.66417657,0.61585440,0.48210252
1554.8000,1.928174e+14,D,C,0.80540890,0.62584749,0.65275731,0.47179592
1554.8500,1.928112e+14,D,C,0.82547087,0.59111632,0.68540422,0.46002524
1554.9000,1.928050e+14,D,C,0.84280991,0.55957061,0.71426717,0.44738234
1554.9500,1.927988e+14,D,C,0.85785417,0.53084416,0.73979629,0.43429855
1555.0000,1.927926e+14,D,C,0.87096023,0.50461449,0.76240455,0.42108316
1555.0500,1.927864e+14,D,C,0.88242458,0.48059905,0.78246188,0.40795410
1555.1000,1.927802e+14,D,C,0.89249367,0.45855092,0.80029450,0.39506160
1555.1500,1.927740e+14,D,C,0.90137266,0.43825457,0.81618730,0.38250618
1555.2000,1.927678e+14,D,C,0.90923268,0.41952187,0.83038748,0.37035214
1555.2500,1.927616e+14,D,C,0.91621686,0.40218843,0.84310878,0.35863759
1555.3000,1.927554e+14,D,C,0.92244528,0.38611042,0.85453562,0.34738186
1555.3500,1.927492e+14,D,C,0.92801905,0.37116178,0.86482708,0.33659098
1555.4000,1.927430e+14,D,C,0.93302361,0.35723176,0.87412035,0.32626166
1555.4500,1.927368e+14,D,C,0.93753141,0.34422285,0.88253394,0.31638424
1555.5000,1.927306e+14,D,C,0.94160410,0.33204898,0.89017029,0.30694483
1555.5500,1.927244e+14,D,C,0.94529437,0.32063400,0.89711819,0.29792683
1555.6000,1.927182e+14,D,C,0.94864740,0.30991035,0.90345471,0.28931208
1555.6500,1.927120e+14,D,C,0.95170205,0.29981795,0.90924688,0.28108166
1555.7000,1.927058e+14,D,C,0.95449189,0.29030325,0.91455320,0.27321643
1555.7500,1.926996e+14,D,C,0.95704601,0.28131836,0.91942479,0.26569743
1555.8000,1.926934e+14,D,C,0.95938969,0.27282040,0.92390645,0.25850620
1555.8500,1.926873e+14,D,C,0.96154498,0.26477084,0.92803753,0.25162488
1555.9000,1.926811e+14,D,C,0.96353117,0.25713501,0.93185271,0.24503639
1555.9500,1.926749e+14,D,C,0.96536518,0.24988163,0.93538258,0.23872445
1556.0000,1.926687e+14,D,C,0.96706192,0.24298242,0.93865421,0.23267365
1556.0500,1.926625e+14,D,C,0.96863453,0.23641173,0.94169163,0.22686939
1556.1000,1.926563e+14,D,C,0.97009464,0.23014630,0.94451619,0.22129796
1556.1500,1.926501e+14,D,C,0.97145258,0.22416497,0.94714690,0.21594643
1556.2000,1.926439e+14,D,C,0.97271751,0.21844844,0.94960076,0.21080266
1556.2500,1.926377e+14,D,C,0.97389763,0.21297907,0.95189296,0.20585527
1556.3000,1.926315e+14,D,C,0.97500026,0.20774075,0.95403715,0.20109357
1556.3500,1.926253e+14,D,C,0.97603193,0.20271871,0.95604556,0.19650754
1556.4000,1.926192e+14,D,C,0.97699853,0.19789937,0.95792923,0.19208782
1556.4500,1.926130e+14,D,C,0.97790536,0.19327027,0.95969810,0.18782560
1556.5000,1.926068e+14,D,C,0.97875717,0.18881992,0.96136116,0.18371264
1556.5500,1.926006e+14,D,C,0.97955828,0.18453771,0.96292654,0.17974122
1556.6000,1.925944e+14,D,C,0.98031259,0.18041387,0.96440164,0.17590410
1556.6500,1.925882e+14,D,C,0.98102362,0.17643933,0.96579315,0.17219447
1556.7000,1.925820e+14,D,C,0.98169458,0.17260571,0.96710717,0.16860596
1556.7500,1.925759e+14,D,C,0.98232839,0.16890522,0.96834927,0.16513260
1556.8000,1.925697e+14,D,C,0.98292772,0.16533064,0.96952451,0.16176874
1556.8500,1.925635e+14,D,C,0.98349498,0.16187525,0.97063754,0.15850912
1556.9000,1.925573e+14,D,C,0.98403240,0.15853278,0.97169261,0.15534875
1556.9500,1.925511e+14,D,C,0.98454201,0.15529740,0.97269361,0.15228297
1557.0000,1.925449e+14,D,C,0.98502567,0.15216366,0.97364412,0.14930738
1557.0500,1.925387e+14,D,C,0.98548509,0.14912648,0.97454742,0.14641782
1557.1000,1.925326e+14,D,C,0.98592183,0.14618109,0.97540654,0.14361038
1557.1500,1.925264e+14,D,C,0.98633736,0.14332303,0.97622427,0.14088139
1557.2000,1.925202e+14,D,C,0.98673299,0.14054814,0.97700317,0.13822735
1557.2500,1.925140e+14,D,C,0.98710997,0.13785249,0.97774564,0.13564499
1557.3000,1.925078e+14,D,C,0.98746943,0.13523239,0.97845386,0.13313120
1557.3500,1.925017e+14,D,C,0.98781242,0.13268439,0.97912988,0.13068305
1557.4000,1.924955e+14,D,C,0.98813992,0.13020522,0.97977558,0.12829774
1557.4500,1.924893e+14,D,C,0.98845283,0.12779183,0.98039272,0.12597267
1557.5000,1.924831e+14,D,C,0.98875199,0.12544131,0.98098292,0.12370532
1557.5500,1.924769e+14,D,C,0.98903818,0.12315095,0.98154769,0.12149335
1557.6000,1.924708e+14,D,C,0.98931212,0.12091817,0.98208846,0.11933451
1557.6500,1.924646e+14,D,C,0.98957448,0.11874053,0.98260652,0.11722668
1557.7000,1.924584e+14,D,C,0.98982591,0.11661574,0.98310310,0.11516783
1557.7500,1.924522e+14,D,C,0.99006698,0.11454161,0.98357935,0.11315605
1557.8000,1.924461e+14,D,C,0.99029825,0.11251608,0.98403634,0.11118952
1557.8500,1.924399e+14,D,C,0.99052022,0.11053720,0.98447506,0.10926650
1557.9000,1.924337e+14,D,C,0.99073338,0.10860312,0.98489645,0.10738535
1557.9500,1.924275e+14,D,C,0.99093817,0.10671207,0.98530138,0.10554448
1558.0000,1.924213e+14,D,C,0.99113501,0.10486238,0.98569068,0.10374240
1558.0500,1.924152e+14,D,C,0.99132430,0.10305246,0.98606512,0.10197769
1558.1000,1.924090e+14,D,C,0.99150640,0.10128081,0.98642541,0.10024898
1558.1500,1.924028e+14,D,C,0.99168167,0.09954598,0.98677224,0.09855497
