wavelength_nm,frequency_Hz,out_port,in_port,abs_S,phase_rad,real_S,imag_S
1541.0000,1.945441e+14,B,A,0.99496642,0.05826395,0.99327809,0.05793788
1541.0500,1.945378e+14,B,A,0.99502184,0.05731065,0.99338821,0.05699414
1541.1000,1.945315e+14,B,A,0.99507576,0.05636780,0.99349534,0.05606053
1541.1500,1.945252e+14,B,A,0.99512822,0.05543511,0.99359957,0.05513679
1541.2000,1.945189e+14,B,A,0.99517927,0.05451231,0.99370100,0.05422266
1541.2500,1.945125e+14,B,A,0.99522894,0.05359913,0.99379970,0.05331787
1541.3000,1.945062e+14,B,A,0.99527727,0.05269532,0.99389575,0.05242219
1541.3500,1.944999e+14,B,A,0.99532431,0.05180063,0.99398923,0.05153537
1541.4000,1.944936e+14,B,A,0.99537008,0.05091481,0.99408021,0.05065718
1541.4500,1.944873e+14,B,A,0.99541464,0.05003762,0.99416876,0.04978739
1541.5000,1.944810e+14,B,A,0.99545800,0.04916883,0.99425495,0.04892579
1541.5500,1.944747e+14,B,A,0.99550021,0.04830823,0.99433885,0.04807215
1541.6000,1.944684e+14,B,A,0.99554130,0.04745560,0.99442051,0.04722628
1541.6500,1.944621e+14,B,A,0.99558128,0.04661071,0.99450000,0.04638795
1541.7000,1.944558e+14,B,A,0.99562021,0.04577338,0.99457738,0.04555699
1541.7500,1.944495e+14,B,A,0.99565809,0.04494339,0.99465269,0.04473319
1541.8000,1.944432e+14,B,A,0.99569497,0.04412055,0.99472600,0.04391636
1541.8500,1.944369e+14,B,A,0.99573086,0.04330468,0.99479736,0.04310633
1541.9000,1.944305e+14,B,A,0.99576579,0.04249558,0.99486681,0.04230291
1541.9500,1.944242e+14,B,A,0.99579979,0.04169308,0.99493441,0.04150593
1542.0000,1.944179e+14,B,A,0.99583287,0.04089700,0.99500019,0.04071522
1542.0500,1.944116e+14,B,A,0.99586507,0.04010716,0.99506421,0.03993061
1542.1000,1.944053e+14,B,A,0.99589640,0.03932341,0.99512650,0.03915195
1542.1500,1.943990e+14,B,A,0.99592687,0.03854558,0.99518711,0.03837907
1542.2000,1.943927e+14,B,A,0.99595653,0.03777350,0.99524608,0.03761182
1542.2500,1.943864e+14,B,A,0.99598537,0.03700703,0.99530344,0.03685004
1542.3000,1.943801e+14,B,A,0.99601342,0.03624600,0.99535923,0.03609360
1542.3500,1.943738e+14,B,A,0.99604071,0.03549028,0.99541348,0.03534234
1542.4000,1.943675e+14,B,A,0.99606723,0.03473971,0.99546624,0.03459613
1542.4500,1.943612e+14,B,A,0.99609302,0.03399416,0.99551753,0.03385482
1542.5000,1.943549e+14,B,A,0.99611809,0.03325348,0.99556739,0.03311829
1542.5500,1.943486e+14,B,A,0.99614245,0.03251754,0.99561584,0.03238639
1542.6000,1.943423e+14,B,A,0.99616611,0.03178621,0.99566291,0.03165901
1542.6500,1.943360e+14,B,A,0.99618910,0.03105935,0.99570864,0.03093601
1542.7000,1.943297e+14,B,A,0.99621143,0.03033683,0.99575304,0.03021726
1542.7500,1.943234e+14,B,A,0.99623310,0.02961854,0.99579616,0.02950265
1542.8000,1.943171e+14,B,A,0.99625413,0.02890434,0.99583800,0.02879206
1542.8500,1.943108e+14,B,A,0.99627454,0.02819413,0.99587860,0.02808537
1542.9000,1.943045e+14,B,A,0.99629434,0.02748777,0.99591797,0.02738246
1542.9500,1.942982e+14,B,A,0.99631353,0.02678516,0.99595615,0.02668323
1543.0000,1.942919e+14,B,A,0.99633213,0.02608618,0.99599315,0.02598755
1543.0500,1.942856e+14,B,A,0.99635015,0.02539072,0.99602900,0.02529533
1543.1000,1.942793e+14,B,A,0.99636759,0.02469866,0.99606370,0.02460645
1543.1500,1.942731e+14,B,A,0.99638448,0.02400991,0.99609730,0.02392080
1543.2000,1.942668e+14,B,A,0.99640081,0.02332435,0.99612979,0.02323830
1543.2500,1.942605e+14,B,A,0.99641660,0.02264189,0.99616120,0.02255882
1543.3000,1.942542e+14,B,A,0.99643185,0.02196241,0.99619155,0.02188228
1543.3500,1.942479e+14,B,A,0.99644658,0.02128582,0.99622085,0.02120858
1543.4000,1.942416e+14,B,A,0.99646079,0.02061201,0.99624912,0.02053761
1543.4500,1.942353e+14,B,A,0.99647449,0.01994090,0.99627637,0.01986928
1543.5000,1.942290e+14,B,A,0.99648768,0.01927238,0.99630263,0.01920350
1543.5500,1.942227e+14,B,A,0.99650038,0.01860635,0.99632789,0.01854017
1543.6000,1.942164e+14,B,A,0.99651258,0.01794274,0.99635218,0.01787920
1543.6500,1.942101e+14,B,A,0.99652431,0.01728143,0.99637551,0.01722051
1543.7000,1.942038e+14,B,A,0.99653556,0.01662234,0.99639789,0.01656399
1543.7500,1.941975e+14,B,A,0.99654633,0.01596539,0.99641933,0.01590957
1543.8000,1.941913e+14,B,A,0.99655664,0.01531047,0.99643984,0.01525716
1543.8500,1.941850e+14,B,A,0.99656649,0.01465751,0.99645944,0.01460666
1543.9000,1.941787e+14,B,A,0.99657588,0.01400641,0.99647813,0.01395800
1543.9500,1.941724e+14,B,A,0.99658483,0.01335710,0.99649593,0.01331108
1544.0000,1.941661e+14,B,A,0.99659332,0.01270947,0.99651283,0.01266584
1544.0500,1.941598e+14,B,A,0.99660138,0.01206346,0.99652886,0.01202217
1544.1000,1.941535e+14,B,A,0.99660900,0.01141898,0.99654402,0.01138001
1544.1500,1.941472e+14,B,A,0.99661618,0.01077594,0.99655832,0.01073927
1544.2000,1.941410e+14,B,A,0.99662293,0.01013426,0.99657175,0.01009986
1544.2500,1.941347e+14,B,A,0.99662926,0.00949386,0.99658434,0.00946172
1544.3000,1.941284e+14,B,A,0.99663516,0.00885467,0.99659609,0.00882476
1544.3500,1.941221e+14,B,A,0.99664065,0.00821659,0.99660700,0.00818889
1544.4000,1.941158e+14,B,A,0.99664571,0.00757955,0.99661708,0.00755406
1544.4500,1.941095e+14,B,A,0.99665036,0.00694348,0.99662633,0.00692016
1544.5000,1.941032e+14,B,A,0.99665460,0.00630828,0.99663477,0.00628714
1544.5500,1.940970e+14,B,A,0.99665842,0.00567390,0.99664238,0.00565491
1544.6000,1.940907e+14,B,A,0.99666184,0.00504023,0.99664918,0.00502339
1544.6500,1.940844e+14,B,A,0.99666485,0.00440722,0.99665517,0.00439251
1544.7000,1.940781e+14,B,A,0.99666745,0.00377478,0.99666035,0.00376220
1544.7500,1.940718e+14,B,A,0.99666965,0.00314284,0.99666473,0.00313237
1544.8000,1.940655e+14,B,A,0.99667145,0.00251132,0.99666831,0.00250296
1544.8500,1.940593e+14,B,A,0.99667285,0.00188014,0.99667109,0.00187388
1544.9000,1.940530e+14,B,A,0.99667384,0.00124922,0.99667306,0.00124507
1544.9500,1.940467e+14,B,A,0.99667443,0.00061850,0.99667424,0.00061644
1545.0000,1.940404e+14,B,A,0.99667463,-0.00001211,0.99667463,-0.00001207
1545.0500,1.940341e+14,B,A,0.99667442,-0.00064267,0.99667421,-0.00064054
1545.1000,1.940279e+14,B,A,0.99667381,-0.00127328,0.99667300,-0.00126904
1545.1500,1.940216e+14,B,A,0.99667280,-0.00190399,0.99667100,-0.00189766
1545.2000,1.940153e+14,B,A,0.99667139,-0.00253490,0.99666819,-0.00252646
1545.2500,1.940090e+14,B,A,0.99666958,-0.00316607,0.99666459,-0.00315552
1545.3000,1.940028e+14,B,A,0.99666737,-0.00379758,0.99666018,-0.00378491
1545.3500,1.939965e+14,B,A,0.99666475,-0.00442950,0.99665497,-0.00441471
1545.4000,1.939902e+14,B,A,0.99666173,-0.00506192,0.99664896,-0.00504500
1545.4500,1.939839e+14,B,A,0.99665830,-0.00569490,0.99664214,-0.00567584
1545.5000,1.939776e+14,B,A,0.99665447,-0.00632854,0.99663451,-0.00630732
1545.5500,1.939714e+14,B,A,0.99665022,-0.00696289,0.99662606,-0.00693951
1545.6000,1.939651e+14,B,A,0.99664557,-0.00759805,0.99661680,-0.00757249
1545.6500,1.939588e+14,B,A,0.99664050,-0.00823408,0.99660671,-0.00820632
1545.7000,1.939526e+14,B,A,0.99663502,-0.00887107,0.99659580,-0.00884110
1545.7500,1.939463e+14,B,A,0.99662911,-0.00950910,0.99658405,-0.00947690
1545.8000,1.939400e+14,B,A,0.99662279,-0.01014824,0.99657147,-0.01011379
1545.8500,1.939337e+14,B,A,0.99661604,-0.01078857,0.99655804,-0.01075186
1545.9000,1.939275e+14,B,A,0.99660887,-0.01143018,0.99654376,-0.01139117
1545.9500,1.939212e+14,B,A,0.99660126,-0.01207315,0.99652863,-0.01203182
1546.0000,1.939149e+14,B,A,0.99659322,-0.01271755,0.99651263,-0.01267389
1546.0500,1.939086e+14,B,A,0.99658474,-0.01336348,0.99649576,-0.01331744
1546.1000,1.939024e+14,B,A,0.99657582,-0.01401100,0.99647800,-0.01396257
1546.1500,1.938961e+14,B,A,0.99656645,-0.01466021,0.99645936,-0.01460935
1546.2000,1.938898e+14,B,A,0.99655663,-0.01531120,0.99643982,-0.01525788
1546.2500,1.938836e+14,B,A,0.99654635,-0.01596404,0.99641937,-0.01590823
1546.3000,1.938773e+14,B,A,0.99653561,-0.01661882,0.99639800,-0.01656049
1546.3500,1.938710e+14,B,A,0.99652441,-0.01727564,0.99637571,-0.01721474
1546.4000,1.938648e+14,B,A,0.99651273,-0.01793457,0.99635247,-0.01787107
1546.4500,1.938585e+14,B,A,0.99650058,-0.01859571,0.99632829,-0.01852957
1546.5000,1.938522e+14,B,A,0.99648794,-0.01925915,0.99630314,-0.01919033
1546.5500,1.938460e+14,B,A,0.99647480,-0.01992499,0.99627701,-0.01985343
1546.6000,1.938397e+14,B,A,0.99646118,-0.02059330,0.99624989,-0.02051898
1546.6500,1.938334e+14,B,A,0.99644704,-0.02126420,0.99622177,-0.02118705
1546.7000,1.938272e+14,B,A,0.99643240,-0.02193777,0.99619263,-0.02185775
1546.7500,1.938209e+14,B,A,0.99641723,-0.02261411,0.99616246,-0.02253116
1546.8000,1.938146e+14,B,A,0.99640154,-0.02329332,0.99613124,-0.02320740
1546.8500,1.938084e+14,B,A,0.99638531,-0.02397549,0.99609895,-0.02388654
1546.9000,1.938021e+14,B,A,0.99636853,-0.02466074,0.99606558,-0.02456870
1546.9500,1.937958e+14,B,A,0.99635121,-0.02534917,0.99603111,-0.02525397
1547.0000,1.937896e+14,B,A,0.99633332,-0.02604087,0.99599552,-0.02594246
1547.0500,1.937833e+14,B,A,0.99631485,-0.02673596,0.99595879,-0.02663426
1547.1000,1.937770e+14,B,A,0.99629581,-0.02743454,0.99592090,-0.02732949
1547.1500,1.937708e+14,B,A,0.99627617,-0.02813673,0.99588183,-0.02802826
1547.2000,1.937645e+14,B,A,0.99625593,-0.02884264,0.99584157,-0.02873066
1547.2500,1.937583e+14,B,A,0.99623507,-0.02955237,0.99580007,-0.02943683
1547.3000,1.937520e+14,B,A,0.99621358,-0.03026606,0.99575734,-0.03014686
1547.3500,1.937457e+14,B,A,0.99619146,-0.03098381,0.99571333,-0.03086087
1547.4000,1.937395e+14,B,A,0.99616868,-0.03170575,0.99566802,-0.03157899
1547.4500,1.937332e+14,B,A,0.99614524,-0.03243200,0.99562140,-0.03230132
1547.5000,1.937270e+14,B,A,0.99612112,-0.03316269,0.99557342,-0.03302801
1547.5500,1.937207e+14,B,A,0.99609631,-0.03389795,0.99552407,-0.03375916
1547.6000,1.937144e+14,B,A,0.99607079,-0.03463790,0.99547331,-0.03449491
1547.6500,1.937082e+14,B,A,0.99604454,-0.03538269,0.99542112,-0.03523538
1547.7000,1.937019e+14,B,A,0.99601756,-0.03613245,0.99536745,-0.03598072
1547.7500,1.936957e+14,B,A,0.99598982,-0.03688731,0.99531229,-0.03673106
1547.8000,1.936894e+14,B,A,0.99596131,-0.03764743,0.99525559,-0.03748652
1547.8500,1.936831e+14,B,A,0.99593201,-0.03841294,0.99519733,-0.03824727
1547.9000,1.936769e+14,B,A,0.99590190,-0.03918401,0.99513745,-0.03901344
1547.9500,1.936706e+14,B,A,0.99587097,-0.03996077,0.99507594,-0.03978518
1548.0000,1.936644e+14,B,A,0.99583918,-0.04074339,0.99501274,-0.04056264
1548.0500,1.936581e+14,B,A,0.99580653,-0.04153204,0.99494782,-0.04134598
1548.1000,1.936519e+14,B,A,0.99577299,-0.04232686,0.99488113,-0.04213536
1548.1500,1.936456e+14,B,A,0.99573854,-0.04312804,0.99481264,-0.04293094
1548.2000,1.936394e+14,B,A,0.99570316,-0.04393574,0.99474228,-0.04373288
1548.2500,1.936331e+14,B,A,0.99566682,-0.04475014,0.99467003,-0.04454136
1548.3000,1.936269e+14,B,A,0.99562949,-0.04557143,0.99459583,-0.04535656
1548.3500,1.936206e+14,B,A,0.99559116,-0.04639979,0.99451962,-0.04617864
1548.4000,1.936143e+14,B,A,0.99555179,-0.04723540,0.99444136,-0.04700780
1548.4500,1.936081e+14,B,A,0.99551136,-0.04807848,0.99436099,-0.04784423
1548.5000,1.936018e+14,B,A,0.99546983,-0.04892921,0.99427846,-0.04868812
1548.5500,1.935956e+14,B,A,0.99542719,-0.04978780,0.99419370,-0.04953966
1548.6000,1.935893e+14,B,A,0.99538339,-0.05065448,0.99410665,-0.05039907
1548.6500,1.935831e+14,B,A,0.99533840,-0.05152945,0.99401724,-0.05126655
1548.7000,1.935768e+14,B,A,0.99529220,-0.05241294,0.99392542,-0.05214231
1548.7500,1.935706e+14,B,A,0.99524475,-0.05330519,0.99383111,-0.05302659
1548.8000,1.935643e+14,B,A,0.99519600,-0.05420642,0.99373425,-0.05391960
1548.8500,1.935581e+14,B,A,0.99514592,-0.05511689,0.99363474,-0.05482158
1548.9000,1.935518e+14,B,A,0.99509448,-0.05603685,0.99353252,-0.05573278
1548.9500,1.935456e+14,B,A,0.99504162,-0.05696655,0.99342751,-0.05665344
1549.0000,1.935394e+14,B,A,0.99498732,-0.05790627,0.99331962,-0.05758381
1549.0500,1.935331e+14,B,A,0.99493152,-0.05885627,0.99320876,-0.05852416
1549.1000,1.935269e+14,B,A,0.99487417,-0.05981685,0.99309485,-0.05947475
1549.1500,1.935206e+14,B,A,0.99481523,-0.06078829,0.99297777,-0.06043588
1549.2000,1.935144e+14,B,A,0.99475466,-0.06177089,0.99285744,-0.06140782
1549.2500,1.935081e+14,B,A,0.99469238,-0.06276498,0.99273376,-0.06239086
1549.3000,1.935019e+14,B,A,0.99462836,-0.06377087,0.99260660,-0.06338533
1549.3500,1.934956e+14,B,A,0.99456253,-0.06478888,0.99247587,-0.06439152
1549.4000,1.934894e+14,B,A,0.99449483,-0.06581937,0.99234144,-0.06540977
1549.4500,1.934831e+14,B,A,0.99442520,-0.06686269,0.99220318,-0.06644041
1549.5000,1.934769e+14,B,A,0.99435358,-0.06791920,0.99206098,-0.06748378
1549.5500,1.934707e+14,B,A,0.99427989,-0.06898928,0.99191468,-0.06854025
1549.6000,1.934644e+14,B,A,0.99420408,-0.07007332,0.99176417,-0.06961018
1549.6500,1.934582e+14,B,A,0.99412605,-0.07117174,0.99160928,-0.07069396
1549.7000,1.934519e+14,B,A,0.99404573,-0.07228493,0.99144986,-0.07179197
1549.7500,1.934457e+14,B,A,0.99396305,-0.07341335,0.99128576,-0.07290463
1549.8000,1.934394e+14,B,A,0.99387792,-0.07455744,0.99111680,-0.07403236
1549.8500,1.934332e+14,B,A,0.99379024,-0.07571766,0.99094282,-0.07517559
1549.9000,1.934270e+14,B,A,0.99369992,-0.07689449,0.99076361,-0.07633477
1549.9500,1.934207e+14,B,A,0.99360687,-0.07808844,0.99057900,-0.07751038
1550.0000,1.934145e+14,B,A,0.99351099,-0.07930003,0.99038878,-0.07870290
1550.0500,1.934083e+14,B,A,0.99341216,-0.08052978,0.99019274,-0.07991283
1550.1000,1.934020e+14,B,A,0.99331027,-0.08177827,0.98999065,-0.08114068
1550.1500,1.933958e+14,B,A,0.99320521,-0.08304606,0.98978228,-0.08238701
1550.2000,1.933895e+14,B,A,0.99309684,-0.08433377,0.98956739,-0.08365236
1550.2500,1.933833e+14,B,A,0.99298504,-0.08564201,0.98934572,-0.08493732
1550.3000,1.933771e+14,B,A,0.99286968,-0.08697145,0.98911700,-0.08624249
1550.3500,1.933708e+14,B,A,0.99275060,-0.08832274,0.98888094,-0.08756850
1550.4000,1.933646e+14,B,A,0.99262765,-0.08969661,0.98863724,-0.08891599
1550.4500,1.933584e+14,B,A,0.99250068,-0.09109378,0.98838560,-0.09028565
1550.5000,1.933521e+14,B,A,0.99236951,-0.09251501,0.98812568,-0.09167816
1550.5500,1.933459e+14,B,A,0.99223397,-0.09396110,0.98785713,-0.09309427
1550.6000,1.933396e+14,B,A,0.99209387,-0.09543288,0.98757958,-0.09453473
1550.6500,1.933334e+14,B,A,0.99194901,-0.09693121,0.98729265,-0.09600033
1550.7000,1.933272e+14,B,A,0.99179919,-0.09845700,0.98699593,-0.09749188
1550.7500,1.933209e+14,B,A,0.99164418,-0.10001118,0.98668898,-0.09901026
1550.8000,1.933147e+14,B,A,0.99148375,-0.10159475,0.98637135,-0.10055635
1550.8500,1.933085e+14,B,A,0.99131765,-0.10320871,0.98604256,-0.10213108
1550.9000,1.933022e+14,B,A,0.99114563,-0.10485416,0.98570210,-0.10373541
1550.9500,1.932960e+14,B,A,0.99096741,-0.10653220,0.98534943,-0.10537037
1551.0000,1.932898e+14,B,A,0.99078270,-0.10824403,0.98498398,-0.10703700
1551.0500,1.932836e+14,B,A,0.99059118,-0.10999086,0.98460514,-0.10873641
1551.1000,1.932773e+14,B,A,0.99039254,-0.11177398,0.98421228,-0.11046975
1551.1500,1.932711e+14,B,A,0.99018642,-0.11359474,0.98380472,-0.11223823
1551.2000,1.932649e+14,B,A,0.98997246,-0.11545457,0.98338174,-0.11404309
1551.2500,1.932586e+14,B,A,0.98975026,-0.11735494,0.98294256,-0.11588566
1551.3000,1.932524e+14,B,A,0.98951940,-0.11929742,0.98248639,-0.11776731
1551.3500,1.932462e+14,B,A,0.98927944,-0.12128365,0.98201234,-0.11968948
1551.4000,1.932399e+14,B,A,0.98902991,-0.12331534,0.98151951,-0.12165368
1551.4500,1.932337e+14,B,A,0.98877030,-0.12539431,0.98100690,-0.12366150
1551.5000,1.932275e+14,B,A,0.98850008,-0.12752246,0.98047349,-0.12571459
1551.5500,1.932213e+14,B,A,0.98821867,-0.12970181,0.97991814,-0.12781469
1551.6000,1.932150e+14,B,A,0.98792546,-0.13193447,0.97933966,-0.12996362
1551.6500,1.932088e+14,B,A,0.98761979,-0.13422268,0.97873680,-0.13216330
1551.7000,1.932026e+14,B,A,0.98730097,-0.13656878,0.97810818,-0.13441575
1551.7500,1.931964e+14,B,A,0.98696823,-0.13897528,0.97745234,-0.13672307
1551.8000,1.931901e+14,B,A,0.98662077,-0.14144479,0.97676774,-0.13908750
1551.8500,1.931839e+14,B,A,0.98625773,-0.14398010,0.97605268,-0.14151137
1551.9000,1.931777e+14,B,A,0.98587818,-0.14658415,0.97530539,-0.14399715
1551.9500,1.931715e+14,B,A,0.98548111,-0.14926007,0.97452392,-0.14654742
1552.0000,1.931652e+14,B,A,0.98506546,-0.15201116,0.97370621,-0.14916493
1552.0500,1.931590e+14,B,A,0.98463006,-0.15484093,0.97285002,-0.15185254
1552.1000,1.931528e+14,B,A,0.98417366,-0.15775311,0.97195294,-0.15461331
1552.1500,1.931466e+14,B,A,0.98369491,-0.16075166,0.97101238,-0.15745043
1552.2000,1.931404e+14,B,A,0.98319236,-0.16384080,0.97002554,-0.16036729
1552.2500,1.931341e+14,B,A,0.98266441,-0.16702501,0.96898937,-0.16336746
1552.3000,1.931279e+14,B,A,0.98210935,-0.17030907,0.96790062,-0.16645473
1552.3500,1.931217e+14,B,A,0.98152533,-0.17369811,0.96675571,-0.16963308
1552.4000,1.931155e+14,B,A,0.98091033,-0.17719756,0.96555079,-0.17290674
1552.4500,1.931093e+14,B,A,0.98026214,-0.18081325,0.96428169,-0.17628018
1552.5000,1.931030e+14,B,A,0.97957838,-0.18455144,0.96294383,-0.17975813
1552.5500,1.930968e+14,B,A,0.97885643,-0.18841880,0.96153227,-0.18334560
1552.6000,1.930906e+14,B,A,0.97809344,-0.19242251,0.96004159,-0.18704791
1552.6500,1.930844e+14,B,A,0.97728628,-0.19657028,0.95846589,-0.19087067
1552.7000,1.930782e+14,B,A,0.97643153,-0.20087037,0.95679870,-0.19481984
1552.7500,1.930719e+14,B,A,0.97552544,-0.20533172,0.95503297,-0.19890176
1552.8000,1.930657e+14,B,A,0.97456387,-0.20996393,0.95316092,-0.20312311
1552.8500,1.930595e+14,B,A,0.97354229,-0.21477738,0.95117405,-0.20749100
1552.9000,1.930533e+14,B,A,0.97245567,-0.21978328,0.94906298,-0.21201296
1552.9500,1.930471e+14,B,A,0.97129847,-0.22499377,0.94681738,-0.21669697
1553.0000,1.930409e+14,B,A,0.97006455,-0.23042200,0.94442585,-0.22155148
1553.0500,1.930346e+14,B,A,0.96874711,-0.23608225,0.94187579,-0.22658545
1553.1000,1.930284e+14,B,A,0.96733858,-0.24199005,0.93915325,-0.23180834
1553.1500,1.930222e+14,B,A,0.96583053,-0.24816229,0.93624274,-0.23723016
1553.2000,1.930160e+14,B,A,0.96421356,-0.25461741,0.93312705,-0.24286146
1553.2500,1.930098e+14,B,A,0.96247714,-0.26137555,0.92978702,-0.24871335
1553.3000,1.930036e+14,B,A,0.96060947,-0.26845873,0.92620126,-0.25479752
1553.3500,1.929974e+14,B,A,0.95859732,-0.27589110,0.92234589,-0.26112617
1553.4000,1.929912e+14,B,A,0.95642574,-0.28369920,0.91819412,-0.26771206
1553.4500,1.929849e+14,B,A,0.95407788,-0.29191219,0.91371593,-0.27456839
1553.5000,1.929787e+14,B,A,0.95153467,-0.30056225,0.90887754,-0.28170878
1553.5500,1.929725e+14,B,A,0.94877444,-0.30968489,0.90364091,-0.28914710
1553.6000,1.929663e+14,B,A,0.94577256,-0.31931941,0.89796309,-0.29689735
1553.6500,1.929601e+14,B,A,0.94250091,-0.32950941,0.89179549,-0.30497338
1553.7000,1.929539e+14,B,A,0.93892729,-0.34030331,0.88508307,-0.31338860
1553.7500,1.929477e+14,B,A,0.93501477,-0.35175502,0.87776332,-0.32215550
1553.8000,1.929415e+14,B,A,0.93072084,-0.36392467,0.86976519,-0.33128506
1553.8500,1.929353e+14,B,A,0.92599640,-0.37687952,0.86100772,-0.34078593
1553.9000,1.929291e+14,B,A,0.92078463,-0.39069487,0.85139859,-0.35066335
1553.9500,1.929228e+14,B,A,0.91501951,-0.40545525,0.84083240,-0.36091768
1554.0000,1.929166e+14,B,A,0.90862414,-0.42125570,0.82918876,-0.37154250
1554.0500,1.929104e+14,B,A,0.90150870,-0.43820326,0.81633011,-0.38252202
1554.1000,1.929042e+14,B,A,0.89356797,-0.45641865,0.80209939,-0.39382774
1554.1500,1.928980e+14,B,A,0.88467837,-0.47603821,0.78631756,-0.40541401
1554.2000,1.928918e+14,B,A,0.87469447,-0.49721599,0.76878112,-0.41721219
1554.2500,1.928856e+14,B,A,0.86344478,-0.52012613,0.74925982,-0.42912307
1554.3000,1.928794e+14,B,A,0.85072683,-0.54496532,0.72749503,-0.44100695
1554.3500,1.928732e+14,B,A,0.83630155,-0.57195537,0.70319930,-0.45267100
1554.4000,1.928670e+14,B,A,0.81988679,-0.60134568,0.67605818,-0.46385308
1554.4500,1.928608e+14,B,A,0.80115034,-0.63341521,0.64573579,-0.47420161
1554.5000,1.928546e+14,B,A,0.77970279,-0.66847365,0.61188626,-0.48325112
1554.5500,1.928484e+14,B,A,0.75509098,-0.70686078,0.57417449,-0.49039376
1554.6000,1.928422e+14,B,A,0.72679353,-0.74894301,0.53231008,-0.49484827
1554.6500,1.928360e+14,B,A,0.69422077,-0.79510530,0.48610004,-0.49563013
1554.7000,1.928298e+14,B,A,0.65672266,-0.84573597,0.43552574,-0.49153024
1554.7500,1.928236e+14,B,A,0.61360975,-0.90120115,0.38084832,-0.48111484
1554.8000,1.928174e+14,B,A,0.56419378,-0.96180427,0.32274198,-0.46276586
1554.8500,1.928112e+14,B,A,0.50785448,-1.02772444,0.26244312,-0.43478705
1554.9000,1.928050e+14,B,A,0.44413740,-1.09892348,0.20188499,-0.39560141
1554.9500,1.927988e+14,B,A,0.37288052,-1.17499612,0.14376283,-0.34405251
1555.0000,1.927926e+14,B,A,0.29435471,-1.25487397,0.09145404,-0.27978715
1555.0500,1.927864e+14,B,A,0.20938681,-1.33595099,0.04872276,-0.20363921
1555.1000,1.927802e+14,B,A,0.11942684,-1.40940016,0.01919146,-0.11787475
1555.1500,1.927740e+14,B,A,0.02675006,-1.35734428,0.00566659,-0.02614298
1555.2000,1.927678e+14,B,A,0.06762262,1.42958333,0.00951749,0.06694951
1555.2500,1.927616e+14,B,A,0.15948129,1.37935885,0.03034455,0.15656785
1555.3000,1.927554e+14,B,A,0.24744108,1.30046912,0.06607834,0.23845490
1555.3500,1.927492e+14,B,A,0.32968638,1.21944835,0.11346610,0.30954572
1555.4000,1.927430e+14,B,A,0.40504860,1.14108658,0.16874606,0.36822430
1555.4500,1.927368e+14,B,A,0.47296085,1.06711647,0.22827534,0.41422498
1555.5000,1.927306e+14,B,A,0.53336201,0.99825782,0.28895819,0.44830592
1555.5500,1.927244e+14,B,A,0.58656115,0.93472858,0.34843890,0.47185200
1555.6000,1.927182e+14,B,A,0.63310031,0.87645607,0.40510733,0.48652241
1555.6500,1.927120e+14,B,A,0.67363990,0.82319653,0.45799470,0.49399552
1555.7000,1.927058e+14,B,A,0.70887496,0.77461246,0.50662737,0.49581490
1555.7500,1.926996e+14,B,A,0.73948079,0.73032389,0.55088240,0.49331573
1555.8000,1.926934e+14,B,A,0.76608200,0.68994160,0.59086617,0.48760517
1555.8500,1.926873e+14,B,A,0.78923810,0.65308759,0.62682192,0.47957382
1555.9000,1.926811e+14,B,A,0.80943961,0.61940670,0.65906438,0.46992193
1555.9500,1.926749e+14,B,A,0.82711051,0.58857239,0.68793602,0.45919041
1556.0000,1.926687e+14,B,A,0.84261382,0.56028878,0.71377958,0.44779097
1556.0500,1.926625e+14,B,A,0.85625851,0.53429035,0.73692196,0.43603288
1556.1000,1.926563e+14,B,A,0.86830673,0.51034031,0.75766563,0.42414546
1556.1500,1.926501e+14,B,A,0.87898049,0.48822842,0.77628500,0.41229637
1556.2000,1.926439e+14,B,A,0.88846780,0.46776839,0.79302568,0.40060616
1556.2500,1.926377e+14,B,A,0.89692801,0.44879537,0.80810561,0.38915959
1556.3000,1.926315e+14,B,A,0.90449637,0.43116351,0.82171696,0.37801446
1556.3500,1.926253e+14,B,A,0.91128790,0.41474370,0.83402857,0.36720836
1556.4000,1.926192e+14,B,A,0.91740065,0.39942156,0.84518847,0.35676381
1556.4500,1.926130e+14,B,A,0.92291845,0.38509562,0.85532622,0.34669225
1556.5000,1.926068e+14,B,A,0.92791312,0.37167572,0.86455528,0.33699693
1556.5500,1.926006e+14,B,A,0.93244643,0.35908159,0.87297496,0.32767524
1556.6000,1.925944e+14,B,A,0.93657163,0.34724168,0.88067231,0.31872039
1556.6500,1.925882e+14,B,A,0.94033476,0.33609202,0.88772371,0.31012267
1556.7000,1.925820e+14,B,A,0.94377576,0.32557536,0.89419625,0.30187043
1556.7500,1.925759e+14,B,A,0.94692938,0.31564033,0.90014898,0.29395077
1556.8000,1.925697e+14,B,A,0.94982594,0.30624075,0.90563398,0.28635013
1556.8500,1.925635e+14,B,A,0.95249195,0.29733501,0.91069723,0.27905461
1556.9000,1.925573e+14,B,A,0.95495070,0.28888555,0.91537941,0.27205030
1556.9500,1.925511e+14,B,A,0.95722265,0.28085841,0.91971662,0.26532347
1557.0000,1.925449e+14,B,A,0.95932587,0.27322279,0.92374090,0.25886073
1557.0500,1.925387e+14,B,A,0.96127634,0.26595075,0.92748080,0.25264910
1557.1000,1.925326e+14,B,A,0.96308823,0.25901686,0.93096178,0.24667611
1557.1500,1.925264e+14,B,A,0.96477411,0.25239794,0.93420657,0.24092980
1557.2000,1.925202e+14,B,A,0.96634521,0.24607284,0.93723556,0.23539878
1557.2500,1.925140e+14,B,A,0.96781155,0.24002220,0.94006701,0.23007222
1557.3000,1.925078e+14,B,A,0.96918209,0.23422830,0.94271735,0.22493982
1557.3500,1.925017e+14,B,A,0.97046486,0.22867486,0.94520137,0.21999185
1557.4000,1.924955e+14,B,A,0.97166710,0.22334695,0.94753242,0.21521909
1557.4500,1.924893e+14,B,A,0.97279530,0.21823079,0.94972256,0.21061283
1557.5000,1.924831e+14,B,A,0.97385534,0.21331371,0.95178269,0.20616485
1557.5500,1.924769e+14,B,A,0.97485254,0.20858399,0.95372272,0.20186738
1557.6000,1.924708e+14,B,A,0.97579168,0.20403079,0.95555164,0.19771311
1557.6500,1.924646e+14,B,A,0.97667714,0.19964410,0.95727762,0.19369512
1557.7000,1.924584e+14,B,A,0.97751288,0.19541463,0.95890811,0.18980689
1557.7500,1.924522e+14,B,A,0.97830250,0.19133374,0.96044992,0.18604228
1557.8000,1.924461e+14,B,A,0.97904929,0.18739342,0.96190924,0.18239550
1557.8500,1.924399e+14,B,A,0.97975626,0.18358621,0.96329178,0.17886106
1557.9000,1.924337e+14,B,A,0.98042616,0.17990516,0.96460273,0.17543380
1557.9500,1.924275e+14,B,A,0.98106149,0.17634379,0.96584688,0.17210884
1558.0000,1.924213e+14,B,A,0.98166458,0.17289604,0.96702862,0.16888158
1558.0500,1.924152e+14,B,A,0.98223753,0.16955626,0.96815199,0.16574766
1558.1000,1.924090e+14,B,A,0.98278231,0.16631916,0.96922072,0.16270298
1558.1500,1.924028e+14,B,A,0.98330069,0.16317976,0.97023823,0.15974363
1558.2000,1.923966e+14,B,A,0.98379435,0.16013344,0.97120770,0.15686595
1558.2500,1.923905e+14,B,A,0.98426481,0.15717581,0.97213206,0.15406644
1558.3000,1.923843e+14,B,A,0.98471348,0.15430279,0.97301402,0.15134181
1558.3500,1.923781e+14,B,A,0.98514166,0.15151052,0.97385610,0.14868893
1558.4000,1.923720e+14,B,A,0.98555058,0.14879536,0.97466062,0.14610483
1558.4500,1.923658e+14,B,A,0.98594135,0.14615391,0.97542976,0.14358672
1558.5000,1.923596e+14,B,A,0.98631502,0.14358294,0.97616551,0.14113192
1558.5500,1.923534e+14,B,A,0.98667256,0.14107942,0.97686976,0.13873789
1558.6000,1.923473e+14,B,A,0.98701487,0.13864047,0.97754426,0.13640225
1558.6500,1.923411e+14,B,A,0.98734278,0.13626337,0.97819061,0.13412270
1558.7000,1.923349e+14,B,A,0.98765709,0.13394558,0.97881034,0.13189707
1558.7500,1.923288e+14,B,A,0.98795852,0.13168465,0.97940487,0.12972329
1558.8000,1.923226e+14,B,A,0.98824775,0.12947829,0.97997552,0.12759940
1558.8500,1.923164e+14,B,A,0.98852543,0.12732431,0.98052352,0.12552353
1558.9000,1.923103e+14,B,A,0.98879215,0.12522066,0.98105004,0.12349388
1558.9500,1.923041e+14,B,A,0.98904847,0.12316537,0.98155616,0.12150877
1559.0000,1.922979e+14,B,A,0.98929491,0.12115658,0.98204290,0.11956657
1559.0500,1.922918e+14,B,A,0.98953196,0.11919251,0.98251121,0.11766573
1559.1000,1.922856e+14,B,A,0.98976009,0.11727148,0.98296200,0.11580477
1559.1500,1.922794e+14,B,A,0.98997973,0.11539190,0.98339610,0.11398229
1541.0000,1.945441e+14,D,A,0.09970979,-1.51223963,0.00583534,-0.09953889
1541.0500,1.945378e+14,D,A,0.09916068,-1.51319773,0.00570836,-0.09899623
1541.1000,1.945315e+14,D,A,0.09862352,-1.51414533,0.00558413,-0.09846530
1541.1500,1.945252e+14,D,A,0.09809806,-1.51508272,0.00546257,-0.09794585
1541.2000,1.945189e+14,D,A,0.09758405,-1.51601017,0.00534358,-0.09743763
1541.2500,1.945125e+14,D,A,0.09708124,-1.51692794,0.00522708,-0.09694042
1541.3000,1.945062e+14,D,A,0.09658941,-1.51783630,0.00511299,-0.09645399
1541.3500,1.944999e+14,D,A,0.09610834,-1.51873550,0.00500122,-0.09597812
1541.4000,1.944936e+14,D,A,0.09563780,-1.51962578,0.00489170,-0.09551261
1541.4500,1.944873e+14,D,A,0.09517758,-1.52050738,0.00478436,-0.09505725
1541.5000,1.944810e+14,D,A,0.09472748,-1.52138053,0.00467913,-0.09461184
1541.5500,1.944747e+14,D,A,0.09428730,-1.52224546,0.00457593,-0.09417619
1541.6000,1.944684e+14,D,A,0.09385685,-1.52310239,0.00447471,-0.09375013
1541.6500,1.944621e+14,D,A,0.09343596,-1.52395152,0.00437539,-0.09333346
1541.7000,1.944558e+14,D,A,0.09302443,-1.52479307,0.00427792,-0.09292601
1541.7500,1.944495e+14,D,A,0.09262210,-1.52562723,0.00418223,-0.09252763
1541.8000,1.944432e+14,D,A,0.09222880,-1.52645420,0.00408828,-0.09213814
1541.8500,1.944369e+14,D,A,0.09184436,-1.52727418,0.00399600,-0.09175739
1541.9000,1.944305e+14,D,A,0.09146863,-1.52808735,0.00390534,-0.09138523
1541.9500,1.944242e+14,D,A,0.09110147,-1.52889389,0.00381626,-0.09102150
1542.0000,1.944179e+14,D,A,0.09074271,-1.52969397,0.00372869,-0.09066607
1542.0500,1.944116e+14,D,A,0.09039222,-1.53048777,0.00364259,-0.09031880
1542.1000,1.944053e+14,D,A,0.09004987,-1.53127546,0.00355792,-0.08997955
1542.1500,1.943990e+14,D,A,0.08971551,-1.53205721,0.00347463,-0.08964820
1542.2000,1.943927e+14,D,A,0.08938902,-1.53283317,0.00339267,-0.08932461
1542.2500,1.943864e+14,D,A,0.08907027,-1.53360349,0.00331201,-0.08900867
1542.3000,1.943801e+14,D,A,0.08875914,-1.53436834,0.00323260,-0.08870026
1542.3500,1.943738e+14,D,A,0.08845552,-1.53512786,0.00315440,-0.08839925
1542.4000,1.943675e+14,D,A,0.08815928,-1.53588220,0.00307738,-0.08810556
1542.4500,1.943612e+14,D,A,0.08787033,-1.53663150,0.00300149,-0.08781905
1542.5000,1.943549e+14,D,A,0.08758855,-1.53737590,0.00292670,-0.08753964
1542.5500,1.943486e+14,D,A,0.08731384,-1.53811553,0.00285298,-0.08726722
1542.6000,1.943423e+14,D,A,0.08704610,-1.53885054,0.00278028,-0.08700169
1542.6500,1.943360e+14,D,A,0.08678523,-1.53958106,0.00270858,-0.08674295
1542.7000,1.943297e+14,D,A,0.08653115,-1.54030720,0.00263785,-0.08649093
1542.7500,1.943234e+14,D,A,0.08628375,-1.54102910,0.00256805,-0.08624552
1542.8000,1.943171e+14,D,A,0.08604295,-1.54174688,0.00249915,-0.08600665
1542.8500,1.943108e+14,D,A,0.08580867,-1.54246066,0.00243112,-0.08577423
1542.9000,1.943045e+14,D,A,0.08558083,-1.54317057,0.00236393,-0.08554818
1542.9500,1.942982e+14,D,A,0.08535934,-1.54387671,0.00229756,-0.08532842
1543.0000,1.942919e+14,D,A,0.08514414,-1.54457920,0.00223198,-0.08511488
1543.0500,1.942856e+14,D,A,0.08493514,-1.54527816,0.00216715,-0.08490748
1543.1000,1.942793e+14,D,A,0.08473227,-1.54597368,0.00210306,-0.08470617
1543.1500,1.942731e+14,D,A,0.08453547,-1.54666590,0.00203968,-0.08451086
1543.2000,1.942668e+14,D,A,0.08434466,-1.54735490,0.00197698,-0.08432149
1543.2500,1.942605e+14,D,A,0.08415979,-1.54804079,0.00191494,-0.08413801
1543.3000,1.942542e+14,D,A,0.08398080,-1.54872368,0.00185353,-0.08396034
1543.3500,1.942479e+14,D,A,0.08380762,-1.54940367,0.00179273,-0.08378844
1543.4000,1.942416e+14,D,A,0.08364019,-1.55008086,0.00173252,-0.08362224
1543.4500,1.942353e+14,D,A,0.08347846,-1.55075534,0.00167288,-0.08346170
1543.5000,1.942290e+14,D,A,0.08332238,-1.55142722,0.00161378,-0.08330675
1543.5500,1.942227e+14,D,A,0.08317190,-1.55209658,0.00155520,-0.08315736
1543.6000,1.942164e+14,D,A,0.08302696,-1.55276353,0.00149713,-0.08301346
1543.6500,1.942101e+14,D,A,0.08288753,-1.55342816,0.00143953,-0.08287503
1543.7000,1.942038e+14,D,A,0.08275355,-1.55409056,0.00138240,-0.08274200
1543.7500,1.941975e+14,D,A,0.08262497,-1.55475081,0.00132570,-0.08261434
1543.8000,1.941913e+14,D,A,0.08250177,-1.55540901,0.00126943,-0.08249201
1543.8500,1.941850e+14,D,A,0.08238390,-1.55606525,0.00121356,-0.08237497
1543.9000,1.941787e+14,D,A,0.08227133,-1.55671962,0.00115807,-0.08226318
1543.9500,1.941724e+14,D,A,0.08216401,-1.55737219,0.00110295,-0.08215660
1544.0000,1.941661e+14,D,A,0.08206191,-1.55802306,0.00104817,-0.08205521
1544.0500,1.941598e+14,D,A,0.08196500,-1.55867232,0.00099372,-0.08195897
1544.1000,1.941535e+14,D,A,0.08187325,-1.55932004,0.00093958,-0.08186786
1544.1500,1.941472e+14,D,A,0.08178663,-1.55996631,0.00088573,-0.08178183
1544.2000,1.941410e+14,D,A,0.08170511,-1.56061120,0.00083216,-0.08170087
1544.2500,1.941347e+14,D,A,0.08162867,-1.56125482,0.00077885,-0.08162495
1544.3000,1.941284e+14,D,A,0.08155728,-1.56189722,0.00072578,-0.08155405
1544.3500,1.941221e+14,D,A,0.08149092,-1.56253850,0.00067293,-0.08148814
1544.4000,1.941158e+14,D,A,0.08142956,-1.56317873,0.00062029,-0.08142720
1544.4500,1.941095e+14,D,A,0.08137320,-1.56381800,0.00056784,-0.08137122
1544.5000,1.941032e+14,D,A,0.08132181,-1.56445638,0.00051557,-0.08132017
1544.5500,1.940970e+14,D,A,0.08127537,-1.56509396,0.00046346,-0.08127405
1544.6000,1.940907e+14,D,A,0.08123387,-1.56573080,0.00041149,-0.08123283
1544.6500,1.940844e+14,D,A,0.08119730,-1.56636699,0.00035965,-0.08119650
1544.7000,1.940781e+14,D,A,0.08116564,-1.56700260,0.00030792,-0.08116506
1544.7500,1.940718e+14,D,A,0.08113889,-1.56763771,0.00025629,-0.08113848
1544.8000,1.940655e+14,D,A,0.08111702,-1.56827241,0.00020473,-0.08111677
1544.8500,1.940593e+14,D,A,0.08110005,-1.56890675,0.00015324,-0.08109991
1544.9000,1.940530e+14,D,A,0.08108796,-1.56954083,0.00010181,-0.08108789
1544.9500,1.940467e+14,D,A,0.08108074,-1.57017472,0.00005040,-0.08108073
1545.0000,1.940404e+14,D,A,0.08107840,-1.57080849,-0.00000099,-0.08107840
1545.0500,1.940341e+14,D,A,0.08108093,-1.57144223,-0.00005237,-0.08108091
1545.1000,1.940279e+14,D,A,0.08108833,-1.57207599,-0.00010377,-0.08108826
1545.1500,1.940216e+14,D,A,0.08110060,-1.57270988,-0.00015519,-0.08110046
1545.2000,1.940153e+14,D,A,0.08111775,-1.57334395,-0.00020666,-0.08111749
1545.2500,1.940090e+14,D,A,0.08113978,-1.57397828,-0.00025818,-0.08113937
1545.3000,1.940028e+14,D,A,0.08116670,-1.57461296,-0.00030978,-0.08116611
1545.3500,1.939965e+14,D,A,0.08119850,-1.57524806,-0.00036147,-0.08119770
1545.4000,1.939902e+14,D,A,0.08123521,-1.57588365,-0.00041327,-0.08123416
1545.4500,1.939839e+14,D,A,0.08127683,-1.57651981,-0.00046518,-0.08127550
1545.5000,1.939776e+14,D,A,0.08132337,-1.57715662,-0.00051724,-0.08132173
1545.5500,1.939714e+14,D,A,0.08137485,-1.57779416,-0.00056944,-0.08137286
1545.6000,1.939651e+14,D,A,0.08143128,-1.57843250,-0.00062182,-0.08142890
1545.6500,1.939588e+14,D,A,0.08149267,-1.57907173,-0.00067438,-0.08148988
1545.7000,1.939526e+14,D,A,0.08155905,-1.57971192,-0.00072714,-0.08155581
1545.7500,1.939463e+14,D,A,0.08163043,-1.58035315,-0.00078012,-0.08162670
1545.8000,1.939400e+14,D,A,0.08170683,-1.58099550,-0.00083333,-0.08170258
1545.8500,1.939337e+14,D,A,0.08178828,-1.58163905,-0.00088679,-0.08178347
1545.9000,1.939275e+14,D,A,0.08187480,-1.58228388,-0.00094052,-0.08186940
1545.9500,1.939212e+14,D,A,0.08196641,-1.58293007,-0.00099453,-0.08196038
1546.0000,1.939149e+14,D,A,0.08206315,-1.58357771,-0.00104885,-0.08205645
1546.0500,1.939086e+14,D,A,0.08216504,-1.58422687,-0.00110349,-0.08215763
1546.1000,1.939024e+14,D,A,0.08227210,-1.58487765,-0.00115846,-0.08226395
1546.1500,1.938961e+14,D,A,0.08238438,-1.58553012,-0.00121379,-0.08237544
1546.2000,1.938898e+14,D,A,0.08250191,-1.58618437,-0.00126949,-0.08249214
1546.2500,1.938836e+14,D,A,0.08262472,-1.58684049,-0.00132559,-0.08261408
1546.3000,1.938773e+14,D,A,0.08275284,-1.58749856,-0.00138209,-0.08274130
1546.3500,1.938710e+14,D,A,0.08288633,-1.58815867,-0.00143903,-0.08287384
1546.4000,1.938648e+14,D,A,0.08302521,-1.58882091,-0.00149641,-0.08301173
1546.4500,1.938585e+14,D,A,0.08316954,-1.58948537,-0.00155427,-0.08315501
1546.5000,1.938522e+14,D,A,0.08331935,-1.59015215,-0.00161261,-0.08330374
1546.5500,1.938460e+14,D,A,0.08347469,-1.59082132,-0.00167147,-0.08345795
1546.6000,1.938397e+14,D,A,0.08363561,-1.59149299,-0.00173085,-0.08361770
1546.6500,1.938334e+14,D,A,0.08380217,-1.59216726,-0.00179079,-0.08378303
1546.7000,1.938272e+14,D,A,0.08397440,-1.59284421,-0.00185131,-0.08395399
1546.7500,1.938209e+14,D,A,0.08415238,-1.59352394,-0.00191242,-0.08413064
1546.8000,1.938146e+14,D,A,0.08433615,-1.59420656,-0.00197415,-0.08431304
1546.8500,1.938084e+14,D,A,0.08452577,-1.59489217,-0.00203652,-0.08450123
1546.9000,1.938021e+14,D,A,0.08472130,-1.59558086,-0.00209956,-0.08469528
1546.9500,1.937958e+14,D,A,0.08492281,-1.59627274,-0.00216329,-0.08489525
1547.0000,1.937896e+14,D,A,0.08513037,-1.59696792,-0.00222774,-0.08510121
1547.0500,1.937833e+14,D,A,0.08534403,-1.59766650,-0.00229293,-0.08531322
1547.1000,1.937770e+14,D,A,0.08556387,-1.59836859,-0.00235889,-0.08553135
1547.1500,1.937708e+14,D,A,0.08578997,-1.59907430,-0.00242564,-0.08575567
1547.2000,1.937645e+14,D,A,0.08602239,-1.59978375,-0.00249322,-0.08598625
1547.2500,1.937583e+14,D,A,0.08626122,-1.60049706,-0.00256164,-0.08622318
1547.3000,1.937520e+14,D,A,0.08650654,-1.60121433,-0.00263095,-0.08646652
1547.3500,1.937457e+14,D,A,0.08675842,-1.60193568,-0.00270117,-0.08671637
1547.4000,1.937395e+14,D,A,0.08701697,-1.60266125,-0.00277232,-0.08697279
1547.4500,1.937332e+14,D,A,0.08728225,-1.60339115,-0.00284445,-0.08723589
1547.5000,1.937270e+14,D,A,0.08755438,-1.60412551,-0.00291758,-0.08750575
1547.5500,1.937207e+14,D,A,0.08783343,-1.60486446,-0.00299174,-0.08778246
1547.6000,1.937144e+14,D,A,0.08811951,-1.60560814,-0.00306698,-0.08806612
1547.6500,1.937082e+14,D,A,0.08841273,-1.60635667,-0.00314332,-0.08835683
1547.7000,1.937019e+14,D,A,0.08871318,-1.60711019,-0.00322081,-0.08865469
1547.7500,1.936957e+14,D,A,0.08902097,-1.60786885,-0.00329948,-0.08895980
1547.8000,1.936894e+14,D,A,0.08933622,-1.60863278,-0.00337936,-0.08927228
1547.8500,1.936831e+14,D,A,0.08965904,-1.60940215,-0.00346050,-0.08959223
1547.9000,1.936769e+14,D,A,0.08998955,-1.61017708,-0.00354294,-0.08991977
1547.9500,1.936706e+14,D,A,0.09032787,-1.61095775,-0.00362672,-0.09025503
1548.0000,1.936644e+14,D,A,0.09067412,-1.61174431,-0.00371189,-0.09059812
1548.0500,1.936581e+14,D,A,0.09102845,-1.61253692,-0.00379848,-0.09094917
1548.1000,1.936519e+14,D,A,0.09139099,-1.61333574,-0.00388655,-0.09130831
1548.1500,1.936456e+14,D,A,0.09176186,-1.61414094,-0.00397614,-0.09167568
1548.2000,1.936394e+14,D,A,0.09214123,-1.61495271,-0.00406730,-0.09205141
1548.2500,1.936331e+14,D,A,0.09252923,-1.61577121,-0.00416009,-0.09243566
1548.3000,1.936269e+14,D,A,0.09292602,-1.61659662,-0.00425455,-0.09282857
1548.3500,1.936206e+14,D,A,0.09333176,-1.61742914,-0.00435075,-0.09323030
1548.4000,1.936143e+14,D,A,0.09374662,-1.61826896,-0.00444873,-0.09364100
1548.4500,1.936081e+14,D,A,0.09417075,-1.61911628,-0.00454856,-0.09406084
1548.5000,1.936018e+14,D,A,0.09460434,-1.61997129,-0.00465029,-0.09448998
1548.5500,1.935956e+14,D,A,0.09504757,-1.62083421,-0.00475399,-0.09492860
1548.6000,1.935893e+14,D,A,0.09550061,-1.62170524,-0.00485973,-0.09537689
1548.6500,1.935831e+14,D,A,0.09596368,-1.62258462,-0.00496757,-0.09583502
1548.7000,1.935768e+14,D,A,0.09643695,-1.62347255,-0.00507759,-0.09630319
1548.7500,1.935706e+14,D,A,0.09692064,-1.62436929,-0.00518984,-0.09678159
1548.8000,1.935643e+14,D,A,0.09741497,-1.62527506,-0.00530442,-0.09727044
1548.8500,1.935581e+14,D,A,0.09792014,-1.62619011,-0.00542139,-0.09776995
1548.9000,1.935518e+14,D,A,0.09843639,-1.62711470,-0.00554085,-0.09828032
1548.9500,1.935456e+14,D,A,0.09896394,-1.62804908,-0.00566286,-0.09880179
1549.0000,1.935394e+14,D,A,0.09950305,-1.62899353,-0.00578753,-0.09933460
1549.0500,1.935331e+14,D,A,0.10005397,-1.62994832,-0.00591494,-0.09987897
1549.1000,1.935269e+14,D,A,0.10061694,-1.63091373,-0.00604519,-0.10043517
1549.1500,1.935206e+14,D,A,0.10119224,-1.63189007,-0.00617837,-0.10100345
1549.2000,1.935144e+14,D,A,0.10178014,-1.63287763,-0.00631459,-0.10158407
1549.2500,1.935081e+14,D,A,0.10238094,-1.63387672,-0.00645395,-0.10217732
1549.3000,1.935019e+14,D,A,0.10299493,-1.63488767,-0.00659657,-0.10278347
1549.3500,1.934956e+14,D,A,0.10362241,-1.63591082,-0.00674255,-0.10340282
1549.4000,1.934894e+14,D,A,0.10426371,-1.63694650,-0.00689203,-0.10403567
1549.4500,1.934831e+14,D,A,0.10491915,-1.63799508,-0.00704513,-0.10468235
1549.5000,1.934769e+14,D,A,0.10558908,-1.63905692,-0.00720198,-0.10534318
1549.5500,1.934707e+14,D,A,0.10627385,-1.64013239,-0.00736271,-0.10601849
1549.6000,1.934644e+14,D,A,0.10697381,-1.64122191,-0.00752747,-0.10670864
1549.6500,1.934582e+14,D,A,0.10768937,-1.64232586,-0.00769640,-0.10741399
1549.7000,1.934519e+14,D,A,0.10842090,-1.64344467,-0.00786967,-0.10813492
1549.7500,1.934457e+14,D,A,0.10916882,-1.64457878,-0.00804744,-0.10887181
1549.8000,1.934394e+14,D,A,0.10993355,-1.64572864,-0.00822987,-0.10962507
1549.8500,1.934332e+14,D,A,0.11071553,-1.64689472,-0.00841714,-0.11039511
1549.9000,1.934270e+14,D,A,0.11151522,-1.64807749,-0.00860945,-0.11118238
1549.9500,1.934207e+14,D,A,0.11233309,-1.64927747,-0.00880698,-0.11198732
1550.0000,1.934145e+14,D,A,0.11316963,-1.65049518,-0.00900994,-0.11281040
1550.0500,1.934083e+14,D,A,0.11402535,-1.65173114,-0.00921855,-0.11365210
1550.1000,1.934020e+14,D,A,0.11490079,-1.65298594,-0.00943302,-0.11451293
1550.1500,1.933958e+14,D,A,0.11579650,-1.65426014,-0.00965360,-0.11539341
1550.2000,1.933895e+14,D,A,0.11671305,-1.65555436,-0.00988053,-0.11629408
1550.2500,1.933833e+14,D,A,0.11765104,-1.65686921,-0.01011407,-0.11721550
1550.3000,1.933771e+14,D,A,0.11861110,-1.65820537,-0.01035449,-0.11815827
1550.3500,1.933708e+14,D,A,0.11959386,-1.65956350,-0.01060207,-0.11912299
1550.4000,1.933646e+14,D,A,0.12060000,-1.66094432,-0.01085713,-0.12011030
1550.4500,1.933584e+14,D,A,0.12163023,-1.66234855,-0.01111997,-0.12112085
1550.5000,1.933521e+14,D,A,0.12268528,-1.66377698,-0.01139093,-0.12215533
1550.5500,1.933459e+14,D,A,0.12376590,-1.66523039,-0.01167035,-0.12321445
1550.6000,1.933396e+14,D,A,0.12487290,-1.66670963,-0.01195862,-0.12429897
1550.6500,1.933334e+14,D,A,0.12600711,-1.66821555,-0.01225611,-0.12540964
1550.7000,1.933272e+14,D,A,0.12716938,-1.66974907,-0.01256323,-0.12654729
1550.7500,1.933209e+14,D,A,0.12836063,-1.67131113,-0.01288043,-0.12771275
1550.8000,1.933147e+14,D,A,0.12958180,-1.67290272,-0.01320815,-0.12890690
1550.8500,1.933085e+14,D,A,0.13083388,-1.67452488,-0.01354689,-0.13013065
1550.9000,1.933022e+14,D,A,0.13211790,-1.67617867,-0.01389714,-0.13138496
1550.9500,1.932960e+14,D,A,0.13343493,-1.67786524,-0.01425945,-0.13267083
1551.0000,1.932898e+14,D,A,0.13478612,-1.67958575,-0.01463440,-0.13398930
1551.0500,1.932836e+14,D,A,0.13617264,-1.68134145,-0.01502258,-0.13534145
1551.1000,1.932773e+14,D,A,0.13759572,-1.68313364,-0.01542464,-0.13672843
1551.1500,1.932711e+14,D,A,0.13905668,-1.68496366,-0.01584127,-0.13815142
1551.2000,1.932649e+14,D,A,0.14055687,-1.68683295,-0.01627317,-0.13961167
1551.2500,1.932586e+14,D,A,0.14209772,-1.68874299,-0.01672112,-0.14111048
1551.3000,1.932524e+14,D,A,0.14368073,-1.69069536,-0.01718593,-0.14264920
1551.3500,1.932462e+14,D,A,0.14530747,-1.69269170,-0.01766848,-0.14422928
1551.4000,1.932399e+14,D,A,0.14697960,-1.69473374,-0.01816967,-0.14585221
1551.4500,1.932337e+14,D,A,0.14869886,-1.69682331,-0.01869050,-0.14751955
1551.5000,1.932275e+14,D,A,0.15046708,-1.69896232,-0.01923201,-0.14923294
1551.5500,1.932213e+14,D,A,0.15228618,-1.70115279,-0.01979531,-0.15099413
1551.6000,1.932150e+14,D,A,0.15415820,-1.70339685,-0.02038161,-0.15280491
1551.6500,1.932088e+14,D,A,0.15608527,-1.70569675,-0.02099216,-0.15466719
1551.7000,1.932026e+14,D,A,0.15806965,-1.70805485,-0.02162834,-0.15658297
1551.7500,1.931964e+14,D,A,0.16011372,-1.71047366,-0.02229161,-0.15855436
1551.8000,1.931901e+14,D,A,0.16221999,-1.71295581,-0.02298351,-0.16058357
1551.8500,1.931839e+14,D,A,0.16439112,-1.71550412,-0.02370574,-0.16267292
1551.9000,1.931777e+14,D,A,0.16662992,-1.71812152,-0.02446008,-0.16482486
1551.9500,1.931715e+14,D,A,0.16893936,-1.72081118,-0.02524846,-0.16704198
1552.0000,1.931652e+14,D,A,0.17132259,-1.72357640,-0.02607297,-0.16932699
1552.0500,1.931590e+14,D,A,0.17378295,-1.72642071,-0.02693583,-0.17168277
1552.1000,1.931528e+14,D,A,0.17632397,-1.72934788,-0.02783946,-0.17411234
1552.1500,1.931466e+14,D,A,0.17894942,-1.73236187,-0.02878644,-0.17661890
1552.2000,1.931404e+14,D,A,0.18166328,-1.73546693,-0.02977959,-0.17920581
1552.2500,1.931341e+14,D,A,0.18446980,-1.73866757,-0.03082193,-0.18187665
1552.3000,1.931279e+14,D,A,0.18737350,-1.74196860,-0.03191675,-0.18463517
1552.3500,1.931217e+14,D,A,0.19037917,-1.74537517,-0.03306760,-0.18748537
1552.4000,1.931155e+14,D,A,0.19349196,-1.74889274,-0.03427834,-0.19043144
1552.4500,1.931093e+14,D,A,0.19671734,-1.75252719,-0.03555316,-0.19347786
1552.5000,1.931030e+14,D,A,0.20006114,-1.75628478,-0.03689660,-0.19662934
1552.5500,1.930968e+14,D,A,0.20352961,-1.76017226,-0.03831364,-0.19989089
1552.6000,1.930906e+14,D,A,0.20712944,-1.76419682,-0.03980968,-0.20326779
1552.6500,1.930844e+14,D,A,0.21086779,-1.76836622,-0.04139062,-0.20676567
1552.7000,1.930782e+14,D,A,0.21475234,-1.77268878,-0.04306293,-0.21039047
1552.7500,1.930719e+14,D,A,0.21879132,-1.77717348,-0.04483369,-0.21414851
1552.8000,1.930657e+14,D,A,0.22299360,-1.78182999,-0.04671063,-0.21804647
1552.8500,1.930595e+14,D,A,0.22736869,-1.78666873,-0.04870230,-0.22209144
1552.9000,1.930533e+14,D,A,0.23192686,-1.79170100,-0.05081805,-0.22629095
1552.9500,1.930471e+14,D,A,0.23667917,-1.79693900,-0.05306822,-0.23065297
1553.0000,1.930409e+14,D,A,0.24163754,-1.80239596,-0.05546421,-0.23518593
1553.0500,1.930346e+14,D,A,0.24681488,-1.80808625,-0.05801861,-0.23989878
1553.1000,1.930284e+14,D,A,0.25222514,-1.81402548,-0.06074540,-0.24480098
1553.1500,1.930222e+14,D,A,0.25788344,-1.82023067,-0.06366004,-0.24990252
1553.2000,1.930160e+14,D,A,0.26380616,-1.82672036,-0.06677975,-0.25521394
1553.2500,1.930098e+14,D,A,0.27001110,-1.83351481,-0.07012369,-0.26074635
1553.3000,1.930036e+14,D,A,0.27651759,-1.84063620,-0.07371326,-0.26651141
1553.3500,1.929974e+14,D,A,0.28334669,-1.84810882,-0.07757234,-0.27252134
1553.4000,1.929912e+14,D,A,0.29052133,-1.85595939,-0.08172770,-0.27878886
1553.4500,1.929849e+14,D,A,0.29806653,-1.86421728,-0.08620938,-0.28532718
1553.5000,1.929787e+14,D,A,0.30600959,-1.87291486,-0.09105115,-0.29214989
1553.5500,1.929725e+14,D,A,0.31438038,-1.88208789,-0.09629106,-0.29927088
1553.6000,1.929663e+14,D,A,0.32321156,-1.89177598,-0.10197206,-0.30670411
1553.6500,1.929601e+14,D,A,0.33253888,-1.90202300,-0.10814273,-0.31446344
1553.7000,1.929539e+14,D,A,0.34240152,-1.91287774,-0.11485812,-0.32256226
1553.7500,1.929477e+14,D,A,0.35284242,-1.92439452,-0.12218073,-0.33101305
1553.8000,1.929415e+14,D,A,0.36390864,-1.93663394,-0.13018162,-0.33982679
1553.8500,1.929353e+14,D,A,0.37565179,-1.94966378,-0.13894175,-0.34901211
1553.9000,1.929291e+14,D,A,0.38812835,-1.96355997,-0.14855344,-0.35857425
1553.9500,1.929228e+14,D,A,0.40140015,-1.97840776,-0.15912208,-0.36851356
1554.0000,1.929166e+14,D,A,0.41553466,-1.99430304,-0.17076807,-0.37882359
1554.0500,1.929104e+14,D,A,0.43060533,-2.01135385,-0.18362898,-0.38948857
1554.1000,1.929042e+14,D,A,0.44669175,-2.02968209,-0.19786185,-0.40047997
1554.1500,1.928980e+14,D,A,0.46387964,-2.04942553,-0.21364573,-0.41175214
1554.2000,1.928918e+14,D,A,0.48226048,-2.07073993,-0.23118412,-0.42323643
1554.2500,1.928856e+14,D,A,0.50193067,-2.09380152,-0.25070727,-0.43483361
1554.3000,1.928794e+14,D,A,0.52298996,-2.11880957,-0.27247381,-0.44640398
1554.3500,1.928732e+14,D,A,0.54553874,-2.14598910,-0.29677119,-0.45775471
1554.4000,1.928670e+14,D,A,0.56967385,-2.17559354,-0.32391386,-0.46862363
1554.4500,1.928608e+14,D,A,0.59548211,-2.20790706,-0.35423771,-0.47865916
1554.5000,1.928546e+14,D,A,0.62303085,-2.24324606,-0.38808858,-0.48739583
1554.5500,1.928484e+14,D,A,0.65235428,-2.28195928,-0.42580160,-0.49422576
1554.6000,1.928422e+14,D,A,0.68343467,-2.32442524,-0.46766717,-0.49836771
1554.6500,1.928360e+14,D,A,0.71617689,-2.37104569,-0.51387826,-0.49883712
1554.7000,1.928298e+14,D,A,0.75037575,-2.42223305,-0.56445353,-0.49442489
1554.7500,1.928236e+14,D,A,0.78567629,-2.47838912,-0.61913180,-0.48369726
1554.8000,1.928174e+14,D,A,0.82152976,-2.53987264,-0.67723890,-0.46503615
1554.8500,1.928112e+14,D,A,0.85715191,-2.60695324,-0.73753843,-0.43674530
1554.9000,1.928050e+14,D,A,0.89149580,-2.67975184,-0.79809713,-0.39724769
1554.9500,1.927988e+14,D,A,0.92325747,-2.75817089,-0.85621975,-0.34538689
1555.0000,1.927926e+14,D,A,0.95093579,-2.84182495,-0.90852891,-0.28080970
1555.0500,1.927864e+14,D,A,0.97296217,-2.92998835,-0.95126047,-0.20434997
1555.1000,1.927802e+14,D,A,0.98789752,-3.02158209,-0.98079194,-0.11827376
1555.1500,1.927740e+14,D,A,0.99466280,-3.11521858,-0.99431688,-0.02623027
1555.2000,1.927678e+14,D,A,0.99274123,3.07387583,-0.99046596,0.06717391
1555.2500,1.927616e+14,D,A,0.98228357,2.98096536,-0.96963878,0.15710393
1555.3000,1.927554e+14,D,A,0.96407670,2.89075083,-0.93390477,0.23930266
1555.3500,1.927492e+14,D,A,0.93938786,2.80449149,-0.88651670,0.31070517
1555.4000,1.927430e+14,D,A,0.90974092,2.72311010,-0.83123633,0.36969544
1555.4500,1.927368e+14,D,A,0.87669465,2.64717570,-0.77170654,0.41600784
1555.5000,1.927306e+14,D,A,0.84167361,2.57693702,-0.71102308,0.45040053
1555.5500,1.927244e+14,D,A,0.80587070,2.51238499,-0.65154167,0.47425840
1555.6000,1.927182e+14,D,A,0.77021402,2.45332402,-0.59487244,0.48924065
1555.6500,1.927120e+14,D,A,0.73537837,2.39943804,-0.54198416,0.49702567
1555.7000,1.927058e+14,D,A,0.70182080,2.35034420,-0.49335049,0.49915702
1555.7500,1.926996e+14,D,A,0.66982447,2.30563268,-0.44909436,0.49696990
1555.8000,1.926934e+14,D,A,0.63954126,2.26489377,-0.40910941,0.49157147
1555.8500,1.926873e+14,D,A,0.61102846,2.22773498,-0.37315235,0.48385235
1555.9000,1.926811e+14,D,A,0.58427819,2.19379056,-0.34090850,0.47451280
1555.9500,1.926749e+14,D,A,0.55923973,2.16272613,-0.31203538,0.46409374
1556.0000,1.926687e+14,D,A,0.53583586,2.13423980,-0.28619023,0.45300687
1556.0500,1.926625e+14,D,A,0.51397454,2.10806141,-0.26304616,0.44156149
1556.1000,1.926563e+14,D,A,0.49355686,2.08395053,-0.24230070,0.42998691
1556.1500,1.926501e+14,D,A,0.47448245,2.06169400,-0.22367945,0.41845083
1556.2000,1.926439e+14,D,A,0.45665292,2.04110319,-0.20693677,0.40707378
1556.2500,1.926377e+14,D,A,0.43997405,2.02201134,-0.19185476,0.39594055
1556.3000,1.926315e+14,D,A,0.42435695,2.00427101,-0.17824123,0.38510893
1556.3500,1.926253e+14,D,A,0.40971871,1.98775179,-0.16592733,0.37461653
1556.4000,1.926192e+14,D,A,0.39598255,1.97233820,-0.15476505,0.36448589
1556.4500,1.926130e+14,D,A,0.38307779,1.95792784,-0.14462480,0.35472843
1556.5000,1.926068e+14,D,A,0.37093956,1.94442976,-0.13539316,0.34534744
1556.5500,1.926006e+14,D,A,0.35950853,1.93176301,-0.12697079,0.33634030
1556.6000,1.925944e+14,D,A,0.34873046,1.91985546,-0.11927064,0.32770024
1556.6500,1.925882e+14,D,A,0.33855588,1.90864265,-0.11221635,0.31941755
1556.7000,1.925820e+14,D,A,0.32893963,1.89806688,-0.10574082,0.31148059
1556.7500,1.925759e+14,D,A,0.31984053,1.88807641,-0.09978499,0.30387649
1556.8000,1.925697e+14,D,A,0.31122099,1.87862470,-0.09429679,0.29659167
1556.8500,1.925635e+14,D,A,0.30304669,1.86966986,-0.08923024,0.28961226
1556.9000,1.925573e+14,D,A,0.29528628,1.86117407,-0.08454465,0.28292435
1556.9500,1.925511e+14,D,A,0.28791108,1.85310313,-0.08020393,0.27651423
1557.0000,1.925449e+14,D,A,0.28089484,1.84542604,-0.07617603,0.27036850
1557.0500,1.925387e+14,D,A,0.27421353,1.83811468,-0.07243240,0.26447421
1557.1000,1.925326e+14,D,A,0.26784508,1.83114343,-0.06894760,0.25881889
1557.1500,1.925264e+14,D,A,0.26176924,1.82448899,-0.06569888,0.25339059
1557.2000,1.925202e+14,D,A,0.25596737,1.81813005,-0.06266585,0.24817793
1557.2500,1.925140e+14,D,A,0.25042235,1.81204715,-0.05983026,0.24317009
1557.3000,1.925078e+14,D,A,0.24511837,1.80622244,-0.05717567,0.23835679
1557.3500,1.925017e+14,D,A,0.24004086,1.80063957,-0.05468728,0.23372830
1557.4000,1.924955e+14,D,A,0.23517636,1.79528348,-0.05235177,0.22927541
1557.4500,1.924893e+14,D,A,0.23051240,1.79014034,-0.05015705,0.22498942
1557.5000,1.924831e+14,D,A,0.22603747,1.78519737,-0.04809223,0.22086212
1557.5500,1.924769e+14,D,A,0.22174087,1.78044280,-0.04614741,0.21688575
1557.6000,1.924708e+14,D,A,0.21761268,1.77586574,-0.04431359,0.21305301
1557.6500,1.924646e+14,D,A,0.21364370,1.77145610,-0.04258259,0.20935700
1557.7000,1.924584e+14,D,A,0.20982534,1.76720454,-0.04094697,0.20579120
1557.7500,1.924522e+14,D,A,0.20614963,1.76310237,-0.03939992,0.20234949
1557.8000,1.924461e+14,D,A,0.20260912,1.75914154,-0.03793524,0.19902606
1557.8500,1.924399e+14,D,A,0.19919688,1.75531454,-0.03654724,0.19581547
1557.9000,1.924337e+14,D,A,0.19590643,1.75161438,-0.03523071,0.19271255
1557.9500,1.924275e+14,D,A,0.19273170,1.74803455,-0.03398086,0.18971244
1558.0000,1.924213e+14,D,A,0.18966702,1.74456895,-0.03279331,0.18681054
1558.0500,1.924152e+14,D,A,0.18670708,1.74121190,-0.03166401,0.18400252
1558.1000,1.924090e+14,D,A,0.18384690,1.73795807,-0.03058924,0.18128426
1558.1500,1.924028e+14,D,A,0.18108180,1.73480248,-0.02956557,0.17865188
1558.2000,1.923966e+14,D,A,0.17840739,1.73174046,-0.02858982,0.17610173
1558.2500,1.923905e+14,D,A,0.17581954,1.72876760,-0.02765906,0.17363032
1558.3000,1.923843e+14,D,A,0.17331438,1.72587980,-0.02677058,0.17123437
1558.3500,1.923781e+14,D,A,0.17088823,1.72307318,-0.02592187,0.16891076
1558.4000,1.923720e+14,D,A,0.16853767,1.72034408,-0.02511059,0.16665654
1558.4500,1.923658e+14,D,A,0.16625943,1.71768908,-0.02433457,0.16446892
1558.5000,1.923596e+14,D,A,0.16405044,1.71510493,-0.02359181,0.16234523
1558.5500,1.923534e+14,D,A,0.16190782,1.71258857,-0.02288043,0.16028296
1558.6000,1.923473e+14,D,A,0.15982882,1.71013714,-0.02219868,0.15827972
1558.6500,1.923411e+14,D,A,0.15781085,1.70774788,-0.02154494,0.15633323
1558.7000,1.923349e+14,D,A,0.15585145,1.70541823,-0.02091770,0.15444133
1558.7500,1.923288e+14,D,A,0.15394831,1.70314575,-0.02031554,0.15260197
1558.8000,1.923226e+14,D,A,0.15209922,1.70092812,-0.01973713,0.15081320
1558.8500,1.923164e+14,D,A,0.15030210,1.69876316,-0.01918123,0.14907314
1558.9000,1.923103e+14,D,A,0.14855495,1.69664878,-0.01864669,0.14738003
1558.9500,1.923041e+14,D,A,0.14685590,1.69458301,-0.01813241,0.14573219
1559.0000,1.922979e+14,D,A,0.14520316,1.69256398,-0.01763739,0.14412800
1559.0500,1.922918e+14,D,A,0.14359503,1.69058991,-0.01716065,0.14256593
1559.1000,1.922856e+14,D,A,0.14202988,1.68865910,-0.01670131,0.14104451
1559.1500,1.922794e+14,D,A,0.14050619,1.68676995,-0.01625851,0.13956235
1541.0000,1.945441e+14,B,C,0.09970979,-1.51223963,0.00583534,-0.09953889
1541.0500,1.945378e+14,B,C,0.09916068,-1.51319773,0.00570836,-0.09899623
1541.1000,1.945315e+14,B,C,0.09862352,-1.51414533,0.00558413,-0.09846530
1541.1500,1.945252e+14,B,C,0.09809806,-1.51508272,0.00546257,-0.09794585
1541.2000,1.945189e+14,B,C,0.09758405,-1.51601017,0.00534358,-0.09743763
1541.2500,1.945125e+14,B,C,0.09708124,-1.51692794,0.00522708,-0.09694042
1541.3000,1.945062e+14,B,C,0.09658941,-1.51783630,0.00511299,-0.09645399
1541.3500,1.944999e+14,B,C,0.09610834,-1.51873550,0.00500122,-0.09597812
1541.4000,1.944936e+14,B,C,0.09563780,-1.51962578,0.00489170,-0.09551261
1541.4500,1.944873e+14,B,C,0.09517758,-1.52050738,0.00478436,-0.09505725
1541.5000,1.944810e+14,B,C,0.09472748,-1.52138053,0.00467913,-0.09461184
1541.5500,1.944747e+14,B,C,0.09428730,-1.52224546,0.00457593,-0.09417619
1541.6000,1.944684e+14,B,C,0.09385685,-1.52310239,0.00447471,-0.09375013
1541.6500,1.944621e+14,B,C,0.09343596,-1.52395152,0.00437539,-0.09333346
1541.7000,1.944558e+14,B,C,0.09302443,-1.52479307,0.00427792,-0.09292601
1541.7500,1.944495e+14,B,C,0.09262210,-1.52562723,0.00418223,-0.09252763
1541.8000,1.944432e+14,B,C,0.09222880,-1.52645420,0.00408828,-0.09213814
1541.8500,1.944369e+14,B,C,0.09184436,-1.52727418,0.00399600,-0.09175739
1541.9000,1.944305e+14,B,C,0.09146863,-1.52808735,0.00390534,-0.09138523
1541.9500,1.944242e+14,B,C,0.09110147,-1.52889389,0.00381626,-0.09102150
1542.0000,1.944179e+14,B,C,0.09074271,-1.52969397,0.00372869,-0.09066607
1542.0500,1.944116e+14,B,C,0.09039222,-1.53048777,0.00364259,-0.09031880
1542.1000,1.944053e+14,B,C,0.09004987,-1.53127546,0.00355792,-0.08997955
1542.1500,1.943990e+14,B,C,0.08971551,-1.53205721,0.00347463,-0.08964820
1542.2000,1.943927e+14,B,C,0.08938902,-1.53283317,0.00339267,-0.08932461
1542.2500,1.943864e+14,B,C,0.08907027,-1.53360349,0.00331201,-0.08900867
1542.3000,1.943801e+14,B,C,0.08875914,-1.53436834,0.00323260,-0.08870026
1542.3500,1.943738e+14,B,C,0.08845552,-1.53512786,0.00315440,-0.08839925
1542.4000,1.943675e+14,B,C,0.08815928,-1.53588220,0.00307738,-0.08810556
1542.4500,1.943612e+14,B,C,0.08787033,-1.53663150,0.00300149,-0.08781905
1542.5000,1.943549e+14,B,C,0.08758855,-1.53737590,0.00292670,-0.08753964
1542.5500,1.943486e+14,B,C,0.08731384,-1.53811553,0.00285298,-0.08726722
1542.6000,1.943423e+14,B,C,0.08704610,-1.53885054,0.00278028,-0.08700169
1542.6500,1.943360e+14,B,C,0.08678523,-1.53958106,0.00270858,-0.08674295
1542.7000,1.943297e+14,B,C,0.08653115,-1.54030720,0.00263785,-0.08649093
1542.7500,1.943234e+14,B,C,0.08628375,-1.54102910,0.00256805,-0.08624552
1542.8000,1.943171e+14,B,C,0.08604295,-1.54174688,0.00249915,-0.08600665
1542.8500,1.943108e+14,B,C,0.08580867,-1.54246066,0.00243112,-0.08577423
1542.9000,1.943045e+14,B,C,0.08558083,-1.54317057,0.00236393,-0.08554818
1542.9500,1.942982e+14,B,C,0.08535934,-1.54387671,0.00229756,-0.08532842
1543.0000,1.942919e+14,B,C,0.08514414,-1.54457920,0.00223198,-0.08511488
1543.0500,1.942856e+14,B,C,0.08493514,-1.54527816,0.00216715,-0.08490748
1543.1000,1.942793e+14,B,C,0.08473227,-1.54597368,0.00210306,-0.08470617
1543.1500,1.942731e+14,B,C,0.08453547,-1.54666590,0.00203968,-0.08451086
1543.2000,1.942668e+14,B,C,0.08434466,-1.54735490,0.00197698,-0.08432149
1543.2500,1.942605e+14,B,C,0.08415979,-1.54804079,0.00191494,-0.08413801
1543.3000,1.942542e+14,B,C,0.08398080,-1.54872368,0.00185353,-0.08396034
1543.3500,1.942479e+14,B,C,0.08380762,-1.54940367,0.00179273,-0.08378844
1543.4000,1.942416e+14,B,C,0.08364019,-1.55008086,0.00173252,-0.08362224
1543.4500,1.942353e+14,B,C,0.08347846,-1.55075534,0.00167288,-0.08346170
1543.5000,1.942290e+14,B,C,0.08332238,-1.55142722,0.00161378,-0.08330675
1543.5500,1.942227e+14,B,C,0.08317190,-1.55209658,0.00155520,-0.08315736
1543.6000,1.942164e+14,B,C,0.08302696,-1.55276353,0.00149713,-0.08301346
1543.6500,1.942101e+14,B,C,0.08288753,-1.55342816,0.00143953,-0.08287503
1543.7000,1.942038e+14,B,C,0.08275355,-1.55409056,0.00138240,-0.08274200
1543.7500,1.941975e+14,B,C,0.08262497,-1.55475081,0.00132570,-0.08261434
1543.8000,1.941913e+14,B,C,0.08250177,-1.55540901,0.00126943,-0.08249201
1543.8500,1.941850e+14,B,C,0.08238390,-1.55606525,0.00121356,-0.08237497
1543.9000,1.941787e+14,B,C,0.08227133,-1.55671962,0.00115807,-0.08226318
1543.9500,1.941724e+14,B,C,0.08216401,-1.55737219,0.00110295,-0.08215660
1544.0000,1.941661e+14,B,C,0.08206191,-1.55802306,0.00104817,-0.08205521
1544.0500,1.941598e+14,B,C,0.08196500,-1.55867232,0.00099372,-0.08195897
1544.1000,1.941535e+14,B,C,0.08187325,-1.55932004,0.00093958,-0.08186786
1544.1500,1.941472e+14,B,C,0.08178663,-1.55996631,0.00088573,-0.08178183
1544.2000,1.941410e+14,B,C,0.08170511,-1.56061120,0.00083216,-0.08170087
1544.2500,1.941347e+14,B,C,0.08162867,-1.56125482,0.00077885,-0.08162495
1544.3000,1.941284e+14,B,C,0.08155728,-1.56189722,0.00072578,-0.08155405
1544.3500,1.941221e+14,B,C,0.08149092,-1.56253850,0.00067293,-0.08148814
1544.4000,1.941158e+14,B,C,0.08142956,-1.56317873,0.00062029,-0.08142720
1544.4500,1.941095e+14,B,C,0.08137320,-1.56381800,0.00056784,-0.08137122
1544.5000,1.941032e+14,B,C,0.08132181,-1.56445638,0.00051557,-0.08132017
1544.5500,1.940970e+14,B,C,0.08127537,-1.56509396,0.00046346,-0.08127405
1544.6000,1.940907e+14,B,C,0.08123387,-1.56573080,0.00041149,-0.08123283
1544.6500,1.940844e+14,B,C,0.08119730,-1.56636699,0.00035965,-0.08119650
1544.7000,1.940781e+14,B,C,0.08116564,-1.56700260,0.00030792,-0.08116506
1544.7500,1.940718e+14,B,C,0.08113889,-1.56763771,0.00025629,-0.08113848
1544.8000,1.940655e+14,B,C,0.08111702,-1.56827241,0.00020473,-0.08111677
1544.8500,1.940593e+14,B,C,0.08110005,-1.56890675,0.00015324,-0.08109991
1544.9000,1.940530e+14,B,C,0.08108796,-1.56954083,0.00010181,-0.08108789
1544.9500,1.940467e+14,B,C,0.08108074,-1.57017472,0.00005040,-0.08108073
1545.0000,1.940404e+14,B,C,0.08107840,-1.57080849,-0.00000099,-0.08107840
1545.0500,1.940341e+14,B,C,0.08108093,-1.57144223,-0.00005237,-0.08108091
1545.1000,1.940279e+14,B,C,0.08108833,-1.57207599,-0.00010377,-0.08108826
1545.1500,1.940216e+14,B,C,0.08110060,-1.57270988,-0.00015519,-0.08110046
1545.2000,1.940153e+14,B,C,0.08111775,-1.57334395,-0.00020666,-0.08111749
1545.2500,1.940090e+14,B,C,0.08113978,-1.57397828,-0.00025818,-0.08113937
1545.3000,1.940028e+14,B,C,0.08116670,-1.57461296,-0.00030978,-0.08116611
1545.3500,1.939965e+14,B,C,0.08119850,-1.57524806,-0.00036147,-0.08119770
1545.4000,1.939902e+14,B,C,0.08123521,-1.57588365,-0.00041327,-0.08123416
1545.4500,1.939839e+14,B,C,0.08127683,-1.57651981,-0.00046518,-0.08127550
1545.5000,1.939776e+14,B,C,0.08132337,-1.57715662,-0.00051724,-0.08132173
1545.5500,1.939714e+14,B,C,0.08137485,-1.57779416,-0.00056944,-0.08137286
1545.6000,1.939651e+14,B,C,0.08143128,-1.57843250,-0.00062182,-0.08142890
1545.6500,1.939588e+14,B,C,0.08149267,-1.57907173,-0.00067438,-0.08148988
1545.7000,1.939526e+14,B,C,0.08155905,-1.57971192,-0.00072714,-0.08155581
1545.7500,1.939463e+14,B,C,0.08163043,-1.58035315,-0.00078012,-0.08162670
1545.8000,1.939400e+14,B,C,0.08170683,-1.58099550,-0.00083333,-0.08170258
1545.8500,1.939337e+14,B,C,0.08178828,-1.58163905,-0.00088679,-0.08178347
1545.9000,1.939275e+14,B,C,0.08187480,-1.58228388,-0.00094052,-0.08186940
1545.9500,1.939212e+14,B,C,0.08196641,-1.58293007,-0.00099453,-0.08196038
1546.0000,1.939149e+14,B,C,0.08206315,-1.58357771,-0.00104885,-0.08205645
1546.0500,1.939086e+14,B,C,0.08216504,-1.58422687,-0.00110349,-0.08215763
1546.1000,1.939024e+14,B,C,0.08227210,-1.58487765,-0.00115846,-0.08226395
1546.1500,1.938961e+14,B,C,0.08238438,-1.58553012,-0.00121379,-0.08237544
1546.2000,1.938898e+14,B,C,0.08250191,-1.58618437,-0.00126949,-0.08249214
1546.2500,1.938836e+14,B,C,0.08262472,-1.58684049,-0.00132559,-0.08261408
1546.3000,1.938773e+14,B,C,0.08275284,-1.58749856,-0.00138209,-0.08274130
1546.3500,1.938710e+14,B,C,0.08288633,-1.58815867,-0.00143903,-0.08287384
1546.4000,1.938648e+14,B,C,0.08302521,-1.58882091,-0.00149641,-0.08301173
1546.4500,1.938585e+14,B,C,0.08316954,-1.58948537,-0.00155427,-0.08315501
1546.5000,1.938522e+14,B,C,0.08331935,-1.59015215,-0.00161261,-0.08330374
1546.5500,1.938460e+14,B,C,0.08347469,-1.59082132,-0.00167147,-0.08345795
1546.6000,1.938397e+14,B,C,0.08363561,-1.59149299,-0.00173085,-0.08361770
1546.6500,1.938334e+14,B,C,0.08380217,-1.59216726,-0.00179079,-0.08378303
1546.7000,1.938272e+14,B,C,0.08397440,-1.59284421,-0.00185131,-0.08395399
1546.7500,1.938209e+14,B,C,0.08415238,-1.59352394,-0.00191242,-0.08413064
1546.8000,1.938146e+14,B,C,0.08433615,-1.59420656,-0.00197415,-0.08431304
1546.8500,1.938084e+14,B,C,0.08452577,-1.59489217,-0.00203652,-0.08450123
1546.9000,1.938021e+14,B,C,0.08472130,-1.59558086,-0.00209956,-0.08469528
1546.9500,1.937958e+14,B,C,0.08492281,-1.59627274,-0.00216329,-0.08489525
1547.0000,1.937896e+14,B,C,0.08513037,-1.59696792,-0.00222774,-0.08510121
1547.0500,1.937833e+14,B,C,0.08534403,-1.59766650,-0.00229293,-0.08531322
1547.1000,1.937770e+14,B,C,0.08556387,-1.59836859,-0.00235889,-0.08553135
1547.1500,1.937708e+14,B,C,0.08578997,-1.59907430,-0.00242564,-0.08575567
1547.2000,1.937645e+14,B,C,0.08602239,-1.59978375,-0.00249322,-0.08598625
1547.2500,1.937583e+14,B,C,0.08626122,-1.60049706,-0.00256164,-0.08622318
1547.3000,1.937520e+14,B,C,0.08650654,-1.60121433,-0.00263095,-0.08646652
1547.3500,1.937457e+14,B,C,0.08675842,-1.60193568,-0.00270117,-0.08671637
1547.4000,1.937395e+14,B,C,0.08701697,-1.60266125,-0.00277232,-0.08697279
1547.4500,1.937332e+14,B,C,0.08728225,-1.60339115,-0.00284445,-0.08723589
1547.5000,1.937270e+14,B,C,0.08755438,-1.60412551,-0.00291758,-0.08750575
1547.5500,1.937207e+14,B,C,0.08783343,-1.60486446,-0.00299174,-0.08778246
1547.6000,1.937144e+14,B,C,0.08811951,-1.60560814,-0.00306698,-0.08806612
1547.6500,1.937082e+14,B,C,0.08841273,-1.60635667,-0.00314332,-0.08835683
1547.7000,1.937019e+14,B,C,0.08871318,-1.60711019,-0.00322081,-0.08865469
1547.7500,1.936957e+14,B,C,0.08902097,-1.60786885,-0.00329948,-0.08895980
1547.8000,1.936894e+14,B,C,0.08933622,-1.60863278,-0.00337936,-0.08927228
1547.8500,1.936831e+14,B,C,0.08965904,-1.60940215,-0.00346050,-0.08959223
1547.9000,1.936769e+14,B,C,0.08998955,-1.61017708,-0.00354294,-0.08991977
1547.9500,1.936706e+14,B,C,0.09032787,-1.61095775,-0.00362672,-0.09025503
1548.0000,1.936644e+14,B,C,0.09067412,-1.61174431,-0.00371189,-0.09059812
1548.0500,1.936581e+14,B,C,0.09102845,-1.61253692,-0.00379848,-0.09094917
1548.1000,1.936519e+14,B,C,0.09139099,-1.61333574,-0.00388655,-0.09130831
1548.1500,1.936456e+14,B,C,0.09176186,-1.61414094,-0.00397614,-0.09167568
1548.2000,1.936394e+14,B,C,0.09214123,-1.61495271,-0.00406730,-0.09205141
1548.2500,1.936331e+14,B,C,0.09252923,-1.61577121,-0.00416009,-0.09243566
1548.3000,1.936269e+14,B,C,0.09292602,-1.61659662,-0.00425455,-0.09282857
1548.3500,1.936206e+14,B,C,0.09333176,-1.61742914,-0.00435075,-0.09323030
1548.4000,1.936143e+14,B,C,0.09374662,-1.61826896,-0.00444873,-0.09364100
1548.4500,1.936081e+14,B,C,0.09417075,-1.61911628,-0.00454856,-0.09406084
1548.5000,1.936018e+14,B,C,0.09460434,-1.61997129,-0.00465029,-0.09448998
1548.5500,1.935956e+14,B,C,0.09504757,-1.62083421,-0.00475399,-0.09492860
1548.6000,1.935893e+14,B,C,0.09550061,-1.62170524,-0.00485973,-0.09537689
1548.6500,1.935831e+14,B,C,0.09596368,-1.62258462,-0.00496757,-0.09583502
1548.7000,1.935768e+14,B,C,0.09643695,-1.62347255,-0.00507759,-0.09630319
1548.7500,1.935706e+14,B,C,0.09692064,-1.62436929,-0.00518984,-0.09678159
1548.8000,1.935643e+14,B,C,0.09741497,-1.62527506,-0.00530442,-0.09727044
1548.8500,1.935581e+14,B,C,0.09792014,-1.62619011,-0.00542139,-0.09776995
1548.9000,1.935518e+14,B,C,0.09843639,-1.62711470,-0.00554085,-0.09828032
1548.9500,1.935456e+14,B,C,0.09896394,-1.62804908,-0.00566286,-0.09880179
1549.0000,1.935394e+14,B,C,0.09950305,-1.62899353,-0.00578753,-0.09933460
1549.0500,1.935331e+14,B,C,0.10005397,-1.62994832,-0.00591494,-0.09987897
1549.1000,1.935269e+14,B,C,0.10061694,-1.63091373,-0.00604519,-0.10043517
1549.1500,1.935206e+14,B,C,0.10119224,-1.63189007,-0.00617837,-0.10100345
1549.2000,1.935144e+14,B,C,0.10178014,-1.63287763,-0.00631459,-0.10158407
1549.2500,1.935081e+14,B,C,0.10238094,-1.63387672,-0.00645395,-0.10217732
1549.3000,1.935019e+14,B,C,0.10299493,-1.63488767,-0.00659657,-0.10278347
1549.3500,1.934956e+14,B,C,0.10362241,-1.63591082,-0.00674255,-0.10340282
1549.4000,1.934894e+14,B,C,0.10426371,-1.63694650,-0.00689203,-0.10403567
1549.4500,1.934831e+14,B,C,0.10491915,-1.63799508,-0.00704513,-0.10468235
1549.5000,1.934769e+14,B,C,0.10558908,-1.63905692,-0.00720198,-0.10534318
1549.5500,1.934707e+14,B,C,0.10627385,-1.64013239,-0.00736271,-0.10601849
1549.6000,1.934644e+14,B,C,0.10697381,-1.64122191,-0.00752747,-0.10670864
1549.6500,1.934582e+14,B,C,0.10768937,-1.64232586,-0.00769640,-0.10741399
1549.7000,1.934519e+14,B,C,0.10842090,-1.64344467,-0.00786967,-0.10813492
1549.7500,1.934457e+14,B,C,0.10916882,-1.64457878,-0.00804744,-0.10887181
1549.8000,1.934394e+14,B,C,0.10993355,-1.64572864,-0.00822987,-0.10962507
1549.8500,1.934332e+14,B,C,0.11071553,-1.64689472,-0.00841714,-0.11039511
1549.9000,1.934270e+14,B,C,0.11151522,-1.64807749,-0.00860945,-0.11118238
1549.9500,1.934207e+14,B,C,0.11233309,-1.64927747,-0.00880698,-0.11198732
1550.0000,1.934145e+14,B,C,0.11316963,-1.65049518,-0.00900994,-0.11281040
1550.0500,1.934083e+14,B,C,0.11402535,-1.65173114,-0.00921855,-0.11365210
1550.1000,1.934020e+14,B,C,0.11490079,-1.65298594,-0.00943302,-0.11451293
1550.1500,1.933958e+14,B,C,0.11579650,-1.65426014,-0.00965360,-0.11539341
1550.2000,1.933895e+14,B,C,0.11671305,-1.65555436,-0.00988053,-0.11629408
1550.2500,1.933833e+14,B,C,0.11765104,-1.65686921,-0.01011407,-0.11721550
1550.3000,1.933771e+14,B,C,0.11861110,-1.65820537,-0.01035449,-0.11815827
1550.3500,1.933708e+14,B,C,0.11959386,-1.65956350,-0.01060207,-0.11912299
1550.4000,1.933646e+14,B,C,0.12060000,-1.66094432,-0.01085713,-0.12011030
1550.4500,1.933584e+14,B,C,0.12163023,-1.66234855,-0.01111997,-0.12112085
1550.5000,1.933521e+14,B,C,0.12268528,-1.66377698,-0.01139093,-0.12215533
1550.5500,1.933459e+14,B,C,0.12376590,-1.66523039,-0.01167035,-0.12321445
1550.6000,1.933396e+14,B,C,0.12487290,-1.66670963,-0.01195862,-0.12429897
1550.6500,1.933334e+14,B,C,0.12600711,-1.66821555,-0.01225611,-0.12540964
1550.7000,1.933272e+14,B,C,0.12716938,-1.66974907,-0.01256323,-0.12654729
1550.7500,1.933209e+14,B,C,0.12836063,-1.67131113,-0.01288043,-0.12771275
1550.8000,1.933147e+14,B,C,0.12958180,-1.67290272,-0.01320815,-0.12890690
1550.8500,1.933085e+14,B,C,0.13083388,-1.67452488,-0.01354689,-0.13013065
1550.9000,1.933022e+14,B,C,0.13211790,-1.67617867,-0.01389714,-0.13138496
1550.9500,1.932960e+14,B,C,0.13343493,-1.67786524,-0.01425945,-0.13267083
1551.0000,1.932898e+14,B,C,0.13478612,-1.67958575,-0.01463440,-0.13398930
1551.0500,1.932836e+14,B,C,0.13617264,-1.68134145,-0.01502258,-0.13534145
1551.1000,1.932773e+14,B,C,0.13759572,-1.68313364,-0.01542464,-0.13672843
1551.1500,1.932711e+14,B,C,0.13905668,-1.68496366,-0.01584127,-0.13815142
1551.2000,1.932649e+14,B,C,0.14055687,-1.68683295,-0.01627317,-0.13961167
1551.2500,1.932586e+14,B,C,0.14209772,-1.68874299,-0.01672112,-0.14111048
1551.3000,1.932524e+14,B,C,0.14368073,-1.69069536,-0.01718593,-0.14264920
1551.3500,1.932462e+14,B,C,0.14530747,-1.69269170,-0.01766848,-0.14422928
1551.4000,1.932399e+14,B,C,0.14697960,-1.69473374,-0.01816967,-0.14585221
1551.4500,1.932337e+14,B,C,0.14869886,-1.69682331,-0.01869050,-0.14751955
1551.5000,1.932275e+14,B,C,0.15046708,-1.69896232,-0.01923201,-0.14923294
1551.5500,1.932213e+14,B,C,0.15228618,-1.70115279,-0.01979531,-0.15099413
1551.6000,1.932150e+14,B,C,0.15415820,-1.70339685,-0.02038161,-0.15280491
1551.6500,1.932088e+14,B,C,0.15608527,-1.70569675,-0.02099216,-0.15466719
1551.7000,1.932026e+14,B,C,0.15806965,-1.70805485,-0.02162834,-0.15658297
1551.7500,1.931964e+14,B,C,0.16011372,-1.71047366,-0.02229161,-0.15855436
1551.8000,1.931901e+14,B,C,0.16221999,-1.71295581,-0.02298351,-0.16058357
1551.8500,1.931839e+14,B,C,0.16439112,-1.71550412,-0.02370574,-0.16267292
1551.9000,1.931777e+14,B,C,0.16662992,-1.71812152,-0.02446008,-0.16482486
1551.9500,1.931715e+14,B,C,0.16893936,-1.72081118,-0.02524846,-0.16704198
1552.0000,1.931652e+14,B,C,0.17132259,-1.72357640,-0.02607297,-0.16932699
1552.0500,1.931590e+14,B,C,0.17378295,-1.72642071,-0.02693583,-0.17168277
1552.1000,1.931528e+14,B,C,0.17632397,-1.72934788,-0.02783946,-0.17411234
1552.1500,1.931466e+14,B,C,0.17894942,-1.73236187,-0.02878644,-0.17661890
1552.2000,1.931404e+14,B,C,0.18166328,-1.73546693,-0.02977959,-0.17920581
1552.2500,1.931341e+14,B,C,0.18446980,-1.73866757,-0.03082193,-0.18187665
1552.3000,1.931279e+14,B,C,0.18737350,-1.74196860,-0.03191675,-0.18463517
1552.3500,1.931217e+14,B,C,0.19037917,-1.74537517,-0.03306760,-0.18748537
1552.4000,1.931155e+14,B,C,0.19349196,-1.74889274,-0.03427834,-0.19043144
1552.4500,1.931093e+14,B,C,0.19671734,-1.75252719,-0.03555316,-0.19347786
1552.5000,1.931030e+14,B,C,0.20006114,-1.75628478,-0.03689660,-0.19662934
1552.5500,1.930968e+14,B,C,0.20352961,-1.76017226,-0.03831364,-0.19989089
1552.6000,1.930906e+14,B,C,0.20712944,-1.76419682,-0.03980968,-0.20326779
1552.6500,1.930844e+14,B,C,0.21086779,-1.76836622,-0.04139062,-0.20676567
1552.7000,1.930782e+14,B,C,0.21475234,-1.77268878,-0.04306293,-0.21039047
1552.7500,1.930719e+14,B,C,0.21879132,-1.77717348,-0.04483369,-0.21414851
1552.8000,1.930657e+14,B,C,0.22299360,-1.78182999,-0.04671063,-0.21804647
1552.8500,1.930595e+14,B,C,0.22736869,-1.78666873,-0.04870230,-0.22209144
1552.9000,1.930533e+14,B,C,0.23192686,-1.79170100,-0.05081805,-0.22629095
1552.9500,1.930471e+14,B,C,0.23667917,-1.79693900,-0.05306822,-0.23065297
1553.0000,1.930409e+14,B,C,0.24163754,-1.80239596,-0.05546421,-0.23518593
1553.0500,1.930346e+14,B,C,0.24681488,-1.80808625,-0.05801861,-0.23989878
1553.1000,1.930284e+14,B,C,0.25222514,-1.81402548,-0.06074540,-0.24480098
1553.1500,1.930222e+14,B,C,0.25788344,-1.82023067,-0.06366004,-0.24990252
1553.2000,1.930160e+14,B,C,0.26380616,-1.82672036,-0.06677975,-0.25521394
1553.2500,1.930098e+14,B,C,0.27001110,-1.83351481,-0.07012369,-0.26074635
1553.3000,1.930036e+14,B,C,0.27651759,-1.84063620,-0.07371326,-0.26651141
1553.3500,1.929974e+14,B,C,0.28334669,-1.84810882,-0.07757234,-0.27252134
1553.4000,1.929912e+14,B,C,0.29052133,-1.85595939,-0.08172770,-0.27878886
1553.4500,1.929849e+14,B,C,0.29806653,-1.86421728,-0.08620938,-0.28532718
1553.5000,1.929787e+14,B,C,0.30600959,-1.87291486,-0.09105115,-0.29214989
1553.5500,1.929725e+14,B,C,0.31438038,-1.88208789,-0.09629106,-0.29927088
1553.6000,1.929663e+14,B,C,0.32321156,-1.89177598,-0.10197206,-0.30670411
1553.6500,1.929601e+14,B,C,0.33253888,-1.90202300,-0.10814273,-0.31446344
1553.7000,1.929539e+14,B,C,0.34240152,-1.91287774,-0.11485812,-0.32256226
1553.7500,1.929477e+14,B,C,0.35284242,-1.92439452,-0.12218073,-0.33101305
1553.8000,1.929415e+14,B,C,0.36390864,-1.93663394,-0.13018162,-0.33982679
1553.8500,1.929353e+14,B,C,0.37565179,-1.94966378,-0.13894175,-0.34901211
1553.9000,1.929291e+14,B,C,0.38812835,-1.96355997,-0.14855344,-0.35857425
1553.9500,1.929228e+14,B,C,0.40140015,-1.97840776,-0.15912208,-0.36851356
1554.0000,1.929166e+14,B,C,0.41553466,-1.99430304,-0.17076807,-0.37882359
1554.0500,1.929104e+14,B,C,0.43060533,-2.01135385,-0.18362898,-0.38948857
1554.1000,1.929042e+14,B,C,0.44669175,-2.02968209,-0.19786185,-0.40047997
1554.1500,1.928980e+14,B,C,0.46387964,-2.04942553,-0.21364573,-0.41175214
1554.2000,1.928918e+14,B,C,0.48226048,-2.07073993,-0.23118412,-0.42323643
1554.2500,1.928856e+14,B,C,0.50193067,-2.09380152,-0.25070727,-0.43483361
1554.3000,1.928794e+14,B,C,0.52298996,-2.11880957,-0.27247381,-0.44640398
1554.3500,1.928732e+14,B,C,0.54553874,-2.14598910,-0.29677119,-0.45775471
1554.4000,1.928670e+14,B,C,0.56967385,-2.17559354,-0.32391386,-0.46862363
1554.4500,1.928608e+14,B,C,0.59548211,-2.20790706,-0.35423771,-0.47865916
1554.5000,1.928546e+14,B,C,0.62303085,-2.24324606,-0.38808858,-0.48739583
1554.5500,1.928484e+14,B,C,0.65235428,-2.28195928,-0.42580160,-0.49422576
1554.6000,1.928422e+14,B,C,0.68343467,-2.32442524,-0.46766717,-0.49836771
1554.6500,1.928360e+14,B,C,0.71617689,-2.37104569,-0.51387826,-0.49883712
1554.7000,1.928298e+14,B,C,0.75037575,-2.42223305,-0.56445353,-0.49442489
1554.7500,1.928236e+14,B,C,0.78567629,-2.47838912,-0.61913180,-0.48369726
1554.8000,1.928174e+14,B,C,0.82152976,-2.53987264,-0.67723890,-0.46503615
1554.8500,1.928112e+14,B,C,0.85715191,-2.60695324,-0.73753843,-0.43674530
1554.9000,1.928050e+14,B,C,0.89149580,-2.67975184,-0.79809713,-0.39724769
1554.9500,1.927988e+14,B,C,0.92325747,-2.75817089,-0.85621975,-0.34538689
1555.0000,1.927926e+14,B,C,0.95093579,-2.84182495,-0.90852891,-0.28080970
1555.0500,1.927864e+14,B,C,0.97296217,-2.92998835,-0.95126047,-0.20434997
1555.1000,1.927802e+14,B,C,0.98789752,-3.02158209,-0.98079194,-0.11827376
1555.1500,1.927740e+14,B,C,0.99466280,-3.11521858,-0.99431688,-0.02623027
1555.2000,1.927678e+14,B,C,0.99274123,3.07387583,-0.99046596,0.06717391
1555.2500,1.927616e+14,B,C,0.98228357,2.98096536,-0.96963878,0.15710393
1555.3000,1.927554e+14,B,C,0.96407670,2.89075083,-0.93390477,0.23930266
1555.3500,1.927492e+14,B,C,0.93938786,2.80449149,-0.88651670,0.31070517
1555.4000,1.927430e+14,B,C,0.90974092,2.72311010,-0.83123633,0.36969544
1555.4500,1.927368e+14,B,C,0.87669465,2.64717570,-0.77170654,0.41600784
1555.5000,1.927306e+14,B,C,0.84167361,2.57693702,-0.71102308,0.45040053
1555.5500,1.927244e+14,B,C,0.80587070,2.51238499,-0.65154167,0.47425840
1555.6000,1.927182e+14,B,C,0.77021402,2.45332402,-0.59487244,0.48924065
1555.6500,1.927120e+14,B,C,0.73537837,2.39943804,-0.54198416,0.49702567
1555.7000,1.927058e+14,B,C,0.70182080,2.35034420,-0.49335049,0.49915702
1555.7500,1.926996e+14,B,C,0.66982447,2.30563268,-0.44909436,0.49696990
1555.8000,1.926934e+14,B,C,0.63954126,2.26489377,-0.40910941,0.49157147
1555.8500,1.926873e+14,B,C,0.61102846,2.22773498,-0.37315235,0.48385235
1555.9000,1.926811e+14,B,C,0.58427819,2.19379056,-0.34090850,0.47451280
1555.9500,1.926749e+14,B,C,0.55923973,2.16272613,-0.31203538,0.46409374
1556.0000,1.926687e+14,B,C,0.53583586,2.13423980,-0.28619023,0.45300687
1556.0500,1.926625e+14,B,C,0.51397454,2.10806141,-0.26304616,0.44156149
1556.1000,1.926563e+14,B,C,0.49355686,2.08395053,-0.24230070,0.42998691
1556.1500,1.926501e+14,B,C,0.47448245,2.06169400,-0.22367945,0.41845083
1556.2000,1.926439e+14,B,C,0.45665292,2.04110319,-0.20693677,0.40707378
1556.2500,1.926377e+14,B,C,0.43997405,2.02201134,-0.19185476,0.39594055
1556.3000,1.926315e+14,B,C,0.42435695,2.00427101,-0.17824123,0.38510893
1556.3500,1.926253e+14,B,C,0.40971871,1.98775179,-0.16592733,0.37461653
1556.4000,1.926192e+14,B,C,0.39598255,1.97233820,-0.15476505,0.36448589
1556.4500,1.926130e+14,B,C,0.38307779,1.95792784,-0.14462480,0.35472843
1556.5000,1.926068e+14,B,C,0.37093956,1.94442976,-0.13539316,0.34534744
1556.5500,1.926006e+14,B,C,0.35950853,1.93176301,-0.12697079,0.33634030
1556.6000,1.925944e+14,B,C,0.34873046,1.91985546,-0.11927064,0.32770024
1556.6500,1.925882e+14,B,C,0.33855588,1.90864265,-0.11221635,0.31941755
1556.7000,1.925820e+14,B,C,0.32893963,1.89806688,-0.10574082,0.31148059
1556.7500,1.925759e+14,B,C,0.31984053,1.88807641,-0.09978499,0.30387649
1556.8000,1.925697e+14,B,C,0.31122099,1.87862470,-0.09429679,0.29659167
1556.8500,1.925635e+14,B,C,0.30304669,1.86966986,-0.08923024,0.28961226
1556.9000,1.925573e+14,B,C,0.29528628,1.86117407,-0.08454465,0.28292435
1556.9500,1.925511e+14,B,C,0.28791108,1.85310313,-0.08020393,0.27651423
1557.0000,1.925449e+14,B,C,0.28089484,1.84542604,-0.07617603,0.27036850
1557.0500,1.925387e+14,B,C,0.27421353,1.83811468,-0.07243240,0.26447421
1557.1000,1.925326e+14,B,C,0.26784508,1.83114343,-0.06894760,0.25881889
1557.1500,1.925264e+14,B,C,0.26176924,1.82448899,-0.06569888,0.25339059
1557.2000,1.925202e+14,B,C,0.25596737,1.81813005,-0.06266585,0.24817793
1557.2500,1.925140e+14,B,C,0.25042235,1.81204715,-0.05983026,0.24317009
1557.3000,1.925078e+14,B,C,0.24511837,1.80622244,-0.05717567,0.23835679
1557.3500,1.925017e+14,B,C,0.24004086,1.80063957,-0.05468728,0.23372830
1557.4000,1.924955e+14,B,C,0.23517636,1.79528348,-0.05235177,0.22927541
1557.4500,1.924893e+14,B,C,0.23051240,1.79014034,-0.05015705,0.22498942
1557.5000,1.924831e+14,B,C,0.22603747,1.78519737,-0.04809223,0.22086212
1557.5500,1.924769e+14,B,C,0.22174087,1.78044280,-0.04614741,0.21688575
1557.6000,1.924708e+14,B,C,0.21761268,1.77586574,-0.04431359,0.21305301
1557.6500,1.924646e+14,B,C,0.21364370,1.77145610,-0.04258259,0.20935700
1557.7000,1.924584e+14,B,C,0.20982534,1.76720454,-0.04094697,0.20579120
1557.7500,1.924522e+14,B,C,0.20614963,1.76310237,-0.03939992,0.20234949
1557.8000,1.924461e+14,B,C,0.20260912,1.75914154,-0.03793524,0.19902606
1557.8500,1.924399e+14,B,C,0.19919688,1.75531454,-0.03654724,0.19581547
1557.9000,1.924337e+14,B,C,0.19590643,1.75161438,-0.03523071,0.19271255
1557.9500,1.924275e+14,B,C,0.19273170,1.74803455,-0.03398086,0.18971244
1558.0000,1.924213e+14,B,C,0.18966702,1.74456895,-0.03279331,0.18681054
1558.0500,1.924152e+14,B,C,0.18670708,1.74121190,-0.03166401,0.18400252
1558.1000,1.924090e+14,B,C,0.18384690,1.73795807,-0.03058924,0.18128426
1558.1500,1.924028e+14,B,C,0.18108180,1.73480248,-0.02956557,0.17865188
1558.2000,1.923966e+14,B,C,0.17840739,1.73174046,-0.02858982,0.17610173
1558.2500,1.923905e+14,B,C,0.17581954,1.72876760,-0.02765906,0.17363032
1558.3000,1.923843e+14,B,C,0.17331438,1.72587980,-0.02677058,0.17123437
1558.3500,1.923781e+14,B,C,0.17088823,1.72307318,-0.02592187,0.16891076
1558.4000,1.923720e+14,B,C,0.16853767,1.72034408,-0.02511059,0.16665654
1558.4500,1.923658e+14,B,C,0.16625943,1.71768908,-0.02433457,0.16446892
1558.5000,1.923596e+14,B,C,0.16405044,1.71510493,-0.02359181,0.16234523
1558.5500,1.923534e+14,B,C,0.16190782,1.71258857,-0.02288043,0.16028296
1558.6000,1.923473e+14,B,C,0.15982882,1.71013714,-0.02219868,0.15827972
1558.6500,1.923411e+14,B,C,0.15781085,1.70774788,-0.02154494,0.15633323
1558.7000,1.923349e+14,B,C,0.15585145,1.70541823,-0.02091770,0.15444133
1558.7500,1.923288e+14,B,C,0.15394831,1.70314575,-0.02031554,0.15260197
1558.8000,1.923226e+14,B,C,0.15209922,1.70092812,-0.01973713,0.15081320
1558.8500,1.923164e+14,B,C,0.15030210,1.69876316,-0.01918123,0.14907314
1558.9000,1.923103e+14,B,C,0.14855495,1.69664878,-0.01864669,0.14738003
1558.9500,1.923041e+14,B,C,0.14685590,1.69458301,-0.01813241,0.14573219
1559.0000,1.922979e+14,B,C,0.14520316,1.69256398,-0.01763739,0.14412800
1559.0500,1.922918e+14,B,C,0.14359503,1.69058991,-0.01716065,0.14256593
1559.1000,1.922856e+14,B,C,0.14202988,1.68865910,-0.01670131,0.14104451
1559.1500,1.922794e+14,B,C,0.14050619,1.68676995,-0.01625851,0.13956235
1541.0000,1.945441e+14,D,C,0.99496642,0.05826395,0.99327809,0.05793788
1541.0500,1.945378e+14,D,C,0.99502184,0.05731065,0.99338821,0.05699414
1541.1000,1.945315e+14,D,C,0.99507576,0.05636780,0.99349534,0.05606053
1541.1500,1.945252e+14,D,C,0.99512822,0.05543511,0.99359957,0.05513679
1541.2000,1.945189e+14,D,C,0.99517927,0.05451231,0.99370100,0.05422266
1541.2500,1.945125e+14,D,C,0.99522894,0.05359913,0.99379970,0.05331787
1541.3000,1.945062e+14,D,C,0.99527727,0.05269532,0.99389575,0.05242219
1541.3500,1.944999e+14,D,C,0.99532431,0.05180063,0.99398923,0.05153537
1541.4000,1.944936e+14,D,C,0.99537008,0.05091481,0.99408021,0.05065718
1541.4500,1.944873e+14,D,C,0.99541464,0.05003762,0.99416876,0.04978739
1541.5000,1.944810e+14,D,C,0.99545800,0.04916883,0.99425495,0.04892579
1541.5500,1.944747e+14,D,C,0.99550021,0.04830823,0.99433885,0.04807215
1541.6000,1.944684e+14,D,C,0.99554130,0.04745560,0.99442051,0.04722628
1541.6500,1.944621e+14,D,C,0.99558128,0.04661071,0.99450000,0.04638795
1541.7000,1.944558e+14,D,C,0.99562021,0.04577338,0.99457738,0.04555699
1541.7500,1.944495e+14,D,C,0.99565809,0.04494339,0.99465269,0.04473319
1541.8000,1.944432e+14,D,C,0.99569497,0.04412055,0.99472600,0.04391636
1541.8500,1.944369e+14,D,C,0.99573086,0.04330468,0.99479736,0.04310633
1541.9000,1.944305e+14,D,C,0.99576579,0.04249558,0.99486681,0.04230291
1541.9500,1.944242e+14,D,C,0.99579979,0.04169308,0.99493441,0.04150593
1542.0000,1.944179e+14,D,C,0.99583287,0.04089700,0.99500019,0.04071522
1542.0500,1.944116e+14,D,C,0.99586507,0.04010716,0.99506421,0.03993061
1542.1000,1.944053e+14,D,C,0.99589640,0.03932341,0.99512650,0.03915195
1542.1500,1.943990e+14,D,C,0.99592687,0.03854558,0.99518711,0.03837907
1542.2000,1.943927e+14,D,C,0.99595653,0.03777350,0.99524608,0.03761182
1542.2500,1.943864e+14,D,C,0.99598537,0.03700703,0.99530344,0.03685004
1542.3000,1.943801e+14,D,C,0.99601342,0.03624600,0.99535923,0.03609360
1542.3500,1.943738e+14,D,C,0.99604071,0.03549028,0.99541348,0.03534234
1542.4000,1.943675e+14,D,C,0.99606723,0.03473971,0.99546624,0.03459613
1542.4500,1.943612e+14,D,C,0.99609302,0.03399416,0.99551753,0.03385482
1542.5000,1.943549e+14,D,C,0.99611809,0.03325348,0.99556739,0.03311829
1542.5500,1.943486e+14,D,C,0.99614245,0.03251754,0.99561584,0.03238639
1542.6000,1.943423e+14,D,C,0.99616611,0.03178621,0.99566291,0.03165901
1542.6500,1.943360e+14,D,C,0.99618910,0.03105935,0.99570864,0.03093601
1542.7000,1.943297e+14,D,C,0.99621143,0.03033683,0.99575304,0.03021726
1542.7500,1.943234e+14,D,C,0.99623310,0.02961854,0.99579616,0.02950265
1542.8000,1.943171e+14,D,C,0.99625413,0.02890434,0.99583800,0.02879206
1542.8500,1.943108e+14,D,C,0.99627454,0.02819413,0.99587860,0.02808537
1542.9000,1.943045e+14,D,C,0.99629434,0.02748777,0.99591797,0.02738246
1542.9500,1.942982e+14,D,C,0.99631353,0.02678516,0.99595615,0.02668323
1543.0000,1.942919e+14,D,C,0.99633213,0.02608618,0.99599315,0.02598755
1543.0500,1.942856e+14,D,C,0.99635015,0.02539072,0.99602900,0.02529533
1543.1000,1.942793e+14,D,C,0.99636759,0.02469866,0.99606370,0.02460645
1543.1500,1.942731e+14,D,C,0.99638448,0.02400991,0.99609730,0.02392080
1543.2000,1.942668e+14,D,C,0.99640081,0.02332435,0.99612979,0.02323830
1543.2500,1.942605e+14,D,C,0.99641660,0.02264189,0.99616120,0.02255882
1543.3000,1.942542e+14,D,C,0.99643185,0.02196241,0.99619155,0.02188228
1543.3500,1.942479e+14,D,C,0.99644658,0.02128582,0.99622085,0.02120858
1543.4000,1.942416e+14,D,C,0.99646079,0.02061201,0.99624912,0.02053761
1543.4500,1.942353e+14,D,C,0.99647449,0.01994090,0.99627637,0.01986928
1543.5000,1.942290e+14,D,C,0.99648768,0.01927238,0.99630263,0.01920350
1543.5500,1.942227e+14,D,C,0.99650038,0.01860635,0.99632789,0.01854017
1543.6000,1.942164e+14,D,C,0.99651258,0.01794274,0.99635218,0.01787920
1543.6500,1.942101e+14,D,C,0.99652431,0.01728143,0.99637551,0.01722051
1543.7000,1.942038e+14,D,C,0.99653556,0.01662234,0.99639789,0.01656399
1543.7500,1.941975e+14,D,C,0.99654633,0.01596539,0.99641933,0.01590957
1543.8000,1.941913e+14,D,C,0.99655664,0.01531047,0.99643984,0.01525716
1543.8500,1.941850e+14,D,C,0.99656649,0.01465751,0.99645944,0.01460666
1543.9000,1.941787e+14,D,C,0.99657588,0.01400641,0.99647813,0.01395800
1543.9500,1.941724e+14,D,C,0.99658483,0.01335710,0.99649593,0.01331108
1544.0000,1.941661e+14,D,C,0.99659332,0.01270947,0.99651283,0.01266584
1544.0500,1.941598e+14,D,C,0.99660138,0.01206346,0.99652886,0.01202217
1544.1000,1.941535e+14,D,C,0.99660900,0.01141898,0.99654402,0.01138001
1544.1500,1.941472e+14,D,C,0.99661618,0.01077594,0.99655832,0.01073927
1544.2000,1.941410e+14,D,C,0.99662293,0.01013426,0.99657175,0.01009986
1544.2500,1.941347e+14,D,C,0.99662926,0.00949386,0.99658434,0.00946172
1544.3000,1.941284e+14,D,C,0.99663516,0.00885467,0.99659609,0.00882476
1544.3500,1.941221e+14,D,C,0.99664065,0.00821659,0.99660700,0.00818889
1544.4000,1.941158e+14,D,C,0.99664571,0.00757955,0.99661708,0.00755406
1544.4500,1.941095e+14,D,C,0.99665036,0.00694348,0.99662633,0.00692016
1544.5000,1.941032e+14,D,C,0.99665460,0.00630828,0.99663477,0.00628714
1544.5500,1.940970e+14,D,C,0.99665842,0.00567390,0.99664238,0.00565491
1544.6000,1.940907e+14,D,C,0.99666184,0.00504023,0.99664918,0.00502339
1544.6500,1.940844e+14,D,C,0.99666485,0.00440722,0.99665517,0.00439251
1544.7000,1.940781e+14,D,C,0.99666745,0.00377478,0.99666035,0.00376220
1544.7500,1.940718e+14,D,C,0.99666965,0.00314284,0.99666473,0.00313237
1544.8000,1.940655e+14,D,C,0.99667145,0.00251132,0.99666831,0.00250296
1544.8500,1.940593e+14,D,C,0.99667285,0.00188014,0.99667109,0.00187388
1544.9000,1.940530e+14,D,C,0.99667384,0.00124922,0.99667306,0.00124507
1544.9500,1.940467e+14,D,C,0.99667443,0.00061850,0.99667424,0.00061644
1545.0000,1.940404e+14,D,C,0.99667463,-0.00001211,0.99667463,-0.00001207
1545.0500,1.940341e+14,D,C,0.99667442,-0.00064267,0.99667421,-0.00064054
1545.1000,1.940279e+14,D,C,0.99667381,-0.00127328,0.99667300,-0.00126904
1545.1500,1.940216e+14,D,C,0.99667280,-0.00190399,0.99667100,-0.00189766
1545.2000,1.940153e+14,D,C,0.99667139,-0.00253490,0.99666819,-0.00252646
1545.2500,1.940090e+14,D,C,0.99666958,-0.00316607,0.99666459,-0.00315552
1545.3000,1.940028e+14,D,C,0.99666737,-0.00379758,0.99666018,-0.00378491
1545.3500,1.939965e+14,D,C,0.99666475,-0.00442950,0.99665497,-0.00441471
1545.4000,1.939902e+14,D,C,0.99666173,-0.00506192,0.99664896,-0.00504500
1545.4500,1.939839e+14,D,C,0.99665830,-0.00569490,0.99664214,-0.00567584
1545.5000,1.939776e+14,D,C,0.99665447,-0.00632854,0.99663451,-0.00630732
1545.5500,1.939714e+14,D,C,0.99665022,-0.00696289,0.99662606,-0.00693951
1545.6000,1.939651e+14,D,C,0.99664557,-0.00759805,0.99661680,-0.00757249
1545.6500,1.939588e+14,D,C,0.99664050,-0.00823408,0.99660671,-0.00820632
1545.7000,1.939526e+14,D,C,0.99663502,-0.00887107,0.99659580,-0.00884110
1545.7500,1.939463e+14,D,C,0.99662911,-0.00950910,0.99658405,-0.00947690
1545.8000,1.939400e+14,D,C,0.99662279,-0.01014824,0.99657147,-0.01011379
1545.8500,1.939337e+14,D,C,0.99661604,-0.01078857,0.99655804,-0.01075186
1545.9000,1.939275e+14,D,C,0.99660887,-0.01143018,0.99654376,-0.01139117
1545.9500,1.939212e+14,D,C,0.99660126,-0.01207315,0.99652863,-0.01203182
1546.0000,1.939149e+14,D,C,0.99659322,-0.01271755,0.99651263,-0.01267389
1546.0500,1.939086e+14,D,C,0.99658474,-0.01336348,0.99649576,-0.01331744
1546.1000,1.939024e+14,D,C,0.99657582,-0.01401100,0.99647800,-0.01396257
1546.1500,1.938961e+14,D,C,0.99656645,-0.01466021,0.99645936,-0.01460935
1546.2000,1.938898e+14,D,C,0.99655663,-0.01531120,0.99643982,-0.01525788
1546.2500,1.938836e+14,D,C,0.99654635,-0.01596404,0.99641937,-0.01590823
1546.3000,1.938773e+14,D,C,0.99653561,-0.01661882,0.99639800,-0.01656049
1546.3500,1.938710e+14,D,C,0.99652441,-0.01727564,0.99637571,-0.01721474
1546.4000,1.938648e+14,D,C,0.99651273,-0.01793457,0.99635247,-0.01787107
1546.4500,1.938585e+14,D,C,0.99650058,-0.01859571,0.99632829,-0.01852957
1546.5000,1.938522e+14,D,C,0.99648794,-0.01925915,0.99630314,-0.01919033
1546.5500,1.938460e+14,D,C,0.99647480,-0.01992499,0.99627701,-0.01985343
1546.6000,1.938397e+14,D,C,0.99646118,-0.02059330,0.99624989,-0.02051898
1546.6500,1.938334e+14,D,C,0.99644704,-0.02126420,0.99622177,-0.02118705
1546.7000,1.938272e+14,D,C,0.99643240,-0.02193777,0.99619263,-0.02185775
1546.7500,1.938209e+14,D,C,0.99641723,-0.02261411,0.99616246,-0.02253116
1546.8000,1.938146e+14,D,C,0.99640154,-0.02329332,0.99613124,-0.02320740
1546.8500,1.938084e+14,D,C,0.99638531,-0.02397549,0.99609895,-0.02388654
1546.9000,1.938021e+14,D,C,0.99636853,-0.02466074,0.99606558,-0.02456870
1546.9500,1.937958e+14,D,C,0.99635121,-0.02534917,0.99603111,-0.02525397
1547.0000,1.937896e+14,D,C,0.99633332,-0.02604087,0.99599552,-0.02594246
1547.0500,1.937833e+14,D,C,0.99631485,-0.02673596,0.99595879,-0.02663426
1547.1000,1.937770e+14,D,C,0.99629581,-0.02743454,0.99592090,-0.02732949
1547.1500,1.937708e+14,D,C,0.99627617,-0.02813673,0.99588183,-0.02802826
1547.2000,1.937645e+14,D,C,0.99625593,-0.02884264,0.99584157,-0.02873066
1547.2500,1.937583e+14,D,C,0.99623507,-0.02955237,0.99580007,-0.02943683
1547.3000,1.937520e+14,D,C,0.99621358,-0.03026606,0.99575734,-0.03014686
1547.3500,1.937457e+14,D,C,0.99619146,-0.03098381,0.99571333,-0.03086087
1547.4000,1.937395e+14,D,C,0.99616868,-0.03170575,0.99566802,-0.03157899
1547.4500,1.937332e+14,D,C,0.99614524,-0.03243200,0.99562140,-0.03230132
1547.5000,1.937270e+14,D,C,0.99612112,-0.03316269,0.99557342,-0.03302801
1547.5500,1.937207e+14,D,C,0.99609631,-0.03389795,0.99552407,-0.03375916
1547.6000,1.937144e+14,D,C,0.99607079,-0.03463790,0.99547331,-0.03449491
1547.6500,1.937082e+14,D,C,0.99604454,-0.03538269,0.99542112,-0.03523538
1547.7000,1.937019e+14,D,C,0.99601756,-0.03613245,0.99536745,-0.03598072
1547.7500,1.936957e+14,D,C,0.99598982,-0.03688731,0.99531229,-0.03673106
1547.8000,1.936894e+14,D,C,0.99596131,-0.03764743,0.99525559,-0.03748652
1547.8500,1.936831e+14,D,C,0.99593201,-0.03841294,0.99519733,-0.03824727
1547.9000,1.936769e+14,D,C,0.99590190,-0.03918401,0.99513745,-0.03901344
1547.9500,1.936706e+14,D,C,0.99587097,-0.03996077,0.99507594,-0.03978518
1548.0000,1.936644e+14,D,C,0.99583918,-0.04074339,0.99501274,-0.04056264
1548.0500,1.936581e+14,D,C,0.99580653,-0.04153204,0.99494782,-0.04134598
1548.1000,1.936519e+14,D,C,0.99577299,-0.04232686,0.99488113,-0.04213536
1548.1500,1.936456e+14,D,C,0.99573854,-0.04312804,0.99481264,-0.04293094
1548.2000,1.936394e+14,D,C,0.99570316,-0.04393574,0.99474228,-0.04373288
1548.2500,1.936331e+14,D,C,0.99566682,-0.04475014,0.99467003,-0.04454136
1548.3000,1.936269e+14,D,C,0.99562949,-0.04557143,0.99459583,-0.04535656
1548.3500,1.936206e+14,D,C,0.99559116,-0.04639979,0.99451962,-0.04617864
1548.4000,1.936143e+14,D,C,0.99555179,-0.04723540,0.99444136,-0.04700780
1548.4500,1.936081e+14,D,C,0.99551136,-0.04807848,0.99436099,-0.04784423
1548.5000,1.936018e+14,D,C,0.99546983,-0.04892921,0.99427846,-0.04868812
1548.5500,1.935956e+14,D,C,0.99542719,-0.04978780,0.99419370,-0.04953966
1548.6000,1.935893e+14,D,C,0.99538339,-0.05065448,0.99410665,-0.05039907
1548.6500,1.935831e+14,D,C,0.99533840,-0.05152945,0.99401724,-0.05126655
1548.7000,1.935768e+14,D,C,0.99529220,-0.05241294,0.99392542,-0.05214231
1548.7500,1.935706e+14,D,C,0.99524475,-0.05330519,0.99383111,-0.05302659
1548.8000,1.935643e+14,D,C,0.99519600,-0.05420642,0.99373425,-0.05391960
1548.8500,1.935581e+14,D,C,0.99514592,-0.05511689,0.99363474,-0.05482158
1548.9000,1.935518e+14,D,C,0.99509448,-0.05603685,0.99353252,-0.05573278
1548.9500,1.935456e+14,D,C,0.99504162,-0.05696655,0.99342751,-0.05665344
1549.0000,1.935394e+14,D,C,0.99498732,-0.05790627,0.99331962,-0.05758381
1549.0500,1.935331e+14,D,C,0.99493152,-0.05885627,0.99320876,-0.05852416
1549.1000,1.935269e+14,D,C,0.99487417,-0.05981685,0.99309485,-0.05947475
1549.1500,1.935206e+14,D,C,0.99481523,-0.06078829,0.99297777,-0.06043588
1549.2000,1.935144e+14,D,C,0.99475466,-0.06177089,0.99285744,-0.06140782
1549.2500,1.935081e+14,D,C,0.99469238,-0.06276498,0.99273376,-0.06239086
1549.3000,1.935019e+14,D,C,0.99462836,-0.06377087,0.99260660,-0.06338533
1549.3500,1.934956e+14,D,C,0.99456253,-0.06478888,0.99247587,-0.06439152
1549.4000,1.934894e+14,D,C,0.99449483,-0.06581937,0.99234144,-0.06540977
1549.4500,1.934831e+14,D,C,0.99442520,-0.06686269,0.99220318,-0.06644041
1549.5000,1.934769e+14,D,C,0.99435358,-0.06791920,0.99206098,-0.06748378
1549.5500,1.934707e+14,D,C,0.99427989,-0.06898928,0.99191468,-0.06854025
1549.6000,1.934644e+14,D,C,0.99420408,-0.07007332,0.99176417,-0.06961018
1549.6500,1.934582e+14,D,C,0.99412605,-0.07117174,0.99160928,-0.07069396
1549.7000,1.934519e+14,D,C,0.99404573,-0.07228493,0.99144986,-0.07179197
1549.7500,1.934457e+14,D,C,0.99396305,-0.07341335,0.99128576,-0.07290463
1549.8000,1.934394e+14,D,C,0.99387792,-0.07455744,0.99111680,-0.07403236
1549.8500,1.934332e+14,D,C,0.99379024,-0.07571766,0.99094282,-0.07517559
1549.9000,1.934270e+14,D,C,0.99369992,-0.07689449,0.99076361,-0.07633477
1549.9500,1.934207e+14,D,C,0.99360687,-0.07808844,0.99057900,-0.07751038
1550.0000,1.934145e+14,D,C,0.99351099,-0.07930003,0.99038878,-0.07870290
1550.0500,1.934083e+14,D,C,0.99341216,-0.08052978,0.99019274,-0.07991283
1550.1000,1.934020e+14,D,C,0.99331027,-0.08177827,0.98999065,-0.08114068
1550.1500,1.933958e+14,D,C,0.99320521,-0.08304606,0.98978228,-0.08238701
1550.2000,1.933895e+14,D,C,0.99309684,-0.08433377,0.98956739,-0.08365236
1550.2500,1.933833e+14,D,C,0.99298504,-0.08564201,0.98934572,-0.08493732
1550.3000,1.933771e+14,D,C,0.99286968,-0.08697145,0.98911700,-0.08624249
1550.3500,1.933708e+14,D,C,0.99275060,-0.08832274,0.98888094,-0.08756850
1550.4000,1.933646e+14,D,C,0.99262765,-0.08969661,0.98863724,-0.08891599
1550.4500,1.933584e+14,D,C,0.99250068,-0.09109378,0.98838560,-0.09028565
1550.5000,1.933521e+14,D,C,0.99236951,-0.09251501,0.98812568,-0.09167816
1550.5500,1.933459e+14,D,C,0.99223397,-0.09396110,0.98785713,-0.09309427
1550.6000,1.933396e+14,D,C,0.99209387,-0.09543288,0.98757958,-0.09453473
1550.6500,1.933334e+14,D,C,0.99194901,-0.09693121,0.98729265,-0.09600033
1550.7000,1.933272e+14,D,C,0.99179919,-0.09845700,0.98699593,-0.09749188
1550.7500,1.933209e+14,D,C,0.99164418,-0.10001118,0.98668898,-0.09901026
1550.8000,1.933147e+14,D,C,0.99148375,-0.10159475,0.98637135,-0.10055635
1550.8500,1.933085e+14,D,C,0.99131765,-0.10320871,0.98604256,-0.10213108
1550.9000,1.933022e+14,D,C,0.99114563,-0.10485416,0.98570210,-0.10373541
1550.9500,1.932960e+14,D,C,0.99096741,-0.10653220,0.98534943,-0.10537037
1551.0000,1.932898e+14,D,C,0.99078270,-0.10824403,0.98498398,-0.10703700
1551.0500,1.932836e+14,D,C,0.99059118,-0.10999086,0.98460514,-0.10873641
1551.1000,1.932773e+14,D,C,0.99039254,-0.11177398,0.98421228,-0.11046975
1551.1500,1.932711e+14,D,C,0.99018642,-0.11359474,0.98380472,-0.11223823
1551.2000,1.932649e+14,D,C,0.98997246,-0.11545457,0.98338174,-0.11404309
1551.2500,1.932586e+14,D,C,0.98975026,-0.11735494,0.98294256,-0.11588566
1551.3000,1.932524e+14,D,C,0.98951940,-0.11929742,0.98248639,-0.11776731
1551.3500,1.932462e+14,D,C,0.98927944,-0.12128365,0.98201234,-0.11968948
1551.4000,1.932399e+14,D,C,0.98902991,-0.12331534,0.98151951,-0.12165368
1551.4500,1.932337e+14,D,C,0.98877030,-0.12539431,0.98100690,-0.12366150
1551.5000,1.932275e+14,D,C,0.98850008,-0.12752246,0.98047349,-0.12571459
1551.5500,1.932213e+14,D,C,0.98821867,-0.12970181,0.97991814,-0.12781469
1551.6000,1.932150e+14,D,C,0.98792546,-0.13193447,0.97933966,-0.12996362
1551.6500,1.932088e+14,D,C,0.98761979,-0.13422268,0.97873680,-0.13216330
1551.7000,1.932026e+14,D,C,0.98730097,-0.13656878,0.97810818,-0.13441575
1551.7500,1.931964e+14,D,C,0.98696823,-0.13897528,0.97745234,-0.13672307
1551.8000,1.931901e+14,D,C,0.98662077,-0.14144479,0.97676774,-0.13908750
1551.8500,1.931839e+14,D,C,0.98625773,-0.14398010,0.97605268,-0.14151137
1551.9000,1.931777e+14,D,C,0.98587818,-0.14658415,0.97530539,-0.14399715
1551.9500,1.931715e+14,D,C,0.98548111,-0.14926007,0.97452392,-0.14654742
1552.0000,1.931652e+14,D,C,0.98506546,-0.15201116,0.97370621,-0.14916493
1552.0500,1.931590e+14,D,C,0.98463006,-0.15484093,0.97285002,-0.15185254
1552.1000,1.931528e+14,D,C,0.98417366,-0.15775311,0.97195294,-0.15461331
1552.1500,1.931466e+14,D,C,0.98369491,-0.16075166,0.97101238,-0.15745043
1552.2000,1.931404e+14,D,C,0.98319236,-0.16384080,0.97002554,-0.16036729
1552.2500,1.931341e+14,D,C,0.98266441,-0.16702501,0.96898937,-0.16336746
1552.3000,1.931279e+14,D,C,0.98210935,-0.17030907,0.96790062,-0.16645473
1552.3500,1.931217e+14,D,C,0.98152533,-0.17369811,0.96675571,-0.16963308
1552.4000,1.931155e+14,D,C,0.98091033,-0.17719756,0.96555079,-0.17290674
1552.4500,1.931093e+14,D,C,0.98026214,-0.18081325,0.96428169,-0.17628018
1552.5000,1.931030e+14,D,C,0.97957838,-0.18455144,0.96294383,-0.17975813
1552.5500,1.930968e+14,D,C,0.97885643,-0.18841880,0.96153227,-0.18334560
1552.6000,1.930906e+14,D,C,0.97809344,-0.19242251,0.96004159,-0.18704791
1552.6500,1.930844e+14,D,C,0.97728628,-0.19657028,0.95846589,-0.19087067
1552.7000,1.930782e+14,D,C,0.97643153,-0.20087037,0.95679870,-0.19481984
1552.7500,1.930719e+14,D,C,0.97552544,-0.20533172,0.95503297,-0.19890176
1552.8000,1.930657e+14,D,C,0.97456387,-0.20996393,0.95316092,-0.20312311
1552.8500,1.930595e+14,D,C,0.97354229,-0.21477738,0.95117405,-0.20749100
1552.9000,1.930533e+14,D,C,0.97245567,-0.21978328,0.94906298,-0.21201296
1552.9500,1.930471e+14,D,C,0.97129847,-0.22499377,0.94681738,-0.21669697
1553.0000,1.930409e+14,D,C,0.97006455,-0.23042200,0.94442585,-0.22155148
1553.0500,1.930346e+14,D,C,0.96874711,-0.23608225,0.94187579,-0.22658545
1553.1000,1.930284e+14,D,C,0.96733858,-0.24199005,0.93915325,-0.23180834
1553.1500,1.930222e+14,D,C,0.96583053,-0.24816229,0.93624274,-0.23723016
1553.2000,1.930160e+14,D,C,0.96421356,-0.25461741,0.93312705,-0.24286146
1553.2500,1.930098e+14,D,C,0.96247714,-0.26137555,0.92978702,-0.24871335
1553.3000,1.930036e+14,D,C,0.96060947,-0.26845873,0.92620126,-0.25479752
1553.3500,1.929974e+14,D,C,0.95859732,-0.27589110,0.92234589,-0.26112617
1553.4000,1.929912e+14,D,C,0.95642574,-0.28369920,0.91819412,-0.26771206
1553.4500,1.929849e+14,D,C,0.95407788,-0.29191219,0.91371593,-0.27456839
1553.5000,1.929787e+14,D,C,0.95153467,-0.30056225,0.90887754,-0.28170878
1553.5500,1.929725e+14,D,C,0.94877444,-0.30968489,0.90364091,-0.28914710
1553.6000,1.929663e+14,D,C,0.94577256,-0.31931941,0.89796309,-0.29689735
1553.6500,1.929601e+14,D,C,0.94250091,-0.32950941,0.89179549,-0.30497338
1553.7000,1.929539e+14,D,C,0.93892729,-0.34030331,0.88508307,-0.31338860
1553.7500,1.929477e+14,D,C,0.93501477,-0.35175502,0.87776332,-0.32215550
1553.8000,1.929415e+14,D,C,0.93072084,-0.36392467,0.86976519,-0.33128506
1553.8500,1.929353e+14,D,C,0.92599640,-0.37687952,0.86100772,-0.34078593
1553.9000,1.929291e+14,D,C,0.92078463,-0.39069487,0.85139859,-0.35066335
1553.9500,1.929228e+14,D,C,0.91501951,-0.40545525,0.84083240,-0.36091768
1554.0000,1.929166e+14,D,C,0.90862414,-0.42125570,0.82918876,-0.37154250
1554.0500,1.929104e+14,D,C,0.90150870,-0.43820326,0.81633011,-0.38252202
1554.1000,1.929042e+14,D,C,0.89356797,-0.45641865,0.80209939,-0.39382774
1554.1500,1.928980e+14,D,C,0.88467837,-0.47603821,0.78631756,-0.40541401
1554.2000,1.928918e+14,D,C,0.87469447,-0.49721599,0.76878112,-0.41721219
1554.2500,1.928856e+14,D,C,0.86344478,-0.52012613,0.74925982,-0.42912307
1554.3000,1.928794e+14,D,C,0.85072683,-0.54496532,0.72749503,-0.44100695
1554.3500,1.928732e+14,D,C,0.83630155,-0.57195537,0.70319930,-0.45267100
1554.4000,1.928670e+14,D,C,0.81988679,-0.60134568,0.67605818,-0.46385308
1554.4500,1.928608e+14,D,C,0.80115034,-0.63341521,0.64573579,-0.47420161
1554.5000,1.928546e+14,D,C,0.77970279,-0.66847365,0.61188626,-0.48325112
1554.5500,1.928484e+14,D,C,0.75509098,-0.70686078,0.57417449,-0.49039376
1554.6000,1.928422e+14,D,C,0.72679353,-0.74894301,0.53231008,-0.49484827
1554.6500,1.928360e+14,D,C,0.69422077,-0.79510530,0.48610004,-0.49563013
1554.7000,1.928298e+14,D,C,0.65672266,-0.84573597,0.43552574,-0.49153024
1554.7500,1.928236e+14,D,C,0.61360975,-0.90120115,0.38084832,-0.48111484
1554.8000,1.928174e+14,D,C,0.56419378,-0.96180427,0.32274198,-0.46276586
1554.8500,1.928112e+14,D,C,0.50785448,-1.02772444,0.26244312,-0.43478705
1554.9000,1.928050e+14,D,C,0.44413740,-1.09892348,0.20188499,-0.39560141
1554.9500,1.927988e+14,D,C,0.37288052,-1.17499612,0.14376283,-0.34405251
1555.0000,1.927926e+14,D,C,0.29435471,-1.25487397,0.09145404,-0.27978715
1555.0500,1.927864e+14,D,C,0.20938681,-1.33595099,0.04872276,-0.20363921
1555.1000,1.927802e+14,D,C,0.11942684,-1.40940016,0.01919146,-0.11787475
1555.1500,1.927740e+14,D,C,0.02675006,-1.35734428,0.00566659,-0.02614298
1555.2000,1.927678e+14,D,C,0.06762262,1.42958333,0.00951749,0.06694951
1555.2500,1.927616e+14,D,C,0.15948129,1.37935885,0.03034455,0.15656785
1555.3000,1.927554e+14,D,C,0.24744108,1.30046912,0.06607834,0.23845490
1555.3500,1.927492e+14,D,C,0.32968638,1.21944835,0.11346610,0.30954572
1555.4000,1.927430e+14,D,C,0.40504860,1.14108658,0.16874606,0.36822430
1555.4500,1.927368e+14,D,C,0.47296085,1.06711647,0.22827534,0.41422498
1555.5000,1.927306e+14,D,C,0.53336201,0.99825782,0.28895819,0.44830592
1555.5500,1.927244e+14,D,C,0.58656115,0.93472858,0.34843890,0.47185200
1555.6000,1.927182e+14,D,C,0.63310031,0.87645607,0.40510733,0.48652241
1555.6500,1.927120e+14,D,C,0.67363990,0.82319653,0.45799470,0.49399552
1555.7000,1.927058e+14,D,C,0.70887496,0.77461246,0.50662737,0.49581490
1555.7500,1.926996e+14,D,C,0.73948079,0.73032389,0.55088240,0.49331573
1555.8000,1.926934e+14,D,C,0.76608200,0.68994160,0.59086617,0.48760517
1555.8500,1.926873e+14,D,C,0.78923810,0.65308759,0.62682192,0.47957382
1555.9000,1.926811e+14,D,C,0.80943961,0.61940670,0.65906438,0.46992193
1555.9500,1.926749e+14,D,C,0.82711051,0.58857239,0.68793602,0.45919041
1556.0000,1.926687e+14,D,C,0.84261382,0.56028878,0.71377958,0.44779097
1556.0500,1.926625e+14,D,C,0.85625851,0.53429035,0.73692196,0.43603288
1556.1000,1.926563e+14,D,C,0.86830673,0.51034031,0.75766563,0.42414546
1556.1500,1.926501e+14,D,C,0.87898049,0.48822842,0.77628500,0.41229637
1556.2000,1.926439e+14,D,C,0.88846780,0.46776839,0.79302568,0.40060616
1556.2500,1.926377e+14,D,C,0.89692801,0.44879537,0.80810561,0.38915959
1556.3000,1.926315e+14,D,C,0.90449637,0.43116351,0.82171696,0.37801446
1556.3500,1.926253e+14,D,C,0.91128790,0.41474370,0.83402857,0.36720836
1556.4000,1.926192e+14,D,C,0.91740065,0.39942156,0.84518847,0.35676381
1556.4500,1.926130e+14,D,C,0.92291845,0.38509562,0.85532622,0.34669225
1556.5000,1.926068e+14,D,C,0.92791312,0.37167572,0.86455528,0.33699693
1556.5500,1.926006e+14,D,C,0.93244643,0.35908159,0.87297496,0.32767524
1556.6000,1.925944e+14,D,C,0.93657163,0.34724168,0.88067231,0.31872039
1556.6500,1.925882e+14,D,C,0.94033476,0.33609202,0.88772371,0.31012267
1556.7000,1.925820e+14,D,C,0.94377576,0.32557536,0.89419625,0.30187043
1556.7500,1.925759e+14,D,C,0.94692938,0.31564033,0.90014898,0.29395077
1556.8000,1.925697e+14,D,C,0.94982594,0.30624075,0.90563398,0.28635013
1556.8500,1.925635e+14,D,C,0.95249195,0.29733501,0.91069723,0.27905461
1556.9000,1.925573e+14,D,C,0.95495070,0.28888555,0.91537941,0.27205030
1556.9500,1.925511e+14,D,C,0.95722265,0.28085841,0.91971662,0.26532347
1557.0000,1.925449e+14,D,C,0.95932587,0.27322279,0.92374090,0.25886073
1557.0500,1.925387e+14,D,C,0.96127634,0.26595075,0.92748080,0.25264910
1557.1000,1.925326e+14,D,C,0.96308823,0.25901686,0.93096178,0.24667611
1557.1500,1.925264e+14,D,C,0.96477411,0.25239794,0.93420657,0.24092980
1557.2000,1.925202e+14,D,C,0.96634521,0.24607284,0.93723556,0.23539878
1557.2500,1.925140e+14,D,C,0.96781155,0.24002220,0.94006701,0.23007222
1557.3000,1.925078e+14,D,C,0.96918209,0.23422830,0.94271735,0.22493982
1557.3500,1.925017e+14,D,C,0.97046486,0.22867486,0.94520137,0.21999185
1557.4000,1.924955e+14,D,C,0.97166710,0.22334695,0.94753242,0.21521909
1557.4500,1.924893e+14,D,C,0.97279530,0.21823079,0.94972256,0.21061283
1557.5000,1.924831e+14,D,C,0.97385534,0.21331371,0.95178269,0.20616485
1557.5500,1.924769e+14,D,C,0.97485254,0.20858399,0.95372272,0.20186738
1557.6000,1.924708e+14,D,C,0.97579168,0.20403079,0.95555164,0.19771311
1557.6500,1.924646e+14,D,C,0.97667714,0.19964410,0.95727762,0.19369512
1557.7000,1.924584e+14,D,C,0.97751288,0.19541463,0.95890811,0.18980689
1557.7500,1.924522e+14,D,C,0.97830250,0.19133374,0.96044992,0.18604228
1557.8000,1.924461e+14,D,C,0.97904929,0.18739342,0.96190924,0.18239550
1557.8500,1.924399e+14,D,C,0.97975626,0.18358621,0.96329178,0.17886106
1557.9000,1.924337e+14,D,C,0.98042616,0.17990516,0.96460273,0.17543380
1557.9500,1.924275e+14,D,C,0.98106149,0.17634379,0.96584688,0.17210884
1558.0000,1.924213e+14,D,C,0.98166458,0.17289604,0.96702862,0.16888158
1558.0500,1.924152e+14,D,C,0.98223753,0.16955626,0.96815199,0.16574766
1558.1000,1.924090e+14,D,C,0.98278231,0.16631916,0.96922072,0.16270298
1558.1500,1.924028e+14,D,C,0.98330069,0.16317976,0.97023823,0.15974363
1558.2000,1.923966e+14,D,C,0.98379435,0.16013344,0.97120770,0.15686595
1558.2500,1.923905e+14,D,C,0.98426481,0.15717581,0.97213206,0.15406644
1558.3000,1.923843e+14,D,C,0.98471348,0.15430279,0.97301402,0.15134181
1558.3500,1.923781e+14,D,C,0.98514166,0.15151052,0.97385610,0.14868893
1558.4000,1.923720e+14,D,C,0.98555058,0.14879536,0.97466062,0.14610483
1558.4500,1.923658e+14,D,C,0.98594135,0.14615391,0.97542976,0.14358672
1558.5000,1.923596e+14,D,C,0.98631502,0.14358294,0.97616551,0.14113192
1558.5500,1.923534e+14,D,C,0.98667256,0.14107942,0.97686976,0.13873789
1558.6000,1.923473e+14,D,C,0.98701487,0.13864047,0.97754426,0.13640225
1558.6500,1.923411e+14,D,C,0.98734278,0.13626337,0.97819061,0.13412270
1558.7000,1.923349e+14,D,C,0.98765709,0.13394558,0.97881034,0.13189707
1558.7500,1.923288e+14,D,C,0.98795852,0.13168465,0.97940487,0.12972329
1558.8000,1.923226e+14,D,C,0.98824775,0.12947829,0.97997552,0.12759940
1558.8500,1.923164e+14,D,C,0.98852543,0.12732431,0.98052352,0.12552353
1558.9000,1.923103e+14,D,C,0.98879215,0.12522066,0.98105004,0.12349388
1558.9500,1.923041e+14,D,C,0.98904847,0.12316537,0.98155616,0.12150877
1559.0000,1.922979e+14,D,C,0.98929491,0.12115658,0.98204290,0.11956657
1559.0500,1.922918e+14,D,C,0.98953196,0.11919251,0.98251121,0.11766573
1559.1000,1.922856e+14,D,C,0.98976009,0.11727148,0.98296200,0.11580477
1559.1500,1.922794e+14,D,C,0.98997973,0.11539190,0.98339610,0.11398229
