wavelength_nm,frequency_Hz,out_port,in_port,abs_S,phase_rad,real_S,imag_S
1551.0000,1.932898e+14,B,A,0.99515861,0.05488756,0.99365996,0.05459441
1551.0500,1.932836e+14,B,A,0.99520821,0.05398201,0.99375852,0.05369725
1551.1000,1.932773e+14,B,A,0.99525649,0.05308569,0.99385446,0.05280907
1551.1500,1.932711e+14,B,A,0.99530350,0.05219837,0.99394787,0.05192963
1551.2000,1.932649e+14,B,A,0.99534925,0.05131980,0.99403880,0.05105870
1551.2500,1.932586e+14,B,A,0.99539380,0.05044975,0.99412734,0.05019607
1551.3000,1.932524e+14,B,A,0.99543718,0.04958800,0.99421355,0.04934151
1551.3500,1.932462e+14,B,A,0.99547941,0.04873434,0.99429749,0.04849483
1551.4000,1.932399e+14,B,A,0.99552053,0.04788854,0.99437923,0.04765580
1551.4500,1.932337e+14,B,A,0.99556056,0.04705041,0.99445881,0.04682425
1551.5000,1.932275e+14,B,A,0.99559955,0.04621973,0.99453630,0.04599997
1551.5500,1.932213e+14,B,A,0.99563750,0.04539633,0.99461176,0.04518277
1551.6000,1.932150e+14,B,A,0.99567446,0.04458000,0.99468524,0.04437247
1551.6500,1.932088e+14,B,A,0.99571045,0.04377056,0.99475678,0.04356889
1551.7000,1.932026e+14,B,A,0.99574548,0.04296784,0.99482643,0.04277186
1551.7500,1.931964e+14,B,A,0.99577959,0.04217164,0.99489425,0.04198121
1551.8000,1.931901e+14,B,A,0.99581280,0.04138181,0.99496028,0.04119677
1551.8500,1.931839e+14,B,A,0.99584513,0.04059817,0.99502456,0.04041838
1551.9000,1.931777e+14,B,A,0.99587660,0.03982056,0.99508713,0.03964588
1551.9500,1.931715e+14,B,A,0.99590722,0.03904882,0.99514804,0.03887912
1552.0000,1.931652e+14,B,A,0.99593703,0.03828279,0.99520731,0.03811794
1552.0500,1.931590e+14,B,A,0.99596604,0.03752233,0.99526500,0.03736220
1552.1000,1.931528e+14,B,A,0.99599427,0.03676728,0.99532114,0.03661175
1552.1500,1.931466e+14,B,A,0.99602173,0.03601750,0.99537575,0.03586645
1552.2000,1.931404e+14,B,A,0.99604845,0.03527284,0.99542888,0.03512617
1552.2500,1.931341e+14,B,A,0.99607443,0.03453317,0.99548056,0.03439077
1552.3000,1.931279e+14,B,A,0.99609970,0.03379835,0.99553082,0.03366011
1552.3500,1.931217e+14,B,A,0.99612427,0.03306824,0.99557968,0.03293408
1552.4000,1.931155e+14,B,A,0.99614815,0.03234273,0.99562719,0.03221253
1552.4500,1.931093e+14,B,A,0.99617136,0.03162167,0.99567335,0.03149535
1552.5000,1.931030e+14,B,A,0.99619392,0.03090494,0.99571821,0.03078242
1552.5500,1.930968e+14,B,A,0.99621583,0.03019243,0.99576179,0.03007361
1552.6000,1.930906e+14,B,A,0.99623710,0.02948401,0.99580411,0.02936881
1552.6500,1.930844e+14,B,A,0.99625776,0.02877956,0.99584520,0.02866791
1552.7000,1.930782e+14,B,A,0.99627780,0.02807898,0.99588508,0.02797078
1552.7500,1.930719e+14,B,A,0.99629726,0.02738213,0.99592378,0.02727733
1552.8000,1.930657e+14,B,A,0.99631612,0.02668892,0.99596130,0.02658745
1552.8500,1.930595e+14,B,A,0.99633441,0.02599924,0.99599769,0.02590102
1552.9000,1.930533e+14,B,A,0.99635213,0.02531297,0.99603294,0.02521794
1552.9500,1.930471e+14,B,A,0.99636930,0.02463001,0.99606710,0.02453811
1553.0000,1.930409e+14,B,A,0.99638592,0.02395026,0.99610016,0.02386142
1553.0500,1.930346e+14,B,A,0.99640200,0.02327362,0.99613216,0.02318779
1553.1000,1.930284e+14,B,A,0.99641755,0.02259998,0.99616310,0.02251710
1553.1500,1.930222e+14,B,A,0.99643258,0.02192925,0.99619301,0.02184927
1553.2000,1.930160e+14,B,A,0.99644710,0.02126133,0.99622189,0.02118420
1553.2500,1.930098e+14,B,A,0.99646112,0.02059613,0.99624978,0.02052179
1553.3000,1.930036e+14,B,A,0.99647463,0.01993354,0.99627667,0.01986195
1553.3500,1.929974e+14,B,A,0.99648766,0.01927348,0.99630258,0.01920460
1553.4000,1.929912e+14,B,A,0.99650020,0.01861586,0.99632754,0.01854964
1553.4500,1.929849e+14,B,A,0.99651226,0.01796059,0.99635154,0.01789698
1553.5000,1.929787e+14,B,A,0.99652385,0.01730757,0.99637460,0.01724654
1553.5500,1.929725e+14,B,A,0.99653498,0.01665671,0.99639674,0.01659823
1553.6000,1.929663e+14,B,A,0.99654565,0.01600794,0.99641796,0.01595196
1553.6500,1.929601e+14,B,A,0.99655586,0.01536117,0.99643828,0.01530766
1553.7000,1.929539e+14,B,A,0.99656562,0.01471630,0.99645771,0.01466523
1553.7500,1.929477e+14,B,A,0.99657494,0.01407327,0.99647625,0.01402460
1553.8000,1.929415e+14,B,A,0.99658382,0.01343197,0.99649392,0.01338569
1553.8500,1.929353e+14,B,A,0.99659226,0.01279234,0.99651072,0.01274840
1553.9000,1.929291e+14,B,A,0.99660027,0.01215429,0.99652666,0.01211267
1553.9500,1.929228e+14,B,A,0.99660786,0.01151774,0.99654175,0.01147842
1554.0000,1.929166e+14,B,A,0.99661502,0.01088261,0.99655600,0.01084556
1554.0500,1.929104e+14,B,A,0.99662176,0.01024883,0.99656942,0.01021402
1554.1000,1.929042e+14,B,A,0.99662808,0.00961630,0.99658200,0.00958373
1554.1500,1.928980e+14,B,A,0.99663399,0.00898496,0.99659376,0.00895460
1554.2000,1.928918e+14,B,A,0.99663949,0.00835473,0.99660471,0.00832655
1554.2500,1.928856e+14,B,A,0.99664459,0.00772553,0.99661484,0.00769953
1554.3000,1.928794e+14,B,A,0.99664927,0.00709728,0.99662417,0.00707344
1554.3500,1.928732e+14,B,A,0.99665356,0.00646991,0.99663270,0.00644822
1554.4000,1.928670e+14,B,A,0.99665744,0.00584335,0.99664043,0.00582379
1554.4500,1.928608e+14,B,A,0.99666092,0.00521752,0.99664736,0.00520007
1554.5000,1.928546e+14,B,A,0.99666401,0.00459234,0.99665350,0.00457700
1554.5500,1.928484e+14,B,A,0.99666670,0.00396774,0.99665886,0.00395450
1554.6000,1.928422e+14,B,A,0.99666900,0.00334365,0.99666343,0.00333250
1554.6500,1.928360e+14,B,A,0.99667090,0.00271999,0.99666722,0.00271093
1554.7000,1.928298e+14,B,A,0.99667241,0.00209669,0.99667022,0.00208971
1554.7500,1.928236e+14,B,A,0.99667353,0.00147368,0.99667245,0.00146877
1554.8000,1.928174e+14,B,A,0.99667426,0.00085087,0.99667390,0.00084804
1554.8500,1.928112e+14,B,A,0.99667460,0.00022821,0.99667457,0.00022745
1554.9000,1.928050e+14,B,A,0.99667455,-0.00039438,0.99667447,-0.00039307
1554.9500,1.927988e+14,B,A,0.99667411,-0.00101698,0.99667359,-0.00101360
1555.0000,1.927926e+14,B,A,0.99667327,-0.00163966,0.99667193,-0.00163421
1555.0500,1.927864e+14,B,A,0.99667205,-0.00226249,0.99666950,-0.00225496
1555.1000,1.927802e+14,B,A,0.99667044,-0.00288555,0.99666629,-0.00287594
1555.1500,1.927740e+14,B,A,0.99666843,-0.00350891,0.99666229,-0.00349721
1555.2000,1.927678e+14,B,A,0.99666603,-0.00413263,0.99665752,-0.00411884
1555.2500,1.927616e+14,B,A,0.99666324,-0.00475680,0.99665196,-0.00474091
1555.3000,1.927554e+14,B,A,0.99666005,-0.00538149,0.99664562,-0.00536349
1555.3500,1.927492e+14,B,A,0.99665647,-0.00600678,0.99663849,-0.00598666
1555.4000,1.927430e+14,B,A,0.99665248,-0.00663272,0.99663056,-0.00661047
1555.4500,1.927368e+14,B,A,0.99664810,-0.00725941,0.99662184,-0.00723502
1555.5000,1.927306e+14,B,A,0.99664332,-0.00788692,0.99661232,-0.00786036
1555.5500,1.927244e+14,B,A,0.99663813,-0.00851531,0.99660200,-0.00848658
1555.6000,1.927182e+14,B,A,0.99663254,-0.00914468,0.99659086,-0.00911375
1555.6500,1.927120e+14,B,A,0.99662653,-0.00977508,0.99657892,-0.00974195
1555.7000,1.927058e+14,B,A,0.99662012,-0.01040660,0.99656615,-0.01037124
1555.7500,1.926996e+14,B,A,0.99661329,-0.01103932,0.99655256,-0.01100171
1555.8000,1.926934e+14,B,A,0.99660604,-0.01167331,0.99653814,-0.01163343
1555.8500,1.926873e+14,B,A,0.99659837,-0.01230866,0.99652288,-0.01226648
1555.9000,1.926811e+14,B,A,0.99659028,-0.01294543,0.99650677,-0.01290093
1555.9500,1.926749e+14,B,A,0.99658175,-0.01358371,0.99648981,-0.01353686
1556.0000,1.926687e+14,B,A,0.99657280,-0.01422359,0.99647199,-0.01417436
1556.0500,1.926625e+14,B,A,0.99656340,-0.01486513,0.99645330,-0.01481350
1556.1000,1.926563e+14,B,A,0.99655357,-0.01550843,0.99643373,-0.01545436
1556.1500,1.926501e+14,B,A,0.99654329,-0.01615356,0.99641327,-0.01609702
1556.2000,1.926439e+14,B,A,0.99653256,-0.01680061,0.99639192,-0.01674156
1556.2500,1.926377e+14,B,A,0.99652137,-0.01744966,0.99636966,-0.01738808
1556.3000,1.926315e+14,B,A,0.99650972,-0.01810080,0.99634647,-0.01803664
1556.3500,1.926253e+14,B,A,0.99649760,-0.01875412,0.99632236,-0.01868734
1556.4000,1.926192e+14,B,A,0.99648501,-0.01940970,0.99629731,-0.01934026
1556.4500,1.926130e+14,B,A,0.99647193,-0.02006763,0.99627130,-0.01999549
1556.5000,1.926068e+14,B,A,0.99645837,-0.02072800,0.99624432,-0.02065311
1556.5500,1.926006e+14,B,A,0.99644432,-0.02139090,0.99621636,-0.02131322
1556.6000,1.925944e+14,B,A,0.99642977,-0.02205643,0.99618740,-0.02197590
1556.6500,1.925882e+14,B,A,0.99641471,-0.02272467,0.99615744,-0.02264125
1556.7000,1.925820e+14,B,A,0.99639913,-0.02339573,0.99612645,-0.02330936
1556.7500,1.925759e+14,B,A,0.99638303,-0.02406970,0.99609442,-0.02398032
1556.8000,1.925697e+14,B,A,0.99636640,-0.02474667,0.99606133,-0.02465424
1556.8500,1.925635e+14,B,A,0.99634922,-0.02542675,0.99602716,-0.02533120
1556.9000,1.925573e+14,B,A,0.99633150,-0.02611004,0.99599190,-0.02601130
1556.9500,1.925511e+14,B,A,0.99631322,-0.02679664,0.99595554,-0.02669465
1557.0000,1.925449e+14,B,A,0.99629437,-0.02748665,0.99591803,-0.02738135
1557.0500,1.925387e+14,B,A,0.99627494,-0.02818019,0.99587938,-0.02807150
1557.1000,1.925326e+14,B,A,0.99625492,-0.02887736,0.99583956,-0.02876521
1557.1500,1.925264e+14,B,A,0.99623430,-0.02957826,0.99579854,-0.02946258
1557.2000,1.925202e+14,B,A,0.99621307,-0.03028302,0.99575631,-0.03016373
1557.2500,1.925140e+14,B,A,0.99619121,-0.03099175,0.99571284,-0.03086877
1557.3000,1.925078e+14,B,A,0.99616872,-0.03170456,0.99566810,-0.03157780
1557.3500,1.925017e+14,B,A,0.99614558,-0.03242157,0.99562207,-0.03229095
1557.4000,1.924955e+14,B,A,0.99612178,-0.03314291,0.99557474,-0.03300833
1557.4500,1.924893e+14,B,A,0.99609731,-0.03386869,0.99552605,-0.03373007
1557.5000,1.924831e+14,B,A,0.99607214,-0.03459905,0.99547600,-0.03445628
1557.5500,1.924769e+14,B,A,0.99604627,-0.03533411,0.99542455,-0.03518709
1557.6000,1.924708e+14,B,A,0.99601968,-0.03607401,0.99537168,-0.03592263
1557.6500,1.924646e+14,B,A,0.99599236,-0.03681888,0.99531734,-0.03666303
1557.7000,1.924584e+14,B,A,0.99596429,-0.03756885,0.99526151,-0.03740843
1557.7500,1.924522e+14,B,A,0.99593544,-0.03832407,0.99520415,-0.03815896
1557.8000,1.924461e+14,B,A,0.99590581,-0.03908468,0.99514523,-0.03891475
1557.8500,1.924399e+14,B,A,0.99587538,-0.03985083,0.99508472,-0.03967596
1557.9000,1.924337e+14,B,A,0.99584413,-0.04062267,0.99502257,-0.04044272
1557.9500,1.924275e+14,B,A,0.99581203,-0.04140035,0.99495874,-0.04121519
1558.0000,1.924213e+14,B,A,0.99577907,-0.04218403,0.99489321,-0.04199352
1558.0500,1.924152e+14,B,A,0.99574522,-0.04297387,0.99482592,-0.04277786
1558.1000,1.924090e+14,B,A,0.99571047,-0.04377004,0.99475682,-0.04356837
1558.1500,1.924028e+14,B,A,0.99567479,-0.04457271,0.99468589,-0.04436523
1558.2000,1.923966e+14,B,A,0.99563816,-0.04538204,0.99461306,-0.04516859
1558.2500,1.923905e+14,B,A,0.99560055,-0.04619823,0.99453829,-0.04597862
1558.3000,1.923843e+14,B,A,0.99556193,-0.04702145,0.99446154,-0.04679551
1558.3500,1.923781e+14,B,A,0.99552229,-0.04785188,0.99438274,-0.04761944
1558.4000,1.923720e+14,B,A,0.99548159,-0.04868973,0.99430184,-0.04845058
1558.4500,1.923658e+14,B,A,0.99543981,-0.04953519,0.99421879,-0.04928914
1558.5000,1.923596e+14,B,A,0.99539691,-0.05038846,0.99413352,-0.05013529
1558.5500,1.923534e+14,B,A,0.99535287,-0.05124975,0.99404599,-0.05098926
1558.6000,1.923473e+14,B,A,0.99530765,-0.05211928,0.99395612,-0.05185123
1558.6500,1.923411e+14,B,A,0.99526121,-0.05299726,0.99386384,-0.05272143
1558.7000,1.923349e+14,B,A,0.99521354,-0.05388393,0.99376909,-0.05360007
1558.7500,1.923288e+14,B,A,0.99516458,-0.05477951,0.99367181,-0.05448736
1558.8000,1.923226e+14,B,A,0.99511430,-0.05568424,0.99357190,-0.05538356
1558.8500,1.923164e+14,B,A,0.99506266,-0.05659838,0.99346930,-0.05628887
1558.9000,1.923103e+14,B,A,0.99500962,-0.05752218,0.99336393,-0.05720356
1558.9500,1.923041e+14,B,A,0.99495515,-0.05845589,0.99325570,-0.05812787
1559.0000,1.922979e+14,B,A,0.99489918,-0.05939980,0.99314453,-0.05906206
1559.0500,1.922918e+14,B,A,0.99484169,-0.06035416,0.99303032,-0.06000639
1559.1000,1.922856e+14,B,A,0.99478262,-0.06131929,0.99291299,-0.06096114
1559.1500,1.922794e+14,B,A,0.99472192,-0.06229545,0.99279242,-0.06192658
1559.2000,1.922733e+14,B,A,0.99465954,-0.06328298,0.99266853,-0.06290301
1559.2500,1.922671e+14,B,A,0.99459542,-0.06428216,0.99254120,-0.06389072
1559.3000,1.922609e+14,B,A,0.99452952,-0.06529334,0.99241032,-0.06489003
1559.3500,1.922548e+14,B,A,0.99446177,-0.06631685,0.99227578,-0.06590124
1559.4000,1.922486e+14,B,A,0.99439210,-0.06735303,0.99213746,-0.06692469
1559.4500,1.922424e+14,B,A,0.99432046,-0.06840224,0.99199522,-0.06796072
1559.5000,1.922363e+14,B,A,0.99424678,-0.06946485,0.99184894,-0.06900967
1559.5500,1.922301e+14,B,A,0.99417098,-0.07054124,0.99169848,-0.07007190
1559.6000,1.922239e+14,B,A,0.99409301,-0.07163181,0.99154369,-0.07114780
1559.6500,1.922178e+14,B,A,0.99401277,-0.07273696,0.99138443,-0.07223773
1559.7000,1.922116e+14,B,A,0.99393018,-0.07385712,0.99122053,-0.07334210
1559.7500,1.922055e+14,B,A,0.99384518,-0.07499274,0.99105184,-0.07446133
1559.8000,1.921993e+14,B,A,0.99375766,-0.07614425,0.99087817,-0.07559583
1559.8500,1.921931e+14,B,A,0.99366754,-0.07731213,0.99069936,-0.07674605
1559.9000,1.921870e+14,B,A,0.99357472,-0.07849688,0.99051520,-0.07791244
1559.9500,1.921808e+14,B,A,0.99347909,-0.07969898,0.99032551,-0.07909548
1560.0000,1.921747e+14,B,A,0.99338056,-0.08091898,0.99013007,-0.08029564
1560.0500,1.921685e+14,B,A,0.99327902,-0.08215740,0.98992867,-0.08151345
1560.1000,1.921623e+14,B,A,0.99317434,-0.08341482,0.98972108,-0.08274942
1560.1500,1.921562e+14,B,A,0.99306641,-0.08469183,0.98950706,-0.08400410
1560.2000,1.921500e+14,B,A,0.99295510,-0.08598902,0.98928635,-0.08527805
1560.2500,1.921439e+14,B,A,0.99284028,-0.08730704,0.98905871,-0.08657186
1560.3000,1.921377e+14,B,A,0.99272179,-0.08864654,0.98882384,-0.08788614
1560.3500,1.921315e+14,B,A,0.99259950,-0.09000820,0.98858146,-0.08922151
1560.4000,1.921254e+14,B,A,0.99247325,-0.09139274,0.98833126,-0.09057864
1560.4500,1.921192e+14,B,A,0.99234288,-0.09280090,0.98807291,-0.09195819
1560.5000,1.921131e+14,B,A,0.99220821,-0.09423345,0.98780609,-0.09336089
1560.5500,1.921069e+14,B,A,0.99206906,-0.09569120,0.98753043,-0.09478746
1560.6000,1.921008e+14,B,A,0.99192523,-0.09717497,0.98724555,-0.09623868
1560.6500,1.920946e+14,B,A,0.99177653,-0.09868565,0.98695107,-0.09771533
1560.7000,1.920885e+14,B,A,0.99162275,-0.10022415,0.98664655,-0.09921825
1560.7500,1.920823e+14,B,A,0.99146364,-0.10179142,0.98633156,-0.10074830
1560.8000,1.920762e+14,B,A,0.99129899,-0.10338845,0.98600563,-0.10230638
1560.8500,1.920700e+14,B,A,0.99112853,-0.10501629,0.98566826,-0.10389343
1560.9000,1.920638e+14,B,A,0.99095201,-0.10667601,0.98531895,-0.10551042
1560.9500,1.920577e+14,B,A,0.99076912,-0.10836875,0.98495713,-0.10715838
1561.0000,1.920515e+14,B,A,0.99057959,-0.11009570,0.98458221,-0.10883837
1561.0500,1.920454e+14,B,A,0.99038309,-0.11185810,0.98419360,-0.11055150
1561.1000,1.920392e+14,B,A,0.99017929,-0.11365726,0.98379061,-0.11229892
1561.1500,1.920331e+14,B,A,0.98996782,-0.11549455,0.98337257,-0.11408187
1561.2000,1.920269e+14,B,A,0.98974832,-0.11737138,0.98293873,-0.11590159
1561.2500,1.920208e+14,B,A,0.98952037,-0.11928927,0.98248832,-0.11775941
1561.3000,1.920146e+14,B,A,0.98928356,-0.12124979,0.98202049,-0.11965673
1561.3500,1.920085e+14,B,A,0.98903743,-0.12325460,0.98153436,-0.12159500
1561.4000,1.920023e+14,B,A,0.98878149,-0.12530544,0.98102899,-0.12357572
1561.4500,1.919962e+14,B,A,0.98851522,-0.12740415,0.98050337,-0.12560051
1561.5000,1.919900e+14,B,A,0.98823809,-0.12955264,0.97995644,-0.12767102
1561.5500,1.919839e+14,B,A,0.98794949,-0.13175296,0.97938705,-0.12978901
1561.6000,1.919778e+14,B,A,0.98764880,-0.13400723,0.97879399,-0.13195631
1561.6500,1.919716e+14,B,A,0.98733535,-0.13631773,0.97817595,-0.13417486
1561.7000,1.919655e+14,B,A,0.98700842,-0.13868682,0.97753154,-0.13644667
1561.7500,1.919593e+14,B,A,0.98666724,-0.14111702,0.97685928,-0.13877388
1561.8000,1.919532e+14,B,A,0.98631098,-0.14361100,0.97615755,-0.14115873
1561.8500,1.919470e+14,B,A,0.98593877,-0.14617156,0.97542466,-0.14360356
1561.9000,1.919409e+14,B,A,0.98554964,-0.14880168,0.97465877,-0.14611085
1561.9500,1.919347e+14,B,A,0.98514258,-0.15150451,0.97385789,-0.14868322
1562.0000,1.919286e+14,B,A,0.98471648,-0.15428340,0.97301992,-0.15132340
1562.0500,1.919224e+14,B,A,0.98427016,-0.15714188,0.97214257,-0.15403429
1562.1000,1.919163e+14,B,A,0.98380233,-0.16008373,0.97122338,-0.15681894
1562.1500,1.919102e+14,B,A,0.98331162,-0.16311295,0.97025968,-0.15968058
1562.2000,1.919040e+14,B,A,0.98279653,-0.16623379,0.96924863,-0.16262259
1562.2500,1.918979e+14,B,A,0.98225545,-0.16945079,0.96818713,-0.16564857
1562.3000,1.918917e+14,B,A,0.98168661,-0.17276879,0.96707181,-0.16876231
1562.3500,1.918856e+14,B,A,0.98108813,-0.17619294,0.96589906,-0.17196781
1562.4000,1.918795e+14,B,A,0.98045793,-0.17972874,0.96466492,-0.17526930
1562.4500,1.918733e+14,B,A,0.97979376,-0.18338209,0.96336514,-0.17867126
1562.5000,1.918672e+14,B,A,0.97909318,-0.18715928,0.96199505,-0.18217844
1562.5500,1.918610e+14,B,A,0.97835352,-0.19106707,0.96054959,-0.18579585
1562.6000,1.918549e+14,B,A,0.97757186,-0.19511269,0.95902324,-0.18952879
1562.6500,1.918488e+14,B,A,0.97674501,-0.19930393,0.95740998,-0.19338290
1562.7000,1.918426e+14,B,A,0.97586948,-0.20364913,0.95570322,-0.19736412
1562.7500,1.918365e+14,B,A,0.97494141,-0.20815729,0.95389573,-0.20147878
1562.8000,1.918303e+14,B,A,0.97395661,-0.21283812,0.95197961,-0.20573356
1562.8500,1.918242e+14,B,A,0.97291042,-0.21770208,0.94994618,-0.21013553
1562.9000,1.918181e+14,B,A,0.97179773,-0.22276048,0.94778588,-0.21469221
1562.9500,1.918119e+14,B,A,0.97061287,-0.22802555,0.94548819,-0.21941152
1563.0000,1.918058e+14,B,A,0.96934958,-0.23351055,0.94304150,-0.22430189
1563.0500,1.917997e+14,B,A,0.96800091,-0.23922989,0.94043297,-0.22937219
1563.1000,1.917935e+14,B,A,0.96655915,-0.24519920,0.93764839,-0.23463182
1563.1500,1.917874e+14,B,A,0.96501569,-0.25143550,0.93467200,-0.24009067
1563.2000,1.917813e+14,B,A,0.96336096,-0.25795737,0.93148631,-0.24575920
1563.2500,1.917751e+14,B,A,0.96158422,-0.26478508,0.92807182,-0.25164836
1563.3000,1.917690e+14,B,A,0.95967345,-0.27194081,0.92440680,-0.25776966
1563.3500,1.917629e+14,B,A,0.95761516,-0.27944886,0.92046697,-0.26413509
1563.4000,1.917567e+14,B,A,0.95539415,-0.28733592,0.91622516,-0.27075715
1563.4500,1.917506e+14,B,A,0.95299326,-0.29563133,0.91165088,-0.27764872
1563.5000,1.917445e+14,B,A,0.95039307,-0.30436742,0.90670989,-0.28482305
1563.5500,1.917383e+14,B,A,0.94757158,-0.31357989,0.90136362,-0.29229355
1563.6000,1.917322e+14,B,A,0.94450372,-0.32330822,0.89556858,-0.30007366
1563.6500,1.917261e+14,B,A,0.94116094,-0.33359616,0.88927560,-0.30817660
1563.7000,1.917199e+14,B,A,0.93751055,-0.34449229,0.88242903,-0.31661497
1563.7500,1.917138e+14,B,A,0.93351508,-0.35605067,0.87496573,-0.32540033
1563.8000,1.917077e+14,B,A,0.92913143,-0.36833159,0.86681400,-0.33454253
1563.8500,1.917015e+14,B,A,0.92430986,-0.38140236,0.85789224,-0.34404886
1563.9000,1.916954e+14,B,A,0.91899285,-0.39533836,0.84810753,-0.35392296
1563.9500,1.916893e+14,B,A,0.91311362,-0.41022409,0.83735393,-0.36416326
1564.0000,1.916832e+14,B,A,0.90659451,-0.42615448,0.82551061,-0.37476104
1564.0500,1.916770e+14,B,A,0.89934486,-0.44323634,0.81243976,-0.38569781
1564.1000,1.916709e+14,B,A,0.89125862,-0.46158999,0.79798439,-0.39694186
1564.1500,1.916648e+14,B,A,0.88221142,-0.48135112,0.78196590,-0.40844377
1564.2000,1.916586e+14,B,A,0.87205710,-0.50267288,0.76418187,-0.42013051
1564.2500,1.916525e+14,B,A,0.86062363,-0.52572805,0.74440398,-0.43189783
1564.3000,1.916464e+14,B,A,0.84770830,-0.55071145,0.72237670,-0.44360035
1564.3500,1.916403e+14,B,A,0.83307225,-0.57784233,0.69781726,-0.45503894
1564.4000,1.916341e+14,B,A,0.81643427,-0.60736662,0.67041806,-0.46594478
1564.4500,1.916280e+14,B,A,0.79746420,-0.63955865,0.63985277,-0.47595963
1564.5000,1.916219e+14,B,A,0.77577623,-0.67472199,0.60578864,-0.48461209
1564.5500,1.916158e+14,B,A,0.75092301,-0.71318845,0.56790782,-0.49129022
1564.6000,1.916096e+14,B,A,0.72239199,-0.75531423,0.52594194,-0.49521233
1564.6500,1.916035e+14,B,A,0.68960626,-0.80147143,0.47972488,-0.49539967
1564.7000,1.915974e+14,B,A,0.65193347,-0.85203261,0.42926868,-0.49065839
1564.7500,1.915913e+14,B,A,0.60870764,-0.90734516,0.37486627,-0.47958344
1564.8000,1.915852e+14,B,A,0.55926984,-0.96769126,0.31721923,-0.46060255
1564.8500,1.915790e+14,B,A,0.50303399,-1.03322748,0.25757818,-0.43208411
1564.9000,1.915729e+14,B,A,0.43958159,-1.10389379,0.19786557,-0.39253177
1564.9500,1.915668e+14,B,A,0.36878232,-1.17926663,0.14072837,-0.34087524
1565.0000,1.915607e+14,B,A,0.29092603,-1.25826474,0.08945061,-0.27683306
1565.0500,1.915546e+14,B,A,0.20683612,-1.33826881,0.04766285,-0.20126956
1565.1000,1.915484e+14,B,A,0.11792954,-1.41038118,0.01883665,-0.11641545
1565.1500,1.915423e+14,B,A,0.02642142,-1.35532340,0.00564915,-0.02581044
1565.2000,1.915362e+14,B,A,0.06676982,1.42949853,0.00940307,0.06610440
1565.2500,1.915301e+14,B,A,0.15750268,1.38097336,0.02971840,0.15467357
1565.3000,1.915240e+14,B,A,0.24448053,1.30328359,0.06462439,0.23578469
1565.3500,1.915178e+14,B,A,0.32593771,1.22324770,0.11101244,0.30645005
1565.4000,1.915117e+14,B,A,0.40072502,1.14568477,0.16526798,0.36505758
1565.4500,1.915056e+14,B,A,0.46826796,1.07233866,0.22386554,0.41128956
1565.5000,1.914995e+14,B,A,0.52847963,1.00394450,0.28378243,0.44582312
1565.5500,1.914934e+14,B,A,0.58163464,0.94074045,0.34269326,0.46995764
1565.6000,1.914873e+14,B,A,0.62823935,0.88267627,0.39898611,0.48527802
1565.6500,1.914811e+14,B,A,0.66892190,0.82953039,0.45167094,0.49340640
1565.7000,1.914750e+14,B,A,0.70435058,0.78098551,0.50024394,0.49584850
1565.7500,1.914689e+14,B,A,0.73517988,0.73667909,0.54455048,0.49391723
1565.8000,1.914628e+14,B,A,0.76201902,0.69623636,0.58466775,0.48870912
1565.8500,1.914567e+14,B,A,0.78541660,0.65929094,0.62081430,0.48111208
1565.9000,1.914506e+14,B,A,0.80585577,0.62549683,0.65328497,0.47182865
1565.9500,1.914445e+14,B,A,0.82375576,0.59453461,0.68240690,0.46140478
1566.0000,1.914384e+14,B,A,0.83947673,0.56611380,0.70851142,0.45025854
1566.0500,1.914322e+14,B,A,0.85332617,0.53997295,0.73191713,0.43870590
1566.1000,1.914261e+14,B,A,0.86556560,0.51587834,0.75292070,0.42698271
1566.1500,1.914200e+14,B,A,0.87641705,0.49362194,0.77179257,0.41526266
1566.2000,1.914139e+14,B,A,0.88606895,0.47301908,0.78877585,0.40367169
1566.2500,1.914078e+14,B,A,0.89468126,0.45390606,0.80408694,0.39229931
1566.3000,1.914017e+14,B,A,0.90238998,0.43613782,0.81791723,0.38120741
1566.3500,1.913956e+14,B,A,0.90931097,0.41958577,0.83043530,0.37043709
1566.4000,1.913895e+14,B,A,0.91554309,0.40413586,0.84178926,0.36001387
1566.4500,1.913834e+14,B,A,0.92117096,0.38968679,0.85210902,0.34995166
1566.5000,1.913772e+14,B,A,0.92626721,0.37614846,0.86150850,0.34025587
1566.5500,1.913711e+14,B,A,0.93089431,0.36344061,0.87008759,0.33092566
1566.6000,1.913650e+14,B,A,0.93510617,0.35149158,0.87793397,0.32195573
1566.6500,1.913589e+14,B,A,0.93894947,0.34023733,0.88512465,0.31333760
1566.7000,1.913528e+14,B,A,0.94246471,0.32962045,0.89172737,0.30506069
1566.7500,1.913467e+14,B,A,0.94568716,0.31958942,0.89780181,0.29711296
1566.8000,1.913406e+14,B,A,0.94864759,0.31009789,0.90340061,0.28948158
1566.8500,1.913345e+14,B,A,0.95137296,0.30110409,0.90857034,0.28215325
1566.9000,1.913284e+14,B,A,0.95388693,0.29257028,0.91335221,0.27511457
1566.9500,1.913223e+14,B,A,0.95621033,0.28446232,0.91778281,0.26835223
1567.0000,1.913162e+14,B,A,0.95836153,0.27674927,0.92189465,0.26185318
1567.0500,1.913101e+14,B,A,0.96035681,0.26940300,0.92571670,0.25560474
1567.1000,1.913040e+14,B,A,0.96221057,0.26239793,0.92927481,0.24959468
1567.1500,1.912979e+14,B,A,0.96393566,0.25571074,0.93259210,0.24381124
1567.2000,1.912918e+14,B,A,0.96554349,0.24932013,0.93568928,0.23824319
1567.2500,1.912857e+14,B,A,0.96704429,0.24320660,0.93858492,0.23287983
1567.3000,1.912796e+14,B,A,0.96844719,0.23735230,0.94129575,0.22771097
1567.3500,1.912735e+14,B,A,0.96976040,0.23174084,0.94383681,0.22272698
1567.4000,1.912674e+14,B,A,0.97099127,0.22635715,0.94622169,0.21791870
1567.4500,1.912613e+14,B,A,0.97214646,0.22118737,0.94846268,0.21327748
1567.5000,1.912552e+14,B,A,0.97323195,0.21621869,0.95057089,0.20879514
1567.5500,1.912491e+14,B,A,0.97425317,0.21143931,0.95255642,0.20446395
1567.6000,1.912430e+14,B,A,0.97521502,0.20683831,0.95442842,0.20027662
1567.6500,1.912369e+14,B,A,0.97612195,0.20240557,0.95619523,0.19622626
1567.7000,1.912308e+14,B,A,0.97697801,0.19813173,0.95786445,0.19230635
1567.7500,1.912247e+14,B,A,0.97778689,0.19400806,0.95944302,0.18851077
1567.8000,1.912186e+14,B,A,0.97855196,0.19002650,0.96093727,0.18483370
1567.8500,1.912125e+14,B,A,0.97927627,0.18617949,0.96235300,0.18126969
1567.9000,1.912064e+14,B,A,0.97996263,0.18246003,0.96369554,0.17781355
1567.9500,1.912003e+14,B,A,0.98061363,0.17886158,0.96496977,0.17446042
1568.0000,1.911942e+14,B,A,0.98123162,0.17537802,0.96618016,0.17120566
1568.0500,1.911881e+14,B,A,0.98181876,0.17200365,0.96733085,0.16804493
1568.1000,1.911820e+14,B,A,0.98237705,0.16873310,0.96842564,0.16497409
1568.1500,1.911759e+14,B,A,0.98290833,0.16556138,0.96946803,0.16198925
1568.2000,1.911698e+14,B,A,0.98341429,0.16248380,0.97046127,0.15908672
1568.2500,1.911637e+14,B,A,0.98389649,0.15949593,0.97140835,0.15626299
1568.3000,1.911576e+14,B,A,0.98435639,0.15659364,0.97231205,0.15351475
1568.3500,1.911515e+14,B,A,0.98479531,0.15377304,0.97317492,0.15083887
1568.4000,1.911454e+14,B,A,0.98521450,0.15103047,0.97399937,0.14823237
1568.4500,1.911393e+14,B,A,0.98561510,0.14836246,0.97478759,0.14569242
1568.5000,1.911332e+14,B,A,0.98599819,0.14576576,0.97554165,0.14321635
1568.5500,1.911271e+14,B,A,0.98636476,0.14323730,0.97626346,0.14080160
1568.6000,1.911210e+14,B,A,0.98671572,0.14077419,0.97695480,0.13844578
1568.6500,1.911149e+14,B,A,0.98705195,0.13837368,0.97761734,0.13614656
1568.7000,1.911089e+14,B,A,0.98737424,0.13603317,0.97825262,0.13390178
1568.7500,1.911028e+14,B,A,0.98768333,0.13375022,0.97886210,0.13170935
1568.8000,1.910967e+14,B,A,0.98797994,0.13152250,0.97944713,0.12956729
1568.8500,1.910906e+14,B,A,0.98826471,0.12934780,0.98000897,0.12747371
1568.9000,1.910845e+14,B,A,0.98853825,0.12722404,0.98054881,0.12542683
1568.9500,1.910784e+14,B,A,0.98880113,0.12514923,0.98106777,0.12342493
1569.0000,1.910723e+14,B,A,0.98905390,0.12312150,0.98156687,0.12146637
1569.0500,1.910662e+14,B,A,0.98929704,0.12113904,0.98204711,0.11954960
1569.1000,1.910601e+14,B,A,0.98953105,0.11920016,0.98250940,0.11767313
1569.1500,1.910540e+14,B,A,0.98975635,0.11730323,0.98295461,0.11583554
1551.0000,1.932898e+14,D,A,0.09779235,1.62595963,-0.00539181,0.09764360
1551.0500,1.932836e+14,D,A,0.09729134,1.62504952,-0.00527578,0.09714819
1551.1000,1.932773e+14,D,A,0.09680113,1.62414869,-0.00516212,0.09666339
1551.1500,1.932711e+14,D,A,0.09632148,1.62325690,-0.00505076,0.09618897
1551.2000,1.932649e+14,D,A,0.09585221,1.62237391,-0.00494163,0.09572474
1551.2500,1.932586e+14,D,A,0.09539309,1.62149948,-0.00483466,0.09527049
1551.3000,1.932524e+14,D,A,0.09494392,1.62063340,-0.00472977,0.09482604
1551.3500,1.932462e+14,D,A,0.09450453,1.61977544,-0.00462690,0.09439119
1551.4000,1.932399e+14,D,A,0.09407471,1.61892539,-0.00452598,0.09396578
1551.4500,1.932337e+14,D,A,0.09365429,1.61808304,-0.00442695,0.09354961
1551.5000,1.932275e+14,D,A,0.09324310,1.61724819,-0.00432976,0.09314252
1551.5500,1.932213e+14,D,A,0.09284096,1.61642064,-0.00423434,0.09274435
1551.6000,1.932150e+14,D,A,0.09244772,1.61560021,-0.00414063,0.09235494
1551.6500,1.932088e+14,D,A,0.09206320,1.61478670,-0.00404859,0.09197414
1551.7000,1.932026e+14,D,A,0.09168727,1.61397994,-0.00395816,0.09160179
1551.7500,1.931964e+14,D,A,0.09131976,1.61317974,-0.00386928,0.09123775
1551.8000,1.931901e+14,D,A,0.09096054,1.61238593,-0.00378192,0.09088189
1551.8500,1.931839e+14,D,A,0.09060947,1.61159835,-0.00369602,0.09053405
1551.9000,1.931777e+14,D,A,0.09026640,1.61081684,-0.00361154,0.09019412
1551.9500,1.931715e+14,D,A,0.08993121,1.61004122,-0.00352843,0.08986197
1552.0000,1.931652e+14,D,A,0.08960378,1.60927134,-0.00344666,0.08953747
1552.0500,1.931590e+14,D,A,0.08928397,1.60850706,-0.00336617,0.08922049
1552.1000,1.931528e+14,D,A,0.08897168,1.60774821,-0.00328692,0.08891094
1552.1500,1.931466e+14,D,A,0.08866677,1.60699466,-0.00320889,0.08860869
1552.2000,1.931404e+14,D,A,0.08836915,1.60624626,-0.00313202,0.08831363
1552.2500,1.931341e+14,D,A,0.08807870,1.60550287,-0.00305629,0.08802566
1552.3000,1.931279e+14,D,A,0.08779532,1.60476436,-0.00298166,0.08774468
1552.3500,1.931217e+14,D,A,0.08751891,1.60403059,-0.00290809,0.08747058
1552.4000,1.931155e+14,D,A,0.08724936,1.60330143,-0.00283555,0.08720327
1552.4500,1.931093e+14,D,A,0.08698659,1.60257675,-0.00276400,0.08694266
1552.5000,1.931030e+14,D,A,0.08673050,1.60185642,-0.00269342,0.08668866
1552.5500,1.930968e+14,D,A,0.08648099,1.60114033,-0.00262378,0.08644118
1552.6000,1.930906e+14,D,A,0.08623799,1.60042835,-0.00255503,0.08620014
1552.6500,1.930844e+14,D,A,0.08600142,1.59972037,-0.00248716,0.08596544
1552.7000,1.930782e+14,D,A,0.08577118,1.59901626,-0.00242014,0.08573703
1552.7500,1.930719e+14,D,A,0.08554720,1.59831591,-0.00235393,0.08551481
1552.8000,1.930657e+14,D,A,0.08532941,1.59761922,-0.00228851,0.08529871
1552.8500,1.930595e+14,D,A,0.08511773,1.59692607,-0.00222385,0.08508867
1552.9000,1.930533e+14,D,A,0.08491209,1.59623636,-0.00215993,0.08488461
1552.9500,1.930471e+14,D,A,0.08471242,1.59554997,-0.00209673,0.08468647
1553.0000,1.930409e+14,D,A,0.08451866,1.59486681,-0.00203421,0.08449418
1553.0500,1.930346e+14,D,A,0.08433075,1.59418677,-0.00197235,0.08430768
1553.1000,1.930284e+14,D,A,0.08414861,1.59350975,-0.00191114,0.08412690
1553.1500,1.930222e+14,D,A,0.08397219,1.59283565,-0.00185054,0.08395180
1553.2000,1.930160e+14,D,A,0.08380144,1.59216438,-0.00179054,0.08378231
1553.2500,1.930098e+14,D,A,0.08363630,1.59149583,-0.00173111,0.08361839
1553.3000,1.930036e+14,D,A,0.08347672,1.59082992,-0.00167223,0.08345997
1553.3500,1.929974e+14,D,A,0.08332264,1.59016655,-0.00161388,0.08330701
1553.4000,1.929912e+14,D,A,0.08317401,1.58950563,-0.00155604,0.08315946
1553.4500,1.929849e+14,D,A,0.08303080,1.58884706,-0.00149869,0.08301727
1553.5000,1.929787e+14,D,A,0.08289294,1.58819076,-0.00144180,0.08288040
1553.5500,1.929725e+14,D,A,0.08276041,1.58753664,-0.00138537,0.08274881
1553.6000,1.929663e+14,D,A,0.08263315,1.58688461,-0.00132937,0.08262246
1553.6500,1.929601e+14,D,A,0.08251113,1.58623459,-0.00127378,0.08250130
1553.7000,1.929539e+14,D,A,0.08239431,1.58558649,-0.00121858,0.08238530
1553.7500,1.929477e+14,D,A,0.08228266,1.58494023,-0.00116376,0.08227443
1553.8000,1.929415e+14,D,A,0.08217613,1.58429572,-0.00110929,0.08216864
1553.8500,1.929353e+14,D,A,0.08207469,1.58365287,-0.00105517,0.08206791
1553.9000,1.929291e+14,D,A,0.08197832,1.58301162,-0.00100136,0.08197221
1553.9500,1.929228e+14,D,A,0.08188699,1.58237188,-0.00094787,0.08188150
1554.0000,1.929166e+14,D,A,0.08180065,1.58173356,-0.00089465,0.08179576
1554.0500,1.929104e+14,D,A,0.08171930,1.58109659,-0.00084172,0.08171497
1554.1000,1.929042e+14,D,A,0.08164290,1.58046089,-0.00078903,0.08163909
1554.1500,1.928980e+14,D,A,0.08157143,1.57982638,-0.00073658,0.08156810
1554.2000,1.928918e+14,D,A,0.08150487,1.57919298,-0.00068436,0.08150199
1554.2500,1.928856e+14,D,A,0.08144319,1.57856062,-0.00063234,0.08144073
1554.3000,1.928794e+14,D,A,0.08138638,1.57792923,-0.00058052,0.08138431
1554.3500,1.928732e+14,D,A,0.08133442,1.57729871,-0.00052886,0.08133270
1554.4000,1.928670e+14,D,A,0.08128730,1.57666900,-0.00047737,0.08128589
1554.4500,1.928608e+14,D,A,0.08124499,1.57604003,-0.00042602,0.08124387
1554.5000,1.928546e+14,D,A,0.08120749,1.57541171,-0.00037480,0.08120662
1554.5500,1.928484e+14,D,A,0.08117478,1.57478398,-0.00032370,0.08117414
1554.6000,1.928422e+14,D,A,0.08114686,1.57415676,-0.00027269,0.08114640
1554.6500,1.928360e+14,D,A,0.08112371,1.57352997,-0.00022176,0.08112341
1554.7000,1.928298e+14,D,A,0.08110533,1.57290354,-0.00017091,0.08110515
1554.7500,1.928236e+14,D,A,0.08109170,1.57227740,-0.00012010,0.08109161
1554.8000,1.928174e+14,D,A,0.08108283,1.57165147,-0.00006934,0.08108280
1554.8500,1.928112e+14,D,A,0.08107872,1.57102569,-0.00001860,0.08107872
1554.9000,1.928050e+14,D,A,0.08107935,1.57039997,0.00003214,0.08107935
1554.9500,1.927988e+14,D,A,0.08108473,1.56977424,0.00008288,0.08108469
1555.0000,1.927926e+14,D,A,0.08109487,1.56914844,0.00013364,0.08109476
1555.0500,1.927864e+14,D,A,0.08110975,1.56852248,0.00018443,0.08110954
1555.1000,1.927802e+14,D,A,0.08112939,1.56789629,0.00023528,0.08112905
1555.1500,1.927740e+14,D,A,0.08115379,1.56726981,0.00028619,0.08115328
1555.2000,1.927678e+14,D,A,0.08118295,1.56664295,0.00033718,0.08118225
1555.2500,1.927616e+14,D,A,0.08121689,1.56601565,0.00038827,0.08121596
1555.3000,1.927554e+14,D,A,0.08125561,1.56538783,0.00043947,0.08125443
1555.3500,1.927492e+14,D,A,0.08129913,1.56475941,0.00049079,0.08129765
1555.4000,1.927430e+14,D,A,0.08134745,1.56413032,0.00054226,0.08134564
1555.4500,1.927368e+14,D,A,0.08140058,1.56350048,0.00059388,0.08139842
1555.5000,1.927306e+14,D,A,0.08145855,1.56286983,0.00064567,0.08145600
1555.5500,1.927244e+14,D,A,0.08152137,1.56223828,0.00069766,0.08151839
1555.6000,1.927182e+14,D,A,0.08158906,1.56160576,0.00074984,0.08158561
1555.6500,1.927120e+14,D,A,0.08166163,1.56097219,0.00080224,0.08165769
1555.7000,1.927058e+14,D,A,0.08173910,1.56033750,0.00085488,0.08173463
1555.7500,1.926996e+14,D,A,0.08182151,1.55970160,0.00090777,0.08181647
1555.8000,1.926934e+14,D,A,0.08190887,1.55906443,0.00096092,0.08190323
1555.8500,1.926873e+14,D,A,0.08200120,1.55842590,0.00101436,0.08199492
1555.9000,1.926811e+14,D,A,0.08209853,1.55778593,0.00106810,0.08209158
1555.9500,1.926749e+14,D,A,0.08220090,1.55714444,0.00112216,0.08219324
1556.0000,1.926687e+14,D,A,0.08230833,1.55650135,0.00117656,0.08229992
1556.0500,1.926625e+14,D,A,0.08242084,1.55585659,0.00123130,0.08241165
1556.1000,1.926563e+14,D,A,0.08253849,1.55521006,0.00128641,0.08252846
1556.1500,1.926501e+14,D,A,0.08266129,1.55456169,0.00134192,0.08265040
1556.2000,1.926439e+14,D,A,0.08278929,1.55391140,0.00139783,0.08277749
1556.2500,1.926377e+14,D,A,0.08292252,1.55325908,0.00145416,0.08290977
1556.3000,1.926315e+14,D,A,0.08306103,1.55260467,0.00151093,0.08304729
1556.3500,1.926253e+14,D,A,0.08320485,1.55194808,0.00156817,0.08319007
1556.4000,1.926192e+14,D,A,0.08335403,1.55128921,0.00162589,0.08333817
1556.4500,1.926130e+14,D,A,0.08350862,1.55062797,0.00168412,0.08349163
1556.5000,1.926068e+14,D,A,0.08366865,1.54996429,0.00174286,0.08365050
1556.5500,1.926006e+14,D,A,0.08383418,1.54929806,0.00180215,0.08381481
1556.6000,1.925944e+14,D,A,0.08400526,1.54862919,0.00186200,0.08398463
1556.6500,1.925882e+14,D,A,0.08418195,1.54795759,0.00192244,0.08416000
1556.7000,1.925820e+14,D,A,0.08436429,1.54728316,0.00198349,0.08434097
1556.7500,1.925759e+14,D,A,0.08455235,1.54660581,0.00204517,0.08452761
1556.8000,1.925697e+14,D,A,0.08474618,1.54592544,0.00210750,0.08471997
1556.8500,1.925635e+14,D,A,0.08494584,1.54524194,0.00217050,0.08491810
1556.9000,1.925573e+14,D,A,0.08515140,1.54455522,0.00223421,0.08512208
1556.9500,1.925511e+14,D,A,0.08536292,1.54386517,0.00229864,0.08533197
1557.0000,1.925449e+14,D,A,0.08558047,1.54317169,0.00236383,0.08554782
1557.0500,1.925387e+14,D,A,0.08580413,1.54247467,0.00242979,0.08576972
1557.1000,1.925326e+14,D,A,0.08603396,1.54177401,0.00249655,0.08599773
1557.1500,1.925264e+14,D,A,0.08627003,1.54106958,0.00256415,0.08623192
1557.2000,1.925202e+14,D,A,0.08651243,1.54036128,0.00263260,0.08647237
1557.2500,1.925140e+14,D,A,0.08676124,1.53964899,0.00270194,0.08671916
1557.3000,1.925078e+14,D,A,0.08701654,1.53893260,0.00277220,0.08697236
1557.3500,1.925017e+14,D,A,0.08727841,1.53821199,0.00284341,0.08723208
1557.4000,1.924955e+14,D,A,0.08754694,1.53748702,0.00291559,0.08749838
1557.4500,1.924893e+14,D,A,0.08782223,1.53675759,0.00298878,0.08777135
1557.5000,1.924831e+14,D,A,0.08810436,1.53602357,0.00306301,0.08805110
1557.5500,1.924769e+14,D,A,0.08839344,1.53528481,0.00313833,0.08833771
1557.6000,1.924708e+14,D,A,0.08868957,1.53454120,0.00321475,0.08863129
1557.6500,1.924646e+14,D,A,0.08899285,1.53379259,0.00329232,0.08893193
1557.7000,1.924584e+14,D,A,0.08930338,1.53303884,0.00337107,0.08923974
1557.7500,1.924522e+14,D,A,0.08962129,1.53227983,0.00345104,0.08955482
1557.8000,1.924461e+14,D,A,0.08994667,1.53151539,0.00353228,0.08987729
1557.8500,1.924399e+14,D,A,0.09027966,1.53074539,0.00361482,0.09020726
1557.9000,1.924337e+14,D,A,0.09062036,1.52996968,0.00369870,0.09054485
1557.9500,1.924275e+14,D,A,0.09096891,1.52918809,0.00378396,0.09089018
1558.0000,1.924213e+14,D,A,0.09132544,1.52840047,0.00387066,0.09124338
1558.0500,1.924152e+14,D,A,0.09169007,1.52760665,0.00395883,0.09160457
1558.1000,1.924090e+14,D,A,0.09206296,1.52680648,0.00404853,0.09197389
1558.1500,1.924028e+14,D,A,0.09244423,1.52599978,0.00413980,0.09235149
1558.2000,1.923966e+14,D,A,0.09283403,1.52518637,0.00423269,0.09273749
1558.2500,1.923905e+14,D,A,0.09323253,1.52436608,0.00432725,0.09313205
1558.3000,1.923843e+14,D,A,0.09363987,1.52353872,0.00442355,0.09353532
1558.3500,1.923781e+14,D,A,0.09405621,1.52270411,0.00452163,0.09394746
1558.4000,1.923720e+14,D,A,0.09448172,1.52186205,0.00462155,0.09436862
1558.4500,1.923658e+14,D,A,0.09491658,1.52101233,0.00472337,0.09479898
1558.5000,1.923596e+14,D,A,0.09536096,1.52015477,0.00482716,0.09523870
1558.5500,1.923534e+14,D,A,0.09581504,1.51928915,0.00493298,0.09568797
1558.6000,1.923473e+14,D,A,0.09627901,1.51841524,0.00504089,0.09614695
1558.6500,1.923411e+14,D,A,0.09675307,1.51753284,0.00515097,0.09661586
1558.7000,1.923349e+14,D,A,0.09723742,1.51664171,0.00526328,0.09709487
1558.7500,1.923288e+14,D,A,0.09773227,1.51574162,0.00537790,0.09758419
1558.8000,1.923226e+14,D,A,0.09823783,1.51483233,0.00549491,0.09808404
1558.8500,1.923164e+14,D,A,0.09875433,1.51391359,0.00561439,0.09859461
1558.9000,1.923103e+14,D,A,0.09928200,1.51298514,0.00573641,0.09911614
1558.9500,1.923041e+14,D,A,0.09982107,1.51204673,0.00586107,0.09964885
1559.0000,1.922979e+14,D,A,0.10037179,1.51109807,0.00598846,0.10019298
1559.0500,1.922918e+14,D,A,0.10093441,1.51013889,0.00611867,0.10074878
1559.1000,1.922856e+14,D,A,0.10150920,1.50916891,0.00625179,0.10131650
1559.1500,1.922794e+14,D,A,0.10209642,1.50818783,0.00638793,0.10189639
1559.2000,1.922733e+14,D,A,0.10269637,1.50719533,0.00652719,0.10248873
1559.2500,1.922671e+14,D,A,0.10330932,1.50619110,0.00666968,0.10309380
1559.3000,1.922609e+14,D,A,0.10393559,1.50517483,0.00681552,0.10371189
1559.3500,1.922548e+14,D,A,0.10457548,1.50414616,0.00696481,0.10434329
1559.4000,1.922486e+14,D,A,0.10522931,1.50310476,0.00711770,0.10498831
1559.4500,1.922424e+14,D,A,0.10589742,1.50205026,0.00727430,0.10564728
1559.5000,1.922363e+14,D,A,0.10658015,1.50098229,0.00743475,0.10632052
1559.5500,1.922301e+14,D,A,0.10727787,1.49990047,0.00759919,0.10700838
1559.6000,1.922239e+14,D,A,0.10799094,1.49880440,0.00776776,0.10771121
1559.6500,1.922178e+14,D,A,0.10871974,1.49769367,0.00794062,0.10842937
1559.7000,1.922116e+14,D,A,0.10946469,1.49656786,0.00811794,0.10916326
1559.7500,1.922055e+14,D,A,0.11022619,1.49542651,0.00829986,0.10991326
1559.8000,1.921993e+14,D,A,0.11100466,1.49426919,0.00848658,0.11067978
1559.8500,1.921931e+14,D,A,0.11180057,1.49309541,0.00867827,0.11146324
1559.9000,1.921870e+14,D,A,0.11261436,1.49190468,0.00887512,0.11226409
1559.9500,1.921808e+14,D,A,0.11344652,1.49069651,0.00907733,0.11308278
1560.0000,1.921747e+14,D,A,0.11429754,1.48947035,0.00928512,0.11391977
1560.0500,1.921685e+14,D,A,0.11516795,1.48822567,0.00949869,0.11477557
1560.1000,1.921623e+14,D,A,0.11605829,1.48696189,0.00971829,0.11565068
1560.1500,1.921562e+14,D,A,0.11696910,1.48567843,0.00994415,0.11654563
1560.2000,1.921500e+14,D,A,0.11790098,1.48437468,0.01017652,0.11746097
1560.2500,1.921439e+14,D,A,0.11885452,1.48304999,0.01041567,0.11839726
1560.3000,1.921377e+14,D,A,0.11983036,1.48170372,0.01066188,0.11935510
1560.3500,1.921315e+14,D,A,0.12082915,1.48033517,0.01091544,0.12033511
1560.4000,1.921254e+14,D,A,0.12185158,1.47894362,0.01117667,0.12133792
1560.4500,1.921192e+14,D,A,0.12289835,1.47752833,0.01144587,0.12236420
1560.5000,1.921131e+14,D,A,0.12397021,1.47608853,0.01172340,0.12341465
1560.5500,1.921069e+14,D,A,0.12506793,1.47462340,0.01200962,0.12448998
1560.6000,1.921008e+14,D,A,0.12619230,1.47313211,0.01230489,0.12559095
1560.6500,1.920946e+14,D,A,0.12734418,1.47161377,0.01260962,0.12671834
1560.7000,1.920885e+14,D,A,0.12852443,1.47006747,0.01292424,0.12787296
1560.7500,1.920823e+14,D,A,0.12973398,1.46849226,0.01324917,0.12905567
1560.8000,1.920762e+14,D,A,0.13097378,1.46688712,0.01358490,0.13026734
1560.8500,1.920700e+14,D,A,0.13224482,1.46525103,0.01393192,0.13150891
1560.9000,1.920638e+14,D,A,0.13354815,1.46358289,0.01429074,0.13278133
1560.9500,1.920577e+14,D,A,0.13488486,1.46188155,0.01466193,0.13408562
1561.0000,1.920515e+14,D,A,0.13625610,1.46014582,0.01504606,0.13542282
1561.0500,1.920454e+14,D,A,0.13766305,1.45837446,0.01544376,0.13679403
1561.1000,1.920392e+14,D,A,0.13910698,1.45656616,0.01585568,0.13820040
1561.1500,1.920331e+14,D,A,0.14058920,1.45471953,0.01628252,0.13964313
1561.2000,1.920269e+14,D,A,0.14211108,1.45283314,0.01672502,0.14112347
1561.2500,1.920208e+14,D,A,0.14367407,1.45090549,0.01718397,0.14264273
1561.3000,1.920146e+14,D,A,0.14527968,1.44893498,0.01766019,0.14420230
1561.3500,1.920085e+14,D,A,0.14692950,1.44691996,0.01815458,0.14580360
1561.4000,1.920023e+14,D,A,0.14862521,1.44485866,0.01866807,0.14744815
1561.4500,1.919962e+14,D,A,0.15036856,1.44274925,0.01920168,0.14913752
1561.5000,1.919900e+14,D,A,0.15216141,1.44058979,0.01975647,0.15087338
1561.5500,1.919839e+14,D,A,0.15400569,1.43837824,0.02033359,0.15265745
1561.6000,1.919778e+14,D,A,0.15590347,1.43611245,0.02093426,0.15449158
1561.6500,1.919716e+14,D,A,0.15785690,1.43379014,0.02155977,0.15637767
1561.7000,1.919655e+14,D,A,0.15986825,1.43140893,0.02221153,0.15831774
1561.7500,1.919593e+14,D,A,0.16193994,1.42896628,0.02289102,0.16031390
1561.8000,1.919532e+14,D,A,0.16407450,1.42645953,0.02359985,0.16236838
1561.8500,1.919470e+14,D,A,0.16627462,1.42388584,0.02433971,0.16448352
1561.9000,1.919409e+14,D,A,0.16854313,1.42124222,0.02511246,0.16666178
1561.9500,1.919347e+14,D,A,0.17088303,1.41852551,0.02592006,0.16890577
1562.0000,1.919286e+14,D,A,0.17329750,1.41573234,0.02676464,0.17121821
1562.0500,1.919224e+14,D,A,0.17578991,1.41285916,0.02764848,0.17360199
1562.1000,1.919163e+14,D,A,0.17836383,1.40990216,0.02857404,0.17606016
1562.1500,1.919102e+14,D,A,0.18102305,1.40685733,0.02954398,0.17859590
1562.2000,1.919040e+14,D,A,0.18377160,1.40372039,0.03056117,0.18121262
1562.2500,1.918979e+14,D,A,0.18661376,1.40048677,0.03162869,0.18391390
1562.3000,1.918917e+14,D,A,0.18955408,1.39715161,0.03274990,0.18670349
1562.3500,1.918856e+14,D,A,0.19259743,1.39370974,0.03392844,0.18958542
1562.4000,1.918795e+14,D,A,0.19574896,1.39015561,0.03516824,0.19256388
1562.4500,1.918733e+14,D,A,0.19901419,1.38648330,0.03647358,0.19564337
1562.5000,1.918672e+14,D,A,0.20239902,1.38268647,0.03784911,0.19882859
1562.5500,1.918610e+14,D,A,0.20590974,1.37875834,0.03929989,0.20212456
1562.6000,1.918549e+14,D,A,0.20955308,1.37469163,0.04083146,0.20553658
1562.6500,1.918488e+14,D,A,0.21333627,1.37047851,0.04244982,0.20907027
1562.7000,1.918426e+14,D,A,0.21726703,1.36611058,0.04416158,0.21273156
1562.7500,1.918365e+14,D,A,0.22135365,1.36157878,0.04597395,0.21652676
1562.8000,1.918303e+14,D,A,0.22560507,1.35687337,0.04789484,0.22046254
1562.8500,1.918242e+14,D,A,0.23003086,1.35198382,0.04993294,0.22454598
1562.9000,1.918181e+14,D,A,0.23464134,1.34689874,0.05209779,0.22878457
1562.9500,1.918119e+14,D,A,0.23944765,1.34160584,0.05439993,0.23318624
1563.0000,1.918058e+14,D,A,0.24446177,1.33609176,0.05685097,0.23775938
1563.0500,1.917997e+14,D,A,0.24969668,1.33034203,0.05946374,0.24251288
1563.1000,1.917935e+14,D,A,0.25516640,1.32434091,0.06225244,0.24745611
1563.1500,1.917874e+14,D,A,0.26088611,1.31807126,0.06523285,0.25259897
1563.2000,1.917813e+14,D,A,0.26687227,1.31151440,0.06842246,0.25795188
1563.2500,1.917751e+14,D,A,0.27314273,1.30464994,0.07184076,0.26352582
1563.3000,1.917690e+14,D,A,0.27971690,1.29745554,0.07550949,0.26933225
1563.3500,1.917629e+14,D,A,0.28661588,1.28990674,0.07945293,0.27538318
1563.4000,1.917567e+14,D,A,0.29386265,1.28197669,0.08369824,0.28169108
1563.4500,1.917506e+14,D,A,0.30148227,1.27363584,0.08827592,0.28826883
1563.5000,1.917445e+14,D,A,0.30950207,1.26485163,0.09322021,0.29512967
1563.5500,1.917383e+14,D,A,0.31795190,1.25558814,0.09856967,0.30228700
1563.6000,1.917322e+14,D,A,0.32686441,1.24580560,0.10436781,0.30975426
1563.6500,1.917261e+14,D,A,0.33627530,1.23545993,0.11066378,0.31754465
1563.7000,1.917199e+14,D,A,0.34622363,1.22450220,0.11751324,0.32567076
1563.7500,1.917138e+14,D,A,0.35675221,1.21287793,0.12497933,0.33414414
1563.8000,1.917077e+14,D,A,0.36790786,1.20052638,0.13313375,0.34297463
1563.8500,1.917015e+14,D,A,0.37974185,1.18737967,0.14205810,0.35216952
1563.9000,1.916954e+14,D,A,0.39231027,1.17336182,0.15184530,0.36173244
1563.9500,1.916893e+14,D,A,0.40567434,1.15838757,0.16260129,0.37166180
1564.0000,1.916832e+14,D,A,0.41990078,1.14236116,0.17444691,0.38194888
1564.0500,1.916770e+14,D,A,0.43506206,1.12517475,0.18751994,0.39257517
1564.1000,1.916709e+14,D,A,0.45123648,1.10670682,0.20197742,0.40350896
1564.1500,1.916648e+14,D,A,0.46850811,1.08682023,0.21799790,0.41470082
1564.2000,1.916586e+14,D,A,0.48696636,1.06536011,0.23578383,0.42607771
1564.2500,1.916525e+14,D,A,0.50670496,1.04215157,0.25556352,0.43753538
1564.3000,1.916464e+14,D,A,0.52782036,1.01699716,0.27759251,0.44892842
1564.3500,1.916403e+14,D,A,0.55040881,0.98967438,0.30215356,0.46005770
1564.4000,1.916341e+14,D,A,0.57456209,0.95993322,0.32955427,0.47065441
1564.4500,1.916280e+14,D,A,0.60036082,0.92749408,0.36012097,0.48036028
1564.5000,1.916219e+14,D,A,0.62786498,0.89204659,0.39418642,0.48870390
1564.5500,1.916158e+14,D,A,0.65710027,0.85324986,0.43206847,0.49507333
1564.6000,1.916096e+14,D,A,0.68803940,0.81073543,0.47403547,0.49868687
1564.6500,1.916035e+14,D,A,0.72057725,0.76411418,0.52025356,0.49856575
1564.7000,1.915974e+14,D,A,0.75449909,0.71298916,0.57071070,0.49351614
1564.7500,1.915913e+14,D,A,0.78944260,0.65697683,0.62511394,0.48213295
1564.8000,1.915852e+14,D,A,0.82485638,0.59573900,0.68276172,0.46284391
1564.8500,1.915790e+14,D,A,0.85996160,0.52902740,0.74240342,0.43401741
1564.9000,1.915729e+14,D,A,0.89372859,0.45674094,0.80211658,0.39415707
1564.9500,1.915668e+14,D,A,0.92488574,0.37899144,0.85925424,0.34219262
1565.0000,1.915607e+14,D,A,0.95197987,0.29616844,0.91053235,0.27784258
1565.0500,1.915546e+14,D,A,0.97350218,0.20898667,0.95232038,0.20197125
1565.1000,1.915484e+14,D,A,0.98807559,0.11849618,0.98114674,0.11680937
1565.1500,1.915423e+14,D,A,0.99467149,0.02603828,0.99433432,0.02589661
1565.2000,1.915362e+14,D,A,0.99279838,-0.06685686,0.99058039,-0.06632595
1565.2500,1.915301e+14,D,A,0.98259959,-0.15861550,0.97026493,-0.15520282
1565.3000,1.915240e+14,D,A,0.96482422,-0.24777597,0.93535874,-0.23662165
1565.3500,1.915178e+14,D,A,0.94068212,-0.33311793,0.88897038,-0.30759472
1565.4000,1.915117e+14,D,A,0.91163466,-0.41373942,0.83471444,-0.36650998
1565.4500,1.915056e+14,D,A,0.87918524,-0.48907512,0.77611638,-0.41304970
1565.5000,1.914995e+14,D,A,0.84471726,-0.55886708,0.71619890,-0.44789104
1565.5500,1.914934e+14,D,A,0.80939824,-0.62310710,0.65728738,-0.47233337
1565.6000,1.914873e+14,D,A,0.77414470,-0.68196988,0.60099374,-0.48796162
1565.6500,1.914811e+14,D,A,0.73963005,-0.73575026,0.54830804,-0.49639792
1565.7000,1.914750e+14,D,A,0.70631641,-0.78481145,0.49973406,-0.49914801
1565.7500,1.914689e+14,D,A,0.67449550,-0.82954626,0.45542646,-0.49752479
1565.8000,1.914628e+14,D,A,0.64432909,-0.87035018,0.41530802,-0.49262483
1565.8500,1.914567e+14,D,A,0.61588434,-0.90760429,0.37916021,-0.48533603
1565.9000,1.914506e+14,D,A,0.58916249,-0.94166528,0.34668818,-0.47636093
1565.9500,1.914445e+14,D,A,0.56412080,-0.97286057,0.31756480,-0.46624551
1566.0000,1.914384e+14,D,A,0.54068890,-1.00148670,0.29145873,-0.45540784
1566.0500,1.914322e+14,D,A,0.51878040,-1.02780980,0.26805138,-0.44416389
1566.1000,1.914261e+14,D,A,0.49830103,-1.05206730,0.24704607,-0.43274953
1566.1500,1.914200e+14,D,A,0.47915417,-1.07447018,0.22817235,-0.42133846
1566.2000,1.914139e+14,D,A,0.46124445,-1.09520548,0.21118714,-0.41005662
1566.2500,1.914078e+14,D,A,0.44448000,-1.11443884,0.19587402,-0.39899353
1566.3000,1.914017e+14,D,A,0.42877384,-1.13231692,0.18204160,-0.38821110
1566.3500,1.913956e+14,D,A,0.41404451,-1.14896963,0.16952130,-0.37775043
1566.4000,1.913895e+14,D,A,0.40021640,-1.16451214,0.15816501,-0.36763704
1566.4500,1.913834e+14,D,A,0.38721969,-1.17904670,0.14784283,-0.35788487
1566.5000,1.913772e+14,D,A,0.37499020,-1.19266419,0.13844083,-0.34849933
1566.5500,1.913711e+14,D,A,0.36346909,-1.20544557,0.12985912,-0.33947958
1566.6000,1.913650e+14,D,A,0.35260252,-1.21746307,0.12201002,-0.33082034
1566.6500,1.913589e+14,D,A,0.34234129,-1.22878127,0.11481652,-0.32251314
1566.7000,1.913528e+14,D,A,0.33264043,-1.23945799,0.10821088,-0.31454739
1566.7500,1.913467e+14,D,A,0.32345889,-1.24954516,0.10213343,-0.30691109
1566.8000,1.913406e+14,D,A,0.31475917,-1.25908946,0.09653150,-0.29959139
1566.8500,1.913345e+14,D,A,0.30650698,-1.26813297,0.09135856,-0.29257502
1566.9000,1.913284e+14,D,A,0.29867098,-1.27671368,0.08657337,-0.28584858
1566.9500,1.913223e+14,D,A,0.29122250,-1.28486597,0.08213935,-0.27939877
1567.0000,1.913162e+14,D,A,0.28413525,-1.29262100,0.07802399,-0.27321255
1567.0500,1.913101e+14,D,A,0.27738515,-1.30000708,0.07419831,-0.26727725
1567.1000,1.913040e+14,D,A,0.27095008,-1.30704995,0.07063647,-0.26158065
1567.1500,1.912979e+14,D,A,0.26480974,-1.31377310,0.06731535,-0.25611099
1567.2000,1.912918e+14,D,A,0.25894543,-1.32019796,0.06421424,-0.25085707
1567.2500,1.912857e+14,D,A,0.25333996,-1.32634414,0.06131456,-0.24580817
1567.3000,1.912796e+14,D,A,0.24797745,-1.33222961,0.05859960,-0.24095415
1567.3500,1.912735e+14,D,A,0.24284326,-1.33787086,0.05605429,-0.23628535
1567.4000,1.912674e+14,D,A,0.23792386,-1.34328306,0.05366505,-0.23179264
1567.4500,1.912613e+14,D,A,0.23320674,-1.34848016,0.05141961,-0.22746737
1567.5000,1.912552e+14,D,A,0.22868028,-1.35347502,0.04930683,-0.22330138
1567.5500,1.912491e+14,D,A,0.22433375,-1.35827953,0.04731664,-0.21928695
1567.6000,1.912430e+14,D,A,0.22015716,-1.36290468,0.04543987,-0.21541679
1567.6500,1.912369e+14,D,A,0.21614123,-1.36736064,0.04366817,-0.21168402
1567.7000,1.912308e+14,D,A,0.21227734,-1.37165683,0.04199396,-0.20808214
1567.7500,1.912247e+14,D,A,0.20855745,-1.37580202,0.04041029,-0.20460503
1567.8000,1.912186e+14,D,A,0.20497405,-1.37980434,0.03891083,-0.20124689
1567.8500,1.912125e+14,D,A,0.20152017,-1.38367136,0.03748977,-0.19800227
1567.9000,1.912064e+14,D,A,0.19818927,-1.38741014,0.03614180,-0.19486600
1567.9500,1.912003e+14,D,A,0.19497523,-1.39102726,0.03486203,-0.19183321
1568.0000,1.911942e+14,D,A,0.19187235,-1.39452887,0.03364599,-0.18889930
1568.0500,1.911881e+14,D,A,0.18887526,-1.39792071,0.03248953,-0.18605992
1568.1000,1.911820e+14,D,A,0.18597893,-1.40120817,0.03138886,-0.18331095
1568.1500,1.911759e+14,D,A,0.18317867,-1.40439626,0.03034047,-0.18064850
1568.2000,1.911698e+14,D,A,0.18047003,-1.40748972,0.02934112,-0.17806889
1568.2500,1.911637e+14,D,A,0.17784885,-1.41049299,0.02838782,-0.17556863
1568.3000,1.911576e+14,D,A,0.17531121,-1.41341021,0.02747778,-0.17314443
1568.3500,1.911515e+14,D,A,0.17285343,-1.41624532,0.02660845,-0.17079314
1568.4000,1.911454e+14,D,A,0.17047202,-1.41900199,0.02577743,-0.16851182
1568.4500,1.911393e+14,D,A,0.16816370,-1.42168370,0.02498251,-0.16629764
1568.5000,1.911332e+14,D,A,0.16592538,-1.42429372,0.02422164,-0.16414793
1568.5500,1.911271e+14,D,A,0.16375413,-1.42683514,0.02349289,-0.16206017
1568.6000,1.911210e+14,D,A,0.16164718,-1.42931087,0.02279450,-0.16003194
1568.6500,1.911149e+14,D,A,0.15960192,-1.43172367,0.02212478,-0.15806096
1568.7000,1.911089e+14,D,A,0.15761587,-1.43407615,0.02148220,-0.15614506
1568.7500,1.911028e+14,D,A,0.15568669,-1.43637078,0.02086530,-0.15428216
1568.8000,1.910967e+14,D,A,0.15381214,-1.43860988,0.02027272,-0.15247030
1568.8500,1.910906e+14,D,A,0.15199013,-1.44079568,0.01970321,-0.15070760
1568.9000,1.910845e+14,D,A,0.15021863,-1.44293028,0.01915557,-0.14899229
1568.9500,1.910784e+14,D,A,0.14849577,-1.44501567,0.01862868,-0.14732266
1569.0000,1.910723e+14,D,A,0.14681972,-1.44705374,0.01812152,-0.14569708
1569.0500,1.910662e+14,D,A,0.14518876,-1.44904630,0.01763310,-0.14411402
1569.1000,1.910601e+14,D,A,0.14360127,-1.45099506,0.01716249,-0.14257200
1569.1500,1.910540e+14,D,A,0.14205569,-1.45290164,0.01670884,-0.14106960
1551.0000,1.932898e+14,B,C,0.09779235,1.62595963,-0.00539181,0.09764360
1551.0500,1.932836e+14,B,C,0.09729134,1.62504952,-0.00527578,0.09714819
1551.1000,1.932773e+14,B,C,0.09680113,1.62414869,-0.00516212,0.09666339
1551.1500,1.932711e+14,B,C,0.09632148,1.62325690,-0.00505076,0.09618897
1551.2000,1.932649e+14,B,C,0.09585221,1.62237391,-0.00494163,0.09572474
1551.2500,1.932586e+14,B,C,0.09539309,1.62149948,-0.00483466,0.09527049
1551.3000,1.932524e+14,B,C,0.09494392,1.62063340,-0.00472977,0.09482604
1551.3500,1.932462e+14,B,C,0.09450453,1.61977544,-0.00462690,0.09439119
1551.4000,1.932399e+14,B,C,0.09407471,1.61892539,-0.00452598,0.09396578
1551.4500,1.932337e+14,B,C,0.09365429,1.61808304,-0.00442695,0.09354961
1551.5000,1.932275e+14,B,C,0.09324310,1.61724819,-0.00432976,0.09314252
1551.5500,1.932213e+14,B,C,0.09284096,1.61642064,-0.00423434,0.09274435
1551.6000,1.932150e+14,B,C,0.09244772,1.61560021,-0.00414063,0.09235494
1551.6500,1.932088e+14,B,C,0.09206320,1.61478670,-0.00404859,0.09197414
1551.7000,1.932026e+14,B,C,0.09168727,1.61397994,-0.00395816,0.09160179
1551.7500,1.931964e+14,B,C,0.09131976,1.61317974,-0.00386928,0.09123775
1551.8000,1.931901e+14,B,C,0.09096054,1.61238593,-0.00378192,0.09088189
1551.8500,1.931839e+14,B,C,0.09060947,1.61159835,-0.00369602,0.09053405
1551.9000,1.931777e+14,B,C,0.09026640,1.61081684,-0.00361154,0.09019412
1551.9500,1.931715e+14,B,C,0.08993121,1.61004122,-0.00352843,0.08986197
1552.0000,1.931652e+14,B,C,0.08960378,1.60927134,-0.00344666,0.08953747
1552.0500,1.931590e+14,B,C,0.08928397,1.60850706,-0.00336617,0.08922049
1552.1000,1.931528e+14,B,C,0.08897168,1.60774821,-0.00328692,0.08891094
1552.1500,1.931466e+14,B,C,0.08866677,1.60699466,-0.00320889,0.08860869
1552.2000,1.931404e+14,B,C,0.08836915,1.60624626,-0.00313202,0.08831363
1552.2500,1.931341e+14,B,C,0.08807870,1.60550287,-0.00305629,0.08802566
1552.3000,1.931279e+14,B,C,0.08779532,1.60476436,-0.00298166,0.08774468
1552.3500,1.931217e+14,B,C,0.08751891,1.60403059,-0.00290809,0.08747058
1552.4000,1.931155e+14,B,C,0.08724936,1.60330143,-0.00283555,0.08720327
1552.4500,1.931093e+14,B,C,0.08698659,1.60257675,-0.00276400,0.08694266
1552.5000,1.931030e+14,B,C,0.08673050,1.60185642,-0.00269342,0.08668866
1552.5500,1.930968e+14,B,C,0.08648099,1.60114033,-0.00262378,0.08644118
1552.6000,1.930906e+14,B,C,0.08623799,1.60042835,-0.00255503,0.08620014
1552.6500,1.930844e+14,B,C,0.08600142,1.59972037,-0.00248716,0.08596544
1552.7000,1.930782e+14,B,C,0.08577118,1.59901626,-0.00242014,0.08573703
1552.7500,1.930719e+14,B,C,0.08554720,1.59831591,-0.00235393,0.08551481
1552.8000,1.930657e+14,B,C,0.08532941,1.59761922,-0.00228851,0.08529871
1552.8500,1.930595e+14,B,C,0.08511773,1.59692607,-0.00222385,0.08508867
1552.9000,1.930533e+14,B,C,0.08491209,1.59623636,-0.00215993,0.08488461
1552.9500,1.930471e+14,B,C,0.08471242,1.59554997,-0.00209673,0.08468647
1553.0000,1.930409e+14,B,C,0.08451866,1.59486681,-0.00203421,0.08449418
1553.0500,1.930346e+14,B,C,0.08433075,1.59418677,-0.00197235,0.08430768
1553.1000,1.930284e+14,B,C,0.08414861,1.59350975,-0.00191114,0.08412690
1553.1500,1.930222e+14,B,C,0.08397219,1.59283565,-0.00185054,0.08395180
1553.2000,1.930160e+14,B,C,0.08380144,1.59216438,-0.00179054,0.08378231
1553.2500,1.930098e+14,B,C,0.08363630,1.59149583,-0.00173111,0.08361839
1553.3000,1.930036e+14,B,C,0.08347672,1.59082992,-0.00167223,0.08345997
1553.3500,1.929974e+14,B,C,0.08332264,1.59016655,-0.00161388,0.08330701
1553.4000,1.929912e+14,B,C,0.08317401,1.58950563,-0.00155604,0.08315946
1553.4500,1.929849e+14,B,C,0.08303080,1.58884706,-0.00149869,0.08301727
1553.5000,1.929787e+14,B,C,0.08289294,1.58819076,-0.00144180,0.08288040
1553.5500,1.929725e+14,B,C,0.08276041,1.58753664,-0.00138537,0.08274881
1553.6000,1.929663e+14,B,C,0.08263315,1.58688461,-0.00132937,0.08262246
1553.6500,1.929601e+14,B,C,0.08251113,1.58623459,-0.00127378,0.08250130
1553.7000,1.929539e+14,B,C,0.08239431,1.58558649,-0.00121858,0.08238530
1553.7500,1.929477e+14,B,C,0.08228266,1.58494023,-0.00116376,0.08227443
1553.8000,1.929415e+14,B,C,0.08217613,1.58429572,-0.00110929,0.08216864
1553.8500,1.929353e+14,B,C,0.08207469,1.58365287,-0.00105517,0.08206791
1553.9000,1.929291e+14,B,C,0.08197832,1.58301162,-0.00100136,0.08197221
1553.9500,1.929228e+14,B,C,0.08188699,1.58237188,-0.00094787,0.08188150
1554.0000,1.929166e+14,B,C,0.08180065,1.58173356,-0.00089465,0.08179576
1554.0500,1.929104e+14,B,C,0.08171930,1.58109659,-0.00084172,0.08171497
1554.1000,1.929042e+14,B,C,0.08164290,1.58046089,-0.00078903,0.08163909
1554.1500,1.928980e+14,B,C,0.08157143,1.57982638,-0.00073658,0.08156810
1554.2000,1.928918e+14,B,C,0.08150487,1.57919298,-0.00068436,0.08150199
1554.2500,1.928856e+14,B,C,0.08144319,1.57856062,-0.00063234,0.08144073
1554.3000,1.928794e+14,B,C,0.08138638,1.57792923,-0.00058052,0.08138431
1554.3500,1.928732e+14,B,C,0.08133442,1.57729871,-0.00052886,0.08133270
1554.4000,1.928670e+14,B,C,0.08128730,1.57666900,-0.00047737,0.08128589
1554.4500,1.928608e+14,B,C,0.08124499,1.57604003,-0.00042602,0.08124387
1554.5000,1.928546e+14,B,C,0.08120749,1.57541171,-0.00037480,0.08120662
1554.5500,1.928484e+14,B,C,0.08117478,1.57478398,-0.00032370,0.08117414
1554.6000,1.928422e+14,B,C,0.08114686,1.57415676,-0.00027269,0.08114640
1554.6500,1.928360e+14,B,C,0.08112371,1.57352997,-0.00022176,0.08112341
1554.7000,1.928298e+14,B,C,0.08110533,1.57290354,-0.00017091,0.08110515
1554.7500,1.928236e+14,B,C,0.08109170,1.57227740,-0.00012010,0.08109161
1554.8000,1.928174e+14,B,C,0.08108283,1.57165147,-0.00006934,0.08108280
1554.8500,1.928112e+14,B,C,0.08107872,1.57102569,-0.00001860,0.08107872
1554.9000,1.928050e+14,B,C,0.08107935,1.57039997,0.00003214,0.08107935
1554.9500,1.927988e+14,B,C,0.08108473,1.56977424,0.00008288,0.08108469
1555.0000,1.927926e+14,B,C,0.08109487,1.56914844,0.00013364,0.08109476
1555.0500,1.927864e+14,B,C,0.08110975,1.56852248,0.00018443,0.08110954
1555.1000,1.927802e+14,B,C,0.08112939,1.56789629,0.00023528,0.08112905
1555.1500,1.927740e+14,B,C,0.08115379,1.56726981,0.00028619,0.08115328
1555.2000,1.927678e+14,B,C,0.08118295,1.56664295,0.00033718,0.08118225
1555.2500,1.927616e+14,B,C,0.08121689,1.56601565,0.00038827,0.08121596
1555.3000,1.927554e+14,B,C,0.08125561,1.56538783,0.00043947,0.08125443
1555.3500,1.927492e+14,B,C,0.08129913,1.56475941,0.00049079,0.08129765
1555.4000,1.927430e+14,B,C,0.08134745,1.56413032,0.00054226,0.08134564
1555.4500,1.927368e+14,B,C,0.08140058,1.56350048,0.00059388,0.08139842
1555.5000,1.927306e+14,B,C,0.08145855,1.56286983,0.00064567,0.08145600
1555.5500,1.927244e+14,B,C,0.08152137,1.56223828,0.00069766,0.08151839
1555.6000,1.927182e+14,B,C,0.08158906,1.56160576,0.00074984,0.08158561
1555.6500,1.927120e+14,B,C,0.08166163,1.56097219,0.00080224,0.08165769
1555.7000,1.927058e+14,B,C,0.08173910,1.56033750,0.00085488,0.08173463
1555.7500,1.926996e+14,B,C,0.08182151,1.55970160,0.00090777,0.08181647
1555.8000,1.926934e+14,B,C,0.08190887,1.55906443,0.00096092,0.08190323
1555.8500,1.926873e+14,B,C,0.08200120,1.55842590,0.00101436,0.08199492
1555.9000,1.926811e+14,B,C,0.08209853,1.55778593,0.00106810,0.08209158
1555.9500,1.926749e+14,B,C,0.08220090,1.55714444,0.00112216,0.08219324
1556.0000,1.926687e+14,B,C,0.08230833,1.55650135,0.00117656,0.08229992
1556.0500,1.926625e+14,B,C,0.08242084,1.55585659,0.00123130,0.08241165
1556.1000,1.926563e+14,B,C,0.08253849,1.55521006,0.00128641,0.08252846
1556.1500,1.926501e+14,B,C,0.08266129,1.55456169,0.00134192,0.08265040
1556.2000,1.926439e+14,B,C,0.08278929,1.55391140,0.00139783,0.08277749
1556.2500,1.926377e+14,B,C,0.08292252,1.55325908,0.00145416,0.08290977
1556.3000,1.926315e+14,B,C,0.08306103,1.55260467,0.00151093,0.08304729
1556.3500,1.926253e+14,B,C,0.08320485,1.55194808,0.00156817,0.08319007
1556.4000,1.926192e+14,B,C,0.08335403,1.55128921,0.00162589,0.08333817
1556.4500,1.926130e+14,B,C,0.08350862,1.55062797,0.00168412,0.08349163
1556.5000,1.926068e+14,B,C,0.08366865,1.54996429,0.00174286,0.08365050
1556.5500,1.926006e+14,B,C,0.08383418,1.54929806,0.00180215,0.08381481
1556.6000,1.925944e+14,B,C,0.08400526,1.54862919,0.00186200,0.08398463
1556.6500,1.925882e+14,B,C,0.08418195,1.54795759,0.00192244,0.08416000
1556.7000,1.925820e+14,B,C,0.08436429,1.54728316,0.00198349,0.08434097
1556.7500,1.925759e+14,B,C,0.08455235,1.54660581,0.00204517,0.08452761
1556.8000,1.925697e+14,B,C,0.08474618,1.54592544,0.00210750,0.08471997
1556.8500,1.925635e+14,B,C,0.08494584,1.54524194,0.00217050,0.08491810
1556.9000,1.925573e+14,B,C,0.08515140,1.54455522,0.00223421,0.08512208
1556.9500,1.925511e+14,B,C,0.08536292,1.54386517,0.00229864,0.08533197
1557.0000,1.925449e+14,B,C,0.08558047,1.54317169,0.00236383,0.08554782
1557.0500,1.925387e+14,B,C,0.08580413,1.54247467,0.00242979,0.08576972
1557.1000,1.925326e+14,B,C,0.08603396,1.54177401,0.00249655,0.08599773
1557.1500,1.925264e+14,B,C,0.08627003,1.54106958,0.00256415,0.08623192
1557.2000,1.925202e+14,B,C,0.08651243,1.54036128,0.00263260,0.08647237
1557.2500,1.925140e+14,B,C,0.08676124,1.53964899,0.00270194,0.08671916
1557.3000,1.925078e+14,B,C,0.08701654,1.53893260,0.00277220,0.08697236
1557.3500,1.925017e+14,B,C,0.08727841,1.53821199,0.00284341,0.08723208
1557.4000,1.924955e+14,B,C,0.08754694,1.53748702,0.00291559,0.08749838
1557.4500,1.924893e+14,B,C,0.08782223,1.53675759,0.00298878,0.08777135
1557.5000,1.924831e+14,B,C,0.08810436,1.53602357,0.00306301,0.08805110
1557.5500,1.924769e+14,B,C,0.08839344,1.53528481,0.00313833,0.08833771
1557.6000,1.924708e+14,B,C,0.08868957,1.53454120,0.00321475,0.08863129
1557.6500,1.924646e+14,B,C,0.08899285,1.53379259,0.00329232,0.08893193
1557.7000,1.924584e+14,B,C,0.08930338,1.53303884,0.00337107,0.08923974
1557.7500,1.924522e+14,B,C,0.08962129,1.53227983,0.00345104,0.08955482
1557.8000,1.924461e+14,B,C,0.08994667,1.53151539,0.00353228,0.08987729
1557.8500,1.924399e+14,B,C,0.09027966,1.53074539,0.00361482,0.09020726
1557.9000,1.924337e+14,B,C,0.09062036,1.52996968,0.00369870,0.09054485
1557.9500,1.924275e+14,B,C,0.09096891,1.52918809,0.00378396,0.09089018
1558.0000,1.924213e+14,B,C,0.09132544,1.52840047,0.00387066,0.09124338
1558.0500,1.924152e+14,B,C,0.09169007,1.52760665,0.00395883,0.09160457
1558.1000,1.924090e+14,B,C,0.09206296,1.52680648,0.00404853,0.09197389
1558.1500,1.924028e+14,B,C,0.09244423,1.52599978,0.00413980,0.09235149
1558.2000,1.923966e+14,B,C,0.09283403,1.52518637,0.00423269,0.09273749
1558.2500,1.923905e+14,B,C,0.09323253,1.52436608,0.00432725,0.09313205
1558.3000,1.923843e+14,B,C,0.09363987,1.52353872,0.00442355,0.09353532
1558.3500,1.923781e+14,B,C,0.09405621,1.52270411,0.00452163,0.09394746
1558.4000,1.923720e+14,B,C,0.09448172,1.52186205,0.00462155,0.09436862
1558.4500,1.923658e+14,B,C,0.09491658,1.52101233,0.00472337,0.09479898
1558.5000,1.923596e+14,B,C,0.09536096,1.52015477,0.00482716,0.09523870
1558.5500,1.923534e+14,B,C,0.09581504,1.51928915,0.00493298,0.09568797
1558.6000,1.923473e+14,B,C,0.09627901,1.51841524,0.00504089,0.09614695
1558.6500,1.923411e+14,B,C,0.09675307,1.51753284,0.00515097,0.09661586
1558.7000,1.923349e+14,B,C,0.09723742,1.51664171,0.00526328,0.09709487
1558.7500,1.923288e+14,B,C,0.09773227,1.51574162,0.00537790,0.09758419
1558.8000,1.923226e+14,B,C,0.09823783,1.51483233,0.00549491,0.09808404
1558.8500,1.923164e+14,B,C,0.09875433,1.51391359,0.00561439,0.09859461
1558.9000,1.923103e+14,B,C,0.09928200,1.51298514,0.00573641,0.09911614
1558.9500,1.923041e+14,B,C,0.09982107,1.51204673,0.00586107,0.09964885
1559.0000,1.922979e+14,B,C,0.10037179,1.51109807,0.00598846,0.10019298
1559.0500,1.922918e+14,B,C,0.10093441,1.51013889,0.00611867,0.10074878
1559.1000,1.922856e+14,B,C,0.10150920,1.50916891,0.00625179,0.10131650
1559.1500,1.922794e+14,B,C,0.10209642,1.50818783,0.00638793,0.10189639
1559.2000,1.922733e+14,B,C,0.10269637,1.50719533,0.00652719,0.10248873
1559.2500,1.922671e+14,B,C,0.10330932,1.50619110,0.00666968,0.10309380
1559.3000,1.922609e+14,B,C,0.10393559,1.50517483,0.00681552,0.10371189
1559.3500,1.922548e+14,B,C,0.10457548,1.50414616,0.00696481,0.10434329
1559.4000,1.922486e+14,B,C,0.10522931,1.50310476,0.00711770,0.10498831
1559.4500,1.922424e+14,B,C,0.10589742,1.50205026,0.00727430,0.10564728
1559.5000,1.922363e+14,B,C,0.10658015,1.50098229,0.00743475,0.10632052
1559.5500,1.922301e+14,B,C,0.10727787,1.49990047,0.00759919,0.10700838
1559.6000,1.922239e+14,B,C,0.10799094,1.49880440,0.00776776,0.10771121
1559.6500,1.922178e+14,B,C,0.10871974,1.49769367,0.00794062,0.10842937
1559.7000,1.922116e+14,B,C,0.10946469,1.49656786,0.00811794,0.10916326
1559.7500,1.922055e+14,B,C,0.11022619,1.49542651,0.00829986,0.10991326
1559.8000,1.921993e+14,B,C,0.11100466,1.49426919,0.00848658,0.11067978
1559.8500,1.921931e+14,B,C,0.11180057,1.49309541,0.00867827,0.11146324
1559.9000,1.921870e+14,B,C,0.11261436,1.49190468,0.00887512,0.11226409
1559.9500,1.921808e+14,B,C,0.11344652,1.49069651,0.00907733,0.11308278
1560.0000,1.921747e+14,B,C,0.11429754,1.48947035,0.00928512,0.11391977
1560.0500,1.921685e+14,B,C,0.11516795,1.48822567,0.00949869,0.11477557
1560.1000,1.921623e+14,B,C,0.11605829,1.48696189,0.00971829,0.11565068
1560.1500,1.921562e+14,B,C,0.11696910,1.48567843,0.00994415,0.11654563
1560.2000,1.921500e+14,B,C,0.11790098,1.48437468,0.01017652,0.11746097
1560.2500,1.921439e+14,B,C,0.11885452,1.48304999,0.01041567,0.11839726
1560.3000,1.921377e+14,B,C,0.11983036,1.48170372,0.01066188,0.11935510
1560.3500,1.921315e+14,B,C,0.12082915,1.48033517,0.01091544,0.12033511
1560.4000,1.921254e+14,B,C,0.12185158,1.47894362,0.01117667,0.12133792
1560.4500,1.921192e+14,B,C,0.12289835,1.47752833,0.01144587,0.12236420
1560.5000,1.921131e+14,B,C,0.12397021,1.47608853,0.01172340,0.12341465
1560.5500,1.921069e+14,B,C,0.12506793,1.47462340,0.01200962,0.12448998
1560.6000,1.921008e+14,B,C,0.12619230,1.47313211,0.01230489,0.12559095
1560.6500,1.920946e+14,B,C,0.12734418,1.47161377,0.01260962,0.12671834
1560.7000,1.920885e+14,B,C,0.12852443,1.47006747,0.01292424,0.12787296
1560.7500,1.920823e+14,B,C,0.12973398,1.46849226,0.01324917,0.12905567
1560.8000,1.920762e+14,B,C,0.13097378,1.46688712,0.01358490,0.13026734
1560.8500,1.920700e+14,B,C,0.13224482,1.46525103,0.01393192,0.13150891
1560.9000,1.920638e+14,B,C,0.13354815,1.46358289,0.01429074,0.13278133
1560.9500,1.920577e+14,B,C,0.13488486,1.46188155,0.01466193,0.13408562
1561.0000,1.920515e+14,B,C,0.13625610,1.46014582,0.01504606,0.13542282
1561.0500,1.920454e+14,B,C,0.13766305,1.45837446,0.01544376,0.13679403
1561.1000,1.920392e+14,B,C,0.13910698,1.45656616,0.01585568,0.13820040
1561.1500,1.920331e+14,B,C,0.14058920,1.45471953,0.01628252,0.13964313
1561.2000,1.920269e+14,B,C,0.14211108,1.45283314,0.01672502,0.14112347
1561.2500,1.920208e+14,B,C,0.14367407,1.45090549,0.01718397,0.14264273
1561.3000,1.920146e+14,B,C,0.14527968,1.44893498,0.01766019,0.14420230
1561.3500,1.920085e+14,B,C,0.14692950,1.44691996,0.01815458,0.14580360
1561.4000,1.920023e+14,B,C,0.14862521,1.44485866,0.01866807,0.14744815
1561.4500,1.919962e+14,B,C,0.15036856,1.44274925,0.01920168,0.14913752
1561.5000,1.919900e+14,B,C,0.15216141,1.44058979,0.01975647,0.15087338
1561.5500,1.919839e+14,B,C,0.15400569,1.43837824,0.02033359,0.15265745
1561.6000,1.919778e+14,B,C,0.15590347,1.43611245,0.02093426,0.15449158
1561.6500,1.919716e+14,B,C,0.15785690,1.43379014,0.02155977,0.15637767
1561.7000,1.919655e+14,B,C,0.15986825,1.43140893,0.02221153,0.15831774
1561.7500,1.919593e+14,B,C,0.16193994,1.42896628,0.02289102,0.16031390
1561.8000,1.919532e+14,B,C,0.16407450,1.42645953,0.02359985,0.16236838
1561.8500,1.919470e+14,B,C,0.16627462,1.42388584,0.02433971,0.16448352
1561.9000,1.919409e+14,B,C,0.16854313,1.42124222,0.02511246,0.16666178
1561.9500,1.919347e+14,B,C,0.17088303,1.41852551,0.02592006,0.16890577
1562.0000,1.919286e+14,B,C,0.17329750,1.41573234,0.02676464,0.17121821
1562.0500,1.919224e+14,B,C,0.17578991,1.41285916,0.02764848,0.17360199
1562.1000,1.919163e+14,B,C,0.17836383,1.40990216,0.02857404,0.17606016
1562.1500,1.919102e+14,B,C,0.18102305,1.40685733,0.02954398,0.17859590
1562.2000,1.919040e+14,B,C,0.18377160,1.40372039,0.03056117,0.18121262
1562.2500,1.918979e+14,B,C,0.18661376,1.40048677,0.03162869,0.18391390
1562.3000,1.918917e+14,B,C,0.18955408,1.39715161,0.03274990,0.18670349
1562.3500,1.918856e+14,B,C,0.19259743,1.39370974,0.03392844,0.18958542
1562.4000,1.918795e+14,B,C,0.19574896,1.39015561,0.03516824,0.19256388
1562.4500,1.918733e+14,B,C,0.19901419,1.38648330,0.03647358,0.19564337
1562.5000,1.918672e+14,B,C,0.20239902,1.38268647,0.03784911,0.19882859
1562.5500,1.918610e+14,B,C,0.20590974,1.37875834,0.03929989,0.20212456
1562.6000,1.918549e+14,B,C,0.20955308,1.37469163,0.04083146,0.20553658
1562.6500,1.918488e+14,B,C,0.21333627,1.37047851,0.04244982,0.20907027
1562.7000,1.918426e+14,B,C,0.21726703,1.36611058,0.04416158,0.21273156
1562.7500,1.918365e+14,B,C,0.22135365,1.36157878,0.04597395,0.21652676
1562.8000,1.918303e+14,B,C,0.22560507,1.35687337,0.04789484,0.22046254
1562.8500,1.918242e+14,B,C,0.23003086,1.35198382,0.04993294,0.22454598
1562.9000,1.918181e+14,B,C,0.23464134,1.34689874,0.05209779,0.22878457
1562.9500,1.918119e+14,B,C,0.23944765,1.34160584,0.05439993,0.23318624
1563.0000,1.918058e+14,B,C,0.24446177,1.33609176,0.05685097,0.23775938
1563.0500,1.917997e+14,B,C,0.24969668,1.33034203,0.05946374,0.24251288
1563.1000,1.917935e+14,B,C,0.25516640,1.32434091,0.06225244,0.24745611
1563.1500,1.917874e+14,B,C,0.26088611,1.31807126,0.06523285,0.25259897
1563.2000,1.917813e+14,B,C,0.26687227,1.31151440,0.06842246,0.25795188
1563.2500,1.917751e+14,B,C,0.27314273,1.30464994,0.07184076,0.26352582
1563.3000,1.917690e+14,B,C,0.27971690,1.29745554,0.07550949,0.26933225
1563.3500,1.917629e+14,B,C,0.28661588,1.28990674,0.07945293,0.27538318
1563.4000,1.917567e+14,B,C,0.29386265,1.28197669,0.08369824,0.28169108
1563.4500,1.917506e+14,B,C,0.30148227,1.27363584,0.08827592,0.28826883
1563.5000,1.917445e+14,B,C,0.30950207,1.26485163,0.09322021,0.29512967
1563.5500,1.917383e+14,B,C,0.31795190,1.25558814,0.09856967,0.30228700
1563.6000,1.917322e+14,B,C,0.32686441,1.24580560,0.10436781,0.30975426
1563.6500,1.917261e+14,B,C,0.33627530,1.23545993,0.11066378,0.31754465
1563.7000,1.917199e+14,B,C,0.34622363,1.22450220,0.11751324,0.32567076
1563.7500,1.917138e+14,B,C,0.35675221,1.21287793,0.12497933,0.33414414
1563.8000,1.917077e+14,B,C,0.36790786,1.20052638,0.13313375,0.34297463
1563.8500,1.917015e+14,B,C,0.37974185,1.18737967,0.14205810,0.35216952
1563.9000,1.916954e+14,B,C,0.39231027,1.17336182,0.15184530,0.36173244
1563.9500,1.916893e+14,B,C,0.40567434,1.15838757,0.16260129,0.37166180
1564.0000,1.916832e+14,B,C,0.41990078,1.14236116,0.17444691,0.38194888
1564.0500,1.916770e+14,B,C,0.43506206,1.12517475,0.18751994,0.39257517
1564.1000,1.916709e+14,B,C,0.45123648,1.10670682,0.20197742,0.40350896
1564.1500,1.916648e+14,B,C,0.46850811,1.08682023,0.21799790,0.41470082
1564.2000,1.916586e+14,B,C,0.48696636,1.06536011,0.23578383,0.42607771
1564.2500,1.916525e+14,B,C,0.50670496,1.04215157,0.25556352,0.43753538
1564.3000,1.916464e+14,B,C,0.52782036,1.01699716,0.27759251,0.44892842
1564.3500,1.916403e+14,B,C,0.55040881,0.98967438,0.30215356,0.46005770
1564.4000,1.916341e+14,B,C,0.57456209,0.95993322,0.32955427,0.47065441
1564.4500,1.916280e+14,B,C,0.60036082,0.92749408,0.36012097,0.48036028
1564.5000,1.916219e+14,B,C,0.62786498,0.89204659,0.39418642,0.48870390
1564.5500,1.916158e+14,B,C,0.65710027,0.85324986,0.43206847,0.49507333
1564.6000,1.916096e+14,B,C,0.68803940,0.81073543,0.47403547,0.49868687
1564.6500,1.916035e+14,B,C,0.72057725,0.76411418,0.52025356,0.49856575
1564.7000,1.915974e+14,B,C,0.75449909,0.71298916,0.57071070,0.49351614
1564.7500,1.915913e+14,B,C,0.78944260,0.65697683,0.62511394,0.48213295
1564.8000,1.915852e+14,B,C,0.82485638,0.59573900,0.68276172,0.46284391
1564.8500,1.915790e+14,B,C,0.85996160,0.52902740,0.74240342,0.43401741
1564.9000,1.915729e+14,B,C,0.89372859,0.45674094,0.80211658,0.39415707
1564.9500,1.915668e+14,B,C,0.92488574,0.37899144,0.85925424,0.34219262
1565.0000,1.915607e+14,B,C,0.95197987,0.29616844,0.91053235,0.27784258
1565.0500,1.915546e+14,B,C,0.97350218,0.20898667,0.95232038,0.20197125
1565.1000,1.915484e+14,B,C,0.98807559,0.11849618,0.98114674,0.11680937
1565.1500,1.915423e+14,B,C,0.99467149,0.02603828,0.99433432,0.02589661
1565.2000,1.915362e+14,B,C,0.99279838,-0.06685686,0.99058039,-0.06632595
1565.2500,1.915301e+14,B,C,0.98259959,-0.15861550,0.97026493,-0.15520282
1565.3000,1.915240e+14,B,C,0.96482422,-0.24777597,0.93535874,-0.23662165
1565.3500,1.915178e+14,B,C,0.94068212,-0.33311793,0.88897038,-0.30759472
1565.4000,1.915117e+14,B,C,0.91163466,-0.41373942,0.83471444,-0.36650998
1565.4500,1.915056e+14,B,C,0.87918524,-0.48907512,0.77611638,-0.41304970
1565.5000,1.914995e+14,B,C,0.84471726,-0.55886708,0.71619890,-0.44789104
1565.5500,1.914934e+14,B,C,0.80939824,-0.62310710,0.65728738,-0.47233337
1565.6000,1.914873e+14,B,C,0.77414470,-0.68196988,0.60099374,-0.48796162
1565.6500,1.914811e+14,B,C,0.73963005,-0.73575026,0.54830804,-0.49639792
1565.7000,1.914750e+14,B,C,0.70631641,-0.78481145,0.49973406,-0.49914801
1565.7500,1.914689e+14,B,C,0.67449550,-0.82954626,0.45542646,-0.49752479
1565.8000,1.914628e+14,B,C,0.64432909,-0.87035018,0.41530802,-0.49262483
1565.8500,1.914567e+14,B,C,0.61588434,-0.90760429,0.37916021,-0.48533603
1565.9000,1.914506e+14,B,C,0.58916249,-0.94166528,0.34668818,-0.47636093
1565.9500,1.914445e+14,B,C,0.56412080,-0.97286057,0.31756480,-0.46624551
1566.0000,1.914384e+14,B,C,0.54068890,-1.00148670,0.29145873,-0.45540784
1566.0500,1.914322e+14,B,C,0.51878040,-1.02780980,0.26805138,-0.44416389
1566.1000,1.914261e+14,B,C,0.49830103,-1.05206730,0.24704607,-0.43274953
1566.1500,1.914200e+14,B,C,0.47915417,-1.07447018,0.22817235,-0.42133846
1566.2000,1.914139e+14,B,C,0.46124445,-1.09520548,0.21118714,-0.41005662
1566.2500,1.914078e+14,B,C,0.44448000,-1.11443884,0.19587402,-0.39899353
1566.3000,1.914017e+14,B,C,0.42877384,-1.13231692,0.18204160,-0.38821110
1566.3500,1.913956e+14,B,C,0.41404451,-1.14896963,0.16952130,-0.37775043
1566.4000,1.913895e+14,B,C,0.40021640,-1.16451214,0.15816501,-0.36763704
1566.4500,1.913834e+14,B,C,0.38721969,-1.17904670,0.14784283,-0.35788487
1566.5000,1.913772e+14,B,C,0.37499020,-1.19266419,0.13844083,-0.34849933
1566.5500,1.913711e+14,B,C,0.36346909,-1.20544557,0.12985912,-0.33947958
1566.6000,1.913650e+14,B,C,0.35260252,-1.21746307,0.12201002,-0.33082034
1566.6500,1.913589e+14,B,C,0.34234129,-1.22878127,0.11481652,-0.32251314
1566.7000,1.913528e+14,B,C,0.33264043,-1.23945799,0.10821088,-0.31454739
1566.7500,1.913467e+14,B,C,0.32345889,-1.24954516,0.10213343,-0.30691109
1566.8000,1.913406e+14,B,C,0.31475917,-1.25908946,0.09653150,-0.29959139
1566.8500,1.913345e+14,B,C,0.30650698,-1.26813297,0.09135856,-0.29257502
1566.9000,1.913284e+14,B,C,0.29867098,-1.27671368,0.08657337,-0.28584858
1566.9500,1.913223e+14,B,C,0.29122250,-1.28486597,0.08213935,-0.27939877
1567.0000,1.913162e+14,B,C,0.28413525,-1.29262100,0.07802399,-0.27321255
1567.0500,1.913101e+14,B,C,0.27738515,-1.30000708,0.07419831,-0.26727725
1567.1000,1.913040e+14,B,C,0.27095008,-1.30704995,0.07063647,-0.26158065
1567.1500,1.912979e+14,B,C,0.26480974,-1.31377310,0.06731535,-0.25611099
1567.2000,1.912918e+14,B,C,0.25894543,-1.32019796,0.06421424,-0.25085707
1567.2500,1.912857e+14,B,C,0.25333996,-1.32634414,0.06131456,-0.24580817
1567.3000,1.912796e+14,B,C,0.24797745,-1.33222961,0.05859960,-0.24095415
1567.3500,1.912735e+14,B,C,0.24284326,-1.33787086,0.05605429,-0.23628535
1567.4000,1.912674e+14,B,C,0.23792386,-1.34328306,0.05366505,-0.23179264
1567.4500,1.912613e+14,B,C,0.23320674,-1.34848016,0.05141961,-0.22746737
1567.5000,1.912552e+14,B,C,0.22868028,-1.35347502,0.04930683,-0.22330138
1567.5500,1.912491e+14,B,C,0.22433375,-1.35827953,0.04731664,-0.21928695
1567.6000,1.912430e+14,B,C,0.22015716,-1.36290468,0.04543987,-0.21541679
1567.6500,1.912369e+14,B,C,0.21614123,-1.36736064,0.04366817,-0.21168402
1567.7000,1.912308e+14,B,C,0.21227734,-1.37165683,0.04199396,-0.20808214
1567.7500,1.912247e+14,B,C,0.20855745,-1.37580202,0.04041029,-0.20460503
1567.8000,1.912186e+14,B,C,0.20497405,-1.37980434,0.03891083,-0.20124689
1567.8500,1.912125e+14,B,C,0.20152017,-1.38367136,0.03748977,-0.19800227
1567.9000,1.912064e+14,B,C,0.19818927,-1.38741014,0.03614180,-0.19486600
1567.9500,1.912003e+14,B,C,0.19497523,-1.39102726,0.03486203,-0.19183321
1568.0000,1.911942e+14,B,C,0.19187235,-1.39452887,0.03364599,-0.18889930
1568.0500,1.911881e+14,B,C,0.18887526,-1.39792071,0.03248953,-0.18605992
1568.1000,1.911820e+14,B,C,0.18597893,-1.40120817,0.03138886,-0.18331095
1568.1500,1.911759e+14,B,C,0.18317867,-1.40439626,0.03034047,-0.18064850
1568.2000,1.911698e+14,B,C,0.18047003,-1.40748972,0.02934112,-0.17806889
1568.2500,1.911637e+14,B,C,0.17784885,-1.41049299,0.02838782,-0.17556863
1568.3000,1.911576e+14,B,C,0.17531121,-1.41341021,0.02747778,-0.17314443
1568.3500,1.911515e+14,B,C,0.17285343,-1.41624532,0.02660845,-0.17079314
1568.4000,1.911454e+14,B,C,0.17047202,-1.41900199,0.02577743,-0.16851182
1568.4500,1.911393e+14,B,C,0.16816370,-1.42168370,0.02498251,-0.16629764
1568.5000,1.911332e+14,B,C,0.16592538,-1.42429372,0.02422164,-0.16414793
1568.5500,1.911271e+14,B,C,0.16375413,-1.42683514,0.02349289,-0.16206017
1568.6000,1.911210e+14,B,C,0.16164718,-1.42931087,0.02279450,-0.16003194
1568.6500,1.911149e+14,B,C,0.15960192,-1.43172367,0.02212478,-0.15806096
1568.7000,1.911089e+14,B,C,0.15761587,-1.43407615,0.02148220,-0.15614506
1568.7500,1.911028e+14,B,C,0.15568669,-1.43637078,0.02086530,-0.15428216
1568.8000,1.910967e+14,B,C,0.15381214,-1.43860988,0.02027272,-0.15247030
1568.8500,1.910906e+14,B,C,0.15199013,-1.44079568,0.01970321,-0.15070760
1568.9000,1.910845e+14,B,C,0.15021863,-1.44293028,0.01915557,-0.14899229
1568.9500,1.910784e+14,B,C,0.14849577,-1.44501567,0.01862868,-0.14732266
1569.0000,1.910723e+14,B,C,0.14681972,-1.44705374,0.01812152,-0.14569708
1569.0500,1.910662e+14,B,C,0.14518876,-1.44904630,0.01763310,-0.14411402
1569.1000,1.910601e+14,B,C,0.14360127,-1.45099506,0.01716249,-0.14257200
1569.1500,1.910540e+14,B,C,0.14205569,-1.45290164,0.01670884,-0.14106960
1551.0000,1.932898e+14,D,C,0.99515861,0.05488756,0.99365996,0.05459441
1551.0500,1.932836e+14,D,C,0.99520821,0.05398201,0.99375852,0.05369725
1551.1000,1.932773e+14,D,C,0.99525649,0.05308569,0.99385446,0.05280907
1551.1500,1.932711e+14,D,C,0.99530350,0.05219837,0.99394787,0.05192963
1551.2000,1.932649e+14,D,C,0.99534925,0.05131980,0.99403880,0.05105870
1551.2500,1.932586e+14,D,C,0.99539380,0.05044975,0.99412734,0.05019607
1551.3000,1.932524e+14,D,C,0.99543718,0.04958800,0.99421355,0.04934151
1551.3500,1.932462e+14,D,C,0.99547941,0.04873434,0.99429749,0.04849483
1551.4000,1.932399e+14,D,C,0.99552053,0.04788854,0.99437923,0.04765580
1551.4500,1.932337e+14,D,C,0.99556056,0.04705041,0.99445881,0.04682425
1551.5000,1.932275e+14,D,C,0.99559955,0.04621973,0.99453630,0.04599997
1551.5500,1.932213e+14,D,C,0.99563750,0.04539633,0.99461176,0.04518277
1551.6000,1.932150e+14,D,C,0.99567446,0.04458000,0.99468524,0.04437247
1551.6500,1.932088e+14,D,C,0.99571045,0.04377056,0.99475678,0.04356889
1551.7000,1.932026e+14,D,C,0.99574548,0.04296784,0.99482643,0.04277186
1551.7500,1.931964e+14,D,C,0.99577959,0.04217164,0.99489425,0.04198121
1551.8000,1.931901e+14,D,C,0.99581280,0.04138181,0.99496028,0.04119677
1551.8500,1.931839e+14,D,C,0.99584513,0.04059817,0.99502456,0.04041838
1551.9000,1.931777e+14,D,C,0.99587660,0.03982056,0.99508713,0.03964588
1551.9500,1.931715e+14,D,C,0.99590722,0.03904882,0.99514804,0.03887912
1552.0000,1.931652e+14,D,C,0.99593703,0.03828279,0.99520731,0.03811794
1552.0500,1.931590e+14,D,C,0.99596604,0.03752233,0.99526500,0.03736220
1552.1000,1.931528e+14,D,C,0.99599427,0.03676728,0.99532114,0.03661175
1552.1500,1.931466e+14,D,C,0.99602173,0.03601750,0.99537575,0.03586645
1552.2000,1.931404e+14,D,C,0.99604845,0.03527284,0.99542888,0.03512617
1552.2500,1.931341e+14,D,C,0.99607443,0.03453317,0.99548056,0.03439077
1552.3000,1.931279e+14,D,C,0.99609970,0.03379835,0.99553082,0.03366011
1552.3500,1.931217e+14,D,C,0.99612427,0.03306824,0.99557968,0.03293408
1552.4000,1.931155e+14,D,C,0.99614815,0.03234273,0.99562719,0.03221253
1552.4500,1.931093e+14,D,C,0.99617136,0.03162167,0.99567335,0.03149535
1552.5000,1.931030e+14,D,C,0.99619392,0.03090494,0.99571821,0.03078242
1552.5500,1.930968e+14,D,C,0.99621583,0.03019243,0.99576179,0.03007361
1552.6000,1.930906e+14,D,C,0.99623710,0.02948401,0.99580411,0.02936881
1552.6500,1.930844e+14,D,C,0.99625776,0.02877956,0.99584520,0.02866791
1552.7000,1.930782e+14,D,C,0.99627780,0.02807898,0.99588508,0.02797078
1552.7500,1.930719e+14,D,C,0.99629726,0.02738213,0.99592378,0.02727733
1552.8000,1.930657e+14,D,C,0.99631612,0.02668892,0.99596130,0.02658745
1552.8500,1.930595e+14,D,C,0.99633441,0.02599924,0.99599769,0.02590102
1552.9000,1.930533e+14,D,C,0.99635213,0.02531297,0.99603294,0.02521794
1552.9500,1.930471e+14,D,C,0.99636930,0.02463001,0.99606710,0.02453811
1553.0000,1.930409e+14,D,C,0.99638592,0.02395026,0.99610016,0.02386142
1553.0500,1.930346e+14,D,C,0.99640200,0.02327362,0.99613216,0.02318779
1553.1000,1.930284e+14,D,C,0.99641755,0.02259998,0.99616310,0.02251710
1553.1500,1.930222e+14,D,C,0.99643258,0.02192925,0.99619301,0.02184927
1553.2000,1.930160e+14,D,C,0.99644710,0.02126133,0.99622189,0.02118420
1553.2500,1.930098e+14,D,C,0.99646112,0.02059613,0.99624978,0.02052179
1553.3000,1.930036e+14,D,C,0.99647463,0.01993354,0.99627667,0.01986195
1553.3500,1.929974e+14,D,C,0.99648766,0.01927348,0.99630258,0.01920460
1553.4000,1.929912e+14,D,C,0.99650020,0.01861586,0.99632754,0.01854964
1553.4500,1.929849e+14,D,C,0.99651226,0.01796059,0.99635154,0.01789698
1553.5000,1.929787e+14,D,C,0.99652385,0.01730757,0.99637460,0.01724654
1553.5500,1.929725e+14,D,C,0.99653498,0.01665671,0.99639674,0.01659823
1553.6000,1.929663e+14,D,C,0.99654565,0.01600794,0.99641796,0.01595196
1553.6500,1.929601e+14,D,C,0.99655586,0.01536117,0.99643828,0.01530766
1553.7000,1.929539e+14,D,C,0.99656562,0.01471630,0.99645771,0.01466523
1553.7500,1.929477e+14,D,C,0.99657494,0.01407327,0.99647625,0.01402460
1553.8000,1.929415e+14,D,C,0.99658382,0.01343197,0.99649392,0.01338569
1553.8500,1.929353e+14,D,C,0.99659226,0.01279234,0.99651072,0.01274840
1553.9000,1.929291e+14,D,C,0.99660027,0.01215429,0.99652666,0.01211267
1553.9500,1.929228e+14,D,C,0.99660786,0.01151774,0.99654175,0.01147842
1554.0000,1.929166e+14,D,C,0.99661502,0.01088261,0.99655600,0.01084556
1554.0500,1.929104e+14,D,C,0.99662176,0.01024883,0.99656942,0.01021402
1554.1000,1.929042e+14,D,C,0.99662808,0.00961630,0.99658200,0.00958373
1554.1500,1.928980e+14,D,C,0.99663399,0.00898496,0.99659376,0.00895460
1554.2000,1.928918e+14,D,C,0.99663949,0.00835473,0.99660471,0.00832655
1554.2500,1.928856e+14,D,C,0.99664459,0.00772553,0.99661484,0.00769953
1554.3000,1.928794e+14,D,C,0.99664927,0.00709728,0.99662417,0.00707344
1554.3500,1.928732e+14,D,C,0.99665356,0.00646991,0.99663270,0.00644822
1554.4000,1.928670e+14,D,C,0.99665744,0.00584335,0.99664043,0.00582379
1554.4500,1.928608e+14,D,C,0.99666092,0.00521752,0.99664736,0.00520007
1554.5000,1.928546e+14,D,C,0.99666401,0.00459234,0.99665350,0.00457700
1554.5500,1.928484e+14,D,C,0.99666670,0.00396774,0.99665886,0.00395450
1554.6000,1.928422e+14,D,C,0.99666900,0.00334365,0.99666343,0.00333250
1554.6500,1.928360e+14,D,C,0.99667090,0.00271999,0.99666722,0.00271093
1554.7000,1.928298e+14,D,C,0.99667241,0.00209669,0.99667022,0.00208971
1554.7500,1.928236e+14,D,C,0.99667353,0.00147368,0.99667245,0.00146877
1554.8000,1.928174e+14,D,C,0.99667426,0.00085087,0.99667390,0.00084804
1554.8500,1.928112e+14,D,C,0.99667460,0.00022821,0.99667457,0.00022745
1554.9000,1.928050e+14,D,C,0.99667455,-0.00039438,0.99667447,-0.00039307
1554.9500,1.927988e+14,D,C,0.99667411,-0.00101698,0.99667359,-0.00101360
1555.0000,1.927926e+14,D,C,0.99667327,-0.00163966,0.99667193,-0.00163421
1555.0500,1.927864e+14,D,C,0.99667205,-0.00226249,0.99666950,-0.00225496
1555.1000,1.927802e+14,D,C,0.99667044,-0.00288555,0.99666629,-0.00287594
1555.1500,1.927740e+14,D,C,0.99666843,-0.00350891,0.99666229,-0.00349721
1555.2000,1.927678e+14,D,C,0.99666603,-0.00413263,0.99665752,-0.00411884
1555.2500,1.927616e+14,D,C,0.99666324,-0.00475680,0.99665196,-0.00474091
1555.3000,1.927554e+14,D,C,0.99666005,-0.00538149,0.99664562,-0.00536349
1555.3500,1.927492e+14,D,C,0.99665647,-0.00600678,0.99663849,-0.00598666
1555.4000,1.927430e+14,D,C,0.99665248,-0.00663272,0.99663056,-0.00661047
1555.4500,1.927368e+14,D,C,0.99664810,-0.00725941,0.99662184,-0.00723502
1555.5000,1.927306e+14,D,C,0.99664332,-0.00788692,0.99661232,-0.00786036
1555.5500,1.927244e+14,D,C,0.99663813,-0.00851531,0.99660200,-0.00848658
1555.6000,1.927182e+14,D,C,0.99663254,-0.00914468,0.99659086,-0.00911375
1555.6500,1.927120e+14,D,C,0.99662653,-0.00977508,0.99657892,-0.00974195
1555.7000,1.927058e+14,D,C,0.99662012,-0.01040660,0.99656615,-0.01037124
1555.7500,1.926996e+14,D,C,0.99661329,-0.01103932,0.99655256,-0.01100171
1555.8000,1.926934e+14,D,C,0.99660604,-0.01167331,0.99653814,-0.01163343
1555.8500,1.926873e+14,D,C,0.99659837,-0.01230866,0.99652288,-0.01226648
1555.9000,1.926811e+14,D,C,0.99659028,-0.01294543,0.99650677,-0.01290093
1555.9500,1.926749e+14,D,C,0.99658175,-0.01358371,0.99648981,-0.01353686
1556.0000,1.926687e+14,D,C,0.99657280,-0.01422359,0.99647199,-0.01417436
1556.0500,1.926625e+14,D,C,0.99656340,-0.01486513,0.99645330,-0.01481350
1556.1000,1.926563e+14,D,C,0.99655357,-0.01550843,0.99643373,-0.01545436
1556.1500,1.926501e+14,D,C,0.99654329,-0.01615356,0.99641327,-0.01609702
1556.2000,1.926439e+14,D,C,0.99653256,-0.01680061,0.99639192,-0.01674156
1556.2500,1.926377e+14,D,C,0.99652137,-0.01744966,0.99636966,-0.01738808
1556.3000,1.926315e+14,D,C,0.99650972,-0.01810080,0.99634647,-0.01803664
1556.3500,1.926253e+14,D,C,0.99649760,-0.01875412,0.99632236,-0.01868734
1556.4000,1.926192e+14,D,C,0.99648501,-0.01940970,0.99629731,-0.01934026
1556.4500,1.926130e+14,D,C,0.99647193,-0.02006763,0.99627130,-0.01999549
1556.5000,1.926068e+14,D,C,0.99645837,-0.02072800,0.99624432,-0.02065311
1556.5500,1.926006e+14,D,C,0.99644432,-0.02139090,0.99621636,-0.02131322
1556.6000,1.925944e+14,D,C,0.99642977,-0.02205643,0.99618740,-0.02197590
1556.6500,1.925882e+14,D,C,0.99641471,-0.02272467,0.99615744,-0.02264125
1556.7000,1.925820e+14,D,C,0.99639913,-0.02339573,0.99612645,-0.02330936
1556.7500,1.925759e+14,D,C,0.99638303,-0.02406970,0.99609442,-0.02398032
1556.8000,1.925697e+14,D,C,0.99636640,-0.02474667,0.99606133,-0.02465424
1556.8500,1.925635e+14,D,C,0.99634922,-0.02542675,0.99602716,-0.02533120
1556.9000,1.925573e+14,D,C,0.99633150,-0.02611004,0.99599190,-0.02601130
1556.9500,1.925511e+14,D,C,0.99631322,-0.02679664,0.99595554,-0.02669465
1557.0000,1.925449e+14,D,C,0.99629437,-0.02748665,0.99591803,-0.02738135
1557.0500,1.925387e+14,D,C,0.99627494,-0.02818019,0.99587938,-0.02807150
1557.1000,1.925326e+14,D,C,0.99625492,-0.02887736,0.99583956,-0.02876521
1557.1500,1.925264e+14,D,C,0.99623430,-0.02957826,0.99579854,-0.02946258
1557.2000,1.925202e+14,D,C,0.99621307,-0.03028302,0.99575631,-0.03016373
1557.2500,1.925140e+14,D,C,0.99619121,-0.03099175,0.99571284,-0.03086877
1557.3000,1.925078e+14,D,C,0.99616872,-0.03170456,0.99566810,-0.03157780
1557.3500,1.925017e+14,D,C,0.99614558,-0.03242157,0.99562207,-0.03229095
1557.4000,1.924955e+14,D,C,0.99612178,-0.03314291,0.99557474,-0.03300833
1557.4500,1.924893e+14,D,C,0.99609731,-0.03386869,0.99552605,-0.03373007
1557.5000,1.924831e+14,D,C,0.99607214,-0.03459905,0.99547600,-0.03445628
1557.5500,1.924769e+14,D,C,0.99604627,-0.03533411,0.99542455,-0.03518709
1557.6000,1.924708e+14,D,C,0.99601968,-0.03607401,0.99537168,-0.03592263
1557.6500,1.924646e+14,D,C,0.99599236,-0.03681888,0.99531734,-0.03666303
1557.7000,1.924584e+14,D,C,0.99596429,-0.03756885,0.99526151,-0.03740843
1557.7500,1.924522e+14,D,C,0.99593544,-0.03832407,0.99520415,-0.03815896
1557.8000,1.924461e+14,D,C,0.99590581,-0.03908468,0.99514523,-0.03891475
1557.8500,1.924399e+14,D,C,0.99587538,-0.03985083,0.99508472,-0.03967596
1557.9000,1.924337e+14,D,C,0.99584413,-0.04062267,0.99502257,-0.04044272
1557.9500,1.924275e+14,D,C,0.99581203,-0.04140035,0.99495874,-0.04121519
1558.0000,1.924213e+14,D,C,0.99577907,-0.04218403,0.99489321,-0.04199352
1558.0500,1.924152e+14,D,C,0.99574522,-0.04297387,0.99482592,-0.04277786
1558.1000,1.924090e+14,D,C,0.99571047,-0.04377004,0.99475682,-0.04356837
1558.1500,1.924028e+14,D,C,0.99567479,-0.04457271,0.99468589,-0.04436523
1558.2000,1.923966e+14,D,C,0.99563816,-0.04538204,0.99461306,-0.04516859
1558.2500,1.923905e+14,D,C,0.99560055,-0.04619823,0.99453829,-0.04597862
1558.3000,1.923843e+14,D,C,0.99556193,-0.04702145,0.99446154,-0.04679551
1558.3500,1.923781e+14,D,C,0.99552229,-0.04785188,0.99438274,-0.04761944
1558.4000,1.923720e+14,D,C,0.99548159,-0.04868973,0.99430184,-0.04845058
1558.4500,1.923658e+14,D,C,0.99543981,-0.04953519,0.99421879,-0.04928914
1558.5000,1.923596e+14,D,C,0.99539691,-0.05038846,0.99413352,-0.05013529
1558.5500,1.923534e+14,D,C,0.99535287,-0.05124975,0.99404599,-0.05098926
1558.6000,1.923473e+14,D,C,0.99530765,-0.05211928,0.99395612,-0.05185123
1558.6500,1.923411e+14,D,C,0.99526121,-0.05299726,0.99386384,-0.05272143
1558.7000,1.923349e+14,D,C,0.99521354,-0.05388393,0.99376909,-0.05360007
1558.7500,1.923288e+14,D,C,0.99516458,-0.05477951,0.99367181,-0.05448736
1558.8000,1.923226e+14,D,C,0.99511430,-0.05568424,0.99357190,-0.05538356
1558.8500,1.923164e+14,D,C,0.99506266,-0.05659838,0.99346930,-0.05628887
1558.9000,1.923103e+14,D,C,0.99500962,-0.05752218,0.99336393,-0.05720356
1558.9500,1.923041e+14,D,C,0.99495515,-0.05845589,0.99325570,-0.05812787
1559.0000,1.922979e+14,D,C,0.99489918,-0.05939980,0.99314453,-0.05906206
1559.0500,1.922918e+14,D,C,0.99484169,-0.06035416,0.99303032,-0.06000639
1559.1000,1.922856e+14,D,C,0.99478262,-0.06131929,0.99291299,-0.06096114
1559.1500,1.922794e+14,D,C,0.99472192,-0.06229545,0.99279242,-0.06192658
1559.2000,1.922733e+14,D,C,0.99465954,-0.06328298,0.99266853,-0.06290301
1559.2500,1.922671e+14,D,C,0.99459542,-0.06428216,0.99254120,-0.06389072
1559.3000,1.922609e+14,D,C,0.99452952,-0.06529334,0.99241032,-0.06489003
1559.3500,1.922548e+14,D,C,0.99446177,-0.06631685,0.99227578,-0.06590124
1559.4000,1.922486e+14,D,C,0.99439210,-0.06735303,0.99213746,-0.06692469
1559.4500,1.922424e+14,D,C,0.99432046,-0.06840224,0.99199522,-0.06796072
1559.5000,1.922363e+14,D,C,0.99424678,-0.06946485,0.99184894,-0.06900967
1559.5500,1.922301e+14,D,C,0.99417098,-0.07054124,0.99169848,-0.07007190
1559.6000,1.922239e+14,D,C,0.99409301,-0.07163181,0.99154369,-0.07114780
1559.6500,1.922178e+14,D,C,0.99401277,-0.07273696,0.99138443,-0.07223773
1559.7000,1.922116e+14,D,C,0.99393018,-0.07385712,0.99122053,-0.07334210
1559.7500,1.922055e+14,D,C,0.99384518,-0.07499274,0.99105184,-0.07446133
1559.8000,1.921993e+14,D,C,0.99375766,-0.07614425,0.99087817,-0.07559583
1559.8500,1.921931e+14,D,C,0.99366754,-0.07731213,0.99069936,-0.07674605
1559.9000,1.921870e+14,D,C,0.99357472,-0.07849688,0.99051520,-0.07791244
1559.9500,1.921808e+14,D,C,0.99347909,-0.07969898,0.99032551,-0.07909548
1560.0000,1.921747e+14,D,C,0.99338056,-0.08091898,0.99013007,-0.08029564
1560.0500,1.921685e+14,D,C,0.99327902,-0.08215740,0.98992867,-0.08151345
1560.1000,1.921623e+14,D,C,0.99317434,-0.08341482,0.98972108,-0.08274942
1560.1500,1.921562e+14,D,C,0.99306641,-0.08469183,0.98950706,-0.08400410
1560.2000,1.921500e+14,D,C,0.99295510,-0.08598902,0.98928635,-0.08527805
1560.2500,1.921439e+14,D,C,0.99284028,-0.08730704,0.98905871,-0.08657186
1560.3000,1.921377e+14,D,C,0.99272179,-0.08864654,0.98882384,-0.08788614
1560.3500,1.921315e+14,D,C,0.99259950,-0.09000820,0.98858146,-0.08922151
1560.4000,1.921254e+14,D,C,0.99247325,-0.09139274,0.98833126,-0.09057864
1560.4500,1.921192e+14,D,C,0.99234288,-0.09280090,0.98807291,-0.09195819
1560.5000,1.921131e+14,D,C,0.99220821,-0.09423345,0.98780609,-0.09336089
1560.5500,1.921069e+14,D,C,0.99206906,-0.09569120,0.98753043,-0.09478746
1560.6000,1.921008e+14,D,C,0.99192523,-0.09717497,0.98724555,-0.09623868
1560.6500,1.920946e+14,D,C,0.99177653,-0.09868565,0.98695107,-0.09771533
1560.7000,1.920885e+14,D,C,0.99162275,-0.10022415,0.98664655,-0.09921825
1560.7500,1.920823e+14,D,C,0.99146364,-0.10179142,0.98633156,-0.10074830
1560.8000,1.920762e+14,D,C,0.99129899,-0.10338845,0.98600563,-0.10230638
1560.8500,1.920700e+14,D,C,0.99112853,-0.10501629,0.98566826,-0.10389343
1560.9000,1.920638e+14,D,C,0.99095201,-0.10667601,0.98531895,-0.10551042
1560.9500,1.920577e+14,D,C,0.99076912,-0.10836875,0.98495713,-0.10715838
1561.0000,1.920515e+14,D,C,0.99057959,-0.11009570,0.98458221,-0.10883837
1561.0500,1.920454e+14,D,C,0.99038309,-0.11185810,0.98419360,-0.11055150
1561.1000,1.920392e+14,D,C,0.99017929,-0.11365726,0.98379061,-0.11229892
1561.1500,1.920331e+14,D,C,0.98996782,-0.11549455,0.98337257,-0.11408187
1561.2000,1.920269e+14,D,C,0.98974832,-0.11737138,0.98293873,-0.11590159
1561.2500,1.920208e+14,D,C,0.98952037,-0.11928927,0.98248832,-0.11775941
1561.3000,1.920146e+14,D,C,0.98928356,-0.12124979,0.98202049,-0.11965673
1561.3500,1.920085e+14,D,C,0.98903743,-0.12325460,0.98153436,-0.12159500
1561.4000,1.920023e+14,D,C,0.98878149,-0.12530544,0.98102899,-0.12357572
1561.4500,1.919962e+14,D,C,0.98851522,-0.12740415,0.98050337,-0.12560051
1561.5000,1.919900e+14,D,C,0.98823809,-0.12955264,0.97995644,-0.12767102
1561.5500,1.919839e+14,D,C,0.98794949,-0.13175296,0.97938705,-0.12978901
1561.6000,1.919778e+14,D,C,0.98764880,-0.13400723,0.97879399,-0.13195631
1561.6500,1.919716e+14,D,C,0.98733535,-0.13631773,0.97817595,-0.13417486
1561.7000,1.919655e+14,D,C,0.98700842,-0.13868682,0.97753154,-0.13644667
1561.7500,1.919593e+14,D,C,0.98666724,-0.14111702,0.97685928,-0.13877388
1561.8000,1.919532e+14,D,C,0.98631098,-0.14361100,0.97615755,-0.14115873
1561.8500,1.919470e+14,D,C,0.98593877,-0.14617156,0.97542466,-0.14360356
1561.9000,1.919409e+14,D,C,0.98554964,-0.14880168,0.97465877,-0.14611085
1561.9500,1.919347e+14,D,C,0.98514258,-0.15150451,0.97385789,-0.14868322
1562.0000,1.919286e+14,D,C,0.98471648,-0.15428340,0.97301992,-0.15132340
1562.0500,1.919224e+14,D,C,0.98427016,-0.15714188,0.97214257,-0.15403429
1562.1000,1.919163e+14,D,C,0.98380233,-0.16008373,0.97122338,-0.15681894
1562.1500,1.919102e+14,D,C,0.98331162,-0.16311295,0.97025968,-0.15968058
1562.2000,1.919040e+14,D,C,0.98279653,-0.16623379,0.96924863,-0.16262259
1562.2500,1.918979e+14,D,C,0.98225545,-0.16945079,0.96818713,-0.16564857
1562.3000,1.918917e+14,D,C,0.98168661,-0.17276879,0.96707181,-0.16876231
1562.3500,1.918856e+14,D,C,0.98108813,-0.17619294,0.96589906,-0.17196781
1562.4000,1.918795e+14,D,C,0.98045793,-0.17972874,0.96466492,-0.17526930
1562.4500,1.918733e+14,D,C,0.97979376,-0.18338209,0.96336514,-0.17867126
1562.5000,1.918672e+14,D,C,0.97909318,-0.18715928,0.96199505,-0.18217844
1562.5500,1.918610e+14,D,C,0.97835352,-0.19106707,0.96054959,-0.18579585
1562.6000,1.918549e+14,D,C,0.97757186,-0.19511269,0.95902324,-0.18952879
1562.6500,1.918488e+14,D,C,0.97674501,-0.19930393,0.95740998,-0.19338290
1562.7000,1.918426e+14,D,C,0.97586948,-0.20364913,0.95570322,-0.19736412
1562.7500,1.918365e+14,D,C,0.97494141,-0.20815729,0.95389573,-0.20147878
1562.8000,1.918303e+14,D,C,0.97395661,-0.21283812,0.95197961,-0.20573356
1562.8500,1.918242e+14,D,C,0.97291042,-0.21770208,0.94994618,-0.21013553
1562.9000,1.918181e+14,D,C,0.97179773,-0.22276048,0.94778588,-0.21469221
1562.9500,1.918119e+14,D,C,0.97061287,-0.22802555,0.94548819,-0.21941152
1563.0000,1.918058e+14,D,C,0.96934958,-0.23351055,0.94304150,-0.22430189
1563.0500,1.917997e+14,D,C,0.96800091,-0.23922989,0.94043297,-0.22937219
1563.1000,1.917935e+14,D,C,0.96655915,-0.24519920,0.93764839,-0.23463182
1563.1500,1.917874e+14,D,C,0.96501569,-0.25143550,0.93467200,-0.24009067
1563.2000,1.917813e+14,D,C,0.96336096,-0.25795737,0.93148631,-0.24575920
1563.2500,1.917751e+14,D,C,0.96158422,-0.26478508,0.92807182,-0.25164836
1563.3000,1.917690e+14,D,C,0.95967345,-0.27194081,0.92440680,-0.25776966
1563.3500,1.917629e+14,D,C,0.95761516,-0.27944886,0.92046697,-0.26413509
1563.4000,1.917567e+14,D,C,0.95539415,-0.28733592,0.91622516,-0.27075715
1563.4500,1.917506e+14,D,C,0.95299326,-0.29563133,0.91165088,-0.27764872
1563.5000,1.917445e+14,D,C,0.95039307,-0.30436742,0.90670989,-0.28482305
1563.5500,1.917383e+14,D,C,0.94757158,-0.31357989,0.90136362,-0.29229355
1563.6000,1.917322e+14,D,C,0.94450372,-0.32330822,0.89556858,-0.30007366
1563.6500,1.917261e+14,D,C,0.94116094,-0.33359616,0.88927560,-0.30817660
1563.7000,1.917199e+14,D,C,0.93751055,-0.34449229,0.88242903,-0.31661497
1563.7500,1.917138e+14,D,C,0.93351508,-0.35605067,0.87496573,-0.32540033
1563.8000,1.917077e+14,D,C,0.92913143,-0.36833159,0.86681400,-0.33454253
1563.8500,1.917015e+14,D,C,0.92430986,-0.38140236,0.85789224,-0.34404886
1563.9000,1.916954e+14,D,C,0.91899285,-0.39533836,0.84810753,-0.35392296
1563.9500,1.916893e+14,D,C,0.91311362,-0.41022409,0.83735393,-0.36416326
1564.0000,1.916832e+14,D,C,0.90659451,-0.42615448,0.82551061,-0.37476104
1564.0500,1.916770e+14,D,C,0.89934486,-0.44323634,0.81243976,-0.38569781
1564.1000,1.916709e+14,D,C,0.89125862,-0.46158999,0.79798439,-0.39694186
1564.1500,1.916648e+14,D,C,0.88221142,-0.48135112,0.78196590,-0.40844377
1564.2000,1.916586e+14,D,C,0.87205710,-0.50267288,0.76418187,-0.42013051
1564.2500,1.916525e+14,D,C,0.86062363,-0.52572805,0.74440398,-0.43189783
1564.3000,1.916464e+14,D,C,0.84770830,-0.55071145,0.72237670,-0.44360035
1564.3500,1.916403e+14,D,C,0.83307225,-0.57784233,0.69781726,-0.45503894
1564.4000,1.916341e+14,D,C,0.81643427,-0.60736662,0.67041806,-0.46594478
1564.4500,1.916280e+14,D,C,0.79746420,-0.63955865,0.63985277,-0.47595963
1564.5000,1.916219e+14,D,C,0.77577623,-0.67472199,0.60578864,-0.48461209
1564.5500,1.916158e+14,D,C,0.75092301,-0.71318845,0.56790782,-0.49129022
1564.6000,1.916096e+14,D,C,0.72239199,-0.75531423,0.52594194,-0.49521233
1564.6500,1.916035e+14,D,C,0.68960626,-0.80147143,0.47972488,-0.49539967
1564.7000,1.915974e+14,D,C,0.65193347,-0.85203261,0.42926868,-0.49065839
1564.7500,1.915913e+14,D,C,0.60870764,-0.90734516,0.37486627,-0.47958344
1564.8000,1.915852e+14,D,C,0.55926984,-0.96769126,0.31721923,-0.46060255
1564.8500,1.915790e+14,D,C,0.50303399,-1.03322748,0.25757818,-0.43208411
1564.9000,1.915729e+14,D,C,0.43958159,-1.10389379,0.19786557,-0.39253177
1564.9500,1.915668e+14,D,C,0.36878232,-1.17926663,0.14072837,-0.34087524
1565.0000,1.915607e+14,D,C,0.29092603,-1.25826474,0.08945061,-0.27683306
1565.0500,1.915546e+14,D,C,0.20683612,-1.33826881,0.04766285,-0.20126956
1565.1000,1.915484e+14,D,C,0.11792954,-1.41038118,0.01883665,-0.11641545
1565.1500,1.915423e+14,D,C,0.02642142,-1.35532340,0.00564915,-0.02581044
1565.2000,1.915362e+14,D,C,0.06676982,1.42949853,0.00940307,0.06610440
1565.2500,1.915301e+14,D,C,0.15750268,1.38097336,0.02971840,0.15467357
1565.3000,1.915240e+14,D,C,0.24448053,1.30328359,0.06462439,0.23578469
1565.3500,1.915178e+14,D,C,0.32593771,1.22324770,0.11101244,0.30645005
1565.4000,1.915117e+14,D,C,0.40072502,1.14568477,0.16526798,0.36505758
1565.4500,1.915056e+14,D,C,0.46826796,1.07233866,0.22386554,0.41128956
1565.5000,1.914995e+14,D,C,0.52847963,1.00394450,0.28378243,0.44582312
1565.5500,1.914934e+14,D,C,0.58163464,0.94074045,0.34269326,0.46995764
1565.6000,1.914873e+14,D,C,0.62823935,0.88267627,0.39898611,0.48527802
1565.6500,1.914811e+14,D,C,0.66892190,0.82953039,0.45167094,0.49340640
1565.7000,1.914750e+14,D,C,0.70435058,0.78098551,0.50024394,0.49584850
1565.7500,1.914689e+14,D,C,0.73517988,0.73667909,0.54455048,0.49391723
1565.8000,1.914628e+14,D,C,0.76201902,0.69623636,0.58466775,0.48870912
1565.8500,1.914567e+14,D,C,0.78541660,0.65929094,0.62081430,0.48111208
1565.9000,1.914506e+14,D,C,0.80585577,0.62549683,0.65328497,0.47182865
1565.9500,1.914445e+14,D,C,0.82375576,0.59453461,0.68240690,0.46140478
1566.0000,1.914384e+14,D,C,0.83947673,0.56611380,0.70851142,0.45025854
1566.0500,1.914322e+14,D,C,0.85332617,0.53997295,0.73191713,0.43870590
1566.1000,1.914261e+14,D,C,0.86556560,0.51587834,0.75292070,0.42698271
1566.1500,1.914200e+14,D,C,0.87641705,0.49362194,0.77179257,0.41526266
1566.2000,1.914139e+14,D,C,0.88606895,0.47301908,0.78877585,0.40367169
1566.2500,1.914078e+14,D,C,0.89468126,0.45390606,0.80408694,0.39229931
1566.3000,1.914017e+14,D,C,0.90238998,0.43613782,0.81791723,0.38120741
1566.3500,1.913956e+14,D,C,0.90931097,0.41958577,0.83043530,0.37043709
1566.4000,1.913895e+14,D,C,0.91554309,0.40413586,0.84178926,0.36001387
1566.4500,1.913834e+14,D,C,0.92117096,0.38968679,0.85210902,0.34995166
1566.5000,1.913772e+14,D,C,0.92626721,0.37614846,0.86150850,0.34025587
1566.5500,1.913711e+14,D,C,0.93089431,0.36344061,0.87008759,0.33092566
1566.6000,1.913650e+14,D,C,0.93510617,0.35149158,0.87793397,0.32195573
1566.6500,1.913589e+14,D,C,0.93894947,0.34023733,0.88512465,0.31333760
1566.7000,1.913528e+14,D,C,0.94246471,0.32962045,0.89172737,0.30506069
1566.7500,1.913467e+14,D,C,0.94568716,0.31958942,0.89780181,0.29711296
1566.8000,1.913406e+14,D,C,0.94864759,0.31009789,0.90340061,0.28948158
1566.8500,1.913345e+14,D,C,0.95137296,0.30110409,0.90857034,0.28215325
1566.9000,1.913284e+14,D,C,0.95388693,0.29257028,0.91335221,0.27511457
1566.9500,1.913223e+14,D,C,0.95621033,0.28446232,0.91778281,0.26835223
1567.0000,1.913162e+14,D,C,0.95836153,0.27674927,0.92189465,0.26185318
1567.0500,1.913101e+14,D,C,0.96035681,0.26940300,0.92571670,0.25560474
1567.1000,1.913040e+14,D,C,0.96221057,0.26239793,0.92927481,0.24959468
1567.1500,1.912979e+14,D,C,0.96393566,0.25571074,0.93259210,0.24381124
1567.2000,1.912918e+14,D,C,0.96554349,0.24932013,0.93568928,0.23824319
1567.2500,1.912857e+14,D,C,0.96704429,0.24320660,0.93858492,0.23287983
1567.3000,1.912796e+14,D,C,0.96844719,0.23735230,0.94129575,0.22771097
1567.3500,1.912735e+14,D,C,0.96976040,0.23174084,0.94383681,0.22272698
1567.4000,1.912674e+14,D,C,0.97099127,0.22635715,0.94622169,0.21791870
1567.4500,1.912613e+14,D,C,0.97214646,0.22118737,0.94846268,0.21327748
1567.5000,1.912552e+14,D,C,0.97323195,0.21621869,0.95057089,0.20879514
1567.5500,1.912491e+14,D,C,0.97425317,0.21143931,0.95255642,0.20446395
1567.6000,1.912430e+14,D,C,0.97521502,0.20683831,0.95442842,0.20027662
1567.6500,1.912369e+14,D,C,0.97612195,0.20240557,0.95619523,0.19622626
1567.7000,1.912308e+14,D,C,0.97697801,0.19813173,0.95786445,0.19230635
1567.7500,1.912247e+14,D,C,0.97778689,0.19400806,0.95944302,0.18851077
1567.8000,1.912186e+14,D,C,0.97855196,0.19002650,0.96093727,0.18483370
1567.8500,1.912125e+14,D,C,0.97927627,0.18617949,0.96235300,0.18126969
1567.9000,1.912064e+14,D,C,0.97996263,0.18246003,0.96369554,0.17781355
1567.9500,1.912003e+14,D,C,0.98061363,0.17886158,0.96496977,0.17446042
1568.0000,1.911942e+14,D,C,0.98123162,0.17537802,0.96618016,0.17120566
1568.0500,1.911881e+14,D,C,0.98181876,0.17200365,0.96733085,0.16804493
1568.1000,1.911820e+14,D,C,0.98237705,0.16873310,0.96842564,0.16497409
1568.1500,1.911759e+14,D,C,0.98290833,0.16556138,0.96946803,0.16198925
1568.2000,1.911698e+14,D,C,0.98341429,0.16248380,0.97046127,0.15908672
1568.2500,1.911637e+14,D,C,0.98389649,0.15949593,0.97140835,0.15626299
1568.3000,1.911576e+14,D,C,0.98435639,0.15659364,0.97231205,0.15351475
1568.3500,1.911515e+14,D,C,0.98479531,0.15377304,0.97317492,0.15083887
1568.4000,1.911454e+14,D,C,0.98521450,0.15103047,0.97399937,0.14823237
1568.4500,1.911393e+14,D,C,0.98561510,0.14836246,0.97478759,0.14569242
1568.5000,1.911332e+14,D,C,0.98599819,0.14576576,0.97554165,0.14321635
1568.5500,1.911271e+14,D,C,0.98636476,0.14323730,0.97626346,0.14080160
1568.6000,1.911210e+14,D,C,0.98671572,0.14077419,0.97695480,0.13844578
1568.6500,1.911149e+14,D,C,0.98705195,0.13837368,0.97761734,0.13614656
1568.7000,1.911089e+14,D,C,0.98737424,0.13603317,0.97825262,0.13390178
1568.7500,1.911028e+14,D,C,0.98768333,0.13375022,0.97886210,0.13170935
1568.8000,1.910967e+14,D,C,0.98797994,0.13152250,0.97944713,0.12956729
1568.8500,1.910906e+14,D,C,0.98826471,0.12934780,0.98000897,0.12747371
1568.9000,1.910845e+14,D,C,0.98853825,0.12722404,0.98054881,0.12542683
1568.9500,1.910784e+14,D,C,0.98880113,0.12514923,0.98106777,0.12342493
1569.0000,1.910723e+14,D,C,0.98905390,0.12312150,0.98156687,0.12146637
1569.0500,1.910662e+14,D,C,0.98929704,0.12113904,0.98204711,0.11954960
1569.1000,1.910601e+14,D,C,0.98953105,0.11920016,0.98250940,0.11767313
1569.1500,1.910540e+14,D,C,0.98975635,0.11730323,0.98295461,0.11583554
