wavelength_nm,frequency_Hz,out_port,in_port,abs_S,phase_rad,real_S,imag_S
1543.5000,1.942290e+14,B,A,0.99501661,0.05740128,0.99337782,0.05708386
1543.5500,1.942227e+14,B,A,0.99507051,0.05646042,0.99348489,0.05615225
1543.6000,1.942164e+14,B,A,0.99512294,0.05552969,0.99358908,0.05523048
1543.6500,1.942101e+14,B,A,0.99517397,0.05460882,0.99369047,0.05431827
1543.7000,1.942038e+14,B,A,0.99522362,0.05369753,0.99378914,0.05341537
1543.7500,1.941975e+14,B,A,0.99527195,0.05279558,0.99388517,0.05252155
1543.8000,1.941913e+14,B,A,0.99531898,0.05190272,0.99397864,0.05163657
1543.8500,1.941850e+14,B,A,0.99536476,0.05101869,0.99406962,0.05076018
1543.9000,1.941787e+14,B,A,0.99540931,0.05014328,0.99415817,0.04989217
1543.9500,1.941724e+14,B,A,0.99545268,0.04927624,0.99424438,0.04903232
1544.0000,1.941661e+14,B,A,0.99549490,0.04841737,0.99432829,0.04818041
1544.0500,1.941598e+14,B,A,0.99553600,0.04756643,0.99440998,0.04733624
1544.1000,1.941535e+14,B,A,0.99557600,0.04672322,0.99448950,0.04649960
1544.1500,1.941472e+14,B,A,0.99561494,0.04588754,0.99456691,0.04567029
1544.2000,1.941410e+14,B,A,0.99565285,0.04505919,0.99464227,0.04484813
1544.2500,1.941347e+14,B,A,0.99568975,0.04423797,0.99471563,0.04403293
1544.3000,1.941284e+14,B,A,0.99572567,0.04342370,0.99478703,0.04322450
1544.3500,1.941221e+14,B,A,0.99576063,0.04261618,0.99485654,0.04242268
1544.4000,1.941158e+14,B,A,0.99579465,0.04181525,0.99492420,0.04162727
1544.4500,1.941095e+14,B,A,0.99582777,0.04102073,0.99499005,0.04083812
1544.5000,1.941032e+14,B,A,0.99586000,0.04023243,0.99505414,0.04005506
1544.5500,1.940970e+14,B,A,0.99589137,0.03945021,0.99511651,0.03927794
1544.6000,1.940907e+14,B,A,0.99592189,0.03867390,0.99517720,0.03850658
1544.6500,1.940844e+14,B,A,0.99595158,0.03790333,0.99523624,0.03774084
1544.7000,1.940781e+14,B,A,0.99598047,0.03713835,0.99529369,0.03698057
1544.7500,1.940718e+14,B,A,0.99600857,0.03637882,0.99534957,0.03622562
1544.8000,1.940655e+14,B,A,0.99603590,0.03562458,0.99540393,0.03547585
1544.8500,1.940593e+14,B,A,0.99606248,0.03487548,0.99545678,0.03473112
1544.9000,1.940530e+14,B,A,0.99608832,0.03413140,0.99550817,0.03399129
1544.9500,1.940467e+14,B,A,0.99611344,0.03339218,0.99555813,0.03325622
1545.0000,1.940404e+14,B,A,0.99613785,0.03265770,0.99560669,0.03252579
1545.0500,1.940341e+14,B,A,0.99616157,0.03192782,0.99565388,0.03179986
1545.1000,1.940279e+14,B,A,0.99618462,0.03120240,0.99569972,0.03107831
1545.1500,1.940216e+14,B,A,0.99620700,0.03048134,0.99574425,0.03036102
1545.2000,1.940153e+14,B,A,0.99622874,0.02976449,0.99578748,0.02964786
1545.2500,1.940090e+14,B,A,0.99624984,0.02905174,0.99582945,0.02893872
1545.3000,1.940028e+14,B,A,0.99627031,0.02834297,0.99587017,0.02823348
1545.3500,1.939965e+14,B,A,0.99629017,0.02763805,0.99590968,0.02753202
1545.4000,1.939902e+14,B,A,0.99630943,0.02693689,0.99594799,0.02683423
1545.4500,1.939839e+14,B,A,0.99632810,0.02623935,0.99598513,0.02614000
1545.5000,1.939776e+14,B,A,0.99634618,0.02554534,0.99602111,0.02544923
1545.5500,1.939714e+14,B,A,0.99636370,0.02485473,0.99605596,0.02476180
1545.6000,1.939651e+14,B,A,0.99638066,0.02416743,0.99608970,0.02407762
1545.6500,1.939588e+14,B,A,0.99639706,0.02348333,0.99612234,0.02339657
1545.7000,1.939526e+14,B,A,0.99641293,0.02280232,0.99615390,0.02271856
1545.7500,1.939463e+14,B,A,0.99642826,0.02212431,0.99618440,0.02204349
1545.8000,1.939400e+14,B,A,0.99644307,0.02144919,0.99621386,0.02137126
1545.8500,1.939337e+14,B,A,0.99645735,0.02077686,0.99624229,0.02070177
1545.9000,1.939275e+14,B,A,0.99647113,0.02010723,0.99626970,0.02003493
1545.9500,1.939212e+14,B,A,0.99648441,0.01944020,0.99629612,0.01937064
1546.0000,1.939149e+14,B,A,0.99649719,0.01877568,0.99632155,0.01870881
1546.0500,1.939086e+14,B,A,0.99650948,0.01811357,0.99634601,0.01804936
1546.1000,1.939024e+14,B,A,0.99652130,0.01745378,0.99636951,0.01739218
1546.1500,1.938961e+14,B,A,0.99653263,0.01679622,0.99639207,0.01673719
1546.2000,1.938898e+14,B,A,0.99654350,0.01614080,0.99641369,0.01608431
1546.2500,1.938836e+14,B,A,0.99655390,0.01548743,0.99643438,0.01543344
1546.3000,1.938773e+14,B,A,0.99656384,0.01483603,0.99645417,0.01478450
1546.3500,1.938710e+14,B,A,0.99657333,0.01418650,0.99647305,0.01413741
1546.4000,1.938648e+14,B,A,0.99658237,0.01353876,0.99649103,0.01349208
1546.4500,1.938585e+14,B,A,0.99659096,0.01289274,0.99650813,0.01284843
1546.5000,1.938522e+14,B,A,0.99659912,0.01224834,0.99652436,0.01220637
1546.5500,1.938460e+14,B,A,0.99660683,0.01160547,0.99653972,0.01156583
1546.6000,1.938397e+14,B,A,0.99661412,0.01096407,0.99655422,0.01092673
1546.6500,1.938334e+14,B,A,0.99662098,0.01032404,0.99656787,0.01028898
1546.7000,1.938272e+14,B,A,0.99662741,0.00968532,0.99658067,0.00965250
1546.7500,1.938209e+14,B,A,0.99663342,0.00904780,0.99659263,0.00901722
1546.8000,1.938146e+14,B,A,0.99663901,0.00841143,0.99660376,0.00838306
1546.8500,1.938084e+14,B,A,0.99664419,0.00777611,0.99661406,0.00774994
1546.9000,1.938021e+14,B,A,0.99664895,0.00714177,0.99662354,0.00711778
1546.9500,1.937958e+14,B,A,0.99665331,0.00650833,0.99663220,0.00648651
1547.0000,1.937896e+14,B,A,0.99665725,0.00587572,0.99664005,0.00585605
1547.0500,1.937833e+14,B,A,0.99666079,0.00524385,0.99664708,0.00522632
1547.1000,1.937770e+14,B,A,0.99666392,0.00461266,0.99665331,0.00459725
1547.1500,1.937708e+14,B,A,0.99666665,0.00398206,0.99665874,0.00396877
1547.2000,1.937645e+14,B,A,0.99666897,0.00335197,0.99666337,0.00334080
1547.2500,1.937583e+14,B,A,0.99667090,0.00272233,0.99666720,0.00271326
1547.3000,1.937520e+14,B,A,0.99667242,0.00209305,0.99667024,0.00208609
1547.3500,1.937457e+14,B,A,0.99667355,0.00146407,0.99667248,0.00145920
1547.4000,1.937395e+14,B,A,0.99667428,0.00083530,0.99667393,0.00083252
1547.4500,1.937332e+14,B,A,0.99667461,0.00020667,0.99667458,0.00020598
1547.5000,1.937270e+14,B,A,0.99667454,-0.00042189,0.99667445,-0.00042049
1547.5500,1.937207e+14,B,A,0.99667407,-0.00105047,0.99667352,-0.00104697
1547.6000,1.937144e+14,B,A,0.99667321,-0.00167912,0.99667180,-0.00167354
1547.6500,1.937082e+14,B,A,0.99667195,-0.00230794,0.99666929,-0.00230026
1547.7000,1.937019e+14,B,A,0.99667028,-0.00293700,0.99666599,-0.00292721
1547.7500,1.936957e+14,B,A,0.99666822,-0.00356636,0.99666189,-0.00355447
1547.8000,1.936894e+14,B,A,0.99666576,-0.00419611,0.99665699,-0.00418211
1547.8500,1.936831e+14,B,A,0.99666290,-0.00482632,0.99665129,-0.00481019
1547.9000,1.936769e+14,B,A,0.99665964,-0.00545707,0.99664480,-0.00543881
1547.9500,1.936706e+14,B,A,0.99665597,-0.00608843,0.99663750,-0.00606803
1548.0000,1.936644e+14,B,A,0.99665189,-0.00672048,0.99662939,-0.00669792
1548.0500,1.936581e+14,B,A,0.99664741,-0.00735329,0.99662047,-0.00732857
1548.1000,1.936519e+14,B,A,0.99664252,-0.00798695,0.99661073,-0.00796005
1548.1500,1.936456e+14,B,A,0.99663721,-0.00862153,0.99660017,-0.00859243
1548.2000,1.936394e+14,B,A,0.99663149,-0.00925711,0.99658879,-0.00922579
1548.2500,1.936331e+14,B,A,0.99662536,-0.00989376,0.99657658,-0.00986021
1548.3000,1.936269e+14,B,A,0.99661880,-0.01053157,0.99656353,-0.01049577
1548.3500,1.936206e+14,B,A,0.99661182,-0.01117061,0.99654964,-0.01113253
1548.4000,1.936143e+14,B,A,0.99660441,-0.01181097,0.99653490,-0.01177059
1548.4500,1.936081e+14,B,A,0.99659657,-0.01245272,0.99651930,-0.01241002
1548.5000,1.936018e+14,B,A,0.99658830,-0.01309595,0.99650285,-0.01305090
1548.5500,1.935956e+14,B,A,0.99657959,-0.01374074,0.99648551,-0.01369331
1548.6000,1.935893e+14,B,A,0.99657044,-0.01438717,0.99646730,-0.01433733
1548.6500,1.935831e+14,B,A,0.99656084,-0.01503532,0.99644820,-0.01498305
1548.7000,1.935768e+14,B,A,0.99655079,-0.01568528,0.99642821,-0.01563054
1548.7500,1.935706e+14,B,A,0.99654029,-0.01633714,0.99640730,-0.01627989
1548.8000,1.935643e+14,B,A,0.99652932,-0.01699097,0.99638548,-0.01693119
1548.8500,1.935581e+14,B,A,0.99651788,-0.01764688,0.99636272,-0.01758451
1548.9000,1.935518e+14,B,A,0.99650598,-0.01830493,0.99633903,-0.01823996
1548.9500,1.935456e+14,B,A,0.99649359,-0.01896524,0.99631439,-0.01889760
1549.0000,1.935394e+14,B,A,0.99648072,-0.01962788,0.99628878,-0.01955754
1549.0500,1.935331e+14,B,A,0.99646736,-0.02029294,0.99626219,-0.02021987
1549.1000,1.935269e+14,B,A,0.99645350,-0.02096053,0.99623461,-0.02088466
1549.1500,1.935206e+14,B,A,0.99643913,-0.02163073,0.99620603,-0.02155202
1549.2000,1.935144e+14,B,A,0.99642425,-0.02230363,0.99617642,-0.02222204
1549.2500,1.935081e+14,B,A,0.99640885,-0.02297935,0.99614578,-0.02289481
1549.3000,1.935019e+14,B,A,0.99639292,-0.02365797,0.99611409,-0.02357043
1549.3500,1.934956e+14,B,A,0.99637645,-0.02433959,0.99608133,-0.02424900
1549.4000,1.934894e+14,B,A,0.99635944,-0.02502432,0.99604749,-0.02493061
1549.4500,1.934831e+14,B,A,0.99634188,-0.02571226,0.99601254,-0.02561538
1549.5000,1.934769e+14,B,A,0.99632375,-0.02640351,0.99597647,-0.02630339
1549.5500,1.934707e+14,B,A,0.99630504,-0.02709818,0.99593926,-0.02699475
1549.6000,1.934644e+14,B,A,0.99628575,-0.02779638,0.99590089,-0.02768957
1549.6500,1.934582e+14,B,A,0.99626587,-0.02849822,0.99586134,-0.02838796
1549.7000,1.934519e+14,B,A,0.99624538,-0.02920381,0.99582058,-0.02909002
1549.7500,1.934457e+14,B,A,0.99622427,-0.02991327,0.99577859,-0.02979588
1549.8000,1.934394e+14,B,A,0.99620253,-0.03062670,0.99573535,-0.03050563
1549.8500,1.934332e+14,B,A,0.99618015,-0.03134424,0.99569084,-0.03121940
1549.9000,1.934270e+14,B,A,0.99615712,-0.03206601,0.99564503,-0.03193731
1549.9500,1.934207e+14,B,A,0.99613342,-0.03279212,0.99559789,-0.03265947
1550.0000,1.934145e+14,B,A,0.99610904,-0.03352270,0.99554939,-0.03338601
1550.0500,1.934083e+14,B,A,0.99608396,-0.03425788,0.99549952,-0.03411705
1550.1000,1.934020e+14,B,A,0.99605817,-0.03499780,0.99544823,-0.03485272
1550.1500,1.933958e+14,B,A,0.99603166,-0.03574258,0.99539550,-0.03559316
1550.2000,1.933895e+14,B,A,0.99600441,-0.03649236,0.99534129,-0.03633849
1550.2500,1.933833e+14,B,A,0.99597639,-0.03724729,0.99528558,-0.03708885
1550.3000,1.933771e+14,B,A,0.99594760,-0.03800751,0.99522833,-0.03784437
1550.3500,1.933708e+14,B,A,0.99591802,-0.03877316,0.99516950,-0.03860521
1550.4000,1.933646e+14,B,A,0.99588762,-0.03954439,0.99510906,-0.03937151
1550.4500,1.933584e+14,B,A,0.99585640,-0.04032136,0.99504697,-0.04014341
1550.5000,1.933521e+14,B,A,0.99582432,-0.04110423,0.99498319,-0.04092106
1550.5500,1.933459e+14,B,A,0.99579137,-0.04189315,0.99491768,-0.04170463
1550.6000,1.933396e+14,B,A,0.99575753,-0.04268829,0.99485039,-0.04249427
1550.6500,1.933334e+14,B,A,0.99572277,-0.04348981,0.99478129,-0.04329015
1550.7000,1.933272e+14,B,A,0.99568708,-0.04429790,0.99471032,-0.04409242
1550.7500,1.933209e+14,B,A,0.99565042,-0.04511273,0.99463744,-0.04490127
1550.8000,1.933147e+14,B,A,0.99561277,-0.04593448,0.99456260,-0.04571687
1550.8500,1.933085e+14,B,A,0.99557411,-0.04676333,0.99448575,-0.04653940
1550.9000,1.933022e+14,B,A,0.99553441,-0.04759949,0.99440683,-0.04736903
1550.9500,1.932960e+14,B,A,0.99549365,-0.04844313,0.99432579,-0.04820597
1551.0000,1.932898e+14,B,A,0.99545178,-0.04929448,0.99424258,-0.04905041
1551.0500,1.932836e+14,B,A,0.99540879,-0.05015373,0.99415712,-0.04990254
1551.1000,1.932773e+14,B,A,0.99536463,-0.05102110,0.99406937,-0.05076257
1551.1500,1.932711e+14,B,A,0.99531929,-0.05189680,0.99397925,-0.05163071
1551.2000,1.932649e+14,B,A,0.99527272,-0.05278107,0.99388671,-0.05250717
1551.2500,1.932586e+14,B,A,0.99522489,-0.05367413,0.99379165,-0.05339218
1551.3000,1.932524e+14,B,A,0.99517576,-0.05457622,0.99369403,-0.05428597
1551.3500,1.932462e+14,B,A,0.99512529,-0.05548759,0.99359376,-0.05518877
1551.4000,1.932399e+14,B,A,0.99507345,-0.05640849,0.99349075,-0.05610082
1551.4500,1.932337e+14,B,A,0.99502020,-0.05733917,0.99338494,-0.05702238
1551.5000,1.932275e+14,B,A,0.99496548,-0.05827992,0.99327623,-0.05795368
1551.5500,1.932213e+14,B,A,0.99490926,-0.05923099,0.99316454,-0.05889501
1551.6000,1.932150e+14,B,A,0.99485148,-0.06019269,0.99304977,-0.05984663
1551.6500,1.932088e+14,B,A,0.99479211,-0.06116529,0.99293183,-0.06080882
1551.7000,1.932026e+14,B,A,0.99473108,-0.06214911,0.99281062,-0.06178186
1551.7500,1.931964e+14,B,A,0.99466835,-0.06314445,0.99268603,-0.06276606
1551.8000,1.931901e+14,B,A,0.99460386,-0.06415164,0.99255795,-0.06376171
1551.8500,1.931839e+14,B,A,0.99453755,-0.06517101,0.99242626,-0.06476915
1551.9000,1.931777e+14,B,A,0.99446936,-0.06620291,0.99229086,-0.06578868
1551.9500,1.931715e+14,B,A,0.99439923,-0.06724768,0.99215162,-0.06682065
1552.0000,1.931652e+14,B,A,0.99432710,-0.06830570,0.99200840,-0.06786540
1552.0500,1.931590e+14,B,A,0.99425289,-0.06937734,0.99186107,-0.06892330
1552.1000,1.931528e+14,B,A,0.99417653,-0.07046300,0.99170949,-0.06999470
1552.1500,1.931466e+14,B,A,0.99409796,-0.07156308,0.99155352,-0.07108000
1552.2000,1.931404e+14,B,A,0.99401708,-0.07267800,0.99139299,-0.07217959
1552.2500,1.931341e+14,B,A,0.99393382,-0.07380820,0.99122774,-0.07329387
1552.3000,1.931279e+14,B,A,0.99384809,-0.07495412,0.99105762,-0.07442328
1552.3500,1.931217e+14,B,A,0.99375980,-0.07611624,0.99088243,-0.07556824
1552.4000,1.931155e+14,B,A,0.99366887,-0.07729504,0.99070200,-0.07672921
1552.4500,1.931093e+14,B,A,0.99357518,-0.07849101,0.99051612,-0.07790666
1552.5000,1.931030e+14,B,A,0.99347864,-0.07970468,0.99032460,-0.07910108
1552.5500,1.930968e+14,B,A,0.99337913,-0.08093658,0.99012723,-0.08031296
1552.6000,1.930906e+14,B,A,0.99327655,-0.08218729,0.98992377,-0.08154283
1552.6500,1.930844e+14,B,A,0.99317077,-0.08345737,0.98971400,-0.08279123
1552.7000,1.930782e+14,B,A,0.99306168,-0.08474743,0.98949766,-0.08405872
1552.7500,1.930719e+14,B,A,0.99294913,-0.08605810,0.98927451,-0.08534588
1552.8000,1.930657e+14,B,A,0.99283299,-0.08739003,0.98904426,-0.08665331
1552.8500,1.930595e+14,B,A,0.99271311,-0.08874391,0.98880663,-0.08798165
1552.9000,1.930533e+14,B,A,0.99258934,-0.09012042,0.98856132,-0.08933154
1552.9500,1.930471e+14,B,A,0.99246152,-0.09152032,0.98830801,-0.09070365
1553.0000,1.930409e+14,B,A,0.99232949,-0.09294437,0.98804637,-0.09209870
1553.0500,1.930346e+14,B,A,0.99219305,-0.09439335,0.98777606,-0.09351741
1553.1000,1.930284e+14,B,A,0.99205202,-0.09586812,0.98749669,-0.09496054
1553.1500,1.930222e+14,B,A,0.99190621,-0.09736952,0.98720788,-0.09642889
1553.2000,1.930160e+14,B,A,0.99175540,-0.09889847,0.98690922,-0.09792328
1553.2500,1.930098e+14,B,A,0.99159937,-0.10045591,0.98660027,-0.09944456
1553.3000,1.930036e+14,B,A,0.99143790,-0.10204282,0.98628058,-0.10099363
1553.3500,1.929974e+14,B,A,0.99127072,-0.10366023,0.98594966,-0.10257143
1553.4000,1.929912e+14,B,A,0.99109758,-0.10530923,0.98560700,-0.10417892
1553.4500,1.929849e+14,B,A,0.99091820,-0.10699094,0.98525206,-0.10581711
1553.5000,1.929787e+14,B,A,0.99073229,-0.10870652,0.98488426,-0.10748707
1553.5500,1.929725e+14,B,A,0.99053954,-0.11045723,0.98450299,-0.10918990
1553.6000,1.929663e+14,B,A,0.99033961,-0.11224434,0.98410762,-0.11092675
1553.6500,1.929601e+14,B,A,0.99013217,-0.11406922,0.98369745,-0.11269883
1553.7000,1.929539e+14,B,A,0.98991683,-0.11593328,0.98327177,-0.11450740
1553.7500,1.929477e+14,B,A,0.98969320,-0.11783802,0.98282980,-0.11635377
1553.8000,1.929415e+14,B,A,0.98946086,-0.11978499,0.98237073,-0.11823933
1553.8500,1.929353e+14,B,A,0.98921937,-0.12177584,0.98189368,-0.12016551
1553.9000,1.929291e+14,B,A,0.98896825,-0.12381230,0.98139774,-0.12213383
1553.9500,1.929228e+14,B,A,0.98870698,-0.12589619,0.98088190,-0.12414588
1554.0000,1.929166e+14,B,A,0.98843505,-0.12802941,0.98034512,-0.12620332
1554.0500,1.929104e+14,B,A,0.98815185,-0.13021398,0.97978629,-0.12830788
1554.1000,1.929042e+14,B,A,0.98785678,-0.13245203,0.97920419,-0.13046139
1554.1500,1.928980e+14,B,A,0.98754918,-0.13474579,0.97859755,-0.13266578
1554.2000,1.928918e+14,B,A,0.98722834,-0.13709762,0.97796501,-0.13492307
1554.2500,1.928856e+14,B,A,0.98689350,-0.13951002,0.97730509,-0.13723535
1554.3000,1.928794e+14,B,A,0.98654386,-0.14198563,0.97661623,-0.13960488
1554.3500,1.928732e+14,B,A,0.98617854,-0.14452724,0.97589675,-0.14203398
1554.4000,1.928670e+14,B,A,0.98579661,-0.14713779,0.97514483,-0.14452513
1554.4500,1.928608e+14,B,A,0.98539706,-0.14982042,0.97435855,-0.14708092
1554.5000,1.928546e+14,B,A,0.98497882,-0.15257844,0.97353580,-0.14970409
1554.5500,1.928484e+14,B,A,0.98454070,-0.15541537,0.97267435,-0.15239753
1554.6000,1.928422e+14,B,A,0.98408147,-0.15833495,0.97177178,-0.15516426
1554.6500,1.928360e+14,B,A,0.98359975,-0.16134115,0.97082547,-0.15800751
1554.7000,1.928298e+14,B,A,0.98309407,-0.16443819,0.96983261,-0.16093065
1554.7500,1.928236e+14,B,A,0.98256286,-0.16763058,0.96879014,-0.16393728
1554.8000,1.928174e+14,B,A,0.98200438,-0.17092311,0.96769479,-0.16703116
1554.8500,1.928112e+14,B,A,0.98141677,-0.17432090,0.96654296,-0.17021630
1554.9000,1.928050e+14,B,A,0.98079799,-0.17782942,0.96533078,-0.17349693
1554.9500,1.927988e+14,B,A,0.98014583,-0.18145451,0.96405405,-0.17687750
1555.0000,1.927926e+14,B,A,0.97945789,-0.18520243,0.96270818,-0.18036277
1555.0500,1.927864e+14,B,A,0.97873154,-0.18907988,0.96128819,-0.18395773
1555.1000,1.927802e+14,B,A,0.97796391,-0.19309405,0.95978864,-0.18766771
1555.1500,1.927740e+14,B,A,0.97715186,-0.19725266,0.95820360,-0.19149832
1555.2000,1.927678e+14,B,A,0.97629194,-0.20156401,0.95652658,-0.19545552
1555.2500,1.927616e+14,B,A,0.97538039,-0.20603704,0.95475046,-0.19954564
1555.3000,1.927554e+14,B,A,0.97441305,-0.21068139,0.95286746,-0.20377537
1555.3500,1.927492e+14,B,A,0.97338535,-0.21550745,0.95086901,-0.20815180
1555.4000,1.927430e+14,B,A,0.97229225,-0.22052645,0.94874569,-0.21268247
1555.4500,1.927368e+14,B,A,0.97112817,-0.22575057,0.94648713,-0.21737534
1555.5000,1.927306e+14,B,A,0.96988695,-0.23119298,0.94408188,-0.22223886
1555.5500,1.927244e+14,B,A,0.96856175,-0.23686799,0.94151727,-0.22728195
1555.6000,1.927182e+14,B,A,0.96714496,-0.24279115,0.93877930,-0.23251407
1555.6500,1.927120e+14,B,A,0.96562810,-0.24897940,0.93585240,-0.23794521
1555.7000,1.927058e+14,B,A,0.96400173,-0.25545119,0.93271929,-0.24358587
1555.7500,1.926996e+14,B,A,0.96225528,-0.26222671,0.92936072,-0.24944715
1555.8000,1.926934e+14,B,A,0.96037690,-0.26932802,0.92575523,-0.25554068
1555.8500,1.926873e+14,B,A,0.95835327,-0.27677931,0.92187883,-0.26187862
1555.9000,1.926811e+14,B,A,0.95616939,-0.28460714,0.91770464,-0.26847364
1555.9500,1.926749e+14,B,A,0.95380833,-0.29284074,0.91320251,-0.27533890
1556.0000,1.926687e+14,B,A,0.95125094,-0.30151231,0.90833857,-0.28248789
1556.0500,1.926625e+14,B,A,0.94847547,-0.31065742,0.90307462,-0.28993439
1556.1000,1.926563e+14,B,A,0.94545716,-0.32031541,0.89736758,-0.29769226
1556.1500,1.926501e+14,B,A,0.94216780,-0.33052991,0.89116872,-0.30577519
1556.2000,1.926439e+14,B,A,0.93857506,-0.34134940,0.88442284,-0.31419639
1556.2500,1.926377e+14,B,A,0.93464188,-0.35282781,0.87706729,-0.32296811
1556.3000,1.926315e+14,B,A,0.93032559,-0.36502533,0.86903083,-0.33210107
1556.3500,1.926253e+14,B,A,0.92557695,-0.37800921,0.86023234,-0.34160357
1556.4000,1.926192e+14,B,A,0.92033894,-0.39185480,0.85057936,-0.35148046
1556.4500,1.926130e+14,B,A,0.91454536,-0.40664660,0.83996634,-0.36173161
1556.5000,1.926068e+14,B,A,0.90811912,-0.42247964,0.82827278,-0.37235003
1556.5500,1.926006e+14,B,A,0.90097018,-0.43946090,0.81536104,-0.38331925
1556.6000,1.925944e+14,B,A,0.89299312,-0.45771100,0.80107407,-0.39460999
1556.6500,1.925882e+14,B,A,0.88406415,-0.47736614,0.78523294,-0.40617563
1556.7000,1.925820e+14,B,A,0.87403765,-0.49858013,0.76763440,-0.41794645
1556.7500,1.925759e+14,B,A,0.86274198,-0.52152679,0.74804867,-0.42982197
1556.8000,1.925697e+14,B,A,0.84997463,-0.54640233,0.72621786,-0.44166105
1556.8500,1.925635e+14,B,A,0.83549654,-0.57342794,0.70185570,-0.45326929
1556.9000,1.925573e+14,B,A,0.81902579,-0.60285215,0.67464941,-0.46438284
1556.9500,1.925511e+14,B,A,0.80023068,-0.63495279,0.64426548,-0.47464843
1557.0000,1.925449e+14,B,A,0.77872266,-0.67003799,0.61036132,-0.48359905
1557.0500,1.925387e+14,B,A,0.75405002,-0.70844556,0.57260613,-0.49062578
1557.1000,1.925326e+14,B,A,0.72569357,-0.75053935,0.53071504,-0.49494718
1557.1500,1.925264e+14,B,A,0.69306682,-0.79670108,0.48450181,-0.49558007
1557.2000,1.925202e+14,B,A,0.65552414,-0.84731511,0.43395559,-0.49131910
1557.2500,1.925140e+14,B,A,0.61238201,-0.90274285,0.37934560,-0.48073760
1557.3000,1.925078e+14,B,A,0.56295954,-0.96328233,0.32135309,-0.46222898
1557.3500,1.925017e+14,B,A,0.50664512,-1.02910695,0.26121824,-0.43411324
1557.4000,1.924955e+14,B,A,0.44299344,-1.10017295,0.20087183,-0.39483376
1557.4500,1.924893e+14,B,A,0.37185061,-1.17607038,0.14299710,-0.34325604
1557.5000,1.924831e+14,B,A,0.29349241,-1.25572755,0.09094798,-0.27904526
1557.5500,1.924769e+14,B,A,0.20874493,-1.33653508,0.04845481,-0.20304329
1557.6000,1.924708e+14,B,A,0.11904988,-1.40964841,0.01910171,-0.11750744
1557.6500,1.924646e+14,B,A,0.02666729,-1.35684089,0.00566218,-0.02605924
1557.7000,1.924584e+14,B,A,0.06740789,1.42956422,0.00948854,0.06673673
1557.7500,1.924522e+14,B,A,0.15898324,1.37976623,0.03018621,0.15609121
1557.8000,1.924461e+14,B,A,0.24669624,1.30117798,0.06571090,0.23778375
1557.8500,1.924399e+14,B,A,0.32874391,1.22040446,0.11284657,0.30876886
1557.9000,1.924337e+14,B,A,0.40396244,1.14224293,0.16786880,0.36743125
1557.9500,1.924275e+14,B,A,0.47178292,1.06842888,0.22716433,0.41349182
1558.0000,1.924213e+14,B,A,0.53213759,0.99968607,0.28765572,0.44768806
1558.0500,1.924152e+14,B,A,0.58532672,0.93623761,0.34699467,0.47138314
1558.1000,1.924090e+14,B,A,0.63188330,0.87801651,0.40357037,0.48621750
1558.1500,1.924028e+14,B,A,0.67245959,0.82478466,0.45640850,0.49385543
1558.2000,1.923966e+14,B,A,0.70774388,0.77620965,0.50502770,0.49583104
1558.2500,1.923905e+14,B,A,0.73840626,0.73191592,0.54929700,0.49347403
1558.3000,1.923843e+14,B,A,0.76506751,0.69151788,0.58931539,0.48788899
1558.3500,1.923781e+14,B,A,0.78828440,0.65464044,0.62531993,0.47996592
1558.4000,1.923720e+14,B,A,0.80854564,0.62093073,0.65762034,0.47040572
1558.4500,1.923658e+14,B,A,0.82627404,0.59006400,0.68655529,0.45975061
1558.5000,1.923596e+14,B,A,0.84183191,0.56174571,0.71246468,0.44841393
1558.5500,1.923534e+14,B,A,0.85552789,0.53571134,0.73567334,0.43670665
1558.6000,1.923473e+14,B,A,0.86762395,0.51172488,0.75648233,0.42485975
1558.6500,1.923411e+14,B,A,0.87834214,0.48957663,0.77516507,0.41304241
1558.7000,1.923349e+14,B,A,0.88787059,0.46908069,0.79196658,0.40137652
1558.7500,1.923288e+14,B,A,0.89636879,0.45007250,0.80710441,0.38994805
1558.8000,1.923226e+14,B,A,0.90397219,0.43240640,0.82077055,0.37881581
1558.8500,1.923164e+14,B,A,0.91079602,0.41595342,0.83313381,0.36801828
1558.9000,1.923103e+14,B,A,0.91693855,0.40059924,0.84434221,0.35757872
1558.9500,1.923041e+14,B,A,0.92248380,0.38624244,0.85452544,0.34750918
1559.0000,1.922979e+14,B,A,0.92750379,0.37279286,0.86379705,0.33781346
1559.0500,1.922918e+14,B,A,0.93206047,0.36017025,0.87225652,0.32848940
1559.1000,1.922856e+14,B,A,0.93620726,0.34830302,0.87999106,0.31953055
1559.1500,1.922794e+14,B,A,0.93999036,0.33712718,0.88707719,0.31092752
1559.2000,1.922733e+14,B,A,0.94344985,0.32658544,0.89358219,0.30266893
1559.2500,1.922671e+14,B,A,0.94662060,0.31662639,0.89956527,0.29474209
1559.3000,1.922609e+14,B,A,0.94953306,0.30720381,0.90507863,0.28713362
1559.3500,1.922548e+14,B,A,0.95221385,0.29827605,0.91016840,0.27982976
1559.4000,1.922486e+14,B,A,0.95468634,0.28980550,0.91487542,0.27281674
1559.4500,1.922424e+14,B,A,0.95697109,0.28175815,0.91923588,0.26608093
1559.5000,1.922363e+14,B,A,0.95908625,0.27410318,0.92328197,0.25960902
1559.5500,1.922301e+14,B,A,0.96104787,0.26681259,0.92704233,0.25338811
1559.6000,1.922239e+14,B,A,0.96287017,0.25986092,0.93054250,0.24740577
1559.6500,1.922178e+14,B,A,0.96456581,0.25322494,0.93380534,0.24165012
1559.7000,1.922116e+14,B,A,0.96614604,0.24688347,0.93685129,0.23610978
1559.7500,1.922055e+14,B,A,0.96762095,0.24081712,0.93969872,0.23077397
1559.8000,1.921993e+14,B,A,0.96899953,0.23500813,0.94236411,0.22563241
1559.8500,1.921931e+14,B,A,0.97028987,0.22944021,0.94486232,0.22067539
1559.9000,1.921870e+14,B,A,0.97149923,0.22409837,0.94720676,0.21589372
1559.9500,1.921808e+14,B,A,0.97263414,0.21896882,0.94940955,0.21127869
1560.0000,1.921747e+14,B,A,0.97370051,0.21403886,0.95148164,0.20682209
1560.0500,1.921685e+14,B,A,0.97470367,0.20929674,0.95343298,0.20251617
1560.1000,1.921623e+14,B,A,0.97564846,0.20473161,0.95527261,0.19835361
1560.1500,1.921562e+14,B,A,0.97653926,0.20033343,0.95700875,0.19432751
1560.2000,1.921500e+14,B,A,0.97738004,0.19609288,0.95864887,0.19043135
1560.2500,1.921439e+14,B,A,0.97817445,0.19200132,0.96019981,0.18665898
1560.3000,1.921377e+14,B,A,0.97892578,0.18805070,0.96166782,0.18300462
1560.3500,1.921315e+14,B,A,0.97963706,0.18423357,0.96305861,0.17946277
1560.4000,1.921254e+14,B,A,0.98031105,0.18054293,0.96437742,0.17602829
1560.4500,1.921192e+14,B,A,0.98095028,0.17697231,0.96562904,0.17269628
1560.5000,1.921131e+14,B,A,0.98155707,0.17351563,0.96681790,0.16946214
1560.5500,1.921069e+14,B,A,0.98213355,0.17016722,0.96794807,0.16632152
1560.6000,1.921008e+14,B,A,0.98268168,0.16692177,0.96902327,0.16327030
1560.6500,1.920946e+14,B,A,0.98320327,0.16377432,0.97004696,0.16030458
1560.7000,1.920885e+14,B,A,0.98369998,0.16072020,0.97102234,0.15742068
1560.7500,1.920823e+14,B,A,0.98417336,0.15775503,0.97195235,0.15461512
1560.8000,1.920762e+14,B,A,0.98462482,0.15487471,0.97283971,0.15188459
1560.8500,1.920700e+14,B,A,0.98505567,0.15207537,0.97368695,0.14922596
1560.9000,1.920638e+14,B,A,0.98546714,0.14935338,0.97449643,0.14663627
1560.9500,1.920577e+14,B,A,0.98586035,0.14670531,0.97527030,0.14411271
1561.0000,1.920515e+14,B,A,0.98623636,0.14412793,0.97601061,0.14165259
1561.0500,1.920454e+14,B,A,0.98659614,0.14161819,0.97671922,0.13925340
1561.1000,1.920392e+14,B,A,0.98694060,0.13917321,0.97739790,0.13691271
1561.1500,1.920331e+14,B,A,0.98727058,0.13679028,0.97804828,0.13462825
1561.2000,1.920269e+14,B,A,0.98758687,0.13446683,0.97867187,0.13239784
1561.2500,1.920208e+14,B,A,0.98789021,0.13220041,0.97927012,0.13021941
1561.3000,1.920146e+14,B,A,0.98818127,0.12998873,0.97984434,0.12809099
1561.3500,1.920085e+14,B,A,0.98846071,0.12782959,0.98039578,0.12601070
1561.4000,1.920023e+14,B,A,0.98872912,0.12572093,0.98092561,0.12397675
1561.4500,1.919962e+14,B,A,0.98898707,0.12366078,0.98143491,0.12198745
1561.5000,1.919900e+14,B,A,0.98923508,0.12164727,0.98192473,0.12004117
1561.5500,1.919839e+14,B,A,0.98947365,0.11967862,0.98239600,0.11813636
1561.6000,1.919778e+14,B,A,0.98970324,0.11775315,0.98284965,0.11627154
1561.6500,1.919716e+14,B,A,0.98992428,0.11586924,0.98328651,0.11444529
1543.5000,1.942290e+14,D,A,0.09921262,1.62848600,-0.00572037,0.09904757
1543.5500,1.942227e+14,D,A,0.09867602,1.62754041,-0.00559628,0.09851720
1543.6000,1.942164e+14,D,A,0.09815107,1.62660499,-0.00547484,0.09799826
1543.6500,1.942101e+14,D,A,0.09763752,1.62567948,-0.00535597,0.09749051
1543.7000,1.942038e+14,D,A,0.09713514,1.62476361,-0.00523958,0.09699372
1543.7500,1.941975e+14,D,A,0.09664368,1.62385712,-0.00512558,0.09650767
1543.8000,1.941913e+14,D,A,0.09616294,1.62295976,-0.00501391,0.09603214
1543.8500,1.941850e+14,D,A,0.09569268,1.62207129,-0.00490449,0.09556691
1543.9000,1.941787e+14,D,A,0.09523271,1.62119147,-0.00479723,0.09511180
1543.9500,1.941724e+14,D,A,0.09478281,1.62032007,-0.00469208,0.09466660
1544.0000,1.941661e+14,D,A,0.09434280,1.61945687,-0.00458896,0.09423113
1544.0500,1.941598e+14,D,A,0.09391248,1.61860166,-0.00448781,0.09380519
1544.1000,1.941535e+14,D,A,0.09349168,1.61775421,-0.00438856,0.09338862
1544.1500,1.941472e+14,D,A,0.09308021,1.61691433,-0.00429115,0.09298124
1544.2000,1.941410e+14,D,A,0.09267790,1.61608181,-0.00419553,0.09258288
1544.2500,1.941347e+14,D,A,0.09228458,1.61525646,-0.00410163,0.09219338
1544.3000,1.941284e+14,D,A,0.09190010,1.61443809,-0.00400941,0.09181259
1544.3500,1.941221e+14,D,A,0.09152429,1.61362652,-0.00391880,0.09144036
1544.4000,1.941158e+14,D,A,0.09115701,1.61282156,-0.00382977,0.09107653
1544.4500,1.941095e+14,D,A,0.09079811,1.61202304,-0.00374225,0.09072096
1544.5000,1.941032e+14,D,A,0.09044745,1.61123078,-0.00365620,0.09037352
1544.5500,1.940970e+14,D,A,0.09010489,1.61044463,-0.00357157,0.09003408
1544.6000,1.940907e+14,D,A,0.08977029,1.60966441,-0.00348832,0.08970249
1544.6500,1.940844e+14,D,A,0.08944354,1.60888997,-0.00340641,0.08937865
1544.7000,1.940781e+14,D,A,0.08912450,1.60812115,-0.00332578,0.08906243
1544.7500,1.940718e+14,D,A,0.08881305,1.60735780,-0.00324641,0.08875370
1544.8000,1.940655e+14,D,A,0.08850908,1.60659976,-0.00316825,0.08845236
1544.8500,1.940593e+14,D,A,0.08821247,1.60584691,-0.00309127,0.08815829
1544.9000,1.940530e+14,D,A,0.08792312,1.60509908,-0.00301541,0.08787140
1544.9500,1.940467e+14,D,A,0.08764091,1.60435615,-0.00294066,0.08759156
1545.0000,1.940404e+14,D,A,0.08736575,1.60361798,-0.00286697,0.08731870
1545.0500,1.940341e+14,D,A,0.08709753,1.60288443,-0.00279432,0.08705269
1545.1000,1.940279e+14,D,A,0.08683616,1.60215538,-0.00272265,0.08679347
1545.1500,1.940216e+14,D,A,0.08658155,1.60143069,-0.00265196,0.08654092
1545.2000,1.940153e+14,D,A,0.08633360,1.60071024,-0.00258219,0.08629497
1545.2500,1.940090e+14,D,A,0.08609222,1.59999391,-0.00251333,0.08605553
1545.3000,1.940028e+14,D,A,0.08585734,1.59928157,-0.00244534,0.08582251
1545.3500,1.939965e+14,D,A,0.08562887,1.59857312,-0.00237819,0.08559584
1545.4000,1.939902e+14,D,A,0.08540674,1.59786843,-0.00231186,0.08537544
1545.4500,1.939839e+14,D,A,0.08519086,1.59716739,-0.00224631,0.08516124
1545.5000,1.939776e+14,D,A,0.08498116,1.59646989,-0.00218153,0.08495315
1545.5500,1.939714e+14,D,A,0.08477757,1.59577582,-0.00211748,0.08475112
1545.6000,1.939651e+14,D,A,0.08458003,1.59508507,-0.00205414,0.08455508
1545.6500,1.939588e+14,D,A,0.08438846,1.59439753,-0.00199148,0.08436495
1545.7000,1.939526e+14,D,A,0.08420280,1.59371311,-0.00192949,0.08418069
1545.7500,1.939463e+14,D,A,0.08402299,1.59303169,-0.00186813,0.08400222
1545.8000,1.939400e+14,D,A,0.08384897,1.59235318,-0.00180738,0.08382949
1545.8500,1.939337e+14,D,A,0.08368068,1.59167748,-0.00174722,0.08366244
1545.9000,1.939275e+14,D,A,0.08351808,1.59100448,-0.00168763,0.08350102
1545.9500,1.939212e+14,D,A,0.08336109,1.59033411,-0.00162859,0.08334518
1546.0000,1.939149e+14,D,A,0.08320968,1.58966625,-0.00157007,0.08319487
1546.0500,1.939086e+14,D,A,0.08306380,1.58900081,-0.00151205,0.08305003
1546.1000,1.939024e+14,D,A,0.08292339,1.58833771,-0.00145452,0.08291063
1546.1500,1.938961e+14,D,A,0.08278841,1.58767685,-0.00139744,0.08277661
1546.2000,1.938898e+14,D,A,0.08265882,1.58701814,-0.00134082,0.08264794
1546.2500,1.938836e+14,D,A,0.08253457,1.58636149,-0.00128461,0.08252457
1546.3000,1.938773e+14,D,A,0.08241564,1.58570681,-0.00122881,0.08240647
1546.3500,1.938710e+14,D,A,0.08230197,1.58505403,-0.00117340,0.08229360
1546.4000,1.938648e+14,D,A,0.08219353,1.58440304,-0.00111835,0.08218592
1546.4500,1.938585e+14,D,A,0.08209030,1.58375377,-0.00106365,0.08208341
1546.5000,1.938522e+14,D,A,0.08199223,1.58310613,-0.00100928,0.08198601
1546.5500,1.938460e+14,D,A,0.08189929,1.58246005,-0.00095523,0.08189372
1546.6000,1.938397e+14,D,A,0.08181146,1.58181542,-0.00090147,0.08180649
1546.6500,1.938334e+14,D,A,0.08172871,1.58117219,-0.00084799,0.08172431
1546.7000,1.938272e+14,D,A,0.08165100,1.58053025,-0.00079477,0.08164714
1546.7500,1.938209e+14,D,A,0.08157833,1.57988954,-0.00074180,0.08157496
1546.8000,1.938146e+14,D,A,0.08151066,1.57924997,-0.00068905,0.08150775
1546.8500,1.938084e+14,D,A,0.08144797,1.57861146,-0.00063652,0.08144548
1546.9000,1.938021e+14,D,A,0.08139025,1.57797394,-0.00058418,0.08138815
1546.9500,1.937958e+14,D,A,0.08133747,1.57733732,-0.00053202,0.08133573
1547.0000,1.937896e+14,D,A,0.08128961,1.57670154,-0.00048003,0.08128820
1547.0500,1.937833e+14,D,A,0.08124667,1.57606650,-0.00042818,0.08124555
1547.1000,1.937770e+14,D,A,0.08120863,1.57543213,-0.00037647,0.08120776
1547.1500,1.937708e+14,D,A,0.08117548,1.57479837,-0.00032487,0.08117483
1547.2000,1.937645e+14,D,A,0.08114720,1.57416512,-0.00027337,0.08114674
1547.2500,1.937583e+14,D,A,0.08112379,1.57353232,-0.00022195,0.08112348
1547.3000,1.937520e+14,D,A,0.08110523,1.57289989,-0.00017061,0.08110505
1547.3500,1.937457e+14,D,A,0.08109153,1.57226774,-0.00011932,0.08109144
1547.4000,1.937395e+14,D,A,0.08108267,1.57163582,-0.00006807,0.08108264
1547.4500,1.937332e+14,D,A,0.08107866,1.57100404,-0.00001684,0.08107866
1547.5000,1.937270e+14,D,A,0.08107949,1.57037232,0.00003438,0.08107948
1547.5500,1.937207e+14,D,A,0.08108516,1.56974059,0.00008560,0.08108511
1547.6000,1.937144e+14,D,A,0.08109567,1.56910878,0.00013685,0.08109555
1547.6500,1.937082e+14,D,A,0.08111102,1.56847680,0.00018814,0.08111080
1547.7000,1.937019e+14,D,A,0.08113122,1.56784459,0.00023948,0.08113087
1547.7500,1.936957e+14,D,A,0.08115628,1.56721207,0.00029088,0.08115576
1547.8000,1.936894e+14,D,A,0.08118619,1.56657916,0.00034237,0.08118547
1547.8500,1.936831e+14,D,A,0.08122097,1.56594579,0.00039396,0.08122001
1547.9000,1.936769e+14,D,A,0.08126062,1.56531187,0.00044567,0.08125940
1547.9500,1.936706e+14,D,A,0.08130516,1.56467734,0.00049750,0.08130364
1548.0000,1.936644e+14,D,A,0.08135460,1.56404212,0.00054948,0.08135275
1548.0500,1.936581e+14,D,A,0.08140895,1.56340613,0.00060162,0.08140673
1548.1000,1.936519e+14,D,A,0.08146824,1.56276929,0.00065394,0.08146561
1548.1500,1.936456e+14,D,A,0.08153246,1.56213153,0.00070645,0.08152940
1548.2000,1.936394e+14,D,A,0.08160165,1.56149276,0.00075918,0.08159812
1548.2500,1.936331e+14,D,A,0.08167582,1.56085291,0.00081212,0.08167179
1548.3000,1.936269e+14,D,A,0.08175500,1.56021190,0.00086531,0.08175042
1548.3500,1.936206e+14,D,A,0.08183921,1.55956965,0.00091876,0.08183405
1548.4000,1.936143e+14,D,A,0.08192846,1.55892608,0.00097249,0.08192269
1548.4500,1.936081e+14,D,A,0.08202280,1.55828111,0.00102651,0.08201638
1548.5000,1.936018e+14,D,A,0.08212224,1.55763465,0.00108084,0.08211513
1548.5500,1.935956e+14,D,A,0.08222682,1.55698662,0.00113549,0.08221898
1548.6000,1.935893e+14,D,A,0.08233656,1.55633695,0.00119049,0.08232795
1548.6500,1.935831e+14,D,A,0.08245150,1.55568554,0.00124586,0.08244209
1548.7000,1.935768e+14,D,A,0.08257167,1.55503232,0.00130161,0.08256141
1548.7500,1.935706e+14,D,A,0.08269712,1.55437719,0.00135775,0.08268597
1548.8000,1.935643e+14,D,A,0.08282787,1.55372008,0.00141432,0.08281579
1548.8500,1.935581e+14,D,A,0.08296396,1.55306088,0.00147133,0.08295092
1548.9000,1.935518e+14,D,A,0.08310545,1.55239952,0.00152879,0.08309139
1548.9500,1.935456e+14,D,A,0.08325236,1.55173590,0.00158673,0.08323724
1549.0000,1.935394e+14,D,A,0.08340476,1.55106993,0.00164517,0.08338853
1549.0500,1.935331e+14,D,A,0.08356267,1.55040153,0.00170413,0.08354529
1549.1000,1.935269e+14,D,A,0.08372616,1.54973059,0.00176362,0.08370758
1549.1500,1.935206e+14,D,A,0.08389527,1.54905703,0.00182368,0.08387544
1549.2000,1.935144e+14,D,A,0.08407005,1.54838074,0.00188432,0.08404893
1549.2500,1.935081e+14,D,A,0.08425057,1.54770163,0.00194557,0.08422810
1549.3000,1.935019e+14,D,A,0.08443688,1.54701961,0.00200744,0.08441301
1549.3500,1.934956e+14,D,A,0.08462903,1.54633456,0.00206997,0.08460371
1549.4000,1.934894e+14,D,A,0.08482709,1.54564639,0.00213317,0.08480027
1549.4500,1.934831e+14,D,A,0.08503113,1.54495500,0.00219707,0.08500274
1549.5000,1.934769e+14,D,A,0.08524120,1.54426028,0.00226170,0.08521119
1549.5500,1.934707e+14,D,A,0.08545738,1.54356212,0.00232708,0.08542569
1549.6000,1.934644e+14,D,A,0.08567974,1.54286041,0.00239323,0.08564631
1549.6500,1.934582e+14,D,A,0.08590835,1.54215505,0.00246019,0.08587312
1549.7000,1.934519e+14,D,A,0.08614329,1.54144591,0.00252798,0.08610618
1549.7500,1.934457e+14,D,A,0.08638463,1.54073289,0.00259663,0.08634559
1549.8000,1.934394e+14,D,A,0.08663246,1.54001587,0.00266617,0.08659142
1549.8500,1.934332e+14,D,A,0.08688686,1.53929473,0.00273662,0.08684375
1549.9000,1.934270e+14,D,A,0.08714791,1.53856934,0.00280803,0.08710266
1549.9500,1.934207e+14,D,A,0.08741571,1.53783958,0.00288042,0.08736825
1550.0000,1.934145e+14,D,A,0.08769036,1.53710533,0.00295382,0.08764059
1550.0500,1.934083e+14,D,A,0.08797193,1.53636645,0.00302826,0.08791980
1550.1000,1.934020e+14,D,A,0.08826054,1.53562282,0.00310379,0.08820595
1550.1500,1.933958e+14,D,A,0.08855629,1.53487429,0.00318044,0.08849916
1550.2000,1.933895e+14,D,A,0.08885927,1.53412074,0.00325824,0.08879952
1550.2500,1.933833e+14,D,A,0.08916961,1.53336202,0.00333722,0.08910714
1550.3000,1.933771e+14,D,A,0.08948740,1.53259798,0.00341744,0.08942212
1550.3500,1.933708e+14,D,A,0.08981278,1.53182848,0.00349892,0.08974459
1550.4000,1.933646e+14,D,A,0.09014585,1.53105337,0.00358172,0.09007466
1550.4500,1.933584e+14,D,A,0.09048674,1.53027250,0.00366587,0.09041245
1550.5000,1.933521e+14,D,A,0.09083557,1.52948570,0.00375141,0.09075808
1550.5500,1.933459e+14,D,A,0.09119249,1.52869281,0.00383839,0.09111167
1550.6000,1.933396e+14,D,A,0.09155762,1.52789367,0.00392686,0.09147337
1550.6500,1.933334e+14,D,A,0.09193111,1.52708812,0.00401686,0.09184331
1550.7000,1.933272e+14,D,A,0.09231309,1.52627596,0.00410845,0.09222162
1550.7500,1.933209e+14,D,A,0.09270373,1.52545704,0.00420168,0.09260846
1550.8000,1.933147e+14,D,A,0.09310317,1.52463116,0.00429660,0.09300397
1550.8500,1.933085e+14,D,A,0.09351157,1.52379813,0.00439326,0.09340831
1550.9000,1.933022e+14,D,A,0.09392910,1.52295778,0.00449172,0.09382164
1550.9500,1.932960e+14,D,A,0.09435592,1.52210988,0.00459204,0.09424411
1551.0000,1.932898e+14,D,A,0.09479222,1.52125425,0.00469428,0.09467591
1551.0500,1.932836e+14,D,A,0.09523816,1.52039068,0.00479851,0.09511720
1551.1000,1.932773e+14,D,A,0.09569395,1.51951895,0.00490478,0.09556817
1551.1500,1.932711e+14,D,A,0.09615977,1.51863884,0.00501318,0.09602900
1551.2000,1.932649e+14,D,A,0.09663582,1.51775012,0.00512376,0.09649989
1551.2500,1.932586e+14,D,A,0.09712231,1.51685257,0.00523660,0.09698104
1551.3000,1.932524e+14,D,A,0.09761945,1.51594593,0.00535178,0.09747264
1551.3500,1.932462e+14,D,A,0.09812746,1.51502998,0.00546937,0.09797492
1551.4000,1.932399e+14,D,A,0.09864657,1.51410444,0.00558946,0.09848809
1551.4500,1.932337e+14,D,A,0.09917701,1.51316907,0.00571214,0.09901238
1551.5000,1.932275e+14,D,A,0.09971903,1.51222359,0.00583748,0.09954802
1551.5500,1.932213e+14,D,A,0.10027288,1.51126772,0.00596558,0.10009526
1551.6000,1.932150e+14,D,A,0.10083881,1.51030119,0.00609654,0.10065435
1551.6500,1.932088e+14,D,A,0.10141710,1.50932368,0.00623045,0.10122553
1551.7000,1.932026e+14,D,A,0.10200802,1.50833491,0.00636742,0.10180909
1551.7500,1.931964e+14,D,A,0.10261186,1.50733455,0.00650756,0.10240530
1551.8000,1.931901e+14,D,A,0.10322892,1.50632228,0.00665098,0.10301444
1551.8500,1.931839e+14,D,A,0.10385951,1.50529778,0.00679778,0.10363681
1551.9000,1.931777e+14,D,A,0.10450395,1.50426068,0.00694811,0.10427271
1551.9500,1.931715e+14,D,A,0.10516256,1.50321064,0.00710207,0.10492247
1552.0000,1.931652e+14,D,A,0.10583569,1.50214729,0.00725981,0.10558640
1552.0500,1.931590e+14,D,A,0.10652370,1.50107024,0.00742146,0.10626486
1552.1000,1.931528e+14,D,A,0.10722694,1.49997911,0.00758717,0.10695818
1552.1500,1.931466e+14,D,A,0.10794582,1.49887348,0.00775708,0.10766674
1552.2000,1.931404e+14,D,A,0.10868070,1.49775293,0.00793135,0.10839091
1552.2500,1.931341e+14,D,A,0.10943202,1.49661703,0.00811015,0.10913108
1552.3000,1.931279e+14,D,A,0.11020019,1.49546532,0.00829364,0.10988766
1552.3500,1.931217e+14,D,A,0.11098565,1.49429734,0.00848201,0.11066106
1552.4000,1.931155e+14,D,A,0.11178887,1.49311259,0.00867545,0.11145173
1552.4500,1.931093e+14,D,A,0.11261031,1.49191058,0.00887414,0.11226011
1552.5000,1.931030e+14,D,A,0.11345048,1.49069078,0.00907830,0.11308667
1552.5500,1.930968e+14,D,A,0.11430987,1.48945265,0.00928813,0.11393190
1552.6000,1.930906e+14,D,A,0.11518904,1.48819563,0.00950388,0.11479630
1552.6500,1.930844e+14,D,A,0.11608852,1.48691913,0.00972577,0.11568040
1552.7000,1.930782e+14,D,A,0.11700891,1.48562255,0.00995405,0.11658474
1552.7500,1.930719e+14,D,A,0.11795079,1.48430525,0.01018898,0.11750988
1552.8000,1.930657e+14,D,A,0.11891479,1.48296658,0.01043083,0.11845642
1552.8500,1.930595e+14,D,A,0.11990155,1.48160586,0.01067990,0.11942497
1552.9000,1.930533e+14,D,A,0.12091177,1.48022238,0.01093649,0.12041615
1552.9500,1.930471e+14,D,A,0.12194613,1.47881539,0.01120091,0.12143064
1553.0000,1.930409e+14,D,A,0.12300538,1.47738414,0.01147350,0.12246911
1553.0500,1.930346e+14,D,A,0.12409028,1.47592782,0.01175461,0.12353229
1553.1000,1.930284e+14,D,A,0.12520162,1.47444558,0.01204461,0.12462092
1553.1500,1.930222e+14,D,A,0.12634024,1.47293657,0.01234390,0.12573578
1553.2000,1.930160e+14,D,A,0.12750701,1.47139988,0.01265289,0.12687767
1553.2500,1.930098e+14,D,A,0.12870284,1.46983454,0.01297200,0.12804744
1553.3000,1.930036e+14,D,A,0.12992866,1.46823958,0.01330171,0.12924597
1553.3500,1.929974e+14,D,A,0.13118548,1.46661396,0.01364250,0.13047418
1553.4000,1.929912e+14,D,A,0.13247432,1.46495660,0.01399488,0.13173302
1553.4500,1.929849e+14,D,A,0.13379628,1.46326636,0.01435940,0.13302350
1553.5000,1.929787e+14,D,A,0.13515247,1.46154206,0.01473663,0.13434665
1553.5500,1.929725e+14,D,A,0.13654410,1.45978246,0.01512717,0.13570357
1553.6000,1.929663e+14,D,A,0.13797239,1.45798626,0.01553168,0.13709540
1553.6500,1.929601e+14,D,A,0.13943866,1.45615210,0.01595084,0.13852332
1553.7000,1.929539e+14,D,A,0.14094427,1.45427856,0.01638538,0.13998860
1553.7500,1.929477e+14,D,A,0.14249065,1.45236413,0.01683606,0.14149252
1553.8000,1.929415e+14,D,A,0.14407931,1.45040725,0.01730371,0.14303646
1553.8500,1.929353e+14,D,A,0.14571181,1.44840626,0.01778919,0.14462184
1553.9000,1.929291e+14,D,A,0.14738984,1.44635942,0.01829344,0.14625018
1553.9500,1.929228e+14,D,A,0.14911511,1.44426491,0.01881744,0.14792303
1554.0000,1.929166e+14,D,A,0.15088949,1.44212080,0.01936225,0.14964204
1554.0500,1.929104e+14,D,A,0.15271488,1.43992508,0.01992899,0.15140895
1554.1000,1.929042e+14,D,A,0.15459333,1.43767560,0.02051885,0.15322557
1554.1500,1.928980e+14,D,A,0.15652699,1.43537012,0.02113312,0.15509381
1554.2000,1.928918e+14,D,A,0.15851811,1.43300626,0.02177317,0.15701567
1554.2500,1.928856e+14,D,A,0.16056908,1.43058151,0.02244046,0.15899325
1554.3000,1.928794e+14,D,A,0.16268242,1.42809322,0.02313657,0.16102878
1554.3500,1.928732e+14,D,A,0.16486079,1.42553859,0.02386318,0.16312458
1554.4000,1.928670e+14,D,A,0.16710701,1.42291465,0.02462209,0.16528311
1554.4500,1.928608e+14,D,A,0.16942406,1.42021825,0.02541525,0.16750695
1554.5000,1.928546e+14,D,A,0.17181510,1.41744607,0.02624474,0.16979883
1554.5500,1.928484e+14,D,A,0.17428346,1.41459455,0.02711282,0.17216161
1554.6000,1.928422e+14,D,A,0.17683271,1.41165995,0.02802189,0.17459834
1554.6500,1.928360e+14,D,A,0.17946659,1.40863827,0.02897458,0.17711220
1554.7000,1.928298e+14,D,A,0.18218912,1.40552525,0.02997370,0.17970658
1554.7500,1.928236e+14,D,A,0.18500455,1.40231639,0.03102230,0.18238503
1554.8000,1.928174e+14,D,A,0.18791740,1.39900684,0.03212368,0.18515133
1554.8500,1.928112e+14,D,A,0.19093249,1.39559147,0.03328141,0.18800947
1554.9000,1.928050e+14,D,A,0.19405496,1.39206478,0.03449938,0.19096366
1554.9500,1.927988e+14,D,A,0.19729029,1.38842089,0.03578178,0.19401836
1555.0000,1.927926e+14,D,A,0.20064435,1.38465350,0.03713320,0.19717829
1555.0500,1.927864e+14,D,A,0.20412338,1.38075588,0.03855862,0.20044846
1555.1000,1.927802e+14,D,A,0.20773409,1.37672080,0.04006349,0.20383417
1555.1500,1.927740e+14,D,A,0.21148364,1.37254049,0.04165374,0.20734102
1555.2000,1.927678e+14,D,A,0.21537974,1.36820661,0.04333586,0.21097497
1555.2500,1.927616e+14,D,A,0.21943064,1.36371015,0.04511696,0.21474232
1555.3000,1.927554e+14,D,A,0.22364520,1.35904144,0.04700483,0.21864977
1555.3500,1.927492e+14,D,A,0.22803297,1.35419001,0.04900805,0.22270439
1555.4000,1.927430e+14,D,A,0.23260422,1.34914456,0.05113601,0.22691371
1555.4500,1.927368e+14,D,A,0.23737003,1.34389285,0.05339911,0.23128568
1555.5000,1.927306e+14,D,A,0.24234235,1.33842163,0.05580879,0.23582874
1555.5500,1.927244e+14,D,A,0.24753409,1.33271649,0.05837771,0.24055180
1555.6000,1.927182e+14,D,A,0.25295923,1.32676180,0.06111990,0.24546431
1555.6500,1.927120e+14,D,A,0.25863289,1.32054051,0.06405091,0.25057624
1555.7000,1.927058e+14,D,A,0.26457148,1.31403404,0.06718801,0.25589811
1555.7500,1.926996e+14,D,A,0.27079282,1.30722210,0.07055047,0.26144097
1555.8000,1.926934e+14,D,A,0.27731626,1.30008247,0.07415974,0.26721647
1555.8500,1.926873e+14,D,A,0.28416285,1.29259080,0.07803982,0.27323674
1555.9000,1.926811e+14,D,A,0.29135556,1.28472036,0.08221758,0.27951446
1555.9500,1.926749e+14,D,A,0.29891940,1.27644174,0.08672317,0.28606275
1556.0000,1.926687e+14,D,A,0.30688169,1.26772250,0.09159048,0.29289513
1556.0500,1.926625e+14,D,A,0.31527230,1.25852684,0.09685769,0.30002535
1556.1000,1.926563e+14,D,A,0.32412386,1.24881513,0.10256788,0.30746725
1556.1500,1.926501e+14,D,A,0.33347214,1.23854342,0.10876979,0.31523452
1556.2000,1.926439e+14,D,A,0.34335629,1.22766291,0.11551862,0.32334036
1556.2500,1.926377e+14,D,A,0.35381920,1.21611922,0.12287701,0.33179702
1556.3000,1.926315e+14,D,A,0.36490789,1.20385172,0.13091622,0.34061519
1556.3500,1.926253e+14,D,A,0.37667387,1.19079261,0.13971735,0.34980318
1556.4000,1.926192e+14,D,A,0.38917354,1.17686593,0.14937287,0.35936582
1556.4500,1.926130e+14,D,A,0.40246857,1.16198644,0.15998833,0.36930297
1556.5000,1.926068e+14,D,A,0.41662625,1.14605827,0.17168423,0.37960763
1556.5500,1.926006e+14,D,A,0.43171978,1.12897344,0.18459821,0.39026334
1556.6000,1.925944e+14,D,A,0.44782845,1.11061012,0.19888731,0.40124078
1556.6500,1.925882e+14,D,A,0.46503756,1.09083072,0.21473048,0.41249334
1556.7000,1.925820e+14,D,A,0.48343807,1.06947967,0.23233096,0.42395129
1556.7500,1.925759e+14,D,A,0.50312573,1.04638109,0.25191853,0.43551412
1556.8000,1.925697e+14,D,A,0.52419944,1.02133615,0.27375107,0.44704072
1556.8500,1.925635e+14,D,A,0.54675859,0.99412046,0.29811488,0.45833664
1556.9000,1.925573e+14,D,A,0.57089874,0.96448143,0.32532270,0.46913805
1556.9500,1.925511e+14,D,A,0.59670516,0.93213603,0.35570808,0.47909165
1557.0000,1.925449e+14,D,A,0.62424332,0.89676937,0.38961358,0.48773044
1557.0500,1.925387e+14,D,A,0.65354530,0.85803466,0.42737002,0.49444547
1557.1000,1.925326e+14,D,A,0.68459094,0.81555593,0.46926226,0.49845530
1557.1500,1.925264e+14,D,A,0.71728258,0.76893456,0.51547653,0.49877675
1557.2000,1.925202e+14,D,A,0.75141259,0.71776206,0.56602371,0.49420445
1557.2500,1.925140e+14,D,A,0.78662410,0.66164121,0.62063455,0.48331174
1557.3000,1.925078e+14,D,A,0.82236762,0.60021851,0.67862781,0.46449199
1557.3500,1.925017e+14,D,A,0.85786019,0.53322973,0.73876332,0.43606520
1557.4000,1.924955e+14,D,A,0.89205914,0.46055904,0.79911030,0.39647476
1557.4500,1.924893e+14,D,A,0.92366863,0.38230765,0.85698549,0.34458614
1557.5000,1.924831e+14,D,A,0.95119963,0.29886213,0.90903498,0.28006453
1557.5500,1.924769e+14,D,A,0.97309872,0.21094544,0.95152842,0.20375176
1557.6000,1.924708e+14,D,A,0.98794256,0.11962929,0.98088168,0.11790517
1557.6500,1.924646e+14,D,A,0.99466500,0.02628952,0.99432129,0.02614625
1557.7000,1.924584e+14,D,A,0.99275569,-0.06750028,0.99049491,-0.06696042
1557.7500,1.924522e+14,D,A,0.98236350,-0.16012083,0.96979713,-0.15662557
1557.8000,1.924461e+14,D,A,0.96426567,-0.25007027,0.93427222,-0.23862880
1557.8500,1.924399e+14,D,A,0.93971482,-0.33609919,0.88713624,-0.30992458
1557.9000,1.924337e+14,D,A,0.91021895,-0.41729006,0.83211360,-0.36889767
1557.9500,1.924275e+14,D,A,0.87732279,-0.49307470,0.77281756,-0.41526896
1558.0000,1.924213e+14,D,A,0.84244057,-0.56320197,0.71232556,-0.44977595
1558.0500,1.924152e+14,D,A,0.80675884,-0.62767652,0.65298592,-0.47378182
1558.1000,1.924090e+14,D,A,0.77120285,-0.68668860,0.59640942,-0.48892702
1558.1500,1.924028e+14,D,A,0.73644713,-0.74054891,0.54357040,-0.49687584
1558.2000,1.923966e+14,D,A,0.70295009,-0.78963531,0.49495020,-0.49916243
1558.2500,1.923905e+14,D,A,0.67099707,-0.83435335,0.45067981,-0.49711646
1558.3000,1.923843e+14,D,A,0.64074248,-0.87510915,0.41066023,-0.49184255
1558.3500,1.923781e+14,D,A,0.61224612,-0.91229235,0.37465441,-0.48423071
1558.4000,1.923720e+14,D,A,0.58550240,-0.94626641,0.34235261,-0.47498184
1558.4500,1.923658e+14,D,A,0.56046261,-0.97736400,0.31341618,-0.46463817
1558.5000,1.923596e+14,D,A,0.53705126,-1.00588566,0.28750522,-0.45361306
1558.5500,1.923534e+14,D,A,0.51517771,-1.03210056,0.26429487,-0.44221748
1558.6000,1.923473e+14,D,A,0.49474423,-1.05624838,0.24348411,-0.43068241
1558.6500,1.923411e+14,D,A,0.47565136,-1.07854173,0.22479949,-0.41917706
1558.7000,1.923349e+14,D,A,0.45780149,-1.09916886,0.20799601,-0.40782332
1558.7500,1.923288e+14,D,A,0.44110096,-1.11829626,0.19285611,-0.39670716
1558.8000,1.923226e+14,D,A,0.42546136,-1.13607116,0.17918779,-0.38588742
1558.8500,1.923164e+14,D,A,0.41080014,-1.15262387,0.16682227,-0.37540257
1558.9000,1.923103e+14,D,A,0.39704082,-1.16806979,0.15561149,-0.36527589
1558.9500,1.923041e+14,D,A,0.38411291,-1.18251127,0.14542580,-0.35551943
1559.0000,1.922979e+14,D,A,0.37195174,-1.19603928,0.13615161,-0.34613701
1559.0500,1.922918e+14,D,A,0.36049807,-1.20873473,0.12768947,-0.33712647
1559.1000,1.922856e+14,D,A,0.34969777,-1.22066981,0.11995216,-0.32848137
1559.1500,1.922794e+14,D,A,0.33950144,-1.23190900,0.11286315,-0.32019235
1559.2000,1.922733e+14,D,A,0.32986397,-1.24251003,0.10635517,-0.31224800
1559.2500,1.922671e+14,D,A,0.32074419,-1.25252470,0.10036902,-0.30463568
1559.3000,1.922609e+14,D,A,0.31210455,-1.26199957,0.09485248,-0.29734198
1559.3500,1.922548e+14,D,A,0.30391073,-1.27097658,0.08975943,-0.29035319
1559.4000,1.922486e+14,D,A,0.29613138,-1.27949360,0.08504902,-0.28365553
1559.4500,1.922424e+14,D,A,0.28873782,-1.28758488,0.08068507,-0.27723537
1559.5000,1.922363e+14,D,A,0.28170380,-1.29528145,0.07663539,-0.27107942
1559.5500,1.922301e+14,D,A,0.27500527,-1.30261149,0.07287134,-0.26517478
1559.6000,1.922239e+14,D,A,0.26862014,-1.30960063,0.06936736,-0.25950906
1559.6500,1.922178e+14,D,A,0.26252816,-1.31627223,0.06610062,-0.25407035
1559.7000,1.922116e+14,D,A,0.25671067,-1.32264764,0.06305065,-0.24884731
1559.7500,1.922055e+14,D,A,0.25115052,-1.32874635,0.06019911,-0.24382914
1559.8000,1.921993e+14,D,A,0.24583190,-1.33458623,0.05752950,-0.23900561
1559.8500,1.921931e+14,D,A,0.24074021,-1.34018369,0.05502695,-0.23436699
1559.9000,1.921870e+14,D,A,0.23586198,-1.34555378,0.05267807,-0.22990410
1559.9500,1.921808e+14,D,A,0.23118473,-1.35071040,0.05047074,-0.22560825
1560.0000,1.921747e+14,D,A,0.22669691,-1.35566632,0.04839400,-0.22147124
1560.0500,1.921685e+14,D,A,0.22238783,-1.36043336,0.04643789,-0.21748533
1560.1000,1.921623e+14,D,A,0.21824754,-1.36502242,0.04459338,-0.21364320
1560.1500,1.921562e+14,D,A,0.21426682,-1.36944362,0.04285227,-0.20993797
1560.2000,1.921500e+14,D,A,0.21043708,-1.37370632,0.04120705,-0.20636313
1560.2500,1.921439e+14,D,A,0.20675032,-1.37781923,0.03965090,-0.20291254
1560.3000,1.921377e+14,D,A,0.20319910,-1.38179041,0.03817758,-0.19958042
1560.3500,1.921315e+14,D,A,0.19977645,-1.38562740,0.03678136,-0.19636130
1560.4000,1.921254e+14,D,A,0.19647589,-1.38933719,0.03545701,-0.19325003
1560.4500,1.921192e+14,D,A,0.19329134,-1.39292633,0.03419973,-0.19024174
1560.5000,1.921131e+14,D,A,0.19021711,-1.39640091,0.03300510,-0.18733182
1560.5500,1.921069e+14,D,A,0.18724789,-1.39976664,0.03186905,-0.18451595
1560.6000,1.921008e+14,D,A,0.18437867,-1.40302885,0.03078784,-0.18179000
1560.6500,1.920946e+14,D,A,0.18160478,-1.40619255,0.02975803,-0.17915010
1560.7000,1.920885e+14,D,A,0.17892182,-1.40926241,0.02877642,-0.17659257
1560.7500,1.920823e+14,D,A,0.17632565,-1.41224285,0.02784005,-0.17411394
1560.8000,1.920762e+14,D,A,0.17381237,-1.41513799,0.02694622,-0.17171092
1560.8500,1.920700e+14,D,A,0.17137832,-1.41795172,0.02609238,-0.16938039
1560.9000,1.920638e+14,D,A,0.16902005,-1.42068769,0.02527620,-0.16711939
1560.9500,1.920577e+14,D,A,0.16673429,-1.42334935,0.02449548,-0.16492512
1561.0000,1.920515e+14,D,A,0.16451798,-1.42593995,0.02374822,-0.16279492
1561.0500,1.920454e+14,D,A,0.16236820,-1.42846255,0.02303253,-0.16072628
1561.1000,1.920392e+14,D,A,0.16028222,-1.43092004,0.02234664,-0.15871678
1561.1500,1.920331e+14,D,A,0.15825743,-1.43331517,0.02168894,-0.15676417
1561.2000,1.920269e+14,D,A,0.15629138,-1.43565050,0.02105789,-0.15486627
1561.2500,1.920208e+14,D,A,0.15438173,-1.43792850,0.02045206,-0.15302102
1561.3000,1.920146e+14,D,A,0.15252628,-1.44015148,0.01987014,-0.15122647
1561.3500,1.920085e+14,D,A,0.15072294,-1.44232164,0.01931086,-0.14948075
1561.4000,1.920023e+14,D,A,0.14896971,-1.44444105,0.01877306,-0.14778209
1561.4500,1.919962e+14,D,A,0.14726471,-1.44651171,0.01825565,-0.14612880
1561.5000,1.919900e+14,D,A,0.14560614,-1.44853548,0.01775761,-0.14451926
1561.5500,1.919839e+14,D,A,0.14399231,-1.45051416,0.01727797,-0.14295194
1561.6000,1.919778e+14,D,A,0.14242158,-1.45244944,0.01681583,-0.14142537
1561.6500,1.919716e+14,D,A,0.14089242,-1.45434293,0.01637034,-0.13993815
1543.5000,1.942290e+14,B,C,0.09921262,1.62848600,-0.00572037,0.09904757
1543.5500,1.942227e+14,B,C,0.09867602,1.62754041,-0.00559628,0.09851720
1543.6000,1.942164e+14,B,C,0.09815107,1.62660499,-0.00547484,0.09799826
1543.6500,1.942101e+14,B,C,0.09763752,1.62567948,-0.00535597,0.09749051
1543.7000,1.942038e+14,B,C,0.09713514,1.62476361,-0.00523958,0.09699372
1543.7500,1.941975e+14,B,C,0.09664368,1.62385712,-0.00512558,0.09650767
1543.8000,1.941913e+14,B,C,0.09616294,1.62295976,-0.00501391,0.09603214
1543.8500,1.941850e+14,B,C,0.09569268,1.62207129,-0.00490449,0.09556691
1543.9000,1.941787e+14,B,C,0.09523271,1.62119147,-0.00479723,0.09511180
1543.9500,1.941724e+14,B,C,0.09478281,1.62032007,-0.00469208,0.09466660
1544.0000,1.941661e+14,B,C,0.09434280,1.61945687,-0.00458896,0.09423113
1544.0500,1.941598e+14,B,C,0.09391248,1.61860166,-0.00448781,0.09380519
1544.1000,1.941535e+14,B,C,0.09349168,1.61775421,-0.00438856,0.09338862
1544.1500,1.941472e+14,B,C,0.09308021,1.61691433,-0.00429115,0.09298124
1544.2000,1.941410e+14,B,C,0.09267790,1.61608181,-0.00419553,0.09258288
1544.2500,1.941347e+14,B,C,0.09228458,1.61525646,-0.00410163,0.09219338
1544.3000,1.941284e+14,B,C,0.09190010,1.61443809,-0.00400941,0.09181259
1544.3500,1.941221e+14,B,C,0.09152429,1.61362652,-0.00391880,0.09144036
1544.4000,1.941158e+14,B,C,0.09115701,1.61282156,-0.00382977,0.09107653
1544.4500,1.941095e+14,B,C,0.09079811,1.61202304,-0.00374225,0.09072096
1544.5000,1.941032e+14,B,C,0.09044745,1.61123078,-0.00365620,0.09037352
1544.5500,1.940970e+14,B,C,0.09010489,1.61044463,-0.00357157,0.09003408
1544.6000,1.940907e+14,B,C,0.08977029,1.60966441,-0.00348832,0.08970249
1544.6500,1.940844e+14,B,C,0.08944354,1.60888997,-0.00340641,0.08937865
1544.7000,1.940781e+14,B,C,0.08912450,1.60812115,-0.00332578,0.08906243
1544.7500,1.940718e+14,B,C,0.08881305,1.60735780,-0.00324641,0.08875370
1544.8000,1.940655e+14,B,C,0.08850908,1.60659976,-0.00316825,0.08845236
1544.8500,1.940593e+14,B,C,0.08821247,1.60584691,-0.00309127,0.08815829
1544.9000,1.940530e+14,B,C,0.08792312,1.60509908,-0.00301541,0.08787140
1544.9500,1.940467e+14,B,C,0.08764091,1.60435615,-0.00294066,0.08759156
1545.0000,1.940404e+14,B,C,0.08736575,1.60361798,-0.00286697,0.08731870
1545.0500,1.940341e+14,B,C,0.08709753,1.60288443,-0.00279432,0.08705269
1545.1000,1.940279e+14,B,C,0.08683616,1.60215538,-0.00272265,0.08679347
1545.1500,1.940216e+14,B,C,0.08658155,1.60143069,-0.00265196,0.08654092
1545.2000,1.940153e+14,B,C,0.08633360,1.60071024,-0.00258219,0.08629497
1545.2500,1.940090e+14,B,C,0.08609222,1.59999391,-0.00251333,0.08605553
1545.3000,1.940028e+14,B,C,0.08585734,1.59928157,-0.00244534,0.08582251
1545.3500,1.939965e+14,B,C,0.08562887,1.59857312,-0.00237819,0.08559584
1545.4000,1.939902e+14,B,C,0.08540674,1.59786843,-0.00231186,0.08537544
1545.4500,1.939839e+14,B,C,0.08519086,1.59716739,-0.00224631,0.08516124
1545.5000,1.939776e+14,B,C,0.08498116,1.59646989,-0.00218153,0.08495315
1545.5500,1.939714e+14,B,C,0.08477757,1.59577582,-0.00211748,0.08475112
1545.6000,1.939651e+14,B,C,0.08458003,1.59508507,-0.00205414,0.08455508
1545.6500,1.939588e+14,B,C,0.08438846,1.59439753,-0.00199148,0.08436495
1545.7000,1.939526e+14,B,C,0.08420280,1.59371311,-0.00192949,0.08418069
1545.7500,1.939463e+14,B,C,0.08402299,1.59303169,-0.00186813,0.08400222
1545.8000,1.939400e+14,B,C,0.08384897,1.59235318,-0.00180738,0.08382949
1545.8500,1.939337e+14,B,C,0.08368068,1.59167748,-0.00174722,0.08366244
1545.9000,1.939275e+14,B,C,0.08351808,1.59100448,-0.00168763,0.08350102
1545.9500,1.939212e+14,B,C,0.08336109,1.59033411,-0.00162859,0.08334518
1546.0000,1.939149e+14,B,C,0.08320968,1.58966625,-0.00157007,0.08319487
1546.0500,1.939086e+14,B,C,0.08306380,1.58900081,-0.00151205,0.08305003
1546.1000,1.939024e+14,B,C,0.08292339,1.58833771,-0.00145452,0.08291063
1546.1500,1.938961e+14,B,C,0.08278841,1.58767685,-0.00139744,0.08277661
1546.2000,1.938898e+14,B,C,0.08265882,1.58701814,-0.00134082,0.08264794
1546.2500,1.938836e+14,B,C,0.08253457,1.58636149,-0.00128461,0.08252457
1546.3000,1.938773e+14,B,C,0.08241564,1.58570681,-0.00122881,0.08240647
1546.3500,1.938710e+14,B,C,0.08230197,1.58505403,-0.00117340,0.08229360
1546.4000,1.938648e+14,B,C,0.08219353,1.58440304,-0.00111835,0.08218592
1546.4500,1.938585e+14,B,C,0.08209030,1.58375377,-0.00106365,0.08208341
1546.5000,1.938522e+14,B,C,0.08199223,1.58310613,-0.00100928,0.08198601
1546.5500,1.938460e+14,B,C,0.08189929,1.58246005,-0.00095523,0.08189372
1546.6000,1.938397e+14,B,C,0.08181146,1.58181542,-0.00090147,0.08180649
1546.6500,1.938334e+14,B,C,0.08172871,1.58117219,-0.00084799,0.08172431
1546.7000,1.938272e+14,B,C,0.08165100,1.58053025,-0.00079477,0.08164714
1546.7500,1.938209e+14,B,C,0.08157833,1.57988954,-0.00074180,0.08157496
1546.8000,1.938146e+14,B,C,0.08151066,1.57924997,-0.00068905,0.08150775
1546.8500,1.938084e+14,B,C,0.08144797,1.57861146,-0.00063652,0.08144548
1546.9000,1.938021e+14,B,C,0.08139025,1.57797394,-0.00058418,0.08138815
1546.9500,1.937958e+14,B,C,0.08133747,1.57733732,-0.00053202,0.08133573
1547.0000,1.937896e+14,B,C,0.08128961,1.57670154,-0.00048003,0.08128820
1547.0500,1.937833e+14,B,C,0.08124667,1.57606650,-0.00042818,0.08124555
1547.1000,1.937770e+14,B,C,0.08120863,1.57543213,-0.00037647,0.08120776
1547.1500,1.937708e+14,B,C,0.08117548,1.57479837,-0.00032487,0.08117483
1547.2000,1.937645e+14,B,C,0.08114720,1.57416512,-0.00027337,0.08114674
1547.2500,1.937583e+14,B,C,0.08112379,1.57353232,-0.00022195,0.08112348
1547.3000,1.937520e+14,B,C,0.08110523,1.57289989,-0.00017061,0.08110505
1547.3500,1.937457e+14,B,C,0.08109153,1.57226774,-0.00011932,0.08109144
1547.4000,1.937395e+14,B,C,0.08108267,1.57163582,-0.00006807,0.08108264
1547.4500,1.937332e+14,B,C,0.08107866,1.57100404,-0.00001684,0.08107866
1547.5000,1.937270e+14,B,C,0.08107949,1.57037232,0.00003438,0.08107948
1547.5500,1.937207e+14,B,C,0.08108516,1.56974059,0.00008560,0.08108511
1547.6000,1.937144e+14,B,C,0.08109567,1.56910878,0.00013685,0.08109555
1547.6500,1.937082e+14,B,C,0.08111102,1.56847680,0.00018814,0.08111080
1547.7000,1.937019e+14,B,C,0.08113122,1.56784459,0.00023948,0.08113087
1547.7500,1.936957e+14,B,C,0.08115628,1.56721207,0.00029088,0.08115576
1547.8000,1.936894e+14,B,C,0.08118619,1.56657916,0.00034237,0.08118547
1547.8500,1.936831e+14,B,C,0.08122097,1.56594579,0.00039396,0.08122001
1547.9000,1.936769e+14,B,C,0.08126062,1.56531187,0.00044567,0.08125940
1547.9500,1.936706e+14,B,C,0.08130516,1.56467734,0.00049750,0.08130364
1548.0000,1.936644e+14,B,C,0.08135460,1.56404212,0.00054948,0.08135275
1548.0500,1.936581e+14,B,C,0.08140895,1.56340613,0.00060162,0.08140673
1548.1000,1.936519e+14,B,C,0.08146824,1.56276929,0.00065394,0.08146561
1548.1500,1.936456e+14,B,C,0.08153246,1.56213153,0.00070645,0.08152940
1548.2000,1.936394e+14,B,C,0.08160165,1.56149276,0.00075918,0.08159812
1548.2500,1.936331e+14,B,C,0.08167582,1.56085291,0.00081212,0.08167179
1548.3000,1.936269e+14,B,C,0.08175500,1.56021190,0.00086531,0.08175042
1548.3500,1.936206e+14,B,C,0.08183921,1.55956965,0.00091876,0.08183405
1548.4000,1.936143e+14,B,C,0.08192846,1.55892608,0.00097249,0.08192269
1548.4500,1.936081e+14,B,C,0.08202280,1.55828111,0.00102651,0.08201638
1548.5000,1.936018e+14,B,C,0.08212224,1.55763465,0.00108084,0.08211513
1548.5500,1.935956e+14,B,C,0.08222682,1.55698662,0.00113549,0.08221898
1548.6000,1.935893e+14,B,C,0.08233656,1.55633695,0.00119049,0.08232795
1548.6500,1.935831e+14,B,C,0.08245150,1.55568554,0.00124586,0.08244209
1548.7000,1.935768e+14,B,C,0.08257167,1.55503232,0.00130161,0.08256141
1548.7500,1.935706e+14,B,C,0.08269712,1.55437719,0.00135775,0.08268597
1548.8000,1.935643e+14,B,C,0.08282787,1.55372008,0.00141432,0.08281579
1548.8500,1.935581e+14,B,C,0.08296396,1.55306088,0.00147133,0.08295092
1548.9000,1.935518e+14,B,C,0.08310545,1.55239952,0.00152879,0.08309139
1548.9500,1.935456e+14,B,C,0.08325236,1.55173590,0.00158673,0.08323724
1549.0000,1.935394e+14,B,C,0.08340476,1.55106993,0.00164517,0.08338853
1549.0500,1.935331e+14,B,C,0.08356267,1.55040153,0.00170413,0.08354529
1549.1000,1.935269e+14,B,C,0.08372616,1.54973059,0.00176362,0.08370758
1549.1500,1.935206e+14,B,C,0.08389527,1.54905703,0.00182368,0.08387544
1549.2000,1.935144e+14,B,C,0.08407005,1.54838074,0.00188432,0.08404893
1549.2500,1.935081e+14,B,C,0.08425057,1.54770163,0.00194557,0.08422810
1549.3000,1.935019e+14,B,C,0.08443688,1.54701961,0.00200744,0.08441301
1549.3500,1.934956e+14,B,C,0.08462903,1.54633456,0.00206997,0.08460371
1549.4000,1.934894e+14,B,C,0.08482709,1.54564639,0.00213317,0.08480027
1549.4500,1.934831e+14,B,C,0.08503113,1.54495500,0.00219707,0.08500274
1549.5000,1.934769e+14,B,C,0.08524120,1.54426028,0.00226170,0.08521119
1549.5500,1.934707e+14,B,C,0.08545738,1.54356212,0.00232708,0.08542569
1549.6000,1.934644e+14,B,C,0.08567974,1.54286041,0.00239323,0.08564631
1549.6500,1.934582e+14,B,C,0.08590835,1.54215505,0.00246019,0.08587312
1549.7000,1.934519e+14,B,C,0.08614329,1.54144591,0.00252798,0.08610618
1549.7500,1.934457e+14,B,C,0.08638463,1.54073289,0.00259663,0.08634559
1549.8000,1.934394e+14,B,C,0.08663246,1.54001587,0.00266617,0.08659142
1549.8500,1.934332e+14,B,C,0.08688686,1.53929473,0.00273662,0.08684375
1549.9000,1.934270e+14,B,C,0.08714791,1.53856934,0.00280803,0.08710266
1549.9500,1.934207e+14,B,C,0.08741571,1.53783958,0.00288042,0.08736825
1550.0000,1.934145e+14,B,C,0.08769036,1.53710533,0.00295382,0.08764059
1550.0500,1.934083e+14,B,C,0.08797193,1.53636645,0.00302826,0.08791980
1550.1000,1.934020e+14,B,C,0.08826054,1.53562282,0.00310379,0.08820595
1550.1500,1.933958e+14,B,C,0.08855629,1.53487429,0.00318044,0.08849916
1550.2000,1.933895e+14,B,C,0.08885927,1.53412074,0.00325824,0.08879952
1550.2500,1.933833e+14,B,C,0.08916961,1.53336202,0.00333722,0.08910714
1550.3000,1.933771e+14,B,C,0.08948740,1.53259798,0.00341744,0.08942212
1550.3500,1.933708e+14,B,C,0.08981278,1.53182848,0.00349892,0.08974459
1550.4000,1.933646e+14,B,C,0.09014585,1.53105337,0.00358172,0.09007466
1550.4500,1.933584e+14,B,C,0.09048674,1.53027250,0.00366587,0.09041245
1550.5000,1.933521e+14,B,C,0.09083557,1.52948570,0.00375141,0.09075808
1550.5500,1.933459e+14,B,C,0.09119249,1.52869281,0.00383839,0.09111167
1550.6000,1.933396e+14,B,C,0.09155762,1.52789367,0.00392686,0.09147337
1550.6500,1.933334e+14,B,C,0.09193111,1.52708812,0.00401686,0.09184331
1550.7000,1.933272e+14,B,C,0.09231309,1.52627596,0.00410845,0.09222162
1550.7500,1.933209e+14,B,C,0.09270373,1.52545704,0.00420168,0.09260846
1550.8000,1.933147e+14,B,C,0.09310317,1.52463116,0.00429660,0.09300397
1550.8500,1.933085e+14,B,C,0.09351157,1.52379813,0.00439326,0.09340831
1550.9000,1.933022e+14,B,C,0.09392910,1.52295778,0.00449172,0.09382164
1550.9500,1.932960e+14,B,C,0.09435592,1.52210988,0.00459204,0.09424411
1551.0000,1.932898e+14,B,C,0.09479222,1.52125425,0.00469428,0.09467591
1551.0500,1.932836e+14,B,C,0.09523816,1.52039068,0.00479851,0.09511720
1551.1000,1.932773e+14,B,C,0.09569395,1.51951895,0.00490478,0.09556817
1551.1500,1.932711e+14,B,C,0.09615977,1.51863884,0.00501318,0.09602900
1551.2000,1.932649e+14,B,C,0.09663582,1.51775012,0.00512376,0.09649989
1551.2500,1.932586e+14,B,C,0.09712231,1.51685257,0.00523660,0.09698104
1551.3000,1.932524e+14,B,C,0.09761945,1.51594593,0.00535178,0.09747264
1551.3500,1.932462e+14,B,C,0.09812746,1.51502998,0.00546937,0.09797492
1551.4000,1.932399e+14,B,C,0.09864657,1.51410444,0.00558946,0.09848809
1551.4500,1.932337e+14,B,C,0.09917701,1.51316907,0.00571214,0.09901238
1551.5000,1.932275e+14,B,C,0.09971903,1.51222359,0.00583748,0.09954802
1551.5500,1.932213e+14,B,C,0.10027288,1.51126772,0.00596558,0.10009526
1551.6000,1.932150e+14,B,C,0.10083881,1.51030119,0.00609654,0.10065435
1551.6500,1.932088e+14,B,C,0.10141710,1.50932368,0.00623045,0.10122553
1551.7000,1.932026e+14,B,C,0.10200802,1.50833491,0.00636742,0.10180909
1551.7500,1.931964e+14,B,C,0.10261186,1.50733455,0.00650756,0.10240530
1551.8000,1.931901e+14,B,C,0.10322892,1.50632228,0.00665098,0.10301444
1551.8500,1.931839e+14,B,C,0.10385951,1.50529778,0.00679778,0.10363681
1551.9000,1.931777e+14,B,C,0.10450395,1.50426068,0.00694811,0.10427271
1551.9500,1.931715e+14,B,C,0.10516256,1.50321064,0.00710207,0.10492247
1552.0000,1.931652e+14,B,C,0.10583569,1.50214729,0.00725981,0.10558640
1552.0500,1.931590e+14,B,C,0.10652370,1.50107024,0.00742146,0.10626486
1552.1000,1.931528e+14,B,C,0.10722694,1.49997911,0.00758717,0.10695818
1552.1500,1.931466e+14,B,C,0.10794582,1.49887348,0.00775708,0.10766674
1552.2000,1.931404e+14,B,C,0.10868070,1.49775293,0.00793135,0.10839091
1552.2500,1.931341e+14,B,C,0.10943202,1.49661703,0.00811015,0.10913108
1552.3000,1.931279e+14,B,C,0.11020019,1.49546532,0.00829364,0.10988766
1552.3500,1.931217e+14,B,C,0.11098565,1.49429734,0.00848201,0.11066106
1552.4000,1.931155e+14,B,C,0.11178887,1.49311259,0.00867545,0.11145173
1552.4500,1.931093e+14,B,C,0.11261031,1.49191058,0.00887414,0.11226011
1552.5000,1.931030e+14,B,C,0.11345048,1.49069078,0.00907830,0.11308667
1552.5500,1.930968e+14,B,C,0.11430987,1.48945265,0.00928813,0.11393190
1552.6000,1.930906e+14,B,C,0.11518904,1.48819563,0.00950388,0.11479630
1552.6500,1.930844e+14,B,C,0.11608852,1.48691913,0.00972577,0.11568040
1552.7000,1.930782e+14,B,C,0.11700891,1.48562255,0.00995405,0.11658474
1552.7500,1.930719e+14,B,C,0.11795079,1.48430525,0.01018898,0.11750988
1552.8000,1.930657e+14,B,C,0.11891479,1.48296658,0.01043083,0.11845642
1552.8500,1.930595e+14,B,C,0.11990155,1.48160586,0.01067990,0.11942497
1552.9000,1.930533e+14,B,C,0.12091177,1.48022238,0.01093649,0.12041615
1552.9500,1.930471e+14,B,C,0.12194613,1.47881539,0.01120091,0.12143064
1553.0000,1.930409e+14,B,C,0.12300538,1.47738414,0.01147350,0.12246911
1553.0500,1.930346e+14,B,C,0.12409028,1.47592782,0.01175461,0.12353229
1553.1000,1.930284e+14,B,C,0.12520162,1.47444558,0.01204461,0.12462092
1553.1500,1.930222e+14,B,C,0.12634024,1.47293657,0.01234390,0.12573578
1553.2000,1.930160e+14,B,C,0.12750701,1.47139988,0.01265289,0.12687767
1553.2500,1.930098e+14,B,C,0.12870284,1.46983454,0.01297200,0.12804744
1553.3000,1.930036e+14,B,C,0.12992866,1.46823958,0.01330171,0.12924597
1553.3500,1.929974e+14,B,C,0.13118548,1.46661396,0.01364250,0.13047418
1553.4000,1.929912e+14,B,C,0.13247432,1.46495660,0.01399488,0.13173302
1553.4500,1.929849e+14,B,C,0.13379628,1.46326636,0.01435940,0.13302350
1553.5000,1.929787e+14,B,C,0.13515247,1.46154206,0.01473663,0.13434665
1553.5500,1.929725e+14,B,C,0.13654410,1.45978246,0.01512717,0.13570357
1553.6000,1.929663e+14,B,C,0.13797239,1.45798626,0.01553168,0.13709540
1553.6500,1.929601e+14,B,C,0.13943866,1.45615210,0.01595084,0.13852332
1553.7000,1.929539e+14,B,C,0.14094427,1.45427856,0.01638538,0.13998860
1553.7500,1.929477e+14,B,C,0.14249065,1.45236413,0.01683606,0.14149252
1553.8000,1.929415e+14,B,C,0.14407931,1.45040725,0.01730371,0.14303646
1553.8500,1.929353e+14,B,C,0.14571181,1.44840626,0.01778919,0.14462184
1553.9000,1.929291e+14,B,C,0.14738984,1.44635942,0.01829344,0.14625018
1553.9500,1.929228e+14,B,C,0.14911511,1.44426491,0.01881744,0.14792303
1554.0000,1.929166e+14,B,C,0.15088949,1.44212080,0.01936225,0.14964204
1554.0500,1.929104e+14,B,C,0.15271488,1.43992508,0.01992899,0.15140895
1554.1000,1.929042e+14,B,C,0.15459333,1.43767560,0.02051885,0.15322557
1554.1500,1.928980e+14,B,C,0.15652699,1.43537012,0.02113312,0.15509381
1554.2000,1.928918e+14,B,C,0.15851811,1.43300626,0.02177317,0.15701567
1554.2500,1.928856e+14,B,C,0.16056908,1.43058151,0.02244046,0.15899325
1554.3000,1.928794e+14,B,C,0.16268242,1.42809322,0.02313657,0.16102878
1554.3500,1.928732e+14,B,C,0.16486079,1.42553859,0.02386318,0.16312458
1554.4000,1.928670e+14,B,C,0.16710701,1.42291465,0.02462209,0.16528311
1554.4500,1.928608e+14,B,C,0.16942406,1.42021825,0.02541525,0.16750695
1554.5000,1.928546e+14,B,C,0.17181510,1.41744607,0.02624474,0.16979883
1554.5500,1.928484e+14,B,C,0.17428346,1.41459455,0.02711282,0.17216161
1554.6000,1.928422e+14,B,C,0.17683271,1.41165995,0.02802189,0.17459834
1554.6500,1.928360e+14,B,C,0.17946659,1.40863827,0.02897458,0.17711220
1554.7000,1.928298e+14,B,C,0.18218912,1.40552525,0.02997370,0.17970658
1554.7500,1.928236e+14,B,C,0.18500455,1.40231639,0.03102230,0.18238503
1554.8000,1.928174e+14,B,C,0.18791740,1.39900684,0.03212368,0.18515133
1554.8500,1.928112e+14,B,C,0.19093249,1.39559147,0.03328141,0.18800947
1554.9000,1.928050e+14,B,C,0.19405496,1.39206478,0.03449938,0.19096366
1554.9500,1.927988e+14,B,C,0.19729029,1.38842089,0.03578178,0.19401836
1555.0000,1.927926e+14,B,C,0.20064435,1.38465350,0.03713320,0.19717829
1555.0500,1.927864e+14,B,C,0.20412338,1.38075588,0.03855862,0.20044846
1555.1000,1.927802e+14,B,C,0.20773409,1.37672080,0.04006349,0.20383417
1555.1500,1.927740e+14,B,C,0.21148364,1.37254049,0.04165374,0.20734102
1555.2000,1.927678e+14,B,C,0.21537974,1.36820661,0.04333586,0.21097497
1555.2500,1.927616e+14,B,C,0.21943064,1.36371015,0.04511696,0.21474232
1555.3000,1.927554e+14,B,C,0.22364520,1.35904144,0.04700483,0.21864977
1555.3500,1.927492e+14,B,C,0.22803297,1.35419001,0.04900805,0.22270439
1555.4000,1.927430e+14,B,C,0.23260422,1.34914456,0.05113601,0.22691371
1555.4500,1.927368e+14,B,C,0.23737003,1.34389285,0.05339911,0.23128568
1555.5000,1.927306e+14,B,C,0.24234235,1.33842163,0.05580879,0.23582874
1555.5500,1.927244e+14,B,C,0.24753409,1.33271649,0.05837771,0.24055180
1555.6000,1.927182e+14,B,C,0.25295923,1.32676180,0.06111990,0.24546431
1555.6500,1.927120e+14,B,C,0.25863289,1.32054051,0.06405091,0.25057624
1555.7000,1.927058e+14,B,C,0.26457148,1.31403404,0.06718801,0.25589811
1555.7500,1.926996e+14,B,C,0.27079282,1.30722210,0.07055047,0.26144097
1555.8000,1.926934e+14,B,C,0.27731626,1.30008247,0.07415974,0.26721647
1555.8500,1.926873e+14,B,C,0.28416285,1.29259080,0.07803982,0.27323674
1555.9000,1.926811e+14,B,C,0.29135556,1.28472036,0.08221758,0.27951446
1555.9500,1.926749e+14,B,C,0.29891940,1.27644174,0.08672317,0.28606275
1556.0000,1.926687e+14,B,C,0.30688169,1.26772250,0.09159048,0.29289513
1556.0500,1.926625e+14,B,C,0.31527230,1.25852684,0.09685769,0.30002535
1556.1000,1.926563e+14,B,C,0.32412386,1.24881513,0.10256788,0.30746725
1556.1500,1.926501e+14,B,C,0.33347214,1.23854342,0.10876979,0.31523452
1556.2000,1.926439e+14,B,C,0.34335629,1.22766291,0.11551862,0.32334036
1556.2500,1.926377e+14,B,C,0.35381920,1.21611922,0.12287701,0.33179702
1556.3000,1.926315e+14,B,C,0.36490789,1.20385172,0.13091622,0.34061519
1556.3500,1.926253e+14,B,C,0.37667387,1.19079261,0.13971735,0.34980318
1556.4000,1.926192e+14,B,C,0.38917354,1.17686593,0.14937287,0.35936582
1556.4500,1.926130e+14,B,C,0.40246857,1.16198644,0.15998833,0.36930297
1556.5000,1.926068e+14,B,C,0.41662625,1.14605827,0.17168423,0.37960763
1556.5500,1.926006e+14,B,C,0.43171978,1.12897344,0.18459821,0.39026334
1556.6000,1.925944e+14,B,C,0.44782845,1.11061012,0.19888731,0.40124078
1556.6500,1.925882e+14,B,C,0.46503756,1.09083072,0.21473048,0.41249334
1556.7000,1.925820e+14,B,C,0.48343807,1.06947967,0.23233096,0.42395129
1556.7500,1.925759e+14,B,C,0.50312573,1.04638109,0.25191853,0.43551412
1556.8000,1.925697e+14,B,C,0.52419944,1.02133615,0.27375107,0.44704072
1556.8500,1.925635e+14,B,C,0.54675859,0.99412046,0.29811488,0.45833664
1556.9000,1.925573e+14,B,C,0.57089874,0.96448143,0.32532270,0.46913805
1556.9500,1.925511e+14,B,C,0.59670516,0.93213603,0.35570808,0.47909165
1557.0000,1.925449e+14,B,C,0.62424332,0.89676937,0.38961358,0.48773044
1557.0500,1.925387e+14,B,C,0.65354530,0.85803466,0.42737002,0.49444547
1557.1000,1.925326e+14,B,C,0.68459094,0.81555593,0.46926226,0.49845530
1557.1500,1.925264e+14,B,C,0.71728258,0.76893456,0.51547653,0.49877675
1557.2000,1.925202e+14,B,C,0.75141259,0.71776206,0.56602371,0.49420445
1557.2500,1.925140e+14,B,C,0.78662410,0.66164121,0.62063455,0.48331174
1557.3000,1.925078e+14,B,C,0.82236762,0.60021851,0.67862781,0.46449199
1557.3500,1.925017e+14,B,C,0.85786019,0.53322973,0.73876332,0.43606520
1557.4000,1.924955e+14,B,C,0.89205914,0.46055904,0.79911030,0.39647476
1557.4500,1.924893e+14,B,C,0.92366863,0.38230765,0.85698549,0.34458614
1557.5000,1.924831e+14,B,C,0.95119963,0.29886213,0.90903498,0.28006453
1557.5500,1.924769e+14,B,C,0.97309872,0.21094544,0.95152842,0.20375176
1557.6000,1.924708e+14,B,C,0.98794256,0.11962929,0.98088168,0.11790517
1557.6500,1.924646e+14,B,C,0.99466500,0.02628952,0.99432129,0.02614625
1557.7000,1.924584e+14,B,C,0.99275569,-0.06750028,0.99049491,-0.06696042
1557.7500,1.924522e+14,B,C,0.98236350,-0.16012083,0.96979713,-0.15662557
1557.8000,1.924461e+14,B,C,0.96426567,-0.25007027,0.93427222,-0.23862880
1557.8500,1.924399e+14,B,C,0.93971482,-0.33609919,0.88713624,-0.30992458
1557.9000,1.924337e+14,B,C,0.91021895,-0.41729006,0.83211360,-0.36889767
1557.9500,1.924275e+14,B,C,0.87732279,-0.49307470,0.77281756,-0.41526896
1558.0000,1.924213e+14,B,C,0.84244057,-0.56320197,0.71232556,-0.44977595
1558.0500,1.924152e+14,B,C,0.80675884,-0.62767652,0.65298592,-0.47378182
1558.1000,1.924090e+14,B,C,0.77120285,-0.68668860,0.59640942,-0.48892702
1558.1500,1.924028e+14,B,C,0.73644713,-0.74054891,0.54357040,-0.49687584
1558.2000,1.923966e+14,B,C,0.70295009,-0.78963531,0.49495020,-0.49916243
1558.2500,1.923905e+14,B,C,0.67099707,-0.83435335,0.45067981,-0.49711646
1558.3000,1.923843e+14,B,C,0.64074248,-0.87510915,0.41066023,-0.49184255
1558.3500,1.923781e+14,B,C,0.61224612,-0.91229235,0.37465441,-0.48423071
1558.4000,1.923720e+14,B,C,0.58550240,-0.94626641,0.34235261,-0.47498184
1558.4500,1.923658e+14,B,C,0.56046261,-0.97736400,0.31341618,-0.46463817
1558.5000,1.923596e+14,B,C,0.53705126,-1.00588566,0.28750522,-0.45361306
1558.5500,1.923534e+14,B,C,0.51517771,-1.03210056,0.26429487,-0.44221748
1558.6000,1.923473e+14,B,C,0.49474423,-1.05624838,0.24348411,-0.43068241
1558.6500,1.923411e+14,B,C,0.47565136,-1.07854173,0.22479949,-0.41917706
1558.7000,1.923349e+14,B,C,0.45780149,-1.09916886,0.20799601,-0.40782332
1558.7500,1.923288e+14,B,C,0.44110096,-1.11829626,0.19285611,-0.39670716
1558.8000,1.923226e+14,B,C,0.42546136,-1.13607116,0.17918779,-0.38588742
1558.8500,1.923164e+14,B,C,0.41080014,-1.15262387,0.16682227,-0.37540257
1558.9000,1.923103e+14,B,C,0.39704082,-1.16806979,0.15561149,-0.36527589
1558.9500,1.923041e+14,B,C,0.38411291,-1.18251127,0.14542580,-0.35551943
1559.0000,1.922979e+14,B,C,0.37195174,-1.19603928,0.13615161,-0.34613701
1559.0500,1.922918e+14,B,C,0.36049807,-1.20873473,0.12768947,-0.33712647
1559.1000,1.922856e+14,B,C,0.34969777,-1.22066981,0.11995216,-0.32848137
1559.1500,1.922794e+14,B,C,0.33950144,-1.23190900,0.11286315,-0.32019235
1559.2000,1.922733e+14,B,C,0.32986397,-1.24251003,0.10635517,-0.31224800
1559.2500,1.922671e+14,B,C,0.32074419,-1.25252470,0.10036902,-0.30463568
1559.3000,1.922609e+14,B,C,0.31210455,-1.26199957,0.09485248,-0.29734198
1559.3500,1.922548e+14,B,C,0.30391073,-1.27097658,0.08975943,-0.29035319
1559.4000,1.922486e+14,B,C,0.29613138,-1.27949360,0.08504902,-0.28365553
1559.4500,1.922424e+14,B,C,0.28873782,-1.28758488,0.08068507,-0.27723537
1559.5000,1.922363e+14,B,C,0.28170380,-1.29528145,0.07663539,-0.27107942
1559.5500,1.922301e+14,B,C,0.27500527,-1.30261149,0.07287134,-0.26517478
1559.6000,1.922239e+14,B,C,0.26862014,-1.30960063,0.06936736,-0.25950906
1559.6500,1.922178e+14,B,C,0.26252816,-1.31627223,0.06610062,-0.25407035
1559.7000,1.922116e+14,B,C,0.25671067,-1.32264764,0.06305065,-0.24884731
1559.7500,1.922055e+14,B,C,0.25115052,-1.32874635,0.06019911,-0.24382914
1559.8000,1.921993e+14,B,C,0.24583190,-1.33458623,0.05752950,-0.23900561
1559.8500,1.921931e+14,B,C,0.24074021,-1.34018369,0.05502695,-0.23436699
1559.9000,1.921870e+14,B,C,0.23586198,-1.34555378,0.05267807,-0.22990410
1559.9500,1.921808e+14,B,C,0.23118473,-1.35071040,0.05047074,-0.22560825
1560.0000,1.921747e+14,B,C,0.22669691,-1.35566632,0.04839400,-0.22147124
1560.0500,1.921685e+14,B,C,0.22238783,-1.36043336,0.04643789,-0.21748533
1560.1000,1.921623e+14,B,C,0.21824754,-1.36502242,0.04459338,-0.21364320
1560.1500,1.921562e+14,B,C,0.21426682,-1.36944362,0.04285227,-0.20993797
1560.2000,1.921500e+14,B,C,0.21043708,-1.37370632,0.04120705,-0.20636313
1560.2500,1.921439e+14,B,C,0.20675032,-1.37781923,0.03965090,-0.20291254
1560.3000,1.921377e+14,B,C,0.20319910,-1.38179041,0.03817758,-0.19958042
1560.3500,1.921315e+14,B,C,0.19977645,-1.38562740,0.03678136,-0.19636130
1560.4000,1.921254e+14,B,C,0.19647589,-1.38933719,0.03545701,-0.19325003
1560.4500,1.921192e+14,B,C,0.19329134,-1.39292633,0.03419973,-0.19024174
1560.5000,1.921131e+14,B,C,0.19021711,-1.39640091,0.03300510,-0.18733182
1560.5500,1.921069e+14,B,C,0.18724789,-1.39976664,0.03186905,-0.18451595
1560.6000,1.921008e+14,B,C,0.18437867,-1.40302885,0.03078784,-0.18179000
1560.6500,1.920946e+14,B,C,0.18160478,-1.40619255,0.02975803,-0.17915010
1560.7000,1.920885e+14,B,C,0.17892182,-1.40926241,0.02877642,-0.17659257
1560.7500,1.920823e+14,B,C,0.17632565,-1.41224285,0.02784005,-0.17411394
1560.8000,1.920762e+14,B,C,0.17381237,-1.41513799,0.02694622,-0.17171092
1560.8500,1.920700e+14,B,C,0.17137832,-1.41795172,0.02609238,-0.16938039
1560.9000,1.920638e+14,B,C,0.16902005,-1.42068769,0.02527620,-0.16711939
1560.9500,1.920577e+14,B,C,0.16673429,-1.42334935,0.02449548,-0.16492512
1561.0000,1.920515e+14,B,C,0.16451798,-1.42593995,0.02374822,-0.16279492
1561.0500,1.920454e+14,B,C,0.16236820,-1.42846255,0.02303253,-0.16072628
1561.1000,1.920392e+14,B,C,0.16028222,-1.43092004,0.02234664,-0.15871678
1561.1500,1.920331e+14,B,C,0.15825743,-1.43331517,0.02168894,-0.15676417
1561.2000,1.920269e+14,B,C,0.15629138,-1.43565050,0.02105789,-0.15486627
1561.2500,1.920208e+14,B,C,0.15438173,-1.43792850,0.02045206,-0.15302102
1561.3000,1.920146e+14,B,C,0.15252628,-1.44015148,0.01987014,-0.15122647
1561.3500,1.920085e+14,B,C,0.15072294,-1.44232164,0.01931086,-0.14948075
1561.4000,1.920023e+14,B,C,0.14896971,-1.44444105,0.01877306,-0.14778209
1561.4500,1.919962e+14,B,C,0.14726471,-1.44651171,0.01825565,-0.14612880
1561.5000,1.919900e+14,B,C,0.14560614,-1.44853548,0.01775761,-0.14451926
1561.5500,1.919839e+14,B,C,0.14399231,-1.45051416,0.01727797,-0.14295194
1561.6000,1.919778e+14,B,C,0.14242158,-1.45244944,0.01681583,-0.14142537
1561.6500,1.919716e+14,B,C,0.14089242,-1.45434293,0.01637034,-0.13993815
1543.5000,1.942290e+14,D,C,0.99501661,0.05740128,0.99337782,0.05708386
1543.5500,1.942227e+14,D,C,0.99507051,0.05646042,0.99348489,0.05615225
1543.6000,1.942164e+14,D,C,0.99512294,0.05552969,0.99358908,0.05523048
1543.6500,1.942101e+14,D,C,0.99517397,0.05460882,0.99369047,0.05431827
1543.7000,1.942038e+14,D,C,0.99522362,0.05369753,0.99378914,0.05341537
1543.7500,1.941975e+14,D,C,0.99527195,0.05279558,0.99388517,0.05252155
1543.8000,1.941913e+14,D,C,0.99531898,0.05190272,0.99397864,0.05163657
1543.8500,1.941850e+14,D,C,0.99536476,0.05101869,0.99406962,0.05076018
1543.9000,1.941787e+14,D,C,0.99540931,0.05014328,0.99415817,0.04989217
1543.9500,1.941724e+14,D,C,0.99545268,0.04927624,0.99424438,0.04903232
1544.0000,1.941661e+14,D,C,0.99549490,0.04841737,0.99432829,0.04818041
1544.0500,1.941598e+14,D,C,0.99553600,0.04756643,0.99440998,0.04733624
1544.1000,1.941535e+14,D,C,0.99557600,0.04672322,0.99448950,0.04649960
1544.1500,1.941472e+14,D,C,0.99561494,0.04588754,0.99456691,0.04567029
1544.2000,1.941410e+14,D,C,0.99565285,0.04505919,0.99464227,0.04484813
1544.2500,1.941347e+14,D,C,0.99568975,0.04423797,0.99471563,0.04403293
1544.3000,1.941284e+14,D,C,0.99572567,0.04342370,0.99478703,0.04322450
1544.3500,1.941221e+14,D,C,0.99576063,0.04261618,0.99485654,0.04242268
1544.4000,1.941158e+14,D,C,0.99579465,0.04181525,0.99492420,0.04162727
1544.4500,1.941095e+14,D,C,0.99582777,0.04102073,0.99499005,0.04083812
1544.5000,1.941032e+14,D,C,0.99586000,0.04023243,0.99505414,0.04005506
1544.5500,1.940970e+14,D,C,0.99589137,0.03945021,0.99511651,0.03927794
1544.6000,1.940907e+14,D,C,0.99592189,0.03867390,0.99517720,0.03850658
1544.6500,1.940844e+14,D,C,0.99595158,0.03790333,0.99523624,0.03774084
1544.7000,1.940781e+14,D,C,0.99598047,0.03713835,0.99529369,0.03698057
1544.7500,1.940718e+14,D,C,0.99600857,0.03637882,0.99534957,0.03622562
1544.8000,1.940655e+14,D,C,0.99603590,0.03562458,0.99540393,0.03547585
1544.8500,1.940593e+14,D,C,0.99606248,0.03487548,0.99545678,0.03473112
1544.9000,1.940530e+14,D,C,0.99608832,0.03413140,0.99550817,0.03399129
1544.9500,1.940467e+14,D,C,0.99611344,0.03339218,0.99555813,0.03325622
1545.0000,1.940404e+14,D,C,0.99613785,0.03265770,0.99560669,0.03252579
1545.0500,1.940341e+14,D,C,0.99616157,0.03192782,0.99565388,0.03179986
1545.1000,1.940279e+14,D,C,0.99618462,0.03120240,0.99569972,0.03107831
1545.1500,1.940216e+14,D,C,0.99620700,0.03048134,0.99574425,0.03036102
1545.2000,1.940153e+14,D,C,0.99622874,0.02976449,0.99578748,0.02964786
1545.2500,1.940090e+14,D,C,0.99624984,0.02905174,0.99582945,0.02893872
1545.3000,1.940028e+14,D,C,0.99627031,0.02834297,0.99587017,0.02823348
1545.3500,1.939965e+14,D,C,0.99629017,0.02763805,0.99590968,0.02753202
1545.4000,1.939902e+14,D,C,0.99630943,0.02693689,0.99594799,0.02683423
1545.4500,1.939839e+14,D,C,0.99632810,0.02623935,0.99598513,0.02614000
1545.5000,1.939776e+14,D,C,0.99634618,0.02554534,0.99602111,0.02544923
1545.5500,1.939714e+14,D,C,0.99636370,0.02485473,0.99605596,0.02476180
1545.6000,1.939651e+14,D,C,0.99638066,0.02416743,0.99608970,0.02407762
1545.6500,1.939588e+14,D,C,0.99639706,0.02348333,0.99612234,0.02339657
1545.7000,1.939526e+14,D,C,0.99641293,0.02280232,0.99615390,0.02271856
1545.7500,1.939463e+14,D,C,0.99642826,0.02212431,0.99618440,0.02204349
1545.8000,1.939400e+14,D,C,0.99644307,0.02144919,0.99621386,0.02137126
1545.8500,1.939337e+14,D,C,0.99645735,0.02077686,0.99624229,0.02070177
1545.9000,1.939275e+14,D,C,0.99647113,0.02010723,0.99626970,0.02003493
1545.9500,1.939212e+14,D,C,0.99648441,0.01944020,0.99629612,0.01937064
1546.0000,1.939149e+14,D,C,0.99649719,0.01877568,0.99632155,0.01870881
1546.0500,1.939086e+14,D,C,0.99650948,0.01811357,0.99634601,0.01804936
1546.1000,1.939024e+14,D,C,0.99652130,0.01745378,0.99636951,0.01739218
1546.1500,1.938961e+14,D,C,0.99653263,0.01679622,0.99639207,0.01673719
1546.2000,1.938898e+14,D,C,0.99654350,0.01614080,0.99641369,0.01608431
1546.2500,1.938836e+14,D,C,0.99655390,0.01548743,0.99643438,0.01543344
1546.3000,1.938773e+14,D,C,0.99656384,0.01483603,0.99645417,0.01478450
1546.3500,1.938710e+14,D,C,0.99657333,0.01418650,0.99647305,0.01413741
1546.4000,1.938648e+14,D,C,0.99658237,0.01353876,0.99649103,0.01349208
1546.4500,1.938585e+14,D,C,0.99659096,0.01289274,0.99650813,0.01284843
1546.5000,1.938522e+14,D,C,0.99659912,0.01224834,0.99652436,0.01220637
1546.5500,1.938460e+14,D,C,0.99660683,0.01160547,0.99653972,0.01156583
1546.6000,1.938397e+14,D,C,0.99661412,0.01096407,0.99655422,0.01092673
1546.6500,1.938334e+14,D,C,0.99662098,0.01032404,0.99656787,0.01028898
1546.7000,1.938272e+14,D,C,0.99662741,0.00968532,0.99658067,0.00965250
1546.7500,1.938209e+14,D,C,0.99663342,0.00904780,0.99659263,0.00901722
1546.8000,1.938146e+14,D,C,0.99663901,0.00841143,0.99660376,0.00838306
1546.8500,1.938084e+14,D,C,0.99664419,0.00777611,0.99661406,0.00774994
1546.9000,1.938021e+14,D,C,0.99664895,0.00714177,0.99662354,0.00711778
1546.9500,1.937958e+14,D,C,0.99665331,0.00650833,0.99663220,0.00648651
1547.0000,1.937896e+14,D,C,0.99665725,0.00587572,0.99664005,0.00585605
1547.0500,1.937833e+14,D,C,0.99666079,0.00524385,0.99664708,0.00522632
1547.1000,1.937770e+14,D,C,0.99666392,0.00461266,0.99665331,0.00459725
1547.1500,1.937708e+14,D,C,0.99666665,0.00398206,0.99665874,0.00396877
1547.2000,1.937645e+14,D,C,0.99666897,0.00335197,0.99666337,0.00334080
1547.2500,1.937583e+14,D,C,0.99667090,0.00272233,0.99666720,0.00271326
1547.3000,1.937520e+14,D,C,0.99667242,0.00209305,0.99667024,0.00208609
1547.3500,1.937457e+14,D,C,0.99667355,0.00146407,0.99667248,0.00145920
1547.4000,1.937395e+14,D,C,0.99667428,0.00083530,0.99667393,0.00083252
1547.4500,1.937332e+14,D,C,0.99667461,0.00020667,0.99667458,0.00020598
1547.5000,1.937270e+14,D,C,0.99667454,-0.00042189,0.99667445,-0.00042049
1547.5500,1.937207e+14,D,C,0.99667407,-0.00105047,0.99667352,-0.00104697
1547.6000,1.937144e+14,D,C,0.99667321,-0.00167912,0.99667180,-0.00167354
1547.6500,1.937082e+14,D,C,0.99667195,-0.00230794,0.99666929,-0.00230026
1547.7000,1.937019e+14,D,C,0.99667028,-0.00293700,0.99666599,-0.00292721
1547.7500,1.936957e+14,D,C,0.99666822,-0.00356636,0.99666189,-0.00355447
1547.8000,1.936894e+14,D,C,0.99666576,-0.00419611,0.99665699,-0.00418211
1547.8500,1.936831e+14,D,C,0.99666290,-0.00482632,0.99665129,-0.00481019
1547.9000,1.936769e+14,D,C,0.99665964,-0.00545707,0.99664480,-0.00543881
1547.9500,1.936706e+14,D,C,0.99665597,-0.00608843,0.99663750,-0.00606803
1548.0000,1.936644e+14,D,C,0.99665189,-0.00672048,0.99662939,-0.00669792
1548.0500,1.936581e+14,D,C,0.99664741,-0.00735329,0.99662047,-0.00732857
1548.1000,1.936519e+14,D,C,0.99664252,-0.00798695,0.99661073,-0.00796005
1548.1500,1.936456e+14,D,C,0.99663721,-0.00862153,0.99660017,-0.00859243
1548.2000,1.936394e+14,D,C,0.99663149,-0.00925711,0.99658879,-0.00922579
1548.2500,1.936331e+14,D,C,0.99662536,-0.00989376,0.99657658,-0.00986021
1548.3000,1.936269e+14,D,C,0.99661880,-0.01053157,0.99656353,-0.01049577
1548.3500,1.936206e+14,D,C,0.99661182,-0.01117061,0.99654964,-0.01113253
1548.4000,1.936143e+14,D,C,0.99660441,-0.01181097,0.99653490,-0.01177059
1548.4500,1.936081e+14,D,C,0.99659657,-0.01245272,0.99651930,-0.01241002
1548.5000,1.936018e+14,D,C,0.99658830,-0.01309595,0.99650285,-0.01305090
1548.5500,1.935956e+14,D,C,0.99657959,-0.01374074,0.99648551,-0.01369331
1548.6000,1.935893e+14,D,C,0.99657044,-0.01438717,0.99646730,-0.01433733
1548.6500,1.935831e+14,D,C,0.99656084,-0.01503532,0.99644820,-0.01498305
1548.7000,1.935768e+14,D,C,0.99655079,-0.01568528,0.99642821,-0.01563054
1548.7500,1.935706e+14,D,C,0.99654029,-0.01633714,0.99640730,-0.01627989
1548.8000,1.935643e+14,D,C,0.99652932,-0.01699097,0.99638548,-0.01693119
1548.8500,1.935581e+14,D,C,0.99651788,-0.01764688,0.99636272,-0.01758451
1548.9000,1.935518e+14,D,C,0.99650598,-0.01830493,0.99633903,-0.01823996
1548.9500,1.935456e+14,D,C,0.99649359,-0.01896524,0.99631439,-0.01889760
1549.0000,1.935394e+14,D,C,0.99648072,-0.01962788,0.99628878,-0.01955754
1549.0500,1.935331e+14,D,C,0.99646736,-0.02029294,0.99626219,-0.02021987
1549.1000,1.935269e+14,D,C,0.99645350,-0.02096053,0.99623461,-0.02088466
1549.1500,1.935206e+14,D,C,0.99643913,-0.02163073,0.99620603,-0.02155202
1549.2000,1.935144e+14,D,C,0.99642425,-0.02230363,0.99617642,-0.02222204
1549.2500,1.935081e+14,D,C,0.99640885,-0.02297935,0.99614578,-0.02289481
1549.3000,1.935019e+14,D,C,0.99639292,-0.02365797,0.99611409,-0.02357043
1549.3500,1.934956e+14,D,C,0.99637645,-0.02433959,0.99608133,-0.02424900
1549.4000,1.934894e+14,D,C,0.99635944,-0.02502432,0.99604749,-0.02493061
1549.4500,1.934831e+14,D,C,0.99634188,-0.02571226,0.99601254,-0.02561538
1549.5000,1.934769e+14,D,C,0.99632375,-0.02640351,0.99597647,-0.02630339
1549.5500,1.934707e+14,D,C,0.99630504,-0.02709818,0.99593926,-0.02699475
1549.6000,1.934644e+14,D,C,0.99628575,-0.02779638,0.99590089,-0.02768957
1549.6500,1.934582e+14,D,C,0.99626587,-0.02849822,0.99586134,-0.02838796
1549.7000,1.934519e+14,D,C,0.99624538,-0.02920381,0.99582058,-0.02909002
1549.7500,1.934457e+14,D,C,0.99622427,-0.02991327,0.99577859,-0.02979588
1549.8000,1.934394e+14,D,C,0.99620253,-0.03062670,0.99573535,-0.03050563
1549.8500,1.934332e+14,D,C,0.99618015,-0.03134424,0.99569084,-0.03121940
1549.9000,1.934270e+14,D,C,0.99615712,-0.03206601,0.99564503,-0.03193731
1549.9500,1.934207e+14,D,C,0.99613342,-0.03279212,0.99559789,-0.03265947
1550.0000,1.934145e+14,D,C,0.99610904,-0.03352270,0.99554939,-0.03338601
1550.0500,1.934083e+14,D,C,0.99608396,-0.03425788,0.99549952,-0.03411705
1550.1000,1.934020e+14,D,C,0.99605817,-0.03499780,0.99544823,-0.03485272
1550.1500,1.933958e+14,D,C,0.99603166,-0.03574258,0.99539550,-0.03559316
1550.2000,1.933895e+14,D,C,0.99600441,-0.03649236,0.99534129,-0.03633849
1550.2500,1.933833e+14,D,C,0.99597639,-0.03724729,0.99528558,-0.03708885
1550.3000,1.933771e+14,D,C,0.99594760,-0.03800751,0.99522833,-0.03784437
1550.3500,1.933708e+14,D,C,0.99591802,-0.03877316,0.99516950,-0.03860521
1550.4000,1.933646e+14,D,C,0.99588762,-0.03954439,0.99510906,-0.03937151
1550.4500,1.933584e+14,D,C,0.99585640,-0.04032136,0.99504697,-0.04014341
1550.5000,1.933521e+14,D,C,0.99582432,-0.04110423,0.99498319,-0.04092106
1550.5500,1.933459e+14,D,C,0.99579137,-0.04189315,0.99491768,-0.04170463
1550.6000,1.933396e+14,D,C,0.99575753,-0.04268829,0.99485039,-0.04249427
1550.6500,1.933334e+14,D,C,0.99572277,-0.04348981,0.99478129,-0.04329015
1550.7000,1.933272e+14,D,C,0.99568708,-0.04429790,0.99471032,-0.04409242
1550.7500,1.933209e+14,D,C,0.99565042,-0.04511273,0.99463744,-0.04490127
1550.8000,1.933147e+14,D,C,0.99561277,-0.04593448,0.99456260,-0.04571687
1550.8500,1.933085e+14,D,C,0.99557411,-0.04676333,0.99448575,-0.04653940
1550.9000,1.933022e+14,D,C,0.99553441,-0.04759949,0.99440683,-0.04736903
1550.9500,1.932960e+14,D,C,0.99549365,-0.04844313,0.99432579,-0.04820597
1551.0000,1.932898e+14,D,C,0.99545178,-0.04929448,0.99424258,-0.04905041
1551.0500,1.932836e+14,D,C,0.99540879,-0.05015373,0.99415712,-0.04990254
1551.1000,1.932773e+14,D,C,0.99536463,-0.05102110,0.99406937,-0.05076257
1551.1500,1.932711e+14,D,C,0.99531929,-0.05189680,0.99397925,-0.05163071
1551.2000,1.932649e+14,D,C,0.99527272,-0.05278107,0.99388671,-0.05250717
1551.2500,1.932586e+14,D,C,0.99522489,-0.05367413,0.99379165,-0.05339218
1551.3000,1.932524e+14,D,C,0.99517576,-0.05457622,0.99369403,-0.05428597
1551.3500,1.932462e+14,D,C,0.99512529,-0.05548759,0.99359376,-0.05518877
1551.4000,1.932399e+14,D,C,0.99507345,-0.05640849,0.99349075,-0.05610082
1551.4500,1.932337e+14,D,C,0.99502020,-0.05733917,0.99338494,-0.05702238
1551.5000,1.932275e+14,D,C,0.99496548,-0.05827992,0.99327623,-0.05795368
1551.5500,1.932213e+14,D,C,0.99490926,-0.05923099,0.99316454,-0.05889501
1551.6000,1.932150e+14,D,C,0.99485148,-0.06019269,0.99304977,-0.05984663
1551.6500,1.932088e+14,D,C,0.99479211,-0.06116529,0.99293183,-0.06080882
1551.7000,1.932026e+14,D,C,0.99473108,-0.06214911,0.99281062,-0.06178186
1551.7500,1.931964e+14,D,C,0.99466835,-0.06314445,0.99268603,-0.06276606
1551.8000,1.931901e+14,D,C,0.99460386,-0.06415164,0.99255795,-0.06376171
1551.8500,1.931839e+14,D,C,0.99453755,-0.06517101,0.99242626,-0.06476915
1551.9000,1.931777e+14,D,C,0.99446936,-0.06620291,0.99229086,-0.06578868
1551.9500,1.931715e+14,D,C,0.99439923,-0.06724768,0.99215162,-0.06682065
1552.0000,1.931652e+14,D,C,0.99432710,-0.06830570,0.99200840,-0.06786540
1552.0500,1.931590e+14,D,C,0.99425289,-0.06937734,0.99186107,-0.06892330
1552.1000,1.931528e+14,D,C,0.99417653,-0.07046300,0.99170949,-0.06999470
1552.1500,1.931466e+14,D,C,0.99409796,-0.07156308,0.99155352,-0.07108000
1552.2000,1.931404e+14,D,C,0.99401708,-0.07267800,0.99139299,-0.07217959
1552.2500,1.931341e+14,D,C,0.99393382,-0.07380820,0.99122774,-0.07329387
1552.3000,1.931279e+14,D,C,0.99384809,-0.07495412,0.99105762,-0.07442328
1552.3500,1.931217e+14,D,C,0.99375980,-0.07611624,0.99088243,-0.07556824
1552.4000,1.931155e+14,D,C,0.99366887,-0.07729504,0.99070200,-0.07672921
1552.4500,1.931093e+14,D,C,0.99357518,-0.07849101,0.99051612,-0.07790666
1552.5000,1.931030e+14,D,C,0.99347864,-0.07970468,0.99032460,-0.07910108
1552.5500,1.930968e+14,D,C,0.99337913,-0.08093658,0.99012723,-0.08031296
1552.6000,1.930906e+14,D,C,0.99327655,-0.08218729,0.98992377,-0.08154283
1552.6500,1.930844e+14,D,C,0.99317077,-0.08345737,0.98971400,-0.08279123
1552.7000,1.930782e+14,D,C,0.99306168,-0.08474743,0.98949766,-0.08405872
1552.7500,1.930719e+14,D,C,0.99294913,-0.08605810,0.98927451,-0.08534588
1552.8000,1.930657e+14,D,C,0.99283299,-0.08739003,0.98904426,-0.08665331
1552.8500,1.930595e+14,D,C,0.99271311,-0.08874391,0.98880663,-0.08798165
1552.9000,1.930533e+14,D,C,0.99258934,-0.09012042,0.98856132,-0.08933154
1552.9500,1.930471e+14,D,C,0.99246152,-0.09152032,0.98830801,-0.09070365
1553.0000,1.930409e+14,D,C,0.99232949,-0.09294437,0.98804637,-0.09209870
1553.0500,1.930346e+14,D,C,0.99219305,-0.09439335,0.98777606,-0.09351741
1553.1000,1.930284e+14,D,C,0.99205202,-0.09586812,0.98749669,-0.09496054
1553.1500,1.930222e+14,D,C,0.99190621,-0.09736952,0.98720788,-0.09642889
1553.2000,1.930160e+14,D,C,0.99175540,-0.09889847,0.98690922,-0.09792328
1553.2500,1.930098e+14,D,C,0.99159937,-0.10045591,0.98660027,-0.09944456
1553.3000,1.930036e+14,D,C,0.99143790,-0.10204282,0.98628058,-0.10099363
1553.3500,1.929974e+14,D,C,0.99127072,-0.10366023,0.98594966,-0.10257143
1553.4000,1.929912e+14,D,C,0.99109758,-0.10530923,0.98560700,-0.10417892
1553.4500,1.929849e+14,D,C,0.99091820,-0.10699094,0.98525206,-0.10581711
1553.5000,1.929787e+14,D,C,0.99073229,-0.10870652,0.98488426,-0.10748707
1553.5500,1.929725e+14,D,C,0.99053954,-0.11045723,0.98450299,-0.10918990
1553.6000,1.929663e+14,D,C,0.99033961,-0.11224434,0.98410762,-0.11092675
1553.6500,1.929601e+14,D,C,0.99013217,-0.11406922,0.98369745,-0.11269883
1553.7000,1.929539e+14,D,C,0.98991683,-0.11593328,0.98327177,-0.11450740
1553.7500,1.929477e+14,D,C,0.98969320,-0.11783802,0.98282980,-0.11635377
1553.8000,1.929415e+14,D,C,0.98946086,-0.11978499,0.98237073,-0.11823933
1553.8500,1.929353e+14,D,C,0.98921937,-0.12177584,0.98189368,-0.12016551
1553.9000,1.929291e+14,D,C,0.98896825,-0.12381230,0.98139774,-0.12213383
1553.9500,1.929228e+14,D,C,0.98870698,-0.12589619,0.98088190,-0.12414588
1554.0000,1.929166e+14,D,C,0.98843505,-0.12802941,0.98034512,-0.12620332
1554.0500,1.929104e+14,D,C,0.98815185,-0.13021398,0.97978629,-0.12830788
1554.1000,1.929042e+14,D,C,0.98785678,-0.13245203,0.97920419,-0.13046139
1554.1500,1.928980e+14,D,C,0.98754918,-0.13474579,0.97859755,-0.13266578
1554.2000,1.928918e+14,D,C,0.98722834,-0.13709762,0.97796501,-0.13492307
1554.2500,1.928856e+14,D,C,0.98689350,-0.13951002,0.97730509,-0.13723535
1554.3000,1.928794e+14,D,C,0.98654386,-0.14198563,0.97661623,-0.13960488
1554.3500,1.928732e+14,D,C,0.98617854,-0.14452724,0.97589675,-0.14203398
1554.4000,1.928670e+14,D,C,0.98579661,-0.14713779,0.97514483,-0.14452513
1554.4500,1.928608e+14,D,C,0.98539706,-0.14982042,0.97435855,-0.14708092
1554.5000,1.928546e+14,D,C,0.98497882,-0.15257844,0.97353580,-0.14970409
1554.5500,1.928484e+14,D,C,0.98454070,-0.15541537,0.97267435,-0.15239753
1554.6000,1.928422e+14,D,C,0.98408147,-0.15833495,0.97177178,-0.15516426
1554.6500,1.928360e+14,D,C,0.98359975,-0.16134115,0.97082547,-0.15800751
1554.7000,1.928298e+14,D,C,0.98309407,-0.16443819,0.96983261,-0.16093065
1554.7500,1.928236e+14,D,C,0.98256286,-0.16763058,0.96879014,-0.16393728
1554.8000,1.928174e+14,D,C,0.98200438,-0.17092311,0.96769479,-0.16703116
1554.8500,1.928112e+14,D,C,0.98141677,-0.17432090,0.96654296,-0.17021630
1554.9000,1.928050e+14,D,C,0.98079799,-0.17782942,0.96533078,-0.17349693
1554.9500,1.927988e+14,D,C,0.98014583,-0.18145451,0.96405405,-0.17687750
1555.0000,1.927926e+14,D,C,0.97945789,-0.18520243,0.96270818,-0.18036277
1555.0500,1.927864e+14,D,C,0.97873154,-0.18907988,0.96128819,-0.18395773
1555.1000,1.927802e+14,D,C,0.97796391,-0.19309405,0.95978864,-0.18766771
1555.1500,1.927740e+14,D,C,0.97715186,-0.19725266,0.95820360,-0.19149832
1555.2000,1.927678e+14,D,C,0.97629194,-0.20156401,0.95652658,-0.19545552
1555.2500,1.927616e+14,D,C,0.97538039,-0.20603704,0.95475046,-0.19954564
1555.3000,1.927554e+14,D,C,0.97441305,-0.21068139,0.95286746,-0.20377537
1555.3500,1.927492e+14,D,C,0.97338535,-0.21550745,0.95086901,-0.20815180
1555.4000,1.927430e+14,D,C,0.97229225,-0.22052645,0.94874569,-0.21268247
1555.4500,1.927368e+14,D,C,0.97112817,-0.22575057,0.94648713,-0.21737534
1555.5000,1.927306e+14,D,C,0.96988695,-0.23119298,0.94408188,-0.22223886
1555.5500,1.927244e+14,D,C,0.96856175,-0.23686799,0.94151727,-0.22728195
1555.6000,1.927182e+14,D,C,0.96714496,-0.24279115,0.93877930,-0.23251407
1555.6500,1.927120e+14,D,C,0.96562810,-0.24897940,0.93585240,-0.23794521
1555.7000,1.927058e+14,D,C,0.96400173,-0.25545119,0.93271929,-0.24358587
1555.7500,1.926996e+14,D,C,0.96225528,-0.26222671,0.92936072,-0.24944715
1555.8000,1.926934e+14,D,C,0.96037690,-0.26932802,0.92575523,-0.25554068
1555.8500,1.926873e+14,D,C,0.95835327,-0.27677931,0.92187883,-0.26187862
1555.9000,1.926811e+14,D,C,0.95616939,-0.28460714,0.91770464,-0.26847364
1555.9500,1.926749e+14,D,C,0.95380833,-0.29284074,0.91320251,-0.27533890
1556.0000,1.926687e+14,D,C,0.95125094,-0.30151231,0.90833857,-0.28248789
1556.0500,1.926625e+14,D,C,0.94847547,-0.31065742,0.90307462,-0.28993439
1556.1000,1.926563e+14,D,C,0.94545716,-0.32031541,0.89736758,-0.29769226
1556.1500,1.926501e+14,D,C,0.94216780,-0.33052991,0.89116872,-0.30577519
1556.2000,1.926439e+14,D,C,0.93857506,-0.34134940,0.88442284,-0.31419639
1556.2500,1.926377e+14,D,C,0.93464188,-0.35282781,0.87706729,-0.32296811
1556.3000,1.926315e+14,D,C,0.93032559,-0.36502533,0.86903083,-0.33210107
1556.3500,1.926253e+14,D,C,0.92557695,-0.37800921,0.86023234,-0.34160357
1556.4000,1.926192e+14,D,C,0.92033894,-0.39185480,0.85057936,-0.35148046
1556.4500,1.926130e+14,D,C,0.91454536,-0.40664660,0.83996634,-0.36173161
1556.5000,1.926068e+14,D,C,0.90811912,-0.42247964,0.82827278,-0.37235003
1556.5500,1.926006e+14,D,C,0.90097018,-0.43946090,0.81536104,-0.38331925
1556.6000,1.925944e+14,D,C,0.89299312,-0.45771100,0.80107407,-0.39460999
1556.6500,1.925882e+14,D,C,0.88406415,-0.47736614,0.78523294,-0.40617563
1556.7000,1.925820e+14,D,C,0.87403765,-0.49858013,0.76763440,-0.41794645
1556.7500,1.925759e+14,D,C,0.86274198,-0.52152679,0.74804867,-0.42982197
1556.8000,1.925697e+14,D,C,0.84997463,-0.54640233,0.72621786,-0.44166105
1556.8500,1.925635e+14,D,C,0.83549654,-0.57342794,0.70185570,-0.45326929
1556.9000,1.925573e+14,D,C,0.81902579,-0.60285215,0.67464941,-0.46438284
1556.9500,1.925511e+14,D,C,0.80023068,-0.63495279,0.64426548,-0.47464843
1557.0000,1.925449e+14,D,C,0.77872266,-0.67003799,0.61036132,-0.48359905
1557.0500,1.925387e+14,D,C,0.75405002,-0.70844556,0.57260613,-0.49062578
1557.1000,1.925326e+14,D,C,0.72569357,-0.75053935,0.53071504,-0.49494718
1557.1500,1.925264e+14,D,C,0.69306682,-0.79670108,0.48450181,-0.49558007
1557.2000,1.925202e+14,D,C,0.65552414,-0.84731511,0.43395559,-0.49131910
1557.2500,1.925140e+14,D,C,0.61238201,-0.90274285,0.37934560,-0.48073760
1557.3000,1.925078e+14,D,C,0.56295954,-0.96328233,0.32135309,-0.46222898
1557.3500,1.925017e+14,D,C,0.50664512,-1.02910695,0.26121824,-0.43411324
1557.4000,1.924955e+14,D,C,0.44299344,-1.10017295,0.20087183,-0.39483376
1557.4500,1.924893e+14,D,C,0.37185061,-1.17607038,0.14299710,-0.34325604
1557.5000,1.924831e+14,D,C,0.29349241,-1.25572755,0.09094798,-0.27904526
1557.5500,1.924769e+14,D,C,0.20874493,-1.33653508,0.04845481,-0.20304329
1557.6000,1.924708e+14,D,C,0.11904988,-1.40964841,0.01910171,-0.11750744
1557.6500,1.924646e+14,D,C,0.02666729,-1.35684089,0.00566218,-0.02605924
1557.7000,1.924584e+14,D,C,0.06740789,1.42956422,0.00948854,0.06673673
1557.7500,1.924522e+14,D,C,0.15898324,1.37976623,0.03018621,0.15609121
1557.8000,1.924461e+14,D,C,0.24669624,1.30117798,0.06571090,0.23778375
1557.8500,1.924399e+14,D,C,0.32874391,1.22040446,0.11284657,0.30876886
1557.9000,1.924337e+14,D,C,0.40396244,1.14224293,0.16786880,0.36743125
1557.9500,1.924275e+14,D,C,0.47178292,1.06842888,0.22716433,0.41349182
1558.0000,1.924213e+14,D,C,0.53213759,0.99968607,0.28765572,0.44768806
1558.0500,1.924152e+14,D,C,0.58532672,0.93623761,0.34699467,0.47138314
1558.1000,1.924090e+14,D,C,0.63188330,0.87801651,0.40357037,0.48621750
1558.1500,1.924028e+14,D,C,0.67245959,0.82478466,0.45640850,0.49385543
1558.2000,1.923966e+14,D,C,0.70774388,0.77620965,0.50502770,0.49583104
1558.2500,1.923905e+14,D,C,0.73840626,0.73191592,0.54929700,0.49347403
1558.3000,1.923843e+14,D,C,0.76506751,0.69151788,0.58931539,0.48788899
1558.3500,1.923781e+14,D,C,0.78828440,0.65464044,0.62531993,0.47996592
1558.4000,1.923720e+14,D,C,0.80854564,0.62093073,0.65762034,0.47040572
1558.4500,1.923658e+14,D,C,0.82627404,0.59006400,0.68655529,0.45975061
1558.5000,1.923596e+14,D,C,0.84183191,0.56174571,0.71246468,0.44841393
1558.5500,1.923534e+14,D,C,0.85552789,0.53571134,0.73567334,0.43670665
1558.6000,1.923473e+14,D,C,0.86762395,0.51172488,0.75648233,0.42485975
1558.6500,1.923411e+14,D,C,0.87834214,0.48957663,0.77516507,0.41304241
1558.7000,1.923349e+14,D,C,0.88787059,0.46908069,0.79196658,0.40137652
1558.7500,1.923288e+14,D,C,0.89636879,0.45007250,0.80710441,0.38994805
1558.8000,1.923226e+14,D,C,0.90397219,0.43240640,0.82077055,0.37881581
1558.8500,1.923164e+14,D,C,0.91079602,0.41595342,0.83313381,0.36801828
1558.9000,1.923103e+14,D,C,0.91693855,0.40059924,0.84434221,0.35757872
1558.9500,1.923041e+14,D,C,0.92248380,0.38624244,0.85452544,0.34750918
1559.0000,1.922979e+14,D,C,0.92750379,0.37279286,0.86379705,0.33781346
1559.0500,1.922918e+14,D,C,0.93206047,0.36017025,0.87225652,0.32848940
1559.1000,1.922856e+14,D,C,0.93620726,0.34830302,0.87999106,0.31953055
1559.1500,1.922794e+14,D,C,0.93999036,0.33712718,0.88707719,0.31092752
1559.2000,1.922733e+14,D,C,0.94344985,0.32658544,0.89358219,0.30266893
1559.2500,1.922671e+14,D,C,0.94662060,0.31662639,0.89956527,0.29474209
1559.3000,1.922609e+14,D,C,0.94953306,0.30720381,0.90507863,0.28713362
1559.3500,1.922548e+14,D,C,0.95221385,0.29827605,0.91016840,0.27982976
1559.4000,1.922486e+14,D,C,0.95468634,0.28980550,0.91487542,0.27281674
1559.4500,1.922424e+14,D,C,0.95697109,0.28175815,0.91923588,0.26608093
1559.5000,1.922363e+14,D,C,0.95908625,0.27410318,0.92328197,0.25960902
1559.5500,1.922301e+14,D,C,0.96104787,0.26681259,0.92704233,0.25338811
1559.6000,1.922239e+14,D,C,0.96287017,0.25986092,0.93054250,0.24740577
1559.6500,1.922178e+14,D,C,0.96456581,0.25322494,0.93380534,0.24165012
1559.7000,1.922116e+14,D,C,0.96614604,0.24688347,0.93685129,0.23610978
1559.7500,1.922055e+14,D,C,0.96762095,0.24081712,0.93969872,0.23077397
1559.8000,1.921993e+14,D,C,0.96899953,0.23500813,0.94236411,0.22563241
1559.8500,1.921931e+14,D,C,0.97028987,0.22944021,0.94486232,0.22067539
1559.9000,1.921870e+14,D,C,0.97149923,0.22409837,0.94720676,0.21589372
1559.9500,1.921808e+14,D,C,0.97263414,0.21896882,0.94940955,0.21127869
1560.0000,1.921747e+14,D,C,0.97370051,0.21403886,0.95148164,0.20682209
1560.0500,1.921685e+14,D,C,0.97470367,0.20929674,0.95343298,0.20251617
1560.1000,1.921623e+14,D,C,0.97564846,0.20473161,0.95527261,0.19835361
1560.1500,1.921562e+14,D,C,0.97653926,0.20033343,0.95700875,0.19432751
1560.2000,1.921500e+14,D,C,0.97738004,0.19609288,0.95864887,0.19043135
1560.2500,1.921439e+14,D,C,0.97817445,0.19200132,0.96019981,0.18665898
1560.3000,1.921377e+14,D,C,0.97892578,0.18805070,0.96166782,0.18300462
1560.3500,1.921315e+14,D,C,0.97963706,0.18423357,0.96305861,0.17946277
1560.4000,1.921254e+14,D,C,0.98031105,0.18054293,0.96437742,0.17602829
1560.4500,1.921192e+14,D,C,0.98095028,0.17697231,0.96562904,0.17269628
1560.5000,1.921131e+14,D,C,0.98155707,0.17351563,0.96681790,0.16946214
1560.5500,1.921069e+14,D,C,0.98213355,0.17016722,0.96794807,0.16632152
1560.6000,1.921008e+14,D,C,0.98268168,0.16692177,0.96902327,0.16327030
1560.6500,1.920946e+14,D,C,0.98320327,0.16377432,0.97004696,0.16030458
1560.7000,1.920885e+14,D,C,0.98369998,0.16072020,0.97102234,0.15742068
1560.7500,1.920823e+14,D,C,0.98417336,0.15775503,0.97195235,0.15461512
1560.8000,1.920762e+14,D,C,0.98462482,0.15487471,0.97283971,0.15188459
1560.8500,1.920700e+14,D,C,0.98505567,0.15207537,0.97368695,0.14922596
1560.9000,1.920638e+14,D,C,0.98546714,0.14935338,0.97449643,0.14663627
1560.9500,1.920577e+14,D,C,0.98586035,0.14670531,0.97527030,0.14411271
1561.0000,1.920515e+14,D,C,0.98623636,0.14412793,0.97601061,0.14165259
1561.0500,1.920454e+14,D,C,0.98659614,0.14161819,0.97671922,0.13925340
1561.1000,1.920392e+14,D,C,0.98694060,0.13917321,0.97739790,0.13691271
1561.1500,1.920331e+14,D,C,0.98727058,0.13679028,0.97804828,0.13462825
1561.2000,1.920269e+14,D,C,0.98758687,0.13446683,0.97867187,0.13239784
1561.2500,1.920208e+14,D,C,0.98789021,0.13220041,0.97927012,0.13021941
1561.3000,1.920146e+14,D,C,0.98818127,0.12998873,0.97984434,0.12809099
1561.3500,1.920085e+14,D,C,0.98846071,0.12782959,0.98039578,0.12601070
1561.4000,1.920023e+14,D,C,0.98872912,0.12572093,0.98092561,0.12397675
1561.4500,1.919962e+14,D,C,0.98898707,0.12366078,0.98143491,0.12198745
1561.5000,1.919900e+14,D,C,0.98923508,0.12164727,0.98192473,0.12004117
1561.5500,1.919839e+14,D,C,0.98947365,0.11967862,0.98239600,0.11813636
1561.6000,1.919778e+14,D,C,0.98970324,0.11775315,0.98284965,0.11627154
1561.6500,1.919716e+14,D,C,0.98992428,0.11586924,0.98328651,0.11444529
