wavelength_nm,frequency_Hz,out_port,in_port,abs_S,phase_rad,real_S,imag_S
1546.0000,1.939149e+14,B,A,0.99506534,0.05655122,0.99347464,0.05624217
1546.0500,1.939086e+14,B,A,0.99511776,0.05562246,0.99357878,0.05532236
1546.1000,1.939024e+14,B,A,0.99516876,0.05470352,0.99368012,0.05441209
1546.1500,1.938961e+14,B,A,0.99521840,0.05379414,0.99377876,0.05351110
1546.2000,1.938898e+14,B,A,0.99526671,0.05289406,0.99387477,0.05261915
1546.2500,1.938836e+14,B,A,0.99531374,0.05200303,0.99396822,0.05173600
1546.3000,1.938773e+14,B,A,0.99535951,0.05112081,0.99405919,0.05086143
1546.3500,1.938710e+14,B,A,0.99540407,0.05024718,0.99414774,0.04999520
1546.4000,1.938648e+14,B,A,0.99544744,0.04938190,0.99423395,0.04913711
1546.4500,1.938585e+14,B,A,0.99548966,0.04852475,0.99431788,0.04828693
1546.5000,1.938522e+14,B,A,0.99553077,0.04767552,0.99439958,0.04744447
1546.5500,1.938460e+14,B,A,0.99557079,0.04683400,0.99447913,0.04660952
1546.6000,1.938397e+14,B,A,0.99560974,0.04599998,0.99455658,0.04578188
1546.6500,1.938334e+14,B,A,0.99564767,0.04517328,0.99463197,0.04496137
1546.7000,1.938272e+14,B,A,0.99568459,0.04435368,0.99470537,0.04414780
1546.7500,1.938209e+14,B,A,0.99572053,0.04354101,0.99477683,0.04334098
1546.8000,1.938146e+14,B,A,0.99575552,0.04273509,0.99484639,0.04254075
1546.8500,1.938084e+14,B,A,0.99578958,0.04193573,0.99491411,0.04174693
1546.9000,1.938021e+14,B,A,0.99582273,0.04114276,0.99498002,0.04095934
1546.9500,1.937958e+14,B,A,0.99585499,0.04035602,0.99504417,0.04017784
1547.0000,1.937896e+14,B,A,0.99588639,0.03957533,0.99510661,0.03940225
1547.0500,1.937833e+14,B,A,0.99591695,0.03880054,0.99516738,0.03863242
1547.1000,1.937770e+14,B,A,0.99594669,0.03803148,0.99522651,0.03786819
1547.1500,1.937708e+14,B,A,0.99597562,0.03726800,0.99528404,0.03710943
1547.2000,1.937645e+14,B,A,0.99600376,0.03650996,0.99534001,0.03635598
1547.2500,1.937583e+14,B,A,0.99603113,0.03575720,0.99539445,0.03560770
1547.3000,1.937520e+14,B,A,0.99605776,0.03500959,0.99544740,0.03486445
1547.3500,1.937457e+14,B,A,0.99608365,0.03426697,0.99549889,0.03412609
1547.4000,1.937395e+14,B,A,0.99610882,0.03352922,0.99554896,0.03339249
1547.4500,1.937332e+14,B,A,0.99613329,0.03279619,0.99559762,0.03266352
1547.5000,1.937270e+14,B,A,0.99615707,0.03206777,0.99564491,0.03193906
1547.5500,1.937207e+14,B,A,0.99618017,0.03134381,0.99569087,0.03121896
1547.6000,1.937144e+14,B,A,0.99620261,0.03062419,0.99573551,0.03050313
1547.6500,1.937082e+14,B,A,0.99622440,0.02990878,0.99577886,0.02979142
1547.7000,1.937019e+14,B,A,0.99624556,0.02919748,0.99582095,0.02908372
1547.7500,1.936957e+14,B,A,0.99626610,0.02849015,0.99586180,0.02837993
1547.8000,1.936894e+14,B,A,0.99628602,0.02778668,0.99590143,0.02767991
1547.8500,1.936831e+14,B,A,0.99630535,0.02708695,0.99593987,0.02698357
1547.9000,1.936769e+14,B,A,0.99632408,0.02639086,0.99597714,0.02629079
1547.9500,1.936706e+14,B,A,0.99634224,0.02569829,0.99601326,0.02560147
1548.0000,1.936644e+14,B,A,0.99635983,0.02500913,0.99604825,0.02491550
1548.0500,1.936581e+14,B,A,0.99637685,0.02432328,0.99608213,0.02423276
1548.1000,1.936519e+14,B,A,0.99639333,0.02364063,0.99611491,0.02355317
1548.1500,1.936456e+14,B,A,0.99640927,0.02296108,0.99614662,0.02287663
1548.2000,1.936394e+14,B,A,0.99642468,0.02228453,0.99617728,0.02220302
1548.2500,1.936331e+14,B,A,0.99643956,0.02161088,0.99620689,0.02153226
1548.3000,1.936269e+14,B,A,0.99645393,0.02094003,0.99623547,0.02086425
1548.3500,1.936206e+14,B,A,0.99646779,0.02027188,0.99626305,0.02019889
1548.4000,1.936143e+14,B,A,0.99648114,0.01960633,0.99628962,0.01953609
1548.4500,1.936081e+14,B,A,0.99649401,0.01894330,0.99631522,0.01887576
1548.5000,1.936018e+14,B,A,0.99650639,0.01828269,0.99633985,0.01821781
1548.5500,1.935956e+14,B,A,0.99651828,0.01762441,0.99636352,0.01756214
1548.6000,1.935893e+14,B,A,0.99652971,0.01696837,0.99638625,0.01690868
1548.6500,1.935831e+14,B,A,0.99654066,0.01631448,0.99640804,0.01625732
1548.7000,1.935768e+14,B,A,0.99655115,0.01566265,0.99642892,0.01560800
1548.7500,1.935706e+14,B,A,0.99656118,0.01501280,0.99644888,0.01496061
1548.8000,1.935643e+14,B,A,0.99657077,0.01436483,0.99646795,0.01431508
1548.8500,1.935581e+14,B,A,0.99657990,0.01371867,0.99648612,0.01367133
1548.9000,1.935518e+14,B,A,0.99658859,0.01307423,0.99650341,0.01302926
1548.9500,1.935456e+14,B,A,0.99659684,0.01243143,0.99651984,0.01238880
1549.0000,1.935394e+14,B,A,0.99660466,0.01179018,0.99653539,0.01174988
1549.0500,1.935331e+14,B,A,0.99661205,0.01115041,0.99655009,0.01111240
1549.1000,1.935269e+14,B,A,0.99661901,0.01051202,0.99656394,0.01047629
1549.1500,1.935206e+14,B,A,0.99662554,0.00987495,0.99657695,0.00984147
1549.2000,1.935144e+14,B,A,0.99663166,0.00923911,0.99658912,0.00920786
1549.2500,1.935081e+14,B,A,0.99663736,0.00860442,0.99660047,0.00857538
1549.3000,1.935019e+14,B,A,0.99664265,0.00797081,0.99661099,0.00794397
1549.3500,1.934956e+14,B,A,0.99664752,0.00733820,0.99662069,0.00731353
1549.4000,1.934894e+14,B,A,0.99665199,0.00670651,0.99662957,0.00668400
1549.4500,1.934831e+14,B,A,0.99665605,0.00607565,0.99663765,0.00605530
1549.5000,1.934769e+14,B,A,0.99665970,0.00544557,0.99664492,0.00542735
1549.5500,1.934707e+14,B,A,0.99666295,0.00481618,0.99665139,0.00480008
1549.6000,1.934644e+14,B,A,0.99666580,0.00418740,0.99665706,0.00417342
1549.6500,1.934582e+14,B,A,0.99666825,0.00355915,0.99666194,0.00354729
1549.7000,1.934519e+14,B,A,0.99667030,0.00293138,0.99666602,0.00292161
1549.7500,1.934457e+14,B,A,0.99667195,0.00230399,0.99666931,0.00229632
1549.8000,1.934394e+14,B,A,0.99667321,0.00167692,0.99667181,0.00167134
1549.8500,1.934332e+14,B,A,0.99667407,0.00105008,0.99667352,0.00104659
1549.9000,1.934270e+14,B,A,0.99667454,0.00042341,0.99667445,0.00042201
1549.9500,1.934207e+14,B,A,0.99667461,-0.00020316,0.99667459,-0.00020249
1550.0000,1.934145e+14,B,A,0.99667428,-0.00082973,0.99667394,-0.00082697
1550.0500,1.934083e+14,B,A,0.99667356,-0.00145635,0.99667250,-0.00145150
1550.1000,1.934020e+14,B,A,0.99667244,-0.00208310,0.99667028,-0.00207616
1550.1500,1.933958e+14,B,A,0.99667093,-0.00271006,0.99666727,-0.00270103
1550.2000,1.933895e+14,B,A,0.99666902,-0.00333730,0.99666347,-0.00332617
1550.2500,1.933833e+14,B,A,0.99666671,-0.00396489,0.99665888,-0.00395167
1550.3000,1.933771e+14,B,A,0.99666401,-0.00459292,0.99665350,-0.00457758
1550.3500,1.933708e+14,B,A,0.99666090,-0.00522145,0.99664732,-0.00520399
1550.4000,1.933646e+14,B,A,0.99665740,-0.00585057,0.99664034,-0.00583098
1550.4500,1.933584e+14,B,A,0.99665349,-0.00648034,0.99663256,-0.00645860
1550.5000,1.933521e+14,B,A,0.99664918,-0.00711084,0.99662398,-0.00708695
1550.5500,1.933459e+14,B,A,0.99664446,-0.00774215,0.99661459,-0.00771609
1550.6000,1.933396e+14,B,A,0.99663933,-0.00837434,0.99660438,-0.00834610
1550.6500,1.933334e+14,B,A,0.99663379,-0.00900750,0.99659336,-0.00897705
1550.7000,1.933272e+14,B,A,0.99662784,-0.00964169,0.99658151,-0.00960903
1550.7500,1.933209e+14,B,A,0.99662147,-0.01027700,0.99656884,-0.01024210
1550.8000,1.933147e+14,B,A,0.99661468,-0.01091351,0.99655533,-0.01087635
1550.8500,1.933085e+14,B,A,0.99660747,-0.01155129,0.99654098,-0.01151185
1550.9000,1.933022e+14,B,A,0.99659983,-0.01219043,0.99652578,-0.01214868
1550.9500,1.932960e+14,B,A,0.99659176,-0.01283099,0.99650973,-0.01278691
1551.0000,1.932898e+14,B,A,0.99658326,-0.01347308,0.99649281,-0.01342664
1551.0500,1.932836e+14,B,A,0.99657432,-0.01411676,0.99647502,-0.01406793
1551.1000,1.932773e+14,B,A,0.99656494,-0.01476211,0.99645636,-0.01471087
1551.1500,1.932711e+14,B,A,0.99655511,-0.01540923,0.99643680,-0.01535554
1551.2000,1.932649e+14,B,A,0.99654484,-0.01605820,0.99641635,-0.01600203
1551.2500,1.932586e+14,B,A,0.99653410,-0.01670909,0.99639499,-0.01665041
1551.3000,1.932524e+14,B,A,0.99652290,-0.01736201,0.99637271,-0.01730077
1551.3500,1.932462e+14,B,A,0.99651124,-0.01801702,0.99634950,-0.01795320
1551.4000,1.932399e+14,B,A,0.99649910,-0.01867423,0.99632536,-0.01860777
1551.4500,1.932337e+14,B,A,0.99648649,-0.01933372,0.99630025,-0.01926459
1551.5000,1.932275e+14,B,A,0.99647339,-0.01999558,0.99627419,-0.01992374
1551.5500,1.932213e+14,B,A,0.99645979,-0.02065990,0.99624714,-0.02058530
1551.6000,1.932150e+14,B,A,0.99644570,-0.02132678,0.99621910,-0.02124937
1551.6500,1.932088e+14,B,A,0.99643110,-0.02199630,0.99619006,-0.02191603
1551.7000,1.932026e+14,B,A,0.99641599,-0.02266857,0.99615999,-0.02258540
1551.7500,1.931964e+14,B,A,0.99640036,-0.02334368,0.99612888,-0.02325754
1551.8000,1.931901e+14,B,A,0.99638419,-0.02402173,0.99609673,-0.02393257
1551.8500,1.931839e+14,B,A,0.99636749,-0.02470282,0.99606350,-0.02461059
1551.9000,1.931777e+14,B,A,0.99635024,-0.02538705,0.99602918,-0.02529168
1551.9500,1.931715e+14,B,A,0.99633243,-0.02607452,0.99599376,-0.02597595
1552.0000,1.931652e+14,B,A,0.99631406,-0.02676534,0.99595721,-0.02666350
1552.0500,1.931590e+14,B,A,0.99629512,-0.02745961,0.99591952,-0.02735444
1552.1000,1.931528e+14,B,A,0.99627558,-0.02815745,0.99588067,-0.02804887
1552.1500,1.931466e+14,B,A,0.99625545,-0.02885896,0.99584062,-0.02874691
1552.2000,1.931404e+14,B,A,0.99623472,-0.02956426,0.99579937,-0.02944865
1552.2500,1.931341e+14,B,A,0.99621336,-0.03027345,0.99575689,-0.03015421
1552.3000,1.931279e+14,B,A,0.99619137,-0.03098666,0.99571315,-0.03086371
1552.3500,1.931217e+14,B,A,0.99616874,-0.03170401,0.99566813,-0.03157725
1552.4000,1.931155e+14,B,A,0.99614545,-0.03242561,0.99562181,-0.03229497
1552.4500,1.931093e+14,B,A,0.99612149,-0.03315160,0.99557416,-0.03301697
1552.5000,1.931030e+14,B,A,0.99609685,-0.03388209,0.99552515,-0.03374338
1552.5500,1.930968e+14,B,A,0.99607151,-0.03461721,0.99547475,-0.03447433
1552.6000,1.930906e+14,B,A,0.99604545,-0.03535710,0.99542293,-0.03520994
1552.6500,1.930844e+14,B,A,0.99601867,-0.03610190,0.99536966,-0.03595035
1552.7000,1.930782e+14,B,A,0.99599114,-0.03685173,0.99531492,-0.03669569
1552.7500,1.930719e+14,B,A,0.99596285,-0.03760674,0.99525866,-0.03744609
1552.8000,1.930657e+14,B,A,0.99593378,-0.03836707,0.99520085,-0.03820169
1552.8500,1.930595e+14,B,A,0.99590392,-0.03913287,0.99514146,-0.03896263
1552.9000,1.930533e+14,B,A,0.99587324,-0.03990429,0.99508045,-0.03972907
1552.9500,1.930471e+14,B,A,0.99584172,-0.04068148,0.99501778,-0.04050114
1553.0000,1.930409e+14,B,A,0.99580935,-0.04146460,0.99495342,-0.04127901
1553.0500,1.930346e+14,B,A,0.99577610,-0.04225382,0.99488731,-0.04206282
1553.1000,1.930284e+14,B,A,0.99574196,-0.04304928,0.99481943,-0.04285274
1553.1500,1.930222e+14,B,A,0.99570689,-0.04385118,0.99474971,-0.04364893
1553.2000,1.930160e+14,B,A,0.99567089,-0.04465967,0.99467812,-0.04445155
1553.2500,1.930098e+14,B,A,0.99563391,-0.04547493,0.99460462,-0.04526078
1553.3000,1.930036e+14,B,A,0.99559594,-0.04629716,0.99452914,-0.04607680
1553.3500,1.929974e+14,B,A,0.99555696,-0.04712653,0.99445164,-0.04689978
1553.4000,1.929912e+14,B,A,0.99551692,-0.04796323,0.99437206,-0.04772990
1553.4500,1.929849e+14,B,A,0.99547582,-0.04880747,0.99429036,-0.04856737
1553.5000,1.929787e+14,B,A,0.99543361,-0.04965944,0.99420646,-0.04941236
1553.5500,1.929725e+14,B,A,0.99539027,-0.05051936,0.99412032,-0.05026509
1553.6000,1.929663e+14,B,A,0.99534576,-0.05138743,0.99403186,-0.05112576
1553.6500,1.929601e+14,B,A,0.99530005,-0.05226388,0.99394102,-0.05199457
1553.7000,1.929539e+14,B,A,0.99525311,-0.05314894,0.99384774,-0.05287175
1553.7500,1.929477e+14,B,A,0.99520491,-0.05404282,0.99375195,-0.05375751
1553.8000,1.929415e+14,B,A,0.99515540,-0.05494579,0.99365357,-0.05465209
1553.8500,1.929353e+14,B,A,0.99510454,-0.05585806,0.99355252,-0.05555571
1553.9000,1.929291e+14,B,A,0.99505230,-0.05677992,0.99344873,-0.05646863
1553.9500,1.929228e+14,B,A,0.99499864,-0.05771160,0.99334212,-0.05739109
1554.0000,1.929166e+14,B,A,0.99494351,-0.05865338,0.99323259,-0.05832335
1554.0500,1.929104e+14,B,A,0.99488687,-0.05960554,0.99312006,-0.05926567
1554.1000,1.929042e+14,B,A,0.99482866,-0.06056837,0.99300444,-0.06021831
1554.1500,1.928980e+14,B,A,0.99476884,-0.06154215,0.99288563,-0.06118157
1554.2000,1.928918e+14,B,A,0.99470737,-0.06252719,0.99276352,-0.06215574
1554.2500,1.928856e+14,B,A,0.99464418,-0.06352380,0.99263802,-0.06314109
1554.3000,1.928794e+14,B,A,0.99457922,-0.06453231,0.99250901,-0.06413796
1554.3500,1.928732e+14,B,A,0.99451243,-0.06555305,0.99237638,-0.06514664
1554.4000,1.928670e+14,B,A,0.99444375,-0.06658636,0.99224001,-0.06616747
1554.4500,1.928608e+14,B,A,0.99437312,-0.06763260,0.99209977,-0.06720078
1554.5000,1.928546e+14,B,A,0.99430047,-0.06869213,0.99195554,-0.06824692
1554.5500,1.928484e+14,B,A,0.99422574,-0.06976535,0.99180717,-0.06930625
1554.6000,1.928422e+14,B,A,0.99414884,-0.07085263,0.99165452,-0.07037914
1554.6500,1.928360e+14,B,A,0.99406971,-0.07195439,0.99149746,-0.07146597
1554.7000,1.928298e+14,B,A,0.99398827,-0.07307105,0.99133581,-0.07256715
1554.7500,1.928236e+14,B,A,0.99390443,-0.07420304,0.99116942,-0.07368307
1554.8000,1.928174e+14,B,A,0.99381811,-0.07535082,0.99099812,-0.07481416
1554.8500,1.928112e+14,B,A,0.99372921,-0.07651485,0.99082172,-0.07596087
1554.9000,1.928050e+14,B,A,0.99363765,-0.07769561,0.99064005,-0.07712364
1554.9500,1.927988e+14,B,A,0.99354332,-0.07889362,0.99045291,-0.07830294
1555.0000,1.927926e+14,B,A,0.99344611,-0.08010938,0.99026009,-0.07949926
1555.0500,1.927864e+14,B,A,0.99334593,-0.08134345,0.99006138,-0.08071311
1555.1000,1.927802e+14,B,A,0.99324266,-0.08259638,0.98985655,-0.08194500
1555.1500,1.927740e+14,B,A,0.99313617,-0.08386876,0.98964537,-0.08319549
1555.2000,1.927678e+14,B,A,0.99302633,-0.08516119,0.98942758,-0.08446512
1555.2500,1.927616e+14,B,A,0.99291303,-0.08647430,0.98920294,-0.08575449
1555.3000,1.927554e+14,B,A,0.99279611,-0.08780874,0.98897115,-0.08706419
1555.3500,1.927492e+14,B,A,0.99267543,-0.08916520,0.98873195,-0.08839487
1555.4000,1.927430e+14,B,A,0.99255084,-0.09054438,0.98848501,-0.08974716
1555.4500,1.927368e+14,B,A,0.99242217,-0.09194702,0.98823003,-0.09112174
1555.5000,1.927306e+14,B,A,0.99228926,-0.09337389,0.98796668,-0.09251933
1555.5500,1.927244e+14,B,A,0.99215192,-0.09482579,0.98769458,-0.09394065
1555.6000,1.927182e+14,B,A,0.99200997,-0.09630354,0.98741339,-0.09538647
1555.6500,1.927120e+14,B,A,0.99186320,-0.09780803,0.98712269,-0.09685758
1555.7000,1.927058e+14,B,A,0.99171140,-0.09934015,0.98682209,-0.09835480
1555.7500,1.926996e+14,B,A,0.99155435,-0.10090085,0.98651114,-0.09987900
1555.8000,1.926934e+14,B,A,0.99139182,-0.10249113,0.98618937,-0.10143107
1555.8500,1.926873e+14,B,A,0.99122355,-0.10411200,0.98585631,-0.10301194
1555.9000,1.926811e+14,B,A,0.99104929,-0.10576456,0.98551144,-0.10462259
1555.9500,1.926749e+14,B,A,0.99086875,-0.10744993,0.98515422,-0.10626403
1556.0000,1.926687e+14,B,A,0.99068164,-0.10916930,0.98478406,-0.10793732
1556.0500,1.926625e+14,B,A,0.99048764,-0.11092389,0.98440035,-0.10964358
1556.1000,1.926563e+14,B,A,0.99028643,-0.11271501,0.98400245,-0.11138395
1556.1500,1.926501e+14,B,A,0.99007765,-0.11454401,0.98358967,-0.11315964
1556.2000,1.926439e+14,B,A,0.98986092,-0.11641232,0.98316128,-0.11497192
1556.2500,1.926377e+14,B,A,0.98963586,-0.11832143,0.98271651,-0.11682210
1556.3000,1.926315e+14,B,A,0.98940204,-0.12027290,0.98225453,-0.11871157
1556.3500,1.926253e+14,B,A,0.98915901,-0.12226840,0.98177447,-0.12064177
1556.4000,1.926192e+14,B,A,0.98890629,-0.12430964,0.98127539,-0.12261422
1556.4500,1.926130e+14,B,A,0.98864337,-0.12639845,0.98075631,-0.12463051
1556.5000,1.926068e+14,B,A,0.98836970,-0.12853676,0.98021616,-0.12669230
1556.5500,1.926006e+14,B,A,0.98808471,-0.13072656,0.97965382,-0.12880133
1556.6000,1.925944e+14,B,A,0.98778778,-0.13297001,0.97906809,-0.13095944
1556.6500,1.925882e+14,B,A,0.98747824,-0.13526933,0.97845767,-0.13316854
1556.7000,1.925820e+14,B,A,0.98715537,-0.13762691,0.97782118,-0.13543066
1556.7500,1.925759e+14,B,A,0.98681843,-0.14004523,0.97715717,-0.13774792
1556.8000,1.925697e+14,B,A,0.98646659,-0.14252695,0.97646404,-0.14012254
1556.8500,1.925635e+14,B,A,0.98609899,-0.14507486,0.97574010,-0.14255689
1556.9000,1.925573e+14,B,A,0.98571467,-0.14769193,0.97498355,-0.14505341
1556.9500,1.925511e+14,B,A,0.98531263,-0.15038128,0.97419242,-0.14761472
1557.0000,1.925449e+14,B,A,0.98489177,-0.15314624,0.97336462,-0.15024356
1557.0500,1.925387e+14,B,A,0.98445093,-0.15599034,0.97249789,-0.15294281
1557.1000,1.925326e+14,B,A,0.98398885,-0.15891733,0.97158979,-0.15571552
1557.1500,1.925264e+14,B,A,0.98350414,-0.16193119,0.97063771,-0.15856489
1557.2000,1.925202e+14,B,A,0.98299534,-0.16503615,0.96963881,-0.16149433
1557.2500,1.925140e+14,B,A,0.98246085,-0.16823673,0.96859003,-0.16450741
1557.3000,1.925078e+14,B,A,0.98189894,-0.17153774,0.96748804,-0.16760791
1557.3500,1.925017e+14,B,A,0.98130772,-0.17494430,0.96632927,-0.17079983
1557.4000,1.924955e+14,B,A,0.98068514,-0.17846190,0.96510980,-0.17408742
1557.4500,1.924893e+14,B,A,0.98002900,-0.18209640,0.96382541,-0.17747513
1557.5000,1.924831e+14,B,A,0.97933687,-0.18585406,0.96247150,-0.18096770
1557.5500,1.924769e+14,B,A,0.97860610,-0.18974161,0.96104305,-0.18457015
1557.6000,1.924708e+14,B,A,0.97783381,-0.19376625,0.95953461,-0.18828779
1557.6500,1.924646e+14,B,A,0.97701684,-0.19793572,0.95794019,-0.19212624
1557.7000,1.924584e+14,B,A,0.97615174,-0.20225835,0.95625329,-0.19609146
1557.7500,1.924522e+14,B,A,0.97523470,-0.20674308,0.95446675,-0.20018977
1557.8000,1.924461e+14,B,A,0.97426157,-0.21139958,0.95257275,-0.20442787
1557.8500,1.924399e+14,B,A,0.97322773,-0.21623825,0.95056268,-0.20881283
1557.9000,1.924337e+14,B,A,0.97212812,-0.22127038,0.94842708,-0.21335219
1557.9500,1.924275e+14,B,A,0.97095714,-0.22650814,0.94615552,-0.21805390
1558.0000,1.924213e+14,B,A,0.96970859,-0.23196474,0.94373650,-0.22292639
1558.0500,1.924152e+14,B,A,0.96837560,-0.23765451,0.94115730,-0.22797858
1558.1000,1.924090e+14,B,A,0.96695051,-0.24359304,0.93840384,-0.23321990
1558.1500,1.924028e+14,B,A,0.96542482,-0.24979730,0.93546049,-0.23866031
1558.2000,1.923966e+14,B,A,0.96378903,-0.25628578,0.93230991,-0.24431031
1558.2500,1.923905e+14,B,A,0.96203252,-0.26307869,0.92893276,-0.25018093
1558.3000,1.923843e+14,B,A,0.96014337,-0.27019813,0.92530748,-0.25628376
1558.3500,1.923781e+14,B,A,0.95810822,-0.27766834,0.92140999,-0.26263092
1558.4000,1.923720e+14,B,A,0.95591201,-0.28551591,0.91721332,-0.26923502
1558.4500,1.923658e+14,B,A,0.95353772,-0.29377012,0.91268720,-0.27610912
1558.5000,1.923596e+14,B,A,0.95096610,-0.30246320,0.90779763,-0.28326664
1558.5500,1.923534e+14,B,A,0.94817533,-0.31163076,0.90250630,-0.29072123
1558.6000,1.923473e+14,B,A,0.94514056,-0.32131221,0.89676999,-0.29848662
1558.6500,1.923411e+14,B,A,0.94183343,-0.33155121,0.89053981,-0.30657634
1558.7000,1.923349e+14,B,A,0.93822152,-0.34239626,0.88376043,-0.31500339
1558.7500,1.923288e+14,B,A,0.93426763,-0.35390135,0.87636901,-0.32377980
1558.8000,1.923226e+14,B,A,0.92992894,-0.36612670,0.86829417,-0.33291599
1558.8500,1.923164e+14,B,A,0.92515604,-0.37913959,0.85945463,-0.34241995
1558.9000,1.923103e+14,B,A,0.91989174,-0.39301536,0.84975777,-0.35229610
1558.9500,1.923041e+14,B,A,0.91406966,-0.40783853,0.83909791,-0.36254385
1559.0000,1.922979e+14,B,A,0.90761251,-0.42370409,0.82735442,-0.37315563
1559.0500,1.922918e+14,B,A,0.90043003,-0.44071896,0.81438962,-0.38411430
1559.1000,1.922856e+14,B,A,0.89241661,-0.45900369,0.80004646,-0.39538976
1559.1500,1.922794e+14,B,A,0.88344824,-0.47869428,0.78414612,-0.40693447
1559.2000,1.922733e+14,B,A,0.87337914,-0.49994434,0.76648561,-0.41867760
1559.2500,1.922671e+14,B,A,0.86203752,-0.52292733,0.74683563,-0.43051740
1559.3000,1.922609e+14,B,A,0.84922080,-0.54783903,0.72493907,-0.44231133
1559.3500,1.922548e+14,B,A,0.83468998,-0.57489997,0.70051081,-0.45386338
1559.4000,1.922486e+14,B,A,0.81816337,-0.60435781,0.67323978,-0.46490804
1559.4500,1.922424e+14,B,A,0.79930976,-0.63648923,0.64279486,-0.47509037
1559.5000,1.922363e+14,B,A,0.77774152,-0.67160084,0.60883672,-0.48394185
1559.5500,1.922301e+14,B,A,0.75300836,-0.71002844,0.57103888,-0.49085252
1559.6000,1.922239e+14,B,A,0.72459331,-0.75213334,0.52912198,-0.49504081
1559.6500,1.922178e+14,B,A,0.69191307,-0.79829403,0.48290653,-0.49552495
1559.7000,1.922116e+14,B,A,0.65432643,-0.84889094,0.43238935,-0.49110338
1559.7500,1.922055e+14,B,A,0.61115574,-0.90428075,0.37784768,-0.48035660
1559.8000,1.921993e+14,B,A,0.56172746,-0.96475618,0.31996968,-0.46168945
1559.8500,1.921931e+14,B,A,0.50543858,-1.03048495,0.25999914,-0.43343812
1559.9000,1.921870e+14,B,A,0.44185283,-1.10141781,0.19986422,-0.39406626
1559.9500,1.921808e+14,B,A,0.37082428,-1.17714020,0.14223612,-0.34246100
1560.0000,1.921747e+14,B,A,0.29263354,-1.25657719,0.09044540,-0.27830562
1560.0500,1.921685e+14,B,A,0.20810586,-1.33711607,0.04818885,-0.20244971
1560.1000,1.921623e+14,B,A,0.11867469,-1.40989466,0.01901267,-0.11714179
1560.1500,1.921562e+14,B,A,0.02658493,-1.35633627,0.00565780,-0.02597591
1560.2000,1.921500e+14,B,A,0.06719418,1.42954372,0.00945982,0.06652496
1560.2500,1.921439e+14,B,A,0.15848747,1.38017109,0.03002907,0.15561662
1560.3000,1.921377e+14,B,A,0.24595455,1.30188333,0.06534610,0.23711501
1560.3500,1.921315e+14,B,A,0.32780498,1.22135637,0.11223113,0.30799395
1560.4000,1.921254e+14,B,A,0.40287980,1.14339473,0.16699672,0.36663910
1560.4500,1.921192e+14,B,A,0.47060813,1.06973671,0.22605905,0.41275818
1560.5000,1.921131e+14,B,A,0.53091572,1.00110993,0.28635895,0.44706829
1560.5500,1.921069e+14,B,A,0.58409415,0.93774259,0.34555565,0.47091110
1560.6000,1.921008e+14,B,A,0.63066746,0.87957336,0.40203784,0.48590845
1560.6500,1.920946e+14,B,A,0.67127981,0.82636968,0.45482579,0.49371052
1560.7000,1.920885e+14,B,A,0.70661278,0.77780423,0.50343056,0.49584200
1560.7500,1.920823e+14,B,A,0.73733126,0.73350581,0.54771319,0.49362703
1560.8000,1.920762e+14,B,A,0.76405217,0.69309244,0.58776537,0.48816758
1560.8500,1.920700e+14,B,A,0.78732957,0.65619196,0.62381797,0.48035299
1560.9000,1.920638e+14,B,A,0.80765034,0.62245378,0.65617574,0.47088477
1560.9500,1.920577e+14,B,A,0.82543609,0.59155492,0.68517351,0.46030641
1561.0000,1.920515e+14,B,A,0.84104843,0.56320220,0.71114833,0.44903285
1561.0500,1.920454e+14,B,A,0.85479562,0.53713211,0.73442299,0.43737675
1561.1000,1.920392e+14,B,A,0.86693950,0.51310942,0.75529706,0.42557073
1561.1500,1.920331e+14,B,A,0.87770212,0.49092496,0.77404302,0.41378547
1561.2000,1.920269e+14,B,A,0.88727171,0.47039324,0.79090524,0.40214424
1561.2500,1.920208e+14,B,A,0.89580792,0.45135000,0.80610089,0.39073416
1561.3000,1.920146e+14,B,A,0.90344640,0.43364976,0.81982179,0.37961510
1561.3500,1.920085e+14,B,A,0.91030257,0.41716367,0.83223667,0.36882638
1561.4000,1.920023e+14,B,A,0.91647492,0.40177752,0.84349359,0.35839204
1561.4500,1.919962e+14,B,A,0.92204766,0.38738991,0.85372230,0.34832474
1561.5000,1.919900e+14,B,A,0.92709303,0.37391071,0.86303650,0.33862881
1561.5500,1.919839e+14,B,A,0.93167313,0.36125964,0.87153581,0.32930252
1561.6000,1.919778e+14,B,A,0.93584156,0.34936512,0.87930758,0.32033983
1561.6500,1.919716e+14,B,A,0.93964468,0.33816312,0.88642851,0.31173163
1561.7000,1.919655e+14,B,A,0.94312270,0.32759632,0.89296603,0.30346681
1561.7500,1.919593e+14,B,A,0.94631064,0.31761327,0.89897950,0.29553290
1561.8000,1.919532e+14,B,A,0.94923905,0.30816769,0.90452128,0.28791669
1561.8500,1.919470e+14,B,A,0.95193465,0.29921791,0.90963764,0.28060459
1561.9000,1.919409e+14,B,A,0.95442093,0.29072627,0.91436955,0.27358294
1561.9500,1.919347e+14,B,A,0.95671852,0.28265872,0.91875334,0.26683822
1562.0000,1.919286e+14,B,A,0.95884566,0.27498439,0.92282129,0.26035720
1562.0500,1.919224e+14,B,A,0.96081846,0.26767525,0.92660215,0.25412706
1562.1000,1.919163e+14,B,A,0.96265121,0.26070578,0.93012158,0.24813543
1562.1500,1.919102e+14,B,A,0.96435663,0.25405274,0.93340252,0.24237047
1562.2000,1.919040e+14,B,A,0.96594603,0.24769490,0.93646550,0.23682085
1562.2500,1.918979e+14,B,A,0.96742954,0.24161283,0.93932894,0.23147582
1562.3000,1.918917e+14,B,A,0.96881620,0.23578875,0.94200943,0.22632513
1562.3500,1.918856e+14,B,A,0.97011413,0.23020632,0.94452188,0.22135910
1562.4000,1.918795e+14,B,A,0.97133064,0.22485054,0.94687976,0.21656853
1562.4500,1.918733e+14,B,A,0.97247228,0.21970760,0.94909523,0.21194475
1562.5000,1.918672e+14,B,A,0.97354500,0.21476474,0.95117932,0.20747955
1562.5500,1.918610e+14,B,A,0.97455416,0.21001021,0.95314202,0.20316519
1562.6000,1.918549e+14,B,A,0.97550461,0.20543314,0.95499240,0.19899436
1562.6500,1.918488e+14,B,A,0.97640076,0.20102345,0.95673873,0.19496016
1562.7000,1.918426e+14,B,A,0.97724662,0.19677181,0.95838851,0.19105608
1562.7500,1.918365e+14,B,A,0.97804584,0.19266956,0.95994863,0.18727596
1562.8000,1.918303e+14,B,A,0.97880173,0.18870864,0.96142536,0.18361402
1562.8500,1.918242e+14,B,A,0.97951733,0.18488156,0.96282443,0.18006479
1562.9000,1.918181e+14,B,A,0.98019543,0.18118134,0.96415112,0.17662308
1562.9500,1.918119e+14,B,A,0.98083857,0.17760145,0.96541025,0.17328403
1563.0000,1.918058e+14,B,A,0.98144907,0.17413582,0.96660626,0.17004301
1563.0500,1.917997e+14,B,A,0.98202909,0.17077877,0.96774323,0.16689569
1563.1000,1.917935e+14,B,A,0.98258060,0.16752497,0.96882494,0.16383793
1563.1500,1.917874e+14,B,A,0.98310540,0.16436944,0.96985484,0.16086583
1563.2000,1.917813e+14,B,A,0.98360519,0.16130751,0.97083615,0.15797572
1563.2500,1.917751e+14,B,A,0.98408149,0.15833479,0.97177183,0.15516411
1563.3000,1.917690e+14,B,A,0.98453575,0.15544716,0.97266461,0.15242768
1563.3500,1.917629e+14,B,A,0.98496928,0.15264075,0.97351705,0.14976330
1563.4000,1.917567e+14,B,A,0.98538331,0.14991191,0.97433149,0.14716801
1563.4500,1.917506e+14,B,A,0.98577898,0.14725720,0.97511013,0.14463899
1563.5000,1.917445e+14,B,A,0.98615734,0.14467339,0.97585500,0.14217356
1563.5500,1.917383e+14,B,A,0.98651937,0.14215743,0.97656799,0.13976918
1563.6000,1.917322e+14,B,A,0.98686599,0.13970642,0.97725088,0.13742346
1563.6500,1.917261e+14,B,A,0.98719804,0.13731764,0.97790529,0.13513408
1563.7000,1.917199e+14,B,A,0.98751632,0.13498851,0.97853277,0.13289889
1563.7500,1.917138e+14,B,A,0.98782157,0.13271659,0.97913474,0.13071579
1563.8000,1.917077e+14,B,A,0.98811448,0.13049958,0.97971255,0.12858283
1563.8500,1.917015e+14,B,A,0.98839568,0.12833527,0.98026744,0.12649812
1563.9000,1.916954e+14,B,A,0.98866580,0.12622158,0.98080059,0.12445987
1563.9500,1.916893e+14,B,A,0.98892538,0.12415656,0.98131310,0.12246637
1564.0000,1.916832e+14,B,A,0.98917497,0.12213832,0.98180600,0.12051601
1564.0500,1.916770e+14,B,A,0.98941506,0.12016508,0.98228025,0.11860721
1564.1000,1.916709e+14,B,A,0.98964611,0.11823514,0.98273677,0.11673852
1564.1500,1.916648e+14,B,A,0.98986857,0.11634691,0.98317640,0.11490850
1546.0000,1.939149e+14,D,A,0.09872755,1.62763166,-0.00560819,0.09856813
1546.0500,1.939086e+14,D,A,0.09820313,1.62669823,-0.00548688,0.09804973
1546.1000,1.939024e+14,D,A,0.09769007,1.62577466,-0.00536813,0.09754246
1546.1500,1.938961e+14,D,A,0.09718812,1.62486070,-0.00525186,0.09704612
1546.2000,1.938898e+14,D,A,0.09669706,1.62395609,-0.00513797,0.09656046
1546.2500,1.938836e+14,D,A,0.09621666,1.62306058,-0.00502640,0.09608528
1546.3000,1.938773e+14,D,A,0.09574671,1.62217392,-0.00491707,0.09562037
1546.3500,1.938710e+14,D,A,0.09528700,1.62129589,-0.00480991,0.09516553
1546.4000,1.938648e+14,D,A,0.09483733,1.62042626,-0.00470484,0.09472056
1546.4500,1.938585e+14,D,A,0.09439751,1.61956480,-0.00460180,0.09428527
1546.5000,1.938522e+14,D,A,0.09396734,1.61871130,-0.00450072,0.09385949
1546.5500,1.938460e+14,D,A,0.09354664,1.61786554,-0.00440154,0.09344303
1546.6000,1.938397e+14,D,A,0.09313524,1.61702733,-0.00430420,0.09303573
1546.6500,1.938334e+14,D,A,0.09273297,1.61619647,-0.00420864,0.09263742
1546.7000,1.938272e+14,D,A,0.09233966,1.61537275,-0.00411481,0.09224793
1546.7500,1.938209e+14,D,A,0.09195515,1.61455600,-0.00402264,0.09186712
1546.8000,1.938146e+14,D,A,0.09157928,1.61374602,-0.00393209,0.09149483
1546.8500,1.938084e+14,D,A,0.09121191,1.61294264,-0.00384311,0.09113091
1546.9000,1.938021e+14,D,A,0.09085288,1.61214569,-0.00375564,0.09077522
1546.9500,1.937958e+14,D,A,0.09050206,1.61135499,-0.00366964,0.09042764
1547.0000,1.937896e+14,D,A,0.09015932,1.61057038,-0.00358506,0.09008801
1547.0500,1.937833e+14,D,A,0.08982451,1.60979169,-0.00350185,0.08975622
1547.1000,1.937770e+14,D,A,0.08949751,1.60901876,-0.00341998,0.08943214
1547.1500,1.937708e+14,D,A,0.08917820,1.60825145,-0.00333940,0.08911565
1547.2000,1.937645e+14,D,A,0.08886645,1.60748960,-0.00326007,0.08880663
1547.2500,1.937583e+14,D,A,0.08856215,1.60673306,-0.00318195,0.08850497
1547.3000,1.937520e+14,D,A,0.08826518,1.60598169,-0.00310500,0.08821055
1547.3500,1.937457e+14,D,A,0.08797545,1.60523534,-0.00302919,0.08792328
1547.4000,1.937395e+14,D,A,0.08769283,1.60449388,-0.00295447,0.08764305
1547.4500,1.937332e+14,D,A,0.08741723,1.60375717,-0.00288082,0.08736975
1547.5000,1.937270e+14,D,A,0.08714855,1.60302508,-0.00280820,0.08710330
1547.5500,1.937207e+14,D,A,0.08688670,1.60229749,-0.00273658,0.08684359
1547.6000,1.937144e+14,D,A,0.08663157,1.60157425,-0.00266592,0.08659054
1547.6500,1.937082e+14,D,A,0.08638309,1.60085526,-0.00259619,0.08634407
1547.7000,1.937019e+14,D,A,0.08614116,1.60014038,-0.00252737,0.08610407
1547.7500,1.936957e+14,D,A,0.08590569,1.59942949,-0.00245942,0.08587048
1547.8000,1.936894e+14,D,A,0.08567661,1.59872249,-0.00239231,0.08564321
1547.8500,1.936831e+14,D,A,0.08545385,1.59801925,-0.00232602,0.08542218
1547.9000,1.936769e+14,D,A,0.08523731,1.59731966,-0.00226051,0.08520733
1547.9500,1.936706e+14,D,A,0.08502693,1.59662361,-0.00219577,0.08499858
1548.0000,1.936644e+14,D,A,0.08482264,1.59593099,-0.00213176,0.08479585
1548.0500,1.936581e+14,D,A,0.08462437,1.59524170,-0.00206847,0.08459909
1548.1000,1.936519e+14,D,A,0.08443206,1.59455562,-0.00200586,0.08440823
1548.1500,1.936456e+14,D,A,0.08424563,1.59387266,-0.00194391,0.08422320
1548.2000,1.936394e+14,D,A,0.08406502,1.59319272,-0.00188260,0.08404394
1548.2500,1.936331e+14,D,A,0.08389019,1.59251568,-0.00182190,0.08387040
1548.3000,1.936269e+14,D,A,0.08372106,1.59184146,-0.00176179,0.08370252
1548.3500,1.936206e+14,D,A,0.08355759,1.59116995,-0.00170225,0.08354025
1548.4000,1.936143e+14,D,A,0.08339972,1.59050107,-0.00164326,0.08338353
1548.4500,1.936081e+14,D,A,0.08324740,1.58983471,-0.00158480,0.08323232
1548.5000,1.936018e+14,D,A,0.08310059,1.58917078,-0.00152684,0.08308656
1548.5500,1.935956e+14,D,A,0.08295922,1.58850920,-0.00146937,0.08294621
1548.6000,1.935893e+14,D,A,0.08282327,1.58784986,-0.00141236,0.08281122
1548.6500,1.935831e+14,D,A,0.08269267,1.58719269,-0.00135580,0.08268156
1548.7000,1.935768e+14,D,A,0.08256741,1.58653759,-0.00129966,0.08255718
1548.7500,1.935706e+14,D,A,0.08244742,1.58588447,-0.00124393,0.08243804
1548.8000,1.935643e+14,D,A,0.08233269,1.58523326,-0.00118859,0.08232411
1548.8500,1.935581e+14,D,A,0.08222316,1.58458385,-0.00113362,0.08221534
1548.9000,1.935518e+14,D,A,0.08211880,1.58393618,-0.00107900,0.08211171
1548.9500,1.935456e+14,D,A,0.08201959,1.58329015,-0.00102471,0.08201319
1549.0000,1.935394e+14,D,A,0.08192549,1.58264568,-0.00097074,0.08191974
1549.0500,1.935331e+14,D,A,0.08183647,1.58200269,-0.00091707,0.08183133
1549.1000,1.935269e+14,D,A,0.08175250,1.58136111,-0.00086368,0.08174794
1549.1500,1.935206e+14,D,A,0.08167356,1.58072084,-0.00081056,0.08166954
1549.2000,1.935144e+14,D,A,0.08159963,1.58008181,-0.00075768,0.08159611
1549.2500,1.935081e+14,D,A,0.08153067,1.57944393,-0.00070504,0.08152762
1549.3000,1.935019e+14,D,A,0.08146667,1.57880714,-0.00065261,0.08146405
1549.3500,1.934956e+14,D,A,0.08140760,1.57817135,-0.00060038,0.08140539
1549.4000,1.934894e+14,D,A,0.08135346,1.57753649,-0.00054833,0.08135161
1549.4500,1.934831e+14,D,A,0.08130421,1.57690247,-0.00049645,0.08130270
1549.5000,1.934769e+14,D,A,0.08125985,1.57626923,-0.00044472,0.08125864
1549.5500,1.934707e+14,D,A,0.08122037,1.57563667,-0.00039313,0.08121942
1549.6000,1.934644e+14,D,A,0.08118574,1.57500474,-0.00034166,0.08118502
1549.6500,1.934582e+14,D,A,0.08115596,1.57437334,-0.00029030,0.08115544
1549.7000,1.934519e+14,D,A,0.08113102,1.57374242,-0.00023902,0.08113067
1549.7500,1.934457e+14,D,A,0.08111091,1.57311188,-0.00018782,0.08111069
1549.8000,1.934394e+14,D,A,0.08109562,1.57248166,-0.00013667,0.08109551
1549.8500,1.934332e+14,D,A,0.08108515,1.57185168,-0.00008557,0.08108511
1549.9000,1.934270e+14,D,A,0.08107950,1.57122187,-0.00003450,0.08107949
1549.9500,1.934207e+14,D,A,0.08107865,1.57059214,0.00001655,0.08107865
1550.0000,1.934145e+14,D,A,0.08108262,1.56996244,0.00006761,0.08108259
1550.0500,1.934083e+14,D,A,0.08109139,1.56933267,0.00011869,0.08109130
1550.1000,1.934020e+14,D,A,0.08110498,1.56870277,0.00016980,0.08110480
1550.1500,1.933958e+14,D,A,0.08112338,1.56807267,0.00022095,0.08112308
1550.2000,1.933895e+14,D,A,0.08114660,1.56744228,0.00027217,0.08114614
1550.2500,1.933833e+14,D,A,0.08117464,1.56681154,0.00032346,0.08117400
1550.3000,1.933771e+14,D,A,0.08120752,1.56618036,0.00037485,0.08120666
1550.3500,1.933708e+14,D,A,0.08124524,1.56554867,0.00042635,0.08124412
1550.4000,1.933646e+14,D,A,0.08128781,1.56491640,0.00047796,0.08128641
1550.4500,1.933584e+14,D,A,0.08133525,1.56428347,0.00052972,0.08133352
1550.5000,1.933521e+14,D,A,0.08138756,1.56364980,0.00058163,0.08138548
1550.5500,1.933459e+14,D,A,0.08144476,1.56301532,0.00063372,0.08144229
1550.6000,1.933396e+14,D,A,0.08150687,1.56237996,0.00068598,0.08150398
1550.6500,1.933334e+14,D,A,0.08157390,1.56174362,0.00073845,0.08157056
1550.7000,1.933272e+14,D,A,0.08164588,1.56110625,0.00079114,0.08164204
1550.7500,1.933209e+14,D,A,0.08172282,1.56046775,0.00084407,0.08171846
1550.8000,1.933147e+14,D,A,0.08180474,1.55982804,0.00089724,0.08179982
1550.8500,1.933085e+14,D,A,0.08189168,1.55918706,0.00095068,0.08188616
1550.9000,1.933022e+14,D,A,0.08198365,1.55854472,0.00100441,0.08197750
1550.9500,1.932960e+14,D,A,0.08208069,1.55790094,0.00105843,0.08207386
1551.0000,1.932898e+14,D,A,0.08218281,1.55725563,0.00111278,0.08217528
1551.0500,1.932836e+14,D,A,0.08229006,1.55660872,0.00116746,0.08228177
1551.1000,1.932773e+14,D,A,0.08240245,1.55596012,0.00122249,0.08239338
1551.1500,1.932711e+14,D,A,0.08252003,1.55530975,0.00127790,0.08251014
1551.2000,1.932649e+14,D,A,0.08264284,1.55465753,0.00133370,0.08263207
1551.2500,1.932586e+14,D,A,0.08277090,1.55400337,0.00138990,0.08275922
1551.3000,1.932524e+14,D,A,0.08290425,1.55334718,0.00144654,0.08289163
1551.3500,1.932462e+14,D,A,0.08304294,1.55268887,0.00150361,0.08302933
1551.4000,1.932399e+14,D,A,0.08318701,1.55202836,0.00156116,0.08317236
1551.4500,1.932337e+14,D,A,0.08333650,1.55136557,0.00161919,0.08332076
1551.5000,1.932275e+14,D,A,0.08349145,1.55070038,0.00167773,0.08347459
1551.5500,1.932213e+14,D,A,0.08365192,1.55003273,0.00173679,0.08363389
1551.6000,1.932150e+14,D,A,0.08381796,1.54936250,0.00179640,0.08379870
1551.6500,1.932088e+14,D,A,0.08398961,1.54868961,0.00185658,0.08396909
1551.7000,1.932026e+14,D,A,0.08416693,1.54801397,0.00191736,0.08414509
1551.7500,1.931964e+14,D,A,0.08434997,1.54733547,0.00197874,0.08432676
1551.8000,1.931901e+14,D,A,0.08453880,1.54665401,0.00204076,0.08451417
1551.8500,1.931839e+14,D,A,0.08473347,1.54596951,0.00210345,0.08470736
1551.9000,1.931777e+14,D,A,0.08493405,1.54528184,0.00216681,0.08490640
1551.9500,1.931715e+14,D,A,0.08514059,1.54459092,0.00223089,0.08511136
1552.0000,1.931652e+14,D,A,0.08535317,1.54389663,0.00229570,0.08532229
1552.0500,1.931590e+14,D,A,0.08557186,1.54319887,0.00236127,0.08553927
1552.1000,1.931528e+14,D,A,0.08579672,1.54249753,0.00242762,0.08576237
1552.1500,1.931466e+14,D,A,0.08602783,1.54179249,0.00249479,0.08599165
1552.2000,1.931404e+14,D,A,0.08626526,1.54108366,0.00256279,0.08622719
1552.2500,1.931341e+14,D,A,0.08650911,1.54037090,0.00263167,0.08646907
1552.3000,1.931279e+14,D,A,0.08675944,1.53965410,0.00270144,0.08671737
1552.3500,1.931217e+14,D,A,0.08701634,1.53893315,0.00277215,0.08697217
1552.4000,1.931155e+14,D,A,0.08727990,1.53820793,0.00284381,0.08723355
1552.4500,1.931093e+14,D,A,0.08755020,1.53747829,0.00291646,0.08750161
1552.5000,1.931030e+14,D,A,0.08782735,1.53674413,0.00299014,0.08777644
1552.5500,1.930968e+14,D,A,0.08811144,1.53600532,0.00306487,0.08805812
1552.6000,1.930906e+14,D,A,0.08840257,1.53526171,0.00314069,0.08834676
1552.6500,1.930844e+14,D,A,0.08870083,1.53451317,0.00321764,0.08864245
1552.7000,1.930782e+14,D,A,0.08900634,1.53375957,0.00329575,0.08894530
1552.7500,1.930719e+14,D,A,0.08931921,1.53300077,0.00337507,0.08925542
1552.8000,1.930657e+14,D,A,0.08963954,1.53223661,0.00345562,0.08957291
1552.8500,1.930595e+14,D,A,0.08996746,1.53146696,0.00353745,0.08989789
1552.9000,1.930533e+14,D,A,0.09030309,1.53069166,0.00362060,0.09023047
1552.9500,1.930471e+14,D,A,0.09064654,1.52991057,0.00370512,0.09057078
1553.0000,1.930409e+14,D,A,0.09099795,1.52912351,0.00379104,0.09091894
1553.0500,1.930346e+14,D,A,0.09135744,1.52833033,0.00387842,0.09127508
1553.1000,1.930284e+14,D,A,0.09172517,1.52753086,0.00396729,0.09163933
1553.1500,1.930222e+14,D,A,0.09210125,1.52672493,0.00405772,0.09201182
1553.2000,1.930160e+14,D,A,0.09248585,1.52591238,0.00414974,0.09239271
1553.2500,1.930098e+14,D,A,0.09287912,1.52509301,0.00424341,0.09278213
1553.3000,1.930036e+14,D,A,0.09328119,1.52426665,0.00433878,0.09318024
1553.3500,1.929974e+14,D,A,0.09369225,1.52343311,0.00443591,0.09358718
1553.4000,1.929912e+14,D,A,0.09411244,1.52259220,0.00453485,0.09400312
1553.4500,1.929849e+14,D,A,0.09454195,1.52174372,0.00463567,0.09442823
1553.5000,1.929787e+14,D,A,0.09498095,1.52088746,0.00473842,0.09486268
1553.5500,1.929725e+14,D,A,0.09542961,1.52002321,0.00484318,0.09530663
1553.6000,1.929663e+14,D,A,0.09588813,1.51915077,0.00494999,0.09576028
1553.6500,1.929601e+14,D,A,0.09635671,1.51826991,0.00505895,0.09622381
1553.7000,1.929539e+14,D,A,0.09683553,1.51738040,0.00517010,0.09669741
1553.7500,1.929477e+14,D,A,0.09732481,1.51648201,0.00528353,0.09718129
1553.8000,1.929415e+14,D,A,0.09782476,1.51557451,0.00539932,0.09767564
1553.8500,1.929353e+14,D,A,0.09833561,1.51465764,0.00551753,0.09818069
1553.9000,1.929291e+14,D,A,0.09885757,1.51373114,0.00563826,0.09869665
1553.9500,1.929228e+14,D,A,0.09939089,1.51279477,0.00576159,0.09922376
1554.0000,1.929166e+14,D,A,0.09993582,1.51184824,0.00588761,0.09976223
1554.0500,1.929104e+14,D,A,0.10049259,1.51089129,0.00601641,0.10031233
1554.1000,1.929042e+14,D,A,0.10106148,1.50992361,0.00614809,0.10087430
1554.1500,1.928980e+14,D,A,0.10164275,1.50894493,0.00628274,0.10144839
1554.2000,1.928918e+14,D,A,0.10223668,1.50795492,0.00642047,0.10203488
1554.2500,1.928856e+14,D,A,0.10284356,1.50695329,0.00656139,0.10263404
1554.3000,1.928794e+14,D,A,0.10346370,1.50593970,0.00670560,0.10324617
1554.3500,1.928732e+14,D,A,0.10409739,1.50491382,0.00685324,0.10387155
1554.4000,1.928670e+14,D,A,0.10474496,1.50387530,0.00700441,0.10451050
1554.4500,1.928608e+14,D,A,0.10540674,1.50282378,0.00715925,0.10516333
1554.5000,1.928546e+14,D,A,0.10608307,1.50175890,0.00731789,0.10583037
1554.5500,1.928484e+14,D,A,0.10677432,1.50068028,0.00748046,0.10651196
1554.6000,1.928422e+14,D,A,0.10748084,1.49958751,0.00764712,0.10720846
1554.6500,1.928360e+14,D,A,0.10820303,1.49848019,0.00781801,0.10792022
1554.7000,1.928298e+14,D,A,0.10894127,1.49735790,0.00799329,0.10864763
1554.7500,1.928236e+14,D,A,0.10969598,1.49622020,0.00817312,0.10939108
1554.8000,1.928174e+14,D,A,0.11046759,1.49506663,0.00835768,0.11015098
1554.8500,1.928112e+14,D,A,0.11125654,1.49389672,0.00854715,0.11092774
1554.9000,1.928050e+14,D,A,0.11206328,1.49270999,0.00874172,0.11172180
1554.9500,1.927988e+14,D,A,0.11288829,1.49150594,0.00894158,0.11253362
1555.0000,1.927926e+14,D,A,0.11373208,1.49028403,0.00914694,0.11336366
1555.0500,1.927864e+14,D,A,0.11459515,1.48904373,0.00935802,0.11421241
1555.1000,1.927802e+14,D,A,0.11547804,1.48778446,0.00957504,0.11508039
1555.1500,1.927740e+14,D,A,0.11638130,1.48650566,0.00979825,0.11596810
1555.2000,1.927678e+14,D,A,0.11730551,1.48520669,0.01002788,0.11687611
1555.2500,1.927616e+14,D,A,0.11825128,1.48388695,0.01026421,0.11780497
1555.3000,1.927554e+14,D,A,0.11921923,1.48254575,0.01050751,0.11875528
1555.3500,1.927492e+14,D,A,0.12021001,1.48118243,0.01075807,0.11972765
1555.4000,1.927430e+14,D,A,0.12122429,1.47979627,0.01101620,0.12072271
1555.4500,1.927368e+14,D,A,0.12226279,1.47838653,0.01128221,0.12174113
1555.5000,1.927306e+14,D,A,0.12332624,1.47695244,0.01155643,0.12278359
1555.5500,1.927244e+14,D,A,0.12441541,1.47549319,0.01183924,0.12385083
1555.6000,1.927182e+14,D,A,0.12553110,1.47400795,0.01213099,0.12494357
1555.6500,1.927120e+14,D,A,0.12667414,1.47249584,0.01243208,0.12606261
1555.7000,1.927058e+14,D,A,0.12784540,1.47095596,0.01274294,0.12720874
1555.7500,1.926996e+14,D,A,0.12904580,1.46938734,0.01306399,0.12838283
1555.8000,1.926934e+14,D,A,0.13027628,1.46778900,0.01339569,0.12958574
1555.8500,1.926873e+14,D,A,0.13153784,1.46615990,0.01373855,0.13081840
1555.9000,1.926811e+14,D,A,0.13283151,1.46449895,0.01409307,0.13208177
1555.9500,1.926749e+14,D,A,0.13415838,1.46280503,0.01445979,0.13337685
1556.0000,1.926687e+14,D,A,0.13551959,1.46107693,0.01483931,0.13470469
1556.0500,1.926625e+14,D,A,0.13691632,1.45931342,0.01523223,0.13606637
1556.1000,1.926563e+14,D,A,0.13834983,1.45751320,0.01563920,0.13746305
1556.1500,1.926501e+14,D,A,0.13982141,1.45567490,0.01606091,0.13889591
1556.2000,1.926439e+14,D,A,0.14133244,1.45379709,0.01649809,0.14036621
1556.2500,1.926377e+14,D,A,0.14288435,1.45187826,0.01695151,0.14187524
1556.3000,1.926315e+14,D,A,0.14447866,1.44991685,0.01742200,0.14342439
1556.3500,1.926253e+14,D,A,0.14611694,1.44791119,0.01791044,0.14501509
1556.4000,1.926192e+14,D,A,0.14780085,1.44585954,0.01841776,0.14664882
1556.4500,1.926130e+14,D,A,0.14953215,1.44376008,0.01894495,0.14832718
1556.5000,1.926068e+14,D,A,0.15131268,1.44161087,0.01949307,0.15005181
1556.5500,1.926006e+14,D,A,0.15314437,1.43940988,0.02006325,0.15182445
1556.6000,1.925944e+14,D,A,0.15502926,1.43715497,0.02065670,0.15364690
1556.6500,1.925882e+14,D,A,0.15696950,1.43484390,0.02127471,0.15552109
1556.7000,1.925820e+14,D,A,0.15896736,1.43247426,0.02191864,0.15744902
1556.7500,1.925759e+14,D,A,0.16102524,1.43004356,0.02258998,0.15943280
1556.8000,1.925697e+14,D,A,0.16314565,1.42754913,0.02329031,0.16147465
1556.8500,1.925635e+14,D,A,0.16533126,1.42498816,0.02402132,0.16357690
1556.9000,1.925573e+14,D,A,0.16758491,1.42235767,0.02478483,0.16574201
1556.9500,1.925511e+14,D,A,0.16990958,1.41965452,0.02558278,0.16797257
1557.0000,1.925449e+14,D,A,0.17230842,1.41687535,0.02641728,0.17027131
1557.0500,1.925387e+14,D,A,0.17478480,1.41401662,0.02729059,0.17264110
1557.1000,1.925326e+14,D,A,0.17734226,1.41107457,0.02820514,0.17508497
1557.1500,1.925264e+14,D,A,0.17998459,1.40804518,0.02916355,0.17760614
1557.2000,1.925202e+14,D,A,0.18271579,1.40492421,0.03016867,0.18020797
1557.2500,1.925140e+14,D,A,0.18554013,1.40170710,0.03122355,0.18289403
1557.3000,1.925078e+14,D,A,0.18846213,1.39838903,0.03233152,0.18566811
1557.3500,1.925017e+14,D,A,0.19148663,1.39496484,0.03349616,0.18853418
1557.4000,1.924955e+14,D,A,0.19461879,1.39142902,0.03472137,0.19149648
1557.4500,1.924893e+14,D,A,0.19786409,1.38777566,0.03601139,0.19455945
1557.5000,1.924831e+14,D,A,0.20122840,1.38399848,0.03737081,0.19772782
1557.5500,1.924769e+14,D,A,0.20471799,1.38009070,0.03880466,0.20100660
1557.6000,1.924708e+14,D,A,0.20833958,1.37604509,0.04031839,0.20440109
1557.6500,1.924646e+14,D,A,0.21210034,1.37185386,0.04191798,0.20791690
1557.7000,1.924584e+14,D,A,0.21600799,1.36750863,0.04360994,0.21155998
1557.7500,1.924522e+14,D,A,0.22007080,1.36300041,0.04540143,0.21533664
1557.8000,1.924461e+14,D,A,0.22429765,1.35831948,0.04730027,0.21925355
1557.8500,1.924399e+14,D,A,0.22869809,1.35345535,0.04931507,0.22331780
1557.9000,1.924337e+14,D,A,0.23328242,1.34839671,0.05145529,0.22753690
1557.9500,1.924275e+14,D,A,0.23806173,1.34313128,0.05373135,0.23191880
1558.0000,1.924213e+14,D,A,0.24304799,1.33764578,0.05615477,0.23647192
1558.0500,1.924152e+14,D,A,0.24825413,1.33192579,0.05873826,0.24120516
1558.1000,1.924090e+14,D,A,0.25369413,1.32595563,0.06149591,0.24612795
1558.1500,1.924028e+14,D,A,0.25938315,1.31971823,0.06444333,0.25125023
1558.2000,1.923966e+14,D,A,0.26533761,1.31319497,0.06759788,0.25658249
1558.2500,1.923905e+14,D,A,0.27157534,1.30636553,0.07097890,0.26213577
1558.3000,1.923843e+14,D,A,0.27811570,1.29920765,0.07460794,0.26792163
1558.3500,1.923781e+14,D,A,0.28497978,1.29169694,0.07850908,0.27395218
1558.4000,1.923720e+14,D,A,0.29219053,1.28380663,0.08270930,0.28024003
1558.4500,1.923658e+14,D,A,0.29977298,1.27550726,0.08723886,0.28679823
1558.5000,1.923596e+14,D,A,0.30775448,1.26676637,0.09213177,0.29364018
1558.5500,1.923534e+14,D,A,0.31616486,1.25754809,0.09742633,0.30077953
1558.6000,1.923473e+14,D,A,0.32503678,1.24781276,0.10316578,0.30822999
1558.6500,1.923411e+14,D,A,0.33440597,1.23751639,0.10939899,0.31600509
1558.7000,1.923349e+14,D,A,0.34431157,1.22661012,0.11618130,0.32411782
1558.7500,1.923288e+14,D,A,0.35479643,1.21503955,0.12357555,0.33258020
1558.8000,1.923226e+14,D,A,0.36590751,1.20274400,0.13165311,0.34140264
1558.8500,1.923164e+14,D,A,0.37769625,1.18965565,0.14049527,0.35059312
1558.9000,1.923103e+14,D,A,0.39021893,1.17569853,0.15019466,0.36015605
1558.9500,1.923041e+14,D,A,0.40353708,1.16078740,0.16085695,0.37009082
1559.0000,1.922979e+14,D,A,0.41771781,1.14482641,0.17260276,0.38038987
1559.0500,1.922918e+14,D,A,0.43283407,1.12770764,0.18556978,0.39103604
1559.1000,1.922856e+14,D,A,0.44896482,1.10930935,0.19991507,0.40199922
1559.1500,1.922794e+14,D,A,0.46619496,1.08949409,0.21581743,0.41323186
1559.2000,1.922733e+14,D,A,0.48461492,1.06810655,0.23347986,0.42466313
1559.2500,1.922671e+14,D,A,0.50431980,1.04497114,0.25313167,0.43619127
1559.3000,1.922609e+14,D,A,0.52540768,1.01988951,0.27502996,0.44767371
1559.3500,1.922548e+14,D,A,0.54797690,0.99263789,0.29945985,0.45891446
1559.4000,1.922486e+14,D,A,0.57212175,0.96296454,0.32673240,0.46964799
1559.4500,1.922424e+14,D,A,0.59792596,0.93058759,0.35717876,0.47951933
1559.5000,1.922363e+14,D,A,0.62545317,0.89519362,0.39113824,0.48805998
1559.5500,1.922301e+14,D,A,0.65473330,0.85643784,0.42893732,0.49465996
1559.6000,1.922239e+14,D,A,0.68574382,0.81394676,0.47085535,0.49853768
1559.6500,1.922178e+14,D,A,0.71838454,0.76732496,0.51707185,0.49871139
1559.7000,1.922116e+14,D,A,0.75244542,0.71616780,0.56758997,0.49397949
1559.7500,1.922055e+14,D,A,0.78756775,0.66008266,0.62213249,0.48292249
1559.8000,1.921993e+14,D,A,0.82320134,0.59872117,0.68001124,0.46394520
1559.8500,1.921931e+14,D,A,0.85856455,0.53182451,0.73998243,0.43538383
1559.9000,1.921870e+14,D,A,0.89261904,0.45928181,0.80011791,0.39570200
1559.9500,1.921808e+14,D,A,0.92407705,0.38119790,0.85774647,0.34378684
1560.0000,1.921747e+14,D,A,0.95146158,0.29796041,0.90953756,0.27932162
1560.0500,1.921685e+14,D,A,0.97323423,0.21028956,0.95179437,0.20315592
1560.1000,1.921623e+14,D,A,0.98798725,0.11924980,0.98097073,0.11753825
1560.1500,1.921562e+14,D,A,0.99466718,0.02620537,0.99432567,0.02606264
1560.2000,1.921500e+14,D,A,0.99277004,-0.06728478,0.99052363,-0.06674793
1560.2500,1.921439e+14,D,A,0.98244281,-0.15961672,0.96995426,-0.15614928
1560.3000,1.921377e+14,D,A,0.96445324,-0.24930212,0.93463702,-0.23795735
1560.3500,1.921315e+14,D,A,0.94003951,-0.33510134,0.88775168,-0.30914598
1560.4000,1.921254e+14,D,A,0.91069390,-0.41610205,0.83298569,-0.36810083
1560.4500,1.921192e+14,D,A,0.87794726,-0.49173699,0.77392285,-0.41452963
1560.5000,1.921131e+14,D,A,0.84320349,-0.56175267,0.71362235,-0.44914949
1560.5500,1.921069e+14,D,A,0.80764280,-0.62614938,0.65442495,-0.47330209
1560.6000,1.921008e+14,D,A,0.77218756,-0.68511213,0.59794197,-0.48860928
1560.6500,1.920946e+14,D,A,0.73751200,-0.73894628,0.54515313,-0.49672126
1560.7000,1.920885e+14,D,A,0.70407578,-0.78802476,0.49654738,-0.49916271
1560.7500,1.920823e+14,D,A,0.67216644,-0.83274885,0.45226366,-0.49725779
1560.8000,1.920762e+14,D,A,0.64194086,-0.87352111,0.41221030,-0.49210846
1560.8500,1.920700e+14,D,A,0.61346132,-0.91072833,0.37615643,-0.48460410
1560.9000,1.920638e+14,D,A,0.58672452,-0.94473171,0.34379728,-0.47544621
1560.9500,1.920577e+14,D,A,0.56168376,-0.97586216,0.31479804,-0.46517829
1561.0000,1.920515e+14,D,A,0.53826524,-1.00441890,0.28882165,-0.45421529
1561.0500,1.920454e+14,D,A,0.51637976,-1.03067009,0.26554533,-0.44286988
1561.1000,1.920392e+14,D,A,0.49593072,-1.05485465,0.24466949,-0.43137469
1561.1500,1.920331e+14,D,A,0.47681963,-1.07718467,0.22592167,-0.41990041
1561.2000,1.920269e+14,D,A,0.45894960,-1.09784799,0.20905749,-0.40857031
1561.2500,1.920208e+14,D,A,0.44222759,-1.11701082,0.19385978,-0.39747154
1561.3000,1.920146e+14,D,A,0.42656565,-1.13482021,0.18013672,-0.38666396
1561.3500,1.920085e+14,D,A,0.41188159,-1.15140633,0.16771958,-0.37618691
1561.4000,1.920023e+14,D,A,0.39809922,-1.16688451,0.15646031,-0.36606442
1561.4500,1.919962e+14,D,A,0.38514828,-1.18135707,0.14622914,-0.35630918
1561.5000,1.919900e+14,D,A,0.37296424,-1.19491495,0.13691238,-0.34692553
1561.5500,1.919839e+14,D,A,0.36148801,-1.20763908,0.12841042,-0.33791174
1561.6000,1.919778e+14,D,A,0.35066556,-1.21960166,0.12063590,-0.32926177
1561.6500,1.919716e+14,D,A,0.34044754,-1.23086721,0.11351211,-0.32096655
1561.7000,1.919655e+14,D,A,0.33078888,-1.24149349,0.10697164,-0.31301494
1561.7500,1.919593e+14,D,A,0.32164848,-1.25153233,0.10095511,-0.30539451
1561.8000,1.919532e+14,D,A,0.31298877,-1.26103035,0.09541017,-0.29809205
1561.8500,1.919470e+14,D,A,0.30477546,-1.27002954,0.09029054,-0.29109397
1561.9000,1.919409e+14,D,A,0.29697720,-1.27856779,0.08555527,-0.28438663
1561.9500,1.919347e+14,D,A,0.28956531,-1.28667941,0.08116802,-0.27795651
1562.0000,1.919286e+14,D,A,0.28251353,-1.29439546,0.07709650,-0.27179040
1562.0500,1.919224e+14,D,A,0.27579779,-1.30174417,0.07331196,-0.26587549
1562.1000,1.919163e+14,D,A,0.26939600,-1.30875122,0.06978875,-0.26019941
1562.1500,1.919102e+14,D,A,0.26328788,-1.31544000,0.06650394,-0.25475034
1562.2000,1.919040e+14,D,A,0.25745478,-1.32183188,0.06343698,-0.24951696
1562.2500,1.918979e+14,D,A,0.25187951,-1.32794640,0.06056944,-0.24448851
1562.3000,1.918917e+14,D,A,0.24654626,-1.33380147,0.05788476,-0.23965478
1562.3500,1.918856e+14,D,A,0.24144040,-1.33941351,0.05536801,-0.23500606
1562.4000,1.918795e+14,D,A,0.23654844,-1.34479764,0.05300572,-0.23053320
1562.4500,1.918733e+14,D,A,0.23185789,-1.34996773,0.05078573,-0.22622752
1562.5000,1.918672e+14,D,A,0.22735719,-1.35493662,0.04869701,-0.22208083
1562.5500,1.918610e+14,D,A,0.22303563,-1.35971614,0.04672958,-0.21808539
1562.6000,1.918549e+14,D,A,0.21888324,-1.36431722,0.04487436,-0.21423390
1562.6500,1.918488e+14,D,A,0.21489078,-1.36874999,0.04312309,-0.21051947
1562.7000,1.918426e+14,D,A,0.21104966,-1.37302385,0.04146824,-0.20693560
1562.7500,1.918365e+14,D,A,0.20735186,-1.37714750,0.03990296,-0.20347616
1562.8000,1.918303e+14,D,A,0.20378991,-1.38112905,0.03842095,-0.20013535
1562.8500,1.918242e+14,D,A,0.20035686,-1.38497603,0.03701648,-0.19690772
1562.9000,1.918181e+14,D,A,0.19704618,-1.38869548,0.03568429,-0.19378810
1562.9500,1.918119e+14,D,A,0.19385180,-1.39229393,0.03441954,-0.19077164
1563.0000,1.918058e+14,D,A,0.19076803,-1.39577751,0.03321780,-0.18785371
1563.0500,1.917997e+14,D,A,0.18778952,-1.39915193,0.03207498,-0.18502999
1563.1000,1.917935e+14,D,A,0.18491127,-1.40242254,0.03098731,-0.18229636
1563.1500,1.917874e+14,D,A,0.18212859,-1.40559436,0.02995133,-0.17964894
1563.2000,1.917813e+14,D,A,0.17943707,-1.40867208,0.02896383,-0.17708405
1563.2500,1.917751e+14,D,A,0.17683257,-1.41166011,0.02802184,-0.17459820
1563.3000,1.917690e+14,D,A,0.17431117,-1.41456260,0.02712263,-0.17218812
1563.3500,1.917629e+14,D,A,0.17186921,-1.41738344,0.02626365,-0.16985066
1563.4000,1.917567e+14,D,A,0.16950323,-1.42012630,0.02544254,-0.16758288
1563.4500,1.917506e+14,D,A,0.16720996,-1.42279463,0.02465711,-0.16538197
1563.5000,1.917445e+14,D,A,0.16498631,-1.42539169,0.02390533,-0.16324527
1563.5500,1.917383e+14,D,A,0.16282938,-1.42792055,0.02318530,-0.16117025
1563.6000,1.917322e+14,D,A,0.16073642,-1.43038411,0.02249527,-0.15915451
1563.6500,1.917261e+14,D,A,0.15870481,-1.43278511,0.02183358,-0.15719577
1563.7000,1.917199e+14,D,A,0.15673209,-1.43512615,0.02119870,-0.15529186
1563.7500,1.917138e+14,D,A,0.15481593,-1.43740968,0.02058920,-0.15344073
1563.8000,1.917077e+14,D,A,0.15295412,-1.43963802,0.02000374,-0.15164041
1563.8500,1.917015e+14,D,A,0.15114455,-1.44181338,0.01944106,-0.14988903
1563.9000,1.916954e+14,D,A,0.14938524,-1.44393785,0.01890000,-0.14818482
1563.9500,1.916893e+14,D,A,0.14767429,-1.44601341,0.01837945,-0.14652608
1564.0000,1.916832e+14,D,A,0.14600990,-1.44804193,0.01787838,-0.14491119
1564.0500,1.916770e+14,D,A,0.14439036,-1.45002523,0.01739582,-0.14333862
1564.1000,1.916709e+14,D,A,0.14281405,-1.45196498,0.01693087,-0.14180690
1564.1500,1.916648e+14,D,A,0.14127941,-1.45386283,0.01648267,-0.14031462
1546.0000,1.939149e+14,B,C,0.09872755,1.62763166,-0.00560819,0.09856813
1546.0500,1.939086e+14,B,C,0.09820313,1.62669823,-0.00548688,0.09804973
1546.1000,1.939024e+14,B,C,0.09769007,1.62577466,-0.00536813,0.09754246
1546.1500,1.938961e+14,B,C,0.09718812,1.62486070,-0.00525186,0.09704612
1546.2000,1.938898e+14,B,C,0.09669706,1.62395609,-0.00513797,0.09656046
1546.2500,1.938836e+14,B,C,0.09621666,1.62306058,-0.00502640,0.09608528
1546.3000,1.938773e+14,B,C,0.09574671,1.62217392,-0.00491707,0.09562037
1546.3500,1.938710e+14,B,C,0.09528700,1.62129589,-0.00480991,0.09516553
1546.4000,1.938648e+14,B,C,0.09483733,1.62042626,-0.00470484,0.09472056
1546.4500,1.938585e+14,B,C,0.09439751,1.61956480,-0.00460180,0.09428527
1546.5000,1.938522e+14,B,C,0.09396734,1.61871130,-0.00450072,0.09385949
1546.5500,1.938460e+14,B,C,0.09354664,1.61786554,-0.00440154,0.09344303
1546.6000,1.938397e+14,B,C,0.09313524,1.61702733,-0.00430420,0.09303573
1546.6500,1.938334e+14,B,C,0.09273297,1.61619647,-0.00420864,0.09263742
1546.7000,1.938272e+14,B,C,0.09233966,1.61537275,-0.00411481,0.09224793
1546.7500,1.938209e+14,B,C,0.09195515,1.61455600,-0.00402264,0.09186712
1546.8000,1.938146e+14,B,C,0.09157928,1.61374602,-0.00393209,0.09149483
1546.8500,1.938084e+14,B,C,0.09121191,1.61294264,-0.00384311,0.09113091
1546.9000,1.938021e+14,B,C,0.09085288,1.61214569,-0.00375564,0.09077522
1546.9500,1.937958e+14,B,C,0.09050206,1.61135499,-0.00366964,0.09042764
1547.0000,1.937896e+14,B,C,0.09015932,1.61057038,-0.00358506,0.09008801
1547.0500,1.937833e+14,B,C,0.08982451,1.60979169,-0.00350185,0.08975622
1547.1000,1.937770e+14,B,C,0.08949751,1.60901876,-0.00341998,0.08943214
1547.1500,1.937708e+14,B,C,0.08917820,1.60825145,-0.00333940,0.08911565
1547.2000,1.937645e+14,B,C,0.08886645,1.60748960,-0.00326007,0.08880663
1547.2500,1.937583e+14,B,C,0.08856215,1.60673306,-0.00318195,0.08850497
1547.3000,1.937520e+14,B,C,0.08826518,1.60598169,-0.00310500,0.08821055
1547.3500,1.937457e+14,B,C,0.08797545,1.60523534,-0.00302919,0.08792328
1547.4000,1.937395e+14,B,C,0.08769283,1.60449388,-0.00295447,0.08764305
1547.4500,1.937332e+14,B,C,0.08741723,1.60375717,-0.00288082,0.08736975
1547.5000,1.937270e+14,B,C,0.08714855,1.60302508,-0.00280820,0.08710330
1547.5500,1.937207e+14,B,C,0.08688670,1.60229749,-0.00273658,0.08684359
1547.6000,1.937144e+14,B,C,0.08663157,1.60157425,-0.00266592,0.08659054
1547.6500,1.937082e+14,B,C,0.08638309,1.60085526,-0.00259619,0.08634407
1547.7000,1.937019e+14,B,C,0.08614116,1.60014038,-0.00252737,0.08610407
1547.7500,1.936957e+14,B,C,0.08590569,1.59942949,-0.00245942,0.08587048
1547.8000,1.936894e+14,B,C,0.08567661,1.59872249,-0.00239231,0.08564321
1547.8500,1.936831e+14,B,C,0.08545385,1.59801925,-0.00232602,0.08542218
1547.9000,1.936769e+14,B,C,0.08523731,1.59731966,-0.00226051,0.08520733
1547.9500,1.936706e+14,B,C,0.08502693,1.59662361,-0.00219577,0.08499858
1548.0000,1.936644e+14,B,C,0.08482264,1.59593099,-0.00213176,0.08479585
1548.0500,1.936581e+14,B,C,0.08462437,1.59524170,-0.00206847,0.08459909
1548.1000,1.936519e+14,B,C,0.08443206,1.59455562,-0.00200586,0.08440823
1548.1500,1.936456e+14,B,C,0.08424563,1.59387266,-0.00194391,0.08422320
1548.2000,1.936394e+14,B,C,0.08406502,1.59319272,-0.00188260,0.08404394
1548.2500,1.936331e+14,B,C,0.08389019,1.59251568,-0.00182190,0.08387040
1548.3000,1.936269e+14,B,C,0.08372106,1.59184146,-0.00176179,0.08370252
1548.3500,1.936206e+14,B,C,0.08355759,1.59116995,-0.00170225,0.08354025
1548.4000,1.936143e+14,B,C,0.08339972,1.59050107,-0.00164326,0.08338353
1548.4500,1.936081e+14,B,C,0.08324740,1.58983471,-0.00158480,0.08323232
1548.5000,1.936018e+14,B,C,0.08310059,1.58917078,-0.00152684,0.08308656
1548.5500,1.935956e+14,B,C,0.08295922,1.58850920,-0.00146937,0.08294621
1548.6000,1.935893e+14,B,C,0.08282327,1.58784986,-0.00141236,0.08281122
1548.6500,1.935831e+14,B,C,0.08269267,1.58719269,-0.00135580,0.08268156
1548.7000,1.935768e+14,B,C,0.08256741,1.58653759,-0.00129966,0.08255718
1548.7500,1.935706e+14,B,C,0.08244742,1.58588447,-0.00124393,0.08243804
1548.8000,1.935643e+14,B,C,0.08233269,1.58523326,-0.00118859,0.08232411
1548.8500,1.935581e+14,B,C,0.08222316,1.58458385,-0.00113362,0.08221534
1548.9000,1.935518e+14,B,C,0.08211880,1.58393618,-0.00107900,0.08211171
1548.9500,1.935456e+14,B,C,0.08201959,1.58329015,-0.00102471,0.08201319
1549.0000,1.935394e+14,B,C,0.08192549,1.58264568,-0.00097074,0.08191974
1549.0500,1.935331e+14,B,C,0.08183647,1.58200269,-0.00091707,0.08183133
1549.1000,1.935269e+14,B,C,0.08175250,1.58136111,-0.00086368,0.08174794
1549.1500,1.935206e+14,B,C,0.08167356,1.58072084,-0.00081056,0.08166954
1549.2000,1.935144e+14,B,C,0.08159963,1.58008181,-0.00075768,0.08159611
1549.2500,1.935081e+14,B,C,0.08153067,1.57944393,-0.00070504,0.08152762
1549.3000,1.935019e+14,B,C,0.08146667,1.57880714,-0.00065261,0.08146405
1549.3500,1.934956e+14,B,C,0.08140760,1.57817135,-0.00060038,0.08140539
1549.4000,1.934894e+14,B,C,0.08135346,1.57753649,-0.00054833,0.08135161
1549.4500,1.934831e+14,B,C,0.08130421,1.57690247,-0.00049645,0.08130270
1549.5000,1.934769e+14,B,C,0.08125985,1.57626923,-0.00044472,0.08125864
1549.5500,1.934707e+14,B,C,0.08122037,1.57563667,-0.00039313,0.08121942
1549.6000,1.934644e+14,B,C,0.08118574,1.57500474,-0.00034166,0.08118502
1549.6500,1.934582e+14,B,C,0.08115596,1.57437334,-0.00029030,0.08115544
1549.7000,1.934519e+14,B,C,0.08113102,1.57374242,-0.00023902,0.08113067
1549.7500,1.934457e+14,B,C,0.08111091,1.57311188,-0.00018782,0.08111069
1549.8000,1.934394e+14,B,C,0.08109562,1.57248166,-0.00013667,0.08109551
1549.8500,1.934332e+14,B,C,0.08108515,1.57185168,-0.00008557,0.08108511
1549.9000,1.934270e+14,B,C,0.08107950,1.57122187,-0.00003450,0.08107949
1549.9500,1.934207e+14,B,C,0.08107865,1.57059214,0.00001655,0.08107865
1550.0000,1.934145e+14,B,C,0.08108262,1.56996244,0.00006761,0.08108259
1550.0500,1.934083e+14,B,C,0.08109139,1.56933267,0.00011869,0.08109130
1550.1000,1.934020e+14,B,C,0.08110498,1.56870277,0.00016980,0.08110480
1550.1500,1.933958e+14,B,C,0.08112338,1.56807267,0.00022095,0.08112308
1550.2000,1.933895e+14,B,C,0.08114660,1.56744228,0.00027217,0.08114614
1550.2500,1.933833e+14,B,C,0.08117464,1.56681154,0.00032346,0.08117400
1550.3000,1.933771e+14,B,C,0.08120752,1.56618036,0.00037485,0.08120666
1550.3500,1.933708e+14,B,C,0.08124524,1.56554867,0.00042635,0.08124412
1550.4000,1.933646e+14,B,C,0.08128781,1.56491640,0.00047796,0.08128641
1550.4500,1.933584e+14,B,C,0.08133525,1.56428347,0.00052972,0.08133352
1550.5000,1.933521e+14,B,C,0.08138756,1.56364980,0.00058163,0.08138548
1550.5500,1.933459e+14,B,C,0.08144476,1.56301532,0.00063372,0.08144229
1550.6000,1.933396e+14,B,C,0.08150687,1.56237996,0.00068598,0.08150398
1550.6500,1.933334e+14,B,C,0.08157390,1.56174362,0.00073845,0.08157056
1550.7000,1.933272e+14,B,C,0.08164588,1.56110625,0.00079114,0.08164204
1550.7500,1.933209e+14,B,C,0.08172282,1.56046775,0.00084407,0.08171846
1550.8000,1.933147e+14,B,C,0.08180474,1.55982804,0.00089724,0.08179982
1550.8500,1.933085e+14,B,C,0.08189168,1.55918706,0.00095068,0.08188616
1550.9000,1.933022e+14,B,C,0.08198365,1.55854472,0.00100441,0.08197750
1550.9500,1.932960e+14,B,C,0.08208069,1.55790094,0.00105843,0.08207386
1551.0000,1.932898e+14,B,C,0.08218281,1.55725563,0.00111278,0.08217528
1551.0500,1.932836e+14,B,C,0.08229006,1.55660872,0.00116746,0.08228177
1551.1000,1.932773e+14,B,C,0.08240245,1.55596012,0.00122249,0.08239338
1551.1500,1.932711e+14,B,C,0.08252003,1.55530975,0.00127790,0.08251014
1551.2000,1.932649e+14,B,C,0.08264284,1.55465753,0.00133370,0.08263207
1551.2500,1.932586e+14,B,C,0.08277090,1.55400337,0.00138990,0.08275922
1551.3000,1.932524e+14,B,C,0.08290425,1.55334718,0.00144654,0.08289163
1551.3500,1.932462e+14,B,C,0.08304294,1.55268887,0.00150361,0.08302933
1551.4000,1.932399e+14,B,C,0.08318701,1.55202836,0.00156116,0.08317236
1551.4500,1.932337e+14,B,C,0.08333650,1.55136557,0.00161919,0.08332076
1551.5000,1.932275e+14,B,C,0.08349145,1.55070038,0.00167773,0.08347459
1551.5500,1.932213e+14,B,C,0.08365192,1.55003273,0.00173679,0.08363389
1551.6000,1.932150e+14,B,C,0.08381796,1.54936250,0.00179640,0.08379870
1551.6500,1.932088e+14,B,C,0.08398961,1.54868961,0.00185658,0.08396909
1551.7000,1.932026e+14,B,C,0.08416693,1.54801397,0.00191736,0.08414509
1551.7500,1.931964e+14,B,C,0.08434997,1.54733547,0.00197874,0.08432676
1551.8000,1.931901e+14,B,C,0.08453880,1.54665401,0.00204076,0.08451417
1551.8500,1.931839e+14,B,C,0.08473347,1.54596951,0.00210345,0.08470736
1551.9000,1.931777e+14,B,C,0.08493405,1.54528184,0.00216681,0.08490640
1551.9500,1.931715e+14,B,C,0.08514059,1.54459092,0.00223089,0.08511136
1552.0000,1.931652e+14,B,C,0.08535317,1.54389663,0.00229570,0.08532229
1552.0500,1.931590e+14,B,C,0.08557186,1.54319887,0.00236127,0.08553927
1552.1000,1.931528e+14,B,C,0.08579672,1.54249753,0.00242762,0.08576237
1552.1500,1.931466e+14,B,C,0.08602783,1.54179249,0.00249479,0.08599165
1552.2000,1.931404e+14,B,C,0.08626526,1.54108366,0.00256279,0.08622719
1552.2500,1.931341e+14,B,C,0.08650911,1.54037090,0.00263167,0.08646907
1552.3000,1.931279e+14,B,C,0.08675944,1.53965410,0.00270144,0.08671737
1552.3500,1.931217e+14,B,C,0.08701634,1.53893315,0.00277215,0.08697217
1552.4000,1.931155e+14,B,C,0.08727990,1.53820793,0.00284381,0.08723355
1552.4500,1.931093e+14,B,C,0.08755020,1.53747829,0.00291646,0.08750161
1552.5000,1.931030e+14,B,C,0.08782735,1.53674413,0.00299014,0.08777644
1552.5500,1.930968e+14,B,C,0.08811144,1.53600532,0.00306487,0.08805812
1552.6000,1.930906e+14,B,C,0.08840257,1.53526171,0.00314069,0.08834676
1552.6500,1.930844e+14,B,C,0.08870083,1.53451317,0.00321764,0.08864245
1552.7000,1.930782e+14,B,C,0.08900634,1.53375957,0.00329575,0.08894530
1552.7500,1.930719e+14,B,C,0.08931921,1.53300077,0.00337507,0.08925542
1552.8000,1.930657e+14,B,C,0.08963954,1.53223661,0.00345562,0.08957291
1552.8500,1.930595e+14,B,C,0.08996746,1.53146696,0.00353745,0.08989789
1552.9000,1.930533e+14,B,C,0.09030309,1.53069166,0.00362060,0.09023047
1552.9500,1.930471e+14,B,C,0.09064654,1.52991057,0.00370512,0.09057078
1553.0000,1.930409e+14,B,C,0.09099795,1.52912351,0.00379104,0.09091894
1553.0500,1.930346e+14,B,C,0.09135744,1.52833033,0.00387842,0.09127508
1553.1000,1.930284e+14,B,C,0.09172517,1.52753086,0.00396729,0.09163933
1553.1500,1.930222e+14,B,C,0.09210125,1.52672493,0.00405772,0.09201182
1553.2000,1.930160e+14,B,C,0.09248585,1.52591238,0.00414974,0.09239271
1553.2500,1.930098e+14,B,C,0.09287912,1.52509301,0.00424341,0.09278213
1553.3000,1.930036e+14,B,C,0.09328119,1.52426665,0.00433878,0.09318024
1553.3500,1.929974e+14,B,C,0.09369225,1.52343311,0.00443591,0.09358718
1553.4000,1.929912e+14,B,C,0.09411244,1.52259220,0.00453485,0.09400312
1553.4500,1.929849e+14,B,C,0.09454195,1.52174372,0.00463567,0.09442823
1553.5000,1.929787e+14,B,C,0.09498095,1.52088746,0.00473842,0.09486268
1553.5500,1.929725e+14,B,C,0.09542961,1.52002321,0.00484318,0.09530663
1553.6000,1.929663e+14,B,C,0.09588813,1.51915077,0.00494999,0.09576028
1553.6500,1.929601e+14,B,C,0.09635671,1.51826991,0.00505895,0.09622381
1553.7000,1.929539e+14,B,C,0.09683553,1.51738040,0.00517010,0.09669741
1553.7500,1.929477e+14,B,C,0.09732481,1.51648201,0.00528353,0.09718129
1553.8000,1.929415e+14,B,C,0.09782476,1.51557451,0.00539932,0.09767564
1553.8500,1.929353e+14,B,C,0.09833561,1.51465764,0.00551753,0.09818069
1553.9000,1.929291e+14,B,C,0.09885757,1.51373114,0.00563826,0.09869665
1553.9500,1.929228e+14,B,C,0.09939089,1.51279477,0.00576159,0.09922376
1554.0000,1.929166e+14,B,C,0.09993582,1.51184824,0.00588761,0.09976223
1554.0500,1.929104e+14,B,C,0.10049259,1.51089129,0.00601641,0.10031233
1554.1000,1.929042e+14,B,C,0.10106148,1.50992361,0.00614809,0.10087430
1554.1500,1.928980e+14,B,C,0.10164275,1.50894493,0.00628274,0.10144839
1554.2000,1.928918e+14,B,C,0.10223668,1.50795492,0.00642047,0.10203488
1554.2500,1.928856e+14,B,C,0.10284356,1.50695329,0.00656139,0.10263404
1554.3000,1.928794e+14,B,C,0.10346370,1.50593970,0.00670560,0.10324617
1554.3500,1.928732e+14,B,C,0.10409739,1.50491382,0.00685324,0.10387155
1554.4000,1.928670e+14,B,C,0.10474496,1.50387530,0.00700441,0.10451050
1554.4500,1.928608e+14,B,C,0.10540674,1.50282378,0.00715925,0.10516333
1554.5000,1.928546e+14,B,C,0.10608307,1.50175890,0.00731789,0.10583037
1554.5500,1.928484e+14,B,C,0.10677432,1.50068028,0.00748046,0.10651196
1554.6000,1.928422e+14,B,C,0.10748084,1.49958751,0.00764712,0.10720846
1554.6500,1.928360e+14,B,C,0.10820303,1.49848019,0.00781801,0.10792022
1554.7000,1.928298e+14,B,C,0.10894127,1.49735790,0.00799329,0.10864763
1554.7500,1.928236e+14,B,C,0.10969598,1.49622020,0.00817312,0.10939108
1554.8000,1.928174e+14,B,C,0.11046759,1.49506663,0.00835768,0.11015098
1554.8500,1.928112e+14,B,C,0.11125654,1.49389672,0.00854715,0.11092774
1554.9000,1.928050e+14,B,C,0.11206328,1.49270999,0.00874172,0.11172180
1554.9500,1.927988e+14,B,C,0.11288829,1.49150594,0.00894158,0.11253362
1555.0000,1.927926e+14,B,C,0.11373208,1.49028403,0.00914694,0.11336366
1555.0500,1.927864e+14,B,C,0.11459515,1.48904373,0.00935802,0.11421241
1555.1000,1.927802e+14,B,C,0.11547804,1.48778446,0.00957504,0.11508039
1555.1500,1.927740e+14,B,C,0.11638130,1.48650566,0.00979825,0.11596810
1555.2000,1.927678e+14,B,C,0.11730551,1.48520669,0.01002788,0.11687611
1555.2500,1.927616e+14,B,C,0.11825128,1.48388695,0.01026421,0.11780497
1555.3000,1.927554e+14,B,C,0.11921923,1.48254575,0.01050751,0.11875528
1555.3500,1.927492e+14,B,C,0.12021001,1.48118243,0.01075807,0.11972765
1555.4000,1.927430e+14,B,C,0.12122429,1.47979627,0.01101620,0.12072271
1555.4500,1.927368e+14,B,C,0.12226279,1.47838653,0.01128221,0.12174113
1555.5000,1.927306e+14,B,C,0.12332624,1.47695244,0.01155643,0.12278359
1555.5500,1.927244e+14,B,C,0.12441541,1.47549319,0.01183924,0.12385083
1555.6000,1.927182e+14,B,C,0.12553110,1.47400795,0.01213099,0.12494357
1555.6500,1.927120e+14,B,C,0.12667414,1.47249584,0.01243208,0.12606261
1555.7000,1.927058e+14,B,C,0.12784540,1.47095596,0.01274294,0.12720874
1555.7500,1.926996e+14,B,C,0.12904580,1.46938734,0.01306399,0.12838283
1555.8000,1.926934e+14,B,C,0.13027628,1.46778900,0.01339569,0.12958574
1555.8500,1.926873e+14,B,C,0.13153784,1.46615990,0.01373855,0.13081840
1555.9000,1.926811e+14,B,C,0.13283151,1.46449895,0.01409307,0.13208177
1555.9500,1.926749e+14,B,C,0.13415838,1.46280503,0.01445979,0.13337685
1556.0000,1.926687e+14,B,C,0.13551959,1.46107693,0.01483931,0.13470469
1556.0500,1.926625e+14,B,C,0.13691632,1.45931342,0.01523223,0.13606637
1556.1000,1.926563e+14,B,C,0.13834983,1.45751320,0.01563920,0.13746305
1556.1500,1.926501e+14,B,C,0.13982141,1.45567490,0.01606091,0.13889591
1556.2000,1.926439e+14,B,C,0.14133244,1.45379709,0.01649809,0.14036621
1556.2500,1.926377e+14,B,C,0.14288435,1.45187826,0.01695151,0.14187524
1556.3000,1.926315e+14,B,C,0.14447866,1.44991685,0.01742200,0.14342439
1556.3500,1.926253e+14,B,C,0.14611694,1.44791119,0.01791044,0.14501509
1556.4000,1.926192e+14,B,C,0.14780085,1.44585954,0.01841776,0.14664882
1556.4500,1.926130e+14,B,C,0.14953215,1.44376008,0.01894495,0.14832718
1556.5000,1.926068e+14,B,C,0.15131268,1.44161087,0.01949307,0.15005181
1556.5500,1.926006e+14,B,C,0.15314437,1.43940988,0.02006325,0.15182445
1556.6000,1.925944e+14,B,C,0.15502926,1.43715497,0.02065670,0.15364690
1556.6500,1.925882e+14,B,C,0.15696950,1.43484390,0.02127471,0.15552109
1556.7000,1.925820e+14,B,C,0.15896736,1.43247426,0.02191864,0.15744902
1556.7500,1.925759e+14,B,C,0.16102524,1.43004356,0.02258998,0.15943280
1556.8000,1.925697e+14,B,C,0.16314565,1.42754913,0.02329031,0.16147465
1556.8500,1.925635e+14,B,C,0.16533126,1.42498816,0.02402132,0.16357690
1556.9000,1.925573e+14,B,C,0.16758491,1.42235767,0.02478483,0.16574201
1556.9500,1.925511e+14,B,C,0.16990958,1.41965452,0.02558278,0.16797257
1557.0000,1.925449e+14,B,C,0.17230842,1.41687535,0.02641728,0.17027131
1557.0500,1.925387e+14,B,C,0.17478480,1.41401662,0.02729059,0.17264110
1557.1000,1.925326e+14,B,C,0.17734226,1.41107457,0.02820514,0.17508497
1557.1500,1.925264e+14,B,C,0.17998459,1.40804518,0.02916355,0.17760614
1557.2000,1.925202e+14,B,C,0.18271579,1.40492421,0.03016867,0.18020797
1557.2500,1.925140e+14,B,C,0.18554013,1.40170710,0.03122355,0.18289403
1557.3000,1.925078e+14,B,C,0.18846213,1.39838903,0.03233152,0.18566811
1557.3500,1.925017e+14,B,C,0.19148663,1.39496484,0.03349616,0.18853418
1557.4000,1.924955e+14,B,C,0.19461879,1.39142902,0.03472137,0.19149648
1557.4500,1.924893e+14,B,C,0.19786409,1.38777566,0.03601139,0.19455945
1557.5000,1.924831e+14,B,C,0.20122840,1.38399848,0.03737081,0.19772782
1557.5500,1.924769e+14,B,C,0.20471799,1.38009070,0.03880466,0.20100660
1557.6000,1.924708e+14,B,C,0.20833958,1.37604509,0.04031839,0.20440109
1557.6500,1.924646e+14,B,C,0.21210034,1.37185386,0.04191798,0.20791690
1557.7000,1.924584e+14,B,C,0.21600799,1.36750863,0.04360994,0.21155998
1557.7500,1.924522e+14,B,C,0.22007080,1.36300041,0.04540143,0.21533664
1557.8000,1.924461e+14,B,C,0.22429765,1.35831948,0.04730027,0.21925355
1557.8500,1.924399e+14,B,C,0.22869809,1.35345535,0.04931507,0.22331780
1557.9000,1.924337e+14,B,C,0.23328242,1.34839671,0.05145529,0.22753690
1557.9500,1.924275e+14,B,C,0.23806173,1.34313128,0.05373135,0.23191880
1558.0000,1.924213e+14,B,C,0.24304799,1.33764578,0.05615477,0.23647192
1558.0500,1.924152e+14,B,C,0.24825413,1.33192579,0.05873826,0.24120516
1558.1000,1.924090e+14,B,C,0.25369413,1.32595563,0.06149591,0.24612795
1558.1500,1.924028e+14,B,C,0.25938315,1.31971823,0.06444333,0.25125023
1558.2000,1.923966e+14,B,C,0.26533761,1.31319497,0.06759788,0.25658249
1558.2500,1.923905e+14,B,C,0.27157534,1.30636553,0.07097890,0.26213577
1558.3000,1.923843e+14,B,C,0.27811570,1.29920765,0.07460794,0.26792163
1558.3500,1.923781e+14,B,C,0.28497978,1.29169694,0.07850908,0.27395218
1558.4000,1.923720e+14,B,C,0.29219053,1.28380663,0.08270930,0.28024003
1558.4500,1.923658e+14,B,C,0.29977298,1.27550726,0.08723886,0.28679823
1558.5000,1.923596e+14,B,C,0.30775448,1.26676637,0.09213177,0.29364018
1558.5500,1.923534e+14,B,C,0.31616486,1.25754809,0.09742633,0.30077953
1558.6000,1.923473e+14,B,C,0.32503678,1.24781276,0.10316578,0.30822999
1558.6500,1.923411e+14,B,C,0.33440597,1.23751639,0.10939899,0.31600509
1558.7000,1.923349e+14,B,C,0.34431157,1.22661012,0.11618130,0.32411782
1558.7500,1.923288e+14,B,C,0.35479643,1.21503955,0.12357555,0.33258020
1558.8000,1.923226e+14,B,C,0.36590751,1.20274400,0.13165311,0.34140264
1558.8500,1.923164e+14,B,C,0.37769625,1.18965565,0.14049527,0.35059312
1558.9000,1.923103e+14,B,C,0.39021893,1.17569853,0.15019466,0.36015605
1558.9500,1.923041e+14,B,C,0.40353708,1.16078740,0.16085695,0.37009082
1559.0000,1.922979e+14,B,C,0.41771781,1.14482641,0.17260276,0.38038987
1559.0500,1.922918e+14,B,C,0.43283407,1.12770764,0.18556978,0.39103604
1559.1000,1.922856e+14,B,C,0.44896482,1.10930935,0.19991507,0.40199922
1559.1500,1.922794e+14,B,C,0.46619496,1.08949409,0.21581743,0.41323186
1559.2000,1.922733e+14,B,C,0.48461492,1.06810655,0.23347986,0.42466313
1559.2500,1.922671e+14,B,C,0.50431980,1.04497114,0.25313167,0.43619127
1559.3000,1.922609e+14,B,C,0.52540768,1.01988951,0.27502996,0.44767371
1559.3500,1.922548e+14,B,C,0.54797690,0.99263789,0.29945985,0.45891446
1559.4000,1.922486e+14,B,C,0.57212175,0.96296454,0.32673240,0.46964799
1559.4500,1.922424e+14,B,C,0.59792596,0.93058759,0.35717876,0.47951933
1559.5000,1.922363e+14,B,C,0.62545317,0.89519362,0.39113824,0.48805998
1559.5500,1.922301e+14,B,C,0.65473330,0.85643784,0.42893732,0.49465996
1559.6000,1.922239e+14,B,C,0.68574382,0.81394676,0.47085535,0.49853768
1559.6500,1.922178e+14,B,C,0.71838454,0.76732496,0.51707185,0.49871139
1559.7000,1.922116e+14,B,C,0.75244542,0.71616780,0.56758997,0.49397949
1559.7500,1.922055e+14,B,C,0.78756775,0.66008266,0.62213249,0.48292249
1559.8000,1.921993e+14,B,C,0.82320134,0.59872117,0.68001124,0.46394520
1559.8500,1.921931e+14,B,C,0.85856455,0.53182451,0.73998243,0.43538383
1559.9000,1.921870e+14,B,C,0.89261904,0.45928181,0.80011791,0.39570200
1559.9500,1.921808e+14,B,C,0.92407705,0.38119790,0.85774647,0.34378684
1560.0000,1.921747e+14,B,C,0.95146158,0.29796041,0.90953756,0.27932162
1560.0500,1.921685e+14,B,C,0.97323423,0.21028956,0.95179437,0.20315592
1560.1000,1.921623e+14,B,C,0.98798725,0.11924980,0.98097073,0.11753825
1560.1500,1.921562e+14,B,C,0.99466718,0.02620537,0.99432567,0.02606264
1560.2000,1.921500e+14,B,C,0.99277004,-0.06728478,0.99052363,-0.06674793
1560.2500,1.921439e+14,B,C,0.98244281,-0.15961672,0.96995426,-0.15614928
1560.3000,1.921377e+14,B,C,0.96445324,-0.24930212,0.93463702,-0.23795735
1560.3500,1.921315e+14,B,C,0.94003951,-0.33510134,0.88775168,-0.30914598
1560.4000,1.921254e+14,B,C,0.91069390,-0.41610205,0.83298569,-0.36810083
1560.4500,1.921192e+14,B,C,0.87794726,-0.49173699,0.77392285,-0.41452963
1560.5000,1.921131e+14,B,C,0.84320349,-0.56175267,0.71362235,-0.44914949
1560.5500,1.921069e+14,B,C,0.80764280,-0.62614938,0.65442495,-0.47330209
1560.6000,1.921008e+14,B,C,0.77218756,-0.68511213,0.59794197,-0.48860928
1560.6500,1.920946e+14,B,C,0.73751200,-0.73894628,0.54515313,-0.49672126
1560.7000,1.920885e+14,B,C,0.70407578,-0.78802476,0.49654738,-0.49916271
1560.7500,1.920823e+14,B,C,0.67216644,-0.83274885,0.45226366,-0.49725779
1560.8000,1.920762e+14,B,C,0.64194086,-0.87352111,0.41221030,-0.49210846
1560.8500,1.920700e+14,B,C,0.61346132,-0.91072833,0.37615643,-0.48460410
1560.9000,1.920638e+14,B,C,0.58672452,-0.94473171,0.34379728,-0.47544621
1560.9500,1.920577e+14,B,C,0.56168376,-0.97586216,0.31479804,-0.46517829
1561.0000,1.920515e+14,B,C,0.53826524,-1.00441890,0.28882165,-0.45421529
1561.0500,1.920454e+14,B,C,0.51637976,-1.03067009,0.26554533,-0.44286988
1561.1000,1.920392e+14,B,C,0.49593072,-1.05485465,0.24466949,-0.43137469
1561.1500,1.920331e+14,B,C,0.47681963,-1.07718467,0.22592167,-0.41990041
1561.2000,1.920269e+14,B,C,0.45894960,-1.09784799,0.20905749,-0.40857031
1561.2500,1.920208e+14,B,C,0.44222759,-1.11701082,0.19385978,-0.39747154
1561.3000,1.920146e+14,B,C,0.42656565,-1.13482021,0.18013672,-0.38666396
1561.3500,1.920085e+14,B,C,0.41188159,-1.15140633,0.16771958,-0.37618691
1561.4000,1.920023e+14,B,C,0.39809922,-1.16688451,0.15646031,-0.36606442
1561.4500,1.919962e+14,B,C,0.38514828,-1.18135707,0.14622914,-0.35630918
1561.5000,1.919900e+14,B,C,0.37296424,-1.19491495,0.13691238,-0.34692553
1561.5500,1.919839e+14,B,C,0.36148801,-1.20763908,0.12841042,-0.33791174
1561.6000,1.919778e+14,B,C,0.35066556,-1.21960166,0.12063590,-0.32926177
1561.6500,1.919716e+14,B,C,0.34044754,-1.23086721,0.11351211,-0.32096655
1561.7000,1.919655e+14,B,C,0.33078888,-1.24149349,0.10697164,-0.31301494
1561.7500,1.919593e+14,B,C,0.32164848,-1.25153233,0.10095511,-0.30539451
1561.8000,1.919532e+14,B,C,0.31298877,-1.26103035,0.09541017,-0.29809205
1561.8500,1.919470e+14,B,C,0.30477546,-1.27002954,0.09029054,-0.29109397
1561.9000,1.919409e+14,B,C,0.29697720,-1.27856779,0.08555527,-0.28438663
1561.9500,1.919347e+14,B,C,0.28956531,-1.28667941,0.08116802,-0.27795651
1562.0000,1.919286e+14,B,C,0.28251353,-1.29439546,0.07709650,-0.27179040
1562.0500,1.919224e+14,B,C,0.27579779,-1.30174417,0.07331196,-0.26587549
1562.1000,1.919163e+14,B,C,0.26939600,-1.30875122,0.06978875,-0.26019941
1562.1500,1.919102e+14,B,C,0.26328788,-1.31544000,0.06650394,-0.25475034
1562.2000,1.919040e+14,B,C,0.25745478,-1.32183188,0.06343698,-0.24951696
1562.2500,1.918979e+14,B,C,0.25187951,-1.32794640,0.06056944,-0.24448851
1562.3000,1.918917e+14,B,C,0.24654626,-1.33380147,0.05788476,-0.23965478
1562.3500,1.918856e+14,B,C,0.24144040,-1.33941351,0.05536801,-0.23500606
1562.4000,1.918795e+14,B,C,0.23654844,-1.34479764,0.05300572,-0.23053320
1562.4500,1.918733e+14,B,C,0.23185789,-1.34996773,0.05078573,-0.22622752
1562.5000,1.918672e+14,B,C,0.22735719,-1.35493662,0.04869701,-0.22208083
1562.5500,1.918610e+14,B,C,0.22303563,-1.35971614,0.04672958,-0.21808539
1562.6000,1.918549e+14,B,C,0.21888324,-1.36431722,0.04487436,-0.21423390
1562.6500,1.918488e+14,B,C,0.21489078,-1.36874999,0.04312309,-0.21051947
1562.7000,1.918426e+14,B,C,0.21104966,-1.37302385,0.04146824,-0.20693560
1562.7500,1.918365e+14,B,C,0.20735186,-1.37714750,0.03990296,-0.20347616
1562.8000,1.918303e+14,B,C,0.20378991,-1.38112905,0.03842095,-0.20013535
1562.8500,1.918242e+14,B,C,0.20035686,-1.38497603,0.03701648,-0.19690772
1562.9000,1.918181e+14,B,C,0.19704618,-1.38869548,0.03568429,-0.19378810
1562.9500,1.918119e+14,B,C,0.19385180,-1.39229393,0.03441954,-0.19077164
1563.0000,1.918058e+14,B,C,0.19076803,-1.39577751,0.03321780,-0.18785371
1563.0500,1.917997e+14,B,C,0.18778952,-1.39915193,0.03207498,-0.18502999
1563.1000,1.917935e+14,B,C,0.18491127,-1.40242254,0.03098731,-0.18229636
1563.1500,1.917874e+14,B,C,0.18212859,-1.40559436,0.02995133,-0.17964894
1563.2000,1.917813e+14,B,C,0.17943707,-1.40867208,0.02896383,-0.17708405
1563.2500,1.917751e+14,B,C,0.17683257,-1.41166011,0.02802184,-0.17459820
1563.3000,1.917690e+14,B,C,0.17431117,-1.41456260,0.02712263,-0.17218812
1563.3500,1.917629e+14,B,C,0.17186921,-1.41738344,0.02626365,-0.16985066
1563.4000,1.917567e+14,B,C,0.16950323,-1.42012630,0.02544254,-0.16758288
1563.4500,1.917506e+14,B,C,0.16720996,-1.42279463,0.02465711,-0.16538197
1563.5000,1.917445e+14,B,C,0.16498631,-1.42539169,0.02390533,-0.16324527
1563.5500,1.917383e+14,B,C,0.16282938,-1.42792055,0.02318530,-0.16117025
1563.6000,1.917322e+14,B,C,0.16073642,-1.43038411,0.02249527,-0.15915451
1563.6500,1.917261e+14,B,C,0.15870481,-1.43278511,0.02183358,-0.15719577
1563.7000,1.917199e+14,B,C,0.15673209,-1.43512615,0.02119870,-0.15529186
1563.7500,1.917138e+14,B,C,0.15481593,-1.43740968,0.02058920,-0.15344073
1563.8000,1.917077e+14,B,C,0.15295412,-1.43963802,0.02000374,-0.15164041
1563.8500,1.917015e+14,B,C,0.15114455,-1.44181338,0.01944106,-0.14988903
1563.9000,1.916954e+14,B,C,0.14938524,-1.44393785,0.01890000,-0.14818482
1563.9500,1.916893e+14,B,C,0.14767429,-1.44601341,0.01837945,-0.14652608
1564.0000,1.916832e+14,B,C,0.14600990,-1.44804193,0.01787838,-0.14491119
1564.0500,1.916770e+14,B,C,0.14439036,-1.45002523,0.01739582,-0.14333862
1564.1000,1.916709e+14,B,C,0.14281405,-1.45196498,0.01693087,-0.14180690
1564.1500,1.916648e+14,B,C,0.14127941,-1.45386283,0.01648267,-0.14031462
1546.0000,1.939149e+14,D,C,0.99506534,0.05655122,0.99347464,0.05624217
1546.0500,1.939086e+14,D,C,0.99511776,0.05562246,0.99357878,0.05532236
1546.1000,1.939024e+14,D,C,0.99516876,0.05470352,0.99368012,0.05441209
1546.1500,1.938961e+14,D,C,0.99521840,0.05379414,0.99377876,0.05351110
1546.2000,1.938898e+14,D,C,0.99526671,0.05289406,0.99387477,0.05261915
1546.2500,1.938836e+14,D,C,0.99531374,0.05200303,0.99396822,0.05173600
1546.3000,1.938773e+14,D,C,0.99535951,0.05112081,0.99405919,0.05086143
1546.3500,1.938710e+14,D,C,0.99540407,0.05024718,0.99414774,0.04999520
1546.4000,1.938648e+14,D,C,0.99544744,0.04938190,0.99423395,0.04913711
1546.4500,1.938585e+14,D,C,0.99548966,0.04852475,0.99431788,0.04828693
1546.5000,1.938522e+14,D,C,0.99553077,0.04767552,0.99439958,0.04744447
1546.5500,1.938460e+14,D,C,0.99557079,0.04683400,0.99447913,0.04660952
1546.6000,1.938397e+14,D,C,0.99560974,0.04599998,0.99455658,0.04578188
1546.6500,1.938334e+14,D,C,0.99564767,0.04517328,0.99463197,0.04496137
1546.7000,1.938272e+14,D,C,0.99568459,0.04435368,0.99470537,0.04414780
1546.7500,1.938209e+14,D,C,0.99572053,0.04354101,0.99477683,0.04334098
1546.8000,1.938146e+14,D,C,0.99575552,0.04273509,0.99484639,0.04254075
1546.8500,1.938084e+14,D,C,0.99578958,0.04193573,0.99491411,0.04174693
1546.9000,1.938021e+14,D,C,0.99582273,0.04114276,0.99498002,0.04095934
1546.9500,1.937958e+14,D,C,0.99585499,0.04035602,0.99504417,0.04017784
1547.0000,1.937896e+14,D,C,0.99588639,0.03957533,0.99510661,0.03940225
1547.0500,1.937833e+14,D,C,0.99591695,0.03880054,0.99516738,0.03863242
1547.1000,1.937770e+14,D,C,0.99594669,0.03803148,0.99522651,0.03786819
1547.1500,1.937708e+14,D,C,0.99597562,0.03726800,0.99528404,0.03710943
1547.2000,1.937645e+14,D,C,0.99600376,0.03650996,0.99534001,0.03635598
1547.2500,1.937583e+14,D,C,0.99603113,0.03575720,0.99539445,0.03560770
1547.3000,1.937520e+14,D,C,0.99605776,0.03500959,0.99544740,0.03486445
1547.3500,1.937457e+14,D,C,0.99608365,0.03426697,0.99549889,0.03412609
1547.4000,1.937395e+14,D,C,0.99610882,0.03352922,0.99554896,0.03339249
1547.4500,1.937332e+14,D,C,0.99613329,0.03279619,0.99559762,0.03266352
1547.5000,1.937270e+14,D,C,0.99615707,0.03206777,0.99564491,0.03193906
1547.5500,1.937207e+14,D,C,0.99618017,0.03134381,0.99569087,0.03121896
1547.6000,1.937144e+14,D,C,0.99620261,0.03062419,0.99573551,0.03050313
1547.6500,1.937082e+14,D,C,0.99622440,0.02990878,0.99577886,0.02979142
1547.7000,1.937019e+14,D,C,0.99624556,0.02919748,0.99582095,0.02908372
1547.7500,1.936957e+14,D,C,0.99626610,0.02849015,0.99586180,0.02837993
1547.8000,1.936894e+14,D,C,0.99628602,0.02778668,0.99590143,0.02767991
1547.8500,1.936831e+14,D,C,0.99630535,0.02708695,0.99593987,0.02698357
1547.9000,1.936769e+14,D,C,0.99632408,0.02639086,0.99597714,0.02629079
1547.9500,1.936706e+14,D,C,0.99634224,0.02569829,0.99601326,0.02560147
1548.0000,1.936644e+14,D,C,0.99635983,0.02500913,0.99604825,0.02491550
1548.0500,1.936581e+14,D,C,0.99637685,0.02432328,0.99608213,0.02423276
1548.1000,1.936519e+14,D,C,0.99639333,0.02364063,0.99611491,0.02355317
1548.1500,1.936456e+14,D,C,0.99640927,0.02296108,0.99614662,0.02287663
1548.2000,1.936394e+14,D,C,0.99642468,0.02228453,0.99617728,0.02220302
1548.2500,1.936331e+14,D,C,0.99643956,0.02161088,0.99620689,0.02153226
1548.3000,1.936269e+14,D,C,0.99645393,0.02094003,0.99623547,0.02086425
1548.3500,1.936206e+14,D,C,0.99646779,0.02027188,0.99626305,0.02019889
1548.4000,1.936143e+14,D,C,0.99648114,0.01960633,0.99628962,0.01953609
1548.4500,1.936081e+14,D,C,0.99649401,0.01894330,0.99631522,0.01887576
1548.5000,1.936018e+14,D,C,0.99650639,0.01828269,0.99633985,0.01821781
1548.5500,1.935956e+14,D,C,0.99651828,0.01762441,0.99636352,0.01756214
1548.6000,1.935893e+14,D,C,0.99652971,0.01696837,0.99638625,0.01690868
1548.6500,1.935831e+14,D,C,0.99654066,0.01631448,0.99640804,0.01625732
1548.7000,1.935768e+14,D,C,0.99655115,0.01566265,0.99642892,0.01560800
1548.7500,1.935706e+14,D,C,0.99656118,0.01501280,0.99644888,0.01496061
1548.8000,1.935643e+14,D,C,0.99657077,0.01436483,0.99646795,0.01431508
1548.8500,1.935581e+14,D,C,0.99657990,0.01371867,0.99648612,0.01367133
1548.9000,1.935518e+14,D,C,0.99658859,0.01307423,0.99650341,0.01302926
1548.9500,1.935456e+14,D,C,0.99659684,0.01243143,0.99651984,0.01238880
1549.0000,1.935394e+14,D,C,0.99660466,0.01179018,0.99653539,0.01174988
1549.0500,1.935331e+14,D,C,0.99661205,0.01115041,0.99655009,0.01111240
1549.1000,1.935269e+14,D,C,0.99661901,0.01051202,0.99656394,0.01047629
1549.1500,1.935206e+14,D,C,0.99662554,0.00987495,0.99657695,0.00984147
1549.2000,1.935144e+14,D,C,0.99663166,0.00923911,0.99658912,0.00920786
1549.2500,1.935081e+14,D,C,0.99663736,0.00860442,0.99660047,0.00857538
1549.3000,1.935019e+14,D,C,0.99664265,0.00797081,0.99661099,0.00794397
1549.3500,1.934956e+14,D,C,0.99664752,0.00733820,0.99662069,0.00731353
1549.4000,1.934894e+14,D,C,0.99665199,0.00670651,0.99662957,0.00668400
1549.4500,1.934831e+14,D,C,0.99665605,0.00607565,0.99663765,0.00605530
1549.5000,1.934769e+14,D,C,0.99665970,0.00544557,0.99664492,0.00542735
1549.5500,1.934707e+14,D,C,0.99666295,0.00481618,0.99665139,0.00480008
1549.6000,1.934644e+14,D,C,0.99666580,0.00418740,0.99665706,0.00417342
1549.6500,1.934582e+14,D,C,0.99666825,0.00355915,0.99666194,0.00354729
1549.7000,1.934519e+14,D,C,0.99667030,0.00293138,0.99666602,0.00292161
1549.7500,1.934457e+14,D,C,0.99667195,0.00230399,0.99666931,0.00229632
1549.8000,1.934394e+14,D,C,0.99667321,0.00167692,0.99667181,0.00167134
1549.8500,1.934332e+14,D,C,0.99667407,0.00105008,0.99667352,0.00104659
1549.9000,1.934270e+14,D,C,0.99667454,0.00042341,0.99667445,0.00042201
1549.9500,1.934207e+14,D,C,0.99667461,-0.00020316,0.99667459,-0.00020249
1550.0000,1.934145e+14,D,C,0.99667428,-0.00082973,0.99667394,-0.00082697
1550.0500,1.934083e+14,D,C,0.99667356,-0.00145635,0.99667250,-0.00145150
1550.1000,1.934020e+14,D,C,0.99667244,-0.00208310,0.99667028,-0.00207616
1550.1500,1.933958e+14,D,C,0.99667093,-0.00271006,0.99666727,-0.00270103
1550.2000,1.933895e+14,D,C,0.99666902,-0.00333730,0.99666347,-0.00332617
1550.2500,1.933833e+14,D,C,0.99666671,-0.00396489,0.99665888,-0.00395167
1550.3000,1.933771e+14,D,C,0.99666401,-0.00459292,0.99665350,-0.00457758
1550.3500,1.933708e+14,D,C,0.99666090,-0.00522145,0.99664732,-0.00520399
1550.4000,1.933646e+14,D,C,0.99665740,-0.00585057,0.99664034,-0.00583098
1550.4500,1.933584e+14,D,C,0.99665349,-0.00648034,0.99663256,-0.00645860
1550.5000,1.933521e+14,D,C,0.99664918,-0.00711084,0.99662398,-0.00708695
1550.5500,1.933459e+14,D,C,0.99664446,-0.00774215,0.99661459,-0.00771609
1550.6000,1.933396e+14,D,C,0.99663933,-0.00837434,0.99660438,-0.00834610
1550.6500,1.933334e+14,D,C,0.99663379,-0.00900750,0.99659336,-0.00897705
1550.7000,1.933272e+14,D,C,0.99662784,-0.00964169,0.99658151,-0.00960903
1550.7500,1.933209e+14,D,C,0.99662147,-0.01027700,0.99656884,-0.01024210
1550.8000,1.933147e+14,D,C,0.99661468,-0.01091351,0.99655533,-0.01087635
1550.8500,1.933085e+14,D,C,0.99660747,-0.01155129,0.99654098,-0.01151185
1550.9000,1.933022e+14,D,C,0.99659983,-0.01219043,0.99652578,-0.01214868
1550.9500,1.932960e+14,D,C,0.99659176,-0.01283099,0.99650973,-0.01278691
1551.0000,1.932898e+14,D,C,0.99658326,-0.01347308,0.99649281,-0.01342664
1551.0500,1.932836e+14,D,C,0.99657432,-0.01411676,0.99647502,-0.01406793
1551.1000,1.932773e+14,D,C,0.99656494,-0.01476211,0.99645636,-0.01471087
1551.1500,1.932711e+14,D,C,0.99655511,-0.01540923,0.99643680,-0.01535554
1551.2000,1.932649e+14,D,C,0.99654484,-0.01605820,0.99641635,-0.01600203
1551.2500,1.932586e+14,D,C,0.99653410,-0.01670909,0.99639499,-0.01665041
1551.3000,1.932524e+14,D,C,0.99652290,-0.01736201,0.99637271,-0.01730077
1551.3500,1.932462e+14,D,C,0.99651124,-0.01801702,0.99634950,-0.01795320
1551.4000,1.932399e+14,D,C,0.99649910,-0.01867423,0.99632536,-0.01860777
1551.4500,1.932337e+14,D,C,0.99648649,-0.01933372,0.99630025,-0.01926459
1551.5000,1.932275e+14,D,C,0.99647339,-0.01999558,0.99627419,-0.01992374
1551.5500,1.932213e+14,D,C,0.99645979,-0.02065990,0.99624714,-0.02058530
1551.6000,1.932150e+14,D,C,0.99644570,-0.02132678,0.99621910,-0.02124937
1551.6500,1.932088e+14,D,C,0.99643110,-0.02199630,0.99619006,-0.02191603
1551.7000,1.932026e+14,D,C,0.99641599,-0.02266857,0.99615999,-0.02258540
1551.7500,1.931964e+14,D,C,0.99640036,-0.02334368,0.99612888,-0.02325754
1551.8000,1.931901e+14,D,C,0.99638419,-0.02402173,0.99609673,-0.02393257
1551.8500,1.931839e+14,D,C,0.99636749,-0.02470282,0.99606350,-0.02461059
1551.9000,1.931777e+14,D,C,0.99635024,-0.02538705,0.99602918,-0.02529168
1551.9500,1.931715e+14,D,C,0.99633243,-0.02607452,0.99599376,-0.02597595
1552.0000,1.931652e+14,D,C,0.99631406,-0.02676534,0.99595721,-0.02666350
1552.0500,1.931590e+14,D,C,0.99629512,-0.02745961,0.99591952,-0.02735444
1552.1000,1.931528e+14,D,C,0.99627558,-0.02815745,0.99588067,-0.02804887
1552.1500,1.931466e+14,D,C,0.99625545,-0.02885896,0.99584062,-0.02874691
1552.2000,1.931404e+14,D,C,0.99623472,-0.02956426,0.99579937,-0.02944865
1552.2500,1.931341e+14,D,C,0.99621336,-0.03027345,0.99575689,-0.03015421
1552.3000,1.931279e+14,D,C,0.99619137,-0.03098666,0.99571315,-0.03086371
1552.3500,1.931217e+14,D,C,0.99616874,-0.03170401,0.99566813,-0.03157725
1552.4000,1.931155e+14,D,C,0.99614545,-0.03242561,0.99562181,-0.03229497
1552.4500,1.931093e+14,D,C,0.99612149,-0.03315160,0.99557416,-0.03301697
1552.5000,1.931030e+14,D,C,0.99609685,-0.03388209,0.99552515,-0.03374338
1552.5500,1.930968e+14,D,C,0.99607151,-0.03461721,0.99547475,-0.03447433
1552.6000,1.930906e+14,D,C,0.99604545,-0.03535710,0.99542293,-0.03520994
1552.6500,1.930844e+14,D,C,0.99601867,-0.03610190,0.99536966,-0.03595035
1552.7000,1.930782e+14,D,C,0.99599114,-0.03685173,0.99531492,-0.03669569
1552.7500,1.930719e+14,D,C,0.99596285,-0.03760674,0.99525866,-0.03744609
1552.8000,1.930657e+14,D,C,0.99593378,-0.03836707,0.99520085,-0.03820169
1552.8500,1.930595e+14,D,C,0.99590392,-0.03913287,0.99514146,-0.03896263
1552.9000,1.930533e+14,D,C,0.99587324,-0.03990429,0.99508045,-0.03972907
1552.9500,1.930471e+14,D,C,0.99584172,-0.04068148,0.99501778,-0.04050114
1553.0000,1.930409e+14,D,C,0.99580935,-0.04146460,0.99495342,-0.04127901
1553.0500,1.930346e+14,D,C,0.99577610,-0.04225382,0.99488731,-0.04206282
1553.1000,1.930284e+14,D,C,0.99574196,-0.04304928,0.99481943,-0.04285274
1553.1500,1.930222e+14,D,C,0.99570689,-0.04385118,0.99474971,-0.04364893
1553.2000,1.930160e+14,D,C,0.99567089,-0.04465967,0.99467812,-0.04445155
1553.2500,1.930098e+14,D,C,0.99563391,-0.04547493,0.99460462,-0.04526078
1553.3000,1.930036e+14,D,C,0.99559594,-0.04629716,0.99452914,-0.04607680
1553.3500,1.929974e+14,D,C,0.99555696,-0.04712653,0.99445164,-0.04689978
1553.4000,1.929912e+14,D,C,0.99551692,-0.04796323,0.99437206,-0.04772990
1553.4500,1.929849e+14,D,C,0.99547582,-0.04880747,0.99429036,-0.04856737
1553.5000,1.929787e+14,D,C,0.99543361,-0.04965944,0.99420646,-0.04941236
1553.5500,1.929725e+14,D,C,0.99539027,-0.05051936,0.99412032,-0.05026509
1553.6000,1.929663e+14,D,C,0.99534576,-0.05138743,0.99403186,-0.05112576
1553.6500,1.929601e+14,D,C,0.99530005,-0.05226388,0.99394102,-0.05199457
1553.7000,1.929539e+14,D,C,0.99525311,-0.05314894,0.99384774,-0.05287175
1553.7500,1.929477e+14,D,C,0.99520491,-0.05404282,0.99375195,-0.05375751
1553.8000,1.929415e+14,D,C,0.99515540,-0.05494579,0.99365357,-0.05465209
1553.8500,1.929353e+14,D,C,0.99510454,-0.05585806,0.99355252,-0.05555571
1553.9000,1.929291e+14,D,C,0.99505230,-0.05677992,0.99344873,-0.05646863
1553.9500,1.929228e+14,D,C,0.99499864,-0.05771160,0.99334212,-0.05739109
1554.0000,1.929166e+14,D,C,0.99494351,-0.05865338,0.99323259,-0.05832335
1554.0500,1.929104e+14,D,C,0.99488687,-0.05960554,0.99312006,-0.05926567
1554.1000,1.929042e+14,D,C,0.99482866,-0.06056837,0.99300444,-0.06021831
1554.1500,1.928980e+14,D,C,0.99476884,-0.06154215,0.99288563,-0.06118157
1554.2000,1.928918e+14,D,C,0.99470737,-0.06252719,0.99276352,-0.06215574
1554.2500,1.928856e+14,D,C,0.99464418,-0.06352380,0.99263802,-0.06314109
1554.3000,1.928794e+14,D,C,0.99457922,-0.06453231,0.99250901,-0.06413796
1554.3500,1.928732e+14,D,C,0.99451243,-0.06555305,0.99237638,-0.06514664
1554.4000,1.928670e+14,D,C,0.99444375,-0.06658636,0.99224001,-0.06616747
1554.4500,1.928608e+14,D,C,0.99437312,-0.06763260,0.99209977,-0.06720078
1554.5000,1.928546e+14,D,C,0.99430047,-0.06869213,0.99195554,-0.06824692
1554.5500,1.928484e+14,D,C,0.99422574,-0.06976535,0.99180717,-0.06930625
1554.6000,1.928422e+14,D,C,0.99414884,-0.07085263,0.99165452,-0.07037914
1554.6500,1.928360e+14,D,C,0.99406971,-0.07195439,0.99149746,-0.07146597
1554.7000,1.928298e+14,D,C,0.99398827,-0.07307105,0.99133581,-0.07256715
1554.7500,1.928236e+14,D,C,0.99390443,-0.07420304,0.99116942,-0.07368307
1554.8000,1.928174e+14,D,C,0.99381811,-0.07535082,0.99099812,-0.07481416
1554.8500,1.928112e+14,D,C,0.99372921,-0.07651485,0.99082172,-0.07596087
1554.9000,1.928050e+14,D,C,0.99363765,-0.07769561,0.99064005,-0.07712364
1554.9500,1.927988e+14,D,C,0.99354332,-0.07889362,0.99045291,-0.07830294
1555.0000,1.927926e+14,D,C,0.99344611,-0.08010938,0.99026009,-0.07949926
1555.0500,1.927864e+14,D,C,0.99334593,-0.08134345,0.99006138,-0.08071311
1555.1000,1.927802e+14,D,C,0.99324266,-0.08259638,0.98985655,-0.08194500
1555.1500,1.927740e+14,D,C,0.99313617,-0.08386876,0.98964537,-0.08319549
1555.2000,1.927678e+14,D,C,0.99302633,-0.08516119,0.98942758,-0.08446512
1555.2500,1.927616e+14,D,C,0.99291303,-0.08647430,0.98920294,-0.08575449
1555.3000,1.927554e+14,D,C,0.99279611,-0.08780874,0.98897115,-0.08706419
1555.3500,1.927492e+14,D,C,0.99267543,-0.08916520,0.98873195,-0.08839487
1555.4000,1.927430e+14,D,C,0.99255084,-0.09054438,0.98848501,-0.08974716
1555.4500,1.927368e+14,D,C,0.99242217,-0.09194702,0.98823003,-0.09112174
1555.5000,1.927306e+14,D,C,0.99228926,-0.09337389,0.98796668,-0.09251933
1555.5500,1.927244e+14,D,C,0.99215192,-0.09482579,0.98769458,-0.09394065
1555.6000,1.927182e+14,D,C,0.99200997,-0.09630354,0.98741339,-0.09538647
1555.6500,1.927120e+14,D,C,0.99186320,-0.09780803,0.98712269,-0.09685758
1555.7000,1.927058e+14,D,C,0.99171140,-0.09934015,0.98682209,-0.09835480
1555.7500,1.926996e+14,D,C,0.99155435,-0.10090085,0.98651114,-0.09987900
1555.8000,1.926934e+14,D,C,0.99139182,-0.10249113,0.98618937,-0.10143107
1555.8500,1.926873e+14,D,C,0.99122355,-0.10411200,0.98585631,-0.10301194
1555.9000,1.926811e+14,D,C,0.99104929,-0.10576456,0.98551144,-0.10462259
1555.9500,1.926749e+14,D,C,0.99086875,-0.10744993,0.98515422,-0.10626403
1556.0000,1.926687e+14,D,C,0.99068164,-0.10916930,0.98478406,-0.10793732
1556.0500,1.926625e+14,D,C,0.99048764,-0.11092389,0.98440035,-0.10964358
1556.1000,1.926563e+14,D,C,0.99028643,-0.11271501,0.98400245,-0.11138395
1556.1500,1.926501e+14,D,C,0.99007765,-0.11454401,0.98358967,-0.11315964
1556.2000,1.926439e+14,D,C,0.98986092,-0.11641232,0.98316128,-0.11497192
1556.2500,1.926377e+14,D,C,0.98963586,-0.11832143,0.98271651,-0.11682210
1556.3000,1.926315e+14,D,C,0.98940204,-0.12027290,0.98225453,-0.11871157
1556.3500,1.926253e+14,D,C,0.98915901,-0.12226840,0.98177447,-0.12064177
1556.4000,1.926192e+14,D,C,0.98890629,-0.12430964,0.98127539,-0.12261422
1556.4500,1.926130e+14,D,C,0.98864337,-0.12639845,0.98075631,-0.12463051
1556.5000,1.926068e+14,D,C,0.98836970,-0.12853676,0.98021616,-0.12669230
1556.5500,1.926006e+14,D,C,0.98808471,-0.13072656,0.97965382,-0.12880133
1556.6000,1.925944e+14,D,C,0.98778778,-0.13297001,0.97906809,-0.13095944
1556.6500,1.925882e+14,D,C,0.98747824,-0.13526933,0.97845767,-0.13316854
1556.7000,1.925820e+14,D,C,0.98715537,-0.13762691,0.97782118,-0.13543066
1556.7500,1.925759e+14,D,C,0.98681843,-0.14004523,0.97715717,-0.13774792
1556.8000,1.925697e+14,D,C,0.98646659,-0.14252695,0.97646404,-0.14012254
1556.8500,1.925635e+14,D,C,0.98609899,-0.14507486,0.97574010,-0.14255689
1556.9000,1.925573e+14,D,C,0.98571467,-0.14769193,0.97498355,-0.14505341
1556.9500,1.925511e+14,D,C,0.98531263,-0.15038128,0.97419242,-0.14761472
1557.0000,1.925449e+14,D,C,0.98489177,-0.15314624,0.97336462,-0.15024356
1557.0500,1.925387e+14,D,C,0.98445093,-0.15599034,0.97249789,-0.15294281
1557.1000,1.925326e+14,D,C,0.98398885,-0.15891733,0.97158979,-0.15571552
1557.1500,1.925264e+14,D,C,0.98350414,-0.16193119,0.97063771,-0.15856489
1557.2000,1.925202e+14,D,C,0.98299534,-0.16503615,0.96963881,-0.16149433
1557.2500,1.925140e+14,D,C,0.98246085,-0.16823673,0.96859003,-0.16450741
1557.3000,1.925078e+14,D,C,0.98189894,-0.17153774,0.96748804,-0.16760791
1557.3500,1.925017e+14,D,C,0.98130772,-0.17494430,0.96632927,-0.17079983
1557.4000,1.924955e+14,D,C,0.98068514,-0.17846190,0.96510980,-0.17408742
1557.4500,1.924893e+14,D,C,0.98002900,-0.18209640,0.96382541,-0.17747513
1557.5000,1.924831e+14,D,C,0.97933687,-0.18585406,0.96247150,-0.18096770
1557.5500,1.924769e+14,D,C,0.97860610,-0.18974161,0.96104305,-0.18457015
1557.6000,1.924708e+14,D,C,0.97783381,-0.19376625,0.95953461,-0.18828779
1557.6500,1.924646e+14,D,C,0.97701684,-0.19793572,0.95794019,-0.19212624
1557.7000,1.924584e+14,D,C,0.97615174,-0.20225835,0.95625329,-0.19609146
1557.7500,1.924522e+14,D,C,0.97523470,-0.20674308,0.95446675,-0.20018977
1557.8000,1.924461e+14,D,C,0.97426157,-0.21139958,0.95257275,-0.20442787
1557.8500,1.924399e+14,D,C,0.97322773,-0.21623825,0.95056268,-0.20881283
1557.9000,1.924337e+14,D,C,0.97212812,-0.22127038,0.94842708,-0.21335219
1557.9500,1.924275e+14,D,C,0.97095714,-0.22650814,0.94615552,-0.21805390
1558.0000,1.924213e+14,D,C,0.96970859,-0.23196474,0.94373650,-0.22292639
1558.0500,1.924152e+14,D,C,0.96837560,-0.23765451,0.94115730,-0.22797858
1558.1000,1.924090e+14,D,C,0.96695051,-0.24359304,0.93840384,-0.23321990
1558.1500,1.924028e+14,D,C,0.96542482,-0.24979730,0.93546049,-0.23866031
1558.2000,1.923966e+14,D,C,0.96378903,-0.25628578,0.93230991,-0.24431031
1558.2500,1.923905e+14,D,C,0.96203252,-0.26307869,0.92893276,-0.25018093
1558.3000,1.923843e+14,D,C,0.96014337,-0.27019813,0.92530748,-0.25628376
1558.3500,1.923781e+14,D,C,0.95810822,-0.27766834,0.92140999,-0.26263092
1558.4000,1.923720e+14,D,C,0.95591201,-0.28551591,0.91721332,-0.26923502
1558.4500,1.923658e+14,D,C,0.95353772,-0.29377012,0.91268720,-0.27610912
1558.5000,1.923596e+14,D,C,0.95096610,-0.30246320,0.90779763,-0.28326664
1558.5500,1.923534e+14,D,C,0.94817533,-0.31163076,0.90250630,-0.29072123
1558.6000,1.923473e+14,D,C,0.94514056,-0.32131221,0.89676999,-0.29848662
1558.6500,1.923411e+14,D,C,0.94183343,-0.33155121,0.89053981,-0.30657634
1558.7000,1.923349e+14,D,C,0.93822152,-0.34239626,0.88376043,-0.31500339
1558.7500,1.923288e+14,D,C,0.93426763,-0.35390135,0.87636901,-0.32377980
1558.8000,1.923226e+14,D,C,0.92992894,-0.36612670,0.86829417,-0.33291599
1558.8500,1.923164e+14,D,C,0.92515604,-0.37913959,0.85945463,-0.34241995
1558.9000,1.923103e+14,D,C,0.91989174,-0.39301536,0.84975777,-0.35229610
1558.9500,1.923041e+14,D,C,0.91406966,-0.40783853,0.83909791,-0.36254385
1559.0000,1.922979e+14,D,C,0.90761251,-0.42370409,0.82735442,-0.37315563
1559.0500,1.922918e+14,D,C,0.90043003,-0.44071896,0.81438962,-0.38411430
1559.1000,1.922856e+14,D,C,0.89241661,-0.45900369,0.80004646,-0.39538976
1559.1500,1.922794e+14,D,C,0.88344824,-0.47869428,0.78414612,-0.40693447
1559.2000,1.922733e+14,D,C,0.87337914,-0.49994434,0.76648561,-0.41867760
1559.2500,1.922671e+14,D,C,0.86203752,-0.52292733,0.74683563,-0.43051740
1559.3000,1.922609e+14,D,C,0.84922080,-0.54783903,0.72493907,-0.44231133
1559.3500,1.922548e+14,D,C,0.83468998,-0.57489997,0.70051081,-0.45386338
1559.4000,1.922486e+14,D,C,0.81816337,-0.60435781,0.67323978,-0.46490804
1559.4500,1.922424e+14,D,C,0.79930976,-0.63648923,0.64279486,-0.47509037
1559.5000,1.922363e+14,D,C,0.77774152,-0.67160084,0.60883672,-0.48394185
1559.5500,1.922301e+14,D,C,0.75300836,-0.71002844,0.57103888,-0.49085252
1559.6000,1.922239e+14,D,C,0.72459331,-0.75213334,0.52912198,-0.49504081
1559.6500,1.922178e+14,D,C,0.69191307,-0.79829403,0.48290653,-0.49552495
1559.7000,1.922116e+14,D,C,0.65432643,-0.84889094,0.43238935,-0.49110338
1559.7500,1.922055e+14,D,C,0.61115574,-0.90428075,0.37784768,-0.48035660
1559.8000,1.921993e+14,D,C,0.56172746,-0.96475618,0.31996968,-0.46168945
1559.8500,1.921931e+14,D,C,0.50543858,-1.03048495,0.25999914,-0.43343812
1559.9000,1.921870e+14,D,C,0.44185283,-1.10141781,0.19986422,-0.39406626
1559.9500,1.921808e+14,D,C,0.37082428,-1.17714020,0.14223612,-0.34246100
1560.0000,1.921747e+14,D,C,0.29263354,-1.25657719,0.09044540,-0.27830562
1560.0500,1.921685e+14,D,C,0.20810586,-1.33711607,0.04818885,-0.20244971
1560.1000,1.921623e+14,D,C,0.11867469,-1.40989466,0.01901267,-0.11714179
1560.1500,1.921562e+14,D,C,0.02658493,-1.35633627,0.00565780,-0.02597591
1560.2000,1.921500e+14,D,C,0.06719418,1.42954372,0.00945982,0.06652496
1560.2500,1.921439e+14,D,C,0.15848747,1.38017109,0.03002907,0.15561662
1560.3000,1.921377e+14,D,C,0.24595455,1.30188333,0.06534610,0.23711501
1560.3500,1.921315e+14,D,C,0.32780498,1.22135637,0.11223113,0.30799395
1560.4000,1.921254e+14,D,C,0.40287980,1.14339473,0.16699672,0.36663910
1560.4500,1.921192e+14,D,C,0.47060813,1.06973671,0.22605905,0.41275818
1560.5000,1.921131e+14,D,C,0.53091572,1.00110993,0.28635895,0.44706829
1560.5500,1.921069e+14,D,C,0.58409415,0.93774259,0.34555565,0.47091110
1560.6000,1.921008e+14,D,C,0.63066746,0.87957336,0.40203784,0.48590845
1560.6500,1.920946e+14,D,C,0.67127981,0.82636968,0.45482579,0.49371052
1560.7000,1.920885e+14,D,C,0.70661278,0.77780423,0.50343056,0.49584200
1560.7500,1.920823e+14,D,C,0.73733126,0.73350581,0.54771319,0.49362703
1560.8000,1.920762e+14,D,C,0.76405217,0.69309244,0.58776537,0.48816758
1560.8500,1.920700e+14,D,C,0.78732957,0.65619196,0.62381797,0.48035299
1560.9000,1.920638e+14,D,C,0.80765034,0.62245378,0.65617574,0.47088477
1560.9500,1.920577e+14,D,C,0.82543609,0.59155492,0.68517351,0.46030641
1561.0000,1.920515e+14,D,C,0.84104843,0.56320220,0.71114833,0.44903285
1561.0500,1.920454e+14,D,C,0.85479562,0.53713211,0.73442299,0.43737675
1561.1000,1.920392e+14,D,C,0.86693950,0.51310942,0.75529706,0.42557073
1561.1500,1.920331e+14,D,C,0.87770212,0.49092496,0.77404302,0.41378547
1561.2000,1.920269e+14,D,C,0.88727171,0.47039324,0.79090524,0.40214424
1561.2500,1.920208e+14,D,C,0.89580792,0.45135000,0.80610089,0.39073416
1561.3000,1.920146e+14,D,C,0.90344640,0.43364976,0.81982179,0.37961510
1561.3500,1.920085e+14,D,C,0.91030257,0.41716367,0.83223667,0.36882638
1561.4000,1.920023e+14,D,C,0.91647492,0.40177752,0.84349359,0.35839204
1561.4500,1.919962e+14,D,C,0.92204766,0.38738991,0.85372230,0.34832474
1561.5000,1.919900e+14,D,C,0.92709303,0.37391071,0.86303650,0.33862881
1561.5500,1.919839e+14,D,C,0.93167313,0.36125964,0.87153581,0.32930252
1561.6000,1.919778e+14,D,C,0.93584156,0.34936512,0.87930758,0.32033983
1561.6500,1.919716e+14,D,C,0.93964468,0.33816312,0.88642851,0.31173163
1561.7000,1.919655e+14,D,C,0.94312270,0.32759632,0.89296603,0.30346681
1561.7500,1.919593e+14,D,C,0.94631064,0.31761327,0.89897950,0.29553290
1561.8000,1.919532e+14,D,C,0.94923905,0.30816769,0.90452128,0.28791669
1561.8500,1.919470e+14,D,C,0.95193465,0.29921791,0.90963764,0.28060459
1561.9000,1.919409e+14,D,C,0.95442093,0.29072627,0.91436955,0.27358294
1561.9500,1.919347e+14,D,C,0.95671852,0.28265872,0.91875334,0.26683822
1562.0000,1.919286e+14,D,C,0.95884566,0.27498439,0.92282129,0.26035720
1562.0500,1.919224e+14,D,C,0.96081846,0.26767525,0.92660215,0.25412706
1562.1000,1.919163e+14,D,C,0.96265121,0.26070578,0.93012158,0.24813543
1562.1500,1.919102e+14,D,C,0.96435663,0.25405274,0.93340252,0.24237047
1562.2000,1.919040e+14,D,C,0.96594603,0.24769490,0.93646550,0.23682085
1562.2500,1.918979e+14,D,C,0.96742954,0.24161283,0.93932894,0.23147582
1562.3000,1.918917e+14,D,C,0.96881620,0.23578875,0.94200943,0.22632513
1562.3500,1.918856e+14,D,C,0.97011413,0.23020632,0.94452188,0.22135910
1562.4000,1.918795e+14,D,C,0.97133064,0.22485054,0.94687976,0.21656853
1562.4500,1.918733e+14,D,C,0.97247228,0.21970760,0.94909523,0.21194475
1562.5000,1.918672e+14,D,C,0.97354500,0.21476474,0.95117932,0.20747955
1562.5500,1.918610e+14,D,C,0.97455416,0.21001021,0.95314202,0.20316519
1562.6000,1.918549e+14,D,C,0.97550461,0.20543314,0.95499240,0.19899436
1562.6500,1.918488e+14,D,C,0.97640076,0.20102345,0.95673873,0.19496016
1562.7000,1.918426e+14,D,C,0.97724662,0.19677181,0.95838851,0.19105608
1562.7500,1.918365e+14,D,C,0.97804584,0.19266956,0.95994863,0.18727596
1562.8000,1.918303e+14,D,C,0.97880173,0.18870864,0.96142536,0.18361402
1562.8500,1.918242e+14,D,C,0.97951733,0.18488156,0.96282443,0.18006479
1562.9000,1.918181e+14,D,C,0.98019543,0.18118134,0.96415112,0.17662308
1562.9500,1.918119e+14,D,C,0.98083857,0.17760145,0.96541025,0.17328403
1563.0000,1.918058e+14,D,C,0.98144907,0.17413582,0.96660626,0.17004301
1563.0500,1.917997e+14,D,C,0.98202909,0.17077877,0.96774323,0.16689569
1563.1000,1.917935e+14,D,C,0.98258060,0.16752497,0.96882494,0.16383793
1563.1500,1.917874e+14,D,C,0.98310540,0.16436944,0.96985484,0.16086583
1563.2000,1.917813e+14,D,C,0.98360519,0.16130751,0.97083615,0.15797572
1563.2500,1.917751e+14,D,C,0.98408149,0.15833479,0.97177183,0.15516411
1563.3000,1.917690e+14,D,C,0.98453575,0.15544716,0.97266461,0.15242768
1563.3500,1.917629e+14,D,C,0.98496928,0.15264075,0.97351705,0.14976330
1563.4000,1.917567e+14,D,C,0.98538331,0.14991191,0.97433149,0.14716801
1563.4500,1.917506e+14,D,C,0.98577898,0.14725720,0.97511013,0.14463899
1563.5000,1.917445e+14,D,C,0.98615734,0.14467339,0.97585500,0.14217356
1563.5500,1.917383e+14,D,C,0.98651937,0.14215743,0.97656799,0.13976918
1563.6000,1.917322e+14,D,C,0.98686599,0.13970642,0.97725088,0.13742346
1563.6500,1.917261e+14,D,C,0.98719804,0.13731764,0.97790529,0.13513408
1563.7000,1.917199e+14,D,C,0.98751632,0.13498851,0.97853277,0.13289889
1563.7500,1.917138e+14,D,C,0.98782157,0.13271659,0.97913474,0.13071579
1563.8000,1.917077e+14,D,C,0.98811448,0.13049958,0.97971255,0.12858283
1563.8500,1.917015e+14,D,C,0.98839568,0.12833527,0.98026744,0.12649812
1563.9000,1.916954e+14,D,C,0.98866580,0.12622158,0.98080059,0.12445987
1563.9500,1.916893e+14,D,C,0.98892538,0.12415656,0.98131310,0.12246637
1564.0000,1.916832e+14,D,C,0.98917497,0.12213832,0.98180600,0.12051601
1564.0500,1.916770e+14,D,C,0.98941506,0.12016508,0.98228025,0.11860721
1564.1000,1.916709e+14,D,C,0.98964611,0.11823514,0.98273677,0.11673852
1564.1500,1.916648e+14,D,C,0.98986857,0.11634691,0.98317640,0.11490850
