topology,layout,permutation,route_status,paths,routed_paths,failed_paths,drc_violation_count,crossing_count,braid_pair_count,max_pair_crossing_count,repeated_crossing_pairs,topology_wiring_um,physical_wiring_um,wiring_delta_um,topology_worst_il_db,physical_worst_il_db,worst_il_delta_db,avg_il_delta_db,grid_pitch_um,grid_merge_tol_um,min_spacing_um,mrr_keepout_um,port_escape_um,crossing_penalty_um,turn_guard_um,turn_timing_penalty_um,backtrack_penalty_um,hairpin_penalty_um,loss_aware_cost,prop_loss_db_per_um,bend_loss_db_per_bend,crossing_loss_db_per_cross,repeated_crossing_loss_db,jog_penalty_db,bend_placement_penalty_db,max_astar_pops,ripup_max_astar_pops,local_repair_max_shift_tracks,route_window_max_detour_tracks,effective_route_window_slack_um,grid_margin_tracks,stage_pitch_um,wire_pitch_um,x_start_um,x_end_um,astar_calls,ripup_passes,ripup_passes_executed,early_stop_enabled,early_stopped,n_logical,layer,perm_idx,seed,runtime_s,failure_rate
padded_benes_4x4,default,2-1-0,routed,3,3,0,0,7,2,3,I0-I1:3;I1-I2:3,1207.000000,2127.889357,920.889357,1.292899,2.577394,1.284496,0.838926,8.0,3.5,4.0,6.0,10.0,20.0,16.0,48.0,80.0,200.0,False,0.002,0.005,0.1,0.0,0.0,0.0,8000,4000,8,4,37.0,12,105.0,36.0,20.0,365.000000,3,3,1,True,False,3,physical,0,43,0.299500,0.0
padded_benes_4x4,default,2-0-1,routed,3,3,0,0,6,2,3,I0-I1:3;I1-I2:2,1207.000000,2107.451302,900.451302,1.280232,2.272727,0.992496,0.763634,8.0,3.5,4.0,6.0,10.0,20.0,16.0,48.0,80.0,200.0,False,0.002,0.005,0.1,0.0,0.0,0.0,8000,4000,8,4,37.0,12,105.0,36.0,20.0,365.000000,2,3,1,True,False,3,physical,1,43,0.117222,0.0
padded_benes_4x4,default,1-2-0,routed,3,3,0,0,4,1,2,I0-I1:2,1183.000000,2280.867229,1097.867229,1.175565,2.338892,1.163327,0.901911,8.0,3.5,4.0,6.0,10.0,20.0,16.0,48.0,80.0,200.0,False,0.002,0.005,0.1,0.0,0.0,0.0,8000,4000,8,4,37.0,12,105.0,36.0,20.0,365.000000,3,3,1,True,False,3,physical,2,43,0.397771,0.0
padded_benes_4x4,default,0-2-1,routed,3,3,0,0,5,2,2,I0-I1:2;I0-I2:2,1183.000000,2325.159265,1142.159265,1.175565,2.399600,1.224035,0.994773,8.0,3.5,4.0,6.0,10.0,20.0,16.0,48.0,80.0,200.0,False,0.002,0.005,0.1,0.0,0.0,0.0,8000,4000,8,4,37.0,12,105.0,36.0,20.0,365.000000,4,3,1,True,False,3,physical,3,43,0.505016,0.0
padded_benes_4x4,default,1-0-2,failed,3,2,1,0,2,1,2,I0-I2:2,1207.000000,1302.787596,95.787596,1.280232,1.820686,0.540455,0.587788,8.0,3.5,4.0,6.0,10.0,20.0,16.0,48.0,80.0,200.0,False,0.002,0.005,0.1,0.0,0.0,0.0,8000,4000,8,4,37.0,12,105.0,36.0,20.0,365.000000,7,3,4,True,True,3,physical,4,43,2.715955,0.3333333333333333
padded_benes_4x4,default,0-1-2,routed,3,3,0,0,8,3,4,I0-I1:4;I0-I2:2;I1-I2:2,1207.000000,2160.619449,953.619449,1.292899,2.609394,1.316496,0.985746,8.0,3.5,4.0,6.0,10.0,20.0,16.0,48.0,80.0,200.0,False,0.002,0.005,0.1,0.0,0.0,0.0,8000,4000,8,4,37.0,12,105.0,36.0,20.0,365.000000,3,3,1,True,False,3,physical,5,43,0.619363,0.0
waksman_3x3,default,2-1-0,routed,3,3,0,0,5,1,3,I1-I2:3,1071.000000,1937.057504,866.057504,1.011933,2.248428,1.236496,0.755705,8.0,3.5,4.0,6.0,10.0,20.0,16.0,48.0,80.0,200.0,False,0.002,0.005,0.1,0.0,0.0,0.0,8000,4000,8,4,37.0,12,105.0,36.0,20.0,365.000000,2,3,1,True,False,3,physical,0,43,0.136726,0.0
waksman_3x3,default,2-0-1,routed,3,3,0,0,4,1,2,I1-I2:2,1071.000000,1916.619449,845.619449,1.022598,1.943761,0.921163,0.680413,8.0,3.5,4.0,6.0,10.0,20.0,16.0,48.0,80.0,200.0,False,0.002,0.005,0.1,0.0,0.0,0.0,8000,4000,8,4,37.0,12,105.0,36.0,20.0,365.000000,1,3,1,True,False,3,physical,1,43,0.111230,0.0
waksman_3x3,default,1-2-0,routed,3,3,0,0,6,2,3,I0-I1:2;I0-I2:3,1071.000000,1932.765467,861.765467,1.022598,2.171053,1.148455,0.822844,8.0,3.5,4.0,6.0,10.0,20.0,16.0,48.0,80.0,200.0,False,0.002,0.005,0.1,0.0,0.0,0.0,8000,4000,8,4,37.0,12,105.0,36.0,20.0,365.000000,2,3,1,True,False,3,physical,2,43,0.098005,0.0
waksman_3x3,default,0-2-1,routed,3,3,0,0,5,2,2,I0-I1:2;I0-I2:2,1071.000000,1912.327412,841.327412,1.022598,1.866386,0.843788,0.747552,8.0,3.5,4.0,6.0,10.0,20.0,16.0,48.0,80.0,200.0,False,0.002,0.005,0.1,0.0,0.0,0.0,8000,4000,8,4,37.0,12,105.0,36.0,20.0,365.000000,1,3,1,True,False,3,physical,3,43,0.074538,0.0
waksman_3x3,default,1-0-2,routed,3,3,0,0,5,2,3,I0-I1:3;I0-I2:2,1071.000000,2174.619449,1103.619449,1.104232,2.317177,1.212945,0.919080,8.0,3.5,4.0,6.0,10.0,20.0,16.0,48.0,80.0,200.0,False,0.002,0.005,0.1,0.0,0.0,0.0,8000,4000,8,4,37.0,12,105.0,36.0,20.0,365.000000,3,3,1,True,False,3,physical,4,43,0.255414,0.0
waksman_3x3,default,0-1-2,routed,3,3,0,0,4,2,2,I0-I1:2;I0-I2:2,1071.000000,1903.933614,832.933614,1.052899,1.837596,0.784697,0.656956,8.0,3.5,4.0,6.0,10.0,20.0,16.0,48.0,80.0,200.0,False,0.002,0.005,0.1,0.0,0.0,0.0,8000,4000,8,4,37.0,12,105.0,36.0,20.0,365.000000,2,3,1,True,False,3,physical,5,43,0.210736,0.0
spanke_benes_3x3,default,2-1-0,routed,3,3,0,0,3,0,1,,1091.000000,1816.911486,725.911486,0.842598,1.626386,0.783788,0.730608,8.0,3.5,4.0,6.0,10.0,20.0,16.0,48.0,80.0,200.0,False,0.002,0.005,0.1,0.0,0.0,0.0,8000,4000,8,4,37.0,12,105.0,36.0,20.0,365.000000,0,3,1,True,False,3,physical,0,43,0.028135,0.0
spanke_benes_3x3,default,2-0-1,routed,3,3,0,0,4,1,2,I1-I2:2,1091.000000,1861.203522,770.203522,0.855265,1.914345,1.059080,0.823469,8.0,3.5,4.0,6.0,10.0,20.0,16.0,48.0,80.0,200.0,False,0.002,0.005,0.1,0.0,0.0,0.0,8000,4000,8,4,37.0,12,105.0,36.0,20.0,365.000000,1,3,1,True,False,3,physical,1,43,0.059258,0.0
spanke_benes_3x3,default,1-2-0,routed,3,3,0,0,4,1,2,I0-I1:2,1091.000000,1841.203522,750.203522,0.855265,1.874345,1.019080,0.810136,8.0,3.5,4.0,6.0,10.0,20.0,16.0,48.0,80.0,200.0,False,0.002,0.005,0.1,0.0,0.0,0.0,8000,4000,8,4,37.0,12,105.0,36.0,20.0,365.000000,1,3,1,True,False,3,physical,2,43,0.103808,0.0
spanke_benes_3x3,default,0-2-1,routed,3,3,0,0,5,2,2,I0-I1:2;I0-I2:2,1091.000000,1885.495559,794.495559,0.855265,1.963053,1.107788,0.902997,8.0,3.5,4.0,6.0,10.0,20.0,16.0,48.0,80.0,200.0,False,0.002,0.005,0.1,0.0,0.0,0.0,8000,4000,8,4,37.0,12,105.0,36.0,20.0,365.000000,2,3,1,True,False,3,physical,3,43,0.154027,0.0
spanke_benes_3x3,default,1-0-2,routed,3,3,0,0,5,2,3,I0-I1:3;I0-I2:2,1091.000000,1895.641578,804.641578,0.908232,2.220019,1.311788,0.908094,8.0,3.5,4.0,6.0,10.0,20.0,16.0,48.0,80.0,200.0,False,0.002,0.005,0.1,0.0,0.0,0.0,8000,4000,8,4,37.0,12,105.0,36.0,20.0,365.000000,3,3,1,True,False,3,physical,4,43,0.094396,0.0
spanke_benes_3x3,default,0-1-2,routed,3,3,0,0,6,2,4,I0-I1:4;I1-I2:2,1091.000000,1919.933614,828.933614,0.920899,2.537394,1.616496,0.987622,8.0,3.5,4.0,6.0,10.0,20.0,16.0,48.0,80.0,200.0,False,0.002,0.005,0.1,0.0,0.0,0.0,8000,4000,8,4,37.0,12,105.0,36.0,20.0,365.000000,4,3,1,True,False,3,physical,5,43,0.271574,0.0
spanke_benes_rect_3x3,default,2-1-0,routed,3,3,0,0,3,0,1,,1091.000000,1816.911486,725.911486,0.842598,1.626386,0.783788,0.730608,8.0,3.5,4.0,6.0,10.0,20.0,16.0,48.0,80.0,200.0,False,0.002,0.005,0.1,0.0,0.0,0.0,8000,4000,8,4,37.0,12,105.0,36.0,20.0,365.000000,0,3,1,True,False,3,physical,0,43,0.028321,0.0
spanke_benes_rect_3x3,default,2-0-1,routed,3,3,0,0,4,1,2,I1-I2:2,1091.000000,1861.203522,770.203522,0.855265,1.914345,1.059080,0.823469,8.0,3.5,4.0,6.0,10.0,20.0,16.0,48.0,80.0,200.0,False,0.002,0.005,0.1,0.0,0.0,0.0,8000,4000,8,4,37.0,12,105.0,36.0,20.0,365.000000,1,3,1,True,False,3,physical,1,43,0.059635,0.0
spanke_benes_rect_3x3,default,1-2-0,routed,3,3,0,0,4,1,2,I0-I1:2,1091.000000,1841.203522,750.203522,0.855265,1.874345,1.019080,0.810136,8.0,3.5,4.0,6.0,10.0,20.0,16.0,48.0,80.0,200.0,False,0.002,0.005,0.1,0.0,0.0,0.0,8000,4000,8,4,37.0,12,105.0,36.0,20.0,365.000000,1,3,1,True,False,3,physical,2,43,0.104519,0.0
spanke_benes_rect_3x3,default,0-2-1,routed,3,3,0,0,5,2,2,I0-I1:2;I0-I2:2,1091.000000,1885.495559,794.495559,0.855265,1.963053,1.107788,0.902997,8.0,3.5,4.0,6.0,10.0,20.0,16.0,48.0,80.0,200.0,False,0.002,0.005,0.1,0.0,0.0,0.0,8000,4000,8,4,37.0,12,105.0,36.0,20.0,365.000000,2,3,1,True,False,3,physical,3,43,0.153844,0.0
spanke_benes_rect_3x3,default,1-0-2,routed,3,3,0,0,5,2,3,I0-I1:3;I0-I2:2,1091.000000,1895.641578,804.641578,0.908232,2.220019,1.311788,0.908094,8.0,3.5,4.0,6.0,10.0,20.0,16.0,48.0,80.0,200.0,False,0.002,0.005,0.1,0.0,0.0,0.0,8000,4000,8,4,37.0,12,105.0,36.0,20.0,365.000000,3,3,1,True,False,3,physical,4,43,0.094272,0.0
spanke_benes_rect_3x3,default,0-1-2,routed,3,3,0,0,6,2,4,I0-I1:4;I1-I2:2,1091.000000,1919.933614,828.933614,0.920899,2.537394,1.616496,0.987622,8.0,3.5,4.0,6.0,10.0,20.0,16.0,48.0,80.0,200.0,False,0.002,0.005,0.1,0.0,0.0,0.0,8000,4000,8,4,37.0,12,105.0,36.0,20.0,365.000000,4,3,1,True,False,3,physical,5,43,0.270166,0.0
padded_benes_4x4,default,0-2-1-3,routed,4,4,0,0,11,5,2,I0-I1:2;I0-I2:2;I0-I3:2;I1-I3:2;I2-I3:2,1636.000000,3265.822972,1629.822972,1.331565,2.686892,1.355327,1.184911,8.0,3.5,4.0,6.0,10.0,20.0,16.0,48.0,80.0,200.0,False,0.002,0.005,0.1,0.0,0.0,0.0,8000,4000,8,4,37.0,12,105.0,36.0,20.0,365.000000,5,3,1,True,False,4,physical,0,43,0.937639,0.0
padded_benes_4x4,default,3-0-1-2,failed,4,3,1,0,10,3,5,I0-I1:3;I0-I3:5;I1-I3:2,1636.000000,2562.429174,926.429174,1.280232,2.944975,1.664743,1.387953,8.0,3.5,4.0,6.0,10.0,20.0,16.0,48.0,80.0,200.0,False,0.002,0.005,0.1,0.0,0.0,0.0,8000,4000,8,4,37.0,12,105.0,36.0,20.0,365.000000,7,3,4,True,True,4,physical,1,43,2.061157,0.25
padded_benes_4x4,default,1-0-3-2,routed,4,4,0,0,16,6,5,I0-I1:3;I0-I2:2;I0-I3:2;I1-I2:2;I1-I3:2;I2-I3:5,1636.000000,3599.822972,1963.822972,1.280232,3.915807,2.635575,1.651911,8.0,3.5,4.0,6.0,10.0,20.0,16.0,48.0,80.0,200.0,False,0.002,0.005,0.1,0.0,0.0,0.0,8000,4000,8,4,37.0,12,105.0,36.0,20.0,365.000000,7,3,1,True,False,4,physical,2,43,1.552376,0.0
padded_benes_4x4,default,3-1-2-0,routed,4,4,0,0,15,5,3,I0-I1:3;I0-I2:3;I1-I2:2;I1-I3:3;I2-I3:3,1636.000000,3319.676953,1683.676953,1.292899,2.891600,1.598701,1.413088,8.0,3.5,4.0,6.0,10.0,20.0,16.0,48.0,80.0,200.0,False,0.002,0.005,0.1,0.0,0.0,0.0,8000,4000,8,4,37.0,12,105.0,36.0,20.0,365.000000,10,3,2,True,False,4,physical,3,43,2.119384,0.0
padded_benes_4x4,default,3-0-2-1,routed,4,4,0,0,14,5,3,I0-I1:3;I0-I2:3;I1-I2:2;I1-I3:2;I2-I3:3,1636.000000,3314.946861,1678.946861,1.280232,2.891600,1.611368,1.366973,8.0,3.5,4.0,6.0,10.0,20.0,16.0,48.0,80.0,200.0,False,0.002,0.005,0.1,0.0,0.0,0.0,8000,4000,8,4,37.0,12,105.0,36.0,20.0,365.000000,5,3,1,True,False,4,physical,4,43,0.845131,0.0
padded_benes_4x4,default,2-3-0-1,routed,4,4,0,0,14,2,6,I0-I1:4;I2-I3:6,1636.000000,3323.530935,1687.530935,1.288232,3.150391,1.862159,1.316265,8.0,3.5,4.0,6.0,10.0,20.0,16.0,48.0,80.0,200.0,False,0.002,0.005,0.1,0.0,0.0,0.0,8000,4000,8,4,37.0,12,105.0,36.0,20.0,365.000000,6,3,1,True,False,4,physical,5,43,1.178050,0.0
padded_benes_4x4,default,3-2-1-0,routed,4,4,0,0,12,2,5,I0-I1:5;I2-I3:3,1636.000000,3240.946861,1604.946861,1.275565,2.738892,1.463327,1.179973,8.0,3.5,4.0,6.0,10.0,20.0,16.0,48.0,80.0,200.0,False,0.002,0.005,0.1,0.0,0.0,0.0,8000,4000,8,4,37.0,12,105.0,36.0,20.0,365.000000,4,3,1,True,False,4,physical,6,43,0.504391,0.0
padded_benes_4x4,default,1-3-0-2,routed,4,4,0,0,11,4,3,I0-I1:2;I0-I3:2;I1-I3:3;I2-I3:2,1636.000000,3275.530935,1639.530935,1.288232,2.863559,1.575327,1.192265,8.0,3.5,4.0,6.0,10.0,20.0,16.0,48.0,80.0,200.0,False,0.002,0.005,0.1,0.0,0.0,0.0,8000,4000,8,4,37.0,12,105.0,36.0,20.0,365.000000,5,3,1,True,False,4,physical,7,43,0.844557,0.0
padded_benes_4x4,default,2-0-3-1,routed,4,4,0,0,19,5,6,I0-I1:3;I0-I2:6;I1-I2:4;I1-I3:2;I2-I3:3,1636.000000,3386.654825,1750.654825,1.280232,3.685683,2.405451,1.655327,8.0,3.5,4.0,6.0,10.0,20.0,16.0,48.0,80.0,200.0,False,0.002,0.005,0.1,0.0,0.0,0.0,8000,4000,8,4,37.0,12,105.0,36.0,20.0,365.000000,6,3,1,True,False,4,physical,8,43,1.278824,0.0
padded_benes_4x4,default,2-3-1-0,routed,4,4,0,0,13,2,6,I0-I1:6;I2-I3:3,1636.000000,3295.238898,1659.238898,1.288232,3.104975,1.816743,1.254619,8.0,3.5,4.0,6.0,10.0,20.0,16.0,48.0,80.0,200.0,False,0.002,0.005,0.1,0.0,0.0,0.0,8000,4000,8,4,37.0,12,105.0,36.0,20.0,365.000000,5,3,1,True,False,4,physical,9,43,0.906586,0.0
padded_benes_4x4,default,2-0-1-3,routed,4,4,0,0,16,5,4,I0-I1:3;I0-I3:4;I1-I2:2;I1-I3:2;I2-I3:4,1636.000000,3432.946861,1796.946861,1.280232,3.469642,2.189410,1.525973,8.0,3.5,4.0,6.0,10.0,20.0,16.0,48.0,80.0,200.0,False,0.002,0.005,0.1,0.0,0.0,0.0,8000,4000,8,4,37.0,12,105.0,36.0,20.0,365.000000,6,3,1,True,False,4,physical,10,43,1.035205,0.0
padded_benes_4x4,default,0-3-2-1,routed,4,4,0,0,13,5,3,I0-I1:2;I0-I2:2;I0-I3:2;I1-I2:3;I2-I3:3,1636.000000,3296.407045,1660.407045,1.288232,2.863559,1.575327,1.295204,8.0,3.5,4.0,6.0,10.0,20.0,16.0,48.0,80.0,200.0,False,0.002,0.005,0.1,0.0,0.0,0.0,8000,4000,8,4,37.0,12,105.0,36.0,20.0,365.000000,6,3,1,True,False,4,physical,11,43,0.993033,0.0
padded_benes_4x4,default,3-2-0-1,routed,4,4,0,0,13,2,5,I0-I1:5;I2-I3:4,1636.000000,3255.530935,1619.530935,1.288232,2.811559,1.523327,1.232265,8.0,3.5,4.0,6.0,10.0,20.0,16.0,48.0,80.0,200.0,False,0.002,0.005,0.1,0.0,0.0,0.0,8000,4000,8,4,37.0,12,105.0,36.0,20.0,365.000000,5,3,1,True,False,4,physical,12,43,0.474492,0.0
padded_benes_4x4,default,1-0-2-3,routed,4,4,0,0,17,6,6,I0-I1:3;I0-I2:2;I0-I3:2;I1-I2:2;I1-I3:2;I2-I3:6,1636.000000,3618.946861,1982.946861,1.280232,3.901890,2.621658,1.718973,8.0,3.5,4.0,6.0,10.0,20.0,16.0,48.0,80.0,200.0,False,0.002,0.005,0.1,0.0,0.0,0.0,8000,4000,8,4,37.0,12,105.0,36.0,20.0,365.000000,7,3,1,True,False,4,physical,13,43,1.484132,0.0
padded_benes_4x4,default,1-2-0-3,failed,4,3,1,0,5,2,2,I0-I3:2;I2-I3:2,1636.000000,2278.867229,642.867229,1.331565,2.434892,1.103327,0.881911,8.0,3.5,4.0,6.0,10.0,20.0,16.0,48.0,80.0,200.0,False,0.002,0.005,0.1,0.0,0.0,0.0,8000,4000,8,4,37.0,12,105.0,36.0,20.0,365.000000,5,3,4,True,True,4,physical,14,43,1.790086,0.25
padded_benes_4x4,default,0-1-2-3,routed,4,4,0,0,16,6,4,I0-I1:4;I0-I2:2;I0-I3:2;I1-I2:2;I1-I3:2;I2-I3:4,1636.000000,3335.575192,1699.575192,1.292899,3.306810,2.013911,1.504788,8.0,3.5,4.0,6.0,10.0,20.0,16.0,48.0,80.0,200.0,False,0.002,0.005,0.1,0.0,0.0,0.0,8000,4000,8,4,37.0,12,105.0,36.0,20.0,365.000000,6,3,1,True,False,4,physical,15,43,1.354934,0.0
padded_benes_4x4,default,2-1-3-0,routed,4,4,0,0,20,5,6,I0-I1:3;I0-I2:6;I1-I2:4;I1-I3:3;I2-I3:3,1636.000000,3407.092880,1771.092880,1.292899,3.685683,2.392784,1.711796,8.0,3.5,4.0,6.0,10.0,20.0,16.0,48.0,80.0,200.0,False,0.002,0.005,0.1,0.0,0.0,0.0,8000,4000,8,4,37.0,12,105.0,36.0,20.0,365.000000,7,3,1,True,False,4,physical,16,43,1.328359,0.0
padded_benes_4x4,default,3-1-0-2,failed,4,3,1,0,10,3,5,I0-I1:3;I0-I3:5;I1-I3:2,1636.000000,2674.429174,1038.429174,1.292899,2.944975,1.652076,1.451953,8.0,3.5,4.0,6.0,10.0,20.0,16.0,48.0,80.0,200.0,False,0.002,0.005,0.1,0.0,0.0,0.0,8000,4000,8,4,37.0,12,105.0,36.0,20.0,365.000000,8,3,4,True,True,4,physical,17,43,2.159566,0.25
padded_benes_4x4,default,0-2-3-1,routed,4,4,0,0,12,5,3,I0-I1:2;I0-I2:2;I0-I3:2;I1-I2:2;I2-I3:3,1636.000000,3242.407045,1606.407045,1.288232,2.811559,1.523327,1.218204,8.0,3.5,4.0,6.0,10.0,20.0,16.0,48.0,80.0,200.0,False,0.002,0.005,0.1,0.0,0.0,0.0,8000,4000,8,4,37.0,12,105.0,36.0,20.0,365.000000,5,3,1,True,False,4,physical,18,43,0.954199,0.0
padded_benes_4x4,default,1-3-2-0,failed,4,3,1,0,6,2,3,I0-I2:2;I2-I3:3,1636.000000,2187.451302,551.451302,1.288232,2.374892,1.086660,0.891634,8.0,3.5,4.0,6.0,10.0,20.0,16.0,48.0,80.0,200.0,False,0.002,0.005,0.1,0.0,0.0,0.0,8000,4000,8,4,37.0,12,105.0,36.0,20.0,365.000000,5,3,4,True,True,4,physical,19,43,1.830816,0.25
padded_benes_4x4,default,2-1-0-3,routed,4,4,0,0,23,5,6,I0-I1:3;I0-I3:6;I1-I2:3;I1-I3:4;I2-I3:6,1636.000000,3435.384916,1799.384916,1.292899,4.139058,2.846159,1.873442,8.0,3.5,4.0,6.0,10.0,20.0,16.0,48.0,80.0,200.0,False,0.002,0.005,0.1,0.0,0.0,0.0,8000,4000,8,4,37.0,12,105.0,36.0,20.0,365.000000,7,3,1,True,False,4,physical,20,43,1.033187,0.0
padded_benes_4x4,default,0-3-1-2,routed,4,4,0,0,14,6,3,I0-I1:2;I0-I2:2;I0-I3:2;I1-I2:3;I1-I3:3;I2-I3:2,1636.000000,3336.115008,1700.115008,1.288232,3.168975,1.880743,1.367558,8.0,3.5,4.0,6.0,10.0,20.0,16.0,48.0,80.0,200.0,False,0.002,0.005,0.1,0.0,0.0,0.0,8000,4000,8,4,37.0,12,105.0,36.0,20.0,365.000000,6,3,1,True,False,4,physical,21,43,1.037423,0.0
padded_benes_4x4,default,1-2-3-0,routed,4,4,0,0,11,4,3,I0-I1:2;I0-I2:2;I1-I2:2;I2-I3:3,1636.000000,3198.115008,1562.115008,1.280232,2.569435,1.289204,1.148558,8.0,3.5,4.0,6.0,10.0,20.0,16.0,48.0,80.0,200.0,False,0.002,0.005,0.1,0.0,0.0,0.0,8000,4000,8,4,37.0,12,105.0,36.0,20.0,365.000000,4,3,1,True,False,4,physical,22,43,0.820071,0.0
padded_benes_4x4,default,0-1-3-2,routed,4,4,0,0,17,6,5,I0-I1:4;I0-I2:2;I0-I3:2;I1-I2:2;I1-I3:2;I2-I3:5,1636.000000,3654.115008,2018.115008,1.292899,3.935807,2.642908,1.726558,8.0,3.5,4.0,6.0,10.0,20.0,16.0,48.0,80.0,200.0,False,0.002,0.005,0.1,0.0,0.0,0.0,8000,4000,8,4,37.0,12,105.0,36.0,20.0,365.000000,8,3,1,True,False,4,physical,23,43,1.645906,0.0
waksman_4x4,default,0-2-1-3,routed,4,4,0,0,13,5,4,I0-I1:2;I0-I2:2;I0-I3:2;I1-I3:2;I2-I3:4,1572.000000,3062.407045,1490.407045,1.167565,2.652428,1.484863,1.310204,8.0,3.5,4.0,6.0,10.0,20.0,16.0,48.0,80.0,200.0,False,0.002,0.005,0.1,0.0,0.0,0.0,8000,4000,8,4,37.0,12,105.0,36.0,20.0,365.000000,5,3,1,True,False,4,physical,0,43,0.546190,0.0
waksman_4x4,default,3-0-1-2,routed,4,4,0,0,9,3,2,I1-I2:2;I1-I3:2;I2-I3:2,1572.000000,2930.991118,1358.991118,1.091265,2.558184,1.466919,1.039496,8.0,3.5,4.0,6.0,10.0,20.0,16.0,48.0,80.0,200.0,False,0.002,0.005,0.1,0.0,0.0,0.0,8000,4000,8,4,37.0,12,105.0,36.0,20.0,365.000000,3,3,1,True,False,4,physical,1,43,0.269269,0.0
waksman_4x4,default,1-0-3-2,routed,4,4,0,0,16,5,7,I0-I1:3;I0-I3:2;I1-I2:2;I1-I3:2;I2-I3:7,1572.000000,3058.699082,1486.699082,1.180232,2.937177,1.756945,1.455850,8.0,3.5,4.0,6.0,10.0,20.0,16.0,48.0,80.0,200.0,False,0.002,0.005,0.1,0.0,0.0,0.0,8000,4000,8,4,37.0,12,105.0,36.0,20.0,365.000000,12,3,3,True,False,4,physical,2,43,6.796155,0.0
waksman_4x4,default,3-1-2-0,routed,4,4,0,0,11,3,3,I0-I3:3;I1-I2:2;I2-I3:3,1572.000000,2908.699082,1336.699082,1.078598,2.702892,1.624294,1.130850,8.0,3.5,4.0,6.0,10.0,20.0,16.0,48.0,80.0,200.0,False,0.002,0.005,0.1,0.0,0.0,0.0,8000,4000,8,4,37.0,12,105.0,36.0,20.0,365.000000,2,3,1,True,False,4,physical,3,43,0.206919,0.0
waksman_4x4,default,3-0-2-1,routed,4,4,0,0,10,3,3,I1-I2:2;I1-I3:2;I2-I3:3,1572.000000,2938.991118,1366.991118,1.088232,2.811559,1.723327,1.093496,8.0,3.5,4.0,6.0,10.0,20.0,16.0,48.0,80.0,200.0,False,0.002,0.005,0.1,0.0,0.0,0.0,8000,4000,8,4,37.0,12,105.0,36.0,20.0,365.000000,3,3,1,True,False,4,physical,4,43,0.329300,0.0
waksman_4x4,default,2-3-0-1,routed,4,4,0,0,12,2,6,I0-I1:2;I2-I3:6,1572.000000,3014.699082,1442.699082,1.091265,3.178391,2.087126,1.233850,8.0,3.5,4.0,6.0,10.0,20.0,16.0,48.0,80.0,200.0,False,0.002,0.005,0.1,0.0,0.0,0.0,8000,4000,8,4,37.0,12,105.0,36.0,20.0,365.000000,5,3,1,True,False,4,physical,5,43,0.901533,0.0
waksman_4x4,default,3-2-1-0,routed,4,4,0,0,12,2,5,I0-I3:3;I2-I3:5,1572.000000,2944.407045,1372.407045,1.111565,3.028308,1.916743,1.201204,8.0,3.5,4.0,6.0,10.0,20.0,16.0,48.0,80.0,200.0,False,0.002,0.005,0.1,0.0,0.0,0.0,8000,4000,8,4,37.0,12,105.0,36.0,20.0,365.000000,3,3,1,True,False,4,physical,6,43,0.557103,0.0
waksman_4x4,default,1-3-0-2,routed,4,4,0,0,9,3,2,I0-I1:2;I0-I3:2;I2-I3:2,1572.000000,2910.991118,1338.991118,1.091265,2.221517,1.130252,1.029496,8.0,3.5,4.0,6.0,10.0,20.0,16.0,48.0,80.0,200.0,False,0.002,0.005,0.1,0.0,0.0,0.0,8000,4000,8,4,37.0,12,105.0,36.0,20.0,365.000000,3,3,1,True,False,4,physical,7,43,0.397498,0.0
waksman_4x4,default,2-0-3-1,failed,4,3,1,0,7,3,3,I0-I1:3;I0-I2:2;I1-I2:2,1572.000000,2232.035376,660.035376,1.180232,2.314143,1.133911,1.102690,8.0,3.5,4.0,6.0,10.0,20.0,16.0,48.0,80.0,200.0,False,0.002,0.005,0.1,0.0,0.0,0.0,8000,4000,8,4,37.0,12,105.0,36.0,20.0,365.000000,8,3,3,True,True,4,physical,8,43,2.101235,0.25
waksman_4x4,default,2-3-1-0,routed,4,4,0,0,11,2,4,I0-I1:4;I2-I3:3,1572.000000,2990.699082,1418.699082,1.111565,2.558892,1.447327,1.171850,8.0,3.5,4.0,6.0,10.0,20.0,16.0,48.0,80.0,200.0,False,0.002,0.005,0.1,0.0,0.0,0.0,8000,4000,8,4,37.0,12,105.0,36.0,20.0,365.000000,3,3,1,True,False,4,physical,9,43,0.573465,0.0
waksman_4x4,default,2-0-1-3,routed,4,4,0,0,14,5,4,I0-I1:3;I0-I3:2;I1-I2:2;I1-I3:2;I2-I3:4,1572.000000,3086.699082,1514.699082,1.180232,2.652428,1.472196,1.369850,8.0,3.5,4.0,6.0,10.0,20.0,16.0,48.0,80.0,200.0,False,0.002,0.005,0.1,0.0,0.0,0.0,8000,4000,8,4,37.0,12,105.0,36.0,20.0,365.000000,6,3,1,True,False,4,physical,10,43,0.870474,0.0
waksman_4x4,default,0-3-2-1,routed,4,4,0,0,11,4,3,I0-I1:2;I0-I2:2;I0-I3:2;I2-I3:3,1572.000000,2931.867229,1359.867229,1.091265,2.811559,1.720294,1.132434,8.0,3.5,4.0,6.0,10.0,20.0,16.0,48.0,80.0,200.0,False,0.002,0.005,0.1,0.0,0.0,0.0,8000,4000,8,4,37.0,12,105.0,36.0,20.0,365.000000,4,3,1,True,False,4,physical,11,43,0.585010,0.0
waksman_4x4,default,3-2-0-1,routed,4,4,0,0,11,1,6,I2-I3:6,1572.000000,3014.261027,1442.261027,1.088232,3.108975,2.020743,1.187381,8.0,3.5,4.0,6.0,10.0,20.0,16.0,48.0,80.0,200.0,False,0.002,0.005,0.1,0.0,0.0,0.0,8000,4000,8,4,37.0,12,105.0,36.0,20.0,365.000000,5,3,1,True,False,4,physical,12,43,0.723263,0.0
waksman_4x4,default,1-0-2-3,routed,4,4,0,0,19,6,7,I0-I1:7;I0-I2:2;I0-I3:2;I1-I2:2;I1-I3:2;I2-I3:4,1572.000000,3445.822972,1873.822972,1.180232,3.623807,2.443575,1.806911,8.0,3.5,4.0,6.0,10.0,20.0,16.0,48.0,80.0,200.0,False,0.002,0.005,0.1,0.0,0.0,0.0,8000,4000,8,4,37.0,12,105.0,36.0,20.0,365.000000,7,3,1,True,False,4,physical,13,43,1.445190,0.0
waksman_4x4,default,1-2-0-3,routed,4,4,0,0,14,5,4,I0-I1:2;I0-I2:3;I0-I3:2;I1-I3:2;I2-I3:4,1572.000000,3082.845100,1510.845100,1.180232,2.652428,1.472196,1.366673,8.0,3.5,4.0,6.0,10.0,20.0,16.0,48.0,80.0,200.0,False,0.002,0.005,0.1,0.0,0.0,0.0,8000,4000,8,4,37.0,12,105.0,36.0,20.0,365.000000,6,3,1,True,False,4,physical,14,43,0.633682,0.0
waksman_4x4,default,0-1-2-3,routed,4,4,0,0,16,6,4,I0-I1:4;I0-I2:2;I0-I3:2;I1-I2:2;I1-I3:2;I2-I3:4,1572.000000,3155.283155,1583.283155,1.192899,2.973844,1.780945,1.499142,8.0,3.5,4.0,6.0,10.0,20.0,16.0,48.0,80.0,200.0,False,0.002,0.005,0.1,0.0,0.0,0.0,8000,4000,8,4,37.0,12,105.0,36.0,20.0,365.000000,7,3,1,True,False,4,physical,15,43,1.290873,0.0
waksman_4x4,default,2-1-3-0,routed,4,4,0,0,14,5,3,I0-I1:3;I0-I2:2;I1-I2:2;I1-I3:3;I2-I3:3,1572.000000,3063.137137,1491.137137,1.192899,2.777394,1.584496,1.354319,8.0,3.5,4.0,6.0,10.0,20.0,16.0,48.0,80.0,200.0,False,0.002,0.005,0.1,0.0,0.0,0.0,8000,4000,8,4,37.0,12,105.0,36.0,20.0,365.000000,10,3,2,True,False,4,physical,16,43,1.294589,0.0
waksman_4x4,default,3-1-0-2,routed,4,4,0,0,10,2,4,I1-I3:4;I2-I3:2,1572.000000,2896.991118,1324.991118,1.091265,2.463761,1.372496,1.072496,8.0,3.5,4.0,6.0,10.0,20.0,16.0,48.0,80.0,200.0,False,0.002,0.005,0.1,0.0,0.0,0.0,8000,4000,8,4,37.0,12,105.0,36.0,20.0,365.000000,2,3,1,True,False,4,physical,17,43,0.283989,0.0
waksman_4x4,default,0-2-3-1,routed,4,4,0,0,12,5,3,I0-I1:2;I0-I2:2;I0-I3:2;I1-I2:2;I2-I3:3,1572.000000,3018.407045,1446.407045,1.167565,2.443641,1.276076,1.238204,8.0,3.5,4.0,6.0,10.0,20.0,16.0,48.0,80.0,200.0,False,0.002,0.005,0.1,0.0,0.0,0.0,8000,4000,8,4,37.0,12,105.0,36.0,20.0,365.000000,8,3,2,True,False,4,physical,18,43,1.009934,0.0
waksman_4x4,default,1-3-2-0,routed,4,4,0,0,10,3,3,I0-I1:2;I0-I2:2;I2-I3:3,1572.000000,2903.283155,1331.283155,1.091265,2.474892,1.383627,1.073142,8.0,3.5,4.0,6.0,10.0,20.0,16.0,48.0,80.0,200.0,False,0.002,0.005,0.1,0.0,0.0,0.0,8000,4000,8,4,37.0,12,105.0,36.0,20.0,365.000000,3,3,1,True,False,4,physical,19,43,0.420423,0.0
waksman_4x4,default,2-1-0-3,routed,4,4,0,0,15,5,4,I0-I1:3;I0-I3:2;I1-I2:3;I1-I3:2;I2-I3:4,1572.000000,3107.137137,1535.137137,1.192899,2.818810,1.625911,1.426319,8.0,3.5,4.0,6.0,10.0,20.0,16.0,48.0,80.0,200.0,False,0.002,0.005,0.1,0.0,0.0,0.0,8000,4000,8,4,37.0,12,105.0,36.0,20.0,365.000000,7,3,1,True,False,4,physical,20,43,0.936369,0.0
waksman_4x4,default,0-3-1-2,routed,4,4,0,0,12,4,4,I0-I1:2;I0-I2:2;I0-I3:2;I2-I3:4,1572.000000,2981.575192,1409.575192,1.091265,2.790184,1.698919,1.209788,8.0,3.5,4.0,6.0,10.0,20.0,16.0,48.0,80.0,200.0,False,0.002,0.005,0.1,0.0,0.0,0.0,8000,4000,8,4,37.0,12,105.0,36.0,20.0,365.000000,5,3,1,True,False,4,physical,21,43,0.765284,0.0
waksman_4x4,default,1-2-3-0,routed,4,4,0,0,13,5,3,I0-I1:2;I0-I2:2;I0-I3:3;I1-I2:2;I2-I3:3,1572.000000,3038.845100,1466.845100,1.180232,2.460019,1.279788,1.294673,8.0,3.5,4.0,6.0,10.0,20.0,16.0,48.0,80.0,200.0,False,0.002,0.005,0.1,0.0,0.0,0.0,8000,4000,8,4,37.0,12,105.0,36.0,20.0,365.000000,9,3,2,True,False,4,physical,22,43,1.042990,0.0
waksman_4x4,default,0-1-3-2,routed,4,4,0,0,15,5,4,I0-I1:4;I0-I3:2;I1-I2:2;I1-I3:4;I2-I3:3,1572.000000,3029.575192,1457.575192,1.192899,3.009394,1.816496,1.383788,8.0,3.5,4.0,6.0,10.0,20.0,16.0,48.0,80.0,200.0,False,0.002,0.005,0.1,0.0,0.0,0.0,8000,4000,8,4,37.0,12,105.0,36.0,20.0,365.000000,6,3,1,True,False,4,physical,23,43,0.998300,0.0
spanke_benes_4x4,default,0-2-1-3,routed,4,4,0,0,13,4,4,I0-I1:2;I0-I2:4;I1-I2:3;I1-I3:4,2388.000000,3965.721210,1577.721210,1.445198,3.681941,2.236743,1.492611,8.0,3.5,4.0,6.0,10.0,20.0,16.0,48.0,80.0,200.0,False,0.002,0.005,0.1,0.0,0.0,0.0,8000,4000,8,4,37.0,12,105.0,36.0,20.0,575.000000,7,3,1,True,False,4,physical,0,43,0.880982,0.0
spanke_benes_4x4,default,3-0-1-2,routed,4,4,0,0,9,2,4,I1-I2:4;I2-I3:2,2388.000000,3845.283155,1457.283155,1.445198,3.396525,1.951327,1.236142,8.0,3.5,4.0,6.0,10.0,20.0,16.0,48.0,80.0,200.0,False,0.002,0.005,0.1,0.0,0.0,0.0,8000,4000,8,4,37.0,12,105.0,36.0,20.0,575.000000,3,3,1,True,False,4,physical,1,43,0.502628,0.0
spanke_benes_4x4,default,1-0-3-2,routed,4,4,0,0,10,3,5,I0-I1:5;I0-I2:2;I0-I3:2,2388.000000,3871.575192,1483.575192,1.498164,3.702200,2.204035,1.296788,8.0,3.5,4.0,6.0,10.0,20.0,16.0,48.0,80.0,200.0,False,0.002,0.005,0.1,0.0,0.0,0.0,8000,4000,8,4,37.0,12,105.0,36.0,20.0,575.000000,5,3,1,True,False,4,physical,2,43,0.875593,0.0
spanke_benes_4x4,default,3-1-2-0,routed,4,4,0,0,7,1,2,I1-I2:2,2388.000000,3766.699082,1378.699082,1.379565,2.725476,1.345911,1.101850,8.0,3.5,4.0,6.0,10.0,20.0,16.0,48.0,80.0,200.0,False,0.002,0.005,0.1,0.0,0.0,0.0,8000,4000,8,4,37.0,12,105.0,36.0,20.0,575.000000,2,3,1,True,False,4,physical,3,43,0.525260,0.0
spanke_benes_4x4,default,3-0-2-1,routed,4,4,0,0,8,2,2,I1-I2:2;I1-I3:2,2388.000000,3814.991118,1426.991118,1.379565,2.765476,1.385911,1.173496,8.0,3.5,4.0,6.0,10.0,20.0,16.0,48.0,80.0,200.0,False,0.002,0.005,0.1,0.0,0.0,0.0,8000,4000,8,4,37.0,12,105.0,36.0,20.0,575.000000,2,3,1,True,False,4,physical,4,43,0.200102,0.0
spanke_benes_4x4,default,2-3-0-1,routed,4,4,0,0,8,2,2,I0-I1:2;I2-I3:2,2388.000000,3826.699082,1438.699082,1.379565,2.814184,1.434619,1.181850,8.0,3.5,4.0,6.0,10.0,20.0,16.0,48.0,80.0,200.0,False,0.002,0.005,0.1,0.0,0.0,0.0,8000,4000,8,4,37.0,12,105.0,36.0,20.0,575.000000,3,3,1,True,False,4,physical,5,43,0.638551,0.0
spanke_benes_4x4,default,3-2-1-0,routed,4,4,0,0,6,0,1,,2388.000000,3754.115008,1366.115008,1.366898,2.469517,1.102619,1.050558,8.0,3.5,4.0,6.0,10.0,20.0,16.0,48.0,80.0,200.0,False,0.002,0.005,0.1,0.0,0.0,0.0,8000,4000,8,4,37.0,12,105.0,36.0,20.0,575.000000,1,3,1,True,False,4,physical,6,43,0.371046,0.0
spanke_benes_4x4,default,1-3-0-2,routed,4,4,0,0,9,3,3,I0-I1:2;I0-I2:3;I0-I3:2,2388.000000,3833.137137,1445.137137,1.379565,2.844986,1.465421,1.231319,8.0,3.5,4.0,6.0,10.0,20.0,16.0,48.0,80.0,200.0,False,0.002,0.005,0.1,0.0,0.0,0.0,8000,4000,8,4,37.0,12,105.0,36.0,20.0,575.000000,3,3,1,True,False,4,physical,7,43,0.360123,0.0
spanke_benes_4x4,default,2-0-3-1,routed,4,4,0,0,9,3,3,I0-I1:3;I0-I2:2;I1-I3:2,2388.000000,3841.283155,1453.283155,1.432531,3.031150,1.598619,1.234142,8.0,3.5,4.0,6.0,10.0,20.0,16.0,48.0,80.0,200.0,False,0.002,0.005,0.1,0.0,0.0,0.0,8000,4000,8,4,37.0,12,105.0,36.0,20.0,575.000000,4,3,1,True,False,4,physical,8,43,0.685778,0.0
spanke_benes_4x4,default,2-3-1-0,routed,4,4,0,0,7,1,2,I0-I1:2,2388.000000,3778.407045,1390.407045,1.379565,2.717476,1.337911,1.110204,8.0,3.5,4.0,6.0,10.0,20.0,16.0,48.0,80.0,200.0,False,0.002,0.005,0.1,0.0,0.0,0.0,8000,4000,8,4,37.0,12,105.0,36.0,20.0,575.000000,2,3,1,True,False,4,physical,9,43,0.545320,0.0
spanke_benes_4x4,default,2-0-1-3,routed,4,4,0,0,12,3,4,I0-I2:3;I0-I3:4;I1-I2:4,2388.000000,3941.429174,1553.429174,1.445198,3.396525,1.951327,1.432965,8.0,3.5,4.0,6.0,10.0,20.0,16.0,48.0,80.0,200.0,False,0.002,0.005,0.1,0.0,0.0,0.0,8000,4000,8,4,37.0,12,105.0,36.0,20.0,575.000000,6,3,1,True,False,4,physical,10,43,0.758023,0.0
spanke_benes_4x4,default,0-3-2-1,routed,4,4,0,0,9,3,2,I0-I1:2;I0-I2:2;I0-I3:2,2388.000000,3839.283155,1451.283155,1.379565,2.814184,1.434619,1.233142,8.0,3.5,4.0,6.0,10.0,20.0,16.0,48.0,80.0,200.0,False,0.002,0.005,0.1,0.0,0.0,0.0,8000,4000,8,4,37.0,12,105.0,36.0,20.0,575.000000,4,3,1,True,False,4,physical,11,43,0.834872,0.0
spanke_benes_4x4,default,3-2-0-1,routed,4,4,0,0,7,1,2,I2-I3:2,2388.000000,3802.407045,1414.407045,1.379565,2.765476,1.385911,1.122204,8.0,3.5,4.0,6.0,10.0,20.0,16.0,48.0,80.0,200.0,False,0.002,0.005,0.1,0.0,0.0,0.0,8000,4000,8,4,37.0,12,105.0,36.0,20.0,575.000000,1,3,1,True,False,4,physical,12,43,0.163651,0.0
spanke_benes_4x4,default,1-0-2-3,routed,4,4,0,0,13,3,5,I0-I1:5;I0-I2:4;I2-I3:4,2388.000000,3967.721210,1579.721210,1.498164,3.702200,2.204035,1.493611,8.0,3.5,4.0,6.0,10.0,20.0,16.0,48.0,80.0,200.0,False,0.002,0.005,0.1,0.0,0.0,0.0,8000,4000,8,4,37.0,12,105.0,36.0,20.0,575.000000,7,3,1,True,False,4,physical,13,43,0.830491,0.0
spanke_benes_4x4,default,1-2-0-3,routed,4,4,0,0,12,3,4,I0-I1:4;I0-I2:3;I1-I3:4,2388.000000,3929.283155,1541.283155,1.445198,3.681941,2.236743,1.428142,8.0,3.5,4.0,6.0,10.0,20.0,16.0,48.0,80.0,200.0,False,0.002,0.005,0.1,0.0,0.0,0.0,8000,4000,8,4,37.0,12,105.0,36.0,20.0,575.000000,6,3,1,True,False,4,physical,14,43,0.965814,0.0
spanke_benes_4x4,default,0-1-2-3,routed,4,4,0,0,14,3,6,I0-I1:6;I1-I2:4;I2-I3:4,2388.000000,3992.013247,1604.013247,1.510831,4.019575,2.508743,1.553257,8.0,3.5,4.0,6.0,10.0,20.0,16.0,48.0,80.0,200.0,False,0.002,0.005,0.1,0.0,0.0,0.0,8000,4000,8,4,37.0,12,105.0,36.0,20.0,575.000000,8,3,1,True,False,4,physical,15,43,1.267017,0.0
spanke_benes_4x4,default,2-1-3-0,routed,4,4,0,0,8,2,3,I0-I1:3;I0-I2:2,2388.000000,3792.991118,1404.991118,1.432531,3.031150,1.598619,1.162496,8.0,3.5,4.0,6.0,10.0,20.0,16.0,48.0,80.0,200.0,False,0.002,0.005,0.1,0.0,0.0,0.0,8000,4000,8,4,37.0,12,105.0,36.0,20.0,575.000000,3,3,1,True,False,4,physical,16,43,0.633754,0.0
spanke_benes_4x4,default,3-1-0-2,routed,4,4,0,0,8,2,3,I1-I2:3;I1-I3:2,2388.000000,3808.845100,1420.845100,1.376531,2.962442,1.585911,1.171673,8.0,3.5,4.0,6.0,10.0,20.0,16.0,48.0,80.0,200.0,False,0.002,0.005,0.1,0.0,0.0,0.0,8000,4000,8,4,37.0,12,105.0,36.0,20.0,575.000000,2,3,1,True,False,4,physical,17,43,0.225110,0.0
spanke_benes_4x4,default,0-2-3-1,routed,4,4,0,0,10,3,4,I0-I1:4;I0-I3:2;I1-I2:2,2388.000000,3865.575192,1477.575192,1.445198,3.348525,1.903327,1.293788,8.0,3.5,4.0,6.0,10.0,20.0,16.0,48.0,80.0,200.0,False,0.002,0.005,0.1,0.0,0.0,0.0,8000,4000,8,4,37.0,12,105.0,36.0,20.0,575.000000,5,3,1,True,False,4,physical,18,43,1.121134,0.0
spanke_benes_4x4,default,1-3-2-0,routed,4,4,0,0,8,2,2,I0-I1:2;I0-I2:2,2388.000000,3790.991118,1402.991118,1.379565,2.725476,1.345911,1.161496,8.0,3.5,4.0,6.0,10.0,20.0,16.0,48.0,80.0,200.0,False,0.002,0.005,0.1,0.0,0.0,0.0,8000,4000,8,4,37.0,12,105.0,36.0,20.0,575.000000,3,3,1,True,False,4,physical,19,43,0.593149,0.0
spanke_benes_4x4,default,2-1-0-3,routed,4,4,0,0,11,3,4,I0-I1:3;I0-I3:4;I1-I2:3,2388.000000,3904.991118,1516.991118,1.432531,3.364566,1.932035,1.368496,8.0,3.5,4.0,6.0,10.0,20.0,16.0,48.0,80.0,200.0,False,0.002,0.005,0.1,0.0,0.0,0.0,8000,4000,8,4,37.0,12,105.0,36.0,20.0,575.000000,5,3,1,True,False,4,physical,20,43,0.477761,0.0
spanke_benes_4x4,default,0-3-1-2,routed,4,4,0,0,10,3,4,I0-I1:2;I0-I2:4;I2-I3:2,2388.000000,3869.575192,1481.575192,1.445198,3.396525,1.951327,1.295788,8.0,3.5,4.0,6.0,10.0,20.0,16.0,48.0,80.0,200.0,False,0.002,0.005,0.1,0.0,0.0,0.0,8000,4000,8,4,37.0,12,105.0,36.0,20.0,575.000000,4,3,1,True,False,4,physical,21,43,0.758744,0.0
spanke_benes_4x4,default,1-2-3-0,routed,4,4,0,0,9,2,4,I0-I1:4;I1-I2:2,2388.000000,3817.283155,1429.283155,1.445198,3.348525,1.903327,1.222142,8.0,3.5,4.0,6.0,10.0,20.0,16.0,48.0,80.0,200.0,False,0.002,0.005,0.1,0.0,0.0,0.0,8000,4000,8,4,37.0,12,105.0,36.0,20.0,575.000000,4,3,1,True,False,4,physical,22,43,0.914507,0.0
spanke_benes_4x4,default,0-1-3-2,routed,4,4,0,0,11,3,6,I0-I1:6;I1-I2:2;I1-I3:2,2388.000000,3895.867229,1507.867229,1.510831,4.019575,2.508743,1.356434,8.0,3.5,4.0,6.0,10.0,20.0,16.0,48.0,80.0,200.0,False,0.002,0.005,0.1,0.0,0.0,0.0,8000,4000,8,4,37.0,12,105.0,36.0,20.0,575.000000,6,3,1,True,False,4,physical,23,43,1.169770,0.0
spanke_benes_rect_4x4,default,0-2-1-3,routed,4,4,0,0,13,5,4,I0-I1:2;I0-I2:2;I1-I2:3;I1-I3:4;I2-I3:2,1968.000000,3649.137137,1681.137137,1.235198,3.471941,2.236743,1.549319,8.0,3.5,4.0,6.0,10.0,20.0,16.0,48.0,80.0,200.0,False,0.002,0.005,0.1,0.0,0.0,0.0,8000,4000,8,4,37.0,12,105.0,36.0,20.0,470.000000,7,3,1,True,False,4,physical,0,43,0.973230,0.0
spanke_benes_rect_4x4,default,3-0-1-2,routed,4,4,0,0,9,2,4,I1-I2:2;I2-I3:4,1968.000000,3498.845100,1530.845100,1.171198,2.945559,1.774361,1.276673,8.0,3.5,4.0,6.0,10.0,20.0,16.0,48.0,80.0,200.0,False,0.002,0.005,0.1,0.0,0.0,0.0,8000,4000,8,4,37.0,12,105.0,36.0,20.0,470.000000,3,3,1,True,False,4,physical,1,43,0.575115,0.0
spanke_benes_rect_4x4,default,1-0-3-2,routed,4,4,0,0,12,3,5,I0-I1:3;I0-I3:4;I2-I3:5,1968.000000,3596.991118,1628.991118,1.235198,3.507941,2.272743,1.474496,8.0,3.5,4.0,6.0,10.0,20.0,16.0,48.0,80.0,200.0,False,0.002,0.005,0.1,0.0,0.0,0.0,8000,4000,8,4,37.0,12,105.0,36.0,20.0,470.000000,7,3,1,True,False,4,physical,2,43,0.888662,0.0
spanke_benes_rect_4x4,default,3-1-2-0,routed,4,4,0,0,7,1,2,I1-I2:2,1968.000000,3439.822972,1471.822972,1.156898,2.600184,1.443287,1.155911,8.0,3.5,4.0,6.0,10.0,20.0,16.0,48.0,80.0,200.0,False,0.002,0.005,0.1,0.0,0.0,0.0,8000,4000,8,4,37.0,12,105.0,36.0,20.0,470.000000,2,3,1,True,False,4,physical,3,43,0.200569,0.0
spanke_benes_rect_4x4,default,3-0-2-1,routed,4,4,0,0,8,2,3,I1-I3:2;I2-I3:3,1968.000000,3444.553063,1476.553063,1.222531,2.853150,1.630619,1.202027,8.0,3.5,4.0,6.0,10.0,20.0,16.0,48.0,80.0,200.0,False,0.002,0.005,0.1,0.0,0.0,0.0,8000,4000,8,4,37.0,12,105.0,36.0,20.0,470.000000,3,3,1,True,False,4,physical,4,43,0.462108,0.0
spanke_benes_rect_4x4,default,2-3-0-1,routed,4,4,0,0,8,2,2,I0-I1:2;I2-I3:2,1968.000000,3472.115008,1504.115008,1.169565,2.636892,1.467327,1.219558,8.0,3.5,4.0,6.0,10.0,20.0,16.0,48.0,80.0,200.0,False,0.002,0.005,0.1,0.0,0.0,0.0,8000,4000,8,4,37.0,12,105.0,36.0,20.0,470.000000,2,3,1,True,False,4,physical,5,43,0.425598,0.0
spanke_benes_rect_4x4,default,3-2-1-0,routed,4,4,0,0,6,0,1,,1968.000000,3393.530935,1425.530935,1.156898,2.293641,1.136743,1.085265,8.0,3.5,4.0,6.0,10.0,20.0,16.0,48.0,80.0,200.0,False,0.002,0.005,0.1,0.0,0.0,0.0,8000,4000,8,4,37.0,12,105.0,36.0,20.0,470.000000,1,3,1,True,False,4,physical,6,43,0.134381,0.0
spanke_benes_rect_4x4,default,1-3-0-2,routed,4,4,0,0,9,3,2,I0-I1:2;I0-I3:2;I2-I3:2,1968.000000,3526.407045,1558.407045,1.169565,2.977559,1.807994,1.294204,8.0,3.5,4.0,6.0,10.0,20.0,16.0,48.0,80.0,200.0,False,0.002,0.005,0.1,0.0,0.0,0.0,8000,4000,8,4,37.0,12,105.0,36.0,20.0,470.000000,3,3,1,True,False,4,physical,7,43,0.483191,0.0
spanke_benes_rect_4x4,default,2-0-3-1,routed,4,4,0,0,11,3,4,I0-I2:4;I0-I3:3;I1-I3:2,1968.000000,3562.553063,1594.553063,1.222531,3.154566,1.932035,1.411027,8.0,3.5,4.0,6.0,10.0,20.0,16.0,48.0,80.0,200.0,False,0.002,0.005,0.1,0.0,0.0,0.0,8000,4000,8,4,37.0,12,105.0,36.0,20.0,470.000000,6,3,1,True,False,4,physical,8,43,0.688525,0.0
spanke_benes_rect_4x4,default,2-3-1-0,routed,4,4,0,0,7,1,2,I0-I1:2,1968.000000,3417.822972,1449.822972,1.169565,2.507476,1.337911,1.144911,8.0,3.5,4.0,6.0,10.0,20.0,16.0,48.0,80.0,200.0,False,0.002,0.005,0.1,0.0,0.0,0.0,8000,4000,8,4,37.0,12,105.0,36.0,20.0,470.000000,2,3,1,True,False,4,physical,9,43,0.272976,0.0
spanke_benes_rect_4x4,default,2-0-1-3,routed,4,4,0,0,12,4,4,I0-I2:3;I0-I3:4;I1-I2:2;I2-I3:2,1968.000000,3648.699082,1680.699082,1.222531,3.243982,2.021451,1.502850,8.0,3.5,4.0,6.0,10.0,20.0,16.0,48.0,80.0,200.0,False,0.002,0.005,0.1,0.0,0.0,0.0,8000,4000,8,4,37.0,12,105.0,36.0,20.0,470.000000,6,3,1,True,False,4,physical,10,43,0.699648,0.0
spanke_benes_rect_4x4,default,0-3-2-1,routed,4,4,0,0,9,3,3,I0-I1:2;I0-I3:2;I2-I3:3,1968.000000,3468.845100,1500.845100,1.222531,2.894566,1.672035,1.261673,8.0,3.5,4.0,6.0,10.0,20.0,16.0,48.0,80.0,200.0,False,0.002,0.005,0.1,0.0,0.0,0.0,8000,4000,8,4,37.0,12,105.0,36.0,20.0,470.000000,4,3,1,True,False,4,physical,11,43,0.738406,0.0
spanke_benes_rect_4x4,default,3-2-0-1,routed,4,4,0,0,7,1,2,I2-I3:2,1968.000000,3447.822972,1479.822972,1.156898,2.636892,1.479994,1.159911,8.0,3.5,4.0,6.0,10.0,20.0,16.0,48.0,80.0,200.0,False,0.002,0.005,0.1,0.0,0.0,0.0,8000,4000,8,4,37.0,12,105.0,36.0,20.0,470.000000,1,3,1,True,False,4,physical,12,43,0.275425,0.0
spanke_benes_rect_4x4,default,1-0-2-3,routed,4,4,0,0,13,3,6,I0-I1:3;I0-I2:4;I2-I3:6,1968.000000,3627.429174,1659.429174,1.183865,3.358485,2.174619,1.535965,8.0,3.5,4.0,6.0,10.0,20.0,16.0,48.0,80.0,200.0,False,0.002,0.005,0.1,0.0,0.0,0.0,8000,4000,8,4,37.0,12,105.0,36.0,20.0,470.000000,7,3,1,True,False,4,physical,13,43,0.885437,0.0
spanke_benes_rect_4x4,default,1-2-0-3,routed,4,4,0,0,12,3,4,I0-I1:4;I1-I3:4;I2-I3:2,1968.000000,3644.407045,1676.407045,1.235198,3.503941,2.268743,1.503204,8.0,3.5,4.0,6.0,10.0,20.0,16.0,48.0,80.0,200.0,False,0.002,0.005,0.1,0.0,0.0,0.0,8000,4000,8,4,37.0,12,105.0,36.0,20.0,470.000000,6,3,1,True,False,4,physical,14,43,0.676285,0.0
spanke_benes_rect_4x4,default,0-1-2-3,routed,4,4,0,0,14,3,6,I0-I1:4;I1-I2:4;I2-I3:6,1968.000000,3675.575192,1707.575192,1.183865,3.390485,2.206619,1.608788,8.0,3.5,4.0,6.0,10.0,20.0,16.0,48.0,80.0,200.0,False,0.002,0.005,0.1,0.0,0.0,0.0,8000,4000,8,4,37.0,12,105.0,36.0,20.0,470.000000,8,3,1,True,False,4,physical,15,43,1.158397,0.0
spanke_benes_rect_4x4,default,2-1-3-0,routed,4,4,0,0,10,2,4,I0-I1:3;I0-I2:4,1968.000000,3557.822972,1589.822972,1.222531,3.186566,1.964035,1.364911,8.0,3.5,4.0,6.0,10.0,20.0,16.0,48.0,80.0,200.0,False,0.002,0.005,0.1,0.0,0.0,0.0,8000,4000,8,4,37.0,12,105.0,36.0,20.0,470.000000,5,3,1,True,False,4,physical,16,43,0.443759,0.0
spanke_benes_rect_4x4,default,3-1-0-2,routed,4,4,0,0,8,2,2,I1-I3:2;I2-I3:2,1968.000000,3494.115008,1526.115008,1.156898,2.977559,1.820662,1.230558,8.0,3.5,4.0,6.0,10.0,20.0,16.0,48.0,80.0,200.0,False,0.002,0.005,0.1,0.0,0.0,0.0,8000,4000,8,4,37.0,12,105.0,36.0,20.0,470.000000,2,3,1,True,False,4,physical,17,43,0.276172,0.0
spanke_benes_rect_4x4,default,0-2-3-1,routed,4,4,0,0,12,4,4,I0-I1:2;I0-I3:2;I1-I2:4;I1-I3:3,1968.000000,3586.845100,1618.845100,1.235198,3.471941,2.236743,1.470673,8.0,3.5,4.0,6.0,10.0,20.0,16.0,48.0,80.0,200.0,False,0.002,0.005,0.1,0.0,0.0,0.0,8000,4000,8,4,37.0,12,105.0,36.0,20.0,470.000000,7,3,1,True,False,4,physical,18,43,0.860397,0.0
spanke_benes_rect_4x4,default,1-3-2-0,routed,4,4,0,0,8,2,2,I0-I1:2;I0-I2:2,1968.000000,3440.261027,1472.261027,1.169565,2.568184,1.398619,1.202381,8.0,3.5,4.0,6.0,10.0,20.0,16.0,48.0,80.0,200.0,False,0.002,0.005,0.1,0.0,0.0,0.0,8000,4000,8,4,37.0,12,105.0,36.0,20.0,470.000000,3,3,1,True,False,4,physical,19,43,0.327792,0.0
spanke_benes_rect_4x4,default,2-1-0-3,routed,4,4,0,0,11,3,4,I0-I1:3;I0-I3:4;I2-I3:2,1968.000000,3620.115008,1652.115008,1.222531,3.243982,2.021451,1.443558,8.0,3.5,4.0,6.0,10.0,20.0,16.0,48.0,80.0,200.0,False,0.002,0.005,0.1,0.0,0.0,0.0,8000,4000,8,4,37.0,12,105.0,36.0,20.0,470.000000,5,3,1,True,False,4,physical,20,43,0.506501,0.0
spanke_benes_rect_4x4,default,0-3-1-2,routed,4,4,0,0,10,3,4,I0-I1:2;I0-I2:2;I2-I3:4,1968.000000,3523.137137,1555.137137,1.171198,2.945559,1.774361,1.336319,8.0,3.5,4.0,6.0,10.0,20.0,16.0,48.0,80.0,200.0,False,0.002,0.005,0.1,0.0,0.0,0.0,8000,4000,8,4,37.0,12,105.0,36.0,20.0,470.000000,4,3,1,True,False,4,physical,21,43,0.814583,0.0
spanke_benes_rect_4x4,default,1-2-3-0,routed,4,4,0,0,11,2,4,I0-I1:4;I1-I2:4,1968.000000,3582.115008,1614.115008,1.235198,3.503941,2.268743,1.424558,8.0,3.5,4.0,6.0,10.0,20.0,16.0,48.0,80.0,200.0,False,0.002,0.005,0.1,0.0,0.0,0.0,8000,4000,8,4,37.0,12,105.0,36.0,20.0,470.000000,6,3,1,True,False,4,physical,22,43,0.582146,0.0
spanke_benes_rect_4x4,default,0-1-3-2,routed,4,4,0,0,13,3,5,I0-I1:4;I1-I3:4;I2-I3:5,1968.000000,3621.283155,1653.283155,1.235198,3.507941,2.272743,1.534142,8.0,3.5,4.0,6.0,10.0,20.0,16.0,48.0,80.0,200.0,False,0.002,0.005,0.1,0.0,0.0,0.0,8000,4000,8,4,37.0,12,105.0,36.0,20.0,470.000000,8,3,1,True,False,4,physical,23,43,1.047328,0.0
padded_benes_8x8,default,3-1-2-0-4,failed,5,4,1,0,20,6,5,I0-I1:3;I0-I2:5;I0-I4:2;I1-I2:4;I1-I4:2;I2-I4:4,3699.000000,4995.048623,1296.048623,2.889497,4.847196,1.957699,1.243274,8.0,3.5,4.0,6.0,10.0,20.0,16.0,48.0,80.0,200.0,False,0.002,0.005,0.1,0.0,0.0,0.0,8000,4000,8,4,37.0,12,105.0,36.0,20.0,575.000000,12,3,4,True,True,5,physical,0,43,6.332728,0.2
padded_benes_8x8,default,4-0-3-1-2,failed,5,4,1,0,22,5,6,I0-I1:3;I0-I3:3;I1-I2:6;I1-I3:4;I2-I3:5,3699.000000,5339.150384,1640.150384,2.940830,5.074695,2.133865,1.433575,8.0,3.5,4.0,6.0,10.0,20.0,16.0,48.0,80.0,200.0,False,0.002,0.005,0.1,0.0,0.0,0.0,8000,4000,8,4,37.0,12,105.0,36.0,20.0,575.000000,24,3,3,True,True,5,physical,1,43,14.280240,0.2
padded_benes_8x8,default,3-4-0-2-1,failed,5,4,1,0,13,4,3,I0-I1:2;I0-I3:3;I1-I3:3;I3-I4:3,3787.000000,5363.150384,1576.150384,2.838164,4.568571,1.730407,1.091575,8.0,3.5,4.0,6.0,10.0,20.0,16.0,48.0,80.0,200.0,False,0.002,0.005,0.1,0.0,0.0,0.0,8000,4000,8,4,37.0,12,105.0,36.0,20.0,575.000000,15,3,3,True,True,5,physical,2,43,8.104908,0.2
padded_benes_8x8,default,1-4-0-3-2,routed,5,5,0,0,25,8,4,I0-I1:2;I0-I2:3;I0-I3:4;I1-I2:3;I1-I3:3;I2-I3:4;I2-I4:2;I3-I4:3,3787.000000,6821.623814,3034.623814,3.009497,4.925361,1.915864,1.432850,8.0,3.5,4.0,6.0,10.0,20.0,16.0,48.0,80.0,200.0,False,0.002,0.005,0.1,0.0,0.0,0.0,8000,4000,8,4,37.0,12,105.0,36.0,20.0,575.000000,10,3,1,True,False,5,physical,3,43,4.678222,0.0
padded_benes_8x8,default,2-0-3-4-1,failed,5,4,1,0,11,4,3,I0-I1:3;I0-I3:2;I1-I3:2;I1-I4:2,3603.000000,4908.858347,1305.858347,2.612830,3.804653,1.191823,0.876929,8.0,3.5,4.0,6.0,10.0,20.0,16.0,48.0,80.0,200.0,False,0.002,0.005,0.1,0.0,0.0,0.0,8000,4000,8,4,37.0,12,105.0,36.0,20.0,575.000000,13,3,4,True,True,5,physical,4,43,8.956948,0.2
padded_benes_8x8,default,4-1-2-3-0,failed,5,4,1,0,27,6,8,I0-I1:3;I0-I2:3;I0-I3:3;I1-I2:4;I1-I3:6;I2-I3:8,3699.000000,5873.150384,2174.150384,2.906831,6.330902,3.424071,1.928575,8.0,3.5,4.0,6.0,10.0,20.0,16.0,48.0,80.0,200.0,False,0.002,0.005,0.1,0.0,0.0,0.0,8000,4000,8,4,37.0,12,105.0,36.0,20.0,575.000000,29,3,3,True,True,5,physical,5,43,18.776089,0.2
padded_benes_8x8,default,3-0-2-4-1,failed,5,4,1,0,20,6,5,I0-I1:3;I0-I2:5;I0-I3:2;I1-I2:4;I1-I3:2;I2-I3:4,3603.000000,5282.274274,1679.274274,2.612830,4.831196,2.218366,1.512637,8.0,3.5,4.0,6.0,10.0,20.0,16.0,48.0,80.0,200.0,False,0.002,0.005,0.1,0.0,0.0,0.0,8000,4000,8,4,37.0,12,105.0,36.0,20.0,575.000000,12,3,4,True,True,5,physical,6,43,7.377044,0.2
padded_benes_8x8,default,1-0-2-4-3,routed,5,5,0,0,24,8,4,I0-I1:3;I0-I3:2;I0-I4:2;I1-I2:4;I1-I3:2;I1-I4:2;I2-I3:4;I2-I4:4,3603.000000,6749.915851,3146.915851,2.612830,4.731196,2.118366,1.555766,8.0,3.5,4.0,6.0,10.0,20.0,16.0,48.0,80.0,200.0,False,0.002,0.005,0.1,0.0,0.0,0.0,8000,4000,8,4,37.0,12,105.0,36.0,20.0,575.000000,10,3,1,True,False,5,physical,7,43,5.113285,0.0
padded_benes_8x8,default,4-2-3-0-1,routed,5,5,0,0,28,8,5,I0-I1:3;I0-I2:3;I0-I3:3;I1-I2:4;I1-I3:3;I2-I3:5;I2-I4:3;I3-I4:2,3699.000000,6609.083998,2910.083998,2.958164,5.045320,2.087156,1.413034,8.0,3.5,4.0,6.0,10.0,20.0,16.0,48.0,80.0,200.0,False,0.002,0.005,0.1,0.0,0.0,0.0,8000,4000,8,4,37.0,12,105.0,36.0,20.0,575.000000,11,3,1,True,False,5,physical,8,43,4.110021,0.0
padded_benes_8x8,default,3-1-4-2-0,failed,5,3,2,0,12,3,5,I0-I1:3;I0-I3:5;I1-I3:4,3603.000000,3977.508806,374.508806,2.561497,4.568571,2.007074,1.347339,8.0,3.5,4.0,6.0,10.0,20.0,16.0,48.0,80.0,200.0,False,0.002,0.005,0.1,0.0,0.0,0.0,8000,4000,8,4,37.0,12,105.0,36.0,20.0,575.000000,13,3,4,True,True,5,physical,9,43,9.308849,0.4
padded_benes_8x8,default,0-1-2-4-3,routed,5,5,0,0,25,8,4,I0-I1:4;I0-I3:2;I0-I4:2;I1-I2:4;I1-I3:2;I1-I4:2;I2-I3:4;I2-I4:4,3603.000000,6782.499925,3179.499925,2.612830,4.731196,2.118366,1.604800,8.0,3.5,4.0,6.0,10.0,20.0,16.0,48.0,80.0,200.0,False,0.002,0.005,0.1,0.0,0.0,0.0,8000,4000,8,4,37.0,12,105.0,36.0,20.0,575.000000,11,3,1,True,False,5,physical,10,43,5.522770,0.0
padded_benes_8x8,default,3-2-0-1-4,routed,5,5,0,0,35,10,6,I0-I1:5;I0-I2:3;I0-I3:3;I0-I4:2;I1-I2:5;I1-I3:3;I1-I4:2;I2-I3:6;I2-I4:2;I3-I4:4,3699.000000,6605.668072,2906.668072,2.838164,5.703403,2.865239,1.687667,8.0,3.5,4.0,6.0,10.0,20.0,16.0,48.0,80.0,200.0,False,0.002,0.005,0.1,0.0,0.0,0.0,8000,4000,8,4,37.0,12,105.0,36.0,20.0,575.000000,12,3,1,True,False,5,physical,11,43,5.435430,0.0
padded_benes_8x8,default,3-4-2-0-1,failed,5,4,1,0,13,4,3,I0-I1:2;I0-I2:3;I1-I2:3;I2-I4:3,3787.000000,5287.296402,1500.296402,2.889497,4.431196,1.541699,1.060398,8.0,3.5,4.0,6.0,10.0,20.0,16.0,48.0,80.0,200.0,False,0.002,0.005,0.1,0.0,0.0,0.0,8000,4000,8,4,37.0,12,105.0,36.0,20.0,575.000000,13,3,4,True,True,5,physical,12,43,6.399612,0.2
padded_benes_8x8,default,0-1-2-3-4,routed,5,5,0,0,36,10,6,I0-I1:4;I0-I2:4;I0-I3:4;I0-I4:2;I1-I2:4;I1-I3:4;I1-I4:2;I2-I3:6;I2-I4:2;I3-I4:4,3699.000000,6779.712329,3080.712329,2.906831,6.109238,3.202407,1.863285,8.0,3.5,4.0,6.0,10.0,20.0,16.0,48.0,80.0,200.0,False,0.002,0.005,0.1,0.0,0.0,0.0,8000,4000,8,4,37.0,12,105.0,36.0,20.0,575.000000,12,3,1,True,False,5,physical,13,43,6.792890,0.0
padded_benes_8x8,default,4-3-0-1-2,routed,5,5,0,0,33,9,6,I0-I1:3;I0-I2:3;I0-I3:3;I1-I2:5;I1-I3:3;I1-I4:5;I2-I3:6;I2-I4:2;I3-I4:2,3699.000000,6768.499925,3069.499925,2.838164,5.431403,2.593239,1.640800,8.0,3.5,4.0,6.0,10.0,20.0,16.0,48.0,80.0,200.0,False,0.002,0.005,0.1,0.0,0.0,0.0,8000,4000,8,4,37.0,12,105.0,36.0,20.0,575.000000,13,3,1,True,False,5,physical,14,43,4.994622,0.0
padded_benes_8x8,default,0-3-2-1-4,routed,5,5,0,0,33,10,5,I0-I1:2;I0-I2:4;I0-I3:4;I0-I4:2;I1-I2:5;I1-I3:3;I1-I4:2;I2-I3:5;I2-I4:2;I3-I4:4,3699.000000,6714.252145,3015.252145,2.906831,5.776819,2.869988,1.687101,8.0,3.5,4.0,6.0,10.0,20.0,16.0,48.0,80.0,200.0,False,0.002,0.005,0.1,0.0,0.0,0.0,8000,4000,8,4,37.0,12,105.0,36.0,20.0,575.000000,11,3,1,True,False,5,physical,15,43,4.495277,0.0
padded_benes_8x8,default,2-3-0-1-4,routed,5,5,0,0,34,10,8,I0-I1:4;I0-I2:3;I0-I3:3;I0-I4:2;I1-I2:3;I1-I3:3;I1-I4:2;I2-I3:8;I2-I4:2;I3-I4:4,3699.000000,6671.960108,2972.960108,2.838164,6.110235,3.272071,1.672184,8.0,3.5,4.0,6.0,10.0,20.0,16.0,48.0,80.0,200.0,False,0.002,0.005,0.1,0.0,0.0,0.0,8000,4000,8,4,37.0,12,105.0,36.0,20.0,575.000000,12,3,1,True,False,5,physical,16,43,5.938488,0.0
padded_benes_8x8,default,1-4-2-3-0,routed,5,5,0,0,34,9,8,I0-I1:2;I0-I2:4;I0-I3:4;I0-I4:3;I1-I2:3;I1-I3:3;I2-I3:8;I2-I4:3;I3-I4:3,3787.000000,7239.623814,3452.623814,2.906831,6.504318,3.597487,2.000050,8.0,3.5,4.0,6.0,10.0,20.0,16.0,48.0,80.0,200.0,False,0.002,0.005,0.1,0.0,0.0,0.0,8000,4000,8,4,37.0,12,105.0,36.0,20.0,575.000000,15,3,1,True,False,5,physical,17,43,7.729199,0.0
padded_benes_8x8,default,2-4-0-3-1,failed,5,3,2,0,7,2,3,I1-I3:3;I3-I4:3,3787.000000,4503.756586,716.756586,2.838164,4.612070,1.773906,1.115504,8.0,3.5,4.0,6.0,10.0,20.0,16.0,48.0,80.0,200.0,False,0.002,0.005,0.1,0.0,0.0,0.0,8000,4000,8,4,37.0,12,105.0,36.0,20.0,575.000000,17,3,3,True,True,5,physical,18,43,9.812740,0.4
padded_benes_8x8,default,4-3-0-2-1,routed,5,5,0,0,28,8,5,I0-I1:3;I0-I2:3;I0-I3:3;I1-I2:3;I1-I3:5;I2-I3:4;I2-I4:2;I3-I4:3,3699.000000,6682.791961,2983.791961,2.958164,4.849361,1.891197,1.444517,8.0,3.5,4.0,6.0,10.0,20.0,16.0,48.0,80.0,200.0,False,0.002,0.005,0.1,0.0,0.0,0.0,8000,4000,8,4,37.0,12,105.0,36.0,20.0,575.000000,12,3,1,True,False,5,physical,19,43,4.243562,0.0
padded_benes_8x8,default,2-0-4-3-1,failed,5,3,2,0,7,3,3,I0-I1:3;I0-I2:2;I1-I2:2,3603.000000,3479.946861,-123.053139,2.561497,3.531196,0.969699,0.687965,8.0,3.5,4.0,6.0,10.0,20.0,16.0,48.0,80.0,200.0,False,0.002,0.005,0.1,0.0,0.0,0.0,8000,4000,8,4,37.0,12,105.0,36.0,20.0,575.000000,15,3,4,True,True,5,physical,20,43,11.501494,0.4
padded_benes_8x8,default,2-3-1-0-4,routed,5,5,0,0,33,10,6,I0-I1:6;I0-I2:3;I0-I3:3;I0-I4:2;I1-I2:3;I1-I3:3;I1-I4:2;I2-I3:5;I2-I4:2;I3-I4:4,3699.000000,6617.668072,2918.668072,2.889497,5.488152,2.598655,1.612467,8.0,3.5,4.0,6.0,10.0,20.0,16.0,48.0,80.0,200.0,False,0.002,0.005,0.1,0.0,0.0,0.0,8000,4000,8,4,37.0,12,105.0,36.0,20.0,575.000000,11,3,1,True,False,5,physical,21,43,5.187996,0.0
padded_benes_8x8,default,1-0-3-2-4,routed,5,5,0,0,36,10,7,I0-I1:3;I0-I2:4;I0-I3:4;I0-I4:2;I1-I2:4;I1-I3:4;I1-I4:2;I2-I3:7;I2-I4:2;I3-I4:4,3699.000000,6940.252145,3241.252145,2.958164,6.855651,3.897487,1.937501,8.0,3.5,4.0,6.0,10.0,20.0,16.0,48.0,80.0,200.0,False,0.002,0.005,0.1,0.0,0.0,0.0,8000,4000,8,4,37.0,12,105.0,36.0,20.0,575.000000,12,3,1,True,False,5,physical,22,43,6.886509,0.0
padded_benes_8x8,default,2-1-3-0-4,failed,5,4,1,0,24,6,6,I1-I2:6;I1-I3:5;I1-I4:2;I2-I3:5;I2-I4:4;I3-I4:2,3699.000000,5513.880476,1814.880476,2.889497,5.390695,2.501198,1.524690,8.0,3.5,4.0,6.0,10.0,20.0,16.0,48.0,80.0,200.0,False,0.002,0.005,0.1,0.0,0.0,0.0,8000,4000,8,4,37.0,12,105.0,36.0,20.0,575.000000,16,3,3,True,True,5,physical,23,43,13.416762,0.2
padded_benes_8x8,default,2-3-0-4-1,routed,5,5,0,0,25,7,4,I0-I1:4;I0-I2:3;I0-I3:2;I1-I2:3;I1-I3:2;I2-I3:4;I2-I4:4,3603.000000,6797.915851,3194.915851,2.740830,4.958529,2.217699,1.534966,8.0,3.5,4.0,6.0,10.0,20.0,16.0,48.0,80.0,200.0,False,0.002,0.005,0.1,0.0,0.0,0.0,8000,4000,8,4,37.0,12,105.0,36.0,20.0,575.000000,10,3,1,True,False,5,physical,24,43,5.146969,0.0
padded_benes_8x8,default,4-2-0-1-3,routed,5,5,0,0,32,9,6,I0-I1:3;I0-I2:3;I0-I3:3;I1-I2:5;I1-I3:3;I1-I4:4;I2-I3:6;I2-I4:2;I3-I4:2,3699.000000,6674.791961,2975.791961,2.838164,5.389987,2.551823,1.561317,8.0,3.5,4.0,6.0,10.0,20.0,16.0,48.0,80.0,200.0,False,0.002,0.005,0.1,0.0,0.0,0.0,8000,4000,8,4,37.0,12,105.0,36.0,20.0,575.000000,12,3,1,True,False,5,physical,25,43,4.534358,0.0
padded_benes_8x8,default,1-2-3-0-4,routed,5,5,0,0,31,10,5,I0-I1:2;I0-I2:4;I0-I3:3;I0-I4:2;I1-I2:4;I1-I3:3;I1-I4:2;I2-I3:5;I2-I4:2;I3-I4:4,3699.000000,6534.544182,2835.544182,2.958164,5.390736,2.432572,1.533218,8.0,3.5,4.0,6.0,10.0,20.0,16.0,48.0,80.0,200.0,False,0.002,0.005,0.1,0.0,0.0,0.0,8000,4000,8,4,37.0,12,105.0,36.0,20.0,575.000000,9,3,1,True,False,5,physical,26,43,4.280268,0.0
padded_benes_8x8,default,1-0-2-3-4,routed,5,5,0,0,37,10,8,I0-I1:5;I0-I2:4;I0-I3:4;I0-I4:2;I1-I2:4;I1-I3:4;I1-I4:2;I2-I3:8;I2-I4:2;I3-I4:2,3699.000000,7064.499925,3365.499925,2.906831,6.504318,3.597487,2.039200,8.0,3.5,4.0,6.0,10.0,20.0,16.0,48.0,80.0,200.0,False,0.002,0.005,0.1,0.0,0.0,0.0,8000,4000,8,4,37.0,12,105.0,36.0,20.0,575.000000,16,3,1,True,False,5,physical,27,43,6.847701,0.0
padded_benes_8x8,default,4-3-2-0-1,routed,5,5,0,0,29,8,5,I0-I1:3;I0-I2:3;I0-I3:3;I1-I2:5;I1-I3:3;I2-I3:5;I2-I4:3;I3-I4:2,3699.000000,6667.083998,2968.083998,2.906831,5.086736,2.179905,1.476234,8.0,3.5,4.0,6.0,10.0,20.0,16.0,48.0,80.0,200.0,False,0.002,0.005,0.1,0.0,0.0,0.0,8000,4000,8,4,37.0,12,105.0,36.0,20.0,575.000000,12,3,1,True,False,5,physical,28,43,4.219848,0.0
padded_benes_8x8,default,3-2-1-0-4,routed,5,5,0,0,34,10,5,I0-I1:5;I0-I2:3;I0-I3:3;I0-I4:2;I1-I2:5;I1-I3:3;I1-I4:2;I2-I3:5;I2-I4:2;I3-I4:4,3699.000000,6581.376035,2882.376035,2.889497,5.532152,2.642655,1.639950,8.0,3.5,4.0,6.0,10.0,20.0,16.0,48.0,80.0,200.0,False,0.002,0.005,0.1,0.0,0.0,0.0,8000,4000,8,4,37.0,12,105.0,36.0,20.0,575.000000,10,3,1,True,False,5,physical,29,43,5.102606,0.0
padded_benes_8x8,default,1-3-4-0-2,routed,5,5,0,0,27,9,5,I0-I1:2;I0-I2:2;I0-I3:3;I0-I4:2;I1-I2:2;I1-I3:3;I1-I4:5;I2-I3:5;I3-I4:2,3603.000000,6848.499925,3245.499925,2.753497,4.995904,2.242407,1.671200,8.0,3.5,4.0,6.0,10.0,20.0,16.0,48.0,80.0,200.0,False,0.002,0.005,0.1,0.0,0.0,0.0,8000,4000,8,4,37.0,12,105.0,36.0,20.0,575.000000,12,3,1,True,False,5,physical,30,43,6.689387,0.0
padded_benes_8x8,default,1-2-0-3-4,routed,5,5,0,0,30,10,4,I0-I1:2;I0-I2:3;I0-I3:4;I0-I4:2;I1-I2:3;I1-I3:4;I1-I4:2;I2-I3:4;I2-I4:4;I3-I4:2,3699.000000,6454.252145,2755.252145,3.009497,5.023945,2.014448,1.463101,8.0,3.5,4.0,6.0,10.0,20.0,16.0,48.0,80.0,200.0,False,0.002,0.005,0.1,0.0,0.0,0.0,8000,4000,8,4,37.0,12,105.0,36.0,20.0,575.000000,9,3,1,True,False,5,physical,31,43,3.993844,0.0
padded_benes_8x8,default,4-1-2-0-3,failed,5,4,1,0,17,4,6,I0-I1:3;I1-I2:4;I1-I4:2;I2-I4:6,3699.000000,5092.172512,1393.172512,2.889497,4.631196,1.741699,1.099336,8.0,3.5,4.0,6.0,10.0,20.0,16.0,48.0,80.0,200.0,False,0.002,0.005,0.1,0.0,0.0,0.0,8000,4000,8,4,37.0,12,105.0,36.0,20.0,575.000000,13,3,4,True,True,5,physical,32,43,6.156870,0.2
padded_benes_8x8,default,1-0-3-4-2,failed,5,4,1,0,17,5,6,I0-I1:3;I0-I3:2;I1-I2:6;I1-I3:2;I2-I3:4,3603.000000,5352.566310,1749.566310,2.612830,4.874695,2.261865,1.459283,8.0,3.5,4.0,6.0,10.0,20.0,16.0,48.0,80.0,200.0,False,0.002,0.005,0.1,0.0,0.0,0.0,8000,4000,8,4,37.0,12,105.0,36.0,20.0,575.000000,12,3,3,True,True,5,physical,33,43,11.265072,0.2
padded_benes_8x8,default,2-0-4-1-3,routed,5,5,0,0,28,9,4,I0-I1:3;I0-I2:2;I0-I3:3;I0-I4:4;I1-I2:2;I1-I3:4;I1-I4:4;I2-I3:3;I3-I4:2,3691.000000,7047.331778,3356.331778,2.740830,5.046777,2.305947,1.843533,8.0,3.5,4.0,6.0,10.0,20.0,16.0,48.0,80.0,200.0,False,0.002,0.005,0.1,0.0,0.0,0.0,8000,4000,8,4,37.0,12,105.0,36.0,20.0,575.000000,11,3,1,True,False,5,physical,34,43,5.449754,0.0
padded_benes_8x8,default,1-2-0-4-3,routed,5,5,0,0,25,9,4,I0-I1:2;I0-I2:3;I0-I3:2;I0-I4:2;I1-I2:3;I1-I3:2;I1-I4:4;I2-I3:4;I2-I4:2,3603.000000,6790.499925,3187.499925,2.740830,4.717113,1.976283,1.568000,8.0,3.5,4.0,6.0,10.0,20.0,16.0,48.0,80.0,200.0,False,0.002,0.005,0.1,0.0,0.0,0.0,8000,4000,8,4,37.0,12,105.0,36.0,20.0,575.000000,11,3,1,True,False,5,physical,35,43,6.153783,0.0
padded_benes_8x8,default,4-2-1-3-0,routed,5,5,0,0,28,8,4,I0-I1:3;I0-I2:3;I0-I3:3;I1-I2:3;I1-I3:4;I2-I3:4;I2-I4:3;I3-I4:3,3699.000000,6733.230016,3034.230016,3.009497,5.120612,2.111115,1.461692,8.0,3.5,4.0,6.0,10.0,20.0,16.0,48.0,80.0,200.0,False,0.002,0.005,0.1,0.0,0.0,0.0,8000,4000,8,4,37.0,12,105.0,36.0,20.0,575.000000,12,3,1,True,False,5,physical,36,43,4.633929,0.0
padded_benes_8x8,default,3-1-2-4-0,failed,5,4,1,0,20,6,5,I0-I1:3;I0-I2:5;I0-I3:2;I1-I2:4;I1-I3:2;I2-I3:4,3603.000000,5382.566310,1779.566310,2.612830,4.831196,2.218366,1.552283,8.0,3.5,4.0,6.0,10.0,20.0,16.0,48.0,80.0,200.0,False,0.002,0.005,0.1,0.0,0.0,0.0,8000,4000,8,4,37.0,12,105.0,36.0,20.0,575.000000,13,3,4,True,True,5,physical,37,43,7.444029,0.2
padded_benes_8x8,default,2-4-1-0-3,routed,5,5,0,0,28,9,5,I0-I1:2;I0-I2:3;I0-I3:3;I0-I4:4;I1-I2:3;I1-I3:3;I2-I3:5;I2-I4:2;I3-I4:2,3787.000000,7000.207888,3213.207888,2.889497,5.564152,2.674655,1.580283,8.0,3.5,4.0,6.0,10.0,20.0,16.0,48.0,80.0,200.0,False,0.002,0.005,0.1,0.0,0.0,0.0,8000,4000,8,4,37.0,12,105.0,36.0,20.0,575.000000,12,3,1,True,False,5,physical,38,43,5.712484,0.0
padded_benes_8x8,default,4-3-2-1-0,routed,5,5,0,0,30,8,5,I0-I1:3;I0-I2:3;I0-I3:3;I1-I2:5;I1-I3:3;I2-I3:5;I2-I4:3;I3-I4:3,3699.000000,6775.522053,3076.522053,2.906831,5.399403,2.492572,1.556609,8.0,3.5,4.0,6.0,10.0,20.0,16.0,48.0,80.0,200.0,False,0.002,0.005,0.1,0.0,0.0,0.0,8000,4000,8,4,37.0,12,105.0,36.0,20.0,575.000000,13,3,1,True,False,5,physical,39,43,4.656273,0.0
padded_benes_8x8,default,1-3-2-0-4,routed,5,5,0,0,32,10,5,I0-I1:2;I0-I2:4;I0-I3:3;I0-I4:2;I1-I2:5;I1-I3:3;I1-I4:2;I2-I3:5;I2-I4:2;I3-I4:4,3699.000000,6575.960108,2876.960108,2.906831,5.314736,2.407905,1.593784,8.0,3.5,4.0,6.0,10.0,20.0,16.0,48.0,80.0,200.0,False,0.002,0.005,0.1,0.0,0.0,0.0,8000,4000,8,4,37.0,12,105.0,36.0,20.0,575.000000,10,3,1,True,False,5,physical,40,43,3.624338,0.0
padded_benes_8x8,default,0-2-4-3-1,routed,5,5,0,0,22,7,4,I0-I1:2;I0-I2:2;I0-I3:4;I0-I4:2;I1-I2:2;I1-I3:4;I2-I3:3,3691.000000,6930.499925,3239.499925,2.809497,4.883904,2.074407,1.548800,8.0,3.5,4.0,6.0,10.0,20.0,16.0,48.0,80.0,200.0,False,0.002,0.005,0.1,0.0,0.0,0.0,8000,4000,8,4,37.0,12,105.0,36.0,20.0,575.000000,11,3,1,True,False,5,physical,41,43,4.557299,0.0
padded_benes_8x8,default,3-0-1-2-4,routed,5,5,0,0,33,10,6,I0-I1:3;I0-I2:3;I0-I3:5;I0-I4:2;I1-I2:4;I1-I3:4;I1-I4:2;I2-I3:6;I2-I4:2;I3-I4:2,3699.000000,6244.836218,2545.836218,2.889497,5.207155,2.317658,1.495334,8.0,3.5,4.0,6.0,10.0,20.0,16.0,48.0,80.0,200.0,False,0.002,0.005,0.1,0.0,0.0,0.0,8000,4000,8,4,37.0,12,105.0,36.0,20.0,575.000000,8,3,1,True,False,5,physical,42,43,3.636570,0.0
padded_benes_8x8,default,0-3-4-2-1,routed,5,5,0,0,23,7,5,I0-I1:2;I0-I2:2;I0-I3:4;I0-I4:2;I1-I2:2;I1-I3:5;I2-I3:3,3691.000000,6988.499925,3297.499925,2.758164,4.787155,2.028991,1.612000,8.0,3.5,4.0,6.0,10.0,20.0,16.0,48.0,80.0,200.0,False,0.002,0.005,0.1,0.0,0.0,0.0,8000,4000,8,4,37.0,12,105.0,36.0,20.0,575.000000,12,3,1,True,False,5,physical,43,43,4.684672,0.0
padded_benes_8x8,default,2-4-1-3-0,failed,5,3,2,0,7,2,3,I1-I3:3;I3-I4:3,3787.000000,4387.756586,600.756586,2.889497,4.612070,1.722573,1.048838,8.0,3.5,4.0,6.0,10.0,20.0,16.0,48.0,80.0,200.0,False,0.002,0.005,0.1,0.0,0.0,0.0,8000,4000,8,4,37.0,12,105.0,36.0,20.0,575.000000,16,3,3,True,True,5,physical,44,43,9.547260,0.4
padded_benes_8x8,default,0-1-3-4-2,failed,5,4,1,0,18,5,6,I0-I1:4;I0-I3:2;I1-I2:6;I1-I3:2;I2-I3:4,3603.000000,5400.858347,1797.858347,2.612830,4.874695,2.261865,1.530929,8.0,3.5,4.0,6.0,10.0,20.0,16.0,48.0,80.0,200.0,False,0.002,0.005,0.1,0.0,0.0,0.0,8000,4000,8,4,37.0,12,105.0,36.0,20.0,575.000000,13,3,3,True,True,5,physical,45,43,11.647934,0.2
padded_benes_8x8,default,3-2-1-4-0,routed,5,5,0,0,23,6,5,I0-I1:3;I0-I3:2;I1-I2:3;I1-I3:2;I2-I3:4;I2-I4:5,3603.000000,6582.353906,2979.353906,2.753497,4.749780,1.996283,1.365742,8.0,3.5,4.0,6.0,10.0,20.0,16.0,48.0,80.0,200.0,False,0.002,0.005,0.1,0.0,0.0,0.0,8000,4000,8,4,37.0,12,105.0,36.0,20.0,575.000000,10,3,1,True,False,5,physical,46,43,3.501463,0.0
padded_benes_8x8,default,0-1-4-3-2,failed,5,4,1,0,21,5,7,I0-I1:4;I0-I2:2;I1-I2:2;I1-I3:6;I2-I3:7,3603.000000,5407.150384,1804.150384,2.561497,5.312070,2.750573,1.681575,8.0,3.5,4.0,6.0,10.0,20.0,16.0,48.0,80.0,200.0,False,0.002,0.005,0.1,0.0,0.0,0.0,8000,4000,8,4,37.0,12,105.0,36.0,20.0,575.000000,13,3,3,True,True,5,physical,47,43,11.807920,0.2
padded_benes_8x8,default,3-1-4-0-2,routed,5,5,0,0,24,8,5,I0-I1:3;I0-I3:3;I0-I4:3;I1-I2:2;I1-I3:5;I1-I4:2;I2-I3:3;I3-I4:2,3691.000000,7152.893723,3461.893723,2.689497,5.018358,2.328861,1.728757,8.0,3.5,4.0,6.0,10.0,20.0,16.0,48.0,80.0,200.0,False,0.002,0.005,0.1,0.0,0.0,0.0,8000,4000,8,4,37.0,12,105.0,36.0,20.0,575.000000,13,3,1,True,False,5,physical,48,43,6.257437,0.0
padded_benes_8x8,default,0-2-4-1-3,routed,5,5,0,0,27,9,7,I0-I1:2;I0-I2:2;I0-I3:2;I0-I4:2;I1-I2:2;I1-I3:3;I1-I4:2;I2-I3:7;I3-I4:4,3603.000000,6742.791961,3139.791961,2.766164,5.219155,2.452991,1.626917,8.0,3.5,4.0,6.0,10.0,20.0,16.0,48.0,80.0,200.0,False,0.002,0.005,0.1,0.0,0.0,0.0,8000,4000,8,4,37.0,12,105.0,36.0,20.0,575.000000,11,3,1,True,False,5,physical,49,43,5.510499,0.0
padded_benes_8x8,default,1-0-4-2-3,routed,5,5,0,0,27,8,7,I0-I1:3;I0-I2:2;I0-I4:2;I1-I2:2;I1-I3:4;I1-I4:2;I2-I3:7;I3-I4:4,3603.000000,6740.499925,3137.499925,2.612830,5.168571,2.555741,1.668000,8.0,3.5,4.0,6.0,10.0,20.0,16.0,48.0,80.0,200.0,False,0.002,0.005,0.1,0.0,0.0,0.0,8000,4000,8,4,37.0,12,105.0,36.0,20.0,575.000000,10,3,1,True,False,5,physical,50,43,5.248384,0.0
padded_benes_8x8,default,1-4-2-0-3,routed,5,5,0,0,27,8,5,I0-I1:2;I0-I2:4;I0-I3:3;I1-I2:3;I1-I3:3;I2-I3:5;I2-I4:4;I3-I4:2,3787.000000,6962.499925,3175.499925,2.906831,5.524152,2.617321,1.563200,8.0,3.5,4.0,6.0,10.0,20.0,16.0,48.0,80.0,200.0,False,0.002,0.005,0.1,0.0,0.0,0.0,8000,4000,8,4,37.0,12,105.0,36.0,20.0,575.000000,11,3,1,True,False,5,physical,51,43,4.562067,0.0
padded_benes_8x8,default,1-4-0-2-3,routed,5,5,0,0,26,8,4,I0-I1:2;I0-I2:3;I0-I3:4;I1-I2:3;I1-I3:3;I2-I3:4;I2-I4:2;I3-I4:4,3787.000000,7014.499925,3227.499925,2.958164,5.137361,2.179197,1.544000,8.0,3.5,4.0,6.0,10.0,20.0,16.0,48.0,80.0,200.0,False,0.002,0.005,0.1,0.0,0.0,0.0,8000,4000,8,4,37.0,12,105.0,36.0,20.0,575.000000,11,3,1,True,False,5,physical,52,43,4.380732,0.0
padded_benes_8x8,default,1-2-3-4-0,routed,5,5,0,0,22,6,4,I0-I1:2;I0-I2:4;I0-I3:2;I1-I2:4;I1-I3:2;I2-I3:4,3691.000000,6866.499925,3175.499925,2.758164,4.766447,2.008283,1.523200,8.0,3.5,4.0,6.0,10.0,20.0,16.0,48.0,80.0,200.0,False,0.002,0.005,0.1,0.0,0.0,0.0,8000,4000,8,4,37.0,12,105.0,36.0,20.0,575.000000,10,3,1,True,False,5,physical,53,43,4.208244,0.0
padded_benes_8x8,default,4-3-1-0-2,failed,5,4,1,0,16,5,5,I0-I2:3;I0-I3:3;I2-I3:5;I2-I4:2;I3-I4:2,3699.000000,5308.712329,1609.712329,2.889497,4.818736,1.929239,1.064106,8.0,3.5,4.0,6.0,10.0,20.0,16.0,48.0,80.0,200.0,False,0.002,0.005,0.1,0.0,0.0,0.0,8000,4000,8,4,37.0,12,105.0,36.0,20.0,575.000000,28,3,4,True,True,5,physical,54,43,30.690404,0.2
padded_benes_8x8,default,4-0-2-1-3,failed,5,4,1,0,17,4,6,I0-I1:3;I1-I2:4;I1-I4:2;I2-I4:6,3699.000000,4991.880476,1292.880476,2.940830,4.631196,1.690366,1.059690,8.0,3.5,4.0,6.0,10.0,20.0,16.0,48.0,80.0,200.0,False,0.002,0.005,0.1,0.0,0.0,0.0,8000,4000,8,4,37.0,12,105.0,36.0,20.0,575.000000,12,3,4,True,True,5,physical,55,43,6.098969,0.2
padded_benes_8x8,default,1-4-3-0-2,routed,5,5,0,0,26,8,5,I0-I1:2;I0-I2:4;I0-I3:3;I1-I2:3;I1-I3:3;I2-I3:5;I2-I4:3;I3-I4:2,3787.000000,6806.791961,3019.791961,2.958164,4.966447,2.008283,1.458917,8.0,3.5,4.0,6.0,10.0,20.0,16.0,48.0,80.0,200.0,False,0.002,0.005,0.1,0.0,0.0,0.0,8000,4000,8,4,37.0,12,105.0,36.0,20.0,575.000000,10,3,1,True,False,5,physical,56,43,5.128987,0.0
padded_benes_8x8,default,2-1-3-4-0,failed,5,4,1,0,19,5,6,I1-I2:6;I1-I3:2;I1-I4:3;I2-I3:4;I2-I4:3,3603.000000,5795.544182,2192.544182,2.612830,5.174695,2.561865,1.633522,8.0,3.5,4.0,6.0,10.0,20.0,16.0,48.0,80.0,200.0,False,0.002,0.005,0.1,0.0,0.0,0.0,8000,4000,8,4,37.0,12,105.0,36.0,20.0,575.000000,17,3,3,True,True,5,physical,57,43,12.506609,0.2
padded_benes_8x8,default,1-3-4-2-0,routed,5,5,0,0,22,6,5,I0-I1:2;I0-I2:2;I0-I3:4;I1-I2:2;I1-I3:5;I2-I3:3,3691.000000,6940.207888,3249.207888,2.758164,4.787155,2.028991,1.554683,8.0,3.5,4.0,6.0,10.0,20.0,16.0,48.0,80.0,200.0,False,0.002,0.005,0.1,0.0,0.0,0.0,8000,4000,8,4,37.0,12,105.0,36.0,20.0,575.000000,11,3,1,True,False,5,physical,58,43,4.387751,0.0
padded_benes_8x8,default,3-4-2-1-0,failed,5,4,1,0,13,4,3,I0-I1:2;I0-I2:3;I1-I2:3;I2-I4:3,3787.000000,5171.296402,1384.296402,2.940830,4.431196,1.490366,1.010398,8.0,3.5,4.0,6.0,10.0,20.0,16.0,48.0,80.0,200.0,False,0.002,0.005,0.1,0.0,0.0,0.0,8000,4000,8,4,37.0,12,105.0,36.0,20.0,575.000000,12,3,4,True,True,5,physical,59,43,5.356359,0.2
padded_benes_8x8,default,1-0-4-3-2,failed,5,4,1,0,16,5,5,I0-I1:3;I0-I2:2;I1-I2:2;I1-I3:4;I2-I3:5,3603.000000,5390.274274,1787.274274,2.561497,4.912070,2.350573,1.430637,8.0,3.5,4.0,6.0,10.0,20.0,16.0,48.0,80.0,200.0,False,0.002,0.005,0.1,0.0,0.0,0.0,8000,4000,8,4,37.0,12,105.0,36.0,20.0,575.000000,12,3,3,True,True,5,physical,60,43,11.767626,0.2
padded_benes_8x8,default,1-3-2-4-0,routed,5,5,0,0,23,6,5,I0-I1:2;I0-I2:4;I0-I3:2;I1-I2:5;I1-I3:2;I2-I3:4,3691.000000,6923.623814,3232.623814,2.706831,4.915485,2.208654,1.592050,8.0,3.5,4.0,6.0,10.0,20.0,16.0,48.0,80.0,200.0,False,0.002,0.005,0.1,0.0,0.0,0.0,8000,4000,8,4,37.0,12,105.0,36.0,20.0,575.000000,11,3,1,True,False,5,physical,61,43,3.581432,0.0
padded_benes_8x8,default,2-1-0-3-4,failed,5,3,2,0,10,3,6,I1-I3:6;I1-I4:2;I3-I4:2,3699.000000,4323.508806,624.508806,2.838164,4.812070,1.973906,1.167339,8.0,3.5,4.0,6.0,10.0,20.0,16.0,48.0,80.0,200.0,False,0.002,0.005,0.1,0.0,0.0,0.0,8000,4000,8,4,37.0,12,105.0,36.0,20.0,575.000000,17,3,3,True,True,5,physical,62,43,16.417574,0.4
padded_benes_8x8,default,3-2-4-0-1,routed,5,5,0,0,25,7,5,I0-I1:3;I0-I2:2;I0-I3:3;I1-I2:2;I1-I3:3;I2-I3:5;I3-I4:4,3603.000000,6682.207888,3079.207888,2.753497,5.239904,2.486407,1.486683,8.0,3.5,4.0,6.0,10.0,20.0,16.0,48.0,80.0,200.0,False,0.002,0.005,0.1,0.0,0.0,0.0,8000,4000,8,4,37.0,12,105.0,36.0,20.0,575.000000,9,3,1,True,False,5,physical,63,43,4.542079,0.0
padded_benes_8x8,default,2-4-3-1-0,failed,5,3,2,0,4,1,2,I0-I1:2,3787.000000,3433.946861,-353.053139,2.940830,3.226488,0.285658,0.329298,8.0,3.5,4.0,6.0,10.0,20.0,16.0,48.0,80.0,200.0,False,0.002,0.005,0.1,0.0,0.0,0.0,8000,4000,8,4,37.0,12,105.0,36.0,20.0,575.000000,14,3,4,True,True,5,physical,64,43,10.746997,0.4
padded_benes_8x8,default,3-4-1-0-2,routed,5,5,0,0,27,9,5,I0-I1:2;I0-I2:3;I0-I3:3;I0-I4:3;I1-I2:3;I1-I3:3;I2-I3:5;I2-I4:2;I3-I4:2,3787.000000,6823.623814,3036.623814,2.889497,5.162736,2.273239,1.473650,8.0,3.5,4.0,6.0,10.0,20.0,16.0,48.0,80.0,200.0,False,0.002,0.005,0.1,0.0,0.0,0.0,8000,4000,8,4,37.0,12,105.0,36.0,20.0,575.000000,10,3,1,True,False,5,physical,65,43,4.288680,0.0
padded_benes_8x8,default,2-4-0-1-3,routed,5,5,0,0,31,9,8,I0-I1:2;I0-I2:3;I0-I3:3;I0-I4:2;I1-I2:3;I1-I3:3;I2-I3:8;I2-I4:2;I3-I4:4,3787.000000,6898.499925,3111.499925,2.838164,5.772571,2.934407,1.657600,8.0,3.5,4.0,6.0,10.0,20.0,16.0,48.0,80.0,200.0,False,0.002,0.005,0.1,0.0,0.0,0.0,8000,4000,8,4,37.0,12,105.0,36.0,20.0,575.000000,12,3,1,True,False,5,physical,66,43,5.158971,0.0
padded_benes_8x8,default,0-2-3-4-1,routed,5,5,0,0,23,7,4,I0-I1:2;I0-I2:4;I0-I3:2;I0-I4:2;I1-I2:4;I1-I3:2;I2-I3:4,3691.000000,6914.791961,3223.791961,2.758164,4.766447,2.008283,1.580517,8.0,3.5,4.0,6.0,10.0,20.0,16.0,48.0,80.0,200.0,False,0.002,0.005,0.1,0.0,0.0,0.0,8000,4000,8,4,37.0,12,105.0,36.0,20.0,575.000000,11,3,1,True,False,5,physical,67,43,4.470468,0.0
padded_benes_8x8,default,1-2-4-3-0,routed,5,5,0,0,21,6,4,I0-I1:2;I0-I2:2;I0-I3:4;I1-I2:2;I1-I3:4;I2-I3:3,3691.000000,6881.331778,3190.331778,2.809497,4.678110,1.868613,1.497133,8.0,3.5,4.0,6.0,10.0,20.0,16.0,48.0,80.0,200.0,False,0.002,0.005,0.1,0.0,0.0,0.0,8000,4000,8,4,37.0,12,105.0,36.0,20.0,575.000000,10,3,1,True,False,5,physical,68,43,3.499563,0.0
padded_benes_8x8,default,1-3-0-4-2,routed,5,5,0,0,26,9,5,I0-I1:2;I0-I2:3;I0-I3:2;I0-I4:2;I1-I2:3;I1-I3:2;I1-I4:5;I2-I3:4;I2-I4:2,3603.000000,6864.207888,3261.207888,2.740830,4.758529,2.017699,1.639483,8.0,3.5,4.0,6.0,10.0,20.0,16.0,48.0,80.0,200.0,False,0.002,0.005,0.1,0.0,0.0,0.0,8000,4000,8,4,37.0,12,105.0,36.0,20.0,575.000000,12,3,1,True,False,5,physical,69,43,6.699666,0.0
padded_benes_8x8,default,0-4-2-3-1,routed,5,5,0,0,33,9,8,I0-I1:2;I0-I2:4;I0-I3:4;I0-I4:2;I1-I2:3;I1-I3:3;I2-I3:8;I2-I4:3;I3-I4:3,3787.000000,7296.499925,3509.499925,2.906831,6.445486,3.538655,1.976800,8.0,3.5,4.0,6.0,10.0,20.0,16.0,48.0,80.0,200.0,False,0.002,0.005,0.1,0.0,0.0,0.0,8000,4000,8,4,37.0,12,105.0,36.0,20.0,575.000000,14,3,1,True,False,5,physical,70,43,7.293047,0.0
padded_benes_8x8,default,4-0-2-3-1,routed,5,5,0,0,34,9,8,I0-I1:3;I0-I2:3;I0-I3:3;I1-I2:4;I1-I3:4;I1-I4:2;I2-I3:8;I2-I4:3;I3-I4:3,3699.000000,7034.207888,3335.207888,2.906831,6.504318,3.597487,1.869083,8.0,3.5,4.0,6.0,10.0,20.0,16.0,48.0,80.0,200.0,False,0.002,0.005,0.1,0.0,0.0,0.0,8000,4000,8,4,37.0,12,105.0,36.0,20.0,575.000000,16,3,1,True,False,5,physical,71,43,6.771058,0.0
padded_benes_8x8,default,3-1-0-2-4,routed,5,5,0,0,34,10,6,I0-I1:3;I0-I2:3;I0-I3:5;I0-I4:2;I1-I2:5;I1-I3:4;I1-I4:2;I2-I3:6;I2-I4:2;I3-I4:2,3699.000000,6269.274274,2570.274274,2.838164,5.207155,2.368991,1.542110,8.0,3.5,4.0,6.0,10.0,20.0,16.0,48.0,80.0,200.0,False,0.002,0.005,0.1,0.0,0.0,0.0,8000,4000,8,4,37.0,12,105.0,36.0,20.0,575.000000,9,3,1,True,False,5,physical,72,43,3.910621,0.0
padded_benes_8x8,default,3-4-1-2-0,failed,5,4,1,0,13,4,3,I0-I1:2;I0-I3:3;I1-I3:3;I3-I4:3,3787.000000,5247.150384,1460.150384,2.889497,4.568571,1.679074,1.041575,8.0,3.5,4.0,6.0,10.0,20.0,16.0,48.0,80.0,200.0,False,0.002,0.005,0.1,0.0,0.0,0.0,8000,4000,8,4,37.0,12,105.0,36.0,20.0,575.000000,14,3,3,True,True,5,physical,73,43,7.889517,0.2
padded_benes_8x8,default,3-0-2-1-4,routed,5,5,0,0,34,10,7,I0-I1:3;I0-I2:5;I0-I3:3;I0-I4:2;I1-I2:4;I1-I3:4;I1-I4:2;I2-I3:7;I2-I4:2;I3-I4:2,3699.000000,6343.960108,2644.960108,2.940830,5.356612,2.415782,1.580984,8.0,3.5,4.0,6.0,10.0,20.0,16.0,48.0,80.0,200.0,False,0.002,0.005,0.1,0.0,0.0,0.0,8000,4000,8,4,37.0,12,105.0,36.0,20.0,575.000000,8,3,1,True,False,5,physical,74,43,3.859967,0.0
padded_benes_8x8,default,0-2-1-3-4,routed,5,5,0,0,31,10,4,I0-I1:2;I0-I2:4;I0-I3:4;I0-I4:2;I1-I2:3;I1-I3:4;I1-I4:2;I2-I3:4;I2-I4:4;I3-I4:2,3699.000000,6554.836218,2855.836218,3.009497,5.400612,2.391115,1.539334,8.0,3.5,4.0,6.0,10.0,20.0,16.0,48.0,80.0,200.0,False,0.002,0.005,0.1,0.0,0.0,0.0,8000,4000,8,4,37.0,12,105.0,36.0,20.0,575.000000,10,3,1,True,False,5,physical,75,43,4.660759,0.0
padded_benes_8x8,default,0-2-3-1-4,routed,5,5,0,0,32,10,5,I0-I1:2;I0-I2:4;I0-I3:4;I0-I4:2;I1-I2:4;I1-I3:3;I1-I4:2;I2-I3:5;I2-I4:2;I3-I4:4,3699.000000,6582.836218,2883.836218,2.958164,5.735403,2.777239,1.590534,8.0,3.5,4.0,6.0,10.0,20.0,16.0,48.0,80.0,200.0,False,0.002,0.005,0.1,0.0,0.0,0.0,8000,4000,8,4,37.0,12,105.0,36.0,20.0,575.000000,10,3,1,True,False,5,physical,76,43,4.568269,0.0
padded_benes_8x8,default,3-4-0-1-2,routed,5,5,0,0,28,9,6,I0-I1:2;I0-I2:3;I0-I3:3;I0-I4:3;I1-I2:3;I1-I3:3;I2-I3:6;I2-I4:2;I3-I4:2,3787.000000,6849.915851,3062.915851,2.838164,5.463403,2.625239,1.522166,8.0,3.5,4.0,6.0,10.0,20.0,16.0,48.0,80.0,200.0,False,0.002,0.005,0.1,0.0,0.0,0.0,8000,4000,8,4,37.0,12,105.0,36.0,20.0,575.000000,12,3,1,True,False,5,physical,77,43,5.348339,0.0
padded_benes_8x8,default,0-4-3-2-1,routed,5,5,0,0,32,9,7,I0-I1:2;I0-I2:4;I0-I3:4;I0-I4:2;I1-I2:3;I1-I3:3;I2-I3:7;I2-I4:3;I3-I4:3,3787.000000,7302.499925,3515.499925,2.958164,6.492819,3.534655,1.939200,8.0,3.5,4.0,6.0,10.0,20.0,16.0,48.0,80.0,200.0,False,0.002,0.005,0.1,0.0,0.0,0.0,8000,4000,8,4,37.0,12,105.0,36.0,20.0,575.000000,14,3,1,True,False,5,physical,78,43,7.230818,0.0
padded_benes_8x8,default,4-2-1-0-3,routed,5,5,0,0,31,9,5,I0-I1:3;I0-I2:3;I0-I3:3;I1-I2:5;I1-I3:3;I1-I4:4;I2-I3:5;I2-I4:2;I3-I4:2,3699.000000,6764.207888,3065.207888,2.889497,5.330736,2.441239,1.561083,8.0,3.5,4.0,6.0,10.0,20.0,16.0,48.0,80.0,200.0,False,0.002,0.005,0.1,0.0,0.0,0.0,8000,4000,8,4,37.0,12,105.0,36.0,20.0,575.000000,12,3,1,True,False,5,physical,79,43,5.209766,0.0
padded_benes_8x8,default,1-2-4-0-3,routed,5,5,0,0,26,9,5,I0-I1:2;I0-I2:2;I0-I3:3;I0-I4:2;I1-I2:2;I1-I3:3;I1-I4:4;I2-I3:5;I3-I4:2,3603.000000,6774.791961,3171.791961,2.753497,4.954488,2.200991,1.599717,8.0,3.5,4.0,6.0,10.0,20.0,16.0,48.0,80.0,200.0,False,0.002,0.005,0.1,0.0,0.0,0.0,8000,4000,8,4,37.0,12,105.0,36.0,20.0,575.000000,11,3,1,True,False,5,physical,80,43,5.706781,0.0
padded_benes_8x8,default,2-3-4-0-1,routed,5,5,0,0,26,7,5,I0-I1:4;I0-I2:2;I0-I3:3;I1-I2:2;I1-I3:3;I2-I3:5;I3-I4:4,3603.000000,6782.207888,3179.207888,2.753497,5.195904,2.442407,1.566683,8.0,3.5,4.0,6.0,10.0,20.0,16.0,48.0,80.0,200.0,False,0.002,0.005,0.1,0.0,0.0,0.0,8000,4000,8,4,37.0,12,105.0,36.0,20.0,575.000000,10,3,1,True,False,5,physical,81,43,5.216057,0.0
padded_benes_8x8,default,4-1-3-2-0,routed,5,5,0,0,34,9,7,I0-I1:3;I0-I2:3;I0-I3:3;I1-I2:4;I1-I3:4;I1-I4:3;I2-I3:7;I2-I4:3;I3-I4:3,3699.000000,7146.791961,3447.791961,2.958164,6.510235,3.552071,1.910117,8.0,3.5,4.0,6.0,10.0,20.0,16.0,48.0,80.0,200.0,False,0.002,0.005,0.1,0.0,0.0,0.0,8000,4000,8,4,37.0,12,105.0,36.0,20.0,575.000000,17,3,1,True,False,5,physical,82,43,7.627392,0.0
padded_benes_8x8,default,2-0-1-4-3,routed,5,5,0,0,31,9,6,I0-I1:3;I0-I2:3;I0-I3:2;I0-I4:6;I1-I2:4;I1-I3:2;I1-I4:4;I2-I3:4;I2-I4:2,3691.000000,7146.747704,3455.747704,2.689497,5.393609,2.704112,2.007299,8.0,3.5,4.0,6.0,10.0,20.0,16.0,48.0,80.0,200.0,False,0.002,0.005,0.1,0.0,0.0,0.0,8000,4000,8,4,37.0,12,105.0,36.0,20.0,575.000000,12,3,1,True,False,5,physical,83,43,5.155720,0.0
padded_benes_8x8,default,0-3-4-1-2,routed,5,5,0,0,28,9,7,I0-I1:2;I0-I2:2;I0-I3:2;I0-I4:2;I1-I2:2;I1-I3:3;I1-I4:3;I2-I3:7;I3-I4:4,3603.000000,6816.499925,3213.499925,2.766164,5.260571,2.494407,1.698400,8.0,3.5,4.0,6.0,10.0,20.0,16.0,48.0,80.0,200.0,False,0.002,0.005,0.1,0.0,0.0,0.0,8000,4000,8,4,37.0,12,105.0,36.0,20.0,575.000000,12,3,1,True,False,5,physical,84,43,6.175200,0.0
padded_benes_8x8,default,4-1-3-0-2,failed,5,4,1,0,23,5,6,I0-I1:3;I0-I3:3;I1-I2:6;I1-I3:5;I2-I3:5,3699.000000,5363.588439,1664.588439,2.889497,5.074695,2.185198,1.492044,8.0,3.5,4.0,6.0,10.0,20.0,16.0,48.0,80.0,200.0,False,0.002,0.005,0.1,0.0,0.0,0.0,8000,4000,8,4,37.0,12,105.0,36.0,20.0,575.000000,25,3,3,True,True,5,physical,85,43,14.447960,0.2
padded_benes_8x8,default,4-1-0-3-2,failed,5,3,2,0,10,2,6,I0-I1:3;I1-I3:6,3699.000000,4032.092880,333.092880,2.838164,4.712070,1.873906,1.086395,8.0,3.5,4.0,6.0,10.0,20.0,16.0,48.0,80.0,200.0,False,0.002,0.005,0.1,0.0,0.0,0.0,8000,4000,8,4,37.0,12,105.0,36.0,20.0,575.000000,14,3,3,True,True,5,physical,86,43,11.004493,0.4
padded_benes_8x8,default,0-4-2-1-3,routed,5,5,0,0,30,8,5,I0-I1:2;I0-I2:4;I0-I3:4;I1-I2:3;I1-I3:3;I2-I3:5;I2-I4:4;I3-I4:4,3787.000000,6929.083998,3142.083998,2.906831,5.572571,2.665740,1.665834,8.0,3.5,4.0,6.0,10.0,20.0,16.0,48.0,80.0,200.0,False,0.002,0.005,0.1,0.0,0.0,0.0,8000,4000,8,4,37.0,12,105.0,36.0,20.0,575.000000,12,3,1,True,False,5,physical,87,43,4.996947,0.0
padded_benes_8x8,default,4-2-0-3-1,routed,5,5,0,0,27,8,4,I0-I1:3;I0-I2:3;I0-I3:3;I1-I2:3;I1-I3:4;I2-I3:4;I2-I4:2;I3-I4:3,3699.000000,6624.791961,2925.791961,3.009497,4.862488,1.852991,1.381317,8.0,3.5,4.0,6.0,10.0,20.0,16.0,48.0,80.0,200.0,False,0.002,0.005,0.1,0.0,0.0,0.0,8000,4000,8,4,37.0,12,105.0,36.0,20.0,575.000000,11,3,1,True,False,5,physical,88,43,4.102860,0.0
padded_benes_8x8,default,0-4-1-3-2,routed,5,5,0,0,26,8,4,I0-I1:2;I0-I2:4;I0-I3:4;I1-I2:3;I1-I3:3;I2-I3:4;I2-I4:2;I3-I4:3,3787.000000,6870.791961,3083.791961,3.009497,5.083904,2.074407,1.484517,8.0,3.5,4.0,6.0,10.0,20.0,16.0,48.0,80.0,200.0,False,0.002,0.005,0.1,0.0,0.0,0.0,8000,4000,8,4,37.0,12,105.0,36.0,20.0,575.000000,11,3,1,True,False,5,physical,89,43,5.687660,0.0
padded_benes_8x8,default,2-0-1-3-4,failed,5,4,1,0,16,6,4,I0-I1:3;I0-I2:3;I0-I4:2;I1-I2:4;I1-I4:2;I2-I4:2,3699.000000,4669.048623,970.048623,2.889497,3.988364,1.098867,0.798274,8.0,3.5,4.0,6.0,10.0,20.0,16.0,48.0,80.0,200.0,False,0.002,0.005,0.1,0.0,0.0,0.0,8000,4000,8,4,37.0,12,105.0,36.0,20.0,575.000000,14,3,4,True,True,5,physical,90,43,8.881929,0.2
padded_benes_8x8,default,0-3-2-4-1,routed,5,5,0,0,24,7,5,I0-I1:2;I0-I2:4;I0-I3:2;I0-I4:2;I1-I2:5;I1-I3:2;I2-I3:4,3691.000000,6972.791961,3281.791961,2.706831,4.707237,2.000406,1.643717,8.0,3.5,4.0,6.0,10.0,20.0,16.0,48.0,80.0,200.0,False,0.002,0.005,0.1,0.0,0.0,0.0,8000,4000,8,4,37.0,12,105.0,36.0,20.0,575.000000,12,3,1,True,False,5,physical,91,43,4.606343,0.0
padded_benes_8x8,default,0-3-1-4-2,routed,5,5,0,0,27,9,5,I0-I1:2;I0-I2:2;I0-I3:2;I0-I4:2;I1-I2:5;I1-I3:2;I1-I4:3;I2-I3:4;I2-I4:4,3603.000000,6839.915851,3236.915851,2.753497,4.981780,2.228283,1.671766,8.0,3.5,4.0,6.0,10.0,20.0,16.0,48.0,80.0,200.0,False,0.002,0.005,0.1,0.0,0.0,0.0,8000,4000,8,4,37.0,12,105.0,36.0,20.0,575.000000,12,3,1,True,False,5,physical,92,43,6.357207,0.0
padded_benes_8x8,default,0-2-1-4-3,routed,5,5,0,0,24,9,4,I0-I1:2;I0-I2:2;I0-I3:2;I0-I4:2;I1-I2:3;I1-I3:2;I1-I4:2;I2-I3:4;I2-I4:4,3603.000000,6736.499925,3133.499925,2.753497,4.781780,2.028283,1.506400,8.0,3.5,4.0,6.0,10.0,20.0,16.0,48.0,80.0,200.0,False,0.002,0.005,0.1,0.0,0.0,0.0,8000,4000,8,4,37.0,12,105.0,36.0,20.0,575.000000,11,3,1,True,False,5,physical,93,43,5.460058,0.0
padded_benes_8x8,default,0-4-3-1-2,routed,5,5,0,0,27,8,5,I0-I1:2;I0-I2:4;I0-I3:4;I1-I2:3;I1-I3:3;I2-I3:5;I2-I4:3;I3-I4:2,3787.000000,6902.499925,3115.499925,2.958164,5.372571,2.414407,1.539200,8.0,3.5,4.0,6.0,10.0,20.0,16.0,48.0,80.0,200.0,False,0.002,0.005,0.1,0.0,0.0,0.0,8000,4000,8,4,37.0,12,105.0,36.0,20.0,575.000000,11,3,1,True,False,5,physical,94,43,5.798041,0.0
padded_benes_8x8,default,2-0-3-1-4,failed,5,4,1,0,16,6,4,I0-I1:3;I0-I3:3;I0-I4:2;I1-I3:4;I1-I4:2;I3-I4:2,3699.000000,4619.194641,920.194641,2.940830,4.163237,1.222407,0.764097,8.0,3.5,4.0,6.0,10.0,20.0,16.0,48.0,80.0,200.0,False,0.002,0.005,0.1,0.0,0.0,0.0,8000,4000,8,4,37.0,12,105.0,36.0,20.0,575.000000,12,3,4,True,True,5,physical,95,43,9.747904,0.2
padded_benes_8x8,default,4-1-0-2-3,failed,5,4,1,0,17,4,6,I0-I1:3;I1-I3:4;I1-I4:2;I3-I4:6,3699.000000,5168.026494,1469.026494,2.838164,4.768571,1.930407,1.130513,8.0,3.5,4.0,6.0,10.0,20.0,16.0,48.0,80.0,200.0,False,0.002,0.005,0.1,0.0,0.0,0.0,8000,4000,8,4,37.0,12,105.0,36.0,20.0,575.000000,11,3,4,True,True,5,physical,96,43,6.449671,0.2
padded_benes_8x8,default,4-0-1-2-3,failed,5,4,1,0,17,4,6,I0-I1:3;I1-I3:4;I1-I4:2;I3-I4:6,3699.000000,5052.026494,1353.026494,2.889497,4.768571,1.879074,1.080513,8.0,3.5,4.0,6.0,10.0,20.0,16.0,48.0,80.0,200.0,False,0.002,0.005,0.1,0.0,0.0,0.0,8000,4000,8,4,37.0,12,105.0,36.0,20.0,575.000000,10,3,4,True,True,5,physical,97,43,6.272154,0.2
padded_benes_8x8,default,2-4-3-0-1,failed,5,3,2,0,4,1,2,I0-I1:2,3787.000000,3549.946861,-237.053139,2.889497,3.226488,0.336991,0.395965,8.0,3.5,4.0,6.0,10.0,20.0,16.0,48.0,80.0,200.0,False,0.002,0.005,0.1,0.0,0.0,0.0,8000,4000,8,4,37.0,12,105.0,36.0,20.0,575.000000,15,3,4,True,True,5,physical,98,43,11.243174,0.4
padded_benes_8x8,default,3-1-0-4-2,routed,5,5,0,0,29,9,5,I0-I1:3;I0-I2:3;I0-I3:2;I0-I4:5;I1-I2:5;I1-I3:2;I1-I4:2;I2-I3:4;I2-I4:2,3691.000000,7338.601686,3647.601686,2.638164,5.282358,2.644193,2.005041,8.0,3.5,4.0,6.0,10.0,20.0,16.0,48.0,80.0,200.0,False,0.002,0.005,0.1,0.0,0.0,0.0,8000,4000,8,4,37.0,12,105.0,36.0,20.0,575.000000,15,3,1,True,False,5,physical,99,43,5.918324,0.0
padded_benes_8x8,default,4-2-3-1-0,routed,5,5,0,0,29,8,5,I0-I1:3;I0-I2:3;I0-I3:3;I1-I2:4;I1-I3:3;I2-I3:5;I2-I4:3;I3-I4:3,3699.000000,6717.522053,3018.522053,2.958164,5.357987,2.399823,1.493409,8.0,3.5,4.0,6.0,10.0,20.0,16.0,48.0,80.0,200.0,False,0.002,0.005,0.1,0.0,0.0,0.0,8000,4000,8,4,37.0,12,105.0,36.0,20.0,575.000000,12,3,1,True,False,5,physical,100,43,4.531118,0.0
padded_benes_8x8,default,3-0-1-4-2,routed,5,5,0,0,28,9,5,I0-I1:3;I0-I2:3;I0-I3:2;I0-I4:5;I1-I2:4;I1-I3:2;I1-I4:2;I2-I3:4;I2-I4:2,3691.000000,7314.163631,3623.163631,2.689497,5.282358,2.592861,1.958265,8.0,3.5,4.0,6.0,10.0,20.0,16.0,48.0,80.0,200.0,False,0.002,0.005,0.1,0.0,0.0,0.0,8000,4000,8,4,37.0,12,105.0,36.0,20.0,575.000000,14,3,1,True,False,5,physical,101,43,5.809753,0.0
padded_benes_8x8,default,2-1-0-4-3,routed,5,5,0,0,30,9,5,I0-I1:3;I0-I2:3;I0-I3:2;I0-I4:4;I1-I2:5;I1-I3:2;I1-I4:4;I2-I3:4;I2-I4:2,3691.000000,7076.061870,3385.061870,2.638164,5.129609,2.491445,1.930025,8.0,3.5,4.0,6.0,10.0,20.0,16.0,48.0,80.0,200.0,False,0.002,0.005,0.1,0.0,0.0,0.0,8000,4000,8,4,37.0,12,105.0,36.0,20.0,575.000000,12,3,1,True,False,5,physical,102,43,6.125162,0.0
padded_benes_8x8,default,2-3-4-1-0,routed,5,5,0,0,27,6,7,I0-I1:4;I0-I2:2;I1-I2:2;I1-I3:3;I2-I3:7;I3-I4:5,3603.000000,6726.353906,3123.353906,2.766164,5.228571,2.462407,1.583342,8.0,3.5,4.0,6.0,10.0,20.0,16.0,48.0,80.0,200.0,False,0.002,0.005,0.1,0.0,0.0,0.0,8000,4000,8,4,37.0,12,105.0,36.0,20.0,575.000000,11,3,1,True,False,5,physical,103,43,4.603909,0.0
padded_benes_8x8,default,0-1-3-2-4,routed,5,5,0,0,37,10,7,I0-I1:4;I0-I2:4;I0-I3:4;I0-I4:2;I1-I2:4;I1-I3:4;I1-I4:2;I2-I3:7;I2-I4:2;I3-I4:4,3699.000000,6998.544182,3299.544182,2.958164,6.875651,3.917487,1.998818,8.0,3.5,4.0,6.0,10.0,20.0,16.0,48.0,80.0,200.0,False,0.002,0.005,0.1,0.0,0.0,0.0,8000,4000,8,4,37.0,12,105.0,36.0,20.0,575.000000,13,3,1,True,False,5,physical,104,43,7.195249,0.0
padded_benes_8x8,default,3-0-4-2-1,failed,5,3,2,0,12,3,5,I0-I1:3;I0-I3:5;I1-I3:4,3603.000000,3861.508806,258.508806,2.561497,4.568571,2.007074,1.280673,8.0,3.5,4.0,6.0,10.0,20.0,16.0,48.0,80.0,200.0,False,0.002,0.005,0.1,0.0,0.0,0.0,8000,4000,8,4,37.0,12,105.0,36.0,20.0,575.000000,12,3,4,True,True,5,physical,105,43,9.146720,0.4
padded_benes_8x8,default,2-3-1-4-0,routed,5,5,0,0,26,6,5,I0-I1:4;I0-I3:2;I1-I2:5;I1-I3:2;I2-I3:4;I2-I4:5,3603.000000,6749.769833,3146.769833,2.753497,4.949780,2.196283,1.556708,8.0,3.5,4.0,6.0,10.0,20.0,16.0,48.0,80.0,200.0,False,0.002,0.005,0.1,0.0,0.0,0.0,8000,4000,8,4,37.0,12,105.0,36.0,20.0,575.000000,11,3,1,True,False,5,physical,106,43,4.595393,0.0
padded_benes_8x8,default,3-0-4-1-2,routed,5,5,0,0,27,9,5,I0-I1:3;I0-I2:2;I0-I3:3;I0-I4:5;I1-I2:2;I1-I3:4;I1-I4:2;I2-I3:3;I3-I4:2,3691.000000,7325.871594,3634.871594,2.740830,5.282358,2.541528,1.924949,8.0,3.5,4.0,6.0,10.0,20.0,16.0,48.0,80.0,200.0,False,0.002,0.005,0.1,0.0,0.0,0.0,8000,4000,8,4,37.0,12,105.0,36.0,20.0,575.000000,13,3,1,True,False,5,physical,107,43,5.511145,0.0
padded_benes_8x8,default,2-1-4-0-3,routed,5,5,0,0,27,8,5,I0-I1:3;I0-I3:3;I0-I4:4;I1-I2:2;I1-I3:5;I1-I4:4;I2-I3:3;I3-I4:2,3691.000000,6979.477796,3288.477796,2.689497,5.046777,2.357280,1.775391,8.0,3.5,4.0,6.0,10.0,20.0,16.0,48.0,80.0,200.0,False,0.002,0.005,0.1,0.0,0.0,0.0,8000,4000,8,4,37.0,12,105.0,36.0,20.0,575.000000,12,3,1,True,False,5,physical,108,43,5.172060,0.0
padded_benes_8x8,default,0-3-1-2-4,routed,5,5,0,0,34,10,5,I0-I1:2;I0-I2:4;I0-I3:4;I0-I4:2;I1-I2:5;I1-I3:5;I1-I4:2;I2-I3:4;I2-I4:4;I3-I4:2,3699.000000,6626.836218,2927.836218,2.958164,5.600612,2.642448,1.688134,8.0,3.5,4.0,6.0,10.0,20.0,16.0,48.0,80.0,200.0,False,0.002,0.005,0.1,0.0,0.0,0.0,8000,4000,8,4,37.0,12,105.0,36.0,20.0,575.000000,11,3,1,True,False,5,physical,109,43,4.824802,0.0
padded_benes_8x8,default,4-0-3-2-1,routed,5,5,0,0,33,9,7,I0-I1:3;I0-I2:3;I0-I3:3;I1-I2:4;I1-I3:4;I1-I4:2;I2-I3:7;I2-I4:3;I3-I4:3,3699.000000,7030.499925,3331.499925,2.958164,6.510235,3.552071,1.825600,8.0,3.5,4.0,6.0,10.0,20.0,16.0,48.0,80.0,200.0,False,0.002,0.005,0.1,0.0,0.0,0.0,8000,4000,8,4,37.0,12,105.0,36.0,20.0,575.000000,16,3,1,True,False,5,physical,110,43,7.371910,0.0
padded_benes_8x8,default,4-3-1-2-0,routed,5,5,0,0,31,8,5,I0-I1:3;I0-I2:3;I0-I3:3;I1-I2:5;I1-I3:5;I2-I3:4;I2-I4:3;I3-I4:3,3699.000000,6805.230016,3106.230016,2.958164,5.320612,2.362448,1.610492,8.0,3.5,4.0,6.0,10.0,20.0,16.0,48.0,80.0,200.0,False,0.002,0.005,0.1,0.0,0.0,0.0,8000,4000,8,4,37.0,12,105.0,36.0,20.0,575.000000,14,3,1,True,False,5,physical,111,43,4.864523,0.0
padded_benes_8x8,default,3-2-0-4-1,routed,5,5,0,0,24,7,4,I0-I1:3;I0-I2:3;I0-I3:2;I1-I2:3;I1-I3:2;I2-I3:4;I2-I4:4,3603.000000,6701.915851,3098.915851,2.740830,4.885113,2.144283,1.456566,8.0,3.5,4.0,6.0,10.0,20.0,16.0,48.0,80.0,200.0,False,0.002,0.005,0.1,0.0,0.0,0.0,8000,4000,8,4,37.0,12,105.0,36.0,20.0,575.000000,10,3,1,True,False,5,physical,112,43,4.770803,0.0
padded_benes_8x8,default,1-4-3-2-0,routed,5,5,0,0,31,8,7,I0-I1:2;I0-I2:4;I0-I3:4;I1-I2:3;I1-I3:3;I2-I3:7;I2-I4:3;I3-I4:3,3787.000000,7244.207888,3457.207888,2.958164,6.492819,3.534655,1.877883,8.0,3.5,4.0,6.0,10.0,20.0,16.0,48.0,80.0,200.0,False,0.002,0.005,0.1,0.0,0.0,0.0,8000,4000,8,4,37.0,12,105.0,36.0,20.0,575.000000,13,3,1,True,False,5,physical,113,43,6.954289,0.0
padded_benes_8x8,default,2-1-4-3-0,failed,5,3,2,0,12,3,6,I1-I3:6;I1-I4:3;I3-I4:3,3603.000000,4306.486678,703.486678,2.561497,4.912070,2.350573,1.466324,8.0,3.5,4.0,6.0,10.0,20.0,16.0,48.0,80.0,200.0,False,0.002,0.005,0.1,0.0,0.0,0.0,8000,4000,8,4,37.0,12,105.0,36.0,20.0,575.000000,17,3,3,True,True,5,physical,114,43,13.125680,0.4
padded_benes_8x8,default,0-4-1-2-3,routed,5,5,0,0,29,8,4,I0-I1:2;I0-I2:4;I0-I3:4;I1-I2:3;I1-I3:3;I2-I3:4;I2-I4:4;I3-I4:4,3787.000000,6897.376035,3110.376035,2.958164,5.261780,2.303616,1.611150,8.0,3.5,4.0,6.0,10.0,20.0,16.0,48.0,80.0,200.0,False,0.002,0.005,0.1,0.0,0.0,0.0,8000,4000,8,4,37.0,12,105.0,36.0,20.0,575.000000,12,3,1,True,False,5,physical,115,43,4.882423,0.0
padded_benes_8x8,default,4-0-1-3-2,failed,5,3,2,0,8,2,4,I0-I1:3;I1-I3:4,3699.000000,3947.508806,248.508806,2.889497,4.512070,1.622573,0.914006,8.0,3.5,4.0,6.0,10.0,20.0,16.0,48.0,80.0,200.0,False,0.002,0.005,0.1,0.0,0.0,0.0,8000,4000,8,4,37.0,12,105.0,36.0,20.0,575.000000,15,3,3,True,True,5,physical,116,43,12.518698,0.4
padded_benes_8x8,default,3-2-4-1-0,failed,5,4,1,0,14,3,5,I0-I1:3;I1-I3:3;I3-I4:5,3603.000000,5093.296402,1490.296402,2.766164,4.487155,1.720991,1.073398,8.0,3.5,4.0,6.0,10.0,20.0,16.0,48.0,80.0,200.0,False,0.002,0.005,0.1,0.0,0.0,0.0,8000,4000,8,4,37.0,12,105.0,36.0,20.0,575.000000,10,3,4,True,True,5,physical,117,43,5.856979,0.2
padded_benes_8x8,default,1-3-0-2-4,routed,5,5,0,0,31,10,5,I0-I1:2;I0-I2:3;I0-I3:4;I0-I4:2;I1-I2:3;I1-I3:5;I1-I4:2;I2-I3:4;I2-I4:4;I3-I4:2,3699.000000,6564.544182,2865.544182,2.958164,5.097361,2.139197,1.545218,8.0,3.5,4.0,6.0,10.0,20.0,16.0,48.0,80.0,200.0,False,0.002,0.005,0.1,0.0,0.0,0.0,8000,4000,8,4,37.0,12,105.0,36.0,20.0,575.000000,10,3,1,True,False,5,physical,118,43,4.468935,0.0
padded_benes_8x8,default,0-1-4-2-3,routed,5,5,0,0,28,8,7,I0-I1:4;I0-I2:2;I0-I4:2;I1-I2:2;I1-I3:4;I1-I4:2;I2-I3:7;I3-I4:4,3603.000000,6788.791961,3185.791961,2.612830,5.168571,2.555741,1.725317,8.0,3.5,4.0,6.0,10.0,20.0,16.0,48.0,80.0,200.0,False,0.002,0.005,0.1,0.0,0.0,0.0,8000,4000,8,4,37.0,12,105.0,36.0,20.0,575.000000,11,3,1,True,False,5,physical,119,43,5.591618,0.0
waksman_5x5,default,3-1-2-0-4,failed,5,4,1,0,14,5,5,I1-I2:2;I1-I3:5;I2-I3:3;I2-I4:2;I3-I4:2,3103.000000,4568.946861,1465.946861,2.369497,3.780814,1.411317,1.456973,8.0,3.5,4.0,6.0,10.0,20.0,16.0,48.0,80.0,200.0,False,0.002,0.005,0.1,0.0,0.0,0.0,8000,4000,8,4,37.0,12,105.0,36.0,20.0,575.000000,16,3,3,True,True,5,physical,0,43,12.674688,0.2
waksman_5x5,default,4-0-3-1-2,failed,5,4,1,0,12,4,3,I0-I1:3;I1-I2:2;I1-I4:2;I2-I4:3,3103.000000,4161.676953,1058.676953,2.043864,3.461683,1.417819,1.068088,8.0,3.5,4.0,6.0,10.0,20.0,16.0,48.0,80.0,200.0,False,0.002,0.005,0.1,0.0,0.0,0.0,8000,4000,8,4,37.0,12,105.0,36.0,20.0,575.000000,7,3,4,True,True,5,physical,1,43,2.583724,0.2
waksman_5x5,default,3-4-0-2-1,routed,5,5,0,0,17,5,3,I0-I1:2;I0-I3:3;I2-I3:2;I2-I4:2;I3-I4:3,3103.000000,5500.880476,2397.880476,2.061198,3.911357,1.850159,1.202152,8.0,3.5,4.0,6.0,10.0,20.0,16.0,48.0,80.0,200.0,False,0.002,0.005,0.1,0.0,0.0,0.0,8000,4000,8,4,37.0,12,105.0,36.0,20.0,575.000000,8,3,1,True,False,5,physical,2,43,3.300080,0.0
waksman_5x5,default,1-4-0-3-2,failed,5,4,1,0,9,3,3,I0-I1:2;I0-I3:2;I3-I4:3,3103.000000,4428.654825,1325.654825,1.967565,3.497642,1.530077,1.044327,8.0,3.5,4.0,6.0,10.0,20.0,16.0,48.0,80.0,200.0,False,0.002,0.005,0.1,0.0,0.0,0.0,8000,4000,8,4,37.0,12,105.0,36.0,20.0,575.000000,15,3,4,True,True,5,physical,3,43,17.074746,0.2
waksman_5x5,default,2-0-3-4-1,failed,5,4,1,0,17,5,5,I0-I1:5;I0-I2:4;I0-I4:3;I1-I2:2;I1-I4:2,3103.000000,4476.946861,1373.946861,2.118898,3.813233,1.694336,1.507973,8.0,3.5,4.0,6.0,10.0,20.0,16.0,48.0,80.0,200.0,False,0.002,0.005,0.1,0.0,0.0,0.0,8000,4000,8,4,37.0,12,105.0,36.0,20.0,575.000000,9,3,4,True,True,5,physical,4,43,3.377506,0.2
waksman_5x5,default,4-1-2-3-0,failed,5,4,1,0,11,3,3,I0-I1:3;I1-I3:2;I1-I4:3,3103.000000,4241.968990,1138.968990,2.009865,3.415058,1.405193,1.061734,8.0,3.5,4.0,6.0,10.0,20.0,16.0,48.0,80.0,200.0,False,0.002,0.005,0.1,0.0,0.0,0.0,8000,4000,8,4,37.0,12,105.0,36.0,20.0,575.000000,8,3,4,True,True,5,physical,5,43,3.261199,0.2
waksman_5x5,default,3-0-2-4-1,failed,5,3,2,0,7,2,3,I0-I2:3;I0-I4:3,3103.000000,3322.283155,219.283155,2.118898,3.368566,1.249669,1.145522,8.0,3.5,4.0,6.0,10.0,20.0,16.0,48.0,80.0,200.0,False,0.002,0.005,0.1,0.0,0.0,0.0,8000,4000,8,4,37.0,12,105.0,36.0,20.0,575.000000,12,3,4,True,True,5,physical,6,43,9.177507,0.4
waksman_5x5,default,1-0-2-4-3,failed,5,3,2,0,8,3,4,I0-I2:2;I0-I4:4;I2-I4:2,3103.000000,3351.407045,248.407045,2.118898,3.242731,1.123833,1.241605,8.0,3.5,4.0,6.0,10.0,20.0,16.0,48.0,80.0,200.0,False,0.002,0.005,0.1,0.0,0.0,0.0,8000,4000,8,4,37.0,12,105.0,36.0,20.0,575.000000,11,3,4,True,True,5,physical,7,43,8.217513,0.4
waksman_5x5,default,4-2-3-0-1,routed,5,5,0,0,18,5,3,I0-I1:3;I1-I2:2;I2-I3:3;I2-I4:3;I3-I4:2,3103.000000,5457.318531,2354.318531,2.061198,3.890649,1.829451,1.221727,8.0,3.5,4.0,6.0,10.0,20.0,16.0,48.0,80.0,200.0,False,0.002,0.005,0.1,0.0,0.0,0.0,8000,4000,8,4,37.0,12,105.0,36.0,20.0,575.000000,9,3,1,True,False,5,physical,8,43,3.841870,0.0
waksman_5x5,default,3-1-4-2-0,failed,5,4,1,0,17,5,5,I0-I1:5;I0-I3:3;I0-I4:3;I1-I3:2;I1-I4:3,3103.000000,4527.238898,1424.238898,2.067565,3.868566,1.801002,1.522619,8.0,3.5,4.0,6.0,10.0,20.0,16.0,48.0,80.0,200.0,False,0.002,0.005,0.1,0.0,0.0,0.0,8000,4000,8,4,37.0,12,105.0,36.0,20.0,575.000000,9,3,4,True,True,5,physical,9,43,4.083262,0.2
waksman_5x5,default,0-1-2-4-3,failed,5,4,1,0,16,6,6,I0-I1:6;I0-I2:2;I0-I4:2;I1-I2:2;I1-I4:2;I2-I4:2,3103.000000,4392.800843,1289.800843,2.118898,3.446810,1.327913,1.417150,8.0,3.5,4.0,6.0,10.0,20.0,16.0,48.0,80.0,200.0,False,0.002,0.005,0.1,0.0,0.0,0.0,8000,4000,8,4,37.0,12,105.0,36.0,20.0,575.000000,8,3,4,True,True,5,physical,10,43,3.210921,0.2
waksman_5x5,default,3-2-0-1-4,failed,5,4,1,0,12,3,6,I1-I4:2;I2-I3:6;I2-I4:2,3103.000000,4497.238898,1394.238898,2.369497,3.558391,1.188894,1.268619,8.0,3.5,4.0,6.0,10.0,20.0,16.0,48.0,80.0,200.0,False,0.002,0.005,0.1,0.0,0.0,0.0,8000,4000,8,4,37.0,12,105.0,36.0,20.0,575.000000,11,3,3,True,True,5,physical,11,43,6.074836,0.2
waksman_5x5,default,3-4-2-0-1,routed,5,5,0,0,20,6,3,I0-I1:2;I0-I2:3;I0-I3:3;I2-I3:3;I2-I4:3;I3-I4:2,3103.000000,5517.318531,2414.318531,2.009865,3.793900,1.784035,1.325727,8.0,3.5,4.0,6.0,10.0,20.0,16.0,48.0,80.0,200.0,False,0.002,0.005,0.1,0.0,0.0,0.0,8000,4000,8,4,37.0,12,105.0,36.0,20.0,575.000000,8,3,1,True,False,5,physical,12,43,3.633978,0.0
waksman_5x5,default,0-1-2-3-4,failed,5,4,1,0,16,5,6,I1-I2:4;I1-I3:2;I2-I3:6;I2-I4:2;I3-I4:2,3103.000000,4888.800843,1785.800843,2.210831,4.162148,1.951317,1.688150,8.0,3.5,4.0,6.0,10.0,20.0,16.0,48.0,80.0,200.0,False,0.002,0.005,0.1,0.0,0.0,0.0,8000,4000,8,4,37.0,12,105.0,36.0,20.0,575.000000,20,3,3,True,True,5,physical,13,43,19.405862,0.2
waksman_5x5,default,4-3-0-1-2,routed,5,5,0,0,25,6,8,I0-I1:3;I0-I2:3;I1-I4:3;I2-I3:8;I2-I4:2;I3-I4:2,3103.000000,5434.048623,2331.048623,1.967565,3.904525,1.936961,1.487419,8.0,3.5,4.0,6.0,10.0,20.0,16.0,48.0,80.0,200.0,False,0.002,0.005,0.1,0.0,0.0,0.0,8000,4000,8,4,37.0,12,105.0,36.0,20.0,575.000000,9,3,1,True,False,5,physical,14,43,2.840604,0.0
waksman_5x5,default,0-3-2-1-4,routed,5,5,0,0,21,9,3,I0-I1:2;I0-I2:2;I0-I3:2;I0-I4:2;I1-I2:3;I1-I4:2;I2-I3:3;I2-I4:2;I3-I4:2,3103.000000,5395.362788,2292.362788,2.210831,3.638391,1.427560,1.302945,8.0,3.5,4.0,6.0,10.0,20.0,16.0,48.0,80.0,200.0,False,0.002,0.005,0.1,0.0,0.0,0.0,8000,4000,8,4,37.0,12,105.0,36.0,20.0,575.000000,8,3,1,True,False,5,physical,15,43,3.465340,0.0
waksman_5x5,default,2-3-0-1-4,failed,5,4,1,0,12,3,6,I1-I4:2;I2-I3:6;I2-I4:2,3103.000000,4623.238898,1520.238898,2.318164,3.558391,1.240227,1.323619,8.0,3.5,4.0,6.0,10.0,20.0,16.0,48.0,80.0,200.0,False,0.002,0.005,0.1,0.0,0.0,0.0,8000,4000,8,4,37.0,12,105.0,36.0,20.0,575.000000,14,3,3,True,True,5,physical,16,43,8.690871,0.2
waksman_5x5,default,1-4-2-3-0,routed,5,5,0,0,26,7,8,I0-I1:2;I0-I2:2;I0-I3:2;I0-I4:3;I1-I2:3;I2-I3:8;I2-I4:3,3103.000000,5635.756586,2532.756586,2.009865,4.503316,2.493451,1.650103,8.0,3.5,4.0,6.0,10.0,20.0,16.0,48.0,80.0,200.0,False,0.002,0.005,0.1,0.0,0.0,0.0,8000,4000,8,4,37.0,12,105.0,36.0,20.0,575.000000,13,3,2,True,False,5,physical,17,43,7.228723,0.0
waksman_5x5,default,2-4-0-3-1,routed,5,5,0,0,16,5,3,I0-I1:2;I0-I3:2;I2-I3:2;I2-I4:2;I3-I4:3,3103.000000,5450.734457,2347.734457,2.112531,4.008106,1.895575,1.143094,8.0,3.5,4.0,6.0,10.0,20.0,16.0,48.0,80.0,200.0,False,0.002,0.005,0.1,0.0,0.0,0.0,8000,4000,8,4,37.0,12,105.0,36.0,20.0,575.000000,8,3,1,True,False,5,physical,18,43,3.682674,0.0
waksman_5x5,default,4-3-0-2-1,routed,5,5,0,0,18,5,3,I0-I1:3;I1-I3:3;I2-I3:2;I2-I4:2;I3-I4:3,3103.000000,5517.318531,2414.318531,2.061198,3.911357,1.850159,1.245727,8.0,3.5,4.0,6.0,10.0,20.0,16.0,48.0,80.0,200.0,False,0.002,0.005,0.1,0.0,0.0,0.0,8000,4000,8,4,37.0,12,105.0,36.0,20.0,575.000000,10,3,1,True,False,5,physical,19,43,3.729002,0.0
waksman_5x5,default,2-0-4-3-1,failed,5,3,2,0,8,2,4,I0-I3:4;I0-I4:3,3103.000000,3478.137137,375.137137,2.067565,3.397642,1.330077,1.307091,8.0,3.5,4.0,6.0,10.0,20.0,16.0,48.0,80.0,200.0,False,0.002,0.005,0.1,0.0,0.0,0.0,8000,4000,8,4,37.0,12,105.0,36.0,20.0,575.000000,23,3,3,True,True,5,physical,20,43,16.946356,0.4
waksman_5x5,default,2-3-1-0-4,routed,5,5,0,0,25,6,7,I0-I1:4;I0-I2:3;I0-I4:4;I1-I4:2;I2-I3:7;I2-I4:2,3103.000000,5907.318531,2804.318531,2.318164,4.419398,2.101234,1.681727,8.0,3.5,4.0,6.0,10.0,20.0,16.0,48.0,80.0,200.0,False,0.002,0.005,0.1,0.0,0.0,0.0,8000,4000,8,4,37.0,12,105.0,36.0,20.0,575.000000,10,3,1,True,False,5,physical,21,43,3.826920,0.0
waksman_5x5,default,1-0-3-2-4,failed,5,4,1,0,15,5,5,I1-I2:4;I1-I3:2;I2-I3:5;I2-I4:2;I3-I4:2,3103.000000,4714.800843,1611.800843,2.262164,4.217481,1.955317,1.559150,8.0,3.5,4.0,6.0,10.0,20.0,16.0,48.0,80.0,200.0,False,0.002,0.005,0.1,0.0,0.0,0.0,8000,4000,8,4,37.0,12,105.0,36.0,20.0,575.000000,18,3,3,True,True,5,physical,22,43,18.467476,0.2
waksman_5x5,default,2-1-3-0-4,routed,5,5,0,0,26,9,5,I0-I1:3;I0-I2:2;I0-I3:3;I0-I4:4;I1-I2:2;I1-I3:5;I2-I3:3;I2-I4:2;I3-I4:2,3103.000000,5599.756586,2496.756586,2.318164,4.080814,1.762650,1.635703,8.0,3.5,4.0,6.0,10.0,20.0,16.0,48.0,80.0,200.0,False,0.002,0.005,0.1,0.0,0.0,0.0,8000,4000,8,4,37.0,12,105.0,36.0,20.0,575.000000,9,3,1,True,False,5,physical,23,43,3.146746,0.0
waksman_5x5,default,2-3-0-4-1,routed,5,5,0,0,23,6,6,I0-I1:6;I0-I3:2;I0-I4:5;I1-I3:2;I2-I3:2;I2-I4:2,3103.000000,5616.734457,2513.734457,2.118898,3.981233,1.862336,1.489494,8.0,3.5,4.0,6.0,10.0,20.0,16.0,48.0,80.0,200.0,False,0.002,0.005,0.1,0.0,0.0,0.0,8000,4000,8,4,37.0,12,105.0,36.0,20.0,575.000000,9,3,1,True,False,5,physical,24,43,3.777510,0.0
waksman_5x5,default,4-2-0-1-3,routed,5,5,0,0,24,6,8,I0-I1:3;I0-I2:3;I1-I4:2;I2-I3:8;I2-I4:2;I3-I4:2,3103.000000,5383.902604,2280.902604,2.018898,3.945941,1.927044,1.428361,8.0,3.5,4.0,6.0,10.0,20.0,16.0,48.0,80.0,200.0,False,0.002,0.005,0.1,0.0,0.0,0.0,8000,4000,8,4,37.0,12,105.0,36.0,20.0,575.000000,7,3,1,True,False,5,physical,25,43,2.504789,0.0
waksman_5x5,default,1-2-3-0-4,routed,5,5,0,0,21,8,5,I0-I1:2;I0-I2:2;I0-I3:5;I0-I4:2;I1-I2:2;I1-I4:2;I2-I3:3;I2-I4:2,3103.000000,5522.486678,2419.486678,2.262164,3.939140,1.676976,1.359795,8.0,3.5,4.0,6.0,10.0,20.0,16.0,48.0,80.0,200.0,False,0.002,0.005,0.1,0.0,0.0,0.0,8000,4000,8,4,37.0,12,105.0,36.0,20.0,575.000000,7,3,1,True,False,5,physical,26,43,3.564542,0.0
waksman_5x5,default,1-0-2-3-4,failed,5,4,1,0,18,5,8,I0-I2:4;I0-I4:2;I2-I3:8;I2-I4:2;I3-I4:2,3103.000000,4485.822972,1382.822972,2.262164,4.303316,2.041152,1.509911,8.0,3.5,4.0,6.0,10.0,20.0,16.0,48.0,80.0,200.0,False,0.002,0.005,0.1,0.0,0.0,0.0,8000,4000,8,4,37.0,12,105.0,36.0,20.0,575.000000,15,3,3,True,True,5,physical,27,43,8.545116,0.2
waksman_5x5,default,4-3-2-0-1,routed,5,5,0,0,19,5,3,I0-I1:3;I1-I2:3;I2-I3:3;I2-I4:3;I3-I4:2,3103.000000,5499.610567,2396.610567,2.009865,3.793900,1.784035,1.276644,8.0,3.5,4.0,6.0,10.0,20.0,16.0,48.0,80.0,200.0,False,0.002,0.005,0.1,0.0,0.0,0.0,8000,4000,8,4,37.0,12,105.0,36.0,20.0,575.000000,10,3,1,True,False,5,physical,28,43,3.771793,0.0
waksman_5x5,default,3-2-1-0-4,routed,5,5,0,0,24,6,7,I0-I1:3;I0-I2:3;I0-I4:4;I1-I4:2;I2-I3:7;I2-I4:2,3103.000000,5849.318531,2746.318531,2.369497,4.419398,2.049901,1.618527,8.0,3.5,4.0,6.0,10.0,20.0,16.0,48.0,80.0,200.0,False,0.002,0.005,0.1,0.0,0.0,0.0,8000,4000,8,4,37.0,12,105.0,36.0,20.0,575.000000,9,3,1,True,False,5,physical,29,43,3.137533,0.0
waksman_5x5,default,1-3-4-0-2,failed,5,4,1,0,12,5,3,I0-I1:2;I0-I2:2;I0-I4:2;I1-I2:2;I1-I4:3,3103.000000,4225.092880,1122.092880,2.067565,3.391559,1.323994,1.029796,8.0,3.5,4.0,6.0,10.0,20.0,16.0,48.0,80.0,200.0,False,0.002,0.005,0.1,0.0,0.0,0.0,8000,4000,8,4,37.0,12,105.0,36.0,20.0,575.000000,9,3,4,True,True,5,physical,30,43,3.852363,0.2
waksman_5x5,default,1-2-0-3-4,routed,5,5,0,0,20,8,5,I0-I1:2;I0-I2:5;I0-I3:2;I0-I4:2;I1-I3:2;I1-I4:2;I2-I3:2;I3-I4:2,3103.000000,5540.194641,2437.194641,2.262164,3.705765,1.443601,1.328878,8.0,3.5,4.0,6.0,10.0,20.0,16.0,48.0,80.0,200.0,False,0.002,0.005,0.1,0.0,0.0,0.0,8000,4000,8,4,37.0,12,105.0,36.0,20.0,575.000000,7,3,1,True,False,5,physical,31,43,3.552533,0.0
waksman_5x5,default,4-1-2-0-3,failed,5,4,1,0,11,4,3,I0-I1:3;I1-I2:2;I1-I4:2;I2-I4:2,3103.000000,4235.384916,1132.384916,2.018898,3.146810,1.127913,1.049442,8.0,3.5,4.0,6.0,10.0,20.0,16.0,48.0,80.0,200.0,False,0.002,0.005,0.1,0.0,0.0,0.0,8000,4000,8,4,37.0,12,105.0,36.0,20.0,575.000000,7,3,4,True,True,5,physical,32,43,2.569011,0.2
waksman_5x5,default,1-0-3-4-2,failed,5,4,1,0,16,6,5,I0-I1:5;I0-I2:2;I0-I4:2;I1-I2:2;I1-I4:2;I2-I4:3,3103.000000,4410.654825,1307.654825,2.118898,3.561683,1.442785,1.427327,8.0,3.5,4.0,6.0,10.0,20.0,16.0,48.0,80.0,200.0,False,0.002,0.005,0.1,0.0,0.0,0.0,8000,4000,8,4,37.0,12,105.0,36.0,20.0,575.000000,8,3,4,True,True,5,physical,33,43,2.918356,0.2
waksman_5x5,default,2-0-4-1-3,failed,5,4,1,0,10,4,2,I0-I4:2;I1-I3:2;I1-I4:2;I3-I4:2,3103.000000,4411.632696,1308.632696,2.067565,3.338391,1.270826,1.078566,8.0,3.5,4.0,6.0,10.0,20.0,16.0,48.0,80.0,200.0,False,0.002,0.005,0.1,0.0,0.0,0.0,8000,4000,8,4,37.0,12,105.0,36.0,20.0,575.000000,13,3,4,True,True,5,physical,34,43,5.071470,0.2
waksman_5x5,default,1-2-0-4-3,failed,5,4,1,0,15,5,4,I0-I1:4;I0-I3:2;I0-I4:4;I1-I3:2;I1-I4:2,3103.000000,4382.070751,1279.070751,2.118898,3.610731,1.491833,1.259035,8.0,3.5,4.0,6.0,10.0,20.0,16.0,48.0,80.0,200.0,False,0.002,0.005,0.1,0.0,0.0,0.0,8000,4000,8,4,37.0,12,105.0,36.0,20.0,575.000000,7,3,4,True,True,5,physical,35,43,3.357702,0.2
waksman_5x5,default,4-2-1-3-0,routed,5,5,0,0,18,5,3,I0-I1:3;I1-I3:2;I2-I3:2;I2-I4:3;I3-I4:3,3103.000000,5499.464549,2396.464549,2.112531,4.008106,1.895575,1.237586,8.0,3.5,4.0,6.0,10.0,20.0,16.0,48.0,80.0,200.0,False,0.002,0.005,0.1,0.0,0.0,0.0,8000,4000,8,4,37.0,12,105.0,36.0,20.0,575.000000,10,3,1,True,False,5,physical,36,43,4.041195,0.0
waksman_5x5,default,3-1-2-4-0,failed,5,4,1,0,17,5,5,I0-I1:5;I0-I2:3;I0-I4:3;I1-I2:2;I1-I4:3,3103.000000,4443.384916,1340.384916,2.118898,3.868566,1.749669,1.487442,8.0,3.5,4.0,6.0,10.0,20.0,16.0,48.0,80.0,200.0,False,0.002,0.005,0.1,0.0,0.0,0.0,8000,4000,8,4,37.0,12,105.0,36.0,20.0,575.000000,9,3,4,True,True,5,physical,37,43,3.357434,0.2
waksman_5x5,default,2-4-1-0-3,failed,5,4,1,0,9,3,2,I0-I1:2;I0-I4:2;I2-I4:2,3103.000000,4175.092880,1072.092880,2.018898,3.053982,1.035085,0.854796,8.0,3.5,4.0,6.0,10.0,20.0,16.0,48.0,80.0,200.0,False,0.002,0.005,0.1,0.0,0.0,0.0,8000,4000,8,4,37.0,12,105.0,36.0,20.0,575.000000,6,3,4,True,True,5,physical,38,43,3.875660,0.2
waksman_5x5,default,4-3-2-1-0,routed,5,5,0,0,20,5,3,I0-I1:3;I1-I2:3;I2-I3:3;I2-I4:3;I3-I4:3,3103.000000,5524.048623,2421.048623,2.009865,3.793900,1.784035,1.323419,8.0,3.5,4.0,6.0,10.0,20.0,16.0,48.0,80.0,200.0,False,0.002,0.005,0.1,0.0,0.0,0.0,8000,4000,8,4,37.0,12,105.0,36.0,20.0,575.000000,11,3,1,True,False,5,physical,39,43,4.097822,0.0
waksman_5x5,default,1-3-2-0-4,routed,5,5,0,0,22,8,5,I0-I1:2;I0-I2:2;I0-I3:5;I0-I4:2;I1-I2:3;I1-I4:2;I2-I3:3;I2-I4:2,3103.000000,5564.778714,2461.778714,2.262164,3.939140,1.676976,1.414711,8.0,3.5,4.0,6.0,10.0,20.0,16.0,48.0,80.0,200.0,False,0.002,0.005,0.1,0.0,0.0,0.0,8000,4000,8,4,37.0,12,105.0,36.0,20.0,575.000000,8,3,1,True,False,5,physical,40,43,3.533480,0.0
waksman_5x5,default,0-2-4-3-1,routed,5,5,0,0,26,8,5,I0-I1:4;I0-I2:2;I0-I3:2;I0-I4:2;I1-I2:2;I1-I3:4;I1-I4:3;I2-I3:5,3103.000000,5588.734457,2485.734457,2.067565,4.206690,2.139126,1.638294,8.0,3.5,4.0,6.0,10.0,20.0,16.0,48.0,80.0,200.0,False,0.002,0.005,0.1,0.0,0.0,0.0,8000,4000,8,4,37.0,12,105.0,36.0,20.0,575.000000,9,3,1,True,False,5,physical,41,43,4.667513,0.0
waksman_5x5,default,3-0-1-2-4,failed,5,4,1,0,14,5,4,I1-I2:4;I1-I3:2;I2-I3:4;I2-I4:2;I3-I4:2,3103.000000,4520.800843,1417.800843,2.369497,3.748814,1.379317,1.434150,8.0,3.5,4.0,6.0,10.0,20.0,16.0,48.0,80.0,200.0,False,0.002,0.005,0.1,0.0,0.0,0.0,8000,4000,8,4,37.0,12,105.0,36.0,20.0,575.000000,17,3,3,True,True,5,physical,42,43,17.845302,0.2
waksman_5x5,default,0-3-4-2-1,failed,5,4,1,0,17,5,4,I0-I1:4;I0-I3:4;I0-I4:2;I1-I3:3;I1-I4:3,3103.000000,4504.508806,1401.508806,2.067565,3.986023,1.918458,1.517504,8.0,3.5,4.0,6.0,10.0,20.0,16.0,48.0,80.0,200.0,False,0.002,0.005,0.1,0.0,0.0,0.0,8000,4000,8,4,37.0,12,105.0,36.0,20.0,575.000000,7,3,4,True,True,5,physical,43,43,3.100359,0.2
waksman_5x5,default,2-4-1-3-0,routed,5,5,0,0,17,5,3,I0-I1:2;I0-I3:2;I2-I3:2;I2-I4:3;I3-I4:3,3103.000000,5483.026494,2380.026494,2.112531,4.008106,1.895575,1.194011,8.0,3.5,4.0,6.0,10.0,20.0,16.0,48.0,80.0,200.0,False,0.002,0.005,0.1,0.0,0.0,0.0,8000,4000,8,4,37.0,12,105.0,36.0,20.0,575.000000,8,3,1,True,False,5,physical,44,43,3.423328,0.0
waksman_5x5,default,0-1-3-4-2,failed,5,4,1,0,19,6,6,I0-I1:6;I0-I2:4;I0-I4:2;I1-I2:2;I1-I4:2;I2-I4:3,3103.000000,4435.092880,1332.092880,2.118898,3.793683,1.674785,1.585796,8.0,3.5,4.0,6.0,10.0,20.0,16.0,48.0,80.0,200.0,False,0.002,0.005,0.1,0.0,0.0,0.0,8000,4000,8,4,37.0,12,105.0,36.0,20.0,575.000000,9,3,4,True,True,5,physical,45,43,3.595548,0.2
waksman_5x5,default,3-2-1-4-0,failed,5,4,1,0,14,3,5,I0-I1:5;I0-I2:3;I2-I4:3,3103.000000,4373.092880,1270.092880,2.118898,3.677982,1.559085,1.254796,8.0,3.5,4.0,6.0,10.0,20.0,16.0,48.0,80.0,200.0,False,0.002,0.005,0.1,0.0,0.0,0.0,8000,4000,8,4,37.0,12,105.0,36.0,20.0,575.000000,8,3,4,True,True,5,physical,46,43,2.425560,0.2
waksman_5x5,default,0-1-4-3-2,failed,5,4,1,0,17,6,6,I0-I1:6;I0-I3:2;I0-I4:2;I1-I3:2;I1-I4:2;I3-I4:3,3103.000000,4518.946861,1415.946861,2.067565,3.715058,1.647493,1.520973,8.0,3.5,4.0,6.0,10.0,20.0,16.0,48.0,80.0,200.0,False,0.002,0.005,0.1,0.0,0.0,0.0,8000,4000,8,4,37.0,12,105.0,36.0,20.0,575.000000,9,3,4,True,True,5,physical,47,43,3.995866,0.2
waksman_5x5,default,3-1-4-0-2,failed,5,4,1,0,11,4,3,I0-I2:2;I0-I4:3;I1-I2:2;I1-I4:2,3103.000000,4200.800843,1097.800843,2.067565,3.074184,1.006619,0.970150,8.0,3.5,4.0,6.0,10.0,20.0,16.0,48.0,80.0,200.0,False,0.002,0.005,0.1,0.0,0.0,0.0,8000,4000,8,4,37.0,12,105.0,36.0,20.0,575.000000,8,3,4,True,True,5,physical,48,43,3.957400,0.2
waksman_5x5,default,0-2-4-1-3,failed,5,4,1,0,11,5,2,I0-I1:2;I0-I3:2;I0-I4:2;I1-I4:2;I3-I4:2,3103.000000,4435.632696,1332.632696,2.067565,3.306391,1.238826,1.140566,8.0,3.5,4.0,6.0,10.0,20.0,16.0,48.0,80.0,200.0,False,0.002,0.005,0.1,0.0,0.0,0.0,8000,4000,8,4,37.0,12,105.0,36.0,20.0,575.000000,10,3,4,True,True,5,physical,49,43,4.948914,0.2
waksman_5x5,default,1-0-4-2-3,failed,5,4,1,0,15,6,5,I0-I1:5;I0-I3:2;I0-I4:2;I1-I3:2;I1-I4:2;I3-I4:2,3103.000000,4452.216769,1349.216769,2.067565,3.382391,1.314826,1.393858,8.0,3.5,4.0,6.0,10.0,20.0,16.0,48.0,80.0,200.0,False,0.002,0.005,0.1,0.0,0.0,0.0,8000,4000,8,4,37.0,12,105.0,36.0,20.0,575.000000,7,3,4,True,True,5,physical,50,43,4.041391,0.2
waksman_5x5,default,1-4-2-0-3,routed,5,5,0,0,19,7,3,I0-I1:2;I0-I2:2;I0-I3:3;I0-I4:2;I2-I3:3;I2-I4:2;I3-I4:2,3103.000000,5437.026494,2334.026494,2.018898,3.603398,1.584501,1.295611,8.0,3.5,4.0,6.0,10.0,20.0,16.0,48.0,80.0,200.0,False,0.002,0.005,0.1,0.0,0.0,0.0,8000,4000,8,4,37.0,12,105.0,36.0,20.0,575.000000,6,3,1,True,False,5,physical,51,43,2.560384,0.0
waksman_5x5,default,1-4-0-2-3,routed,5,5,0,0,18,7,3,I0-I1:2;I0-I2:3;I0-I3:2;I0-I4:2;I2-I3:2;I2-I4:2;I3-I4:2,3103.000000,5648.588439,2545.588439,2.018898,3.534391,1.515493,1.343235,8.0,3.5,4.0,6.0,10.0,20.0,16.0,48.0,80.0,200.0,False,0.002,0.005,0.1,0.0,0.0,0.0,8000,4000,8,4,37.0,12,105.0,36.0,20.0,575.000000,11,3,2,True,False,5,physical,52,43,6.526873,0.0
waksman_5x5,default,1-2-3-4-0,failed,5,4,1,0,17,5,4,I0-I1:4;I0-I2:2;I0-I4:3;I1-I2:4;I1-I4:3,3103.000000,4477.092880,1374.092880,2.118898,3.930690,1.811793,1.506796,8.0,3.5,4.0,6.0,10.0,20.0,16.0,48.0,80.0,200.0,False,0.002,0.005,0.1,0.0,0.0,0.0,8000,4000,8,4,37.0,12,105.0,36.0,20.0,575.000000,9,3,4,True,True,5,physical,53,43,3.685637,0.2
waksman_5x5,default,4-3-1-0-2,failed,5,4,1,0,11,3,3,I0-I1:3;I1-I4:3;I2-I4:2,3103.000000,4241.676953,1138.676953,1.992531,3.391559,1.399028,0.983088,8.0,3.5,4.0,6.0,10.0,20.0,16.0,48.0,80.0,200.0,False,0.002,0.005,0.1,0.0,0.0,0.0,8000,4000,8,4,37.0,12,105.0,36.0,20.0,575.000000,8,3,4,True,True,5,physical,54,43,3.486364,0.2
waksman_5x5,default,4-0-2-1-3,failed,5,4,1,0,16,4,5,I0-I3:3;I2-I3:5;I2-I4:2;I3-I4:4,3103.000000,4444.216769,1341.216769,2.043864,4.350271,2.306407,1.402858,8.0,3.5,4.0,6.0,10.0,20.0,16.0,48.0,80.0,200.0,False,0.002,0.005,0.1,0.0,0.0,0.0,8000,4000,8,4,37.0,12,105.0,36.0,20.0,575.000000,9,3,4,True,True,5,physical,55,43,7.859279,0.2
waksman_5x5,default,1-4-3-0-2,routed,5,5,0,0,20,7,3,I0-I1:2;I0-I2:2;I0-I3:3;I0-I4:2;I2-I3:3;I2-I4:3;I3-I4:2,3103.000000,5583.172512,2480.172512,1.992531,3.761683,1.769152,1.393069,8.0,3.5,4.0,6.0,10.0,20.0,16.0,48.0,80.0,200.0,False,0.002,0.005,0.1,0.0,0.0,0.0,8000,4000,8,4,37.0,12,105.0,36.0,20.0,575.000000,12,3,2,True,False,5,physical,56,43,6.801247,0.0
waksman_5x5,default,2-1-3-4-0,failed,5,4,1,0,18,5,5,I0-I1:5;I0-I2:4;I0-I4:3;I1-I2:2;I1-I4:3,3103.000000,4501.384916,1398.384916,2.118898,3.813233,1.694336,1.566442,8.0,3.5,4.0,6.0,10.0,20.0,16.0,48.0,80.0,200.0,False,0.002,0.005,0.1,0.0,0.0,0.0,8000,4000,8,4,37.0,12,105.0,36.0,20.0,575.000000,10,3,4,True,True,5,physical,57,43,3.552494,0.2
waksman_5x5,default,1-3-4-2-0,failed,5,4,1,0,18,5,4,I0-I1:4;I0-I3:4;I0-I4:3;I1-I3:3;I1-I4:3,3103.000000,4528.946861,1425.946861,2.067565,3.986023,1.918458,1.575973,8.0,3.5,4.0,6.0,10.0,20.0,16.0,48.0,80.0,200.0,False,0.002,0.005,0.1,0.0,0.0,0.0,8000,4000,8,4,37.0,12,105.0,36.0,20.0,575.000000,8,3,4,True,True,5,physical,58,43,3.229059,0.2
waksman_5x5,default,3-4-2-1-0,routed,5,5,0,0,19,5,3,I0-I1:2;I0-I2:3;I2-I3:3;I2-I4:3;I3-I4:3,3103.000000,5515.464549,2412.464549,2.009865,3.793900,1.784035,1.283986,8.0,3.5,4.0,6.0,10.0,20.0,16.0,48.0,80.0,200.0,False,0.002,0.005,0.1,0.0,0.0,0.0,8000,4000,8,4,37.0,12,105.0,36.0,20.0,575.000000,10,3,1,True,False,5,physical,59,43,3.908922,0.0
waksman_5x5,default,1-0-4-3-2,failed,5,3,2,0,7,3,3,I0-I3:2;I0-I4:2;I3-I4:3,3103.000000,3411.845100,308.845100,2.067565,3.397642,1.330077,1.199563,8.0,3.5,4.0,6.0,10.0,20.0,16.0,48.0,80.0,200.0,False,0.002,0.005,0.1,0.0,0.0,0.0,8000,4000,8,4,37.0,12,105.0,36.0,20.0,575.000000,22,3,3,True,True,5,physical,60,43,16.978138,0.4
waksman_5x5,default,1-3-2-4-0,failed,5,4,1,0,16,5,4,I0-I1:4;I0-I2:2;I0-I4:3;I1-I2:3;I1-I4:3,3103.000000,4423.092880,1320.092880,2.118898,3.986023,1.867126,1.429796,8.0,3.5,4.0,6.0,10.0,20.0,16.0,48.0,80.0,200.0,False,0.002,0.005,0.1,0.0,0.0,0.0,8000,4000,8,4,37.0,12,105.0,36.0,20.0,575.000000,9,3,4,True,True,5,physical,61,43,3.462538,0.2
waksman_5x5,default,2-1-0-3-4,failed,5,4,1,0,15,5,5,I1-I2:5;I1-I3:2;I2-I3:4;I2-I4:2;I3-I4:2,3103.000000,4671.238898,1568.238898,2.318164,3.697642,1.379478,1.547619,8.0,3.5,4.0,6.0,10.0,20.0,16.0,48.0,80.0,200.0,False,0.002,0.005,0.1,0.0,0.0,0.0,8000,4000,8,4,37.0,12,105.0,36.0,20.0,575.000000,19,3,3,True,True,5,physical,62,43,18.519927,0.2
waksman_5x5,default,3-2-4-0-1,routed,5,5,0,0,23,6,5,I0-I1:5;I0-I2:4;I0-I3:3;I1-I2:2;I2-I3:3;I3-I4:2,3103.000000,5387.464549,2284.464549,2.067565,4.077982,2.010418,1.392786,8.0,3.5,4.0,6.0,10.0,20.0,16.0,48.0,80.0,200.0,False,0.002,0.005,0.1,0.0,0.0,0.0,8000,4000,8,4,37.0,12,105.0,36.0,20.0,575.000000,5,3,1,True,False,5,physical,63,43,1.564371,0.0
waksman_5x5,default,2-4-3-1-0,routed,5,5,0,0,18,5,3,I0-I1:2;I0-I2:2;I2-I3:3;I2-I4:3;I3-I4:3,3103.000000,5473.172512,2370.172512,2.061198,3.890649,1.829451,1.229069,8.0,3.5,4.0,6.0,10.0,20.0,16.0,48.0,80.0,200.0,False,0.002,0.005,0.1,0.0,0.0,0.0,8000,4000,8,4,37.0,12,105.0,36.0,20.0,575.000000,9,3,1,True,False,5,physical,64,43,3.871055,0.0
waksman_5x5,default,3-4-1-0-2,failed,5,4,1,0,10,3,3,I0-I1:2;I0-I4:3;I2-I4:2,3103.000000,4217.384916,1114.384916,1.992531,3.074184,1.081653,0.923442,8.0,3.5,4.0,6.0,10.0,20.0,16.0,48.0,80.0,200.0,False,0.002,0.005,0.1,0.0,0.0,0.0,8000,4000,8,4,37.0,12,105.0,36.0,20.0,575.000000,7,3,4,True,True,5,physical,65,43,3.901382,0.2
waksman_5x5,default,2-4-0-1-3,routed,5,5,0,0,23,6,8,I0-I1:2;I0-I4:2;I1-I2:3;I2-I3:8;I2-I4:2;I3-I4:2,3103.000000,5375.318531,2272.318531,2.018898,3.945941,1.927044,1.388927,8.0,3.5,4.0,6.0,10.0,20.0,16.0,48.0,80.0,200.0,False,0.002,0.005,0.1,0.0,0.0,0.0,8000,4000,8,4,37.0,12,105.0,36.0,20.0,575.000000,6,3,1,True,False,5,physical,66,43,2.846136,0.0
waksman_5x5,default,0-2-3-4-1,failed,5,4,1,0,16,5,4,I0-I1:4;I0-I2:2;I0-I4:2;I1-I2:4;I1-I4:3,3103.000000,4452.654825,1349.654825,2.118898,3.930690,1.811793,1.448327,8.0,3.5,4.0,6.0,10.0,20.0,16.0,48.0,80.0,200.0,False,0.002,0.005,0.1,0.0,0.0,0.0,8000,4000,8,4,37.0,12,105.0,36.0,20.0,575.000000,8,3,4,True,True,5,physical,67,43,3.517717,0.2
waksman_5x5,default,1-2-4-3-0,routed,5,5,0,0,27,8,5,I0-I1:4;I0-I2:2;I0-I3:2;I0-I4:3;I1-I2:2;I1-I3:4;I1-I4:3;I2-I3:5,3103.000000,5613.172512,2510.172512,2.067565,4.206690,2.139126,1.685069,8.0,3.5,4.0,6.0,10.0,20.0,16.0,48.0,80.0,200.0,False,0.002,0.005,0.1,0.0,0.0,0.0,8000,4000,8,4,37.0,12,105.0,36.0,20.0,575.000000,10,3,1,True,False,5,physical,68,43,4.828049,0.0
waksman_5x5,default,1-3-0-4-2,failed,5,4,1,0,14,5,4,I0-I1:4;I0-I3:2;I0-I4:2;I1-I3:2;I1-I4:3,3103.000000,4352.508806,1249.508806,2.118898,3.591559,1.472662,1.190504,8.0,3.5,4.0,6.0,10.0,20.0,16.0,48.0,80.0,200.0,False,0.002,0.005,0.1,0.0,0.0,0.0,8000,4000,8,4,37.0,12,105.0,36.0,20.0,575.000000,9,3,4,True,True,5,physical,69,43,4.212447,0.2
waksman_5x5,default,0-4-2-3-1,routed,5,5,0,0,27,7,8,I0-I1:2;I0-I2:2;I0-I3:2;I0-I4:2;I1-I2:3;I2-I3:8;I2-I4:5,3103.000000,5647.172512,2544.172512,2.009865,4.703316,2.693451,1.698669,8.0,3.5,4.0,6.0,10.0,20.0,16.0,48.0,80.0,200.0,False,0.002,0.005,0.1,0.0,0.0,0.0,8000,4000,8,4,37.0,12,105.0,36.0,20.0,575.000000,9,3,1,True,False,5,physical,70,43,3.136726,0.0
waksman_5x5,default,4-0-2-3-1,failed,5,4,1,0,10,3,3,I0-I1:3;I1-I2:2;I1-I4:2,3103.000000,3948.845100,845.845100,2.009865,2.934143,0.924278,0.728673,8.0,3.5,4.0,6.0,10.0,20.0,16.0,48.0,80.0,200.0,False,0.002,0.005,0.1,0.0,0.0,0.0,8000,4000,8,4,37.0,12,105.0,36.0,20.0,575.000000,15,3,4,True,False,5,physical,71,43,10.155248,0.2
waksman_5x5,default,3-1-0-2-4,failed,5,4,1,0,15,5,5,I1-I2:5;I1-I3:2;I2-I3:4;I2-I4:2;I3-I4:2,3103.000000,4545.238898,1442.238898,2.369497,3.631357,1.261860,1.492619,8.0,3.5,4.0,6.0,10.0,20.0,16.0,48.0,80.0,200.0,False,0.002,0.005,0.1,0.0,0.0,0.0,8000,4000,8,4,37.0,12,105.0,36.0,20.0,575.000000,18,3,3,True,True,5,physical,72,43,18.108557,0.2
waksman_5x5,default,3-4-1-2-0,routed,5,5,0,0,18,5,3,I0-I1:2;I0-I3:3;I2-I3:2;I2-I4:3;I3-I4:3,3103.000000,5525.318531,2422.318531,2.061198,3.911357,1.850159,1.248927,8.0,3.5,4.0,6.0,10.0,20.0,16.0,48.0,80.0,200.0,False,0.002,0.005,0.1,0.0,0.0,0.0,8000,4000,8,4,37.0,12,105.0,36.0,20.0,575.000000,9,3,1,True,False,5,physical,73,43,3.401932,0.0
waksman_5x5,default,3-0-2-1-4,failed,5,4,1,0,17,5,5,I0-I3:3;I0-I4:4;I2-I3:5;I2-I4:2;I3-I4:2,3103.000000,4464.654825,1361.654825,2.369497,3.939439,1.569942,1.459327,8.0,3.5,4.0,6.0,10.0,20.0,16.0,48.0,80.0,200.0,False,0.002,0.005,0.1,0.0,0.0,0.0,8000,4000,8,4,37.0,12,105.0,36.0,20.0,575.000000,11,3,4,True,True,5,physical,74,43,8.927822,0.2
waksman_5x5,default,0-2-1-3-4,routed,5,5,0,0,19,9,2,I0-I1:2;I0-I2:2;I0-I3:2;I0-I4:2;I1-I3:2;I1-I4:2;I2-I3:2;I2-I4:2;I3-I4:2,3103.000000,5354.778714,2251.778714,2.210831,3.657274,1.446443,1.210711,8.0,3.5,4.0,6.0,10.0,20.0,16.0,48.0,80.0,200.0,False,0.002,0.005,0.1,0.0,0.0,0.0,8000,4000,8,4,37.0,12,105.0,36.0,20.0,575.000000,7,3,1,True,False,5,physical,75,43,3.650837,0.0
waksman_5x5,default,0-2-3-1-4,routed,5,5,0,0,20,9,3,I0-I1:2;I0-I2:2;I0-I3:2;I0-I4:2;I1-I2:2;I1-I4:2;I2-I3:3;I2-I4:2;I3-I4:2,3103.000000,5337.070751,2234.070751,2.210831,3.606391,1.395560,1.241628,8.0,3.5,4.0,6.0,10.0,20.0,16.0,48.0,80.0,200.0,False,0.002,0.005,0.1,0.0,0.0,0.0,8000,4000,8,4,37.0,12,105.0,36.0,20.0,575.000000,7,3,1,True,False,5,physical,76,43,3.639783,0.0
waksman_5x5,default,3-4-0-1-2,routed,5,5,0,0,24,6,8,I0-I1:2;I0-I4:3;I1-I2:3;I2-I3:8;I2-I4:2;I3-I4:2,3103.000000,5417.610567,2314.610567,1.967565,3.904525,1.936961,1.443844,8.0,3.5,4.0,6.0,10.0,20.0,16.0,48.0,80.0,200.0,False,0.002,0.005,0.1,0.0,0.0,0.0,8000,4000,8,4,37.0,12,105.0,36.0,20.0,575.000000,7,3,1,True,False,5,physical,77,43,2.753212,0.0
waksman_5x5,default,0-4-3-2-1,routed,5,5,0,0,18,5,4,I0-I1:2;I0-I2:2;I0-I3:4;I0-I4:2;I2-I3:3,3103.000000,5360.048623,2257.048623,2.061198,3.734391,1.673193,1.217819,8.0,3.5,4.0,6.0,10.0,20.0,16.0,48.0,80.0,200.0,False,0.002,0.005,0.1,0.0,0.0,0.0,8000,4000,8,4,37.0,12,105.0,36.0,20.0,575.000000,4,3,1,True,False,5,physical,78,43,1.610609,0.0
waksman_5x5,default,4-2-1-0-3,failed,5,4,1,0,10,3,3,I0-I1:3;I1-I4:2;I2-I4:2,3103.000000,4199.384916,1096.384916,2.018898,3.058892,1.039994,0.914442,8.0,3.5,4.0,6.0,10.0,20.0,16.0,48.0,80.0,200.0,False,0.002,0.005,0.1,0.0,0.0,0.0,8000,4000,8,4,37.0,12,105.0,36.0,20.0,575.000000,7,3,4,True,True,5,physical,79,43,3.241605,0.2
waksman_5x5,default,1-2-4-0-3,failed,5,4,1,0,11,5,2,I0-I1:2;I0-I2:2;I0-I4:2;I1-I2:2;I1-I4:2,3103.000000,4236.508806,1133.508806,2.067565,3.058892,0.991327,0.990504,8.0,3.5,4.0,6.0,10.0,20.0,16.0,48.0,80.0,200.0,False,0.002,0.005,0.1,0.0,0.0,0.0,8000,4000,8,4,37.0,12,105.0,36.0,20.0,575.000000,8,3,4,True,True,5,physical,80,43,4.119542,0.2
waksman_5x5,default,2-3-4-0-1,routed,5,5,0,0,22,6,5,I0-I1:4;I0-I2:2;I0-I4:3;I1-I2:2;I2-I3:5;I3-I4:2,3103.000000,5526.734457,2423.734457,2.067565,3.559140,1.491575,1.413494,8.0,3.5,4.0,6.0,10.0,20.0,16.0,48.0,80.0,200.0,False,0.002,0.005,0.1,0.0,0.0,0.0,8000,4000,8,4,37.0,12,105.0,36.0,20.0,575.000000,9,3,1,True,False,5,physical,81,43,4.313058,0.0
waksman_5x5,default,4-1-3-2-0,failed,5,4,1,0,11,3,3,I0-I1:3;I1-I3:2;I1-I4:3,3103.000000,4115.968990,1012.968990,2.061198,3.246810,1.185612,1.006734,8.0,3.5,4.0,6.0,10.0,20.0,16.0,48.0,80.0,200.0,False,0.002,0.005,0.1,0.0,0.0,0.0,8000,4000,8,4,37.0,12,105.0,36.0,20.0,575.000000,7,3,4,True,True,5,physical,82,43,3.180022,0.2
waksman_5x5,default,2-0-1-4-3,failed,5,4,1,0,14,5,4,I0-I1:3;I0-I3:2;I1-I2:4;I1-I3:2;I2-I3:2,3103.000000,4306.362788,1203.362788,2.118898,3.320607,1.201710,1.202681,8.0,3.5,4.0,6.0,10.0,20.0,16.0,48.0,80.0,200.0,False,0.002,0.005,0.1,0.0,0.0,0.0,8000,4000,8,4,37.0,12,105.0,36.0,20.0,575.000000,12,3,4,True,True,5,physical,83,43,4.439479,0.2
waksman_5x5,default,0-3-4-1-2,failed,5,4,1,0,12,5,3,I0-I1:2;I0-I3:2;I0-I4:2;I1-I4:3;I3-I4:2,3103.000000,4531.632696,1428.632696,2.067565,3.306391,1.238826,1.238566,8.0,3.5,4.0,6.0,10.0,20.0,16.0,48.0,80.0,200.0,False,0.002,0.005,0.1,0.0,0.0,0.0,8000,4000,8,4,37.0,12,105.0,36.0,20.0,575.000000,12,3,4,True,True,5,physical,84,43,5.549026,0.2
waksman_5x5,default,4-1-3-0-2,failed,5,4,1,0,12,4,3,I0-I1:3;I1-I2:2;I1-I4:2;I2-I4:3,3103.000000,4277.676953,1174.676953,1.992531,3.461683,1.469152,1.118088,8.0,3.5,4.0,6.0,10.0,20.0,16.0,48.0,80.0,200.0,False,0.002,0.005,0.1,0.0,0.0,0.0,8000,4000,8,4,37.0,12,105.0,36.0,20.0,575.000000,8,3,4,True,True,5,physical,85,43,2.665559,0.2
waksman_5x5,default,4-1-0-3-2,failed,5,4,1,0,12,4,3,I0-I1:3;I1-I3:2;I1-I4:2;I3-I4:3,3103.000000,4361.530935,1258.530935,1.967565,3.615058,1.647493,1.153265,8.0,3.5,4.0,6.0,10.0,20.0,16.0,48.0,80.0,200.0,False,0.002,0.005,0.1,0.0,0.0,0.0,8000,4000,8,4,37.0,12,105.0,36.0,20.0,575.000000,8,3,4,True,True,5,physical,86,43,3.273949,0.2
waksman_5x5,default,0-4-2-1-3,failed,5,4,1,0,10,4,2,I0-I1:2;I0-I2:2;I0-I4:2;I2-I4:2,3103.000000,4095.092880,992.092880,2.043864,3.129016,1.085152,0.939796,8.0,3.5,4.0,6.0,10.0,20.0,16.0,48.0,80.0,200.0,False,0.002,0.005,0.1,0.0,0.0,0.0,8000,4000,8,4,37.0,12,105.0,36.0,20.0,575.000000,5,3,4,True,True,5,physical,87,43,2.315199,0.2
waksman_5x5,default,4-2-0-3-1,routed,5,5,0,0,17,5,3,I0-I1:3;I1-I3:2;I2-I3:2;I2-I4:2;I3-I4:3,3103.000000,5475.026494,2372.026494,2.112531,4.008106,1.895575,1.190811,8.0,3.5,4.0,6.0,10.0,20.0,16.0,48.0,80.0,200.0,False,0.002,0.005,0.1,0.0,0.0,0.0,8000,4000,8,4,37.0,12,105.0,36.0,20.0,575.000000,9,3,1,True,False,5,physical,88,43,3.819558,0.0
waksman_5x5,default,0-4-1-3-2,routed,5,5,0,0,22,7,4,I0-I1:2;I0-I2:4;I0-I3:2;I0-I4:2;I2-I3:4;I2-I4:2;I3-I4:3,3103.000000,5692.588439,2589.588439,1.992531,4.272814,2.280283,1.520835,8.0,3.5,4.0,6.0,10.0,20.0,16.0,48.0,80.0,200.0,False,0.002,0.005,0.1,0.0,0.0,0.0,8000,4000,8,4,37.0,12,105.0,36.0,20.0,575.000000,8,3,1,True,False,5,physical,89,43,2.796057,0.0
waksman_5x5,default,2-0-1-3-4,failed,5,4,1,0,19,6,6,I0-I2:3;I0-I3:2;I0-I4:4;I2-I3:6;I2-I4:2;I3-I4:2,3103.000000,4514.946861,1411.946861,2.318164,3.897642,1.579478,1.581973,8.0,3.5,4.0,6.0,10.0,20.0,16.0,48.0,80.0,200.0,False,0.002,0.005,0.1,0.0,0.0,0.0,8000,4000,8,4,37.0,12,105.0,36.0,20.0,575.000000,23,3,3,True,True,5,physical,90,43,13.524811,0.2
waksman_5x5,default,0-3-2-4-1,failed,5,4,1,0,15,5,4,I0-I1:4;I0-I2:2;I0-I4:2;I1-I2:3;I1-I4:3,3103.000000,4394.654825,1291.654825,2.118898,3.986023,1.867126,1.369327,8.0,3.5,4.0,6.0,10.0,20.0,16.0,48.0,80.0,200.0,False,0.002,0.005,0.1,0.0,0.0,0.0,8000,4000,8,4,37.0,12,105.0,36.0,20.0,575.000000,7,3,4,True,True,5,physical,91,43,2.997134,0.2
waksman_5x5,default,0-3-1-4-2,failed,5,4,1,0,12,5,3,I0-I1:2;I0-I2:2;I0-I4:2;I1-I4:3;I2-I4:2,3103.000000,4457.778714,1354.778714,2.118898,3.311559,1.192662,1.208389,8.0,3.5,4.0,6.0,10.0,20.0,16.0,48.0,80.0,200.0,False,0.002,0.005,0.1,0.0,0.0,0.0,8000,4000,8,4,37.0,12,105.0,36.0,20.0,575.000000,12,3,4,True,True,5,physical,92,43,4.973246,0.2
waksman_5x5,default,0-2-1-4-3,failed,5,4,1,0,11,5,2,I0-I1:2;I0-I2:2;I0-I4:2;I1-I4:2;I2-I4:2,3103.000000,4361.778714,1258.778714,2.118898,3.173016,1.054118,1.110389,8.0,3.5,4.0,6.0,10.0,20.0,16.0,48.0,80.0,200.0,False,0.002,0.005,0.1,0.0,0.0,0.0,8000,4000,8,4,37.0,12,105.0,36.0,20.0,575.000000,10,3,4,True,True,5,physical,93,43,4.216693,0.2
waksman_5x5,default,0-4-3-1-2,failed,5,4,1,0,11,4,3,I0-I1:2;I0-I2:2;I0-I4:2;I2-I4:3,3103.000000,4137.384916,1034.384916,2.043864,3.461683,1.417819,1.008442,8.0,3.5,4.0,6.0,10.0,20.0,16.0,48.0,80.0,200.0,False,0.002,0.005,0.1,0.0,0.0,0.0,8000,4000,8,4,37.0,12,105.0,36.0,20.0,575.000000,6,3,4,True,True,5,physical,94,43,2.388030,0.2
waksman_5x5,default,2-0-3-1-4,routed,5,5,0,0,25,9,4,I0-I1:3;I0-I2:2;I0-I3:3;I0-I4:4;I1-I2:2;I1-I3:4;I2-I3:3;I2-I4:2;I3-I4:2,3103.000000,5575.318531,2472.318531,2.318164,4.198271,1.880107,1.588927,8.0,3.5,4.0,6.0,10.0,20.0,16.0,48.0,80.0,200.0,False,0.002,0.005,0.1,0.0,0.0,0.0,8000,4000,8,4,37.0,12,105.0,36.0,20.0,575.000000,8,3,1,True,False,5,physical,95,43,2.997167,0.0
waksman_5x5,default,4-1-0-2-3,failed,5,4,1,0,11,4,3,I0-I1:3;I1-I3:2;I1-I4:2;I3-I4:2,3103.000000,4319.238898,1216.238898,2.018898,3.282391,1.263493,1.084619,8.0,3.5,4.0,6.0,10.0,20.0,16.0,48.0,80.0,200.0,False,0.002,0.005,0.1,0.0,0.0,0.0,8000,4000,8,4,37.0,12,105.0,36.0,20.0,575.000000,7,3,4,True,True,5,physical,96,43,3.267104,0.2
waksman_5x5,default,4-0-1-2-3,failed,5,4,1,0,11,4,3,I0-I1:3;I1-I3:2;I1-I4:2;I3-I4:2,3103.000000,4203.238898,1100.238898,2.018898,3.282391,1.263493,1.034619,8.0,3.5,4.0,6.0,10.0,20.0,16.0,48.0,80.0,200.0,False,0.002,0.005,0.1,0.0,0.0,0.0,8000,4000,8,4,37.0,12,105.0,36.0,20.0,575.000000,6,3,4,True,True,5,physical,97,43,3.067936,0.2
waksman_5x5,default,2-4-3-0-1,routed,5,5,0,0,19,6,3,I0-I1:2;I0-I2:2;I0-I3:3;I2-I3:3;I2-I4:3;I3-I4:2,3103.000000,5475.026494,2372.026494,2.061198,3.890649,1.829451,1.270811,8.0,3.5,4.0,6.0,10.0,20.0,16.0,48.0,80.0,200.0,False,0.002,0.005,0.1,0.0,0.0,0.0,8000,4000,8,4,37.0,12,105.0,36.0,20.0,575.000000,7,3,1,True,False,5,physical,98,43,3.698874,0.0
waksman_5x5,default,3-1-0-4-2,failed,5,4,1,0,11,4,3,I0-I3:2;I0-I4:3;I1-I3:2;I1-I4:2,3103.000000,4292.362788,1189.362788,2.118898,3.074184,0.955287,1.011681,8.0,3.5,4.0,6.0,10.0,20.0,16.0,48.0,80.0,200.0,False,0.002,0.005,0.1,0.0,0.0,0.0,8000,4000,8,4,37.0,12,105.0,36.0,20.0,575.000000,8,3,4,True,True,5,physical,99,43,3.858130,0.2
waksman_5x5,default,4-2-3-1-0,routed,5,5,0,0,19,5,3,I0-I1:3;I1-I2:2;I2-I3:3;I2-I4:3;I3-I4:3,3103.000000,5481.756586,2378.756586,2.061198,3.890649,1.829451,1.268503,8.0,3.5,4.0,6.0,10.0,20.0,16.0,48.0,80.0,200.0,False,0.002,0.005,0.1,0.0,0.0,0.0,8000,4000,8,4,37.0,12,105.0,36.0,20.0,575.000000,10,3,1,True,False,5,physical,100,43,4.176143,0.0
waksman_5x5,default,3-0-1-4-2,routed,5,5,0,0,22,7,4,I0-I1:3;I0-I3:2;I0-I4:3;I1-I2:4;I1-I3:2;I1-I4:4;I2-I3:2,3103.000000,5584.588439,2481.588439,2.118898,3.931439,1.812541,1.437635,8.0,3.5,4.0,6.0,10.0,20.0,16.0,48.0,80.0,200.0,False,0.002,0.005,0.1,0.0,0.0,0.0,8000,4000,8,4,37.0,12,105.0,36.0,20.0,575.000000,13,3,2,True,False,5,physical,101,43,5.233605,0.0
waksman_5x5,default,2-1-0-4-3,failed,5,4,1,0,10,4,2,I0-I3:2;I0-I4:2;I1-I3:2;I1-I4:2,3103.000000,4250.070751,1147.070751,2.118898,3.042772,0.923874,0.943035,8.0,3.5,4.0,6.0,10.0,20.0,16.0,48.0,80.0,200.0,False,0.002,0.005,0.1,0.0,0.0,0.0,8000,4000,8,4,37.0,12,105.0,36.0,20.0,575.000000,7,3,4,True,True,5,physical,102,43,3.724412,0.2
waksman_5x5,default,2-3-4-1-0,failed,5,4,1,0,15,3,6,I0-I1:6;I0-I3:3;I3-I4:3,3103.000000,4489.238898,1386.238898,2.067565,3.581233,1.513669,1.353619,8.0,3.5,4.0,6.0,10.0,20.0,16.0,48.0,80.0,200.0,False,0.002,0.005,0.1,0.0,0.0,0.0,8000,4000,8,4,37.0,12,105.0,36.0,20.0,575.000000,9,3,4,True,True,5,physical,103,43,3.366490,0.2
waksman_5x5,default,0-1-3-2-4,routed,5,5,0,0,27,8,6,I0-I1:6;I0-I2:4;I0-I4:2;I1-I2:4;I1-I3:2;I2-I3:5;I2-I4:2;I3-I4:2,3103.000000,5600.340659,2497.340659,2.210831,4.617481,2.406650,1.671936,8.0,3.5,4.0,6.0,10.0,20.0,16.0,48.0,80.0,200.0,False,0.002,0.005,0.1,0.0,0.0,0.0,8000,4000,8,4,37.0,12,105.0,36.0,20.0,575.000000,9,3,1,True,False,5,physical,104,43,3.532432,0.0
waksman_5x5,default,3-0-4-2-1,failed,5,4,1,0,16,5,5,I0-I1:5;I0-I3:3;I0-I4:3;I1-I3:2;I1-I4:2,3103.000000,4502.800843,1399.800843,2.067565,3.868566,1.801002,1.464150,8.0,3.5,4.0,6.0,10.0,20.0,16.0,48.0,80.0,200.0,False,0.002,0.005,0.1,0.0,0.0,0.0,8000,4000,8,4,37.0,12,105.0,36.0,20.0,575.000000,8,3,4,True,True,5,physical,105,43,4.229235,0.2
waksman_5x5,default,2-3-1-4-0,failed,5,4,1,0,15,3,6,I0-I1:6;I0-I2:3;I2-I4:3,3103.000000,4415.384916,1312.384916,2.118898,3.581233,1.462336,1.323442,8.0,3.5,4.0,6.0,10.0,20.0,16.0,48.0,80.0,200.0,False,0.002,0.005,0.1,0.0,0.0,0.0,8000,4000,8,4,37.0,12,105.0,36.0,20.0,575.000000,9,3,4,True,True,5,physical,106,43,2.694942,0.2
waksman_5x5,default,3-0-4-1-2,failed,5,4,1,0,11,4,3,I0-I4:3;I1-I3:2;I1-I4:2;I3-I4:2,3103.000000,4507.632696,1404.632696,2.067565,3.338391,1.270826,1.176566,8.0,3.5,4.0,6.0,10.0,20.0,16.0,48.0,80.0,200.0,False,0.002,0.005,0.1,0.0,0.0,0.0,8000,4000,8,4,37.0,12,105.0,36.0,20.0,575.000000,14,3,4,True,True,5,physical,107,43,5.358779,0.2
waksman_5x5,default,2-1-4-0-3,failed,5,4,1,0,10,4,2,I0-I2:2;I0-I4:2;I1-I2:2;I1-I4:2,3103.000000,4158.508806,1055.508806,2.067565,3.042772,0.975207,0.901504,8.0,3.5,4.0,6.0,10.0,20.0,16.0,48.0,80.0,200.0,False,0.002,0.005,0.1,0.0,0.0,0.0,8000,4000,8,4,37.0,12,105.0,36.0,20.0,575.000000,7,3,4,True,True,5,physical,108,43,3.934689,0.2
waksman_5x5,default,0-3-1-2-4,routed,5,5,0,0,22,10,3,I0-I1:2;I0-I2:2;I0-I3:2;I0-I4:2;I1-I2:3;I1-I3:3;I1-I4:2;I2-I3:2;I2-I4:2;I3-I4:2,3103.000000,5438.778714,2335.778714,2.210831,3.804975,1.594144,1.364311,8.0,3.5,4.0,6.0,10.0,20.0,16.0,48.0,80.0,200.0,False,0.002,0.005,0.1,0.0,0.0,0.0,8000,4000,8,4,37.0,12,105.0,36.0,20.0,575.000000,9,3,1,True,False,5,physical,109,43,3.889108,0.0
waksman_5x5,default,4-0-3-2-1,failed,5,4,1,0,10,3,3,I0-I1:3;I1-I3:2;I1-I4:2,3103.000000,4091.530935,988.530935,2.061198,3.182391,1.121193,0.948265,8.0,3.5,4.0,6.0,10.0,20.0,16.0,48.0,80.0,200.0,False,0.002,0.005,0.1,0.0,0.0,0.0,8000,4000,8,4,37.0,12,105.0,36.0,20.0,575.000000,6,3,4,True,True,5,physical,110,43,3.069243,0.2
waksman_5x5,default,4-3-1-2-0,routed,5,5,0,0,19,5,3,I0-I1:3;I1-I3:3;I2-I3:2;I2-I4:3;I3-I4:3,3103.000000,5549.610567,2446.610567,2.061198,3.911357,1.850159,1.296644,8.0,3.5,4.0,6.0,10.0,20.0,16.0,48.0,80.0,200.0,False,0.002,0.005,0.1,0.0,0.0,0.0,8000,4000,8,4,37.0,12,105.0,36.0,20.0,575.000000,10,3,1,True,False,5,physical,111,43,3.778275,0.0
waksman_5x5,default,3-2-0-4-1,routed,5,5,0,0,22,6,5,I0-I1:5;I0-I2:3;I0-I3:4;I1-I3:2;I2-I3:2;I2-I4:2,3103.000000,5405.172512,2302.172512,2.118898,4.077982,1.959085,1.361869,8.0,3.5,4.0,6.0,10.0,20.0,16.0,48.0,80.0,200.0,False,0.002,0.005,0.1,0.0,0.0,0.0,8000,4000,8,4,37.0,12,105.0,36.0,20.0,575.000000,5,3,1,True,False,5,physical,112,43,1.521895,0.0
waksman_5x5,default,1-4-3-2-0,routed,5,5,0,0,19,5,4,I0-I1:2;I0-I2:2;I0-I3:4;I0-I4:3;I2-I3:3,3103.000000,5384.486678,2281.486678,2.061198,3.734391,1.673193,1.264595,8.0,3.5,4.0,6.0,10.0,20.0,16.0,48.0,80.0,200.0,False,0.002,0.005,0.1,0.0,0.0,0.0,8000,4000,8,4,37.0,12,105.0,36.0,20.0,575.000000,5,3,1,True,False,5,physical,113,43,1.761405,0.0
waksman_5x5,default,2-1-4-3-0,failed,5,4,1,0,18,5,5,I0-I1:5;I0-I3:4;I0-I4:3;I1-I3:2;I1-I4:3,3103.000000,4585.238898,1482.238898,2.067565,3.813233,1.745669,1.601619,8.0,3.5,4.0,6.0,10.0,20.0,16.0,48.0,80.0,200.0,False,0.002,0.005,0.1,0.0,0.0,0.0,8000,4000,8,4,37.0,12,105.0,36.0,20.0,575.000000,10,3,4,True,True,5,physical,114,43,4.520384,0.2
waksman_5x5,default,0-4-1-2-3,routed,5,5,0,0,21,7,4,I0-I1:2;I0-I2:4;I0-I3:4;I0-I4:2;I2-I3:2;I2-I4:2;I3-I4:2,3103.000000,5702.588439,2599.588439,2.018898,4.123398,2.104501,1.484835,8.0,3.5,4.0,6.0,10.0,20.0,16.0,48.0,80.0,200.0,False,0.002,0.005,0.1,0.0,0.0,0.0,8000,4000,8,4,37.0,12,105.0,36.0,20.0,575.000000,5,3,1,True,False,5,physical,115,43,1.814811,0.0
waksman_5x5,default,4-0-1-3-2,failed,5,4,1,0,16,4,6,I0-I2:3;I2-I3:6;I2-I4:2;I3-I4:3,3103.000000,4399.092880,1296.092880,1.992531,3.897642,1.905111,1.372796,8.0,3.5,4.0,6.0,10.0,20.0,16.0,48.0,80.0,200.0,False,0.002,0.005,0.1,0.0,0.0,0.0,8000,4000,8,4,37.0,12,105.0,36.0,20.0,575.000000,21,3,3,True,True,5,physical,116,43,12.052863,0.2
waksman_5x5,default,3-2-4-1-0,failed,5,4,1,0,14,3,5,I0-I1:5;I0-I3:3;I3-I4:3,3103.000000,4446.946861,1343.946861,2.067565,3.677982,1.610418,1.284973,8.0,3.5,4.0,6.0,10.0,20.0,16.0,48.0,80.0,200.0,False,0.002,0.005,0.1,0.0,0.0,0.0,8000,4000,8,4,37.0,12,105.0,36.0,20.0,575.000000,8,3,4,True,True,5,physical,117,43,3.003872,0.2
waksman_5x5,default,1-3-0-2-4,routed,5,5,0,0,21,8,5,I0-I1:2;I0-I2:5;I0-I3:2;I0-I4:2;I1-I3:3;I1-I4:2;I2-I3:2;I3-I4:2,3103.000000,5582.486678,2479.486678,2.262164,3.705765,1.443601,1.383795,8.0,3.5,4.0,6.0,10.0,20.0,16.0,48.0,80.0,200.0,False,0.002,0.005,0.1,0.0,0.0,0.0,8000,4000,8,4,37.0,12,105.0,36.0,20.0,575.000000,8,3,1,True,False,5,physical,118,43,3.536410,0.0
waksman_5x5,default,0-1-4-2-3,failed,5,4,1,0,18,6,6,I0-I1:6;I0-I3:4;I0-I4:2;I1-I3:2;I1-I4:2;I3-I4:2,3103.000000,4476.654825,1373.654825,2.067565,3.614391,1.546826,1.552327,8.0,3.5,4.0,6.0,10.0,20.0,16.0,48.0,80.0,200.0,False,0.002,0.005,0.1,0.0,0.0,0.0,8000,4000,8,4,37.0,12,105.0,36.0,20.0,575.000000,8,3,4,True,True,5,physical,119,43,4.221665,0.2
spanke_benes_5x5,default,3-1-2-0-4,routed,5,5,0,0,17,4,4,I0-I2:3;I0-I4:4;I1-I2:4;I1-I3:3,4161.000000,6585.610567,2424.610567,1.969497,4.239656,2.270159,1.727844,8.0,3.5,4.0,6.0,10.0,20.0,16.0,48.0,80.0,200.0,False,0.002,0.005,0.1,0.0,0.0,0.0,8000,4000,8,4,37.0,12,105.0,36.0,20.0,785.000000,8,3,1,True,False,5,physical,0,43,1.674661,0.0
spanke_benes_5x5,default,4-0-3-1-2,routed,5,5,0,0,14,3,4,I1-I2:2;I1-I3:4;I3-I4:2,4161.000000,6495.610567,2334.610567,1.969497,4.265072,2.295575,1.571844,8.0,3.5,4.0,6.0,10.0,20.0,16.0,48.0,80.0,200.0,False,0.002,0.005,0.1,0.0,0.0,0.0,8000,4000,8,4,37.0,12,105.0,36.0,20.0,785.000000,6,3,1,True,False,5,physical,1,43,1.300435,0.0
spanke_benes_5x5,default,3-4-0-2-1,routed,5,5,0,0,13,3,2,I0-I1:2;I2-I3:2;I2-I4:2,4161.000000,6459.026494,2298.026494,1.903864,3.633315,1.729451,1.521211,8.0,3.5,4.0,6.0,10.0,20.0,16.0,48.0,80.0,200.0,False,0.002,0.005,0.1,0.0,0.0,0.0,8000,4000,8,4,37.0,12,105.0,36.0,20.0,785.000000,4,3,1,True,False,5,physical,2,43,1.302103,0.0
spanke_benes_5x5,default,1-4-0-3-2,routed,5,5,0,0,15,4,5,I0-I1:2;I0-I2:5;I0-I3:2;I0-I4:2,4161.000000,6601.464549,2440.464549,1.915131,4.303166,2.388035,1.655186,8.0,3.5,4.0,6.0,10.0,20.0,16.0,48.0,80.0,200.0,False,0.002,0.005,0.1,0.0,0.0,0.0,8000,4000,8,4,37.0,12,105.0,36.0,20.0,785.000000,8,3,1,True,False,5,physical,3,43,2.001552,0.0
spanke_benes_5x5,default,2-0-3-4-1,routed,5,5,0,0,16,4,5,I0-I1:5;I0-I2:4;I1-I4:2;I2-I3:2,4161.000000,6592.194641,2431.194641,2.022463,4.513331,2.490867,1.686478,8.0,3.5,4.0,6.0,10.0,20.0,16.0,48.0,80.0,200.0,False,0.002,0.005,0.1,0.0,0.0,0.0,8000,4000,8,4,37.0,12,105.0,36.0,20.0,785.000000,7,3,1,True,False,5,physical,4,43,2.056796,0.0
spanke_benes_5x5,default,4-1-2-3-0,routed,5,5,0,0,13,2,4,I1-I2:4;I2-I3:2,4161.000000,6455.610567,2294.610567,1.969497,4.207656,2.238159,1.515844,8.0,3.5,4.0,6.0,10.0,20.0,16.0,48.0,80.0,200.0,False,0.002,0.005,0.1,0.0,0.0,0.0,8000,4000,8,4,37.0,12,105.0,36.0,20.0,785.000000,4,3,1,True,False,5,physical,5,43,1.483757,0.0
spanke_benes_5x5,default,3-0-2-4-1,routed,5,5,0,0,17,5,4,I0-I1:3;I0-I2:3;I0-I3:2;I1-I2:4;I1-I4:2,4161.000000,6605.318531,2444.318531,1.969497,4.211697,2.242200,1.737727,8.0,3.5,4.0,6.0,10.0,20.0,16.0,48.0,80.0,200.0,False,0.002,0.005,0.1,0.0,0.0,0.0,8000,4000,8,4,37.0,12,105.0,36.0,20.0,785.000000,7,3,1,True,False,5,physical,6,43,1.982113,0.0
spanke_benes_5x5,default,1-0-2-4-3,routed,5,5,0,0,18,4,7,I0-I1:7;I0-I2:6;I2-I3:2;I2-I4:2,4161.000000,6657.070751,2496.070751,2.088097,5.160380,3.072283,1.786428,8.0,3.5,4.0,6.0,10.0,20.0,16.0,48.0,80.0,200.0,False,0.002,0.005,0.1,0.0,0.0,0.0,8000,4000,8,4,37.0,12,105.0,36.0,20.0,785.000000,10,3,1,True,False,5,physical,7,43,2.314040,0.0
spanke_benes_5x5,default,4-2-3-0-1,routed,5,5,0,0,12,2,2,I1-I2:2;I3-I4:2,4161.000000,6430.734457,2269.734457,1.903864,3.584607,1.680743,1.471894,8.0,3.5,4.0,6.0,10.0,20.0,16.0,48.0,80.0,200.0,False,0.002,0.005,0.1,0.0,0.0,0.0,8000,4000,8,4,37.0,12,105.0,36.0,20.0,785.000000,3,3,1,True,False,5,physical,8,43,0.659213,0.0
spanke_benes_5x5,default,3-1-4-2-0,routed,5,5,0,0,13,3,3,I0-I1:3;I0-I2:2;I1-I3:2,4161.000000,6467.318531,2306.318531,1.956830,3.915697,1.958867,1.522527,8.0,3.5,4.0,6.0,10.0,20.0,16.0,48.0,80.0,200.0,False,0.002,0.005,0.1,0.0,0.0,0.0,8000,4000,8,4,37.0,12,105.0,36.0,20.0,785.000000,4,3,1,True,False,5,physical,9,43,1.362983,0.0
spanke_benes_5x5,default,0-1-2-4-3,routed,5,5,0,0,19,4,8,I0-I1:8;I1-I2:6;I2-I3:2;I2-I4:2,4161.000000,6681.362788,2520.362788,2.100764,5.477755,3.376991,1.834145,8.0,3.5,4.0,6.0,10.0,20.0,16.0,48.0,80.0,200.0,False,0.002,0.005,0.1,0.0,0.0,0.0,8000,4000,8,4,37.0,12,105.0,36.0,20.0,785.000000,11,3,1,True,False,5,physical,10,43,3.207792,0.0
spanke_benes_5x5,default,3-2-0-1-4,routed,5,5,0,0,17,4,4,I0-I1:3;I0-I4:4;I1-I3:3;I2-I3:4,4161.000000,6613.464549,2452.464549,1.969497,4.265072,2.295575,1.739986,8.0,3.5,4.0,6.0,10.0,20.0,16.0,48.0,80.0,200.0,False,0.002,0.005,0.1,0.0,0.0,0.0,8000,4000,8,4,37.0,12,105.0,36.0,20.0,785.000000,8,3,1,True,False,5,physical,11,43,1.394985,0.0
spanke_benes_5x5,default,3-4-2-0-1,routed,5,5,0,0,12,2,2,I0-I1:2;I3-I4:2,4161.000000,6442.442421,2281.442421,1.903864,3.633315,1.729451,1.478577,8.0,3.5,4.0,6.0,10.0,20.0,16.0,48.0,80.0,200.0,False,0.002,0.005,0.1,0.0,0.0,0.0,8000,4000,8,4,37.0,12,105.0,36.0,20.0,785.000000,3,3,1,True,False,5,physical,12,43,1.173377,0.0
spanke_benes_5x5,default,0-1-2-3-4,routed,5,5,0,0,22,4,8,I0-I1:8;I1-I2:6;I2-I3:4;I3-I4:4,4161.000000,6795.216769,2634.216769,2.100764,5.477755,3.376991,2.000687,8.0,3.5,4.0,6.0,10.0,20.0,16.0,48.0,80.0,200.0,False,0.002,0.005,0.1,0.0,0.0,0.0,8000,4000,8,4,37.0,12,105.0,36.0,20.0,785.000000,13,3,1,True,False,5,physical,13,43,2.781192,0.0
spanke_benes_5x5,default,4-3-0-1-2,routed,5,5,0,0,13,2,4,I2-I3:4;I3-I4:2,4161.000000,6483.026494,2322.026494,1.969497,4.223656,2.254159,1.530811,8.0,3.5,4.0,6.0,10.0,20.0,16.0,48.0,80.0,200.0,False,0.002,0.005,0.1,0.0,0.0,0.0,8000,4000,8,4,37.0,12,105.0,36.0,20.0,785.000000,5,3,1,True,False,5,physical,14,43,0.953820,0.0
spanke_benes_5x5,default,0-3-2-1-4,routed,5,5,0,0,19,6,4,I0-I1:2;I0-I2:2;I0-I3:4;I1-I2:3;I1-I4:4;I2-I3:3,4161.000000,6650.340659,2489.340659,1.969497,4.529072,2.559575,1.828736,8.0,3.5,4.0,6.0,10.0,20.0,16.0,48.0,80.0,200.0,False,0.002,0.005,0.1,0.0,0.0,0.0,8000,4000,8,4,37.0,12,105.0,36.0,20.0,785.000000,10,3,1,True,False,5,physical,15,43,1.838123,0.0
spanke_benes_5x5,default,2-3-0-1-4,routed,5,5,0,0,18,4,4,I0-I1:4;I0-I3:3;I1-I4:4;I2-I3:4,4161.000000,6637.756586,2476.756586,1.969497,4.529072,2.559575,1.787703,8.0,3.5,4.0,6.0,10.0,20.0,16.0,48.0,80.0,200.0,False,0.002,0.005,0.1,0.0,0.0,0.0,8000,4000,8,4,37.0,12,105.0,36.0,20.0,785.000000,9,3,1,True,False,5,physical,16,43,1.625418,0.0
spanke_benes_5x5,default,1-4-2-3-0,routed,5,5,0,0,14,3,4,I0-I1:2;I0-I2:4;I2-I3:2,4161.000000,6553.318531,2392.318531,1.969497,4.207656,2.238159,1.596927,8.0,3.5,4.0,6.0,10.0,20.0,16.0,48.0,80.0,200.0,False,0.002,0.005,0.1,0.0,0.0,0.0,8000,4000,8,4,37.0,12,105.0,36.0,20.0,785.000000,6,3,1,True,False,5,physical,17,43,1.904708,0.0
spanke_benes_5x5,default,2-4-0-3-1,routed,5,5,0,0,14,4,3,I0-I1:2;I0-I2:3;I0-I3:2;I2-I4:2,4161.000000,6511.610567,2350.610567,1.903864,3.745533,1.841669,1.578244,8.0,3.5,4.0,6.0,10.0,20.0,16.0,48.0,80.0,200.0,False,0.002,0.005,0.1,0.0,0.0,0.0,8000,4000,8,4,37.0,12,105.0,36.0,20.0,785.000000,5,3,1,True,False,5,physical,18,43,1.543731,0.0
spanke_benes_5x5,default,4-3-0-2-1,routed,5,5,0,0,12,2,2,I2-I3:2;I2-I4:2,4161.000000,6434.734457,2273.734457,1.903864,3.584607,1.680743,1.473494,8.0,3.5,4.0,6.0,10.0,20.0,16.0,48.0,80.0,200.0,False,0.002,0.005,0.1,0.0,0.0,0.0,8000,4000,8,4,37.0,12,105.0,36.0,20.0,785.000000,3,3,1,True,False,5,physical,19,43,0.555997,0.0
spanke_benes_5x5,default,2-0-4-3-1,routed,5,5,0,0,15,4,5,I0-I1:5;I0-I2:2;I0-I3:2;I1-I4:2,4161.000000,6548.194641,2387.194641,2.022463,4.513331,2.490867,1.628878,8.0,3.5,4.0,6.0,10.0,20.0,16.0,48.0,80.0,200.0,False,0.002,0.005,0.1,0.0,0.0,0.0,8000,4000,8,4,37.0,12,105.0,36.0,20.0,785.000000,6,3,1,True,False,5,physical,20,43,1.914288,0.0
spanke_benes_5x5,default,2-3-1-0-4,routed,5,5,0,0,17,4,4,I0-I1:4;I0-I2:3;I1-I4:4;I2-I3:3,4161.000000,6597.318531,2436.318531,1.969497,4.529072,2.559575,1.734527,8.0,3.5,4.0,6.0,10.0,20.0,16.0,48.0,80.0,200.0,False,0.002,0.005,0.1,0.0,0.0,0.0,8000,4000,8,4,37.0,12,105.0,36.0,20.0,785.000000,8,3,1,True,False,5,physical,21,43,1.652205,0.0
spanke_benes_5x5,default,1-0-3-2-4,routed,5,5,0,0,20,5,7,I0-I1:7;I0-I2:2;I0-I3:4;I2-I3:3;I2-I4:4,4161.000000,6726.924733,2565.924733,2.088097,5.160380,3.072283,1.895370,8.0,3.5,4.0,6.0,10.0,20.0,16.0,48.0,80.0,200.0,False,0.002,0.005,0.1,0.0,0.0,0.0,8000,4000,8,4,37.0,12,105.0,36.0,20.0,785.000000,11,3,1,True,False,5,physical,22,43,2.066631,0.0
spanke_benes_5x5,default,2-1-3-0-4,routed,5,5,0,0,18,4,5,I0-I1:5;I0-I2:4;I1-I3:3;I2-I4:4,4161.000000,6641.902604,2480.902604,2.022463,4.545331,2.522867,1.788361,8.0,3.5,4.0,6.0,10.0,20.0,16.0,48.0,80.0,200.0,False,0.002,0.005,0.1,0.0,0.0,0.0,8000,4000,8,4,37.0,12,105.0,36.0,20.0,785.000000,9,3,1,True,False,5,physical,23,43,1.719847,0.0
spanke_benes_5x5,default,2-3-0-4-1,routed,5,5,0,0,15,4,4,I0-I1:4;I0-I2:3;I1-I3:2;I2-I4:2,4161.000000,6531.902604,2370.902604,1.969497,4.255656,2.286159,1.624361,8.0,3.5,4.0,6.0,10.0,20.0,16.0,48.0,80.0,200.0,False,0.002,0.005,0.1,0.0,0.0,0.0,8000,4000,8,4,37.0,12,105.0,36.0,20.0,785.000000,6,3,1,True,False,5,physical,24,43,1.678743,0.0
spanke_benes_5x5,default,4-2-0-1-3,routed,5,5,0,0,14,3,4,I1-I3:3;I1-I4:2;I2-I3:4,4161.000000,6515.318531,2354.318531,1.969497,4.265072,2.295575,1.581727,8.0,3.5,4.0,6.0,10.0,20.0,16.0,48.0,80.0,200.0,False,0.002,0.005,0.1,0.0,0.0,0.0,8000,4000,8,4,37.0,12,105.0,36.0,20.0,785.000000,6,3,1,True,False,5,physical,25,43,1.109216,0.0
spanke_benes_5x5,default,1-2-3-0-4,routed,5,5,0,0,19,4,6,I0-I1:6;I0-I3:3;I1-I2:4;I2-I4:4,4161.000000,6666.194641,2505.194641,2.035131,4.862706,2.827575,1.836078,8.0,3.5,4.0,6.0,10.0,20.0,16.0,48.0,80.0,200.0,False,0.002,0.005,0.1,0.0,0.0,0.0,8000,4000,8,4,37.0,12,105.0,36.0,20.0,785.000000,10,3,1,True,False,5,physical,26,43,2.030235,0.0
spanke_benes_5x5,default,1-0-2-3-4,routed,5,5,0,0,21,4,7,I0-I1:7;I0-I2:6;I2-I3:4;I3-I4:4,4161.000000,6770.924733,2609.924733,2.088097,5.160380,3.072283,1.952970,8.0,3.5,4.0,6.0,10.0,20.0,16.0,48.0,80.0,200.0,False,0.002,0.005,0.1,0.0,0.0,0.0,8000,4000,8,4,37.0,12,105.0,36.0,20.0,785.000000,12,3,1,True,False,5,physical,27,43,2.229153,0.0
spanke_benes_5x5,default,4-3-2-0-1,routed,5,5,0,0,11,1,2,I3-I4:2,4161.000000,6418.150384,2257.150384,1.903864,3.584607,1.680743,1.430860,8.0,3.5,4.0,6.0,10.0,20.0,16.0,48.0,80.0,200.0,False,0.002,0.005,0.1,0.0,0.0,0.0,8000,4000,8,4,37.0,12,105.0,36.0,20.0,785.000000,2,3,1,True,False,5,physical,28,43,0.528337,0.0
spanke_benes_5x5,default,3-2-1-0-4,routed,5,5,0,0,16,4,4,I0-I1:3;I0-I4:4;I1-I2:3;I2-I3:3,4161.000000,6573.026494,2412.026494,1.956830,4.211697,2.254867,1.686811,8.0,3.5,4.0,6.0,10.0,20.0,16.0,48.0,80.0,200.0,False,0.002,0.005,0.1,0.0,0.0,0.0,8000,4000,8,4,37.0,12,105.0,36.0,20.0,785.000000,7,3,1,True,False,5,physical,29,43,0.964060,0.0
spanke_benes_5x5,default,1-3-4-0-2,routed,5,5,0,0,15,4,4,I0-I1:4;I0-I3:3;I0-I4:2;I1-I2:2,4161.000000,6535.756586,2374.756586,1.969497,4.191656,2.222159,1.626903,8.0,3.5,4.0,6.0,10.0,20.0,16.0,48.0,80.0,200.0,False,0.002,0.005,0.1,0.0,0.0,0.0,8000,4000,8,4,37.0,12,105.0,36.0,20.0,785.000000,7,3,1,True,False,5,physical,30,43,2.042732,0.0
spanke_benes_5x5,default,1-2-0-3-4,routed,5,5,0,0,20,4,6,I0-I1:6;I0-I2:5;I1-I3:4;I3-I4:4,4161.000000,6760.194641,2599.194641,2.035131,4.926706,2.891575,1.913678,8.0,3.5,4.0,6.0,10.0,20.0,16.0,48.0,80.0,200.0,False,0.002,0.005,0.1,0.0,0.0,0.0,8000,4000,8,4,37.0,12,105.0,36.0,20.0,785.000000,12,3,1,True,False,5,physical,31,43,2.549433,0.0
spanke_benes_5x5,default,4-1-2-0-3,routed,5,5,0,0,14,3,4,I1-I2:4;I1-I3:3;I2-I4:2,4161.000000,6487.464549,2326.464549,1.969497,4.239656,2.270159,1.569586,8.0,3.5,4.0,6.0,10.0,20.0,16.0,48.0,80.0,200.0,False,0.002,0.005,0.1,0.0,0.0,0.0,8000,4000,8,4,37.0,12,105.0,36.0,20.0,785.000000,6,3,1,True,False,5,physical,32,43,1.490367,0.0
spanke_benes_5x5,default,1-0-3-4-2,routed,5,5,0,0,19,5,7,I0-I1:7;I0-I2:4;I0-I4:2;I1-I4:2;I2-I3:2,4161.000000,6741.902604,2580.902604,2.088097,5.160380,3.072283,1.868361,8.0,3.5,4.0,6.0,10.0,20.0,16.0,48.0,80.0,200.0,False,0.002,0.005,0.1,0.0,0.0,0.0,8000,4000,8,4,37.0,12,105.0,36.0,20.0,785.000000,9,3,1,True,False,5,physical,33,43,2.847611,0.0
spanke_benes_5x5,default,2-0-4-1-3,routed,5,5,0,0,16,5,4,I0-I1:3;I0-I2:2;I0-I3:3;I0-I4:2;I1-I3:4,4161.000000,6592.194641,2431.194641,2.022463,4.602747,2.580283,1.686478,8.0,3.5,4.0,6.0,10.0,20.0,16.0,48.0,80.0,200.0,False,0.002,0.005,0.1,0.0,0.0,0.0,8000,4000,8,4,37.0,12,105.0,36.0,20.0,785.000000,8,3,1,True,False,5,physical,34,43,1.571223,0.0
spanke_benes_5x5,default,1-2-0-4-3,routed,5,5,0,0,17,4,6,I0-I1:6;I0-I2:5;I1-I3:2;I1-I4:2,4161.000000,6677.756586,2516.756586,2.035131,4.968122,2.932991,1.763703,8.0,3.5,4.0,6.0,10.0,20.0,16.0,48.0,80.0,200.0,False,0.002,0.005,0.1,0.0,0.0,0.0,8000,4000,8,4,37.0,12,105.0,36.0,20.0,785.000000,10,3,1,True,False,5,physical,35,43,2.658184,0.0
spanke_benes_5x5,default,4-2-1-3-0,routed,5,5,0,0,12,2,3,I1-I2:3;I1-I3:2,4161.000000,6451.026494,2290.026494,1.900830,3.862989,1.962159,1.478011,8.0,3.5,4.0,6.0,10.0,20.0,16.0,48.0,80.0,200.0,False,0.002,0.005,0.1,0.0,0.0,0.0,8000,4000,8,4,37.0,12,105.0,36.0,20.0,785.000000,3,3,1,True,False,5,physical,36,43,1.139979,0.0
spanke_benes_5x5,default,3-1-2-4-0,routed,5,5,0,0,14,3,4,I0-I2:3;I0-I3:2;I1-I2:4,4161.000000,6483.902604,2322.902604,1.969497,4.207656,2.238159,1.565161,8.0,3.5,4.0,6.0,10.0,20.0,16.0,48.0,80.0,200.0,False,0.002,0.005,0.1,0.0,0.0,0.0,8000,4000,8,4,37.0,12,105.0,36.0,20.0,785.000000,5,3,1,True,False,5,physical,37,43,1.431354,0.0
spanke_benes_5x5,default,2-4-1-0-3,routed,5,5,0,0,14,4,3,I0-I1:2;I0-I2:3;I0-I4:2;I2-I3:3,4161.000000,6499.172512,2338.172512,1.903864,3.781573,1.877710,1.576269,8.0,3.5,4.0,6.0,10.0,20.0,16.0,48.0,80.0,200.0,False,0.002,0.005,0.1,0.0,0.0,0.0,8000,4000,8,4,37.0,12,105.0,36.0,20.0,785.000000,6,3,1,True,False,5,physical,38,43,1.407995,0.0
spanke_benes_5x5,default,4-3-2-1-0,routed,5,5,0,0,10,0,1,,4161.000000,6381.858347,2220.858347,1.891197,3.312648,1.421451,1.378343,8.0,3.5,4.0,6.0,10.0,20.0,16.0,48.0,80.0,200.0,False,0.002,0.005,0.1,0.0,0.0,0.0,8000,4000,8,4,37.0,12,105.0,36.0,20.0,785.000000,1,3,1,True,False,5,physical,39,43,0.857713,0.0
spanke_benes_5x5,default,1-3-2-0-4,routed,5,5,0,0,18,5,4,I0-I1:2;I0-I2:4;I0-I3:3;I1-I2:3;I1-I4:4,4161.000000,6609.902604,2448.902604,1.969497,4.529072,2.559575,1.775561,8.0,3.5,4.0,6.0,10.0,20.0,16.0,48.0,80.0,200.0,False,0.002,0.005,0.1,0.0,0.0,0.0,8000,4000,8,4,37.0,12,105.0,36.0,20.0,785.000000,9,3,1,True,False,5,physical,40,43,1.214435,0.0
spanke_benes_5x5,default,0-2-4-3-1,routed,5,5,0,0,16,4,6,I0-I1:6;I0-I4:2;I1-I2:2;I1-I3:2,4161.000000,6572.486678,2411.486678,2.035131,4.830706,2.795575,1.676595,8.0,3.5,4.0,6.0,10.0,20.0,16.0,48.0,80.0,200.0,False,0.002,0.005,0.1,0.0,0.0,0.0,8000,4000,8,4,37.0,12,105.0,36.0,20.0,785.000000,7,3,1,True,False,5,physical,41,43,2.044058,0.0
spanke_benes_5x5,default,3-0-1-2-4,routed,5,5,0,0,19,4,6,I0-I3:3;I0-I4:4;I1-I2:6;I2-I3:4,4161.000000,6670.632696,2509.632696,2.035131,4.854706,2.819575,1.834853,8.0,3.5,4.0,6.0,10.0,20.0,16.0,48.0,80.0,200.0,False,0.002,0.005,0.1,0.0,0.0,0.0,8000,4000,8,4,37.0,12,105.0,36.0,20.0,785.000000,10,3,1,True,False,5,physical,42,43,1.969867,0.0
spanke_benes_5x5,default,0-3-4-2-1,routed,5,5,0,0,15,4,4,I0-I1:4;I0-I3:2;I0-I4:2;I1-I2:2,4161.000000,6527.902604,2366.902604,1.969497,4.233072,2.263575,1.622761,8.0,3.5,4.0,6.0,10.0,20.0,16.0,48.0,80.0,200.0,False,0.002,0.005,0.1,0.0,0.0,0.0,8000,4000,8,4,37.0,12,105.0,36.0,20.0,785.000000,6,3,1,True,False,5,physical,43,43,1.959326,0.0
spanke_benes_5x5,default,2-4-1-3-0,routed,5,5,0,0,13,3,3,I0-I1:2;I0-I2:3;I0-I3:2,4161.000000,6475.318531,2314.318531,1.903864,3.745533,1.841669,1.525727,8.0,3.5,4.0,6.0,10.0,20.0,16.0,48.0,80.0,200.0,False,0.002,0.005,0.1,0.0,0.0,0.0,8000,4000,8,4,37.0,12,105.0,36.0,20.0,785.000000,4,3,1,True,False,5,physical,44,43,1.402695,0.0
spanke_benes_5x5,default,0-1-3-4-2,routed,5,5,0,0,20,5,8,I0-I1:8;I0-I4:2;I1-I2:4;I1-I4:2;I2-I3:2,4161.000000,6766.194641,2605.194641,2.100764,5.477755,3.376991,1.916078,8.0,3.5,4.0,6.0,10.0,20.0,16.0,48.0,80.0,200.0,False,0.002,0.005,0.1,0.0,0.0,0.0,8000,4000,8,4,37.0,12,105.0,36.0,20.0,785.000000,10,3,1,True,False,5,physical,45,43,2.887973,0.0
spanke_benes_5x5,default,3-2-1-4-0,routed,5,5,0,0,13,3,3,I0-I1:3;I0-I3:2;I1-I2:3,4161.000000,6471.318531,2310.318531,1.956830,3.938281,1.981451,1.524127,8.0,3.5,4.0,6.0,10.0,20.0,16.0,48.0,80.0,200.0,False,0.002,0.005,0.1,0.0,0.0,0.0,8000,4000,8,4,37.0,12,105.0,36.0,20.0,785.000000,4,3,1,True,False,5,physical,46,43,1.246931,0.0
spanke_benes_5x5,default,0-1-4-3-2,routed,5,5,0,0,19,5,8,I0-I1:8;I0-I4:2;I1-I2:2;I1-I3:2;I1-I4:2,4161.000000,6722.194641,2561.194641,2.100764,5.477755,3.376991,1.858478,8.0,3.5,4.0,6.0,10.0,20.0,16.0,48.0,80.0,200.0,False,0.002,0.005,0.1,0.0,0.0,0.0,8000,4000,8,4,37.0,12,105.0,36.0,20.0,785.000000,9,3,1,True,False,5,physical,47,43,2.555355,0.0
spanke_benes_5x5,default,3-1-4-0-2,routed,5,5,0,0,14,4,3,I0-I1:3;I0-I2:2;I1-I3:3;I1-I4:2,4161.000000,6511.464549,2350.464549,1.956830,3.915697,1.958867,1.579186,8.0,3.5,4.0,6.0,10.0,20.0,16.0,48.0,80.0,200.0,False,0.002,0.005,0.1,0.0,0.0,0.0,8000,4000,8,4,37.0,12,105.0,36.0,20.0,785.000000,6,3,1,True,False,5,physical,48,43,1.729320,0.0
spanke_benes_5x5,default,0-2-4-1-3,routed,5,5,0,0,17,5,4,I0-I1:4;I0-I3:4;I1-I2:2;I1-I3:3;I1-I4:2,4161.000000,6608.486678,2447.486678,2.035131,4.862706,2.827575,1.730995,8.0,3.5,4.0,6.0,10.0,20.0,16.0,48.0,80.0,200.0,False,0.002,0.005,0.1,0.0,0.0,0.0,8000,4000,8,4,37.0,12,105.0,36.0,20.0,785.000000,9,3,1,True,False,5,physical,49,43,1.726283,0.0
spanke_benes_5x5,default,1-0-4-2-3,routed,5,5,0,0,17,4,7,I0-I1:7;I0-I2:2;I0-I3:4;I3-I4:2,4161.000000,6644.486678,2483.486678,2.088097,5.160380,3.072283,1.745395,8.0,3.5,4.0,6.0,10.0,20.0,16.0,48.0,80.0,200.0,False,0.002,0.005,0.1,0.0,0.0,0.0,8000,4000,8,4,37.0,12,105.0,36.0,20.0,785.000000,9,3,1,True,False,5,physical,50,43,2.030908,0.0
spanke_benes_5x5,default,1-4-2-0-3,routed,5,5,0,0,15,4,4,I0-I1:2;I0-I2:4;I0-I3:3;I2-I4:2,4161.000000,6511.756586,2350.756586,1.969497,4.239656,2.270159,1.617303,8.0,3.5,4.0,6.0,10.0,20.0,16.0,48.0,80.0,200.0,False,0.002,0.005,0.1,0.0,0.0,0.0,8000,4000,8,4,37.0,12,105.0,36.0,20.0,785.000000,7,3,1,True,False,5,physical,51,43,1.065760,0.0
spanke_benes_5x5,default,1-4-0-2-3,routed,5,5,0,0,16,4,5,I0-I1:2;I0-I2:5;I0-I3:4;I3-I4:2,4161.000000,6649.464549,2488.464549,1.915131,4.303166,2.388035,1.714386,8.0,3.5,4.0,6.0,10.0,20.0,16.0,48.0,80.0,200.0,False,0.002,0.005,0.1,0.0,0.0,0.0,8000,4000,8,4,37.0,12,105.0,36.0,20.0,785.000000,9,3,1,True,False,5,physical,52,43,1.978431,0.0
spanke_benes_5x5,default,1-2-3-4-0,routed,5,5,0,0,16,3,6,I0-I1:6;I1-I2:4;I2-I3:2,4161.000000,6580.194641,2419.194641,2.035131,4.830706,2.795575,1.681678,8.0,3.5,4.0,6.0,10.0,20.0,16.0,48.0,80.0,200.0,False,0.002,0.005,0.1,0.0,0.0,0.0,8000,4000,8,4,37.0,12,105.0,36.0,20.0,785.000000,7,3,1,True,False,5,physical,53,43,2.274608,0.0
spanke_benes_5x5,default,4-3-1-0-2,routed,5,5,0,0,12,2,3,I2-I3:3;I2-I4:2,4161.000000,6442.588439,2281.588439,1.900830,3.781573,1.880743,1.477635,8.0,3.5,4.0,6.0,10.0,20.0,16.0,48.0,80.0,200.0,False,0.002,0.005,0.1,0.0,0.0,0.0,8000,4000,8,4,37.0,12,105.0,36.0,20.0,785.000000,4,3,1,True,False,5,physical,54,43,0.964741,0.0
spanke_benes_5x5,default,4-0-2-1-3,routed,5,5,0,0,15,4,4,I1-I2:2;I1-I3:4;I2-I3:3;I2-I4:2,4161.000000,6527.902604,2366.902604,1.969497,4.265072,2.295575,1.622761,8.0,3.5,4.0,6.0,10.0,20.0,16.0,48.0,80.0,200.0,False,0.002,0.005,0.1,0.0,0.0,0.0,8000,4000,8,4,37.0,12,105.0,36.0,20.0,785.000000,7,3,1,True,False,5,physical,55,43,1.249904,0.0
spanke_benes_5x5,default,1-4-3-0-2,routed,5,5,0,0,14,4,3,I0-I1:2;I0-I2:2;I0-I3:3;I0-I4:2,4161.000000,6479.464549,2318.464549,1.903864,3.609315,1.705451,1.566386,8.0,3.5,4.0,6.0,10.0,20.0,16.0,48.0,80.0,200.0,False,0.002,0.005,0.1,0.0,0.0,0.0,8000,4000,8,4,37.0,12,105.0,36.0,20.0,785.000000,6,3,1,True,False,5,physical,56,43,1.489901,0.0
spanke_benes_5x5,default,2-1-3-4-0,routed,5,5,0,0,15,3,5,I0-I1:5;I0-I2:4;I2-I3:2,4161.000000,6555.902604,2394.902604,2.022463,4.513331,2.490867,1.633961,8.0,3.5,4.0,6.0,10.0,20.0,16.0,48.0,80.0,200.0,False,0.002,0.005,0.1,0.0,0.0,0.0,8000,4000,8,4,37.0,12,105.0,36.0,20.0,785.000000,6,3,1,True,False,5,physical,57,43,1.906015,0.0
spanke_benes_5x5,default,1-3-4-2-0,routed,5,5,0,0,14,3,4,I0-I1:4;I0-I3:2;I1-I2:2,4161.000000,6491.610567,2330.610567,1.969497,4.233072,2.263575,1.570244,8.0,3.5,4.0,6.0,10.0,20.0,16.0,48.0,80.0,200.0,False,0.002,0.005,0.1,0.0,0.0,0.0,8000,4000,8,4,37.0,12,105.0,36.0,20.0,785.000000,5,3,1,True,False,5,physical,58,43,1.721943,0.0
spanke_benes_5x5,default,3-4-2-1-0,routed,5,5,0,0,11,1,2,I0-I1:2,4161.000000,6406.150384,2245.150384,1.903864,3.560607,1.656743,1.426060,8.0,3.5,4.0,6.0,10.0,20.0,16.0,48.0,80.0,200.0,False,0.002,0.005,0.1,0.0,0.0,0.0,8000,4000,8,4,37.0,12,105.0,36.0,20.0,785.000000,2,3,1,True,False,5,physical,59,43,1.097152,0.0
spanke_benes_5x5,default,1-0-4-3-2,routed,5,5,0,0,18,5,7,I0-I1:7;I0-I2:2;I0-I3:2;I0-I4:2;I1-I4:2,4161.000000,6697.902604,2536.902604,2.088097,5.160380,3.072283,1.810761,8.0,3.5,4.0,6.0,10.0,20.0,16.0,48.0,80.0,200.0,False,0.002,0.005,0.1,0.0,0.0,0.0,8000,4000,8,4,37.0,12,105.0,36.0,20.0,785.000000,8,3,1,True,False,5,physical,60,43,2.562831,0.0
spanke_benes_5x5,default,1-3-2-4-0,routed,5,5,0,0,17,4,4,I0-I1:4;I0-I2:4;I1-I2:3;I1-I3:2,4161.000000,6593.318531,2432.318531,1.969497,4.529072,2.559575,1.732927,8.0,3.5,4.0,6.0,10.0,20.0,16.0,48.0,80.0,200.0,False,0.002,0.005,0.1,0.0,0.0,0.0,8000,4000,8,4,37.0,12,105.0,36.0,20.0,785.000000,7,3,1,True,False,5,physical,61,43,2.120763,0.0
spanke_benes_5x5,default,2-1-0-3-4,routed,5,5,0,0,21,5,5,I0-I1:5;I0-I2:3;I0-I3:4;I1-I2:5;I3-I4:4,4161.000000,6731.902604,2570.902604,2.022463,4.841331,2.818867,1.944361,8.0,3.5,4.0,6.0,10.0,20.0,16.0,48.0,80.0,200.0,False,0.002,0.005,0.1,0.0,0.0,0.0,8000,4000,8,4,37.0,12,105.0,36.0,20.0,785.000000,10,3,1,True,False,5,physical,62,43,2.060926,0.0
spanke_benes_5x5,default,3-2-4-0-1,routed,5,5,0,0,13,3,3,I0-I1:3;I0-I2:2;I3-I4:2,4161.000000,6487.026494,2326.026494,1.956830,3.915697,1.958867,1.532411,8.0,3.5,4.0,6.0,10.0,20.0,16.0,48.0,80.0,200.0,False,0.002,0.005,0.1,0.0,0.0,0.0,8000,4000,8,4,37.0,12,105.0,36.0,20.0,785.000000,4,3,1,True,False,5,physical,63,43,1.192997,0.0
spanke_benes_5x5,default,2-4-3-1-0,routed,5,5,0,0,12,2,2,I0-I1:2;I0-I2:2,4161.000000,6418.734457,2257.734457,1.903864,3.568607,1.664743,1.467094,8.0,3.5,4.0,6.0,10.0,20.0,16.0,48.0,80.0,200.0,False,0.002,0.005,0.1,0.0,0.0,0.0,8000,4000,8,4,37.0,12,105.0,36.0,20.0,785.000000,3,3,1,True,False,5,physical,64,43,1.118393,0.0
spanke_benes_5x5,default,3-4-1-0-2,routed,5,5,0,0,13,3,3,I0-I1:2;I2-I3:3;I2-I4:2,4161.000000,6466.880476,2305.880476,1.903864,3.781573,1.877710,1.525352,8.0,3.5,4.0,6.0,10.0,20.0,16.0,48.0,80.0,200.0,False,0.002,0.005,0.1,0.0,0.0,0.0,8000,4000,8,4,37.0,12,105.0,36.0,20.0,785.000000,5,3,1,True,False,5,physical,65,43,1.165340,0.0
spanke_benes_5x5,default,2-4-0-1-3,routed,5,5,0,0,15,4,4,I0-I1:2;I0-I3:3;I0-I4:2;I2-I3:4,4161.000000,6539.610567,2378.610567,1.969497,4.265072,2.295575,1.629444,8.0,3.5,4.0,6.0,10.0,20.0,16.0,48.0,80.0,200.0,False,0.002,0.005,0.1,0.0,0.0,0.0,8000,4000,8,4,37.0,12,105.0,36.0,20.0,785.000000,7,3,1,True,False,5,physical,66,43,1.425828,0.0
spanke_benes_5x5,default,0-2-3-4-1,routed,5,5,0,0,17,4,6,I0-I1:6;I0-I4:2;I1-I2:4;I2-I3:2,4161.000000,6616.486678,2455.486678,2.035131,4.830706,2.795575,1.734195,8.0,3.5,4.0,6.0,10.0,20.0,16.0,48.0,80.0,200.0,False,0.002,0.005,0.1,0.0,0.0,0.0,8000,4000,8,4,37.0,12,105.0,36.0,20.0,785.000000,8,3,1,True,False,5,physical,67,43,2.478993,0.0
spanke_benes_5x5,default,1-2-4-3-0,routed,5,5,0,0,15,3,6,I0-I1:6;I1-I2:2;I1-I3:2,4161.000000,6536.194641,2375.194641,2.035131,4.830706,2.795575,1.624078,8.0,3.5,4.0,6.0,10.0,20.0,16.0,48.0,80.0,200.0,False,0.002,0.005,0.1,0.0,0.0,0.0,8000,4000,8,4,37.0,12,105.0,36.0,20.0,785.000000,6,3,1,True,False,5,physical,68,43,1.868752,0.0
spanke_benes_5x5,default,1-3-0-4-2,routed,5,5,0,0,16,4,5,I0-I1:4;I0-I2:5;I0-I4:2;I1-I3:2,4161.000000,6629.756586,2468.756586,1.969497,4.303166,2.333669,1.704503,8.0,3.5,4.0,6.0,10.0,20.0,16.0,48.0,80.0,200.0,False,0.002,0.005,0.1,0.0,0.0,0.0,8000,4000,8,4,37.0,12,105.0,36.0,20.0,785.000000,9,3,1,True,False,5,physical,69,43,2.322340,0.0
spanke_benes_5x5,default,0-4-2-3-1,routed,5,5,0,0,15,4,4,I0-I1:2;I0-I2:4;I0-I4:2;I2-I3:2,4161.000000,6516.194641,2355.194641,1.969497,4.207656,2.238159,1.616078,8.0,3.5,4.0,6.0,10.0,20.0,16.0,48.0,80.0,200.0,False,0.002,0.005,0.1,0.0,0.0,0.0,8000,4000,8,4,37.0,12,105.0,36.0,20.0,785.000000,6,3,1,True,False,5,physical,70,43,1.913868,0.0
spanke_benes_5x5,default,4-0-2-3-1,routed,5,5,0,0,14,3,4,I1-I2:4;I1-I4:2;I2-I3:2,4161.000000,6565.318531,2404.318531,1.969497,4.207656,2.238159,1.601727,8.0,3.5,4.0,6.0,10.0,20.0,16.0,48.0,80.0,200.0,False,0.002,0.005,0.1,0.0,0.0,0.0,8000,4000,8,4,37.0,12,105.0,36.0,20.0,785.000000,6,3,1,True,False,5,physical,71,43,1.298594,0.0
spanke_benes_5x5,default,3-1-0-2-4,routed,5,5,0,0,18,4,5,I0-I3:3;I0-I4:4;I1-I2:5;I1-I3:4,4161.000000,6707.610567,2546.610567,1.966463,4.420623,2.454159,1.816644,8.0,3.5,4.0,6.0,10.0,20.0,16.0,48.0,80.0,200.0,False,0.002,0.005,0.1,0.0,0.0,0.0,8000,4000,8,4,37.0,12,105.0,36.0,20.0,785.000000,10,3,1,True,False,5,physical,72,43,2.158515,0.0
spanke_benes_5x5,default,3-4-1-2-0,routed,5,5,0,0,12,2,2,I0-I1:2;I2-I3:2,4161.000000,6422.734457,2261.734457,1.903864,3.576607,1.672743,1.468694,8.0,3.5,4.0,6.0,10.0,20.0,16.0,48.0,80.0,200.0,False,0.002,0.005,0.1,0.0,0.0,0.0,8000,4000,8,4,37.0,12,105.0,36.0,20.0,785.000000,3,3,1,True,False,5,physical,73,43,1.242898,0.0
spanke_benes_5x5,default,3-0-2-1-4,routed,5,5,0,0,18,5,4,I0-I2:3;I0-I4:4;I1-I2:2;I1-I3:4;I2-I3:3,4161.000000,6626.048623,2465.048623,1.969497,4.265072,2.295575,1.781019,8.0,3.5,4.0,6.0,10.0,20.0,16.0,48.0,80.0,200.0,False,0.002,0.005,0.1,0.0,0.0,0.0,8000,4000,8,4,37.0,12,105.0,36.0,20.0,785.000000,9,3,1,True,False,5,physical,74,43,1.463575,0.0
spanke_benes_5x5,default,0-2-1-3-4,routed,5,5,0,0,21,5,6,I0-I1:2;I0-I2:6;I1-I2:5;I1-I3:4;I3-I4:4,4161.000000,6723.216769,2562.216769,2.035131,4.926706,2.891575,1.931887,8.0,3.5,4.0,6.0,10.0,20.0,16.0,48.0,80.0,200.0,False,0.002,0.005,0.1,0.0,0.0,0.0,8000,4000,8,4,37.0,12,105.0,36.0,20.0,785.000000,12,3,1,True,False,5,physical,75,43,2.274713,0.0
spanke_benes_5x5,default,0-2-3-1-4,routed,5,5,0,0,20,5,4,I0-I1:4;I0-I3:4;I1-I2:4;I1-I3:3;I2-I4:4,4161.000000,6706.632696,2545.632696,2.035131,4.862706,2.827575,1.889253,8.0,3.5,4.0,6.0,10.0,20.0,16.0,48.0,80.0,200.0,False,0.002,0.005,0.1,0.0,0.0,0.0,8000,4000,8,4,37.0,12,105.0,36.0,20.0,785.000000,11,3,1,True,False,5,physical,76,43,1.852019,0.0
spanke_benes_5x5,default,3-4-0-1-2,routed,5,5,0,0,14,3,4,I0-I1:2;I2-I3:4;I3-I4:2,4161.000000,6507.318531,2346.318531,1.969497,4.223656,2.254159,1.578527,8.0,3.5,4.0,6.0,10.0,20.0,16.0,48.0,80.0,200.0,False,0.002,0.005,0.1,0.0,0.0,0.0,8000,4000,8,4,37.0,12,105.0,36.0,20.0,785.000000,6,3,1,True,False,5,physical,77,43,1.256250,0.0
spanke_benes_5x5,default,0-4-3-2-1,routed,5,5,0,0,14,4,2,I0-I1:2;I0-I2:2;I0-I3:2;I0-I4:2,4161.000000,6471.610567,2310.610567,1.903864,3.633315,1.729451,1.562244,8.0,3.5,4.0,6.0,10.0,20.0,16.0,48.0,80.0,200.0,False,0.002,0.005,0.1,0.0,0.0,0.0,8000,4000,8,4,37.0,12,105.0,36.0,20.0,785.000000,5,3,1,True,False,5,physical,78,43,1.603188,0.0
spanke_benes_5x5,default,4-2-1-0-3,routed,5,5,0,0,13,3,3,I1-I2:3;I1-I4:2;I2-I3:3,4161.000000,6474.880476,2313.880476,1.900830,3.837573,1.936743,1.528552,8.0,3.5,4.0,6.0,10.0,20.0,16.0,48.0,80.0,200.0,False,0.002,0.005,0.1,0.0,0.0,0.0,8000,4000,8,4,37.0,12,105.0,36.0,20.0,785.000000,5,3,1,True,False,5,physical,79,43,0.735645,0.0
spanke_benes_5x5,default,1-2-4-0-3,routed,5,5,0,0,16,4,6,I0-I1:6;I0-I3:3;I1-I2:2;I1-I4:2,4161.000000,6568.048623,2407.048623,2.035131,4.862706,2.827575,1.677819,8.0,3.5,4.0,6.0,10.0,20.0,16.0,48.0,80.0,200.0,False,0.002,0.005,0.1,0.0,0.0,0.0,8000,4000,8,4,37.0,12,105.0,36.0,20.0,785.000000,8,3,1,True,False,5,physical,80,43,1.784811,0.0
spanke_benes_5x5,default,2-3-4-0-1,routed,5,5,0,0,14,3,4,I0-I1:4;I1-I2:2;I3-I4:2,4161.000000,6511.318531,2350.318531,1.969497,4.191656,2.222159,1.580127,8.0,3.5,4.0,6.0,10.0,20.0,16.0,48.0,80.0,200.0,False,0.002,0.005,0.1,0.0,0.0,0.0,8000,4000,8,4,37.0,12,105.0,36.0,20.0,785.000000,5,3,1,True,False,5,physical,81,43,1.572887,0.0
spanke_benes_5x5,default,4-1-3-2-0,routed,5,5,0,0,12,2,2,I1-I2:2;I1-I3:2,4161.000000,6411.026494,2250.026494,1.903864,3.618023,1.714159,1.462011,8.0,3.5,4.0,6.0,10.0,20.0,16.0,48.0,80.0,200.0,False,0.002,0.005,0.1,0.0,0.0,0.0,8000,4000,8,4,37.0,12,105.0,36.0,20.0,785.000000,3,3,1,True,False,5,physical,82,43,1.234491,0.0
spanke_benes_5x5,default,2-0-1-4-3,routed,5,5,0,0,17,4,6,I0-I2:5;I0-I3:2;I0-I4:2;I1-I2:6,4161.000000,6616.486678,2455.486678,2.035131,4.854706,2.819575,1.734195,8.0,3.5,4.0,6.0,10.0,20.0,16.0,48.0,80.0,200.0,False,0.002,0.005,0.1,0.0,0.0,0.0,8000,4000,8,4,37.0,12,105.0,36.0,20.0,785.000000,9,3,1,True,False,5,physical,83,43,2.017214,0.0
spanke_benes_5x5,default,0-3-4-1-2,routed,5,5,0,0,16,4,4,I0-I1:4;I0-I3:4;I1-I2:2;I3-I4:2,4161.000000,6576.194641,2415.194641,1.969497,4.265072,2.295575,1.680078,8.0,3.5,4.0,6.0,10.0,20.0,16.0,48.0,80.0,200.0,False,0.002,0.005,0.1,0.0,0.0,0.0,8000,4000,8,4,37.0,12,105.0,36.0,20.0,785.000000,8,3,1,True,False,5,physical,84,43,2.106221,0.0
spanke_benes_5x5,default,4-1-3-0-2,routed,5,5,0,0,13,3,3,I1-I2:2;I1-I3:3;I1-I4:2,4161.000000,6455.172512,2294.172512,1.903864,3.587409,1.683545,1.518669,8.0,3.5,4.0,6.0,10.0,20.0,16.0,48.0,80.0,200.0,False,0.002,0.005,0.1,0.0,0.0,0.0,8000,4000,8,4,37.0,12,105.0,36.0,20.0,785.000000,5,3,1,True,False,5,physical,85,43,1.292943,0.0
spanke_benes_5x5,default,4-1-0-3-2,routed,5,5,0,0,14,3,5,I1-I2:5;I1-I3:2;I1-I4:2,4161.000000,6577.172512,2416.172512,1.966463,4.420623,2.454159,1.607469,8.0,3.5,4.0,6.0,10.0,20.0,16.0,48.0,80.0,200.0,False,0.002,0.005,0.1,0.0,0.0,0.0,8000,4000,8,4,37.0,12,105.0,36.0,20.0,785.000000,7,3,1,True,False,5,physical,86,43,1.727137,0.0
spanke_benes_5x5,default,0-4-2-1-3,routed,5,5,0,0,16,5,4,I0-I1:2;I0-I2:2;I0-I3:4;I2-I3:3;I2-I4:2,4161.000000,6552.194641,2391.194641,1.969497,4.265072,2.295575,1.670478,8.0,3.5,4.0,6.0,10.0,20.0,16.0,48.0,80.0,200.0,False,0.002,0.005,0.1,0.0,0.0,0.0,8000,4000,8,4,37.0,12,105.0,36.0,20.0,785.000000,8,3,1,True,False,5,physical,87,43,1.705954,0.0
spanke_benes_5x5,default,4-2-0-3-1,routed,5,5,0,0,13,3,3,I1-I2:3;I1-I3:2;I2-I4:2,4161.000000,6479.318531,2318.318531,1.903864,3.805573,1.901710,1.527327,8.0,3.5,4.0,6.0,10.0,20.0,16.0,48.0,80.0,200.0,False,0.002,0.005,0.1,0.0,0.0,0.0,8000,4000,8,4,37.0,12,105.0,36.0,20.0,785.000000,4,3,1,True,False,5,physical,88,43,0.639735,0.0
spanke_benes_5x5,default,0-4-1-3-2,routed,5,5,0,0,18,5,6,I0-I1:2;I0-I2:6;I0-I4:2;I2-I3:2;I2-I4:2,4161.000000,6665.902604,2504.902604,2.035131,4.854706,2.819575,1.797961,8.0,3.5,4.0,6.0,10.0,20.0,16.0,48.0,80.0,200.0,False,0.002,0.005,0.1,0.0,0.0,0.0,8000,4000,8,4,37.0,12,105.0,36.0,20.0,785.000000,8,3,1,True,False,5,physical,89,43,2.097787,0.0
spanke_benes_5x5,default,2-0-1-3-4,routed,5,5,0,0,20,4,6,I0-I2:5;I0-I3:4;I1-I2:6;I3-I4:4,4161.000000,6698.924733,2537.924733,2.035131,4.854706,2.819575,1.884170,8.0,3.5,4.0,6.0,10.0,20.0,16.0,48.0,80.0,200.0,False,0.002,0.005,0.1,0.0,0.0,0.0,8000,4000,8,4,37.0,12,105.0,36.0,20.0,785.000000,11,3,1,True,False,5,physical,90,43,1.923732,0.0
spanke_benes_5x5,default,0-3-2-4-1,routed,5,5,0,0,16,5,4,I0-I1:2;I0-I2:4;I0-I4:2;I1-I2:3;I1-I3:2,4161.000000,6544.486678,2383.486678,1.969497,4.255656,2.286159,1.665395,8.0,3.5,4.0,6.0,10.0,20.0,16.0,48.0,80.0,200.0,False,0.002,0.005,0.1,0.0,0.0,0.0,8000,4000,8,4,37.0,12,105.0,36.0,20.0,785.000000,7,3,1,True,False,5,physical,91,43,1.823186,0.0
spanke_benes_5x5,default,0-3-1-4-2,routed,5,5,0,0,19,6,6,I0-I1:2;I0-I2:6;I0-I4:2;I1-I2:3;I1-I3:2;I2-I4:2,4161.000000,6694.194641,2533.194641,2.035131,4.854706,2.819575,1.847278,8.0,3.5,4.0,6.0,10.0,20.0,16.0,48.0,80.0,200.0,False,0.002,0.005,0.1,0.0,0.0,0.0,8000,4000,8,4,37.0,12,105.0,36.0,20.0,785.000000,9,3,1,True,False,5,physical,92,43,2.380920,0.0
spanke_benes_5x5,default,0-2-1-4-3,routed,5,5,0,0,18,5,6,I0-I1:2;I0-I2:6;I1-I2:5;I1-I3:2;I1-I4:2,4161.000000,6640.778714,2479.778714,2.035131,4.968122,2.932991,1.781911,8.0,3.5,4.0,6.0,10.0,20.0,16.0,48.0,80.0,200.0,False,0.002,0.005,0.1,0.0,0.0,0.0,8000,4000,8,4,37.0,12,105.0,36.0,20.0,785.000000,10,3,1,True,False,5,physical,93,43,2.487754,0.0
spanke_benes_5x5,default,0-4-3-1-2,routed,5,5,0,0,15,4,4,I0-I1:2;I0-I2:2;I0-I3:4;I3-I4:2,4161.000000,6519.902604,2358.902604,1.969497,4.265072,2.295575,1.619561,8.0,3.5,4.0,6.0,10.0,20.0,16.0,48.0,80.0,200.0,False,0.002,0.005,0.1,0.0,0.0,0.0,8000,4000,8,4,37.0,12,105.0,36.0,20.0,785.000000,7,3,1,True,False,5,physical,94,43,1.613767,0.0
spanke_benes_5x5,default,2-0-3-1-4,routed,5,5,0,0,19,5,4,I0-I1:3;I0-I2:4;I0-I3:3;I1-I3:4;I2-I4:4,4161.000000,6690.340659,2529.340659,2.022463,4.602747,2.580283,1.844736,8.0,3.5,4.0,6.0,10.0,20.0,16.0,48.0,80.0,200.0,False,0.002,0.005,0.1,0.0,0.0,0.0,8000,4000,8,4,37.0,12,105.0,36.0,20.0,785.000000,10,3,1,True,False,5,physical,95,43,1.673318,0.0
spanke_benes_5x5,default,4-1-0-2-3,routed,5,5,0,0,15,3,5,I1-I2:5;I1-I3:4;I3-I4:2,4161.000000,6625.172512,2464.172512,1.966463,4.420623,2.454159,1.666669,8.0,3.5,4.0,6.0,10.0,20.0,16.0,48.0,80.0,200.0,False,0.002,0.005,0.1,0.0,0.0,0.0,8000,4000,8,4,37.0,12,105.0,36.0,20.0,785.000000,8,3,1,True,False,5,physical,96,43,1.978665,0.0
spanke_benes_5x5,default,4-0-1-2-3,routed,5,5,0,0,16,3,6,I1-I2:6;I2-I3:4;I3-I4:2,4161.000000,6588.194641,2427.194641,2.035131,4.854706,2.819575,1.684878,8.0,3.5,4.0,6.0,10.0,20.0,16.0,48.0,80.0,200.0,False,0.002,0.005,0.1,0.0,0.0,0.0,8000,4000,8,4,37.0,12,105.0,36.0,20.0,785.000000,8,3,1,True,False,5,physical,97,43,1.830893,0.0
spanke_benes_5x5,default,2-4-3-0-1,routed,5,5,0,0,13,3,2,I0-I1:2;I0-I2:2;I3-I4:2,4161.000000,6455.026494,2294.026494,1.903864,3.633315,1.729451,1.519611,8.0,3.5,4.0,6.0,10.0,20.0,16.0,48.0,80.0,200.0,False,0.002,0.005,0.1,0.0,0.0,0.0,8000,4000,8,4,37.0,12,105.0,36.0,20.0,785.000000,4,3,1,True,False,5,physical,98,43,1.241216,0.0
spanke_benes_5x5,default,3-1-0-4-2,routed,5,5,0,0,15,4,5,I0-I1:3;I0-I3:2;I1-I2:5;I1-I4:2,4161.000000,6605.464549,2444.464549,1.966463,4.420623,2.454159,1.656786,8.0,3.5,4.0,6.0,10.0,20.0,16.0,48.0,80.0,200.0,False,0.002,0.005,0.1,0.0,0.0,0.0,8000,4000,8,4,37.0,12,105.0,36.0,20.0,785.000000,8,3,1,True,False,5,physical,99,43,2.025922,0.0
spanke_benes_5x5,default,4-2-3-1-0,routed,5,5,0,0,11,1,2,I1-I2:2,4161.000000,6394.442421,2233.442421,1.903864,3.568607,1.664743,1.419377,8.0,3.5,4.0,6.0,10.0,20.0,16.0,48.0,80.0,200.0,False,0.002,0.005,0.1,0.0,0.0,0.0,8000,4000,8,4,37.0,12,105.0,36.0,20.0,785.000000,2,3,1,True,False,5,physical,100,43,0.993318,0.0
spanke_benes_5x5,default,3-0-1-4-2,routed,5,5,0,0,18,5,6,I0-I2:3;I0-I3:2;I1-I2:6;I1-I4:2;I2-I4:2,4161.000000,6669.902604,2508.902604,2.035131,4.854706,2.819575,1.799561,8.0,3.5,4.0,6.0,10.0,20.0,16.0,48.0,80.0,200.0,False,0.002,0.005,0.1,0.0,0.0,0.0,8000,4000,8,4,37.0,12,105.0,36.0,20.0,785.000000,8,3,1,True,False,5,physical,101,43,2.070833,0.0
spanke_benes_5x5,default,2-1-0-4-3,routed,5,5,0,0,18,5,5,I0-I1:5;I0-I2:3;I0-I3:2;I0-I4:2;I1-I2:5,4161.000000,6649.464549,2488.464549,2.022463,4.882747,2.860283,1.794386,8.0,3.5,4.0,6.0,10.0,20.0,16.0,48.0,80.0,200.0,False,0.002,0.005,0.1,0.0,0.0,0.0,8000,4000,8,4,37.0,12,105.0,36.0,20.0,785.000000,8,3,1,True,False,5,physical,102,43,2.175699,0.0
spanke_benes_5x5,default,2-3-4-1-0,routed,5,5,0,0,13,2,4,I0-I1:4;I1-I2:2,4161.000000,6475.026494,2314.026494,1.969497,4.191656,2.222159,1.527611,8.0,3.5,4.0,6.0,10.0,20.0,16.0,48.0,80.0,200.0,False,0.002,0.005,0.1,0.0,0.0,0.0,8000,4000,8,4,37.0,12,105.0,36.0,20.0,785.000000,4,3,1,True,False,5,physical,103,43,1.407433,0.0
spanke_benes_5x5,default,0-1-3-2-4,routed,5,5,0,0,23,6,8,I0-I1:8;I0-I3:2;I1-I2:2;I1-I3:4;I2-I3:3;I2-I4:4,4161.000000,6852.632696,2691.632696,2.100764,5.477755,3.376991,2.067653,8.0,3.5,4.0,6.0,10.0,20.0,16.0,48.0,80.0,200.0,False,0.002,0.005,0.1,0.0,0.0,0.0,8000,4000,8,4,37.0,12,105.0,36.0,20.0,785.000000,12,3,1,True,False,5,physical,104,43,2.478605,0.0
spanke_benes_5x5,default,3-0-4-2-1,routed,5,5,0,0,14,4,3,I0-I1:3;I0-I2:2;I1-I3:2;I1-I4:2,4161.000000,6503.610567,2342.610567,1.956830,3.915697,1.958867,1.575044,8.0,3.5,4.0,6.0,10.0,20.0,16.0,48.0,80.0,200.0,False,0.002,0.005,0.1,0.0,0.0,0.0,8000,4000,8,4,37.0,12,105.0,36.0,20.0,785.000000,5,3,1,True,False,5,physical,105,43,1.381121,0.0
spanke_benes_5x5,default,2-3-1-4-0,routed,5,5,0,0,14,3,4,I0-I1:4;I0-I2:3;I1-I3:2,4161.000000,6495.610567,2334.610567,1.969497,4.255656,2.286159,1.571844,8.0,3.5,4.0,6.0,10.0,20.0,16.0,48.0,80.0,200.0,False,0.002,0.005,0.1,0.0,0.0,0.0,8000,4000,8,4,37.0,12,105.0,36.0,20.0,785.000000,5,3,1,True,False,5,physical,106,43,1.495474,0.0
spanke_benes_5x5,default,3-0-4-1-2,routed,5,5,0,0,15,4,4,I0-I1:3;I0-I2:2;I1-I3:4;I3-I4:2,4161.000000,6551.902604,2390.902604,1.969497,4.223656,2.254159,1.632361,8.0,3.5,4.0,6.0,10.0,20.0,16.0,48.0,80.0,200.0,False,0.002,0.005,0.1,0.0,0.0,0.0,8000,4000,8,4,37.0,12,105.0,36.0,20.0,785.000000,7,3,1,True,False,5,physical,107,43,1.685889,0.0
spanke_benes_5x5,default,2-1-4-0-3,routed,5,5,0,0,15,4,5,I0-I1:5;I0-I2:2;I0-I4:2;I1-I3:3,4161.000000,6543.756586,2382.756586,2.022463,4.545331,2.522867,1.630103,8.0,3.5,4.0,6.0,10.0,20.0,16.0,48.0,80.0,200.0,False,0.002,0.005,0.1,0.0,0.0,0.0,8000,4000,8,4,37.0,12,105.0,36.0,20.0,785.000000,7,3,1,True,False,5,physical,108,43,1.699010,0.0
spanke_benes_5x5,default,0-3-1-2-4,routed,5,5,0,0,20,5,6,I0-I1:2;I0-I2:6;I1-I3:3;I1-I4:4;I2-I3:4,4161.000000,6694.924733,2533.924733,2.035131,4.854706,2.819575,1.882570,8.0,3.5,4.0,6.0,10.0,20.0,16.0,48.0,80.0,200.0,False,0.002,0.005,0.1,0.0,0.0,0.0,8000,4000,8,4,37.0,12,105.0,36.0,20.0,785.000000,11,3,1,True,False,5,physical,109,43,2.274711,0.0
spanke_benes_5x5,default,4-0-3-2-1,routed,5,5,0,0,13,3,2,I1-I2:2;I1-I3:2;I1-I4:2,4161.000000,6447.318531,2286.318531,1.903864,3.618023,1.714159,1.514527,8.0,3.5,4.0,6.0,10.0,20.0,16.0,48.0,80.0,200.0,False,0.002,0.005,0.1,0.0,0.0,0.0,8000,4000,8,4,37.0,12,105.0,36.0,20.0,785.000000,4,3,1,True,False,5,physical,110,43,0.869735,0.0
spanke_benes_5x5,default,4-3-1-2-0,routed,5,5,0,0,11,1,2,I2-I3:2,4161.000000,6398.442421,2237.442421,1.903864,3.576607,1.672743,1.420977,8.0,3.5,4.0,6.0,10.0,20.0,16.0,48.0,80.0,200.0,False,0.002,0.005,0.1,0.0,0.0,0.0,8000,4000,8,4,37.0,12,105.0,36.0,20.0,785.000000,2,3,1,True,False,5,physical,111,43,0.994857,0.0
spanke_benes_5x5,default,3-2-0-4-1,routed,5,5,0,0,14,4,3,I0-I1:3;I0-I3:2;I1-I2:3;I2-I4:2,4161.000000,6507.610567,2346.610567,1.956830,3.938281,1.981451,1.576644,8.0,3.5,4.0,6.0,10.0,20.0,16.0,48.0,80.0,200.0,False,0.002,0.005,0.1,0.0,0.0,0.0,8000,4000,8,4,37.0,12,105.0,36.0,20.0,785.000000,5,3,1,True,False,5,physical,112,43,1.119828,0.0
spanke_benes_5x5,default,1-4-3-2-0,routed,5,5,0,0,13,3,2,I0-I1:2;I0-I2:2;I0-I3:2,4161.000000,6435.318531,2274.318531,1.903864,3.618023,1.714159,1.509727,8.0,3.5,4.0,6.0,10.0,20.0,16.0,48.0,80.0,200.0,False,0.002,0.005,0.1,0.0,0.0,0.0,8000,4000,8,4,37.0,12,105.0,36.0,20.0,785.000000,4,3,1,True,False,5,physical,113,43,1.447174,0.0
spanke_benes_5x5,default,2-1-4-3-0,routed,5,5,0,0,14,3,5,I0-I1:5;I0-I2:2;I0-I3:2,4161.000000,6511.902604,2350.902604,2.022463,4.513331,2.490867,1.576361,8.0,3.5,4.0,6.0,10.0,20.0,16.0,48.0,80.0,200.0,False,0.002,0.005,0.1,0.0,0.0,0.0,8000,4000,8,4,37.0,12,105.0,36.0,20.0,785.000000,5,3,1,True,False,5,physical,114,43,1.743655,0.0
spanke_benes_5x5,default,0-4-1-2-3,routed,5,5,0,0,17,4,6,I0-I1:2;I0-I2:6;I2-I3:4;I3-I4:2,4161.000000,6612.486678,2451.486678,2.035131,4.854706,2.819575,1.732595,8.0,3.5,4.0,6.0,10.0,20.0,16.0,48.0,80.0,200.0,False,0.002,0.005,0.1,0.0,0.0,0.0,8000,4000,8,4,37.0,12,105.0,36.0,20.0,785.000000,9,3,1,True,False,5,physical,115,43,2.195780,0.0
spanke_benes_5x5,default,4-0-1-3-2,routed,5,5,0,0,17,4,6,I1-I2:6;I1-I4:2;I2-I3:2;I2-I4:2,4161.000000,6641.610567,2480.610567,2.035131,4.854706,2.819575,1.750244,8.0,3.5,4.0,6.0,10.0,20.0,16.0,48.0,80.0,200.0,False,0.002,0.005,0.1,0.0,0.0,0.0,8000,4000,8,4,37.0,12,105.0,36.0,20.0,785.000000,7,3,1,True,False,5,physical,116,43,1.799056,0.0
spanke_benes_5x5,default,3-2-4-1-0,routed,5,5,0,0,12,2,3,I0-I1:3;I0-I2:2,4161.000000,6450.734457,2289.734457,1.956830,3.915697,1.958867,1.479894,8.0,3.5,4.0,6.0,10.0,20.0,16.0,48.0,80.0,200.0,False,0.002,0.005,0.1,0.0,0.0,0.0,8000,4000,8,4,37.0,12,105.0,36.0,20.0,785.000000,3,3,1,True,False,5,physical,117,43,1.177262,0.0
spanke_benes_5x5,default,1-3-0-2-4,routed,5,5,0,0,19,5,5,I0-I1:2;I0-I2:5;I0-I3:4;I1-I3:3;I1-I4:4,4161.000000,6731.902604,2570.902604,1.969497,4.529072,2.559575,1.864361,8.0,3.5,4.0,6.0,10.0,20.0,16.0,48.0,80.0,200.0,False,0.002,0.005,0.1,0.0,0.0,0.0,8000,4000,8,4,37.0,12,105.0,36.0,20.0,785.000000,11,3,1,True,False,5,physical,118,43,2.155971,0.0
spanke_benes_5x5,default,0-1-4-2-3,routed,5,5,0,0,20,5,8,I0-I1:8;I0-I3:2;I1-I2:2;I1-I3:4;I3-I4:2,4161.000000,6770.194641,2609.194641,2.100764,5.477755,3.376991,1.917678,8.0,3.5,4.0,6.0,10.0,20.0,16.0,48.0,80.0,200.0,False,0.002,0.005,0.1,0.0,0.0,0.0,8000,4000,8,4,37.0,12,105.0,36.0,20.0,785.000000,10,3,1,True,False,5,physical,119,43,2.453417,0.0
spanke_benes_rect_5x5,default,3-1-2-0-4,routed,5,5,0,0,17,5,4,I0-I2:3;I0-I4:4;I1-I2:2;I1-I3:3;I2-I4:2,3111.000000,5692.880476,2581.880476,1.536830,3.922529,2.385699,1.795752,8.0,3.5,4.0,6.0,10.0,20.0,16.0,48.0,80.0,200.0,False,0.002,0.005,0.1,0.0,0.0,0.0,8000,4000,8,4,37.0,12,105.0,36.0,20.0,575.000000,7,3,1,True,False,5,physical,0,43,0.900230,0.0
spanke_benes_rect_5x5,default,4-0-3-1-2,routed,5,5,0,0,14,3,4,I1-I3:4;I2-I4:3;I3-I4:2,3111.000000,5536.880476,2425.880476,1.549497,3.819656,2.270159,1.613352,8.0,3.5,4.0,6.0,10.0,20.0,16.0,48.0,80.0,200.0,False,0.002,0.005,0.1,0.0,0.0,0.0,8000,4000,8,4,37.0,12,105.0,36.0,20.0,575.000000,5,3,1,True,False,5,physical,1,43,1.139373,0.0
spanke_benes_rect_5x5,default,3-4-0-2-1,routed,5,5,0,0,13,3,2,I0-I1:2;I2-I3:2;I2-I4:2,3111.000000,5547.566310,2436.566310,1.483864,3.320855,1.836991,1.586627,8.0,3.5,4.0,6.0,10.0,20.0,16.0,48.0,80.0,200.0,False,0.002,0.005,0.1,0.0,0.0,0.0,8000,4000,8,4,37.0,12,105.0,36.0,20.0,575.000000,5,3,1,True,False,5,physical,2,43,0.759657,0.0
spanke_benes_rect_5x5,default,1-4-0-3-2,routed,5,5,0,0,15,5,3,I0-I1:2;I0-I2:3;I0-I4:2;I2-I3:2;I3-I4:3,3111.000000,5608.442421,2497.442421,1.483864,3.522690,2.038826,1.684977,8.0,3.5,4.0,6.0,10.0,20.0,16.0,48.0,80.0,200.0,False,0.002,0.005,0.1,0.0,0.0,0.0,8000,4000,8,4,37.0,12,105.0,36.0,20.0,575.000000,7,3,1,True,False,5,physical,3,43,1.161488,0.0
spanke_benes_rect_5x5,default,2-0-3-4-1,routed,5,5,0,0,18,4,6,I0-I1:3;I0-I2:4;I1-I4:2;I2-I3:6,3111.000000,5661.464549,2550.464549,1.498164,4.055616,2.557451,1.819186,8.0,3.5,4.0,6.0,10.0,20.0,16.0,48.0,80.0,200.0,False,0.002,0.005,0.1,0.0,0.0,0.0,8000,4000,8,4,37.0,12,105.0,36.0,20.0,575.000000,9,3,1,True,False,5,physical,4,43,1.074222,0.0
spanke_benes_rect_5x5,default,4-1-2-3-0,routed,5,5,0,0,13,2,4,I1-I2:2;I2-I3:4,3111.000000,5512.004365,2401.004365,1.485497,3.522690,2.037193,1.569402,8.0,3.5,4.0,6.0,10.0,20.0,16.0,48.0,80.0,200.0,False,0.002,0.005,0.1,0.0,0.0,0.0,8000,4000,8,4,37.0,12,105.0,36.0,20.0,575.000000,5,3,1,True,False,5,physical,5,43,0.712054,0.0
spanke_benes_rect_5x5,default,3-0-2-4-1,routed,5,5,0,0,17,5,4,I0-I2:3;I0-I3:4;I1-I2:2;I1-I4:2;I2-I3:2,3111.000000,5712.150384,2601.150384,1.536830,4.061361,2.524531,1.808460,8.0,3.5,4.0,6.0,10.0,20.0,16.0,48.0,80.0,200.0,False,0.002,0.005,0.1,0.0,0.0,0.0,8000,4000,8,4,37.0,12,105.0,36.0,20.0,575.000000,9,3,1,True,False,5,physical,6,43,1.346636,0.0
spanke_benes_rect_5x5,default,1-0-2-4-3,routed,5,5,0,0,20,5,5,I0-I1:5;I0-I2:4;I2-I3:2;I2-I4:4;I3-I4:5,3111.000000,5742.486678,2631.486678,1.498164,3.725941,2.227777,1.924595,8.0,3.5,4.0,6.0,10.0,20.0,16.0,48.0,80.0,200.0,False,0.002,0.005,0.1,0.0,0.0,0.0,8000,4000,8,4,37.0,12,105.0,36.0,20.0,575.000000,11,3,1,True,False,5,physical,7,43,1.981775,0.0
spanke_benes_rect_5x5,default,4-2-3-0-1,routed,5,5,0,0,12,2,2,I1-I2:2;I3-I4:2,3111.000000,5487.858347,2376.858347,1.483864,3.237315,1.753451,1.520743,8.0,3.5,4.0,6.0,10.0,20.0,16.0,48.0,80.0,200.0,False,0.002,0.005,0.1,0.0,0.0,0.0,8000,4000,8,4,37.0,12,105.0,36.0,20.0,575.000000,3,3,1,True,False,5,physical,8,43,0.423687,0.0
spanke_benes_rect_5x5,default,3-1-4-2-0,routed,5,5,0,0,15,3,4,I0-I2:4;I0-I3:3;I1-I3:2,3111.000000,5572.150384,2461.150384,1.536830,3.865113,2.328283,1.672460,8.0,3.5,4.0,6.0,10.0,20.0,16.0,48.0,80.0,200.0,False,0.002,0.005,0.1,0.0,0.0,0.0,8000,4000,8,4,37.0,12,105.0,36.0,20.0,575.000000,6,3,1,True,False,5,physical,9,43,0.883361,0.0
spanke_benes_rect_5x5,default,0-1-2-4-3,routed,5,5,0,0,21,5,6,I0-I1:6;I1-I2:4;I2-I3:2;I2-I4:4;I3-I4:5,3111.000000,5766.778714,2655.778714,1.510831,4.019575,2.508743,1.972311,8.0,3.5,4.0,6.0,10.0,20.0,16.0,48.0,80.0,200.0,False,0.002,0.005,0.1,0.0,0.0,0.0,8000,4000,8,4,37.0,12,105.0,36.0,20.0,575.000000,12,3,1,True,False,5,physical,10,43,2.213275,0.0
spanke_benes_rect_5x5,default,3-2-0-1-4,routed,5,5,0,0,17,4,4,I0-I1:3;I0-I4:4;I2-I3:4;I3-I4:2,3111.000000,5755.858347,2644.858347,1.549497,4.061361,2.511864,1.827943,8.0,3.5,4.0,6.0,10.0,20.0,16.0,48.0,80.0,200.0,False,0.002,0.005,0.1,0.0,0.0,0.0,8000,4000,8,4,37.0,12,105.0,36.0,20.0,575.000000,8,3,1,True,False,5,physical,11,43,1.295972,0.0
spanke_benes_rect_5x5,default,3-4-2-0-1,routed,5,5,0,0,12,2,2,I0-I1:2;I3-I4:2,3111.000000,5463.858347,2352.858347,1.483864,3.271439,1.787575,1.511143,8.0,3.5,4.0,6.0,10.0,20.0,16.0,48.0,80.0,200.0,False,0.002,0.005,0.1,0.0,0.0,0.0,8000,4000,8,4,37.0,12,105.0,36.0,20.0,575.000000,3,3,1,True,False,5,physical,12,43,0.515260,0.0
spanke_benes_rect_5x5,default,0-1-2-3-4,routed,5,5,0,0,22,4,6,I0-I1:6;I1-I2:4;I2-I3:6;I3-I4:6,3111.000000,5823.070751,2712.070751,1.510831,4.348991,2.838159,2.032828,8.0,3.5,4.0,6.0,10.0,20.0,16.0,48.0,80.0,200.0,False,0.002,0.005,0.1,0.0,0.0,0.0,8000,4000,8,4,37.0,12,105.0,36.0,20.0,575.000000,12,3,1,True,False,5,physical,13,43,2.390918,0.0
spanke_benes_rect_5x5,default,4-3-0-1-2,routed,5,5,0,0,13,2,4,I2-I3:4;I3-I4:2,3111.000000,5579.566310,2468.566310,1.549497,3.811656,2.262159,1.599427,8.0,3.5,4.0,6.0,10.0,20.0,16.0,48.0,80.0,200.0,False,0.002,0.005,0.1,0.0,0.0,0.0,8000,4000,8,4,37.0,12,105.0,36.0,20.0,575.000000,4,3,1,True,False,5,physical,14,43,0.752601,0.0
spanke_benes_rect_5x5,default,0-3-2-1-4,routed,5,5,0,0,19,6,4,I0-I1:2;I0-I3:4;I1-I2:3;I1-I4:4;I2-I3:3;I2-I4:2,3111.000000,5753.610567,2642.610567,1.549497,4.198488,2.648991,1.895044,8.0,3.5,4.0,6.0,10.0,20.0,16.0,48.0,80.0,200.0,False,0.002,0.005,0.1,0.0,0.0,0.0,8000,4000,8,4,37.0,12,105.0,36.0,20.0,575.000000,9,3,1,True,False,5,physical,15,43,1.698312,0.0
spanke_benes_rect_5x5,default,2-3-0-1-4,routed,5,5,0,0,18,4,4,I0-I1:4;I1-I4:4;I2-I3:4;I3-I4:2,3111.000000,5736.442421,2625.442421,1.549497,4.182488,2.632991,1.856177,8.0,3.5,4.0,6.0,10.0,20.0,16.0,48.0,80.0,200.0,False,0.002,0.005,0.1,0.0,0.0,0.0,8000,4000,8,4,37.0,12,105.0,36.0,20.0,575.000000,8,3,1,True,False,5,physical,16,43,1.459785,0.0
spanke_benes_rect_5x5,default,1-4-2-3-0,routed,5,5,0,0,14,3,4,I0-I1:2;I0-I2:2;I2-I3:4,3111.000000,5536.296402,2425.296402,1.485497,3.522690,2.037193,1.617119,8.0,3.5,4.0,6.0,10.0,20.0,16.0,48.0,80.0,200.0,False,0.002,0.005,0.1,0.0,0.0,0.0,8000,4000,8,4,37.0,12,105.0,36.0,20.0,575.000000,6,3,1,True,False,5,physical,17,43,0.750054,0.0
spanke_benes_rect_5x5,default,2-4-0-3-1,routed,5,5,0,0,14,4,2,I0-I1:2;I0-I3:2;I2-I3:2;I2-I4:2,3111.000000,5572.004365,2461.004365,1.483864,3.522690,2.038826,1.633402,8.0,3.5,4.0,6.0,10.0,20.0,16.0,48.0,80.0,200.0,False,0.002,0.005,0.1,0.0,0.0,0.0,8000,4000,8,4,37.0,12,105.0,36.0,20.0,575.000000,6,3,1,True,False,5,physical,18,43,0.826870,0.0
spanke_benes_rect_5x5,default,4-3-0-2-1,routed,5,5,0,0,12,2,2,I2-I3:2;I2-I4:2,3111.000000,5523.274274,2412.274274,1.483864,3.230023,1.746159,1.538910,8.0,3.5,4.0,6.0,10.0,20.0,16.0,48.0,80.0,200.0,False,0.002,0.005,0.1,0.0,0.0,0.0,8000,4000,8,4,37.0,12,105.0,36.0,20.0,575.000000,4,3,1,True,False,5,physical,19,43,0.518922,0.0
spanke_benes_rect_5x5,default,2-0-4-3-1,routed,5,5,0,0,15,4,4,I0-I1:3;I0-I3:4;I1-I4:2;I2-I3:3,3111.000000,5577.464549,2466.464549,1.549497,3.843656,2.294159,1.665586,8.0,3.5,4.0,6.0,10.0,20.0,16.0,48.0,80.0,200.0,False,0.002,0.005,0.1,0.0,0.0,0.0,8000,4000,8,4,37.0,12,105.0,36.0,20.0,575.000000,7,3,1,True,False,5,physical,20,43,1.300475,0.0
spanke_benes_rect_5x5,default,2-3-1-0-4,routed,5,5,0,0,17,4,4,I0-I1:4;I1-I4:4;I2-I3:3;I2-I4:2,3111.000000,5672.588439,2561.588439,1.549497,4.198488,2.648991,1.789635,8.0,3.5,4.0,6.0,10.0,20.0,16.0,48.0,80.0,200.0,False,0.002,0.005,0.1,0.0,0.0,0.0,8000,4000,8,4,37.0,12,105.0,36.0,20.0,575.000000,7,3,1,True,False,5,physical,21,43,0.984038,0.0
spanke_benes_rect_5x5,default,1-0-3-2-4,routed,5,5,0,0,20,4,6,I0-I1:5;I0-I3:4;I2-I3:5;I2-I4:6,3111.000000,5766.340659,2655.340659,1.498164,3.999616,2.501451,1.935136,8.0,3.5,4.0,6.0,10.0,20.0,16.0,48.0,80.0,200.0,False,0.002,0.005,0.1,0.0,0.0,0.0,8000,4000,8,4,37.0,12,105.0,36.0,20.0,575.000000,10,3,1,True,False,5,physical,22,43,1.831775,0.0
spanke_benes_rect_5x5,default,2-1-3-0-4,routed,5,5,0,0,18,4,6,I0-I1:3;I0-I2:4;I1-I3:3;I2-I4:6,3111.000000,5673.610567,2562.610567,1.498164,3.999616,2.501451,1.823044,8.0,3.5,4.0,6.0,10.0,20.0,16.0,48.0,80.0,200.0,False,0.002,0.005,0.1,0.0,0.0,0.0,8000,4000,8,4,37.0,12,105.0,36.0,20.0,575.000000,8,3,1,True,False,5,physical,23,43,1.108625,0.0
spanke_benes_rect_5x5,default,2-3-0-4-1,routed,5,5,0,0,17,4,4,I0-I1:4;I1-I3:4;I2-I3:2;I2-I4:2,3111.000000,5715.858347,2604.858347,1.549497,4.321320,2.771823,1.811943,8.0,3.5,4.0,6.0,10.0,20.0,16.0,48.0,80.0,200.0,False,0.002,0.005,0.1,0.0,0.0,0.0,8000,4000,8,4,37.0,12,105.0,36.0,20.0,575.000000,9,3,1,True,False,5,physical,24,43,1.196374,0.0
spanke_benes_rect_5x5,default,4-2-0-1-3,routed,5,5,0,0,14,3,4,I1-I4:2;I2-I3:4;I3-I4:2,3111.000000,5604.004365,2493.004365,1.549497,3.853072,2.303575,1.646202,8.0,3.5,4.0,6.0,10.0,20.0,16.0,48.0,80.0,200.0,False,0.002,0.005,0.1,0.0,0.0,0.0,8000,4000,8,4,37.0,12,105.0,36.0,20.0,575.000000,5,3,1,True,False,5,physical,25,43,0.904020,0.0
spanke_benes_rect_5x5,default,1-2-3-0-4,routed,5,5,0,0,19,4,6,I0-I1:4;I0-I3:3;I1-I2:4;I2-I4:6,3111.000000,5721.756586,2610.756586,1.498164,4.031616,2.533451,1.881303,8.0,3.5,4.0,6.0,10.0,20.0,16.0,48.0,80.0,200.0,False,0.002,0.005,0.1,0.0,0.0,0.0,8000,4000,8,4,37.0,12,105.0,36.0,20.0,575.000000,9,3,1,True,False,5,physical,26,43,1.379627,0.0
spanke_benes_rect_5x5,default,1-0-2-3-4,routed,5,5,0,0,21,4,6,I0-I1:5;I0-I2:4;I2-I3:6;I3-I4:6,3111.000000,5798.778714,2687.778714,1.510831,4.348991,2.838159,1.985111,8.0,3.5,4.0,6.0,10.0,20.0,16.0,48.0,80.0,200.0,False,0.002,0.005,0.1,0.0,0.0,0.0,8000,4000,8,4,37.0,12,105.0,36.0,20.0,575.000000,11,3,1,True,False,5,physical,27,43,2.042721,0.0
spanke_benes_rect_5x5,default,4-3-2-0-1,routed,5,5,0,0,11,1,2,I3-I4:2,3111.000000,5439.566310,2328.566310,1.483864,3.230023,1.746159,1.463427,8.0,3.5,4.0,6.0,10.0,20.0,16.0,48.0,80.0,200.0,False,0.002,0.005,0.1,0.0,0.0,0.0,8000,4000,8,4,37.0,12,105.0,36.0,20.0,575.000000,2,3,1,True,False,5,physical,28,43,0.335978,0.0
spanke_benes_rect_5x5,default,3-2-1-0-4,routed,5,5,0,0,16,4,4,I0-I1:3;I0-I4:4;I2-I3:3;I2-I4:2,3111.000000,5648.296402,2537.296402,1.536830,3.922529,2.385699,1.741919,8.0,3.5,4.0,6.0,10.0,20.0,16.0,48.0,80.0,200.0,False,0.002,0.005,0.1,0.0,0.0,0.0,8000,4000,8,4,37.0,12,105.0,36.0,20.0,575.000000,6,3,1,True,False,5,physical,29,43,0.808398,0.0
spanke_benes_rect_5x5,default,1-3-4-0-2,routed,5,5,0,0,17,5,4,I0-I1:2;I0-I3:3;I0-I4:2;I1-I2:4;I1-I4:3,3111.000000,5660.880476,2549.880476,1.549497,4.198488,2.648991,1.782952,8.0,3.5,4.0,6.0,10.0,20.0,16.0,48.0,80.0,200.0,False,0.002,0.005,0.1,0.0,0.0,0.0,8000,4000,8,4,37.0,12,105.0,36.0,20.0,575.000000,8,3,1,True,False,5,physical,30,43,1.107676,0.0
spanke_benes_rect_5x5,default,1-2-0-3-4,routed,5,5,0,0,20,5,6,I0-I1:4;I0-I2:3;I1-I3:4;I2-I3:2;I3-I4:6,3111.000000,5781.610567,2670.610567,1.510831,4.316991,2.806159,1.946244,8.0,3.5,4.0,6.0,10.0,20.0,16.0,48.0,80.0,200.0,False,0.002,0.005,0.1,0.0,0.0,0.0,8000,4000,8,4,37.0,12,105.0,36.0,20.0,575.000000,11,3,1,True,False,5,physical,31,43,1.981020,0.0
spanke_benes_rect_5x5,default,4-1-2-0-3,routed,5,5,0,0,14,3,4,I1-I2:2;I1-I3:3;I2-I4:4,3111.000000,5564.880476,2453.880476,1.485497,3.421533,1.936035,1.624552,8.0,3.5,4.0,6.0,10.0,20.0,16.0,48.0,80.0,200.0,False,0.002,0.005,0.1,0.0,0.0,0.0,8000,4000,8,4,37.0,12,105.0,36.0,20.0,575.000000,4,3,1,True,False,5,physical,32,43,0.670287,0.0
spanke_benes_rect_5x5,default,1-0-3-4-2,routed,5,5,0,0,19,5,6,I0-I1:5;I0-I2:2;I0-I4:2;I2-I3:6;I2-I4:3,3111.000000,5706.048623,2595.048623,1.498164,4.055616,2.557451,1.873019,8.0,3.5,4.0,6.0,10.0,20.0,16.0,48.0,80.0,200.0,False,0.002,0.005,0.1,0.0,0.0,0.0,8000,4000,8,4,37.0,12,105.0,36.0,20.0,575.000000,10,3,1,True,False,5,physical,33,43,1.371425,0.0
spanke_benes_rect_5x5,default,2-0-4-1-3,routed,5,5,0,0,16,4,4,I0-I3:3;I0-I4:4;I1-I3:4;I2-I4:3,3111.000000,5609.756586,2498.756586,1.549497,3.861072,2.311575,1.716503,8.0,3.5,4.0,6.0,10.0,20.0,16.0,48.0,80.0,200.0,False,0.002,0.005,0.1,0.0,0.0,0.0,8000,4000,8,4,37.0,12,105.0,36.0,20.0,575.000000,8,3,1,True,False,5,physical,34,43,1.705856,0.0
spanke_benes_rect_5x5,default,1-2-0-4-3,routed,5,5,0,0,19,5,5,I0-I1:4;I0-I2:3;I1-I4:4;I2-I3:2;I3-I4:5,3111.000000,5725.318531,2614.318531,1.498164,3.898447,2.400283,1.885727,8.0,3.5,4.0,6.0,10.0,20.0,16.0,48.0,80.0,200.0,False,0.002,0.005,0.1,0.0,0.0,0.0,8000,4000,8,4,37.0,12,105.0,36.0,20.0,575.000000,11,3,1,True,False,5,physical,35,43,1.891902,0.0
spanke_benes_rect_5x5,default,4-2-1-3-0,routed,5,5,0,0,12,2,2,I1-I3:2;I2-I3:2,3111.000000,5499.420292,2388.420292,1.471197,3.522690,2.051493,1.528368,8.0,3.5,4.0,6.0,10.0,20.0,16.0,48.0,80.0,200.0,False,0.002,0.005,0.1,0.0,0.0,0.0,8000,4000,8,4,37.0,12,105.0,36.0,20.0,575.000000,4,3,1,True,False,5,physical,36,43,0.432587,0.0
spanke_benes_rect_5x5,default,3-1-2-4-0,routed,5,5,0,0,16,4,4,I0-I2:3;I0-I3:4;I1-I2:2;I2-I3:2,3111.000000,5655.858347,2544.858347,1.536830,4.003945,2.467115,1.747943,8.0,3.5,4.0,6.0,10.0,20.0,16.0,48.0,80.0,200.0,False,0.002,0.005,0.1,0.0,0.0,0.0,8000,4000,8,4,37.0,12,105.0,36.0,20.0,575.000000,8,3,1,True,False,5,physical,37,43,1.254437,0.0
spanke_benes_rect_5x5,default,2-4-1-0-3,routed,5,5,0,0,14,4,3,I0-I1:2;I0-I4:2;I2-I3:3;I2-I4:2,3111.000000,5528.734457,2417.734457,1.536830,3.462281,1.925451,1.611094,8.0,3.5,4.0,6.0,10.0,20.0,16.0,48.0,80.0,200.0,False,0.002,0.005,0.1,0.0,0.0,0.0,8000,4000,8,4,37.0,12,105.0,36.0,20.0,575.000000,4,3,1,True,False,5,physical,38,43,0.661818,0.0
spanke_benes_rect_5x5,default,4-3-2-1-0,routed,5,5,0,0,10,0,1,,3111.000000,5391.274274,2280.274274,1.471197,2.926772,1.455575,1.406110,8.0,3.5,4.0,6.0,10.0,20.0,16.0,48.0,80.0,200.0,False,0.002,0.005,0.1,0.0,0.0,0.0,8000,4000,8,4,37.0,12,105.0,36.0,20.0,575.000000,1,3,1,True,False,5,physical,39,43,0.202435,0.0
spanke_benes_rect_5x5,default,1-3-2-0-4,routed,5,5,0,0,18,6,4,I0-I1:2;I0-I2:2;I0-I3:3;I1-I2:3;I1-I4:4;I2-I4:2,3111.000000,5717.172512,2606.172512,1.549497,4.198488,2.648991,1.843469,8.0,3.5,4.0,6.0,10.0,20.0,16.0,48.0,80.0,200.0,False,0.002,0.005,0.1,0.0,0.0,0.0,8000,4000,8,4,37.0,12,105.0,36.0,20.0,575.000000,8,3,1,True,False,5,physical,40,43,1.081999,0.0
spanke_benes_rect_5x5,default,0-2-4-3-1,routed,5,5,0,0,18,5,4,I0-I1:4;I0-I4:2;I1-I2:2;I1-I3:4;I2-I3:3,3111.000000,5705.172512,2594.172512,1.549497,3.854200,2.304702,1.838669,8.0,3.5,4.0,6.0,10.0,20.0,16.0,48.0,80.0,200.0,False,0.002,0.005,0.1,0.0,0.0,0.0,8000,4000,8,4,37.0,12,105.0,36.0,20.0,575.000000,8,3,1,True,False,5,physical,41,43,1.705007,0.0
spanke_benes_rect_5x5,default,3-0-1-2-4,routed,5,5,0,0,19,5,4,I0-I3:3;I0-I4:4;I1-I2:4;I2-I3:4;I3-I4:2,3111.000000,5813.026494,2702.026494,1.536830,4.061361,2.524531,1.922811,8.0,3.5,4.0,6.0,10.0,20.0,16.0,48.0,80.0,200.0,False,0.002,0.005,0.1,0.0,0.0,0.0,8000,4000,8,4,37.0,12,105.0,36.0,20.0,575.000000,10,3,1,True,False,5,physical,42,43,1.695443,0.0
spanke_benes_rect_5x5,default,0-3-4-2-1,routed,5,5,0,0,17,5,4,I0-I1:2;I0-I3:2;I0-I4:2;I1-I2:4;I1-I3:3,3111.000000,5644.734457,2533.734457,1.549497,4.182488,2.632991,1.777494,8.0,3.5,4.0,6.0,10.0,20.0,16.0,48.0,80.0,200.0,False,0.002,0.005,0.1,0.0,0.0,0.0,8000,4000,8,4,37.0,12,105.0,36.0,20.0,575.000000,8,3,1,True,False,5,physical,43,43,1.263310,0.0
spanke_benes_rect_5x5,default,2-4-1-3-0,routed,5,5,0,0,13,3,2,I0-I1:2;I0-I3:2;I2-I3:2,3111.000000,5523.712329,2412.712329,1.483864,3.522690,2.038826,1.576085,8.0,3.5,4.0,6.0,10.0,20.0,16.0,48.0,80.0,200.0,False,0.002,0.005,0.1,0.0,0.0,0.0,8000,4000,8,4,37.0,12,105.0,36.0,20.0,575.000000,5,3,1,True,False,5,physical,44,43,0.685349,0.0
spanke_benes_rect_5x5,default,0-1-3-4-2,routed,5,5,0,0,20,5,6,I0-I1:6;I1-I2:2;I1-I4:2;I2-I3:6;I2-I4:3,3111.000000,5730.340659,2619.340659,1.510831,4.055616,2.544784,1.920736,8.0,3.5,4.0,6.0,10.0,20.0,16.0,48.0,80.0,200.0,False,0.002,0.005,0.1,0.0,0.0,0.0,8000,4000,8,4,37.0,12,105.0,36.0,20.0,575.000000,11,3,1,True,False,5,physical,45,43,1.577264,0.0
spanke_benes_rect_5x5,default,3-2-1-4-0,routed,5,5,0,0,15,3,4,I0-I1:3;I0-I3:4;I2-I3:2,3111.000000,5643.274274,2532.274274,1.536830,4.003945,2.467115,1.706910,8.0,3.5,4.0,6.0,10.0,20.0,16.0,48.0,80.0,200.0,False,0.002,0.005,0.1,0.0,0.0,0.0,8000,4000,8,4,37.0,12,105.0,36.0,20.0,575.000000,7,3,1,True,False,5,physical,46,43,0.793326,0.0
spanke_benes_rect_5x5,default,0-1-4-3-2,routed,5,5,0,0,17,5,6,I0-I1:6;I1-I3:2;I1-I4:2;I2-I3:3;I3-I4:3,3111.000000,5662.048623,2551.048623,1.549497,4.019575,2.470077,1.775419,8.0,3.5,4.0,6.0,10.0,20.0,16.0,48.0,80.0,200.0,False,0.002,0.005,0.1,0.0,0.0,0.0,8000,4000,8,4,37.0,12,105.0,36.0,20.0,575.000000,9,3,1,True,False,5,physical,47,43,1.895191,0.0
spanke_benes_rect_5x5,default,3-1-4-0-2,routed,5,5,0,0,16,4,4,I0-I2:4;I0-I4:3;I1-I3:3;I1-I4:2,3111.000000,5636.588439,2525.588439,1.536830,3.922529,2.385699,1.735235,8.0,3.5,4.0,6.0,10.0,20.0,16.0,48.0,80.0,200.0,False,0.002,0.005,0.1,0.0,0.0,0.0,8000,4000,8,4,37.0,12,105.0,36.0,20.0,575.000000,7,3,1,True,False,5,physical,48,43,0.906343,0.0
spanke_benes_rect_5x5,default,0-2-4-1-3,routed,5,5,0,0,19,6,4,I0-I1:2;I0-I3:4;I1-I2:2;I1-I3:3;I1-I4:4;I2-I4:3,3111.000000,5737.464549,2626.464549,1.549497,3.959616,2.410118,1.889586,8.0,3.5,4.0,6.0,10.0,20.0,16.0,48.0,80.0,200.0,False,0.002,0.005,0.1,0.0,0.0,0.0,8000,4000,8,4,37.0,12,105.0,36.0,20.0,575.000000,9,3,1,True,False,5,physical,49,43,1.958908,0.0
spanke_benes_rect_5x5,default,1-0-4-2-3,routed,5,5,0,0,17,4,5,I0-I1:5;I0-I3:4;I2-I4:3;I3-I4:4,3111.000000,5666.048623,2555.048623,1.498164,3.865031,2.366867,1.777019,8.0,3.5,4.0,6.0,10.0,20.0,16.0,48.0,80.0,200.0,False,0.002,0.005,0.1,0.0,0.0,0.0,8000,4000,8,4,37.0,12,105.0,36.0,20.0,575.000000,9,3,1,True,False,5,physical,50,43,1.854145,0.0
spanke_benes_rect_5x5,default,1-4-2-0-3,routed,5,5,0,0,15,4,4,I0-I1:2;I0-I2:2;I0-I3:3;I2-I4:4,3111.000000,5589.172512,2478.172512,1.485497,3.421533,1.936035,1.672269,8.0,3.5,4.0,6.0,10.0,20.0,16.0,48.0,80.0,200.0,False,0.002,0.005,0.1,0.0,0.0,0.0,8000,4000,8,4,37.0,12,105.0,36.0,20.0,575.000000,5,3,1,True,False,5,physical,51,43,0.833415,0.0
spanke_benes_rect_5x5,default,1-4-0-2-3,routed,5,5,0,0,16,5,4,I0-I1:2;I0-I2:3;I0-I3:2;I2-I3:2;I3-I4:4,3111.000000,5664.734457,2553.734457,1.498164,3.759616,2.261451,1.745494,8.0,3.5,4.0,6.0,10.0,20.0,16.0,48.0,80.0,200.0,False,0.002,0.005,0.1,0.0,0.0,0.0,8000,4000,8,4,37.0,12,105.0,36.0,20.0,575.000000,7,3,1,True,False,5,physical,52,43,1.421051,0.0
spanke_benes_rect_5x5,default,1-2-3-4-0,routed,5,5,0,0,18,3,6,I0-I1:4;I1-I2:4;I2-I3:6,3111.000000,5661.318531,2550.318531,1.498164,4.087616,2.589451,1.820127,8.0,3.5,4.0,6.0,10.0,20.0,16.0,48.0,80.0,200.0,False,0.002,0.005,0.1,0.0,0.0,0.0,8000,4000,8,4,37.0,12,105.0,36.0,20.0,575.000000,9,3,1,True,False,5,physical,53,43,1.259076,0.0
spanke_benes_rect_5x5,default,4-3-1-0-2,routed,5,5,0,0,12,2,3,I2-I3:3;I2-I4:2,3111.000000,5472.004365,2361.004365,1.536830,3.462281,1.925451,1.513402,8.0,3.5,4.0,6.0,10.0,20.0,16.0,48.0,80.0,200.0,False,0.002,0.005,0.1,0.0,0.0,0.0,8000,4000,8,4,37.0,12,105.0,36.0,20.0,575.000000,2,3,1,True,False,5,physical,54,43,0.396233,0.0
spanke_benes_rect_5x5,default,4-0-2-1-3,routed,5,5,0,0,15,3,4,I1-I3:4;I2-I3:3;I2-I4:4,3111.000000,5601.318531,2490.318531,1.549497,3.819656,2.270159,1.676127,8.0,3.5,4.0,6.0,10.0,20.0,16.0,48.0,80.0,200.0,False,0.002,0.005,0.1,0.0,0.0,0.0,8000,4000,8,4,37.0,12,105.0,36.0,20.0,575.000000,5,3,1,True,False,5,physical,55,43,1.128010,0.0
spanke_benes_rect_5x5,default,1-4-3-0-2,routed,5,5,0,0,14,4,3,I0-I1:2;I0-I3:3;I0-I4:2;I2-I4:3,3111.000000,5524.734457,2413.734457,1.483864,3.205315,1.721451,1.609494,8.0,3.5,4.0,6.0,10.0,20.0,16.0,48.0,80.0,200.0,False,0.002,0.005,0.1,0.0,0.0,0.0,8000,4000,8,4,37.0,12,105.0,36.0,20.0,575.000000,5,3,1,True,False,5,physical,56,43,0.877957,0.0
spanke_benes_rect_5x5,default,2-1-3-4-0,routed,5,5,0,0,17,3,6,I0-I1:3;I0-I2:4;I2-I3:6,3111.000000,5613.172512,2502.172512,1.498164,4.055616,2.557451,1.761869,8.0,3.5,4.0,6.0,10.0,20.0,16.0,48.0,80.0,200.0,False,0.002,0.005,0.1,0.0,0.0,0.0,8000,4000,8,4,37.0,12,105.0,36.0,20.0,575.000000,8,3,1,True,False,5,physical,57,43,0.905075,0.0
spanke_benes_rect_5x5,default,1-3-4-2-0,routed,5,5,0,0,16,4,4,I0-I1:2;I0-I3:2;I1-I2:4;I1-I3:3,3111.000000,5596.442421,2485.442421,1.549497,4.182488,2.632991,1.720177,8.0,3.5,4.0,6.0,10.0,20.0,16.0,48.0,80.0,200.0,False,0.002,0.005,0.1,0.0,0.0,0.0,8000,4000,8,4,37.0,12,105.0,36.0,20.0,575.000000,7,3,1,True,False,5,physical,58,43,1.145897,0.0
spanke_benes_rect_5x5,default,3-4-2-1-0,routed,5,5,0,0,11,1,2,I0-I1:2,3111.000000,5415.566310,2304.566310,1.483864,3.182023,1.698159,1.453827,8.0,3.5,4.0,6.0,10.0,20.0,16.0,48.0,80.0,200.0,False,0.002,0.005,0.1,0.0,0.0,0.0,8000,4000,8,4,37.0,12,105.0,36.0,20.0,575.000000,2,3,1,True,False,5,physical,59,43,0.437033,0.0
spanke_benes_rect_5x5,default,1-0-4-3-2,routed,5,5,0,0,16,5,5,I0-I1:5;I0-I3:2;I0-I4:2;I2-I3:3;I3-I4:3,3111.000000,5637.756586,2526.756586,1.549497,3.843656,2.294159,1.727703,8.0,3.5,4.0,6.0,10.0,20.0,16.0,48.0,80.0,200.0,False,0.002,0.005,0.1,0.0,0.0,0.0,8000,4000,8,4,37.0,12,105.0,36.0,20.0,575.000000,8,3,1,True,False,5,physical,60,43,1.768976,0.0
spanke_benes_rect_5x5,default,1-3-2-4-0,routed,5,5,0,0,17,5,4,I0-I1:2;I0-I2:2;I1-I2:3;I1-I3:4;I2-I3:2,3111.000000,5680.150384,2569.150384,1.549497,4.321320,2.771823,1.795660,8.0,3.5,4.0,6.0,10.0,20.0,16.0,48.0,80.0,200.0,False,0.002,0.005,0.1,0.0,0.0,0.0,8000,4000,8,4,37.0,12,105.0,36.0,20.0,575.000000,9,3,1,True,False,5,physical,61,43,1.416797,0.0
spanke_benes_rect_5x5,default,2-1-0-3-4,routed,5,5,0,0,19,5,6,I0-I1:3;I0-I3:4;I1-I2:3;I2-I3:2;I3-I4:6,3111.000000,5757.318531,2646.318531,1.510831,4.316991,2.806159,1.898527,8.0,3.5,4.0,6.0,10.0,20.0,16.0,48.0,80.0,200.0,False,0.002,0.005,0.1,0.0,0.0,0.0,8000,4000,8,4,37.0,12,105.0,36.0,20.0,575.000000,10,3,1,True,False,5,physical,62,43,1.698229,0.0
spanke_benes_rect_5x5,default,3-2-4-0-1,routed,5,5,0,0,15,3,4,I0-I1:3;I0-I2:4;I3-I4:2,3111.000000,5615.858347,2504.858347,1.536830,3.922529,2.385699,1.691943,8.0,3.5,4.0,6.0,10.0,20.0,16.0,48.0,80.0,200.0,False,0.002,0.005,0.1,0.0,0.0,0.0,8000,4000,8,4,37.0,12,105.0,36.0,20.0,575.000000,6,3,1,True,False,5,physical,63,43,0.810589,0.0
spanke_benes_rect_5x5,default,2-4-3-1-0,routed,5,5,0,0,12,2,2,I0-I1:2;I0-I2:2,3111.000000,5440.004365,2329.004365,1.483864,3.205315,1.721451,1.500602,8.0,3.5,4.0,6.0,10.0,20.0,16.0,48.0,80.0,200.0,False,0.002,0.005,0.1,0.0,0.0,0.0,8000,4000,8,4,37.0,12,105.0,36.0,20.0,575.000000,3,3,1,True,False,5,physical,64,43,0.486663,0.0
spanke_benes_rect_5x5,default,3-4-1-0-2,routed,5,5,0,0,13,3,3,I0-I1:2;I2-I3:3;I2-I4:2,3111.000000,5496.296402,2385.296402,1.536830,3.462281,1.925451,1.561119,8.0,3.5,4.0,6.0,10.0,20.0,16.0,48.0,80.0,200.0,False,0.002,0.005,0.1,0.0,0.0,0.0,8000,4000,8,4,37.0,12,105.0,36.0,20.0,575.000000,3,3,1,True,False,5,physical,65,43,0.634436,0.0
spanke_benes_rect_5x5,default,2-4-0-1-3,routed,5,5,0,0,15,4,4,I0-I1:2;I0-I4:2;I2-I3:4;I3-I4:2,3111.000000,5628.296402,2517.296402,1.549497,3.853072,2.303575,1.693919,8.0,3.5,4.0,6.0,10.0,20.0,16.0,48.0,80.0,200.0,False,0.002,0.005,0.1,0.0,0.0,0.0,8000,4000,8,4,37.0,12,105.0,36.0,20.0,575.000000,6,3,1,True,False,5,physical,66,43,1.223241,0.0
spanke_benes_rect_5x5,default,0-2-3-4-1,routed,5,5,0,0,19,4,6,I0-I1:4;I0-I4:2;I1-I2:4;I2-I3:6,3111.000000,5709.610567,2598.610567,1.498164,4.087616,2.589451,1.877444,8.0,3.5,4.0,6.0,10.0,20.0,16.0,48.0,80.0,200.0,False,0.002,0.005,0.1,0.0,0.0,0.0,8000,4000,8,4,37.0,12,105.0,36.0,20.0,575.000000,10,3,1,True,False,5,physical,67,43,1.404984,0.0
spanke_benes_rect_5x5,default,1-2-4-3-0,routed,5,5,0,0,17,4,4,I0-I1:4;I1-I2:2;I1-I3:4;I2-I3:3,3111.000000,5656.880476,2545.880476,1.549497,3.854200,2.304702,1.781352,8.0,3.5,4.0,6.0,10.0,20.0,16.0,48.0,80.0,200.0,False,0.002,0.005,0.1,0.0,0.0,0.0,8000,4000,8,4,37.0,12,105.0,36.0,20.0,575.000000,7,3,1,True,False,5,physical,68,43,1.546998,0.0
spanke_benes_rect_5x5,default,1-3-0-4-2,routed,5,5,0,0,18,6,4,I0-I1:2;I0-I2:3;I0-I4:2;I1-I3:4;I1-I4:3;I2-I3:2,3111.000000,5744.588439,2633.588439,1.549497,4.378736,2.829239,1.858435,8.0,3.5,4.0,6.0,10.0,20.0,16.0,48.0,80.0,200.0,False,0.002,0.005,0.1,0.0,0.0,0.0,8000,4000,8,4,37.0,12,105.0,36.0,20.0,575.000000,10,3,1,True,False,5,physical,69,43,1.420638,0.0
spanke_benes_rect_5x5,default,0-4-2-3-1,routed,5,5,0,0,15,4,4,I0-I1:2;I0-I2:2;I0-I4:2;I2-I3:4,3111.000000,5584.588439,2473.588439,1.485497,3.522690,2.037193,1.674435,8.0,3.5,4.0,6.0,10.0,20.0,16.0,48.0,80.0,200.0,False,0.002,0.005,0.1,0.0,0.0,0.0,8000,4000,8,4,37.0,12,105.0,36.0,20.0,575.000000,7,3,1,True,False,5,physical,70,43,1.103178,0.0
spanke_benes_rect_5x5,default,4-0-2-3-1,routed,5,5,0,0,14,3,4,I1-I2:2;I1-I4:2;I2-I3:4,3111.000000,5560.296402,2449.296402,1.485497,3.522690,2.037193,1.626719,8.0,3.5,4.0,6.0,10.0,20.0,16.0,48.0,80.0,200.0,False,0.002,0.005,0.1,0.0,0.0,0.0,8000,4000,8,4,37.0,12,105.0,36.0,20.0,575.000000,6,3,1,True,False,5,physical,71,43,0.643754,0.0
spanke_benes_rect_5x5,default,3-1-0-2-4,routed,5,5,0,0,18,6,4,I0-I3:3;I0-I4:4;I1-I2:3;I1-I3:2;I2-I3:2;I3-I4:2,3111.000000,5776.588439,2665.588439,1.536830,4.061361,2.524531,1.871235,8.0,3.5,4.0,6.0,10.0,20.0,16.0,48.0,80.0,200.0,False,0.002,0.005,0.1,0.0,0.0,0.0,8000,4000,8,4,37.0,12,105.0,36.0,20.0,575.000000,9,3,1,True,False,5,physical,72,43,1.364391,0.0
spanke_benes_rect_5x5,default,3-4-1-2-0,routed,5,5,0,0,12,2,2,I0-I1:2;I2-I3:2,3111.000000,5499.274274,2388.274274,1.483864,3.320855,1.836991,1.529310,8.0,3.5,4.0,6.0,10.0,20.0,16.0,48.0,80.0,200.0,False,0.002,0.005,0.1,0.0,0.0,0.0,8000,4000,8,4,37.0,12,105.0,36.0,20.0,575.000000,4,3,1,True,False,5,physical,73,43,0.728877,0.0
spanke_benes_rect_5x5,default,3-0-2-1-4,routed,5,5,0,0,18,5,4,I0-I2:3;I0-I4:4;I1-I3:4;I2-I3:3;I2-I4:2,3111.000000,5729.318531,2618.318531,1.549497,3.922529,2.373032,1.847327,8.0,3.5,4.0,6.0,10.0,20.0,16.0,48.0,80.0,200.0,False,0.002,0.005,0.1,0.0,0.0,0.0,8000,4000,8,4,37.0,12,105.0,36.0,20.0,575.000000,8,3,1,True,False,5,physical,74,43,1.336848,0.0
spanke_benes_rect_5x5,default,0-2-1-3-4,routed,5,5,0,0,21,6,6,I0-I1:2;I0-I2:4;I1-I2:3;I1-I3:4;I2-I3:2;I3-I4:6,3111.000000,5818.048623,2707.048623,1.510831,4.316991,2.806159,1.997819,8.0,3.5,4.0,6.0,10.0,20.0,16.0,48.0,80.0,200.0,False,0.002,0.005,0.1,0.0,0.0,0.0,8000,4000,8,4,37.0,12,105.0,36.0,20.0,575.000000,12,3,1,True,False,5,physical,75,43,2.594400,0.0
spanke_benes_rect_5x5,default,0-2-3-1-4,routed,5,5,0,0,20,5,6,I0-I1:2;I0-I3:4;I1-I2:4;I1-I3:3;I2-I4:6,3111.000000,5758.194641,2647.194641,1.549497,4.031616,2.482118,1.932878,8.0,3.5,4.0,6.0,10.0,20.0,16.0,48.0,80.0,200.0,False,0.002,0.005,0.1,0.0,0.0,0.0,8000,4000,8,4,37.0,12,105.0,36.0,20.0,575.000000,10,3,1,True,False,5,physical,76,43,1.854486,0.0
spanke_benes_rect_5x5,default,3-4-0-1-2,routed,5,5,0,0,14,3,4,I0-I1:2;I2-I3:4;I3-I4:2,3111.000000,5603.858347,2492.858347,1.549497,3.811656,2.262159,1.647143,8.0,3.5,4.0,6.0,10.0,20.0,16.0,48.0,80.0,200.0,False,0.002,0.005,0.1,0.0,0.0,0.0,8000,4000,8,4,37.0,12,105.0,36.0,20.0,575.000000,5,3,1,True,False,5,physical,77,43,1.057134,0.0
spanke_benes_rect_5x5,default,0-4-3-2-1,routed,5,5,0,0,14,4,3,I0-I1:2;I0-I3:2;I0-I4:2;I2-I3:3,3111.000000,5500.880476,2389.880476,1.536830,3.454281,1.917451,1.598952,8.0,3.5,4.0,6.0,10.0,20.0,16.0,48.0,80.0,200.0,False,0.002,0.005,0.1,0.0,0.0,0.0,8000,4000,8,4,37.0,12,105.0,36.0,20.0,575.000000,5,3,1,True,False,5,physical,78,43,0.878403,0.0
spanke_benes_rect_5x5,default,4-2-1-0-3,routed,5,5,0,0,13,3,3,I1-I4:2;I2-I3:3;I2-I4:2,3111.000000,5496.442421,2385.442421,1.536830,3.503697,1.966867,1.560177,8.0,3.5,4.0,6.0,10.0,20.0,16.0,48.0,80.0,200.0,False,0.002,0.005,0.1,0.0,0.0,0.0,8000,4000,8,4,37.0,12,105.0,36.0,20.0,575.000000,3,3,1,True,False,5,physical,79,43,0.418009,0.0
spanke_benes_rect_5x5,default,1-2-4-0-3,routed,5,5,0,0,18,5,4,I0-I1:4;I0-I3:3;I1-I2:2;I1-I4:4;I2-I4:3,3111.000000,5701.026494,2590.026494,1.498164,3.959616,2.461451,1.838011,8.0,3.5,4.0,6.0,10.0,20.0,16.0,48.0,80.0,200.0,False,0.002,0.005,0.1,0.0,0.0,0.0,8000,4000,8,4,37.0,12,105.0,36.0,20.0,575.000000,8,3,1,True,False,5,physical,80,43,1.426369,0.0
spanke_benes_rect_5x5,default,2-3-4-0-1,routed,5,5,0,0,16,3,4,I0-I1:4;I1-I2:4;I3-I4:2,3111.000000,5632.150384,2521.150384,1.549497,4.141072,2.591575,1.736460,8.0,3.5,4.0,6.0,10.0,20.0,16.0,48.0,80.0,200.0,False,0.002,0.005,0.1,0.0,0.0,0.0,8000,4000,8,4,37.0,12,105.0,36.0,20.0,575.000000,7,3,1,True,False,5,physical,81,43,0.870530,0.0
spanke_benes_rect_5x5,default,4-1-3-2-0,routed,5,5,0,0,12,2,3,I1-I3:2;I2-I3:3,3111.000000,5428.296402,2317.296402,1.536830,3.454281,1.917451,1.493919,8.0,3.5,4.0,6.0,10.0,20.0,16.0,48.0,80.0,200.0,False,0.002,0.005,0.1,0.0,0.0,0.0,8000,4000,8,4,37.0,12,105.0,36.0,20.0,575.000000,3,3,1,True,False,5,physical,82,43,0.506302,0.0
spanke_benes_rect_5x5,default,2-0-1-4-3,routed,5,5,0,0,19,5,5,I0-I2:3;I0-I4:4;I1-I2:4;I2-I3:2;I3-I4:5,3111.000000,5737.464549,2626.464549,1.498164,3.702200,2.204035,1.889586,8.0,3.5,4.0,6.0,10.0,20.0,16.0,48.0,80.0,200.0,False,0.002,0.005,0.1,0.0,0.0,0.0,8000,4000,8,4,37.0,12,105.0,36.0,20.0,575.000000,11,3,1,True,False,5,physical,83,43,1.996252,0.0
spanke_benes_rect_5x5,default,0-3-4-1-2,routed,5,5,0,0,18,5,4,I0-I1:2;I0-I3:4;I1-I2:4;I1-I4:3;I3-I4:2,3111.000000,5697.318531,2586.318531,1.549497,4.198488,2.648991,1.834527,8.0,3.5,4.0,6.0,10.0,20.0,16.0,48.0,80.0,200.0,False,0.002,0.005,0.1,0.0,0.0,0.0,8000,4000,8,4,37.0,12,105.0,36.0,20.0,575.000000,9,3,1,True,False,5,physical,84,43,1.755480,0.0
spanke_benes_rect_5x5,default,4-1-3-0-2,routed,5,5,0,0,13,3,3,I1-I3:3;I1-I4:2;I2-I4:3,3111.000000,5500.442421,2389.442421,1.471197,3.205315,1.734118,1.561777,8.0,3.5,4.0,6.0,10.0,20.0,16.0,48.0,80.0,200.0,False,0.002,0.005,0.1,0.0,0.0,0.0,8000,4000,8,4,37.0,12,105.0,36.0,20.0,575.000000,4,3,1,True,False,5,physical,85,43,0.617559,0.0
spanke_benes_rect_5x5,default,4-1-0-3-2,routed,5,5,0,0,14,4,3,I1-I2:3;I1-I4:2;I2-I3:2;I3-I4:3,3111.000000,5584.150384,2473.150384,1.471197,3.522690,2.051493,1.637260,8.0,3.5,4.0,6.0,10.0,20.0,16.0,48.0,80.0,200.0,False,0.002,0.005,0.1,0.0,0.0,0.0,8000,4000,8,4,37.0,12,105.0,36.0,20.0,575.000000,6,3,1,True,False,5,physical,86,43,0.910732,0.0
spanke_benes_rect_5x5,default,0-4-2-1-3,routed,5,5,0,0,16,4,4,I0-I1:2;I0-I3:4;I2-I3:3;I2-I4:4,3111.000000,5625.610567,2514.610567,1.549497,3.819656,2.270159,1.723844,8.0,3.5,4.0,6.0,10.0,20.0,16.0,48.0,80.0,200.0,False,0.002,0.005,0.1,0.0,0.0,0.0,8000,4000,8,4,37.0,12,105.0,36.0,20.0,575.000000,6,3,1,True,False,5,physical,87,43,1.407171,0.0
spanke_benes_rect_5x5,default,4-2-0-3-1,routed,5,5,0,0,13,3,2,I1-I3:2;I2-I3:2;I2-I4:2,3111.000000,5547.712329,2436.712329,1.483864,3.522690,2.038826,1.585685,8.0,3.5,4.0,6.0,10.0,20.0,16.0,48.0,80.0,200.0,False,0.002,0.005,0.1,0.0,0.0,0.0,8000,4000,8,4,37.0,12,105.0,36.0,20.0,575.000000,5,3,1,True,False,5,physical,88,43,0.582136,0.0
spanke_benes_rect_5x5,default,0-4-1-3-2,routed,5,5,0,0,16,5,4,I0-I1:2;I0-I2:4;I2-I3:2;I2-I4:2;I3-I4:3,3111.000000,5644.880476,2533.880476,1.498164,3.702200,2.204035,1.736552,8.0,3.5,4.0,6.0,10.0,20.0,16.0,48.0,80.0,200.0,False,0.002,0.005,0.1,0.0,0.0,0.0,8000,4000,8,4,37.0,12,105.0,36.0,20.0,575.000000,8,3,1,True,False,5,physical,89,43,1.485186,0.0
spanke_benes_rect_5x5,default,2-0-1-3-4,routed,5,5,0,0,20,5,6,I0-I2:3;I0-I3:4;I1-I2:4;I2-I3:2;I3-I4:6,3111.000000,5793.756586,2682.756586,1.510831,4.316991,2.806159,1.950103,8.0,3.5,4.0,6.0,10.0,20.0,16.0,48.0,80.0,200.0,False,0.002,0.005,0.1,0.0,0.0,0.0,8000,4000,8,4,37.0,12,105.0,36.0,20.0,575.000000,11,3,1,True,False,5,physical,90,43,2.115476,0.0
spanke_benes_rect_5x5,default,0-3-2-4-1,routed,5,5,0,0,18,6,4,I0-I1:2;I0-I2:2;I0-I4:2;I1-I2:3;I1-I3:4;I2-I3:2,3111.000000,5728.442421,2617.442421,1.549497,4.321320,2.771823,1.852977,8.0,3.5,4.0,6.0,10.0,20.0,16.0,48.0,80.0,200.0,False,0.002,0.005,0.1,0.0,0.0,0.0,8000,4000,8,4,37.0,12,105.0,36.0,20.0,575.000000,10,3,1,True,False,5,physical,91,43,1.672483,0.0
spanke_benes_rect_5x5,default,0-3-1-4-2,routed,5,5,0,0,19,6,4,I0-I1:2;I0-I2:4;I1-I3:4;I1-I4:3;I2-I3:2;I2-I4:2,3111.000000,5781.026494,2670.026494,1.549497,4.378736,2.829239,1.910011,8.0,3.5,4.0,6.0,10.0,20.0,16.0,48.0,80.0,200.0,False,0.002,0.005,0.1,0.0,0.0,0.0,8000,4000,8,4,37.0,12,105.0,36.0,20.0,575.000000,11,3,1,True,False,5,physical,92,43,1.730033,0.0
spanke_benes_rect_5x5,default,0-2-1-4-3,routed,5,5,0,0,20,6,5,I0-I1:2;I0-I2:4;I1-I2:3;I1-I4:4;I2-I3:2;I3-I4:5,3111.000000,5761.756586,2650.756586,1.498164,3.898447,2.400283,1.937303,8.0,3.5,4.0,6.0,10.0,20.0,16.0,48.0,80.0,200.0,False,0.002,0.005,0.1,0.0,0.0,0.0,8000,4000,8,4,37.0,12,105.0,36.0,20.0,575.000000,12,3,1,True,False,5,physical,93,43,2.383899,0.0
spanke_benes_rect_5x5,default,0-4-3-1-2,routed,5,5,0,0,15,4,4,I0-I1:2;I0-I3:4;I2-I4:3;I3-I4:2,3111.000000,5561.172512,2450.172512,1.549497,3.819656,2.270159,1.661069,8.0,3.5,4.0,6.0,10.0,20.0,16.0,48.0,80.0,200.0,False,0.002,0.005,0.1,0.0,0.0,0.0,8000,4000,8,4,37.0,12,105.0,36.0,20.0,575.000000,6,3,1,True,False,5,physical,94,43,1.451736,0.0
spanke_benes_rect_5x5,default,2-0-3-1-4,routed,5,5,0,0,19,4,6,I0-I2:4;I0-I3:3;I1-I3:4;I2-I4:6,3111.000000,5710.048623,2599.048623,1.549497,3.999616,2.450118,1.874619,8.0,3.5,4.0,6.0,10.0,20.0,16.0,48.0,80.0,200.0,False,0.002,0.005,0.1,0.0,0.0,0.0,8000,4000,8,4,37.0,12,105.0,36.0,20.0,575.000000,9,3,1,True,False,5,physical,95,43,1.603121,0.0
spanke_benes_rect_5x5,default,4-1-0-2-3,routed,5,5,0,0,15,4,4,I1-I2:3;I1-I3:2;I2-I3:2;I3-I4:4,3111.000000,5640.442421,2529.442421,1.498164,3.759616,2.261451,1.697777,8.0,3.5,4.0,6.0,10.0,20.0,16.0,48.0,80.0,200.0,False,0.002,0.005,0.1,0.0,0.0,0.0,8000,4000,8,4,37.0,12,105.0,36.0,20.0,575.000000,6,3,1,True,False,5,physical,96,43,1.161551,0.0
spanke_benes_rect_5x5,default,4-0-1-2-3,routed,5,5,0,0,16,3,4,I1-I2:4;I2-I3:4;I3-I4:4,3111.000000,5676.880476,2565.880476,1.498164,3.759616,2.261451,1.749352,8.0,3.5,4.0,6.0,10.0,20.0,16.0,48.0,80.0,200.0,False,0.002,0.005,0.1,0.0,0.0,0.0,8000,4000,8,4,37.0,12,105.0,36.0,20.0,575.000000,7,3,1,True,False,5,physical,97,43,1.489182,0.0
spanke_benes_rect_5x5,default,2-4-3-0-1,routed,5,5,0,0,13,3,2,I0-I1:2;I0-I2:2;I3-I4:2,3111.000000,5488.296402,2377.296402,1.483864,3.271439,1.787575,1.557919,8.0,3.5,4.0,6.0,10.0,20.0,16.0,48.0,80.0,200.0,False,0.002,0.005,0.1,0.0,0.0,0.0,8000,4000,8,4,37.0,12,105.0,36.0,20.0,575.000000,4,3,1,True,False,5,physical,98,43,0.572702,0.0
spanke_benes_rect_5x5,default,3-1-0-4-2,routed,5,5,0,0,17,5,4,I0-I3:4;I0-I4:3;I1-I2:3;I1-I4:2;I2-I3:2,3111.000000,5720.296402,2609.296402,1.536830,4.061361,2.524531,1.810719,8.0,3.5,4.0,6.0,10.0,20.0,16.0,48.0,80.0,200.0,False,0.002,0.005,0.1,0.0,0.0,0.0,8000,4000,8,4,37.0,12,105.0,36.0,20.0,575.000000,9,3,1,True,False,5,physical,99,43,1.180628,0.0
spanke_benes_rect_5x5,default,4-2-3-1-0,routed,5,5,0,0,11,1,2,I1-I2:2,3111.000000,5439.566310,2328.566310,1.471197,3.237315,1.766118,1.463427,8.0,3.5,4.0,6.0,10.0,20.0,16.0,48.0,80.0,200.0,False,0.002,0.005,0.1,0.0,0.0,0.0,8000,4000,8,4,37.0,12,105.0,36.0,20.0,575.000000,2,3,1,True,False,5,physical,100,43,0.331825,0.0
spanke_benes_rect_5x5,default,3-0-1-4-2,routed,5,5,0,0,18,5,4,I0-I3:4;I0-I4:3;I1-I2:4;I2-I3:2;I2-I4:2,3111.000000,5756.734457,2645.734457,1.536830,4.061361,2.524531,1.862294,8.0,3.5,4.0,6.0,10.0,20.0,16.0,48.0,80.0,200.0,False,0.002,0.005,0.1,0.0,0.0,0.0,8000,4000,8,4,37.0,12,105.0,36.0,20.0,575.000000,10,3,1,True,False,5,physical,101,43,1.401072,0.0
spanke_benes_rect_5x5,default,2-1-0-4-3,routed,5,5,0,0,18,5,5,I0-I1:3;I0-I4:4;I1-I2:3;I2-I3:2;I3-I4:5,3111.000000,5701.026494,2590.026494,1.485497,3.693941,2.208444,1.838011,8.0,3.5,4.0,6.0,10.0,20.0,16.0,48.0,80.0,200.0,False,0.002,0.005,0.1,0.0,0.0,0.0,8000,4000,8,4,37.0,12,105.0,36.0,20.0,575.000000,10,3,1,True,False,5,physical,102,43,1.661031,0.0
spanke_benes_rect_5x5,default,2-3-4-1-0,routed,5,5,0,0,15,2,4,I0-I1:4;I1-I2:4,3111.000000,5583.858347,2472.858347,1.549497,4.141072,2.591575,1.679143,8.0,3.5,4.0,6.0,10.0,20.0,16.0,48.0,80.0,200.0,False,0.002,0.005,0.1,0.0,0.0,0.0,8000,4000,8,4,37.0,12,105.0,36.0,20.0,575.000000,6,3,1,True,False,5,physical,103,43,0.722910,0.0
spanke_benes_rect_5x5,default,0-1-3-2-4,routed,5,5,0,0,21,4,6,I0-I1:6;I1-I3:4;I2-I3:5;I2-I4:6,3111.000000,5790.632696,2679.632696,1.510831,4.019575,2.508743,1.982853,8.0,3.5,4.0,6.0,10.0,20.0,16.0,48.0,80.0,200.0,False,0.002,0.005,0.1,0.0,0.0,0.0,8000,4000,8,4,37.0,12,105.0,36.0,20.0,575.000000,11,3,1,True,False,5,physical,104,43,2.006921,0.0
spanke_benes_rect_5x5,default,3-0-4-2-1,routed,5,5,0,0,16,4,4,I0-I2:4;I0-I3:3;I1-I3:2;I1-I4:2,3111.000000,5628.442421,2517.442421,1.536830,3.922529,2.385699,1.732977,8.0,3.5,4.0,6.0,10.0,20.0,16.0,48.0,80.0,200.0,False,0.002,0.005,0.1,0.0,0.0,0.0,8000,4000,8,4,37.0,12,105.0,36.0,20.0,575.000000,7,3,1,True,False,5,physical,105,43,1.057081,0.0
spanke_benes_rect_5x5,default,2-3-1-4-0,routed,5,5,0,0,16,3,4,I0-I1:4;I1-I3:4;I2-I3:2,3111.000000,5667.566310,2556.566310,1.549497,4.321320,2.771823,1.754627,8.0,3.5,4.0,6.0,10.0,20.0,16.0,48.0,80.0,200.0,False,0.002,0.005,0.1,0.0,0.0,0.0,8000,4000,8,4,37.0,12,105.0,36.0,20.0,575.000000,8,3,1,True,False,5,physical,106,43,1.042302,0.0
spanke_benes_rect_5x5,default,3-0-4-1-2,routed,5,5,0,0,17,4,4,I0-I2:4;I0-I4:3;I1-I3:4;I3-I4:2,3111.000000,5673.026494,2562.026494,1.549497,3.922529,2.373032,1.786811,8.0,3.5,4.0,6.0,10.0,20.0,16.0,48.0,80.0,200.0,False,0.002,0.005,0.1,0.0,0.0,0.0,8000,4000,8,4,37.0,12,105.0,36.0,20.0,575.000000,8,3,1,True,False,5,physical,107,43,1.370007,0.0
spanke_benes_rect_5x5,default,2-1-4-0-3,routed,5,5,0,0,15,4,4,I0-I1:3;I0-I4:4;I1-I3:3;I2-I4:3,3111.000000,5573.318531,2462.318531,1.485497,3.442241,1.956743,1.664927,8.0,3.5,4.0,6.0,10.0,20.0,16.0,48.0,80.0,200.0,False,0.002,0.005,0.1,0.0,0.0,0.0,8000,4000,8,4,37.0,12,105.0,36.0,20.0,575.000000,7,3,1,True,False,5,physical,108,43,1.208638,0.0
spanke_benes_rect_5x5,default,0-3-1-2-4,routed,5,5,0,0,20,6,4,I0-I1:2;I0-I2:4;I1-I3:3;I1-I4:4;I2-I3:4;I3-I4:2,3111.000000,5837.318531,2726.318531,1.549497,4.378736,2.829239,1.970527,8.0,3.5,4.0,6.0,10.0,20.0,16.0,48.0,80.0,200.0,False,0.002,0.005,0.1,0.0,0.0,0.0,8000,4000,8,4,37.0,12,105.0,36.0,20.0,575.000000,11,3,1,True,False,5,physical,109,43,1.991570,0.0
spanke_benes_rect_5x5,default,4-0-3-2-1,routed,5,5,0,0,13,3,3,I1-I3:2;I1-I4:2;I2-I3:3,3111.000000,5476.588439,2365.588439,1.536830,3.454281,1.917451,1.551235,8.0,3.5,4.0,6.0,10.0,20.0,16.0,48.0,80.0,200.0,False,0.002,0.005,0.1,0.0,0.0,0.0,8000,4000,8,4,37.0,12,105.0,36.0,20.0,575.000000,4,3,1,True,False,5,physical,110,43,0.617270,0.0
spanke_benes_rect_5x5,default,4-3-1-2-0,routed,5,5,0,0,11,1,2,I2-I3:2,3111.000000,5474.982237,2363.982237,1.471197,3.210023,1.738826,1.481593,8.0,3.5,4.0,6.0,10.0,20.0,16.0,48.0,80.0,200.0,False,0.002,0.005,0.1,0.0,0.0,0.0,8000,4000,8,4,37.0,12,105.0,36.0,20.0,575.000000,3,3,1,True,False,5,physical,111,43,0.505978,0.0
spanke_benes_rect_5x5,default,3-2-0-4-1,routed,5,5,0,0,16,4,4,I0-I1:3;I0-I3:4;I2-I3:2;I2-I4:2,3111.000000,5699.566310,2588.566310,1.536830,4.061361,2.524531,1.767427,8.0,3.5,4.0,6.0,10.0,20.0,16.0,48.0,80.0,200.0,False,0.002,0.005,0.1,0.0,0.0,0.0,8000,4000,8,4,37.0,12,105.0,36.0,20.0,575.000000,8,3,1,True,False,5,physical,112,43,0.974585,0.0
spanke_benes_rect_5x5,default,1-4-3-2-0,routed,5,5,0,0,13,3,3,I0-I1:2;I0-I3:2;I2-I3:3,3111.000000,5452.588439,2341.588439,1.536830,3.454281,1.917451,1.541635,8.0,3.5,4.0,6.0,10.0,20.0,16.0,48.0,80.0,200.0,False,0.002,0.005,0.1,0.0,0.0,0.0,8000,4000,8,4,37.0,12,105.0,36.0,20.0,575.000000,4,3,1,True,False,5,physical,113,43,0.737936,0.0
spanke_benes_rect_5x5,default,2-1-4-3-0,routed,5,5,0,0,14,3,4,I0-I1:3;I0-I3:4;I2-I3:3,3111.000000,5529.172512,2418.172512,1.549497,3.843656,2.294159,1.608269,8.0,3.5,4.0,6.0,10.0,20.0,16.0,48.0,80.0,200.0,False,0.002,0.005,0.1,0.0,0.0,0.0,8000,4000,8,4,37.0,12,105.0,36.0,20.0,575.000000,6,3,1,True,False,5,physical,114,43,1.185315,0.0
spanke_benes_rect_5x5,default,0-4-1-2-3,routed,5,5,0,0,17,4,4,I0-I1:2;I0-I2:4;I2-I3:4;I3-I4:4,3111.000000,5701.172512,2590.172512,1.498164,3.759616,2.261451,1.797069,8.0,3.5,4.0,6.0,10.0,20.0,16.0,48.0,80.0,200.0,False,0.002,0.005,0.1,0.0,0.0,0.0,8000,4000,8,4,37.0,12,105.0,36.0,20.0,575.000000,8,3,1,True,False,5,physical,115,43,1.818292,0.0
spanke_benes_rect_5x5,default,4-0-1-3-2,routed,5,5,0,0,15,4,4,I1-I2:4;I2-I3:2;I2-I4:2;I3-I4:3,3111.000000,5620.588439,2509.588439,1.498164,3.702200,2.204035,1.688835,8.0,3.5,4.0,6.0,10.0,20.0,16.0,48.0,80.0,200.0,False,0.002,0.005,0.1,0.0,0.0,0.0,8000,4000,8,4,37.0,12,105.0,36.0,20.0,575.000000,7,3,1,True,False,5,physical,116,43,1.101388,0.0
spanke_benes_rect_5x5,default,3-2-4-1-0,routed,5,5,0,0,14,2,4,I0-I1:3;I0-I2:4,3111.000000,5559.566310,2448.566310,1.536830,3.865113,2.328283,1.631427,8.0,3.5,4.0,6.0,10.0,20.0,16.0,48.0,80.0,200.0,False,0.002,0.005,0.1,0.0,0.0,0.0,8000,4000,8,4,37.0,12,105.0,36.0,20.0,575.000000,5,3,1,True,False,5,physical,117,43,0.674740,0.0
spanke_benes_rect_5x5,default,1-3-0-2-4,routed,5,5,0,0,19,7,4,I0-I1:2;I0-I2:3;I0-I3:2;I1-I3:3;I1-I4:4;I2-I3:2;I3-I4:2,3111.000000,5800.880476,2689.880476,1.549497,4.378736,2.829239,1.918952,8.0,3.5,4.0,6.0,10.0,20.0,16.0,48.0,80.0,200.0,False,0.002,0.005,0.1,0.0,0.0,0.0,8000,4000,8,4,37.0,12,105.0,36.0,20.0,575.000000,10,3,1,True,False,5,physical,118,43,1.672862,0.0
spanke_benes_rect_5x5,default,0-1-4-2-3,routed,5,5,0,0,18,4,6,I0-I1:6;I1-I3:4;I2-I4:3;I3-I4:4,3111.000000,5690.340659,2579.340659,1.510831,4.019575,2.508743,1.824736,8.0,3.5,4.0,6.0,10.0,20.0,16.0,48.0,80.0,200.0,False,0.002,0.005,0.1,0.0,0.0,0.0,8000,4000,8,4,37.0,12,105.0,36.0,20.0,575.000000,10,3,1,True,False,5,physical,119,43,1.976182,0.0
padded_benes_8x8,default,5-4-3-1-2-0,failed,6,5,1,0,29,8,5,I0-I1:5;I0-I2:3;I0-I3:3;I1-I2:3;I1-I3:3;I2-I3:5;I2-I4:3;I3-I4:2,4562.000000,7228.747704,2666.747704,3.158164,5.331403,2.173239,1.523299,8.0,3.5,4.0,6.0,10.0,20.0,16.0,48.0,80.0,200.0,False,0.002,0.005,0.1,0.0,0.0,0.0,8000,4000,8,4,37.0,12,105.0,36.0,20.0,575.000000,17,3,4,True,True,6,physical,0,43,8.624434,0.16666666666666666
padded_benes_8x8,default,4-1-2-3-0-5,failed,6,4,2,0,24,6,8,I1-I2:4;I1-I3:6;I1-I5:2;I2-I3:8;I2-I5:2;I3-I5:2,4562.000000,6589.836218,2027.836218,3.106831,6.230902,3.124071,1.948168,8.0,3.5,4.0,6.0,10.0,20.0,16.0,48.0,80.0,200.0,False,0.002,0.005,0.1,0.0,0.0,0.0,8000,4000,8,4,37.0,12,105.0,36.0,20.0,575.000000,33,3,3,True,True,6,physical,1,43,28.028382,0.3333333333333333
padded_benes_8x8,default,5-1-2-3-0-4,failed,6,4,2,0,24,6,8,I1-I2:4;I1-I3:6;I1-I5:2;I2-I3:8;I2-I5:2;I3-I5:2,4562.000000,6463.836218,1901.836218,3.106831,6.230902,3.124071,1.893168,8.0,3.5,4.0,6.0,10.0,20.0,16.0,48.0,80.0,200.0,False,0.002,0.005,0.1,0.0,0.0,0.0,8000,4000,8,4,37.0,12,105.0,36.0,20.0,575.000000,32,3,3,True,True,6,physical,2,43,27.922240,0.3333333333333333
padded_benes_8x8,default,2-0-1-3-5-4,failed,6,5,1,0,35,10,8,I1-I2:4;I1-I3:4;I1-I4:2;I1-I5:2;I2-I3:8;I2-I4:2;I2-I5:2;I3-I4:2;I3-I5:4;I4-I5:5,4562.000000,7387.477796,2825.477796,3.089497,5.812070,2.722573,1.840991,8.0,3.5,4.0,6.0,10.0,20.0,16.0,48.0,80.0,200.0,False,0.002,0.005,0.1,0.0,0.0,0.0,8000,4000,8,4,37.0,12,105.0,36.0,20.0,575.000000,21,3,3,True,True,6,physical,3,43,24.042767,0.16666666666666666
padded_benes_8x8,default,2-3-1-4-5-0,routed,6,6,0,0,37,11,6,I0-I1:6;I0-I2:3;I0-I3:2;I0-I4:2;I1-I2:3;I1-I3:2;I1-I4:2;I2-I3:4;I2-I4:2;I3-I4:4;I4-I5:3,4466.000000,8255.995484,3789.995484,2.889497,5.226069,2.336572,1.677498,8.0,3.5,4.0,6.0,10.0,20.0,16.0,48.0,80.0,200.0,False,0.002,0.005,0.1,0.0,0.0,0.0,8000,4000,8,4,37.0,12,105.0,36.0,20.0,575.000000,14,3,1,True,False,6,physical,4,43,6.534760,0.0
padded_benes_8x8,default,2-4-5-3-1-0,failed,6,4,2,0,11,3,4,I0-I1:2;I0-I2:2;I1-I2:4,4466.000000,5170.274274,704.274274,2.817497,4.278777,1.461280,0.794637,8.0,3.5,4.0,6.0,10.0,20.0,16.0,48.0,80.0,200.0,False,0.002,0.005,0.1,0.0,0.0,0.0,8000,4000,8,4,37.0,12,105.0,36.0,20.0,575.000000,17,3,4,True,True,6,physical,5,43,12.294717,0.3333333333333333
padded_benes_8x8,default,1-0-3-2-5-4,routed,6,6,0,0,51,15,7,I0-I1:3;I0-I2:4;I0-I3:4;I0-I4:2;I0-I5:2;I1-I2:4;I1-I3:4;I1-I4:2;I1-I5:2;I2-I3:7;I2-I4:2;I2-I5:2;I3-I4:4;I3-I5:2;I4-I5:7,4562.000000,8784.579557,4222.579557,3.158164,6.942235,3.784071,2.251693,8.0,3.5,4.0,6.0,10.0,20.0,16.0,48.0,80.0,200.0,False,0.002,0.005,0.1,0.0,0.0,0.0,8000,4000,8,4,37.0,12,105.0,36.0,20.0,575.000000,17,3,1,True,False,6,physical,6,43,10.289972,0.0
padded_benes_8x8,default,1-5-2-4-0-3,routed,6,6,0,0,34,9,5,I0-I1:2;I0-I3:2;I0-I5:2;I1-I2:3;I1-I3:5;I2-I3:4;I2-I4:3;I2-I5:4;I4-I5:4,4466.000000,8361.119374,3895.119374,2.864163,4.931196,2.067033,1.584206,8.0,3.5,4.0,6.0,10.0,20.0,16.0,48.0,80.0,200.0,False,0.002,0.005,0.1,0.0,0.0,0.0,8000,4000,8,4,37.0,12,105.0,36.0,20.0,575.000000,14,3,1,True,False,6,physical,7,43,8.658781,0.0
padded_benes_8x8,default,4-2-3-5-0-1,failed,6,5,1,0,24,6,4,I0-I1:3;I0-I2:3;I0-I3:4;I1-I2:4;I1-I3:2;I2-I3:4,4466.000000,7303.769833,2837.769833,2.958164,5.230736,2.272572,1.538308,8.0,3.5,4.0,6.0,10.0,20.0,16.0,48.0,80.0,200.0,False,0.002,0.005,0.1,0.0,0.0,0.0,8000,4000,8,4,37.0,12,105.0,36.0,20.0,575.000000,18,3,4,True,True,6,physical,8,43,7.666895,0.16666666666666666
padded_benes_8x8,default,1-3-2-5-4-0,routed,6,6,0,0,37,11,5,I0-I1:2;I0-I2:4;I0-I3:2;I0-I4:2;I1-I2:5;I1-I3:2;I1-I4:2;I2-I3:4;I2-I4:2;I3-I4:5;I4-I5:3,4466.000000,8294.579557,3828.579557,2.906831,5.558736,2.651905,1.720360,8.0,3.5,4.0,6.0,10.0,20.0,16.0,48.0,80.0,200.0,False,0.002,0.005,0.1,0.0,0.0,0.0,8000,4000,8,4,37.0,12,105.0,36.0,20.0,575.000000,14,3,1,True,False,6,physical,9,43,5.666925,0.0
waksman_6x6,default,5-4-3-1-2-0,failed,6,5,1,0,17,3,5,I0-I1:3;I2-I3:5;I3-I4:2,3866.000000,6044.004365,2178.004365,2.072531,4.422189,2.349658,1.343802,8.0,3.5,4.0,6.0,10.0,20.0,16.0,48.0,80.0,200.0,False,0.002,0.005,0.1,0.0,0.0,0.0,8000,4000,8,4,37.0,12,105.0,36.0,20.0,575.000000,20,3,3,True,True,6,physical,0,43,29.997961,0.16666666666666666
waksman_6x6,default,4-1-2-3-0-5,failed,6,5,1,0,29,7,8,I0-I1:3;I0-I5:4;I1-I2:2;I1-I3:4;I1-I5:2;I2-I3:8;I3-I5:4,3866.000000,6448.150384,2582.150384,2.550831,5.879104,3.328273,1.978060,8.0,3.5,4.0,6.0,10.0,20.0,16.0,48.0,80.0,200.0,False,0.002,0.005,0.1,0.0,0.0,0.0,8000,4000,8,4,37.0,12,105.0,36.0,20.0,575.000000,29,3,3,True,True,6,physical,1,43,33.761275,0.16666666666666666
waksman_6x6,default,5-1-2-3-0-4,failed,6,5,1,0,25,4,8,I1-I2:4;I1-I3:4;I2-I3:8;I3-I4:3,3866.000000,6346.836218,2480.836218,2.123864,5.779104,3.655240,1.750534,8.0,3.5,4.0,6.0,10.0,20.0,16.0,48.0,80.0,200.0,False,0.002,0.005,0.1,0.0,0.0,0.0,8000,4000,8,4,37.0,12,105.0,36.0,20.0,575.000000,21,3,3,True,True,6,physical,2,43,30.575554,0.16666666666666666
waksman_6x6,default,2-0-1-3-5-4,failed,6,3,3,0,7,3,3,I0-I1:3;I0-I4:2;I1-I4:2,3866.000000,3176.867229,-689.132771,2.538164,2.977492,0.439327,0.661911,8.0,3.5,4.0,6.0,10.0,20.0,16.0,48.0,80.0,200.0,False,0.002,0.005,0.1,0.0,0.0,0.0,8000,4000,8,4,37.0,12,105.0,36.0,20.0,575.000000,34,3,4,True,True,6,physical,3,43,36.240946,0.5
waksman_6x6,default,2-3-1-4-5-0,failed,6,5,1,0,26,7,6,I0-I1:6;I0-I2:3;I1-I2:5;I1-I4:2;I2-I4:2;I2-I5:3;I4-I5:3,3866.000000,6196.150384,2330.150384,2.446164,4.544571,2.098407,1.754860,8.0,3.5,4.0,6.0,10.0,20.0,16.0,48.0,80.0,200.0,False,0.002,0.005,0.1,0.0,0.0,0.0,8000,4000,8,4,37.0,12,105.0,36.0,20.0,575.000000,15,3,4,True,True,6,physical,4,43,6.843126,0.16666666666666666
waksman_6x6,default,2-4-5-3-1-0,routed,6,6,0,0,29,8,4,I0-I1:2;I0-I2:2;I0-I3:4;I0-I4:3;I0-I5:3;I1-I2:2;I3-I4:3;I4-I5:3,3866.000000,7218.230016,3352.230016,2.136531,5.093563,2.957032,1.607410,8.0,3.5,4.0,6.0,10.0,20.0,16.0,48.0,80.0,200.0,False,0.002,0.005,0.1,0.0,0.0,0.0,8000,4000,8,4,37.0,12,105.0,36.0,20.0,575.000000,12,3,1,True,False,6,physical,5,43,5.633234,0.0
waksman_6x6,default,1-0-3-2-5-4,failed,6,5,1,0,22,10,3,I0-I1:3;I0-I2:2;I0-I4:2;I0-I5:2;I1-I2:2;I1-I4:2;I1-I5:2;I2-I4:2;I2-I5:2;I4-I5:3,3866.000000,5660.632696,1794.632696,2.538164,3.754649,1.216485,1.324453,8.0,3.5,4.0,6.0,10.0,20.0,16.0,48.0,80.0,200.0,False,0.002,0.005,0.1,0.0,0.0,0.0,8000,4000,8,4,37.0,12,105.0,36.0,20.0,575.000000,16,3,3,True,True,6,physical,6,43,9.461330,0.16666666666666666
waksman_6x6,default,1-5-2-4-0-3,failed,6,3,3,0,5,1,3,I2-I4:3,3866.000000,3593.115008,-272.884992,2.331197,3.512814,1.181617,0.962077,8.0,3.5,4.0,6.0,10.0,20.0,16.0,48.0,80.0,200.0,False,0.002,0.005,0.1,0.0,0.0,0.0,8000,4000,8,4,37.0,12,105.0,36.0,20.0,575.000000,19,3,3,True,True,6,physical,7,43,13.787312,0.5
waksman_6x6,default,4-2-3-5-0-1,routed,6,6,0,0,32,9,4,I0-I1:3;I0-I3:2;I1-I2:4;I1-I3:2;I1-I4:3;I1-I5:3;I2-I3:2;I2-I4:3;I4-I5:4,3866.000000,7251.690200,3385.690200,2.149198,5.410938,3.261740,1.710230,8.0,3.5,4.0,6.0,10.0,20.0,16.0,48.0,80.0,200.0,False,0.002,0.005,0.1,0.0,0.0,0.0,8000,4000,8,4,37.0,12,105.0,36.0,20.0,575.000000,13,3,1,True,False,6,physical,8,43,6.002772,0.0
waksman_6x6,default,1-3-2-5-4-0,failed,6,5,1,0,15,5,3,I0-I2:2;I0-I4:2;I2-I3:2;I2-I4:2;I4-I5:3,3866.000000,5383.464549,1517.464549,2.136531,3.371316,1.234785,0.972786,8.0,3.5,4.0,6.0,10.0,20.0,16.0,48.0,80.0,200.0,False,0.002,0.005,0.1,0.0,0.0,0.0,8000,4000,8,4,37.0,12,105.0,36.0,20.0,575.000000,15,3,4,True,True,6,physical,9,43,15.245748,0.16666666666666666
spanke_benes_6x6,default,5-4-3-1-2-0,routed,6,6,0,0,16,1,2,I3-I4:2,6410.000000,9704.725576,3294.725576,2.428163,4.437154,2.008991,1.741575,8.0,3.5,4.0,6.0,10.0,20.0,16.0,48.0,80.0,200.0,False,0.002,0.005,0.1,0.0,0.0,0.0,8000,4000,8,4,37.0,12,105.0,36.0,20.0,995.000000,2,3,1,True,False,6,physical,0,43,1.945042,0.0
spanke_benes_6x6,default,4-1-2-3-0-5,routed,6,6,0,0,23,5,6,I0-I1:3;I1-I2:6;I2-I3:4;I3-I4:3;I4-I5:2,6410.000000,9978.623814,3568.623814,2.559430,5.661837,3.102407,2.055375,8.0,3.5,4.0,6.0,10.0,20.0,16.0,48.0,80.0,200.0,False,0.002,0.005,0.1,0.0,0.0,0.0,8000,4000,8,4,37.0,12,105.0,36.0,20.0,995.000000,10,3,1,True,False,6,physical,1,43,3.027168,0.0
spanke_benes_6x6,default,5-1-2-3-0-4,routed,6,6,0,0,22,4,6,I1-I2:6;I2-I3:4;I3-I4:3;I4-I5:2,6410.000000,9831.645943,3421.645943,2.559430,5.665837,3.106407,1.967215,8.0,3.5,4.0,6.0,10.0,20.0,16.0,48.0,80.0,200.0,False,0.002,0.005,0.1,0.0,0.0,0.0,8000,4000,8,4,37.0,12,105.0,36.0,20.0,995.000000,8,3,1,True,False,6,physical,2,43,3.062872,0.0
spanke_benes_6x6,default,2-0-1-3-5-4,routed,6,6,0,0,27,5,8,I0-I1:7;I1-I2:8;I2-I3:6;I3-I4:2;I3-I5:2,6410.000000,10207.353906,3797.353906,2.625063,6.308886,3.683823,2.260785,8.0,3.5,4.0,6.0,10.0,20.0,16.0,48.0,80.0,200.0,False,0.002,0.005,0.1,0.0,0.0,0.0,8000,4000,8,4,37.0,12,105.0,36.0,20.0,995.000000,15,3,1,True,False,6,physical,3,43,4.617815,0.0
spanke_benes_6x6,default,2-3-1-4-5-0,routed,6,6,0,0,23,4,6,I0-I1:6;I1-I2:5;I2-I3:4;I3-I4:2,6410.000000,9945.353906,3535.353906,2.559430,5.715253,3.155823,2.040118,8.0,3.5,4.0,6.0,10.0,20.0,16.0,48.0,80.0,200.0,False,0.002,0.005,0.1,0.0,0.0,0.0,8000,4000,8,4,37.0,12,105.0,36.0,20.0,995.000000,9,3,1,True,False,6,physical,4,43,4.509479,0.0
spanke_benes_6x6,default,2-4-5-3-1-0,routed,6,6,0,0,19,3,4,I0-I1:4;I0-I3:2;I1-I2:2,6410.000000,9779.893723,3369.893723,2.493796,5.076203,2.582407,1.859965,8.0,3.5,4.0,6.0,10.0,20.0,16.0,48.0,80.0,200.0,False,0.002,0.005,0.1,0.0,0.0,0.0,8000,4000,8,4,37.0,12,105.0,36.0,20.0,995.000000,5,3,1,True,False,6,physical,5,43,2.705287,0.0
spanke_benes_6x6,default,1-0-3-2-5-4,routed,6,6,0,0,29,7,9,I0-I1:9;I1-I2:6;I1-I3:2;I2-I3:5;I2-I5:2;I3-I4:2;I3-I5:2,6410.000000,10026.668072,3616.668072,2.678029,6.615268,3.937239,2.259723,8.0,3.5,4.0,6.0,10.0,20.0,16.0,48.0,80.0,200.0,False,0.002,0.005,0.1,0.0,0.0,0.0,8000,4000,8,4,37.0,12,105.0,36.0,20.0,995.000000,14,3,1,True,False,6,physical,6,43,6.057549,0.0
spanke_benes_6x6,default,1-5-2-4-0-3,routed,6,6,0,0,22,5,6,I0-I1:2;I0-I2:6;I2-I3:2;I2-I4:3;I4-I5:2,6410.000000,9932.477796,3522.477796,2.559430,5.665837,3.106407,2.007493,8.0,3.5,4.0,6.0,10.0,20.0,16.0,48.0,80.0,200.0,False,0.002,0.005,0.1,0.0,0.0,0.0,8000,4000,8,4,37.0,12,105.0,36.0,20.0,995.000000,9,3,1,True,False,6,physical,7,43,2.721690,0.0
spanke_benes_6x6,default,4-2-3-5-0-1,routed,6,6,0,0,20,4,4,I0-I1:3;I1-I2:4;I2-I3:2;I4-I5:2,6410.000000,9925.309649,3515.309649,2.493796,5.046788,2.552991,1.945103,8.0,3.5,4.0,6.0,10.0,20.0,16.0,48.0,80.0,200.0,False,0.002,0.005,0.1,0.0,0.0,0.0,8000,4000,8,4,37.0,12,105.0,36.0,20.0,995.000000,7,3,1,True,False,6,physical,8,43,2.998453,0.0
spanke_benes_6x6,default,1-3-2-5-4-0,routed,6,6,0,0,23,5,6,I0-I1:6;I0-I2:2;I1-I2:5;I2-I3:2;I2-I4:2,6410.000000,9903.937980,3493.937980,2.559430,5.715253,3.155823,2.022979,8.0,3.5,4.0,6.0,10.0,20.0,16.0,48.0,80.0,200.0,False,0.002,0.005,0.1,0.0,0.0,0.0,8000,4000,8,4,37.0,12,105.0,36.0,20.0,995.000000,9,3,1,True,False,6,physical,9,43,4.219602,0.0
spanke_benes_rect_6x6,default,5-4-3-1-2-0,routed,6,6,0,0,16,1,2,I3-I4:2,4520.000000,8003.119374,3483.119374,1.785496,3.878446,2.092950,1.813540,8.0,3.5,4.0,6.0,10.0,20.0,16.0,48.0,80.0,200.0,False,0.002,0.005,0.1,0.0,0.0,0.0,8000,4000,8,4,37.0,12,105.0,36.0,20.0,680.000000,3,3,1,True,False,6,physical,0,43,0.796485,0.0
spanke_benes_rect_6x6,default,4-1-2-3-0-5,routed,6,6,0,0,23,6,4,I0-I3:3;I0-I5:2;I1-I2:4;I2-I3:4;I3-I5:2;I4-I5:2,4520.000000,8323.747704,3803.747704,1.851129,4.436039,2.584909,2.138749,8.0,3.5,4.0,6.0,10.0,20.0,16.0,48.0,80.0,200.0,False,0.002,0.005,0.1,0.0,0.0,0.0,8000,4000,8,4,37.0,12,105.0,36.0,20.0,680.000000,9,3,1,True,False,6,physical,1,43,1.829932,0.0
spanke_benes_rect_6x6,default,5-1-2-3-0-4,routed,6,6,0,0,22,4,4,I1-I2:4;I2-I3:4;I3-I5:4;I4-I5:2,4520.000000,8253.455668,3733.455668,1.812463,4.436039,2.623575,2.083652,8.0,3.5,4.0,6.0,10.0,20.0,16.0,48.0,80.0,200.0,False,0.002,0.005,0.1,0.0,0.0,0.0,8000,4000,8,4,37.0,12,105.0,36.0,20.0,680.000000,7,3,1,True,False,6,physical,2,43,1.997291,0.0
spanke_benes_rect_6x6,default,2-0-1-3-5-4,routed,6,6,0,0,29,6,7,I0-I2:5;I0-I3:4;I1-I2:4;I2-I3:2;I3-I5:6;I4-I5:7,4520.000000,8450.083998,3930.083998,1.825131,4.990122,3.164991,2.367528,8.0,3.5,4.0,6.0,10.0,20.0,16.0,48.0,80.0,200.0,False,0.002,0.005,0.1,0.0,0.0,0.0,8000,4000,8,4,37.0,12,105.0,36.0,20.0,680.000000,14,3,1,True,False,6,physical,3,43,4.021519,0.0
spanke_benes_rect_6x6,default,2-3-1-4-5-0,routed,6,6,0,0,25,5,6,I0-I1:4;I0-I2:3;I1-I3:4;I2-I3:2;I3-I4:6,4520.000000,8345.309649,3825.309649,1.825131,5.014122,3.188991,2.215103,8.0,3.5,4.0,6.0,10.0,20.0,16.0,48.0,80.0,200.0,False,0.002,0.005,0.1,0.0,0.0,0.0,8000,4000,8,4,37.0,12,105.0,36.0,20.0,680.000000,10,3,1,True,False,6,physical,4,43,2.108323,0.0
spanke_benes_rect_6x6,default,2-4-5-3-1-0,routed,6,6,0,0,19,4,3,I0-I1:2;I0-I3:2;I1-I2:2;I1-I3:3,4520.000000,8102.287521,3582.287521,1.863796,4.458203,2.594407,1.939929,8.0,3.5,4.0,6.0,10.0,20.0,16.0,48.0,80.0,200.0,False,0.002,0.005,0.1,0.0,0.0,0.0,8000,4000,8,4,37.0,12,105.0,36.0,20.0,680.000000,7,3,1,True,False,6,physical,5,43,1.638964,0.0
spanke_benes_rect_6x6,default,1-0-3-2-5-4,routed,6,6,0,0,29,5,7,I0-I1:5;I0-I3:6;I2-I3:5;I2-I5:6;I4-I5:7,4520.000000,8398.376035,3878.376035,1.825131,4.990122,3.164991,2.348625,8.0,3.5,4.0,6.0,10.0,20.0,16.0,48.0,80.0,200.0,False,0.002,0.005,0.1,0.0,0.0,0.0,8000,4000,8,4,37.0,12,105.0,36.0,20.0,680.000000,14,3,1,True,False,6,physical,6,43,4.203127,0.0
spanke_benes_rect_6x6,default,1-5-2-4-0-3,routed,6,6,0,0,22,6,4,I0-I1:2;I0-I2:4;I2-I3:2;I2-I5:2;I3-I5:3;I4-I5:2,4520.000000,8205.455668,3685.455668,1.812463,4.275331,2.462867,2.067652,8.0,3.5,4.0,6.0,10.0,20.0,16.0,48.0,80.0,200.0,False,0.002,0.005,0.1,0.0,0.0,0.0,8000,4000,8,4,37.0,12,105.0,36.0,20.0,680.000000,8,3,1,True,False,6,physical,7,43,2.285046,0.0
spanke_benes_rect_6x6,default,4-2-3-5-0-1,routed,6,6,0,0,20,5,3,I0-I2:3;I0-I3:2;I1-I2:2;I2-I3:2;I4-I5:2,4520.000000,8194.579557,3674.579557,1.851129,4.239660,2.388531,2.002360,8.0,3.5,4.0,6.0,10.0,20.0,16.0,48.0,80.0,200.0,False,0.002,0.005,0.1,0.0,0.0,0.0,8000,4000,8,4,37.0,12,105.0,36.0,20.0,680.000000,7,3,1,True,False,6,physical,8,43,1.666744,0.0
spanke_benes_rect_6x6,default,1-3-2-5-4-0,routed,6,6,0,0,23,6,4,I0-I1:2;I0-I2:4;I1-I2:3;I1-I4:4;I2-I3:2;I3-I4:3,4520.000000,8220.039741,3700.039741,1.812463,4.438163,2.625699,2.102513,8.0,3.5,4.0,6.0,10.0,20.0,16.0,48.0,80.0,200.0,False,0.002,0.005,0.1,0.0,0.0,0.0,8000,4000,8,4,37.0,12,105.0,36.0,20.0,680.000000,11,3,1,True,False,6,physical,9,43,2.839258,0.0
padded_benes_8x8,default,5-6-4-3-1-2-0,routed,7,7,0,0,63,13,8,I0-I1:8;I0-I2:5;I0-I3:3;I0-I6:3;I1-I2:5;I1-I3:3;I1-I6:3;I2-I3:3;I3-I4:3;I3-I5:3;I4-I5:6;I4-I6:5;I5-I6:5,5273.000000,10487.256510,5214.256510,3.209497,5.903485,2.693988,2.411216,8.0,3.5,4.0,6.0,10.0,20.0,16.0,48.0,80.0,200.0,False,0.002,0.005,0.1,0.0,0.0,0.0,8000,4000,8,4,37.0,12,105.0,36.0,20.0,575.000000,20,3,1,True,False,7,physical,0,43,10.580948,0.0
padded_benes_8x8,default,5-1-2-0-6-4-3,failed,7,5,2,0,35,10,6,I1-I2:4;I1-I3:5;I1-I5:2;I1-I6:2;I2-I3:5;I2-I5:2;I2-I6:6;I3-I5:2;I3-I6:2;I5-I6:5,5297.000000,7219.915851,1922.915851,3.158164,5.231196,2.073032,1.634166,8.0,3.5,4.0,6.0,10.0,20.0,16.0,48.0,80.0,200.0,False,0.002,0.005,0.1,0.0,0.0,0.0,8000,4000,8,4,37.0,12,105.0,36.0,20.0,575.000000,28,3,3,True,True,7,physical,1,43,27.916170,0.2857142857142857
padded_benes_8x8,default,5-0-1-3-6-2-4,failed,7,5,2,0,28,9,5,I0-I1:3;I0-I2:3;I0-I4:4;I1-I2:4;I1-I4:2;I1-I5:2;I2-I4:2;I2-I5:2;I4-I5:5,5273.000000,6465.376035,1192.376035,3.089497,4.710529,1.621032,1.268750,8.0,3.5,4.0,6.0,10.0,20.0,16.0,48.0,80.0,200.0,False,0.002,0.005,0.1,0.0,0.0,0.0,8000,4000,8,4,37.0,12,105.0,36.0,20.0,575.000000,20,3,3,True,True,7,physical,2,43,11.241556,0.2857142857142857
padded_benes_8x8,default,1-2-4-3-5-6-0,failed,7,6,1,0,33,11,4,I0-I1:2;I0-I3:4;I0-I4:2;I0-I5:2;I1-I3:4;I1-I4:2;I1-I5:2;I3-I4:2;I3-I5:2;I4-I5:4;I5-I6:3,5273.000000,8184.287521,2911.287521,3.209497,5.011904,1.802407,1.456596,8.0,3.5,4.0,6.0,10.0,20.0,16.0,48.0,80.0,200.0,False,0.002,0.005,0.1,0.0,0.0,0.0,8000,4000,8,4,37.0,12,105.0,36.0,20.0,575.000000,19,3,4,True,True,7,physical,3,43,11.274554,0.14285714285714285
padded_benes_8x8,default,0-2-5-6-3-4-1,routed,7,7,0,0,49,15,8,I0-I1:2;I0-I2:2;I0-I4:2;I0-I5:2;I0-I6:2;I1-I2:2;I1-I3:2;I1-I4:2;I1-I5:2;I2-I3:8;I2-I5:3;I3-I5:3;I4-I5:4;I4-I6:5;I5-I6:3,5177.000000,10200.176878,5023.176878,2.958164,5.373361,2.415197,2.028051,8.0,3.5,4.0,6.0,10.0,20.0,16.0,48.0,80.0,200.0,False,0.002,0.005,0.1,0.0,0.0,0.0,8000,4000,8,4,37.0,12,105.0,36.0,20.0,575.000000,20,3,1,True,False,7,physical,4,43,11.221350,0.0
padded_benes_8x8,default,5-2-6-0-3-1-4,failed,7,6,1,0,35,13,4,I1-I2:2;I1-I3:3;I1-I4:2;I1-I6:2;I2-I3:3;I2-I4:3;I2-I6:3;I3-I4:2;I3-I5:4;I3-I6:2;I4-I5:3;I4-I6:2;I5-I6:2,5273.000000,8806.535300,3533.535300,3.089497,5.173361,2.083864,1.660012,8.0,3.5,4.0,6.0,10.0,20.0,16.0,48.0,80.0,200.0,False,0.002,0.005,0.1,0.0,0.0,0.0,8000,4000,8,4,37.0,12,105.0,36.0,20.0,575.000000,26,3,3,True,True,7,physical,5,43,20.747787,0.14285714285714285
padded_benes_8x8,default,3-5-4-2-6-0-1,failed,7,4,3,0,16,6,5,I0-I1:2;I0-I3:5;I0-I4:2;I1-I3:3;I1-I4:2;I3-I4:2,5297.000000,5528.566310,231.566310,3.030164,4.668571,1.638407,1.086283,8.0,3.5,4.0,6.0,10.0,20.0,16.0,48.0,80.0,200.0,False,0.002,0.005,0.1,0.0,0.0,0.0,8000,4000,8,4,37.0,12,105.0,36.0,20.0,575.000000,24,3,3,True,True,7,physical,6,43,18.274550,0.42857142857142855
padded_benes_8x8,default,2-1-3-5-0-6-4,failed,7,5,2,0,22,8,4,I0-I1:3;I0-I3:2;I0-I5:2;I1-I3:2;I1-I4:3;I1-I5:2;I3-I5:2;I4-I5:4,5177.000000,6598.791961,1421.791961,2.953497,4.606488,1.652991,1.198117,8.0,3.5,4.0,6.0,10.0,20.0,16.0,48.0,80.0,200.0,False,0.002,0.005,0.1,0.0,0.0,0.0,8000,4000,8,4,37.0,12,105.0,36.0,20.0,575.000000,28,3,3,True,True,7,physical,7,43,22.104095,0.2857142857142857
padded_benes_8x8,default,0-1-3-4-2-5-6,failed,7,6,1,0,41,14,6,I0-I1:4;I0-I3:2;I0-I4:2;I0-I5:2;I0-I6:2;I1-I3:2;I1-I4:2;I1-I5:2;I1-I6:2;I3-I5:4;I3-I6:2;I4-I5:4;I4-I6:4;I5-I6:6,5297.000000,8245.163631,2948.163631,3.170831,5.372991,2.202159,1.631221,8.0,3.5,4.0,6.0,10.0,20.0,16.0,48.0,80.0,200.0,False,0.002,0.005,0.1,0.0,0.0,0.0,8000,4000,8,4,37.0,12,105.0,36.0,20.0,575.000000,20,3,4,True,True,7,physical,8,43,14.089759,0.14285714285714285
padded_benes_8x8,default,3-5-4-2-0-6-1,failed,7,5,2,0,30,9,7,I0-I1:2;I0-I2:2;I0-I3:3;I1-I2:7;I1-I3:3;I1-I5:4;I2-I3:3;I2-I5:4;I3-I5:2,5177.000000,7768.309649,2591.309649,2.830164,5.158028,2.327864,2.084524,8.0,3.5,4.0,6.0,10.0,20.0,16.0,48.0,80.0,200.0,False,0.002,0.005,0.1,0.0,0.0,0.0,8000,4000,8,4,37.0,12,105.0,36.0,20.0,575.000000,29,3,3,True,True,7,physical,9,43,27.566141,0.2857142857142857
waksman_7x7,default,5-6-4-3-1-2-0,failed,7,5,2,0,20,4,4,I0-I1:4;I4-I5:4;I4-I6:3;I5-I6:3,4829.000000,6100.544182,1271.544182,2.848830,3.673821,0.824991,0.884418,8.0,3.5,4.0,6.0,10.0,20.0,16.0,48.0,80.0,200.0,False,0.002,0.005,0.1,0.0,0.0,0.0,8000,4000,8,4,37.0,12,105.0,36.0,20.0,575.000000,31,3,4,True,True,7,physical,0,43,22.681919,0.2857142857142857
waksman_7x7,default,5-1-2-0-6-4-3,failed,7,5,2,0,32,9,5,I0-I1:3;I0-I3:3;I0-I5:5;I1-I2:4;I1-I3:5;I1-I5:2;I2-I3:5;I2-I5:2;I3-I5:2,4829.000000,6431.420292,1602.420292,3.289497,4.596364,1.306867,1.592368,8.0,3.5,4.0,6.0,10.0,20.0,16.0,48.0,80.0,200.0,False,0.002,0.005,0.1,0.0,0.0,0.0,8000,4000,8,4,37.0,12,105.0,36.0,20.0,575.000000,21,3,3,True,True,7,physical,1,43,19.347376,0.2857142857142857
waksman_7x7,default,5-0-1-3-6-2-4,failed,7,6,1,0,29,10,4,I0-I3:3;I0-I4:2;I0-I6:3;I1-I3:4;I1-I6:2;I3-I4:2;I3-I5:3;I3-I6:2;I4-I5:3;I5-I6:2,4829.000000,7325.937980,2496.937980,3.409497,4.966488,1.556991,1.190979,8.0,3.5,4.0,6.0,10.0,20.0,16.0,48.0,80.0,200.0,False,0.002,0.005,0.1,0.0,0.0,0.0,8000,4000,8,4,37.0,12,105.0,36.0,20.0,575.000000,15,3,4,True,True,7,physical,2,43,7.278283,0.14285714285714285
waksman_7x7,default,1-2-4-3-5-6-0,failed,7,5,2,0,33,10,6,I0-I1:4;I0-I2:2;I0-I3:4;I0-I4:2;I1-I2:2;I1-I3:4;I1-I4:2;I2-I3:5;I2-I4:6;I3-I4:2,4829.000000,6843.376035,2014.376035,3.289497,4.998856,1.709359,1.753550,8.0,3.5,4.0,6.0,10.0,20.0,16.0,48.0,80.0,200.0,False,0.002,0.005,0.1,0.0,0.0,0.0,8000,4000,8,4,37.0,12,105.0,36.0,20.0,575.000000,31,3,3,True,True,7,physical,3,43,35.645369,0.2857142857142857
waksman_7x7,default,0-2-5-6-3-4-1,routed,7,7,0,0,43,14,5,I0-I1:2;I0-I2:2;I0-I3:2;I0-I4:4;I0-I5:2;I0-I6:2;I1-I3:2;I1-I4:2;I1-I5:2;I2-I3:4;I2-I5:5;I4-I5:2;I4-I6:3;I5-I6:3,4829.000000,8756.995484,3927.995484,2.631864,4.473563,1.841699,1.534427,8.0,3.5,4.0,6.0,10.0,20.0,16.0,48.0,80.0,200.0,False,0.002,0.005,0.1,0.0,0.0,0.0,8000,4000,8,4,37.0,12,105.0,36.0,20.0,575.000000,12,3,1,True,False,7,physical,4,43,6.100458,0.0
waksman_7x7,default,5-2-6-0-3-1-4,failed,7,6,1,0,31,11,4,I1-I2:2;I1-I3:3;I1-I4:2;I1-I6:2;I2-I3:3;I3-I4:2;I3-I5:2;I3-I6:4;I4-I5:3;I4-I6:2;I5-I6:2,4829.000000,7520.477796,2691.477796,2.795496,4.509522,1.714026,1.360826,8.0,3.5,4.0,6.0,10.0,20.0,16.0,48.0,80.0,200.0,False,0.002,0.005,0.1,0.0,0.0,0.0,8000,4000,8,4,37.0,12,105.0,36.0,20.0,575.000000,24,3,4,True,True,7,physical,5,43,17.420706,0.14285714285714285
waksman_7x7,default,3-5-4-2-6-0-1,failed,7,3,4,0,6,2,3,I3-I5:3;I4-I5:3,4829.000000,3792.968990,-1036.031010,3.289497,3.566189,0.276692,0.960979,8.0,3.5,4.0,6.0,10.0,20.0,16.0,48.0,80.0,200.0,False,0.002,0.005,0.1,0.0,0.0,0.0,8000,4000,8,4,37.0,12,105.0,36.0,20.0,575.000000,30,3,3,True,True,7,physical,6,43,24.823136,0.5714285714285714
waksman_7x7,default,2-1-3-5-0-6-4,failed,7,6,1,0,41,11,6,I0-I1:5;I0-I2:6;I0-I3:2;I0-I6:6;I1-I2:4;I1-I6:2;I2-I3:4;I2-I5:2;I2-I6:2;I3-I5:2;I3-I6:5,4829.000000,8151.893723,3322.893723,3.358164,5.913811,2.555646,1.969298,8.0,3.5,4.0,6.0,10.0,20.0,16.0,48.0,80.0,200.0,False,0.002,0.005,0.1,0.0,0.0,0.0,8000,4000,8,4,37.0,12,105.0,36.0,20.0,575.000000,17,3,3,True,True,7,physical,7,43,12.679982,0.14285714285714285
waksman_7x7,default,0-1-3-4-2-5-6,failed,7,5,2,0,15,5,6,I0-I1:6;I1-I3:2;I1-I4:2;I3-I6:2;I4-I6:2,4829.000000,6065.274274,1236.274274,3.358164,4.277522,0.919358,1.089310,8.0,3.5,4.0,6.0,10.0,20.0,16.0,48.0,80.0,200.0,False,0.002,0.005,0.1,0.0,0.0,0.0,8000,4000,8,4,37.0,12,105.0,36.0,20.0,575.000000,27,3,3,True,True,7,physical,8,43,31.146542,0.2857142857142857
waksman_7x7,default,3-5-4-2-0-6-1,failed,7,3,4,0,5,2,3,I3-I4:3;I4-I5:2,4829.000000,3858.676953,-970.323047,3.289497,3.566189,0.276692,0.941451,8.0,3.5,4.0,6.0,10.0,20.0,16.0,48.0,80.0,200.0,False,0.002,0.005,0.1,0.0,0.0,0.0,8000,4000,8,4,37.0,12,105.0,36.0,20.0,575.000000,28,3,3,True,True,7,physical,9,43,24.631250,0.5714285714285714
spanke_benes_7x7,default,5-6-4-3-1-2-0,routed,7,7,0,0,23,2,2,I0-I1:2;I4-I5:2,9135.000000,13741.840584,4606.840584,2.952462,5.329701,2.377239,2.106240,8.0,3.5,4.0,6.0,10.0,20.0,16.0,48.0,80.0,200.0,False,0.002,0.005,0.1,0.0,0.0,0.0,8000,4000,8,4,37.0,12,105.0,36.0,20.0,1205.000000,3,3,1,True,False,7,physical,0,43,3.580200,0.0
spanke_benes_7x7,default,5-1-2-0-6-4-3,routed,7,7,0,0,32,6,8,I0-I2:3;I0-I4:2;I1-I2:8;I1-I3:7;I2-I5:2;I2-I6:2,9135.000000,14133.199006,4998.199006,3.149362,7.292017,4.142655,2.458771,8.0,3.5,4.0,6.0,10.0,20.0,16.0,48.0,80.0,200.0,False,0.002,0.005,0.1,0.0,0.0,0.0,8000,4000,8,4,37.0,12,105.0,36.0,20.0,1205.000000,15,3,1,True,False,7,physical,1,43,7.524239,0.0
spanke_benes_7x7,default,5-0-1-3-6-2-4,routed,7,7,0,0,36,8,10,I0-I3:3;I0-I4:2;I1-I2:10;I1-I5:2;I2-I3:4;I2-I5:4;I3-I5:3;I3-I6:2,9135.000000,14236.221135,5101.221135,3.214996,7.795066,4.580071,2.597492,8.0,3.5,4.0,6.0,10.0,20.0,16.0,48.0,80.0,200.0,False,0.002,0.005,0.1,0.0,0.0,0.0,8000,4000,8,4,37.0,12,105.0,36.0,20.0,1205.000000,16,3,1,True,False,7,physical,2,43,8.633735,0.0
spanke_benes_7x7,default,1-2-4-3-5-6-0,routed,7,7,0,0,35,6,10,I0-I1:10;I1-I2:2;I1-I3:6;I2-I3:5;I2-I4:4;I4-I5:2,9135.000000,14107.681319,4972.681319,3.214996,7.755066,4.540071,2.525052,8.0,3.5,4.0,6.0,10.0,20.0,16.0,48.0,80.0,200.0,False,0.002,0.005,0.1,0.0,0.0,0.0,8000,4000,8,4,37.0,12,105.0,36.0,20.0,1205.000000,15,3,1,True,False,7,physical,3,43,8.466592,0.0
spanke_benes_7x7,default,0-2-5-6-3-4-1,routed,7,7,0,0,33,6,10,I0-I1:10;I0-I6:2;I1-I2:4;I1-I4:4;I2-I3:2;I4-I5:2,9135.000000,14054.221135,4919.221135,3.214996,7.755066,4.540071,2.459777,8.0,3.5,4.0,6.0,10.0,20.0,16.0,48.0,80.0,200.0,False,0.002,0.005,0.1,0.0,0.0,0.0,8000,4000,8,4,37.0,12,105.0,36.0,20.0,1205.000000,13,3,1,True,False,7,physical,4,43,6.512723,0.0
spanke_benes_7x7,default,5-2-6-0-3-1-4,routed,7,7,0,0,30,7,4,I0-I1:3;I0-I2:2;I1-I3:3;I1-I4:4;I1-I5:3;I3-I5:4;I4-I6:2,9135.000000,14000.760951,4865.760951,3.018096,5.992750,2.974655,2.365932,8.0,3.5,4.0,6.0,10.0,20.0,16.0,48.0,80.0,200.0,False,0.002,0.005,0.1,0.0,0.0,0.0,8000,4000,8,4,37.0,12,105.0,36.0,20.0,1205.000000,12,3,1,True,False,7,physical,5,43,4.262335,0.0
spanke_benes_7x7,default,3-5-4-2-6-0-1,routed,7,7,0,0,28,6,4,I0-I1:2;I0-I2:4;I0-I3:3;I1-I2:3;I1-I4:2;I5-I6:2,9135.000000,13912.176878,4777.176878,3.018096,5.967335,2.949239,2.286336,8.0,3.5,4.0,6.0,10.0,20.0,16.0,48.0,80.0,200.0,False,0.002,0.005,0.1,0.0,0.0,0.0,8000,4000,8,4,37.0,12,105.0,36.0,20.0,1205.000000,8,3,1,True,False,7,physical,6,43,4.625454,0.0
spanke_benes_7x7,default,2-1-3-5-0-6-4,routed,7,7,0,0,35,6,9,I0-I1:9;I0-I2:8;I1-I4:5;I2-I3:4;I2-I6:2;I3-I5:2,9135.000000,14224.367153,5089.367153,3.202329,7.607107,4.404779,2.564819,8.0,3.5,4.0,6.0,10.0,20.0,16.0,48.0,80.0,200.0,False,0.002,0.005,0.1,0.0,0.0,0.0,8000,4000,8,4,37.0,12,105.0,36.0,20.0,1205.000000,18,3,1,True,False,7,physical,7,43,9.208560,0.0
spanke_benes_7x7,default,0-1-3-4-2-5-6,routed,7,7,0,0,42,8,12,I0-I1:12;I0-I4:2;I1-I2:4;I1-I4:6;I2-I3:6;I2-I4:5;I3-I5:4;I5-I6:2,9135.000000,14439.389282,5304.389282,3.280629,8.418116,5.137487,2.821254,8.0,3.5,4.0,6.0,10.0,20.0,16.0,48.0,80.0,200.0,False,0.002,0.005,0.1,0.0,0.0,0.0,8000,4000,8,4,37.0,12,105.0,36.0,20.0,1205.000000,22,3,1,True,False,7,physical,8,43,10.920218,0.0
spanke_benes_7x7,default,3-5-4-2-0-6-1,routed,7,7,0,0,29,7,4,I0-I1:2;I0-I2:4;I0-I3:3;I1-I2:3;I1-I5:2;I3-I4:3;I4-I6:2,9135.000000,13904.760951,4769.760951,3.018096,5.917919,2.899823,2.309932,8.0,3.5,4.0,6.0,10.0,20.0,16.0,48.0,80.0,200.0,False,0.002,0.005,0.1,0.0,0.0,0.0,8000,4000,8,4,37.0,12,105.0,36.0,20.0,1205.000000,9,3,1,True,False,7,physical,9,43,4.560889,0.0
spanke_benes_rect_7x7,default,5-6-4-3-1-2-0,routed,7,7,0,0,23,2,2,I0-I1:2;I4-I5:2,6195.000000,10976.234382,4781.234382,2.112462,4.531117,2.418655,2.163924,8.0,3.5,4.0,6.0,10.0,20.0,16.0,48.0,80.0,200.0,False,0.002,0.005,0.1,0.0,0.0,0.0,8000,4000,8,4,37.0,12,105.0,36.0,20.0,785.000000,4,3,1,True,False,7,physical,0,43,1.857052,0.0
spanke_benes_rect_7x7,default,5-1-2-0-6-4-3,routed,7,7,0,0,32,8,5,I0-I4:2;I0-I5:3;I1-I2:4;I1-I3:5;I2-I5:2;I2-I6:4;I4-I5:3;I5-I6:3,6195.000000,11368.176878,5173.176878,2.165429,5.045170,2.879741,2.513765,8.0,3.5,4.0,6.0,10.0,20.0,16.0,48.0,80.0,200.0,False,0.002,0.005,0.1,0.0,0.0,0.0,8000,4000,8,4,37.0,12,105.0,36.0,20.0,785.000000,14,3,1,True,False,7,physical,1,43,4.510202,0.0
spanke_benes_rect_7x7,default,5-0-1-3-6-2-4,routed,7,7,0,0,34,8,6,I0-I4:2;I0-I6:3;I1-I2:6;I2-I3:2;I2-I5:4;I3-I5:5;I3-I6:4;I4-I6:3,6195.000000,11453.884841,5258.884841,2.165429,5.237837,3.072408,2.596824,8.0,3.5,4.0,6.0,10.0,20.0,16.0,48.0,80.0,200.0,False,0.002,0.005,0.1,0.0,0.0,0.0,8000,4000,8,4,37.0,12,105.0,36.0,20.0,785.000000,17,3,1,True,False,7,physical,2,43,5.885859,0.0
spanke_benes_rect_7x7,default,1-2-4-3-5-6-0,routed,7,7,0,0,37,5,8,I0-I1:6;I1-I3:6;I2-I3:5;I2-I4:6;I4-I5:8,6195.000000,11397.783080,5202.783080,2.139430,5.541796,3.402366,2.657224,8.0,3.5,4.0,6.0,10.0,20.0,16.0,48.0,80.0,200.0,False,0.002,0.005,0.1,0.0,0.0,0.0,8000,4000,8,4,37.0,12,105.0,36.0,20.0,785.000000,16,3,1,True,False,7,physical,3,43,5.632637,0.0
spanke_benes_rect_7x7,default,0-2-5-6-3-4-1,routed,7,7,0,0,33,7,6,I0-I1:6;I0-I6:2;I1-I2:2;I1-I4:4;I2-I3:4;I2-I5:3;I4-I5:4,6195.000000,11372.030859,5177.030859,2.126763,5.157088,3.030325,2.544152,8.0,3.5,4.0,6.0,10.0,20.0,16.0,48.0,80.0,200.0,False,0.002,0.005,0.1,0.0,0.0,0.0,8000,4000,8,4,37.0,12,105.0,36.0,20.0,785.000000,16,3,1,True,False,7,physical,4,43,4.273645,0.0
spanke_benes_rect_7x7,default,5-2-6-0-3-1-4,routed,7,7,0,0,30,6,4,I0-I2:2;I0-I6:3;I1-I4:4;I1-I5:3;I3-I5:4;I4-I6:4,6195.000000,11247.446786,5052.446786,2.178096,5.152750,2.974655,2.425699,8.0,3.5,4.0,6.0,10.0,20.0,16.0,48.0,80.0,200.0,False,0.002,0.005,0.1,0.0,0.0,0.0,8000,4000,8,4,37.0,12,105.0,36.0,20.0,785.000000,11,3,1,True,False,7,physical,5,43,3.686811,0.0
spanke_benes_rect_7x7,default,3-5-4-2-6-0-1,routed,7,7,0,0,28,7,3,I0-I1:2;I0-I2:2;I0-I3:3;I1-I2:3;I1-I4:2;I2-I4:2;I5-I6:2,6195.000000,11191.986602,4996.986602,2.178096,5.152750,2.974655,2.359853,8.0,3.5,4.0,6.0,10.0,20.0,16.0,48.0,80.0,200.0,False,0.002,0.005,0.1,0.0,0.0,0.0,8000,4000,8,4,37.0,12,105.0,36.0,20.0,785.000000,9,3,1,True,False,7,physical,6,43,2.325165,0.0
spanke_benes_rect_7x7,default,2-1-3-5-0-6-4,routed,7,7,0,0,37,8,6,I0-I1:5;I0-I2:6;I1-I4:3;I2-I3:2;I2-I6:4;I3-I5:6;I3-I6:5;I4-I5:2,6195.000000,11445.199006,5250.199006,2.139430,5.726085,3.586655,2.673628,8.0,3.5,4.0,6.0,10.0,20.0,16.0,48.0,80.0,200.0,False,0.002,0.005,0.1,0.0,0.0,0.0,8000,4000,8,4,37.0,12,105.0,36.0,20.0,785.000000,17,3,1,True,False,7,physical,7,43,4.940548,0.0
spanke_benes_rect_7x7,default,0-1-3-4-2-5-6,routed,7,7,0,0,42,8,8,I0-I1:8;I1-I2:2;I1-I4:4;I2-I3:6;I2-I4:5;I3-I5:6;I4-I5:2;I5-I6:8,6195.000000,11658.659190,5463.659190,2.100764,5.803171,3.702407,2.870331,8.0,3.5,4.0,6.0,10.0,20.0,16.0,48.0,80.0,200.0,False,0.002,0.005,0.1,0.0,0.0,0.0,8000,4000,8,4,37.0,12,105.0,36.0,20.0,785.000000,21,3,1,True,False,7,physical,8,43,8.363457,0.0
spanke_benes_rect_7x7,default,3-5-4-2-0-6-1,routed,7,7,0,0,29,8,3,I0-I1:2;I0-I2:2;I0-I3:3;I1-I2:3;I1-I5:2;I2-I5:2;I4-I5:2;I4-I6:2,6195.000000,11239.986602,5044.986602,2.178096,5.194166,3.016071,2.402139,8.0,3.5,4.0,6.0,10.0,20.0,16.0,48.0,80.0,200.0,False,0.002,0.005,0.1,0.0,0.0,0.0,8000,4000,8,4,37.0,12,105.0,36.0,20.0,785.000000,11,3,1,True,False,7,physical,9,43,2.603568,0.0
padded_benes_8x8,default,6-7-4-3-1-5-2-0,failed,8,5,3,0,27,6,6,I0-I2:5;I0-I5:3;I2-I5:6;I4-I5:2;I4-I6:4;I5-I6:3,6040.000000,7100.061870,1060.061870,3.030164,5.319904,2.289740,1.546025,8.0,3.5,4.0,6.0,10.0,20.0,16.0,48.0,80.0,200.0,False,0.002,0.005,0.1,0.0,0.0,0.0,8000,4000,8,4,37.0,12,105.0,36.0,20.0,575.000000,34,3,3,True,True,8,physical,0,43,29.212798,0.375
padded_benes_8x8,default,5-1-2-0-6-3-4-7,failed,8,6,2,0,48,12,6,I0-I1:3;I0-I3:3;I0-I7:6;I1-I2:4;I1-I3:5;I1-I5:2;I2-I3:5;I2-I5:6;I2-I7:4;I3-I5:2;I3-I7:2;I5-I7:4,6040.000000,8586.827337,2546.827337,3.089497,5.531196,2.441699,1.983776,8.0,3.5,4.0,6.0,10.0,20.0,16.0,48.0,80.0,200.0,False,0.002,0.005,0.1,0.0,0.0,0.0,8000,4000,8,4,37.0,12,105.0,36.0,20.0,575.000000,23,3,3,True,True,8,physical,1,43,15.687141,0.25
padded_benes_8x8,default,1-2-0-7-3-6-4-5,failed,8,6,2,0,42,14,6,I0-I1:2;I0-I3:2;I0-I4:2;I0-I5:2;I1-I2:3;I1-I3:2;I1-I4:4;I1-I5:2;I2-I3:6;I2-I4:2;I2-I5:2;I3-I4:3;I3-I5:5;I4-I5:4,6040.000000,8607.703447,2567.703447,3.140830,6.019485,2.878655,1.785734,8.0,3.5,4.0,6.0,10.0,20.0,16.0,48.0,80.0,200.0,False,0.002,0.005,0.1,0.0,0.0,0.0,8000,4000,8,4,37.0,12,105.0,36.0,20.0,575.000000,24,3,3,True,True,8,physical,2,43,20.572043,0.25
padded_benes_8x8,default,4-2-5-7-3-0-6-1,failed,8,6,2,0,46,11,8,I0-I1:3;I0-I2:4;I0-I3:6;I0-I6:4;I1-I2:2;I1-I3:2;I1-I6:2;I2-I3:8;I2-I6:2;I3-I6:5;I5-I6:4,6040.000000,9107.659190,3067.659190,3.132830,6.572901,3.440071,2.081386,8.0,3.5,4.0,6.0,10.0,20.0,16.0,48.0,80.0,200.0,False,0.002,0.005,0.1,0.0,0.0,0.0,8000,4000,8,4,37.0,12,105.0,36.0,20.0,575.000000,32,3,3,True,True,8,physical,3,43,24.731400,0.25
padded_benes_8x8,default,6-0-5-2-4-3-1-7,failed,8,5,3,0,22,9,4,I1-I2:2;I1-I3:4;I1-I7:2;I2-I3:3;I2-I4:3;I2-I7:2;I3-I4:2;I3-I7:2;I4-I7:2,6040.000000,7639.185759,1599.185759,3.158164,5.052152,1.893988,1.454874,8.0,3.5,4.0,6.0,10.0,20.0,16.0,48.0,80.0,200.0,False,0.002,0.005,0.1,0.0,0.0,0.0,8000,4000,8,4,37.0,12,105.0,36.0,20.0,575.000000,34,3,3,True,True,8,physical,4,43,23.709257,0.375
padded_benes_8x8,default,1-2-3-5-4-7-0-6,failed,8,6,2,0,33,11,4,I0-I1:2;I0-I2:4;I0-I4:2;I0-I5:2;I1-I2:4;I1-I4:2;I1-I5:2;I2-I4:2;I2-I5:2;I4-I5:4;I5-I6:3,6040.000000,8075.893723,2035.893723,3.158164,5.244571,2.086407,1.349965,8.0,3.5,4.0,6.0,10.0,20.0,16.0,48.0,80.0,200.0,False,0.002,0.005,0.1,0.0,0.0,0.0,8000,4000,8,4,37.0,12,105.0,36.0,20.0,575.000000,23,3,4,True,True,8,physical,5,43,13.826739,0.25
padded_benes_8x8,default,1-3-5-4-0-6-7-2,failed,8,7,1,0,51,17,5,I0-I1:2;I0-I5:2;I0-I6:2;I0-I7:2;I1-I3:2;I1-I5:2;I1-I6:2;I1-I7:5;I3-I5:2;I3-I6:4;I3-I7:3;I4-I5:2;I4-I6:4;I4-I7:4;I5-I6:4;I5-I7:3;I6-I7:3,6040.000000,10030.030859,3990.030859,3.081497,5.901361,2.819864,1.877866,8.0,3.5,4.0,6.0,10.0,20.0,16.0,48.0,80.0,200.0,False,0.002,0.005,0.1,0.0,0.0,0.0,8000,4000,8,4,37.0,12,105.0,36.0,20.0,575.000000,22,3,3,True,True,8,physical,6,43,14.901802,0.125
padded_benes_8x8,default,0-5-7-2-3-4-6-1,routed,8,8,0,0,83,22,7,I0-I1:2;I0-I2:2;I0-I3:4;I0-I5:2;I0-I7:2;I1-I2:6;I1-I3:3;I1-I5:3;I1-I6:2;I2-I3:5;I2-I5:5;I2-I6:5;I2-I7:3;I3-I4:4;I3-I5:2;I3-I6:2;I4-I5:2;I4-I6:4;I4-I7:7;I5-I6:4;I5-I7:3;I6-I7:7,6040.000000,11875.716694,5835.716694,3.158164,7.060612,3.902448,2.571429,8.0,3.5,4.0,6.0,10.0,20.0,16.0,48.0,80.0,200.0,False,0.002,0.005,0.1,0.0,0.0,0.0,8000,4000,8,4,37.0,12,105.0,36.0,20.0,575.000000,23,3,1,True,False,8,physical,7,43,14.033695,0.0
padded_benes_8x8,default,3-6-4-5-7-0-1-2,failed,8,7,1,0,68,12,12,I0-I2:2;I0-I3:2;I0-I4:2;I0-I7:3;I2-I3:8;I2-I4:4;I3-I4:4;I4-I5:5;I4-I6:5;I5-I6:6;I5-I7:6;I6-I7:12,6040.000000,10682.132621,4642.132621,3.017497,6.874984,3.857487,2.530609,8.0,3.5,4.0,6.0,10.0,20.0,16.0,48.0,80.0,200.0,False,0.002,0.005,0.1,0.0,0.0,0.0,8000,4000,8,4,37.0,12,105.0,36.0,20.0,575.000000,30,3,3,True,True,8,physical,8,43,29.724599,0.125
padded_benes_8x8,default,6-3-2-0-4-1-7-5,failed,8,6,2,0,43,13,5,I0-I1:3;I0-I2:3;I0-I3:3;I0-I4:5;I1-I2:5;I1-I3:3;I1-I4:2;I2-I3:5;I2-I4:2;I2-I5:3;I3-I4:2;I3-I5:2;I4-I5:3,6040.000000,8433.995484,2393.995484,3.153497,5.221320,2.067823,1.678832,8.0,3.5,4.0,6.0,10.0,20.0,16.0,48.0,80.0,200.0,False,0.002,0.005,0.1,0.0,0.0,0.0,8000,4000,8,4,37.0,12,105.0,36.0,20.0,575.000000,28,3,3,True,True,8,physical,9,43,21.232880,0.25
waksman_8x8,default,6-7-4-3-1-5-2-0,failed,8,7,1,0,54,12,6,I0-I1:6;I0-I2:3;I1-I2:3;I1-I4:3;I1-I6:3;I2-I3:3;I2-I5:6;I3-I5:2;I3-I6:3;I4-I5:4;I4-I6:6;I5-I6:3,5776.000000,9366.265392,3590.265392,2.930164,5.293279,2.363115,1.909219,8.0,3.5,4.0,6.0,10.0,20.0,16.0,48.0,80.0,200.0,False,0.002,0.005,0.1,0.0,0.0,0.0,8000,4000,8,4,37.0,12,105.0,36.0,20.0,575.000000,23,3,3,True,True,8,physical,0,43,23.476831,0.125
waksman_8x8,default,5-1-2-0-6-3-4-7,failed,8,7,1,0,55,17,7,I0-I2:3;I0-I3:3;I0-I4:6;I0-I7:2;I1-I2:4;I1-I3:3;I1-I4:2;I2-I3:5;I2-I4:2;I2-I5:4;I2-I7:2;I3-I4:2;I3-I5:2;I3-I7:2;I4-I5:7;I4-I7:2;I5-I7:2,5776.000000,10056.075117,4280.075117,3.106831,5.437320,2.330489,2.225593,8.0,3.5,4.0,6.0,10.0,20.0,16.0,48.0,80.0,200.0,False,0.002,0.005,0.1,0.0,0.0,0.0,8000,4000,8,4,37.0,12,105.0,36.0,20.0,575.000000,26,3,4,True,True,8,physical,1,43,15.882116,0.125
waksman_8x8,default,1-2-0-7-3-6-4-5,failed,8,7,1,0,58,17,8,I0-I1:2;I0-I2:5;I0-I4:4;I0-I6:2;I0-I7:2;I1-I2:3;I1-I4:4;I1-I6:2;I1-I7:2;I2-I4:2;I2-I5:2;I2-I6:2;I2-I7:2;I4-I5:4;I4-I6:4;I4-I7:6;I6-I7:8,5776.000000,9368.119374,3592.119374,3.038164,6.480193,3.442029,2.058463,8.0,3.5,4.0,6.0,10.0,20.0,16.0,48.0,80.0,200.0,False,0.002,0.005,0.1,0.0,0.0,0.0,8000,4000,8,4,37.0,12,105.0,36.0,20.0,575.000000,20,3,4,True,True,8,physical,2,43,13.884279,0.125
waksman_8x8,default,4-2-5-7-3-0-6-1,failed,8,6,2,0,38,10,5,I1-I2:2;I1-I3:2;I1-I4:4;I1-I6:2;I2-I3:4;I2-I6:2;I3-I6:3;I4-I6:4;I4-I7:5;I6-I7:5,5776.000000,8527.455668,2751.455668,3.089497,5.242736,2.153239,1.757652,8.0,3.5,4.0,6.0,10.0,20.0,16.0,48.0,80.0,200.0,False,0.002,0.005,0.1,0.0,0.0,0.0,8000,4000,8,4,37.0,12,105.0,36.0,20.0,575.000000,28,3,3,True,True,8,physical,3,43,19.319383,0.25
waksman_8x8,default,6-0-5-2-4-3-1-7,failed,8,6,2,0,43,13,7,I0-I1:3;I0-I3:3;I0-I5:3;I0-I7:4;I1-I3:4;I1-I4:2;I1-I5:2;I3-I4:2;I3-I5:6;I3-I7:2;I4-I5:7;I4-I7:2;I5-I7:2,5776.000000,8345.309649,2569.309649,2.912830,5.532571,2.619741,1.982437,8.0,3.5,4.0,6.0,10.0,20.0,16.0,48.0,80.0,200.0,False,0.002,0.005,0.1,0.0,0.0,0.0,8000,4000,8,4,37.0,12,105.0,36.0,20.0,575.000000,23,3,3,True,True,8,physical,4,43,20.912599,0.25
waksman_8x8,default,1-2-3-5-4-7-0-6,failed,8,7,1,0,54,16,5,I0-I1:4;I0-I2:4;I0-I4:2;I1-I2:4;I1-I3:4;I1-I4:4;I1-I6:3;I1-I7:2;I2-I3:4;I2-I4:2;I2-I6:3;I2-I7:2;I3-I4:5;I3-I7:2;I4-I7:2;I6-I7:4,5776.000000,9574.265392,3798.265392,3.158164,6.432152,3.273988,1.934933,8.0,3.5,4.0,6.0,10.0,20.0,16.0,48.0,80.0,200.0,False,0.002,0.005,0.1,0.0,0.0,0.0,8000,4000,8,4,37.0,12,105.0,36.0,20.0,575.000000,22,3,3,True,True,8,physical,5,43,17.000608,0.125
waksman_8x8,default,1-3-5-4-0-6-7-2,failed,8,6,2,0,50,15,6,I1-I2:2;I1-I3:2;I1-I4:3;I1-I5:4;I1-I6:2;I2-I3:5;I2-I4:3;I2-I5:4;I2-I6:2;I3-I4:3;I3-I5:4;I3-I6:4;I4-I5:6;I4-I6:4;I5-I6:2,5776.000000,8832.827337,3056.827337,3.066164,5.436556,2.370392,2.398442,8.0,3.5,4.0,6.0,10.0,20.0,16.0,48.0,80.0,200.0,False,0.002,0.005,0.1,0.0,0.0,0.0,8000,4000,8,4,37.0,12,105.0,36.0,20.0,575.000000,34,3,4,True,True,8,physical,6,43,38.826463,0.25
waksman_8x8,default,0-5-7-2-3-4-6-1,routed,8,8,0,0,69,22,5,I0-I1:2;I0-I2:2;I0-I3:4;I0-I5:2;I0-I7:2;I1-I2:4;I1-I3:3;I1-I5:3;I1-I6:2;I2-I3:3;I2-I5:3;I2-I6:3;I3-I4:4;I3-I5:2;I3-I6:2;I3-I7:3;I4-I5:2;I4-I6:4;I4-I7:5;I5-I6:2;I5-I7:3;I6-I7:5,5776.000000,10791.805208,5015.805208,3.158164,5.933320,2.775156,2.148951,8.0,3.5,4.0,6.0,10.0,20.0,16.0,48.0,80.0,200.0,False,0.002,0.005,0.1,0.0,0.0,0.0,8000,4000,8,4,37.0,12,105.0,36.0,20.0,575.000000,21,3,1,True,False,8,physical,7,43,12.371862,0.0
waksman_8x8,default,3-6-4-5-7-0-1-2,failed,8,6,2,0,32,7,6,I0-I1:4;I0-I2:2;I0-I3:2;I0-I6:3;I1-I3:3;I2-I3:6;I5-I6:4,5776.000000,7948.287521,2172.287521,3.053497,4.830028,1.776531,1.370596,8.0,3.5,4.0,6.0,10.0,20.0,16.0,48.0,80.0,200.0,False,0.002,0.005,0.1,0.0,0.0,0.0,8000,4000,8,4,37.0,12,105.0,36.0,20.0,575.000000,31,3,3,True,True,8,physical,8,43,33.705685,0.25
waksman_8x8,default,6-3-2-0-4-1-7-5,failed,8,6,2,0,37,9,6,I0-I1:3;I1-I2:5;I1-I4:2;I1-I7:2;I2-I4:4;I2-I7:2;I4-I5:3;I4-I7:6;I5-I7:4,5776.000000,7835.747704,2059.747704,3.053497,4.792855,1.739358,1.516083,8.0,3.5,4.0,6.0,10.0,20.0,16.0,48.0,80.0,200.0,False,0.002,0.005,0.1,0.0,0.0,0.0,8000,4000,8,4,37.0,12,105.0,36.0,20.0,575.000000,41,3,3,True,True,8,physical,9,43,40.040942,0.25
spanke_benes_8x8,default,6-7-4-3-1-5-2-0,routed,8,8,0,0,33,5,3,I0-I1:2;I2-I3:3;I2-I5:2;I3-I4:3;I4-I6:2,12336.000000,18494.955592,6158.955592,3.476762,6.356383,2.879621,2.514739,8.0,3.5,4.0,6.0,10.0,20.0,16.0,48.0,80.0,200.0,False,0.002,0.005,0.1,0.0,0.0,0.0,8000,4000,8,4,37.0,12,105.0,36.0,20.0,1415.000000,6,3,1,True,False,8,physical,0,43,6.472770,0.0
spanke_benes_8x8,default,5-1-2-0-6-3-4-7,routed,8,8,0,0,49,9,10,I0-I2:3;I0-I4:4;I0-I6:3;I1-I2:10;I1-I3:9;I1-I5:2;I2-I5:6;I4-I7:2;I5-I6:4,12336.000000,19178.314015,6842.314015,3.739295,8.590197,4.850903,3.071204,8.0,3.5,4.0,6.0,10.0,20.0,16.0,48.0,80.0,200.0,False,0.002,0.005,0.1,0.0,0.0,0.0,8000,4000,8,4,37.0,12,105.0,36.0,20.0,1415.000000,22,3,1,True,False,8,physical,1,43,13.660106,0.0
spanke_benes_8x8,default,1-2-0-7-3-6-4-5,routed,8,8,0,0,50,7,12,I0-I1:12;I0-I2:11;I1-I3:2;I1-I4:10;I4-I5:2;I4-I6:4;I6-I7:2,12336.000000,19163.482162,6827.482162,3.804928,9.546663,5.741734,3.087496,8.0,3.5,4.0,6.0,10.0,20.0,16.0,48.0,80.0,200.0,False,0.002,0.005,0.1,0.0,0.0,0.0,8000,4000,8,4,37.0,12,105.0,36.0,20.0,1415.000000,24,3,1,True,False,8,physical,2,43,14.142819,0.0
spanke_benes_8x8,default,4-2-5-7-3-0-6-1,routed,8,8,0,0,40,8,6,I0-I1:5;I0-I2:6;I0-I4:3;I1-I4:4;I1-I5:3;I2-I3:2;I2-I6:2;I5-I7:2,12336.000000,18692.460033,6356.460033,3.660994,7.767189,4.106195,2.724115,8.0,3.5,4.0,6.0,10.0,20.0,16.0,48.0,80.0,200.0,False,0.002,0.005,0.1,0.0,0.0,0.0,8000,4000,8,4,37.0,12,105.0,36.0,20.0,1415.000000,13,3,1,True,False,8,physical,3,43,8.963737,0.0
spanke_benes_8x8,default,6-0-5-2-4-3-1-7,routed,8,8,0,0,42,10,6,I0-I2:3;I0-I7:2;I1-I2:2;I1-I3:6;I1-I6:4;I2-I4:3;I3-I4:2;I3-I5:4;I3-I6:3;I4-I5:3,12336.000000,18748.460033,6412.460033,3.673661,7.979148,4.305487,2.788115,8.0,3.5,4.0,6.0,10.0,20.0,16.0,48.0,80.0,200.0,False,0.002,0.005,0.1,0.0,0.0,0.0,8000,4000,8,4,37.0,12,105.0,36.0,20.0,1415.000000,17,3,1,True,False,8,physical,4,43,11.272903,0.0
spanke_benes_8x8,default,1-2-3-5-4-7-0-6,routed,8,8,0,0,50,8,12,I0-I1:12;I0-I6:3;I1-I2:12;I2-I3:2;I2-I4:6;I3-I4:5;I3-I5:2;I3-I7:2,12336.000000,19020.650308,6684.650308,3.804928,9.562663,5.757734,3.046788,8.0,3.5,4.0,6.0,10.0,20.0,16.0,48.0,80.0,200.0,False,0.002,0.005,0.1,0.0,0.0,0.0,8000,4000,8,4,37.0,12,105.0,36.0,20.0,1415.000000,24,3,1,True,False,8,physical,5,43,18.460579,0.0
spanke_benes_8x8,default,1-3-5-4-0-6-7-2,routed,8,8,0,0,46,8,10,I0-I1:10;I0-I4:7;I0-I7:2;I1-I2:2;I1-I3:6;I2-I3:5;I2-I5:4;I5-I6:2,12336.000000,18915.774198,6579.774198,3.739295,8.606197,4.866903,2.924319,8.0,3.5,4.0,6.0,10.0,20.0,16.0,48.0,80.0,200.0,False,0.002,0.005,0.1,0.0,0.0,0.0,8000,4000,8,4,37.0,12,105.0,36.0,20.0,1415.000000,19,3,1,True,False,8,physical,6,43,12.871600,0.0
spanke_benes_8x8,default,0-5-7-2-3-4-6-1,routed,8,8,0,0,43,8,8,I0-I1:4;I0-I3:8;I0-I7:2;I1-I2:2;I1-I5:3;I1-I6:2;I3-I4:6;I4-I5:4,12336.000000,18704.212253,6368.212253,3.673661,7.975148,4.301487,2.794553,8.0,3.5,4.0,6.0,10.0,20.0,16.0,48.0,80.0,200.0,False,0.002,0.005,0.1,0.0,0.0,0.0,8000,4000,8,4,37.0,12,105.0,36.0,20.0,1415.000000,16,3,1,True,False,8,physical,7,43,13.132272,0.0
spanke_benes_8x8,default,3-6-4-5-7-0-1-2,routed,8,8,0,0,39,7,6,I0-I1:2;I0-I2:6;I1-I3:3;I1-I4:2;I2-I3:4;I5-I6:4;I6-I7:2,12336.000000,18758.415776,6422.415776,3.608028,7.352099,3.744071,2.724354,8.0,3.5,4.0,6.0,10.0,20.0,16.0,48.0,80.0,200.0,False,0.002,0.005,0.1,0.0,0.0,0.0,8000,4000,8,4,37.0,12,105.0,36.0,20.0,1415.000000,12,3,1,True,False,8,physical,8,43,8.720134,0.0
spanke_benes_8x8,default,6-3-2-0-4-1-7-5,routed,8,8,0,0,43,8,7,I0-I4:3;I0-I6:2;I1-I2:7;I1-I4:6;I2-I3:3;I2-I5:5;I3-I5:6;I4-I7:2,12336.000000,18832.898088,6496.898088,3.608028,7.784605,4.176577,2.832350,8.0,3.5,4.0,6.0,10.0,20.0,16.0,48.0,80.0,200.0,False,0.002,0.005,0.1,0.0,0.0,0.0,8000,4000,8,4,37.0,12,105.0,36.0,20.0,1415.000000,18,3,1,True,False,8,physical,9,43,11.547028,0.0
spanke_benes_rect_8x8,default,6-7-4-3-1-5-2-0,routed,8,8,0,0,33,5,3,I0-I1:2;I2-I3:3;I2-I5:2;I4-I5:2;I4-I6:2,8136.000000,14673.743188,6537.743188,2.479728,5.373675,2.893947,2.623186,8.0,3.5,4.0,6.0,10.0,20.0,16.0,48.0,80.0,200.0,False,0.002,0.005,0.1,0.0,0.0,0.0,8000,4000,8,4,37.0,12,105.0,36.0,20.0,890.000000,7,3,1,True,False,8,physical,0,43,3.297283,0.0
spanke_benes_rect_8x8,default,5-1-2-0-6-3-4-7,routed,8,8,0,0,49,9,8,I0-I4:4;I0-I6:3;I1-I2:6;I1-I3:5;I2-I5:6;I4-I6:3;I4-I7:8;I5-I6:6;I6-I7:2,8136.000000,15235.291886,7099.291886,2.428395,6.098927,3.670532,3.139823,8.0,3.5,4.0,6.0,10.0,20.0,16.0,48.0,80.0,200.0,False,0.002,0.005,0.1,0.0,0.0,0.0,8000,4000,8,4,37.0,12,105.0,36.0,20.0,890.000000,22,3,1,True,False,8,physical,1,43,10.093409,0.0
spanke_benes_rect_8x8,default,1-2-0-7-3-6-4-5,routed,8,8,0,0,48,9,8,I0-I1:8;I0-I2:5;I1-I4:6;I2-I3:2;I3-I5:3;I4-I5:2;I4-I6:6;I5-I7:5;I6-I7:6,8136.000000,15142.752070,7006.752070,2.415063,6.090886,3.675823,3.085438,8.0,3.5,4.0,6.0,10.0,20.0,16.0,48.0,80.0,200.0,False,0.002,0.005,0.1,0.0,0.0,0.0,8000,4000,8,4,37.0,12,105.0,36.0,20.0,890.000000,23,3,1,True,False,8,physical,2,43,12.083480,0.0
spanke_benes_rect_8x8,default,4-2-5-7-3-0-6-1,routed,8,8,0,0,40,10,4,I0-I1:3;I0-I2:4;I0-I4:3;I1-I4:2;I1-I7:3;I2-I3:2;I2-I6:4;I3-I6:3;I4-I6:2;I5-I7:2,8136.000000,14825.539666,6689.539666,2.479728,5.639009,3.159281,2.819885,8.0,3.5,4.0,6.0,10.0,20.0,16.0,48.0,80.0,200.0,False,0.002,0.005,0.1,0.0,0.0,0.0,8000,4000,8,4,37.0,12,105.0,36.0,20.0,890.000000,15,3,1,True,False,8,physical,3,43,7.173043,0.0
spanke_benes_rect_8x8,default,6-0-5-2-4-3-1-7,routed,8,8,0,0,42,11,5,I0-I2:3;I0-I7:2;I1-I3:4;I1-I6:2;I2-I4:3;I2-I7:2;I3-I5:4;I3-I6:3;I4-I5:5;I4-I7:2;I6-I7:2,8136.000000,14898.415776,6762.415776,2.479728,5.882968,3.403240,2.884354,8.0,3.5,4.0,6.0,10.0,20.0,16.0,48.0,80.0,200.0,False,0.002,0.005,0.1,0.0,0.0,0.0,8000,4000,8,4,37.0,12,105.0,36.0,20.0,890.000000,15,3,1,True,False,8,physical,4,43,6.900380,0.0
spanke_benes_rect_8x8,default,1-2-3-5-4-7-0-6,routed,8,8,0,0,48,9,8,I0-I1:8;I1-I2:6;I2-I3:2;I2-I4:6;I3-I4:5;I3-I7:6;I4-I5:2;I5-I7:5;I6-I7:2,8136.000000,15102.752070,6966.752070,2.415063,6.114886,3.699823,3.075438,8.0,3.5,4.0,6.0,10.0,20.0,16.0,48.0,80.0,200.0,False,0.002,0.005,0.1,0.0,0.0,0.0,8000,4000,8,4,37.0,12,105.0,36.0,20.0,890.000000,22,3,1,True,False,8,physical,5,43,11.898802,0.0
spanke_benes_rect_8x8,default,1-3-5-4-0-6-7-2,routed,8,8,0,0,48,9,8,I0-I1:4;I0-I4:3;I0-I7:4;I1-I3:6;I1-I7:3;I2-I3:5;I2-I5:6;I4-I5:2;I5-I6:8,8136.000000,15033.729941,6897.729941,2.492395,6.476302,3.983907,3.062557,8.0,3.5,4.0,6.0,10.0,20.0,16.0,48.0,80.0,200.0,False,0.002,0.005,0.1,0.0,0.0,0.0,8000,4000,8,4,37.0,12,105.0,36.0,20.0,890.000000,20,3,1,True,False,8,physical,6,43,9.050304,0.0
spanke_benes_rect_8x8,default,0-5-7-2-3-4-6-1,routed,8,8,0,0,45,11,6,I0-I1:2;I0-I3:4;I0-I7:2;I1-I2:2;I1-I5:3;I1-I6:4;I2-I6:3;I3-I4:4;I3-I7:3;I4-I5:6;I5-I6:2,8136.000000,14968.415776,6832.415776,2.479728,5.979257,3.499529,2.976854,8.0,3.5,4.0,6.0,10.0,20.0,16.0,48.0,80.0,200.0,False,0.002,0.005,0.1,0.0,0.0,0.0,8000,4000,8,4,37.0,12,105.0,36.0,20.0,890.000000,18,3,1,True,False,8,physical,7,43,9.795338,0.0
spanke_benes_rect_8x8,default,3-6-4-5-7-0-1-2,routed,8,8,0,0,39,8,4,I0-I1:2;I0-I2:4;I1-I3:3;I1-I4:2;I2-I3:4;I3-I4:2;I5-I6:2;I6-I7:4,8136.000000,14844.663555,6708.663555,2.492395,5.872713,3.380319,2.803416,8.0,3.5,4.0,6.0,10.0,20.0,16.0,48.0,80.0,200.0,False,0.002,0.005,0.1,0.0,0.0,0.0,8000,4000,8,4,37.0,12,105.0,36.0,20.0,890.000000,13,3,1,True,False,8,physical,8,43,6.598336,0.0
spanke_benes_rect_8x8,default,6-3-2-0-4-1-7-5,routed,8,8,0,0,45,9,7,I0-I6:2;I0-I7:3;I1-I2:3;I1-I4:4;I2-I4:2;I2-I5:5;I3-I5:4;I4-I7:6;I6-I7:7,8136.000000,15012.415776,6876.415776,2.479728,6.191635,3.711907,2.987854,8.0,3.5,4.0,6.0,10.0,20.0,16.0,48.0,80.0,200.0,False,0.002,0.005,0.1,0.0,0.0,0.0,8000,4000,8,4,37.0,12,105.0,36.0,20.0,890.000000,18,3,1,True,False,8,physical,9,43,8.007475,0.0
padded_benes_16x16,default,6-8-7-2-3-1-5-4-0,failed,9,5,4,0,45,10,10,I0-I1:2;I0-I2:10;I0-I3:3;I0-I7:7;I1-I2:3;I1-I3:3;I1-I7:3;I2-I3:3;I2-I7:7;I3-I7:4,11129.000000,10412.760951,-716.239049,5.763430,7.881164,2.117734,1.364304,8.0,3.5,4.0,6.0,10.0,20.0,16.0,48.0,80.0,200.0,False,0.002,0.005,0.1,0.0,0.0,0.0,8000,4000,8,4,37.0,12,105.0,36.0,20.0,785.000000,43,3,3,True,True,9,physical,0,43,68.223294,0.4444444444444444
padded_benes_16x16,default,5-1-2-3-6-0-4-8-7,failed,9,6,3,0,50,12,10,I0-I1:3;I0-I2:3;I0-I3:3;I0-I8:6;I1-I2:6;I1-I3:6;I1-I7:2;I2-I3:10;I2-I7:2;I2-I8:2;I3-I7:2;I3-I8:4,10961.000000,12292.986602,1331.986602,5.550763,7.987666,2.436904,1.464496,8.0,3.5,4.0,6.0,10.0,20.0,16.0,48.0,80.0,200.0,False,0.002,0.005,0.1,0.0,0.0,0.0,8000,4000,8,4,37.0,12,105.0,36.0,20.0,785.000000,42,3,3,True,True,9,physical,1,43,64.061623,0.3333333333333333
padded_benes_16x16,default,2-5-7-4-0-1-3-6-8,failed,9,6,3,0,53,14,9,I0-I1:2;I0-I3:2;I0-I6:4;I0-I7:4;I0-I8:2;I1-I3:9;I1-I7:4;I1-I8:2;I3-I6:3;I3-I7:4;I3-I8:2;I6-I7:8;I6-I8:4;I7-I8:2,11041.000000,12309.818455,1268.818455,6.106763,8.923784,2.817021,1.242773,8.0,3.5,4.0,6.0,10.0,20.0,16.0,48.0,80.0,200.0,False,0.002,0.005,0.1,0.0,0.0,0.0,8000,4000,8,4,37.0,12,105.0,36.0,20.0,785.000000,41,3,3,True,True,9,physical,2,43,63.486020,0.3333333333333333
padded_benes_16x16,default,0-8-5-6-3-4-7-1-2,failed,9,6,3,0,44,11,6,I0-I1:2;I0-I5:4;I0-I6:4;I1-I3:3;I1-I5:3;I3-I5:5;I3-I6:6;I3-I8:3;I5-I6:6;I5-I8:3;I6-I8:3,11129.000000,12269.862712,1140.862712,6.106763,7.616168,1.509405,0.891788,8.0,3.5,4.0,6.0,10.0,20.0,16.0,48.0,80.0,200.0,False,0.002,0.005,0.1,0.0,0.0,0.0,8000,4000,8,4,37.0,12,105.0,36.0,20.0,785.000000,49,3,3,True,True,9,physical,3,43,53.737150,0.3333333333333333
padded_benes_16x16,default,1-8-3-5-4-7-0-6-2,failed,9,6,3,0,59,14,8,I0-I2:4;I0-I3:2;I0-I4:4;I0-I5:4;I0-I8:2;I2-I3:6;I2-I4:4;I2-I5:4;I2-I8:3;I3-I4:7;I3-I5:4;I4-I5:8;I4-I8:3;I5-I8:3,11129.000000,12430.256510,1301.256510,5.776097,8.860911,3.084814,1.487086,8.0,3.5,4.0,6.0,10.0,20.0,16.0,48.0,80.0,200.0,False,0.002,0.005,0.1,0.0,0.0,0.0,8000,4000,8,4,37.0,12,105.0,36.0,20.0,785.000000,43,3,3,True,True,9,physical,4,43,65.934733,0.3333333333333333
padded_benes_16x16,default,1-3-6-5-7-0-8-4-2,failed,9,7,2,0,74,18,11,I0-I1:2;I0-I3:2;I0-I4:4;I0-I7:4;I0-I8:2;I1-I3:4;I1-I4:4;I1-I6:2;I1-I7:6;I1-I8:5;I3-I4:4;I3-I6:2;I3-I7:5;I4-I6:4;I4-I7:11;I4-I8:3;I6-I7:5;I7-I8:3,10961.000000,14879.707813,3918.707813,5.699430,9.741164,4.041734,1.941345,8.0,3.5,4.0,6.0,10.0,20.0,16.0,48.0,80.0,200.0,False,0.002,0.005,0.1,0.0,0.0,0.0,8000,4000,8,4,37.0,12,105.0,36.0,20.0,785.000000,35,3,3,True,True,9,physical,5,43,56.944959,0.2222222222222222
padded_benes_16x16,default,0-8-3-4-2-5-6-7-1,failed,9,6,3,0,49,13,8,I0-I1:2;I0-I3:2;I0-I5:4;I0-I6:4;I0-I8:2;I1-I3:3;I1-I5:3;I3-I5:8;I3-I6:4;I3-I8:3;I5-I6:6;I5-I8:3;I6-I8:3,11129.000000,11893.030859,764.030859,6.055430,8.124835,2.069405,0.940177,8.0,3.5,4.0,6.0,10.0,20.0,16.0,48.0,80.0,200.0,False,0.002,0.005,0.1,0.0,0.0,0.0,8000,4000,8,4,37.0,12,105.0,36.0,20.0,785.000000,56,3,3,True,True,9,physical,6,43,77.229105,0.3333333333333333
padded_benes_16x16,default,3-1-4-5-7-0-6-8-2,failed,9,6,3,0,41,12,6,I0-I1:3;I0-I2:2;I0-I6:4;I0-I8:3;I1-I2:4;I1-I6:4;I1-I7:2;I1-I8:2;I2-I6:4;I2-I7:2;I6-I7:6;I6-I8:3,11049.000000,12529.088364,1480.088364,5.855430,7.106284,1.250854,1.249363,8.0,3.5,4.0,6.0,10.0,20.0,16.0,48.0,80.0,200.0,False,0.002,0.005,0.1,0.0,0.0,0.0,8000,4000,8,4,37.0,12,105.0,36.0,20.0,785.000000,47,3,3,True,True,9,physical,7,43,70.711173,0.3333333333333333
padded_benes_16x16,default,3-7-1-6-0-4-8-2-5,failed,9,6,3,0,57,12,13,I0-I1:2;I0-I3:2;I0-I8:2;I1-I2:3;I1-I3:13;I1-I5:7;I2-I3:6;I2-I5:4;I2-I8:2;I3-I5:7;I3-I8:3;I5-I8:4,10801.000000,12270.402529,1469.402529,5.618096,8.021164,2.403069,1.614968,8.0,3.5,4.0,6.0,10.0,20.0,16.0,48.0,80.0,200.0,False,0.002,0.005,0.1,0.0,0.0,0.0,8000,4000,8,4,37.0,12,105.0,36.0,20.0,785.000000,51,3,3,True,True,9,physical,8,43,75.085465,0.3333333333333333
padded_benes_16x16,default,2-4-1-7-8-3-0-6-5,failed,9,7,2,0,83,20,8,I0-I1:2;I0-I2:3;I0-I3:2;I0-I5:6;I0-I8:2;I1-I2:5;I1-I3:8;I1-I5:3;I1-I7:4;I1-I8:2;I2-I3:6;I2-I5:4;I2-I7:4;I2-I8:2;I3-I5:3;I3-I7:7;I3-I8:3;I5-I7:6;I5-I8:4;I7-I8:7,10801.000000,14607.021978,3806.021978,5.735430,8.707247,2.971817,2.034149,8.0,3.5,4.0,6.0,10.0,20.0,16.0,48.0,80.0,200.0,False,0.002,0.005,0.1,0.0,0.0,0.0,8000,4000,8,4,37.0,12,105.0,36.0,20.0,785.000000,60,3,3,True,True,9,physical,9,43,89.044497,0.2222222222222222
waksman_9x9,default,6-8-7-2-3-1-5-4-0,failed,9,6,3,0,31,7,5,I0-I1:2;I0-I2:4;I1-I2:3;I2-I6:3;I4-I6:2;I4-I7:4;I6-I7:5,8537.000000,10264.973355,1727.973355,4.270463,5.612354,1.341890,1.226324,8.0,3.5,4.0,6.0,10.0,20.0,16.0,48.0,80.0,200.0,False,0.002,0.005,0.1,0.0,0.0,0.0,8000,4000,8,4,37.0,12,105.0,36.0,20.0,785.000000,30,3,3,True,True,9,physical,0,43,41.228407,0.3333333333333333
waksman_9x9,default,5-1-2-3-6-0-4-8-7,failed,9,7,2,0,53,17,6,I0-I1:3;I0-I3:3;I0-I4:4;I0-I6:3;I0-I7:2;I0-I8:2;I1-I3:4;I1-I6:2;I1-I7:2;I3-I4:2;I3-I6:4;I3-I7:2;I4-I6:3;I4-I7:6;I4-I8:4;I6-I7:4;I6-I8:2,8537.000000,11908.760951,3371.760951,4.159197,5.813238,1.654042,1.772789,8.0,3.5,4.0,6.0,10.0,20.0,16.0,48.0,80.0,200.0,False,0.002,0.005,0.1,0.0,0.0,0.0,8000,4000,8,4,37.0,12,105.0,36.0,20.0,785.000000,31,3,3,True,True,9,physical,1,43,40.212828,0.2222222222222222
waksman_9x9,default,2-5-7-4-0-1-3-6-8,failed,9,7,2,0,47,12,6,I1-I2:2;I1-I3:5;I1-I7:2;I1-I8:2;I2-I3:5;I2-I7:5;I2-I8:2;I3-I7:2;I3-I8:2;I4-I6:6;I4-I7:4;I6-I7:4,8537.000000,12345.199006,3808.199006,4.720097,5.943035,1.222939,1.830771,8.0,3.5,4.0,6.0,10.0,20.0,16.0,48.0,80.0,200.0,False,0.002,0.005,0.1,0.0,0.0,0.0,8000,4000,8,4,37.0,12,105.0,36.0,20.0,785.000000,47,3,3,True,True,9,physical,2,43,50.269540,0.2222222222222222
waksman_9x9,default,0-8-5-6-3-4-7-1-2,failed,9,5,4,0,33,9,6,I0-I4:4;I0-I5:2;I0-I6:2;I0-I7:6;I4-I5:2;I4-I6:2;I4-I7:5;I5-I7:5;I6-I7:5,8537.000000,9052.995484,515.995484,4.063131,6.917650,2.854519,1.680998,8.0,3.5,4.0,6.0,10.0,20.0,16.0,48.0,80.0,200.0,False,0.002,0.005,0.1,0.0,0.0,0.0,8000,4000,8,4,37.0,12,105.0,36.0,20.0,785.000000,35,3,3,True,True,9,physical,3,43,43.610506,0.4444444444444444
waksman_9x9,default,1-8-3-5-4-7-0-6-2,failed,9,5,4,0,21,5,6,I0-I1:4;I0-I2:6;I0-I5:2;I2-I5:2;I2-I8:3,8537.000000,8237.915851,-299.084149,4.121796,5.494695,1.372899,0.823766,8.0,3.5,4.0,6.0,10.0,20.0,16.0,48.0,80.0,200.0,False,0.002,0.005,0.1,0.0,0.0,0.0,8000,4000,8,4,37.0,12,105.0,36.0,20.0,785.000000,57,3,4,True,True,9,physical,4,43,74.278497,0.4444444444444444
waksman_9x9,default,1-3-6-5-7-0-8-4-2,failed,9,5,4,0,22,8,4,I0-I1:4;I0-I2:2;I0-I7:2;I0-I8:2;I1-I2:2;I1-I7:2;I1-I8:3;I7-I8:3,8537.000000,7861.814090,-675.185910,4.107864,4.616106,0.508242,0.877126,8.0,3.5,4.0,6.0,10.0,20.0,16.0,48.0,80.0,200.0,False,0.002,0.005,0.1,0.0,0.0,0.0,8000,4000,8,4,37.0,12,105.0,36.0,20.0,785.000000,34,3,3,True,True,9,physical,5,43,34.160147,0.4444444444444444
waksman_9x9,default,0-8-3-4-2-5-6-7-1,failed,9,5,4,0,31,9,8,I0-I3:4;I0-I4:2;I0-I6:2;I0-I7:2;I3-I6:4;I3-I7:2;I4-I6:4;I4-I7:2;I6-I7:8,8537.000000,8812.163631,275.163631,4.114463,6.249946,2.135483,1.809465,8.0,3.5,4.0,6.0,10.0,20.0,16.0,48.0,80.0,200.0,False,0.002,0.005,0.1,0.0,0.0,0.0,8000,4000,8,4,37.0,12,105.0,36.0,20.0,785.000000,41,3,3,True,True,9,physical,6,43,48.621968,0.4444444444444444
waksman_9x9,default,3-1-4-5-7-0-6-8-2,failed,9,5,4,0,21,7,4,I0-I3:2;I0-I4:2;I0-I6:2;I0-I8:3;I3-I4:4;I3-I6:2;I4-I6:3,8537.000000,8460.499925,-76.500075,4.159197,5.077780,0.918584,1.273600,8.0,3.5,4.0,6.0,10.0,20.0,16.0,48.0,80.0,200.0,False,0.002,0.005,0.1,0.0,0.0,0.0,8000,4000,8,4,37.0,12,105.0,36.0,20.0,785.000000,35,3,3,True,True,9,physical,7,43,40.168957,0.4444444444444444
waksman_9x9,default,3-7-1-6-0-4-8-2-5,failed,9,5,4,0,31,7,11,I1-I6:2;I2-I5:2;I2-I6:2;I2-I7:2;I5-I6:4;I5-I7:5;I6-I7:11,8537.000000,8647.477796,110.477796,4.107864,6.366736,2.258872,1.532991,8.0,3.5,4.0,6.0,10.0,20.0,16.0,48.0,80.0,200.0,False,0.002,0.005,0.1,0.0,0.0,0.0,8000,4000,8,4,37.0,12,105.0,36.0,20.0,785.000000,44,3,3,True,True,9,physical,8,43,45.341871,0.4444444444444444
waksman_9x9,default,2-4-1-7-8-3-0-6-5,failed,9,7,2,0,60,18,5,I1-I2:3;I1-I3:4;I1-I6:3;I1-I7:2;I1-I8:2;I2-I3:4;I2-I5:2;I2-I6:3;I2-I7:2;I2-I8:2;I3-I6:3;I3-I7:5;I5-I6:5;I5-I7:4;I5-I8:2;I6-I7:4;I6-I8:4;I7-I8:3,8537.000000,12108.176878,3571.176878,3.951864,6.280694,2.328830,2.006336,8.0,3.5,4.0,6.0,10.0,20.0,16.0,48.0,80.0,200.0,False,0.002,0.005,0.1,0.0,0.0,0.0,8000,4000,8,4,37.0,12,105.0,36.0,20.0,785.000000,35,3,3,True,True,9,physical,9,43,36.222886,0.2222222222222222
spanke_benes_9x9,default,6-8-7-2-3-1-5-4-0,routed,9,9,0,0,45,6,6,I0-I1:2;I0-I2:2;I3-I4:6;I3-I5:5;I4-I6:2;I4-I7:2,16013.000000,24048.610417,8035.610417,4.132327,8.307230,4.174903,2.954580,8.0,3.5,4.0,6.0,10.0,20.0,16.0,48.0,80.0,200.0,False,0.002,0.005,0.1,0.0,0.0,0.0,8000,4000,8,4,37.0,12,105.0,36.0,20.0,1625.000000,11,3,1,True,False,9,physical,0,43,10.609461,0.0
spanke_benes_9x9,default,5-1-2-3-6-0-4-8-7,routed,9,9,0,0,63,10,12,I0-I3:3;I0-I4:6;I0-I6:5;I1-I2:12;I1-I5:7;I2-I3:10;I2-I6:2;I3-I6:6;I4-I7:2;I4-I8:2,16013.000000,24839.575041,8826.575041,4.329227,10.531210,6.201982,3.511461,8.0,3.5,4.0,6.0,10.0,20.0,16.0,48.0,80.0,200.0,False,0.002,0.005,0.1,0.0,0.0,0.0,8000,4000,8,4,37.0,12,105.0,36.0,20.0,1625.000000,31,3,1,True,False,9,physical,1,43,28.745797,0.0
spanke_benes_9x9,default,2-5-7-4-0-1-3-6-8,routed,9,9,0,0,60,11,8,I0-I1:4;I0-I3:2;I0-I5:7;I0-I6:6;I1-I2:2;I1-I3:5;I1-I7:4;I2-I7:3;I2-I8:2;I3-I6:7;I4-I5:8,16013.000000,24522.013096,8509.013096,4.197961,8.974527,4.776566,3.372558,8.0,3.5,4.0,6.0,10.0,20.0,16.0,48.0,80.0,200.0,False,0.002,0.005,0.1,0.0,0.0,0.0,8000,4000,8,4,37.0,12,105.0,36.0,20.0,1625.000000,27,3,1,True,False,9,physical,2,43,18.636736,0.0
spanke_benes_9x9,default,0-8-5-6-3-4-7-1-2,routed,9,9,0,0,51,9,6,I0-I1:2;I0-I2:4;I0-I4:6;I0-I7:4;I2-I3:4;I2-I5:3;I3-I6:2;I4-I5:4;I7-I8:2,16013.000000,24166.114858,8153.114858,4.132327,8.302062,4.169734,3.100692,8.0,3.5,4.0,6.0,10.0,20.0,16.0,48.0,80.0,200.0,False,0.002,0.005,0.1,0.0,0.0,0.0,8000,4000,8,4,37.0,12,105.0,36.0,20.0,1625.000000,17,3,1,True,False,9,physical,3,43,13.642468,0.0
spanke_benes_9x9,default,1-8-3-5-4-7-0-6-2,routed,9,9,0,0,53,9,10,I0-I1:2;I0-I2:10;I0-I6:5;I0-I8:2;I2-I3:2;I2-I4:6;I3-I4:5;I3-I5:2;I3-I7:2,16013.000000,24280.844949,8267.844949,4.263594,9.513328,5.249734,3.167854,8.0,3.5,4.0,6.0,10.0,20.0,16.0,48.0,80.0,200.0,False,0.002,0.005,0.1,0.0,0.0,0.0,8000,4000,8,4,37.0,12,105.0,36.0,20.0,1625.000000,20,3,1,True,False,9,physical,4,43,15.061273,0.0
spanke_benes_9x9,default,1-3-6-5-7-0-8-4-2,routed,9,9,0,0,58,10,12,I0-I1:12;I0-I5:7;I0-I8:2;I1-I2:2;I1-I3:6;I1-I7:2;I2-I3:5;I2-I4:4;I4-I6:2;I5-I8:2,16013.000000,24495.136986,8482.136986,4.329227,10.200378,5.871150,3.325475,8.0,3.5,4.0,6.0,10.0,20.0,16.0,48.0,80.0,200.0,False,0.002,0.005,0.1,0.0,0.0,0.0,8000,4000,8,4,37.0,12,105.0,36.0,20.0,1625.000000,23,3,1,True,False,9,physical,5,43,19.172904,0.0
spanke_benes_9x9,default,0-8-3-4-2-5-6-7-1,routed,9,9,0,0,57,9,8,I0-I1:2;I0-I2:4;I0-I4:8;I0-I8:2;I2-I3:8;I2-I4:7;I3-I5:6;I5-I6:4;I6-I7:2,16013.000000,24344.743188,8331.743188,4.263594,9.724160,5.460566,3.263721,8.0,3.5,4.0,6.0,10.0,20.0,16.0,48.0,80.0,200.0,False,0.002,0.005,0.1,0.0,0.0,0.0,8000,4000,8,4,37.0,12,105.0,36.0,20.0,1625.000000,22,3,1,True,False,9,physical,6,43,20.707465,0.0
spanke_benes_9x9,default,3-1-4-5-7-0-6-8-2,routed,9,9,0,0,61,10,11,I0-I1:11;I0-I2:10;I1-I5:7;I1-I8:2;I2-I3:8;I3-I4:2;I3-I6:4;I4-I6:3;I4-I7:2;I5-I8:2,16013.000000,24619.721060,8606.721060,4.316560,9.924419,5.607858,3.417605,8.0,3.5,4.0,6.0,10.0,20.0,16.0,48.0,80.0,200.0,False,0.002,0.005,0.1,0.0,0.0,0.0,8000,4000,8,4,37.0,12,105.0,36.0,20.0,1625.000000,26,3,1,True,False,9,physical,7,43,22.412815,0.0
spanke_benes_9x9,default,3-7-1-6-0-4-8-2-5,routed,9,9,0,0,61,12,9,I0-I1:2;I0-I2:7;I0-I3:2;I0-I5:8;I0-I7:3;I1-I3:3;I1-I6:2;I2-I4:9;I2-I7:4;I3-I5:3;I4-I7:4;I5-I8:2,16013.000000,24630.800692,8617.800692,4.143594,9.478036,5.334442,3.431178,8.0,3.5,4.0,6.0,10.0,20.0,16.0,48.0,80.0,200.0,False,0.002,0.005,0.1,0.0,0.0,0.0,8000,4000,8,4,37.0,12,105.0,36.0,20.0,1625.000000,25,3,1,True,False,9,physical,8,43,19.221148,0.0
spanke_benes_9x9,default,2-4-1-7-8-3-0-6-5,routed,9,9,0,0,56,9,11,I0-I1:6;I0-I2:11;I0-I5:6;I1-I3:4;I1-I5:5;I1-I7:2;I1-I8:2;I2-I6:5;I3-I4:2,16013.000000,24472.698931,8459.698931,4.263594,9.784868,5.521274,3.277711,8.0,3.5,4.0,6.0,10.0,20.0,16.0,48.0,80.0,200.0,False,0.002,0.005,0.1,0.0,0.0,0.0,8000,4000,8,4,37.0,12,105.0,36.0,20.0,1625.000000,24,3,1,True,False,9,physical,9,43,19.546920,0.0
spanke_benes_rect_9x9,default,6-8-7-2-3-1-5-4-0,routed,9,9,0,0,45,6,5,I0-I1:2;I0-I2:2;I3-I4:4;I3-I5:3;I4-I7:4;I6-I7:5,10343.000000,18663.982086,8320.982086,2.755361,6.340140,3.584779,3.027996,8.0,3.5,4.0,6.0,10.0,20.0,16.0,48.0,80.0,200.0,False,0.002,0.005,0.1,0.0,0.0,0.0,8000,4000,8,4,37.0,12,105.0,36.0,20.0,995.000000,11,3,1,True,False,9,physical,0,43,5.576308,0.0
spanke_benes_rect_9x9,default,5-1-2-3-6-0-4-8-7,routed,9,9,0,0,63,10,9,I0-I4:4;I0-I6:5;I1-I2:6;I1-I5:5;I2-I3:8;I3-I6:6;I4-I6:3;I4-I8:8;I6-I7:2;I7-I8:9,10343.000000,19379.238747,9036.238747,2.755361,6.736017,3.980656,3.566942,8.0,3.5,4.0,6.0,10.0,20.0,16.0,48.0,80.0,200.0,False,0.002,0.005,0.1,0.0,0.0,0.0,8000,4000,8,4,37.0,12,105.0,36.0,20.0,995.000000,31,3,1,True,False,9,physical,1,43,19.367042,0.0
spanke_benes_rect_9x9,default,2-5-7-4-0-1-3-6-8,routed,9,9,0,0,58,13,6,I0-I1:2;I0-I3:2;I0-I5:3;I0-I6:4;I1-I3:5;I1-I7:4;I2-I7:5;I2-I8:4;I3-I6:3;I4-I5:6;I5-I6:2;I6-I7:4;I7-I8:4,10343.000000,19178.362637,8835.362637,2.768028,6.711268,3.943240,3.414525,8.0,3.5,4.0,6.0,10.0,20.0,16.0,48.0,80.0,200.0,False,0.002,0.005,0.1,0.0,0.0,0.0,8000,4000,8,4,37.0,12,105.0,36.0,20.0,995.000000,25,3,1,True,False,9,physical,2,43,15.401793,0.0
spanke_benes_rect_9x9,default,0-8-5-6-3-4-7-1-2,routed,9,9,0,0,51,11,4,I0-I1:2;I0-I2:2;I0-I4:2;I0-I7:4;I2-I3:4;I2-I5:3;I3-I6:4;I4-I5:4;I4-I8:3;I5-I6:2;I7-I8:2,10343.000000,18946.858196,8603.858196,2.806694,6.513804,3.707109,3.220857,8.0,3.5,4.0,6.0,10.0,20.0,16.0,48.0,80.0,200.0,False,0.002,0.005,0.1,0.0,0.0,0.0,8000,4000,8,4,37.0,12,105.0,36.0,20.0,995.000000,18,3,1,True,False,9,physical,3,43,11.533772,0.0
spanke_benes_rect_9x9,default,1-8-3-5-4-7-0-6-2,routed,9,9,0,0,53,12,5,I0-I1:2;I0-I2:4;I0-I6:3;I0-I8:2;I2-I3:2;I2-I4:4;I2-I8:3;I3-I4:5;I3-I7:4;I4-I5:2;I5-I7:5;I6-I7:2,10343.000000,19049.442270,8706.442270,2.768028,6.700347,3.932319,3.285876,8.0,3.5,4.0,6.0,10.0,20.0,16.0,48.0,80.0,200.0,False,0.002,0.005,0.1,0.0,0.0,0.0,8000,4000,8,4,37.0,12,105.0,36.0,20.0,995.000000,23,3,1,True,False,9,physical,4,43,13.173765,0.0
spanke_benes_rect_9x9,default,1-3-6-5-7-0-8-4-2,routed,9,9,0,0,60,11,8,I0-I1:6;I0-I5:5;I0-I8:2;I1-I3:2;I1-I7:4;I1-I8:3;I2-I3:5;I2-I4:6;I3-I7:5;I4-I6:8;I5-I8:2,10343.000000,19082.070600,8739.070600,2.768028,6.752017,3.983989,3.438682,8.0,3.5,4.0,6.0,10.0,20.0,16.0,48.0,80.0,200.0,False,0.002,0.005,0.1,0.0,0.0,0.0,8000,4000,8,4,37.0,12,105.0,36.0,20.0,995.000000,23,3,1,True,False,9,physical,5,43,14.093894,0.0
spanke_benes_rect_9x9,default,0-8-3-4-2-5-6-7-1,routed,9,9,0,0,59,10,10,I0-I1:2;I0-I2:2;I0-I4:4;I0-I8:2;I2-I3:6;I2-I4:5;I3-I5:6;I4-I5:2;I5-I6:6;I6-I7:10,10343.000000,19218.756435,8875.756435,2.741061,6.796017,4.054956,3.451835,8.0,3.5,4.0,6.0,10.0,20.0,16.0,48.0,80.0,200.0,False,0.002,0.005,0.1,0.0,0.0,0.0,8000,4000,8,4,37.0,12,105.0,36.0,20.0,995.000000,26,3,1,True,False,9,physical,6,43,14.388233,0.0
spanke_benes_rect_9x9,default,3-1-4-5-7-0-6-8-2,routed,9,9,0,0,63,11,8,I0-I1:5;I0-I2:6;I0-I8:3;I1-I5:5;I1-I8:2;I2-I3:8;I3-I6:6;I4-I6:7;I4-I7:8;I5-I8:2;I6-I7:2,10343.000000,19223.530784,8880.530784,2.729362,6.956306,4.226944,3.531229,8.0,3.5,4.0,6.0,10.0,20.0,16.0,48.0,80.0,200.0,False,0.002,0.005,0.1,0.0,0.0,0.0,8000,4000,8,4,37.0,12,105.0,36.0,20.0,995.000000,27,3,1,True,False,9,physical,7,43,15.282325,0.0
spanke_benes_rect_9x9,default,3-7-1-6-0-4-8-2-5,routed,9,9,0,0,57,14,6,I0-I1:2;I0-I5:4;I0-I7:5;I1-I3:3;I1-I6:2;I2-I3:2;I2-I4:5;I2-I7:4;I3-I6:2;I3-I8:3;I4-I5:2;I4-I7:2;I5-I8:6;I6-I8:3,10343.000000,19158.026343,8815.026343,2.806694,6.731508,3.924814,3.396673,8.0,3.5,4.0,6.0,10.0,20.0,16.0,48.0,80.0,200.0,False,0.002,0.005,0.1,0.0,0.0,0.0,8000,4000,8,4,37.0,12,105.0,36.0,20.0,995.000000,25,3,1,True,False,9,physical,8,43,14.698683,0.0
spanke_benes_rect_9x9,default,2-4-1-7-8-3-0-6-5,routed,9,9,0,0,56,11,6,I0-I1:2;I0-I2:5;I0-I5:6;I1-I5:5;I1-I8:6;I2-I3:2;I2-I6:3;I3-I4:4;I3-I7:5;I6-I7:2;I7-I8:5,10343.000000,18984.654674,8641.654674,2.768028,6.660347,3.892319,3.325923,8.0,3.5,4.0,6.0,10.0,20.0,16.0,48.0,80.0,200.0,False,0.002,0.005,0.1,0.0,0.0,0.0,8000,4000,8,4,37.0,12,105.0,36.0,20.0,995.000000,24,3,1,True,False,9,physical,9,43,14.092177,0.0
padded_benes_16x16,default,8-1-5-6-9-7-3-2-4-0,failed,10,7,3,0,72,19,8,I0-I1:3;I0-I2:3;I0-I5:3;I0-I6:3;I1-I2:4;I1-I3:2;I1-I5:4;I1-I6:4;I1-I8:2;I2-I3:8;I2-I5:4;I2-I6:3;I2-I8:3;I3-I5:6;I3-I6:3;I3-I8:3;I5-I6:5;I5-I8:5;I6-I8:2,12130.000000,14502.336143,2372.336143,5.950763,7.700002,1.749239,1.484096,8.0,3.5,4.0,6.0,10.0,20.0,16.0,48.0,80.0,200.0,False,0.002,0.005,0.1,0.0,0.0,0.0,8000,4000,8,4,37.0,12,105.0,36.0,20.0,785.000000,51,3,3,True,True,10,physical,0,43,89.460762,0.3
padded_benes_16x16,default,5-8-1-3-7-2-4-6-0-9,failed,10,5,5,0,36,9,11,I1-I2:3;I1-I4:3;I1-I9:2;I2-I4:4;I2-I7:4;I2-I9:4;I4-I7:11;I4-I9:2;I7-I9:2,12370.000000,10948.176878,-1421.823122,5.963430,8.306120,2.342690,0.823271,8.0,3.5,4.0,6.0,10.0,20.0,16.0,48.0,80.0,200.0,False,0.002,0.005,0.1,0.0,0.0,0.0,8000,4000,8,4,37.0,12,105.0,36.0,20.0,785.000000,42,3,3,True,True,10,physical,1,43,67.233312,0.5
padded_benes_16x16,default,4-6-2-5-9-7-3-8-1-0,failed,10,6,4,0,38,11,6,I0-I1:4;I0-I2:3;I0-I3:4;I0-I4:2;I1-I2:3;I1-I3:3;I1-I4:2;I2-I3:6;I2-I4:2;I2-I9:3;I3-I4:2,11890.000000,11498.446786,-391.553214,5.358763,6.506085,1.147322,0.676649,8.0,3.5,4.0,6.0,10.0,20.0,16.0,48.0,80.0,200.0,False,0.002,0.005,0.1,0.0,0.0,0.0,8000,4000,8,4,37.0,12,105.0,36.0,20.0,785.000000,41,3,4,True,True,10,physical,2,43,47.364644,0.4
padded_benes_16x16,default,5-9-8-0-3-1-7-4-6-2,failed,10,6,4,0,45,14,5,I0-I2:2;I0-I3:3;I0-I4:3;I0-I6:4;I0-I8:2;I2-I3:3;I2-I4:3;I2-I6:3;I3-I4:4;I3-I6:4;I3-I8:2;I4-I6:4;I4-I8:2;I6-I8:5,12530.000000,12478.402529,-51.597471,5.922763,7.311460,1.388697,0.786968,8.0,3.5,4.0,6.0,10.0,20.0,16.0,48.0,80.0,200.0,False,0.002,0.005,0.1,0.0,0.0,0.0,8000,4000,8,4,37.0,12,105.0,36.0,20.0,785.000000,50,3,3,True,True,10,physical,3,43,71.398208,0.4
padded_benes_16x16,default,1-3-5-4-8-6-7-9-0-2,failed,10,7,3,0,63,14,8,I0-I1:2;I0-I5:4;I0-I6:4;I0-I9:2;I1-I3:2;I1-I5:4;I1-I6:4;I1-I9:5;I3-I5:4;I3-I6:4;I5-I6:8;I6-I8:3;I6-I9:3;I8-I9:8,12210.000000,14812.977721,2602.977721,5.906763,8.176957,2.270195,1.506422,8.0,3.5,4.0,6.0,10.0,20.0,16.0,48.0,80.0,200.0,False,0.002,0.005,0.1,0.0,0.0,0.0,8000,4000,8,4,37.0,12,105.0,36.0,20.0,785.000000,40,3,3,True,True,10,physical,4,43,55.179654,0.3
padded_benes_16x16,default,8-6-0-9-3-4-2-5-7-1,failed,10,6,4,0,62,15,7,I1-I2:5;I1-I3:2;I1-I4:3;I1-I5:5;I1-I8:4;I2-I3:6;I2-I4:4;I2-I5:4;I2-I8:2;I3-I4:7;I3-I5:7;I3-I8:3;I4-I5:4;I4-I8:2;I5-I8:4,12530.000000,12880.942345,350.942345,5.805429,8.205665,2.400237,1.564814,8.0,3.5,4.0,6.0,10.0,20.0,16.0,48.0,80.0,200.0,False,0.002,0.005,0.1,0.0,0.0,0.0,8000,4000,8,4,37.0,12,105.0,36.0,20.0,785.000000,62,3,3,True,True,10,physical,5,43,97.460778,0.4
padded_benes_16x16,default,7-3-6-8-1-9-2-4-0-5,failed,10,6,4,0,54,11,9,I1-I2:2;I1-I4:3;I1-I7:4;I2-I4:5;I2-I7:5;I2-I9:9;I4-I7:6;I4-I8:3;I4-I9:2;I7-I9:8;I8-I9:4,12450.000000,13224.606051,774.606051,5.763430,8.285164,2.521734,1.554702,8.0,3.5,4.0,6.0,10.0,20.0,16.0,48.0,80.0,200.0,False,0.002,0.005,0.1,0.0,0.0,0.0,8000,4000,8,4,37.0,12,105.0,36.0,20.0,785.000000,44,3,3,True,True,10,physical,6,43,63.077111,0.4
padded_benes_16x16,default,2-9-1-6-0-3-8-5-7-4,failed,10,5,5,0,35,7,10,I0-I5:4;I2-I5:6;I2-I7:4;I2-I8:2;I5-I7:4;I5-I8:4;I7-I8:10,12130.000000,10982.614933,-1147.385067,5.935430,7.855996,1.920566,1.094846,8.0,3.5,4.0,6.0,10.0,20.0,16.0,48.0,80.0,200.0,False,0.002,0.005,0.1,0.0,0.0,0.0,8000,4000,8,4,37.0,12,105.0,36.0,20.0,785.000000,68,3,3,True,True,10,physical,7,43,100.749528,0.5
padded_benes_16x16,default,3-4-0-8-7-9-6-1-2-5,failed,10,5,5,0,39,8,8,I0-I1:2;I0-I4:4;I1-I2:3;I1-I4:4;I1-I6:8;I2-I4:6;I2-I6:4;I4-I6:7,12290.000000,10107.389282,-2182.610718,5.899430,7.777624,1.878195,1.086556,8.0,3.5,4.0,6.0,10.0,20.0,16.0,48.0,80.0,200.0,False,0.002,0.005,0.1,0.0,0.0,0.0,8000,4000,8,4,37.0,12,105.0,36.0,20.0,785.000000,51,3,3,True,True,10,physical,8,43,104.271149,0.5
padded_benes_16x16,default,3-4-9-1-5-6-8-2-0-7,failed,10,6,4,0,61,14,8,I0-I2:2;I0-I3:3;I0-I4:6;I0-I6:2;I2-I3:5;I2-I4:3;I2-I5:3;I2-I6:5;I3-I4:4;I3-I5:4;I3-I6:2;I4-I5:8;I4-I6:8;I5-I6:6,12290.000000,13664.212253,1374.212253,5.818096,9.131541,3.313446,2.064071,8.0,3.5,4.0,6.0,10.0,20.0,16.0,48.0,80.0,200.0,False,0.002,0.005,0.1,0.0,0.0,0.0,8000,4000,8,4,37.0,12,105.0,36.0,20.0,785.000000,61,3,3,True,True,10,physical,9,43,89.882061,0.4
waksman_10x10,default,8-1-5-6-9-7-3-2-4-0,failed,10,8,2,0,69,20,9,I1-I2:2;I1-I3:2;I1-I4:2;I1-I5:2;I1-I6:2;I1-I7:2;I1-I9:3;I2-I3:6;I2-I4:2;I2-I5:2;I3-I4:2;I3-I5:4;I3-I6:3;I3-I7:3;I4-I6:3;I4-I7:3;I5-I6:3;I5-I7:3;I6-I7:9;I7-I9:3,9818.000000,14639.190125,4821.190125,4.208163,7.622984,3.414821,1.946173,8.0,3.5,4.0,6.0,10.0,20.0,16.0,48.0,80.0,200.0,False,0.002,0.005,0.1,0.0,0.0,0.0,8000,4000,8,4,37.0,12,105.0,36.0,20.0,785.000000,42,3,3,True,True,10,physical,0,43,91.431854,0.2
waksman_10x10,default,5-8-1-3-7-2-4-6-0-9,failed,10,6,4,0,39,13,4,I0-I1:2;I0-I2:3;I0-I3:3;I0-I7:2;I0-I9:4;I1-I2:3;I1-I3:3;I1-I9:4;I2-I3:4;I2-I7:2;I2-I9:2;I3-I7:2;I7-I9:4,9818.000000,10453.995484,635.995484,5.319430,5.730943,0.411513,1.423498,8.0,3.5,4.0,6.0,10.0,20.0,16.0,48.0,80.0,200.0,False,0.002,0.005,0.1,0.0,0.0,0.0,8000,4000,8,4,37.0,12,105.0,36.0,20.0,785.000000,57,3,3,True,True,10,physical,1,43,82.374119,0.4
waksman_10x10,default,4-6-2-5-9-7-3-8-1-0,failed,10,7,3,0,45,12,7,I2-I3:4;I2-I4:2;I2-I5:2;I2-I7:2;I2-I8:3;I3-I4:2;I3-I5:2;I3-I7:4;I4-I5:7;I4-I7:3;I5-I7:2;I8-I9:3,9818.000000,11647.783080,1829.783080,4.107864,5.905320,1.797456,1.123509,8.0,3.5,4.0,6.0,10.0,20.0,16.0,48.0,80.0,200.0,False,0.002,0.005,0.1,0.0,0.0,0.0,8000,4000,8,4,37.0,12,105.0,36.0,20.0,785.000000,37,3,3,True,True,10,physical,2,43,50.556480,0.3
waksman_10x10,default,5-9-8-0-3-1-7-4-6-2,failed,10,7,3,0,44,15,4,I0-I1:4;I0-I3:3;I0-I4:3;I0-I6:2;I0-I8:2;I1-I3:3;I3-I4:2;I3-I5:2;I3-I6:2;I3-I8:2;I4-I5:3;I4-I6:4;I4-I8:2;I5-I6:2;I6-I8:3,9818.000000,12211.256510,2393.256510,4.277796,5.778327,1.500531,1.170073,8.0,3.5,4.0,6.0,10.0,20.0,16.0,48.0,80.0,200.0,False,0.002,0.005,0.1,0.0,0.0,0.0,8000,4000,8,4,37.0,12,105.0,36.0,20.0,785.000000,40,3,3,True,True,10,physical,3,43,78.030963,0.3
waksman_10x10,default,1-3-5-4-8-6-7-9-0-2,failed,10,6,4,0,30,8,6,I0-I4:2;I0-I6:2;I0-I7:2;I0-I9:2;I4-I6:3;I4-I7:2;I6-I7:6;I8-I9:4,9818.000000,9317.893723,-500.106277,4.193796,5.085031,0.891235,0.549965,8.0,3.5,4.0,6.0,10.0,20.0,16.0,48.0,80.0,200.0,False,0.002,0.005,0.1,0.0,0.0,0.0,8000,4000,8,4,37.0,12,105.0,36.0,20.0,785.000000,57,3,3,True,True,10,physical,4,43,58.115791,0.4
waksman_10x10,default,8-6-0-9-3-4-2-5-7-1,failed,10,7,3,0,44,12,4,I0-I1:3;I0-I3:2;I1-I3:2;I1-I5:3;I1-I6:3;I1-I8:4;I5-I6:3;I5-I8:4;I5-I9:3;I6-I8:2;I6-I9:3;I8-I9:3,9818.000000,12192.614933,2374.614933,4.564163,6.372901,1.808738,1.206033,8.0,3.5,4.0,6.0,10.0,20.0,16.0,48.0,80.0,200.0,False,0.002,0.005,0.1,0.0,0.0,0.0,8000,4000,8,4,37.0,12,105.0,36.0,20.0,785.000000,34,3,4,True,True,10,physical,5,43,33.218855,0.3
waksman_10x10,default,7-3-6-8-1-9-2-4-0-5,failed,10,6,4,0,32,8,5,I0-I3:2;I0-I5:2;I0-I7:5;I0-I9:3;I3-I5:2;I5-I7:5;I7-I9:2;I8-I9:4,9818.000000,9905.849465,87.849465,4.408163,5.577320,1.169157,0.898283,8.0,3.5,4.0,6.0,10.0,20.0,16.0,48.0,80.0,200.0,False,0.002,0.005,0.1,0.0,0.0,0.0,8000,4000,8,4,37.0,12,105.0,36.0,20.0,785.000000,30,3,3,True,True,10,physical,6,43,27.102743,0.4
waksman_10x10,default,2-9-1-6-0-3-8-5-7-4,failed,10,5,5,0,34,9,8,I2-I3:8;I2-I5:4;I2-I7:2;I2-I8:2;I3-I7:5;I3-I8:4;I5-I7:2;I5-I8:2;I7-I8:4,9818.000000,9896.513172,78.513172,4.356830,6.124400,1.767570,1.887405,8.0,3.5,4.0,6.0,10.0,20.0,16.0,48.0,80.0,200.0,False,0.002,0.005,0.1,0.0,0.0,0.0,8000,4000,8,4,37.0,12,105.0,36.0,20.0,785.000000,57,3,3,True,True,10,physical,7,43,89.897166,0.5
waksman_10x10,default,3-4-0-8-7-9-6-1-2-5,failed,10,7,3,0,47,13,6,I0-I2:3;I0-I3:4;I0-I4:2;I0-I6:2;I2-I3:6;I2-I4:2;I2-I6:2;I2-I8:2;I2-I9:2;I3-I4:3;I4-I6:5;I4-I9:3;I8-I9:4,9818.000000,12436.278639,2618.278639,4.408163,6.082028,1.673865,1.561937,8.0,3.5,4.0,6.0,10.0,20.0,16.0,48.0,80.0,200.0,False,0.002,0.005,0.1,0.0,0.0,0.0,8000,4000,8,4,37.0,12,105.0,36.0,20.0,785.000000,47,3,3,True,True,10,physical,8,43,63.579069,0.3
waksman_10x10,default,3-4-9-1-5-6-8-2-0-7,failed,10,6,4,0,38,12,5,I1-I5:2;I1-I6:2;I1-I7:3;I1-I9:2;I5-I6:2;I5-I7:3;I5-I8:3;I5-I9:4;I6-I7:5;I7-I8:3;I7-I9:2;I8-I9:4,9818.000000,10754.929098,936.929098,4.615496,6.175702,1.560206,1.225976,8.0,3.5,4.0,6.0,10.0,20.0,16.0,48.0,80.0,200.0,False,0.002,0.005,0.1,0.0,0.0,0.0,8000,4000,8,4,37.0,12,105.0,36.0,20.0,785.000000,38,3,3,True,True,10,physical,9,43,45.238465,0.4
spanke_benes_10x10,default,8-1-5-6-9-7-3-2-4-0,routed,10,10,0,0,60,9,8,I0-I3:3;I0-I4:2;I1-I2:8;I1-I6:2;I1-I7:4;I2-I3:6;I3-I5:2;I6-I7:3;I6-I8:2,20166.000000,30139.141351,9973.141351,4.722260,9.661410,4.939150,3.375628,8.0,3.5,4.0,6.0,10.0,20.0,16.0,48.0,80.0,200.0,False,0.002,0.005,0.1,0.0,0.0,0.0,8000,4000,8,4,37.0,12,105.0,36.0,20.0,1835.000000,16,3,1,True,False,10,physical,0,43,20.724036,0.0
spanke_benes_10x10,default,5-8-1-3-7-2-4-6-0-9,routed,10,10,0,0,68,13,8,I0-I1:2;I0-I3:3;I0-I4:2;I0-I6:5;I0-I7:4;I1-I4:3;I1-I9:2;I2-I3:4;I2-I5:8;I2-I8:3;I3-I5:7;I3-I6:6;I4-I7:3,20166.000000,30507.331627,10341.331627,4.787893,10.344460,5.556566,3.601766,8.0,3.5,4.0,6.0,10.0,20.0,16.0,48.0,80.0,200.0,False,0.002,0.005,0.1,0.0,0.0,0.0,8000,4000,8,4,37.0,12,105.0,36.0,20.0,1835.000000,27,3,1,True,False,10,physical,1,43,26.005849,0.0
spanke_benes_10x10,default,4-6-2-5-9-7-3-8-1-0,routed,10,10,0,0,63,9,8,I0-I1:2;I0-I2:7;I0-I3:8;I0-I6:3;I1-I3:7;I1-I4:2;I1-I5:4;I2-I6:4;I5-I7:2,20166.000000,30244.309498,10078.309498,4.722260,9.876242,5.153982,3.452662,8.0,3.5,4.0,6.0,10.0,20.0,16.0,48.0,80.0,200.0,False,0.002,0.005,0.1,0.0,0.0,0.0,8000,4000,8,4,37.0,12,105.0,36.0,20.0,1835.000000,19,3,1,True,False,10,physical,2,43,21.320060,0.0
spanke_benes_10x10,default,5-9-8-0-3-1-7-4-6-2,routed,10,10,0,0,63,11,10,I0-I1:2;I0-I2:2;I0-I4:3;I0-I6:2;I0-I7:3;I0-I8:2;I3-I4:2;I3-I5:10;I4-I5:7;I4-I7:4;I5-I9:2,20166.000000,30260.309498,10094.309498,4.787893,10.357875,5.569982,3.455862,8.0,3.5,4.0,6.0,10.0,20.0,16.0,48.0,80.0,200.0,False,0.002,0.005,0.1,0.0,0.0,0.0,8000,4000,8,4,37.0,12,105.0,36.0,20.0,1835.000000,19,3,1,True,False,10,physical,3,43,18.530169,0.0
spanke_benes_10x10,default,1-3-5-4-8-6-7-9-0-2,routed,10,10,0,0,72,11,14,I0-I1:14;I0-I8:3;I0-I9:2;I1-I2:2;I1-I3:10;I2-I3:9;I2-I4:2;I2-I5:6;I4-I6:3;I4-I7:2;I5-I6:4,20166.000000,30477.959958,10311.959958,4.919160,11.554558,6.635398,3.666892,8.0,3.5,4.0,6.0,10.0,20.0,16.0,48.0,80.0,200.0,False,0.002,0.005,0.1,0.0,0.0,0.0,8000,4000,8,4,37.0,12,105.0,36.0,20.0,1835.000000,28,3,1,True,False,10,physical,4,43,29.859514,0.0
spanke_benes_10x10,default,8-6-0-9-3-4-2-5-7-1,routed,10,10,0,0,63,11,6,I0-I1:3;I0-I3:2;I1-I2:3;I1-I7:3;I1-I8:2;I2-I4:4;I2-I6:6;I2-I9:2;I4-I5:6;I4-I6:5;I5-I7:4,20166.000000,30254.601535,10088.601535,4.722260,9.637410,4.915150,3.453720,8.0,3.5,4.0,6.0,10.0,20.0,16.0,48.0,80.0,200.0,False,0.002,0.005,0.1,0.0,0.0,0.0,8000,4000,8,4,37.0,12,105.0,36.0,20.0,1835.000000,19,3,1,True,False,10,physical,5,43,21.835744,0.0
spanke_benes_10x10,default,7-3-6-8-1-9-2-4-0-5,routed,10,10,0,0,65,11,6,I0-I2:5;I0-I3:4;I1-I2:6;I1-I4:3;I1-I6:5;I1-I7:4;I1-I9:2;I3-I5:2;I4-I6:6;I4-I8:3;I7-I9:2,20166.000000,30462.703296,10296.703296,4.656627,9.166609,4.509982,3.541841,8.0,3.5,4.0,6.0,10.0,20.0,16.0,48.0,80.0,200.0,False,0.002,0.005,0.1,0.0,0.0,0.0,8000,4000,8,4,37.0,12,105.0,36.0,20.0,1835.000000,21,3,1,True,False,10,physical,6,43,18.708363,0.0
spanke_benes_10x10,default,2-9-1-6-0-3-8-5-7-4,routed,10,10,0,0,70,11,13,I0-I1:2;I0-I2:13;I0-I3:2;I0-I5:10;I2-I4:11;I3-I5:3;I3-I6:2;I3-I7:3;I3-I8:2;I5-I7:4;I5-I9:2,20166.000000,30629.623664,10463.623664,4.799160,11.056434,6.257274,3.665225,8.0,3.5,4.0,6.0,10.0,20.0,16.0,48.0,80.0,200.0,False,0.002,0.005,0.1,0.0,0.0,0.0,8000,4000,8,4,37.0,12,105.0,36.0,20.0,1835.000000,27,3,1,True,False,10,physical,7,43,22.811259,0.0
spanke_benes_10x10,default,3-4-0-8-7-9-6-1-2-5,routed,10,10,0,0,70,12,12,I0-I1:12;I0-I2:9;I0-I8:3;I0-I9:2;I1-I3:2;I1-I4:4;I1-I6:2;I1-I9:2;I2-I7:6;I3-I4:3;I3-I5:2;I7-I8:4,20166.000000,30543.185609,10377.185609,4.853527,10.879509,6.025982,3.649437,8.0,3.5,4.0,6.0,10.0,20.0,16.0,48.0,80.0,200.0,False,0.002,0.005,0.1,0.0,0.0,0.0,8000,4000,8,4,37.0,12,105.0,36.0,20.0,1835.000000,26,3,1,True,False,10,physical,8,43,29.796059,0.0
spanke_benes_10x10,default,3-4-9-1-5-6-8-2-0-7,routed,10,10,0,0,70,10,12,I0-I1:12;I0-I3:7;I0-I7:3;I1-I2:2;I1-I4:8;I3-I7:4;I3-I8:3;I4-I5:6;I5-I6:2;I5-I9:4,20166.000000,30532.601535,10366.601535,4.853527,10.932925,6.079398,3.649320,8.0,3.5,4.0,6.0,10.0,20.0,16.0,48.0,80.0,200.0,False,0.002,0.005,0.1,0.0,0.0,0.0,8000,4000,8,4,37.0,12,105.0,36.0,20.0,1835.000000,28,3,1,True,False,10,physical,9,43,26.431618,0.0
spanke_benes_rect_10x10,default,8-1-5-6-9-7-3-2-4-0,routed,10,10,0,0,60,9,6,I0-I4:2;I0-I5:3;I1-I2:4;I1-I7:4;I2-I3:6;I3-I5:4;I4-I5:3;I6-I7:3;I6-I8:4,12816.000000,23518.278488,10702.278488,3.120993,7.320062,4.199069,3.544956,8.0,3.5,4.0,6.0,10.0,20.0,16.0,48.0,80.0,200.0,False,0.002,0.005,0.1,0.0,0.0,0.0,8000,4000,8,4,37.0,12,105.0,36.0,20.0,1100.000000,19,3,1,True,False,10,physical,0,43,14.174427,0.0
spanke_benes_rect_10x10,default,5-8-1-3-7-2-4-6-0-9,routed,10,10,0,0,68,14,6,I0-I1:2;I0-I6:3;I0-I7:4;I1-I4:3;I1-I9:2;I2-I3:2;I2-I5:6;I3-I5:5;I3-I6:6;I4-I7:5;I4-I9:4;I6-I7:4;I7-I9:2;I8-I9:2,12816.000000,23803.928947,10987.928947,3.120993,7.506564,4.385571,3.749586,8.0,3.5,4.0,6.0,10.0,20.0,16.0,48.0,80.0,200.0,False,0.002,0.005,0.1,0.0,0.0,0.0,8000,4000,8,4,37.0,12,105.0,36.0,20.0,1100.000000,25,3,1,True,False,10,physical,1,43,16.361765,0.0
spanke_benes_rect_10x10,default,4-6-2-5-9-7-3-8-1-0,routed,10,10,0,0,63,12,6,I0-I1:2;I0-I2:3;I0-I3:4;I0-I6:3;I1-I3:5;I1-I5:4;I2-I3:2;I2-I6:2;I3-I5:2;I4-I7:5;I5-I7:6;I6-I7:2,12816.000000,23488.614782,10672.614782,3.082327,7.465726,4.383398,3.591023,8.0,3.5,4.0,6.0,10.0,20.0,16.0,48.0,80.0,200.0,False,0.002,0.005,0.1,0.0,0.0,0.0,8000,4000,8,4,37.0,12,105.0,36.0,20.0,1100.000000,23,3,1,True,False,10,physical,2,43,17.987015,0.0
spanke_benes_rect_10x10,default,5-9-8-0-3-1-7-4-6-2,routed,10,10,0,0,63,11,6,I0-I1:2;I0-I7:3;I0-I8:4;I2-I6:3;I3-I5:6;I4-I5:3;I4-I7:6;I4-I9:3;I5-I9:4;I6-I8:5;I7-I8:2,12816.000000,23514.176727,10698.176727,3.120993,7.209807,4.088814,3.597635,8.0,3.5,4.0,6.0,10.0,20.0,16.0,48.0,80.0,200.0,False,0.002,0.005,0.1,0.0,0.0,0.0,8000,4000,8,4,37.0,12,105.0,36.0,20.0,1100.000000,23,3,1,True,False,10,physical,3,43,18.852931,0.0
spanke_benes_rect_10x10,default,1-3-5-4-8-6-7-9-0-2,routed,10,10,0,0,72,10,8,I0-I1:8;I0-I9:2;I1-I3:8;I2-I3:7;I2-I5:8;I4-I6:7;I4-I7:6;I5-I6:6;I6-I7:2;I8-I9:2,12816.000000,23719.287370,10903.287370,3.043661,7.386564,4.342903,3.801157,8.0,3.5,4.0,6.0,10.0,20.0,16.0,48.0,80.0,200.0,False,0.002,0.005,0.1,0.0,0.0,0.0,8000,4000,8,4,37.0,12,105.0,36.0,20.0,1100.000000,29,3,1,True,False,10,physical,4,43,21.490742,0.0
spanke_benes_rect_10x10,default,8-6-0-9-3-4-2-5-7-1,routed,10,10,0,0,65,14,6,I0-I3:2;I0-I8:3;I1-I7:3;I1-I8:2;I2-I3:2;I2-I4:2;I2-I6:2;I2-I9:2;I4-I5:6;I4-I6:3;I5-I7:4;I6-I7:2;I6-I9:3;I7-I8:6,12816.000000,23735.592654,10919.592654,3.108326,7.521897,4.413571,3.683919,8.0,3.5,4.0,6.0,10.0,20.0,16.0,48.0,80.0,200.0,False,0.002,0.005,0.1,0.0,0.0,0.0,8000,4000,8,4,37.0,12,105.0,36.0,20.0,1100.000000,22,3,1,True,False,10,physical,5,43,15.144500,0.0
spanke_benes_rect_10x10,default,7-3-6-8-1-9-2-4-0-5,routed,10,10,0,0,63,13,4,I0-I2:3;I0-I3:4;I1-I2:2;I1-I6:3;I1-I7:4;I2-I3:2;I2-I9:3;I3-I5:4;I4-I5:2;I4-I6:4;I6-I7:2;I7-I9:4;I8-I9:2,12816.000000,23616.176727,10800.176727,3.082327,7.370894,4.288566,3.618035,8.0,3.5,4.0,6.0,10.0,20.0,16.0,48.0,80.0,200.0,False,0.002,0.005,0.1,0.0,0.0,0.0,8000,4000,8,4,37.0,12,105.0,36.0,20.0,1100.000000,20,3,1,True,False,10,physical,6,43,14.771452,0.0
spanke_benes_rect_10x10,default,2-9-1-6-0-3-8-5-7-4,routed,10,10,0,0,70,13,7,I0-I1:2;I0-I2:7;I0-I5:6;I2-I3:2;I2-I4:5;I3-I7:5;I3-I8:4;I4-I5:2;I5-I7:2;I5-I9:6;I6-I8:7;I7-I8:2;I7-I9:5,12816.000000,23856.513021,11040.513021,3.082327,7.623141,4.540814,3.798103,8.0,3.5,4.0,6.0,10.0,20.0,16.0,48.0,80.0,200.0,False,0.002,0.005,0.1,0.0,0.0,0.0,8000,4000,8,4,37.0,12,105.0,36.0,20.0,1100.000000,30,3,1,True,False,10,physical,7,43,22.183359,0.0
spanke_benes_rect_10x10,default,3-4-0-8-7-9-6-1-2-5,routed,10,10,0,0,68,14,8,I0-I1:8;I0-I2:3;I0-I8:3;I1-I4:2;I1-I9:4;I2-I3:2;I2-I7:4;I3-I4:5;I3-I5:4;I4-I5:2;I4-I6:3;I6-I9:5;I7-I8:4;I8-I9:2,12816.000000,23694.805058,10878.805058,3.082327,7.455980,4.373653,3.724761,8.0,3.5,4.0,6.0,10.0,20.0,16.0,48.0,80.0,200.0,False,0.002,0.005,0.1,0.0,0.0,0.0,8000,4000,8,4,37.0,12,105.0,36.0,20.0,1100.000000,26,3,1,True,False,10,physical,8,43,21.377015,0.0
spanke_benes_rect_10x10,default,3-4-9-1-5-6-8-2-0-7,routed,10,10,0,0,68,10,8,I0-I1:8;I0-I3:3;I0-I7:3;I1-I4:6;I2-I6:3;I3-I7:4;I4-I5:8;I5-I9:6;I6-I9:7;I8-I9:2,12816.000000,23724.951076,10908.951076,3.120993,7.471980,4.350987,3.730290,8.0,3.5,4.0,6.0,10.0,20.0,16.0,48.0,80.0,200.0,False,0.002,0.005,0.1,0.0,0.0,0.0,8000,4000,8,4,37.0,12,105.0,36.0,20.0,1100.000000,27,3,1,True,False,10,physical,9,43,20.859536,0.0
padded_benes_16x16,default,9-1-6-3-10-5-8-7-2-4-0,failed,11,6,5,0,52,13,8,I0-I1:3;I0-I3:3;I0-I5:3;I0-I7:3;I1-I3:6;I1-I5:4;I1-I7:4;I1-I8:2;I3-I5:4;I3-I7:4;I3-I8:3;I5-I7:8;I7-I8:3,13507.000000,13016.548547,-490.451453,6.158096,7.779582,1.621487,1.216850,8.0,3.5,4.0,6.0,10.0,20.0,16.0,48.0,80.0,200.0,False,0.002,0.005,0.1,0.0,0.0,0.0,8000,4000,8,4,37.0,12,105.0,36.0,20.0,785.000000,65,3,3,True,True,11,physical,0,43,112.286746,0.45454545454545453
padded_benes_16x16,default,5-10-1-3-7-2-4-6-8-0-9,failed,11,5,6,0,35,8,11,I1-I2:3;I1-I4:3;I2-I4:4;I2-I7:4;I2-I8:4;I4-I7:11;I4-I8:2;I7-I8:2,13803.000000,10910.030859,-2892.969141,6.163430,8.306120,2.142690,0.686612,8.0,3.5,4.0,6.0,10.0,20.0,16.0,48.0,80.0,200.0,False,0.002,0.005,0.1,0.0,0.0,0.0,8000,4000,8,4,37.0,12,105.0,36.0,20.0,785.000000,47,3,3,True,True,11,physical,1,43,72.477820,0.5454545454545454
padded_benes_16x16,default,2-4-5-3-7-10-8-6-9-1-0,failed,11,7,4,0,53,17,6,I0-I1:2;I0-I2:2;I0-I6:2;I0-I7:4;I0-I8:2;I1-I2:6;I1-I6:2;I1-I7:4;I1-I8:2;I2-I6:2;I2-I7:4;I2-I8:2;I6-I7:3;I6-I8:4;I7-I8:2;I7-I9:3;I8-I9:3,13347.000000,13526.920217,179.920217,6.106763,7.097418,0.990655,0.692834,8.0,3.5,4.0,6.0,10.0,20.0,16.0,48.0,80.0,200.0,False,0.002,0.005,0.1,0.0,0.0,0.0,8000,4000,8,4,37.0,12,105.0,36.0,20.0,785.000000,45,3,3,True,True,11,physical,2,43,66.811412,0.36363636363636365
padded_benes_16x16,default,1-7-6-10-5-0-3-2-4-8-9,failed,11,7,4,0,67,20,5,I0-I2:4;I0-I3:2;I0-I4:4;I0-I6:2;I0-I9:2;I0-I10:2;I2-I3:4;I2-I4:5;I2-I6:3;I2-I9:4;I2-I10:4;I3-I4:5;I3-I6:3;I3-I10:3;I4-I6:5;I4-I9:2;I4-I10:4;I6-I9:2;I6-I10:2;I9-I10:4,13803.000000,14465.606051,662.606051,6.127430,7.430580,1.303150,1.169745,8.0,3.5,4.0,6.0,10.0,20.0,16.0,48.0,80.0,200.0,False,0.002,0.005,0.1,0.0,0.0,0.0,8000,4000,8,4,37.0,12,105.0,36.0,20.0,785.000000,49,3,3,True,True,11,physical,3,43,86.576478,0.36363636363636365
padded_benes_16x16,default,10-7-3-5-0-6-8-1-9-4-2,failed,11,7,4,0,68,18,7,I0-I1:3;I0-I3:3;I0-I4:3;I0-I5:3;I0-I6:3;I0-I8:7;I1-I3:7;I1-I4:5;I1-I5:5;I3-I4:3;I3-I5:4;I3-I6:2;I3-I8:2;I4-I5:6;I4-I6:6;I4-I8:2;I5-I8:2;I6-I8:2,13747.000000,14820.831702,1073.831702,6.099430,7.592957,1.493528,1.343095,8.0,3.5,4.0,6.0,10.0,20.0,16.0,48.0,80.0,200.0,False,0.002,0.005,0.1,0.0,0.0,0.0,8000,4000,8,4,37.0,12,105.0,36.0,20.0,785.000000,52,3,3,True,True,11,physical,4,43,78.362015,0.36363636363636365
padded_benes_16x16,default,3-8-4-2-0-6-1-7-9-5-10,failed,11,5,6,0,25,8,8,I0-I3:3;I0-I8:2;I3-I5:4;I3-I8:2;I3-I10:2;I5-I8:2;I5-I10:2;I8-I10:8,13827.000000,10552.951227,-3274.048773,6.558096,6.953164,0.395069,0.469380,8.0,3.5,4.0,6.0,10.0,20.0,16.0,48.0,80.0,200.0,False,0.002,0.005,0.1,0.0,0.0,0.0,8000,4000,8,4,37.0,12,105.0,36.0,20.0,785.000000,75,3,3,True,True,11,physical,5,43,91.489822,0.5454545454545454
padded_benes_16x16,default,4-7-0-10-6-3-9-8-1-2-5,failed,11,8,3,0,82,21,7,I0-I1:2;I0-I2:3;I0-I3:2;I0-I4:2;I0-I6:2;I0-I10:2;I1-I2:5;I1-I3:2;I1-I4:5;I1-I6:2;I1-I10:3;I2-I3:6;I2-I4:4;I2-I6:2;I2-I8:4;I3-I4:7;I3-I6:7;I4-I6:4;I4-I8:3;I4-I10:3;I8-I10:6,13323.000000,16535.451151,3212.451151,5.699430,8.199748,2.500319,1.540363,8.0,3.5,4.0,6.0,10.0,20.0,16.0,48.0,80.0,200.0,False,0.002,0.005,0.1,0.0,0.0,0.0,8000,4000,8,4,37.0,12,105.0,36.0,20.0,785.000000,39,3,3,True,True,11,physical,6,43,57.404445,0.2727272727272727
padded_benes_16x16,default,4-3-2-10-0-7-8-5-1-9-6,failed,11,7,4,0,57,16,7,I1-I2:7;I1-I3:2;I1-I7:4;I1-I9:2;I2-I3:6;I2-I7:4;I2-I8:3;I2-I9:2;I3-I7:3;I3-I9:3;I7-I8:3;I7-I9:2;I7-I10:4;I8-I9:4;I8-I10:2;I9-I10:3,13563.000000,15234.729941,1671.729941,6.176097,7.948415,1.772319,1.137209,8.0,3.5,4.0,6.0,10.0,20.0,16.0,48.0,80.0,200.0,False,0.002,0.005,0.1,0.0,0.0,0.0,8000,4000,8,4,37.0,12,105.0,36.0,20.0,785.000000,51,3,3,True,True,11,physical,7,43,70.913022,0.36363636363636365
padded_benes_16x16,default,9-2-3-5-10-0-4-7-6-8-1,failed,11,5,6,0,34,10,6,I1-I2:6;I1-I3:2;I1-I7:4;I1-I9:2;I2-I3:6;I2-I7:4;I2-I9:2;I3-I7:4;I3-I9:2;I7-I9:2,13587.000000,10720.659190,-2866.340810,6.048097,7.400916,1.352820,0.733664,8.0,3.5,4.0,6.0,10.0,20.0,16.0,48.0,80.0,200.0,False,0.002,0.005,0.1,0.0,0.0,0.0,8000,4000,8,4,37.0,12,105.0,36.0,20.0,785.000000,65,3,3,True,True,11,physical,8,43,92.399915,0.5454545454545454
padded_benes_16x16,default,9-7-6-10-3-4-8-1-5-0-2,failed,11,7,4,0,70,16,11,I1-I2:11;I1-I4:3;I1-I5:9;I1-I6:4;I2-I4:3;I2-I5:7;I2-I6:2;I2-I8:3;I4-I5:4;I4-I6:2;I4-I8:2;I4-I9:3;I5-I6:4;I5-I8:2;I5-I9:3;I8-I9:3,13563.000000,14977.371519,1414.371519,5.974096,8.705665,2.731570,1.506392,8.0,3.5,4.0,6.0,10.0,20.0,16.0,48.0,80.0,200.0,False,0.002,0.005,0.1,0.0,0.0,0.0,8000,4000,8,4,37.0,12,105.0,36.0,20.0,785.000000,56,3,3,True,True,11,physical,9,43,89.617123,0.36363636363636365
waksman_11x11,default,9-1-6-3-10-5-8-7-2-4-0,failed,11,7,4,0,47,13,6,I0-I1:3;I0-I6:3;I1-I5:2;I1-I6:2;I1-I7:2;I1-I8:2;I1-I9:6;I5-I6:4;I5-I7:2;I5-I9:5;I7-I8:3;I7-I9:3;I8-I9:2,11151.000000,12688.818455,1537.818455,4.629129,6.634197,2.005067,1.186377,8.0,3.5,4.0,6.0,10.0,20.0,16.0,48.0,80.0,200.0,False,0.002,0.005,0.1,0.0,0.0,0.0,8000,4000,8,4,37.0,12,105.0,36.0,20.0,785.000000,46,3,3,True,True,11,physical,0,43,85.339059,0.36363636363636365
waksman_11x11,default,5-10-1-3-7-2-4-6-8-0-9,failed,11,5,6,0,25,7,6,I2-I7:2;I2-I9:3;I7-I8:6;I7-I10:4;I8-I9:3;I8-I10:2;I9-I10:4,11151.000000,9137.915851,-2013.084149,5.419430,5.935403,0.515973,1.123766,8.0,3.5,4.0,6.0,10.0,20.0,16.0,48.0,80.0,200.0,False,0.002,0.005,0.1,0.0,0.0,0.0,8000,4000,8,4,37.0,12,105.0,36.0,20.0,785.000000,71,3,3,True,True,11,physical,1,43,109.633823,0.5454545454545454
waksman_11x11,default,2-4-5-3-7-10-8-6-9-1-0,failed,11,6,5,0,24,6,5,I0-I7:2;I0-I8:2;I4-I5:4;I4-I7:5;I4-I8:2;I8-I9:3,11151.000000,10034.579557,-1116.420443,4.554164,5.736612,1.182448,0.455693,8.0,3.5,4.0,6.0,10.0,20.0,16.0,48.0,80.0,200.0,False,0.002,0.005,0.1,0.0,0.0,0.0,8000,4000,8,4,37.0,12,105.0,36.0,20.0,785.000000,45,3,3,True,True,11,physical,2,43,57.288543,0.45454545454545453
waksman_11x11,default,1-7-6-10-5-0-3-2-4-8-9,failed,11,6,5,0,39,12,6,I0-I2:2;I0-I4:2;I0-I7:4;I0-I9:2;I0-I10:2;I2-I4:3;I2-I9:2;I2-I10:2;I4-I7:5;I4-I9:4;I7-I9:6;I9-I10:4,11151.000000,10777.995484,-373.004516,5.140097,6.370984,1.230887,1.159498,8.0,3.5,4.0,6.0,10.0,20.0,16.0,48.0,80.0,200.0,False,0.002,0.005,0.1,0.0,0.0,0.0,8000,4000,8,4,37.0,12,105.0,36.0,20.0,785.000000,59,3,3,True,True,11,physical,3,43,103.701099,0.45454545454545453
waksman_11x11,default,10-7-3-5-0-6-8-1-9-4-2,failed,11,6,5,0,48,12,7,I1-I3:3;I1-I5:5;I1-I8:2;I1-I9:5;I3-I5:6;I3-I8:2;I4-I5:4;I4-I8:2;I4-I9:2;I5-I8:2;I5-I9:5;I8-I9:7,11151.000000,10838.637061,-312.362939,4.820830,6.958534,2.137704,1.362212,8.0,3.5,4.0,6.0,10.0,20.0,16.0,48.0,80.0,200.0,False,0.002,0.005,0.1,0.0,0.0,0.0,8000,4000,8,4,37.0,12,105.0,36.0,20.0,785.000000,56,3,3,True,True,11,physical,4,43,85.088497,0.45454545454545453
waksman_11x11,default,3-8-4-2-0-6-1-7-9-5-10,failed,11,6,5,0,33,11,7,I0-I3:3;I0-I8:2;I3-I5:4;I3-I8:2;I3-I9:2;I5-I8:2;I5-I9:3;I5-I10:4;I8-I9:7;I8-I10:2;I9-I10:2,11151.000000,10392.433539,-758.566461,5.263430,6.022736,0.759306,1.035811,8.0,3.5,4.0,6.0,10.0,20.0,16.0,48.0,80.0,200.0,False,0.002,0.005,0.1,0.0,0.0,0.0,8000,4000,8,4,37.0,12,105.0,36.0,20.0,785.000000,64,3,3,True,True,11,physical,5,43,90.669622,0.45454545454545453
waksman_11x11,default,4-7-0-10-6-3-9-8-1-2-5,failed,11,5,6,0,26,8,4,I2-I5:4;I2-I7:2;I2-I8:2;I2-I9:2;I5-I7:4;I5-I8:3;I5-I9:3;I8-I9:4,11151.000000,8960.017612,-2190.982388,4.564163,6.601200,2.037037,0.651207,8.0,3.5,4.0,6.0,10.0,20.0,16.0,48.0,80.0,200.0,False,0.002,0.005,0.1,0.0,0.0,0.0,8000,4000,8,4,37.0,12,105.0,36.0,20.0,785.000000,59,3,3,True,True,11,physical,6,43,70.149680,0.5454545454545454
waksman_11x11,default,4-3-2-10-0-7-8-5-1-9-6,failed,11,5,6,0,19,6,5,I1-I2:5;I1-I9:2;I2-I5:2;I5-I9:2;I5-I10:5;I9-I10:3,11151.000000,8984.747704,-2166.252296,4.541497,5.469987,0.928490,0.772899,8.0,3.5,4.0,6.0,10.0,20.0,16.0,48.0,80.0,200.0,False,0.002,0.005,0.1,0.0,0.0,0.0,8000,4000,8,4,37.0,12,105.0,36.0,20.0,785.000000,58,3,3,True,True,11,physical,7,43,96.840886,0.5454545454545454
waksman_11x11,default,9-2-3-5-10-0-4-7-6-8-1,failed,11,6,5,0,24,6,5,I0-I9:5;I3-I6:3;I3-I9:2;I5-I6:2;I5-I9:2;I5-I10:2,11151.000000,10112.973355,-1038.026645,5.135430,5.080152,-0.055278,0.603658,8.0,3.5,4.0,6.0,10.0,20.0,16.0,48.0,80.0,200.0,False,0.002,0.005,0.1,0.0,0.0,0.0,8000,4000,8,4,37.0,12,105.0,36.0,20.0,785.000000,84,3,4,True,True,11,physical,8,43,139.987605,0.45454545454545453
waksman_11x11,default,9-7-6-10-3-4-8-1-5-0-2,failed,11,8,3,0,64,16,7,I0-I2:3;I0-I6:5;I2-I6:2;I2-I7:3;I2-I8:3;I4-I6:2;I4-I7:7;I4-I8:2;I4-I10:3;I6-I7:5;I7-I8:2;I7-I9:3;I7-I10:2;I8-I9:3;I8-I10:3;I9-I10:4,11151.000000,14164.504290,3013.504290,4.820830,6.964152,2.143322,1.213876,8.0,3.5,4.0,6.0,10.0,20.0,16.0,48.0,80.0,200.0,False,0.002,0.005,0.1,0.0,0.0,0.0,8000,4000,8,4,37.0,12,105.0,36.0,20.0,785.000000,39,3,3,True,True,11,physical,9,43,56.367795,0.2727272727272727
spanke_benes_11x11,default,9-1-6-3-10-5-8-7-2-4-0,routed,11,11,0,0,75,12,10,I0-I2:3;I0-I4:2;I1-I2:2;I1-I3:10;I1-I8:4;I2-I3:3;I2-I5:5;I2-I6:2;I2-I7:2;I3-I5:6;I3-I8:3;I3-I9:2,24795.000000,37113.043956,12318.043956,5.377826,11.822640,6.444814,3.802372,8.0,3.5,4.0,6.0,10.0,20.0,16.0,48.0,80.0,200.0,False,0.002,0.005,0.1,0.0,0.0,0.0,8000,4000,8,4,37.0,12,105.0,36.0,20.0,2045.000000,21,3,1,True,False,11,physical,0,43,28.417818,0.0
spanke_benes_11x11,default,5-10-1-3-7-2-4-6-8-0-9,routed,11,11,0,0,87,13,10,I0-I1:2;I0-I3:3;I0-I4:2;I0-I6:7;I0-I7:6;I2-I3:4;I2-I5:10;I2-I9:3;I3-I5:9;I3-I6:8;I4-I7:5;I4-I8:6;I8-I10:2,24795.000000,37539.818305,12744.818305,5.377826,11.926640,6.548814,4.089512,8.0,3.5,4.0,6.0,10.0,20.0,16.0,48.0,80.0,200.0,False,0.002,0.005,0.1,0.0,0.0,0.0,8000,4000,8,4,37.0,12,105.0,36.0,20.0,2045.000000,36,3,1,True,False,11,physical,1,43,38.689233,0.0
spanke_benes_11x11,default,2-4-5-3-7-10-8-6-9-1-0,routed,11,11,0,0,94,10,14,I0-I1:14;I0-I3:12;I1-I2:12;I1-I3:11;I2-I4:6;I2-I7:4;I4-I5:2;I4-I6:4;I4-I7:3;I6-I8:2,24795.000000,37815.043956,13020.043956,5.443459,14.036769,8.593310,4.275463,8.0,3.5,4.0,6.0,10.0,20.0,16.0,48.0,80.0,200.0,False,0.002,0.005,0.1,0.0,0.0,0.0,8000,4000,8,4,37.0,12,105.0,36.0,20.0,2045.000000,35,3,1,True,False,11,physical,2,43,51.961035,0.0
spanke_benes_11x11,default,1-7-6-10-5-0-3-2-4-8-9,routed,11,11,0,0,102,16,11,I0-I1:2;I0-I2:4;I0-I4:2;I0-I5:11;I0-I6:2;I0-I7:10;I1-I2:7;I1-I3:2;I1-I9:6;I2-I4:5;I2-I9:4;I4-I8:5;I5-I7:8;I6-I7:7;I6-I8:6;I9-I10:2,24795.000000,38014.313864,13219.313864,5.246559,11.705906,6.459347,4.459421,8.0,3.5,4.0,6.0,10.0,20.0,16.0,48.0,80.0,200.0,False,0.002,0.005,0.1,0.0,0.0,0.0,8000,4000,8,4,37.0,12,105.0,36.0,20.0,2045.000000,39,3,1,True,False,11,physical,3,43,59.923888,0.0
spanke_benes_11x11,default,10-7-3-5-0-6-8-1-9-4-2,routed,11,11,0,0,79,11,8,I1-I5:5;I1-I6:4;I2-I3:8;I2-I4:5;I2-I7:5;I2-I9:2;I3-I5:6;I4-I7:8;I4-I10:2;I6-I8:2;I7-I10:2,24795.000000,37352.459882,12557.459882,5.246559,10.702205,5.455646,3.920447,8.0,3.5,4.0,6.0,10.0,20.0,16.0,48.0,80.0,200.0,False,0.002,0.005,0.1,0.0,0.0,0.0,8000,4000,8,4,37.0,12,105.0,36.0,20.0,2045.000000,25,3,1,True,False,11,physical,4,43,26.281897,0.0
spanke_benes_11x11,default,3-8-4-2-0-6-1-7-9-5-10,routed,11,11,0,0,97,15,12,I0-I1:2;I0-I2:12;I0-I3:11;I1-I7:5;I1-I8:4;I1-I10:2;I2-I5:6;I2-I9:4;I3-I4:3;I3-I6:9;I4-I6:10;I5-I7:6;I5-I9:3;I8-I10:4;I9-I10:2,24795.000000,37742.738672,12947.738672,5.377826,12.057472,6.679646,4.299134,8.0,3.5,4.0,6.0,10.0,20.0,16.0,48.0,80.0,200.0,False,0.002,0.005,0.1,0.0,0.0,0.0,8000,4000,8,4,37.0,12,105.0,36.0,20.0,2045.000000,42,3,1,True,False,11,physical,5,43,51.093943,0.0
spanke_benes_11x11,default,4-7-0-10-6-3-9-8-1-2-5,routed,11,11,0,0,80,13,7,I0-I1:4;I0-I2:5;I0-I4:6;I0-I5:7;I0-I10:2;I1-I3:2;I1-I4:5;I1-I6:2;I1-I7:2;I2-I5:6;I2-I8:6;I5-I9:3;I8-I9:4,24795.000000,37345.335992,12550.335992,5.257826,11.563348,6.305522,3.934607,8.0,3.5,4.0,6.0,10.0,20.0,16.0,48.0,80.0,200.0,False,0.002,0.005,0.1,0.0,0.0,0.0,8000,4000,8,4,37.0,12,105.0,36.0,20.0,2045.000000,28,3,1,True,False,11,physical,6,43,33.002833,0.0
spanke_benes_11x11,default,4-3-2-10-0-7-8-5-1-9-6,routed,11,11,0,0,86,12,13,I0-I1:13;I0-I3:2;I0-I5:4;I0-I7:6;I1-I2:13;I2-I4:7;I2-I8:5;I4-I8:6;I5-I6:4;I5-I7:3;I6-I9:2;I7-I10:2,24795.000000,37679.818305,12884.818305,5.430792,12.335854,6.905062,4.096785,8.0,3.5,4.0,6.0,10.0,20.0,16.0,48.0,80.0,200.0,False,0.002,0.005,0.1,0.0,0.0,0.0,8000,4000,8,4,37.0,12,105.0,36.0,20.0,2045.000000,37,3,1,True,False,11,physical,7,43,43.328554,0.0
spanke_benes_11x11,default,9-2-3-5-10-0-4-7-6-8-1,routed,11,11,0,0,83,12,14,I0-I3:3;I0-I4:2;I1-I2:14;I1-I5:9;I2-I3:4;I2-I6:8;I3-I6:7;I3-I7:2;I3-I8:4;I5-I10:2;I7-I8:3;I7-I9:2,24795.000000,37593.088213,12798.088213,5.443459,12.613689,7.170230,4.028743,8.0,3.5,4.0,6.0,10.0,20.0,16.0,48.0,80.0,200.0,False,0.002,0.005,0.1,0.0,0.0,0.0,8000,4000,8,4,37.0,12,105.0,36.0,20.0,2045.000000,32,3,1,True,False,11,physical,8,43,35.842437,0.0
spanke_benes_11x11,default,9-7-6-10-3-4-8-1-5-0-2,routed,11,11,0,0,68,10,6,I0-I1:3;I0-I3:2;I1-I2:5;I1-I6:2;I2-I5:3;I4-I5:6;I4-I7:3;I5-I8:2;I7-I9:3;I7-I10:2,24795.000000,36984.517386,12189.517386,5.180926,9.921492,4.740566,3.665821,8.0,3.5,4.0,6.0,10.0,20.0,16.0,48.0,80.0,200.0,False,0.002,0.005,0.1,0.0,0.0,0.0,8000,4000,8,4,37.0,12,105.0,36.0,20.0,2045.000000,15,3,1,True,False,11,physical,9,43,21.843770,0.0
spanke_benes_rect_11x11,default,9-1-6-3-10-5-8-7-2-4-0,routed,11,11,0,0,75,13,6,I0-I4:2;I0-I6:3;I1-I3:6;I1-I8:2;I2-I5:5;I2-I7:6;I3-I5:4;I3-I8:3;I3-I9:2;I4-I6:3;I5-I9:3;I6-I7:5;I8-I9:2,15555.000000,28445.203221,12890.203221,3.422625,7.986279,4.563654,3.924582,8.0,3.5,4.0,6.0,10.0,20.0,16.0,48.0,80.0,200.0,False,0.002,0.005,0.1,0.0,0.0,0.0,8000,4000,8,4,37.0,12,105.0,36.0,20.0,1205.000000,26,3,1,True,False,11,physical,0,43,20.742612,0.0
spanke_benes_rect_11x11,default,5-10-1-3-7-2-4-6-8-0-9,routed,11,11,0,0,87,13,12,I0-I1:2;I0-I6:5;I0-I7:4;I2-I3:2;I2-I5:6;I2-I9:3;I3-I5:7;I3-I6:6;I4-I7:7;I4-I8:6;I6-I7:4;I7-I8:2;I8-I10:12,15555.000000,29048.663405,13493.663405,3.369659,8.206197,4.836538,4.247939,8.0,3.5,4.0,6.0,10.0,20.0,16.0,48.0,80.0,200.0,False,0.002,0.005,0.1,0.0,0.0,0.0,8000,4000,8,4,37.0,12,105.0,36.0,20.0,1205.000000,36,3,1,True,False,11,physical,1,43,29.686401,0.0
spanke_benes_rect_11x11,default,2-4-5-3-7-10-8-6-9-1-0,routed,11,11,0,0,88,11,8,I0-I1:6;I0-I3:8;I1-I2:8;I1-I3:7;I2-I4:2;I2-I7:6;I4-I5:2;I4-I6:6;I4-I7:7;I5-I8:5;I6-I8:8,15555.000000,28767.145717,13212.145717,3.357961,8.596362,5.238402,4.207208,8.0,3.5,4.0,6.0,10.0,20.0,16.0,48.0,80.0,200.0,False,0.002,0.005,0.1,0.0,0.0,0.0,8000,4000,8,4,37.0,12,105.0,36.0,20.0,1205.000000,34,3,1,True,False,11,physical,2,43,32.441533,0.0
spanke_benes_rect_11x11,default,1-7-6-10-5-0-3-2-4-8-9,routed,11,11,0,0,92,16,12,I0-I1:2;I0-I2:2;I0-I5:7;I0-I7:6;I1-I2:5;I1-I9:4;I2-I3:2;I2-I4:3;I3-I10:3;I4-I8:5;I4-I9:2;I5-I7:4;I6-I7:7;I6-I8:6;I8-I9:4;I9-I10:12,15555.000000,29019.393497,13464.393497,3.396627,8.628988,5.232362,4.331253,8.0,3.5,4.0,6.0,10.0,20.0,16.0,48.0,80.0,200.0,False,0.002,0.005,0.1,0.0,0.0,0.0,8000,4000,8,4,37.0,12,105.0,36.0,20.0,1205.000000,37,3,1,True,False,11,physical,3,43,38.138218,0.0
spanke_benes_rect_11x11,default,10-7-3-5-0-6-8-1-9-4-2,routed,11,11,0,0,79,13,10,I1-I5:3;I1-I6:2;I2-I3:2;I2-I7:3;I2-I9:4;I2-I10:3;I3-I5:4;I3-I9:5;I4-I5:2;I4-I7:6;I5-I6:4;I6-I8:10;I7-I10:2,15555.000000,28622.619148,13067.619148,3.396627,7.998279,4.601653,4.031385,8.0,3.5,4.0,6.0,10.0,20.0,16.0,48.0,80.0,200.0,False,0.002,0.005,0.1,0.0,0.0,0.0,8000,4000,8,4,37.0,12,105.0,36.0,20.0,1205.000000,26,3,1,True,False,11,physical,4,43,20.848203,0.0
spanke_benes_rect_11x11,default,3-8-4-2-0-6-1-7-9-5-10,routed,11,11,0,0,93,14,12,I0-I1:2;I0-I2:6;I0-I3:7;I1-I7:3;I1-I8:4;I2-I9:8;I3-I6:5;I4-I5:2;I4-I6:6;I5-I7:8;I5-I9:7;I6-I7:2;I7-I8:6;I8-I10:12,15555.000000,29069.189974,13514.189974,3.383960,8.426156,5.042197,4.346671,8.0,3.5,4.0,6.0,10.0,20.0,16.0,48.0,80.0,200.0,False,0.002,0.005,0.1,0.0,0.0,0.0,8000,4000,8,4,37.0,12,105.0,36.0,20.0,1205.000000,41,3,1,True,False,11,physical,5,43,35.908951,0.0
spanke_benes_rect_11x11,default,4-7-0-10-6-3-9-8-1-2-5,routed,11,11,0,0,80,16,7,I0-I1:2;I0-I4:2;I0-I5:5;I0-I10:4;I1-I4:5;I1-I7:4;I2-I3:2;I2-I5:4;I2-I8:4;I3-I6:3;I4-I7:2;I4-I10:3;I5-I9:3;I6-I7:7;I8-I9:4;I9-I10:2,15555.000000,28579.831552,13024.831552,3.396627,7.984025,4.587398,4.031788,8.0,3.5,4.0,6.0,10.0,20.0,16.0,48.0,80.0,200.0,False,0.002,0.005,0.1,0.0,0.0,0.0,8000,4000,8,4,37.0,12,105.0,36.0,20.0,1205.000000,28,3,1,True,False,11,physical,6,43,27.205826,0.0
spanke_benes_rect_11x11,default,4-3-2-10-0-7-8-5-1-9-6,routed,11,11,0,0,88,14,10,I0-I1:7;I0-I7:8;I1-I2:7;I2-I3:2;I2-I4:3;I2-I8:3;I3-I9:3;I4-I5:2;I4-I8:4;I5-I6:6;I5-I10:7;I6-I9:10;I7-I10:6;I8-I9:2,15555.000000,28924.415625,13369.415625,3.383960,8.145111,4.761152,4.238076,8.0,3.5,4.0,6.0,10.0,20.0,16.0,48.0,80.0,200.0,False,0.002,0.005,0.1,0.0,0.0,0.0,8000,4000,8,4,37.0,12,105.0,36.0,20.0,1205.000000,37,3,1,True,False,11,physical,7,43,30.050994,0.0
spanke_benes_rect_11x11,default,9-2-3-5-10-0-4-7-6-8-1,routed,11,11,0,0,83,14,8,I0-I4:2;I0-I9:3;I1-I2:8;I1-I5:5;I2-I3:2;I2-I6:6;I3-I6:7;I3-I8:6;I4-I9:3;I5-I10:2;I6-I7:2;I7-I8:7;I7-I9:6;I8-I9:2,15555.000000,28867.101460,13312.101460,3.422625,8.018279,4.595654,4.140837,8.0,3.5,4.0,6.0,10.0,20.0,16.0,48.0,80.0,200.0,False,0.002,0.005,0.1,0.0,0.0,0.0,8000,4000,8,4,37.0,12,105.0,36.0,20.0,1205.000000,35,3,1,True,False,11,physical,8,43,27.547488,0.0
spanke_benes_rect_11x11,default,9-7-6-10-3-4-8-1-5-0-2,routed,11,11,0,0,68,11,4,I0-I3:2;I0-I6:3;I1-I2:3;I1-I6:2;I2-I3:2;I4-I5:4;I4-I10:3;I5-I8:4;I6-I8:3;I7-I9:3;I7-I10:2,15555.000000,28424.092578,12869.092578,3.422625,7.771227,4.348602,3.809380,8.0,3.5,4.0,6.0,10.0,20.0,16.0,48.0,80.0,200.0,False,0.002,0.005,0.1,0.0,0.0,0.0,8000,4000,8,4,37.0,12,105.0,36.0,20.0,1205.000000,20,3,1,True,False,11,physical,9,43,15.646613,0.0
padded_benes_16x16,default,10-1-9-3-11-6-8-5-7-2-4-0,failed,12,7,5,0,54,15,5,I1-I2:4;I1-I5:4;I1-I6:2;I1-I8:2;I1-I9:2;I1-I11:3;I2-I5:3;I2-I6:5;I2-I9:3;I5-I8:4;I5-I9:3;I5-I11:3;I8-I9:3;I8-I11:5;I9-I11:3,14812.000000,14468.291886,-343.708114,6.099430,6.959122,0.859692,0.775798,8.0,3.5,4.0,6.0,10.0,20.0,16.0,48.0,80.0,200.0,False,0.002,0.005,0.1,0.0,0.0,0.0,8000,4000,8,4,37.0,12,105.0,36.0,20.0,785.000000,61,3,3,True,True,12,physical,0,43,94.269101,0.4166666666666667
padded_benes_16x16,default,1-2-10-7-3-11-4-5-6-8-0-9,failed,12,7,5,0,76,18,12,I0-I1:2;I0-I4:2;I0-I6:4;I0-I7:4;I0-I9:2;I1-I4:6;I1-I6:4;I1-I7:4;I1-I9:2;I4-I6:6;I4-I7:8;I4-I9:2;I4-I10:3;I6-I7:12;I6-I9:2;I7-I9:4;I7-I10:3;I9-I10:3,15052.000000,15092.291886,40.291886,6.248097,10.093831,3.845734,1.550083,8.0,3.5,4.0,6.0,10.0,20.0,16.0,48.0,80.0,200.0,False,0.002,0.005,0.1,0.0,0.0,0.0,8000,4000,8,4,37.0,12,105.0,36.0,20.0,785.000000,62,3,3,True,True,12,physical,1,43,128.867955,0.4166666666666667
padded_benes_16x16,default,0-8-5-9-3-4-7-10-2-6-11-1,failed,12,7,5,0,64,17,6,I0-I1:2;I0-I4:2;I0-I5:4;I0-I10:2;I0-I11:2;I1-I2:5;I1-I4:3;I1-I5:3;I1-I10:4;I2-I4:3;I2-I5:5;I2-I10:2;I4-I5:6;I4-I10:6;I5-I10:4;I5-I11:3;I10-I11:5,15052.000000,14511.999849,-540.000151,6.122763,7.530373,1.407611,1.004571,8.0,3.5,4.0,6.0,10.0,20.0,16.0,48.0,80.0,200.0,False,0.002,0.005,0.1,0.0,0.0,0.0,8000,4000,8,4,37.0,12,105.0,36.0,20.0,785.000000,62,3,3,True,True,12,physical,2,43,108.447557,0.4166666666666667
padded_benes_16x16,default,10-11-3-5-8-7-4-0-1-6-2-9,failed,12,6,6,0,52,13,7,I2-I3:6;I2-I5:4;I2-I7:5;I2-I10:3;I2-I11:2;I3-I5:4;I3-I7:3;I3-I11:2;I5-I7:7;I5-I11:4;I7-I10:4;I7-I11:2;I10-I11:4,15052.000000,14427.583923,-624.416077,6.350763,7.872119,1.521356,1.318195,8.0,3.5,4.0,6.0,10.0,20.0,16.0,48.0,80.0,200.0,False,0.002,0.005,0.1,0.0,0.0,0.0,8000,4000,8,4,37.0,12,105.0,36.0,20.0,785.000000,59,3,3,True,True,12,physical,3,43,94.555985,0.5
padded_benes_16x16,default,6-5-9-2-3-11-7-0-10-8-1-4,failed,12,6,6,0,51,14,7,I0-I2:2;I0-I4:3;I0-I6:6;I0-I8:2;I2-I3:7;I2-I4:3;I2-I6:3;I2-I8:4;I3-I4:6;I3-I6:4;I3-I8:2;I4-I6:4;I4-I8:2;I6-I8:2,15052.000000,12906.942345,-2145.057655,6.122763,7.986291,1.863529,1.082814,8.0,3.5,4.0,6.0,10.0,20.0,16.0,48.0,80.0,200.0,False,0.002,0.005,0.1,0.0,0.0,0.0,8000,4000,8,4,37.0,12,105.0,36.0,20.0,785.000000,55,3,3,True,True,12,physical,4,43,102.389113,0.5
padded_benes_16x16,default,3-7-6-9-8-10-4-0-5-1-11-2,failed,12,8,4,0,82,22,7,I0-I1:2;I0-I2:2;I0-I3:2;I0-I8:2;I0-I11:3;I1-I2:7;I1-I3:2;I1-I6:5;I1-I10:2;I1-I11:3;I2-I3:4;I2-I6:7;I2-I8:3;I2-I10:2;I3-I6:3;I3-I10:2;I6-I8:4;I6-I10:2;I6-I11:5;I8-I10:4;I8-I11:5;I10-I11:7,14812.000000,17703.305133,2891.305133,6.268097,8.924244,2.656147,1.693451,8.0,3.5,4.0,6.0,10.0,20.0,16.0,48.0,80.0,200.0,False,0.002,0.005,0.1,0.0,0.0,0.0,8000,4000,8,4,37.0,12,105.0,36.0,20.0,785.000000,65,3,3,True,True,12,physical,5,43,119.443383,0.3333333333333333
padded_benes_16x16,default,11-9-0-3-2-5-6-7-4-1-10-8,failed,12,5,7,0,45,10,13,I2-I4:6;I2-I5:4;I2-I10:2;I2-I11:2;I4-I5:6;I4-I10:2;I4-I11:4;I5-I10:2;I5-I11:4;I10-I11:13,15292.000000,12004.322896,-3287.677104,6.480764,8.793412,2.312648,1.273529,8.0,3.5,4.0,6.0,10.0,20.0,16.0,48.0,80.0,200.0,False,0.002,0.005,0.1,0.0,0.0,0.0,8000,4000,8,4,37.0,12,105.0,36.0,20.0,785.000000,84,3,3,True,True,12,physical,6,43,112.635721,0.5833333333333334
padded_benes_16x16,default,3-4-11-7-10-0-8-2-5-1-9-6,failed,12,8,4,0,85,21,8,I0-I1:2;I0-I2:2;I0-I7:3;I0-I8:2;I1-I2:4;I1-I3:6;I1-I7:3;I1-I8:2;I1-I11:2;I2-I3:5;I2-I7:3;I2-I10:7;I3-I7:3;I3-I10:2;I3-I11:7;I7-I8:4;I7-I10:2;I7-I11:6;I8-I10:2;I8-I11:8;I10-I11:7,14812.000000,17718.575041,2906.575041,5.954096,9.129660,3.175564,1.746394,8.0,3.5,4.0,6.0,10.0,20.0,16.0,48.0,80.0,200.0,False,0.002,0.005,0.1,0.0,0.0,0.0,8000,4000,8,4,37.0,12,105.0,36.0,20.0,785.000000,59,3,3,True,True,12,physical,7,43,104.947192,0.3333333333333333
padded_benes_16x16,default,8-3-4-5-1-6-11-10-2-0-9-7,failed,12,7,5,0,61,14,10,I1-I2:2;I1-I3:2;I1-I5:4;I1-I8:5;I1-I10:2;I2-I3:10;I2-I5:4;I2-I10:2;I3-I5:4;I3-I10:2;I5-I10:2;I8-I9:9;I8-I10:4;I9-I10:2,14812.000000,15236.101611,424.101611,5.963430,7.210085,1.246655,1.164743,8.0,3.5,4.0,6.0,10.0,20.0,16.0,48.0,80.0,200.0,False,0.002,0.005,0.1,0.0,0.0,0.0,8000,4000,8,4,37.0,12,105.0,36.0,20.0,785.000000,58,3,3,True,True,12,physical,8,43,99.795762,0.4166666666666667
padded_benes_16x16,default,1-10-5-0-3-2-6-9-4-7-8-11,failed,12,7,5,0,67,18,8,I0-I2:4;I0-I4:4;I0-I9:2;I2-I3:5;I2-I4:3;I2-I6:6;I2-I9:2;I2-I11:2;I3-I4:4;I3-I6:4;I3-I9:2;I3-I11:4;I4-I6:4;I4-I9:4;I4-I11:2;I6-I9:8;I6-I11:2;I9-I11:4,15052.000000,15886.787445,834.787445,6.322763,8.277624,1.954862,1.599939,8.0,3.5,4.0,6.0,10.0,20.0,16.0,48.0,80.0,200.0,False,0.002,0.005,0.1,0.0,0.0,0.0,8000,4000,8,4,37.0,12,105.0,36.0,20.0,785.000000,88,3,3,True,True,12,physical,9,43,150.691936,0.4166666666666667
waksman_12x12,default,10-1-9-3-11-6-8-5-7-2-4-0,failed,12,8,4,0,49,14,5,I1-I2:2;I1-I5:2;I1-I6:2;I1-I8:2;I1-I9:2;I2-I4:2;I2-I6:3;I4-I6:5;I4-I8:3;I5-I8:2;I6-I8:3;I8-I9:3;I8-I10:5;I9-I10:2,12324.000000,13647.774198,1323.774198,4.897129,6.189660,1.292531,0.805319,8.0,3.5,4.0,6.0,10.0,20.0,16.0,48.0,80.0,200.0,False,0.002,0.005,0.1,0.0,0.0,0.0,8000,4000,8,4,37.0,12,105.0,36.0,20.0,785.000000,44,3,3,True,True,12,physical,0,43,74.445971,0.3333333333333333
waksman_12x12,default,1-2-10-7-3-11-4-5-6-8-0-9,failed,12,7,5,0,64,17,10,I0-I1:2;I0-I4:4;I0-I6:2;I0-I7:2;I0-I9:2;I1-I4:6;I1-I6:2;I1-I7:4;I1-I9:2;I4-I6:2;I4-I7:4;I4-I9:6;I4-I10:3;I6-I7:10;I6-I9:2;I7-I9:4;I9-I10:3,12324.000000,12843.256510,519.256510,4.935430,7.461785,2.526356,1.655788,8.0,3.5,4.0,6.0,10.0,20.0,16.0,48.0,80.0,200.0,False,0.002,0.005,0.1,0.0,0.0,0.0,8000,4000,8,4,37.0,12,105.0,36.0,20.0,785.000000,74,3,3,True,True,12,physical,1,43,148.627328,0.4166666666666667
waksman_12x12,default,0-8-5-9-3-4-7-10-2-6-11-1,failed,12,7,5,0,54,14,6,I0-I3:4;I0-I5:2;I0-I7:4;I0-I9:2;I0-I10:2;I0-I11:6;I3-I7:2;I3-I10:4;I5-I7:2;I5-I9:4;I7-I10:4;I9-I10:2;I9-I11:5;I10-I11:5,12324.000000,12655.592804,331.592804,5.786096,5.998368,0.212273,1.121027,8.0,3.5,4.0,6.0,10.0,20.0,16.0,48.0,80.0,200.0,False,0.002,0.005,0.1,0.0,0.0,0.0,8000,4000,8,4,37.0,12,105.0,36.0,20.0,785.000000,54,3,3,True,True,12,physical,2,43,101.268721,0.4166666666666667
waksman_12x12,default,10-11-3-5-8-7-4-0-1-6-2-9,failed,12,8,4,0,58,14,8,I1-I4:3;I1-I6:3;I2-I5:2;I2-I11:2;I4-I6:3;I4-I11:2;I5-I6:3;I5-I9:5;I6-I8:3;I6-I9:4;I6-I11:2;I8-I9:8;I8-I11:4;I9-I11:4,12324.000000,14644.460033,2320.460033,4.600462,7.682616,3.082154,1.252115,8.0,3.5,4.0,6.0,10.0,20.0,16.0,48.0,80.0,200.0,False,0.002,0.005,0.1,0.0,0.0,0.0,8000,4000,8,4,37.0,12,105.0,36.0,20.0,785.000000,52,3,3,True,True,12,physical,3,43,100.013487,0.3333333333333333
waksman_12x12,default,6-5-9-2-3-11-7-0-10-8-1-4,failed,12,7,5,0,44,12,5,I0-I2:4;I0-I3:3;I0-I6:4;I0-I9:2;I2-I3:5;I2-I5:2;I2-I9:5;I3-I6:2;I3-I9:2;I5-I9:3;I6-I9:2;I9-I10:3,12324.000000,12981.840584,657.840584,5.363430,6.085361,0.721931,0.935954,8.0,3.5,4.0,6.0,10.0,20.0,16.0,48.0,80.0,200.0,False,0.002,0.005,0.1,0.0,0.0,0.0,8000,4000,8,4,37.0,12,105.0,36.0,20.0,785.000000,74,3,3,True,True,12,physical,4,43,97.385090,0.4166666666666667
waksman_12x12,default,3-7-6-9-8-10-4-0-5-1-11-2,failed,12,6,6,0,26,8,4,I2-I4:2;I2-I8:3;I2-I10:4;I4-I10:2;I6-I8:2;I8-I9:3;I8-I10:2;I9-I10:2,12324.000000,10361.411410,-1962.588590,5.001796,5.618125,0.616329,0.428637,8.0,3.5,4.0,6.0,10.0,20.0,16.0,48.0,80.0,200.0,False,0.002,0.005,0.1,0.0,0.0,0.0,8000,4000,8,4,37.0,12,105.0,36.0,20.0,785.000000,54,3,3,True,True,12,physical,5,43,91.277996,0.5
waksman_12x12,default,11-9-0-3-2-5-6-7-4-1-10-8,failed,12,8,4,0,61,14,8,I0-I1:3;I1-I2:3;I1-I10:2;I1-I11:5;I2-I3:8;I2-I5:2;I2-I9:2;I2-I10:2;I2-I11:2;I3-I5:4;I3-I11:2;I9-I10:4;I9-I11:4;I10-I11:7,12324.000000,14259.526419,1935.526419,5.540097,6.440354,0.900257,1.104257,8.0,3.5,4.0,6.0,10.0,20.0,16.0,48.0,80.0,200.0,False,0.002,0.005,0.1,0.0,0.0,0.0,8000,4000,8,4,37.0,12,105.0,36.0,20.0,785.000000,59,3,3,True,True,12,physical,6,43,122.950402,0.3333333333333333
waksman_12x12,default,3-4-11-7-10-0-8-2-5-1-9-6,failed,12,7,5,0,46,10,8,I1-I8:2;I1-I10:2;I2-I4:3;I4-I6:5;I6-I8:3;I6-I10:2;I6-I11:3;I8-I10:6;I8-I11:8;I10-I11:5,12324.000000,11946.322896,-377.677104,5.001796,6.413867,1.412071,0.862807,8.0,3.5,4.0,6.0,10.0,20.0,16.0,48.0,80.0,200.0,False,0.002,0.005,0.1,0.0,0.0,0.0,8000,4000,8,4,37.0,12,105.0,36.0,20.0,785.000000,55,3,3,True,True,12,physical,7,43,82.667701,0.4166666666666667
waksman_12x12,default,8-3-4-5-1-6-11-10-2-0-9-7,failed,12,7,5,0,48,13,7,I1-I5:2;I1-I7:4;I1-I8:5;I1-I10:2;I5-I6:2;I5-I7:2;I5-I10:2;I6-I7:7;I6-I10:3;I7-I10:3;I8-I9:5;I8-I10:2;I9-I10:2,12324.000000,12942.278639,618.278639,5.091795,5.710271,0.618476,1.201937,8.0,3.5,4.0,6.0,10.0,20.0,16.0,48.0,80.0,200.0,False,0.002,0.005,0.1,0.0,0.0,0.0,8000,4000,8,4,37.0,12,105.0,36.0,20.0,785.000000,63,3,3,True,True,12,physical,8,43,76.509329,0.4166666666666667
waksman_12x12,default,1-10-5-0-3-2-6-9-4-7-8-11,failed,12,8,4,0,76,23,7,I2-I3:3;I2-I4:3;I2-I6:4;I2-I7:2;I2-I8:7;I2-I10:2;I2-I11:4;I3-I4:4;I3-I6:2;I3-I8:2;I3-I10:2;I4-I6:2;I4-I7:4;I4-I8:2;I4-I10:4;I4-I11:2;I6-I7:2;I6-I8:3;I7-I10:3;I7-I11:4;I8-I10:4;I8-I11:6;I10-I11:4,12324.000000,15303.437904,2979.437904,5.078763,7.888988,2.810225,1.947734,8.0,3.5,4.0,6.0,10.0,20.0,16.0,48.0,80.0,200.0,False,0.002,0.005,0.1,0.0,0.0,0.0,8000,4000,8,4,37.0,12,105.0,36.0,20.0,785.000000,60,3,3,True,True,12,physical,9,43,100.057379,0.3333333333333333
spanke_benes_12x12,default,10-1-9-3-11-6-8-5-7-2-4-0,routed,12,12,0,0,87,13,12,I0-I2:3;I0-I4:2;I1-I2:2;I1-I3:12;I1-I9:4;I2-I3:3;I3-I5:4;I3-I7:4;I3-I9:3;I3-I10:2;I5-I6:2;I5-I7:3;I5-I8:2,29900.000000,44471.150082,14571.150082,5.967758,13.228820,7.261062,4.103525,8.0,3.5,4.0,6.0,10.0,20.0,16.0,48.0,80.0,200.0,False,0.002,0.005,0.1,0.0,0.0,0.0,8000,4000,8,4,37.0,12,105.0,36.0,20.0,2255.000000,22,3,1,True,False,12,physical,0,43,36.853459,0.0
spanke_benes_12x12,default,1-2-10-7-3-11-4-5-6-8-0-9,routed,12,12,0,0,108,15,20,I0-I1:20;I0-I4:2;I0-I10:3;I1-I2:2;I1-I3:2;I1-I4:14;I2-I3:3;I2-I5:2;I3-I4:3;I3-I8:5;I3-I9:4;I4-I6:10;I6-I7:8;I7-I8:6;I9-I11:2,29900.000000,45261.428872,15361.428872,6.164658,15.113968,8.949310,4.567321,8.0,3.5,4.0,6.0,10.0,20.0,16.0,48.0,80.0,200.0,False,0.002,0.005,0.1,0.0,0.0,0.0,8000,4000,8,4,37.0,12,105.0,36.0,20.0,2255.000000,45,3,1,True,False,12,physical,1,43,69.760491,0.0
spanke_benes_12x12,default,0-8-5-9-3-4-7-10-2-6-11-1,routed,12,12,0,0,102,16,10,I0-I1:2;I0-I2:4;I0-I4:8;I0-I8:6;I0-I11:2;I1-I2:3;I1-I3:6;I1-I6:5;I2-I5:9;I2-I6:4;I2-I9:4;I3-I7:4;I4-I5:10;I4-I8:5;I6-I9:3;I7-I10:2,29900.000000,44956.158964,15056.158964,5.902125,12.854019,6.951894,4.414360,8.0,3.5,4.0,6.0,10.0,20.0,16.0,48.0,80.0,200.0,False,0.002,0.005,0.1,0.0,0.0,0.0,8000,4000,8,4,37.0,12,105.0,36.0,20.0,2255.000000,37,3,1,True,False,12,physical,2,43,55.337315,0.0
spanke_benes_12x12,default,10-11-3-5-8-7-4-0-1-6-2-9,routed,12,12,0,0,92,14,8,I0-I1:2;I2-I3:6;I2-I6:6;I2-I8:3;I2-I10:5;I3-I4:2;I3-I5:2;I3-I6:5;I3-I9:4;I4-I5:3;I4-I11:2;I5-I9:3;I7-I8:8;I8-I10:4,29900.000000,44751.835917,14851.835917,5.836492,12.031430,6.194938,4.237389,8.0,3.5,4.0,6.0,10.0,20.0,16.0,48.0,80.0,200.0,False,0.002,0.005,0.1,0.0,0.0,0.0,8000,4000,8,4,37.0,12,105.0,36.0,20.0,2255.000000,30,3,1,True,False,12,physical,3,43,47.350507,0.0
spanke_benes_12x12,default,6-5-9-2-3-11-7-0-10-8-1-4,routed,12,12,0,0,96,13,12,I0-I1:11;I0-I2:4;I0-I6:6;I1-I4:9;I2-I5:2;I2-I6:3;I2-I8:2;I3-I4:12;I3-I7:5;I3-I10:3;I4-I11:2;I6-I9:2;I7-I10:4,29900.000000,44879.778413,14979.778413,5.902125,12.629771,6.727646,4.314130,8.0,3.5,4.0,6.0,10.0,20.0,16.0,48.0,80.0,200.0,False,0.002,0.005,0.1,0.0,0.0,0.0,8000,4000,8,4,37.0,12,105.0,36.0,20.0,2255.000000,32,3,1,True,False,12,physical,4,43,47.054807,0.0
spanke_benes_12x12,default,3-7-6-9-8-10-4-0-5-1-11-2,routed,12,12,0,0,96,15,9,I0-I1:2;I0-I2:8;I0-I6:6;I0-I7:3;I0-I9:3;I1-I2:9;I1-I3:2;I1-I4:6;I2-I8:3;I3-I4:5;I3-I5:4;I5-I10:2;I6-I8:4;I7-I9:6;I9-I11:2,29900.000000,44794.946560,14894.946560,5.836492,12.105554,6.269062,4.296658,8.0,3.5,4.0,6.0,10.0,20.0,16.0,48.0,80.0,200.0,False,0.002,0.005,0.1,0.0,0.0,0.0,8000,4000,8,4,37.0,12,105.0,36.0,20.0,2255.000000,31,3,1,True,False,12,physical,5,43,49.631171,0.0
spanke_benes_12x12,default,11-9-0-3-2-5-6-7-4-1-10-8,routed,12,12,0,0,103,13,15,I1-I7:3;I1-I10:2;I2-I3:2;I2-I4:10;I2-I9:6;I3-I4:15;I3-I5:6;I3-I8:6;I4-I9:5;I5-I6:8;I5-I8:5;I6-I7:6;I7-I11:2,29900.000000,45075.968688,15175.968688,5.967758,13.595652,7.627894,4.457245,8.0,3.5,4.0,6.0,10.0,20.0,16.0,48.0,80.0,200.0,False,0.002,0.005,0.1,0.0,0.0,0.0,8000,4000,8,4,37.0,12,105.0,36.0,20.0,2255.000000,40,3,1,True,False,12,physical,6,43,59.141707,0.0
spanke_benes_12x12,default,3-4-11-7-10-0-8-2-5-1-9-6,routed,12,12,0,0,100,14,16,I0-I1:16;I0-I5:3;I0-I7:9;I1-I2:2;I1-I3:6;I1-I8:6;I3-I4:2;I3-I6:4;I3-I8:3;I5-I7:4;I5-I9:6;I6-I10:2;I7-I9:5;I8-I11:2,29900.000000,44887.238597,14987.238597,6.033392,13.919869,7.886478,4.377873,8.0,3.5,4.0,6.0,10.0,20.0,16.0,48.0,80.0,200.0,False,0.002,0.005,0.1,0.0,0.0,0.0,8000,4000,8,4,37.0,12,105.0,36.0,20.0,2255.000000,36,3,1,True,False,12,physical,7,43,46.241769,0.0
spanke_benes_12x12,default,8-3-4-5-1-6-11-10-2-0-9-7,routed,12,12,0,0,105,13,14,I0-I5:7;I0-I6:2;I0-I7:2;I0-I10:2;I1-I2:14;I1-I4:7;I1-I8:7;I2-I3:12;I3-I5:10;I3-I11:2;I4-I8:6;I4-I9:5;I5-I11:2,29900.000000,45289.486376,15389.486376,5.967758,13.236820,7.269062,4.533248,8.0,3.5,4.0,6.0,10.0,20.0,16.0,48.0,80.0,200.0,False,0.002,0.005,0.1,0.0,0.0,0.0,8000,4000,8,4,37.0,12,105.0,36.0,20.0,2255.000000,40,3,1,True,False,12,physical,8,43,53.264291,0.0
spanke_benes_12x12,default,1-10-5-0-3-2-6-9-4-7-8-11,routed,12,12,0,0,121,18,17,I0-I1:2;I0-I2:2;I0-I3:17;I0-I4:2;I0-I5:14;I1-I7:3;I1-I11:4;I2-I4:5;I2-I6:10;I2-I8:7;I4-I5:15;I4-I8:8;I6-I7:2;I6-I9:6;I7-I10:3;I7-I11:2;I9-I10:4;I10-I11:2,29900.000000,45801.428872,15901.428872,5.902125,13.773214,7.871089,4.873988,8.0,3.5,4.0,6.0,10.0,20.0,16.0,48.0,80.0,200.0,False,0.002,0.005,0.1,0.0,0.0,0.0,8000,4000,8,4,37.0,12,105.0,36.0,20.0,2255.000000,53,3,1,True,False,12,physical,9,43,84.308126,0.0
spanke_benes_rect_12x12,default,10-1-9-3-11-6-8-5-7-2-4-0,routed,12,12,0,0,89,14,6,I0-I2:3;I0-I4:4;I1-I3:6;I1-I9:4;I2-I4:2;I2-I6:3;I3-I5:2;I3-I7:2;I3-I9:3;I3-I10:4;I5-I7:5;I5-I8:4;I6-I8:5;I7-I10:3,18560.000000,33903.455366,15343.455366,3.749592,8.598942,4.849351,4.281826,8.0,3.5,4.0,6.0,10.0,20.0,16.0,48.0,80.0,200.0,False,0.002,0.005,0.1,0.0,0.0,0.0,8000,4000,8,4,37.0,12,105.0,36.0,20.0,1310.000000,27,3,1,True,False,12,physical,0,43,27.813714,0.0
spanke_benes_rect_12x12,default,1-2-10-7-3-11-4-5-6-8-0-9,routed,12,12,0,0,108,14,12,I0-I1:12;I1-I3:2;I1-I4:8;I2-I5:6;I2-I11:5;I3-I8:5;I3-I9:6;I4-I5:2;I4-I6:8;I6-I7:8;I7-I8:8;I8-I9:4;I9-I11:8;I10-I11:2,18560.000000,34617.048321,16057.048321,3.698259,9.055247,5.356988,4.695758,8.0,3.5,4.0,6.0,10.0,20.0,16.0,48.0,80.0,200.0,False,0.002,0.005,0.1,0.0,0.0,0.0,8000,4000,8,4,37.0,12,105.0,36.0,20.0,1310.000000,45,3,1,True,False,12,physical,1,43,43.616281,0.0
spanke_benes_rect_12x12,default,0-8-5-9-3-4-7-10-2-6-11-1,routed,12,12,0,0,104,20,10,I0-I1:2;I0-I2:2;I0-I4:4;I0-I8:2;I0-I11:2;I1-I3:4;I1-I6:5;I2-I3:2;I2-I5:5;I2-I9:6;I3-I7:6;I4-I5:8;I4-I8:3;I5-I6:2;I6-I7:4;I6-I9:5;I7-I10:10;I8-I9:2;I8-I11:3;I9-I10:2,18560.000000,34510.858046,15950.858046,3.736925,9.184744,5.447820,4.617643,8.0,3.5,4.0,6.0,10.0,20.0,16.0,48.0,80.0,200.0,False,0.002,0.005,0.1,0.0,0.0,0.0,8000,4000,8,4,37.0,12,105.0,36.0,20.0,1310.000000,41,3,1,True,False,12,physical,2,43,44.938028,0.0
spanke_benes_rect_12x12,default,10-11-3-5-8-7-4-0-1-6-2-9,routed,12,12,0,0,92,16,6,I0-I1:2;I2-I3:4;I2-I6:4;I2-I10:3;I3-I5:2;I3-I6:3;I3-I9:4;I4-I5:5;I4-I11:4;I5-I9:3;I6-I9:2;I7-I8:4;I8-I9:2;I8-I10:4;I9-I11:6;I10-I11:2,18560.000000,34274.141201,15714.141201,3.698259,9.072826,5.374567,4.397357,8.0,3.5,4.0,6.0,10.0,20.0,16.0,48.0,80.0,200.0,False,0.002,0.005,0.1,0.0,0.0,0.0,8000,4000,8,4,37.0,12,105.0,36.0,20.0,1310.000000,27,3,1,True,False,12,physical,3,43,27.810894,0.0
spanke_benes_rect_12x12,default,6-5-9-2-3-11-7-0-10-8-1-4,routed,12,12,0,0,96,16,8,I0-I1:7;I0-I6:6;I1-I4:3;I1-I11:3;I2-I8:6;I2-I9:5;I3-I4:6;I3-I7:3;I3-I10:3;I4-I5:2;I4-I11:4;I5-I8:5;I6-I9:8;I7-I10:2;I8-I9:3;I10-I11:2,18560.000000,34223.397862,15663.397862,3.685592,8.643410,4.957819,4.440566,8.0,3.5,4.0,6.0,10.0,20.0,16.0,48.0,80.0,200.0,False,0.002,0.005,0.1,0.0,0.0,0.0,8000,4000,8,4,37.0,12,105.0,36.0,20.0,1310.000000,34,3,1,True,False,12,physical,4,43,37.691394,0.0
spanke_benes_rect_12x12,default,3-7-6-9-8-10-4-0-5-1-11-2,routed,12,12,0,0,100,16,8,I0-I1:2;I0-I2:4;I0-I6:4;I0-I11:3;I1-I2:5;I1-I4:6;I2-I3:2;I2-I8:3;I3-I4:5;I3-I5:6;I4-I5:2;I5-I10:8;I6-I8:4;I7-I9:4;I8-I10:6;I9-I11:4,18560.000000,34407.937678,15847.937678,3.749592,9.234490,5.484898,4.542156,8.0,3.5,4.0,6.0,10.0,20.0,16.0,48.0,80.0,200.0,False,0.002,0.005,0.1,0.0,0.0,0.0,8000,4000,8,4,37.0,12,105.0,36.0,20.0,1310.000000,34,3,1,True,False,12,physical,5,43,35.360440,0.0
spanke_benes_rect_12x12,default,11-9-0-3-2-5-6-7-4-1-10-8,routed,12,12,0,0,103,15,11,I1-I10:2;I2-I3:2;I2-I4:4;I2-I9:4;I3-I4:7;I3-I5:2;I3-I8:6;I4-I5:2;I4-I9:5;I5-I6:8;I5-I8:5;I6-I7:8;I7-I11:8;I8-I11:2;I10-I11:11,18560.000000,34435.150082,15875.150082,3.698259,9.238160,5.539902,4.587525,8.0,3.5,4.0,6.0,10.0,20.0,16.0,48.0,80.0,200.0,False,0.002,0.005,0.1,0.0,0.0,0.0,8000,4000,8,4,37.0,12,105.0,36.0,20.0,1310.000000,38,3,1,True,False,12,physical,6,43,40.362326,0.0
spanke_benes_rect_12x12,default,3-4-11-7-10-0-8-2-5-1-9-6,routed,12,12,0,0,98,14,10,I0-I1:10;I0-I7:5;I1-I3:2;I1-I8:6;I2-I4:3;I3-I6:6;I3-I11:5;I4-I10:5;I5-I7:2;I5-I9:4;I6-I10:6;I7-I9:5;I8-I11:8;I10-I11:3,18560.000000,34123.150082,15563.150082,3.710926,8.847328,5.136403,4.452192,8.0,3.5,4.0,6.0,10.0,20.0,16.0,48.0,80.0,200.0,False,0.002,0.005,0.1,0.0,0.0,0.0,8000,4000,8,4,37.0,12,105.0,36.0,20.0,1310.000000,36,3,1,True,False,12,physical,7,43,43.587348,0.0
spanke_benes_rect_12x12,default,8-3-4-5-1-6-11-10-2-0-9-7,routed,12,12,0,0,101,16,8,I0-I10:4;I0-I11:5;I1-I2:8;I1-I4:3;I1-I8:3;I2-I3:8;I3-I5:8;I4-I5:2;I4-I8:4;I4-I9:3;I5-I7:2;I5-I11:6;I6-I7:7;I7-I10:7;I8-I11:2;I10-I11:5,18560.000000,34365.734156,15805.734156,3.698259,8.935328,5.237070,4.540956,8.0,3.5,4.0,6.0,10.0,20.0,16.0,48.0,80.0,200.0,False,0.002,0.005,0.1,0.0,0.0,0.0,8000,4000,8,4,37.0,12,105.0,36.0,20.0,1310.000000,40,3,1,True,False,12,physical,8,43,39.033669,0.0
spanke_benes_rect_12x12,default,1-10-5-0-3-2-6-9-4-7-8-11,routed,12,12,0,0,115,17,10,I0-I1:2;I0-I3:9;I0-I5:10;I1-I7:3;I1-I11:4;I2-I6:8;I2-I8:7;I4-I5:9;I4-I6:2;I4-I8:8;I6-I7:2;I6-I9:8;I7-I10:7;I7-I11:6;I8-I9:2;I9-I10:10;I10-I11:4,18560.000000,35056.070450,16496.070450,3.749592,9.235397,5.485805,4.882678,8.0,3.5,4.0,6.0,10.0,20.0,16.0,48.0,80.0,200.0,False,0.002,0.005,0.1,0.0,0.0,0.0,8000,4000,8,4,37.0,12,105.0,36.0,20.0,1310.000000,53,3,1,True,False,12,physical,9,43,55.883858,0.0
padded_benes_16x16,default,8-9-10-12-6-11-3-1-5-7-2-4-0,failed,13,9,4,0,127,25,9,I0-I1:6;I0-I6:3;I1-I4:5;I1-I6:7;I1-I9:3;I1-I12:3;I4-I6:5;I4-I8:3;I4-I9:4;I4-I10:3;I4-I11:3;I4-I12:3;I6-I8:4;I6-I9:4;I6-I10:7;I6-I11:2;I6-I12:3;I8-I9:4;I8-I10:9;I8-I11:7;I9-I10:7;I9-I11:5;I10-I11:8;I10-I12:5;I11-I12:3,16413.000000,19558.858196,3145.858196,6.218096,9.208290,2.990195,2.172413,8.0,3.5,4.0,6.0,10.0,20.0,16.0,48.0,80.0,200.0,False,0.002,0.005,0.1,0.0,0.0,0.0,8000,4000,8,4,37.0,12,105.0,36.0,20.0,785.000000,71,3,3,True,True,13,physical,0,43,120.231243,0.3076923076923077
padded_benes_16x16,default,2-3-7-4-11-0-1-10-6-8-12-5-9,failed,13,7,6,0,55,18,6,I0-I1:4;I0-I3:2;I0-I8:2;I0-I10:2;I1-I3:4;I1-I6:3;I1-I8:2;I1-I10:2;I3-I6:3;I3-I8:2;I3-I9:2;I3-I10:2;I6-I8:4;I6-I9:2;I6-I10:4;I8-I9:4;I8-I10:6;I9-I10:4,15845.000000,14338.628180,-1506.371820,6.506763,7.576208,1.069446,0.739322,8.0,3.5,4.0,6.0,10.0,20.0,16.0,48.0,80.0,200.0,False,0.002,0.005,0.1,0.0,0.0,0.0,8000,4000,8,4,37.0,12,105.0,36.0,20.0,785.000000,67,3,3,True,True,13,physical,1,43,137.088605,0.46153846153846156
padded_benes_16x16,default,5-0-3-12-10-9-4-6-11-7-8-2-1,failed,13,7,6,0,65,16,13,I0-I1:3;I0-I3:2;I0-I7:4;I0-I9:4;I1-I3:4;I1-I7:2;I1-I9:2;I3-I7:3;I3-I8:3;I3-I10:5;I7-I8:2;I7-I9:6;I7-I10:2;I8-I9:5;I8-I10:13;I9-I10:4,15845.000000,15427.853831,-417.146169,6.250763,8.060538,1.809775,1.376673,8.0,3.5,4.0,6.0,10.0,20.0,16.0,48.0,80.0,200.0,False,0.002,0.005,0.1,0.0,0.0,0.0,8000,4000,8,4,37.0,12,105.0,36.0,20.0,785.000000,71,3,3,True,True,13,physical,2,43,134.154741,0.46153846153846156
padded_benes_16x16,default,1-3-5-4-8-6-7-11-10-2-12-9-0,failed,13,9,4,0,115,26,10,I0-I1:2;I0-I5:4;I0-I6:4;I0-I8:2;I0-I9:2;I1-I3:2;I1-I5:4;I1-I6:4;I1-I8:2;I1-I9:5;I3-I5:4;I3-I6:6;I3-I8:2;I3-I10:4;I5-I6:10;I5-I8:4;I5-I9:3;I5-I10:4;I5-I12:3;I6-I8:6;I6-I10:4;I8-I9:3;I8-I10:6;I9-I10:8;I9-I12:7;I10-I12:3,16173.000000,19574.172362,3401.172362,6.099430,9.981453,3.882023,2.009038,8.0,3.5,4.0,6.0,10.0,20.0,16.0,48.0,80.0,200.0,False,0.002,0.005,0.1,0.0,0.0,0.0,8000,4000,8,4,37.0,12,105.0,36.0,20.0,785.000000,57,3,3,True,True,13,physical,3,43,113.607582,0.3076923076923077
padded_benes_16x16,default,3-8-4-2-0-6-12-10-11-5-7-9-1,failed,13,6,7,0,53,14,10,I0-I2:2;I0-I3:3;I0-I4:3;I0-I5:4;I2-I3:5;I2-I4:3;I2-I5:4;I2-I11:2;I3-I4:5;I3-I5:4;I3-I11:2;I4-I5:10;I4-I11:4;I5-I11:2,16085.000000,12555.526419,-3529.473581,6.299430,7.644957,1.345528,0.907009,8.0,3.5,4.0,6.0,10.0,20.0,16.0,48.0,80.0,200.0,False,0.002,0.005,0.1,0.0,0.0,0.0,8000,4000,8,4,37.0,12,105.0,36.0,20.0,785.000000,60,3,3,True,True,13,physical,4,43,137.608128,0.5384615384615384
padded_benes_16x16,default,4-7-0-12-6-3-10-8-1-9-2-11-5,failed,13,9,4,0,94,26,6,I0-I1:2;I0-I2:3;I0-I3:2;I0-I4:2;I0-I7:2;I1-I2:5;I1-I3:2;I1-I4:5;I1-I7:2;I2-I3:6;I2-I4:4;I2-I7:2;I2-I8:4;I2-I9:2;I3-I4:3;I3-I7:3;I3-I11:3;I4-I7:6;I4-I8:3;I4-I9:2;I4-I11:2;I7-I9:6;I7-I11:4;I8-I9:4;I8-I11:4;I9-I11:6,15933.000000,19717.734307,3784.734307,6.182096,8.202662,2.020566,1.699497,8.0,3.5,4.0,6.0,10.0,20.0,16.0,48.0,80.0,200.0,False,0.002,0.005,0.1,0.0,0.0,0.0,8000,4000,8,4,37.0,12,105.0,36.0,20.0,785.000000,80,3,3,True,True,13,physical,5,43,188.079052,0.3076923076923077
padded_benes_16x16,default,3-4-0-8-7-11-12-10-2-5-1-9-6,failed,13,8,5,0,76,21,6,I0-I1:2;I0-I2:3;I0-I3:2;I0-I4:2;I0-I8:3;I1-I2:5;I1-I3:2;I1-I4:4;I2-I3:6;I2-I4:4;I2-I8:2;I2-I10:2;I2-I11:2;I3-I4:3;I3-I11:2;I4-I8:3;I4-I10:5;I4-I11:2;I8-I10:5;I8-I11:6;I10-I11:6,15933.000000,16443.933464,510.933464,6.250763,7.764208,1.513446,1.084358,8.0,3.5,4.0,6.0,10.0,20.0,16.0,48.0,80.0,200.0,False,0.002,0.005,0.1,0.0,0.0,0.0,8000,4000,8,4,37.0,12,105.0,36.0,20.0,785.000000,50,3,3,True,True,13,physical,6,43,89.135104,0.38461538461538464
padded_benes_16x16,default,11-3-4-5-12-8-6-1-10-2-0-9-7,failed,13,6,7,0,44,10,8,I1-I2:4;I1-I3:2;I1-I6:4;I2-I3:8;I2-I6:4;I2-I11:2;I3-I6:4;I3-I11:4;I6-I11:2;I10-I11:6,16181.000000,13242.358272,-2938.641728,6.278763,7.154874,0.876112,0.849286,8.0,3.5,4.0,6.0,10.0,20.0,16.0,48.0,80.0,200.0,False,0.002,0.005,0.1,0.0,0.0,0.0,8000,4000,8,4,37.0,12,105.0,36.0,20.0,785.000000,76,3,3,True,True,13,physical,7,43,138.624213,0.5384615384615384
padded_benes_16x16,default,1-2-12-9-0-3-6-5-10-4-7-8-11,failed,13,8,5,0,85,24,7,I0-I1:2;I0-I3:4;I0-I6:4;I0-I7:4;I0-I8:2;I0-I11:2;I1-I3:4;I1-I6:4;I1-I7:4;I1-I8:2;I1-I11:2;I3-I6:3;I3-I7:5;I3-I8:4;I3-I11:5;I3-I12:6;I6-I7:7;I6-I8:2;I6-I11:2;I7-I8:2;I7-I11:2;I8-I11:7;I8-I12:4;I11-I12:2,16413.000000,17075.159115,662.159115,6.350763,8.369494,2.018731,1.581040,8.0,3.5,4.0,6.0,10.0,20.0,16.0,48.0,80.0,200.0,False,0.002,0.005,0.1,0.0,0.0,0.0,8000,4000,8,4,37.0,12,105.0,36.0,20.0,785.000000,60,3,3,True,True,13,physical,8,43,122.151872,0.38461538461538464
padded_benes_16x16,default,0-5-1-2-12-8-7-4-11-9-3-6-10,failed,13,7,6,0,60,18,6,I0-I2:4;I0-I3:4;I0-I8:2;I2-I3:6;I2-I6:4;I2-I8:2;I2-I9:2;I2-I10:4;I3-I6:4;I3-I8:4;I3-I9:2;I3-I10:4;I6-I8:2;I6-I9:2;I6-I10:3;I8-I9:5;I8-I10:3;I9-I10:3,16269.000000,14879.021978,-1389.978022,6.319430,7.586291,1.266862,1.004435,8.0,3.5,4.0,6.0,10.0,20.0,16.0,48.0,80.0,200.0,False,0.002,0.005,0.1,0.0,0.0,0.0,8000,4000,8,4,37.0,12,105.0,36.0,20.0,785.000000,72,3,3,True,True,13,physical,9,43,137.727209,0.46153846153846156
waksman_13x13,default,8-9-10-12-6-11-3-1-5-7-2-4-0,failed,13,6,7,0,28,4,6,I1-I2:2;I4-I9:6;I8-I9:6;I9-I12:3,13965.000000,11147.906970,-2817.093030,6.025429,6.137499,0.112071,0.184802,8.0,3.5,4.0,6.0,10.0,20.0,16.0,48.0,80.0,200.0,False,0.002,0.005,0.1,0.0,0.0,0.0,8000,4000,8,4,37.0,12,105.0,36.0,20.0,785.000000,69,3,3,True,True,13,physical,0,43,142.235186,0.5384615384615384
waksman_13x13,default,2-3-7-4-11-0-1-10-6-8-12-5-9,failed,13,8,5,0,78,22,9,I0-I3:4;I0-I7:2;I0-I8:2;I0-I9:4;I0-I11:2;I0-I12:4;I3-I8:2;I3-I9:4;I3-I11:2;I3-I12:2;I7-I9:3;I7-I10:2;I8-I9:4;I8-I10:2;I8-I11:9;I8-I12:4;I9-I10:2;I9-I11:3;I9-I12:4;I10-I11:5;I10-I12:3;I11-I12:6,13965.000000,15130.021978,1165.021978,6.758763,7.643283,0.884520,1.597880,8.0,3.5,4.0,6.0,10.0,20.0,16.0,48.0,80.0,200.0,False,0.002,0.005,0.1,0.0,0.0,0.0,8000,4000,8,4,37.0,12,105.0,36.0,20.0,785.000000,56,3,3,True,True,13,physical,1,43,106.349474,0.38461538461538464
waksman_13x13,default,5-0-3-12-10-9-4-6-11-7-8-2-1,failed,13,8,5,0,69,19,7,I1-I5:4;I1-I6:2;I1-I8:2;I1-I10:2;I1-I12:2;I4-I5:5;I4-I8:2;I4-I10:3;I5-I8:4;I5-I10:7;I6-I9:6;I6-I10:2;I6-I12:3;I8-I9:5;I8-I10:3;I8-I12:3;I9-I10:2;I9-I12:3;I10-I12:3,13965.000000,14884.752070,919.752070,5.538463,6.892114,1.353650,1.125438,8.0,3.5,4.0,6.0,10.0,20.0,16.0,48.0,80.0,200.0,False,0.002,0.005,0.1,0.0,0.0,0.0,8000,4000,8,4,37.0,12,105.0,36.0,20.0,785.000000,46,3,3,True,True,13,physical,2,43,69.719730,0.38461538461538464
waksman_13x13,default,1-3-5-4-8-6-7-11-10-2-12-9-0,failed,13,7,6,0,59,16,6,I0-I2:4;I0-I5:2;I0-I9:2;I0-I11:2;I2-I5:6;I2-I6:4;I2-I7:2;I2-I9:3;I2-I11:2;I5-I6:6;I5-I7:4;I5-I11:2;I6-I7:6;I6-I9:3;I6-I11:2;I9-I11:6,13965.000000,14225.358272,260.358272,6.858763,6.743702,-0.115060,1.290817,8.0,3.5,4.0,6.0,10.0,20.0,16.0,48.0,80.0,200.0,False,0.002,0.005,0.1,0.0,0.0,0.0,8000,4000,8,4,37.0,12,105.0,36.0,20.0,785.000000,53,3,3,True,True,13,physical,3,43,92.009707,0.46153846153846156
waksman_13x13,default,3-8-4-2-0-6-12-10-11-5-7-9-1,failed,13,6,7,0,51,13,6,I2-I3:3;I2-I5:6;I2-I8:4;I2-I10:4;I3-I5:4;I3-I7:2;I3-I8:2;I3-I10:4;I5-I7:4;I5-I8:4;I5-I10:6;I7-I8:2;I8-I10:5,13965.000000,11968.986602,-1996.013398,5.791430,7.254823,1.463393,1.531162,8.0,3.5,4.0,6.0,10.0,20.0,16.0,48.0,80.0,200.0,False,0.002,0.005,0.1,0.0,0.0,0.0,8000,4000,8,4,37.0,12,105.0,36.0,20.0,785.000000,59,3,3,True,True,13,physical,4,43,101.362396,0.5384615384615384
waksman_13x13,default,4-7-0-12-6-3-10-8-1-9-2-11-5,failed,13,8,5,0,60,19,6,I2-I3:2;I2-I4:2;I2-I9:2;I2-I10:2;I2-I11:2;I2-I12:2;I3-I4:3;I4-I6:2;I4-I9:2;I4-I11:2;I4-I12:3;I6-I9:3;I6-I11:2;I9-I10:3;I9-I11:4;I9-I12:3;I10-I11:6;I10-I12:4;I11-I12:3,13965.000000,14965.336143,1000.336143,5.797129,6.461407,0.664278,0.809084,8.0,3.5,4.0,6.0,10.0,20.0,16.0,48.0,80.0,200.0,False,0.002,0.005,0.1,0.0,0.0,0.0,8000,4000,8,4,37.0,12,105.0,36.0,20.0,785.000000,69,3,3,True,True,13,physical,5,43,123.693766,0.38461538461538464
waksman_13x13,default,3-4-0-8-7-11-12-10-2-5-1-9-6,failed,13,7,6,0,45,14,5,I0-I2:3;I0-I4:2;I0-I11:2;I0-I12:2;I2-I3:4;I2-I4:2;I2-I7:2;I2-I11:2;I2-I12:4;I3-I7:2;I3-I11:2;I4-I7:4;I4-I12:5;I11-I12:5,13965.000000,13014.234382,-950.765618,5.789796,6.468152,0.678356,0.690210,8.0,3.5,4.0,6.0,10.0,20.0,16.0,48.0,80.0,200.0,False,0.002,0.005,0.1,0.0,0.0,0.0,8000,4000,8,4,37.0,12,105.0,36.0,20.0,785.000000,57,3,3,True,True,13,physical,6,43,122.436461,0.46153846153846156
waksman_13x13,default,11-3-4-5-12-8-6-1-10-2-0-9-7,failed,13,6,7,0,31,7,4,I0-I4:4;I0-I8:3;I6-I8:2;I6-I9:3;I6-I12:4;I8-I9:3;I9-I12:4,13965.000000,11008.973355,-2956.026645,5.868097,6.155242,0.287145,0.498324,8.0,3.5,4.0,6.0,10.0,20.0,16.0,48.0,80.0,200.0,False,0.002,0.005,0.1,0.0,0.0,0.0,8000,4000,8,4,37.0,12,105.0,36.0,20.0,785.000000,61,3,3,True,True,13,physical,7,43,101.994386,0.5384615384615384
waksman_13x13,default,1-2-12-9-0-3-6-5-10-4-7-8-11,failed,13,7,6,0,45,14,6,I1-I2:2;I1-I3:2;I1-I5:4;I1-I6:6;I1-I9:2;I1-I12:2;I2-I3:3;I3-I12:2;I5-I6:2;I5-I9:2;I5-I12:2;I6-I9:3;I6-I12:2;I9-I12:4,13965.000000,13139.256510,-825.743490,5.855430,6.112669,0.257239,0.463216,8.0,3.5,4.0,6.0,10.0,20.0,16.0,48.0,80.0,200.0,False,0.002,0.005,0.1,0.0,0.0,0.0,8000,4000,8,4,37.0,12,105.0,36.0,20.0,785.000000,70,3,3,True,True,13,physical,8,43,160.702161,0.46153846153846156
waksman_13x13,default,0-5-1-2-12-8-7-4-11-9-3-6-10,failed,13,6,7,0,40,14,6,I0-I2:2;I0-I9:2;I0-I11:2;I0-I12:2;I2-I6:4;I2-I9:2;I2-I11:2;I2-I12:2;I6-I9:2;I6-I11:5;I6-I12:2;I9-I11:5;I9-I12:6;I11-I12:2,13965.000000,11705.322896,-2259.677104,6.145429,6.776331,0.630903,0.855274,8.0,3.5,4.0,6.0,10.0,20.0,16.0,48.0,80.0,200.0,False,0.002,0.005,0.1,0.0,0.0,0.0,8000,4000,8,4,37.0,12,105.0,36.0,20.0,785.000000,62,3,3,True,True,13,physical,9,43,128.753971,0.5384615384615384
spanke_benes_13x13,default,8-9-10-12-6-11-3-1-5-7-2-4-0,routed,13,13,0,0,98,12,8,I0-I1:8;I0-I4:3;I1-I2:6;I2-I3:2;I2-I5:2;I4-I8:3;I4-I9:2;I6-I7:5;I6-I8:4;I6-I10:3;I6-I11:2;I7-I10:4,35481.000000,52839.167695,17358.167695,6.295158,12.519299,6.224142,4.435872,8.0,3.5,4.0,6.0,10.0,20.0,16.0,48.0,80.0,200.0,False,0.002,0.005,0.1,0.0,0.0,0.0,8000,4000,8,4,37.0,12,105.0,36.0,20.0,2465.000000,22,3,1,True,False,13,physical,0,43,48.661887,0.0
spanke_benes_13x13,default,2-3-7-4-11-0-1-10-6-8-12-5-9,routed,13,13,0,0,132,17,20,I0-I1:20;I0-I6:13;I1-I2:2;I1-I3:18;I2-I3:5;I2-I4:2;I2-I7:2;I2-I8:7;I2-I9:6;I3-I8:6;I3-I11:4;I4-I7:3;I4-I10:2;I5-I6:14;I7-I9:3;I8-I11:3;I9-I12:2,35481.000000,53801.229715,18320.229715,6.688957,16.298515,9.609557,5.064651,8.0,3.5,4.0,6.0,10.0,20.0,16.0,48.0,80.0,200.0,False,0.002,0.005,0.1,0.0,0.0,0.0,8000,4000,8,4,37.0,12,105.0,36.0,20.0,2465.000000,58,3,1,True,False,13,physical,1,43,81.635298,0.0
spanke_benes_13x13,default,5-0-3-12-10-9-4-6-11-7-8-2-1,routed,13,13,0,0,114,15,18,I0-I2:7;I0-I3:2;I0-I4:2;I0-I5:2;I0-I6:9;I0-I7:8;I1-I2:18;I1-I11:2;I1-I12:2;I2-I6:10;I4-I5:3;I4-I8:2;I5-I7:3;I7-I9:4;I9-I10:2,35481.000000,53115.388980,17634.388980,6.623324,15.330050,8.706726,4.697598,8.0,3.5,4.0,6.0,10.0,20.0,16.0,48.0,80.0,200.0,False,0.002,0.005,0.1,0.0,0.0,0.0,8000,4000,8,4,37.0,12,105.0,36.0,20.0,2465.000000,37,3,1,True,False,13,physical,2,43,60.688522,0.0
spanke_benes_13x13,default,1-3-5-4-8-6-7-11-10-2-12-9-0,routed,13,13,0,0,129,15,16,I0-I1:16;I0-I9:6;I1-I2:2;I1-I3:16;I1-I9:5;I2-I3:15;I2-I4:2;I2-I5:12;I4-I6:9;I4-I7:2;I4-I8:4;I4-I11:2;I5-I6:10;I7-I8:3;I7-I10:2,35481.000000,53621.813788,18140.813788,6.688957,16.122515,9.433557,4.989356,8.0,3.5,4.0,6.0,10.0,20.0,16.0,48.0,80.0,200.0,False,0.002,0.005,0.1,0.0,0.0,0.0,8000,4000,8,4,37.0,12,105.0,36.0,20.0,2465.000000,52,3,1,True,False,13,physical,3,43,88.747283,0.0
spanke_benes_13x13,default,3-8-4-2-0-6-12-10-11-5-7-9-1,routed,13,13,0,0,122,15,16,I0-I1:2;I0-I2:16;I0-I3:15;I1-I5:7;I1-I6:2;I1-I7:4;I1-I10:3;I1-I11:2;I2-I5:8;I2-I9:6;I3-I4:15;I4-I12:2;I5-I9:5;I5-I10:4;I7-I8:2,35481.000000,53893.928797,18412.928797,6.557691,14.732416,8.174726,4.944297,8.0,3.5,4.0,6.0,10.0,20.0,16.0,48.0,80.0,200.0,False,0.002,0.005,0.1,0.0,0.0,0.0,8000,4000,8,4,37.0,12,105.0,36.0,20.0,2465.000000,51,3,1,True,False,13,physical,4,43,84.685825,0.0
spanke_benes_13x13,default,4-7-0-12-6-3-10-8-1-9-2-11-5,routed,13,13,0,0,122,18,11,I0-I1:4;I0-I2:5;I0-I4:10;I0-I5:11;I0-I12:2;I1-I3:2;I1-I4:9;I1-I6:2;I1-I7:6;I2-I5:6;I2-I8:10;I2-I10:2;I5-I8:3;I5-I10:5;I6-I9:3;I6-I11:2;I7-I9:4;I8-I10:6,35481.000000,53505.973054,18024.973054,6.437691,14.567708,8.130018,4.879227,8.0,3.5,4.0,6.0,10.0,20.0,16.0,48.0,80.0,200.0,False,0.002,0.005,0.1,0.0,0.0,0.0,8000,4000,8,4,37.0,12,105.0,36.0,20.0,2465.000000,45,3,1,True,False,13,physical,5,43,68.938856,0.0
spanke_benes_13x13,default,3-4-0-8-7-11-12-10-2-5-1-9-6,routed,13,13,0,0,123,17,18,I0-I1:18;I0-I2:11;I0-I8:7;I1-I3:2;I1-I4:8;I1-I9:6;I1-I12:2;I2-I8:4;I2-I10:6;I3-I4:9;I3-I5:4;I3-I7:2;I3-I11:2;I4-I9:3;I5-I6:2;I8-I10:5;I9-I12:2,35481.000000,53512.265091,18031.265091,6.623324,15.930050,9.306726,4.894810,8.0,3.5,4.0,6.0,10.0,20.0,16.0,48.0,80.0,200.0,False,0.002,0.005,0.1,0.0,0.0,0.0,8000,4000,8,4,37.0,12,105.0,36.0,20.0,2465.000000,47,3,1,True,False,13,physical,6,43,76.097439,0.0
spanke_benes_13x13,default,11-3-4-5-12-8-6-1-10-2-0-9-7,routed,13,13,0,0,113,14,16,I0-I3:3;I0-I4:2;I1-I2:16;I1-I7:3;I1-I9:5;I2-I3:14;I3-I5:2;I3-I6:8;I5-I6:5;I5-I8:2;I5-I11:2;I6-I12:2;I7-I9:6;I7-I10:5,35481.000000,53309.884540,17828.884540,6.557691,14.937124,8.379434,4.721367,8.0,3.5,4.0,6.0,10.0,20.0,16.0,48.0,80.0,200.0,False,0.002,0.005,0.1,0.0,0.0,0.0,8000,4000,8,4,37.0,12,105.0,36.0,20.0,2465.000000,40,3,1,True,False,13,physical,7,43,62.401821,0.0
spanke_benes_13x13,default,1-2-12-9-0-3-6-5-10-4-7-8-11,routed,13,13,0,0,139,18,22,I0-I1:22;I0-I4:17;I1-I2:2;I1-I3:2;I1-I5:16;I1-I9:2;I3-I6:3;I3-I8:6;I3-I11:3;I5-I6:2;I5-I7:4;I5-I9:8;I6-I7:9;I6-I10:6;I7-I9:7;I8-I11:5;I8-I12:2;I10-I11:4,35481.000000,54448.557127,18967.557127,6.754591,17.240148,10.485557,5.284240,8.0,3.5,4.0,6.0,10.0,20.0,16.0,48.0,80.0,200.0,False,0.002,0.005,0.1,0.0,0.0,0.0,8000,4000,8,4,37.0,12,105.0,36.0,20.0,2465.000000,66,3,1,True,False,13,physical,8,43,118.986150,0.0
spanke_benes_13x13,default,0-5-1-2-12-8-7-4-11-9-3-6-10,routed,13,13,0,0,134,18,22,I0-I1:2;I0-I2:22;I1-I3:7;I1-I4:2;I1-I5:2;I1-I6:6;I1-I7:9;I1-I11:4;I2-I3:20;I2-I10:2;I3-I7:6;I3-I10:6;I5-I6:7;I5-I8:2;I5-I9:4;I6-I11:3;I7-I10:7;I9-I12:2,35481.000000,53880.353605,18399.353605,6.754591,16.816148,10.061557,5.109901,8.0,3.5,4.0,6.0,10.0,20.0,16.0,48.0,80.0,200.0,False,0.002,0.005,0.1,0.0,0.0,0.0,8000,4000,8,4,37.0,12,105.0,36.0,20.0,2465.000000,59,3,1,True,False,13,physical,9,43,106.881405,0.0
spanke_benes_rect_13x13,default,8-9-10-12-6-11-3-1-5-7-2-4-0,routed,13,13,0,0,98,15,6,I0-I1:6;I1-I2:4;I2-I3:2;I2-I5:4;I3-I5:3;I4-I5:2;I4-I9:2;I6-I7:3;I6-I8:2;I6-I10:3;I6-I11:2;I7-I10:2;I8-I9:4;I8-I11:3;I10-I11:2,21831.000000,39733.326960,17902.326960,4.025225,9.333119,5.307894,4.534973,8.0,3.5,4.0,6.0,10.0,20.0,16.0,48.0,80.0,200.0,False,0.002,0.005,0.1,0.0,0.0,0.0,8000,4000,8,4,37.0,12,105.0,36.0,20.0,1415.000000,26,3,1,True,False,13,physical,0,43,32.118435,0.0
spanke_benes_rect_13x13,default,2-3-7-4-11-0-1-10-6-8-12-5-9,routed,13,13,0,0,132,17,12,I0-I1:12;I0-I6:7;I1-I3:10;I2-I8:9;I2-I9:8;I3-I8:2;I3-I11:8;I4-I7:7;I4-I10:8;I5-I6:8;I6-I7:2;I7-I10:2;I7-I12:7;I8-I9:2;I8-I11:7;I9-I12:10;I10-I12:3,21831.000000,40797.973054,18966.973054,3.986559,9.741704,5.755145,5.177996,8.0,3.5,4.0,6.0,10.0,20.0,16.0,48.0,80.0,200.0,False,0.002,0.005,0.1,0.0,0.0,0.0,8000,4000,8,4,37.0,12,105.0,36.0,20.0,1415.000000,58,3,1,True,False,13,physical,1,43,71.722250,0.0
spanke_benes_rect_13x13,default,5-0-3-12-10-9-4-6-11-7-8-2-1,routed,13,13,0,0,114,18,8,I0-I2:3;I0-I5:2;I0-I6:7;I0-I7:6;I1-I2:8;I1-I11:2;I1-I12:2;I2-I3:2;I2-I6:6;I2-I11:3;I3-I8:3;I4-I5:5;I4-I8:6;I5-I10:5;I6-I7:2;I7-I9:8;I8-I10:3;I9-I10:6,21831.000000,40286.088062,18455.088062,4.051224,9.348541,5.297318,4.843090,8.0,3.5,4.0,6.0,10.0,20.0,16.0,48.0,80.0,200.0,False,0.002,0.005,0.1,0.0,0.0,0.0,8000,4000,8,4,37.0,12,105.0,36.0,20.0,1415.000000,42,3,1,True,False,13,physical,2,43,49.015738,0.0
spanke_benes_rect_13x13,default,1-3-5-4-8-6-7-11-10-2-12-9-0,routed,13,13,0,0,131,14,11,I0-I1:8;I0-I9:4;I1-I3:10;I1-I9:5;I2-I3:11;I2-I5:10;I4-I6:9;I4-I11:10;I5-I6:10;I6-I7:2;I7-I8:9;I7-I10:10;I8-I10:2;I8-I11:9,21831.000000,40607.141201,18776.141201,4.012558,9.904707,5.892149,5.130176,8.0,3.5,4.0,6.0,10.0,20.0,16.0,48.0,80.0,200.0,False,0.002,0.005,0.1,0.0,0.0,0.0,8000,4000,8,4,37.0,12,105.0,36.0,20.0,1415.000000,54,3,1,True,False,13,physical,3,43,66.793435,0.0
spanke_benes_rect_13x13,default,3-8-4-2-0-6-12-10-11-5-7-9-1,routed,13,13,0,0,122,17,9,I0-I1:2;I0-I2:8;I0-I3:9;I1-I10:5;I1-I11:6;I2-I5:2;I2-I9:8;I3-I4:7;I4-I5:2;I4-I12:2;I5-I7:2;I5-I9:7;I5-I10:8;I6-I8:7;I7-I8:8;I7-I11:7;I10-I11:4,21831.000000,40772.088062,18941.088062,3.998258,9.794989,5.796732,5.040937,8.0,3.5,4.0,6.0,10.0,20.0,16.0,48.0,80.0,200.0,False,0.002,0.005,0.1,0.0,0.0,0.0,8000,4000,8,4,37.0,12,105.0,36.0,20.0,1415.000000,55,3,1,True,False,13,physical,4,43,63.554148,0.0
spanke_benes_rect_13x13,default,4-7-0-12-6-3-10-8-1-9-2-11-5,routed,13,13,0,0,120,20,8,I0-I1:2;I0-I4:2;I0-I5:7;I0-I12:6;I1-I4:7;I1-I7:6;I2-I3:2;I2-I5:4;I2-I8:6;I3-I11:3;I4-I7:2;I4-I12:5;I5-I10:5;I6-I9:7;I6-I11:8;I7-I9:8;I8-I9:2;I8-I10:4;I9-I11:2;I10-I11:2,21831.000000,40505.402227,18674.402227,3.986559,9.541875,5.555316,4.965677,8.0,3.5,4.0,6.0,10.0,20.0,16.0,48.0,80.0,200.0,False,0.002,0.005,0.1,0.0,0.0,0.0,8000,4000,8,4,37.0,12,105.0,36.0,20.0,1415.000000,48,3,1,True,False,13,physical,5,43,57.330672,0.0
spanke_benes_rect_13x13,default,3-4-0-8-7-11-12-10-2-5-1-9-6,routed,13,13,0,0,123,21,10,I0-I1:10;I0-I2:5;I0-I8:5;I1-I4:4;I1-I9:6;I2-I3:2;I2-I8:2;I2-I10:4;I3-I4:7;I3-I7:2;I3-I11:6;I4-I5:2;I4-I12:5;I5-I6:8;I5-I7:7;I7-I11:5;I8-I9:2;I8-I10:3;I9-I12:6;I10-I11:2;I11-I12:3,21831.000000,40502.278338,18671.278338,4.012558,9.795621,5.783063,5.009043,8.0,3.5,4.0,6.0,10.0,20.0,16.0,48.0,80.0,200.0,False,0.002,0.005,0.1,0.0,0.0,0.0,8000,4000,8,4,37.0,12,105.0,36.0,20.0,1415.000000,49,3,1,True,False,13,physical,6,43,57.663666,0.0
spanke_benes_rect_13x13,default,11-3-4-5-12-8-6-1-10-2-0-9-7,routed,13,13,0,0,115,16,10,I0-I4:4;I0-I8:3;I1-I2:8;I1-I9:5;I2-I3:10;I3-I5:2;I3-I6:6;I4-I8:3;I5-I11:6;I5-I12:5;I6-I12:8;I7-I9:4;I7-I10:3;I8-I11:7;I10-I11:2;I11-I12:3,21831.000000,40475.897787,18644.897787,4.051224,9.596569,5.545345,4.893446,8.0,3.5,4.0,6.0,10.0,20.0,16.0,48.0,80.0,200.0,False,0.002,0.005,0.1,0.0,0.0,0.0,8000,4000,8,4,37.0,12,105.0,36.0,20.0,1415.000000,44,3,1,True,False,13,physical,7,43,50.732412,0.0
spanke_benes_rect_13x13,default,1-2-12-9-0-3-6-5-10-4-7-8-11,routed,13,13,0,0,133,17,12,I0-I1:12;I0-I4:9;I1-I3:2;I1-I5:10;I2-I12:3;I3-I8:4;I3-I11:5;I4-I5:2;I5-I7:2;I5-I9:8;I6-I7:9;I6-I10:10;I7-I9:9;I8-I11:5;I8-I12:12;I10-I11:10;I11-I12:2,21831.000000,41204.906668,19373.906668,4.025225,9.779629,5.754404,5.264063,8.0,3.5,4.0,6.0,10.0,20.0,16.0,48.0,80.0,200.0,False,0.002,0.005,0.1,0.0,0.0,0.0,8000,4000,8,4,37.0,12,105.0,36.0,20.0,1415.000000,61,3,1,True,False,13,physical,8,43,80.270289,0.0
spanke_benes_rect_13x13,default,0-5-1-2-12-8-7-4-11-9-3-6-10,routed,13,13,0,0,130,19,12,I0-I1:2;I0-I2:12;I1-I6:2;I1-I7:9;I1-I11:6;I2-I3:12;I3-I5:2;I3-I7:4;I3-I10:6;I4-I8:5;I5-I6:7;I5-I9:8;I6-I9:2;I6-I11:7;I7-I10:5;I8-I12:9;I9-I12:8;I10-I11:2;I11-I12:2,21831.000000,40805.388980,18974.388980,3.973892,9.843629,5.869737,5.149906,8.0,3.5,4.0,6.0,10.0,20.0,16.0,48.0,80.0,200.0,False,0.002,0.005,0.1,0.0,0.0,0.0,8000,4000,8,4,37.0,12,105.0,36.0,20.0,1415.000000,57,3,1,True,False,13,physical,9,43,70.437269,0.0
padded_benes_16x16,default,8-9-10-13-6-12-3-1-5-7-2-11-4-0,failed,14,9,5,0,128,31,9,I0-I4:3;I0-I6:3;I0-I7:3;I0-I9:3;I0-I11:4;I4-I6:5;I4-I7:7;I4-I8:3;I4-I9:4;I4-I10:3;I4-I11:2;I4-I13:3;I6-I7:9;I6-I8:2;I6-I9:2;I6-I10:5;I6-I13:3;I7-I8:2;I7-I9:4;I7-I10:4;I7-I13:5;I8-I9:4;I8-I10:5;I8-I11:2;I8-I13:7;I9-I10:3;I9-I11:4;I9-I13:5;I10-I11:6;I10-I13:7;I11-I13:3,17478.000000,20821.982086,3343.982086,6.266096,9.507748,3.241653,2.377774,8.0,3.5,4.0,6.0,10.0,20.0,16.0,48.0,80.0,200.0,False,0.002,0.005,0.1,0.0,0.0,0.0,8000,4000,8,4,37.0,12,105.0,36.0,20.0,785.000000,89,3,3,True,True,14,physical,0,43,198.940850,0.35714285714285715
padded_benes_16x16,default,1-7-4-3-12-10-0-2-11-6-8-13-5-9,failed,14,6,8,0,46,13,7,I0-I1:2;I0-I2:2;I0-I8:2;I0-I9:2;I1-I2:5;I1-I8:2;I1-I9:5;I2-I8:4;I2-I9:2;I2-I10:2;I8-I9:7;I8-I10:7;I9-I10:4,17238.000000,11888.592804,-5349.407196,6.250763,7.305624,1.054862,0.741198,8.0,3.5,4.0,6.0,10.0,20.0,16.0,48.0,80.0,200.0,False,0.002,0.005,0.1,0.0,0.0,0.0,8000,4000,8,4,37.0,12,105.0,36.0,20.0,785.000000,69,3,3,True,True,14,physical,1,43,122.727860,0.5714285714285714
padded_benes_16x16,default,5-10-9-0-3-1-11-4-12-6-13-7-8-2,failed,14,8,6,0,89,24,8,I0-I2:2;I0-I3:3;I0-I4:3;I0-I5:3;I0-I7:3;I0-I8:2;I2-I3:5;I2-I4:7;I2-I5:3;I2-I7:7;I2-I8:6;I2-I10:2;I3-I4:4;I3-I5:6;I3-I7:4;I3-I8:2;I4-I5:7;I4-I7:2;I4-I8:2;I5-I7:8;I5-I8:2;I7-I8:2;I7-I10:2;I8-I10:2,17334.000000,17633.889206,299.889206,6.340097,8.731789,2.391692,1.591597,8.0,3.5,4.0,6.0,10.0,20.0,16.0,48.0,80.0,200.0,False,0.002,0.005,0.1,0.0,0.0,0.0,8000,4000,8,4,37.0,12,105.0,36.0,20.0,785.000000,67,3,3,True,True,14,physical,2,43,142.968441,0.42857142857142855
padded_benes_16x16,default,3-7-11-5-12-9-6-8-1-10-4-13-0-2,failed,14,10,4,0,126,35,10,I0-I1:2;I0-I2:2;I0-I3:2;I0-I6:4;I0-I7:2;I0-I9:2;I0-I13:3;I1-I2:2;I1-I3:7;I1-I6:5;I1-I7:2;I1-I9:2;I2-I3:3;I2-I6:5;I2-I7:7;I2-I9:5;I2-I11:2;I3-I6:4;I3-I7:2;I3-I9:2;I3-I11:4;I6-I7:4;I6-I8:3;I6-I9:2;I6-I11:2;I6-I13:3;I7-I9:2;I7-I11:2;I7-I13:3;I8-I9:2;I8-I11:4;I8-I13:10;I9-I11:6;I9-I13:3;I11-I13:3,17238.000000,22206.893572,4968.893572,6.255430,9.236078,2.980648,1.982779,8.0,3.5,4.0,6.0,10.0,20.0,16.0,48.0,80.0,200.0,False,0.002,0.005,0.1,0.0,0.0,0.0,8000,4000,8,4,37.0,12,105.0,36.0,20.0,785.000000,81,3,3,True,True,14,physical,3,43,148.011479,0.2857142857142857
padded_benes_16x16,default,3-9-4-2-0-6-1-7-8-13-5-11-10-12,failed,14,6,8,0,32,12,4,I0-I1:2;I0-I3:3;I0-I8:2;I1-I3:3;I1-I5:3;I1-I8:3;I1-I13:2;I3-I5:4;I3-I8:2;I5-I8:2;I5-I13:2;I8-I13:4,17574.000000,11976.592804,-5597.407196,6.558096,7.086332,0.528237,0.135198,8.0,3.5,4.0,6.0,10.0,20.0,16.0,48.0,80.0,200.0,False,0.002,0.005,0.1,0.0,0.0,0.0,8000,4000,8,4,37.0,12,105.0,36.0,20.0,785.000000,85,3,3,True,True,14,physical,4,43,133.244917,0.5714285714285714
padded_benes_16x16,default,4-7-0-13-6-3-12-8-1-9-10-2-11-5,failed,14,8,6,0,82,24,6,I0-I1:6;I0-I2:3;I0-I3:4;I0-I4:4;I0-I5:3;I0-I9:2;I1-I2:3;I1-I3:4;I1-I4:5;I1-I5:3;I1-I9:2;I2-I3:6;I2-I4:4;I2-I5:4;I2-I9:2;I3-I4:3;I3-I5:3;I3-I9:3;I3-I12:3;I4-I5:5;I4-I9:2;I4-I12:2;I5-I9:2;I9-I12:4,17238.000000,17654.575041,416.575041,6.335430,8.266243,1.930813,1.545394,8.0,3.5,4.0,6.0,10.0,20.0,16.0,48.0,80.0,200.0,False,0.002,0.005,0.1,0.0,0.0,0.0,8000,4000,8,4,37.0,12,105.0,36.0,20.0,785.000000,74,3,3,True,True,14,physical,5,43,126.627284,0.42857142857142855
padded_benes_16x16,default,10-13-8-3-0-7-4-12-11-2-5-1-9-6,failed,14,6,8,0,54,11,8,I2-I5:3;I2-I7:4;I2-I8:8;I5-I7:4;I5-I8:2;I5-I10:5;I5-I13:7;I7-I8:3;I8-I10:3;I8-I13:5;I10-I13:6,17670.000000,14524.021978,-3145.978022,6.576097,7.918752,1.342655,0.841841,8.0,3.5,4.0,6.0,10.0,20.0,16.0,48.0,80.0,200.0,False,0.002,0.005,0.1,0.0,0.0,0.0,8000,4000,8,4,37.0,12,105.0,36.0,20.0,785.000000,80,3,3,True,True,14,physical,6,43,112.500073,0.5714285714285714
padded_benes_16x16,default,6-9-10-3-4-7-8-5-12-13-11-1-0-2,failed,14,8,6,0,101,24,10,I0-I1:2;I0-I3:3;I0-I4:3;I0-I5:10;I0-I8:4;I1-I3:3;I1-I5:3;I1-I8:2;I1-I10:4;I3-I4:4;I3-I5:4;I3-I8:2;I3-I10:2;I3-I11:3;I4-I5:10;I4-I8:4;I4-I10:2;I4-I11:3;I5-I8:2;I5-I10:2;I5-I11:3;I8-I10:5;I8-I11:9;I10-I11:9,17670.000000,17703.451151,33.451151,6.668097,9.385583,2.717487,1.558863,8.0,3.5,4.0,6.0,10.0,20.0,16.0,48.0,80.0,200.0,False,0.002,0.005,0.1,0.0,0.0,0.0,8000,4000,8,4,37.0,12,105.0,36.0,20.0,785.000000,74,3,3,True,True,14,physical,7,43,149.828140,0.42857142857142855
padded_benes_16x16,default,9-4-2-8-7-12-11-3-10-0-1-6-5-13,failed,14,7,7,0,61,18,6,I1-I2:5;I1-I3:2;I1-I7:3;I1-I8:2;I1-I11:4;I2-I3:6;I2-I7:6;I2-I8:2;I2-I11:2;I3-I7:3;I3-I8:4;I3-I13:2;I7-I8:4;I7-I11:2;I7-I13:2;I8-I11:3;I8-I13:6;I11-I13:2,17430.000000,16002.539666,-1427.460334,6.330763,7.825913,1.495150,1.019297,8.0,3.5,4.0,6.0,10.0,20.0,16.0,48.0,80.0,200.0,False,0.002,0.005,0.1,0.0,0.0,0.0,8000,4000,8,4,37.0,12,105.0,36.0,20.0,785.000000,98,3,3,True,True,14,physical,8,43,210.382701,0.5
padded_benes_16x16,default,3-2-8-7-13-1-0-11-10-5-6-12-9-4,failed,14,7,7,0,54,18,7,I0-I1:3;I0-I7:2;I0-I8:2;I0-I9:2;I1-I3:2;I1-I5:3;I1-I7:4;I1-I8:2;I1-I9:2;I3-I5:3;I3-I7:2;I3-I8:2;I3-I9:3;I5-I7:4;I5-I8:2;I5-I9:4;I7-I8:7;I8-I9:3,17334.000000,14709.167996,-2624.832004,6.342763,7.819830,1.477067,0.823191,8.0,3.5,4.0,6.0,10.0,20.0,16.0,48.0,80.0,200.0,False,0.002,0.005,0.1,0.0,0.0,0.0,8000,4000,8,4,37.0,12,105.0,36.0,20.0,785.000000,66,3,3,True,True,14,physical,9,43,115.887783,0.5
waksman_14x14,default,8-9-10-13-6-12-3-1-5-7-2-11-4-0,failed,14,9,5,0,99,18,10,I0-I2:10;I0-I3:2;I0-I5:4;I0-I11:4;I2-I3:6;I2-I4:3;I2-I5:6;I2-I11:8;I3-I5:5;I4-I5:2;I4-I9:4;I4-I11:2;I8-I9:6;I8-I11:4;I8-I12:3;I9-I11:2;I9-I12:7;I11-I12:3,15518.000000,17269.473280,1751.473280,5.551131,8.429325,2.878195,1.441550,8.0,3.5,4.0,6.0,10.0,20.0,16.0,48.0,80.0,200.0,False,0.002,0.005,0.1,0.0,0.0,0.0,8000,4000,8,4,37.0,12,105.0,36.0,20.0,785.000000,61,3,3,True,True,14,physical,0,43,94.787775,0.35714285714285715
waksman_14x14,default,1-7-4-3-12-10-0-2-11-6-8-13-5-9,failed,14,7,7,0,54,17,6,I2-I7:3;I2-I8:4;I2-I10:2;I2-I13:2;I3-I7:3;I3-I8:2;I3-I13:2;I5-I7:3;I5-I8:6;I5-I10:3;I5-I13:3;I7-I8:2;I7-I10:2;I7-I13:2;I8-I10:3;I8-I13:5;I10-I13:6,15518.000000,14100.190125,-1417.809875,6.718096,7.023830,0.305734,0.888769,8.0,3.5,4.0,6.0,10.0,20.0,16.0,48.0,80.0,200.0,False,0.002,0.005,0.1,0.0,0.0,0.0,8000,4000,8,4,37.0,12,105.0,36.0,20.0,785.000000,67,3,3,True,True,14,physical,1,43,116.376946,0.5
waksman_14x14,default,5-10-9-0-3-1-11-4-12-6-13-7-8-2,failed,14,7,7,0,58,18,7,I0-I2:4;I0-I3:3;I0-I7:7;I0-I8:2;I0-I9:2;I0-I12:2;I2-I3:5;I2-I7:3;I2-I8:4;I2-I12:3;I3-I7:4;I3-I12:2;I7-I8:2;I7-I9:4;I7-I12:2;I8-I9:3;I8-I12:3;I9-I12:2,15518.000000,13743.548547,-1774.451453,6.863430,7.710085,0.846655,0.745871,8.0,3.5,4.0,6.0,10.0,20.0,16.0,48.0,80.0,200.0,False,0.002,0.005,0.1,0.0,0.0,0.0,8000,4000,8,4,37.0,12,105.0,36.0,20.0,785.000000,65,3,3,True,True,14,physical,2,43,130.309149,0.5
waksman_14x14,default,3-7-11-5-12-9-6-8-1-10-4-13-0-2,failed,14,7,7,0,71,17,9,I2-I3:3;I2-I7:5;I2-I9:9;I3-I6:4;I3-I7:2;I3-I8:3;I3-I9:2;I3-I10:5;I6-I7:4;I6-I8:3;I6-I9:2;I6-I10:3;I7-I8:3;I7-I9:6;I8-I9:6;I8-I10:4;I9-I10:3,15518.000000,15137.663555,-380.336445,6.835430,7.596280,0.760850,1.738761,8.0,3.5,4.0,6.0,10.0,20.0,16.0,48.0,80.0,200.0,False,0.002,0.005,0.1,0.0,0.0,0.0,8000,4000,8,4,37.0,12,105.0,36.0,20.0,785.000000,102,3,3,True,True,14,physical,3,43,185.982190,0.5
waksman_14x14,default,3-9-4-2-0-6-1-7-8-13-5-11-10-12,failed,14,7,7,0,62,19,8,I0-I1:2;I0-I2:2;I0-I5:4;I0-I7:4;I0-I8:2;I1-I5:3;I1-I7:3;I1-I8:3;I1-I11:2;I2-I5:4;I2-I7:4;I2-I8:2;I2-I11:4;I5-I7:8;I5-I8:2;I5-I11:2;I7-I8:2;I7-I11:2;I8-I11:6,15518.000000,14107.066235,-1410.933765,7.158096,8.019500,0.861405,0.704733,8.0,3.5,4.0,6.0,10.0,20.0,16.0,48.0,80.0,200.0,False,0.002,0.005,0.1,0.0,0.0,0.0,8000,4000,8,4,37.0,12,105.0,36.0,20.0,785.000000,81,3,3,True,True,14,physical,4,43,141.857934,0.5
waksman_14x14,default,4-7-0-13-6-3-12-8-1-9-10-2-11-5,failed,14,9,5,0,83,25,6,I0-I1:6;I0-I2:3;I0-I9:2;I0-I10:4;I0-I13:6;I1-I2:5;I1-I3:2;I1-I5:3;I1-I7:2;I1-I9:2;I1-I10:4;I1-I13:3;I2-I3:4;I2-I5:2;I2-I9:2;I2-I10:2;I2-I13:2;I5-I7:2;I5-I10:2;I5-I13:4;I7-I9:2;I7-I10:2;I9-I10:2;I9-I13:5;I10-I13:3,15518.000000,17825.136986,2307.136986,5.904762,8.399030,2.494268,1.361919,8.0,3.5,4.0,6.0,10.0,20.0,16.0,48.0,80.0,200.0,False,0.002,0.005,0.1,0.0,0.0,0.0,8000,4000,8,4,37.0,12,105.0,36.0,20.0,785.000000,49,3,3,True,True,14,physical,5,43,84.371883,0.35714285714285715
waksman_14x14,default,10-13-8-3-0-7-4-12-11-2-5-1-9-6,failed,14,7,7,0,52,11,9,I1-I7:3;I5-I6:9;I5-I7:2;I5-I12:4;I5-I13:3;I6-I7:4;I6-I8:2;I6-I12:6;I6-I13:2;I8-I12:3;I12-I13:5,15518.000000,14829.314015,-688.685985,5.824764,7.189159,1.364395,1.261947,8.0,3.5,4.0,6.0,10.0,20.0,16.0,48.0,80.0,200.0,False,0.002,0.005,0.1,0.0,0.0,0.0,8000,4000,8,4,37.0,12,105.0,36.0,20.0,785.000000,80,3,3,True,True,14,physical,6,43,134.579892,0.5
waksman_14x14,default,6-9-10-3-4-7-8-5-12-13-11-1-0-2,failed,14,9,5,0,102,23,8,I0-I1:4;I0-I2:4;I0-I4:3;I0-I6:2;I0-I10:2;I0-I11:3;I0-I12:3;I0-I13:5;I1-I2:8;I1-I6:5;I1-I10:4;I1-I11:3;I2-I4:3;I2-I6:7;I2-I10:6;I4-I6:2;I6-I10:2;I6-I11:3;I10-I11:5;I10-I12:3;I11-I12:5;I11-I13:2;I12-I13:6,15518.000000,17401.619298,1883.619298,6.876097,7.898493,1.022397,1.500582,8.0,3.5,4.0,6.0,10.0,20.0,16.0,48.0,80.0,200.0,False,0.002,0.005,0.1,0.0,0.0,0.0,8000,4000,8,4,37.0,12,105.0,36.0,20.0,785.000000,72,3,3,True,True,14,physical,7,43,116.922807,0.35714285714285715
waksman_14x14,default,9-4-2-8-7-12-11-3-10-0-1-6-5-13,failed,14,9,5,0,112,30,10,I0-I1:3;I0-I2:3;I0-I3:7;I0-I7:5;I0-I8:4;I0-I9:3;I0-I13:4;I1-I2:3;I1-I3:2;I1-I7:3;I1-I8:4;I1-I12:4;I2-I3:6;I2-I7:10;I2-I8:2;I2-I9:3;I2-I12:2;I3-I7:3;I3-I8:2;I3-I9:3;I3-I13:2;I7-I8:2;I7-I12:2;I7-I13:2;I8-I9:3;I8-I12:7;I8-I13:2;I9-I12:4;I9-I13:4;I12-I13:4,15518.000000,17773.619298,2255.619298,6.730763,8.435081,1.704319,1.834360,8.0,3.5,4.0,6.0,10.0,20.0,16.0,48.0,80.0,200.0,False,0.002,0.005,0.1,0.0,0.0,0.0,8000,4000,8,4,37.0,12,105.0,36.0,20.0,785.000000,78,3,3,True,True,14,physical,8,43,206.323787,0.35714285714285715
waksman_14x14,default,3-2-8-7-13-1-0-11-10-5-6-12-9-4,failed,14,10,4,0,133,39,11,I1-I2:2;I1-I3:2;I1-I4:2;I1-I5:3;I1-I8:2;I1-I12:2;I1-I13:2;I2-I3:3;I2-I4:4;I2-I5:5;I2-I8:4;I2-I10:3;I2-I11:2;I2-I12:2;I3-I4:2;I3-I5:3;I3-I8:2;I3-I10:3;I3-I12:2;I3-I13:5;I4-I5:3;I4-I8:3;I4-I10:3;I4-I12:3;I5-I8:2;I5-I10:2;I5-I11:2;I5-I12:2;I5-I13:4;I8-I10:3;I8-I11:4;I8-I12:5;I8-I13:3;I10-I11:4;I10-I12:6;I10-I13:5;I11-I12:5;I11-I13:5;I12-I13:11,15518.000000,20203.216619,4685.216619,6.402763,8.963950,2.561187,2.073143,8.0,3.5,4.0,6.0,10.0,20.0,16.0,48.0,80.0,200.0,False,0.002,0.005,0.1,0.0,0.0,0.0,8000,4000,8,4,37.0,12,105.0,36.0,20.0,785.000000,61,3,3,True,True,14,physical,9,43,124.661912,0.2857142857142857
spanke_benes_14x14,default,8-9-10-13-6-12-3-1-5-7-2-11-4-0,routed,14,14,0,0,120,14,10,I0-I1:10;I0-I4:3;I0-I9:3;I1-I2:8;I2-I3:2;I2-I5:2;I2-I11:2;I4-I8:5;I4-I9:4;I6-I7:5;I6-I8:6;I6-I10:5;I6-I12:2;I7-I10:6,41538.000000,61719.318079,20181.318079,6.885090,13.936063,7.050973,4.868045,8.0,3.5,4.0,6.0,10.0,20.0,16.0,48.0,80.0,200.0,False,0.002,0.005,0.1,0.0,0.0,0.0,8000,4000,8,4,37.0,12,105.0,36.0,20.0,2675.000000,30,3,1,True,False,14,physical,0,43,68.987666,0.0
spanke_benes_14x14,default,1-7-4-3-12-10-0-2-11-6-8-13-5-9,routed,14,14,0,0,150,21,17,I0-I1:2;I0-I2:2;I0-I3:6;I0-I6:15;I0-I7:14;I1-I2:7;I1-I4:2;I1-I5:4;I1-I9:7;I1-I10:6;I2-I3:17;I2-I9:6;I2-I12:4;I3-I7:13;I3-I12:2;I4-I8:3;I4-I11:2;I5-I8:4;I5-I10:3;I9-I12:3;I10-I13:2,41538.000000,62960.955291,21422.955291,7.147623,16.725181,9.577557,5.450422,8.0,3.5,4.0,6.0,10.0,20.0,16.0,48.0,80.0,200.0,False,0.002,0.005,0.1,0.0,0.0,0.0,8000,4000,8,4,37.0,12,105.0,36.0,20.0,2675.000000,62,3,1,True,False,14,physical,1,43,119.603258,0.0
spanke_benes_14x14,default,5-10-9-0-3-1-11-4-12-6-13-7-8-2,routed,14,14,0,0,142,17,18,I0-I1:2;I0-I2:6;I0-I4:3;I0-I7:11;I0-I9:8;I1-I2:7;I1-I6:6;I2-I9:3;I3-I4:2;I3-I5:18;I4-I5:15;I4-I7:12;I5-I13:2;I6-I8:4;I8-I10:2;I9-I11:4;I11-I12:2,41538.000000,62243.875658,20705.875658,7.147623,16.238597,9.090973,5.226554,8.0,3.5,4.0,6.0,10.0,20.0,16.0,48.0,80.0,200.0,False,0.002,0.005,0.1,0.0,0.0,0.0,8000,4000,8,4,37.0,12,105.0,36.0,20.0,2675.000000,52,3,1,True,False,14,physical,2,43,105.939521,0.0
spanke_benes_14x14,default,3-7-11-5-12-9-6-8-1-10-4-13-0-2,routed,14,14,0,0,130,18,12,I0-I1:4;I0-I3:12;I0-I8:7;I0-I10:4;I1-I2:4;I1-I3:5;I1-I5:2;I1-I6:7;I1-I7:6;I2-I4:4;I2-I9:3;I3-I6:8;I3-I10:3;I4-I11:2;I5-I7:5;I5-I9:4;I8-I12:3;I8-I13:2,41538.000000,62053.844648,20515.844648,7.016357,15.093914,8.077557,5.047621,8.0,3.5,4.0,6.0,10.0,20.0,16.0,48.0,80.0,200.0,False,0.002,0.005,0.1,0.0,0.0,0.0,8000,4000,8,4,37.0,12,105.0,36.0,20.0,2675.000000,40,3,1,True,False,14,physical,3,43,71.404395,0.0
spanke_benes_14x14,default,3-9-4-2-0-6-1-7-8-13-5-11-10-12,routed,14,14,0,0,171,19,18,I0-I1:2;I0-I2:18;I0-I3:17;I0-I10:2;I1-I8:9;I1-I9:2;I1-I11:6;I1-I12:4;I2-I5:8;I2-I10:8;I3-I4:3;I3-I6:15;I4-I6:16;I5-I7:14;I5-I10:7;I7-I8:10;I7-I10:5;I11-I12:5;I11-I13:2,41538.000000,63217.043805,21679.043805,7.147623,16.386096,9.238472,5.777006,8.0,3.5,4.0,6.0,10.0,20.0,16.0,48.0,80.0,200.0,False,0.002,0.005,0.1,0.0,0.0,0.0,8000,4000,8,4,37.0,12,105.0,36.0,20.0,2675.000000,74,3,1,True,False,14,physical,4,43,166.176305,0.0
spanke_benes_14x14,default,4-7-0-13-6-3-12-8-1-9-10-2-11-5,routed,14,14,0,0,143,18,13,I0-I1:4;I0-I2:5;I0-I4:12;I0-I5:13;I0-I13:2;I1-I3:2;I1-I4:11;I1-I6:2;I1-I7:8;I2-I5:6;I2-I8:12;I5-I8:5;I5-I11:5;I5-I13:2;I7-I9:6;I8-I11:6;I9-I10:4;I10-I12:2,41538.000000,62383.539364,20845.539364,7.027623,15.897889,8.870265,5.266506,8.0,3.5,4.0,6.0,10.0,20.0,16.0,48.0,80.0,200.0,False,0.002,0.005,0.1,0.0,0.0,0.0,8000,4000,8,4,37.0,12,105.0,36.0,20.0,2675.000000,53,3,1,True,False,14,physical,5,43,100.814226,0.0
spanke_benes_14x14,default,10-13-8-3-0-7-4-12-11-2-5-1-9-6,routed,14,14,0,0,130,18,12,I0-I1:2;I0-I2:5;I0-I7:2;I0-I8:2;I2-I5:7;I2-I12:2;I3-I4:9;I3-I5:2;I3-I6:12;I3-I9:7;I3-I10:2;I4-I9:4;I4-I11:6;I5-I6:5;I5-I10:3;I6-I10:6;I9-I11:5;I10-I13:2,41538.000000,62190.778262,20652.778262,7.013323,15.464049,8.450726,5.074683,8.0,3.5,4.0,6.0,10.0,20.0,16.0,48.0,80.0,200.0,False,0.002,0.005,0.1,0.0,0.0,0.0,8000,4000,8,4,37.0,12,105.0,36.0,20.0,2675.000000,40,3,1,True,False,14,physical,6,43,74.287508,0.0
spanke_benes_14x14,default,6-9-10-3-4-7-8-5-12-13-11-1-0-2,routed,14,14,0,0,131,14,14,I0-I1:4;I0-I4:5;I0-I5:10;I0-I7:7;I1-I2:8;I1-I6:7;I2-I8:4;I2-I10:2;I3-I4:14;I4-I7:8;I5-I6:8;I8-I9:2;I11-I12:3;I11-I13:2,41538.000000,62034.136685,20496.136685,7.016357,14.903082,7.886726,5.058377,8.0,3.5,4.0,6.0,10.0,20.0,16.0,48.0,80.0,200.0,False,0.002,0.005,0.1,0.0,0.0,0.0,8000,4000,8,4,37.0,12,105.0,36.0,20.0,2675.000000,41,3,1,True,False,14,physical,7,43,83.359111,0.0
spanke_benes_14x14,default,9-4-2-8-7-12-11-3-10-0-1-6-5-13,failed,14,13,1,0,129,18,10,I0-I3:9;I0-I5:2;I0-I6:2;I0-I8:4;I1-I2:9;I1-I3:2;I1-I4:8;I1-I7:9;I1-I11:2;I2-I7:10;I2-I10:7;I3-I4:9;I4-I11:5;I5-I6:3;I5-I13:4;I6-I8:3;I6-I13:2;I9-I10:8,41538.000000,58177.459731,16639.459731,7.078956,15.388514,8.309557,5.251148,8.0,3.5,4.0,6.0,10.0,20.0,16.0,48.0,80.0,200.0,False,0.002,0.005,0.1,0.0,0.0,0.0,8000,4000,8,4,37.0,12,105.0,36.0,20.0,2675.000000,52,3,4,True,True,14,physical,8,43,120.908757,0.07142857142857142
spanke_benes_14x14,default,3-2-8-7-13-1-0-11-10-5-6-12-9-4,routed,14,14,0,0,142,16,21,I0-I1:21;I0-I2:2;I0-I3:8;I0-I9:8;I0-I13:2;I1-I5:15;I2-I3:11;I2-I4:2;I2-I7:2;I2-I8:4;I2-I12:2;I3-I10:5;I5-I6:15;I7-I8:3;I7-I11:2;I9-I10:6,41538.000000,62535.933162,20997.933162,7.266223,17.529904,10.263681,5.277919,8.0,3.5,4.0,6.0,10.0,20.0,16.0,48.0,80.0,200.0,False,0.002,0.005,0.1,0.0,0.0,0.0,8000,4000,8,4,37.0,12,105.0,36.0,20.0,2675.000000,53,3,1,True,False,14,physical,9,43,108.202170,0.0
spanke_benes_rect_14x14,default,8-9-10-13-6-12-3-1-5-7-2-11-4-0,routed,14,14,0,0,120,19,6,I0-I1:6;I0-I9:3;I1-I2:6;I2-I3:2;I2-I11:4;I3-I5:3;I4-I5:2;I4-I8:3;I4-I9:2;I5-I11:5;I6-I7:3;I6-I8:2;I6-I10:3;I6-I12:4;I7-I10:4;I8-I9:4;I8-I12:3;I9-I11:4;I10-I11:2,25368.000000,46563.141050,21195.141050,4.326857,9.976115,5.649258,5.032877,8.0,3.5,4.0,6.0,10.0,20.0,16.0,48.0,80.0,200.0,False,0.002,0.005,0.1,0.0,0.0,0.0,8000,4000,8,4,37.0,12,105.0,36.0,20.0,1520.000000,36,3,1,True,False,14,physical,0,43,52.551879,0.0
spanke_benes_rect_14x14,default,1-7-4-3-12-10-0-2-11-6-8-13-5-9,routed,14,14,0,0,150,24,11,I0-I1:2;I0-I3:4;I0-I6:7;I0-I7:8;I1-I9:7;I1-I10:8;I2-I3:11;I2-I5:2;I2-I9:2;I2-I12:6;I3-I7:7;I4-I8:7;I4-I11:8;I5-I8:6;I5-I13:7;I6-I7:2;I7-I9:2;I8-I11:4;I8-I13:3;I9-I10:2;I9-I12:7;I10-I11:2;I10-I13:8;I12-I13:2,25368.000000,47591.406593,22223.406593,4.300858,10.521288,6.220430,5.578344,8.0,3.5,4.0,6.0,10.0,20.0,16.0,48.0,80.0,200.0,False,0.002,0.005,0.1,0.0,0.0,0.0,8000,4000,8,4,37.0,12,105.0,36.0,20.0,1520.000000,62,3,1,True,False,14,physical,1,43,90.916706,0.0
spanke_benes_rect_14x14,default,5-10-9-0-3-1-11-4-12-6-13-7-8-2,routed,14,14,0,0,148,18,12,I0-I1:2;I0-I7:7;I0-I9:8;I1-I2:5;I1-I6:6;I2-I6:4;I2-I12:5;I3-I5:10;I4-I5:7;I4-I7:10;I4-I13:3;I5-I13:4;I6-I8:10;I6-I12:3;I7-I9:2;I8-I10:12;I9-I11:8;I11-I12:8,25368.000000,47301.362336,21933.362336,4.378190,10.547254,6.169064,5.513337,8.0,3.5,4.0,6.0,10.0,20.0,16.0,48.0,80.0,200.0,False,0.002,0.005,0.1,0.0,0.0,0.0,8000,4000,8,4,37.0,12,105.0,36.0,20.0,1520.000000,59,3,1,True,False,14,physical,2,43,87.789543,0.0
spanke_benes_rect_14x14,default,3-7-11-5-12-9-6-8-1-10-4-13-0-2,routed,14,14,0,0,132,22,8,I0-I1:2;I0-I3:6;I0-I8:3;I0-I10:4;I1-I3:3;I1-I5:2;I1-I6:5;I1-I7:6;I2-I4:6;I2-I9:5;I3-I6:6;I3-I10:3;I4-I11:8;I5-I7:5;I5-I9:6;I6-I7:2;I7-I9:2;I8-I9:2;I8-I13:2;I9-I11:4;I10-I11:2;I12-I13:2,25368.000000,46865.667619,21497.667619,4.326857,10.267625,5.940768,5.236453,8.0,3.5,4.0,6.0,10.0,20.0,16.0,48.0,80.0,200.0,False,0.002,0.005,0.1,0.0,0.0,0.0,8000,4000,8,4,37.0,12,105.0,36.0,20.0,1520.000000,42,3,1,True,False,14,physical,3,43,54.959626,0.0
spanke_benes_rect_14x14,default,3-9-4-2-0-6-1-7-8-13-5-11-10-12,routed,14,14,0,0,157,21,12,I0-I1:2;I0-I2:10;I0-I3:9;I1-I8:5;I1-I12:6;I2-I5:2;I2-I10:8;I3-I6:9;I4-I5:2;I4-I6:8;I5-I7:10;I5-I10:9;I6-I7:2;I7-I8:12;I8-I9:2;I8-I12:6;I9-I13:9;I10-I11:2;I11-I12:11;I11-I13:12;I12-I13:2,25368.000000,47643.101309,22275.101309,4.288191,10.556760,6.268569,5.671800,8.0,3.5,4.0,6.0,10.0,20.0,16.0,48.0,80.0,200.0,False,0.002,0.005,0.1,0.0,0.0,0.0,8000,4000,8,4,37.0,12,105.0,36.0,20.0,1520.000000,71,3,1,True,False,14,physical,4,43,112.865141,0.0
spanke_benes_rect_14x14,default,4-7-0-13-6-3-12-8-1-9-10-2-11-5,routed,14,14,0,0,141,19,10,I0-I1:2;I0-I4:2;I0-I5:9;I0-I13:6;I1-I4:7;I1-I7:8;I2-I3:2;I2-I5:4;I2-I8:6;I3-I6:3;I4-I7:2;I4-I13:7;I5-I11:5;I6-I12:7;I7-I9:8;I8-I9:2;I8-I11:6;I9-I10:10;I10-I12:10,25368.000000,47215.216317,21847.216317,4.339524,10.216842,5.877318,5.401388,8.0,3.5,4.0,6.0,10.0,20.0,16.0,48.0,80.0,200.0,False,0.002,0.005,0.1,0.0,0.0,0.0,8000,4000,8,4,37.0,12,105.0,36.0,20.0,1520.000000,58,3,1,True,False,14,physical,5,43,88.408624,0.0
spanke_benes_rect_14x14,default,10-13-8-3-0-7-4-12-11-2-5-1-9-6,routed,14,14,0,0,128,20,8,I0-I1:2;I0-I8:2;I0-I12:3;I2-I5:5;I2-I12:4;I3-I4:3;I3-I6:8;I3-I9:5;I4-I5:2;I4-I9:2;I4-I11:4;I5-I12:2;I5-I13:5;I6-I7:2;I6-I10:6;I7-I8:7;I8-I12:5;I9-I11:5;I10-I13:8;I12-I13:3,25368.000000,46644.981785,21276.981785,4.339524,10.083336,5.743812,5.144569,8.0,3.5,4.0,6.0,10.0,20.0,16.0,48.0,80.0,200.0,False,0.002,0.005,0.1,0.0,0.0,0.0,8000,4000,8,4,37.0,12,105.0,36.0,20.0,1520.000000,41,3,1,True,False,14,physical,6,43,62.474276,0.0
spanke_benes_rect_14x14,default,6-9-10-3-4-7-8-5-12-13-11-1-0-2,routed,14,14,0,0,133,16,12,I0-I1:2;I0-I5:6;I0-I7:7;I1-I2:6;I1-I6:5;I2-I10:6;I3-I4:8;I4-I5:2;I4-I7:6;I5-I6:8;I6-I8:2;I6-I10:2;I8-I9:12;I8-I10:9;I11-I13:2;I12-I13:2,25368.000000,46774.587987,21406.587987,4.288191,10.394966,6.106774,5.230584,8.0,3.5,4.0,6.0,10.0,20.0,16.0,48.0,80.0,200.0,False,0.002,0.005,0.1,0.0,0.0,0.0,8000,4000,8,4,37.0,12,105.0,36.0,20.0,1520.000000,43,3,1,True,False,14,physical,7,43,58.412468,0.0
spanke_benes_rect_14x14,default,9-4-2-8-7-12-11-3-10-0-1-6-5-13,routed,14,14,0,0,138,23,8,I0-I3:5;I0-I8:6;I1-I2:3;I1-I4:2;I1-I7:7;I1-I12:6;I2-I3:2;I2-I7:6;I2-I10:5;I3-I4:7;I3-I8:2;I4-I5:2;I4-I11:5;I5-I6:7;I5-I13:8;I6-I8:7;I6-I13:2;I8-I13:2;I9-I10:4;I10-I11:2;I11-I12:7;I11-I13:2;I12-I13:2,25368.000000,47108.880023,21740.880023,4.300858,10.496752,6.195894,5.349054,8.0,3.5,4.0,6.0,10.0,20.0,16.0,48.0,80.0,200.0,False,0.002,0.005,0.1,0.0,0.0,0.0,8000,4000,8,4,37.0,12,105.0,36.0,20.0,1520.000000,47,3,1,True,False,14,physical,8,43,69.446675,0.0
spanke_benes_rect_14x14,default,3-2-8-7-13-1-0-11-10-5-6-12-9-4,routed,14,14,0,0,142,18,11,I0-I1:11;I0-I3:2;I0-I9:4;I0-I13:6;I1-I5:9;I2-I3:9;I2-I12:8;I3-I10:7;I4-I11:5;I5-I6:7;I6-I7:2;I7-I8:7;I7-I11:8;I8-I11:2;I8-I12:9;I9-I10:8;I9-I13:5;I10-I11:2,25368.000000,47083.260574,21715.260574,4.339524,10.231295,5.891771,5.391823,8.0,3.5,4.0,6.0,10.0,20.0,16.0,48.0,80.0,200.0,False,0.002,0.005,0.1,0.0,0.0,0.0,8000,4000,8,4,37.0,12,105.0,36.0,20.0,1520.000000,55,3,1,True,False,14,physical,9,43,82.503644,0.0
padded_benes_16x16,default,9-8-12-14-6-3-13-10-1-5-7-2-11-4-0,failed,15,8,7,0,88,20,12,I0-I1:5;I0-I2:4;I0-I3:6;I0-I4:3;I0-I12:2;I1-I2:4;I1-I3:2;I1-I4:3;I1-I11:3;I1-I12:2;I2-I3:12;I2-I4:3;I2-I11:3;I2-I12:5;I3-I4:5;I3-I12:5;I4-I9:3;I4-I11:3;I9-I11:5;I11-I12:4,18671.000000,17523.990968,-1147.009032,6.299430,9.144497,2.845067,1.549748,8.0,3.5,4.0,6.0,10.0,20.0,16.0,48.0,80.0,200.0,False,0.002,0.005,0.1,0.0,0.0,0.0,8000,4000,8,4,37.0,12,105.0,36.0,20.0,785.000000,83,3,3,True,True,15,physical,0,43,133.392397,0.4666666666666667
padded_benes_16x16,default,1-11-4-3-13-7-12-0-2-10-6-8-14-5-9,failed,15,9,6,0,106,31,7,I0-I2:2;I0-I3:4;I0-I5:4;I0-I7:3;I0-I8:2;I0-I9:2;I2-I3:5;I2-I5:6;I2-I7:5;I2-I9:2;I2-I10:2;I3-I5:4;I3-I7:7;I3-I8:3;I3-I9:2;I3-I10:4;I5-I7:7;I5-I8:3;I5-I9:2;I5-I10:3;I5-I12:2;I7-I8:4;I7-I9:2;I7-I10:2;I7-I12:2;I8-I9:4;I8-I10:4;I8-I12:2;I9-I10:5;I9-I12:4;I10-I12:2,18671.000000,19463.004215,792.004215,6.399430,8.624497,2.225067,1.594556,8.0,3.5,4.0,6.0,10.0,20.0,16.0,48.0,80.0,200.0,False,0.002,0.005,0.1,0.0,0.0,0.0,8000,4000,8,4,37.0,12,105.0,36.0,20.0,785.000000,80,3,3,True,True,15,physical,1,43,180.692267,0.4
padded_benes_16x16,default,5-11-10-0-3-1-12-4-13-9-6-14-7-8-2,failed,15,8,7,0,106,23,14,I0-I1:4;I0-I2:4;I0-I4:3;I0-I6:2;I0-I9:2;I1-I2:11;I1-I3:5;I1-I4:9;I1-I6:14;I1-I11:2;I2-I3:5;I2-I4:3;I2-I6:4;I2-I9:5;I2-I11:4;I3-I4:4;I3-I6:2;I3-I9:2;I4-I6:6;I4-I9:2;I6-I9:3;I6-I11:6;I9-I11:2,18695.000000,17635.946711,-1059.053289,6.522763,9.845164,3.322402,1.881987,8.0,3.5,4.0,6.0,10.0,20.0,16.0,48.0,80.0,200.0,False,0.002,0.005,0.1,0.0,0.0,0.0,8000,4000,8,4,37.0,12,105.0,36.0,20.0,785.000000,91,3,3,True,True,15,physical,2,43,173.024249,0.4666666666666667
padded_benes_16x16,default,3-7-12-5-13-10-6-9-8-1-11-4-14-0-2,failed,15,9,6,0,111,30,8,I0-I1:2;I0-I3:2;I0-I6:4;I0-I8:2;I0-I12:2;I0-I14:3;I1-I3:7;I1-I6:5;I1-I7:2;I1-I8:2;I1-I12:4;I1-I13:3;I3-I6:4;I3-I7:2;I3-I8:2;I3-I12:4;I6-I7:4;I6-I8:2;I6-I12:2;I6-I13:5;I6-I14:3;I7-I8:5;I7-I12:2;I7-I13:3;I8-I12:4;I8-I13:3;I8-I14:3;I12-I13:7;I12-I14:5;I13-I14:8,18671.000000,20152.128105,1481.128105,6.489429,8.993034,2.503605,1.967028,8.0,3.5,4.0,6.0,10.0,20.0,16.0,48.0,80.0,200.0,False,0.002,0.005,0.1,0.0,0.0,0.0,8000,4000,8,4,37.0,12,105.0,36.0,20.0,785.000000,85,3,3,True,True,15,physical,3,43,171.645067,0.4
padded_benes_16x16,default,3-6-4-13-9-0-1-2-7-8-14-5-11-10-12,failed,15,8,7,0,82,24,6,I0-I1:4;I0-I2:2;I0-I3:2;I0-I7:3;I0-I9:2;I0-I14:2;I1-I2:3;I1-I3:2;I1-I9:2;I1-I14:4;I2-I3:6;I2-I7:3;I2-I9:2;I2-I14:4;I3-I7:3;I3-I9:5;I3-I12:5;I3-I14:5;I7-I9:2;I7-I12:2;I7-I14:4;I9-I12:6;I9-I14:6;I12-I14:2,18695.000000,17640.283004,-1054.716996,6.686763,8.517913,1.831150,1.468071,8.0,3.5,4.0,6.0,10.0,20.0,16.0,48.0,80.0,200.0,False,0.002,0.005,0.1,0.0,0.0,0.0,8000,4000,8,4,37.0,12,105.0,36.0,20.0,785.000000,84,3,3,True,True,15,physical,4,43,168.848032,0.4666666666666667
padded_benes_16x16,default,4-7-0-14-6-3-12-13-8-1-9-10-2-11-5,failed,15,8,7,0,72,23,6,I0-I2:3;I0-I3:2;I0-I4:2;I0-I8:2;I0-I13:2;I0-I14:2;I2-I3:6;I2-I4:4;I2-I8:2;I2-I13:2;I2-I14:2;I3-I4:3;I3-I10:5;I3-I13:3;I4-I8:2;I4-I10:2;I4-I13:4;I4-I14:3;I8-I10:2;I8-I13:2;I8-I14:3;I10-I13:6;I13-I14:5,18767.000000,17228.867078,-1538.132922,6.668097,8.301164,1.633067,1.087217,8.0,3.5,4.0,6.0,10.0,20.0,16.0,48.0,80.0,200.0,False,0.002,0.005,0.1,0.0,0.0,0.0,8000,4000,8,4,37.0,12,105.0,36.0,20.0,785.000000,84,3,3,True,True,15,physical,5,43,135.654258,0.4666666666666667
padded_benes_16x16,default,10-14-8-3-0-7-4-13-11-2-5-1-12-9-6,failed,15,6,9,0,55,15,8,I2-I4:7;I2-I5:5;I2-I6:3;I2-I12:2;I2-I13:8;I4-I5:4;I4-I6:4;I4-I12:2;I4-I13:2;I5-I6:3;I5-I12:2;I5-I13:2;I6-I12:2;I6-I13:4;I12-I13:5,18767.000000,13456.548547,-5310.451453,6.514763,7.996497,1.481734,0.535516,8.0,3.5,4.0,6.0,10.0,20.0,16.0,48.0,80.0,200.0,False,0.002,0.005,0.1,0.0,0.0,0.0,8000,4000,8,4,37.0,12,105.0,36.0,20.0,785.000000,77,3,3,True,True,15,physical,6,43,137.481979,0.6
padded_benes_16x16,default,9-7-6-10-3-4-8-11-5-13-14-12-1-0-2,failed,15,8,7,0,97,24,11,I1-I2:7;I1-I3:2;I1-I4:3;I1-I5:7;I1-I9:4;I2-I3:4;I2-I4:3;I2-I5:7;I2-I9:2;I2-I11:2;I3-I4:5;I3-I5:3;I3-I9:2;I3-I11:6;I4-I5:4;I4-I9:2;I4-I11:2;I4-I12:3;I5-I9:2;I5-I11:2;I5-I12:3;I9-I11:11;I9-I12:3;I11-I12:5,18671.000000,18376.632545,-294.367455,6.240097,8.564249,2.324153,1.710283,8.0,3.5,4.0,6.0,10.0,20.0,16.0,48.0,80.0,200.0,False,0.002,0.005,0.1,0.0,0.0,0.0,8000,4000,8,4,37.0,12,105.0,36.0,20.0,785.000000,88,3,3,True,True,15,physical,7,43,174.782184,0.4666666666666667
padded_benes_16x16,default,10-2-7-8-4-14-9-12-3-11-0-1-6-5-13,failed,15,8,7,0,83,23,10,I1-I3:4;I1-I4:4;I1-I6:2;I1-I9:2;I1-I13:2;I3-I4:5;I3-I6:10;I3-I9:4;I3-I13:3;I3-I14:4;I4-I9:2;I4-I11:3;I4-I13:4;I4-I14:2;I6-I9:2;I6-I13:3;I6-I14:2;I9-I11:3;I9-I13:3;I9-I14:4;I11-I13:4;I11-I14:4;I13-I14:4,18671.000000,18867.216619,196.216619,6.260097,8.126999,1.866903,1.488929,8.0,3.5,4.0,6.0,10.0,20.0,16.0,48.0,80.0,200.0,False,0.002,0.005,0.1,0.0,0.0,0.0,8000,4000,8,4,37.0,12,105.0,36.0,20.0,785.000000,75,3,3,True,True,15,physical,8,43,144.331499,0.4666666666666667
padded_benes_16x16,default,7-4-3-10-9-1-11-8-2-0-13-6-5-12-14,failed,15,5,10,0,30,10,4,I1-I3:4;I1-I5:3;I1-I13:2;I1-I14:2;I3-I5:3;I3-I13:4;I3-I14:4;I5-I13:2;I5-I14:2;I13-I14:4,18551.000000,10894.030859,-7656.969141,6.906763,6.558833,-0.347929,-0.188588,8.0,3.5,4.0,6.0,10.0,20.0,16.0,48.0,80.0,200.0,False,0.002,0.005,0.1,0.0,0.0,0.0,8000,4000,8,4,37.0,12,105.0,36.0,20.0,785.000000,81,3,3,True,True,15,physical,9,43,107.540339,0.6666666666666666
waksman_15x15,default,9-8-12-14-6-3-13-10-1-5-7-2-11-4-0,failed,15,8,7,0,70,14,7,I1-I2:4;I1-I7:4;I1-I12:2;I2-I7:3;I4-I7:2;I4-I10:6;I4-I12:4;I4-I13:3;I7-I12:2;I10-I12:4;I10-I13:3;I12-I13:5;I12-I14:7;I13-I14:7,17323.000000,16578.327262,-744.672738,6.286096,7.231950,0.945855,0.996832,8.0,3.5,4.0,6.0,10.0,20.0,16.0,48.0,80.0,200.0,False,0.002,0.005,0.1,0.0,0.0,0.0,8000,4000,8,4,37.0,12,105.0,36.0,20.0,785.000000,73,3,3,True,True,15,physical,0,43,125.612295,0.4666666666666667
waksman_15x15,default,1-11-4-3-13-7-12-0-2-10-6-8-14-5-9,failed,15,6,9,0,24,10,4,I0-I2:2;I0-I4:2;I0-I5:2;I0-I9:2;I2-I4:2;I2-I5:2;I2-I9:2;I4-I5:3;I4-I12:4;I9-I12:2,17323.000000,11085.805208,-6237.194792,6.722763,6.178033,-0.544730,0.321935,8.0,3.5,4.0,6.0,10.0,20.0,16.0,48.0,80.0,200.0,False,0.002,0.005,0.1,0.0,0.0,0.0,8000,4000,8,4,37.0,12,105.0,36.0,20.0,785.000000,78,3,3,True,True,15,physical,1,43,129.239886,0.6
waksman_15x15,default,5-11-10-0-3-1-12-4-13-9-6-14-7-8-2,failed,15,8,7,0,71,20,6,I1-I7:3;I1-I8:2;I1-I11:4;I1-I13:5;I3-I7:4;I3-I9:2;I3-I13:2;I7-I8:2;I7-I9:2;I7-I10:6;I7-I13:2;I8-I10:3;I8-I11:6;I8-I13:5;I9-I10:3;I9-I11:2;I9-I13:3;I10-I11:4;I10-I13:4;I11-I13:3,17323.000000,16744.707813,-578.292187,6.763430,7.978332,1.214903,1.261177,8.0,3.5,4.0,6.0,10.0,20.0,16.0,48.0,80.0,200.0,False,0.002,0.005,0.1,0.0,0.0,0.0,8000,4000,8,4,37.0,12,105.0,36.0,20.0,785.000000,68,3,3,True,True,15,physical,2,43,144.912246,0.4666666666666667
waksman_15x15,default,3-7-12-5-13-10-6-9-8-1-11-4-14-0-2,failed,15,4,11,0,13,4,5,I6-I7:4;I6-I8:2;I7-I8:5;I8-I12:2,17323.000000,8013.207888,-9309.792112,6.774096,5.655242,-1.118853,0.527354,8.0,3.5,4.0,6.0,10.0,20.0,16.0,48.0,80.0,200.0,False,0.002,0.005,0.1,0.0,0.0,0.0,8000,4000,8,4,37.0,12,105.0,36.0,20.0,785.000000,78,3,3,True,True,15,physical,3,43,118.949708,0.7333333333333333
waksman_15x15,default,3-6-4-13-9-0-1-2-7-8-14-5-11-10-12,failed,15,7,8,0,68,17,7,I1-I4:4;I1-I7:5;I1-I9:4;I1-I12:4;I1-I13:4;I4-I9:3;I4-I12:6;I4-I13:4;I4-I14:2;I7-I9:2;I7-I12:2;I9-I12:4;I9-I13:6;I9-I14:2;I12-I13:7;I12-I14:4;I13-I14:4,17323.000000,14844.875959,-2478.124041,6.722763,7.719733,0.996970,1.594250,8.0,3.5,4.0,6.0,10.0,20.0,16.0,48.0,80.0,200.0,False,0.002,0.005,0.1,0.0,0.0,0.0,8000,4000,8,4,37.0,12,105.0,36.0,20.0,785.000000,86,3,3,True,True,15,physical,4,43,148.804027,0.5333333333333333
waksman_15x15,default,4-7-0-14-6-3-12-13-8-1-9-10-2-11-5,failed,15,6,9,0,40,12,6,I2-I4:4;I2-I8:2;I2-I9:2;I2-I12:2;I2-I13:2;I4-I13:2;I8-I9:3;I8-I12:3;I8-I13:6;I9-I12:6;I9-I13:2;I12-I13:4,17323.000000,12149.424657,-5173.575343,6.069129,6.214409,0.145280,0.241475,8.0,3.5,4.0,6.0,10.0,20.0,16.0,48.0,80.0,200.0,False,0.002,0.005,0.1,0.0,0.0,0.0,8000,4000,8,4,37.0,12,105.0,36.0,20.0,785.000000,75,3,3,True,True,15,physical,5,43,95.562654,0.6
waksman_15x15,default,10-14-8-3-0-7-4-13-11-2-5-1-12-9-6,failed,15,7,8,0,56,18,6,I2-I3:3;I2-I5:3;I2-I8:2;I2-I12:2;I2-I14:3;I3-I5:4;I3-I8:2;I3-I14:2;I5-I8:2;I5-I9:3;I5-I12:2;I5-I14:5;I8-I9:5;I8-I12:2;I8-I14:3;I9-I12:2;I9-I14:6;I12-I14:3,17323.000000,14310.774198,-3012.225802,6.776097,7.826999,1.050903,0.714078,8.0,3.5,4.0,6.0,10.0,20.0,16.0,48.0,80.0,200.0,False,0.002,0.005,0.1,0.0,0.0,0.0,8000,4000,8,4,37.0,12,105.0,36.0,20.0,785.000000,83,3,3,True,True,15,physical,6,43,172.541694,0.5333333333333333
waksman_15x15,default,9-7-6-10-3-4-8-11-5-13-14-12-1-0-2,failed,15,8,7,0,86,21,12,I1-I3:4;I1-I5:3;I1-I6:2;I1-I7:2;I1-I8:5;I1-I11:2;I1-I13:3;I3-I5:3;I3-I6:3;I3-I7:12;I3-I11:4;I5-I6:2;I5-I7:6;I5-I8:4;I5-I11:2;I5-I13:3;I6-I7:8;I6-I8:3;I7-I11:2;I8-I11:4;I11-I13:3,17323.000000,17447.159115,124.159115,6.740097,8.410782,1.670685,1.538040,8.0,3.5,4.0,6.0,10.0,20.0,16.0,48.0,80.0,200.0,False,0.002,0.005,0.1,0.0,0.0,0.0,8000,4000,8,4,37.0,12,105.0,36.0,20.0,785.000000,88,3,3,True,True,15,physical,7,43,157.874675,0.4666666666666667
waksman_15x15,default,10-2-7-8-4-14-9-12-3-11-0-1-6-5-13,failed,15,8,7,0,71,23,6,I1-I3:2;I1-I4:2;I1-I6:2;I1-I8:2;I1-I9:2;I1-I12:2;I3-I6:4;I3-I9:2;I3-I12:3;I3-I14:4;I4-I6:2;I4-I8:3;I4-I9:2;I4-I12:2;I6-I9:4;I6-I12:3;I6-I14:2;I8-I9:6;I8-I12:6;I8-I14:2;I9-I12:3;I9-I14:2;I12-I14:6,17323.000000,16025.831702,-1297.168298,6.666096,7.999324,1.333228,1.159208,8.0,3.5,4.0,6.0,10.0,20.0,16.0,48.0,80.0,200.0,False,0.002,0.005,0.1,0.0,0.0,0.0,8000,4000,8,4,37.0,12,105.0,36.0,20.0,785.000000,81,3,3,True,True,15,physical,8,43,155.271149,0.4666666666666667
waksman_15x15,default,7-4-3-10-9-1-11-8-2-0-13-6-5-12-14,failed,15,8,7,0,85,22,10,I1-I3:4;I1-I4:2;I1-I6:2;I1-I7:2;I1-I8:3;I1-I13:2;I3-I4:7;I3-I6:10;I3-I7:3;I3-I13:2;I3-I14:6;I4-I6:6;I4-I7:3;I4-I13:2;I4-I14:2;I6-I7:9;I6-I13:4;I6-I14:2;I7-I13:2;I8-I13:4;I8-I14:2;I13-I14:2,17323.000000,16306.021978,-1016.978022,6.727430,8.773366,2.045936,1.654880,8.0,3.5,4.0,6.0,10.0,20.0,16.0,48.0,80.0,200.0,False,0.002,0.005,0.1,0.0,0.0,0.0,8000,4000,8,4,37.0,12,105.0,36.0,20.0,785.000000,67,3,3,True,True,15,physical,9,43,133.520532,0.4666666666666667
spanke_benes_15x15,default,9-8-12-14-6-3-13-10-1-5-7-2-11-4-0,routed,15,15,0,0,138,16,11,I0-I1:11;I0-I2:6;I0-I7:4;I1-I4:5;I1-I10:3;I2-I3:2;I2-I6:2;I4-I5:5;I4-I9:5;I4-I10:4;I5-I8:5;I5-I9:6;I5-I11:5;I5-I13:2;I7-I12:2;I8-I11:6,48071.000000,71522.795875,23451.795875,7.462356,15.070285,7.607929,5.259573,8.0,3.5,4.0,6.0,10.0,20.0,16.0,48.0,80.0,200.0,False,0.002,0.005,0.1,0.0,0.0,0.0,8000,4000,8,4,37.0,12,105.0,36.0,20.0,2885.000000,35,3,1,True,False,15,physical,0,43,84.955300,0.0
spanke_benes_15x15,default,1-11-4-3-13-7-12-0-2-10-6-8-14-5-9,routed,15,15,0,0,168,23,19,I0-I1:2;I0-I2:2;I0-I3:8;I0-I7:15;I0-I8:14;I1-I2:3;I1-I4:2;I1-I5:3;I1-I6:4;I1-I9:3;I2-I3:19;I2-I5:6;I2-I10:6;I2-I13:4;I3-I8:13;I4-I6:3;I4-I12:2;I5-I9:2;I5-I10:7;I5-I11:8;I9-I11:3;I10-I13:3;I11-I14:2,48071.000000,72793.264940,24722.264940,7.737556,18.160777,10.423221,5.809635,8.0,3.5,4.0,6.0,10.0,20.0,16.0,48.0,80.0,200.0,False,0.002,0.005,0.1,0.0,0.0,0.0,8000,4000,8,4,37.0,12,105.0,36.0,20.0,2885.000000,73,3,1,True,False,15,physical,1,43,156.108566,0.0
spanke_benes_15x15,default,5-11-10-0-3-1-12-4-13-9-6-14-7-8-2,routed,15,15,0,0,164,20,20,I0-I1:2;I0-I2:6;I0-I4:3;I0-I7:13;I0-I9:2;I0-I10:8;I1-I2:7;I1-I6:6;I2-I9:3;I3-I4:2;I3-I5:20;I3-I14:2;I4-I5:17;I4-I7:14;I5-I14:2;I6-I8:4;I8-I11:2;I9-I10:3;I10-I12:4;I12-I13:2,48071.000000,72242.185307,24171.185307,7.737556,17.712777,9.975221,5.676158,8.0,3.5,4.0,6.0,10.0,20.0,16.0,48.0,80.0,200.0,False,0.002,0.005,0.1,0.0,0.0,0.0,8000,4000,8,4,37.0,12,105.0,36.0,20.0,2885.000000,59,3,1,True,False,15,physical,2,43,129.222743,0.0
spanke_benes_15x15,default,3-7-12-5-13-10-6-9-8-1-11-4-14-0-2,routed,15,15,0,0,150,20,14,I0-I1:4;I0-I3:14;I0-I9:7;I0-I11:4;I1-I2:4;I1-I3:5;I1-I5:2;I1-I6:9;I1-I7:2;I1-I8:6;I2-I4:4;I2-I10:3;I3-I6:10;I3-I11:3;I4-I12:2;I5-I7:5;I5-I10:4;I7-I8:5;I9-I13:3;I9-I14:2,48071.000000,72017.906517,23946.906517,7.606289,16.693510,9.087221,5.473921,8.0,3.5,4.0,6.0,10.0,20.0,16.0,48.0,80.0,200.0,False,0.002,0.005,0.1,0.0,0.0,0.0,8000,4000,8,4,37.0,12,105.0,36.0,20.0,2885.000000,49,3,1,True,False,15,physical,3,43,104.740308,0.0
spanke_benes_15x15,default,3-6-4-13-9-0-1-2-7-8-14-5-11-10-12,routed,15,15,0,0,184,19,20,I0-I1:6;I0-I2:20;I0-I7:15;I1-I2:11;I1-I3:2;I1-I4:2;I1-I8:12;I1-I11:7;I2-I11:8;I3-I4:3;I3-I10:2;I4-I9:9;I4-I12:2;I4-I13:4;I5-I6:18;I6-I7:18;I8-I9:12;I12-I13:3;I12-I14:2,48071.000000,73100.083546,25029.083546,7.737556,18.031361,10.293805,6.052878,8.0,3.5,4.0,6.0,10.0,20.0,16.0,48.0,80.0,200.0,False,0.002,0.005,0.1,0.0,0.0,0.0,8000,4000,8,4,37.0,12,105.0,36.0,20.0,2885.000000,81,3,1,True,False,15,physical,4,43,188.028054,0.0
spanke_benes_15x15,default,4-7-0-14-6-3-12-13-8-1-9-10-2-11-5,routed,15,15,0,0,163,19,15,I0-I1:4;I0-I2:5;I0-I4:14;I0-I5:15;I0-I14:2;I1-I3:2;I1-I4:13;I1-I6:4;I1-I8:8;I2-I5:8;I2-I9:12;I2-I12:2;I5-I9:5;I5-I12:5;I6-I7:2;I8-I10:6;I9-I12:6;I10-I11:4;I11-I13:2,48071.000000,72268.871142,24197.871142,7.617556,17.573485,9.955929,5.669383,8.0,3.5,4.0,6.0,10.0,20.0,16.0,48.0,80.0,200.0,False,0.002,0.005,0.1,0.0,0.0,0.0,8000,4000,8,4,37.0,12,105.0,36.0,20.0,2885.000000,59,3,1,True,False,15,physical,5,43,124.181001,0.0
spanke_benes_15x15,default,10-14-8-3-0-7-4-13-11-2-5-1-12-9-6,routed,15,15,0,0,154,19,14,I0-I1:2;I0-I2:7;I0-I7:2;I0-I8:4;I2-I5:9;I2-I13:2;I3-I4:9;I3-I5:2;I3-I6:14;I3-I9:9;I4-I9:4;I4-I11:8;I5-I6:5;I5-I10:5;I6-I10:8;I6-I14:2;I8-I12:2;I9-I11:7;I10-I14:2,48071.000000,72287.030407,24216.030407,7.603255,16.670229,9.066973,5.565137,8.0,3.5,4.0,6.0,10.0,20.0,16.0,48.0,80.0,200.0,False,0.002,0.005,0.1,0.0,0.0,0.0,8000,4000,8,4,37.0,12,105.0,36.0,20.0,2885.000000,54,3,1,True,False,15,physical,6,43,111.913115,0.0
spanke_benes_15x15,default,9-7-6-10-3-4-8-11-5-13-14-12-1-0-2,routed,15,15,0,0,152,15,14,I0-I1:3;I0-I3:10;I0-I6:9;I1-I2:13;I1-I6:10;I2-I5:5;I2-I8:7;I3-I7:8;I4-I5:14;I5-I8:8;I7-I9:4;I7-I11:2;I9-I10:2;I12-I13:3;I12-I14:2,48071.000000,71963.074664,23892.074664,7.540656,15.808626,8.267970,5.490610,8.0,3.5,4.0,6.0,10.0,20.0,16.0,48.0,80.0,200.0,False,0.002,0.005,0.1,0.0,0.0,0.0,8000,4000,8,4,37.0,12,105.0,36.0,20.0,2885.000000,49,3,1,True,False,15,physical,7,43,106.012740,0.0
spanke_benes_15x15,default,10-2-7-8-4-14-9-12-3-11-0-1-6-5-13,failed,15,14,1,0,146,19,14,I0-I3:3;I0-I5:2;I0-I6:7;I0-I7:2;I0-I9:4;I1-I2:4;I1-I4:8;I1-I8:10;I1-I11:7;I2-I3:14;I2-I4:9;I2-I12:3;I3-I6:8;I3-I12:3;I4-I8:9;I4-I12:2;I7-I9:3;I7-I14:2;I10-I11:8,48071.000000,67656.689748,19585.689748,7.606289,16.226461,8.620172,5.612384,8.0,3.5,4.0,6.0,10.0,20.0,16.0,48.0,80.0,200.0,False,0.002,0.005,0.1,0.0,0.0,0.0,8000,4000,8,4,37.0,12,105.0,36.0,20.0,2885.000000,59,3,4,True,True,15,physical,8,43,168.952799,0.06666666666666667
spanke_benes_15x15,default,7-4-3-10-9-1-11-8-2-0-13-6-5-12-14,failed,15,14,1,0,153,18,19,I0-I1:11;I0-I4:4;I0-I7:10;I0-I11:5;I1-I2:19;I1-I11:2;I1-I12:6;I2-I5:5;I2-I8:11;I4-I7:7;I5-I8:12;I5-I9:11;I6-I10:2;I6-I13:6;I10-I13:3;I10-I14:4;I11-I12:5;I13-I14:4,48071.000000,67707.362336,19636.362336,7.668889,17.686694,10.017805,5.728195,8.0,3.5,4.0,6.0,10.0,20.0,16.0,48.0,80.0,200.0,False,0.002,0.005,0.1,0.0,0.0,0.0,8000,4000,8,4,37.0,12,105.0,36.0,20.0,2885.000000,80,3,3,True,True,15,physical,9,43,174.894502,0.06666666666666667
spanke_benes_rect_15x15,default,9-8-12-14-6-3-13-10-1-5-7-2-11-4-0,routed,15,15,0,0,140,21,7,I0-I1:7;I0-I2:2;I0-I7:4;I1-I10:3;I2-I3:2;I2-I6:4;I2-I12:3;I3-I6:3;I4-I5:3;I4-I7:2;I4-I9:3;I4-I10:4;I5-I11:5;I5-I13:4;I6-I12:3;I7-I12:6;I8-I9:2;I8-I11:4;I9-I10:2;I9-I13:5;I10-I12:6,29171.000000,53455.888754,24284.888754,4.653823,10.632260,5.978437,5.417652,8.0,3.5,4.0,6.0,10.0,20.0,16.0,48.0,80.0,200.0,False,0.002,0.005,0.1,0.0,0.0,0.0,8000,4000,8,4,37.0,12,105.0,36.0,20.0,1625.000000,40,3,1,True,False,15,physical,0,43,68.703812,0.0
spanke_benes_rect_15x15,default,1-11-4-3-13-7-12-0-2-10-6-8-14-5-9,routed,15,15,0,0,168,24,11,I0-I1:2;I0-I3:4;I0-I7:9;I0-I8:8;I1-I6:4;I1-I9:5;I2-I3:11;I2-I5:2;I2-I10:2;I2-I13:8;I3-I8:9;I4-I6:7;I4-I12:8;I5-I10:9;I5-I11:8;I6-I9:3;I6-I12:2;I8-I9:2;I9-I12:2;I9-I14:7;I10-I11:2;I10-I13:7;I11-I14:10;I12-I14:3,29171.000000,54585.716242,25414.716242,4.653823,11.042708,6.388885,5.914629,8.0,3.5,4.0,6.0,10.0,20.0,16.0,48.0,80.0,200.0,False,0.002,0.005,0.1,0.0,0.0,0.0,8000,4000,8,4,37.0,12,105.0,36.0,20.0,1625.000000,69,3,1,True,False,15,physical,1,43,110.977341,0.0
spanke_benes_rect_15x15,default,5-11-10-0-3-1-12-4-13-9-6-14-7-8-2,routed,15,15,0,0,168,20,12,I0-I1:2;I0-I7:9;I0-I10:8;I1-I2:5;I1-I6:6;I2-I6:4;I2-I9:5;I3-I5:12;I4-I5:9;I4-I7:10;I4-I14:3;I5-I14:2;I6-I8:10;I6-I9:3;I7-I9:2;I8-I11:12;I9-I13:7;I10-I11:2;I10-I12:8;I12-I13:8,29171.000000,54269.424205,25098.424205,4.653823,11.205801,6.551978,5.873123,8.0,3.5,4.0,6.0,10.0,20.0,16.0,48.0,80.0,200.0,False,0.002,0.005,0.1,0.0,0.0,0.0,8000,4000,8,4,37.0,12,105.0,36.0,20.0,1625.000000,64,3,1,True,False,15,physical,2,43,109.797069,0.0
spanke_benes_rect_15x15,default,3-7-12-5-13-10-6-9-8-1-11-4-14-0-2,routed,15,15,0,0,154,23,8,I0-I1:2;I0-I3:6;I0-I9:3;I0-I11:4;I0-I14:3;I1-I3:3;I1-I5:2;I1-I6:7;I1-I8:6;I2-I4:6;I2-I10:5;I3-I6:6;I3-I11:5;I4-I12:8;I5-I7:5;I5-I10:6;I6-I7:2;I7-I8:7;I7-I10:2;I8-I10:2;I9-I13:3;I9-I14:2;I10-I12:8,29171.000000,53887.583471,24716.583471,4.641156,11.093004,6.451847,5.648878,8.0,3.5,4.0,6.0,10.0,20.0,16.0,48.0,80.0,200.0,False,0.002,0.005,0.1,0.0,0.0,0.0,8000,4000,8,4,37.0,12,105.0,36.0,20.0,1625.000000,50,3,1,True,False,15,physical,3,43,76.265969,0.0
spanke_benes_rect_15x15,default,3-6-4-13-9-0-1-2-7-8-14-5-11-10-12,routed,15,15,0,0,178,19,13,I0-I1:2;I0-I2:10;I0-I7:9;I1-I8:10;I1-I11:9;I2-I3:2;I2-I11:10;I3-I10:6;I3-I14:5;I4-I9:9;I4-I13:8;I5-I6:10;I6-I7:10;I7-I8:2;I8-I9:12;I9-I13:4;I10-I14:7;I12-I13:13;I12-I14:12,29171.000000,54651.849013,25480.849013,4.653823,11.400124,6.746301,6.042780,8.0,3.5,4.0,6.0,10.0,20.0,16.0,48.0,80.0,200.0,False,0.002,0.005,0.1,0.0,0.0,0.0,8000,4000,8,4,37.0,12,105.0,36.0,20.0,1625.000000,77,3,1,True,False,15,physical,4,43,142.637105,0.0
spanke_benes_rect_15x15,default,4-7-0-14-6-3-12-13-8-1-9-10-2-11-5,routed,15,15,0,0,161,21,10,I0-I1:2;I0-I4:4;I0-I5:9;I0-I14:6;I1-I4:9;I1-I8:8;I2-I3:2;I2-I5:4;I2-I9:8;I3-I7:3;I4-I6:2;I4-I14:5;I5-I9:3;I5-I12:5;I6-I7:8;I6-I13:5;I8-I10:10;I9-I12:4;I10-I11:10;I11-I13:10;I12-I13:2,29171.000000,53959.322444,24788.322444,4.615158,10.858969,6.243812,5.734110,8.0,3.5,4.0,6.0,10.0,20.0,16.0,48.0,80.0,200.0,False,0.002,0.005,0.1,0.0,0.0,0.0,8000,4000,8,4,37.0,12,105.0,36.0,20.0,1625.000000,61,3,1,True,False,15,physical,5,43,101.344950,0.0
spanke_benes_rect_15x15,default,10-14-8-3-0-7-4-13-11-2-5-1-12-9-6,routed,15,15,0,0,154,22,8,I0-I1:2;I0-I8:4;I0-I13:3;I2-I5:5;I2-I13:6;I3-I4:3;I3-I6:8;I3-I9:7;I4-I5:2;I4-I9:2;I4-I11:6;I5-I13:2;I5-I14:7;I6-I7:2;I6-I10:8;I7-I12:7;I8-I12:8;I8-I13:5;I9-I11:7;I10-I13:2;I10-I14:6;I12-I13:3,29171.000000,53983.145415,24812.145415,4.653823,11.031629,6.377805,5.662619,8.0,3.5,4.0,6.0,10.0,20.0,16.0,48.0,80.0,200.0,False,0.002,0.005,0.1,0.0,0.0,0.0,8000,4000,8,4,37.0,12,105.0,36.0,20.0,1625.000000,53,3,1,True,False,15,physical,6,43,90.038018,0.0
spanke_benes_rect_15x15,default,9-7-6-10-3-4-8-11-5-13-14-12-1-0-2,routed,15,15,0,0,154,17,12,I0-I3:6;I0-I6:7;I1-I2:7;I1-I6:6;I2-I3:2;I2-I8:5;I3-I7:8;I4-I5:8;I5-I6:2;I5-I8:6;I6-I7:4;I7-I11:10;I8-I9:2;I9-I10:12;I9-I11:11;I12-I13:3;I12-I14:2,29171.000000,53825.481709,24654.481709,4.679822,11.333472,6.653649,5.636264,8.0,3.5,4.0,6.0,10.0,20.0,16.0,48.0,80.0,200.0,False,0.002,0.005,0.1,0.0,0.0,0.0,8000,4000,8,4,37.0,12,105.0,36.0,20.0,1625.000000,51,3,1,True,False,15,physical,7,43,81.329517,0.0
spanke_benes_rect_15x15,default,10-2-7-8-4-14-9-12-3-11-0-1-6-5-13,routed,15,15,0,0,156,24,8,I0-I6:5;I0-I9:6;I1-I2:2;I1-I4:4;I1-I8:6;I1-I11:3;I2-I3:8;I2-I4:3;I2-I12:5;I3-I6:8;I4-I5:2;I4-I8:5;I4-I13:6;I5-I14:5;I6-I7:2;I6-I9:2;I7-I9:7;I7-I14:8;I8-I9:2;I9-I14:2;I10-I11:6;I11-I13:2;I12-I13:7;I12-I14:4,29171.000000,54109.729489,24938.729489,4.653823,10.871299,6.217476,5.704831,8.0,3.5,4.0,6.0,10.0,20.0,16.0,48.0,80.0,200.0,False,0.002,0.005,0.1,0.0,0.0,0.0,8000,4000,8,4,37.0,12,105.0,36.0,20.0,1625.000000,58,3,1,True,False,15,physical,8,43,99.456647,0.0
spanke_benes_rect_15x15,default,7-4-3-10-9-1-11-8-2-0-13-6-5-12-14,routed,15,15,0,0,172,22,16,I0-I1:3;I0-I7:8;I0-I11:7;I1-I2:9;I1-I12:8;I2-I3:2;I2-I5:3;I2-I8:7;I3-I4:7;I3-I6:8;I4-I6:2;I4-I7:9;I5-I8:6;I5-I9:7;I6-I13:10;I8-I11:2;I10-I13:13;I10-I14:16;I11-I12:7;I11-I13:2;I12-I13:2;I13-I14:2,29171.000000,54552.928646,25381.928646,4.563825,11.646847,7.083022,5.956257,8.0,3.5,4.0,6.0,10.0,20.0,16.0,48.0,80.0,200.0,False,0.002,0.005,0.1,0.0,0.0,0.0,8000,4000,8,4,37.0,12,105.0,36.0,20.0,1625.000000,68,3,1,True,False,15,physical,9,43,114.454434,0.0
padded_benes_16x16,default,9-8-13-0-6-3-14-10-15-5-7-2-12-11-4-1,failed,16,8,8,0,94,25,7,I1-I2:4;I1-I3:3;I1-I4:3;I1-I8:4;I1-I12:4;I1-I15:3;I2-I3:3;I2-I4:5;I2-I8:4;I2-I9:3;I2-I12:3;I3-I4:4;I3-I8:2;I3-I9:4;I3-I15:4;I4-I8:4;I4-I9:3;I4-I12:2;I4-I15:3;I8-I9:5;I8-I12:7;I8-I15:3;I9-I12:4;I9-I15:3;I12-I15:5,19920.000000,17321.743188,-2598.256812,6.622763,8.550373,1.927611,1.155686,8.0,3.5,4.0,6.0,10.0,20.0,16.0,48.0,80.0,200.0,False,0.002,0.005,0.1,0.0,0.0,0.0,8000,4000,8,4,37.0,12,105.0,36.0,20.0,785.000000,81,3,3,True,True,16,physical,0,43,134.031852,0.5
padded_benes_16x16,default,4-14-5-7-3-12-10-1-0-2-15-6-8-13-9-11,failed,16,8,8,0,67,18,8,I0-I1:2;I0-I2:2;I0-I3:4;I0-I13:2;I1-I2:3;I1-I3:5;I1-I12:3;I2-I3:8;I2-I4:3;I2-I13:2;I3-I4:3;I3-I13:2;I4-I9:5;I4-I12:2;I4-I13:2;I9-I12:4;I9-I13:2;I12-I13:6,19920.000000,17186.575041,-2733.424959,6.691430,7.641995,0.950565,0.747894,8.0,3.5,4.0,6.0,10.0,20.0,16.0,48.0,80.0,200.0,False,0.002,0.005,0.1,0.0,0.0,0.0,8000,4000,8,4,37.0,12,105.0,36.0,20.0,785.000000,85,3,3,True,True,16,physical,1,43,146.215403,0.5
padded_benes_16x16,default,1-10-3-5-11-7-0-13-14-4-8-9-6-12-2-15,failed,16,6,10,0,33,8,10,I0-I1:2;I0-I3:2;I1-I3:3;I1-I13:6;I1-I15:2;I3-I9:5;I9-I13:2;I13-I15:10,19920.000000,12716.650308,-7203.349692,6.876097,7.631247,0.755150,0.734383,8.0,3.5,4.0,6.0,10.0,20.0,16.0,48.0,80.0,200.0,False,0.002,0.005,0.1,0.0,0.0,0.0,8000,4000,8,4,37.0,12,105.0,36.0,20.0,785.000000,79,3,3,True,True,16,physical,2,43,143.612608,0.625
padded_benes_16x16,default,11-15-7-2-3-13-6-10-0-12-9-8-1-14-4-5,failed,16,7,9,0,84,19,8,I0-I3:3;I0-I4:3;I0-I5:6;I0-I10:5;I0-I13:4;I3-I4:6;I3-I5:4;I3-I6:4;I3-I10:2;I4-I5:6;I4-I6:6;I4-I10:4;I4-I13:2;I5-I6:7;I5-I10:3;I5-I13:8;I6-I10:2;I6-I13:2;I10-I13:6,19920.000000,16114.787445,-3805.212555,6.799430,9.179329,2.379899,1.558225,8.0,3.5,4.0,6.0,10.0,20.0,16.0,48.0,80.0,200.0,False,0.002,0.005,0.1,0.0,0.0,0.0,8000,4000,8,4,37.0,12,105.0,36.0,20.0,785.000000,90,3,3,True,True,16,physical,3,43,181.737266,0.5625
padded_benes_16x16,default,6-3-14-10-8-12-7-11-4-9-0-15-1-13-2-5,failed,16,10,6,0,149,33,9,I0-I1:3;I0-I2:4;I0-I8:7;I0-I9:2;I0-I13:2;I1-I2:4;I1-I3:2;I1-I7:2;I1-I8:2;I1-I9:2;I1-I13:2;I2-I3:9;I2-I7:5;I2-I9:5;I2-I11:8;I2-I13:5;I3-I7:8;I3-I9:5;I3-I11:4;I3-I13:2;I7-I9:3;I7-I10:3;I7-I11:4;I7-I13:2;I8-I9:8;I8-I10:5;I8-I11:4;I8-I13:8;I9-I10:3;I9-I11:4;I9-I13:4;I10-I11:8;I10-I13:2,19920.000000,23022.017462,3102.017462,6.582096,9.784456,3.202361,2.427203,8.0,3.5,4.0,6.0,10.0,20.0,16.0,48.0,80.0,200.0,False,0.002,0.005,0.1,0.0,0.0,0.0,8000,4000,8,4,37.0,12,105.0,36.0,20.0,785.000000,86,3,3,True,True,16,physical,4,43,151.322003,0.375
padded_benes_16x16,default,3-13-8-1-2-15-4-10-14-0-6-5-11-12-7-9,failed,16,8,8,0,84,23,9,I0-I2:2;I0-I5:2;I0-I13:2;I0-I14:2;I2-I3:3;I2-I5:6;I2-I6:3;I2-I12:2;I2-I13:4;I3-I5:2;I3-I6:4;I3-I13:2;I3-I14:2;I5-I6:7;I5-I12:3;I5-I13:9;I5-I14:3;I6-I12:2;I6-I13:2;I6-I14:6;I12-I13:4;I12-I14:5;I13-I14:5,19920.000000,18402.721060,-1517.278940,6.530763,9.926662,3.395899,1.441305,8.0,3.5,4.0,6.0,10.0,20.0,16.0,48.0,80.0,200.0,False,0.002,0.005,0.1,0.0,0.0,0.0,8000,4000,8,4,37.0,12,105.0,36.0,20.0,785.000000,106,3,3,True,True,16,physical,5,43,199.979620,0.5
padded_benes_16x16,default,14-2-3-13-5-10-11-0-7-6-8-1-15-12-9-4,failed,16,7,9,0,56,15,6,I1-I2:6;I1-I4:4;I1-I5:2;I2-I4:4;I2-I5:4;I2-I8:2;I2-I13:2;I4-I5:4;I4-I8:6;I4-I13:2;I5-I10:5;I5-I13:2;I8-I10:6;I8-I13:2;I10-I13:4,19920.000000,15463.371519,-4456.628481,6.802096,7.410662,0.608566,0.844678,8.0,3.5,4.0,6.0,10.0,20.0,16.0,48.0,80.0,200.0,False,0.002,0.005,0.1,0.0,0.0,0.0,8000,4000,8,4,37.0,12,105.0,36.0,20.0,785.000000,81,3,3,True,True,16,physical,6,43,167.198994,0.5625
padded_benes_16x16,default,14-3-2-15-9-12-0-6-5-13-4-7-8-11-1-10,failed,16,8,8,0,76,21,8,I1-I2:7;I1-I6:3;I1-I7:4;I1-I9:2;I2-I6:5;I2-I7:4;I2-I9:2;I6-I7:8;I6-I9:2;I6-I10:2;I6-I13:2;I6-I14:4;I7-I9:2;I7-I10:3;I7-I13:2;I9-I10:3;I9-I13:3;I9-I14:3;I10-I13:2;I10-I14:5;I13-I14:5,19920.000000,18014.867078,-1905.132922,6.691430,8.421913,1.730483,1.045717,8.0,3.5,4.0,6.0,10.0,20.0,16.0,48.0,80.0,200.0,False,0.002,0.005,0.1,0.0,0.0,0.0,8000,4000,8,4,37.0,12,105.0,36.0,20.0,785.000000,117,3,3,True,True,16,physical,7,43,228.760533,0.5
padded_benes_16x16,default,8-13-7-1-0-2-14-5-11-15-4-6-9-10-3-12,failed,16,7,9,0,69,18,7,I0-I3:3;I0-I4:5;I0-I5:3;I0-I8:4;I0-I10:3;I0-I13:4;I3-I4:7;I3-I5:4;I3-I8:2;I3-I10:6;I4-I5:6;I4-I8:2;I4-I10:2;I5-I8:2;I5-I10:2;I8-I10:3;I8-I13:7;I10-I13:4,19920.000000,15108.831702,-4811.168298,6.863430,7.454793,0.591363,0.944238,8.0,3.5,4.0,6.0,10.0,20.0,16.0,48.0,80.0,200.0,False,0.002,0.005,0.1,0.0,0.0,0.0,8000,4000,8,4,37.0,12,105.0,36.0,20.0,785.000000,84,3,3,True,True,16,physical,8,43,141.891420,0.5625
padded_benes_16x16,default,7-2-12-9-8-15-1-5-13-4-3-10-0-14-11-6,failed,16,8,8,0,87,24,9,I0-I1:3;I0-I3:2;I0-I5:2;I0-I7:5;I0-I13:2;I0-I15:7;I1-I3:4;I1-I5:2;I1-I7:2;I1-I13:2;I3-I5:4;I3-I7:3;I3-I11:4;I3-I13:4;I5-I7:9;I5-I11:7;I5-I13:5;I5-I15:3;I7-I11:2;I7-I13:2;I7-I15:4;I11-I13:2;I11-I15:3;I13-I15:3,19920.000000,19270.836068,-649.163932,6.802096,9.444326,2.642230,1.874584,8.0,3.5,4.0,6.0,10.0,20.0,16.0,48.0,80.0,200.0,False,0.002,0.005,0.1,0.0,0.0,0.0,8000,4000,8,4,37.0,12,105.0,36.0,20.0,785.000000,81,3,3,True,True,16,physical,9,43,140.552381,0.5
waksman_16x16,default,9-8-13-0-6-3-14-10-15-5-7-2-12-11-4-1,failed,16,8,8,0,78,21,6,I1-I5:3;I1-I7:4;I1-I12:2;I1-I13:2;I1-I15:5;I4-I5:5;I4-I9:5;I4-I13:2;I5-I7:4;I5-I9:2;I5-I12:2;I5-I13:2;I5-I15:3;I7-I12:2;I7-I13:6;I9-I12:2;I9-I13:4;I9-I15:5;I12-I13:3;I12-I15:5;I13-I15:5,18968.000000,17533.990968,-1434.009032,7.002096,8.381995,1.379899,1.332748,8.0,3.5,4.0,6.0,10.0,20.0,16.0,48.0,80.0,200.0,False,0.002,0.005,0.1,0.0,0.0,0.0,8000,4000,8,4,37.0,12,105.0,36.0,20.0,785.000000,74,3,3,True,True,16,physical,0,43,159.868631,0.5
waksman_16x16,default,4-14-5-7-3-12-10-1-0-2-15-6-8-13-9-11,failed,16,8,8,0,77,21,7,I0-I2:4;I0-I3:4;I0-I4:3;I0-I7:3;I2-I3:6;I2-I4:3;I2-I7:7;I2-I8:3;I2-I13:2;I2-I15:2;I3-I4:3;I3-I7:3;I3-I15:4;I4-I7:5;I4-I8:3;I4-I15:2;I7-I8:5;I7-I13:2;I7-I15:4;I8-I13:4;I8-I15:2,18968.000000,16676.517537,-2291.482463,6.499430,9.073164,2.573734,1.194504,8.0,3.5,4.0,6.0,10.0,20.0,16.0,48.0,80.0,200.0,False,0.002,0.005,0.1,0.0,0.0,0.0,8000,4000,8,4,37.0,12,105.0,36.0,20.0,785.000000,80,3,3,True,True,16,physical,1,43,170.212608,0.5
waksman_16x16,default,1-10-3-5-11-7-0-13-14-4-8-9-6-12-2-15,failed,16,7,9,0,59,16,10,I0-I3:4;I0-I10:2;I0-I14:2;I3-I9:5;I3-I10:2;I3-I13:2;I3-I14:3;I3-I15:2;I9-I10:6;I9-I13:4;I9-I14:3;I9-I15:2;I10-I13:2;I13-I14:3;I13-I15:6;I14-I15:10,18968.000000,14360.482162,-4607.517838,6.474096,7.482414,1.008319,1.106852,8.0,3.5,4.0,6.0,10.0,20.0,16.0,48.0,80.0,200.0,False,0.002,0.005,0.1,0.0,0.0,0.0,8000,4000,8,4,37.0,12,105.0,36.0,20.0,785.000000,92,3,3,True,True,16,physical,2,43,171.085580,0.5625
waksman_16x16,default,11-15-7-2-3-13-6-10-0-12-9-8-1-14-4-5,failed,16,8,8,0,81,22,7,I1-I2:3;I1-I6:3;I1-I7:3;I1-I12:3;I2-I3:5;I2-I6:7;I2-I7:2;I2-I10:2;I2-I12:3;I3-I6:4;I3-I7:2;I3-I10:2;I3-I12:5;I6-I7:6;I6-I10:2;I6-I13:2;I7-I10:3;I7-I12:3;I7-I13:2;I10-I12:3;I10-I13:6;I12-I13:6,18968.000000,17244.619298,-1723.380702,6.427430,7.628290,1.200861,1.357655,8.0,3.5,4.0,6.0,10.0,20.0,16.0,48.0,80.0,200.0,False,0.002,0.005,0.1,0.0,0.0,0.0,8000,4000,8,4,37.0,12,105.0,36.0,20.0,785.000000,103,3,3,True,True,16,physical,3,43,173.867645,0.5
waksman_16x16,default,6-3-14-10-8-12-7-11-4-9-0-15-1-13-2-5,failed,16,7,9,0,55,15,7,I1-I5:2;I1-I9:2;I5-I6:5;I5-I9:3;I5-I13:2;I6-I8:7;I6-I9:2;I6-I10:3;I6-I13:2;I8-I9:4;I8-I10:3;I8-I13:4;I9-I10:5;I9-I13:6;I10-I13:2,18968.000000,15025.606051,-3942.393949,6.355430,8.127707,1.772278,0.990887,8.0,3.5,4.0,6.0,10.0,20.0,16.0,48.0,80.0,200.0,False,0.002,0.005,0.1,0.0,0.0,0.0,8000,4000,8,4,37.0,12,105.0,36.0,20.0,785.000000,86,3,3,True,True,16,physical,4,43,147.074011,0.5625
waksman_16x16,default,3-13-8-1-2-15-4-10-14-0-6-5-11-12-7-9,failed,16,10,6,0,117,36,6,I0-I1:4;I0-I2:4;I0-I3:5;I0-I4:3;I0-I6:4;I0-I7:2;I0-I9:3;I0-I12:2;I0-I13:2;I1-I2:5;I1-I3:3;I1-I6:3;I1-I7:3;I1-I13:5;I2-I3:5;I2-I4:3;I2-I6:3;I2-I7:4;I2-I12:2;I2-I13:2;I3-I4:2;I3-I6:4;I3-I7:2;I3-I9:3;I3-I12:2;I4-I6:4;I4-I12:2;I6-I7:6;I6-I9:3;I6-I12:2;I6-I13:2;I7-I12:2;I7-I13:2;I9-I12:2;I9-I13:2;I12-I13:4,18968.000000,20231.756435,1263.756435,6.722096,8.140628,1.418532,1.382251,8.0,3.5,4.0,6.0,10.0,20.0,16.0,48.0,80.0,200.0,False,0.002,0.005,0.1,0.0,0.0,0.0,8000,4000,8,4,37.0,12,105.0,36.0,20.0,785.000000,75,3,3,True,True,16,physical,5,43,166.211273,0.375
waksman_16x16,default,14-2-3-13-5-10-11-0-7-6-8-1-15-12-9-4,failed,16,8,8,0,78,24,6,I1-I2:4;I1-I3:4;I1-I4:2;I1-I5:2;I1-I8:2;I1-I13:2;I1-I15:6;I2-I3:4;I2-I4:4;I2-I5:2;I2-I8:2;I2-I13:2;I2-I15:2;I3-I5:3;I3-I13:3;I4-I5:6;I4-I8:2;I4-I15:3;I5-I8:3;I5-I13:2;I5-I15:3;I8-I13:2;I8-I15:5;I13-I15:5,18968.000000,17117.552913,-1850.447087,7.002096,8.384497,1.382402,1.123013,8.0,3.5,4.0,6.0,10.0,20.0,16.0,48.0,80.0,200.0,False,0.002,0.005,0.1,0.0,0.0,0.0,8000,4000,8,4,37.0,12,105.0,36.0,20.0,785.000000,98,3,3,True,True,16,physical,6,43,218.077537,0.5
waksman_16x16,default,14-3-2-15-9-12-0-6-5-13-4-7-8-11-1-10,failed,16,10,6,0,111,32,7,I1-I2:3;I1-I3:2;I1-I5:2;I1-I7:4;I1-I8:2;I1-I12:2;I1-I13:2;I2-I3:4;I2-I5:2;I2-I7:4;I2-I8:2;I2-I12:2;I2-I13:2;I3-I5:3;I3-I7:3;I5-I6:3;I5-I7:3;I6-I7:6;I6-I8:2;I6-I10:4;I6-I12:4;I6-I13:4;I7-I8:5;I7-I10:3;I7-I12:2;I7-I13:2;I8-I10:7;I8-I12:2;I8-I13:2;I10-I12:2;I10-I13:4;I12-I13:6,18968.000000,20429.172362,1461.172362,6.606763,8.297418,1.690655,1.254934,8.0,3.5,4.0,6.0,10.0,20.0,16.0,48.0,80.0,200.0,False,0.002,0.005,0.1,0.0,0.0,0.0,8000,4000,8,4,37.0,12,105.0,36.0,20.0,785.000000,77,3,3,True,True,16,physical,7,43,171.952251,0.375
waksman_16x16,default,8-13-7-1-0-2-14-5-11-15-4-6-9-10-3-12,failed,16,7,9,0,73,16,11,I2-I3:7;I2-I6:4;I2-I7:9;I2-I8:4;I3-I6:2;I3-I7:4;I3-I8:2;I3-I14:4;I6-I7:11;I6-I8:3;I7-I8:2;I7-I14:5;I7-I15:2;I8-I14:3;I8-I15:2;I14-I15:6,18968.000000,16202.247629,-2765.752371,6.522763,9.212168,2.689405,1.734928,8.0,3.5,4.0,6.0,10.0,20.0,16.0,48.0,80.0,200.0,False,0.002,0.005,0.1,0.0,0.0,0.0,8000,4000,8,4,37.0,12,105.0,36.0,20.0,785.000000,96,3,3,True,True,16,physical,8,43,174.609259,0.5625
waksman_16x16,default,7-2-12-9-8-15-1-5-13-4-3-10-0-14-11-6,failed,16,6,10,0,30,8,6,I1-I2:2;I1-I7:4;I1-I11:2;I2-I7:5;I2-I13:4;I6-I7:6;I7-I11:2;I11-I13:2,18968.000000,12107.468915,-6860.531085,6.576097,7.418752,0.842655,0.311156,8.0,3.5,4.0,6.0,10.0,20.0,16.0,48.0,80.0,200.0,False,0.002,0.005,0.1,0.0,0.0,0.0,8000,4000,8,4,37.0,12,105.0,36.0,20.0,785.000000,85,3,3,True,True,16,physical,9,43,127.171281,0.625
spanke_benes_16x16,default,9-8-13-0-6-3-14-10-15-5-7-2-12-11-4-1,routed,16,16,0,0,172,20,13,I0-I1:13;I0-I2:4;I0-I7:8;I1-I4:7;I1-I10:5;I2-I6:4;I2-I7:3;I3-I4:2;I3-I5:12;I3-I11:8;I3-I15:2;I4-I5:7;I4-I9:7;I4-I10:6;I5-I9:8;I5-I11:7;I5-I14:2;I6-I8:2;I7-I12:2;I7-I13:2,55080.000000,81997.282552,26917.282552,8.196222,17.831443,9.635221,5.811535,8.0,3.5,4.0,6.0,10.0,20.0,16.0,48.0,80.0,200.0,False,0.002,0.005,0.1,0.0,0.0,0.0,8000,4000,8,4,37.0,12,105.0,36.0,20.0,3095.000000,53,3,1,True,False,16,physical,0,43,140.711394,0.0
spanke_benes_16x16,default,4-14-5-7-3-12-10-1-0-2-15-6-8-13-9-11,routed,16,16,0,0,197,21,20,I0-I1:2;I0-I2:20;I0-I4:17;I1-I5:3;I1-I10:2;I2-I3:8;I2-I11:10;I3-I5:2;I3-I6:4;I3-I11:9;I3-I12:8;I4-I9:15;I5-I6:5;I5-I13:2;I6-I12:3;I6-I14:3;I6-I15:4;I7-I8:15;I7-I9:14;I12-I14:4;I14-I15:4,55080.000000,83075.764864,27995.764864,8.261855,18.875908,10.614053,6.253533,8.0,3.5,4.0,6.0,10.0,20.0,16.0,48.0,80.0,200.0,False,0.002,0.005,0.1,0.0,0.0,0.0,8000,4000,8,4,37.0,12,105.0,36.0,20.0,3095.000000,76,3,1,True,False,16,physical,1,43,178.623000,0.0
spanke_benes_16x16,default,1-10-3-5-11-7-0-13-14-4-8-9-6-12-2-15,failed,16,15,1,0,183,21,22,I0-I1:2;I0-I2:22;I0-I6:19;I1-I3:3;I1-I4:12;I1-I5:5;I1-I11:5;I2-I3:10;I2-I9:12;I3-I5:10;I3-I9:11;I3-I12:6;I4-I7:4;I4-I13:4;I5-I10:8;I5-I12:5;I7-I8:4;I7-I13:3;I7-I15:2;I8-I15:4;I10-I11:6,55080.000000,78096.446334,23016.446334,8.393122,19.468591,11.075469,6.257593,8.0,3.5,4.0,6.0,10.0,20.0,16.0,48.0,80.0,200.0,False,0.002,0.005,0.1,0.0,0.0,0.0,8000,4000,8,4,37.0,12,105.0,36.0,20.0,3095.000000,84,3,4,True,True,16,physical,2,43,224.296632,0.0625
spanke_benes_16x16,default,11-15-7-2-3-13-6-10-0-12-9-8-1-14-4-5,routed,16,16,0,0,171,21,20,I0-I1:2;I0-I2:3;I0-I5:2;I0-I7:5;I0-I9:4;I2-I4:3;I2-I6:11;I2-I7:4;I2-I10:2;I2-I11:4;I3-I4:20;I3-I8:7;I3-I12:7;I4-I6:12;I4-I14:4;I5-I9:3;I5-I13:2;I7-I10:3;I8-I12:8;I10-I11:3;I14-I15:2,55080.000000,82103.530332,27023.530332,8.261855,18.650492,10.388637,5.816066,8.0,3.5,4.0,6.0,10.0,20.0,16.0,48.0,80.0,200.0,False,0.002,0.005,0.1,0.0,0.0,0.0,8000,4000,8,4,37.0,12,105.0,36.0,20.0,3095.000000,54,3,1,True,False,16,physical,3,43,128.706173,0.0
spanke_benes_16x16,default,6-3-14-10-8-12-7-11-4-9-0-15-1-13-2-5,routed,16,16,0,0,177,24,13,I0-I1:13;I0-I2:2;I0-I3:2;I0-I4:4;I0-I6:10;I0-I8:7;I1-I8:10;I1-I10:3;I1-I12:3;I1-I14:5;I1-I15:2;I2-I5:3;I2-I11:2;I3-I4:5;I3-I5:2;I3-I7:6;I3-I9:5;I4-I6:9;I4-I9:6;I5-I7:5;I5-I13:2;I8-I15:2;I10-I12:8;I12-I14:4,55080.000000,82206.698479,27126.698479,8.249188,18.274533,10.025345,5.901462,8.0,3.5,4.0,6.0,10.0,20.0,16.0,48.0,80.0,200.0,False,0.002,0.005,0.1,0.0,0.0,0.0,8000,4000,8,4,37.0,12,105.0,36.0,20.0,3095.000000,57,3,1,True,False,16,physical,4,43,147.156964,0.0
spanke_benes_16x16,default,3-13-8-1-2-15-4-10-14-0-6-5-11-12-7-9,routed,16,16,0,0,192,23,22,I0-I1:2;I0-I2:4;I0-I4:21;I0-I6:18;I0-I11:2;I1-I2:3;I1-I5:2;I1-I7:3;I1-I8:2;I2-I6:5;I2-I7:8;I2-I10:5;I2-I14:3;I2-I15:2;I3-I4:22;I3-I9:13;I6-I10:2;I6-I11:10;I7-I12:4;I10-I11:9;I10-I14:4;I11-I14:2;I12-I13:2,55080.000000,83187.866626,28107.866626,8.327488,19.254456,10.926968,6.209108,8.0,3.5,4.0,6.0,10.0,20.0,16.0,48.0,80.0,200.0,False,0.002,0.005,0.1,0.0,0.0,0.0,8000,4000,8,4,37.0,12,105.0,36.0,20.0,3095.000000,73,3,1,True,False,16,physical,5,43,182.124577,0.0
spanke_benes_16x16,default,14-2-3-13-5-10-11-0-7-6-8-1-15-12-9-4,routed,16,16,0,0,181,19,24,I0-I3:3;I0-I12:2;I1-I2:24;I1-I7:7;I1-I11:9;I2-I3:2;I2-I4:18;I2-I15:2;I3-I6:3;I4-I5:4;I4-I8:2;I4-I9:10;I5-I6:6;I5-I10:5;I6-I13:2;I7-I11:10;I8-I9:9;I8-I10:8;I10-I14:2,55080.000000,82266.494956,27186.494956,8.393122,19.956591,11.563469,5.950812,8.0,3.5,4.0,6.0,10.0,20.0,16.0,48.0,80.0,200.0,False,0.002,0.005,0.1,0.0,0.0,0.0,8000,4000,8,4,37.0,12,105.0,36.0,20.0,3095.000000,63,3,1,True,False,16,physical,6,43,147.763283,0.0
spanke_benes_16x16,default,14-3-2-15-9-12-0-6-5-13-4-7-8-11-1-10,routed,16,16,0,0,177,20,23,I0-I1:3;I0-I3:2;I1-I2:23;I1-I4:4;I1-I7:2;I1-I8:4;I1-I10:10;I2-I6:15;I2-I14:3;I4-I5:4;I4-I7:3;I4-I12:5;I4-I13:2;I4-I15:2;I5-I9:2;I6-I14:4;I7-I8:11;I7-I11:8;I8-I10:9;I11-I12:6,55080.000000,82685.632093,27605.632093,8.324455,19.407924,11.083469,5.967892,8.0,3.5,4.0,6.0,10.0,20.0,16.0,48.0,80.0,200.0,False,0.002,0.005,0.1,0.0,0.0,0.0,8000,4000,8,4,37.0,12,105.0,36.0,20.0,3095.000000,62,3,1,True,False,16,physical,7,43,170.083692,0.0
spanke_benes_16x16,default,8-13-7-1-0-2-14-5-11-15-4-6-9-10-3-12,failed,16,15,1,0,174,20,23,I0-I1:4;I0-I2:13;I0-I8:4;I0-I12:8;I1-I6:4;I1-I8:3;I2-I5:3;I2-I7:5;I2-I11:7;I2-I12:2;I3-I4:23;I3-I5:22;I5-I7:6;I5-I10:8;I6-I9:2;I7-I10:9;I7-I11:8;I8-I13:3;I8-I15:2;I12-I13:4,55080.000000,78002.065783,22922.065783,8.324455,19.350508,11.026053,6.131275,8.0,3.5,4.0,6.0,10.0,20.0,16.0,48.0,80.0,200.0,False,0.002,0.005,0.1,0.0,0.0,0.0,8000,4000,8,4,37.0,12,105.0,36.0,20.0,3095.000000,73,3,4,True,True,16,physical,8,43,185.707278,0.0625
spanke_benes_16x16,default,7-2-12-9-8-15-1-5-13-4-3-10-0-14-11-6,routed,16,16,0,0,182,22,17,I0-I1:9;I0-I2:2;I0-I3:2;I0-I4:12;I0-I7:9;I1-I6:17;I1-I7:4;I1-I9:2;I1-I10:10;I2-I3:5;I2-I5:2;I2-I8:4;I2-I11:3;I3-I4:11;I3-I11:6;I6-I10:2;I6-I12:7;I7-I9:9;I7-I15:2;I8-I13:2;I9-I10:9;I11-I14:2,55080.000000,82606.844497,27526.844497,8.183555,17.794316,9.610761,6.013668,8.0,3.5,4.0,6.0,10.0,20.0,16.0,48.0,80.0,200.0,False,0.002,0.005,0.1,0.0,0.0,0.0,8000,4000,8,4,37.0,12,105.0,36.0,20.0,3095.000000,63,3,1,True,False,16,physical,9,43,141.321139,0.0
spanke_benes_rect_16x16,default,9-8-13-0-6-3-14-10-15-5-7-2-12-11-4-1,routed,16,16,0,0,174,22,11,I0-I1:7;I0-I7:8;I1-I10:7;I2-I6:6;I2-I12:5;I3-I5:6;I3-I11:4;I3-I15:2;I4-I5:3;I4-I7:2;I4-I9:7;I4-I10:6;I5-I9:4;I5-I11:5;I5-I14:4;I6-I8:10;I6-I12:3;I7-I13:8;I9-I14:3;I10-I13:2;I11-I15:3;I12-I13:11,33240.000000,61338.039138,28098.039138,4.994121,11.549557,6.555436,6.008192,8.0,3.5,4.0,6.0,10.0,20.0,16.0,48.0,80.0,200.0,False,0.002,0.005,0.1,0.0,0.0,0.0,8000,4000,8,4,37.0,12,105.0,36.0,20.0,1730.000000,60,3,1,True,False,16,physical,0,43,124.163699,0.0
spanke_benes_rect_16x16,default,4-14-5-7-3-12-10-1-0-2-15-6-8-13-9-11,routed,16,16,0,0,191,25,10,I0-I1:2;I0-I2:10;I0-I4:9;I1-I10:2;I1-I13:3;I2-I3:2;I2-I11:10;I3-I11:9;I3-I12:10;I4-I5:2;I4-I9:7;I5-I13:6;I5-I15:7;I6-I14:9;I6-I15:10;I7-I8:7;I7-I9:8;I8-I9:2;I9-I11:2;I10-I13:9;I11-I12:2;I12-I13:2;I12-I14:10;I13-I15:5;I14-I15:4,33240.000000,62247.733854,29007.733854,5.006788,11.812888,6.806099,6.322217,8.0,3.5,4.0,6.0,10.0,20.0,16.0,48.0,80.0,200.0,False,0.002,0.005,0.1,0.0,0.0,0.0,8000,4000,8,4,37.0,12,105.0,36.0,20.0,1730.000000,79,3,1,True,False,16,physical,1,43,148.552478,0.0
spanke_benes_rect_16x16,default,1-10-3-5-11-7-0-13-14-4-8-9-6-12-2-15,routed,16,16,0,0,201,25,12,I0-I1:2;I0-I2:10;I0-I6:9;I0-I14:4;I1-I4:8;I1-I11:7;I2-I3:4;I2-I9:10;I2-I14:3;I3-I5:4;I3-I9:9;I3-I12:8;I4-I11:3;I4-I13:10;I5-I10:10;I5-I12:7;I6-I7:2;I7-I8:10;I7-I13:9;I8-I15:12;I10-I11:10;I11-I13:2;I12-I13:2;I13-I15:6;I14-I15:2,33240.000000,62397.822369,29157.822369,4.955456,12.153105,7.197649,6.457228,8.0,3.5,4.0,6.0,10.0,20.0,16.0,48.0,80.0,200.0,False,0.002,0.005,0.1,0.0,0.0,0.0,8000,4000,8,4,37.0,12,105.0,36.0,20.0,1730.000000,80,3,1,True,False,16,physical,2,43,140.691180,0.0
spanke_benes_rect_16x16,default,11-15-7-2-3-13-6-10-0-12-9-8-1-14-4-5,routed,16,16,0,0,173,24,10,I0-I1:2;I0-I7:3;I0-I9:4;I2-I6:7;I2-I11:8;I3-I4:10;I3-I8:3;I3-I12:5;I4-I5:2;I4-I6:4;I4-I14:6;I5-I9:5;I5-I13:8;I6-I7:2;I6-I15:5;I7-I9:4;I7-I10:7;I8-I9:2;I8-I12:4;I9-I13:4;I10-I11:7;I10-I13:2;I12-I13:2;I14-I15:6,33240.000000,61449.163028,28209.163028,4.941155,11.736719,6.795564,6.011458,8.0,3.5,4.0,6.0,10.0,20.0,16.0,48.0,80.0,200.0,False,0.002,0.005,0.1,0.0,0.0,0.0,8000,4000,8,4,37.0,12,105.0,36.0,20.0,1730.000000,55,3,1,True,False,16,physical,3,43,104.705565,0.0
spanke_benes_rect_16x16,default,6-3-14-10-8-12-7-11-4-9-0-15-1-13-2-5,routed,16,16,0,0,173,27,7,I0-I1:7;I0-I3:2;I0-I4:2;I0-I6:6;I0-I15:5;I1-I8:6;I1-I14:3;I2-I11:4;I2-I13:5;I3-I7:6;I3-I9:7;I4-I5:2;I4-I6:7;I4-I9:6;I5-I7:7;I5-I13:6;I6-I7:2;I7-I13:2;I8-I9:2;I8-I15:4;I9-I13:2;I10-I11:2;I10-I12:4;I11-I13:7;I12-I13:2;I12-I14:4;I14-I15:2,33240.000000,61423.207285,28183.207285,4.955456,11.520430,6.564975,6.003838,8.0,3.5,4.0,6.0,10.0,20.0,16.0,48.0,80.0,200.0,False,0.002,0.005,0.1,0.0,0.0,0.0,8000,4000,8,4,37.0,12,105.0,36.0,20.0,1730.000000,59,3,1,True,False,16,physical,4,43,113.718894,0.0
spanke_benes_rect_16x16,default,3-13-8-1-2-15-4-10-14-0-6-5-11-12-7-9,routed,16,16,0,0,188,21,12,I0-I1:2;I0-I4:11;I0-I6:12;I1-I8:4;I1-I13:3;I2-I14:9;I2-I15:8;I3-I4:12;I3-I9:7;I4-I5:2;I5-I8:5;I6-I7:2;I6-I11:10;I7-I12:8;I7-I15:9;I8-I13:5;I10-I11:11;I10-I12:2;I10-I14:8;I12-I13:12;I14-I15:2,33240.000000,62137.543579,28897.543579,4.955456,11.766891,6.811436,6.275630,8.0,3.5,4.0,6.0,10.0,20.0,16.0,48.0,80.0,200.0,False,0.002,0.005,0.1,0.0,0.0,0.0,8000,4000,8,4,37.0,12,105.0,36.0,20.0,1730.000000,77,3,1,True,False,16,physical,5,43,161.824707,0.0
spanke_benes_rect_16x16,default,14-2-3-13-5-10-11-0-7-6-8-1-15-12-9-4,routed,16,16,0,0,181,23,12,I0-I3:3;I0-I12:2;I1-I2:12;I1-I7:3;I1-I11:7;I2-I3:2;I2-I4:6;I2-I15:6;I3-I12:2;I3-I13:3;I4-I5:2;I4-I9:10;I4-I15:5;I5-I6:6;I5-I14:7;I6-I13:8;I7-I11:6;I8-I9:9;I8-I10:10;I10-I13:2;I10-I14:8;I12-I13:9;I13-I14:3,33240.000000,61478.902001,28238.902001,4.994121,11.529565,6.535444,6.098613,8.0,3.5,4.0,6.0,10.0,20.0,16.0,48.0,80.0,200.0,False,0.002,0.005,0.1,0.0,0.0,0.0,8000,4000,8,4,37.0,12,105.0,36.0,20.0,1730.000000,66,3,1,True,False,16,physical,6,43,116.974180,0.0
spanke_benes_rect_16x16,default,14-3-2-15-9-12-0-6-5-13-4-7-8-11-1-10,routed,16,16,0,0,177,27,11,I0-I3:2;I0-I9:3;I1-I2:11;I1-I4:2;I1-I8:2;I1-I10:8;I2-I3:2;I2-I6:7;I2-I14:3;I4-I5:2;I4-I12:5;I4-I15:6;I5-I9:4;I5-I13:5;I6-I7:2;I6-I14:2;I7-I8:9;I7-I11:8;I8-I9:2;I8-I10:7;I9-I13:3;I10-I11:2;I11-I12:10;I12-I13:2;I12-I15:4;I13-I15:9;I14-I15:2,33240.000000,61826.331175,28586.331175,4.994121,11.767839,6.773718,6.106104,8.0,3.5,4.0,6.0,10.0,20.0,16.0,48.0,80.0,200.0,False,0.002,0.005,0.1,0.0,0.0,0.0,8000,4000,8,4,37.0,12,105.0,36.0,20.0,1730.000000,66,3,1,True,False,16,physical,7,43,116.226055,0.0
spanke_benes_rect_16x16,default,8-13-7-1-0-2-14-5-11-15-4-6-9-10-3-12,routed,16,16,0,0,191,27,12,I0-I1:2;I0-I2:7;I0-I12:6;I1-I6:4;I1-I15:3;I2-I11:7;I2-I12:2;I3-I4:11;I3-I5:12;I4-I5:2;I5-I7:4;I5-I10:4;I5-I14:4;I6-I9:10;I6-I15:5;I7-I8:2;I7-I10:7;I7-I11:8;I8-I9:2;I8-I13:7;I8-I15:8;I10-I11:2;I10-I14:5;I11-I12:2;I12-I13:12;I13-I15:6;I14-I15:2,33240.000000,62323.689597,29083.689597,4.955456,12.045187,7.089731,6.336086,8.0,3.5,4.0,6.0,10.0,20.0,16.0,48.0,80.0,200.0,False,0.002,0.005,0.1,0.0,0.0,0.0,8000,4000,8,4,37.0,12,105.0,36.0,20.0,1730.000000,75,3,1,True,False,16,physical,8,43,140.567399,0.0
spanke_benes_rect_16x16,default,7-2-12-9-8-15-1-5-13-4-3-10-0-14-11-6,routed,16,16,0,0,180,25,10,I0-I1:5;I0-I3:2;I0-I4:8;I0-I15:5;I1-I6:9;I1-I9:2;I1-I10:6;I2-I8:6;I2-I14:7;I3-I4:7;I3-I11:8;I4-I5:2;I5-I13:5;I6-I7:2;I6-I12:3;I7-I9:7;I7-I15:8;I8-I13:10;I8-I14:3;I9-I10:7;I10-I11:2;I11-I14:10;I11-I15:3;I12-I13:2;I13-I14:3,33240.000000,61655.397561,28415.397561,4.929457,11.575771,6.646314,6.115675,8.0,3.5,4.0,6.0,10.0,20.0,16.0,48.0,80.0,200.0,False,0.002,0.005,0.1,0.0,0.0,0.0,8000,4000,8,4,37.0,12,105.0,36.0,20.0,1730.000000,67,3,1,True,False,16,physical,9,43,126.276768,0.0
